source,length_tercile,current_step,n,mean_predicted_p,observed_rate,mean_bias
hermes,long,1,3563,0.5895059350065811,0.47544204322200395,0.11406389178457715
hermes,long,2,3563,0.5895059350065811,0.47544204322200395,0.11406389178457715
hermes,long,3,3507,0.6530301969060861,0.4998574280011406,0.15317276890494552
hermes,long,4,3459,0.647997311877265,0.4943625325238508,0.15363477935341413
hermes,long,5,3034,0.5972679335630159,0.42419248516809493,0.17307544839492095
hermes,long,6,3048,0.5987768881533704,0.4271653543307087,0.1716115338226617
hermes,long,7,3013,0.5939966137523998,0.4284766013939595,0.16552001235844027
hermes,long,8,3006,0.5938225300812817,0.4301397205588822,0.1636828095223995
hermes,long,9,2942,0.5870903828335168,0.42861998640380694,0.15847039642970984
hermes,long,10,2960,0.5905457858588821,0.43243243243243246,0.1581133534264496
hermes,long,11,2905,0.590932379374765,0.43029259896729777,0.16063978040746718
hermes,long,12,2856,0.5852493307240453,0.42471988795518206,0.16052944276886322
hermes,long,13,2816,0.5979429454151448,0.42720170454545453,0.17074124086969028
hermes,long,14,2798,0.5965402539341987,0.42887776983559683,0.1676624840986019
hermes,long,15,2775,0.5965692461058227,0.4407207207207207,0.15584852538510202
hermes,long,16,2720,0.589825545334138,0.4349264705882353,0.1548990747459027
hermes,long,17,2719,0.5941753796987248,0.4494299374770136,0.1447454422217112
hermes,long,18,2710,0.5945157808553193,0.45018450184501846,0.14433127901030085
hermes,long,19,2727,0.6052603056339604,0.46864686468646866,0.13661344094749173
hermes,long,20,2699,0.6021150265311784,0.4649870322341608,0.1371279942970176
hermes,long,21,2702,0.6059216586687294,0.4859363434492968,0.11998531521943256
hermes,long,22,2594,0.5919499542584996,0.4710871241326137,0.12086283012588589
hermes,long,23,2623,0.5985571941709581,0.5013343499809378,0.09722284419002025
hermes,long,24,2514,0.5826427135352117,0.48528241845664283,0.09736029507856886
hermes,long,25,2539,0.5925953610667105,0.520677432059866,0.07191792900684446
hermes,long,26,2510,0.5889379803965874,0.5207171314741036,0.06822084892248381
hermes,long,27,2544,0.6009803320886933,0.5518867924528302,0.04909353963586305
hermes,long,28,2537,0.6018082217535545,0.5573512022073315,0.04445701954622305
hermes,long,29,2551,0.6099265118435516,0.5876127009016072,0.0223138109419444
hermes,long,30,2513,0.6047894550335448,0.5853561480302427,0.019433307003302036
hermes,long,31,2554,0.6191256911033106,0.6233359436178544,-0.004210252514543766
hermes,long,32,2318,0.581129768072658,0.5918895599654875,-0.010759791892829496
hermes,long,33,2304,0.5801553449751397,0.6158854166666666,-0.03573007169152698
hermes,long,34,2179,0.5831342228001097,0.5979807251032584,-0.014846502303148656
hermes,long,35,2109,0.580775199213739,0.6173541963015647,-0.03657899708782575
hermes,long,36,2024,0.583497064410962,0.6057312252964426,-0.02223416088548058
hermes,long,37,1983,0.5873788223736685,0.6348966212808875,-0.04751779890721908
hermes,long,38,1908,0.5855502909254164,0.6263102725366876,-0.040759981611271145
hermes,long,39,1901,0.5931759803396485,0.6559705418200947,-0.06279456148044626
hermes,long,40,1796,0.5905826613817703,0.6425389755011136,-0.051956314119343316
hermes,long,41,1774,0.5917781860634268,0.673055242390079,-0.08127705632665216
hermes,long,42,1728,0.5926308579501589,0.6684027777777778,-0.07577191982761888
hermes,long,43,1701,0.5914025136350491,0.7172251616696061,-0.125822648034557
hermes,long,44,1607,0.5924002030802423,0.7081518357187305,-0.1157516326384882
hermes,long,45,1594,0.5938398473352331,0.7446675031367629,-0.1508276558015298
hermes,long,46,1537,0.5955162596719473,0.7423552374756018,-0.1468389778036545
hermes,long,47,1528,0.605808461805218,0.7833769633507853,-0.17756850154556736
hermes,long,48,1281,0.5777917335208823,0.7486338797814208,-0.1708421462605385
hermes,long,49,1289,0.58990816616501,0.7866563227307991,-0.19674815656578915
hermes,long,50,1095,0.5920215559188877,0.7534246575342466,-0.16140310161535887
hermes,long,51,1077,0.5827334800498439,0.7688022284122563,-0.18606874836241238
hermes,long,52,1010,0.5797648630299204,0.7623762376237624,-0.18261137459384202
hermes,long,53,740,0.5803232361221582,0.7148648648648649,-0.1345416287427067
hermes,long,54,673,0.5832394831088928,0.6983655274888558,-0.11512604437996299
hermes,long,55,651,0.5781733652373917,0.7311827956989247,-0.15300943046153304
hermes,long,56,577,0.5715086714088027,0.707105719237435,-0.13559704782863236
hermes,long,57,544,0.5816788626218872,0.7169117647058824,-0.1352329020839952
hermes,long,58,500,0.5862646213315932,0.696,-0.10973537866840677
hermes,long,59,476,0.5936663713249213,0.7100840336134454,-0.11641766228852413
hermes,long,60,434,0.6014234730865161,0.6889400921658986,-0.08751661907938246
hermes,long,61,395,0.6000306529378687,0.6886075949367089,-0.08857694199884014
hermes,long,62,361,0.6022766995828229,0.667590027700831,-0.06531332811800805
hermes,long,63,341,0.5959738794200293,0.6744868035190615,-0.07851292409903221
hermes,long,64,330,0.612957319545558,0.6696969696969697,-0.05673965015141169
hermes,long,65,312,0.6241422836951026,0.6826923076923077,-0.0585500239972051
hermes,long,66,294,0.6325923100814029,0.6632653061224489,-0.030672996041046008
hermes,long,67,286,0.6271746697581357,0.6818181818181818,-0.05464351206004603
hermes,long,68,269,0.6340296634274912,0.6654275092936803,-0.0313978458661891
hermes,long,69,246,0.6138709744654557,0.6747967479674797,-0.060925773502023994
hermes,long,70,245,0.6154698308419935,0.6816326530612244,-0.06616282221923098
hermes,long,71,243,0.6048960382105978,0.7119341563786008,-0.10703811816800302
hermes,long,72,221,0.5961206874358692,0.6877828054298643,-0.09166211799399504
hermes,long,73,215,0.5984916635824628,0.7348837209302326,-0.13639205734776982
hermes,long,74,201,0.6062051650833007,0.7164179104477612,-0.11021274536446046
hermes,long,75,189,0.5855136194373477,0.7248677248677249,-0.13935410543037718
hermes,long,76,172,0.597292355401897,0.7267441860465116,-0.12945183064461463
hermes,long,77,154,0.5944003224870757,0.7727272727272727,-0.17832695024019696
hermes,long,78,136,0.5952660951766755,0.7426470588235294,-0.14738096364685394
hermes,long,79,128,0.5971512758083115,0.7890625,-0.1919112241916885
hermes,long,80,114,0.5986414619579977,0.7631578947368421,-0.16451643277884442
hermes,long,81,110,0.6165114014500206,0.7818181818181819,-0.16530678036816127
hermes,long,82,94,0.6271452705827557,0.7553191489361702,-0.12817387835341454
hermes,long,83,82,0.6296690923121506,0.7439024390243902,-0.11423334671223961
hermes,long,84,78,0.6119972483752386,0.7307692307692307,-0.11877198239399211
hermes,long,85,64,0.6081786074464904,0.703125,-0.09494639255350956
hermes,long,86,54,0.6152379225450156,0.7037037037037037,-0.08846578115868808
hermes,long,87,48,0.5922464354987514,0.7291666666666666,-0.13692023116791519
hermes,long,88,45,0.5942856790300913,0.7111111111111111,-0.11682543208101981
hermes,long,89,43,0.586943781727536,0.6976744186046512,-0.11073063687711515
hermes,long,90,43,0.5885109684866584,0.6976744186046512,-0.10916345011799278
hermes,long,91,43,0.5906736116011674,0.7441860465116279,-0.15351243491046052
hermes,long,92,43,0.5982000403530875,0.7441860465116279,-0.1459860061585404
hermes,long,93,43,0.5898307244272397,0.7674418604651163,-0.1776111360378766
hermes,long,94,43,0.5904671262115139,0.7674418604651163,-0.17697473425360244
hermes,long,95,46,0.6061523164366014,0.8695652173913043,-0.26341290095470293
hermes,long,96,42,0.621734623116877,0.8571428571428571,-0.2354082340259801
hermes,long,97,42,0.6165969978691106,0.9047619047619048,-0.28816490689279417
hermes,long,98,40,0.5895256504626559,0.9,-0.3104743495373441
hermes,long,99,40,0.5949752593218814,0.925,-0.3300247406781186
hermes,long,100,29,0.6061776868111405,0.9310344827586207,-0.3248567959474802
hermes,long,101,29,0.6125577357364141,0.9310344827586207,-0.3184767470222065
hermes,long,102,29,0.6177375284345318,0.9310344827586207,-0.3132969543240889
hermes,long,103,29,0.5794497530727915,0.9655172413793104,-0.38606748830651894
hermes,long,104,30,0.5738760681512222,0.9666666666666667,-0.3927905985154445
hermes,long,105,30,0.583176466302767,0.9666666666666667,-0.3834902003638997
hermes,long,106,23,0.5569668893080995,1.0,-0.44303311069190054
hermes,long,107,23,0.5606227196183432,1.0,-0.4393772803816568
hermes,long,108,17,0.5350855614459514,1.0,-0.46491443855404857
hermes,long,109,17,0.5441625757278513,1.0,-0.4558374242721487
hermes,long,110,17,0.553364542376838,1.0,-0.44663545762316204
hermes,long,111,11,0.48849117622380067,1.0,-0.5115088237761993
hermes,long,112,11,0.4919592503314094,1.0,-0.5080407496685906
hermes,long,113,11,0.4935577700395104,1.0,-0.5064422299604896
hermes,long,114,11,0.5130873643968095,1.0,-0.48691263560319054
hermes,long,115,11,0.5191110747533734,1.0,-0.48088892524662663
hermes,long,116,11,0.5447155825570201,1.0,-0.45528441744297987
hermes,long,117,11,0.5512448536436516,1.0,-0.4487551463563484
hermes,long,118,5,0.30587906894763756,1.0,-0.6941209310523624
hermes,long,119,5,0.3096622018786269,1.0,-0.6903377981213731
hermes,medium,1,3570,0.5895059350065811,0.638095238095238,-0.04858930308865694
hermes,medium,2,3570,0.5895059350065811,0.638095238095238,-0.04858930308865694
hermes,medium,3,3430,0.6365960085610816,0.6527696793002915,-0.016173670739209944
hermes,medium,4,3400,0.6337239089327049,0.6511764705882352,-0.01745256165553033
hermes,medium,5,2998,0.5856390726728559,0.6170780520346898,-0.03143897936183393
hermes,medium,6,3022,0.5889987693534676,0.6221045665122436,-0.03310579715877593
hermes,medium,7,2986,0.5851358578218664,0.6349631614199598,-0.0498273035980934
hermes,medium,8,2891,0.5714590505912295,0.6260809408509166,-0.05462189025968711
hermes,medium,9,2903,0.577761557222586,0.6503616947984844,-0.07260013757589834
hermes,medium,10,2882,0.5753333938630052,0.6498959056210964,-0.07456251175809125
hermes,medium,11,2881,0.5824833916822224,0.6792780284623394,-0.09679463678011702
hermes,medium,12,2823,0.5746503308616547,0.6751682607155508,-0.10051792985389607
hermes,medium,13,2777,0.5882291464973941,0.6978754051134317,-0.1096462586160376
hermes,medium,14,2783,0.5886971227705978,0.7024793388429752,-0.11378221607237737
hermes,medium,15,2784,0.5960610521002121,0.7413793103448276,-0.14531825824461553
hermes,medium,16,2726,0.5877551309254236,0.73991195891416,-0.1521568279887363
hermes,medium,17,2731,0.5947036052710579,0.7788355913584768,-0.18413198608741888
hermes,medium,18,2653,0.5952674670570761,0.7779871843196381,-0.18271971726256198
hermes,medium,19,2691,0.6132662536165838,0.8179115570419918,-0.204645303425408
hermes,medium,20,2484,0.6155502234209229,0.8063607085346216,-0.1908104851136987
hermes,medium,21,2496,0.6247140840184172,0.8549679487179487,-0.23025386469953146
hermes,medium,22,2145,0.6027055751426965,0.8358974358974359,-0.2331918607547394
hermes,medium,23,2172,0.6158031560075855,0.8922651933701657,-0.27646203736258024
hermes,medium,24,1817,0.5902262950632627,0.8756191524490919,-0.2853928573858292
hermes,medium,25,1861,0.6104513988262579,0.9220849005910801,-0.3116335017648222
hermes,medium,26,1544,0.6067015080818116,0.9093264248704663,-0.3026249167886548
hermes,medium,27,1574,0.6230047758668269,0.9637865311308768,-0.34078175526404986
hermes,medium,28,1274,0.6232121353070295,0.9583987441130298,-0.3351866088060004
hermes,medium,29,1281,0.629928158129564,0.9953161592505855,-0.36538800112102143
hermes,medium,30,732,0.6250876411108388,0.9918032786885246,-0.36671563757768577
hermes,medium,31,726,0.6431371888226916,1.0,-0.35686281117730845
hermes,medium,32,505,0.6384206978013719,1.0,-0.3615793021986281
hermes,medium,33,55,0.5552644127816216,1.0,-0.44473558721837836
hermes,short,1,3570,0.5895059350065811,0.8072829131652661,-0.21777697815868502
hermes,short,2,3570,0.5895059350065811,0.8072829131652661,-0.21777697815868502
hermes,short,3,3299,0.608469952333721,0.8535919975750227,-0.24512204524130166
hermes,short,4,2905,0.607394323600139,0.8413080895008606,-0.23391376590072155
hermes,short,5,2547,0.5668519176218177,0.8716136631330977,-0.30476174551128
hermes,short,6,2214,0.5728095605424192,0.8572719060523939,-0.28446234550997473
hermes,short,7,2165,0.5634902751589203,0.8960739030023095,-0.33258362784338924
hermes,short,8,1669,0.5530411204187899,0.8705811863391252,-0.31754006592033523
hermes,short,9,1674,0.5589553615654466,0.9199522102747909,-0.36099684870934434
hermes,short,10,1242,0.5534982100975875,0.895330112721417,-0.34183190262382956
hermes,short,11,1256,0.5653088159742224,0.9506369426751592,-0.38532812670093675
hermes,short,12,952,0.5616625700580015,0.9401260504201681,-0.3784634803621666
hermes,short,13,906,0.5545065095973927,0.9812362030905077,-0.42672969349311507
hermes,short,14,519,0.5701698785034854,0.9672447013487476,-0.3970748228452622
hermes,short,15,515,0.5685024525868274,1.0,-0.4314975474131726
hermes,short,16,231,0.5602012455392322,1.0,-0.43979875446076777
hermes,short,17,240,0.5856718100230149,1.0,-0.41432818997698506
swe-agent,long,1,37191,0.5150588362296942,0.45301282568363316,0.062046010546061015
swe-agent,long,2,37191,0.5150588362296942,0.45301282568363316,0.062046010546061015
swe-agent,long,3,37191,0.5524867501779721,0.4860584550025544,0.0664282951754177
swe-agent,long,4,37179,0.5530217813088142,0.4858925737647597,0.06712920754405449
swe-agent,long,5,37173,0.5542213229007814,0.48685874155973424,0.06736258134104717
swe-agent,long,6,37178,0.5531455538858283,0.4869008553445586,0.06624469854126969
swe-agent,long,7,37147,0.5775132383597814,0.5095970064877379,0.06791623187204354
swe-agent,long,8,37130,0.5764377178111888,0.5093724750875303,0.06706524272365855
swe-agent,long,9,37092,0.5972690042667117,0.5246414321147417,0.07262757215197002
swe-agent,long,10,37122,0.5979359036971951,0.5249717148860514,0.07296418881114364
swe-agent,long,11,36927,0.6104851397343107,0.5311019037560593,0.07938323597825148
swe-agent,long,12,37008,0.611442032256767,0.5318849978383052,0.07955703441846174
swe-agent,long,13,36947,0.6182899837339486,0.5389612147129672,0.0793287690209814
swe-agent,long,14,36876,0.6176750401999839,0.5380735437683046,0.07960149643167924
swe-agent,long,15,36687,0.628317908671684,0.5427263063210401,0.08559160235064389
swe-agent,long,16,36940,0.6305792408747709,0.5453167298321603,0.08526251104261062
swe-agent,long,17,36885,0.6361598902180381,0.5522027924630608,0.08395709775497728
swe-agent,long,18,36895,0.6361269473762456,0.5523241631657406,0.08380278421050502
swe-agent,long,19,36721,0.6432080588427692,0.5573922278805044,0.08581583096226486
swe-agent,long,20,36685,0.6426291758884846,0.5569851437917405,0.0856440320967441
swe-agent,long,21,36610,0.6489785013150303,0.5635072384594373,0.08547126285559303
swe-agent,long,22,36406,0.6471253420093295,0.5613085755095314,0.08581676649979808
swe-agent,long,23,36301,0.6490931770179695,0.5675050274097132,0.08158814960825633
swe-agent,long,24,35939,0.6458822230031925,0.5630651938006066,0.08281702920258593
swe-agent,long,25,35829,0.6495804360606843,0.5700131178654163,0.07956731819526797
swe-agent,long,26,35779,0.6490978268540958,0.569356326336678,0.0797415005174178
swe-agent,long,27,35686,0.6486128996089034,0.5764165218853332,0.07219637772357024
swe-agent,long,28,35541,0.6474545024472298,0.5746602515404744,0.0727942509067554
swe-agent,long,29,35543,0.6496116234569812,0.5822243479728779,0.06738727548410328
swe-agent,long,30,35307,0.6474266327979601,0.5792902257342737,0.0681364070636864
swe-agent,long,31,35286,0.6533782098068593,0.5874001020234654,0.06597810778339397
swe-agent,long,32,34409,0.6451742155291719,0.5771164520910227,0.06805776343814918
swe-agent,long,33,34271,0.64726849870159,0.5833795337165534,0.0638889649850366
swe-agent,long,34,34364,0.6486727654789485,0.5844488418111977,0.06422392366775076
swe-agent,long,35,34336,0.6521101122231628,0.5924685461323392,0.059641566090823606
swe-agent,long,36,34330,0.6524241664048751,0.5925429653364405,0.05988120106843464
swe-agent,long,37,34290,0.6571019357096192,0.6013706620005833,0.055731273709035856
swe-agent,long,38,34276,0.6572676634438732,0.6012078422219629,0.05605982122191033
swe-agent,long,39,34192,0.6606738928549919,0.6089728591483388,0.05170103370665313
swe-agent,long,40,34117,0.660513243677094,0.6080839464196734,0.052429297257420515
swe-agent,long,41,34100,0.6648489116573827,0.6164516129032258,0.04839729875415688
swe-agent,long,42,34020,0.664626345448302,0.6156084656084656,0.04901787983983641
swe-agent,long,43,33885,0.6666580617990318,0.6243175446362698,0.04234051716276199
swe-agent,long,44,33711,0.6654755162369382,0.6224081160452078,0.04306740019173039
swe-agent,long,45,33798,0.6688264299379652,0.6335877862595419,0.03523864367842322
swe-agent,long,46,33706,0.6683496779007606,0.632528333234439,0.035821344666321586
swe-agent,long,47,33684,0.6721808362442376,0.6431837073981712,0.028997128846066422
swe-agent,long,48,30727,0.641934985174661,0.609594167995574,0.03234081717908699
swe-agent,long,49,30714,0.6455655704300274,0.6224197434394738,0.023145826990553564
swe-agent,long,50,30696,0.6460870585886622,0.6225241073755539,0.023562951213108363
swe-agent,long,51,30778,0.6483724010477877,0.6402300344401846,0.008142366607603146
swe-agent,long,52,30732,0.6483932454024112,0.6398542236105688,0.008539021791842405
swe-agent,long,53,30383,0.6504071717819894,0.654412006714281,-0.0040048349322916454
swe-agent,long,54,30413,0.6515829527666295,0.6547529017196594,-0.0031699489530299108
swe-agent,long,55,29296,0.6518688231297799,0.6606703986892408,-0.008801575559460928
swe-agent,long,56,29300,0.652624728924142,0.6607508532423209,-0.008126124318178829
swe-agent,long,57,28058,0.6562920993117999,0.6648371231021456,-0.008545023790345718
swe-agent,long,58,28041,0.6567582765113259,0.6645626047573197,-0.007804328245993752
swe-agent,long,59,26817,0.6611871696470607,0.6674497520229705,-0.00626258237590982
swe-agent,long,60,26768,0.6614901514109013,0.6667662881052002,-0.0052761366942989385
swe-agent,long,61,25678,0.6611004140341364,0.6723654490225095,-0.011265034988373057
swe-agent,long,62,25652,0.6610844543411807,0.672111336348043,-0.011026882006862304
swe-agent,long,63,24523,0.6629843067674304,0.6766301023528932,-0.013645795585462861
swe-agent,long,64,22074,0.627544505283021,0.6420675908308418,-0.01452308554782078
swe-agent,long,65,21192,0.6288807118969152,0.6472725556813892,-0.018391843784474005
swe-agent,long,66,21217,0.6304661773566608,0.6477824386105482,-0.01731626125388741
swe-agent,long,67,20258,0.631629538429541,0.6538651396978972,-0.02223560126835622
swe-agent,long,68,20308,0.6334594393417328,0.6544711443766004,-0.0210117050348676
swe-agent,long,69,19235,0.6341773627546334,0.658019235768131,-0.023841873013497605
swe-agent,long,70,19315,0.6364484485613835,0.659642764690655,-0.023194316129271475
swe-agent,long,71,18301,0.6378545395318486,0.6613299819681985,-0.023475442436349914
swe-agent,long,72,18343,0.6397567299863441,0.6621599520252958,-0.02240322203895162
swe-agent,long,73,17480,0.6402267920622173,0.6663615560640732,-0.02613476400185588
swe-agent,long,74,17478,0.6410628211898297,0.666323377960865,-0.025260556771035336
swe-agent,long,75,16615,0.6389235641238626,0.669094191995185,-0.03017062787132241
swe-agent,long,76,16627,0.639932602842693,0.6693931557105912,-0.02946055286789817
swe-agent,long,77,15708,0.6402467264803395,0.6713776419658772,-0.031130915485537702
swe-agent,long,78,15721,0.641285990017391,0.6715221678010305,-0.030236177783639517
swe-agent,long,79,14889,0.641032726809551,0.6729128887097857,-0.03188016190023468
swe-agent,long,80,14885,0.641899923825007,0.6728249916022842,-0.030925067777277104
swe-agent,long,81,14150,0.6423655023458259,0.676113074204947,-0.03374757185912114
swe-agent,long,82,14139,0.6430466629871119,0.6757903670698069,-0.032743704082695
swe-agent,long,83,13321,0.6396034244696583,0.6753246753246753,-0.035721250855016984
swe-agent,long,84,13325,0.6405142734413348,0.6755722326454033,-0.03505795920406851
swe-agent,long,85,12522,0.6389531219095342,0.6759303625618911,-0.03697724065235686
swe-agent,long,86,12553,0.6407877164471778,0.6768899864574205,-0.03610227001024269
swe-agent,long,87,11795,0.6399688871795135,0.6754557015684612,-0.03548681438894774
swe-agent,long,88,11813,0.6412655220974669,0.6759502243291289,-0.03468470223166198
swe-agent,long,89,10994,0.6434839030731313,0.6691831908313626,-0.02569928775823127
swe-agent,long,90,11003,0.6448955900806239,0.6696355539398345,-0.024739963859210623
swe-agent,long,91,10405,0.6385525649510476,0.6676597789524267,-0.029107214001379056
swe-agent,long,92,10415,0.6392756313866735,0.6679788766202592,-0.028703245233585695
swe-agent,long,93,9823,0.6397566595145023,0.6638501476127456,-0.0240934880982433
swe-agent,long,94,9817,0.6399734689019968,0.6636446979729042,-0.02367122907090735
swe-agent,long,95,9375,0.6358125307523345,0.66464,-0.02882746924766555
swe-agent,long,96,8671,0.6077089169034997,0.638334678814439,-0.030625761910939242
swe-agent,long,97,8320,0.6077341627098706,0.6414663461538461,-0.03373218344397555
swe-agent,long,98,8278,0.6064978732256991,0.6397680599178546,-0.03327018669215542
swe-agent,long,99,7963,0.6095982471641292,0.6414667838754239,-0.03186853671129464
swe-agent,long,100,7923,0.6083880026673428,0.6399091253313139,-0.03152112266397111
swe-agent,long,101,7511,0.611723411102581,0.6377313273864998,-0.026007916283918853
swe-agent,long,102,7477,0.6108154375414596,0.635950247425438,-0.025134809883978426
swe-agent,long,103,7270,0.6110569441860052,0.6441540577716643,-0.033097113585659144
swe-agent,long,104,7230,0.6095039101367598,0.6420470262793915,-0.03254311614263172
swe-agent,long,105,6929,0.6091287382243179,0.6446817722615096,-0.03555303403719168
swe-agent,long,106,6932,0.6097346466913591,0.6445470282746683,-0.03481238158330913
swe-agent,long,107,6624,0.6119909325492181,0.6432669082125604,-0.03127597566334228
swe-agent,long,108,6597,0.6105713621921601,0.6415037138093073,-0.030932351617147136
swe-agent,long,109,6339,0.6132392242168715,0.6441079034548036,-0.03086867923793213
swe-agent,long,110,6292,0.6110082219194268,0.6416083916083916,-0.03060016968896473
swe-agent,long,111,6039,0.6166437651046857,0.6411657559198543,-0.024521990815168593
swe-agent,long,112,6024,0.615962284182581,0.6402722443559097,-0.02430996017332865
swe-agent,long,113,5787,0.6192943910332864,0.6426473129428029,-0.023352921909516433
swe-agent,long,114,5768,0.6183982429007099,0.6414701803051318,-0.023071937404421927
swe-agent,long,115,5600,0.6165136293706217,0.6466071428571428,-0.030093513486521117
swe-agent,long,116,5569,0.614769199043793,0.6448195367211349,-0.030050337677341887
swe-agent,long,117,5350,0.6190236835654723,0.6467289719626168,-0.02770528839714448
swe-agent,long,118,5330,0.6179470158581661,0.6457786116322701,-0.02783159577410399
swe-agent,long,119,5175,0.6198216456937137,0.6515942028985507,-0.03177255720483707
swe-agent,long,120,5172,0.619615948076575,0.6511987625676721,-0.03158281449109701
swe-agent,long,121,5021,0.6253815046924032,0.6532563234415455,-0.027874818749142327
swe-agent,long,122,5003,0.6245003863892504,0.6522086747951229,-0.027708288405872472
swe-agent,long,123,4897,0.6258415222927642,0.657545435981213,-0.031703913688448715
swe-agent,long,124,4875,0.6244961049788225,0.656,-0.031503895021177564
swe-agent,long,125,4723,0.6280251808877609,0.6631378361211094,-0.0351126552333485
swe-agent,long,126,4701,0.6265259686922985,0.6615613699212933,-0.035035401228994845
swe-agent,long,127,4587,0.6334449654905191,0.6675386963156748,-0.034093730825155655
swe-agent,long,128,4709,0.6430670870164763,0.6767891272032278,-0.03372204018675151
swe-agent,long,129,4579,0.6471966937282387,0.6815898667831404,-0.03439317305490164
swe-agent,long,130,4581,0.6475155417696536,0.6810740013097577,-0.03355845954010406
swe-agent,long,131,4436,0.6539300880274302,0.6859783588818755,-0.03204827085444528
swe-agent,long,132,4430,0.6533845484762061,0.6855530474040632,-0.032168498927857114
swe-agent,long,133,4230,0.6582303195518299,0.6843971631205674,-0.026166843568737552
swe-agent,long,134,4228,0.6584630163923869,0.684247871333964,-0.025784854941577118
swe-agent,long,135,4080,0.6668253518185895,0.6855392156862745,-0.018713863867685032
swe-agent,long,136,4077,0.6667348035409963,0.6853078243806721,-0.018573020839675713
swe-agent,long,137,3958,0.6729986781661889,0.6869631126831733,-0.01396443451698448
swe-agent,long,138,3959,0.6728379967392857,0.6870421823692852,-0.014204185629999477
swe-agent,long,139,3907,0.6777930223817152,0.696954184796519,-0.019161162414803812
swe-agent,long,140,3902,0.6775091326792306,0.6965658636596617,-0.019056730980431036
swe-agent,long,141,3814,0.683239002959188,0.6992658626114315,-0.016026859652243486
swe-agent,long,142,3800,0.682497609976841,0.6981578947368421,-0.015660284760001142
swe-agent,long,143,3732,0.6857813334139967,0.7079314040728831,-0.02215007065888641
swe-agent,long,144,3736,0.6863773336833684,0.7082441113490364,-0.021866777665668025
swe-agent,long,145,3675,0.6893622816590075,0.7140136054421768,-0.024651323783169365
swe-agent,long,146,3674,0.6895807899417498,0.7139357648339685,-0.024354974892218717
swe-agent,long,147,3557,0.6940469501057223,0.7177396682597694,-0.023692718154047165
swe-agent,long,148,3545,0.6931360798481071,0.7167842031029619,-0.02364812325485477
swe-agent,long,149,3442,0.6994083875914616,0.720801859384079,-0.021393471792617413
swe-agent,long,150,3448,0.7001406607978604,0.7212877030162413,-0.02114704221838093
swe-agent,long,151,3287,0.7081672735134797,0.7176756921204746,-0.009508418606994806
swe-agent,long,152,3281,0.707861768543786,0.7171594026211521,-0.009297634077366057
swe-agent,long,153,3227,0.7088227977505979,0.7238921599008367,-0.015069362150238796
swe-agent,long,154,3225,0.708783463725834,0.7237209302325581,-0.014937466506724117
swe-agent,long,155,3157,0.7123725497642243,0.7301235350015838,-0.017750985237359518
swe-agent,long,156,3156,0.7125185874906738,0.7303548795944234,-0.017836292103749596
swe-agent,long,157,3079,0.7131217947428728,0.7343293277037999,-0.021207532960927034
swe-agent,long,158,3078,0.713201968340694,0.7342430149447693,-0.021041046604075242
swe-agent,long,159,3004,0.7160785134931313,0.738681757656458,-0.022603244163326708
swe-agent,long,160,3002,0.7158394541447511,0.7385076615589606,-0.022668207414209496
swe-agent,long,161,2887,0.7168924902041311,0.7364045722202979,-0.01951208201616672
swe-agent,long,162,2880,0.7162310045483148,0.7357638888888889,-0.019532884340574097
swe-agent,long,163,2798,0.7237418355923154,0.7416011436740529,-0.017859308081737524
swe-agent,long,164,2799,0.7240773661617826,0.7416934619506966,-0.017616095788913988
swe-agent,long,165,2730,0.7282558386547155,0.7450549450549451,-0.016799106400229524
swe-agent,long,166,2726,0.7283115647562514,0.7446808510638298,-0.01636928630757839
swe-agent,long,167,2632,0.7342787676755425,0.7450607902735562,-0.010782022598013752
swe-agent,long,168,2633,0.7349330986608488,0.7451576148879605,-0.010224516227111735
swe-agent,long,169,2572,0.7378959038856823,0.75,-0.01210409611431773
swe-agent,long,170,2568,0.7380712483151833,0.7496105919003115,-0.011539343585128203
swe-agent,long,171,2511,0.7392364600409147,0.7526881720430108,-0.01345171200209605
swe-agent,long,172,2511,0.7392222788256341,0.7526881720430108,-0.013465893217376679
swe-agent,long,173,2472,0.7418139020368509,0.7556634304207119,-0.013849528383860998
swe-agent,long,174,2469,0.7418968925736338,0.7553665451599838,-0.013469652586350023
swe-agent,long,175,2416,0.7486962554255268,0.7599337748344371,-0.01123751940891038
swe-agent,long,176,2408,0.7479783548492739,0.7591362126245847,-0.011157857775310864
swe-agent,long,177,2372,0.7538503439923289,0.7689713322091062,-0.01512098821677732
swe-agent,long,178,2370,0.7537904580765062,0.7687763713080169,-0.014985913231510661
swe-agent,long,179,2321,0.7591031444553606,0.7746660922016372,-0.015562947746276534
swe-agent,long,180,2322,0.7591296710098484,0.7747631352282515,-0.01563346421840306
swe-agent,long,181,2264,0.7655447882689016,0.7782685512367491,-0.012723762967847496
swe-agent,long,182,2265,0.7654737341179616,0.7783664459161148,-0.012892711798153211
swe-agent,long,183,2208,0.7646644566220803,0.782608695652174,-0.01794423903009368
swe-agent,long,184,2208,0.7645653130603357,0.782608695652174,-0.018043382591838242
swe-agent,long,185,2172,0.7703551371227012,0.7882136279926335,-0.017858490869932298
swe-agent,long,186,2172,0.7700754572561362,0.7882136279926335,-0.01813817073649726
swe-agent,long,187,2122,0.7808033632630154,0.7945334590009425,-0.013730095737927162
swe-agent,long,188,2119,0.7803567010794427,0.7942425672487022,-0.013885866169259575
swe-agent,long,189,2057,0.7848600088514928,0.7982498784637823,-0.013389869612289496
swe-agent,long,190,2052,0.7844287467162089,0.7977582846003899,-0.013329537884181009
swe-agent,long,191,2010,0.785906930970051,0.8024875621890547,-0.01658063121900366
swe-agent,long,192,1693,0.7503637395191419,0.7666863555818074,-0.016322616062665496
swe-agent,long,193,1666,0.7518422120226832,0.7725090036014406,-0.020666791578757393
swe-agent,long,194,1667,0.7520690234407633,0.7726454709058188,-0.020576447465055492
swe-agent,long,195,1635,0.7507629073964079,0.7804281345565749,-0.02966522716016695
swe-agent,long,196,1636,0.7509614074682618,0.780562347188264,-0.029600939720002217
swe-agent,long,197,1601,0.7581490147830744,0.7863835103060587,-0.028234495522984293
swe-agent,long,198,1598,0.7573895569976337,0.785982478097622,-0.028592921099988344
swe-agent,long,199,1572,0.7626067006728858,0.7983460559796438,-0.03573935530675798
swe-agent,long,200,1570,0.7628000677761999,0.7980891719745223,-0.03528910419832243
swe-agent,long,201,1518,0.7713612836821497,0.8036890645586298,-0.03232778087648003
swe-agent,long,202,1519,0.7713815060560454,0.803818301514154,-0.032436795458108625
swe-agent,long,203,1449,0.7752606403749934,0.8074534161490683,-0.03219277577407487
swe-agent,long,204,1449,0.7755187460654015,0.8074534161490683,-0.031934670083666794
swe-agent,long,205,1407,0.7805205206180552,0.8102345415778252,-0.029714020959769938
swe-agent,long,206,1407,0.7808713287589354,0.8102345415778252,-0.02936321281888976
swe-agent,long,207,1396,0.7826462288959991,0.8202005730659025,-0.03755434416990344
swe-agent,long,208,1400,0.7823250838242946,0.8207142857142857,-0.038389201889991176
swe-agent,long,209,1364,0.7916970353367407,0.8262463343108505,-0.03454929897410974
swe-agent,long,210,1359,0.7910291083110755,0.82560706401766,-0.03457795570658451
swe-agent,long,211,1328,0.7976887924719784,0.8343373493975904,-0.036648556925611975
swe-agent,long,212,1330,0.7974578671303274,0.8345864661654135,-0.03712859903508614
swe-agent,long,213,1273,0.7961605546127596,0.8389630793401414,-0.042802524727381774
swe-agent,long,214,1273,0.7964217135740266,0.8389630793401414,-0.04254136576611478
swe-agent,long,215,1227,0.8029345787430348,0.8394458027709861,-0.03651122402795137
swe-agent,long,216,1227,0.8026423284469334,0.8394458027709861,-0.03680347432405273
swe-agent,long,217,1187,0.8136067791619694,0.8424599831508003,-0.028853203988830844
swe-agent,long,218,1189,0.813605235117125,0.8427249789739276,-0.029119743856802605
swe-agent,long,219,1152,0.8182405291737256,0.8446180555555556,-0.026377526381829997
swe-agent,long,220,1153,0.8183699291412563,0.8447528187337381,-0.026382889592481806
swe-agent,long,221,1133,0.8166904550871907,0.8464254192409533,-0.029734964153762533
swe-agent,long,222,1133,0.8166887911735042,0.8464254192409533,-0.029736628067449034
swe-agent,long,223,1081,0.8089500383207141,0.845513413506013,-0.03656337518529884
swe-agent,long,224,1081,0.8089604453830562,0.845513413506013,-0.03655296812295672
swe-agent,long,225,1067,0.8104120250400055,0.8491096532333646,-0.03869762819335909
swe-agent,long,226,1067,0.8103348628037355,0.8491096532333646,-0.03877479042962917
swe-agent,long,227,1043,0.8096302632320898,0.8523489932885906,-0.04271873005650084
swe-agent,long,228,1045,0.8095279273971467,0.8526315789473684,-0.04310365155022167
swe-agent,long,229,1010,0.8110434983443938,0.8524752475247525,-0.041431749180358635
swe-agent,long,230,1010,0.8111143833510522,0.8524752475247525,-0.04136086417370022
swe-agent,long,231,1001,0.810338284000445,0.8541458541458542,-0.04380757014540915
swe-agent,long,232,1001,0.8106384595712727,0.8541458541458542,-0.043507394574581526
swe-agent,long,233,984,0.8198511296524092,0.8526422764227642,-0.032791146770354995
swe-agent,long,234,982,0.8202772799737683,0.8523421588594705,-0.0320648788857022
swe-agent,long,235,958,0.8189125509699848,0.8528183716075156,-0.03390582063753078
swe-agent,long,236,958,0.8191700130953693,0.8528183716075156,-0.033648358512146315
swe-agent,long,237,937,0.8249836072392206,0.8548559231590181,-0.029872315919797554
swe-agent,long,238,939,0.8250550888958242,0.8551650692225772,-0.03010998032675294
swe-agent,long,239,930,0.8268951165393256,0.8569892473118279,-0.030094130772502337
swe-agent,long,240,930,0.8265831851382973,0.8569892473118279,-0.03040606217353059
swe-agent,long,241,906,0.8289388143689229,0.8554083885209713,-0.026469574152048425
swe-agent,long,242,908,0.828618137523351,0.8557268722466961,-0.027108734723345074
swe-agent,long,243,888,0.8326236731816781,0.8581081081081081,-0.025484434926430044
swe-agent,long,244,888,0.832590279987401,0.8581081081081081,-0.02551782812070713
swe-agent,long,245,866,0.8316626649866566,0.8568129330254042,-0.025150268038747536
swe-agent,long,246,866,0.831728741076696,0.8568129330254042,-0.025084191948708146
swe-agent,long,247,857,0.8303131081829156,0.8588098016336057,-0.028496693450690058
swe-agent,long,248,859,0.8298946235331149,0.8591385331781141,-0.029243909644999122
swe-agent,long,249,851,0.8306622991433844,0.8625146886016452,-0.031852389458260744
swe-agent,long,250,851,0.8309257702809753,0.8625146886016452,-0.0315889183206699
swe-agent,long,251,822,0.832877619066737,0.8600973236009732,-0.027219704534236278
swe-agent,long,252,822,0.8329243069360303,0.8600973236009732,-0.027173016664942984
swe-agent,long,253,822,0.8311007693313281,0.864963503649635,-0.033862734318306886
swe-agent,long,254,822,0.8313304415297936,0.864963503649635,-0.033633062119841406
swe-agent,long,255,799,0.837087425988379,0.8635794743429287,-0.026492048354549658
swe-agent,long,256,799,0.8370571883111316,0.8635794743429287,-0.02652228603179707
swe-agent,long,257,788,0.836596012443278,0.8654822335025381,-0.028886221059260087
swe-agent,long,258,790,0.8362318495861201,0.8658227848101265,-0.029590935224006465
swe-agent,long,259,778,0.8357701985940315,0.8701799485861182,-0.03440974999208679
swe-agent,long,260,778,0.8359153462973837,0.8701799485861182,-0.034264602288734514
swe-agent,long,261,763,0.8445598620489303,0.8741808650065531,-0.029621002957622822
swe-agent,long,262,763,0.8449326477323676,0.8741808650065531,-0.029248217274185473
swe-agent,long,263,754,0.8484484282671862,0.8753315649867374,-0.026883136719551115
swe-agent,long,264,754,0.8488211240754151,0.8753315649867374,-0.026510440911322264
swe-agent,long,265,740,0.8519584280463499,0.8770270270270271,-0.025068598980677148
swe-agent,long,266,740,0.8521651343556396,0.8770270270270271,-0.024861892671387498
swe-agent,long,267,723,0.850602599324077,0.8769017980636238,-0.02629919873954678
swe-agent,long,268,725,0.8498521816722284,0.8772413793103448,-0.027389197638116425
swe-agent,long,269,709,0.8486216438545516,0.8787023977433004,-0.030080753888748757
swe-agent,long,270,709,0.8486092464321253,0.8787023977433004,-0.03009315131117507
swe-agent,long,271,695,0.8479802142452517,0.8805755395683453,-0.032595325323093616
swe-agent,long,272,695,0.847840624977738,0.8805755395683453,-0.03273491459060729
swe-agent,long,273,682,0.8470608767546939,0.8826979472140762,-0.03563707045938236
swe-agent,long,274,678,0.8462106816630387,0.8820058997050148,-0.03579521804197605
swe-agent,long,275,663,0.850786516667928,0.8823529411764706,-0.03156642450854252
swe-agent,long,276,663,0.8508456487387889,0.8823529411764706,-0.03150729243768169
swe-agent,long,277,657,0.8561766152506284,0.8843226788432268,-0.028146063592598414
swe-agent,long,278,659,0.8556654777896667,0.8846737481031867,-0.029008270313519935
swe-agent,long,279,655,0.8578365638351165,0.8870229007633588,-0.02918633692824224
swe-agent,long,280,655,0.8578818892720921,0.8870229007633588,-0.02914101149126669
swe-agent,long,281,646,0.8627288261996136,0.8885448916408669,-0.025816065441253366
swe-agent,long,282,646,0.862722567013171,0.8885448916408669,-0.02582232462769596
swe-agent,long,283,649,0.8641307361684122,0.8921417565485362,-0.02801102038012404
swe-agent,long,284,649,0.8641205473154175,0.8921417565485362,-0.028021209233118682
swe-agent,long,285,643,0.8593342853729716,0.895800933125972,-0.03646664775300035
swe-agent,long,286,643,0.8594000290083778,0.895800933125972,-0.036400904117594224
swe-agent,long,287,629,0.864289488199678,0.8966613672496025,-0.03237187904992456
swe-agent,long,288,631,0.8639106113220337,0.8969889064976229,-0.033078295175589134
swe-agent,long,289,629,0.8649353721240219,0.8998410174880763,-0.03490564536405438
swe-agent,long,290,629,0.8653034351079729,0.8998410174880763,-0.034537582380103404
swe-agent,long,291,627,0.8687562222737749,0.9027113237639554,-0.03395510149018044
swe-agent,long,292,627,0.8693927190923881,0.9027113237639554,-0.03331860467156722
swe-agent,long,293,612,0.8618627623569515,0.9035947712418301,-0.0417320088848786
swe-agent,long,294,612,0.8620697876759118,0.9035947712418301,-0.04152498356591827
swe-agent,long,295,590,0.8659983903579372,0.9050847457627119,-0.039086355404774675
swe-agent,long,296,590,0.8654438773747434,0.9050847457627119,-0.03964086838796854
swe-agent,long,297,581,0.860074257550041,0.9053356282271945,-0.04526137067715352
swe-agent,long,298,577,0.8602744281459962,0.9046793760831889,-0.04440494793719274
swe-agent,long,299,566,0.8615288725582488,0.9028268551236749,-0.04129798256542605
swe-agent,long,300,566,0.8613309657789763,0.9028268551236749,-0.04149588934469861
swe-agent,long,301,559,0.8662712124685655,0.9033989266547406,-0.03712771418617511
swe-agent,long,302,559,0.8663007273253452,0.9033989266547406,-0.0370981993293954
swe-agent,long,303,552,0.8670594165365164,0.9021739130434783,-0.035114496506961856
swe-agent,long,304,552,0.8670488074419098,0.9021739130434783,-0.03512510560156845
swe-agent,long,305,537,0.8720164701657307,0.8994413407821229,-0.027424870616392205
swe-agent,long,306,537,0.8721006611855968,0.8994413407821229,-0.027340679596526085
swe-agent,long,307,536,0.8729313519639114,0.9048507462686567,-0.03191939430474533
swe-agent,long,308,538,0.872288613367164,0.9052044609665427,-0.03291584759937871
swe-agent,long,309,526,0.8794212488783834,0.9049429657794676,-0.02552171690108429
swe-agent,long,310,526,0.8792811034477415,0.9049429657794676,-0.025661862331726182
swe-agent,long,311,519,0.8790172729327237,0.9075144508670521,-0.028497177934328377
swe-agent,long,312,519,0.8790079070630935,0.9075144508670521,-0.02850654380395856
swe-agent,long,313,511,0.8786067164699647,0.9080234833659491,-0.02941676689598438
swe-agent,long,314,511,0.8786255191060991,0.9080234833659491,-0.029397964259849974
swe-agent,long,315,502,0.8771548165756792,0.9063745019920318,-0.02921968541635267
swe-agent,long,316,502,0.8774427211419529,0.9063745019920318,-0.02893178085007897
swe-agent,long,317,495,0.8804081040980304,0.907070707070707,-0.02666260297267664
swe-agent,long,318,497,0.8800132632750189,0.9074446680080482,-0.027431404733029296
swe-agent,long,319,493,0.8809665162517781,0.9107505070993914,-0.029783990847613295
swe-agent,long,320,493,0.8816789359783759,0.9107505070993914,-0.02907157112101555
swe-agent,long,321,491,0.880785430642558,0.9144602851323829,-0.03367485448982488
swe-agent,long,322,491,0.880996070774918,0.9144602851323829,-0.03346421435746483
swe-agent,long,323,480,0.8819187911088974,0.9125,-0.030581208891102607
swe-agent,long,324,480,0.8812800279540678,0.9125,-0.031219972045932187
swe-agent,long,325,475,0.8825343031098299,0.9136842105263158,-0.031149907416485823
swe-agent,long,326,475,0.8825182249465778,0.9136842105263158,-0.03116598557973793
swe-agent,long,327,468,0.8817645300922473,0.9166666666666666,-0.03490213657441932
swe-agent,long,328,470,0.8807293426948474,0.9170212765957447,-0.036291933900897355
swe-agent,long,329,468,0.8820763660333042,0.9209401709401709,-0.038863804906866695
swe-agent,long,330,468,0.8820910947503602,0.9209401709401709,-0.038849076189810705
swe-agent,long,331,463,0.8804566708201884,0.9222462203023758,-0.04178954948218738
swe-agent,long,332,463,0.8804462938251996,0.9222462203023758,-0.04179992647717623
swe-agent,long,333,460,0.8833609315748556,0.9239130434782609,-0.04055211190340524
swe-agent,long,334,460,0.8834032518735304,0.9239130434782609,-0.04050979160473045
swe-agent,long,335,454,0.8880779593366263,0.9273127753303965,-0.03923481599377021
swe-agent,long,336,454,0.8880865120289937,0.9273127753303965,-0.039226263301402775
swe-agent,long,337,442,0.8869376571408654,0.9253393665158371,-0.03840170937497178
swe-agent,long,338,444,0.8858047555357617,0.9256756756756757,-0.039870920139914
swe-agent,long,339,440,0.8890079778608484,0.925,-0.03599202213915165
swe-agent,long,340,440,0.889026825602407,0.925,-0.035973174397593066
swe-agent,long,341,433,0.8874269206670359,0.9260969976905312,-0.03867007702349534
swe-agent,long,342,433,0.8874763544418379,0.9260969976905312,-0.0386206432486933
swe-agent,long,343,433,0.8882213956283935,0.9260969976905312,-0.03787560206213769
swe-agent,long,344,433,0.8883381969009423,0.9260969976905312,-0.03775880078958893
swe-agent,long,345,422,0.8938355811144335,0.9265402843601895,-0.03270470324575603
swe-agent,long,346,422,0.8944410605278846,0.9265402843601895,-0.0320992238323049
swe-agent,long,347,422,0.8953154140474585,0.9265402843601895,-0.031224870312731023
swe-agent,long,348,424,0.8951177587309458,0.9268867924528302,-0.03176903372188444
swe-agent,long,349,420,0.8930503664519356,0.9285714285714286,-0.03552106211949302
swe-agent,long,350,420,0.8932886776063598,0.9285714285714286,-0.03528275096506883
swe-agent,long,351,418,0.8928251753734695,0.930622009569378,-0.03779683419590851
swe-agent,long,352,418,0.8922222439554405,0.930622009569378,-0.03839976561393754
swe-agent,long,353,409,0.8858522015208231,0.9290953545232273,-0.04324315300240422
swe-agent,long,354,409,0.885569783590441,0.9290953545232273,-0.043525570932786306
swe-agent,long,355,402,0.8842742588901877,0.927860696517413,-0.04358643762722525
swe-agent,long,356,402,0.884067676517928,0.927860696517413,-0.04379301999948504
swe-agent,long,357,398,0.8871519227900804,0.9296482412060302,-0.04249631841594981
swe-agent,long,358,400,0.8861675306436468,0.93,-0.04383246935635321
swe-agent,long,359,398,0.8864293270811079,0.9321608040201005,-0.0457314769389926
swe-agent,long,360,398,0.8864171188341264,0.9321608040201005,-0.04574368518597405
swe-agent,long,361,396,0.8857272915470081,0.9343434343434344,-0.04861614279642623
swe-agent,long,362,396,0.8857867192946748,0.9343434343434344,-0.04855671504875958
swe-agent,long,363,375,0.8915530789136618,0.9306666666666666,-0.039113587753004886
swe-agent,long,364,375,0.8915521567350734,0.9306666666666666,-0.039114509931593267
swe-agent,long,365,375,0.8929905020296914,0.9333333333333333,-0.04034283130364191
swe-agent,long,366,375,0.8926931748738305,0.9333333333333333,-0.04064015845950286
swe-agent,long,367,367,0.8948987177644109,0.9346049046321526,-0.039706186867741744
swe-agent,long,368,369,0.8937563000717563,0.9349593495934959,-0.04120304952173959
swe-agent,long,369,367,0.8936395275425434,0.9400544959128065,-0.046414968370263154
swe-agent,long,370,367,0.8936475572356389,0.9400544959128065,-0.04640693867716761
swe-agent,long,371,360,0.891140818511311,0.9444444444444444,-0.053303625933133425
swe-agent,long,372,360,0.8912423376750873,0.9444444444444444,-0.053202106769357105
swe-agent,long,373,360,0.8930857854504908,0.9444444444444444,-0.05135865899395364
swe-agent,long,374,360,0.8937199363310486,0.9444444444444444,-0.050724508113395794
swe-agent,long,375,360,0.8948948448195552,0.9472222222222222,-0.05232737740266702
swe-agent,long,376,360,0.8956668097312015,0.9472222222222222,-0.05155541249102069
swe-agent,long,377,357,0.8985181431867417,0.9467787114845938,-0.04826056829785208
swe-agent,long,378,359,0.8975599059556048,0.947075208913649,-0.049515302958044294
swe-agent,long,379,357,0.9009115970479993,0.9467787114845938,-0.045867114436594525
swe-agent,long,380,357,0.9004436161282016,0.9467787114845938,-0.04633509535639224
swe-agent,long,381,353,0.8980531611672502,0.9546742209631728,-0.05662105979592258
swe-agent,long,382,353,0.8979729851191806,0.9546742209631728,-0.056701235843992226
swe-agent,long,383,349,0.8989089657887944,0.9570200573065902,-0.05811109151779581
swe-agent,long,384,349,0.8986802185990344,0.9570200573065902,-0.05833983870755588
swe-agent,long,385,337,0.8951497394816359,0.9554896142433235,-0.06033987476168756
swe-agent,long,386,337,0.8951650530139112,0.9554896142433235,-0.06032456122941221
swe-agent,long,387,337,0.8959682286684775,0.9614243323442137,-0.06545610367573618
swe-agent,long,388,339,0.8947283339325188,0.9616519174041298,-0.06692358347161098
swe-agent,long,389,319,0.9136981512122597,0.9592476489028213,-0.0455494976905616
swe-agent,long,390,319,0.9137789014672261,0.9592476489028213,-0.04546874743559526
swe-agent,long,391,312,0.9124563952958837,0.9583333333333334,-0.04587693803744963
swe-agent,long,392,312,0.9124804875833734,0.9583333333333334,-0.04585284574995996
swe-agent,long,393,304,0.9102384576638604,0.9572368421052632,-0.04699838444140281
swe-agent,long,394,304,0.910237383573212,0.9572368421052632,-0.04699945853205112
swe-agent,long,395,291,0.9080957348026832,0.9587628865979382,-0.05066715179525494
swe-agent,long,396,291,0.9080944702114894,0.9587628865979382,-0.05066841638644881
swe-agent,long,397,291,0.9079523044736337,0.9656357388316151,-0.0576834343579814
swe-agent,long,398,291,0.907987574584797,0.9656357388316151,-0.05764816424681818
swe-agent,long,399,290,0.9084590418848618,0.9689655172413794,-0.06050647535651754
swe-agent,long,400,290,0.9084574347940281,0.9689655172413794,-0.060508082447351286
swe-agent,long,401,286,0.9177844273050678,0.9755244755244755,-0.0577400482194077
swe-agent,long,402,286,0.9177844273050678,0.9755244755244755,-0.0577400482194077
swe-agent,long,403,285,0.9161529503970741,0.9754385964912281,-0.05928564609415399
swe-agent,long,404,285,0.9163919044838608,0.9754385964912281,-0.05904669200736734
swe-agent,long,405,279,0.9231974916079588,0.978494623655914,-0.055297132047955166
swe-agent,long,406,279,0.9231975050511034,0.978494623655914,-0.05529711860481057
swe-agent,long,407,273,0.9324603603879966,0.978021978021978,-0.045561617633981366
swe-agent,long,408,273,0.9324601440551343,0.978021978021978,-0.04556183396684366
swe-agent,long,409,259,0.929071534876447,0.9768339768339769,-0.04776244195752988
swe-agent,long,410,259,0.9290993507395486,0.9768339768339769,-0.047734626094428245
swe-agent,long,411,259,0.9284484212817065,0.9768339768339769,-0.04838555555227042
swe-agent,long,412,259,0.928448071804573,0.9768339768339769,-0.048385905029403875
swe-agent,long,413,257,0.9280714963197153,0.9766536964980544,-0.04858220017833914
swe-agent,long,414,257,0.9280711165232398,0.9766536964980544,-0.04858257997481463
swe-agent,long,415,250,0.926748648287332,0.976,-0.04925135171266792
swe-agent,long,416,250,0.9267794250893536,0.976,-0.04922057491064635
swe-agent,long,417,246,0.9310445323063649,0.975609756097561,-0.044565223791196096
swe-agent,long,418,246,0.9310435377091499,0.975609756097561,-0.044566218388411016
swe-agent,long,419,244,0.9334824398051462,0.9754098360655737,-0.04192739626042752
swe-agent,long,420,244,0.9334931535322234,0.9754098360655737,-0.04191668253335035
swe-agent,long,421,238,0.9328508753269931,0.9789915966386554,-0.04614072131166236
swe-agent,long,422,239,0.9331316536254612,0.9790794979079498,-0.04594784428248855
swe-agent,long,423,231,0.9305979872098237,0.9783549783549783,-0.04775699114515464
swe-agent,long,424,231,0.9305979872098237,0.9783549783549783,-0.04775699114515464
swe-agent,long,425,231,0.9292850248257661,0.9826839826839827,-0.05339895785821658
swe-agent,long,426,231,0.9293028886779048,0.9826839826839827,-0.053381094006077934
swe-agent,long,427,224,0.9282789647989658,0.9866071428571429,-0.05832817805817714
swe-agent,long,428,224,0.9283167229280582,0.9866071428571429,-0.05829041992908468
swe-agent,long,429,219,0.9265526784915323,0.9863013698630136,-0.05974869137148131
swe-agent,long,430,219,0.9265521055027484,0.9863013698630136,-0.059749264360265286
swe-agent,long,431,213,0.9431201115416767,0.9859154929577465,-0.042795381416069755
swe-agent,long,432,213,0.9431201115416767,0.9859154929577465,-0.042795381416069755
swe-agent,long,433,212,0.9431348937477115,0.9858490566037735,-0.042714162856062
swe-agent,long,434,212,0.9431767541282514,0.9858490566037735,-0.04267230247552212
swe-agent,long,435,212,0.9434237153625622,0.9858490566037735,-0.042425341241211334
swe-agent,long,436,212,0.9434225483333003,0.9858490566037735,-0.04242650827047323
swe-agent,long,437,212,0.9434727977608988,0.9858490566037735,-0.04237625884287477
swe-agent,long,438,212,0.9434727977608988,0.9858490566037735,-0.04237625884287477
swe-agent,long,439,212,0.9436963056460566,0.9858490566037735,-0.04215275095771698
swe-agent,long,440,212,0.9436963056460566,0.9858490566037735,-0.04215275095771698
swe-agent,long,441,206,0.9414763979681565,0.9902912621359223,-0.048814864167765815
swe-agent,long,442,206,0.9414763979681565,0.9902912621359223,-0.048814864167765815
swe-agent,long,443,202,0.9411081566845475,0.9900990099009901,-0.04899085321644259
swe-agent,long,444,202,0.9411081566845475,0.9900990099009901,-0.04899085321644259
swe-agent,long,445,197,0.9398243319331256,0.9898477157360406,-0.050023383802914934
swe-agent,long,446,197,0.939857522808339,0.9898477157360406,-0.04999019292770157
swe-agent,long,447,188,0.9360142630889828,0.9893617021276596,-0.05334743903867678
swe-agent,long,448,188,0.9360142630889828,0.9893617021276596,-0.05334743903867678
swe-agent,long,449,188,0.9360469978771605,0.9893617021276596,-0.05331470425049911
swe-agent,long,450,188,0.9360469978771605,0.9893617021276596,-0.05331470425049911
swe-agent,long,451,187,0.9359081981715008,0.9893048128342246,-0.05339661466272372
swe-agent,long,452,187,0.9359450609713632,0.9893048128342246,-0.05335975186286135
swe-agent,long,453,186,0.936455601409801,0.989247311827957,-0.052791710418156
swe-agent,long,454,186,0.9364543031463117,0.989247311827957,-0.05279300868164527
swe-agent,long,455,186,0.9365237481590899,0.989247311827957,-0.0527235636688671
swe-agent,long,456,186,0.9365237481590899,0.989247311827957,-0.0527235636688671
swe-agent,long,457,186,0.9366567283370918,0.9946236559139785,-0.057966927576886706
swe-agent,long,458,186,0.9366567283370918,0.9946236559139785,-0.057966927576886706
swe-agent,long,459,186,0.9358396781678924,1.0,-0.06416032183210763
swe-agent,long,460,186,0.9358396781678924,1.0,-0.06416032183210763
swe-agent,long,461,186,0.935864208615441,1.0,-0.06413579138455905
swe-agent,long,462,186,0.935864208615441,1.0,-0.06413579138455905
swe-agent,long,463,184,0.9359596482716903,1.0,-0.06404035172830969
swe-agent,long,464,184,0.936004331344812,1.0,-0.06399566865518802
swe-agent,long,465,182,0.9354166405494109,1.0,-0.06458335945058913
swe-agent,long,466,182,0.9354166405494109,1.0,-0.06458335945058913
swe-agent,long,467,172,0.9504786435726033,1.0,-0.049521356427396745
swe-agent,long,468,172,0.9504786435726033,1.0,-0.049521356427396745
swe-agent,long,469,172,0.9504786435726033,1.0,-0.049521356427396745
swe-agent,long,470,172,0.9504786435726033,1.0,-0.049521356427396745
swe-agent,long,471,172,0.9504786435726033,1.0,-0.049521356427396745
swe-agent,long,472,172,0.9504786435726033,1.0,-0.049521356427396745
swe-agent,long,473,172,0.9504786435726033,1.0,-0.049521356427396745
swe-agent,long,474,172,0.9504786435726033,1.0,-0.049521356427396745
swe-agent,long,475,172,0.9504786435726033,1.0,-0.049521356427396745
swe-agent,long,476,172,0.9504786435726033,1.0,-0.049521356427396745
swe-agent,long,477,172,0.9504786435726033,1.0,-0.049521356427396745
swe-agent,long,478,172,0.9504786435726033,1.0,-0.049521356427396745
swe-agent,long,479,166,0.9486887150270348,1.0,-0.05131128497296522
swe-agent,long,480,166,0.9486887150270348,1.0,-0.05131128497296522
swe-agent,long,481,166,0.9486887150270348,1.0,-0.05131128497296522
swe-agent,long,482,166,0.9486887150270348,1.0,-0.05131128497296522
swe-agent,long,483,166,0.9486887150270348,1.0,-0.05131128497296522
swe-agent,long,484,166,0.9486887150270348,1.0,-0.05131128497296522
swe-agent,long,485,166,0.9486887150270348,1.0,-0.05131128497296522
swe-agent,long,486,166,0.9486887150270348,1.0,-0.05131128497296522
swe-agent,long,487,158,0.9460906752815681,1.0,-0.053909324718431906
swe-agent,long,488,158,0.9460906752815681,1.0,-0.053909324718431906
swe-agent,long,489,158,0.9460906752815681,1.0,-0.053909324718431906
swe-agent,long,490,158,0.9460906752815681,1.0,-0.053909324718431906
swe-agent,long,491,156,0.9453995300928707,1.0,-0.0546004699071293
swe-agent,long,492,156,0.9453995300928707,1.0,-0.0546004699071293
swe-agent,long,493,149,0.942834407345556,1.0,-0.057165592654443986
swe-agent,long,494,149,0.942834407345556,1.0,-0.057165592654443986
swe-agent,long,495,149,0.942834407345556,1.0,-0.057165592654443986
swe-agent,long,496,149,0.942834407345556,1.0,-0.057165592654443986
swe-agent,long,497,149,0.942834407345556,1.0,-0.057165592654443986
swe-agent,long,498,149,0.942834407345556,1.0,-0.057165592654443986
swe-agent,long,499,149,0.942834407345556,1.0,-0.057165592654443986
swe-agent,long,500,149,0.942834407345556,1.0,-0.057165592654443986
swe-agent,long,501,148,0.9424481533411342,1.0,-0.05755184665886581
swe-agent,long,502,148,0.9424481533411342,1.0,-0.05755184665886581
swe-agent,long,503,148,0.9424481533411342,1.0,-0.05755184665886581
swe-agent,long,504,148,0.9424481533411342,1.0,-0.05755184665886581
swe-agent,long,505,148,0.9424481533411342,1.0,-0.05755184665886581
swe-agent,long,506,148,0.9424481533411342,1.0,-0.05755184665886581
swe-agent,long,507,141,0.9395909694644531,1.0,-0.060409030535546915
swe-agent,long,508,141,0.9395909694644531,1.0,-0.060409030535546915
swe-agent,long,509,136,0.9373700492241755,1.0,-0.06262995077582445
swe-agent,long,510,136,0.9373700492241755,1.0,-0.06262995077582445
swe-agent,long,511,136,0.9373700492241755,1.0,-0.06262995077582445
swe-agent,long,512,136,0.9373700492241755,1.0,-0.06262995077582445
swe-agent,long,513,129,0.9388164860230559,1.0,-0.061183513976944104
swe-agent,long,514,129,0.9388164860230559,1.0,-0.061183513976944104
swe-agent,long,515,124,0.9363494088465663,1.0,-0.06365059115343374
swe-agent,long,516,124,0.9363494088465663,1.0,-0.06365059115343374
swe-agent,long,517,122,0.9404289073726274,1.0,-0.05957109262737259
swe-agent,long,518,122,0.9404289073726274,1.0,-0.05957109262737259
swe-agent,long,519,116,0.9427355750167834,1.0,-0.0572644249832166
swe-agent,long,520,116,0.9427355750167834,1.0,-0.0572644249832166
swe-agent,long,521,116,0.9427355750167834,1.0,-0.0572644249832166
swe-agent,long,522,116,0.9427355750167834,1.0,-0.0572644249832166
swe-agent,long,523,115,0.9422376234951902,1.0,-0.057762376504809754
swe-agent,long,524,115,0.9422376234951902,1.0,-0.057762376504809754
swe-agent,long,525,115,0.9422376234951902,1.0,-0.057762376504809754
swe-agent,long,526,115,0.9422376234951902,1.0,-0.057762376504809754
swe-agent,long,527,115,0.9422376234951902,1.0,-0.057762376504809754
swe-agent,long,528,115,0.9422376234951902,1.0,-0.057762376504809754
swe-agent,long,529,115,0.9422376234951902,1.0,-0.057762376504809754
swe-agent,long,530,115,0.9422376234951902,1.0,-0.057762376504809754
swe-agent,long,531,108,0.9384937657587672,1.0,-0.061506234241232804
swe-agent,long,532,108,0.9384937657587672,1.0,-0.061506234241232804
swe-agent,long,533,108,0.9384937657587672,1.0,-0.061506234241232804
swe-agent,long,534,108,0.9384937657587672,1.0,-0.061506234241232804
swe-agent,long,535,108,0.9384937657587672,1.0,-0.061506234241232804
swe-agent,long,536,108,0.9384937657587672,1.0,-0.061506234241232804
swe-agent,long,537,101,0.9342309574450184,1.0,-0.06576904255498162
swe-agent,long,538,101,0.9342309574450184,1.0,-0.06576904255498162
swe-agent,long,539,101,0.9342309574450184,1.0,-0.06576904255498162
swe-agent,long,540,101,0.9342309574450184,1.0,-0.06576904255498162
swe-agent,long,541,101,0.9342309574450184,1.0,-0.06576904255498162
swe-agent,long,542,101,0.9342309574450184,1.0,-0.06576904255498162
swe-agent,long,543,96,0.9308054864786129,1.0,-0.06919451352138706
swe-agent,long,544,96,0.9308054864786129,1.0,-0.06919451352138706
swe-agent,long,545,88,0.9316173489140134,1.0,-0.06838265108598662
swe-agent,long,546,88,0.9316173489140134,1.0,-0.06838265108598662
swe-agent,long,547,88,0.9316173489140134,1.0,-0.06838265108598662
swe-agent,long,548,88,0.9316173489140134,1.0,-0.06838265108598662
swe-agent,long,549,88,0.9316173489140134,1.0,-0.06838265108598662
swe-agent,long,550,88,0.9316173489140134,1.0,-0.06838265108598662
swe-agent,long,551,88,0.9316173489140134,1.0,-0.06838265108598662
swe-agent,long,552,88,0.9316173489140134,1.0,-0.06838265108598662
swe-agent,long,553,88,0.9316173489140134,1.0,-0.06838265108598662
swe-agent,long,554,88,0.9316173489140134,1.0,-0.06838265108598662
swe-agent,long,555,86,0.9372944965920876,1.0,-0.06270550340791237
swe-agent,long,556,86,0.9372944965920876,1.0,-0.06270550340791237
swe-agent,long,557,81,0.9334237865051794,1.0,-0.06657621349482057
swe-agent,long,558,81,0.9334237865051794,1.0,-0.06657621349482057
swe-agent,long,559,79,0.9396497051823528,1.0,-0.0603502948176472
swe-agent,long,560,79,0.9396497051823528,1.0,-0.0603502948176472
swe-agent,long,561,79,0.9396497051823528,1.0,-0.0603502948176472
swe-agent,long,562,79,0.9396497051823528,1.0,-0.0603502948176472
swe-agent,long,563,77,0.9461990482063922,1.0,-0.053800951793607776
swe-agent,long,564,77,0.9461990482063922,1.0,-0.053800951793607776
swe-agent,long,565,77,0.9461990482063922,1.0,-0.053800951793607776
swe-agent,long,566,77,0.9461990482063922,1.0,-0.053800951793607776
swe-agent,long,567,77,0.9461990482063922,1.0,-0.053800951793607776
swe-agent,long,568,77,0.9461990482063922,1.0,-0.053800951793607776
swe-agent,long,569,77,0.9461990482063922,1.0,-0.053800951793607776
swe-agent,long,570,77,0.9461990482063922,1.0,-0.053800951793607776
swe-agent,long,571,70,0.9586760959552123,1.0,-0.041323904044787696
swe-agent,long,572,70,0.9586760959552123,1.0,-0.041323904044787696
swe-agent,long,573,68,0.9666518635198706,1.0,-0.03334813648012935
swe-agent,long,574,68,0.9666518635198706,1.0,-0.03334813648012935
swe-agent,long,575,68,0.9666518635198706,1.0,-0.03334813648012935
swe-agent,long,576,68,0.9666518635198706,1.0,-0.03334813648012935
swe-agent,long,577,68,0.9666518635198706,1.0,-0.03334813648012935
swe-agent,long,578,68,0.9666518635198706,1.0,-0.03334813648012935
swe-agent,long,579,68,0.9666518635198706,1.0,-0.03334813648012935
swe-agent,long,580,68,0.9666518635198706,1.0,-0.03334813648012935
swe-agent,long,581,68,0.9666518635198706,1.0,-0.03334813648012935
swe-agent,long,582,68,0.9666518635198706,1.0,-0.03334813648012935
swe-agent,long,583,68,0.9666518635198706,1.0,-0.03334813648012935
swe-agent,long,584,68,0.9666518635198706,1.0,-0.03334813648012935
swe-agent,long,585,68,0.9666518635198706,1.0,-0.03334813648012935
swe-agent,long,586,68,0.9666518635198706,1.0,-0.03334813648012935
swe-agent,long,587,68,0.9666518635198706,1.0,-0.03334813648012935
swe-agent,long,588,68,0.9666518635198706,1.0,-0.03334813648012935
swe-agent,long,589,68,0.9666518635198706,1.0,-0.03334813648012935
swe-agent,long,590,68,0.9666518635198706,1.0,-0.03334813648012935
swe-agent,long,591,63,0.9640051860214477,1.0,-0.03599481397855231
swe-agent,long,592,63,0.9640051860214477,1.0,-0.03599481397855231
swe-agent,long,593,61,0.9730709298661893,1.0,-0.02692907013381074
swe-agent,long,594,61,0.9730709298661893,1.0,-0.02692907013381074
swe-agent,long,595,61,0.9730709298661893,1.0,-0.02692907013381074
swe-agent,long,596,61,0.9730709298661893,1.0,-0.02692907013381074
swe-agent,long,597,61,0.9730709298661893,1.0,-0.02692907013381074
swe-agent,long,598,61,0.9730709298661893,1.0,-0.02692907013381074
swe-agent,long,599,61,0.9730709298661893,1.0,-0.02692907013381074
swe-agent,long,600,61,0.9730709298661893,1.0,-0.02692907013381074
swe-agent,long,601,61,0.9730709298661893,1.0,-0.02692907013381074
swe-agent,long,602,61,0.9730709298661893,1.0,-0.02692907013381074
swe-agent,long,603,61,0.9730709298661893,1.0,-0.02692907013381074
swe-agent,long,604,61,0.9730709298661893,1.0,-0.02692907013381074
swe-agent,long,605,59,0.9721580800311448,1.0,-0.02784191996885521
swe-agent,long,606,59,0.9721580800311448,1.0,-0.02784191996885521
swe-agent,long,607,59,0.9721580800311448,1.0,-0.02784191996885521
swe-agent,long,608,59,0.9721580800311448,1.0,-0.02784191996885521
swe-agent,long,609,56,0.9706665486042418,1.0,-0.02933345139575816
swe-agent,long,610,56,0.9706665486042418,1.0,-0.02933345139575816
swe-agent,long,611,56,0.9706665486042418,1.0,-0.02933345139575816
swe-agent,long,612,56,0.9706665486042418,1.0,-0.02933345139575816
swe-agent,long,613,56,0.9706665486042418,1.0,-0.02933345139575816
swe-agent,long,614,56,0.9706665486042418,1.0,-0.02933345139575816
swe-agent,long,615,56,0.9706665486042418,1.0,-0.02933345139575816
swe-agent,long,616,56,0.9706665486042418,1.0,-0.02933345139575816
swe-agent,long,617,56,0.9706665486042418,1.0,-0.02933345139575816
swe-agent,long,618,56,0.9706665486042418,1.0,-0.02933345139575816
swe-agent,long,619,51,0.9677907200360303,1.0,-0.03220927996396972
swe-agent,long,620,51,0.9677907200360303,1.0,-0.03220927996396972
swe-agent,long,621,51,0.9677907200360303,1.0,-0.03220927996396972
swe-agent,long,622,51,0.9677907200360303,1.0,-0.03220927996396972
swe-agent,long,623,51,0.9677907200360303,1.0,-0.03220927996396972
swe-agent,long,624,51,0.9677907200360303,1.0,-0.03220927996396972
swe-agent,long,625,51,0.9677907200360303,1.0,-0.03220927996396972
swe-agent,long,626,51,0.9677907200360303,1.0,-0.03220927996396972
swe-agent,long,627,51,0.9677907200360303,1.0,-0.03220927996396972
swe-agent,long,628,51,0.9677907200360303,1.0,-0.03220927996396972
swe-agent,long,629,51,0.9677907200360303,1.0,-0.03220927996396972
swe-agent,long,630,51,0.9677907200360303,1.0,-0.03220927996396972
swe-agent,long,631,44,0.9715909089778937,1.0,-0.028409091022106314
swe-agent,long,632,44,0.9715909089778937,1.0,-0.028409091022106314
swe-agent,long,633,44,0.9715909089778937,1.0,-0.028409091022106314
swe-agent,long,634,44,0.9715909089778937,1.0,-0.028409091022106314
swe-agent,long,635,44,0.9715909089778937,1.0,-0.028409091022106314
swe-agent,long,636,44,0.9715909089778937,1.0,-0.028409091022106314
swe-agent,long,637,44,0.9715909089778937,1.0,-0.028409091022106314
swe-agent,long,638,44,0.9715909089778937,1.0,-0.028409091022106314
swe-agent,long,639,44,0.9715909089778937,1.0,-0.028409091022106314
swe-agent,long,640,44,0.9715909089778937,1.0,-0.028409091022106314
swe-agent,long,641,44,0.9715909089778937,1.0,-0.028409091022106314
swe-agent,long,642,44,0.9715909089778937,1.0,-0.028409091022106314
swe-agent,long,643,44,0.9715909089778937,1.0,-0.028409091022106314
swe-agent,long,644,44,0.9715909089778937,1.0,-0.028409091022106314
swe-agent,long,645,44,0.9715909089778937,1.0,-0.028409091022106314
swe-agent,long,646,44,0.9715909089778937,1.0,-0.028409091022106314
swe-agent,long,647,44,0.9715909089778937,1.0,-0.028409091022106314
swe-agent,long,648,44,0.9715909089778937,1.0,-0.028409091022106314
swe-agent,long,649,44,0.9715909089778937,1.0,-0.028409091022106314
swe-agent,long,650,44,0.9715909089778937,1.0,-0.028409091022106314
swe-agent,long,651,44,0.9715909089778937,1.0,-0.028409091022106314
swe-agent,long,652,44,0.9715909089778937,1.0,-0.028409091022106314
swe-agent,long,653,44,0.9715909089778937,1.0,-0.028409091022106314
swe-agent,long,654,44,0.9715909089778937,1.0,-0.028409091022106314
swe-agent,long,655,39,0.9679487178212134,1.0,-0.03205128217878661
swe-agent,long,656,39,0.9679487178212134,1.0,-0.03205128217878661
swe-agent,long,657,39,0.9679487178212134,1.0,-0.03205128217878661
swe-agent,long,658,39,0.9679487178212134,1.0,-0.03205128217878661
swe-agent,long,659,39,0.9679487178212134,1.0,-0.03205128217878661
swe-agent,long,660,39,0.9679487178212134,1.0,-0.03205128217878661
swe-agent,long,661,39,0.9679487178212134,1.0,-0.03205128217878661
swe-agent,long,662,39,0.9679487178212134,1.0,-0.03205128217878661
swe-agent,long,663,39,0.9679487178212134,1.0,-0.03205128217878661
swe-agent,long,664,39,0.9679487178212134,1.0,-0.03205128217878661
swe-agent,long,665,39,0.9679487178212134,1.0,-0.03205128217878661
swe-agent,long,666,39,0.9679487178212134,1.0,-0.03205128217878661
swe-agent,long,667,39,0.9679487178212134,1.0,-0.03205128217878661
swe-agent,long,668,39,0.9679487178212134,1.0,-0.03205128217878661
swe-agent,long,669,34,0.9632352939713918,1.0,-0.03676470602860815
swe-agent,long,670,34,0.9632352939713918,1.0,-0.03676470602860815
swe-agent,long,671,34,0.9632352939713918,1.0,-0.03676470602860815
swe-agent,long,672,34,0.9632352939713918,1.0,-0.03676470602860815
swe-agent,long,673,34,0.9632352939713918,1.0,-0.03676470602860815
swe-agent,long,674,34,0.9632352939713918,1.0,-0.03676470602860815
swe-agent,long,675,34,0.9632352939713918,1.0,-0.03676470602860815
swe-agent,long,676,34,0.9632352939713918,1.0,-0.03676470602860815
swe-agent,long,677,34,0.9632352939713918,1.0,-0.03676470602860815
swe-agent,long,678,34,0.9632352939713918,1.0,-0.03676470602860815
swe-agent,long,679,34,0.9632352939713918,1.0,-0.03676470602860815
swe-agent,long,680,34,0.9632352939713918,1.0,-0.03676470602860815
swe-agent,long,681,34,0.9632352939713918,1.0,-0.03676470602860815
swe-agent,long,682,34,0.9632352939713918,1.0,-0.03676470602860815
swe-agent,long,683,27,0.9537037035195305,1.0,-0.04629629648046951
swe-agent,long,684,27,0.9537037035195305,1.0,-0.04629629648046951
swe-agent,long,685,27,0.9537037035195305,1.0,-0.04629629648046951
swe-agent,long,686,27,0.9537037035195305,1.0,-0.04629629648046951
swe-agent,long,687,27,0.9537037035195305,1.0,-0.04629629648046951
swe-agent,long,688,27,0.9537037035195305,1.0,-0.04629629648046951
swe-agent,long,689,27,0.9537037035195305,1.0,-0.04629629648046951
swe-agent,long,690,27,0.9537037035195305,1.0,-0.04629629648046951
swe-agent,long,691,27,0.9537037035195305,1.0,-0.04629629648046951
swe-agent,long,692,27,0.9537037035195305,1.0,-0.04629629648046951
swe-agent,long,693,27,0.9537037035195305,1.0,-0.04629629648046951
swe-agent,long,694,27,0.9537037035195305,1.0,-0.04629629648046951
swe-agent,long,695,27,0.9537037035195305,1.0,-0.04629629648046951
swe-agent,long,696,27,0.9537037035195305,1.0,-0.04629629648046951
swe-agent,long,697,27,0.9537037035195305,1.0,-0.04629629648046951
swe-agent,long,698,27,0.9537037035195305,1.0,-0.04629629648046951
swe-agent,long,699,27,0.9537037035195305,1.0,-0.04629629648046951
swe-agent,long,700,27,0.9537037035195305,1.0,-0.04629629648046951
swe-agent,long,701,27,0.9537037035195305,1.0,-0.04629629648046951
swe-agent,long,702,27,0.9537037035195305,1.0,-0.04629629648046951
swe-agent,long,703,27,0.9537037035195305,1.0,-0.04629629648046951
swe-agent,long,704,27,0.9537037035195305,1.0,-0.04629629648046951
swe-agent,long,705,27,0.9537037035195305,1.0,-0.04629629648046951
swe-agent,long,706,27,0.9537037035195305,1.0,-0.04629629648046951
swe-agent,long,707,27,0.9537037035195305,1.0,-0.04629629648046951
swe-agent,long,708,27,0.9537037035195305,1.0,-0.04629629648046951
swe-agent,long,709,27,0.9537037035195305,1.0,-0.04629629648046951
swe-agent,long,710,27,0.9537037035195305,1.0,-0.04629629648046951
swe-agent,long,711,25,0.949999999801093,1.0,-0.050000000198907046
swe-agent,long,712,25,0.949999999801093,1.0,-0.050000000198907046
swe-agent,long,713,23,0.9728260868484201,1.0,-0.02717391315157991
swe-agent,long,714,23,0.9728260868484201,1.0,-0.02717391315157991
swe-agent,long,715,23,0.9728260868484201,1.0,-0.02717391315157991
swe-agent,long,716,23,0.9728260868484201,1.0,-0.02717391315157991
swe-agent,long,717,23,0.9728260868484201,1.0,-0.02717391315157991
swe-agent,long,718,23,0.9728260868484201,1.0,-0.02717391315157991
swe-agent,long,719,23,0.9728260868484201,1.0,-0.02717391315157991
swe-agent,long,720,23,0.9728260868484201,1.0,-0.02717391315157991
swe-agent,long,721,23,0.9728260868484201,1.0,-0.02717391315157991
swe-agent,long,722,23,0.9728260868484201,1.0,-0.02717391315157991
swe-agent,long,723,23,0.9728260868484201,1.0,-0.02717391315157991
swe-agent,long,724,23,0.9728260868484201,1.0,-0.02717391315157991
swe-agent,long,725,23,0.9728260868484201,1.0,-0.02717391315157991
swe-agent,long,726,23,0.9728260868484201,1.0,-0.02717391315157991
swe-agent,long,727,16,0.9609374998446039,1.0,-0.03906250015539614
swe-agent,long,728,16,0.9609374998446039,1.0,-0.03906250015539614
swe-agent,long,729,16,0.9609374998446039,1.0,-0.03906250015539614
swe-agent,long,730,16,0.9609374998446039,1.0,-0.03906250015539614
swe-agent,long,731,16,0.9609374998446039,1.0,-0.03906250015539614
swe-agent,long,732,16,0.9609374998446039,1.0,-0.03906250015539614
swe-agent,long,733,16,0.9609374998446039,1.0,-0.03906250015539614
swe-agent,long,734,16,0.9609374998446039,1.0,-0.03906250015539614
swe-agent,long,735,9,0.9305555552792958,1.0,-0.06944444472070421
swe-agent,long,736,9,0.9305555552792958,1.0,-0.06944444472070421
swe-agent,long,737,9,0.9305555552792958,1.0,-0.06944444472070421
swe-agent,long,738,9,0.9305555552792958,1.0,-0.06944444472070421
swe-agent,long,739,9,0.9305555552792958,1.0,-0.06944444472070421
swe-agent,long,740,9,0.9305555552792958,1.0,-0.06944444472070421
swe-agent,long,741,9,0.9305555552792958,1.0,-0.06944444472070421
swe-agent,long,742,9,0.9305555552792958,1.0,-0.06944444472070421
swe-agent,long,743,9,0.9305555552792958,1.0,-0.06944444472070421
swe-agent,long,744,9,0.9305555552792958,1.0,-0.06944444472070421
swe-agent,long,745,9,0.9305555552792958,1.0,-0.06944444472070421
swe-agent,long,746,9,0.9305555552792958,1.0,-0.06944444472070421
swe-agent,long,747,9,0.9305555552792958,1.0,-0.06944444472070421
swe-agent,long,748,9,0.9305555552792958,1.0,-0.06944444472070421
swe-agent,long,749,9,0.9305555552792958,1.0,-0.06944444472070421
swe-agent,long,750,9,0.9305555552792958,1.0,-0.06944444472070421
swe-agent,long,751,9,0.9305555552792958,1.0,-0.06944444472070421
swe-agent,long,752,9,0.9305555552792958,1.0,-0.06944444472070421
swe-agent,long,753,9,0.9305555552792958,1.0,-0.06944444472070421
swe-agent,long,754,9,0.9305555552792958,1.0,-0.06944444472070421
swe-agent,long,755,9,0.9305555552792958,1.0,-0.06944444472070421
swe-agent,long,756,9,0.9305555552792958,1.0,-0.06944444472070421
swe-agent,long,757,9,0.9305555552792958,1.0,-0.06944444472070421
swe-agent,long,758,9,0.9305555552792958,1.0,-0.06944444472070421
swe-agent,long,759,9,0.9305555552792958,1.0,-0.06944444472070421
swe-agent,long,760,9,0.9305555552792958,1.0,-0.06944444472070421
swe-agent,long,761,9,0.9305555552792958,1.0,-0.06944444472070421
swe-agent,long,762,9,0.9305555552792958,1.0,-0.06944444472070421
swe-agent,long,763,9,0.9305555552792958,1.0,-0.06944444472070421
swe-agent,long,764,9,0.9305555552792958,1.0,-0.06944444472070421
swe-agent,long,765,9,0.9305555552792958,1.0,-0.06944444472070421
swe-agent,long,766,9,0.9305555552792958,1.0,-0.06944444472070421
swe-agent,long,767,9,0.9305555552792958,1.0,-0.06944444472070421
swe-agent,long,768,9,0.9305555552792958,1.0,-0.06944444472070421
swe-agent,long,769,9,0.9305555552792958,1.0,-0.06944444472070421
swe-agent,long,770,9,0.9305555552792958,1.0,-0.06944444472070421
swe-agent,long,771,9,0.9305555552792958,1.0,-0.06944444472070421
swe-agent,long,772,9,0.9305555552792958,1.0,-0.06944444472070421
swe-agent,long,773,9,0.9305555552792958,1.0,-0.06944444472070421
swe-agent,long,774,9,0.9305555552792958,1.0,-0.06944444472070421
swe-agent,long,775,9,0.9305555552792958,1.0,-0.06944444472070421
swe-agent,long,776,9,0.9305555552792958,1.0,-0.06944444472070421
swe-agent,long,777,9,0.9305555552792958,1.0,-0.06944444472070421
swe-agent,long,778,9,0.9305555552792958,1.0,-0.06944444472070421
swe-agent,long,779,9,0.9305555552792958,1.0,-0.06944444472070421
swe-agent,long,780,9,0.9305555552792958,1.0,-0.06944444472070421
swe-agent,long,781,9,0.9305555552792958,1.0,-0.06944444472070421
swe-agent,long,782,9,0.9305555552792958,1.0,-0.06944444472070421
swe-agent,long,783,9,0.9305555552792958,1.0,-0.06944444472070421
swe-agent,long,784,9,0.9305555552792958,1.0,-0.06944444472070421
swe-agent,long,785,9,0.9305555552792958,1.0,-0.06944444472070421
swe-agent,long,786,9,0.9305555552792958,1.0,-0.06944444472070421
swe-agent,long,787,9,0.9305555552792958,1.0,-0.06944444472070421
swe-agent,long,788,9,0.9305555552792958,1.0,-0.06944444472070421
swe-agent,long,789,7,1.0,1.0,0.0
swe-agent,long,790,7,1.0,1.0,0.0
swe-agent,medium,1,37198,0.5150588362296942,0.5334964245389537,-0.018437588309259567
swe-agent,medium,2,37198,0.5150588362296942,0.5334964245389537,-0.018437588309259567
swe-agent,medium,3,37198,0.5589508918402372,0.5841174256680467,-0.025166533827809534
swe-agent,medium,4,37182,0.5595838316680034,0.5839384648485827,-0.024354633180579288
swe-agent,medium,5,37168,0.5604564381419828,0.584427464485579,-0.02397102634359627
swe-agent,medium,6,37181,0.5594401278145297,0.58457276565988,-0.02513263784535036
swe-agent,medium,7,37167,0.5833221801660065,0.600667258589609,-0.017345078423602556
swe-agent,medium,8,37158,0.5824115964476745,0.600570536627375,-0.018158940179700545
swe-agent,medium,9,37096,0.6028316909200361,0.6275339659262454,-0.024702275006209362
swe-agent,medium,10,37131,0.6034119215926157,0.6278850556139075,-0.02447313402129181
swe-agent,medium,11,36940,0.6156260269206485,0.6362208987547374,-0.020594871834088924
swe-agent,medium,12,37003,0.6163465170732486,0.6368402561954436,-0.020493739122194987
swe-agent,medium,13,36956,0.6236838284804141,0.6484738608074467,-0.024790032327032585
swe-agent,medium,14,36915,0.6232884318188415,0.648083434918055,-0.024795003099213453
swe-agent,medium,15,36722,0.6336591383659906,0.6568542018408583,-0.02319506347486766
swe-agent,medium,16,36965,0.6356203531621402,0.65910996888949,-0.023489615727349866
swe-agent,medium,17,36896,0.6395159886565033,0.6711025585429314,-0.03158656988642816
swe-agent,medium,18,36940,0.6394488964080781,0.6714943151055766,-0.03204541869749844
swe-agent,medium,19,36708,0.6439203153119522,0.6853002070393375,-0.04137989172738532
swe-agent,medium,20,36706,0.6437681670620974,0.6852830599901923,-0.04151489292809496
swe-agent,medium,21,36621,0.644193925969248,0.7059610605936485,-0.06176713462440053
swe-agent,medium,22,36350,0.6410581808046175,0.7037689133425035,-0.06271073253788595
swe-agent,medium,23,36277,0.6357911164179356,0.7360310940816496,-0.10023997766371395
swe-agent,medium,24,36071,0.633048574135668,0.7345235784979623,-0.1014750043622944
swe-agent,medium,25,34203,0.633085388587729,0.7611905388416221,-0.12810515025389313
swe-agent,medium,26,34187,0.6320858785234764,0.7610787726328722,-0.12899289410939574
swe-agent,medium,27,29530,0.6299321571248641,0.7666102268879106,-0.13667806976304653
swe-agent,medium,28,29467,0.6290900892929812,0.7661112430854855,-0.13702115379250435
swe-agent,medium,29,25661,0.6287457849191951,0.7742488601379526,-0.1455030752187575
swe-agent,medium,30,25575,0.627253136181227,0.7734897360703812,-0.14623659988915416
swe-agent,medium,31,22260,0.6298051306293937,0.7858041329739442,-0.15599900234455055
swe-agent,medium,32,21901,0.6239305233212755,0.7822930459796357,-0.15836252265836015
swe-agent,medium,33,18770,0.6247465750857575,0.7950985615343633,-0.17035198644860583
swe-agent,medium,34,18875,0.6263544098888895,0.7962384105960265,-0.16988400070713705
swe-agent,medium,35,15865,0.6287674944531979,0.8050425464859754,-0.1762750520327775
swe-agent,medium,36,15865,0.6289496004095323,0.8050425464859754,-0.1760929460764431
swe-agent,medium,37,13461,0.6323617714774983,0.8191070499962856,-0.1867452785187873
swe-agent,medium,38,13466,0.6323794985361776,0.8191742165453735,-0.1867947180091959
swe-agent,medium,39,11352,0.6319953871966344,0.8375616631430585,-0.20556627594642407
swe-agent,medium,40,11359,0.6324928154294999,0.8376617660005282,-0.20516895057102835
swe-agent,medium,41,9224,0.6380434404502784,0.852558542931483,-0.21451510248120464
swe-agent,medium,42,9230,0.6383279086023778,0.8526543878656555,-0.21432647926327775
swe-agent,medium,43,7281,0.6433433778161892,0.8726823238566132,-0.22933894604042393
swe-agent,medium,44,7271,0.6427872704049858,0.8725072204648604,-0.22971995005987456
swe-agent,medium,45,5675,0.6514707885284209,0.9006167400881058,-0.2491459515596849
swe-agent,medium,46,5658,0.6502199020263975,0.9003181336161188,-0.25009823158972133
swe-agent,medium,47,3974,0.6508749702250557,0.9297936587820835,-0.27891868855702784
swe-agent,medium,48,3612,0.6159380968928801,0.9227574750830565,-0.30681937819017635
swe-agent,medium,49,2283,0.6153313143910607,0.970652650021901,-0.35532133563084034
swe-agent,medium,50,2292,0.6167601840297654,0.9707678883071553,-0.3540077042773899
swe-agent,medium,51,745,0.6074085870206758,1.0,-0.3925914129793242
swe-agent,medium,52,753,0.6107092141564333,1.0,-0.3892907858435667
swe-agent,short,1,37198,0.5150588362296942,0.6463250712403893,-0.13126623501069512
swe-agent,short,2,37191,0.5150588362296942,0.6462585034013606,-0.13119966717166642
swe-agent,short,3,36988,0.5838035009354654,0.7343192386720018,-0.15051573773653637
swe-agent,short,4,36965,0.5848025890686751,0.7341539293926688,-0.14935134032399366
swe-agent,short,5,36612,0.5856897602547083,0.7344313339888561,-0.14874157373414776
swe-agent,short,6,36626,0.5848784051560846,0.7345328455195762,-0.14965444036349163
swe-agent,short,7,36265,0.601980166703381,0.7575899627740246,-0.15560979607064362
swe-agent,short,8,36261,0.6013026383364487,0.7575632221946443,-0.15626058385819563
swe-agent,short,9,34144,0.6120653314734572,0.7893626991565136,-0.17729736768305637
swe-agent,short,10,34208,0.6129759233890224,0.789756782039289,-0.1767808586502666
swe-agent,short,11,31263,0.622940217425706,0.8022262738700701,-0.17928605644436402
swe-agent,short,12,31448,0.6253905928554646,0.8033897227168659,-0.17799912986140132
swe-agent,short,13,27882,0.6207166137488304,0.819991392296105,-0.1992747785472746
swe-agent,short,14,27894,0.620768509774684,0.8200688320068832,-0.19930032223219918
swe-agent,short,15,23951,0.6191412316930962,0.8442653751409127,-0.2251241434478165
swe-agent,short,16,24239,0.6230744377708382,0.846115763851644,-0.22304132608080585
swe-agent,short,17,19142,0.6190554352711864,0.8728972939086824,-0.253841858637496
swe-agent,short,18,19163,0.6191048050755728,0.8730365809111308,-0.25393177583555804
swe-agent,short,19,13784,0.6130375191812522,0.9107661056297156,-0.29772858644846345
swe-agent,short,20,13788,0.6129264361474246,0.9107919930374239,-0.2978655568899993
swe-agent,short,21,8260,0.607544600965023,0.9608958837772397,-0.3533512828122166
swe-agent,short,22,8245,0.606733969638058,0.9608247422680413,-0.35409077262998323
swe-agent,short,23,2887,0.6084847566836487,1.0,-0.39151524331635135
swe-agent,short,24,2873,0.6055367520151614,1.0,-0.39446324798483856
terminalbench,long,1,3031,0.602351990903974,0.39689871329594195,0.205453277608032
terminalbench,long,2,2996,0.6013950698691416,0.41321762349799734,0.18817744637114425
terminalbench,long,3,2985,0.6055950829996058,0.4137353433835846,0.19185973961602126
terminalbench,long,4,2959,0.6056240329873975,0.4139912132477188,0.19163281973967872
terminalbench,long,5,2852,0.590485864555462,0.39866760168302945,0.1918182628724326
terminalbench,long,6,2837,0.5864581162098269,0.39971801198449064,0.18674010422533627
terminalbench,long,7,2822,0.5839093252091272,0.4011339475549256,0.1827753776542016
terminalbench,long,8,2793,0.5795940717833812,0.4020766201217329,0.17751745166164828
terminalbench,long,9,2789,0.5779841166601591,0.4051631409107207,0.17282097574943844
terminalbench,long,10,2805,0.5834372472038977,0.4131907308377897,0.170246516366108
terminalbench,long,11,2791,0.583748536690688,0.4149050519527051,0.16884348473798294
terminalbench,long,12,2786,0.585194920618383,0.4210337401292175,0.16416118048916545
terminalbench,long,13,2787,0.5835957689551426,0.4280588446358091,0.15553692431933352
terminalbench,long,14,2792,0.5864598017828757,0.4348137535816619,0.1516460482012138
terminalbench,long,15,2791,0.585391991407524,0.4396273737011824,0.14576461770634158
terminalbench,long,16,2747,0.5786674919303095,0.4364761558063342,0.14219133612397533
terminalbench,long,17,2759,0.5783013102713368,0.4465386009423704,0.1317627093289664
terminalbench,long,18,2765,0.5824424592448701,0.4495479204339964,0.13289453881087376
terminalbench,long,19,2784,0.5836030190973025,0.46048850574712646,0.12311451335017604
terminalbench,long,20,2782,0.5837449420786662,0.4672897196261682,0.11645522245249801
terminalbench,long,21,2808,0.5844085623116368,0.4797008547008547,0.10470770761078213
terminalbench,long,22,2810,0.5840526662902138,0.4889679715302491,0.09508469475996467
terminalbench,long,23,2819,0.5834595873705156,0.5005321035828308,0.08292748378768477
terminalbench,long,24,2773,0.5731729989177041,0.5016227912008655,0.07155020771683862
terminalbench,long,25,2767,0.570383558020762,0.5102999638597759,0.060083594160986076
terminalbench,long,26,2773,0.5672268044956784,0.5146051208077894,0.052621683687889
terminalbench,long,27,2803,0.5685577442734714,0.5312165536924723,0.03734119058099905
terminalbench,long,28,2820,0.5698503325725551,0.5443262411347518,0.02552409143780332
terminalbench,long,29,2829,0.5682896953724526,0.5585012371862849,0.009788458186167692
terminalbench,long,30,2821,0.5659150499718666,0.5636299184686282,0.002285131503238391
terminalbench,long,31,2774,0.5672243849580678,0.5713770728190339,-0.00415268786096612
terminalbench,long,32,2717,0.5725531680506457,0.5715863084284137,0.0009668596222319747
terminalbench,long,33,2662,0.5769718063354886,0.574755822689707,0.002215983645781572
terminalbench,long,34,2637,0.573417902310457,0.5809632157755025,-0.0075453134650455
terminalbench,long,35,2539,0.5679085611622938,0.5766049625836943,-0.00869640142140049
terminalbench,long,36,2465,0.5669413006181706,0.5740365111561866,-0.0070952105380159836
terminalbench,long,37,2407,0.5677881848422887,0.5741587037806398,-0.006370518938351166
terminalbench,long,38,2338,0.5691005805838355,0.5727117194183062,-0.0036111388344707285
terminalbench,long,39,2299,0.5693960076365169,0.5750326228795128,-0.005636615242995968
terminalbench,long,40,2253,0.5716696723219776,0.5752330226364847,-0.003563350314507052
terminalbench,long,41,2178,0.5735151291395735,0.5730027548209367,0.0005123743186368213
terminalbench,long,42,2096,0.5744089128933506,0.5663167938931297,0.008092119000220888
terminalbench,long,43,2043,0.5711935507319644,0.5663240332843857,0.004869517447578686
terminalbench,long,44,1990,0.5658867255668925,0.563819095477387,0.002067630089505501
terminalbench,long,45,1924,0.5667896883591587,0.5566528066528067,0.010136881706351963
terminalbench,long,46,1896,0.5659188615472481,0.5606540084388185,0.005264853108429612
terminalbench,long,47,1872,0.5638844146694636,0.5667735042735043,-0.002889089604040662
terminalbench,long,48,1834,0.5629183982863806,0.5676117775354417,-0.004693379249061103
terminalbench,long,49,1793,0.5590457164095541,0.5738984941438929,-0.014852777734338796
terminalbench,long,50,1748,0.5610333702409328,0.5726544622425629,-0.011621092001630084
terminalbench,long,51,1712,0.5610704341748433,0.5747663551401869,-0.013695920965343666
terminalbench,long,52,1658,0.5576189456110247,0.5687575392038601,-0.011138593592835422
terminalbench,long,53,1610,0.556265843225769,0.5645962732919255,-0.008330430066156524
terminalbench,long,54,1582,0.5620912892509689,0.5619469026548672,0.00014438659610160887
terminalbench,long,55,1559,0.5671377435897791,0.5638229634381013,0.003314780151677743
terminalbench,long,56,1532,0.5641942490531408,0.564621409921671,-0.0004271608685302297
terminalbench,long,57,1501,0.5669013375448712,0.564290473017988,0.0026108645268831943
terminalbench,long,58,1475,0.5628135133375286,0.568135593220339,-0.0053220798828104154
terminalbench,long,59,1415,0.5631622560118843,0.558303886925795,0.004858369086089276
terminalbench,long,60,1401,0.5634787560963388,0.561741613133476,0.0017371429628627588
terminalbench,long,61,1384,0.5645072352540519,0.5679190751445087,-0.0034118398904567915
terminalbench,long,62,1368,0.5666521347676131,0.5716374269005848,-0.004985292132971719
terminalbench,long,63,1348,0.5689734272493043,0.5734421364985163,-0.004468709249211944
terminalbench,long,64,1290,0.571230623097061,0.5643410852713179,0.006889537825743086
terminalbench,long,65,1246,0.5663883787985693,0.5561797752808989,0.01020860351767039
terminalbench,long,66,1235,0.5685420536846882,0.5595141700404859,0.009027883644202372
terminalbench,long,67,1211,0.5663688480906782,0.5606936416184971,0.005675206472181116
terminalbench,long,68,1193,0.5691352169329759,0.5599329421626152,0.009202274770360619
terminalbench,long,69,1181,0.5700954364007393,0.5656223539373413,0.004473082463398059
terminalbench,long,70,1159,0.56912316174313,0.5616911130284729,0.007432048714657191
terminalbench,long,71,1118,0.5706565447615369,0.5518783542039356,0.018778190557601326
terminalbench,long,72,1100,0.5724827078875825,0.5554545454545454,0.017028162433037064
terminalbench,long,73,1094,0.5738641831830879,0.5594149908592322,0.014449192323855664
terminalbench,long,74,1080,0.5731402786880783,0.5583333333333333,0.014806945354744916
terminalbench,long,75,1068,0.5733841270122222,0.5692883895131086,0.0040957374991136275
terminalbench,long,76,1057,0.5671673660666758,0.5808893093661306,-0.013721943299454753
terminalbench,long,77,1044,0.5650005004918524,0.578544061302682,-0.013543560810829636
terminalbench,long,78,1013,0.5635612305669709,0.5755182625863771,-0.011957032019406122
terminalbench,long,79,971,0.5631189945133951,0.5653964984552008,-0.002277503941805703
terminalbench,long,80,958,0.5659015506959526,0.5720250521920668,-0.006123501496114181
terminalbench,long,81,949,0.5605855287611337,0.5795574288724974,-0.018971900111363738
terminalbench,long,82,919,0.5562761092892078,0.5756256800870512,-0.019349570797843385
terminalbench,long,83,872,0.5622812296385409,0.5596330275229358,0.002648202115605125
terminalbench,long,84,851,0.5699896367300571,0.5522914218566393,0.017698214873417828
terminalbench,long,85,854,0.5674912578893614,0.5597189695550351,0.007772288334326305
terminalbench,long,86,836,0.5680711306669376,0.5550239234449761,0.01304720722196151
terminalbench,long,87,831,0.5689218682949823,0.555956678700361,0.01296518959462123
terminalbench,long,88,817,0.565118094580447,0.554467564259486,0.010650530320961082
terminalbench,long,89,789,0.5617377339247724,0.5475285171102662,0.014209216814506265
terminalbench,long,90,791,0.5615403074280838,0.5587863463969659,0.002753961031117913
terminalbench,long,91,779,0.5626469785252997,0.5609756097560976,0.0016713687692020418
terminalbench,long,92,749,0.5594811593576532,0.5540720961281709,0.005409063229482314
terminalbench,long,93,743,0.5589471781975737,0.5612382234185733,-0.0022910452209996546
terminalbench,long,94,726,0.5638127325211619,0.5619834710743802,0.0018292614467817492
terminalbench,long,95,687,0.5585819532897418,0.5516739446870451,0.006908008602696691
terminalbench,long,96,662,0.5602459427301449,0.5392749244712991,0.02097101825884584
terminalbench,long,97,627,0.5612008282234503,0.5231259968102073,0.03807483141324297
terminalbench,long,98,605,0.5490000004161564,0.509090909090909,0.03990909132524734
terminalbench,long,99,597,0.5446497572037587,0.5142378559463987,0.03041190125736004
terminalbench,long,100,589,0.5446130750300413,0.5161290322580645,0.028484042771976803
terminalbench,long,101,585,0.5553201955869164,0.5196581196581197,0.035662075928796666
terminalbench,long,102,570,0.5450388010249696,0.5157894736842106,0.029249327340759024
terminalbench,long,103,554,0.5376247753559733,0.5072202166064982,0.03040455874947512
terminalbench,long,104,547,0.5374710661815261,0.5137111517367459,0.023759914444780206
terminalbench,long,105,532,0.5324825119612127,0.5112781954887218,0.02120431647249088
terminalbench,long,106,532,0.5289068980569589,0.5169172932330827,0.011989604823876232
terminalbench,long,107,513,0.5286884810277362,0.5048732943469786,0.02381518668075766
terminalbench,long,108,506,0.5353653850829888,0.5019762845849802,0.033389100498008584
terminalbench,long,109,495,0.5279092669184676,0.49696969696969695,0.030939569948770673
terminalbench,long,110,489,0.5288441873449716,0.5010224948875256,0.027821692457446034
terminalbench,long,111,475,0.5325868714651669,0.4905263157894737,0.04206055567569322
terminalbench,long,112,466,0.5365884377100806,0.4871244635193133,0.04946397419076726
terminalbench,long,113,465,0.53082340121891,0.4924731182795699,0.03835028293934012
terminalbench,long,114,447,0.5384996806014165,0.4742729306487696,0.06422674995264693
terminalbench,long,115,448,0.5424987229154152,0.48660714285714285,0.05589158005827238
terminalbench,long,116,442,0.5411451486506762,0.4819004524886878,0.05924469616198841
terminalbench,long,117,443,0.5472211253989164,0.48758465011286684,0.059636475286049595
terminalbench,long,118,443,0.5514792006526017,0.48758465011286684,0.06389455053973486
terminalbench,long,119,445,0.551340857974515,0.4966292134831461,0.05471164449136895
terminalbench,long,120,445,0.545339899795744,0.49887640449438203,0.04646349530136201
terminalbench,long,121,445,0.5472049562200295,0.501123595505618,0.04608136071441149
terminalbench,long,122,437,0.5445444909920666,0.4988558352402746,0.045688655751791984
terminalbench,long,123,437,0.5478613213758902,0.5080091533180778,0.03985216805781233
terminalbench,long,124,429,0.5488364173226173,0.5011655011655012,0.04767091615711616
terminalbench,long,125,421,0.5455857150174439,0.498812351543943,0.04677336347350092
terminalbench,long,126,421,0.546926946465877,0.505938242280285,0.04098870418559197
terminalbench,long,127,413,0.5510158508160536,0.4963680387409201,0.05464781207513353
terminalbench,long,128,420,0.557613748990137,0.5119047619047619,0.045708987085375186
terminalbench,long,129,413,0.5636498464265993,0.5036319612590799,0.06001788516751938
terminalbench,long,130,399,0.5659929662648219,0.48621553884711777,0.0797774274177041
terminalbench,long,131,399,0.5708753990425065,0.48872180451127817,0.08215359453122834
terminalbench,long,132,392,0.5598973860894066,0.4846938775510204,0.07520350853838625
terminalbench,long,133,392,0.557123390424657,0.4897959183673469,0.06732747205731004
terminalbench,long,134,392,0.5592226407610491,0.4923469387755102,0.06687570198553888
terminalbench,long,135,392,0.5598369893926229,0.5,0.05983698939262294
terminalbench,long,136,392,0.55935976459295,0.5051020408163265,0.05425772377662352
terminalbench,long,137,392,0.5601442570037687,0.5051020408163265,0.055042216187442206
terminalbench,long,138,392,0.5479119980530516,0.5127551020408163,0.03515689601223526
terminalbench,long,139,385,0.5490337328831356,0.509090909090909,0.03994282379222658
terminalbench,long,140,378,0.5457639607947594,0.5052910052910053,0.04047295550375407
terminalbench,long,141,378,0.5368541048378422,0.5132275132275133,0.023626591610328984
terminalbench,long,142,378,0.5439288502337526,0.5185185185185185,0.025410331715234102
terminalbench,long,143,371,0.5454932358657413,0.5148247978436657,0.030668438022075528
terminalbench,long,144,371,0.5422671461910683,0.5175202156334232,0.024746930557645097
terminalbench,long,145,371,0.5387168595982277,0.5175202156334232,0.021196643964804474
terminalbench,long,146,371,0.5422420120768097,0.5256064690026954,0.0166355430741143
terminalbench,long,147,364,0.5451849109257445,0.521978021978022,0.023206888947722493
terminalbench,long,148,357,0.5409732821753384,0.5210084033613446,0.01996487881399378
terminalbench,long,149,350,0.5325849018795581,0.5171428571428571,0.015442044736700966
terminalbench,long,150,350,0.530905294364618,0.5257142857142857,0.005191008650332285
terminalbench,long,151,343,0.5347352670597498,0.5189504373177842,0.0157848297419656
terminalbench,long,152,329,0.5259416571445729,0.5045592705167173,0.02138238662785552
terminalbench,long,153,329,0.5267176126084435,0.513677811550152,0.0130398010582915
terminalbench,long,154,322,0.5231939823216476,0.5062111801242236,0.016982802197423985
terminalbench,long,155,322,0.5273430672986517,0.5124223602484472,0.01492070705020443
terminalbench,long,156,322,0.5272680948708215,0.5186335403726708,0.008634554498150648
terminalbench,long,157,315,0.5104417023725104,0.5174603174603175,-0.007018615087807101
terminalbench,long,158,308,0.5003016518390051,0.512987012987013,-0.01268536114800789
terminalbench,long,159,301,0.49940319146532297,0.5149501661129569,-0.015546974647633882
terminalbench,long,160,301,0.5012280003042295,0.5182724252491694,-0.01704442494493985
terminalbench,long,161,294,0.5024973977660527,0.5170068027210885,-0.01450940495503572
terminalbench,long,162,287,0.49986212122582807,0.5052264808362369,-0.00536435961040882
terminalbench,long,163,280,0.4998983438677857,0.5,-0.00010165613221430059
terminalbench,long,164,280,0.5051850705929868,0.5071428571428571,-0.001957786549870333
terminalbench,long,165,280,0.5032779377159814,0.5107142857142857,-0.007436347998304282
terminalbench,long,166,280,0.5058329424691111,0.5142857142857142,-0.008452771816603089
terminalbench,long,167,259,0.5000949455927787,0.4826254826254826,0.017469462967296068
terminalbench,long,168,245,0.5034742660423233,0.45714285714285713,0.04633140889946613
terminalbench,long,169,238,0.4912826856073848,0.44537815126050423,0.04590453434688058
terminalbench,long,170,238,0.4840783250713503,0.44537815126050423,0.03870017381084606
terminalbench,long,171,224,0.4880901858053847,0.41517857142857145,0.07291161437681326
terminalbench,long,172,224,0.4880621827147535,0.41517857142857145,0.07288361128618204
terminalbench,long,173,224,0.48922393136444153,0.42410714285714285,0.06511678850729868
terminalbench,long,174,224,0.4809723525730738,0.42410714285714285,0.05686520971593095
terminalbench,long,175,224,0.4806057195826773,0.42857142857142855,0.052034291011248734
terminalbench,long,176,224,0.4792298256062599,0.4375,0.041729825606259874
terminalbench,long,177,224,0.47984887782426566,0.44642857142857145,0.03342030639569421
terminalbench,long,178,224,0.47861188635736485,0.45089285714285715,0.027719029214507696
terminalbench,long,179,224,0.48005755616931706,0.45535714285714285,0.024700413312174208
terminalbench,long,180,224,0.48333190982074925,0.45982142857142855,0.023510481249320703
terminalbench,long,181,224,0.4799156878467454,0.46875,0.011165687846745376
terminalbench,long,182,224,0.48030702110822104,0.49107142857142855,-0.010764407463207504
terminalbench,long,183,224,0.4801914389500041,0.5,-0.0198085610499959
terminalbench,long,184,224,0.48026395599605926,0.5,-0.019736044003940745
terminalbench,long,185,217,0.48124029824267733,0.5253456221198156,-0.04410532387713828
terminalbench,long,186,217,0.4843353287244906,0.5299539170506913,-0.04561858832620069
terminalbench,long,187,210,0.4891310602181626,0.5190476190476191,-0.029916558829456485
terminalbench,long,188,189,0.48850569410943684,0.48148148148148145,0.007024212627955384
terminalbench,long,189,189,0.4910788363637341,0.49206349206349204,-0.0009846556997579192
terminalbench,long,190,182,0.4974736331481579,0.4835164835164835,0.013957149631674381
terminalbench,long,191,182,0.49908446612655605,0.489010989010989,0.010073477115567053
terminalbench,long,192,175,0.5046416675653063,0.4742857142857143,0.030355953279591952
terminalbench,long,193,175,0.5084176974089115,0.4742857142857143,0.03413198312319721
terminalbench,long,194,175,0.5105246710716925,0.48,0.030524671071692544
terminalbench,long,195,175,0.512640160102043,0.48,0.03264016010204307
terminalbench,long,196,175,0.5159988716301773,0.49714285714285716,0.01885601448732016
terminalbench,long,197,161,0.5091369238169077,0.45962732919254656,0.04950959462436111
terminalbench,long,198,154,0.485223256795288,0.44155844155844154,0.043664815236846455
terminalbench,long,199,154,0.4867827410872465,0.44805194805194803,0.03873079303529847
terminalbench,long,200,154,0.48974518343029527,0.44805194805194803,0.04169323537834724
terminalbench,long,201,154,0.4853283804623861,0.44805194805194803,0.03727643241043804
terminalbench,long,202,154,0.4873765158227387,0.45454545454545453,0.03283106127728419
terminalbench,long,203,154,0.47987300515925446,0.461038961038961,0.018834044120293436
terminalbench,long,204,147,0.48085871547067377,0.4897959183673469,-0.008937202896673158
terminalbench,long,205,147,0.4806745899988199,0.5034013605442177,-0.02272677054539779
terminalbench,long,206,147,0.4749766253442037,0.5102040816326531,-0.035227456288449366
terminalbench,long,207,147,0.4762636618422969,0.5102040816326531,-0.03394041979035617
terminalbench,long,208,140,0.4643638435851163,0.4857142857142857,-0.021350442129169422
terminalbench,long,209,140,0.46567099249310867,0.4928571428571429,-0.02718615036403421
terminalbench,long,210,133,0.46195779170052514,0.46616541353383456,-0.004207621833309416
terminalbench,long,211,133,0.46221784871173166,0.46616541353383456,-0.0039475648221029
terminalbench,long,212,126,0.4690331978705534,0.4523809523809524,0.016652245489601036
terminalbench,long,213,119,0.4784202869469293,0.42016806722689076,0.05825221972003852
terminalbench,long,214,119,0.4794650087311771,0.42016806722689076,0.05929694150428633
terminalbench,long,215,119,0.47879483148972674,0.42016806722689076,0.05862676426283597
terminalbench,long,216,119,0.47003589395751716,0.42016806722689076,0.0498678267306264
terminalbench,long,217,119,0.4676216775165063,0.42016806722689076,0.04745361028961553
terminalbench,long,218,119,0.4528790734690743,0.42016806722689076,0.03271100624218354
terminalbench,long,219,119,0.4578207678051801,0.42857142857142855,0.02924933923375156
terminalbench,long,220,112,0.46594109400649053,0.39285714285714285,0.07308395114934768
terminalbench,long,221,112,0.4624305800712841,0.4107142857142857,0.05171629435699843
terminalbench,long,222,112,0.4696425851342125,0.4107142857142857,0.05892829941992678
terminalbench,long,223,112,0.44881122323426714,0.41964285714285715,0.029168366091409992
terminalbench,long,224,112,0.44915563244755424,0.41964285714285715,0.029512775304697092
terminalbench,long,225,112,0.4504841782019652,0.42857142857142855,0.021912749630536632
terminalbench,long,226,112,0.44875100266739626,0.44642857142857145,0.002322431238824807
terminalbench,long,227,105,0.4517346289370701,0.4095238095238095,0.0422108194132606
terminalbench,long,228,105,0.4524035376614451,0.4095238095238095,0.042879728137635575
terminalbench,long,229,105,0.45627359738928913,0.4095238095238095,0.04674978786547962
terminalbench,long,230,105,0.46087580331755834,0.42857142857142855,0.032304374746129794
terminalbench,long,231,105,0.46258416709381556,0.42857142857142855,0.03401273852238701
terminalbench,long,232,105,0.46162601668670644,0.42857142857142855,0.033054588115277894
terminalbench,long,233,105,0.4620663315260138,0.4380952380952381,0.023971093430775692
terminalbench,long,234,105,0.46342248780050316,0.44761904761904764,0.01580344018145552
terminalbench,long,235,98,0.46710226142711686,0.41836734693877553,0.04873491448834133
terminalbench,long,236,98,0.46942203020327594,0.4387755102040816,0.03064651999919432
terminalbench,long,237,98,0.4701357986818382,0.46938775510204084,0.0007480435797973528
terminalbench,long,238,98,0.4689413454439517,0.46938775510204084,-0.0004464096580891197
terminalbench,long,239,98,0.4427179829763138,0.4897959183673469,-0.04707793539103311
terminalbench,long,240,98,0.44157471033521745,0.4897959183673469,-0.04822120803212948
terminalbench,long,241,98,0.42920468530229666,0.5,-0.07079531469770334
terminalbench,long,242,91,0.42446693668177055,0.4725274725274725,-0.04806053584570197
terminalbench,long,243,84,0.42059150334623896,0.44047619047619047,-0.019884687129951506
terminalbench,long,244,84,0.42187158658316404,0.44047619047619047,-0.018604603893026428
terminalbench,long,245,84,0.4167196687979396,0.4523809523809524,-0.03566128358301279
terminalbench,long,246,84,0.41711281678753553,0.4523809523809524,-0.03526813559341685
terminalbench,long,247,84,0.42289392651312224,0.47619047619047616,-0.05329654967735392
terminalbench,long,248,84,0.42496703940252395,0.47619047619047616,-0.051223436787952215
terminalbench,long,249,77,0.43353591254482915,0.42857142857142855,0.004964483973400602
terminalbench,long,250,77,0.4330436490949864,0.42857142857142855,0.004472220523557835
terminalbench,long,251,77,0.43950747382563676,0.44155844155844154,-0.002050967732804776
terminalbench,long,252,77,0.4401770809071937,0.44155844155844154,-0.0013813606512478316
terminalbench,long,253,77,0.4351727663296743,0.44155844155844154,-0.0063856752287672625
terminalbench,long,254,77,0.43795074351445035,0.44155844155844154,-0.003607698043991192
terminalbench,long,255,77,0.43884957400892727,0.45454545454545453,-0.015695880536527262
terminalbench,long,256,70,0.4455428597379008,0.4142857142857143,0.0312571454521865
terminalbench,long,257,70,0.4445312843740888,0.42857142857142855,0.01595985580266024
terminalbench,long,258,63,0.4442930285709678,0.42857142857142855,0.01572159999953926
terminalbench,long,259,63,0.4430103618385642,0.4444444444444444,-0.001434082605880238
terminalbench,long,260,63,0.44502135760508665,0.4444444444444444,0.000576913160642234
terminalbench,long,261,56,0.45184046795543387,0.375,0.07684046795543387
terminalbench,long,262,56,0.45361034325692084,0.39285714285714285,0.060753200399777996
terminalbench,long,263,56,0.45223602774466665,0.39285714285714285,0.0593788848875238
terminalbench,long,264,56,0.45430820552912815,0.39285714285714285,0.0614510626719853
terminalbench,long,265,56,0.45706063691425125,0.4107142857142857,0.04634635119996555
terminalbench,long,266,56,0.45658110660321855,0.4107142857142857,0.04586682088893285
terminalbench,long,267,56,0.45849097011277395,0.42857142857142855,0.029919541541345407
terminalbench,long,268,56,0.46181401627909147,0.42857142857142855,0.03324258770766292
terminalbench,long,269,42,0.47242652222634895,0.40476190476190477,0.06766461746444419
terminalbench,long,270,42,0.47671397422098766,0.40476190476190477,0.07195206945908289
terminalbench,long,271,42,0.4773475768138886,0.40476190476190477,0.07258567205198385
terminalbench,long,272,42,0.4745394455309033,0.40476190476190477,0.06977754076899856
terminalbench,long,273,42,0.4800354093407919,0.40476190476190477,0.07527350457888715
terminalbench,long,274,42,0.4795607957744919,0.40476190476190477,0.07479889101258713
terminalbench,long,275,42,0.47613846468870735,0.40476190476190477,0.07137655992680259
terminalbench,long,276,42,0.47218157780777037,0.40476190476190477,0.0674196730458656
terminalbench,long,277,42,0.47391030472523415,0.40476190476190477,0.06914839996332939
terminalbench,long,278,42,0.47450928920680985,0.40476190476190477,0.06974738444490508
terminalbench,long,279,42,0.47814152311832625,0.40476190476190477,0.07337961835642148
terminalbench,long,280,42,0.4814196603453088,0.40476190476190477,0.07665775558340404
terminalbench,long,281,42,0.47331264680317503,0.40476190476190477,0.06855074204127026
terminalbench,long,282,42,0.46366941748502993,0.42857142857142855,0.035097988913601386
terminalbench,long,283,42,0.46157089322115835,0.42857142857142855,0.032999464649729804
terminalbench,long,284,42,0.4661931206896205,0.4523809523809524,0.013812168308668105
terminalbench,long,285,42,0.4666065302193101,0.4523809523809524,0.014225577838357706
terminalbench,long,286,42,0.4662867709652266,0.4523809523809524,0.013905818584274199
terminalbench,long,287,42,0.4673963891409797,0.4523809523809524,0.015015436760027312
terminalbench,long,288,42,0.46855507489817355,0.4523809523809524,0.016174122517221168
terminalbench,long,289,42,0.4732342841333826,0.47619047619047616,-0.0029561920570935762
terminalbench,long,290,42,0.46711218979306046,0.47619047619047616,-0.009078286397415702
terminalbench,long,291,42,0.46482629166036316,0.5,-0.035173708339636844
terminalbench,long,292,42,0.46872864891215676,0.5238095238095238,-0.05508087489736707
terminalbench,long,293,42,0.47088688885244945,0.5238095238095238,-0.05292263495707439
terminalbench,long,294,42,0.4701023335252868,0.5476190476190477,-0.07751671409376087
terminalbench,long,295,42,0.47525363109136703,0.5476190476190477,-0.07236541652768064
terminalbench,long,296,42,0.474760594303837,0.5476190476190477,-0.07285845331521068
terminalbench,long,297,42,0.4755010349904148,0.5476190476190477,-0.07211801262863288
terminalbench,long,298,42,0.47774984971746354,0.5476190476190477,-0.06986919790158413
terminalbench,long,299,42,0.48043306816740516,0.5476190476190477,-0.06718597945164251
terminalbench,long,300,42,0.4835494535127328,0.5476190476190477,-0.06406959410631485
terminalbench,long,301,42,0.4833202875619917,0.5714285714285714,-0.0881082838665797
terminalbench,long,302,35,0.5020394015771924,0.4857142857142857,0.01632511586290669
terminalbench,long,303,35,0.5040813543042978,0.4857142857142857,0.01836706859001208
terminalbench,long,304,35,0.5046996884050339,0.4857142857142857,0.018985402690748165
terminalbench,long,305,35,0.5075316067319927,0.4857142857142857,0.021817321017707003
terminalbench,long,306,35,0.5089307443591865,0.4857142857142857,0.023216458644900795
terminalbench,long,307,35,0.5058461028137563,0.4857142857142857,0.020131817099470595
terminalbench,long,308,28,0.5077548431589168,0.35714285714285715,0.15061198601605968
terminalbench,long,309,28,0.5086919211104348,0.35714285714285715,0.15154906396757767
terminalbench,long,310,28,0.5086919211104348,0.35714285714285715,0.15154906396757767
terminalbench,long,311,28,0.506914793950653,0.35714285714285715,0.14977193680779582
terminalbench,long,312,28,0.506914793950653,0.35714285714285715,0.14977193680779582
terminalbench,long,313,28,0.510644241134672,0.35714285714285715,0.15350138399181484
terminalbench,long,314,28,0.5131689573593771,0.35714285714285715,0.15602610021651991
terminalbench,long,315,28,0.5134077603471445,0.35714285714285715,0.15626490320428738
terminalbench,long,316,28,0.5128395399000166,0.35714285714285715,0.15569668275715948
terminalbench,long,317,28,0.5091551534549404,0.35714285714285715,0.1520122963120833
terminalbench,long,318,28,0.4596225879708145,0.35714285714285715,0.10247973082795736
terminalbench,long,319,28,0.4585603823026835,0.35714285714285715,0.10141752515982633
terminalbench,long,320,28,0.4629691188598404,0.35714285714285715,0.10582626171698323
terminalbench,long,321,28,0.4633983015523873,0.35714285714285715,0.10625544440953016
terminalbench,long,322,28,0.4637122946225447,0.35714285714285715,0.10656943747968756
terminalbench,long,323,28,0.4650900222387352,0.35714285714285715,0.10794716509587804
terminalbench,long,324,28,0.4676308753060495,0.35714285714285715,0.11048801816319237
terminalbench,long,325,28,0.46710688858244787,0.35714285714285715,0.10996403143959071
terminalbench,long,326,28,0.46257353330949524,0.35714285714285715,0.1054306761666381
terminalbench,long,327,28,0.4630126505606614,0.35714285714285715,0.10586979341780423
terminalbench,long,328,28,0.4617134172070153,0.35714285714285715,0.10457056006415816
terminalbench,long,329,28,0.46477913146187416,0.35714285714285715,0.10763627431901701
terminalbench,long,330,28,0.4669668164580039,0.39285714285714285,0.07410967360086107
terminalbench,long,331,28,0.4692210851879284,0.39285714285714285,0.07636394233078553
terminalbench,long,332,28,0.4762268580184898,0.39285714285714285,0.08336971516134695
terminalbench,long,333,21,0.4210576535618906,0.47619047619047616,-0.05513282262858554
terminalbench,long,334,21,0.4095122786711677,0.5238095238095238,-0.11429724513835615
terminalbench,long,335,21,0.40513864513545694,0.5238095238095238,-0.11867087867406689
terminalbench,long,336,21,0.4123776567774056,0.5714285714285714,-0.15905091465116578
terminalbench,long,337,21,0.4138724843931913,0.5714285714285714,-0.1575560870353801
terminalbench,long,338,21,0.4141772173587848,0.5714285714285714,-0.15725135406978658
terminalbench,long,339,21,0.40897679649694313,0.6190476190476191,-0.21007082255067594
terminalbench,long,340,14,0.390163953142229,0.42857142857142855,-0.038407475429199534
terminalbench,long,341,14,0.39164475644378915,0.42857142857142855,-0.03692667212763939
terminalbench,long,342,14,0.39295693554858796,0.42857142857142855,-0.03561449302284059
terminalbench,long,343,14,0.3974687255071694,0.42857142857142855,-0.031102703064259163
terminalbench,long,344,14,0.39924924056058086,0.42857142857142855,-0.029322188010847683
terminalbench,long,345,14,0.40196543175526883,0.42857142857142855,-0.026605996816159716
terminalbench,long,346,14,0.40465859723195086,0.42857142857142855,-0.02391283133947769
terminalbench,long,347,14,0.40556885370225465,0.42857142857142855,-0.023002574869173897
terminalbench,long,348,14,0.40644120834965525,0.42857142857142855,-0.0221302202217733
terminalbench,long,349,14,0.4090769586783631,0.42857142857142855,-0.01949446989306547
terminalbench,long,350,14,0.4110425591620604,0.42857142857142855,-0.017528869409368153
terminalbench,long,351,14,0.4173503220747162,0.42857142857142855,-0.011221106496712374
terminalbench,long,352,14,0.4241042722031629,0.42857142857142855,-0.004467156368265668
terminalbench,long,353,14,0.43590893294217886,0.42857142857142855,0.007337504370750314
terminalbench,long,354,14,0.45019963723249845,0.42857142857142855,0.021628208661069903
terminalbench,long,355,14,0.4579455708189696,0.42857142857142855,0.029374142247541035
terminalbench,long,356,14,0.46651573692472353,0.42857142857142855,0.037944308353294987
terminalbench,long,357,14,0.4369550349830783,0.42857142857142855,0.008383606411649758
terminalbench,long,358,14,0.4398119845053866,0.42857142857142855,0.011240555933958063
terminalbench,long,359,14,0.44000993461336824,0.5,-0.05999006538663176
terminalbench,long,360,14,0.3994100824194597,0.5,-0.10058991758054031
terminalbench,long,361,14,0.400806406488129,0.5,-0.09919359351187101
terminalbench,long,362,14,0.404896259725513,0.5,-0.09510374027448698
terminalbench,long,363,14,0.40831472387913187,0.5,-0.09168527612086813
terminalbench,long,364,14,0.42010691894971847,0.5,-0.07989308105028153
terminalbench,long,365,14,0.4230709318386385,0.5,-0.07692906816136152
terminalbench,long,366,14,0.42431121275416306,0.5,-0.07568878724583694
terminalbench,long,367,14,0.4253014727729468,0.5,-0.07469852722705322
terminalbench,long,368,14,0.4243519955104415,0.5,-0.0756480044895585
terminalbench,long,369,14,0.4275735834799464,0.5,-0.0724264165200536
terminalbench,long,370,14,0.42883892015844716,0.5,-0.07116107984155284
terminalbench,long,371,14,0.4354468179639496,0.5,-0.06455318203605043
terminalbench,long,372,14,0.43838693963108877,0.5,-0.06161306036891123
terminalbench,long,373,14,0.45038110925345615,0.5,-0.04961889074654385
terminalbench,long,374,14,0.45522516997925505,0.5,-0.04477483002074495
terminalbench,long,375,14,0.4641955228207378,0.5,-0.03580447717926222
terminalbench,long,376,14,0.46553484814559143,0.5,-0.03446515185440857
terminalbench,long,377,14,0.47274499000194625,0.5,-0.027255009998053747
terminalbench,long,378,14,0.4755019291856322,0.5,-0.02449807081436778
terminalbench,long,379,14,0.4757195839285484,0.5,-0.024280416071451594
terminalbench,long,380,14,0.48275523440045826,0.5,-0.017244765599541745
terminalbench,long,381,14,0.4916385563178351,0.5,-0.008361443682164904
terminalbench,long,382,14,0.5125029290188431,0.5,0.01250292901884309
terminalbench,long,383,14,0.5147469221974618,0.5,0.014746922197461765
terminalbench,long,384,14,0.5254334361873535,0.5,0.025433436187353498
terminalbench,long,385,14,0.5254151235266004,0.5,0.02541512352660036
terminalbench,long,386,14,0.5480374761678017,0.5,0.04803747616780174
terminalbench,long,387,14,0.5488096704581921,0.5,0.04880967045819207
terminalbench,long,388,14,0.5478307455475832,0.5,0.04783074554758315
terminalbench,long,389,14,0.5484082837171326,0.5,0.04840828371713257
terminalbench,long,390,14,0.5587001607138715,0.5,0.05870016071387152
terminalbench,long,391,14,0.559355630388951,0.5,0.059355630388950975
terminalbench,long,392,14,0.5633408963484731,0.5,0.06334089634847306
terminalbench,long,393,14,0.5634253792087783,0.5,0.06342537920877833
terminalbench,long,394,14,0.5634465450793582,0.5,0.06344654507935821
terminalbench,long,395,14,0.5636524773813004,0.5,0.06365247738130042
terminalbench,long,396,14,0.5648551777782065,0.5,0.06485517777820649
terminalbench,long,397,14,0.5656333871575108,0.5,0.06563338715751077
terminalbench,long,398,14,0.4803981965713651,0.5714285714285714,-0.09103037485720628
terminalbench,long,399,14,0.48544099842991956,0.5714285714285714,-0.08598757299865184
terminalbench,long,400,14,0.4863477977872989,0.5714285714285714,-0.08508077364127248
terminalbench,long,401,14,0.4836057975085645,0.5714285714285714,-0.08782277392000687
terminalbench,long,402,14,0.4759606851708272,0.5714285714285714,-0.09546788625774422
terminalbench,long,403,14,0.47723232013229394,0.5714285714285714,-0.09419625129627746
terminalbench,long,404,14,0.4881835955920489,0.5714285714285714,-0.08324497583652252
terminalbench,long,405,14,0.4921462124543096,0.5714285714285714,-0.07928235897426178
terminalbench,long,406,14,0.4913243568328192,0.5714285714285714,-0.08010421459575218
terminalbench,long,407,14,0.4923513804565434,0.5714285714285714,-0.07907719097202798
terminalbench,long,408,14,0.4937904140874771,0.5714285714285714,-0.0776381573410943
terminalbench,long,409,14,0.4219613744667879,0.6428571428571429,-0.22089576839035502
terminalbench,long,410,14,0.420731068258143,0.6428571428571429,-0.2221260745989999
terminalbench,long,411,14,0.41584176850034943,0.6428571428571429,-0.22701537435679348
terminalbench,long,412,14,0.39462916317582086,0.6428571428571429,-0.24822797968132204
terminalbench,long,413,14,0.39613685226273365,0.6428571428571429,-0.24672029059440925
terminalbench,long,414,14,0.4092412674937776,0.6428571428571429,-0.2336158753633653
terminalbench,long,415,14,0.4202189606926066,0.6428571428571429,-0.2226381821645363
terminalbench,long,416,14,0.422192258778267,0.6428571428571429,-0.2206648840788759
terminalbench,long,417,14,0.42543370683580134,0.6428571428571429,-0.21742343602134157
terminalbench,long,418,14,0.430311001021198,0.6428571428571429,-0.2125461418359449
terminalbench,long,419,14,0.431369493326463,0.6428571428571429,-0.2114876495306799
terminalbench,long,420,14,0.44344369335823136,0.6428571428571429,-0.19941344949891154
terminalbench,long,421,14,0.42083021317819214,0.6428571428571429,-0.22202692967895077
terminalbench,long,422,14,0.42083021317819214,0.6428571428571429,-0.22202692967895077
terminalbench,long,423,14,0.42817216676086345,0.6428571428571429,-0.21468497609627946
terminalbench,long,424,14,0.42821885361535944,0.6428571428571429,-0.21463828924178346
terminalbench,long,425,14,0.4441353568798239,0.6428571428571429,-0.198721785977319
terminalbench,long,426,14,0.44413391972647637,0.6428571428571429,-0.19872322313066654
terminalbench,long,427,14,0.4657448765890243,0.6428571428571429,-0.1771122662681186
terminalbench,long,428,14,0.44412234007187623,0.6428571428571429,-0.19873480278526667
terminalbench,long,429,14,0.4522102684717761,0.6428571428571429,-0.19064687438536682
terminalbench,long,430,14,0.4632658196231763,0.6428571428571429,-0.1795913232339666
terminalbench,long,431,14,0.46347323230787696,0.6428571428571429,-0.17938391054926595
terminalbench,long,432,14,0.46414270893186893,0.6428571428571429,-0.17871443392527397
terminalbench,long,433,14,0.4721818334685012,0.6428571428571429,-0.17067530938864173
terminalbench,long,434,14,0.4851223445498775,0.6428571428571429,-0.1577347983072654
terminalbench,long,435,14,0.48746203664736,0.6428571428571429,-0.15539510620978292
terminalbench,long,436,14,0.49433565587208245,0.6428571428571429,-0.14852148698506046
terminalbench,long,437,14,0.4943710132732694,0.6428571428571429,-0.14848612958387353
terminalbench,long,438,14,0.49166479476065444,0.6428571428571429,-0.15119234809648846
terminalbench,long,439,14,0.49309826585558,0.6428571428571429,-0.14975887700156293
terminalbench,long,440,14,0.49397262214754944,0.6428571428571429,-0.14888452070959346
terminalbench,long,441,14,0.4943932667568082,0.6428571428571429,-0.14846387610033468
terminalbench,long,442,14,0.49853557967769335,0.6428571428571429,-0.14432156317944955
terminalbench,long,443,14,0.5011338283321541,0.6428571428571429,-0.14172331452498876
terminalbench,long,444,14,0.5070016803473899,0.6428571428571429,-0.135855462509753
terminalbench,long,445,14,0.5072661538531021,0.6428571428571429,-0.13559098900404076
terminalbench,long,446,14,0.5070535299763527,0.6428571428571429,-0.13580361288079024
terminalbench,long,447,14,0.507522152785535,0.6428571428571429,-0.13533499007160787
terminalbench,long,448,14,0.500373214043792,0.6428571428571429,-0.14248392881335092
terminalbench,long,449,14,0.5011259120606246,0.6428571428571429,-0.14173123079651828
terminalbench,long,450,14,0.5021497711496593,0.6428571428571429,-0.1407073717074836
terminalbench,long,451,14,0.5089097194619324,0.6428571428571429,-0.13394742339521049
terminalbench,long,452,14,0.5132600050229545,0.6428571428571429,-0.12959713783418836
terminalbench,long,453,14,0.511109853396968,0.6428571428571429,-0.1317472894601749
terminalbench,long,454,14,0.5034951734674014,0.6428571428571429,-0.13936196938974155
terminalbench,long,455,14,0.5035531541875615,0.6428571428571429,-0.13930398866958138
terminalbench,long,456,14,0.5065208152251846,0.7142857142857143,-0.20776489906052975
terminalbench,long,457,14,0.5106680007190204,0.7142857142857143,-0.2036177135666939
terminalbench,long,458,14,0.5094582954885932,0.7142857142857143,-0.20482741879712107
terminalbench,long,459,14,0.5104373649731262,0.7142857142857143,-0.2038483493125881
terminalbench,long,460,14,0.513302143372654,0.7142857142857143,-0.2009835709130603
terminalbench,long,461,14,0.5135799652641746,0.7142857142857143,-0.2007057490215397
terminalbench,long,462,14,0.5134939740397639,0.7142857142857143,-0.20079174024595037
terminalbench,long,463,14,0.5135032002029085,0.7142857142857143,-0.20078251408280579
terminalbench,long,464,14,0.5140511774336294,0.7142857142857143,-0.20023453685208492
terminalbench,long,465,14,0.5143030574317047,0.7142857142857143,-0.19998265685400962
terminalbench,long,466,7,0.5685689767772082,1.0,-0.4314310232227918
terminalbench,long,467,7,0.5750622344816766,1.0,-0.4249377655183234
terminalbench,medium,1,3031,0.602351990903974,0.6568789178488947,-0.054526926944920784
terminalbench,medium,2,2929,0.5952985787425149,0.6971662683509731,-0.10186768960845816
terminalbench,medium,3,2856,0.5981163365751939,0.7058823529411765,-0.1077660163659826
terminalbench,medium,4,2893,0.6045602974465191,0.7245074317317663,-0.11994713428524728
terminalbench,medium,5,2743,0.5813722667872083,0.7254830477579293,-0.14411078097072094
terminalbench,medium,6,2714,0.5736685916358831,0.7387619749447311,-0.16509338330884793
terminalbench,medium,7,2705,0.5716970916021296,0.7582255083179298,-0.18652841671580023
terminalbench,medium,8,2643,0.5631975655573951,0.7710934544078698,-0.20789588885047472
terminalbench,medium,9,2661,0.567186280686223,0.7936865839909808,-0.2265003033047578
terminalbench,medium,10,2665,0.5702339672462605,0.8187617260787993,-0.24852775883253875
terminalbench,medium,11,2430,0.576533629775305,0.8222222222222222,-0.2456885924469172
terminalbench,medium,12,2229,0.574204402028661,0.82907133243607,-0.25486693040740904
terminalbench,medium,13,2047,0.5778767776474802,0.8329262335124572,-0.25504945586497696
terminalbench,medium,14,1865,0.5750904683701167,0.8412868632707775,-0.2661963949006608
terminalbench,medium,15,1729,0.5807258626032883,0.8525159051474841,-0.2717900425441958
terminalbench,medium,16,1620,0.5797908057722477,0.8685185185185185,-0.28872771274627074
terminalbench,medium,17,1459,0.574724240083546,0.8732008224811515,-0.29847658239760555
terminalbench,medium,18,1375,0.578682038670465,0.8872727272727273,-0.30859068860226235
terminalbench,medium,19,1283,0.5806706755743462,0.8955572876071707,-0.31488661203282453
terminalbench,medium,20,1133,0.583090278083879,0.9037952338923213,-0.32070495580844227
terminalbench,medium,21,1008,0.5759666443148962,0.9156746031746031,-0.33970795885970695
terminalbench,medium,22,905,0.5780472943049499,0.9303867403314917,-0.35233944602654177
terminalbench,medium,23,806,0.5818270636555404,0.9441687344913151,-0.36234167083577473
terminalbench,medium,24,654,0.5685608403711339,0.9541284403669725,-0.3855675999958387
terminalbench,medium,25,551,0.5716904311236435,0.9618874773139746,-0.39019704619033113
terminalbench,medium,26,449,0.5841415477984135,0.9799554565701559,-0.3958139087717424
terminalbench,medium,27,317,0.5761222419799097,0.9842271293375394,-0.40810488735762973
terminalbench,medium,28,198,0.5729443398069888,1.0,-0.4270556601930112
terminalbench,medium,29,104,0.5806619838140553,1.0,-0.4193380161859447
terminalbench,short,1,3017,0.6023519909039741,0.9081869406695393,-0.30583494976556524
terminalbench,short,2,2722,0.5907875797389845,0.9261572373254959,-0.3353696575865114
terminalbench,short,3,2182,0.577843633090661,0.9427131072410633,-0.3648694741504023
terminalbench,short,4,1913,0.5960336724121943,0.9571353894406691,-0.3611017170284748
terminalbench,short,5,1378,0.550164506205497,0.965166908563135,-0.4150024023576381
terminalbench,short,6,1106,0.5531713999340319,0.9737793851717902,-0.42060798523775833
terminalbench,short,7,723,0.5499524626480266,0.9847856154910097,-0.4348331528429832
terminalbench,short,8,450,0.5351922430455969,1.0,-0.46480775695440313
terminalbench,short,9,229,0.5375933148966459,1.0,-0.46240668510335414
