trace_key,source,length_tercile,step,current_total,final_total,rho_actual,rho_p10,rho_p50,rho_p90,p10_final_total,p50_final_total,p90_final_total
swe-agent:047265:joke2k__faker-1475,swe-agent,short,1,0,5,0.0,0.0,0.0,0.0,2.9999999995275766,7.000000000000009,23.361947371303465
swe-agent:047265:joke2k__faker-1475,swe-agent,short,2,0,5,0.0,0.0,0.0,0.0,2.9999999995275766,7.000000000000009,23.361947371303465
swe-agent:047265:joke2k__faker-1475,swe-agent,short,3,1,5,0.2,0.03819293272111648,0.1271739772938406,0.2705006373629475,3.6968489603158976,7.863243890607114,26.18285449043588
swe-agent:047265:joke2k__faker-1475,swe-agent,short,4,1,5,0.2,0.03819293272111648,0.1271739772938406,0.2705006373629475,3.6968489603158976,7.863243890607114,26.18285449043588
swe-agent:047265:joke2k__faker-1475,swe-agent,short,5,2,5,0.4,0.08747595300759653,0.3074187373538917,0.6791349523321936,2.944922792048723,6.505784316255443,22.863426247283265
swe-agent:047265:joke2k__faker-1475,swe-agent,short,6,2,5,0.4,0.08747595300759653,0.3074187373538917,0.6791349523321936,2.944922792048723,6.505784316255443,22.863426247283265
swe-agent:047265:joke2k__faker-1475,swe-agent,short,7,2,5,0.4,0.09489542258226752,0.32855804721672177,0.7010077635769958,2.853035449699878,6.087204428387567,21.07583216952476
swe-agent:047265:joke2k__faker-1475,swe-agent,short,8,2,5,0.4,0.09489542258226752,0.32855804721672177,0.7010077635769958,2.853035449699878,6.087204428387567,21.07583216952476
swe-agent:047265:joke2k__faker-1475,swe-agent,short,9,2,5,0.4,0.10086772988671153,0.32996567191223974,0.7812332338702938,2.5600549404328787,6.061236577761143,19.827946978149285
swe-agent:047265:joke2k__faker-1475,swe-agent,short,10,2,5,0.4,0.09966736176984438,0.3282338669521271,0.7812332338702938,2.5600549404328787,6.093216457434297,20.0667496809886
swe-agent:047265:joke2k__faker-1475,swe-agent,short,11,2,5,0.4,0.10720565799869863,0.3542106464441165,0.9756781514075414,2.0498562944294103,5.646357669024887,18.655731771398465
swe-agent:047265:joke2k__faker-1475,swe-agent,short,12,2,5,0.4,0.10720565799869863,0.3542106464441165,0.9756781514075414,2.0498562944294103,5.646357669024887,18.655731771398465
swe-agent:047265:joke2k__faker-1475,swe-agent,short,13,2,5,0.4,0.11261574990940595,0.3825311598681065,0.9928931743978059,2.014315388171551,5.228332250605632,17.75950523447125
swe-agent:047265:joke2k__faker-1475,swe-agent,short,14,2,5,0.4,0.11261574990940595,0.3825311598681065,0.9928931743978059,2.014315388171551,5.228332250605632,17.75950523447125
swe-agent:047265:joke2k__faker-1475,swe-agent,short,15,2,5,0.4,0.11554836542358898,0.3825311598681065,1.0,2.0,5.228332250605632,17.308769299056685
swe-agent:047265:joke2k__faker-1475,swe-agent,short,16,2,5,0.4,0.11554836542358898,0.3825311598681065,1.0,2.0,5.228332250605632,17.308769299056685
swe-agent:047265:joke2k__faker-1475,swe-agent,short,17,3,5,0.6,0.13806495704946306,0.44889453529397133,0.7461333800247503,4.02072884060017,6.683084252819796,21.72890256957254
swe-agent:047265:joke2k__faker-1475,swe-agent,short,18,3,5,0.6,0.13806495704946306,0.44889453529397133,0.7461333800247503,4.02072884060017,6.683084252819796,21.72890256957254
swe-agent:047265:joke2k__faker-1475,swe-agent,short,19,3,5,0.6,0.12539920120478026,0.4397371168978113,0.8143067675787871,3.684115273805261,6.822257855247543,23.92359736886138
swe-agent:047265:joke2k__faker-1475,swe-agent,short,20,3,5,0.6,0.12539920120478026,0.4397371168978113,0.8143067675787871,3.684115273805261,6.822257855247543,23.92359736886138
swe-agent:047265:joke2k__faker-1475,swe-agent,short,21,3,5,0.6,0.12519486466918248,0.4141056588005446,0.9521544694281141,3.1507492705483693,7.244527903070651,23.96264421809363
swe-agent:047265:joke2k__faker-1475,swe-agent,short,22,3,5,0.6,0.12519486466918248,0.4141056588005446,0.9521544694281141,3.1507492705483693,7.244527903070651,23.96264421809363
swe-agent:047265:joke2k__faker-1475,swe-agent,short,23,4,5,0.8,0.1675250852453954,0.4474762596432521,0.8181273402027409,4.88921443330418,8.939021710758414,23.877021128750293
swe-agent:047265:joke2k__faker-1475,swe-agent,short,24,4,5,0.8,0.16555323379826642,0.4474762596432521,0.8181273402027409,4.88921443330418,8.939021710758414,24.161412666056215
swe-agent:054699:zalando-stups__senza-535,swe-agent,medium,1,0,8,0.0,0.0,0.0,0.0,2.9999999995275766,7.000000000000009,23.361947371303465
swe-agent:054699:zalando-stups__senza-535,swe-agent,medium,2,0,8,0.0,0.0,0.0,0.0,2.9999999995275766,7.000000000000009,23.361947371303465
swe-agent:054699:zalando-stups__senza-535,swe-agent,medium,3,1,8,0.125,0.05297724045600589,0.20000000000000034,0.45925805551424503,2.1774250619954176,4.999999999999991,18.8760303744102
swe-agent:054699:zalando-stups__senza-535,swe-agent,medium,4,1,8,0.125,0.05297724045600589,0.20000000000000034,0.45925805551424503,2.1774250619954176,4.999999999999991,18.8760303744102
swe-agent:054699:zalando-stups__senza-535,swe-agent,medium,5,1,8,0.125,0.05297724045600589,0.20000000000000034,0.46676303413300707,2.1424147305440724,4.999999999999991,18.8760303744102
swe-agent:054699:zalando-stups__senza-535,swe-agent,medium,6,1,8,0.125,0.05272865678715067,0.20000000000000034,0.46676303413300707,2.1424147305440724,4.999999999999991,18.96501942078084
swe-agent:054699:zalando-stups__senza-535,swe-agent,medium,7,2,8,0.25,0.0862826778978063,0.3537678277206616,0.6487289927423673,3.082951467215015,5.653425335158568,23.179623636262328
swe-agent:054699:zalando-stups__senza-535,swe-agent,medium,8,2,8,0.25,0.0862826778978063,0.35927273544667376,0.6487289927423673,3.082951467215015,5.566801492780842,23.179623636262328
swe-agent:054699:zalando-stups__senza-535,swe-agent,medium,9,2,8,0.25,0.07872743737757225,0.32494542473669485,0.6443602954156166,3.103853564891032,6.154879705170835,25.404103913710735
swe-agent:054699:zalando-stups__senza-535,swe-agent,medium,10,2,8,0.25,0.07874410806525312,0.33186606459140117,0.6443602954156166,3.103853564891032,6.026527606739279,25.398725684246166
swe-agent:054699:zalando-stups__senza-535,swe-agent,medium,11,2,8,0.25,0.07855015861374183,0.34065194064421145,0.9089000935091687,2.200461870653141,5.87109527753687,25.461438083590494
swe-agent:054699:zalando-stups__senza-535,swe-agent,medium,12,2,8,0.25,0.08116884943448682,0.35545250593622985,0.9426011919012593,2.12178810846391,5.6266307498161545,24.639994455191143
swe-agent:054699:zalando-stups__senza-535,swe-agent,medium,13,3,8,0.375,0.12446111229804523,0.41136579634683285,0.7746998812014602,3.872467355161311,7.2927793867203885,24.103914424418313
swe-agent:054699:zalando-stups__senza-535,swe-agent,medium,14,3,8,0.375,0.12348292637429531,0.4031966158518154,0.7746998812014602,3.872467355161311,7.440538640588624,24.294856690604732
swe-agent:054699:zalando-stups__senza-535,swe-agent,medium,15,3,8,0.375,0.13041302356644474,0.42075296428805015,0.8484513725851843,3.535853788366405,7.130074544040957,23.00383748461683
swe-agent:054699:zalando-stups__senza-535,swe-agent,medium,16,3,8,0.375,0.13041302356644474,0.42075296428805015,0.8484513725851843,3.535853788366405,7.130074544040957,23.00383748461683
swe-agent:054699:zalando-stups__senza-535,swe-agent,medium,17,4,8,0.5,0.14972907725144408,0.46140498769259236,0.7987808507240883,5.007631312611003,8.669173733910675,26.71491785982687
swe-agent:054699:zalando-stups__senza-535,swe-agent,medium,18,4,8,0.5,0.14972907725144408,0.46140498769259236,0.7987362756767685,5.0079107733160155,8.669173733910675,26.71491785982687
swe-agent:054699:zalando-stups__senza-535,swe-agent,medium,19,5,8,0.625,0.18231016630732486,0.4892996008572366,0.8346105925074737,5.990817807593577,10.218688082394031,27.425788156933464
swe-agent:054699:zalando-stups__senza-535,swe-agent,medium,20,5,8,0.625,0.18043910415490522,0.4892996008572366,0.8346105925074737,5.990817807593577,10.218688082394031,27.710179694239386
swe-agent:054699:zalando-stups__senza-535,swe-agent,medium,21,5,8,0.625,0.18711298576995267,0.5040170090299771,0.8960331788140008,5.5801505102947795,9.920300129598637,26.721822536396722
swe-agent:054699:zalando-stups__senza-535,swe-agent,medium,22,5,8,0.625,0.1878852522721229,0.5040170090299771,0.8960331788140008,5.5801505102947795,9.920300129598637,26.611987580367767
swe-agent:054699:zalando-stups__senza-535,swe-agent,medium,23,6,8,0.75,0.19967829975202991,0.5605410540167075,0.8573347872155784,6.99843292197041,10.703943907418356,30.048332780532924
swe-agent:054699:zalando-stups__senza-535,swe-agent,medium,24,6,8,0.75,0.2004108567895193,0.5605410540167075,0.8573347872155784,6.99843292197041,10.703943907418356,29.93849782450397
swe-agent:054699:zalando-stups__senza-535,swe-agent,medium,25,7,8,0.875,0.2260784539677317,0.5446292348006311,0.8735853983583449,8.01295444401258,12.852780483887255,30.96270288985218
swe-agent:054699:zalando-stups__senza-535,swe-agent,medium,26,7,8,0.875,0.2260784539677317,0.5446292348006311,0.8735853983583449,8.01295444401258,12.852780483887255,30.96270288985218
swe-agent:054699:zalando-stups__senza-535,swe-agent,medium,27,7,8,0.875,0.23442996923267057,0.5565582513730669,0.9385857170835712,7.458029535917947,12.577299829318001,29.859663518756577
swe-agent:054699:zalando-stups__senza-535,swe-agent,medium,28,7,8,0.875,0.22907024666262468,0.5564894134215096,0.9385046843005409,7.458673480374833,12.578855646078377,30.558311705621115
swe-agent:054699:zalando-stups__senza-535,swe-agent,medium,29,8,8,1.0,0.23940937978710836,0.5712038616485012,0.8885715190754678,9.003214517075408,14.00550755541446,33.415566286976286
swe-agent:054699:zalando-stups__senza-535,swe-agent,medium,30,8,8,1.0,0.242784497528837,0.5754002672894101,0.8885715190754678,9.003214517075408,13.903365109102783,32.95103304134891
swe-agent:054699:zalando-stups__senza-535,swe-agent,medium,31,8,8,1.0,0.25209484011618655,0.5824374848109447,0.9433833264437708,8.480115956847824,13.735379690743542,31.73408863232951
swe-agent:054699:zalando-stups__senza-535,swe-agent,medium,32,8,8,1.0,0.25209484011618655,0.5824374848109447,0.9433833264437708,8.480115956847824,13.735379690743542,31.73408863232951
swe-agent:054699:zalando-stups__senza-535,swe-agent,medium,33,8,8,1.0,0.27333862510715246,0.6409202616970431,1.0,8.0,12.482051946395671,29.267726055415295
swe-agent:054699:zalando-stups__senza-535,swe-agent,medium,34,8,8,1.0,0.2763877549999453,0.6476706437137979,1.0,8.0,12.35195709060909,28.944842364675615
swe-agent:054699:zalando-stups__senza-535,swe-agent,medium,35,8,8,1.0,0.2984439149735547,0.6784295831670626,1.0,8.0,11.791938616022893,26.805706528507656
swe-agent:054699:zalando-stups__senza-535,swe-agent,medium,36,8,8,1.0,0.30208260082421995,0.6859978717325819,1.0,8.0,11.661843760236312,26.482822837767976
swe-agent:054699:zalando-stups__senza-535,swe-agent,medium,37,8,8,1.0,0.337864683338612,0.745612727941354,1.0,8.0,10.729430574620284,23.678118473194502
swe-agent:054699:zalando-stups__senza-535,swe-agent,medium,38,8,8,1.0,0.3425356274307227,0.7547642807261018,1.0,8.0,10.599335718833704,23.355234782454822
swe-agent:054699:zalando-stups__senza-535,swe-agent,medium,39,8,8,1.0,0.4061543559468622,0.8202582695744943,1.0,8.0,9.753025719752838,19.696944973911968
swe-agent:054699:zalando-stups__senza-535,swe-agent,medium,40,8,8,1.0,0.4061543559468622,0.8202582695744943,1.0,8.0,9.753025719752838,19.696944973911968
swe-agent:054699:zalando-stups__senza-535,swe-agent,medium,41,8,8,1.0,0.46231341963909234,0.8715215252196535,1.0,8.0,9.179348723468102,17.304278137211
swe-agent:054699:zalando-stups__senza-535,swe-agent,medium,42,8,8,1.0,0.46231341963909234,0.8761837036095185,1.0,8.0,9.130505357544624,17.304278137211
swe-agent:054699:zalando-stups__senza-535,swe-agent,medium,43,8,8,1.0,0.492095914925405,0.938314709243162,1.0,8.0,8.525924107544625,16.256993316460857
swe-agent:054699:zalando-stups__senza-535,swe-agent,medium,44,8,8,1.0,0.492095914925405,0.938314709243162,1.0,8.0,8.525924107544625,16.256993316460857
swe-agent:054699:zalando-stups__senza-535,swe-agent,medium,45,8,8,1.0,0.5602980381683731,0.9941517957201015,1.0,8.0,8.047060855737126,14.27811531547064
swe-agent:054699:zalando-stups__senza-535,swe-agent,medium,46,8,8,1.0,0.4831692656294657,0.9025761790052124,1.0,8.0,8.863517768458411,16.557344535517423
swe-agent:054699:zalando-stups__senza-535,swe-agent,medium,47,8,8,1.0,0.5115974009570793,0.9225255064429431,1.0,8.0,8.671846950710613,15.637296016425939
swe-agent:054699:zalando-stups__senza-535,swe-agent,medium,48,8,8,1.0,0.522383740875379,0.9225255064429431,1.0,8.0,8.671846950710613,15.31441232568626
swe-agent:054699:zalando-stups__senza-535,swe-agent,medium,49,8,8,1.0,0.5395697450498278,0.9210150905218087,1.0,8.0,8.686068319974577,14.826628204035462
swe-agent:054699:zalando-stups__senza-535,swe-agent,medium,50,8,8,1.0,0.5515816962072305,0.9210150905218087,1.0,8.0,8.686068319974577,14.503744513295782
swe-agent:054699:zalando-stups__senza-535,swe-agent,medium,51,8,8,1.0,0.6050586360889637,0.925562648151707,1.0,8.0,8.643391148049805,13.221859044457528
swe-agent:054699:zalando-stups__senza-535,swe-agent,medium,52,8,8,1.0,0.5771307472824732,0.924804545288903,1.0,8.0,8.650476515014155,13.861676990299824
swe-agent:055473:iterative__dvc-3132,swe-agent,long,1,0,4,0.0,0.0,0.0,0.0,2.9999999995275766,7.000000000000009,23.361947371303465
swe-agent:055473:iterative__dvc-3132,swe-agent,long,2,0,4,0.0,0.0,0.0,0.0,2.9999999995275766,7.000000000000009,23.361947371303465
swe-agent:055473:iterative__dvc-3132,swe-agent,long,3,1,4,0.25,0.05297724045600589,0.20000000000000034,0.45925805551424503,2.1774250619954176,4.999999999999991,18.8760303744102
swe-agent:055473:iterative__dvc-3132,swe-agent,long,4,1,4,0.25,0.05297724045600589,0.20000000000000034,0.45925805551424503,2.1774250619954176,4.999999999999991,18.8760303744102
swe-agent:055473:iterative__dvc-3132,swe-agent,long,5,2,4,0.5,0.08129266466364532,0.31814217002853284,0.6370753273841155,3.139346187227446,6.286497636640338,24.602465773205424
swe-agent:055473:iterative__dvc-3132,swe-agent,long,6,2,4,0.5,0.08129266466364532,0.31814217002853284,0.6370753273841155,3.139346187227446,6.286497636640338,24.602465773205424
swe-agent:055473:iterative__dvc-3132,swe-agent,long,7,2,4,0.5,0.07802229946139741,0.29117452790941417,0.6319226996324825,3.164944068575432,6.868732695678002,25.633697209725625
swe-agent:055473:iterative__dvc-3132,swe-agent,long,8,2,4,0.5,0.07802229946139741,0.29117452790941417,0.6319226996324825,3.164944068575432,6.868732695678002,25.633697209725625
swe-agent:055473:iterative__dvc-3132,swe-agent,long,9,2,4,0.5,0.07898591818131503,0.27921260771695633,0.744566817230104,2.686125615213808,7.163000325642322,25.320969180973847
swe-agent:055473:iterative__dvc-3132,swe-agent,long,10,2,4,0.5,0.07898591818131503,0.27921260771695633,0.744566817230104,2.686125615213808,7.163000325642322,25.320969180973847
swe-agent:055473:iterative__dvc-3132,swe-agent,long,11,2,4,0.5,0.08409892765135824,0.30579352991775466,0.9675995272427814,2.0669708321366076,6.540360747782708,23.781516077009087
swe-agent:055473:iterative__dvc-3132,swe-agent,long,12,2,4,0.5,0.08409892765135824,0.30579352991775466,0.9675995272427814,2.0669708321366076,6.540360747782708,23.781516077009087
swe-agent:055473:iterative__dvc-3132,swe-agent,long,13,2,4,0.5,0.09079480697844035,0.34606505530247617,0.9855790389049938,2.0292639362765432,5.779260197918312,22.027691522874314
swe-agent:055473:iterative__dvc-3132,swe-agent,long,14,2,4,0.5,0.09079480697844035,0.34606505530247617,0.9855790389049938,2.0292639362765432,5.779260197918312,22.027691522874314
swe-agent:055473:iterative__dvc-3132,swe-agent,long,15,3,4,0.75,0.1250430373432303,0.37789600679749064,0.7746879444680286,3.8725270238458065,7.9386919841353585,23.99173967411962
swe-agent:055473:iterative__dvc-3132,swe-agent,long,16,3,4,0.75,0.1250430373432303,0.37789600679749064,0.7746879444680286,3.8725270238458065,7.9386919841353585,23.99173967411962
swe-agent:055473:iterative__dvc-3132,swe-agent,long,17,3,4,0.75,0.1250430373432303,0.4049523714767962,0.8484370549335009,3.5359134570509005,7.408278630544828,23.99173967411962
swe-agent:055473:iterative__dvc-3132,swe-agent,long,18,3,4,0.75,0.1250430373432303,0.4049523714767962,0.8484370549335009,3.5359134570509005,7.408278630544828,23.99173967411962
swe-agent:055473:iterative__dvc-3132,swe-agent,long,19,4,4,1.0,0.14492023083710742,0.45220436862210633,0.7987713329238206,5.0076909812954975,8.845558065235501,27.60139130951331
swe-agent:055473:iterative__dvc-3132,swe-agent,long,20,4,4,1.0,0.14492023083710742,0.45220436862210633,0.7987713329238206,5.0076909812954975,8.845558065235501,27.60139130951331
swe-agent:055473:iterative__dvc-3132,swe-agent,long,21,4,4,1.0,0.14492023083710742,0.4621784712477514,0.8665569188996544,4.615969144968759,8.65466534865012,27.60139130951331
swe-agent:055473:iterative__dvc-3132,swe-agent,long,22,4,4,1.0,0.14492023083710742,0.4621784712477514,0.8665569188996544,4.615969144968759,8.65466534865012,27.60139130951331
swe-agent:055473:iterative__dvc-3132,swe-agent,long,23,4,4,1.0,0.15462083714780553,0.47872444482254783,0.9995896562862595,4.001642048659307,8.355537393714474,25.869734466489213
swe-agent:055473:iterative__dvc-3132,swe-agent,long,24,4,4,1.0,0.18770145797257787,0.4928776798158638,1.0,4.0,8.115603858333323,21.31043649423532
swe-agent:055473:iterative__dvc-3132,swe-agent,long,25,4,4,1.0,0.20231669416951858,0.5516208864402236,1.0,4.0,7.2513570430829954,19.77098339027056
swe-agent:055473:iterative__dvc-3132,swe-agent,long,26,4,4,1.0,0.20231669416951858,0.5516208864402236,1.0,4.0,7.2513570430829954,19.77098339027056
swe-agent:055473:iterative__dvc-3132,swe-agent,long,27,4,4,1.0,0.22201058648478322,0.6014220310983345,1.0,4.0,6.65090368022449,18.017158836135785
swe-agent:055473:iterative__dvc-3132,swe-agent,long,28,4,4,1.0,0.22201058648478322,0.6014220310983345,1.0,4.0,6.65090368022449,18.017158836135785
swe-agent:055473:iterative__dvc-3132,swe-agent,long,29,4,4,1.0,0.23583326151557837,0.6108050494320919,1.0,4.0,6.548734336297775,16.96113590718319
swe-agent:055473:iterative__dvc-3132,swe-agent,long,30,4,4,1.0,0.23583326151557837,0.609828772612443,1.0,4.0,6.559218225903669,16.96113590718319
swe-agent:055473:iterative__dvc-3132,swe-agent,long,31,4,4,1.0,0.2578297108881816,0.6202563426984454,1.0,4.0,6.448946547806138,15.514115833356243
swe-agent:055473:iterative__dvc-3132,swe-agent,long,32,4,4,1.0,0.2578297108881816,0.6066585103444453,1.0,4.0,6.593495239568801,15.514115833356243
swe-agent:055473:iterative__dvc-3132,swe-agent,long,33,4,4,1.0,0.27611847346912516,0.6181090420537613,1.0,4.0,6.471350082033085,14.486535253307743
swe-agent:055473:iterative__dvc-3132,swe-agent,long,34,4,4,1.0,0.27611847346912516,0.6177903688397781,1.0,4.0,6.474688181869968,14.486535253307743
swe-agent:055473:iterative__dvc-3132,swe-agent,long,35,4,4,1.0,0.3061111792252883,0.6680501400902794,1.0,4.0,5.987574524659848,13.06714772757817
swe-agent:055473:iterative__dvc-3132,swe-agent,long,36,4,4,1.0,0.3061111792252883,0.6673016727323989,1.0,4.0,5.994290383869723,13.06714772757817
swe-agent:055473:iterative__dvc-3132,swe-agent,long,37,4,4,1.0,0.3346582986304477,0.6984530686881559,1.0,4.0,5.726941693466756,11.952490096225194
swe-agent:055473:iterative__dvc-3132,swe-agent,long,38,4,4,1.0,0.3346582986304477,0.6984530686881559,1.0,4.0,5.726941693466756,11.952490096225194
swe-agent:055473:iterative__dvc-3132,swe-agent,long,39,4,4,1.0,0.36757526544979946,0.7346497143046292,1.0,4.0,5.444771735583039,10.8821250393582
swe-agent:055473:iterative__dvc-3132,swe-agent,long,40,4,4,1.0,0.36757526544979946,0.7346497143046292,1.0,4.0,5.444771735583039,10.8821250393582
swe-agent:055473:iterative__dvc-3132,swe-agent,long,41,4,4,1.0,0.4083487040116635,0.7615962048731304,1.0,4.0,5.2521270121958334,9.795549638589645
swe-agent:055473:iterative__dvc-3132,swe-agent,long,42,4,4,1.0,0.4083487040116635,0.7615962048731304,1.0,4.0,5.2521270121958334,9.795549638589645
swe-agent:055473:iterative__dvc-3132,swe-agent,long,43,4,4,1.0,0.42663169199041306,0.8110935651889685,1.0,4.0,4.931613529775792,9.37576854953824
swe-agent:055473:iterative__dvc-3132,swe-agent,long,44,4,4,1.0,0.42663169199041306,0.8110935651889685,1.0,4.0,4.931613529775792,9.37576854953824
swe-agent:055473:iterative__dvc-3132,swe-agent,long,45,4,4,1.0,0.5063521071638302,0.8418397423761077,1.0,4.0,4.751498175543398,7.89964126426712
swe-agent:055473:iterative__dvc-3132,swe-agent,long,46,4,4,1.0,0.5063521071638302,0.8418397423761077,1.0,4.0,4.751498175543398,7.89964126426712
swe-agent:055473:iterative__dvc-3132,swe-agent,long,47,4,4,1.0,0.4780473152021811,0.8788315068416885,1.0,4.0,4.551498175543397,8.36737258592965
swe-agent:055473:iterative__dvc-3132,swe-agent,long,48,4,4,1.0,0.4877867167671245,0.8788315068416885,1.0,4.0,4.551498175543397,8.200305302511241
swe-agent:055473:iterative__dvc-3132,swe-agent,long,49,4,4,1.0,0.5086355979778066,0.8936652164098248,1.0,4.0,4.475949076399596,7.864176270600969
swe-agent:055473:iterative__dvc-3132,swe-agent,long,50,4,4,1.0,0.5115345797865944,0.8936652164098248,1.0,4.0,4.475949076399596,7.8196082103945885
swe-agent:055473:iterative__dvc-3132,swe-agent,long,51,4,4,1.0,0.5401491643139544,0.9896646694038594,1.0,4.0,4.041773060777713,7.40536182274838
swe-agent:055473:iterative__dvc-3132,swe-agent,long,52,4,4,1.0,0.5401491643139544,0.9876177016119733,1.0,4.0,4.050150167895195,7.40536182274838
swe-agent:055473:iterative__dvc-3132,swe-agent,long,53,4,4,1.0,0.600156883262683,1.0,1.0,4.0,4.0,6.664923974968787
swe-agent:055473:iterative__dvc-3132,swe-agent,long,54,4,4,1.0,0.6012390173914492,1.0,1.0,4.0,4.0,6.652928177140766
swe-agent:055473:iterative__dvc-3132,swe-agent,long,55,4,4,1.0,0.6562784265859419,1.0,1.0,4.0,4.0,6.094974081059765
swe-agent:055473:iterative__dvc-3132,swe-agent,long,56,4,4,1.0,0.6562784265859419,1.0,1.0,4.0,4.0,6.094974081059765
swe-agent:055473:iterative__dvc-3132,swe-agent,long,57,4,4,1.0,0.7057008068811986,1.0,1.0,4.0,4.0,5.668124453021039
swe-agent:055473:iterative__dvc-3132,swe-agent,long,58,4,4,1.0,0.7070651779684667,1.0,1.0,4.0,4.0,5.65718709482026
swe-agent:055473:iterative__dvc-3132,swe-agent,long,59,4,4,1.0,0.7522068124754641,1.0,1.0,4.0,4.0,5.317686484168175
swe-agent:055473:iterative__dvc-3132,swe-agent,long,60,4,4,1.0,0.7522068124754641,1.0,1.0,4.0,4.0,5.317686484168175
swe-agent:055473:iterative__dvc-3132,swe-agent,long,61,4,4,1.0,0.7917926500616497,1.0,1.0,4.0,4.0,5.0518276466554175
swe-agent:055473:iterative__dvc-3132,swe-agent,long,62,4,4,1.0,0.7917926500616497,1.0,1.0,4.0,4.0,5.0518276466554175
swe-agent:055473:iterative__dvc-3132,swe-agent,long,63,4,4,1.0,0.8782283602704903,1.0,1.0,4.0,4.0,4.554624037383646
swe-agent:055473:iterative__dvc-3132,swe-agent,long,64,4,4,1.0,0.8782283602704903,1.0,1.0,4.0,4.0,4.554624037383646
swe-agent:055473:iterative__dvc-3132,swe-agent,long,65,4,4,1.0,0.8926687653825337,1.0,1.0,4.0,4.0,4.4809454022801924
swe-agent:055473:iterative__dvc-3132,swe-agent,long,66,4,4,1.0,0.8926687653825337,1.0,1.0,4.0,4.0,4.4809454022801924
swe-agent:055473:iterative__dvc-3132,swe-agent,long,67,4,4,1.0,0.9910843350902259,1.0,1.0,4.0,4.0,4.035983476255681
swe-agent:055473:iterative__dvc-3132,swe-agent,long,68,4,4,1.0,0.9910843350902259,1.0,1.0,4.0,4.0,4.035983476255681
swe-agent:055473:iterative__dvc-3132,swe-agent,long,69,4,4,1.0,1.0,1.0,1.0,4.0,4.0,4.0
swe-agent:055473:iterative__dvc-3132,swe-agent,long,70,4,4,1.0,1.0,1.0,1.0,4.0,4.0,4.0
swe-agent:055473:iterative__dvc-3132,swe-agent,long,71,4,4,1.0,1.0,1.0,1.0,4.0,4.0,4.0
swe-agent:055473:iterative__dvc-3132,swe-agent,long,72,4,4,1.0,1.0,1.0,1.0,4.0,4.0,4.0
swe-agent:055473:iterative__dvc-3132,swe-agent,long,73,4,4,1.0,0.9621918445990106,1.0,1.0,4.0,4.0,4.157175123082635
swe-agent:055473:iterative__dvc-3132,swe-agent,long,74,4,4,1.0,0.9621918445990106,1.0,1.0,4.0,4.0,4.157175123082635
swe-agent:055473:iterative__dvc-3132,swe-agent,long,75,4,4,1.0,0.9947518795683037,1.0,1.0,4.0,4.0,4.021103234040528
swe-agent:055473:iterative__dvc-3132,swe-agent,long,76,4,4,1.0,0.9947518795683037,1.0,1.0,4.0,4.0,4.021103234040528
swe-agent:055473:iterative__dvc-3132,swe-agent,long,77,4,4,1.0,1.0,1.0,1.0,4.0,4.0,4.0
swe-agent:055473:iterative__dvc-3132,swe-agent,long,78,4,4,1.0,1.0,1.0,1.0,4.0,4.0,4.0
swe-agent:055473:iterative__dvc-3132,swe-agent,long,79,4,4,1.0,0.944489996039423,1.0,1.0,4.0,4.0,4.235089854602378
swe-agent:055473:iterative__dvc-3132,swe-agent,long,80,4,4,1.0,0.944489996039423,1.0,1.0,4.0,4.0,4.235089854602378
swe-agent:055473:iterative__dvc-3132,swe-agent,long,81,4,4,1.0,0.9497153761438094,1.0,1.0,4.0,4.0,4.211788184625859
swe-agent:055473:iterative__dvc-3132,swe-agent,long,82,4,4,1.0,0.9497153761438094,1.0,1.0,4.0,4.0,4.211788184625859
swe-agent:055473:iterative__dvc-3132,swe-agent,long,83,4,4,1.0,0.9546975262755825,1.0,1.0,4.0,4.0,4.189808698472905
swe-agent:055473:iterative__dvc-3132,swe-agent,long,84,4,4,1.0,0.9546975262755825,1.0,1.0,4.0,4.0,4.189808698472905
swe-agent:055473:iterative__dvc-3132,swe-agent,long,85,4,4,1.0,0.9777888165108446,1.0,1.0,4.0,4.0,4.0908629066485505
swe-agent:055473:iterative__dvc-3132,swe-agent,long,86,4,4,1.0,0.9777888165108446,1.0,1.0,4.0,4.0,4.0908629066485505
swe-agent:055473:iterative__dvc-3132,swe-agent,long,87,4,4,1.0,0.9777888165108446,1.0,1.0,4.0,4.0,4.0908629066485505
swe-agent:055473:iterative__dvc-3132,swe-agent,long,88,4,4,1.0,0.9777888165108446,1.0,1.0,4.0,4.0,4.0908629066485505
swe-agent:055473:iterative__dvc-3132,swe-agent,long,89,4,4,1.0,0.9777888165108446,1.0,1.0,4.0,4.0,4.0908629066485505
swe-agent:055473:iterative__dvc-3132,swe-agent,long,90,4,4,1.0,0.9777888165108446,1.0,1.0,4.0,4.0,4.0908629066485505
swe-agent:055473:iterative__dvc-3132,swe-agent,long,91,4,4,1.0,0.9777888165108446,1.0,1.0,4.0,4.0,4.0908629066485505
swe-agent:055473:iterative__dvc-3132,swe-agent,long,92,4,4,1.0,0.9777888165108446,1.0,1.0,4.0,4.0,4.0908629066485505
swe-agent:055473:iterative__dvc-3132,swe-agent,long,93,4,4,1.0,0.9777888165108446,1.0,1.0,4.0,4.0,4.0908629066485505
swe-agent:055473:iterative__dvc-3132,swe-agent,long,94,4,4,1.0,0.9777888165108446,1.0,1.0,4.0,4.0,4.0908629066485505
swe-agent:055473:iterative__dvc-3132,swe-agent,long,95,4,4,1.0,0.9777888165108446,1.0,1.0,4.0,4.0,4.0908629066485505
swe-agent:055473:iterative__dvc-3132,swe-agent,long,96,4,4,1.0,0.9777888165108446,1.0,1.0,4.0,4.0,4.0908629066485505
swe-agent:055473:iterative__dvc-3132,swe-agent,long,97,4,4,1.0,0.9777888165108446,1.0,1.0,4.0,4.0,4.0908629066485505
swe-agent:055473:iterative__dvc-3132,swe-agent,long,98,4,4,1.0,0.9777888165108446,1.0,1.0,4.0,4.0,4.0908629066485505
swe-agent:055473:iterative__dvc-3132,swe-agent,long,99,4,4,1.0,0.9777888165108446,1.0,1.0,4.0,4.0,4.0908629066485505
swe-agent:055473:iterative__dvc-3132,swe-agent,long,100,4,4,1.0,0.9777888165108446,1.0,1.0,4.0,4.0,4.0908629066485505
swe-agent:055473:iterative__dvc-3132,swe-agent,long,101,4,4,1.0,0.9777888165108446,1.0,1.0,4.0,4.0,4.0908629066485505
swe-agent:055473:iterative__dvc-3132,swe-agent,long,102,4,4,1.0,0.9777888165108446,1.0,1.0,4.0,4.0,4.0908629066485505
swe-agent:055473:iterative__dvc-3132,swe-agent,long,103,4,4,1.0,0.9777888165108446,1.0,1.0,4.0,4.0,4.0908629066485505
swe-agent:055473:iterative__dvc-3132,swe-agent,long,104,4,4,1.0,0.9777888165108446,1.0,1.0,4.0,4.0,4.0908629066485505
swe-agent:055473:iterative__dvc-3132,swe-agent,long,105,4,4,1.0,0.9777888165108446,1.0,1.0,4.0,4.0,4.0908629066485505
swe-agent:055473:iterative__dvc-3132,swe-agent,long,106,4,4,1.0,0.9777888165108446,1.0,1.0,4.0,4.0,4.0908629066485505
swe-agent:055473:iterative__dvc-3132,swe-agent,long,107,4,4,1.0,0.9777888165108446,1.0,1.0,4.0,4.0,4.0908629066485505
swe-agent:055473:iterative__dvc-3132,swe-agent,long,108,4,4,1.0,0.9777888165108446,1.0,1.0,4.0,4.0,4.0908629066485505
swe-agent:055473:iterative__dvc-3132,swe-agent,long,109,4,4,1.0,0.9777888165108446,1.0,1.0,4.0,4.0,4.0908629066485505
swe-agent:055473:iterative__dvc-3132,swe-agent,long,110,4,4,1.0,0.9777888165108446,1.0,1.0,4.0,4.0,4.0908629066485505
swe-agent:055473:iterative__dvc-3132,swe-agent,long,111,4,4,1.0,0.9777888165108446,1.0,1.0,4.0,4.0,4.0908629066485505
swe-agent:055473:iterative__dvc-3132,swe-agent,long,112,4,4,1.0,0.9777888165108446,1.0,1.0,4.0,4.0,4.0908629066485505
swe-agent:055473:iterative__dvc-3132,swe-agent,long,113,4,4,1.0,0.9777888165108446,1.0,1.0,4.0,4.0,4.0908629066485505
swe-agent:055473:iterative__dvc-3132,swe-agent,long,114,4,4,1.0,0.9777888165108446,1.0,1.0,4.0,4.0,4.0908629066485505
swe-agent:055473:iterative__dvc-3132,swe-agent,long,115,4,4,1.0,0.9777888165108446,1.0,1.0,4.0,4.0,4.0908629066485505
swe-agent:055473:iterative__dvc-3132,swe-agent,long,116,4,4,1.0,0.9777888165108446,1.0,1.0,4.0,4.0,4.0908629066485505
swe-agent:055473:iterative__dvc-3132,swe-agent,long,117,4,4,1.0,0.9777888165108446,1.0,1.0,4.0,4.0,4.0908629066485505
swe-agent:055473:iterative__dvc-3132,swe-agent,long,118,4,4,1.0,0.9777888165108446,1.0,1.0,4.0,4.0,4.0908629066485505
swe-agent:055473:iterative__dvc-3132,swe-agent,long,119,4,4,1.0,0.9777888165108446,1.0,1.0,4.0,4.0,4.0908629066485505
swe-agent:055473:iterative__dvc-3132,swe-agent,long,120,4,4,1.0,0.9777888165108446,1.0,1.0,4.0,4.0,4.0908629066485505
swe-agent:055473:iterative__dvc-3132,swe-agent,long,121,4,4,1.0,0.9777888165108446,1.0,1.0,4.0,4.0,4.0908629066485505
swe-agent:055473:iterative__dvc-3132,swe-agent,long,122,4,4,1.0,0.9777888165108446,1.0,1.0,4.0,4.0,4.0908629066485505
swe-agent:055473:iterative__dvc-3132,swe-agent,long,123,4,4,1.0,0.9777888165108446,1.0,1.0,4.0,4.0,4.0908629066485505
swe-agent:055473:iterative__dvc-3132,swe-agent,long,124,4,4,1.0,0.9777888165108446,1.0,1.0,4.0,4.0,4.0908629066485505
swe-agent:055473:iterative__dvc-3132,swe-agent,long,125,4,4,1.0,0.9777888165108446,1.0,1.0,4.0,4.0,4.0908629066485505
swe-agent:055473:iterative__dvc-3132,swe-agent,long,126,4,4,1.0,0.9777888165108446,1.0,1.0,4.0,4.0,4.0908629066485505
swe-agent:055473:iterative__dvc-3132,swe-agent,long,127,4,4,1.0,0.9777888165108446,1.0,1.0,4.0,4.0,4.0908629066485505
swe-agent:055473:iterative__dvc-3132,swe-agent,long,128,4,4,1.0,0.9777888165108446,1.0,1.0,4.0,4.0,4.0908629066485505
swe-agent:055473:iterative__dvc-3132,swe-agent,long,129,4,4,1.0,0.9777888165108446,1.0,1.0,4.0,4.0,4.0908629066485505
swe-agent:055473:iterative__dvc-3132,swe-agent,long,130,4,4,1.0,0.9777888165108446,1.0,1.0,4.0,4.0,4.0908629066485505
swe-agent:055473:iterative__dvc-3132,swe-agent,long,131,4,4,1.0,0.9777888165108446,1.0,1.0,4.0,4.0,4.0908629066485505
swe-agent:055473:iterative__dvc-3132,swe-agent,long,132,4,4,1.0,0.9777888165108446,1.0,1.0,4.0,4.0,4.0908629066485505
swe-agent:055473:iterative__dvc-3132,swe-agent,long,133,4,4,1.0,0.9777888165108446,1.0,1.0,4.0,4.0,4.0908629066485505
swe-agent:055473:iterative__dvc-3132,swe-agent,long,134,4,4,1.0,0.9777888165108446,1.0,1.0,4.0,4.0,4.0908629066485505
swe-agent:055473:iterative__dvc-3132,swe-agent,long,135,4,4,1.0,0.9777888165108446,1.0,1.0,4.0,4.0,4.0908629066485505
swe-agent:055473:iterative__dvc-3132,swe-agent,long,136,4,4,1.0,0.9777888165108446,1.0,1.0,4.0,4.0,4.0908629066485505
swe-agent:055473:iterative__dvc-3132,swe-agent,long,137,4,4,1.0,0.9777888165108446,1.0,1.0,4.0,4.0,4.0908629066485505
swe-agent:055473:iterative__dvc-3132,swe-agent,long,138,4,4,1.0,0.9777888165108446,1.0,1.0,4.0,4.0,4.0908629066485505
swe-agent:055473:iterative__dvc-3132,swe-agent,long,139,4,4,1.0,0.9777888165108446,1.0,1.0,4.0,4.0,4.0908629066485505
swe-agent:055473:iterative__dvc-3132,swe-agent,long,140,4,4,1.0,0.9777888165108446,1.0,1.0,4.0,4.0,4.0908629066485505
swe-agent:055473:iterative__dvc-3132,swe-agent,long,141,4,4,1.0,0.9777888165108446,1.0,1.0,4.0,4.0,4.0908629066485505
swe-agent:055473:iterative__dvc-3132,swe-agent,long,142,4,4,1.0,0.9777888165108446,1.0,1.0,4.0,4.0,4.0908629066485505
swe-agent:055473:iterative__dvc-3132,swe-agent,long,143,4,4,1.0,0.9777888165108446,1.0,1.0,4.0,4.0,4.0908629066485505
swe-agent:055473:iterative__dvc-3132,swe-agent,long,144,4,4,1.0,0.9777888165108446,1.0,1.0,4.0,4.0,4.0908629066485505
swe-agent:055473:iterative__dvc-3132,swe-agent,long,145,4,4,1.0,0.9777888165108446,1.0,1.0,4.0,4.0,4.0908629066485505
swe-agent:055473:iterative__dvc-3132,swe-agent,long,146,4,4,1.0,0.9777888165108446,1.0,1.0,4.0,4.0,4.0908629066485505
swe-agent:055473:iterative__dvc-3132,swe-agent,long,147,4,4,1.0,0.9777888165108446,1.0,1.0,4.0,4.0,4.0908629066485505
swe-agent:055473:iterative__dvc-3132,swe-agent,long,148,4,4,1.0,0.9777888165108446,1.0,1.0,4.0,4.0,4.0908629066485505
swe-agent:055473:iterative__dvc-3132,swe-agent,long,149,4,4,1.0,0.9777888165108446,1.0,1.0,4.0,4.0,4.0908629066485505
swe-agent:055473:iterative__dvc-3132,swe-agent,long,150,4,4,1.0,0.9777888165108446,1.0,1.0,4.0,4.0,4.0908629066485505
swe-agent:055473:iterative__dvc-3132,swe-agent,long,151,4,4,1.0,0.9777888165108446,1.0,1.0,4.0,4.0,4.0908629066485505
swe-agent:055473:iterative__dvc-3132,swe-agent,long,152,4,4,1.0,0.9777888165108446,1.0,1.0,4.0,4.0,4.0908629066485505
swe-agent:055473:iterative__dvc-3132,swe-agent,long,153,4,4,1.0,0.9777888165108446,1.0,1.0,4.0,4.0,4.0908629066485505
swe-agent:055473:iterative__dvc-3132,swe-agent,long,154,4,4,1.0,0.9777888165108446,1.0,1.0,4.0,4.0,4.0908629066485505
swe-agent:055473:iterative__dvc-3132,swe-agent,long,155,4,4,1.0,0.9777888165108446,1.0,1.0,4.0,4.0,4.0908629066485505
swe-agent:055473:iterative__dvc-3132,swe-agent,long,156,4,4,1.0,0.9777888165108446,1.0,1.0,4.0,4.0,4.0908629066485505
swe-agent:055473:iterative__dvc-3132,swe-agent,long,157,4,4,1.0,0.9777888165108446,1.0,1.0,4.0,4.0,4.0908629066485505
swe-agent:055473:iterative__dvc-3132,swe-agent,long,158,4,4,1.0,0.9777888165108446,1.0,1.0,4.0,4.0,4.0908629066485505
swe-agent:055473:iterative__dvc-3132,swe-agent,long,159,4,4,1.0,0.9777888165108446,1.0,1.0,4.0,4.0,4.0908629066485505
swe-agent:055473:iterative__dvc-3132,swe-agent,long,160,4,4,1.0,0.9777888165108446,1.0,1.0,4.0,4.0,4.0908629066485505
swe-agent:055473:iterative__dvc-3132,swe-agent,long,161,4,4,1.0,0.9777888165108446,1.0,1.0,4.0,4.0,4.0908629066485505
swe-agent:055473:iterative__dvc-3132,swe-agent,long,162,4,4,1.0,0.9777888165108446,1.0,1.0,4.0,4.0,4.0908629066485505
swe-agent:055473:iterative__dvc-3132,swe-agent,long,163,4,4,1.0,0.9777888165108446,1.0,1.0,4.0,4.0,4.0908629066485505
swe-agent:055473:iterative__dvc-3132,swe-agent,long,164,4,4,1.0,0.9777888165108446,1.0,1.0,4.0,4.0,4.0908629066485505
swe-agent:055473:iterative__dvc-3132,swe-agent,long,165,4,4,1.0,0.9777888165108446,1.0,1.0,4.0,4.0,4.0908629066485505
swe-agent:055473:iterative__dvc-3132,swe-agent,long,166,4,4,1.0,0.9777888165108446,1.0,1.0,4.0,4.0,4.0908629066485505
swe-agent:055473:iterative__dvc-3132,swe-agent,long,167,4,4,1.0,0.9777888165108446,1.0,1.0,4.0,4.0,4.0908629066485505
swe-agent:055473:iterative__dvc-3132,swe-agent,long,168,4,4,1.0,0.9777888165108446,1.0,1.0,4.0,4.0,4.0908629066485505
swe-agent:055473:iterative__dvc-3132,swe-agent,long,169,4,4,1.0,0.9777888165108446,1.0,1.0,4.0,4.0,4.0908629066485505
swe-agent:055473:iterative__dvc-3132,swe-agent,long,170,4,4,1.0,0.9777888165108446,1.0,1.0,4.0,4.0,4.0908629066485505
swe-agent:055473:iterative__dvc-3132,swe-agent,long,171,4,4,1.0,0.9777888165108446,1.0,1.0,4.0,4.0,4.0908629066485505
swe-agent:055473:iterative__dvc-3132,swe-agent,long,172,4,4,1.0,0.9777888165108446,1.0,1.0,4.0,4.0,4.0908629066485505
swe-agent:055473:iterative__dvc-3132,swe-agent,long,173,4,4,1.0,0.9777888165108446,1.0,1.0,4.0,4.0,4.0908629066485505
swe-agent:055473:iterative__dvc-3132,swe-agent,long,174,4,4,1.0,0.9777888165108446,1.0,1.0,4.0,4.0,4.0908629066485505
swe-agent:055473:iterative__dvc-3132,swe-agent,long,175,4,4,1.0,0.9777888165108446,1.0,1.0,4.0,4.0,4.0908629066485505
swe-agent:055473:iterative__dvc-3132,swe-agent,long,176,4,4,1.0,0.9777888165108446,1.0,1.0,4.0,4.0,4.0908629066485505
swe-agent:055473:iterative__dvc-3132,swe-agent,long,177,4,4,1.0,0.9777888165108446,1.0,1.0,4.0,4.0,4.0908629066485505
swe-agent:055473:iterative__dvc-3132,swe-agent,long,178,4,4,1.0,0.9777888165108446,1.0,1.0,4.0,4.0,4.0908629066485505
swe-agent:055473:iterative__dvc-3132,swe-agent,long,179,4,4,1.0,0.9777888165108446,1.0,1.0,4.0,4.0,4.0908629066485505
swe-agent:055473:iterative__dvc-3132,swe-agent,long,180,4,4,1.0,0.9777888165108446,1.0,1.0,4.0,4.0,4.0908629066485505
swe-agent:055473:iterative__dvc-3132,swe-agent,long,181,4,4,1.0,0.9777888165108446,1.0,1.0,4.0,4.0,4.0908629066485505
swe-agent:055473:iterative__dvc-3132,swe-agent,long,182,4,4,1.0,0.9777888165108446,1.0,1.0,4.0,4.0,4.0908629066485505
swe-agent:055473:iterative__dvc-3132,swe-agent,long,183,4,4,1.0,0.9777888165108446,1.0,1.0,4.0,4.0,4.0908629066485505
swe-agent:055473:iterative__dvc-3132,swe-agent,long,184,4,4,1.0,0.9777888165108446,1.0,1.0,4.0,4.0,4.0908629066485505
swe-agent:055473:iterative__dvc-3132,swe-agent,long,185,4,4,1.0,0.9777888165108446,1.0,1.0,4.0,4.0,4.0908629066485505
swe-agent:055473:iterative__dvc-3132,swe-agent,long,186,4,4,1.0,0.9777888165108446,1.0,1.0,4.0,4.0,4.0908629066485505
swe-agent:055473:iterative__dvc-3132,swe-agent,long,187,4,4,1.0,0.9777888165108446,1.0,1.0,4.0,4.0,4.0908629066485505
swe-agent:055473:iterative__dvc-3132,swe-agent,long,188,4,4,1.0,0.9777888165108446,1.0,1.0,4.0,4.0,4.0908629066485505
swe-agent:055473:iterative__dvc-3132,swe-agent,long,189,4,4,1.0,0.9777888165108446,1.0,1.0,4.0,4.0,4.0908629066485505
swe-agent:055473:iterative__dvc-3132,swe-agent,long,190,4,4,1.0,0.9777888165108446,1.0,1.0,4.0,4.0,4.0908629066485505
swe-agent:055473:iterative__dvc-3132,swe-agent,long,191,4,4,1.0,0.9777888165108446,1.0,1.0,4.0,4.0,4.0908629066485505
swe-agent:055473:iterative__dvc-3132,swe-agent,long,192,4,4,1.0,0.9777888165108446,1.0,1.0,4.0,4.0,4.0908629066485505
swe-agent:055473:iterative__dvc-3132,swe-agent,long,193,4,4,1.0,0.9777888165108446,1.0,1.0,4.0,4.0,4.0908629066485505
swe-agent:055473:iterative__dvc-3132,swe-agent,long,194,4,4,1.0,0.9777888165108446,1.0,1.0,4.0,4.0,4.0908629066485505
swe-agent:055473:iterative__dvc-3132,swe-agent,long,195,4,4,1.0,0.9777888165108446,1.0,1.0,4.0,4.0,4.0908629066485505
swe-agent:055473:iterative__dvc-3132,swe-agent,long,196,4,4,1.0,0.9777888165108446,1.0,1.0,4.0,4.0,4.0908629066485505
swe-agent:055473:iterative__dvc-3132,swe-agent,long,197,4,4,1.0,0.9777888165108446,1.0,1.0,4.0,4.0,4.0908629066485505
swe-agent:055473:iterative__dvc-3132,swe-agent,long,198,4,4,1.0,0.9777888165108446,1.0,1.0,4.0,4.0,4.0908629066485505
swe-agent:055473:iterative__dvc-3132,swe-agent,long,199,4,4,1.0,0.9777888165108446,1.0,1.0,4.0,4.0,4.0908629066485505
swe-agent:055473:iterative__dvc-3132,swe-agent,long,200,4,4,1.0,0.9777888165108446,1.0,1.0,4.0,4.0,4.0908629066485505
swe-agent:055473:iterative__dvc-3132,swe-agent,long,201,4,4,1.0,0.9777888165108446,1.0,1.0,4.0,4.0,4.0908629066485505
swe-agent:055473:iterative__dvc-3132,swe-agent,long,202,4,4,1.0,0.9777888165108446,1.0,1.0,4.0,4.0,4.0908629066485505
swe-agent:055473:iterative__dvc-3132,swe-agent,long,203,4,4,1.0,0.9777888165108446,1.0,1.0,4.0,4.0,4.0908629066485505
swe-agent:055473:iterative__dvc-3132,swe-agent,long,204,4,4,1.0,0.9777888165108446,1.0,1.0,4.0,4.0,4.0908629066485505
swe-agent:055473:iterative__dvc-3132,swe-agent,long,205,4,4,1.0,0.9777888165108446,1.0,1.0,4.0,4.0,4.0908629066485505
swe-agent:055473:iterative__dvc-3132,swe-agent,long,206,4,4,1.0,0.9777888165108446,1.0,1.0,4.0,4.0,4.0908629066485505
swe-agent:055473:iterative__dvc-3132,swe-agent,long,207,4,4,1.0,0.9777888165108446,1.0,1.0,4.0,4.0,4.0908629066485505
swe-agent:055473:iterative__dvc-3132,swe-agent,long,208,4,4,1.0,0.9777888165108446,1.0,1.0,4.0,4.0,4.0908629066485505
swe-agent:055473:iterative__dvc-3132,swe-agent,long,209,4,4,1.0,0.9777888165108446,1.0,1.0,4.0,4.0,4.0908629066485505
swe-agent:055473:iterative__dvc-3132,swe-agent,long,210,4,4,1.0,0.9777888165108446,1.0,1.0,4.0,4.0,4.0908629066485505
swe-agent:055473:iterative__dvc-3132,swe-agent,long,211,4,4,1.0,0.9777888165108446,1.0,1.0,4.0,4.0,4.0908629066485505
swe-agent:055473:iterative__dvc-3132,swe-agent,long,212,4,4,1.0,0.9777888165108446,1.0,1.0,4.0,4.0,4.0908629066485505
swe-agent:055473:iterative__dvc-3132,swe-agent,long,213,4,4,1.0,0.9777888165108446,1.0,1.0,4.0,4.0,4.0908629066485505
swe-agent:055473:iterative__dvc-3132,swe-agent,long,214,4,4,1.0,0.9777888165108446,1.0,1.0,4.0,4.0,4.0908629066485505
swe-agent:055473:iterative__dvc-3132,swe-agent,long,215,4,4,1.0,0.9777888165108446,1.0,1.0,4.0,4.0,4.0908629066485505
swe-agent:055473:iterative__dvc-3132,swe-agent,long,216,4,4,1.0,0.9777888165108446,1.0,1.0,4.0,4.0,4.0908629066485505
swe-agent:055473:iterative__dvc-3132,swe-agent,long,217,4,4,1.0,0.9777888165108446,1.0,1.0,4.0,4.0,4.0908629066485505
swe-agent:055473:iterative__dvc-3132,swe-agent,long,218,4,4,1.0,0.9777888165108446,1.0,1.0,4.0,4.0,4.0908629066485505
swe-agent:055473:iterative__dvc-3132,swe-agent,long,219,4,4,1.0,0.9777888165108446,1.0,1.0,4.0,4.0,4.0908629066485505
swe-agent:055473:iterative__dvc-3132,swe-agent,long,220,4,4,1.0,0.9777888165108446,1.0,1.0,4.0,4.0,4.0908629066485505
swe-agent:055473:iterative__dvc-3132,swe-agent,long,221,4,4,1.0,0.9777888165108446,1.0,1.0,4.0,4.0,4.0908629066485505
swe-agent:055473:iterative__dvc-3132,swe-agent,long,222,4,4,1.0,0.9777888165108446,1.0,1.0,4.0,4.0,4.0908629066485505
swe-agent:055473:iterative__dvc-3132,swe-agent,long,223,4,4,1.0,0.9777888165108446,1.0,1.0,4.0,4.0,4.0908629066485505
swe-agent:055473:iterative__dvc-3132,swe-agent,long,224,4,4,1.0,0.9777888165108446,1.0,1.0,4.0,4.0,4.0908629066485505
swe-agent:055473:iterative__dvc-3132,swe-agent,long,225,4,4,1.0,0.9777888165108446,1.0,1.0,4.0,4.0,4.0908629066485505
swe-agent:055473:iterative__dvc-3132,swe-agent,long,226,4,4,1.0,0.9777888165108446,1.0,1.0,4.0,4.0,4.0908629066485505
swe-agent:055473:iterative__dvc-3132,swe-agent,long,227,4,4,1.0,0.9777888165108446,1.0,1.0,4.0,4.0,4.0908629066485505
swe-agent:055473:iterative__dvc-3132,swe-agent,long,228,4,4,1.0,0.9777888165108446,1.0,1.0,4.0,4.0,4.0908629066485505
swe-agent:055473:iterative__dvc-3132,swe-agent,long,229,4,4,1.0,0.9777888165108446,1.0,1.0,4.0,4.0,4.0908629066485505
swe-agent:055473:iterative__dvc-3132,swe-agent,long,230,4,4,1.0,0.9777888165108446,1.0,1.0,4.0,4.0,4.0908629066485505
swe-agent:055473:iterative__dvc-3132,swe-agent,long,231,4,4,1.0,0.9777888165108446,1.0,1.0,4.0,4.0,4.0908629066485505
swe-agent:055473:iterative__dvc-3132,swe-agent,long,232,4,4,1.0,0.9777888165108446,1.0,1.0,4.0,4.0,4.0908629066485505
swe-agent:055473:iterative__dvc-3132,swe-agent,long,233,4,4,1.0,0.9777888165108446,1.0,1.0,4.0,4.0,4.0908629066485505
swe-agent:055473:iterative__dvc-3132,swe-agent,long,234,4,4,1.0,0.9777888165108446,1.0,1.0,4.0,4.0,4.0908629066485505
swe-agent:055473:iterative__dvc-3132,swe-agent,long,235,4,4,1.0,0.9777888165108446,1.0,1.0,4.0,4.0,4.0908629066485505
swe-agent:055473:iterative__dvc-3132,swe-agent,long,236,4,4,1.0,0.9777888165108446,1.0,1.0,4.0,4.0,4.0908629066485505
swe-agent:055473:iterative__dvc-3132,swe-agent,long,237,4,4,1.0,0.9777888165108446,1.0,1.0,4.0,4.0,4.0908629066485505
swe-agent:055473:iterative__dvc-3132,swe-agent,long,238,4,4,1.0,0.9777888165108446,1.0,1.0,4.0,4.0,4.0908629066485505
swe-agent:055473:iterative__dvc-3132,swe-agent,long,239,4,4,1.0,0.9777888165108446,1.0,1.0,4.0,4.0,4.0908629066485505
swe-agent:055473:iterative__dvc-3132,swe-agent,long,240,4,4,1.0,0.9777888165108446,1.0,1.0,4.0,4.0,4.0908629066485505
swe-agent:055473:iterative__dvc-3132,swe-agent,long,241,4,4,1.0,0.9777888165108446,1.0,1.0,4.0,4.0,4.0908629066485505
swe-agent:055473:iterative__dvc-3132,swe-agent,long,242,4,4,1.0,0.9777888165108446,1.0,1.0,4.0,4.0,4.0908629066485505
swe-agent:055473:iterative__dvc-3132,swe-agent,long,243,4,4,1.0,0.9777888165108446,1.0,1.0,4.0,4.0,4.0908629066485505
swe-agent:055473:iterative__dvc-3132,swe-agent,long,244,4,4,1.0,0.9777888165108446,1.0,1.0,4.0,4.0,4.0908629066485505
swe-agent:055473:iterative__dvc-3132,swe-agent,long,245,4,4,1.0,0.9777888165108446,1.0,1.0,4.0,4.0,4.0908629066485505
swe-agent:055473:iterative__dvc-3132,swe-agent,long,246,4,4,1.0,0.9777888165108446,1.0,1.0,4.0,4.0,4.0908629066485505
swe-agent:055473:iterative__dvc-3132,swe-agent,long,247,4,4,1.0,0.9777888165108446,1.0,1.0,4.0,4.0,4.0908629066485505
swe-agent:055473:iterative__dvc-3132,swe-agent,long,248,4,4,1.0,0.9777888165108446,1.0,1.0,4.0,4.0,4.0908629066485505
swe-agent:055473:iterative__dvc-3132,swe-agent,long,249,4,4,1.0,0.9777888165108446,1.0,1.0,4.0,4.0,4.0908629066485505
swe-agent:055473:iterative__dvc-3132,swe-agent,long,250,4,4,1.0,0.9777888165108446,1.0,1.0,4.0,4.0,4.0908629066485505
swe-agent:055473:iterative__dvc-3132,swe-agent,long,251,4,4,1.0,0.9777888165108446,1.0,1.0,4.0,4.0,4.0908629066485505
swe-agent:055473:iterative__dvc-3132,swe-agent,long,252,4,4,1.0,0.9777888165108446,1.0,1.0,4.0,4.0,4.0908629066485505
swe-agent:055473:iterative__dvc-3132,swe-agent,long,253,4,4,1.0,0.9777888165108446,1.0,1.0,4.0,4.0,4.0908629066485505
swe-agent:055473:iterative__dvc-3132,swe-agent,long,254,4,4,1.0,0.9777888165108446,1.0,1.0,4.0,4.0,4.0908629066485505
swe-agent:055473:iterative__dvc-3132,swe-agent,long,255,4,4,1.0,0.9777888165108446,1.0,1.0,4.0,4.0,4.0908629066485505
swe-agent:055473:iterative__dvc-3132,swe-agent,long,256,4,4,1.0,0.9777888165108446,1.0,1.0,4.0,4.0,4.0908629066485505
swe-agent:055473:iterative__dvc-3132,swe-agent,long,257,4,4,1.0,0.9777888165108446,1.0,1.0,4.0,4.0,4.0908629066485505
swe-agent:055473:iterative__dvc-3132,swe-agent,long,258,4,4,1.0,0.9777888165108446,1.0,1.0,4.0,4.0,4.0908629066485505
swe-agent:055473:iterative__dvc-3132,swe-agent,long,259,4,4,1.0,0.9777888165108446,1.0,1.0,4.0,4.0,4.0908629066485505
swe-agent:055473:iterative__dvc-3132,swe-agent,long,260,4,4,1.0,0.9777888165108446,1.0,1.0,4.0,4.0,4.0908629066485505
swe-agent:055473:iterative__dvc-3132,swe-agent,long,261,4,4,1.0,0.9777888165108446,1.0,1.0,4.0,4.0,4.0908629066485505
swe-agent:055473:iterative__dvc-3132,swe-agent,long,262,4,4,1.0,0.9777888165108446,1.0,1.0,4.0,4.0,4.0908629066485505
swe-agent:055473:iterative__dvc-3132,swe-agent,long,263,4,4,1.0,0.9777888165108446,1.0,1.0,4.0,4.0,4.0908629066485505
swe-agent:055473:iterative__dvc-3132,swe-agent,long,264,4,4,1.0,0.9777888165108446,1.0,1.0,4.0,4.0,4.0908629066485505
swe-agent:055473:iterative__dvc-3132,swe-agent,long,265,4,4,1.0,0.9777888165108446,1.0,1.0,4.0,4.0,4.0908629066485505
swe-agent:055473:iterative__dvc-3132,swe-agent,long,266,4,4,1.0,0.9777888165108446,1.0,1.0,4.0,4.0,4.0908629066485505
swe-agent:055473:iterative__dvc-3132,swe-agent,long,267,4,4,1.0,0.9777888165108446,1.0,1.0,4.0,4.0,4.0908629066485505
swe-agent:055473:iterative__dvc-3132,swe-agent,long,268,4,4,1.0,0.9777888165108446,1.0,1.0,4.0,4.0,4.0908629066485505
swe-agent:055473:iterative__dvc-3132,swe-agent,long,269,4,4,1.0,0.9777888165108446,1.0,1.0,4.0,4.0,4.0908629066485505
swe-agent:055473:iterative__dvc-3132,swe-agent,long,270,4,4,1.0,0.9777888165108446,1.0,1.0,4.0,4.0,4.0908629066485505
swe-agent:055473:iterative__dvc-3132,swe-agent,long,271,4,4,1.0,0.9777888165108446,1.0,1.0,4.0,4.0,4.0908629066485505
swe-agent:055473:iterative__dvc-3132,swe-agent,long,272,4,4,1.0,0.9777888165108446,1.0,1.0,4.0,4.0,4.0908629066485505
swe-agent:055473:iterative__dvc-3132,swe-agent,long,273,4,4,1.0,0.9777888165108446,1.0,1.0,4.0,4.0,4.0908629066485505
swe-agent:055473:iterative__dvc-3132,swe-agent,long,274,4,4,1.0,0.9777888165108446,1.0,1.0,4.0,4.0,4.0908629066485505
swe-agent:055473:iterative__dvc-3132,swe-agent,long,275,4,4,1.0,0.9777888165108446,1.0,1.0,4.0,4.0,4.0908629066485505
swe-agent:055473:iterative__dvc-3132,swe-agent,long,276,4,4,1.0,0.9777888165108446,1.0,1.0,4.0,4.0,4.0908629066485505
swe-agent:055473:iterative__dvc-3132,swe-agent,long,277,4,4,1.0,0.9777888165108446,1.0,1.0,4.0,4.0,4.0908629066485505
swe-agent:055473:iterative__dvc-3132,swe-agent,long,278,4,4,1.0,0.9777888165108446,1.0,1.0,4.0,4.0,4.0908629066485505
swe-agent:055473:iterative__dvc-3132,swe-agent,long,279,4,4,1.0,0.9777888165108446,1.0,1.0,4.0,4.0,4.0908629066485505
swe-agent:055473:iterative__dvc-3132,swe-agent,long,280,4,4,1.0,0.9777888165108446,1.0,1.0,4.0,4.0,4.0908629066485505
swe-agent:055473:iterative__dvc-3132,swe-agent,long,281,4,4,1.0,0.9777888165108446,1.0,1.0,4.0,4.0,4.0908629066485505
swe-agent:055473:iterative__dvc-3132,swe-agent,long,282,4,4,1.0,0.9777888165108446,1.0,1.0,4.0,4.0,4.0908629066485505
swe-agent:055473:iterative__dvc-3132,swe-agent,long,283,4,4,1.0,0.9777888165108446,1.0,1.0,4.0,4.0,4.0908629066485505
swe-agent:055473:iterative__dvc-3132,swe-agent,long,284,4,4,1.0,0.9777888165108446,1.0,1.0,4.0,4.0,4.0908629066485505
swe-agent:055473:iterative__dvc-3132,swe-agent,long,285,4,4,1.0,0.9777888165108446,1.0,1.0,4.0,4.0,4.0908629066485505
swe-agent:055473:iterative__dvc-3132,swe-agent,long,286,4,4,1.0,0.9777888165108446,1.0,1.0,4.0,4.0,4.0908629066485505
swe-agent:055473:iterative__dvc-3132,swe-agent,long,287,4,4,1.0,0.9777888165108446,1.0,1.0,4.0,4.0,4.0908629066485505
swe-agent:055473:iterative__dvc-3132,swe-agent,long,288,4,4,1.0,0.9777888165108446,1.0,1.0,4.0,4.0,4.0908629066485505
swe-agent:055473:iterative__dvc-3132,swe-agent,long,289,4,4,1.0,0.9777888165108446,1.0,1.0,4.0,4.0,4.0908629066485505
swe-agent:055473:iterative__dvc-3132,swe-agent,long,290,4,4,1.0,0.9777888165108446,1.0,1.0,4.0,4.0,4.0908629066485505
swe-agent:055473:iterative__dvc-3132,swe-agent,long,291,4,4,1.0,0.9777888165108446,1.0,1.0,4.0,4.0,4.0908629066485505
swe-agent:055473:iterative__dvc-3132,swe-agent,long,292,4,4,1.0,0.9777888165108446,1.0,1.0,4.0,4.0,4.0908629066485505
swe-agent:055473:iterative__dvc-3132,swe-agent,long,293,4,4,1.0,0.9777888165108446,1.0,1.0,4.0,4.0,4.0908629066485505
swe-agent:055473:iterative__dvc-3132,swe-agent,long,294,4,4,1.0,0.9777888165108446,1.0,1.0,4.0,4.0,4.0908629066485505
swe-agent:055473:iterative__dvc-3132,swe-agent,long,295,4,4,1.0,0.9777888165108446,1.0,1.0,4.0,4.0,4.0908629066485505
swe-agent:055473:iterative__dvc-3132,swe-agent,long,296,4,4,1.0,0.9777888165108446,1.0,1.0,4.0,4.0,4.0908629066485505
swe-agent:055473:iterative__dvc-3132,swe-agent,long,297,4,4,1.0,0.9777888165108446,1.0,1.0,4.0,4.0,4.0908629066485505
swe-agent:055473:iterative__dvc-3132,swe-agent,long,298,4,4,1.0,0.9777888165108446,1.0,1.0,4.0,4.0,4.0908629066485505
swe-agent:055473:iterative__dvc-3132,swe-agent,long,299,4,4,1.0,0.9777888165108446,1.0,1.0,4.0,4.0,4.0908629066485505
swe-agent:055473:iterative__dvc-3132,swe-agent,long,300,4,4,1.0,0.9777888165108446,1.0,1.0,4.0,4.0,4.0908629066485505
swe-agent:055473:iterative__dvc-3132,swe-agent,long,301,4,4,1.0,0.9777888165108446,1.0,1.0,4.0,4.0,4.0908629066485505
swe-agent:055473:iterative__dvc-3132,swe-agent,long,302,4,4,1.0,0.9777888165108446,1.0,1.0,4.0,4.0,4.0908629066485505
swe-agent:055473:iterative__dvc-3132,swe-agent,long,303,4,4,1.0,0.9777888165108446,1.0,1.0,4.0,4.0,4.0908629066485505
swe-agent:055473:iterative__dvc-3132,swe-agent,long,304,4,4,1.0,0.9777888165108446,1.0,1.0,4.0,4.0,4.0908629066485505
swe-agent:055473:iterative__dvc-3132,swe-agent,long,305,4,4,1.0,0.9777888165108446,1.0,1.0,4.0,4.0,4.0908629066485505
swe-agent:055473:iterative__dvc-3132,swe-agent,long,306,4,4,1.0,0.9777888165108446,1.0,1.0,4.0,4.0,4.0908629066485505
swe-agent:055473:iterative__dvc-3132,swe-agent,long,307,4,4,1.0,0.9777888165108446,1.0,1.0,4.0,4.0,4.0908629066485505
swe-agent:055473:iterative__dvc-3132,swe-agent,long,308,4,4,1.0,0.9777888165108446,1.0,1.0,4.0,4.0,4.0908629066485505
swe-agent:055473:iterative__dvc-3132,swe-agent,long,309,4,4,1.0,0.9777888165108446,1.0,1.0,4.0,4.0,4.0908629066485505
swe-agent:055473:iterative__dvc-3132,swe-agent,long,310,4,4,1.0,0.9777888165108446,1.0,1.0,4.0,4.0,4.0908629066485505
swe-agent:055473:iterative__dvc-3132,swe-agent,long,311,4,4,1.0,0.9777888165108446,1.0,1.0,4.0,4.0,4.0908629066485505
swe-agent:055473:iterative__dvc-3132,swe-agent,long,312,4,4,1.0,0.9777888165108446,1.0,1.0,4.0,4.0,4.0908629066485505
swe-agent:055473:iterative__dvc-3132,swe-agent,long,313,4,4,1.0,0.9777888165108446,1.0,1.0,4.0,4.0,4.0908629066485505
swe-agent:055473:iterative__dvc-3132,swe-agent,long,314,4,4,1.0,0.9777888165108446,1.0,1.0,4.0,4.0,4.0908629066485505
swe-agent:055473:iterative__dvc-3132,swe-agent,long,315,4,4,1.0,0.9777888165108446,1.0,1.0,4.0,4.0,4.0908629066485505
swe-agent:055473:iterative__dvc-3132,swe-agent,long,316,4,4,1.0,0.9777888165108446,1.0,1.0,4.0,4.0,4.0908629066485505
swe-agent:055473:iterative__dvc-3132,swe-agent,long,317,4,4,1.0,0.9777888165108446,1.0,1.0,4.0,4.0,4.0908629066485505
swe-agent:055473:iterative__dvc-3132,swe-agent,long,318,4,4,1.0,0.9777888165108446,1.0,1.0,4.0,4.0,4.0908629066485505
swe-agent:055473:iterative__dvc-3132,swe-agent,long,319,4,4,1.0,0.9777888165108446,1.0,1.0,4.0,4.0,4.0908629066485505
swe-agent:055473:iterative__dvc-3132,swe-agent,long,320,4,4,1.0,0.9777888165108446,1.0,1.0,4.0,4.0,4.0908629066485505
swe-agent:055473:iterative__dvc-3132,swe-agent,long,321,4,4,1.0,0.9777888165108446,1.0,1.0,4.0,4.0,4.0908629066485505
swe-agent:055473:iterative__dvc-3132,swe-agent,long,322,4,4,1.0,0.9777888165108446,1.0,1.0,4.0,4.0,4.0908629066485505
swe-agent:055473:iterative__dvc-3132,swe-agent,long,323,4,4,1.0,0.9777888165108446,1.0,1.0,4.0,4.0,4.0908629066485505
swe-agent:055473:iterative__dvc-3132,swe-agent,long,324,4,4,1.0,0.9777888165108446,1.0,1.0,4.0,4.0,4.0908629066485505
swe-agent:055473:iterative__dvc-3132,swe-agent,long,325,4,4,1.0,0.9777888165108446,1.0,1.0,4.0,4.0,4.0908629066485505
swe-agent:055473:iterative__dvc-3132,swe-agent,long,326,4,4,1.0,0.9777888165108446,1.0,1.0,4.0,4.0,4.0908629066485505
swe-agent:055473:iterative__dvc-3132,swe-agent,long,327,4,4,1.0,0.9777888165108446,1.0,1.0,4.0,4.0,4.0908629066485505
swe-agent:055473:iterative__dvc-3132,swe-agent,long,328,4,4,1.0,0.9777888165108446,1.0,1.0,4.0,4.0,4.0908629066485505
swe-agent:055473:iterative__dvc-3132,swe-agent,long,329,4,4,1.0,0.9777888165108446,1.0,1.0,4.0,4.0,4.0908629066485505
swe-agent:055473:iterative__dvc-3132,swe-agent,long,330,4,4,1.0,0.9777888165108446,1.0,1.0,4.0,4.0,4.0908629066485505
swe-agent:055473:iterative__dvc-3132,swe-agent,long,331,4,4,1.0,0.9777888165108446,1.0,1.0,4.0,4.0,4.0908629066485505
swe-agent:055473:iterative__dvc-3132,swe-agent,long,332,4,4,1.0,0.9777888165108446,1.0,1.0,4.0,4.0,4.0908629066485505
swe-agent:055473:iterative__dvc-3132,swe-agent,long,333,4,4,1.0,0.9777888165108446,1.0,1.0,4.0,4.0,4.0908629066485505
swe-agent:055473:iterative__dvc-3132,swe-agent,long,334,4,4,1.0,0.9777888165108446,1.0,1.0,4.0,4.0,4.0908629066485505
swe-agent:055473:iterative__dvc-3132,swe-agent,long,335,4,4,1.0,0.9777888165108446,1.0,1.0,4.0,4.0,4.0908629066485505
swe-agent:055473:iterative__dvc-3132,swe-agent,long,336,4,4,1.0,0.9777888165108446,1.0,1.0,4.0,4.0,4.0908629066485505
swe-agent:055473:iterative__dvc-3132,swe-agent,long,337,4,4,1.0,0.9777888165108446,1.0,1.0,4.0,4.0,4.0908629066485505
swe-agent:055473:iterative__dvc-3132,swe-agent,long,338,4,4,1.0,0.9777888165108446,1.0,1.0,4.0,4.0,4.0908629066485505
swe-agent:055473:iterative__dvc-3132,swe-agent,long,339,4,4,1.0,0.9777888165108446,1.0,1.0,4.0,4.0,4.0908629066485505
swe-agent:055473:iterative__dvc-3132,swe-agent,long,340,4,4,1.0,0.9777888165108446,1.0,1.0,4.0,4.0,4.0908629066485505
swe-agent:055473:iterative__dvc-3132,swe-agent,long,341,4,4,1.0,0.9777888165108446,1.0,1.0,4.0,4.0,4.0908629066485505
swe-agent:055473:iterative__dvc-3132,swe-agent,long,342,4,4,1.0,0.9777888165108446,1.0,1.0,4.0,4.0,4.0908629066485505
swe-agent:055473:iterative__dvc-3132,swe-agent,long,343,4,4,1.0,0.9777888165108446,1.0,1.0,4.0,4.0,4.0908629066485505
swe-agent:055473:iterative__dvc-3132,swe-agent,long,344,4,4,1.0,0.9777888165108446,1.0,1.0,4.0,4.0,4.0908629066485505
swe-agent:055473:iterative__dvc-3132,swe-agent,long,345,4,4,1.0,0.9777888165108446,1.0,1.0,4.0,4.0,4.0908629066485505
swe-agent:055473:iterative__dvc-3132,swe-agent,long,346,4,4,1.0,0.9777888165108446,1.0,1.0,4.0,4.0,4.0908629066485505
swe-agent:055473:iterative__dvc-3132,swe-agent,long,347,4,4,1.0,0.9777888165108446,1.0,1.0,4.0,4.0,4.0908629066485505
swe-agent:055473:iterative__dvc-3132,swe-agent,long,348,4,4,1.0,0.9777888165108446,1.0,1.0,4.0,4.0,4.0908629066485505
swe-agent:055473:iterative__dvc-3132,swe-agent,long,349,4,4,1.0,0.9777888165108446,1.0,1.0,4.0,4.0,4.0908629066485505
swe-agent:055473:iterative__dvc-3132,swe-agent,long,350,4,4,1.0,0.9777888165108446,1.0,1.0,4.0,4.0,4.0908629066485505
swe-agent:055473:iterative__dvc-3132,swe-agent,long,351,4,4,1.0,0.9777888165108446,1.0,1.0,4.0,4.0,4.0908629066485505
swe-agent:055473:iterative__dvc-3132,swe-agent,long,352,4,4,1.0,0.9777888165108446,1.0,1.0,4.0,4.0,4.0908629066485505
swe-agent:055473:iterative__dvc-3132,swe-agent,long,353,4,4,1.0,0.9777888165108446,1.0,1.0,4.0,4.0,4.0908629066485505
swe-agent:055473:iterative__dvc-3132,swe-agent,long,354,4,4,1.0,0.9777888165108446,1.0,1.0,4.0,4.0,4.0908629066485505
swe-agent:055473:iterative__dvc-3132,swe-agent,long,355,4,4,1.0,0.9777888165108446,1.0,1.0,4.0,4.0,4.0908629066485505
swe-agent:055473:iterative__dvc-3132,swe-agent,long,356,4,4,1.0,0.9777888165108446,1.0,1.0,4.0,4.0,4.0908629066485505
swe-agent:055473:iterative__dvc-3132,swe-agent,long,357,4,4,1.0,0.9777888165108446,1.0,1.0,4.0,4.0,4.0908629066485505
swe-agent:055473:iterative__dvc-3132,swe-agent,long,358,4,4,1.0,0.9777888165108446,1.0,1.0,4.0,4.0,4.0908629066485505
swe-agent:055473:iterative__dvc-3132,swe-agent,long,359,4,4,1.0,0.9777888165108446,1.0,1.0,4.0,4.0,4.0908629066485505
swe-agent:055473:iterative__dvc-3132,swe-agent,long,360,4,4,1.0,0.9777888165108446,1.0,1.0,4.0,4.0,4.0908629066485505
swe-agent:055473:iterative__dvc-3132,swe-agent,long,361,4,4,1.0,0.9777888165108446,1.0,1.0,4.0,4.0,4.0908629066485505
swe-agent:055473:iterative__dvc-3132,swe-agent,long,362,4,4,1.0,0.9777888165108446,1.0,1.0,4.0,4.0,4.0908629066485505
swe-agent:055473:iterative__dvc-3132,swe-agent,long,363,4,4,1.0,0.9777888165108446,1.0,1.0,4.0,4.0,4.0908629066485505
swe-agent:055473:iterative__dvc-3132,swe-agent,long,364,4,4,1.0,0.9777888165108446,1.0,1.0,4.0,4.0,4.0908629066485505
swe-agent:055473:iterative__dvc-3132,swe-agent,long,365,4,4,1.0,0.9777888165108446,1.0,1.0,4.0,4.0,4.0908629066485505
swe-agent:055473:iterative__dvc-3132,swe-agent,long,366,4,4,1.0,0.9777888165108446,1.0,1.0,4.0,4.0,4.0908629066485505
swe-agent:055473:iterative__dvc-3132,swe-agent,long,367,4,4,1.0,0.9777888165108446,1.0,1.0,4.0,4.0,4.0908629066485505
swe-agent:055473:iterative__dvc-3132,swe-agent,long,368,4,4,1.0,0.9777888165108446,1.0,1.0,4.0,4.0,4.0908629066485505
swe-agent:055473:iterative__dvc-3132,swe-agent,long,369,4,4,1.0,0.9777888165108446,1.0,1.0,4.0,4.0,4.0908629066485505
swe-agent:055473:iterative__dvc-3132,swe-agent,long,370,4,4,1.0,0.9777888165108446,1.0,1.0,4.0,4.0,4.0908629066485505
swe-agent:055473:iterative__dvc-3132,swe-agent,long,371,4,4,1.0,0.9777888165108446,1.0,1.0,4.0,4.0,4.0908629066485505
swe-agent:055473:iterative__dvc-3132,swe-agent,long,372,4,4,1.0,0.9777888165108446,1.0,1.0,4.0,4.0,4.0908629066485505
swe-agent:055473:iterative__dvc-3132,swe-agent,long,373,4,4,1.0,0.9777888165108446,1.0,1.0,4.0,4.0,4.0908629066485505
swe-agent:055473:iterative__dvc-3132,swe-agent,long,374,4,4,1.0,0.9777888165108446,1.0,1.0,4.0,4.0,4.0908629066485505
swe-agent:055473:iterative__dvc-3132,swe-agent,long,375,4,4,1.0,0.9777888165108446,1.0,1.0,4.0,4.0,4.0908629066485505
swe-agent:055473:iterative__dvc-3132,swe-agent,long,376,4,4,1.0,0.9777888165108446,1.0,1.0,4.0,4.0,4.0908629066485505
swe-agent:055473:iterative__dvc-3132,swe-agent,long,377,4,4,1.0,0.9777888165108446,1.0,1.0,4.0,4.0,4.0908629066485505
swe-agent:055473:iterative__dvc-3132,swe-agent,long,378,4,4,1.0,0.9777888165108446,1.0,1.0,4.0,4.0,4.0908629066485505
swe-agent:055473:iterative__dvc-3132,swe-agent,long,379,4,4,1.0,0.9777888165108446,1.0,1.0,4.0,4.0,4.0908629066485505
swe-agent:055473:iterative__dvc-3132,swe-agent,long,380,4,4,1.0,0.9777888165108446,1.0,1.0,4.0,4.0,4.0908629066485505
swe-agent:055473:iterative__dvc-3132,swe-agent,long,381,4,4,1.0,0.9777888165108446,1.0,1.0,4.0,4.0,4.0908629066485505
swe-agent:055473:iterative__dvc-3132,swe-agent,long,382,4,4,1.0,0.9777888165108446,1.0,1.0,4.0,4.0,4.0908629066485505
swe-agent:055473:iterative__dvc-3132,swe-agent,long,383,4,4,1.0,0.9777888165108446,1.0,1.0,4.0,4.0,4.0908629066485505
swe-agent:055473:iterative__dvc-3132,swe-agent,long,384,4,4,1.0,0.9777888165108446,1.0,1.0,4.0,4.0,4.0908629066485505
swe-agent:055473:iterative__dvc-3132,swe-agent,long,385,4,4,1.0,0.9777888165108446,1.0,1.0,4.0,4.0,4.0908629066485505
swe-agent:055473:iterative__dvc-3132,swe-agent,long,386,4,4,1.0,0.9777888165108446,1.0,1.0,4.0,4.0,4.0908629066485505
swe-agent:055473:iterative__dvc-3132,swe-agent,long,387,4,4,1.0,0.9777888165108446,1.0,1.0,4.0,4.0,4.0908629066485505
swe-agent:055473:iterative__dvc-3132,swe-agent,long,388,4,4,1.0,0.9777888165108446,1.0,1.0,4.0,4.0,4.0908629066485505
swe-agent:055473:iterative__dvc-3132,swe-agent,long,389,4,4,1.0,0.9777888165108446,1.0,1.0,4.0,4.0,4.0908629066485505
swe-agent:055473:iterative__dvc-3132,swe-agent,long,390,4,4,1.0,0.9777888165108446,1.0,1.0,4.0,4.0,4.0908629066485505
swe-agent:055473:iterative__dvc-3132,swe-agent,long,391,4,4,1.0,0.9777888165108446,1.0,1.0,4.0,4.0,4.0908629066485505
swe-agent:055473:iterative__dvc-3132,swe-agent,long,392,4,4,1.0,0.9777888165108446,1.0,1.0,4.0,4.0,4.0908629066485505
swe-agent:055473:iterative__dvc-3132,swe-agent,long,393,4,4,1.0,0.9777888165108446,1.0,1.0,4.0,4.0,4.0908629066485505
swe-agent:055473:iterative__dvc-3132,swe-agent,long,394,4,4,1.0,0.9777888165108446,1.0,1.0,4.0,4.0,4.0908629066485505
swe-agent:055473:iterative__dvc-3132,swe-agent,long,395,4,4,1.0,0.9777888165108446,1.0,1.0,4.0,4.0,4.0908629066485505
swe-agent:055473:iterative__dvc-3132,swe-agent,long,396,4,4,1.0,0.9777888165108446,1.0,1.0,4.0,4.0,4.0908629066485505
swe-agent:055473:iterative__dvc-3132,swe-agent,long,397,4,4,1.0,0.9777888165108446,1.0,1.0,4.0,4.0,4.0908629066485505
swe-agent:055473:iterative__dvc-3132,swe-agent,long,398,4,4,1.0,0.9777888165108446,1.0,1.0,4.0,4.0,4.0908629066485505
swe-agent:055473:iterative__dvc-3132,swe-agent,long,399,4,4,1.0,0.9777888165108446,1.0,1.0,4.0,4.0,4.0908629066485505
swe-agent:055473:iterative__dvc-3132,swe-agent,long,400,4,4,1.0,0.9777888165108446,1.0,1.0,4.0,4.0,4.0908629066485505
swe-agent:055473:iterative__dvc-3132,swe-agent,long,401,4,4,1.0,0.9777888165108446,1.0,1.0,4.0,4.0,4.0908629066485505
swe-agent:055473:iterative__dvc-3132,swe-agent,long,402,4,4,1.0,0.9777888165108446,1.0,1.0,4.0,4.0,4.0908629066485505
swe-agent:055473:iterative__dvc-3132,swe-agent,long,403,4,4,1.0,0.9777888165108446,1.0,1.0,4.0,4.0,4.0908629066485505
swe-agent:055473:iterative__dvc-3132,swe-agent,long,404,4,4,1.0,0.9777888165108446,1.0,1.0,4.0,4.0,4.0908629066485505
swe-agent:055473:iterative__dvc-3132,swe-agent,long,405,4,4,1.0,0.9777888165108446,1.0,1.0,4.0,4.0,4.0908629066485505
swe-agent:055473:iterative__dvc-3132,swe-agent,long,406,4,4,1.0,0.9777888165108446,1.0,1.0,4.0,4.0,4.0908629066485505
swe-agent:055473:iterative__dvc-3132,swe-agent,long,407,4,4,1.0,0.9777888165108446,1.0,1.0,4.0,4.0,4.0908629066485505
swe-agent:055473:iterative__dvc-3132,swe-agent,long,408,4,4,1.0,0.9777888165108446,1.0,1.0,4.0,4.0,4.0908629066485505
swe-agent:055473:iterative__dvc-3132,swe-agent,long,409,4,4,1.0,0.9777888165108446,1.0,1.0,4.0,4.0,4.0908629066485505
swe-agent:055473:iterative__dvc-3132,swe-agent,long,410,4,4,1.0,0.9777888165108446,1.0,1.0,4.0,4.0,4.0908629066485505
swe-agent:055473:iterative__dvc-3132,swe-agent,long,411,4,4,1.0,0.9777888165108446,1.0,1.0,4.0,4.0,4.0908629066485505
swe-agent:055473:iterative__dvc-3132,swe-agent,long,412,4,4,1.0,0.9777888165108446,1.0,1.0,4.0,4.0,4.0908629066485505
swe-agent:055473:iterative__dvc-3132,swe-agent,long,413,4,4,1.0,0.9777888165108446,1.0,1.0,4.0,4.0,4.0908629066485505
swe-agent:055473:iterative__dvc-3132,swe-agent,long,414,4,4,1.0,0.9777888165108446,1.0,1.0,4.0,4.0,4.0908629066485505
swe-agent:055473:iterative__dvc-3132,swe-agent,long,415,4,4,1.0,0.9777888165108446,1.0,1.0,4.0,4.0,4.0908629066485505
swe-agent:055473:iterative__dvc-3132,swe-agent,long,416,4,4,1.0,0.9777888165108446,1.0,1.0,4.0,4.0,4.0908629066485505
swe-agent:055473:iterative__dvc-3132,swe-agent,long,417,4,4,1.0,0.9777888165108446,1.0,1.0,4.0,4.0,4.0908629066485505
swe-agent:055473:iterative__dvc-3132,swe-agent,long,418,4,4,1.0,0.9777888165108446,1.0,1.0,4.0,4.0,4.0908629066485505
swe-agent:055473:iterative__dvc-3132,swe-agent,long,419,4,4,1.0,0.9777888165108446,1.0,1.0,4.0,4.0,4.0908629066485505
swe-agent:055473:iterative__dvc-3132,swe-agent,long,420,4,4,1.0,0.9777888165108446,1.0,1.0,4.0,4.0,4.0908629066485505
swe-agent:055473:iterative__dvc-3132,swe-agent,long,421,4,4,1.0,0.9777888165108446,1.0,1.0,4.0,4.0,4.0908629066485505
swe-agent:055473:iterative__dvc-3132,swe-agent,long,422,4,4,1.0,0.9777888165108446,1.0,1.0,4.0,4.0,4.0908629066485505
swe-agent:055473:iterative__dvc-3132,swe-agent,long,423,4,4,1.0,0.9777888165108446,1.0,1.0,4.0,4.0,4.0908629066485505
swe-agent:055473:iterative__dvc-3132,swe-agent,long,424,4,4,1.0,0.9777888165108446,1.0,1.0,4.0,4.0,4.0908629066485505
swe-agent:055473:iterative__dvc-3132,swe-agent,long,425,4,4,1.0,0.9777888165108446,1.0,1.0,4.0,4.0,4.0908629066485505
swe-agent:055473:iterative__dvc-3132,swe-agent,long,426,4,4,1.0,0.9777888165108446,1.0,1.0,4.0,4.0,4.0908629066485505
swe-agent:055473:iterative__dvc-3132,swe-agent,long,427,4,4,1.0,0.9777888165108446,1.0,1.0,4.0,4.0,4.0908629066485505
swe-agent:055473:iterative__dvc-3132,swe-agent,long,428,4,4,1.0,0.9777888165108446,1.0,1.0,4.0,4.0,4.0908629066485505
swe-agent:055473:iterative__dvc-3132,swe-agent,long,429,4,4,1.0,0.9777888165108446,1.0,1.0,4.0,4.0,4.0908629066485505
swe-agent:055473:iterative__dvc-3132,swe-agent,long,430,4,4,1.0,0.9777888165108446,1.0,1.0,4.0,4.0,4.0908629066485505
swe-agent:055473:iterative__dvc-3132,swe-agent,long,431,4,4,1.0,0.9777888165108446,1.0,1.0,4.0,4.0,4.0908629066485505
swe-agent:055473:iterative__dvc-3132,swe-agent,long,432,4,4,1.0,0.9777888165108446,1.0,1.0,4.0,4.0,4.0908629066485505
swe-agent:055473:iterative__dvc-3132,swe-agent,long,433,4,4,1.0,0.9777888165108446,1.0,1.0,4.0,4.0,4.0908629066485505
swe-agent:055473:iterative__dvc-3132,swe-agent,long,434,4,4,1.0,0.9777888165108446,1.0,1.0,4.0,4.0,4.0908629066485505
swe-agent:055473:iterative__dvc-3132,swe-agent,long,435,4,4,1.0,0.9777888165108446,1.0,1.0,4.0,4.0,4.0908629066485505
swe-agent:055473:iterative__dvc-3132,swe-agent,long,436,4,4,1.0,0.9777888165108446,1.0,1.0,4.0,4.0,4.0908629066485505
swe-agent:055473:iterative__dvc-3132,swe-agent,long,437,4,4,1.0,0.9777888165108446,1.0,1.0,4.0,4.0,4.0908629066485505
swe-agent:055473:iterative__dvc-3132,swe-agent,long,438,4,4,1.0,0.9777888165108446,1.0,1.0,4.0,4.0,4.0908629066485505
swe-agent:055473:iterative__dvc-3132,swe-agent,long,439,4,4,1.0,0.9777888165108446,1.0,1.0,4.0,4.0,4.0908629066485505
swe-agent:055473:iterative__dvc-3132,swe-agent,long,440,4,4,1.0,0.9777888165108446,1.0,1.0,4.0,4.0,4.0908629066485505
swe-agent:055473:iterative__dvc-3132,swe-agent,long,441,4,4,1.0,0.9777888165108446,1.0,1.0,4.0,4.0,4.0908629066485505
swe-agent:055473:iterative__dvc-3132,swe-agent,long,442,4,4,1.0,0.9777888165108446,1.0,1.0,4.0,4.0,4.0908629066485505
swe-agent:055473:iterative__dvc-3132,swe-agent,long,443,4,4,1.0,0.9777888165108446,1.0,1.0,4.0,4.0,4.0908629066485505
swe-agent:055473:iterative__dvc-3132,swe-agent,long,444,4,4,1.0,0.9777888165108446,1.0,1.0,4.0,4.0,4.0908629066485505
swe-agent:055473:iterative__dvc-3132,swe-agent,long,445,4,4,1.0,0.9777888165108446,1.0,1.0,4.0,4.0,4.0908629066485505
swe-agent:055473:iterative__dvc-3132,swe-agent,long,446,4,4,1.0,0.9777888165108446,1.0,1.0,4.0,4.0,4.0908629066485505
swe-agent:055473:iterative__dvc-3132,swe-agent,long,447,4,4,1.0,0.9777888165108446,1.0,1.0,4.0,4.0,4.0908629066485505
swe-agent:055473:iterative__dvc-3132,swe-agent,long,448,4,4,1.0,0.9777888165108446,1.0,1.0,4.0,4.0,4.0908629066485505
swe-agent:055473:iterative__dvc-3132,swe-agent,long,449,4,4,1.0,0.9777888165108446,1.0,1.0,4.0,4.0,4.0908629066485505
swe-agent:055473:iterative__dvc-3132,swe-agent,long,450,4,4,1.0,0.9777888165108446,1.0,1.0,4.0,4.0,4.0908629066485505
swe-agent:055473:iterative__dvc-3132,swe-agent,long,451,4,4,1.0,0.9777888165108446,1.0,1.0,4.0,4.0,4.0908629066485505
swe-agent:055473:iterative__dvc-3132,swe-agent,long,452,4,4,1.0,0.9777888165108446,1.0,1.0,4.0,4.0,4.0908629066485505
swe-agent:055473:iterative__dvc-3132,swe-agent,long,453,4,4,1.0,0.9777888165108446,1.0,1.0,4.0,4.0,4.0908629066485505
swe-agent:055473:iterative__dvc-3132,swe-agent,long,454,4,4,1.0,0.9777888165108446,1.0,1.0,4.0,4.0,4.0908629066485505
swe-agent:055473:iterative__dvc-3132,swe-agent,long,455,4,4,1.0,0.9777888165108446,1.0,1.0,4.0,4.0,4.0908629066485505
swe-agent:055473:iterative__dvc-3132,swe-agent,long,456,4,4,1.0,0.9777888165108446,1.0,1.0,4.0,4.0,4.0908629066485505
swe-agent:055473:iterative__dvc-3132,swe-agent,long,457,4,4,1.0,0.9777888165108446,1.0,1.0,4.0,4.0,4.0908629066485505
swe-agent:055473:iterative__dvc-3132,swe-agent,long,458,4,4,1.0,0.9777888165108446,1.0,1.0,4.0,4.0,4.0908629066485505
swe-agent:055473:iterative__dvc-3132,swe-agent,long,459,4,4,1.0,0.9777888165108446,1.0,1.0,4.0,4.0,4.0908629066485505
swe-agent:055473:iterative__dvc-3132,swe-agent,long,460,4,4,1.0,0.9777888165108446,1.0,1.0,4.0,4.0,4.0908629066485505
swe-agent:055473:iterative__dvc-3132,swe-agent,long,461,4,4,1.0,0.9777888165108446,1.0,1.0,4.0,4.0,4.0908629066485505
swe-agent:055473:iterative__dvc-3132,swe-agent,long,462,4,4,1.0,0.9777888165108446,1.0,1.0,4.0,4.0,4.0908629066485505
swe-agent:055473:iterative__dvc-3132,swe-agent,long,463,4,4,1.0,0.9777888165108446,1.0,1.0,4.0,4.0,4.0908629066485505
swe-agent:055473:iterative__dvc-3132,swe-agent,long,464,4,4,1.0,0.9777888165108446,1.0,1.0,4.0,4.0,4.0908629066485505
swe-agent:055473:iterative__dvc-3132,swe-agent,long,465,4,4,1.0,0.9777888165108446,1.0,1.0,4.0,4.0,4.0908629066485505
swe-agent:055473:iterative__dvc-3132,swe-agent,long,466,4,4,1.0,0.9777888165108446,1.0,1.0,4.0,4.0,4.0908629066485505
swe-agent:055473:iterative__dvc-3132,swe-agent,long,467,4,4,1.0,0.9777888165108446,1.0,1.0,4.0,4.0,4.0908629066485505
swe-agent:055473:iterative__dvc-3132,swe-agent,long,468,4,4,1.0,0.9777888165108446,1.0,1.0,4.0,4.0,4.0908629066485505
swe-agent:055473:iterative__dvc-3132,swe-agent,long,469,4,4,1.0,0.9777888165108446,1.0,1.0,4.0,4.0,4.0908629066485505
swe-agent:055473:iterative__dvc-3132,swe-agent,long,470,4,4,1.0,0.9777888165108446,1.0,1.0,4.0,4.0,4.0908629066485505
swe-agent:055473:iterative__dvc-3132,swe-agent,long,471,4,4,1.0,0.9777888165108446,1.0,1.0,4.0,4.0,4.0908629066485505
swe-agent:055473:iterative__dvc-3132,swe-agent,long,472,4,4,1.0,0.9777888165108446,1.0,1.0,4.0,4.0,4.0908629066485505
swe-agent:055473:iterative__dvc-3132,swe-agent,long,473,4,4,1.0,0.9777888165108446,1.0,1.0,4.0,4.0,4.0908629066485505
swe-agent:055473:iterative__dvc-3132,swe-agent,long,474,4,4,1.0,0.9777888165108446,1.0,1.0,4.0,4.0,4.0908629066485505
swe-agent:055473:iterative__dvc-3132,swe-agent,long,475,4,4,1.0,0.9777888165108446,1.0,1.0,4.0,4.0,4.0908629066485505
swe-agent:055473:iterative__dvc-3132,swe-agent,long,476,4,4,1.0,0.9777888165108446,1.0,1.0,4.0,4.0,4.0908629066485505
swe-agent:055473:iterative__dvc-3132,swe-agent,long,477,4,4,1.0,0.9777888165108446,1.0,1.0,4.0,4.0,4.0908629066485505
swe-agent:055473:iterative__dvc-3132,swe-agent,long,478,4,4,1.0,0.9777888165108446,1.0,1.0,4.0,4.0,4.0908629066485505
swe-agent:055473:iterative__dvc-3132,swe-agent,long,479,4,4,1.0,0.9777888165108446,1.0,1.0,4.0,4.0,4.0908629066485505
swe-agent:055473:iterative__dvc-3132,swe-agent,long,480,4,4,1.0,0.9777888165108446,1.0,1.0,4.0,4.0,4.0908629066485505
swe-agent:055473:iterative__dvc-3132,swe-agent,long,481,4,4,1.0,0.9777888165108446,1.0,1.0,4.0,4.0,4.0908629066485505
swe-agent:055473:iterative__dvc-3132,swe-agent,long,482,4,4,1.0,0.9777888165108446,1.0,1.0,4.0,4.0,4.0908629066485505
swe-agent:055473:iterative__dvc-3132,swe-agent,long,483,4,4,1.0,0.9777888165108446,1.0,1.0,4.0,4.0,4.0908629066485505
swe-agent:055473:iterative__dvc-3132,swe-agent,long,484,4,4,1.0,0.9777888165108446,1.0,1.0,4.0,4.0,4.0908629066485505
swe-agent:055473:iterative__dvc-3132,swe-agent,long,485,4,4,1.0,0.9777888165108446,1.0,1.0,4.0,4.0,4.0908629066485505
swe-agent:055473:iterative__dvc-3132,swe-agent,long,486,4,4,1.0,0.9777888165108446,1.0,1.0,4.0,4.0,4.0908629066485505
swe-agent:055473:iterative__dvc-3132,swe-agent,long,487,4,4,1.0,0.9777888165108446,1.0,1.0,4.0,4.0,4.0908629066485505
swe-agent:055473:iterative__dvc-3132,swe-agent,long,488,4,4,1.0,0.9777888165108446,1.0,1.0,4.0,4.0,4.0908629066485505
swe-agent:055473:iterative__dvc-3132,swe-agent,long,489,4,4,1.0,0.9777888165108446,1.0,1.0,4.0,4.0,4.0908629066485505
swe-agent:055473:iterative__dvc-3132,swe-agent,long,490,4,4,1.0,0.9777888165108446,1.0,1.0,4.0,4.0,4.0908629066485505
swe-agent:055473:iterative__dvc-3132,swe-agent,long,491,4,4,1.0,0.9777888165108446,1.0,1.0,4.0,4.0,4.0908629066485505
swe-agent:055473:iterative__dvc-3132,swe-agent,long,492,4,4,1.0,0.9777888165108446,1.0,1.0,4.0,4.0,4.0908629066485505
swe-agent:055473:iterative__dvc-3132,swe-agent,long,493,4,4,1.0,0.9777888165108446,1.0,1.0,4.0,4.0,4.0908629066485505
swe-agent:055473:iterative__dvc-3132,swe-agent,long,494,4,4,1.0,0.9777888165108446,1.0,1.0,4.0,4.0,4.0908629066485505
swe-agent:055473:iterative__dvc-3132,swe-agent,long,495,4,4,1.0,0.9777888165108446,1.0,1.0,4.0,4.0,4.0908629066485505
swe-agent:055473:iterative__dvc-3132,swe-agent,long,496,4,4,1.0,0.9777888165108446,1.0,1.0,4.0,4.0,4.0908629066485505
swe-agent:055473:iterative__dvc-3132,swe-agent,long,497,4,4,1.0,0.9777888165108446,1.0,1.0,4.0,4.0,4.0908629066485505
swe-agent:055473:iterative__dvc-3132,swe-agent,long,498,4,4,1.0,0.9777888165108446,1.0,1.0,4.0,4.0,4.0908629066485505
swe-agent:055473:iterative__dvc-3132,swe-agent,long,499,4,4,1.0,0.9777888165108446,1.0,1.0,4.0,4.0,4.0908629066485505
swe-agent:055473:iterative__dvc-3132,swe-agent,long,500,4,4,1.0,0.9777888165108446,1.0,1.0,4.0,4.0,4.0908629066485505
swe-agent:055473:iterative__dvc-3132,swe-agent,long,501,4,4,1.0,0.9777888165108446,1.0,1.0,4.0,4.0,4.0908629066485505
swe-agent:055473:iterative__dvc-3132,swe-agent,long,502,4,4,1.0,0.9777888165108446,1.0,1.0,4.0,4.0,4.0908629066485505
swe-agent:055473:iterative__dvc-3132,swe-agent,long,503,4,4,1.0,0.9777888165108446,1.0,1.0,4.0,4.0,4.0908629066485505
swe-agent:055473:iterative__dvc-3132,swe-agent,long,504,4,4,1.0,0.9777888165108446,1.0,1.0,4.0,4.0,4.0908629066485505
swe-agent:055473:iterative__dvc-3132,swe-agent,long,505,4,4,1.0,0.9777888165108446,1.0,1.0,4.0,4.0,4.0908629066485505
swe-agent:055473:iterative__dvc-3132,swe-agent,long,506,4,4,1.0,0.9777888165108446,1.0,1.0,4.0,4.0,4.0908629066485505
swe-agent:055473:iterative__dvc-3132,swe-agent,long,507,4,4,1.0,0.9777888165108446,1.0,1.0,4.0,4.0,4.0908629066485505
swe-agent:055473:iterative__dvc-3132,swe-agent,long,508,4,4,1.0,0.9777888165108446,1.0,1.0,4.0,4.0,4.0908629066485505
swe-agent:055473:iterative__dvc-3132,swe-agent,long,509,4,4,1.0,0.9777888165108446,1.0,1.0,4.0,4.0,4.0908629066485505
swe-agent:055473:iterative__dvc-3132,swe-agent,long,510,4,4,1.0,0.9777888165108446,1.0,1.0,4.0,4.0,4.0908629066485505
swe-agent:055473:iterative__dvc-3132,swe-agent,long,511,4,4,1.0,0.9777888165108446,1.0,1.0,4.0,4.0,4.0908629066485505
swe-agent:055473:iterative__dvc-3132,swe-agent,long,512,4,4,1.0,0.9777888165108446,1.0,1.0,4.0,4.0,4.0908629066485505
swe-agent:055473:iterative__dvc-3132,swe-agent,long,513,4,4,1.0,0.9777888165108446,1.0,1.0,4.0,4.0,4.0908629066485505
swe-agent:055473:iterative__dvc-3132,swe-agent,long,514,4,4,1.0,0.9777888165108446,1.0,1.0,4.0,4.0,4.0908629066485505
swe-agent:055473:iterative__dvc-3132,swe-agent,long,515,4,4,1.0,0.9777888165108446,1.0,1.0,4.0,4.0,4.0908629066485505
swe-agent:055473:iterative__dvc-3132,swe-agent,long,516,4,4,1.0,0.9777888165108446,1.0,1.0,4.0,4.0,4.0908629066485505
swe-agent:055473:iterative__dvc-3132,swe-agent,long,517,4,4,1.0,0.9777888165108446,1.0,1.0,4.0,4.0,4.0908629066485505
swe-agent:055473:iterative__dvc-3132,swe-agent,long,518,4,4,1.0,0.9777888165108446,1.0,1.0,4.0,4.0,4.0908629066485505
swe-agent:055473:iterative__dvc-3132,swe-agent,long,519,4,4,1.0,0.9777888165108446,1.0,1.0,4.0,4.0,4.0908629066485505
swe-agent:055473:iterative__dvc-3132,swe-agent,long,520,4,4,1.0,0.9777888165108446,1.0,1.0,4.0,4.0,4.0908629066485505
swe-agent:055473:iterative__dvc-3132,swe-agent,long,521,4,4,1.0,0.9777888165108446,1.0,1.0,4.0,4.0,4.0908629066485505
swe-agent:055473:iterative__dvc-3132,swe-agent,long,522,4,4,1.0,0.9777888165108446,1.0,1.0,4.0,4.0,4.0908629066485505
swe-agent:055473:iterative__dvc-3132,swe-agent,long,523,4,4,1.0,0.9777888165108446,1.0,1.0,4.0,4.0,4.0908629066485505
swe-agent:055473:iterative__dvc-3132,swe-agent,long,524,4,4,1.0,0.9777888165108446,1.0,1.0,4.0,4.0,4.0908629066485505
swe-agent:055473:iterative__dvc-3132,swe-agent,long,525,4,4,1.0,0.9777888165108446,1.0,1.0,4.0,4.0,4.0908629066485505
swe-agent:055473:iterative__dvc-3132,swe-agent,long,526,4,4,1.0,0.9777888165108446,1.0,1.0,4.0,4.0,4.0908629066485505
swe-agent:055473:iterative__dvc-3132,swe-agent,long,527,4,4,1.0,0.9777888165108446,1.0,1.0,4.0,4.0,4.0908629066485505
swe-agent:055473:iterative__dvc-3132,swe-agent,long,528,4,4,1.0,0.9777888165108446,1.0,1.0,4.0,4.0,4.0908629066485505
swe-agent:055473:iterative__dvc-3132,swe-agent,long,529,4,4,1.0,0.9777888165108446,1.0,1.0,4.0,4.0,4.0908629066485505
swe-agent:055473:iterative__dvc-3132,swe-agent,long,530,4,4,1.0,0.9777888165108446,1.0,1.0,4.0,4.0,4.0908629066485505
swe-agent:055473:iterative__dvc-3132,swe-agent,long,531,4,4,1.0,0.9777888165108446,1.0,1.0,4.0,4.0,4.0908629066485505
swe-agent:055473:iterative__dvc-3132,swe-agent,long,532,4,4,1.0,0.9777888165108446,1.0,1.0,4.0,4.0,4.0908629066485505
swe-agent:055473:iterative__dvc-3132,swe-agent,long,533,4,4,1.0,0.9777888165108446,1.0,1.0,4.0,4.0,4.0908629066485505
swe-agent:055473:iterative__dvc-3132,swe-agent,long,534,4,4,1.0,0.9777888165108446,1.0,1.0,4.0,4.0,4.0908629066485505
swe-agent:055473:iterative__dvc-3132,swe-agent,long,535,4,4,1.0,0.9777888165108446,1.0,1.0,4.0,4.0,4.0908629066485505
swe-agent:055473:iterative__dvc-3132,swe-agent,long,536,4,4,1.0,0.9777888165108446,1.0,1.0,4.0,4.0,4.0908629066485505
swe-agent:055473:iterative__dvc-3132,swe-agent,long,537,4,4,1.0,0.9777888165108446,1.0,1.0,4.0,4.0,4.0908629066485505
swe-agent:055473:iterative__dvc-3132,swe-agent,long,538,4,4,1.0,0.9777888165108446,1.0,1.0,4.0,4.0,4.0908629066485505
swe-agent:055473:iterative__dvc-3132,swe-agent,long,539,4,4,1.0,0.9777888165108446,1.0,1.0,4.0,4.0,4.0908629066485505
swe-agent:055473:iterative__dvc-3132,swe-agent,long,540,4,4,1.0,0.9777888165108446,1.0,1.0,4.0,4.0,4.0908629066485505
swe-agent:055473:iterative__dvc-3132,swe-agent,long,541,4,4,1.0,0.9777888165108446,1.0,1.0,4.0,4.0,4.0908629066485505
swe-agent:055473:iterative__dvc-3132,swe-agent,long,542,4,4,1.0,0.9777888165108446,1.0,1.0,4.0,4.0,4.0908629066485505
swe-agent:055473:iterative__dvc-3132,swe-agent,long,543,4,4,1.0,0.9777888165108446,1.0,1.0,4.0,4.0,4.0908629066485505
swe-agent:055473:iterative__dvc-3132,swe-agent,long,544,4,4,1.0,0.9777888165108446,1.0,1.0,4.0,4.0,4.0908629066485505
swe-agent:055473:iterative__dvc-3132,swe-agent,long,545,4,4,1.0,0.9777888165108446,1.0,1.0,4.0,4.0,4.0908629066485505
swe-agent:055473:iterative__dvc-3132,swe-agent,long,546,4,4,1.0,0.9777888165108446,1.0,1.0,4.0,4.0,4.0908629066485505
swe-agent:055473:iterative__dvc-3132,swe-agent,long,547,4,4,1.0,0.9777888165108446,1.0,1.0,4.0,4.0,4.0908629066485505
swe-agent:055473:iterative__dvc-3132,swe-agent,long,548,4,4,1.0,0.9777888165108446,1.0,1.0,4.0,4.0,4.0908629066485505
swe-agent:055473:iterative__dvc-3132,swe-agent,long,549,4,4,1.0,0.9777888165108446,1.0,1.0,4.0,4.0,4.0908629066485505
swe-agent:055473:iterative__dvc-3132,swe-agent,long,550,4,4,1.0,0.9777888165108446,1.0,1.0,4.0,4.0,4.0908629066485505
swe-agent:055473:iterative__dvc-3132,swe-agent,long,551,4,4,1.0,0.9777888165108446,1.0,1.0,4.0,4.0,4.0908629066485505
swe-agent:055473:iterative__dvc-3132,swe-agent,long,552,4,4,1.0,0.9777888165108446,1.0,1.0,4.0,4.0,4.0908629066485505
swe-agent:055473:iterative__dvc-3132,swe-agent,long,553,4,4,1.0,0.9777888165108446,1.0,1.0,4.0,4.0,4.0908629066485505
swe-agent:055473:iterative__dvc-3132,swe-agent,long,554,4,4,1.0,0.9777888165108446,1.0,1.0,4.0,4.0,4.0908629066485505
swe-agent:055473:iterative__dvc-3132,swe-agent,long,555,4,4,1.0,0.9777888165108446,1.0,1.0,4.0,4.0,4.0908629066485505
swe-agent:055473:iterative__dvc-3132,swe-agent,long,556,4,4,1.0,0.9777888165108446,1.0,1.0,4.0,4.0,4.0908629066485505
swe-agent:055473:iterative__dvc-3132,swe-agent,long,557,4,4,1.0,0.9777888165108446,1.0,1.0,4.0,4.0,4.0908629066485505
swe-agent:055473:iterative__dvc-3132,swe-agent,long,558,4,4,1.0,0.9777888165108446,1.0,1.0,4.0,4.0,4.0908629066485505
swe-agent:055473:iterative__dvc-3132,swe-agent,long,559,4,4,1.0,0.9777888165108446,1.0,1.0,4.0,4.0,4.0908629066485505
swe-agent:055473:iterative__dvc-3132,swe-agent,long,560,4,4,1.0,0.9777888165108446,1.0,1.0,4.0,4.0,4.0908629066485505
swe-agent:055473:iterative__dvc-3132,swe-agent,long,561,4,4,1.0,0.9777888165108446,1.0,1.0,4.0,4.0,4.0908629066485505
swe-agent:055473:iterative__dvc-3132,swe-agent,long,562,4,4,1.0,0.9777888165108446,1.0,1.0,4.0,4.0,4.0908629066485505
swe-agent:055473:iterative__dvc-3132,swe-agent,long,563,4,4,1.0,0.9777888165108446,1.0,1.0,4.0,4.0,4.0908629066485505
swe-agent:055473:iterative__dvc-3132,swe-agent,long,564,4,4,1.0,0.9777888165108446,1.0,1.0,4.0,4.0,4.0908629066485505
swe-agent:055473:iterative__dvc-3132,swe-agent,long,565,4,4,1.0,0.9777888165108446,1.0,1.0,4.0,4.0,4.0908629066485505
swe-agent:055473:iterative__dvc-3132,swe-agent,long,566,4,4,1.0,0.9777888165108446,1.0,1.0,4.0,4.0,4.0908629066485505
swe-agent:055473:iterative__dvc-3132,swe-agent,long,567,4,4,1.0,0.9777888165108446,1.0,1.0,4.0,4.0,4.0908629066485505
swe-agent:055473:iterative__dvc-3132,swe-agent,long,568,4,4,1.0,0.9777888165108446,1.0,1.0,4.0,4.0,4.0908629066485505
swe-agent:055473:iterative__dvc-3132,swe-agent,long,569,4,4,1.0,0.9777888165108446,1.0,1.0,4.0,4.0,4.0908629066485505
swe-agent:055473:iterative__dvc-3132,swe-agent,long,570,4,4,1.0,0.9777888165108446,1.0,1.0,4.0,4.0,4.0908629066485505
swe-agent:055473:iterative__dvc-3132,swe-agent,long,571,4,4,1.0,0.9777888165108446,1.0,1.0,4.0,4.0,4.0908629066485505
swe-agent:055473:iterative__dvc-3132,swe-agent,long,572,4,4,1.0,0.9777888165108446,1.0,1.0,4.0,4.0,4.0908629066485505
swe-agent:055473:iterative__dvc-3132,swe-agent,long,573,4,4,1.0,0.9777888165108446,1.0,1.0,4.0,4.0,4.0908629066485505
swe-agent:055473:iterative__dvc-3132,swe-agent,long,574,4,4,1.0,0.9777888165108446,1.0,1.0,4.0,4.0,4.0908629066485505
swe-agent:055473:iterative__dvc-3132,swe-agent,long,575,4,4,1.0,0.9777888165108446,1.0,1.0,4.0,4.0,4.0908629066485505
swe-agent:055473:iterative__dvc-3132,swe-agent,long,576,4,4,1.0,0.9777888165108446,1.0,1.0,4.0,4.0,4.0908629066485505
swe-agent:055473:iterative__dvc-3132,swe-agent,long,577,4,4,1.0,0.9777888165108446,1.0,1.0,4.0,4.0,4.0908629066485505
swe-agent:055473:iterative__dvc-3132,swe-agent,long,578,4,4,1.0,0.9777888165108446,1.0,1.0,4.0,4.0,4.0908629066485505
swe-agent:055473:iterative__dvc-3132,swe-agent,long,579,4,4,1.0,0.9777888165108446,1.0,1.0,4.0,4.0,4.0908629066485505
swe-agent:055473:iterative__dvc-3132,swe-agent,long,580,4,4,1.0,0.9777888165108446,1.0,1.0,4.0,4.0,4.0908629066485505
swe-agent:055473:iterative__dvc-3132,swe-agent,long,581,4,4,1.0,0.9777888165108446,1.0,1.0,4.0,4.0,4.0908629066485505
swe-agent:055473:iterative__dvc-3132,swe-agent,long,582,4,4,1.0,0.9777888165108446,1.0,1.0,4.0,4.0,4.0908629066485505
swe-agent:055473:iterative__dvc-3132,swe-agent,long,583,4,4,1.0,0.9777888165108446,1.0,1.0,4.0,4.0,4.0908629066485505
swe-agent:055473:iterative__dvc-3132,swe-agent,long,584,4,4,1.0,0.9777888165108446,1.0,1.0,4.0,4.0,4.0908629066485505
swe-agent:055473:iterative__dvc-3132,swe-agent,long,585,4,4,1.0,0.9777888165108446,1.0,1.0,4.0,4.0,4.0908629066485505
swe-agent:055473:iterative__dvc-3132,swe-agent,long,586,4,4,1.0,0.9777888165108446,1.0,1.0,4.0,4.0,4.0908629066485505
swe-agent:055473:iterative__dvc-3132,swe-agent,long,587,4,4,1.0,0.9777888165108446,1.0,1.0,4.0,4.0,4.0908629066485505
swe-agent:055473:iterative__dvc-3132,swe-agent,long,588,4,4,1.0,0.9777888165108446,1.0,1.0,4.0,4.0,4.0908629066485505
swe-agent:055473:iterative__dvc-3132,swe-agent,long,589,4,4,1.0,0.9777888165108446,1.0,1.0,4.0,4.0,4.0908629066485505
swe-agent:055473:iterative__dvc-3132,swe-agent,long,590,4,4,1.0,0.9777888165108446,1.0,1.0,4.0,4.0,4.0908629066485505
swe-agent:055473:iterative__dvc-3132,swe-agent,long,591,4,4,1.0,0.9777888165108446,1.0,1.0,4.0,4.0,4.0908629066485505
swe-agent:055473:iterative__dvc-3132,swe-agent,long,592,4,4,1.0,0.9777888165108446,1.0,1.0,4.0,4.0,4.0908629066485505
swe-agent:055473:iterative__dvc-3132,swe-agent,long,593,4,4,1.0,0.9777888165108446,1.0,1.0,4.0,4.0,4.0908629066485505
swe-agent:055473:iterative__dvc-3132,swe-agent,long,594,4,4,1.0,0.9777888165108446,1.0,1.0,4.0,4.0,4.0908629066485505
swe-agent:055473:iterative__dvc-3132,swe-agent,long,595,4,4,1.0,0.9777888165108446,1.0,1.0,4.0,4.0,4.0908629066485505
swe-agent:055473:iterative__dvc-3132,swe-agent,long,596,4,4,1.0,0.9777888165108446,1.0,1.0,4.0,4.0,4.0908629066485505
swe-agent:055473:iterative__dvc-3132,swe-agent,long,597,4,4,1.0,0.9777888165108446,1.0,1.0,4.0,4.0,4.0908629066485505
swe-agent:055473:iterative__dvc-3132,swe-agent,long,598,4,4,1.0,0.9777888165108446,1.0,1.0,4.0,4.0,4.0908629066485505
swe-agent:055473:iterative__dvc-3132,swe-agent,long,599,4,4,1.0,0.9777888165108446,1.0,1.0,4.0,4.0,4.0908629066485505
swe-agent:055473:iterative__dvc-3132,swe-agent,long,600,4,4,1.0,0.9777888165108446,1.0,1.0,4.0,4.0,4.0908629066485505
swe-agent:055473:iterative__dvc-3132,swe-agent,long,601,4,4,1.0,0.9777888165108446,1.0,1.0,4.0,4.0,4.0908629066485505
swe-agent:055473:iterative__dvc-3132,swe-agent,long,602,4,4,1.0,0.9777888165108446,1.0,1.0,4.0,4.0,4.0908629066485505
swe-agent:055473:iterative__dvc-3132,swe-agent,long,603,4,4,1.0,0.9777888165108446,1.0,1.0,4.0,4.0,4.0908629066485505
swe-agent:055473:iterative__dvc-3132,swe-agent,long,604,4,4,1.0,0.9777888165108446,1.0,1.0,4.0,4.0,4.0908629066485505
swe-agent:055473:iterative__dvc-3132,swe-agent,long,605,4,4,1.0,0.9777888165108446,1.0,1.0,4.0,4.0,4.0908629066485505
swe-agent:055473:iterative__dvc-3132,swe-agent,long,606,4,4,1.0,0.9777888165108446,1.0,1.0,4.0,4.0,4.0908629066485505
swe-agent:055473:iterative__dvc-3132,swe-agent,long,607,4,4,1.0,0.9777888165108446,1.0,1.0,4.0,4.0,4.0908629066485505
swe-agent:055473:iterative__dvc-3132,swe-agent,long,608,4,4,1.0,0.9777888165108446,1.0,1.0,4.0,4.0,4.0908629066485505
swe-agent:055473:iterative__dvc-3132,swe-agent,long,609,4,4,1.0,0.9777888165108446,1.0,1.0,4.0,4.0,4.0908629066485505
swe-agent:055473:iterative__dvc-3132,swe-agent,long,610,4,4,1.0,0.9777888165108446,1.0,1.0,4.0,4.0,4.0908629066485505
swe-agent:055473:iterative__dvc-3132,swe-agent,long,611,4,4,1.0,0.9777888165108446,1.0,1.0,4.0,4.0,4.0908629066485505
swe-agent:055473:iterative__dvc-3132,swe-agent,long,612,4,4,1.0,0.9777888165108446,1.0,1.0,4.0,4.0,4.0908629066485505
swe-agent:055473:iterative__dvc-3132,swe-agent,long,613,4,4,1.0,0.9777888165108446,1.0,1.0,4.0,4.0,4.0908629066485505
swe-agent:055473:iterative__dvc-3132,swe-agent,long,614,4,4,1.0,0.9777888165108446,1.0,1.0,4.0,4.0,4.0908629066485505
swe-agent:055473:iterative__dvc-3132,swe-agent,long,615,4,4,1.0,0.9777888165108446,1.0,1.0,4.0,4.0,4.0908629066485505
swe-agent:055473:iterative__dvc-3132,swe-agent,long,616,4,4,1.0,0.9777888165108446,1.0,1.0,4.0,4.0,4.0908629066485505
swe-agent:055473:iterative__dvc-3132,swe-agent,long,617,4,4,1.0,0.9777888165108446,1.0,1.0,4.0,4.0,4.0908629066485505
swe-agent:055473:iterative__dvc-3132,swe-agent,long,618,4,4,1.0,0.9777888165108446,1.0,1.0,4.0,4.0,4.0908629066485505
swe-agent:055473:iterative__dvc-3132,swe-agent,long,619,4,4,1.0,0.9777888165108446,1.0,1.0,4.0,4.0,4.0908629066485505
swe-agent:055473:iterative__dvc-3132,swe-agent,long,620,4,4,1.0,0.9777888165108446,1.0,1.0,4.0,4.0,4.0908629066485505
swe-agent:055473:iterative__dvc-3132,swe-agent,long,621,4,4,1.0,0.9777888165108446,1.0,1.0,4.0,4.0,4.0908629066485505
swe-agent:055473:iterative__dvc-3132,swe-agent,long,622,4,4,1.0,0.9777888165108446,1.0,1.0,4.0,4.0,4.0908629066485505
swe-agent:055473:iterative__dvc-3132,swe-agent,long,623,4,4,1.0,0.9777888165108446,1.0,1.0,4.0,4.0,4.0908629066485505
swe-agent:055473:iterative__dvc-3132,swe-agent,long,624,4,4,1.0,0.9777888165108446,1.0,1.0,4.0,4.0,4.0908629066485505
swe-agent:055473:iterative__dvc-3132,swe-agent,long,625,4,4,1.0,0.9777888165108446,1.0,1.0,4.0,4.0,4.0908629066485505
swe-agent:055473:iterative__dvc-3132,swe-agent,long,626,4,4,1.0,0.9777888165108446,1.0,1.0,4.0,4.0,4.0908629066485505
swe-agent:055473:iterative__dvc-3132,swe-agent,long,627,4,4,1.0,0.9777888165108446,1.0,1.0,4.0,4.0,4.0908629066485505
swe-agent:055473:iterative__dvc-3132,swe-agent,long,628,4,4,1.0,0.9777888165108446,1.0,1.0,4.0,4.0,4.0908629066485505
swe-agent:055473:iterative__dvc-3132,swe-agent,long,629,4,4,1.0,0.9777888165108446,1.0,1.0,4.0,4.0,4.0908629066485505
swe-agent:055473:iterative__dvc-3132,swe-agent,long,630,4,4,1.0,0.9777888165108446,1.0,1.0,4.0,4.0,4.0908629066485505
swe-agent:055473:iterative__dvc-3132,swe-agent,long,631,4,4,1.0,0.9777888165108446,1.0,1.0,4.0,4.0,4.0908629066485505
swe-agent:055473:iterative__dvc-3132,swe-agent,long,632,4,4,1.0,0.9777888165108446,1.0,1.0,4.0,4.0,4.0908629066485505
swe-agent:055473:iterative__dvc-3132,swe-agent,long,633,4,4,1.0,0.9777888165108446,1.0,1.0,4.0,4.0,4.0908629066485505
swe-agent:055473:iterative__dvc-3132,swe-agent,long,634,4,4,1.0,0.9777888165108446,1.0,1.0,4.0,4.0,4.0908629066485505
swe-agent:055473:iterative__dvc-3132,swe-agent,long,635,4,4,1.0,0.9777888165108446,1.0,1.0,4.0,4.0,4.0908629066485505
swe-agent:055473:iterative__dvc-3132,swe-agent,long,636,4,4,1.0,0.9777888165108446,1.0,1.0,4.0,4.0,4.0908629066485505
swe-agent:055473:iterative__dvc-3132,swe-agent,long,637,4,4,1.0,0.9777888165108446,1.0,1.0,4.0,4.0,4.0908629066485505
swe-agent:055473:iterative__dvc-3132,swe-agent,long,638,4,4,1.0,0.9777888165108446,1.0,1.0,4.0,4.0,4.0908629066485505
swe-agent:055473:iterative__dvc-3132,swe-agent,long,639,4,4,1.0,0.9777888165108446,1.0,1.0,4.0,4.0,4.0908629066485505
swe-agent:055473:iterative__dvc-3132,swe-agent,long,640,4,4,1.0,0.9777888165108446,1.0,1.0,4.0,4.0,4.0908629066485505
swe-agent:055473:iterative__dvc-3132,swe-agent,long,641,4,4,1.0,0.9777888165108446,1.0,1.0,4.0,4.0,4.0908629066485505
swe-agent:055473:iterative__dvc-3132,swe-agent,long,642,4,4,1.0,0.9777888165108446,1.0,1.0,4.0,4.0,4.0908629066485505
swe-agent:055473:iterative__dvc-3132,swe-agent,long,643,4,4,1.0,0.9777888165108446,1.0,1.0,4.0,4.0,4.0908629066485505
swe-agent:055473:iterative__dvc-3132,swe-agent,long,644,4,4,1.0,0.9777888165108446,1.0,1.0,4.0,4.0,4.0908629066485505
swe-agent:055473:iterative__dvc-3132,swe-agent,long,645,4,4,1.0,0.9777888165108446,1.0,1.0,4.0,4.0,4.0908629066485505
swe-agent:055473:iterative__dvc-3132,swe-agent,long,646,4,4,1.0,0.9777888165108446,1.0,1.0,4.0,4.0,4.0908629066485505
swe-agent:055473:iterative__dvc-3132,swe-agent,long,647,4,4,1.0,0.9777888165108446,1.0,1.0,4.0,4.0,4.0908629066485505
swe-agent:055473:iterative__dvc-3132,swe-agent,long,648,4,4,1.0,0.9777888165108446,1.0,1.0,4.0,4.0,4.0908629066485505
swe-agent:055473:iterative__dvc-3132,swe-agent,long,649,4,4,1.0,0.9777888165108446,1.0,1.0,4.0,4.0,4.0908629066485505
swe-agent:055473:iterative__dvc-3132,swe-agent,long,650,4,4,1.0,0.9777888165108446,1.0,1.0,4.0,4.0,4.0908629066485505
swe-agent:055473:iterative__dvc-3132,swe-agent,long,651,4,4,1.0,0.9777888165108446,1.0,1.0,4.0,4.0,4.0908629066485505
swe-agent:055473:iterative__dvc-3132,swe-agent,long,652,4,4,1.0,0.9777888165108446,1.0,1.0,4.0,4.0,4.0908629066485505
swe-agent:055473:iterative__dvc-3132,swe-agent,long,653,4,4,1.0,0.9777888165108446,1.0,1.0,4.0,4.0,4.0908629066485505
swe-agent:055473:iterative__dvc-3132,swe-agent,long,654,4,4,1.0,0.9777888165108446,1.0,1.0,4.0,4.0,4.0908629066485505
swe-agent:055473:iterative__dvc-3132,swe-agent,long,655,4,4,1.0,0.9777888165108446,1.0,1.0,4.0,4.0,4.0908629066485505
swe-agent:055473:iterative__dvc-3132,swe-agent,long,656,4,4,1.0,0.9777888165108446,1.0,1.0,4.0,4.0,4.0908629066485505
swe-agent:055473:iterative__dvc-3132,swe-agent,long,657,4,4,1.0,0.9777888165108446,1.0,1.0,4.0,4.0,4.0908629066485505
swe-agent:055473:iterative__dvc-3132,swe-agent,long,658,4,4,1.0,0.9777888165108446,1.0,1.0,4.0,4.0,4.0908629066485505
swe-agent:055473:iterative__dvc-3132,swe-agent,long,659,4,4,1.0,0.9777888165108446,1.0,1.0,4.0,4.0,4.0908629066485505
swe-agent:055473:iterative__dvc-3132,swe-agent,long,660,4,4,1.0,0.9777888165108446,1.0,1.0,4.0,4.0,4.0908629066485505
swe-agent:055473:iterative__dvc-3132,swe-agent,long,661,4,4,1.0,0.9777888165108446,1.0,1.0,4.0,4.0,4.0908629066485505
swe-agent:055473:iterative__dvc-3132,swe-agent,long,662,4,4,1.0,0.9777888165108446,1.0,1.0,4.0,4.0,4.0908629066485505
swe-agent:055473:iterative__dvc-3132,swe-agent,long,663,4,4,1.0,0.9777888165108446,1.0,1.0,4.0,4.0,4.0908629066485505
swe-agent:055473:iterative__dvc-3132,swe-agent,long,664,4,4,1.0,0.9777888165108446,1.0,1.0,4.0,4.0,4.0908629066485505
swe-agent:055473:iterative__dvc-3132,swe-agent,long,665,4,4,1.0,0.9777888165108446,1.0,1.0,4.0,4.0,4.0908629066485505
swe-agent:055473:iterative__dvc-3132,swe-agent,long,666,4,4,1.0,0.9777888165108446,1.0,1.0,4.0,4.0,4.0908629066485505
swe-agent:055473:iterative__dvc-3132,swe-agent,long,667,4,4,1.0,0.9777888165108446,1.0,1.0,4.0,4.0,4.0908629066485505
swe-agent:055473:iterative__dvc-3132,swe-agent,long,668,4,4,1.0,0.9777888165108446,1.0,1.0,4.0,4.0,4.0908629066485505
swe-agent:055473:iterative__dvc-3132,swe-agent,long,669,4,4,1.0,0.9777888165108446,1.0,1.0,4.0,4.0,4.0908629066485505
swe-agent:055473:iterative__dvc-3132,swe-agent,long,670,4,4,1.0,0.9777888165108446,1.0,1.0,4.0,4.0,4.0908629066485505
swe-agent:055473:iterative__dvc-3132,swe-agent,long,671,4,4,1.0,0.9777888165108446,1.0,1.0,4.0,4.0,4.0908629066485505
swe-agent:055473:iterative__dvc-3132,swe-agent,long,672,4,4,1.0,0.9777888165108446,1.0,1.0,4.0,4.0,4.0908629066485505
swe-agent:055473:iterative__dvc-3132,swe-agent,long,673,4,4,1.0,0.9777888165108446,1.0,1.0,4.0,4.0,4.0908629066485505
swe-agent:055473:iterative__dvc-3132,swe-agent,long,674,4,4,1.0,0.9777888165108446,1.0,1.0,4.0,4.0,4.0908629066485505
swe-agent:055473:iterative__dvc-3132,swe-agent,long,675,4,4,1.0,0.9777888165108446,1.0,1.0,4.0,4.0,4.0908629066485505
swe-agent:055473:iterative__dvc-3132,swe-agent,long,676,4,4,1.0,0.9777888165108446,1.0,1.0,4.0,4.0,4.0908629066485505
swe-agent:055473:iterative__dvc-3132,swe-agent,long,677,4,4,1.0,0.9777888165108446,1.0,1.0,4.0,4.0,4.0908629066485505
swe-agent:055473:iterative__dvc-3132,swe-agent,long,678,4,4,1.0,0.9777888165108446,1.0,1.0,4.0,4.0,4.0908629066485505
swe-agent:055473:iterative__dvc-3132,swe-agent,long,679,4,4,1.0,0.9777888165108446,1.0,1.0,4.0,4.0,4.0908629066485505
swe-agent:055473:iterative__dvc-3132,swe-agent,long,680,4,4,1.0,0.9777888165108446,1.0,1.0,4.0,4.0,4.0908629066485505
swe-agent:055473:iterative__dvc-3132,swe-agent,long,681,4,4,1.0,0.9777888165108446,1.0,1.0,4.0,4.0,4.0908629066485505
swe-agent:055473:iterative__dvc-3132,swe-agent,long,682,4,4,1.0,0.9777888165108446,1.0,1.0,4.0,4.0,4.0908629066485505
swe-agent:055473:iterative__dvc-3132,swe-agent,long,683,4,4,1.0,0.9777888165108446,1.0,1.0,4.0,4.0,4.0908629066485505
swe-agent:055473:iterative__dvc-3132,swe-agent,long,684,4,4,1.0,0.9777888165108446,1.0,1.0,4.0,4.0,4.0908629066485505
swe-agent:055473:iterative__dvc-3132,swe-agent,long,685,4,4,1.0,0.9777888165108446,1.0,1.0,4.0,4.0,4.0908629066485505
swe-agent:055473:iterative__dvc-3132,swe-agent,long,686,4,4,1.0,0.9777888165108446,1.0,1.0,4.0,4.0,4.0908629066485505
swe-agent:055473:iterative__dvc-3132,swe-agent,long,687,4,4,1.0,0.9777888165108446,1.0,1.0,4.0,4.0,4.0908629066485505
swe-agent:055473:iterative__dvc-3132,swe-agent,long,688,4,4,1.0,0.9777888165108446,1.0,1.0,4.0,4.0,4.0908629066485505
swe-agent:055473:iterative__dvc-3132,swe-agent,long,689,4,4,1.0,0.9777888165108446,1.0,1.0,4.0,4.0,4.0908629066485505
swe-agent:055473:iterative__dvc-3132,swe-agent,long,690,4,4,1.0,0.9777888165108446,1.0,1.0,4.0,4.0,4.0908629066485505
swe-agent:055473:iterative__dvc-3132,swe-agent,long,691,4,4,1.0,0.9777888165108446,1.0,1.0,4.0,4.0,4.0908629066485505
swe-agent:055473:iterative__dvc-3132,swe-agent,long,692,4,4,1.0,0.9777888165108446,1.0,1.0,4.0,4.0,4.0908629066485505
swe-agent:055473:iterative__dvc-3132,swe-agent,long,693,4,4,1.0,0.9777888165108446,1.0,1.0,4.0,4.0,4.0908629066485505
swe-agent:055473:iterative__dvc-3132,swe-agent,long,694,4,4,1.0,0.9777888165108446,1.0,1.0,4.0,4.0,4.0908629066485505
swe-agent:055473:iterative__dvc-3132,swe-agent,long,695,4,4,1.0,0.9777888165108446,1.0,1.0,4.0,4.0,4.0908629066485505
swe-agent:055473:iterative__dvc-3132,swe-agent,long,696,4,4,1.0,0.9777888165108446,1.0,1.0,4.0,4.0,4.0908629066485505
swe-agent:055473:iterative__dvc-3132,swe-agent,long,697,4,4,1.0,0.9777888165108446,1.0,1.0,4.0,4.0,4.0908629066485505
swe-agent:055473:iterative__dvc-3132,swe-agent,long,698,4,4,1.0,0.9777888165108446,1.0,1.0,4.0,4.0,4.0908629066485505
swe-agent:055473:iterative__dvc-3132,swe-agent,long,699,4,4,1.0,0.9777888165108446,1.0,1.0,4.0,4.0,4.0908629066485505
swe-agent:055473:iterative__dvc-3132,swe-agent,long,700,4,4,1.0,0.9777888165108446,1.0,1.0,4.0,4.0,4.0908629066485505
swe-agent:055473:iterative__dvc-3132,swe-agent,long,701,4,4,1.0,0.9777888165108446,1.0,1.0,4.0,4.0,4.0908629066485505
swe-agent:055473:iterative__dvc-3132,swe-agent,long,702,4,4,1.0,0.9777888165108446,1.0,1.0,4.0,4.0,4.0908629066485505
swe-agent:055473:iterative__dvc-3132,swe-agent,long,703,4,4,1.0,0.9777888165108446,1.0,1.0,4.0,4.0,4.0908629066485505
swe-agent:055473:iterative__dvc-3132,swe-agent,long,704,4,4,1.0,0.9777888165108446,1.0,1.0,4.0,4.0,4.0908629066485505
swe-agent:055473:iterative__dvc-3132,swe-agent,long,705,4,4,1.0,0.9777888165108446,1.0,1.0,4.0,4.0,4.0908629066485505
swe-agent:055473:iterative__dvc-3132,swe-agent,long,706,4,4,1.0,0.9777888165108446,1.0,1.0,4.0,4.0,4.0908629066485505
swe-agent:055473:iterative__dvc-3132,swe-agent,long,707,4,4,1.0,0.9777888165108446,1.0,1.0,4.0,4.0,4.0908629066485505
swe-agent:055473:iterative__dvc-3132,swe-agent,long,708,4,4,1.0,0.9777888165108446,1.0,1.0,4.0,4.0,4.0908629066485505
swe-agent:055473:iterative__dvc-3132,swe-agent,long,709,4,4,1.0,0.9777888165108446,1.0,1.0,4.0,4.0,4.0908629066485505
swe-agent:055473:iterative__dvc-3132,swe-agent,long,710,4,4,1.0,0.9777888165108446,1.0,1.0,4.0,4.0,4.0908629066485505
swe-agent:055473:iterative__dvc-3132,swe-agent,long,711,4,4,1.0,0.9777888165108446,1.0,1.0,4.0,4.0,4.0908629066485505
swe-agent:055473:iterative__dvc-3132,swe-agent,long,712,4,4,1.0,0.9777888165108446,1.0,1.0,4.0,4.0,4.0908629066485505
swe-agent:055473:iterative__dvc-3132,swe-agent,long,713,4,4,1.0,0.9777888165108446,1.0,1.0,4.0,4.0,4.0908629066485505
swe-agent:055473:iterative__dvc-3132,swe-agent,long,714,4,4,1.0,0.9777888165108446,1.0,1.0,4.0,4.0,4.0908629066485505
swe-agent:055473:iterative__dvc-3132,swe-agent,long,715,4,4,1.0,0.9777888165108446,1.0,1.0,4.0,4.0,4.0908629066485505
swe-agent:055473:iterative__dvc-3132,swe-agent,long,716,4,4,1.0,0.9777888165108446,1.0,1.0,4.0,4.0,4.0908629066485505
swe-agent:055473:iterative__dvc-3132,swe-agent,long,717,4,4,1.0,0.9777888165108446,1.0,1.0,4.0,4.0,4.0908629066485505
swe-agent:055473:iterative__dvc-3132,swe-agent,long,718,4,4,1.0,0.9777888165108446,1.0,1.0,4.0,4.0,4.0908629066485505
swe-agent:055473:iterative__dvc-3132,swe-agent,long,719,4,4,1.0,0.9777888165108446,1.0,1.0,4.0,4.0,4.0908629066485505
swe-agent:055473:iterative__dvc-3132,swe-agent,long,720,4,4,1.0,0.9777888165108446,1.0,1.0,4.0,4.0,4.0908629066485505
swe-agent:055473:iterative__dvc-3132,swe-agent,long,721,4,4,1.0,0.9777888165108446,1.0,1.0,4.0,4.0,4.0908629066485505
swe-agent:055473:iterative__dvc-3132,swe-agent,long,722,4,4,1.0,0.9777888165108446,1.0,1.0,4.0,4.0,4.0908629066485505
swe-agent:055473:iterative__dvc-3132,swe-agent,long,723,4,4,1.0,0.9777888165108446,1.0,1.0,4.0,4.0,4.0908629066485505
swe-agent:055473:iterative__dvc-3132,swe-agent,long,724,4,4,1.0,0.9777888165108446,1.0,1.0,4.0,4.0,4.0908629066485505
swe-agent:055473:iterative__dvc-3132,swe-agent,long,725,4,4,1.0,0.9777888165108446,1.0,1.0,4.0,4.0,4.0908629066485505
swe-agent:055473:iterative__dvc-3132,swe-agent,long,726,4,4,1.0,0.9777888165108446,1.0,1.0,4.0,4.0,4.0908629066485505
swe-agent:055473:iterative__dvc-3132,swe-agent,long,727,4,4,1.0,0.9777888165108446,1.0,1.0,4.0,4.0,4.0908629066485505
swe-agent:055473:iterative__dvc-3132,swe-agent,long,728,4,4,1.0,0.9777888165108446,1.0,1.0,4.0,4.0,4.0908629066485505
swe-agent:055473:iterative__dvc-3132,swe-agent,long,729,4,4,1.0,0.9777888165108446,1.0,1.0,4.0,4.0,4.0908629066485505
swe-agent:055473:iterative__dvc-3132,swe-agent,long,730,4,4,1.0,0.9777888165108446,1.0,1.0,4.0,4.0,4.0908629066485505
swe-agent:055473:iterative__dvc-3132,swe-agent,long,731,4,4,1.0,0.9777888165108446,1.0,1.0,4.0,4.0,4.0908629066485505
swe-agent:055473:iterative__dvc-3132,swe-agent,long,732,4,4,1.0,0.9777888165108446,1.0,1.0,4.0,4.0,4.0908629066485505
swe-agent:055473:iterative__dvc-3132,swe-agent,long,733,4,4,1.0,0.9777888165108446,1.0,1.0,4.0,4.0,4.0908629066485505
swe-agent:055473:iterative__dvc-3132,swe-agent,long,734,4,4,1.0,0.9777888165108446,1.0,1.0,4.0,4.0,4.0908629066485505
swe-agent:055473:iterative__dvc-3132,swe-agent,long,735,4,4,1.0,0.9777888165108446,1.0,1.0,4.0,4.0,4.0908629066485505
swe-agent:055473:iterative__dvc-3132,swe-agent,long,736,4,4,1.0,0.9777888165108446,1.0,1.0,4.0,4.0,4.0908629066485505
swe-agent:055473:iterative__dvc-3132,swe-agent,long,737,4,4,1.0,0.9777888165108446,1.0,1.0,4.0,4.0,4.0908629066485505
swe-agent:055473:iterative__dvc-3132,swe-agent,long,738,4,4,1.0,0.9777888165108446,1.0,1.0,4.0,4.0,4.0908629066485505
swe-agent:055473:iterative__dvc-3132,swe-agent,long,739,4,4,1.0,0.9777888165108446,1.0,1.0,4.0,4.0,4.0908629066485505
swe-agent:055473:iterative__dvc-3132,swe-agent,long,740,4,4,1.0,0.9777888165108446,1.0,1.0,4.0,4.0,4.0908629066485505
swe-agent:055473:iterative__dvc-3132,swe-agent,long,741,4,4,1.0,0.9777888165108446,1.0,1.0,4.0,4.0,4.0908629066485505
swe-agent:055473:iterative__dvc-3132,swe-agent,long,742,4,4,1.0,0.9777888165108446,1.0,1.0,4.0,4.0,4.0908629066485505
swe-agent:055473:iterative__dvc-3132,swe-agent,long,743,4,4,1.0,0.9777888165108446,1.0,1.0,4.0,4.0,4.0908629066485505
swe-agent:055473:iterative__dvc-3132,swe-agent,long,744,4,4,1.0,0.9777888165108446,1.0,1.0,4.0,4.0,4.0908629066485505
swe-agent:055473:iterative__dvc-3132,swe-agent,long,745,4,4,1.0,0.9777888165108446,1.0,1.0,4.0,4.0,4.0908629066485505
swe-agent:055473:iterative__dvc-3132,swe-agent,long,746,4,4,1.0,0.9777888165108446,1.0,1.0,4.0,4.0,4.0908629066485505
swe-agent:055473:iterative__dvc-3132,swe-agent,long,747,4,4,1.0,0.9777888165108446,1.0,1.0,4.0,4.0,4.0908629066485505
swe-agent:055473:iterative__dvc-3132,swe-agent,long,748,4,4,1.0,0.9777888165108446,1.0,1.0,4.0,4.0,4.0908629066485505
swe-agent:055473:iterative__dvc-3132,swe-agent,long,749,4,4,1.0,0.9777888165108446,1.0,1.0,4.0,4.0,4.0908629066485505
swe-agent:055473:iterative__dvc-3132,swe-agent,long,750,4,4,1.0,0.9777888165108446,1.0,1.0,4.0,4.0,4.0908629066485505
swe-agent:055473:iterative__dvc-3132,swe-agent,long,751,4,4,1.0,0.9777888165108446,1.0,1.0,4.0,4.0,4.0908629066485505
swe-agent:055473:iterative__dvc-3132,swe-agent,long,752,4,4,1.0,0.9777888165108446,1.0,1.0,4.0,4.0,4.0908629066485505
swe-agent:055473:iterative__dvc-3132,swe-agent,long,753,4,4,1.0,0.9777888165108446,1.0,1.0,4.0,4.0,4.0908629066485505
swe-agent:055473:iterative__dvc-3132,swe-agent,long,754,4,4,1.0,0.9777888165108446,1.0,1.0,4.0,4.0,4.0908629066485505
swe-agent:055473:iterative__dvc-3132,swe-agent,long,755,4,4,1.0,0.9777888165108446,1.0,1.0,4.0,4.0,4.0908629066485505
swe-agent:055473:iterative__dvc-3132,swe-agent,long,756,4,4,1.0,0.9777888165108446,1.0,1.0,4.0,4.0,4.0908629066485505
swe-agent:055473:iterative__dvc-3132,swe-agent,long,757,4,4,1.0,0.9777888165108446,1.0,1.0,4.0,4.0,4.0908629066485505
swe-agent:055473:iterative__dvc-3132,swe-agent,long,758,4,4,1.0,0.9777888165108446,1.0,1.0,4.0,4.0,4.0908629066485505
swe-agent:055473:iterative__dvc-3132,swe-agent,long,759,4,4,1.0,0.9777888165108446,1.0,1.0,4.0,4.0,4.0908629066485505
swe-agent:055473:iterative__dvc-3132,swe-agent,long,760,4,4,1.0,0.9777888165108446,1.0,1.0,4.0,4.0,4.0908629066485505
swe-agent:055473:iterative__dvc-3132,swe-agent,long,761,4,4,1.0,0.9777888165108446,1.0,1.0,4.0,4.0,4.0908629066485505
swe-agent:055473:iterative__dvc-3132,swe-agent,long,762,4,4,1.0,0.9777888165108446,1.0,1.0,4.0,4.0,4.0908629066485505
swe-agent:055473:iterative__dvc-3132,swe-agent,long,763,4,4,1.0,0.9777888165108446,1.0,1.0,4.0,4.0,4.0908629066485505
swe-agent:055473:iterative__dvc-3132,swe-agent,long,764,4,4,1.0,0.9777888165108446,1.0,1.0,4.0,4.0,4.0908629066485505
swe-agent:055473:iterative__dvc-3132,swe-agent,long,765,4,4,1.0,0.9777888165108446,1.0,1.0,4.0,4.0,4.0908629066485505
swe-agent:055473:iterative__dvc-3132,swe-agent,long,766,4,4,1.0,0.9777888165108446,1.0,1.0,4.0,4.0,4.0908629066485505
swe-agent:055473:iterative__dvc-3132,swe-agent,long,767,4,4,1.0,0.9777888165108446,1.0,1.0,4.0,4.0,4.0908629066485505
swe-agent:055473:iterative__dvc-3132,swe-agent,long,768,4,4,1.0,0.9777888165108446,1.0,1.0,4.0,4.0,4.0908629066485505
swe-agent:055473:iterative__dvc-3132,swe-agent,long,769,4,4,1.0,0.9777888165108446,1.0,1.0,4.0,4.0,4.0908629066485505
swe-agent:055473:iterative__dvc-3132,swe-agent,long,770,4,4,1.0,0.9777888165108446,1.0,1.0,4.0,4.0,4.0908629066485505
swe-agent:055473:iterative__dvc-3132,swe-agent,long,771,4,4,1.0,0.9777888165108446,1.0,1.0,4.0,4.0,4.0908629066485505
swe-agent:055473:iterative__dvc-3132,swe-agent,long,772,4,4,1.0,0.9777888165108446,1.0,1.0,4.0,4.0,4.0908629066485505
swe-agent:055473:iterative__dvc-3132,swe-agent,long,773,4,4,1.0,0.9777888165108446,1.0,1.0,4.0,4.0,4.0908629066485505
swe-agent:055473:iterative__dvc-3132,swe-agent,long,774,4,4,1.0,0.9777888165108446,1.0,1.0,4.0,4.0,4.0908629066485505
swe-agent:055473:iterative__dvc-3132,swe-agent,long,775,4,4,1.0,0.9777888165108446,1.0,1.0,4.0,4.0,4.0908629066485505
swe-agent:055473:iterative__dvc-3132,swe-agent,long,776,4,4,1.0,0.9777888165108446,1.0,1.0,4.0,4.0,4.0908629066485505
swe-agent:055473:iterative__dvc-3132,swe-agent,long,777,4,4,1.0,0.9777888165108446,1.0,1.0,4.0,4.0,4.0908629066485505
swe-agent:055473:iterative__dvc-3132,swe-agent,long,778,4,4,1.0,0.9777888165108446,1.0,1.0,4.0,4.0,4.0908629066485505
swe-agent:055473:iterative__dvc-3132,swe-agent,long,779,4,4,1.0,0.9777888165108446,1.0,1.0,4.0,4.0,4.0908629066485505
swe-agent:055473:iterative__dvc-3132,swe-agent,long,780,4,4,1.0,0.9777888165108446,1.0,1.0,4.0,4.0,4.0908629066485505
swe-agent:055473:iterative__dvc-3132,swe-agent,long,781,4,4,1.0,0.9777888165108446,1.0,1.0,4.0,4.0,4.0908629066485505
swe-agent:055473:iterative__dvc-3132,swe-agent,long,782,4,4,1.0,0.9777888165108446,1.0,1.0,4.0,4.0,4.0908629066485505
swe-agent:055473:iterative__dvc-3132,swe-agent,long,783,4,4,1.0,0.9777888165108446,1.0,1.0,4.0,4.0,4.0908629066485505
swe-agent:055473:iterative__dvc-3132,swe-agent,long,784,4,4,1.0,0.9777888165108446,1.0,1.0,4.0,4.0,4.0908629066485505
swe-agent:055473:iterative__dvc-3132,swe-agent,long,785,4,4,1.0,0.9777888165108446,1.0,1.0,4.0,4.0,4.0908629066485505
swe-agent:055473:iterative__dvc-3132,swe-agent,long,786,4,4,1.0,0.9777888165108446,1.0,1.0,4.0,4.0,4.0908629066485505
swe-agent:055473:iterative__dvc-3132,swe-agent,long,787,4,4,1.0,0.9777888165108446,1.0,1.0,4.0,4.0,4.0908629066485505
swe-agent:055473:iterative__dvc-3132,swe-agent,long,788,4,4,1.0,0.9777888165108446,1.0,1.0,4.0,4.0,4.0908629066485505
swe-agent:055473:iterative__dvc-3132,swe-agent,long,789,4,4,1.0,0.9777888165108446,1.0,1.0,4.0,4.0,4.0908629066485505
swe-agent:055473:iterative__dvc-3132,swe-agent,long,790,4,4,1.0,0.9777888165108446,1.0,1.0,4.0,4.0,4.0908629066485505
hermes:003982:1ebeaa6f-8065-4f7c-8369-89aa0c81ce5d,hermes,medium,1,0,9,0.0,0.0,0.0,0.0,1.0000000030426797,6.7705214325511935,14.56137995955961
hermes:003982:1ebeaa6f-8065-4f7c-8369-89aa0c81ce5d,hermes,medium,2,0,9,0.0,0.0,0.0,0.0,1.0000000030426797,6.7705214325511935,14.56137995955961
hermes:003982:1ebeaa6f-8065-4f7c-8369-89aa0c81ce5d,hermes,medium,3,1,9,0.1111111111111111,0.07693851000058365,0.20073561268314521,1.0,1.0,4.981677075798544,12.997392333077599
hermes:003982:1ebeaa6f-8065-4f7c-8369-89aa0c81ce5d,hermes,medium,4,1,9,0.1111111111111111,0.07693851000058365,0.20073561268314521,1.0,1.0,4.981677075798544,12.997392333077599
hermes:003982:1ebeaa6f-8065-4f7c-8369-89aa0c81ce5d,hermes,medium,5,2,9,0.2222222222222222,0.13103850605375522,0.27195740509028615,0.7372832307374876,2.7126617243137967,7.354092819557634,15.262689267684042
hermes:003982:1ebeaa6f-8065-4f7c-8369-89aa0c81ce5d,hermes,medium,6,2,9,0.2222222222222222,0.13103850605375522,0.27195740509028615,0.7372832307374876,2.7126617243137967,7.354092819557634,15.262689267684042
hermes:003982:1ebeaa6f-8065-4f7c-8369-89aa0c81ce5d,hermes,medium,7,3,9,0.3333333333333333,0.19138575003331754,0.3850715591038393,0.7484491672812196,4.00828824607776,7.790759740817455,15.675148225391611
hermes:003982:1ebeaa6f-8065-4f7c-8369-89aa0c81ce5d,hermes,medium,8,3,9,0.3333333333333333,0.19138575003331754,0.3850715591038393,0.7484491672812196,4.00828824607776,7.790759740817455,15.675148225391611
hermes:003982:1ebeaa6f-8065-4f7c-8369-89aa0c81ce5d,hermes,medium,9,4,9,0.4444444444444444,0.25194525327643885,0.4643186246974418,0.8146975809992357,4.909797320244839,8.614773966059342,15.876465017624795
hermes:003982:1ebeaa6f-8065-4f7c-8369-89aa0c81ce5d,hermes,medium,10,5,9,0.5555555555555556,0.3023400656755896,0.5200228985384797,0.8671670260135835,5.765901896645317,9.614961214308948,16.537669226297623
hermes:003982:1ebeaa6f-8065-4f7c-8369-89aa0c81ce5d,hermes,medium,11,6,9,0.6666666666666666,0.3480107255509074,0.5770537399488544,0.8966253542163859,6.691758125938516,10.397645114529183,17.24084793795332
hermes:003982:1ebeaa6f-8065-4f7c-8369-89aa0c81ce5d,hermes,medium,12,6,9,0.6666666666666666,0.3480107255509074,0.5770537399488544,0.8966253542163859,6.691758125938516,10.397645114529183,17.24084793795332
hermes:003982:1ebeaa6f-8065-4f7c-8369-89aa0c81ce5d,hermes,medium,13,6,9,0.6666666666666666,0.3489782250099936,0.5868121230384418,0.9262168635597436,6.477964541630247,10.224737636524498,17.19304979509303
hermes:003982:1ebeaa6f-8065-4f7c-8369-89aa0c81ce5d,hermes,medium,14,6,9,0.6666666666666666,0.3489782250099936,0.5868121230384418,0.9262168635597436,6.477964541630247,10.224737636524498,17.19304979509303
hermes:003982:1ebeaa6f-8065-4f7c-8369-89aa0c81ce5d,hermes,medium,15,7,9,0.7777777777777778,0.3897784768154639,0.6073559771698055,0.8875169165983725,7.8871736065935805,11.525366116620813,17.95891876121746
hermes:003982:1ebeaa6f-8065-4f7c-8369-89aa0c81ce5d,hermes,medium,16,7,9,0.7777777777777778,0.3897784768154639,0.6073559771698055,0.8875169165983725,7.8871736065935805,11.525366116620813,17.95891876121746
hermes:003982:1ebeaa6f-8065-4f7c-8369-89aa0c81ce5d,hermes,medium,17,7,9,0.7777777777777778,0.39081865111363684,0.6105136910491802,0.9274314275310084,7.547727834321161,11.465754335452097,17.911120618357174
hermes:003982:1ebeaa6f-8065-4f7c-8369-89aa0c81ce5d,hermes,medium,18,7,9,0.7777777777777778,0.39081865111363684,0.6105136910491802,0.9274314275310084,7.547727834321161,11.465754335452097,17.911120618357174
hermes:003982:1ebeaa6f-8065-4f7c-8369-89aa0c81ce5d,hermes,medium,19,7,9,0.7777777777777778,0.4034716109319611,0.6221669613412206,0.9469554610377424,7.392111126672096,11.250999225207856,17.349423876021937
hermes:003982:1ebeaa6f-8065-4f7c-8369-89aa0c81ce5d,hermes,medium,20,7,9,0.7777777777777778,0.4034716109319611,0.6221669613412206,0.9469554610377424,7.392111126672096,11.250999225207856,17.349423876021937
hermes:003982:1ebeaa6f-8065-4f7c-8369-89aa0c81ce5d,hermes,medium,21,8,9,0.8888888888888888,0.40791826615354576,0.6800286655795553,0.9280436527349688,8.620284160582093,11.764209958975758,19.611771925380502
hermes:003982:1ebeaa6f-8065-4f7c-8369-89aa0c81ce5d,hermes,medium,22,8,9,0.8888888888888888,0.40791826615354576,0.6800286655795553,0.9280436527349688,8.620284160582093,11.764209958975758,19.611771925380502
hermes:003982:1ebeaa6f-8065-4f7c-8369-89aa0c81ce5d,hermes,medium,23,9,9,1.0,0.4302535992921221,0.7426367464076186,0.9561543003934472,9.412706710932113,12.118980165654339,20.91789589862192
hermes:003982:1ebeaa6f-8065-4f7c-8369-89aa0c81ce5d,hermes,medium,24,9,9,1.0,0.4302535992921221,0.7426367464076186,0.9561543003934472,9.412706710932113,12.118980165654339,20.91789589862192
hermes:003982:1ebeaa6f-8065-4f7c-8369-89aa0c81ce5d,hermes,medium,25,9,9,1.0,0.43415230990428955,0.7518460450214774,0.9805743688574976,9.178294156807528,11.970535802636167,20.73005209158989
hermes:003982:1ebeaa6f-8065-4f7c-8369-89aa0c81ce5d,hermes,medium,26,9,9,1.0,0.43415230990428955,0.7518460450214774,0.9805743688574976,9.178294156807528,11.970535802636167,20.73005209158989
hermes:003982:1ebeaa6f-8065-4f7c-8369-89aa0c81ce5d,hermes,medium,27,9,9,1.0,0.4488102304258516,0.7708266636691313,0.9910773253942712,9.081027049448046,11.675776700769589,20.053018825930927
hermes:003982:1ebeaa6f-8065-4f7c-8369-89aa0c81ce5d,hermes,medium,28,9,9,1.0,0.4488102304258516,0.7708266636691313,0.9925827620904889,9.06725397995529,11.675776700769589,20.053018825930927
hermes:003982:1ebeaa6f-8065-4f7c-8369-89aa0c81ce5d,hermes,medium,29,9,9,1.0,0.47171974418019047,0.8015542965996157,0.9947316413286497,9.047666351478295,11.228185087623064,19.07912507593094
hermes:003982:1ebeaa6f-8065-4f7c-8369-89aa0c81ce5d,hermes,medium,30,9,9,1.0,0.4790124126224763,0.8015542965996157,0.9947316413286497,9.047666351478295,11.228185087623064,18.788657168041205
hermes:003982:1ebeaa6f-8065-4f7c-8369-89aa0c81ce5d,hermes,medium,31,9,9,1.0,0.5061746384995779,0.8082517319331822,0.9975278453496751,9.022304532105693,11.135144713483925,17.7804246113123
hermes:003982:1ebeaa6f-8065-4f7c-8369-89aa0c81ce5d,hermes,medium,32,9,9,1.0,0.509879461412114,0.8082517319331822,0.9975278453496751,9.022304532105693,11.135144713483925,17.651230694945916
hermes:003982:1ebeaa6f-8065-4f7c-8369-89aa0c81ce5d,hermes,medium,33,9,9,1.0,0.5083766892118797,0.8418967009960853,0.9975269596415304,9.022312543045679,10.690147602849258,17.703408104632835
hermes:006311:ff02a5e5-12f8-4d07-bc0b-65d15ef1f673,hermes,short,1,0,4,0.0,0.0,0.0,0.0,1.0000000030426797,6.7705214325511935,14.56137995955961
hermes:006311:ff02a5e5-12f8-4d07-bc0b-65d15ef1f673,hermes,short,2,0,4,0.0,0.0,0.0,0.0,1.0000000030426797,6.7705214325511935,14.56137995955961
hermes:006311:ff02a5e5-12f8-4d07-bc0b-65d15ef1f673,hermes,short,3,1,4,0.25,0.07693851000058365,0.20073561268314521,1.0,1.0,4.981677075798544,12.997392333077599
hermes:006311:ff02a5e5-12f8-4d07-bc0b-65d15ef1f673,hermes,short,4,1,4,0.25,0.07693851000058365,0.20073561268314521,1.0,1.0,4.981677075798544,12.997392333077599
hermes:006311:ff02a5e5-12f8-4d07-bc0b-65d15ef1f673,hermes,short,5,1,4,0.25,0.07693851000058365,0.20073561268314521,1.0,1.0,4.981677075798544,12.997392333077599
hermes:006311:ff02a5e5-12f8-4d07-bc0b-65d15ef1f673,hermes,short,6,1,4,0.25,0.07693851000058365,0.20073561268314521,1.0,1.0,4.981677075798544,12.997392333077599
hermes:006311:ff02a5e5-12f8-4d07-bc0b-65d15ef1f673,hermes,short,7,1,4,0.25,0.07937498732232509,0.20078631897539162,0.9897185195460865,1.0103882874280548,4.98041901013465,12.598427209055302
hermes:006311:ff02a5e5-12f8-4d07-bc0b-65d15ef1f673,hermes,short,8,1,4,0.25,0.07937498732232509,0.20078631897539162,0.9897185195460865,1.0103882874280548,4.98041901013465,12.598427209055302
hermes:006311:ff02a5e5-12f8-4d07-bc0b-65d15ef1f673,hermes,short,9,1,4,0.25,0.07984516611231722,0.21426220560639692,0.9921753645857374,1.0078863431743537,4.66717868963328,12.524239709055301
hermes:006311:ff02a5e5-12f8-4d07-bc0b-65d15ef1f673,hermes,short,10,1,4,0.25,0.0817409394463877,0.21426220560639692,0.9921753645857374,1.0078863431743537,4.66717868963328,12.233771801165567
hermes:006311:ff02a5e5-12f8-4d07-bc0b-65d15ef1f673,hermes,short,11,2,4,0.5,0.1343492527795225,0.31017638016988797,0.7412320963678409,2.6982101959700997,6.447944227424964,14.886573305191018
hermes:006311:ff02a5e5-12f8-4d07-bc0b-65d15ef1f673,hermes,short,12,2,4,0.5,0.1343492527795225,0.31017638016988797,0.7412320963678409,2.6982101959700997,6.447944227424964,14.886573305191018
hermes:006311:ff02a5e5-12f8-4d07-bc0b-65d15ef1f673,hermes,short,13,3,4,0.75,0.22425499485002026,0.43379657095510943,0.8403147181502401,3.5700909852011296,6.915683988452848,13.37762845374469
hermes:006311:ff02a5e5-12f8-4d07-bc0b-65d15ef1f673,hermes,short,14,3,4,0.75,0.22425499485002026,0.43379657095510943,0.8403147181502401,3.5700909852011296,6.915683988452848,13.37762845374469
hermes:006311:ff02a5e5-12f8-4d07-bc0b-65d15ef1f673,hermes,short,15,3,4,0.75,0.22425499485002026,0.44129743619521145,0.890677334202432,3.3682231317656544,6.7981360278579235,13.37762845374469
hermes:006311:ff02a5e5-12f8-4d07-bc0b-65d15ef1f673,hermes,short,16,3,4,0.75,0.22425499485002026,0.44129743619521145,0.890677334202432,3.3682231317656544,6.7981360278579235,13.37762845374469
hermes:006311:ff02a5e5-12f8-4d07-bc0b-65d15ef1f673,hermes,short,17,4,4,1.0,0.25194525327643885,0.48576942654118727,0.817830302232177,4.890990207971561,8.234359310097194,15.876465017624795
hermes:006905:b92751ee-77ee-4558-a22e-0ef6d2720750,hermes,long,1,0,37,0.0,0.0,0.0,0.0,1.0000000030426797,6.7705214325511935,14.56137995955961
hermes:006905:b92751ee-77ee-4558-a22e-0ef6d2720750,hermes,long,2,0,37,0.0,0.0,0.0,0.0,1.0000000030426797,6.7705214325511935,14.56137995955961
hermes:006905:b92751ee-77ee-4558-a22e-0ef6d2720750,hermes,long,3,1,37,0.02702702702702703,0.07693851000058365,0.20073561268314521,1.0,1.0,4.981677075798544,12.997392333077599
hermes:006905:b92751ee-77ee-4558-a22e-0ef6d2720750,hermes,long,4,1,37,0.02702702702702703,0.07693851000058365,0.20073561268314521,1.0,1.0,4.981677075798544,12.997392333077599
hermes:006905:b92751ee-77ee-4558-a22e-0ef6d2720750,hermes,long,5,1,37,0.02702702702702703,0.07693851000058365,0.20073561268314521,1.0,1.0,4.981677075798544,12.997392333077599
hermes:006905:b92751ee-77ee-4558-a22e-0ef6d2720750,hermes,long,6,1,37,0.02702702702702703,0.07693851000058365,0.20073561268314521,1.0,1.0,4.981677075798544,12.997392333077599
hermes:006905:b92751ee-77ee-4558-a22e-0ef6d2720750,hermes,long,7,1,37,0.02702702702702703,0.07937498732232509,0.20078631897539162,0.9897185195460865,1.0103882874280548,4.98041901013465,12.598427209055302
hermes:006905:b92751ee-77ee-4558-a22e-0ef6d2720750,hermes,long,8,1,37,0.02702702702702703,0.07937498732232509,0.20078631897539162,0.9897185195460865,1.0103882874280548,4.98041901013465,12.598427209055302
hermes:006905:b92751ee-77ee-4558-a22e-0ef6d2720750,hermes,long,9,1,37,0.02702702702702703,0.07984516611231722,0.21426220560639692,0.9921753645857374,1.0078863431743537,4.66717868963328,12.524239709055301
hermes:006905:b92751ee-77ee-4558-a22e-0ef6d2720750,hermes,long,10,1,37,0.02702702702702703,0.0817409394463877,0.21426220560639692,0.9921753645857374,1.0078863431743537,4.66717868963328,12.233771801165567
hermes:006905:b92751ee-77ee-4558-a22e-0ef6d2720750,hermes,long,11,2,37,0.05405405405405406,0.1343492527795225,0.3067745805360988,0.7412320963678409,2.6982101959700997,6.51944498303912,14.886573305191018
hermes:006905:b92751ee-77ee-4558-a22e-0ef6d2720750,hermes,long,12,3,37,0.08108108108108109,0.19138575003331754,0.3833190923208244,0.7480313949237981,4.010526858041312,7.826377710111833,15.675148225391611
hermes:006905:b92751ee-77ee-4558-a22e-0ef6d2720750,hermes,long,13,4,37,0.10810810810810811,0.25194525327643885,0.4613068410171986,0.814354742996628,4.911864312696172,8.671018169121126,15.876465017624795
hermes:006905:b92751ee-77ee-4558-a22e-0ef6d2720750,hermes,long,14,5,37,0.13513513513513514,0.3023400656755896,0.5011390214979389,0.866856270575876,5.767968889096649,9.977271346890245,16.537669226297623
hermes:006905:b92751ee-77ee-4558-a22e-0ef6d2720750,hermes,long,15,6,37,0.16216216216216217,0.34895882944789053,0.5664519200400759,0.8963484844437132,6.6938251183898485,10.592249382040237,17.194005406004408
hermes:006905:b92751ee-77ee-4558-a22e-0ef6d2720750,hermes,long,16,6,37,0.16216216216216217,0.34895882944789053,0.5664519200400759,0.8963484844437132,6.6938251183898485,10.592249382040237,17.194005406004408
hermes:006905:b92751ee-77ee-4558-a22e-0ef6d2720750,hermes,long,17,6,37,0.16216216216216217,0.3499316150748415,0.5758521080564714,0.9259214200491364,6.48003153408158,10.419341904035551,17.14620726314412
hermes:006905:b92751ee-77ee-4558-a22e-0ef6d2720750,hermes,long,18,6,37,0.16216216216216217,0.3499316150748415,0.5758521080564714,0.9259214200491364,6.48003153408158,10.419341904035551,17.14620726314412
hermes:006905:b92751ee-77ee-4558-a22e-0ef6d2720750,hermes,long,19,6,37,0.16216216216216217,0.3617833636073668,0.6147676773939983,0.9678063942127852,6.199587061914802,9.75978442040742,16.584510520808884
hermes:006905:b92751ee-77ee-4558-a22e-0ef6d2720750,hermes,long,20,6,37,0.16216216216216217,0.3617833636073668,0.6147676773939983,0.9678063942127852,6.199587061914802,9.75978442040742,16.584510520808884
hermes:006905:b92751ee-77ee-4558-a22e-0ef6d2720750,hermes,long,21,7,37,0.1891891891891892,0.36123590089369384,0.5886421634085723,0.9164651267708763,7.6380429495055475,11.8917747234857,19.37791892412153
hermes:006905:b92751ee-77ee-4558-a22e-0ef6d2720750,hermes,long,22,8,37,0.21621621621621623,0.39228966130508464,0.6674020160168735,0.9463569176778887,8.453470197724025,11.986778295553936,20.39309415747865
hermes:006905:b92751ee-77ee-4558-a22e-0ef6d2720750,hermes,long,23,9,37,0.24324324324324326,0.4451333808809663,0.745964297172437,0.9591144327488812,9.383656102646109,12.064920578792208,20.21865891564466
hermes:006905:b92751ee-77ee-4558-a22e-0ef6d2720750,hermes,long,24,10,37,0.2702702702702703,0.47649127392898794,0.7696517797429544,0.9814196843512383,10.189320796648216,12.992888814393133,20.98674319372806
hermes:006905:b92751ee-77ee-4558-a22e-0ef6d2720750,hermes,long,25,11,37,0.2972972972972973,0.4955430708091293,0.8019426692434847,0.9664826937798601,11.381476430767334,13.716691257215292,22.197868657590256
hermes:006905:b92751ee-77ee-4558-a22e-0ef6d2720750,hermes,long,26,11,37,0.2972972972972973,0.4955430708091293,0.8019426692434847,0.9664826937798601,11.381476430767334,13.716691257215292,22.197868657590256
hermes:006905:b92751ee-77ee-4558-a22e-0ef6d2720750,hermes,long,27,11,37,0.2972972972972973,0.506794328898913,0.8328903668297173,0.9797597595871272,11.227242078849434,13.207020321137808,21.70505740247559
hermes:006905:b92751ee-77ee-4558-a22e-0ef6d2720750,hermes,long,28,11,37,0.2972972972972973,0.506794328898913,0.8328903668297173,0.9809631605368013,11.213469009356677,13.207020321137808,21.70505740247559
hermes:006905:b92751ee-77ee-4558-a22e-0ef6d2720750,hermes,long,29,11,37,0.2972972972972973,0.5231114406389139,0.8341573042974064,0.9999999975712498,11.000000026716252,13.186961192247875,21.028024136816626
hermes:006905:b92751ee-77ee-4558-a22e-0ef6d2720750,hermes,long,30,11,37,0.2972972972972973,0.5231114406389139,0.8341573042974064,0.9999999975712498,11.000000026716252,13.186961192247875,21.028024136816626
hermes:006905:b92751ee-77ee-4558-a22e-0ef6d2720750,hermes,long,31,12,37,0.32432432432432434,0.536373023099403,0.7969126697614216,0.9709275552236204,12.35931551786704,15.0581117045015,22.372489821838236
hermes:006905:b92751ee-77ee-4558-a22e-0ef6d2720750,hermes,long,32,13,37,0.35135135135135137,0.522196056776548,0.8058151357447608,0.9737874149369372,13.349936341949833,16.13273246348863,24.894864354678205
hermes:006905:b92751ee-77ee-4558-a22e-0ef6d2720750,hermes,long,33,14,37,0.3783783783783784,0.5457991428712009,0.798933420557267,0.9717212448987174,14.407424015371015,17.52336257285971,25.65046168147566
hermes:006905:b92751ee-77ee-4558-a22e-0ef6d2720750,hermes,long,34,15,37,0.40540540540540543,0.559604692366823,0.8004146713430289,0.9784685529654225,15.330078779271792,18.740286175453598,26.804635852065807
hermes:006905:b92751ee-77ee-4558-a22e-0ef6d2720750,hermes,long,35,16,37,0.43243243243243246,0.569771784744025,0.7881341893929803,0.9824988625338646,16.285006130934338,20.301111429163065,28.08141861076561
hermes:006905:b92751ee-77ee-4558-a22e-0ef6d2720750,hermes,long,36,16,37,0.43243243243243246,0.569771784744025,0.7881341893929803,0.9824988625338646,16.285006130934338,20.301111429163065,28.08141861076561
hermes:006905:b92751ee-77ee-4558-a22e-0ef6d2720750,hermes,long,37,16,37,0.43243243243243246,0.5909028251761262,0.8101815104380363,0.9844544408956443,16.25265663431149,19.748661002334366,27.077210191423596
hermes:006905:b92751ee-77ee-4558-a22e-0ef6d2720750,hermes,long,38,16,37,0.43243243243243246,0.5909028251761262,0.8101815104380363,0.9844544408956443,16.25265663431149,19.748661002334366,27.077210191423596
hermes:006905:b92751ee-77ee-4558-a22e-0ef6d2720750,hermes,long,39,16,37,0.43243243243243246,0.597965998534665,0.8265112137064201,0.9970152399262878,16.047899128585964,19.35847903169921,26.75737423065612
hermes:006905:b92751ee-77ee-4558-a22e-0ef6d2720750,hermes,long,40,16,37,0.43243243243243246,0.6022462394429702,0.8265112137064201,0.9970152399262878,16.047899128585964,19.35847903169921,26.567206156071187
hermes:006905:b92751ee-77ee-4558-a22e-0ef6d2720750,hermes,long,41,17,37,0.4594594594594595,0.5784965043743189,0.7654151355833356,0.9589242304716643,17.728199434107783,22.21016963173065,29.386521563145124
hermes:006905:b92751ee-77ee-4558-a22e-0ef6d2720750,hermes,long,42,18,37,0.4864864864864865,0.586945085614408,0.764066921877785,0.9605333970828415,18.739587873431937,23.55814586994928,30.667264180528555
hermes:006905:b92751ee-77ee-4558-a22e-0ef6d2720750,hermes,long,43,18,37,0.4864864864864865,0.586945085614408,0.764066921877785,0.9605333970828415,18.739587873431937,23.55814586994928,30.667264180528555
hermes:006905:b92751ee-77ee-4558-a22e-0ef6d2720750,hermes,long,44,18,37,0.4864864864864865,0.6014897063141903,0.7824149478333879,0.9617302974181476,18.716265930607193,23.00569544312058,29.9256991616705
hermes:006905:b92751ee-77ee-4558-a22e-0ef6d2720750,hermes,long,45,19,37,0.5135135135135135,0.5620275958357615,0.7538918172215981,0.9667261480680168,19.653963056622732,25.20255501647813,33.80616920019044
hermes:006905:b92751ee-77ee-4558-a22e-0ef6d2720750,hermes,long,46,19,37,0.5135135135135135,0.5620275958357615,0.7538918172215981,0.9667261480680168,19.653963056622732,25.20255501647813,33.80616920019044
hermes:006905:b92751ee-77ee-4558-a22e-0ef6d2720750,hermes,long,47,20,37,0.5405405405405406,0.5516157798804796,0.7726906796260102,0.9628886663552416,20.77083332562701,25.883578678184904,36.25712086107012
hermes:006905:b92751ee-77ee-4558-a22e-0ef6d2720750,hermes,long,48,20,37,0.5405405405405406,0.5516157798804796,0.7726906796260102,0.9628886663552416,20.77083332562701,25.883578678184904,36.25712086107012
hermes:006905:b92751ee-77ee-4558-a22e-0ef6d2720750,hermes,long,49,20,37,0.5405405405405406,0.5570803973252463,0.7895424081210919,0.9628886663552416,20.77083332562701,25.331128251356205,35.90146071559431
hermes:006905:b92751ee-77ee-4558-a22e-0ef6d2720750,hermes,long,50,20,37,0.5405405405405406,0.5570803973252463,0.7895424081210919,0.9628886663552416,20.77083332562701,25.331128251356205,35.90146071559431
hermes:006905:b92751ee-77ee-4558-a22e-0ef6d2720750,hermes,long,51,21,37,0.5675675675675675,0.5317807086357564,0.7653838014738409,0.9592263273396627,21.892643478877208,27.437215106410548,39.48996204445612
hermes:006905:b92751ee-77ee-4558-a22e-0ef6d2720750,hermes,long,52,21,37,0.5675675675675675,0.5317807086357564,0.7653838014738409,0.9592263273396627,21.892643478877208,27.437215106410548,39.48996204445612
hermes:006905:b92751ee-77ee-4558-a22e-0ef6d2720750,hermes,long,53,22,37,0.5945945945945946,0.5436016897665822,0.7736341240756934,0.9503225911457999,23.1500336885338,28.437215106410548,40.47080870820436
hermes:006905:b92751ee-77ee-4558-a22e-0ef6d2720750,hermes,long,54,22,37,0.5945945945945946,0.5436016897665822,0.7736341240756934,0.9503155461154268,23.150205308046015,28.437215106410548,40.47080870820436
hermes:006905:b92751ee-77ee-4558-a22e-0ef6d2720750,hermes,long,55,22,37,0.5945945945945946,0.5480169594895516,0.7904356265867174,0.9503155461154268,23.150205308046015,27.832753560212176,40.14474300301184
hermes:006905:b92751ee-77ee-4558-a22e-0ef6d2720750,hermes,long,56,22,37,0.5945945945945946,0.5450843456103889,0.7904356265867174,0.9503155461154268,23.150205308046015,27.832753560212176,40.360726146637475
hermes:006905:b92751ee-77ee-4558-a22e-0ef6d2720750,hermes,long,57,22,37,0.5945945945945946,0.6082282578152466,0.820716510609866,0.9772733949551309,22.51161252682017,26.805845521070395,36.17063120188449
hermes:006905:b92751ee-77ee-4558-a22e-0ef6d2720750,hermes,long,58,22,37,0.5945945945945946,0.6082282578152466,0.820716510609866,0.9772733949551309,22.51161252682017,26.805845521070395,36.17063120188449
hermes:006905:b92751ee-77ee-4558-a22e-0ef6d2720750,hermes,long,59,22,37,0.5945945945945946,0.6033289006172895,0.8412017356347163,0.978773960990744,22.477099797108362,26.153060636994795,36.464356302989856
hermes:006905:b92751ee-77ee-4558-a22e-0ef6d2720750,hermes,long,60,22,37,0.5945945945945946,0.6033289006172895,0.8412017356347163,0.978773960990744,22.477099797108362,26.153060636994795,36.464356302989856
hermes:006905:b92751ee-77ee-4558-a22e-0ef6d2720750,hermes,long,61,22,37,0.5945945945945946,0.6476796791305138,0.827495779352072,0.9791061520061427,22.469473769440658,26.58623832163346,33.96740813226407
hermes:006905:b92751ee-77ee-4558-a22e-0ef6d2720750,hermes,long,62,22,37,0.5945945945945946,0.6476796791305138,0.827495779352072,0.9791061520061427,22.469473769440658,26.58623832163346,33.96740813226407
hermes:006905:b92751ee-77ee-4558-a22e-0ef6d2720750,hermes,long,63,22,37,0.5945945945945946,0.677903716733475,0.8367127812611413,0.9819878707902691,22.403535373909637,26.293371504186112,32.45298625298662
hermes:006905:b92751ee-77ee-4558-a22e-0ef6d2720750,hermes,long,64,22,37,0.5945945945945946,0.677903716733475,0.8367127812611413,0.9819878707902691,22.403535373909637,26.293371504186112,32.45298625298662
hermes:006905:b92751ee-77ee-4558-a22e-0ef6d2720750,hermes,long,65,22,37,0.5945945945945946,0.6964643001299502,0.9099023643938029,0.9820153528781064,22.402908402116164,24.17841832365925,31.58812303214266
hermes:006905:b92751ee-77ee-4558-a22e-0ef6d2720750,hermes,long,66,22,37,0.5945945945945946,0.6964643001299502,0.9095758193226356,0.9820153528781064,22.402908402116164,24.187098571269715,31.58812303214266
hermes:006905:b92751ee-77ee-4558-a22e-0ef6d2720750,hermes,long,67,23,37,0.6216216216216216,0.525889631058701,0.7901195543386352,0.9631720731065394,23.87942989856175,29.1095187730824,43.7354126068188
hermes:006905:b92751ee-77ee-4558-a22e-0ef6d2720750,hermes,long,68,24,37,0.6486486486486487,0.5185800759744564,0.7944515826377456,0.9636707458762205,24.904771782999315,30.2095187730824,46.28021999283706
hermes:006905:b92751ee-77ee-4558-a22e-0ef6d2720750,hermes,long,69,24,37,0.6486486486486487,0.5104329417177315,0.7944515826377456,0.9636707458762205,24.904771782999315,30.2095187730824,47.01890892706521
hermes:006905:b92751ee-77ee-4558-a22e-0ef6d2720750,hermes,long,70,25,37,0.6756756756756757,0.47984798279377816,0.7943817337312372,0.9616857467253848,25.996018018491963,31.471015682314565,52.09983348152184
hermes:006905:b92751ee-77ee-4558-a22e-0ef6d2720750,hermes,long,71,26,37,0.7027027027027027,0.5021226185753215,0.7956968033842334,0.9699041578890423,26.80677238933377,32.67576278981842,51.78018085257763
hermes:006905:b92751ee-77ee-4558-a22e-0ef6d2720750,hermes,long,72,26,37,0.7027027027027027,0.5014120935875518,0.7956968033842334,0.9699041578890423,26.80677238933377,32.67576278981842,51.85355585257763
hermes:006905:b92751ee-77ee-4558-a22e-0ef6d2720750,hermes,long,73,27,37,0.7297297297297297,0.5091339592483736,0.8111772621193319,0.9529858431532785,28.332005342976867,33.28495664370341,53.03122981594014
hermes:006905:b92751ee-77ee-4558-a22e-0ef6d2720750,hermes,long,74,27,37,0.7297297297297297,0.5091339592483736,0.8111772621193319,0.9529858431532785,28.332005342976867,33.28495664370341,53.03122981594014
hermes:006905:b92751ee-77ee-4558-a22e-0ef6d2720750,hermes,long,75,28,37,0.7567567567567568,0.48368556599651436,0.795740863444668,0.9510449935197821,29.441298982472997,35.18733457873624,57.88884756631704
hermes:006905:b92751ee-77ee-4558-a22e-0ef6d2720750,hermes,long,76,28,37,0.7567567567567568,0.48368556599651436,0.795740863444668,0.9510449935197821,29.441298982472997,35.18733457873624,57.88884756631704
hermes:006905:b92751ee-77ee-4558-a22e-0ef6d2720750,hermes,long,77,29,37,0.7837837837837838,0.4792337135963312,0.8169174677959137,0.9605000048513432,30.1926078641596,35.499302124415976,60.513271869740194
hermes:006905:b92751ee-77ee-4558-a22e-0ef6d2720750,hermes,long,78,29,37,0.7837837837837838,0.4792337135963312,0.8169174677959137,0.9605000048513432,30.1926078641596,35.499302124415976,60.513271869740194
hermes:006905:b92751ee-77ee-4558-a22e-0ef6d2720750,hermes,long,79,29,37,0.7837837837837838,0.47849224521455086,0.8298315468000274,0.9605000048513432,30.1926078641596,34.94685169758726,60.60704283095896
hermes:006905:b92751ee-77ee-4558-a22e-0ef6d2720750,hermes,long,80,29,37,0.7837837837837838,0.47849224521455086,0.8298315468000274,0.9605000048513432,30.1926078641596,34.94685169758726,60.60704283095896
hermes:006905:b92751ee-77ee-4558-a22e-0ef6d2720750,hermes,long,81,29,37,0.7837837837837838,0.5705942753747384,0.8526737311782837,0.9684233102066474,29.945582365021576,34.01066426653696,50.824204257840165
hermes:006905:b92751ee-77ee-4558-a22e-0ef6d2720750,hermes,long,82,29,37,0.7837837837837838,0.5705942753747384,0.8526737311782837,0.9684233102066474,29.945582365021576,34.01066426653696,50.824204257840165
hermes:006905:b92751ee-77ee-4558-a22e-0ef6d2720750,hermes,long,83,29,37,0.7837837837837838,0.5859480173230015,0.865574310903615,0.9747787412907669,29.75034104826624,33.50376696106599,49.49244496549575
hermes:006905:b92751ee-77ee-4558-a22e-0ef6d2720750,hermes,long,84,29,37,0.7837837837837838,0.5859480173230015,0.865574310903615,0.9747787412907669,29.75034104826624,33.50376696106599,49.49244496549575
hermes:006905:b92751ee-77ee-4558-a22e-0ef6d2720750,hermes,long,85,29,37,0.7837837837837838,0.5865366591468867,0.8564376007613361,0.9769868267192832,29.683102378546753,33.861194293922,49.44277488500086
hermes:006905:b92751ee-77ee-4558-a22e-0ef6d2720750,hermes,long,86,29,37,0.7837837837837838,0.5865366591468867,0.8564376007613361,0.9769868267192832,29.683102378546753,33.861194293922,49.44277488500086
hermes:006905:b92751ee-77ee-4558-a22e-0ef6d2720750,hermes,long,87,29,37,0.7837837837837838,0.6506119399011746,0.8660640312243889,0.9791178083388266,29.618499176520405,33.484822085269556,44.573421146259605
hermes:006905:b92751ee-77ee-4558-a22e-0ef6d2720750,hermes,long,88,29,37,0.7837837837837838,0.6506119399011746,0.8660640312243889,0.9791178083388266,29.618499176520405,33.484822085269556,44.573421146259605
hermes:006905:b92751ee-77ee-4558-a22e-0ef6d2720750,hermes,long,89,30,37,0.8108108108108109,0.4826977536705974,0.8143486693740225,0.9578043369431248,31.321637251869557,36.83925709986184,62.15069320681488
hermes:006905:b92751ee-77ee-4558-a22e-0ef6d2720750,hermes,long,90,30,37,0.8108108108108109,0.4826977536705974,0.8143486693740225,0.9578043369431248,31.321637251869557,36.83925709986184,62.15069320681488
hermes:006905:b92751ee-77ee-4558-a22e-0ef6d2720750,hermes,long,91,31,37,0.8378378378378378,0.488007989312635,0.8168690157863523,0.9537206800039326,32.5042757800661,37.949780688104696,63.52355018544648
hermes:006905:b92751ee-77ee-4558-a22e-0ef6d2720750,hermes,long,92,31,37,0.8378378378378378,0.48896029549717673,0.8191299377229354,0.9537206800039326,32.5042757800661,37.845033580600884,63.39983079501185
hermes:006905:b92751ee-77ee-4558-a22e-0ef6d2720750,hermes,long,93,32,37,0.8648648648648649,0.5109734514986493,0.8333588906658908,0.9661360722925589,33.121628430731,38.398822354232735,62.62556284704469
hermes:006905:b92751ee-77ee-4558-a22e-0ef6d2720750,hermes,long,94,32,37,0.8648648648648649,0.5109734514986493,0.8333588906658908,0.9661360722925589,33.121628430731,38.398822354232735,62.62556284704469
hermes:006905:b92751ee-77ee-4558-a22e-0ef6d2720750,hermes,long,95,32,37,0.8648648648648649,0.5102095009144358,0.845523583116015,0.9661360722925589,33.121628430731,37.84637192740401,62.71933380826346
hermes:006905:b92751ee-77ee-4558-a22e-0ef6d2720750,hermes,long,96,32,37,0.8648648648648649,0.5102095009144358,0.845523583116015,0.9661360722925589,33.121628430731,37.84637192740401,62.71933380826346
hermes:006905:b92751ee-77ee-4558-a22e-0ef6d2720750,hermes,long,97,33,37,0.8918918918918919,0.4776498888706357,0.7973147489449556,0.9637746470888127,34.240369467779765,41.388924566699856,69.08826060448965
hermes:006905:b92751ee-77ee-4558-a22e-0ef6d2720750,hermes,long,98,34,37,0.918918918918919,0.48844582289304544,0.7951050735934914,0.9655622655355647,35.21264367258734,42.7616438747352,69.60853877021475
hermes:006905:b92751ee-77ee-4558-a22e-0ef6d2720750,hermes,long,99,35,37,0.9459459459459459,0.4915017122180888,0.7980784241913544,0.9552124571778016,36.64106318651701,43.85533919860498,71.2103317851105
hermes:006905:b92751ee-77ee-4558-a22e-0ef6d2720750,hermes,long,100,35,37,0.9459459459459459,0.4915017122180888,0.7980784241913544,0.9552124571778016,36.64106318651701,43.85533919860498,71.2103317851105
hermes:006905:b92751ee-77ee-4558-a22e-0ef6d2720750,hermes,long,101,35,37,0.9459459459459459,0.49136694008697207,0.8042742110580643,0.9552124571778016,36.64106318651701,43.51749629514502,71.2298633558965
hermes:006905:b92751ee-77ee-4558-a22e-0ef6d2720750,hermes,long,102,35,37,0.9459459459459459,0.49136694008697207,0.8042742110580643,0.9552124571778016,36.64106318651701,43.51749629514502,71.2298633558965
hermes:006905:b92751ee-77ee-4558-a22e-0ef6d2720750,hermes,long,103,35,37,0.9459459459459459,0.5543234380438486,0.8197728789824413,0.9614867474705882,36.40195779304867,42.69475228729745,63.14003269194508
hermes:006905:b92751ee-77ee-4558-a22e-0ef6d2720750,hermes,long,104,35,37,0.9459459459459459,0.5543234380438486,0.8180871354796316,0.9614867474705882,36.40195779304867,42.7827287364445,63.14003269194508
hermes:006905:b92751ee-77ee-4558-a22e-0ef6d2720750,hermes,long,105,35,37,0.9459459459459459,0.5540667082672844,0.826042148106019,0.9666714744187462,36.206716476293344,42.3707193152908,63.16928896423755
hermes:006905:b92751ee-77ee-4558-a22e-0ef6d2720750,hermes,long,106,36,37,0.972972972972973,0.5019741222704044,0.7820316124291838,0.9612519598828886,37.45115901182241,46.03394469972267,71.71684436076856
hermes:006905:b92751ee-77ee-4558-a22e-0ef6d2720750,hermes,long,107,36,37,0.972972972972973,0.503407477326699,0.7820316124291838,0.9612519598828886,37.45115901182241,46.03394469972267,71.51264457011013
hermes:006905:b92751ee-77ee-4558-a22e-0ef6d2720750,hermes,long,108,36,37,0.972972972972973,0.5027482486432999,0.787813371050926,0.9612519598828886,37.45115901182241,45.69610179626271,71.6064155313289
hermes:006905:b92751ee-77ee-4558-a22e-0ef6d2720750,hermes,long,109,36,37,0.972972972972973,0.5027482486432999,0.787813371050926,0.9612519598828886,37.45115901182241,45.69610179626271,71.6064155313289
hermes:006905:b92751ee-77ee-4558-a22e-0ef6d2720750,hermes,long,110,36,37,0.972972972972973,0.557442168358602,0.8006259182408068,0.9674284673782084,37.212053618354076,44.96481962400344,64.58069023734356
hermes:006905:b92751ee-77ee-4558-a22e-0ef6d2720750,hermes,long,111,37,37,1.0,0.5056976478120294,0.7716783955418105,0.9495576120142125,38.96551355269026,47.94743537432012,73.16624896335904
hermes:006905:b92751ee-77ee-4558-a22e-0ef6d2720750,hermes,long,112,37,37,1.0,0.5056976478120294,0.7716783955418105,0.9495576120142125,38.96551355269026,47.94743537432012,73.16624896335904
hermes:006905:b92751ee-77ee-4558-a22e-0ef6d2720750,hermes,long,113,37,37,1.0,0.5050503676915733,0.777154310292535,0.9495576120142125,38.96551355269026,47.609592470860164,73.26001992457779
hermes:006905:b92751ee-77ee-4558-a22e-0ef6d2720750,hermes,long,114,37,37,1.0,0.5050503676915733,0.777154310292535,0.9495576120142125,38.96551355269026,47.609592470860164,73.26001992457779
hermes:006905:b92751ee-77ee-4558-a22e-0ef6d2720750,hermes,long,115,37,37,1.0,0.5687156947325847,0.7866350822229881,0.9554203903412918,38.726408159221926,47.035786778591174,65.05886920774665
hermes:006905:b92751ee-77ee-4558-a22e-0ef6d2720750,hermes,long,116,37,37,1.0,0.5687156947325847,0.7866350822229881,0.9554203903412918,38.726408159221926,47.035786778591174,65.05886920774665
hermes:006905:b92751ee-77ee-4558-a22e-0ef6d2720750,hermes,long,117,37,37,1.0,0.5772566216124875,0.7943437932083878,0.9602616020239739,38.5311668424666,46.57932788843915,64.09627644745859
hermes:006905:b92751ee-77ee-4558-a22e-0ef6d2720750,hermes,long,118,37,37,1.0,0.5772566216124875,0.7943437932083878,0.9602616020239739,38.5311668424666,46.57932788843915,64.09627644745859
hermes:006905:b92751ee-77ee-4558-a22e-0ef6d2720750,hermes,long,119,37,37,1.0,0.595663735012507,0.7881380396938663,0.9619402322567681,38.46392817274711,46.94609083247876,62.115582710811026
terminalbench:000452:caffe-cifar-10,terminalbench,long,1,0,55,0.0,0.0,0.0,0.0,0.9999016266082511,4.998209150101614,23.018392050442273
terminalbench:000452:caffe-cifar-10,terminalbench,long,2,1,55,0.01818181818181818,0.03870074004087085,0.21499896729182508,0.42596109783557623,2.3476322252930397,4.651185131706551,25.839299169574687
terminalbench:000452:caffe-cifar-10,terminalbench,long,3,1,55,0.01818181818181818,0.04586571250415526,0.32340253578670825,0.5440719163791831,1.8379923129556728,3.09212170389265,21.80277914377551
terminalbench:000452:caffe-cifar-10,terminalbench,long,4,1,55,0.01818181818181818,0.046514585938493794,0.32074583658609235,0.5404434006807806,1.8503325209269454,3.117733376194852,21.498632736886
terminalbench:000452:caffe-cifar-10,terminalbench,long,5,1,55,0.01818181818181818,0.03720325105907192,0.2409991588726003,0.4237337631172244,2.359972433264313,4.149392075383265,26.87937133268767
terminalbench:000452:caffe-cifar-10,terminalbench,long,6,2,55,0.03636363636363636,0.07595836463964481,0.3997980940102776,0.7217029526795169,2.7712232471468496,5.00252509945329,26.330214051977414
terminalbench:000452:caffe-cifar-10,terminalbench,long,7,2,55,0.03636363636363636,0.07595836463964481,0.4068429969217458,0.7217029526795169,2.7712232471468496,4.915901257075564,26.330214051977414
terminalbench:000452:caffe-cifar-10,terminalbench,long,8,2,55,0.03636363636363636,0.07433694866435146,0.4011460195521383,0.7181513233360807,2.784928377920762,4.985715680870799,26.90452104821336
terminalbench:000452:caffe-cifar-10,terminalbench,long,9,2,55,0.03636363636363636,0.07337462528048018,0.3942953721518866,0.7181513233360807,2.784928377920762,5.072339523248525,27.25737940541223
terminalbench:000452:caffe-cifar-10,terminalbench,long,10,2,55,0.03636363636363636,0.07675255452361585,0.40145085092041083,0.8081399591263494,2.474818844698791,4.98192990602605,26.057764623125657
terminalbench:000452:caffe-cifar-10,terminalbench,long,11,2,55,0.03636363636363636,0.07675255452361585,0.40599632179100165,0.8081399591263494,2.474818844698791,4.926153003498287,26.057764623125657
terminalbench:000452:caffe-cifar-10,terminalbench,long,12,2,55,0.03636363636363636,0.08157168565368024,0.3840560275674229,0.8834696787979025,2.263801518034337,5.207573521675533,24.518311519160896
terminalbench:000452:caffe-cifar-10,terminalbench,long,13,2,55,0.03636363636363636,0.08157168565368024,0.3840560275674229,0.8834696787979025,2.263801518034337,5.207573521675533,24.518311519160896
terminalbench:000452:caffe-cifar-10,terminalbench,long,14,3,55,0.05454545454545454,0.10352746638005243,0.43611342839220474,0.691802487957007,4.33649784761462,6.878944340374783,28.9778172392137
terminalbench:000452:caffe-cifar-10,terminalbench,long,15,3,55,0.05454545454545454,0.10352746638005243,0.43611342839220474,0.691802487957007,4.33649784761462,6.878944340374783,28.9778172392137
terminalbench:000452:caffe-cifar-10,terminalbench,long,16,4,55,0.07272727272727272,0.11876898796115824,0.4203536556802441,0.8024269621935624,4.984877363872919,9.51579686758507,33.678825328613094
terminalbench:000452:caffe-cifar-10,terminalbench,long,17,5,55,0.09090909090909091,0.11932903843535729,0.39642072626254427,0.8028295528244974,6.227972030188861,12.612862216211585,41.900949388011625
terminalbench:000452:caffe-cifar-10,terminalbench,long,18,5,55,0.09090909090909091,0.11932903843535729,0.39642072626254427,0.8028295528244974,6.227972030188861,12.612862216211585,41.900949388011625
terminalbench:000452:caffe-cifar-10,terminalbench,long,19,5,55,0.09090909090909091,0.11932903843535729,0.3999228831929555,0.841621382838631,5.940913695818823,12.502410364919257,41.900949388011625
terminalbench:000452:caffe-cifar-10,terminalbench,long,20,6,55,0.10909090909090909,0.1317199123673392,0.45639584328628713,0.8528208638838123,7.035475155562605,13.146482572665175,45.55119945166118
terminalbench:000452:caffe-cifar-10,terminalbench,long,21,7,55,0.12727272727272726,0.12701205992491854,0.460702533195445,0.8514271920809693,8.221489829202344,15.194186043319132,55.112876715313135
terminalbench:000452:caffe-cifar-10,terminalbench,long,22,8,55,0.14545454545454545,0.14613371020156773,0.459791385246152,0.8828839742148974,9.061213289225215,17.399195062598125,54.74438436528641
terminalbench:000452:caffe-cifar-10,terminalbench,long,23,8,55,0.14545454545454545,0.14613371020156773,0.459791385246152,0.8828839742148974,9.061213289225215,17.399195062598125,54.74438436528641
terminalbench:000452:caffe-cifar-10,terminalbench,long,24,8,55,0.14545454545454545,0.14925144268164933,0.4621867931763273,0.939058697897442,8.519169268025575,17.309019033237384,53.60082191676939
terminalbench:000452:caffe-cifar-10,terminalbench,long,25,8,55,0.14545454545454545,0.14925144268164933,0.4621867931763273,0.939058697897442,8.519169268025575,17.309019033237384,53.60082191676939
terminalbench:000452:caffe-cifar-10,terminalbench,long,26,8,55,0.14545454545454545,0.16474333744731115,0.5462659406145817,0.9912403384598198,8.070696570349757,14.644881558970205,48.560385651763255
terminalbench:000452:caffe-cifar-10,terminalbench,long,27,8,55,0.14545454545454545,0.16474333744731115,0.5462659406145817,0.9912403384598198,8.070696570349757,14.644881558970205,48.560385651763255
terminalbench:000452:caffe-cifar-10,terminalbench,long,28,8,55,0.14545454545454545,0.19133138289451745,0.5833346473019676,0.9996986921394596,8.00241118939464,13.714254822684548,41.81227292132449
terminalbench:000452:caffe-cifar-10,terminalbench,long,29,8,55,0.14545454545454545,0.19133138289451745,0.5833346473019676,0.9996986921394596,8.00241118939464,13.714254822684548,41.81227292132449
terminalbench:000452:caffe-cifar-10,terminalbench,long,30,8,55,0.14545454545454545,0.21833975333439065,0.646730872829625,1.0,8.0,12.369905838881333,36.64014398581773
terminalbench:000452:caffe-cifar-10,terminalbench,long,31,8,55,0.14545454545454545,0.21833975333439065,0.646730872829625,1.0,8.0,12.369905838881333,36.64014398581773
terminalbench:000452:caffe-cifar-10,terminalbench,long,32,9,55,0.16363636363636364,0.2015285836651525,0.5358167024240901,0.8998171610233352,10.002031956986205,16.796788825885926,44.65867737627654
terminalbench:000452:caffe-cifar-10,terminalbench,long,33,9,55,0.16363636363636364,0.2015285836651525,0.5502237495239155,0.8998171610233352,10.002031956986205,16.35698206009338,44.65867737627654
terminalbench:000452:caffe-cifar-10,terminalbench,long,34,10,55,0.18181818181818182,0.21641242114740597,0.5677467765916354,0.91599395673738,10.917102592705259,17.613486174299716,46.20806858950418
terminalbench:000452:caffe-cifar-10,terminalbench,long,35,10,55,0.18181818181818182,0.21641242114740597,0.5624427850026205,0.91599395673738,10.917102592705259,17.779586238186717,46.20806858950418
terminalbench:000452:caffe-cifar-10,terminalbench,long,36,10,55,0.18181818181818182,0.2220050280211913,0.5684346885351421,0.9428421311967263,10.60622947269788,17.592170572436437,45.04402485445266
terminalbench:000452:caffe-cifar-10,terminalbench,long,37,10,55,0.18181818181818182,0.22107148980098568,0.5679279238349936,0.9428421311967263,10.60622947269788,17.607868147200683,45.234236259963964
terminalbench:000452:caffe-cifar-10,terminalbench,long,38,11,55,0.2,0.23345760229938123,0.5785489881339497,0.9138434183884934,12.037073068160652,19.013083119338553,47.117763104128116
terminalbench:000452:caffe-cifar-10,terminalbench,long,39,11,55,0.2,0.2345001898995994,0.5852529798003262,0.9138434183884934,12.037073068160652,18.79529089070666,46.90827757840887
terminalbench:000452:caffe-cifar-10,terminalbench,long,40,12,55,0.21818181818181817,0.23691143317757912,0.5837319154984173,0.9184306159391883,13.065766527968783,20.5573820471232,50.65183996842099
terminalbench:000452:caffe-cifar-10,terminalbench,long,41,12,55,0.21818181818181817,0.23817364542776318,0.5905269986793441,0.9184306159391883,13.065766527968783,20.32083211578273,50.38340819971006
terminalbench:000452:caffe-cifar-10,terminalbench,long,42,12,55,0.21818181818181817,0.2459276802688304,0.5931237988411848,0.9377729261771864,12.796274732432053,20.23186394382588,48.79483263893867
terminalbench:000452:caffe-cifar-10,terminalbench,long,43,12,55,0.21818181818181817,0.24664039320333062,0.5884134577243032,0.9377729261771864,12.796274732432053,20.393823156951846,48.65383096477302
terminalbench:000452:caffe-cifar-10,terminalbench,long,44,13,55,0.23636363636363636,0.24345734112098705,0.5947573177073354,0.9262949247807024,14.034407025470545,21.857654564238523,53.39744507248028
terminalbench:000452:caffe-cifar-10,terminalbench,long,45,13,55,0.23636363636363636,0.24345734112098705,0.5947573177073354,0.9262949247807024,14.034407025470545,21.857654564238523,53.39744507248028
terminalbench:000452:caffe-cifar-10,terminalbench,long,46,13,55,0.23636363636363636,0.24629026641575438,0.6123453944288104,0.9437161721280749,13.775328201364898,21.22984857610674,52.783247138379124
terminalbench:000452:caffe-cifar-10,terminalbench,long,47,13,55,0.23636363636363636,0.24012227298572553,0.6183621467852243,0.9437161721280749,13.775328201364898,21.023279105270475,54.13908438544894
terminalbench:000452:caffe-cifar-10,terminalbench,long,48,13,55,0.23636363636363636,0.25038244382343844,0.6885848155838964,0.9897729551148318,13.134325334734735,18.87930100372086,51.92057318989656
terminalbench:000452:caffe-cifar-10,terminalbench,long,49,13,55,0.23636363636363636,0.24770559592757996,0.687214986719263,0.9897729551148318,13.134325334734735,18.916933203190872,52.48165650565571
terminalbench:000452:caffe-cifar-10,terminalbench,long,50,13,55,0.23636363636363636,0.2810612153361614,0.7165468732489851,0.9966321005322594,13.043930647083558,18.142567479298414,46.25326900565571
terminalbench:000452:caffe-cifar-10,terminalbench,long,51,13,55,0.23636363636363636,0.29124998625732346,0.7043430748496737,0.9966321005322594,13.043930647083558,18.456914626121026,44.63519523916584
terminalbench:000452:caffe-cifar-10,terminalbench,long,52,13,55,0.23636363636363636,0.32631582771288,0.7334810072731265,0.9976913566470254,13.030081811763443,17.723703642075613,39.838705008935364
terminalbench:000452:caffe-cifar-10,terminalbench,long,53,14,55,0.2545454545454545,0.25175710709380694,0.6151003910610281,0.9354118787425418,14.966669034415043,22.760512273208697,55.6091550368168
terminalbench:000452:caffe-cifar-10,terminalbench,long,54,14,55,0.2545454545454545,0.25175710709380694,0.6151003910610281,0.9354118787425418,14.966669034415043,22.760512273208697,55.6091550368168
terminalbench:000452:caffe-cifar-10,terminalbench,long,55,15,55,0.2727272727272727,0.25887197738303935,0.6296124556053224,0.9397428915608841,15.96181267738611,23.824179249406193,57.9436992432954
terminalbench:000452:caffe-cifar-10,terminalbench,long,56,15,55,0.2727272727272727,0.25887197738303935,0.6296124556053224,0.9397428915608841,15.96181267738611,23.824179249406193,57.9436992432954
terminalbench:000452:caffe-cifar-10,terminalbench,long,57,16,55,0.2909090909090909,0.2680073709103347,0.6479106700426509,0.95422123543445,16.767600013340004,24.694762318000947,59.6998505886355
terminalbench:000452:caffe-cifar-10,terminalbench,long,58,16,55,0.2909090909090909,0.2680073709103347,0.6490864568875568,0.95422123543445,16.767600013340004,24.6500290218992,59.6998505886355
terminalbench:000452:caffe-cifar-10,terminalbench,long,59,17,55,0.3090909090909091,0.272401989617333,0.6449212772616123,0.9389574154854061,18.10518743409852,26.359806381615087,62.4077673730702
terminalbench:000452:caffe-cifar-10,terminalbench,long,60,17,55,0.3090909090909091,0.272401989617333,0.646017586375568,0.9389574154854061,18.10518743409852,26.31507308551334,62.4077673730702
terminalbench:000452:caffe-cifar-10,terminalbench,long,61,18,55,0.32727272727272727,0.2862643078566033,0.6659414864584082,0.946970263893972,19.00798862044878,27.029401780818773,62.87895314220114
terminalbench:000452:caffe-cifar-10,terminalbench,long,62,18,55,0.32727272727272727,0.29162484867870625,0.6659414864584082,0.946970263893972,19.00798862044878,27.029401780818773,61.72313532798866
terminalbench:000452:caffe-cifar-10,terminalbench,long,63,18,55,0.32727272727272727,0.30087886626681976,0.6839484416345781,0.9503239231367723,18.94091010630005,26.31777324761724,59.82474017978244
terminalbench:000452:caffe-cifar-10,terminalbench,long,64,18,55,0.32727272727272727,0.3063243923926687,0.6839484416345781,0.9503239231367723,18.94091010630005,26.31777324761724,58.761236280936785
terminalbench:000452:caffe-cifar-10,terminalbench,long,65,19,55,0.34545454545454546,0.3042932091237499,0.6747347958234009,0.9506086516536348,19.987194485289482,28.159211763806667,62.43977660465332
terminalbench:000452:caffe-cifar-10,terminalbench,long,66,19,55,0.34545454545454546,0.3006612960990797,0.6747347958234009,0.9506086516536348,19.987194485289482,28.159211763806667,63.194033440668576
terminalbench:000452:caffe-cifar-10,terminalbench,long,67,19,55,0.34545454545454546,0.3155233893082959,0.6920032705556481,0.9506086516536348,19.987194485289482,27.456517632848524,60.21740588440251
terminalbench:000452:caffe-cifar-10,terminalbench,long,68,19,55,0.34545454545454546,0.30682541549309184,0.6920032705556481,0.9506086516536348,19.987194485289482,27.456517632848524,61.92446596858852
terminalbench:000452:caffe-cifar-10,terminalbench,long,69,20,55,0.36363636363636365,0.3217281194663111,0.6779436106019607,0.949320460701036,21.067701401095665,29.50097867614914,62.164289628076006
terminalbench:000452:caffe-cifar-10,terminalbench,long,70,20,55,0.36363636363636365,0.3113836119101972,0.6779436106019607,0.949320460701036,21.067701401095665,29.50097867614914,64.2294559990138
terminalbench:000452:caffe-cifar-10,terminalbench,long,71,20,55,0.36363636363636365,0.3295861007358747,0.6908814095054902,0.949320460701036,21.067701401095665,28.948528249320432,60.68217062353517
terminalbench:000452:caffe-cifar-10,terminalbench,long,72,20,55,0.36363636363636365,0.3187386263382255,0.6908814095054902,0.949320460701036,21.067701401095665,28.948528249320432,62.747336994472874
terminalbench:000452:caffe-cifar-10,terminalbench,long,73,20,55,0.36363636363636365,0.3541246715458723,0.7523279420872686,0.9928752064599462,20.143518409840386,26.584151513117718,56.477284998792456
terminalbench:000452:caffe-cifar-10,terminalbench,long,74,20,55,0.36363636363636365,0.36320303698257095,0.7523279420872686,0.9928752064599462,20.143518409840386,26.584151513117718,55.065618850978225
terminalbench:000452:caffe-cifar-10,terminalbench,long,75,20,55,0.36363636363636365,0.3600358999142632,0.7712667167183076,0.994570772438177,20.109177299640795,25.931366629042117,55.55001599774545
terminalbench:000452:caffe-cifar-10,terminalbench,long,76,20,55,0.36363636363636365,0.3600358999142632,0.7712667167183076,0.994570772438177,20.109177299640795,25.931366629042117,55.55001599774545
terminalbench:000452:caffe-cifar-10,terminalbench,long,77,20,55,0.36363636363636365,0.39187435976808366,0.7941930781724048,0.9949480878068009,20.101551271973097,25.182793138947964,51.03676599774545
terminalbench:000452:caffe-cifar-10,terminalbench,long,78,20,55,0.36363636363636365,0.39187435976808366,0.7941930781724048,0.9949480878068009,20.101551271973097,25.182793138947964,51.03676599774545
terminalbench:000452:caffe-cifar-10,terminalbench,long,79,20,55,0.36363636363636365,0.4377206661059074,0.8177329811211987,0.99835918220824,20.032870289991838,24.457861504592707,45.69123998171236
terminalbench:000452:caffe-cifar-10,terminalbench,long,80,20,55,0.36363636363636365,0.4516755304607075,0.8177329811211987,0.99835918220824,20.032870289991838,24.457861504592707,44.27957383389813
terminalbench:000452:caffe-cifar-10,terminalbench,long,81,20,55,0.36363636363636365,0.48969490711981406,0.8833184543277783,0.9983904289856008,20.032243318198365,22.641890817531227,40.84175618168433
terminalbench:000452:caffe-cifar-10,terminalbench,long,82,20,55,0.36363636363636365,0.47516313375548475,0.886232684724981,0.9983904289856008,20.032243318198365,22.567436684200466,42.09080751262964
terminalbench:000452:caffe-cifar-10,terminalbench,long,83,20,55,0.36363636363636365,0.5332285996776044,0.89921104971947,0.999033691258727,20.01934486794045,22.241719567658194,37.507365531579154
terminalbench:000452:caffe-cifar-10,terminalbench,long,84,20,55,0.36363636363636365,0.5160435772724649,0.89921104971947,0.999033691258727,20.01934486794045,22.241719567658194,38.75641686252446
terminalbench:000452:caffe-cifar-10,terminalbench,long,85,20,55,0.36363636363636365,0.5370482145277076,0.911562114154122,0.999033691258727,20.01934486794045,21.940358961230928,37.240604212023044
terminalbench:000452:caffe-cifar-10,terminalbench,long,86,20,55,0.36363636363636365,0.5370482145277076,0.911562114154122,0.999033691258727,20.01934486794045,21.940358961230928,37.240604212023044
terminalbench:000452:caffe-cifar-10,terminalbench,long,87,21,55,0.38181818181818183,0.30133132535064056,0.6888354974754495,0.9544611370836521,22.001943488412028,30.486233762580525,69.69072988201145
terminalbench:000452:caffe-cifar-10,terminalbench,long,88,22,55,0.4,0.31419214163672743,0.6964419579006847,0.944678409219219,23.288348484838455,31.58913639596838,70.02084738782759
terminalbench:000452:caffe-cifar-10,terminalbench,long,89,22,55,0.4,0.31419214163672743,0.6964419579006847,0.944678409219219,23.288348484838455,31.58913639596838,70.02084738782759
terminalbench:000452:caffe-cifar-10,terminalbench,long,90,23,55,0.41818181818181815,0.3178914231924011,0.7063252011865853,0.9576321440904294,24.01757307535419,32.56290439780619,72.35174755274679
terminalbench:000452:caffe-cifar-10,terminalbench,long,91,23,55,0.41818181818181815,0.3184409631260197,0.706336057880011,0.9576321440904294,24.01757307535419,32.56240389175648,72.2268886961568
terminalbench:000452:caffe-cifar-10,terminalbench,long,92,23,55,0.41818181818181815,0.32395986647992986,0.7208438072648395,0.9576321440904294,24.01757307535419,31.90705083153992,70.99644857220272
terminalbench:000452:caffe-cifar-10,terminalbench,long,93,23,55,0.41818181818181815,0.32395986647992986,0.7208438072648395,0.9576321440904294,24.01757307535419,31.90705083153992,70.99644857220272
terminalbench:000452:caffe-cifar-10,terminalbench,long,94,23,55,0.41818181818181815,0.36826571615667997,0.7660231488444693,0.9829288938794755,23.3994545721638,30.025202286242973,62.454904138333006
terminalbench:000452:caffe-cifar-10,terminalbench,long,95,23,55,0.41818181818181815,0.36826571615667997,0.7660231488444693,0.9829288938794755,23.3994545721638,30.025202286242973,62.454904138333006
terminalbench:000452:caffe-cifar-10,terminalbench,long,96,23,55,0.41818181818181815,0.3738157650408686,0.785803792894553,0.9926757566197953,23.16970052569666,29.26939295530528,61.52763513728601
terminalbench:000452:caffe-cifar-10,terminalbench,long,97,23,55,0.41818181818181815,0.3738157650408686,0.785803792894553,0.9926757566197953,23.16970052569666,29.26939295530528,61.52763513728601
terminalbench:000452:caffe-cifar-10,terminalbench,long,98,24,55,0.43636363636363634,0.3254815330063237,0.7129608813208715,0.9596135866701299,25.010066899198744,33.66243594674682,73.73690230079416
terminalbench:000452:caffe-cifar-10,terminalbench,long,99,24,55,0.43636363636363634,0.3254815330063237,0.7129608813208715,0.9596135866701299,25.010066899198744,33.66243594674682,73.73690230079416
terminalbench:000452:caffe-cifar-10,terminalbench,long,100,25,55,0.45454545454545453,0.3261260881747253,0.7214070060801347,0.9598059078746818,26.04693281723804,34.65450125836866,76.65746748418974
terminalbench:000452:caffe-cifar-10,terminalbench,long,101,26,55,0.4727272727272727,0.33509077477747273,0.7271805164433682,0.9772309954254028,26.60578729257541,35.75453331335898,77.59091552808667
terminalbench:000452:caffe-cifar-10,terminalbench,long,102,26,55,0.4727272727272727,0.33509077477747273,0.7271805164433682,0.9772309954254028,26.60578729257541,35.75453331335898,77.59091552808667
terminalbench:000452:caffe-cifar-10,terminalbench,long,103,27,55,0.4909090909090909,0.3457663658969928,0.7424988004286086,0.9521205680189068,28.35775311122556,36.36369511225366,78.08741006360222
terminalbench:000452:caffe-cifar-10,terminalbench,long,104,27,55,0.4909090909090909,0.3457663658969928,0.7424988004286086,0.9521205680189068,28.35775311122556,36.36369511225366,78.08741006360222
terminalbench:000452:caffe-cifar-10,terminalbench,long,105,27,55,0.4909090909090909,0.34939331975297827,0.7539531294478828,0.9521205680189068,28.35775311122556,35.811244685424946,77.27680660605947
terminalbench:000452:caffe-cifar-10,terminalbench,long,106,27,55,0.4909090909090909,0.34939331975297827,0.7539531294478828,0.9521205680189068,28.35775311122556,35.811244685424946,77.27680660605947
terminalbench:000452:caffe-cifar-10,terminalbench,long,107,27,55,0.4909090909090909,0.39264582775526524,0.795770130670476,0.9607681541249331,28.102513477449282,33.929396140128,68.76426054074616
terminalbench:000452:caffe-cifar-10,terminalbench,long,108,27,55,0.4909090909090909,0.39264582775526524,0.795770130670476,0.9607681541249331,28.102513477449282,33.929396140128,68.76426054074616
terminalbench:000452:caffe-cifar-10,terminalbench,long,109,27,55,0.4909090909090909,0.4000125790195753,0.8150203674271089,0.967489758387357,27.907272160693946,33.128006463488454,67.49787735719858
terminalbench:000452:caffe-cifar-10,terminalbench,long,110,27,55,0.4909090909090909,0.4000125790195753,0.8150203674271089,0.967489758387357,27.907272160693946,33.128006463488454,67.49787735719858
terminalbench:000452:caffe-cifar-10,terminalbench,long,111,28,55,0.509090909090909,0.34798119546566436,0.7342317876058148,0.9502139877425702,29.46704675072169,38.13509639960221,80.46411807549177
terminalbench:000452:caffe-cifar-10,terminalbench,long,112,28,55,0.509090909090909,0.34798119546566436,0.7342317876058148,0.9502139877425702,29.46704675072169,38.13509639960221,80.46411807549177
terminalbench:000452:caffe-cifar-10,terminalbench,long,113,29,55,0.5272727272727272,0.3575394507603369,0.7542844941256147,0.9596816038824547,30.218355632408294,38.44703189029163,81.1099304939053
terminalbench:000452:caffe-cifar-10,terminalbench,long,114,29,55,0.5272727272727272,0.35726686747042397,0.7542746749271126,0.9596816038824547,30.218355632408294,38.447532396341344,81.17181479864135
terminalbench:000452:caffe-cifar-10,terminalbench,long,115,30,55,0.5454545454545454,0.36277869027233717,0.7542274078271759,0.9625416183487895,31.167483491741454,39.77580195133166,82.69504467718065
terminalbench:000452:caffe-cifar-10,terminalbench,long,116,31,55,0.5636363636363636,0.36874953923459486,0.7556226264205845,0.9533883357592198,32.51560653436515,41.025769896341345,84.06790165581225
terminalbench:000452:caffe-cifar-10,terminalbench,long,117,31,55,0.5636363636363636,0.36874953923459486,0.7556226264205845,0.9533883357592198,32.51560653436515,41.025769896341345,84.06790165581225
terminalbench:000452:caffe-cifar-10,terminalbench,long,118,31,55,0.5636363636363636,0.372339730820671,0.7659366814069054,0.9533883357592198,32.51560653436515,40.47331946951263,83.2572981982695
terminalbench:000452:caffe-cifar-10,terminalbench,long,119,31,55,0.5636363636363636,0.372339730820671,0.7659366814069054,0.9533883357592198,32.51560653436515,40.47331946951263,83.2572981982695
terminalbench:000452:caffe-cifar-10,terminalbench,long,120,31,55,0.5636363636363636,0.4270037883618688,0.7911346705860829,0.9604510682454553,32.27650114089681,39.18422634294967,72.59888751555695
terminalbench:000452:caffe-cifar-10,terminalbench,long,121,31,55,0.5636363636363636,0.4270037883618688,0.7911346705860829,0.9604510682454553,32.27650114089681,39.18422634294967,72.59888751555695
terminalbench:000452:caffe-cifar-10,terminalbench,long,122,31,55,0.5636363636363636,0.4345844897820197,0.8076526565638057,0.9662962168546815,32.08125982414148,38.3828366663101,71.33250433200936
terminalbench:000452:caffe-cifar-10,terminalbench,long,123,31,55,0.5636363636363636,0.4345844897820197,0.8076526565638057,0.9662962168546815,32.08125982414148,38.3828366663101,71.33250433200936
terminalbench:000452:caffe-cifar-10,terminalbench,long,124,32,55,0.5818181818181818,0.3739182167877972,0.7729407419986318,0.9590989632509408,33.36464872356186,41.40032768521942,85.58021129567047
terminalbench:000452:caffe-cifar-10,terminalbench,long,125,32,55,0.5818181818181818,0.37418879819050066,0.7729500865187373,0.9590989632509408,33.36464872356186,41.39982717916971,85.51832699093441
terminalbench:000452:caffe-cifar-10,terminalbench,long,126,32,55,0.5818181818181818,0.377769566518756,0.7834040407054063,0.9590989632509408,33.36464872356186,40.847376752340985,84.70772353339169
terminalbench:000452:caffe-cifar-10,terminalbench,long,127,32,55,0.5818181818181818,0.377769566518756,0.7834040407054063,0.9590989632509408,33.36464872356186,40.847376752340985,84.70772353339169
terminalbench:000452:caffe-cifar-10,terminalbench,long,128,33,55,0.6,0.3785547649688984,0.7520036747278107,0.9634558222230394,34.25170022207881,43.88276428561924,87.17364844875547
terminalbench:000452:caffe-cifar-10,terminalbench,long,129,34,55,0.6181818181818182,0.38771214053933933,0.7511278993796803,0.9652516660370918,35.223974426886386,45.26526045441653,87.69392661448057
terminalbench:000452:caffe-cifar-10,terminalbench,long,130,34,55,0.6181818181818182,0.38771214053933933,0.7511278993796803,0.9652516660370918,35.223974426886386,45.26526045441653,87.69392661448057
terminalbench:000452:caffe-cifar-10,terminalbench,long,131,35,55,0.6363636363636364,0.3918277015661206,0.7501871602890056,0.9549171619326084,36.652393940816054,46.65502404295541,89.32497590166881
terminalbench:000452:caffe-cifar-10,terminalbench,long,132,35,55,0.6363636363636364,0.3918277015661206,0.7501871602890056,0.9549171619326084,36.652393940816054,46.65502404295541,89.32497590166881
terminalbench:000452:caffe-cifar-10,terminalbench,long,133,35,55,0.6363636363636364,0.39541601023148476,0.7556591126430814,0.9549171619326084,36.652393940816054,46.31718113949545,88.51437244412605
terminalbench:000452:caffe-cifar-10,terminalbench,long,134,35,55,0.6363636363636364,0.39541601023148476,0.7556591126430814,0.9549171619326084,36.652393940816054,46.31718113949545,88.51437244412605
terminalbench:000452:caffe-cifar-10,terminalbench,long,135,35,55,0.6363636363636364,0.4432274854458789,0.7741279487741901,0.9611875608128599,36.41328854734772,45.2121642881148,78.96622197242715
terminalbench:000452:caffe-cifar-10,terminalbench,long,136,36,55,0.6545454545454545,0.4014618931297052,0.7385273909428296,0.9501965185911752,37.886899494618234,48.74565309492605,89.67227180480873
terminalbench:000452:caffe-cifar-10,terminalbench,long,137,36,55,0.6545454545454545,0.4014618931297052,0.7385273909428296,0.9501965185911752,37.886899494618234,48.74565309492605,89.67227180480873
terminalbench:000452:caffe-cifar-10,terminalbench,long,138,37,55,0.6727272727272727,0.39597483980906034,0.7303913981757112,0.9492773913162165,38.97701592650154,50.657770741022425,93.44028024063715
terminalbench:000452:caffe-cifar-10,terminalbench,long,139,37,55,0.6727272727272727,0.39597483980906034,0.7303913981757112,0.9492773913162165,38.97701592650154,50.657770741022425,93.44028024063715
terminalbench:000452:caffe-cifar-10,terminalbench,long,140,37,55,0.6727272727272727,0.39944002057397615,0.7337945857941574,0.9492773913162165,38.97701592650154,50.42283047095031,92.62967678309442
terminalbench:000452:caffe-cifar-10,terminalbench,long,141,37,55,0.6727272727272727,0.39944002057397615,0.7337945857941574,0.9492773913162165,38.97701592650154,50.42283047095031,92.62967678309442
terminalbench:000452:caffe-cifar-10,terminalbench,long,142,37,55,0.6727272727272727,0.44594320863463494,0.745635968236576,0.9551366991889967,38.7379105330332,49.622069717887605,82.97020625851579
terminalbench:000452:caffe-cifar-10,terminalbench,long,143,37,55,0.6727272727272727,0.44594320863463494,0.745635968236576,0.9551366991889967,38.7379105330332,49.622069717887605,82.97020625851579
terminalbench:000452:caffe-cifar-10,terminalbench,long,144,38,55,0.6909090909090909,0.3994432357645071,0.7379083614026901,0.9619584568477801,39.502745393518694,51.496909355744116,95.13241581690724
terminalbench:000452:caffe-cifar-10,terminalbench,long,145,38,55,0.6909090909090909,0.3994432357645071,0.7379083614026901,0.9619584568477801,39.502745393518694,51.496909355744116,95.13241581690724
terminalbench:000452:caffe-cifar-10,terminalbench,long,146,39,55,0.7090909090909091,0.4069197894146618,0.7341219368331469,0.9593920851656423,40.65074186354843,53.124689568926506,95.84198413181127
terminalbench:000452:caffe-cifar-10,terminalbench,long,147,39,55,0.7090909090909091,0.4069197894146618,0.7341219368331469,0.9593920851656423,40.65074186354843,53.124689568926506,95.84198413181127
terminalbench:000452:caffe-cifar-10,terminalbench,long,148,40,55,0.7272727272727273,0.4141130380489465,0.7327580602333821,0.958879312376391,41.71536447153916,54.58827704639656,96.59198413181127
terminalbench:000452:caffe-cifar-10,terminalbench,long,149,40,55,0.7272727272727273,0.4141130380489465,0.7327580602333821,0.958879312376391,41.71536447153916,54.58827704639656,96.59198413181127
terminalbench:000452:caffe-cifar-10,terminalbench,long,150,41,55,0.7454545454545455,0.4199853794587724,0.7256454589668396,0.9376067184668051,43.72835560206319,56.5014215873066,97.62244593570367
terminalbench:000452:caffe-cifar-10,terminalbench,long,151,41,55,0.7454545454545455,0.4199853794587724,0.7256454589668396,0.9376067184668051,43.72835560206319,56.5014215873066,97.62244593570367
terminalbench:000452:caffe-cifar-10,terminalbench,long,152,41,55,0.7454545454545455,0.4235019079328946,0.7300104615981695,0.9376067184668051,43.72835560206319,56.163578683846644,96.81184247816091
terminalbench:000452:caffe-cifar-10,terminalbench,long,153,41,55,0.7454545454545455,0.4235019079328946,0.7300104615981695,0.9376067184668051,43.72835560206319,56.163578683846644,96.81184247816091
terminalbench:000452:caffe-cifar-10,terminalbench,long,154,41,55,0.7454545454545455,0.4596717497204546,0.7372614325240522,0.9427617124541067,43.489250208594854,55.6112095266321,89.194082570734
terminalbench:000452:caffe-cifar-10,terminalbench,long,155,41,55,0.7454545454545455,0.4596717497204546,0.7372614325240522,0.9427617124541067,43.489250208594854,55.6112095266321,89.194082570734
terminalbench:000452:caffe-cifar-10,terminalbench,long,156,41,55,0.7454545454545455,0.47609599923664253,0.7451835418189552,0.9470132484711546,43.294008891839525,55.020002052005985,86.1170857678664
terminalbench:000452:caffe-cifar-10,terminalbench,long,157,41,55,0.7454545454545455,0.47609599923664253,0.7451835418189552,0.9470132484711546,43.294008891839525,55.020002052005985,86.1170857678664
terminalbench:000452:caffe-cifar-10,terminalbench,long,158,41,55,0.7454545454545455,0.4891813940714656,0.75028333040733,0.9484863150617588,43.22677022212004,54.64602282679136,83.81349024490947
terminalbench:000452:caffe-cifar-10,terminalbench,long,159,41,55,0.7454545454545455,0.4891813940714656,0.75028333040733,0.9484863150617588,43.22677022212004,54.64602282679136,83.81349024490947
terminalbench:000452:caffe-cifar-10,terminalbench,long,160,41,55,0.7454545454545455,0.4891813940714656,0.7540675248230762,0.9499059669759603,43.16216702009369,54.37178853395081,83.81349024490947
terminalbench:000452:caffe-cifar-10,terminalbench,long,161,41,55,0.7454545454545455,0.49772685659503824,0.7540675248230762,0.9499059669759603,43.16216702009369,54.37178853395081,82.37449809415955
terminalbench:000452:caffe-cifar-10,terminalbench,long,162,41,55,0.7454545454545455,0.49772685659503824,0.7851632102166255,0.9499059669759603,43.16216702009369,52.218442569014606,82.37449809415955
terminalbench:000452:caffe-cifar-10,terminalbench,long,163,41,55,0.7454545454545455,0.49772685659503824,0.7862843106175278,0.9499059669759603,43.16216702009369,52.14398843568383,82.37449809415955
terminalbench:000452:caffe-cifar-10,terminalbench,long,164,41,55,0.7454545454545455,0.5091009528203602,0.7862843106175278,0.9626599598552089,42.590324423762986,52.14398843568383,80.53412544774227
terminalbench:000452:caffe-cifar-10,terminalbench,long,165,41,55,0.7454545454545455,0.5091009528203602,0.7862843106175278,0.9626599598552089,42.590324423762986,52.14398843568383,80.53412544774227
terminalbench:000452:caffe-cifar-10,terminalbench,long,166,41,55,0.7454545454545455,0.5091009528203602,0.7875721305449292,0.9626599598552089,42.590324423762986,52.05872377890223,80.53412544774227
terminalbench:000452:caffe-cifar-10,terminalbench,long,167,41,55,0.7454545454545455,0.5091009528203602,0.7875721305449292,0.9626599598552089,42.590324423762986,52.05872377890223,80.53412544774227
terminalbench:000452:caffe-cifar-10,terminalbench,long,168,41,55,0.7454545454545455,0.5120107576211699,0.7966299288367686,0.9626599598552089,42.590324423762986,51.466808509024766,80.07644251556013
terminalbench:000452:caffe-cifar-10,terminalbench,long,169,41,55,0.7454545454545455,0.5120107576211699,0.7966299288367686,0.9626599598552089,42.590324423762986,51.466808509024766,80.07644251556013
terminalbench:000452:caffe-cifar-10,terminalbench,long,170,41,55,0.7454545454545455,0.5166985517977914,0.7969069651639363,0.9626599598552089,42.590324423762986,51.448916614206844,79.34994177426151
terminalbench:000452:caffe-cifar-10,terminalbench,long,171,41,55,0.7454545454545455,0.5166985517977914,0.7969069651639363,0.9626599598552089,42.590324423762986,51.448916614206844,79.34994177426151
terminalbench:000452:caffe-cifar-10,terminalbench,long,172,41,55,0.7454545454545455,0.5754889454747565,0.7969069651639363,0.9626599598552089,42.590324423762986,51.448916614206844,71.24376640488995
terminalbench:000452:caffe-cifar-10,terminalbench,long,173,41,55,0.7454545454545455,0.5754889454747565,0.7969069651639363,0.9626599598552089,42.590324423762986,51.448916614206844,71.24376640488995
terminalbench:000452:caffe-cifar-10,terminalbench,long,174,42,55,0.7636363636363637,0.42275681497590695,0.7433445504199124,0.9497890144093744,44.2203472169213,56.50138953231629,99.34789579298348
terminalbench:000452:caffe-cifar-10,terminalbench,long,175,42,55,0.7636363636363637,0.42275681497590695,0.7433445504199124,0.9497890144093744,44.2203472169213,56.50138953231629,99.34789579298348
terminalbench:000452:caffe-cifar-10,terminalbench,long,176,43,55,0.7818181818181819,0.40262836727113394,0.7472682088356174,0.96115719568918,44.7377392510365,57.54292701278164,106.79823751972094
terminalbench:000452:caffe-cifar-10,terminalbench,long,177,43,55,0.7818181818181819,0.40262836727113394,0.7472682088356174,0.96115719568918,44.7377392510365,57.54292701278164,106.79823751972094
terminalbench:000452:caffe-cifar-10,terminalbench,long,178,43,55,0.7818181818181819,0.409299476651179,0.751681440024193,0.96115719568918,44.7377392510365,57.20508410932168,105.0575494301115
terminalbench:000452:caffe-cifar-10,terminalbench,long,179,43,55,0.7818181818181819,0.409299476651179,0.751681440024193,0.96115719568918,44.7377392510365,57.20508410932168,105.0575494301115
terminalbench:000452:caffe-cifar-10,terminalbench,long,180,43,55,0.7818181818181819,0.4412981617739367,0.7579382310923564,0.9663218007464002,44.498633857568166,56.73285531200545,97.43978952268458
terminalbench:000452:caffe-cifar-10,terminalbench,long,181,43,55,0.7818181818181819,0.441018069865248,0.7577141072241383,0.9663218007464002,44.498633857568166,56.7496362942603,97.5016738274206
terminalbench:000452:caffe-cifar-10,terminalbench,long,182,43,55,0.7818181818181819,0.4894665570534301,0.7625121582564722,0.970580299474535,44.30339254081284,56.39254342950015,87.85074154781555
terminalbench:000452:caffe-cifar-10,terminalbench,long,183,43,55,0.7818181818181819,0.4894665570534301,0.7625121582564722,0.970580299474535,44.30339254081284,56.39254342950015,87.85074154781555
terminalbench:000452:caffe-cifar-10,terminalbench,long,184,43,55,0.7818181818181819,0.5046199293797152,0.7676667759383499,0.9720555752949144,44.23615387109335,56.01388694650667,85.21264717558046
terminalbench:000452:caffe-cifar-10,terminalbench,long,185,43,55,0.7818181818181819,0.5046199293797152,0.7676667759383499,0.9720555752949144,44.23615387109335,56.01388694650667,85.21264717558046
terminalbench:000452:caffe-cifar-10,terminalbench,long,186,43,55,0.7818181818181819,0.5046199293797152,0.7714436303931971,0.9734772573902997,44.171550669067,55.73965265366613,85.21264717558046
terminalbench:000452:caffe-cifar-10,terminalbench,long,187,43,55,0.7818181818181819,0.5132878586621865,0.7714436303931971,0.9734772573902997,44.171550669067,55.73965265366613,83.77365502483056
terminalbench:000452:caffe-cifar-10,terminalbench,long,188,43,55,0.7818181818181819,0.523993400169313,0.8024613704198632,0.9734772573902997,44.171550669067,53.5851339205295,82.06210228240627
terminalbench:000452:caffe-cifar-10,terminalbench,long,189,43,55,0.7818181818181819,0.5132878586621865,0.8035779057751163,0.9734772573902997,44.171550669067,53.510679787198725,83.77365502483056
terminalbench:000452:caffe-cifar-10,terminalbench,long,190,43,55,0.7818181818181819,0.5376547244644964,0.8035779057751163,0.9862451355927471,43.5997080727363,53.510679787198725,79.97697786963178
terminalbench:000452:caffe-cifar-10,terminalbench,long,191,43,55,0.7818181818181819,0.5263896862609719,0.8035779057751163,0.9862451355927471,43.5997080727363,53.510679787198725,81.68853061205607
terminalbench:000452:caffe-cifar-10,terminalbench,long,192,43,55,0.7818181818181819,0.5263896862609719,0.8048427139235793,0.9862451355927471,43.5997080727363,53.42658789861754,81.68853061205607
terminalbench:000452:caffe-cifar-10,terminalbench,long,193,43,55,0.7818181818181819,0.5263896862609719,0.8048427139235793,0.9862451355927471,43.5997080727363,53.42658789861754,81.68853061205607
terminalbench:000452:caffe-cifar-10,terminalbench,long,194,43,55,0.7818181818181819,0.5293555493777501,0.8136061122709619,0.9862451355927471,43.5997080727363,52.851127039811814,81.23084767987393
terminalbench:000452:caffe-cifar-10,terminalbench,long,195,43,55,0.7818181818181819,0.5293555493777501,0.8136061122709619,0.9862451355927471,43.5997080727363,52.851127039811814,81.23084767987393
terminalbench:000452:caffe-cifar-10,terminalbench,long,196,43,55,0.7818181818181819,0.541847324413584,0.8138816387448572,0.9862451355927471,43.5997080727363,52.83323514499388,79.35814769693084
terminalbench:000452:caffe-cifar-10,terminalbench,long,197,43,55,0.7818181818181819,0.5422701923207208,0.8141402273524007,0.9862451355927471,43.5997080727363,52.81645416273903,79.29626339219479
terminalbench:000452:caffe-cifar-10,terminalbench,long,198,43,55,0.7818181818181819,0.6040166713407404,0.8141402273524007,0.9862451355927471,43.5997080727363,52.81645416273903,71.19008802282323
terminalbench:000452:caffe-cifar-10,terminalbench,long,199,43,55,0.7818181818181819,0.6040166713407404,0.8141402273524007,0.9862451355927471,43.5997080727363,52.81645416273903,71.19008802282323
terminalbench:000452:caffe-cifar-10,terminalbench,long,200,43,55,0.7818181818181819,0.6115621974581318,0.8141402273524007,0.9955559845233988,43.191945675044416,52.81645416273903,70.31173636749159
terminalbench:000452:caffe-cifar-10,terminalbench,long,201,43,55,0.7818181818181819,0.6115621974581318,0.8141402273524007,0.9955559845233988,43.191945675044416,52.81645416273903,70.31173636749159
terminalbench:000452:caffe-cifar-10,terminalbench,long,202,43,55,0.7818181818181819,0.6115498339973224,0.8141402273524007,0.9955559845233988,43.191945675044416,52.81645416273903,70.31315783202105
terminalbench:000452:caffe-cifar-10,terminalbench,long,203,43,55,0.7818181818181819,0.6115498339973224,0.8141402273524007,0.9955559845233988,43.191945675044416,52.81645416273903,70.31315783202105
terminalbench:000452:caffe-cifar-10,terminalbench,long,204,43,55,0.7818181818181819,0.6293188544674451,0.8174340210679751,0.9955559845233988,43.191945675044416,52.60363392243037,68.32784318275087
terminalbench:000452:caffe-cifar-10,terminalbench,long,205,43,55,0.7818181818181819,0.6293188544674451,0.8174340210679751,0.9955559845233988,43.191945675044416,52.60363392243037,68.32784318275087
terminalbench:000452:caffe-cifar-10,terminalbench,long,206,44,55,0.8,0.4165005604864009,0.7515006329278302,0.9608306889134044,45.79370799423491,58.549518220067164,105.64211473957101
terminalbench:000452:caffe-cifar-10,terminalbench,long,207,44,55,0.8,0.4165005604864009,0.7515006329278302,0.9608306889134044,45.79370799423491,58.549518220067164,105.64211473957101
terminalbench:000452:caffe-cifar-10,terminalbench,long,208,45,55,0.8181818181818182,0.4231625458098495,0.7564883475879577,0.9521066457911169,47.263612956518074,59.48538420119922,106.34211473957103
terminalbench:000452:caffe-cifar-10,terminalbench,long,209,45,55,0.8181818181818182,0.4231625458098495,0.7564883475879577,0.9521066457911169,47.263612956518074,59.48538420119922,106.34211473957103
terminalbench:000452:caffe-cifar-10,terminalbench,long,210,46,55,0.8363636363636363,0.42286986880534816,0.7589685561585223,0.9439131279992393,48.733298261783546,60.608571497120344,108.7805100182589
terminalbench:000452:caffe-cifar-10,terminalbench,long,211,46,55,0.8363636363636363,0.42286986880534816,0.7589685561585223,0.9439131279992393,48.733298261783546,60.608571497120344,108.7805100182589
terminalbench:000452:caffe-cifar-10,terminalbench,long,212,47,55,0.8545454545454545,0.43206269204024705,0.7714148669129954,0.9644329786079184,48.733298261783546,60.92700830109997,108.7805100182589
terminalbench:000452:caffe-cifar-10,terminalbench,long,213,47,55,0.8545454545454545,0.43206269204024705,0.7714148669129954,0.9644329786079184,48.733298261783546,60.92700830109997,108.7805100182589
terminalbench:000452:caffe-cifar-10,terminalbench,long,214,47,55,0.8545454545454545,0.43530648026975793,0.7757162471465677,0.9644329786079184,48.733298261783546,60.58916539764002,107.96990656071617
terminalbench:000452:caffe-cifar-10,terminalbench,long,215,47,55,0.8545454545454545,0.43530648026975793,0.7757162471465677,0.9644329786079184,48.733298261783546,60.58916539764002,107.96990656071617
terminalbench:000452:caffe-cifar-10,terminalbench,long,216,47,55,0.8545454545454545,0.4516330096088466,0.781809630661501,0.9691882103827844,48.49419286831521,60.116936600323776,104.06679538483266
terminalbench:000452:caffe-cifar-10,terminalbench,long,217,47,55,0.8545454545454545,0.4513646013770434,0.7815914579945475,0.9691882103827844,48.49419286831521,60.13371758257864,104.12867968956868
terminalbench:000452:caffe-cifar-10,terminalbench,long,218,47,55,0.8545454545454545,0.4974716405552592,0.7839925880916891,0.9731060093473617,48.29895155155988,59.949546352730664,94.47774740996363
terminalbench:000452:caffe-cifar-10,terminalbench,long,219,47,55,0.8545454545454545,0.4974716405552592,0.7839925880916891,0.9731060093473617,48.29895155155988,59.949546352730664,94.47774740996363
terminalbench:000452:caffe-cifar-10,terminalbench,long,220,47,55,0.8545454545454545,0.5061823257562665,0.7889140173756268,0.9744625930068483,48.231712881840394,59.575567127516024,92.85191838687612
terminalbench:000452:caffe-cifar-10,terminalbench,long,221,47,55,0.8545454545454545,0.5061823257562665,0.7889140173756268,0.9744625930068483,48.231712881840394,59.575567127516024,92.85191838687612
terminalbench:000452:caffe-cifar-10,terminalbench,long,222,47,55,0.8545454545454545,0.5061823257562665,0.7925622874452077,0.9757695720674898,48.16710967981405,59.30133283467548,92.85191838687612
terminalbench:000452:caffe-cifar-10,terminalbench,long,223,47,55,0.8545454545454545,0.5061823257562665,0.7925622874452077,0.9757695720674898,48.16710967981405,59.30133283467548,92.85191838687612
terminalbench:000452:caffe-cifar-10,terminalbench,long,224,47,55,0.8545454545454545,0.5061823257562665,0.8224136332724572,0.9757695720674898,48.16710967981405,57.14885806669183,92.85191838687612
terminalbench:000452:caffe-cifar-10,terminalbench,long,225,47,55,0.8545454545454545,0.5061823257562665,0.8234864801194642,0.9757695720674898,48.16710967981405,57.074403933361054,92.85191838687612
terminalbench:000452:caffe-cifar-10,terminalbench,long,226,47,55,0.8545454545454545,0.5178105113353507,0.8234864801194642,0.9874931454331535,47.59526708348334,57.074403933361054,90.76679397410163
terminalbench:000452:caffe-cifar-10,terminalbench,long,227,47,55,0.8545454545454545,0.5178105113353507,0.8234864801194642,0.9874931454331535,47.59526708348334,57.074403933361054,90.76679397410163
terminalbench:000452:caffe-cifar-10,terminalbench,long,228,47,55,0.8545454545454545,0.5181637925810496,0.8249614621391228,0.9874931454331535,47.59526708348334,56.9723582943246,90.7049096693656
terminalbench:000452:caffe-cifar-10,terminalbench,long,229,47,55,0.8545454545454545,0.5181637925810496,0.8249614621391228,0.9874931454331535,47.59526708348334,56.9723582943246,90.7049096693656
terminalbench:000452:caffe-cifar-10,terminalbench,long,230,47,55,0.8545454545454545,0.47230705644440113,0.8333791775289986,0.9874931454331535,47.59526708348334,56.39689743551886,99.51153462288516
terminalbench:000452:caffe-cifar-10,terminalbench,long,231,47,55,0.8545454545454545,0.47230705644440113,0.8333791775289986,0.9874931454331535,47.59526708348334,56.39689743551886,99.51153462288516
terminalbench:000452:caffe-cifar-10,terminalbench,long,232,47,55,0.8545454545454545,0.5032600247281148,0.8336436506683311,0.9874931454331535,47.59526708348334,56.37900554070094,93.39108550374462
terminalbench:000452:caffe-cifar-10,terminalbench,long,233,47,55,0.8545454545454545,0.5032600247281148,0.8336436506683311,0.9874931454331535,47.59526708348334,56.37900554070094,93.39108550374462
terminalbench:000452:caffe-cifar-10,terminalbench,long,234,47,55,0.8545454545454545,0.5855358829365452,0.8336436506683311,0.9874931454331535,47.59526708348334,56.37900554070094,80.26835138486877
terminalbench:000452:caffe-cifar-10,terminalbench,long,235,47,55,0.8545454545454545,0.5855358829365452,0.8336436506683311,0.9874931454331535,47.59526708348334,56.37900554070094,80.26835138486877
terminalbench:000452:caffe-cifar-10,terminalbench,long,236,47,55,0.8545454545454545,0.5920141095870745,0.8336436506683311,0.9954773751680425,47.213529079017114,56.37900554070094,79.38999972953712
terminalbench:000452:caffe-cifar-10,terminalbench,long,237,47,55,0.8545454545454545,0.5920141095870745,0.8336436506683311,0.9954773751680425,47.213529079017114,56.37900554070094,79.38999972953712
terminalbench:000452:caffe-cifar-10,terminalbench,long,238,47,55,0.8545454545454545,0.5920035098642699,0.8336436506683311,0.9954773751680425,47.213529079017114,56.37900554070094,79.39142119406658
terminalbench:000452:caffe-cifar-10,terminalbench,long,239,47,55,0.8545454545454545,0.5920035098642699,0.8336436506683311,0.9954773751680425,47.213529079017114,56.37900554070094,79.39142119406658
terminalbench:000452:caffe-cifar-10,terminalbench,long,240,47,55,0.8545454545454545,0.6067141589893307,0.8368024238895879,0.9954773751680425,47.213529079017114,56.16618530039228,77.4664630841861
terminalbench:000452:caffe-cifar-10,terminalbench,long,241,47,55,0.8545454545454545,0.5674066459517817,0.8368024238895879,0.9954773751680425,47.213529079017114,56.16618530039228,82.83300933347557
terminalbench:000452:caffe-cifar-10,terminalbench,long,242,47,55,0.8545454545454545,0.5674806485761498,0.8394544090789612,0.9954773751680425,47.213529079017114,55.988746371071905,82.82220744958691
terminalbench:000452:caffe-cifar-10,terminalbench,long,243,47,55,0.8545454545454545,0.5674806485761498,0.8394544090789612,0.9954773751680425,47.213529079017114,55.988746371071905,82.82220744958691
terminalbench:000452:caffe-cifar-10,terminalbench,long,244,47,55,0.8545454545454545,0.5726223163538386,0.8395437489799854,0.9954773751680425,47.213529079017114,55.98278833843175,82.07853354244308
terminalbench:000452:caffe-cifar-10,terminalbench,long,245,47,55,0.8545454545454545,0.5726223163538386,0.8396454446279749,0.9954773751680425,47.213529079017114,55.97600785034269,82.07853354244308
terminalbench:000452:caffe-cifar-10,terminalbench,long,246,47,55,0.8545454545454545,0.5730168219391164,0.8398087672009505,0.9954773751680425,47.213529079017114,55.96512186536126,82.02202483506461
terminalbench:000452:caffe-cifar-10,terminalbench,long,247,47,55,0.8545454545454545,0.5345508650178303,0.8398087672009505,0.9954773751680425,47.213529079017114,55.96512186536126,87.92428013082026
terminalbench:000452:caffe-cifar-10,terminalbench,long,248,47,55,0.8545454545454545,0.536115961713544,0.8398087672009505,0.9954773751680425,47.213529079017114,55.96512186536126,87.66760058733881
terminalbench:000452:caffe-cifar-10,terminalbench,long,249,47,55,0.8545454545454545,0.5273858998862563,0.8398087672009505,0.9954773751680425,47.213529079017114,55.96512186536126,89.11880277826295
terminalbench:000452:caffe-cifar-10,terminalbench,long,250,47,55,0.8545454545454545,0.5309579566760717,0.8398087672009505,0.9954773751680425,47.213529079017114,55.96512186536126,88.51924979942224
terminalbench:000452:caffe-cifar-10,terminalbench,long,251,47,55,0.8545454545454545,0.5309579566760717,0.8398087672009505,0.9954773751680425,47.213529079017114,55.96512186536126,88.51924979942224
terminalbench:000452:caffe-cifar-10,terminalbench,long,252,47,55,0.8545454545454545,0.5474528757472749,0.8398087672009505,1.0,47.0,55.96512186536126,85.85213829746506
terminalbench:000452:caffe-cifar-10,terminalbench,long,253,47,55,0.8545454545454545,0.5474528757472749,0.8398087672009505,1.0,47.0,55.96512186536126,85.85213829746506
terminalbench:000452:caffe-cifar-10,terminalbench,long,254,47,55,0.8545454545454545,0.6168875657649742,0.8400951007605885,1.0,47.0,55.946047009973135,76.18892421946849
terminalbench:000452:caffe-cifar-10,terminalbench,long,255,47,55,0.8545454545454545,0.6168875657649742,0.8400951007605885,1.0,47.0,55.946047009973135,76.18892421946849
terminalbench:000452:caffe-cifar-10,terminalbench,long,256,47,55,0.8545454545454545,0.6168875657649742,0.8404130694904826,1.0,47.0,55.92487992659931,76.18892421946849
terminalbench:000452:caffe-cifar-10,terminalbench,long,257,47,55,0.8545454545454545,0.6168875657649742,0.8404128459731762,1.0,47.0,55.92489480045396,76.18892421946849
terminalbench:000452:caffe-cifar-10,terminalbench,long,258,47,55,0.8545454545454545,0.6168875657649742,0.846074410349766,1.0,47.0,55.550669568850644,76.18892421946849
terminalbench:000452:caffe-cifar-10,terminalbench,long,259,47,55,0.8545454545454545,0.6168875657649742,0.8465308607974491,1.0,47.0,55.52071658170271,76.18892421946849
terminalbench:000452:caffe-cifar-10,terminalbench,long,260,47,55,0.8545454545454545,0.6241844145694315,0.8482001856189341,1.0,47.0,55.41144743525842,75.29825946138219
terminalbench:000452:caffe-cifar-10,terminalbench,long,261,47,55,0.8545454545454545,0.6241844145694315,0.8482001856189341,1.0,47.0,55.41144743525842,75.29825946138219
terminalbench:000452:caffe-cifar-10,terminalbench,long,262,47,55,0.8545454545454545,0.6242081260912684,0.8495182096143785,1.0,47.0,55.325476803298535,75.29539913924144
terminalbench:000452:caffe-cifar-10,terminalbench,long,263,47,55,0.8545454545454545,0.6242081260912684,0.8495182096143785,1.0,47.0,55.325476803298535,75.29539913924144
terminalbench:000452:caffe-cifar-10,terminalbench,long,264,47,55,0.8545454545454545,0.6242081260912684,0.8495182096143785,1.0,47.0,55.325476803298535,75.29539913924144
terminalbench:000452:caffe-cifar-10,terminalbench,long,265,47,55,0.8545454545454545,0.6242081260912684,0.8495182096143785,1.0,47.0,55.325476803298535,75.29539913924144
terminalbench:000452:caffe-cifar-10,terminalbench,long,266,47,55,0.8545454545454545,0.6243531333644693,0.8495182096143785,1.0,47.0,55.325476803298535,75.27791163108252
terminalbench:000452:caffe-cifar-10,terminalbench,long,267,47,55,0.8545454545454545,0.6243531333644693,0.8495182096143785,1.0,47.0,55.325476803298535,75.27791163108252
terminalbench:000452:caffe-cifar-10,terminalbench,long,268,47,55,0.8545454545454545,0.6243727066425636,0.8495182096143785,1.0,47.0,55.325476803298535,75.27555176576003
terminalbench:000452:caffe-cifar-10,terminalbench,long,269,47,55,0.8545454545454545,0.6243727066425636,0.8495182096143785,1.0,47.0,55.325476803298535,75.27555176576003
terminalbench:000452:caffe-cifar-10,terminalbench,long,270,47,55,0.8545454545454545,0.6504036347576724,0.8495182096143785,1.0,47.0,55.325476803298535,72.26281879176656
terminalbench:000452:caffe-cifar-10,terminalbench,long,271,47,55,0.8545454545454545,0.6504036347576724,0.8495182096143785,1.0,47.0,55.325476803298535,72.26281879176656
terminalbench:000452:caffe-cifar-10,terminalbench,long,272,47,55,0.8545454545454545,0.6504036347576724,0.8495182096143785,1.0,47.0,55.325476803298535,72.26281879176656
terminalbench:000452:caffe-cifar-10,terminalbench,long,273,47,55,0.8545454545454545,0.6504036347576724,0.8495182096143785,1.0,47.0,55.325476803298535,72.26281879176656
terminalbench:000452:caffe-cifar-10,terminalbench,long,274,47,55,0.8545454545454545,0.6504036347576724,0.8495182096143785,1.0,47.0,55.325476803298535,72.26281879176656
terminalbench:000452:caffe-cifar-10,terminalbench,long,275,47,55,0.8545454545454545,0.6504036347576724,0.8495182096143785,1.0,47.0,55.325476803298535,72.26281879176656
terminalbench:000452:caffe-cifar-10,terminalbench,long,276,47,55,0.8545454545454545,0.6504036347576724,0.8495182096143785,1.0,47.0,55.325476803298535,72.26281879176656
terminalbench:000452:caffe-cifar-10,terminalbench,long,277,47,55,0.8545454545454545,0.6504036347576724,0.8495182096143785,1.0,47.0,55.325476803298535,72.26281879176656
terminalbench:000452:caffe-cifar-10,terminalbench,long,278,47,55,0.8545454545454545,0.6504036347576724,0.8495182096143785,1.0,47.0,55.325476803298535,72.26281879176656
terminalbench:000452:caffe-cifar-10,terminalbench,long,279,47,55,0.8545454545454545,0.6504036347576724,0.8495182096143785,1.0,47.0,55.325476803298535,72.26281879176656
terminalbench:000452:caffe-cifar-10,terminalbench,long,280,47,55,0.8545454545454545,0.6504036347576724,0.8495182096143785,1.0,47.0,55.325476803298535,72.26281879176656
terminalbench:000452:caffe-cifar-10,terminalbench,long,281,47,55,0.8545454545454545,0.6504036347576724,0.8495182096143785,1.0,47.0,55.325476803298535,72.26281879176656
terminalbench:000452:caffe-cifar-10,terminalbench,long,282,47,55,0.8545454545454545,0.6504036347576724,0.8495182096143785,1.0,47.0,55.325476803298535,72.26281879176656
terminalbench:000452:caffe-cifar-10,terminalbench,long,283,47,55,0.8545454545454545,0.6504036347576724,0.8495182096143785,1.0,47.0,55.325476803298535,72.26281879176656
terminalbench:000452:caffe-cifar-10,terminalbench,long,284,47,55,0.8545454545454545,0.6504036347576724,0.8495182096143785,1.0,47.0,55.325476803298535,72.26281879176656
terminalbench:000452:caffe-cifar-10,terminalbench,long,285,47,55,0.8545454545454545,0.6504036347576724,0.8495182096143785,1.0,47.0,55.325476803298535,72.26281879176656
terminalbench:000452:caffe-cifar-10,terminalbench,long,286,47,55,0.8545454545454545,0.6504036347576724,0.8495182096143785,1.0,47.0,55.325476803298535,72.26281879176656
terminalbench:000452:caffe-cifar-10,terminalbench,long,287,47,55,0.8545454545454545,0.6504036347576724,0.8495182096143785,1.0,47.0,55.325476803298535,72.26281879176656
terminalbench:000452:caffe-cifar-10,terminalbench,long,288,47,55,0.8545454545454545,0.6504036347576724,0.8495182096143785,1.0,47.0,55.325476803298535,72.26281879176656
terminalbench:000452:caffe-cifar-10,terminalbench,long,289,47,55,0.8545454545454545,0.6504036347576724,0.8495182096143785,1.0,47.0,55.325476803298535,72.26281879176656
terminalbench:000452:caffe-cifar-10,terminalbench,long,290,47,55,0.8545454545454545,0.6504036347576724,0.8495182096143785,1.0,47.0,55.325476803298535,72.26281879176656
terminalbench:000452:caffe-cifar-10,terminalbench,long,291,47,55,0.8545454545454545,0.6504036347576724,0.8495182096143785,1.0,47.0,55.325476803298535,72.26281879176656
terminalbench:000452:caffe-cifar-10,terminalbench,long,292,47,55,0.8545454545454545,0.6504036347576724,0.8495182096143785,1.0,47.0,55.325476803298535,72.26281879176656
terminalbench:000452:caffe-cifar-10,terminalbench,long,293,47,55,0.8545454545454545,0.6504036347576724,0.8495182096143785,1.0,47.0,55.325476803298535,72.26281879176656
terminalbench:000452:caffe-cifar-10,terminalbench,long,294,47,55,0.8545454545454545,0.6504036347576724,0.8495182096143785,1.0,47.0,55.325476803298535,72.26281879176656
terminalbench:000452:caffe-cifar-10,terminalbench,long,295,47,55,0.8545454545454545,0.6504036347576724,0.8495182096143785,1.0,47.0,55.325476803298535,72.26281879176656
terminalbench:000452:caffe-cifar-10,terminalbench,long,296,47,55,0.8545454545454545,0.6504036347576724,0.8495182096143785,1.0,47.0,55.325476803298535,72.26281879176656
terminalbench:000452:caffe-cifar-10,terminalbench,long,297,47,55,0.8545454545454545,0.6504036347576724,0.8495182096143785,1.0,47.0,55.325476803298535,72.26281879176656
terminalbench:000452:caffe-cifar-10,terminalbench,long,298,47,55,0.8545454545454545,0.6504036347576724,0.8495182096143785,1.0,47.0,55.325476803298535,72.26281879176656
terminalbench:000452:caffe-cifar-10,terminalbench,long,299,47,55,0.8545454545454545,0.6504036347576724,0.8495182096143785,1.0,47.0,55.325476803298535,72.26281879176656
terminalbench:000452:caffe-cifar-10,terminalbench,long,300,47,55,0.8545454545454545,0.6504036347576724,0.852456149364967,1.0,47.0,55.13480081645539,72.26281879176656
terminalbench:000452:caffe-cifar-10,terminalbench,long,301,47,55,0.8545454545454545,0.6504036347576724,0.852456149364967,1.0,47.0,55.13480081645539,72.26281879176656
terminalbench:000452:caffe-cifar-10,terminalbench,long,302,47,55,0.8545454545454545,0.6504036347576724,0.852456149364967,1.0,47.0,55.13480081645539,72.26281879176656
terminalbench:000452:caffe-cifar-10,terminalbench,long,303,47,55,0.8545454545454545,0.6504036347576724,0.852456149364967,1.0,47.0,55.13480081645539,72.26281879176656
terminalbench:000452:caffe-cifar-10,terminalbench,long,304,47,55,0.8545454545454545,0.6504036347576724,0.852456149364967,1.0,47.0,55.13480081645539,72.26281879176656
terminalbench:000452:caffe-cifar-10,terminalbench,long,305,47,55,0.8545454545454545,0.6504036347576724,0.852456149364967,1.0,47.0,55.13480081645539,72.26281879176656
terminalbench:000452:caffe-cifar-10,terminalbench,long,306,47,55,0.8545454545454545,0.6504036347576724,0.852456149364967,1.0,47.0,55.13480081645539,72.26281879176656
terminalbench:000452:caffe-cifar-10,terminalbench,long,307,47,55,0.8545454545454545,0.6504036347576724,0.852456149364967,1.0,47.0,55.13480081645539,72.26281879176656
terminalbench:000452:caffe-cifar-10,terminalbench,long,308,47,55,0.8545454545454545,0.6504036347576724,0.852456149364967,1.0,47.0,55.13480081645539,72.26281879176656
terminalbench:000452:caffe-cifar-10,terminalbench,long,309,47,55,0.8545454545454545,0.6504036347576724,0.852456149364967,1.0,47.0,55.13480081645539,72.26281879176656
terminalbench:000452:caffe-cifar-10,terminalbench,long,310,47,55,0.8545454545454545,0.6504036347576724,0.852456149364967,1.0,47.0,55.13480081645539,72.26281879176656
terminalbench:000452:caffe-cifar-10,terminalbench,long,311,47,55,0.8545454545454545,0.6504036347576724,0.852456149364967,1.0,47.0,55.13480081645539,72.26281879176656
terminalbench:000452:caffe-cifar-10,terminalbench,long,312,47,55,0.8545454545454545,0.6504036347576724,0.852456149364967,1.0,47.0,55.13480081645539,72.26281879176656
terminalbench:000452:caffe-cifar-10,terminalbench,long,313,47,55,0.8545454545454545,0.6504036347576724,0.852456149364967,1.0,47.0,55.13480081645539,72.26281879176656
terminalbench:000452:caffe-cifar-10,terminalbench,long,314,47,55,0.8545454545454545,0.6504036347576724,0.852456149364967,1.0,47.0,55.13480081645539,72.26281879176656
terminalbench:000452:caffe-cifar-10,terminalbench,long,315,47,55,0.8545454545454545,0.6504036347576724,0.852456149364967,1.0,47.0,55.13480081645539,72.26281879176656
terminalbench:000452:caffe-cifar-10,terminalbench,long,316,47,55,0.8545454545454545,0.6504036347576724,0.852456149364967,1.0,47.0,55.13480081645539,72.26281879176656
terminalbench:000452:caffe-cifar-10,terminalbench,long,317,47,55,0.8545454545454545,0.6651470293848206,0.852456149364967,1.0,47.0,55.13480081645539,70.66106879176658
terminalbench:000452:caffe-cifar-10,terminalbench,long,318,47,55,0.8545454545454545,0.6651470293848206,0.852456149364967,1.0,47.0,55.13480081645539,70.66106879176658
terminalbench:000452:caffe-cifar-10,terminalbench,long,319,47,55,0.8545454545454545,0.6651470293848206,0.852456149364967,1.0,47.0,55.13480081645539,70.66106879176658
terminalbench:000452:caffe-cifar-10,terminalbench,long,320,47,55,0.8545454545454545,0.6651470293848206,0.852456149364967,1.0,47.0,55.13480081645539,70.66106879176658
terminalbench:000452:caffe-cifar-10,terminalbench,long,321,47,55,0.8545454545454545,0.6814634929075045,0.852456149364967,1.0,47.0,55.13480081645539,68.96921183477005
terminalbench:000452:caffe-cifar-10,terminalbench,long,322,47,55,0.8545454545454545,0.6814634929075045,0.852456149364967,1.0,47.0,55.13480081645539,68.96921183477005
terminalbench:000452:caffe-cifar-10,terminalbench,long,323,47,55,0.8545454545454545,0.6814634929075045,0.852456149364967,1.0,47.0,55.13480081645539,68.96921183477005
terminalbench:000452:caffe-cifar-10,terminalbench,long,324,47,55,0.8545454545454545,0.6814634929075045,0.852456149364967,1.0,47.0,55.13480081645539,68.96921183477005
terminalbench:000452:caffe-cifar-10,terminalbench,long,325,47,55,0.8545454545454545,0.6814634929075045,0.852456149364967,1.0,47.0,55.13480081645539,68.96921183477005
terminalbench:000452:caffe-cifar-10,terminalbench,long,326,47,55,0.8545454545454545,0.6814634929075045,0.852456149364967,1.0,47.0,55.13480081645539,68.96921183477005
terminalbench:000452:caffe-cifar-10,terminalbench,long,327,47,55,0.8545454545454545,0.6814634929075045,0.852456149364967,1.0,47.0,55.13480081645539,68.96921183477005
terminalbench:000452:caffe-cifar-10,terminalbench,long,328,47,55,0.8545454545454545,0.6814634929075045,0.852456149364967,1.0,47.0,55.13480081645539,68.96921183477005
terminalbench:000452:caffe-cifar-10,terminalbench,long,329,47,55,0.8545454545454545,0.6814634929075045,0.852456149364967,1.0,47.0,55.13480081645539,68.96921183477005
terminalbench:000452:caffe-cifar-10,terminalbench,long,330,47,55,0.8545454545454545,0.6814634929075045,0.852456149364967,1.0,47.0,55.13480081645539,68.96921183477005
terminalbench:000452:caffe-cifar-10,terminalbench,long,331,47,55,0.8545454545454545,0.6814634929075045,0.852456149364967,1.0,47.0,55.13480081645539,68.96921183477005
terminalbench:000452:caffe-cifar-10,terminalbench,long,332,47,55,0.8545454545454545,0.6814634929075045,0.852456149364967,1.0,47.0,55.13480081645539,68.96921183477005
terminalbench:000452:caffe-cifar-10,terminalbench,long,333,48,55,0.8727272727272727,0.529144458249367,0.7755652391049317,0.9640548766797338,49.78969679123978,61.89034471864171,90.71246849830808
terminalbench:000452:caffe-cifar-10,terminalbench,long,334,48,55,0.8727272727272727,0.529144458249367,0.7755652391049317,0.9640548766797338,49.78969679123978,61.89034471864171,90.71246849830808
terminalbench:000452:caffe-cifar-10,terminalbench,long,335,49,55,0.8909090909090909,0.539098260852106,0.7768279640393757,0.9637967177396385,50.84059646407401,63.077028979760435,90.89252100822944
terminalbench:000452:caffe-cifar-10,terminalbench,long,336,49,55,0.8909090909090909,0.539098260852106,0.7768279640393757,0.9637967177396385,50.84059646407401,63.077028979760435,90.89252100822944
terminalbench:000452:caffe-cifar-10,terminalbench,long,337,50,55,0.9090909090909091,0.5428222624487822,0.7759256852237989,0.9636411744145713,51.88653341880692,64.4391608013061,92.11118161300124
terminalbench:000452:caffe-cifar-10,terminalbench,long,338,50,55,0.9090909090909091,0.5428222624487822,0.7759256852237989,0.9636411744145713,51.88653341880692,64.4391608013061,92.11118161300124
terminalbench:000452:caffe-cifar-10,terminalbench,long,339,51,55,0.9272727272727272,0.5483211708050287,0.7803269029105097,0.9467604740417106,53.867901542489975,65.35722376067923,93.01118161300124
terminalbench:000452:caffe-cifar-10,terminalbench,long,340,51,55,0.9272727272727272,0.5483211708050287,0.7803269029105097,0.9467604740417106,53.867901542489975,65.35722376067923,93.01118161300124
terminalbench:000452:caffe-cifar-10,terminalbench,long,341,51,55,0.9272727272727272,0.5531418676573742,0.7843815079075352,0.9467604740417106,53.867901542489975,65.01938085721929,92.20057815545849
terminalbench:000452:caffe-cifar-10,terminalbench,long,342,51,55,0.9272727272727272,0.5633559137513532,0.7843815079075352,0.9467604740417106,53.867901542489975,65.01938085721929,90.52891565545849
terminalbench:000452:caffe-cifar-10,terminalbench,long,343,51,55,0.9272727272727272,0.5882332250143696,0.7888064065437419,0.9509816304338281,53.62879614902164,64.65464729611305,86.70030496620478
terminalbench:000452:caffe-cifar-10,terminalbench,long,344,51,55,0.9272727272727272,0.5882332250143696,0.7888064065437419,0.9509816304338281,53.62879614902164,64.65464729611305,86.70030496620478
terminalbench:000452:caffe-cifar-10,terminalbench,long,345,51,55,0.9272727272727272,0.5900912019439517,0.7910597704844053,0.954456430235542,53.43355483226631,64.47047606626508,86.42731806878237
terminalbench:000452:caffe-cifar-10,terminalbench,long,346,51,55,0.9272727272727272,0.5900912019439517,0.7910597704844053,0.954456430235542,53.43355483226631,64.47047606626508,86.42731806878237
terminalbench:000452:caffe-cifar-10,terminalbench,long,347,51,55,0.9272727272727272,0.5900912019439517,0.7956753100949067,0.9556589936742245,53.36631616254682,64.09649684105042,86.42731806878237
terminalbench:000452:caffe-cifar-10,terminalbench,long,348,51,55,0.9272727272727272,0.5900912019439517,0.7956753100949067,0.9556589936742245,53.36631616254682,64.09649684105042,86.42731806878237
terminalbench:000452:caffe-cifar-10,terminalbench,long,349,51,55,0.9272727272727272,0.5900912019439517,0.7980175753962717,0.9568172797331053,53.301712960520476,63.90836689865498,86.42731806878237
terminalbench:000452:caffe-cifar-10,terminalbench,long,350,51,55,0.9272727272727272,0.5900912019439517,0.7980175753962717,0.9568172797331053,53.301712960520476,63.90836689865498,86.42731806878237
terminalbench:000452:caffe-cifar-10,terminalbench,long,351,51,55,0.9272727272727272,0.5900912019439517,0.8281469513174313,0.9568172797331053,53.301712960520476,61.58327325708108,86.42731806878237
terminalbench:000452:caffe-cifar-10,terminalbench,long,352,51,55,0.9272727272727272,0.5900912019439517,0.8291493923398612,0.9568172797331053,53.301712960520476,61.50881912375031,86.42731806878237
terminalbench:000452:caffe-cifar-10,terminalbench,long,353,51,55,0.9272727272727272,0.604679553486657,0.8291493923398612,0.9671937300008123,52.72987036418977,61.50881912375031,84.34219365600788
terminalbench:000452:caffe-cifar-10,terminalbench,long,354,51,55,0.9272727272727272,0.604679553486657,0.8291493923398612,0.9671937300008123,52.72987036418977,61.50881912375031,84.34219365600788
terminalbench:000452:caffe-cifar-10,terminalbench,long,355,51,55,0.9272727272727272,0.604679553486657,0.8303003699895924,0.9671937300008123,52.72987036418977,61.4235544669687,84.34219365600788
terminalbench:000452:caffe-cifar-10,terminalbench,long,356,51,55,0.9272727272727272,0.604679553486657,0.8303003699895924,0.9671937300008123,52.72987036418977,61.4235544669687,84.34219365600788
terminalbench:000452:caffe-cifar-10,terminalbench,long,357,52,55,0.9454545454545454,0.557585410605779,0.7857454424010052,0.9653244049052735,53.867901542489975,66.17919391438456,93.25925501441205
terminalbench:000452:caffe-cifar-10,terminalbench,long,358,52,55,0.9454545454545454,0.557585410605779,0.7857454424010052,0.9653244049052735,53.867901542489975,66.17919391438456,93.25925501441205
terminalbench:000452:caffe-cifar-10,terminalbench,long,359,53,55,0.9636363636363636,0.54917553952683,0.7903914326562307,0.9651952118563867,54.91117169765444,67.05538270055058,96.50830414927955
terminalbench:000452:caffe-cifar-10,terminalbench,long,360,53,55,0.9636363636363636,0.54917553952683,0.7903914326562307,0.9651952118563867,54.91117169765444,67.05538270055058,96.50830414927955
terminalbench:000452:caffe-cifar-10,terminalbench,long,361,53,55,0.9636363636363636,0.5538273084608853,0.7943938005086809,0.9651952118563867,54.91117169765444,66.71753979709064,95.6977006917368
terminalbench:000452:caffe-cifar-10,terminalbench,long,362,53,55,0.9636363636363636,0.5538273084608853,0.7943938005086809,0.9651952118563867,54.91117169765444,66.71753979709064,95.6977006917368
terminalbench:000452:caffe-cifar-10,terminalbench,long,363,53,55,0.9636363636363636,0.576907858764765,0.7987604896694945,0.9694164421208628,54.6720663041861,66.35280623598442,91.86909000248309
terminalbench:000452:caffe-cifar-10,terminalbench,long,364,53,55,0.9636363636363636,0.576907858764765,0.7987604896694945,0.9694164421208628,54.6720663041861,66.35280623598442,91.86909000248309
terminalbench:000452:caffe-cifar-10,terminalbench,long,365,53,55,0.9636363636363636,0.5786272363487891,0.8009837288480383,0.9728907661602614,54.476824987430774,66.16863500613644,91.59610310506068
terminalbench:000452:caffe-cifar-10,terminalbench,long,366,53,55,0.9636363636363636,0.5786272363487891,0.8009837288480383,0.9728907661602614,54.476824987430774,66.16863500613644,91.59610310506068
terminalbench:000452:caffe-cifar-10,terminalbench,long,367,53,55,0.9636363636363636,0.5786272363487891,0.8055365496017713,0.9740930521051868,54.40958631771129,65.79465578092181,91.59610310506068
terminalbench:000452:caffe-cifar-10,terminalbench,long,368,53,55,0.9636363636363636,0.5786272363487891,0.8055365496017713,0.9740930521051868,54.40958631771129,65.79465578092181,91.59610310506068
terminalbench:000452:caffe-cifar-10,terminalbench,long,369,53,55,0.9636363636363636,0.5898975934217754,0.8078464653111759,0.9752510160354295,54.34498311568494,65.60652583852655,89.84610310506068
terminalbench:000452:caffe-cifar-10,terminalbench,long,370,53,55,0.9636363636363636,0.5898975934217754,0.8078464653111759,0.9752510160354295,54.34498311568494,65.60652583852655,89.84610310506068
terminalbench:000452:caffe-cifar-10,terminalbench,long,371,53,55,0.9636363636363636,0.5898975934217754,0.8375284528176715,0.9752510160354295,54.34498311568494,63.28143219695249,89.84610310506068
terminalbench:000452:caffe-cifar-10,terminalbench,long,372,53,55,0.9636363636363636,0.5898975934217754,0.838515012482518,0.9752510160354295,54.34498311568494,63.20697806362171,89.84610310506068
terminalbench:000452:caffe-cifar-10,terminalbench,long,373,53,55,0.9636363636363636,0.6039130464329983,0.838515012482518,0.9856221802950869,53.773140519354236,63.20697806362171,87.76097869228619
terminalbench:000452:caffe-cifar-10,terminalbench,long,374,53,55,0.9636363636363636,0.6039130464329983,0.838515012482518,0.9856221802950869,53.773140519354236,63.20697806362171,87.76097869228619
terminalbench:000452:caffe-cifar-10,terminalbench,long,375,53,55,0.9636363636363636,0.6084417345751553,0.8396476765197682,0.9856221802950869,53.773140519354236,63.12171340684011,87.10776560553867
terminalbench:000452:caffe-cifar-10,terminalbench,long,376,53,55,0.9636363636363636,0.6084417345751553,0.8396476765197682,0.9856221802950869,53.773140519354236,63.12171340684011,87.10776560553867
terminalbench:000452:caffe-cifar-10,terminalbench,long,377,53,55,0.9636363636363636,0.6116555041244828,0.8430805898245182,0.9856221802950869,53.773140519354236,62.86469008974766,86.65008267335654
terminalbench:000452:caffe-cifar-10,terminalbench,long,378,53,55,0.9636363636363636,0.6116555041244828,0.8430805898245182,0.9856221802950869,53.773140519354236,62.86469008974766,86.65008267335654
terminalbench:000452:caffe-cifar-10,terminalbench,long,379,53,55,0.9636363636363636,0.6105174090818022,0.8433206069720807,0.9856221802950869,53.773140519354236,62.846798194929725,86.81161128510689
terminalbench:000452:caffe-cifar-10,terminalbench,long,380,53,55,0.9636363636363636,0.6105174090818022,0.8433206069720807,0.9856221802950869,53.773140519354236,62.846798194929725,86.81161128510689
terminalbench:000452:caffe-cifar-10,terminalbench,long,381,53,55,0.9636363636363636,0.6342660571056443,0.8433206069720807,0.9856221802950869,53.773140519354236,62.846798194929725,83.56114820625226
terminalbench:000452:caffe-cifar-10,terminalbench,long,382,53,55,0.9636363636363636,0.6342660571056443,0.8433206069720807,0.9856221802950869,53.773140519354236,62.846798194929725,83.56114820625226
terminalbench:000452:caffe-cifar-10,terminalbench,long,383,53,55,0.9636363636363636,0.6410039598425978,0.8433206069720807,0.9926692355916222,53.391399773170626,62.846798194929725,82.68279655092061
terminalbench:000452:caffe-cifar-10,terminalbench,long,384,53,55,0.9636363636363636,0.6410039598425978,0.8433206069720807,0.9926692355916222,53.391399773170626,62.846798194929725,82.68279655092061
terminalbench:000452:caffe-cifar-10,terminalbench,long,385,53,55,0.9636363636363636,0.6409929400323604,0.8433206069720807,0.9926692355916222,53.391399773170626,62.846798194929725,82.68421801545007
terminalbench:000452:caffe-cifar-10,terminalbench,long,386,53,55,0.9636363636363636,0.6409929400323604,0.8433206069720807,0.9926692355916222,53.391399773170626,62.846798194929725,82.68421801545007
terminalbench:000452:caffe-cifar-10,terminalbench,long,387,53,55,0.9636363636363636,0.6567623324384824,0.8461860755259553,0.9926692355916222,53.391399773170626,62.633977954621066,80.69890336617989
terminalbench:000452:caffe-cifar-10,terminalbench,long,388,53,55,0.9636363636363636,0.6567623324384824,0.8461860755259553,0.9926692355916222,53.391399773170626,62.633977954621066,80.69890336617989
terminalbench:000452:caffe-cifar-10,terminalbench,long,389,53,55,0.9636363636363636,0.6567623324384824,0.8485900888380971,0.9926692355916222,53.391399773170626,62.45653902530071,80.69890336617989
terminalbench:000452:caffe-cifar-10,terminalbench,long,390,53,55,0.9636363636363636,0.6567623324384824,0.8485900888380971,0.9926692355916222,53.391399773170626,62.45653902530071,80.69890336617989
terminalbench:000452:caffe-cifar-10,terminalbench,long,391,53,55,0.9636363636363636,0.6569869188154422,0.8486710476917545,0.9926692355916222,53.391399773170626,62.450580992660555,80.67131701124252
terminalbench:000452:caffe-cifar-10,terminalbench,long,392,53,55,0.9636363636363636,0.6569869188154422,0.8486710476917545,0.9926692355916222,53.391399773170626,62.450580992660555,80.67131701124252
terminalbench:000452:caffe-cifar-10,terminalbench,long,393,53,55,0.9636363636363636,0.6606983153282914,0.8488190083805152,0.9926692355916222,53.391399773170626,62.43969500767913,80.21815520093323
terminalbench:000452:caffe-cifar-10,terminalbench,long,394,53,55,0.9636363636363636,0.6606983153282914,0.8488190083805152,0.9926692355916222,53.391399773170626,62.43969500767913,80.21815520093323
terminalbench:000452:caffe-cifar-10,terminalbench,long,395,53,55,0.9636363636363636,0.6589903337782178,0.8488190083805152,0.9926692355916222,53.391399773170626,62.43969500767913,80.42606588192699
terminalbench:000452:caffe-cifar-10,terminalbench,long,396,53,55,0.9636363636363636,0.6589903337782178,0.8488190083805152,0.9926692355916222,53.391399773170626,62.43969500767913,80.42606588192699
terminalbench:000452:caffe-cifar-10,terminalbench,long,397,53,55,0.9636363636363636,0.6675514964753545,0.8488190083805152,0.9926692355916222,53.391399773170626,62.43969500767913,79.3946239051787
terminalbench:000452:caffe-cifar-10,terminalbench,long,398,53,55,0.9636363636363636,0.6675514964753545,0.8488190083805152,0.9926692355916222,53.391399773170626,62.43969500767913,79.3946239051787
terminalbench:000452:caffe-cifar-10,terminalbench,long,399,53,55,0.9636363636363636,0.6668199845944338,0.8488190083805152,1.0,53.0,62.43969500767913,79.48172104085198
terminalbench:000452:caffe-cifar-10,terminalbench,long,400,53,55,0.9636363636363636,0.6668199845944338,0.8488190083805152,1.0,53.0,62.43969500767913,79.48172104085198
terminalbench:000452:caffe-cifar-10,terminalbench,long,401,53,55,0.9636363636363636,0.6668199845944338,0.8490783954195427,1.0,53.0,62.42062015229099,79.48172104085198
terminalbench:000452:caffe-cifar-10,terminalbench,long,402,53,55,0.9636363636363636,0.6668199845944338,0.8490783954195427,1.0,53.0,62.42062015229099,79.48172104085198
terminalbench:000452:caffe-cifar-10,terminalbench,long,403,53,55,0.9636363636363636,0.6668199845944338,0.8493664189887061,1.0,53.0,62.39945306891716,79.48172104085198
terminalbench:000452:caffe-cifar-10,terminalbench,long,404,53,55,0.9636363636363636,0.6668199845944338,0.8493662165294051,1.0,53.0,62.399467942771814,79.48172104085198
terminalbench:000452:caffe-cifar-10,terminalbench,long,405,53,55,0.9636363636363636,0.6668199845944338,0.8544908118587116,1.0,53.0,62.025242711168495,79.48172104085198
terminalbench:000452:caffe-cifar-10,terminalbench,long,406,53,55,0.9636363636363636,0.6668199845944338,0.854903658583351,1.0,53.0,61.99528972402056,79.48172104085198
terminalbench:000452:caffe-cifar-10,terminalbench,long,407,53,55,0.9636363636363636,0.674376990294027,0.8564131205295817,1.0,53.0,61.88602057757627,78.59105628276568
terminalbench:000452:caffe-cifar-10,terminalbench,long,408,53,55,0.9636363636363636,0.674376990294027,0.8564131205295817,1.0,53.0,61.88602057757627,78.59105628276568
terminalbench:000452:caffe-cifar-10,terminalbench,long,409,54,55,0.9818181818181818,0.5572175137587689,0.7932262589942628,0.9647416272574101,55.97353578855352,68.07641500480202,96.91009106253205
terminalbench:000452:caffe-cifar-10,terminalbench,long,410,54,55,0.9818181818181818,0.5572175137587689,0.7932262589942628,0.9647416272574101,55.97353578855352,68.07641500480202,96.91009106253205
terminalbench:000452:caffe-cifar-10,terminalbench,long,411,55,55,1.0,0.5675363566061535,0.7981676412188456,0.9648021476102796,57.006506604726795,68.90782983385795,96.91009106253205
terminalbench:000452:caffe-cifar-10,terminalbench,long,412,55,55,1.0,0.5675363566061535,0.7981676412188456,0.9648021476102796,57.006506604726795,68.90782983385795,96.91009106253205
terminalbench:000452:caffe-cifar-10,terminalbench,long,413,55,55,1.0,0.5723235510482005,0.8021001966330805,0.9648021476102796,57.006506604726795,68.569986930398,96.09948760498929
terminalbench:000452:caffe-cifar-10,terminalbench,long,414,55,55,1.0,0.5723235510482005,0.8021001966330805,0.9648021476102796,57.006506604726795,68.569986930398,96.09948760498929
terminalbench:000452:caffe-cifar-10,terminalbench,long,415,55,55,1.0,0.5960710663910519,0.8063894976272133,0.968865912943925,56.76740121125846,68.20525336929178,92.27087691573558
terminalbench:000452:caffe-cifar-10,terminalbench,long,416,55,55,1.0,0.5960710663910519,0.8063894976272133,0.968865912943925,56.76740121125846,68.20525336929178,92.27087691573558
terminalbench:000452:caffe-cifar-10,terminalbench,long,417,55,55,1.0,0.5978397981633237,0.8085728463897344,0.9722096540518353,56.57215989450313,68.0210821394438,91.99789001831317
terminalbench:000452:caffe-cifar-10,terminalbench,long,418,55,55,1.0,0.5978397981633237,0.8085728463897344,0.9722096540518353,56.57215989450313,68.0210821394438,91.99789001831317
terminalbench:000452:caffe-cifar-10,terminalbench,long,419,55,55,1.0,0.5978397981633237,0.8130429483393452,0.9733665459191266,56.504921224783644,67.64710291422918,91.99789001831317
terminalbench:000452:caffe-cifar-10,terminalbench,long,420,55,55,1.0,0.5978397981633237,0.8130429483393452,0.9733665459191266,56.504921224783644,67.64710291422918,91.99789001831317
terminalbench:000452:caffe-cifar-10,terminalbench,long,421,55,55,1.0,0.6094325306535073,0.8153103668353223,0.9744806891028406,56.440318022757296,67.45897297183392,90.24789001831317
terminalbench:000452:caffe-cifar-10,terminalbench,long,422,55,55,1.0,0.6094325306535073,0.8153103668353223,0.9744806891028406,56.440318022757296,67.45897297183392,90.24789001831317
terminalbench:000452:caffe-cifar-10,terminalbench,long,423,55,55,1.0,0.6094325306535073,0.8444146205559724,0.9744806891028406,56.440318022757296,65.13387933026002,90.24789001831317
terminalbench:000452:caffe-cifar-10,terminalbench,long,424,55,55,1.0,0.6094325306535073,0.8453809702978432,0.9744806891028406,56.440318022757296,65.05942519692925,90.24789001831317
terminalbench:000452:caffe-cifar-10,terminalbench,long,425,55,55,1.0,0.6238461284901515,0.8453809702978432,0.9844550004309623,55.86847542642659,65.05942519692925,88.16276560553868
terminalbench:000452:caffe-cifar-10,terminalbench,long,426,55,55,1.0,0.6238461284901515,0.8453809702978432,0.9844550004309623,55.86847542642659,65.05942519692925,88.16276560553868
terminalbench:000452:caffe-cifar-10,terminalbench,long,427,55,55,1.0,0.6238461284901515,0.8464903515916207,0.9844550004309623,55.86847542642659,64.97416054014766,88.16276560553868
terminalbench:000452:caffe-cifar-10,terminalbench,long,428,55,55,1.0,0.6238461284901515,0.8464903515916207,0.9844550004309623,55.86847542642659,64.97416054014766,88.16276560553868
terminalbench:000452:caffe-cifar-10,terminalbench,long,429,55,55,1.0,0.627101626536727,0.8498521776455599,0.9844550004309623,55.86847542642659,64.71713722305522,87.70508267335654
terminalbench:000452:caffe-cifar-10,terminalbench,long,430,55,55,1.0,0.627101626536727,0.8498521776455599,0.9844550004309623,55.86847542642659,64.71713722305522,87.70508267335654
terminalbench:000452:caffe-cifar-10,terminalbench,long,431,55,55,1.0,0.6259488012066117,0.8500871953137888,0.9844550004309623,55.86847542642659,64.6992453282373,87.8666112851069
terminalbench:000452:caffe-cifar-10,terminalbench,long,432,55,55,1.0,0.6259488012066117,0.8500871953137888,0.9844550004309623,55.86847542642659,64.6992453282373,87.8666112851069
terminalbench:000452:caffe-cifar-10,terminalbench,long,433,55,55,1.0,0.6499941342867231,0.8500871953137888,0.9844550004309623,55.86847542642659,64.6992453282373,84.61614820625226
terminalbench:000452:caffe-cifar-10,terminalbench,long,434,55,55,1.0,0.6499941342867231,0.8500871953137888,0.9844550004309623,55.86847542642659,64.6992453282373,84.61614820625226
terminalbench:000452:caffe-cifar-10,terminalbench,long,435,55,55,1.0,0.656812123860397,0.8500871953137888,0.9912278363110628,55.486738754923486,64.6992453282373,83.73779655092062
terminalbench:000452:caffe-cifar-10,terminalbench,long,436,55,55,1.0,0.656812123860397,0.8500871953137888,0.9912278363110628,55.486738754923486,64.6992453282373,83.73779655092062
terminalbench:000452:caffe-cifar-10,terminalbench,long,437,55,55,1.0,0.6568009745428047,0.8500871953137888,0.9912278363110628,55.486738754923486,64.6992453282373,83.73921801545008
terminalbench:000452:caffe-cifar-10,terminalbench,long,438,55,55,1.0,0.6568009745428047,0.8500871953137888,0.9912278363110628,55.486738754923486,64.6992453282373,83.73921801545008
terminalbench:000452:caffe-cifar-10,terminalbench,long,439,55,55,1.0,0.6727507523849008,0.8529249608070244,0.9912278363110628,55.486738754923486,64.48398455587447,81.7539033661799
terminalbench:000452:caffe-cifar-10,terminalbench,long,440,55,55,1.0,0.6727507523849008,0.8529249608070244,0.9912278363110628,55.486738754923486,64.48398455587447,81.7539033661799
terminalbench:000452:caffe-cifar-10,terminalbench,long,441,55,55,1.0,0.6727507523849008,0.8552784085060363,0.9912278363110628,55.486738754923486,64.3065456265541,81.7539033661799
terminalbench:000452:caffe-cifar-10,terminalbench,long,442,55,55,1.0,0.6727507523849008,0.8552784085060363,0.9912278363110628,55.486738754923486,64.3065456265541,81.7539033661799
terminalbench:000452:caffe-cifar-10,terminalbench,long,443,55,55,1.0,0.6729778364101985,0.85535765780787,0.9912278363110628,55.486738754923486,64.30058759391393,81.72631701124253
terminalbench:000452:caffe-cifar-10,terminalbench,long,444,55,55,1.0,0.6729778364101985,0.85535765780787,0.9912278363110628,55.486738754923486,64.30058759391393,81.72631701124253
terminalbench:000452:caffe-cifar-10,terminalbench,long,445,55,55,1.0,0.6767302175487393,0.8555024929896116,0.9912278363110628,55.486738754923486,64.2897016089325,81.27315520093323
terminalbench:000452:caffe-cifar-10,terminalbench,long,446,55,55,1.0,0.6767302175487393,0.8555024929896116,0.9912278363110628,55.486738754923486,64.2897016089325,81.27315520093323
terminalbench:000452:caffe-cifar-10,terminalbench,long,447,55,55,1.0,0.6750034428820517,0.8555024929896116,0.9912278363110628,55.486738754923486,64.2897016089325,81.481065881927
terminalbench:000452:caffe-cifar-10,terminalbench,long,448,55,55,1.0,0.6750034428820517,0.8555024929896116,0.9912278363110628,55.486738754923486,64.2897016089325,81.481065881927
terminalbench:000452:caffe-cifar-10,terminalbench,long,449,55,55,1.0,0.6836576397774748,0.8555024929896116,0.9912278363110628,55.486738754923486,64.2897016089325,80.44962390517871
terminalbench:000452:caffe-cifar-10,terminalbench,long,450,55,55,1.0,0.6836576397774748,0.8555024929896116,0.9912278363110628,55.486738754923486,64.2897016089325,80.44962390517871
terminalbench:000452:caffe-cifar-10,terminalbench,long,451,55,55,1.0,0.6829182922918036,0.8555024929896116,1.0,55.0,64.2897016089325,80.53672104085199
terminalbench:000452:caffe-cifar-10,terminalbench,long,452,55,55,1.0,0.6829182922918036,0.8555024929896116,1.0,55.0,64.2897016089325,80.53672104085199
terminalbench:000452:caffe-cifar-10,terminalbench,long,453,55,55,1.0,0.6829182922918036,0.8557563972560276,1.0,55.0,64.27062675354438,80.53672104085199
terminalbench:000452:caffe-cifar-10,terminalbench,long,454,55,55,1.0,0.6829182922918036,0.8557563972560276,1.0,55.0,64.27062675354438,80.53672104085199
terminalbench:000452:caffe-cifar-10,terminalbench,long,455,55,55,1.0,0.6829182922918036,0.8560383275181871,1.0,55.0,64.24945967017054,80.53672104085199
terminalbench:000452:caffe-cifar-10,terminalbench,long,456,55,55,1.0,0.6829182922918036,0.8560381293439646,1.0,55.0,64.24947454402519,80.53672104085199
terminalbench:000452:caffe-cifar-10,terminalbench,long,457,55,55,1.0,0.6829182922918036,0.8610533906644854,1.0,55.0,63.87524931242165,80.53672104085199
terminalbench:000452:caffe-cifar-10,terminalbench,long,458,55,55,1.0,0.6829182922918036,0.8614336383907536,1.0,55.0,63.84705396778519,80.53672104085199
terminalbench:000452:caffe-cifar-10,terminalbench,long,459,55,55,1.0,0.690555221023558,0.8629104408659134,1.0,55.0,63.7377848213409,79.64605628276568
terminalbench:000452:caffe-cifar-10,terminalbench,long,460,55,55,1.0,0.690555221023558,0.8629104408659134,1.0,55.0,63.7377848213409,79.64605628276568
terminalbench:000452:caffe-cifar-10,terminalbench,long,461,55,55,1.0,0.6905800217659728,0.8640745521511211,1.0,55.0,63.65191506112178,79.64319596062494
terminalbench:000452:caffe-cifar-10,terminalbench,long,462,55,55,1.0,0.6905800217659728,0.8640745521511211,1.0,55.0,63.65191506112178,79.64319596062494
terminalbench:000452:caffe-cifar-10,terminalbench,long,463,55,55,1.0,0.6905800217659728,0.8640745521511211,1.0,55.0,63.65191506112178,79.64319596062494
terminalbench:000452:caffe-cifar-10,terminalbench,long,464,55,55,1.0,0.6905800217659728,0.8640745521511211,1.0,55.0,63.65191506112178,79.64319596062494
terminalbench:000452:caffe-cifar-10,terminalbench,long,465,55,55,1.0,0.6907316879049589,0.8640745521511211,1.0,55.0,63.65191506112178,79.62570845246601
terminalbench:000452:caffe-cifar-10,terminalbench,long,466,55,55,1.0,0.6907316879049589,0.8640745521511211,1.0,55.0,63.65191506112178,79.62570845246601
terminalbench:000452:caffe-cifar-10,terminalbench,long,467,55,55,1.0,0.6907521597111106,0.8640745521511211,1.0,55.0,63.65191506112178,79.62334858714352
terminalbench:006465:vulnerable-secret,terminalbench,medium,1,0,9,0.0,0.0,0.0,0.0,0.9999016266082511,4.998209150101614,23.018392050442273
terminalbench:006465:vulnerable-secret,terminalbench,medium,2,1,9,0.1111111111111111,0.040945404081468996,0.16332872198096274,0.6677083708434787,1.49765982226156,6.122621838163639,24.422765446649443
terminalbench:006465:vulnerable-secret,terminalbench,medium,3,1,9,0.1111111111111111,0.040945404081468996,0.16332872198096274,0.6677083708434787,1.49765982226156,6.122621838163639,24.422765446649443
terminalbench:006465:vulnerable-secret,terminalbench,medium,4,2,9,0.2222222222222222,0.07939713920914145,0.30160851583698495,0.6627096170045629,3.0179130477085403,6.631112501747037,25.189824468760314
terminalbench:006465:vulnerable-secret,terminalbench,medium,5,2,9,0.2222222222222222,0.07939713920914145,0.30160851583698495,0.6627096170045629,3.0179130477085403,6.631112501747037,25.189824468760314
terminalbench:006465:vulnerable-secret,terminalbench,medium,6,3,9,0.3333333333333333,0.12998495583402486,0.38260918231684743,0.8394412365063743,3.573805847906091,7.840899117563863,23.07959394801533
terminalbench:006465:vulnerable-secret,terminalbench,medium,7,3,9,0.3333333333333333,0.12633699291907813,0.3818447245649598,0.8394412365063743,3.573805847906091,7.856596692328106,23.746013979623307
terminalbench:006465:vulnerable-secret,terminalbench,medium,8,3,9,0.3333333333333333,0.12472925947470118,0.3879955878186852,0.8896960753487969,3.3719379944706156,7.732046688638981,24.05209501471056
terminalbench:006465:vulnerable-secret,terminalbench,medium,9,3,9,0.3333333333333333,0.12472925947470118,0.3879955878186852,0.8896960753487969,3.3719379944706156,7.732046688638981,24.05209501471056
terminalbench:006465:vulnerable-secret,terminalbench,medium,10,3,9,0.3333333333333333,0.12331878531388933,0.3988937766825222,0.9689684429179917,3.0960760610177105,7.520799208626629,24.32719388505128
terminalbench:006465:vulnerable-secret,terminalbench,medium,11,3,9,0.3333333333333333,0.12331878531388933,0.3988937766825222,0.9735124990703571,3.0816245326740135,7.520799208626629,24.32719388505128
terminalbench:006465:vulnerable-secret,terminalbench,medium,12,4,9,0.4444444444444444,0.14470208008364643,0.44519327213718424,0.8159400477416566,4.902320962270603,8.984861745097124,27.643002766012494
terminalbench:006465:vulnerable-secret,terminalbench,medium,13,4,9,0.4444444444444444,0.14470208008364643,0.44519327213718424,0.8159400477416566,4.902320962270603,8.984861745097124,27.643002766012494
terminalbench:006465:vulnerable-secret,terminalbench,medium,14,5,9,0.5555555555555556,0.17587445597895182,0.4833632999622243,0.8689586451028998,5.754013759087365,10.34418624746802,28.429370099080145
terminalbench:006465:vulnerable-secret,terminalbench,medium,15,5,9,0.5555555555555556,0.17587445597895182,0.4894823672040129,0.8689586451028998,5.754013759087365,10.21487255722949,28.429370099080145
terminalbench:006465:vulnerable-secret,terminalbench,medium,16,5,9,0.5555555555555556,0.17466829688141203,0.49772977913370603,0.9143574419352462,5.468320998642995,10.04561151374638,28.62568702661973
terminalbench:006465:vulnerable-secret,terminalbench,medium,17,5,9,0.5555555555555556,0.17496751970581484,0.49772977913370603,0.9143574419352462,5.468320998642995,10.04561151374638,28.576732461012483
terminalbench:006465:vulnerable-secret,terminalbench,medium,18,5,9,0.5555555555555556,0.1863240967332877,0.5196337867754139,0.9846208689132984,5.078096715051729,9.622161081994854,26.834961702013317
terminalbench:006465:vulnerable-secret,terminalbench,medium,19,5,9,0.5555555555555556,0.1834149174093665,0.5247457559994578,0.9846208689132984,5.078096715051729,9.528423894494853,27.260596196984487
terminalbench:006465:vulnerable-secret,terminalbench,medium,20,5,9,0.5555555555555556,0.19083027978494888,0.5357360734409669,0.9823299119466588,5.08993968237374,9.332953758154861,26.201292612653596
terminalbench:006465:vulnerable-secret,terminalbench,medium,21,6,9,0.6666666666666666,0.19858000279543053,0.5526289809175742,0.8620411086994441,6.960224912071957,10.857193898947752,30.214522688777322
terminalbench:006465:vulnerable-secret,terminalbench,medium,22,6,9,0.6666666666666666,0.19858000279543053,0.5526289809175742,0.8620411086994441,6.960224912071957,10.857193898947752,30.214522688777322
terminalbench:006465:vulnerable-secret,terminalbench,medium,23,7,9,0.7777777777777778,0.20070552224139257,0.5500925450845245,0.8880902066875295,7.882082188597896,12.725131548409575,34.87696761816528
terminalbench:006465:vulnerable-secret,terminalbench,medium,24,7,9,0.7777777777777778,0.20070552224139257,0.5500925450845245,0.8880902066875295,7.882082188597896,12.725131548409575,34.87696761816528
terminalbench:006465:vulnerable-secret,terminalbench,medium,25,7,9,0.7777777777777778,0.20061795198604573,0.5563297662716704,0.9476778328958753,7.386476455410681,12.582465336901848,34.89219150481057
terminalbench:006465:vulnerable-secret,terminalbench,medium,26,8,9,0.8888888888888888,0.21026304964294656,0.569713232556839,0.8910250389772412,8.97842333273009,14.042152337056446,38.047579037710236
terminalbench:006465:vulnerable-secret,terminalbench,medium,27,8,9,0.8888888888888888,0.21026304964294656,0.569713232556839,0.8910250389772412,8.97842333273009,14.042152337056446,38.047579037710236
terminalbench:006465:vulnerable-secret,terminalbench,medium,28,9,9,1.0,0.21979043659298106,0.5732107637587187,0.905334608512327,9.941075835805139,15.701031050052585,40.9480964663929
terminalbench:006465:vulnerable-secret,terminalbench,medium,29,9,9,1.0,0.21979043659298106,0.5732107637587187,0.905334608512327,9.941075835805139,15.701031050052585,40.9480964663929
terminalbench:006500:dcbcffe5-a4d5-411f-8f57-3cdce2fe6fb6,terminalbench,short,1,0,2,0.0,0.0,0.0,0.0,0.9999016266082511,4.998209150101614,23.018392050442273
terminalbench:006500:dcbcffe5-a4d5-411f-8f57-3cdce2fe6fb6,terminalbench,short,2,0,2,0.0,0.0,0.0,0.0,0.9999016266082511,4.937356845746983,23.018392050442273
terminalbench:006500:dcbcffe5-a4d5-411f-8f57-3cdce2fe6fb6,terminalbench,short,3,0,2,0.0,0.0,0.0,0.0,0.9999016266082511,4.28264534708415,23.018392050442273
terminalbench:006500:dcbcffe5-a4d5-411f-8f57-3cdce2fe6fb6,terminalbench,short,4,1,2,0.5,0.038663108749866525,0.22496734056526999,0.4880268837016892,2.0490674456599383,4.4450896627364855,25.86444888510038
terminalbench:006500:dcbcffe5-a4d5-411f-8f57-3cdce2fe6fb6,terminalbench,short,5,1,2,0.5,0.038663108749866525,0.22496734056526999,0.4880268837016892,2.0490674456599383,4.4450896627364855,25.86444888510038
terminalbench:006500:dcbcffe5-a4d5-411f-8f57-3cdce2fe6fb6,terminalbench,short,6,1,2,0.5,0.038663108749866525,0.22367855176605006,0.4847844165782021,2.0627725764338525,4.470701335038687,25.86444888510038
terminalbench:006500:dcbcffe5-a4d5-411f-8f57-3cdce2fe6fb6,terminalbench,short,7,1,2,0.5,0.038663108749866525,0.22367855176605006,0.4847844165782021,2.0627725764338525,4.470701335038687,25.86444888510038
terminalbench:006500:dcbcffe5-a4d5-411f-8f57-3cdce2fe6fb6,terminalbench,short,8,1,2,0.5,0.039136307320433925,0.23329182717173316,0.4869209904384063,2.0537212805297953,4.28647677941958,25.551720856348602
terminalbench:006500:dcbcffe5-a4d5-411f-8f57-3cdce2fe6fb6,terminalbench,short,9,1,2,0.5,0.039136307320433925,0.23329182717173316,0.4869209904384063,2.0537212805297953,4.28647677941958,25.551720856348602
