source,length_tercile,current_step,n,mean_predicted_p,observed_rate,mean_bias
hermes,long,1,3563,0.6456722345520333,0.47544204322200395,0.1702301913300293
hermes,long,2,3563,0.6456722345520333,0.47544204322200395,0.1702301913300293
hermes,long,3,3507,0.6781961739764347,0.4998574280011406,0.17833874597529414
hermes,long,4,3459,0.6606438238997063,0.4943625325238508,0.1662812913758555
hermes,long,5,3034,0.6270221467757138,0.42419248516809493,0.20282966160761884
hermes,long,6,3048,0.6231526160325437,0.4271653543307087,0.195987261701835
hermes,long,7,3013,0.6202114194232359,0.4284766013939595,0.1917348180292764
hermes,long,8,3006,0.6184732851384938,0.4301397205588822,0.18833356457961153
hermes,long,9,2942,0.5954369145331772,0.42861998640380694,0.1668169281293702
hermes,long,10,2960,0.5943310586502929,0.43243243243243246,0.16189862621786044
hermes,long,11,2905,0.5827947318848351,0.43029259896729777,0.15250213291753734
hermes,long,12,2856,0.6141290649516707,0.42471988795518206,0.18940917699648868
hermes,long,13,2816,0.5981520399082327,0.42720170454545453,0.1709503353627782
hermes,long,14,2798,0.5943138488807447,0.42887776983559683,0.16543607904514784
hermes,long,15,2775,0.588357454155147,0.4407207207207207,0.14763673343442624
hermes,long,16,2720,0.615859576294646,0.4349264705882353,0.18093310570641075
hermes,long,17,2719,0.6168459985342216,0.4494299374770136,0.16741606105720802
hermes,long,18,2710,0.6117708335537235,0.45018450184501846,0.16158633170870507
hermes,long,19,2727,0.6154173307791971,0.46864686468646866,0.14677046609272848
hermes,long,20,2699,0.6089872329638525,0.4649870322341608,0.14400020072969166
hermes,long,21,2702,0.6081371523662378,0.4859363434492968,0.12220080891694096
hermes,long,22,2594,0.6042765283585109,0.4710871241326137,0.13318940422589715
hermes,long,23,2623,0.6028812173994346,0.5013343499809378,0.10154686741849672
hermes,long,24,2514,0.6495321577052032,0.48528241845664283,0.1642497392485604
hermes,long,25,2539,0.6533478698182655,0.520677432059866,0.13267043775839948
hermes,long,26,2510,0.650366725771837,0.5207171314741036,0.12964959429773337
hermes,long,27,2544,0.6568904385679727,0.5518867924528302,0.10500364611514246
hermes,long,28,2537,0.652601391911917,0.5573512022073315,0.09525018970458554
hermes,long,29,2551,0.6491824508417762,0.5876127009016072,0.06156974994016895
hermes,long,30,2513,0.6462502642517924,0.5853561480302427,0.06089411622154972
hermes,long,31,2554,0.647541780895312,0.6233359436178544,0.02420583727745762
hermes,long,32,2318,0.6819956950538346,0.5918895599654875,0.09010613508834708
hermes,long,33,2304,0.6773134315069167,0.6158854166666666,0.06142801484025007
hermes,long,34,2179,0.6791197312657554,0.5979807251032584,0.08113900616249703
hermes,long,35,2109,0.6739378852439344,0.6173541963015647,0.05658368894236965
hermes,long,36,2024,0.6739212326569584,0.6057312252964426,0.06819000736051573
hermes,long,37,1983,0.6692254007467381,0.6348966212808875,0.034328779465850556
hermes,long,38,1908,0.6719609131372838,0.6263102725366876,0.045650640600596204
hermes,long,39,1901,0.6667577513720829,0.6559705418200947,0.010787209551988197
hermes,long,40,1796,0.665574110247872,0.6425389755011136,0.023035134746758446
hermes,long,41,1774,0.6674669932516383,0.673055242390079,-0.005588249138440693
hermes,long,42,1728,0.6671238479994348,0.6684027777777778,-0.0012789297783429854
hermes,long,43,1701,0.6615336082445542,0.7172251616696061,-0.05569155342505194
hermes,long,44,1607,0.6584249854628713,0.7081518357187305,-0.04972685025585921
hermes,long,45,1594,0.6568273066047217,0.7446675031367629,-0.08784019653204123
hermes,long,46,1537,0.6606982639725889,0.7423552374756018,-0.08165697350301293
hermes,long,47,1528,0.6587634370718692,0.7833769633507853,-0.12461352627891609
hermes,long,48,1281,0.7294451493759893,0.7486338797814208,-0.019188730405431564
hermes,long,49,1289,0.7276186557317966,0.7866563227307991,-0.05903766699900248
hermes,long,50,1095,0.7308166531670937,0.7534246575342466,-0.022608004367152934
hermes,long,51,1077,0.7219460359664533,0.7688022284122563,-0.04685619244580297
hermes,long,52,1010,0.7289651524484236,0.7623762376237624,-0.03341108517533875
hermes,long,53,740,0.7123873043625624,0.7148648648648649,-0.0024775605023025227
hermes,long,54,673,0.7100493186695125,0.6983655274888558,0.011683791180656655
hermes,long,55,651,0.7046432123939438,0.7311827956989247,-0.026539583304980963
hermes,long,56,577,0.7092329593352594,0.707105719237435,0.00212724009782439
hermes,long,57,544,0.7037264430652747,0.7169117647058824,-0.013185321640607706
hermes,long,58,500,0.7063077007912889,0.696,0.010307700791288954
hermes,long,59,476,0.7048476667395795,0.7100840336134454,-0.005236366873865861
hermes,long,60,434,0.7144200490009099,0.6889400921658986,0.025479956835011364
hermes,long,61,395,0.7119977049787082,0.6886075949367089,0.023390110041999312
hermes,long,62,361,0.7228296510330585,0.667590027700831,0.05523962333222754
hermes,long,63,341,0.7176268255299725,0.6744868035190615,0.04314002201091094
hermes,long,64,330,0.6957118838862368,0.6696969696969697,0.026014914189267158
hermes,long,65,312,0.6915381243364893,0.6826923076923077,0.008845816644181603
hermes,long,66,294,0.6925304194895636,0.6632653061224489,0.02926511336711468
hermes,long,67,286,0.6949110032344754,0.6818181818181818,0.013092821416293643
hermes,long,68,269,0.6973082164734825,0.6654275092936803,0.03188070717980218
hermes,long,69,246,0.7062538704996221,0.6747967479674797,0.03145712253214239
hermes,long,70,245,0.7042324591342333,0.6816326530612244,0.02259980607300882
hermes,long,71,243,0.6931817102494485,0.7119341563786008,-0.018752446129152278
hermes,long,72,221,0.6851736904290199,0.6877828054298643,-0.0026091150008443753
hermes,long,73,215,0.6959125135738068,0.7348837209302326,-0.038971207356425785
hermes,long,74,201,0.6921507641310167,0.7164179104477612,-0.024267146316744426
hermes,long,75,189,0.6993767059937739,0.7248677248677249,-0.025491018873951
hermes,long,76,172,0.6906096818167272,0.7267441860465116,-0.03613450422978437
hermes,long,77,154,0.7000961209163552,0.7727272727272727,-0.0726311518109175
hermes,long,78,136,0.6900844296523951,0.7426470588235294,-0.0525626291711343
hermes,long,79,128,0.6978488683435388,0.7890625,-0.09121363165646124
hermes,long,80,114,0.7085084339800523,0.7631578947368421,-0.05464946075678989
hermes,long,81,110,0.6949970140847908,0.7818181818181819,-0.0868211677333911
hermes,long,82,94,0.6674356073930534,0.7553191489361702,-0.08788354154311684
hermes,long,83,82,0.7027459309299683,0.7439024390243902,-0.04115650809442195
hermes,long,84,78,0.6910450432860784,0.7307692307692307,-0.03972418748315232
hermes,long,85,64,0.6753231577161032,0.703125,-0.027801842283896816
hermes,long,86,54,0.6687373504386365,0.7037037037037037,-0.03496635326506725
hermes,long,87,48,0.7031530273218825,0.7291666666666666,-0.02601363934478418
hermes,long,88,45,0.6723818816058419,0.7111111111111111,-0.03872922950526925
hermes,long,89,43,0.6317587664410097,0.6976744186046512,-0.06591565216364148
hermes,long,90,43,0.6317587664410097,0.6976744186046512,-0.06591565216364148
hermes,long,91,43,0.6460135171368232,0.7441860465116279,-0.0981725293748047
hermes,long,92,43,0.6460135171368232,0.7441860465116279,-0.0981725293748047
hermes,long,93,43,0.6449006220482314,0.7674418604651163,-0.12254123841688491
hermes,long,94,43,0.6449006220482314,0.7674418604651163,-0.12254123841688491
hermes,long,95,46,0.597717660544858,0.8695652173913043,-0.27184755684644635
hermes,long,96,42,0.5888248189109686,0.8571428571428571,-0.2683180382318885
hermes,long,97,42,0.5791592456796725,0.9047619047619048,-0.3256026590822323
hermes,long,98,40,0.6012606873116055,0.9,-0.2987393126883945
hermes,long,99,40,0.620070766495401,0.925,-0.304929233504599
hermes,long,100,29,0.6324363251520924,0.9310344827586207,-0.2985981576065283
hermes,long,101,29,0.6324363251520924,0.9310344827586207,-0.2985981576065283
hermes,long,102,29,0.6324363251520924,0.9310344827586207,-0.2985981576065283
hermes,long,103,29,0.6285318190219695,0.9655172413793104,-0.33698542235734086
hermes,long,104,30,0.5932379890220252,0.9666666666666667,-0.3734286776446415
hermes,long,105,30,0.5932379890220252,0.9666666666666667,-0.3734286776446415
hermes,long,106,23,0.5790639193987304,1.0,-0.42093608060126964
hermes,long,107,23,0.5790639193987304,1.0,-0.42093608060126964
hermes,long,108,17,0.584249661814941,1.0,-0.415750338185059
hermes,long,109,17,0.584249661814941,1.0,-0.415750338185059
hermes,long,110,17,0.584249661814941,1.0,-0.415750338185059
hermes,long,111,11,0.5713630631663418,1.0,-0.4286369368336582
hermes,long,112,11,0.5713630631663418,1.0,-0.4286369368336582
hermes,long,113,11,0.5713630631663418,1.0,-0.4286369368336582
hermes,long,114,11,0.5713630631663418,1.0,-0.4286369368336582
hermes,long,115,11,0.5713630631663418,1.0,-0.4286369368336582
hermes,long,116,11,0.5713630631663418,1.0,-0.4286369368336582
hermes,long,117,11,0.5713630631663418,1.0,-0.4286369368336582
hermes,long,118,5,0.5307692307692308,1.0,-0.46923076923076923
hermes,long,119,5,0.5307692307692308,1.0,-0.46923076923076923
hermes,medium,1,3570,0.6456722345520333,0.638095238095238,0.007576996456795215
hermes,medium,2,3570,0.6456722345520333,0.638095238095238,0.007576996456795215
hermes,medium,3,3430,0.670778987007616,0.6527696793002915,0.01800930770732445
hermes,medium,4,3400,0.6614044805520581,0.6511764705882352,0.010228009963822893
hermes,medium,5,2998,0.6234641584294903,0.6170780520346898,0.006386106394800528
hermes,medium,6,3022,0.6160498778413841,0.6221045665122436,-0.006054688670859454
hermes,medium,7,2986,0.6251043058935851,0.6349631614199598,-0.009858855526374666
hermes,medium,8,2891,0.6046744658842077,0.6260809408509166,-0.02140647496670889
hermes,medium,9,2903,0.6012311903125385,0.6503616947984844,-0.049130504485945914
hermes,medium,10,2882,0.5987949112627947,0.6498959056210964,-0.05110099435830173
hermes,medium,11,2881,0.5941490563061421,0.6792780284623394,-0.0851289721561973
hermes,medium,12,2823,0.6210998598538815,0.6751682607155508,-0.05406840086166931
hermes,medium,13,2777,0.6195206920716824,0.6978754051134317,-0.07835471304174935
hermes,medium,14,2783,0.6184085960250771,0.7024793388429752,-0.08407074281789806
hermes,medium,15,2784,0.6142541334686442,0.7413793103448276,-0.1271251768761834
hermes,medium,16,2726,0.6429901467791267,0.73991195891416,-0.09692181213503326
hermes,medium,17,2731,0.6538192038296738,0.7788355913584768,-0.12501638752880295
hermes,medium,18,2653,0.6503652022011388,0.7779871843196381,-0.1276219821184993
hermes,medium,19,2691,0.6551140587123944,0.8179115570419918,-0.16279749832959745
hermes,medium,20,2484,0.6532522866965416,0.8063607085346216,-0.15310842183808004
hermes,medium,21,2496,0.6549807030923713,0.8549679487179487,-0.19998724562557735
hermes,medium,22,2145,0.6458683415759753,0.8358974358974359,-0.19002909432146065
hermes,medium,23,2172,0.6479902008064398,0.8922651933701657,-0.24427499256372598
hermes,medium,24,1817,0.6991851853630918,0.8756191524490919,-0.17643396708600012
hermes,medium,25,1861,0.721494264747556,0.9220849005910801,-0.2005906358435241
hermes,medium,26,1544,0.7185752628830457,0.9093264248704663,-0.1907511619874206
hermes,medium,27,1574,0.7209825211115825,0.9637865311308768,-0.2428040100192943
hermes,medium,28,1274,0.7212728372112092,0.9583987441130298,-0.23712590690182067
hermes,medium,29,1281,0.7209158961569023,0.9953161592505855,-0.27440026309368315
hermes,medium,30,732,0.7193031246783005,0.9918032786885246,-0.2725001540102241
hermes,medium,31,726,0.7087309901370357,1.0,-0.29126900986296433
hermes,medium,32,505,0.7615070299455733,1.0,-0.2384929700544267
hermes,medium,33,55,0.6543851068814567,1.0,-0.3456148931185433
hermes,short,1,3570,0.6456722345520333,0.8072829131652661,-0.16161067861323286
hermes,short,2,3570,0.6456722345520333,0.8072829131652661,-0.16161067861323286
hermes,short,3,3299,0.6651625877692144,0.8535919975750227,-0.18842940980580825
hermes,short,4,2905,0.650572226573344,0.8413080895008606,-0.19073586292751654
hermes,short,5,2547,0.6360473602262053,0.8716136631330977,-0.2355663029068924
hermes,short,6,2214,0.6252128191221321,0.8572719060523939,-0.23205908693026178
hermes,short,7,2165,0.6308705765613212,0.8960739030023095,-0.2652033264409883
hermes,short,8,1669,0.5942957750750263,0.8705811863391252,-0.2762854112640989
hermes,short,9,1674,0.6066282985620616,0.9199522102747909,-0.31332391171272933
hermes,short,10,1242,0.596991767339403,0.895330112721417,-0.2983383453820141
hermes,short,11,1256,0.6003527030918857,0.9506369426751592,-0.3502842395832735
hermes,short,12,952,0.6161575561163194,0.9401260504201681,-0.32396849430384866
hermes,short,13,906,0.6155376690884151,0.9812362030905077,-0.3656985340020926
hermes,short,14,519,0.6237495137312798,0.9672447013487476,-0.3434951876174678
hermes,short,15,515,0.6017242210102088,1.0,-0.39827577898979116
hermes,short,16,231,0.6284538268604435,1.0,-0.3715461731395565
hermes,short,17,240,0.6389309328846923,1.0,-0.36106906711530773
swe-agent,long,1,37191,0.542502933089591,0.45301282568363316,0.08949010740595781
swe-agent,long,2,37191,0.542502933089591,0.45301282568363316,0.08949010740595781
swe-agent,long,3,37191,0.581678514471402,0.4860584550025544,0.09562005946884755
swe-agent,long,4,37179,0.5816289337591207,0.4858925737647597,0.09573635999436103
swe-agent,long,5,37173,0.5814570507875543,0.48685874155973424,0.09459830922782003
swe-agent,long,6,37178,0.579645132165181,0.4869008553445586,0.09274427682062236
swe-agent,long,7,37147,0.6031110391486163,0.5095970064877379,0.09351403266087843
swe-agent,long,8,37130,0.6022539009512837,0.5093724750875303,0.09288142586375348
swe-agent,long,9,37092,0.6221437245644768,0.5246414321147417,0.09750229244973507
swe-agent,long,10,37122,0.6240285100869147,0.5249717148860514,0.0990567952008633
swe-agent,long,11,36927,0.6339599377578476,0.5311019037560593,0.10285803400178839
swe-agent,long,12,37008,0.636233627160959,0.5318849978383052,0.10434862932265376
swe-agent,long,13,36947,0.6398835857867239,0.5389612147129672,0.10092237107375668
swe-agent,long,14,36876,0.6459293464817455,0.5380735437683046,0.10785580271344086
swe-agent,long,15,36687,0.6458861960120165,0.5427263063210401,0.10315988969097634
swe-agent,long,16,36940,0.6557803229252847,0.5453167298321603,0.11046359309312437
swe-agent,long,17,36885,0.6501854531206571,0.5522027924630608,0.09798266065759631
swe-agent,long,18,36895,0.6576019563258038,0.5523241631657406,0.10527779316006314
swe-agent,long,19,36721,0.6558503499271219,0.5573922278805044,0.09845812204661752
swe-agent,long,20,36685,0.6602272489814551,0.5569851437917405,0.10324210518971466
swe-agent,long,21,36610,0.6535716291411706,0.5635072384594373,0.09006439068173333
swe-agent,long,22,36406,0.662987557636627,0.5613085755095314,0.10167898212709559
swe-agent,long,23,36301,0.6548868695597891,0.5675050274097132,0.08738184215007594
swe-agent,long,24,35939,0.6645556406418299,0.5630651938006066,0.10149044684122333
swe-agent,long,25,35829,0.6555981156313747,0.5700131178654163,0.0855849977659584
swe-agent,long,26,35779,0.6588702727126036,0.569356326336678,0.08951394637592558
swe-agent,long,27,35686,0.6568882605154074,0.5764165218853332,0.08047173863007417
swe-agent,long,28,35541,0.6600844356615434,0.5746602515404744,0.085424184121069
swe-agent,long,29,35543,0.6520835589920683,0.5822243479728779,0.06985921101919035
swe-agent,long,30,35307,0.6554600009100202,0.5792902257342737,0.07616977517574652
swe-agent,long,31,35286,0.6475416345827459,0.5874001020234654,0.060141532559280564
swe-agent,long,32,34409,0.6669991075049827,0.5771164520910227,0.08988265541396001
swe-agent,long,33,34271,0.6564570399481197,0.5833795337165534,0.07307750623156628
swe-agent,long,34,34364,0.6611899687032008,0.5844488418111977,0.07674112689200308
swe-agent,long,35,34336,0.6550900968244032,0.5924685461323392,0.06262155069206399
swe-agent,long,36,34330,0.6588093990962509,0.5925429653364405,0.06626643375981045
swe-agent,long,37,34290,0.6492586599638479,0.6013706620005833,0.047887997963264595
swe-agent,long,38,34276,0.6527057165576783,0.6012078422219629,0.0514978743357154
swe-agent,long,39,34192,0.6461212902808676,0.6089728591483388,0.03714843113252886
swe-agent,long,40,34117,0.649774722476127,0.6080839464196734,0.04169077605645355
swe-agent,long,41,34100,0.6420050220004528,0.6164516129032258,0.02555340909722703
swe-agent,long,42,34020,0.6453713788295011,0.6156084656084656,0.029762913221035525
swe-agent,long,43,33885,0.640088281993794,0.6243175446362698,0.01577073735752421
swe-agent,long,44,33711,0.6414359696357255,0.6224081160452078,0.019027853590517618
swe-agent,long,45,33798,0.6355666302848159,0.6335877862595419,0.0019788440252739292
swe-agent,long,46,33706,0.6370046925737904,0.632528333234439,0.004476359339351421
swe-agent,long,47,33684,0.6314757863017985,0.6431837073981712,-0.011707921096372753
swe-agent,long,48,30727,0.6577609512019132,0.609594167995574,0.04816678320633927
swe-agent,long,49,30714,0.6528460014506692,0.6224197434394738,0.030426258011195362
swe-agent,long,50,30696,0.6527179099014798,0.6225241073755539,0.03019380252592596
swe-agent,long,51,30778,0.6495355785632961,0.6402300344401846,0.009305544123111575
swe-agent,long,52,30732,0.6501833808543982,0.6398542236105688,0.010329157243829434
swe-agent,long,53,30383,0.6472799782883034,0.654412006714281,-0.007132028425977599
swe-agent,long,54,30413,0.6479470165552673,0.6547529017196594,-0.006805885164392067
swe-agent,long,55,29296,0.6431207217397796,0.6606703986892408,-0.01754967694946119
swe-agent,long,56,29300,0.6425119542721452,0.6607508532423209,-0.01823889897017561
swe-agent,long,57,28058,0.6375955656345759,0.6648371231021456,-0.027241557467569733
swe-agent,long,58,28041,0.6372730160902141,0.6645626047573197,-0.027289588667105513
swe-agent,long,59,26817,0.6366544786198046,0.6674497520229705,-0.0307952734031659
swe-agent,long,60,26768,0.6358020578009678,0.6667662881052002,-0.030964230304232454
swe-agent,long,61,25678,0.6323461547132416,0.6723654490225095,-0.04001929430926787
swe-agent,long,62,25652,0.6307889670435494,0.672111336348043,-0.04132236930449362
swe-agent,long,63,24523,0.6283077864217191,0.6766301023528932,-0.04832231593117409
swe-agent,long,64,22074,0.6645222587726365,0.6420675908308418,0.022454667941794737
swe-agent,long,65,21192,0.6617053230539841,0.6472725556813892,0.014432767372594912
swe-agent,long,66,21217,0.6612119069998385,0.6477824386105482,0.013429468389290267
swe-agent,long,67,20258,0.6587120140867362,0.6538651396978972,0.0048468743888390176
swe-agent,long,68,20308,0.6587942599786649,0.6544711443766004,0.004323115602064553
swe-agent,long,69,19235,0.656422853863763,0.658019235768131,-0.0015963819043680605
swe-agent,long,70,19315,0.6568677129939794,0.659642764690655,-0.002775051696675579
swe-agent,long,71,18301,0.6546606613804159,0.6613299819681985,-0.006669320587782579
swe-agent,long,72,18343,0.6554546517921144,0.6621599520252958,-0.006705300233181388
swe-agent,long,73,17480,0.6529324950478945,0.6663615560640732,-0.01342906101617869
swe-agent,long,74,17478,0.6533527783299401,0.666323377960865,-0.01297059963092495
swe-agent,long,75,16615,0.6505510060504329,0.669094191995185,-0.018543185944752127
swe-agent,long,76,16627,0.6504864010497159,0.6693931557105912,-0.018906754660875325
swe-agent,long,77,15708,0.6478696702599862,0.6713776419658772,-0.02350797170589103
swe-agent,long,78,15721,0.6486052478785834,0.6715221678010305,-0.022916919922447043
swe-agent,long,79,14889,0.6453106038384713,0.6729128887097857,-0.027602284871314442
swe-agent,long,80,14885,0.6462360122014974,0.6728249916022842,-0.02658897940078675
swe-agent,long,81,14150,0.6422048865972992,0.676113074204947,-0.0339081876076478
swe-agent,long,82,14139,0.643211652752227,0.6757903670698069,-0.03257871431757986
swe-agent,long,83,13321,0.6370662502611985,0.6753246753246753,-0.038258425063476875
swe-agent,long,84,13325,0.6361889482046271,0.6755722326454033,-0.03938328444077621
swe-agent,long,85,12522,0.6316485899108504,0.6759303625618911,-0.04428177265104072
swe-agent,long,86,12553,0.6327226196880765,0.6768899864574205,-0.04416736676934396
swe-agent,long,87,11795,0.6277625900116731,0.6754557015684612,-0.047693111556788126
swe-agent,long,88,11813,0.627548449853017,0.6759502243291289,-0.048401774476111825
swe-agent,long,89,10994,0.6257117249469002,0.6691831908313626,-0.04347146588446238
swe-agent,long,90,11003,0.6263466599503121,0.6696355539398345,-0.0432888939895224
swe-agent,long,91,10405,0.6201931504624489,0.6676597789524267,-0.047466628489977736
swe-agent,long,92,10415,0.6198695116048569,0.6679788766202592,-0.048109365015402306
swe-agent,long,93,9823,0.6189064510557477,0.6638501476127456,-0.044943696556997925
swe-agent,long,94,9817,0.6179839042866907,0.6636446979729042,-0.04566079368621345
swe-agent,long,95,9375,0.6123420819752305,0.66464,-0.05229791802476946
swe-agent,long,96,8671,0.6350598103703636,0.638334678814439,-0.0032748684440753184
swe-agent,long,97,8320,0.6351999313592096,0.6414663461538461,-0.006266414794636521
swe-agent,long,98,8278,0.6315207255004497,0.6397680599178546,-0.008247334417404883
swe-agent,long,99,7963,0.6323270629528861,0.6414667838754239,-0.009139720922537786
swe-agent,long,100,7923,0.6290273765350262,0.6399091253313139,-0.010881748796287782
swe-agent,long,101,7511,0.6305418102757736,0.6377313273864998,-0.00718951711072624
swe-agent,long,102,7477,0.6284253485580614,0.635950247425438,-0.007524898867376617
swe-agent,long,103,7270,0.6257899311789613,0.6441540577716643,-0.018364126592703034
swe-agent,long,104,7230,0.6212172453042647,0.6420470262793915,-0.020829780975126777
swe-agent,long,105,6929,0.6233623261403914,0.6446817722615096,-0.021319446121118135
swe-agent,long,106,6932,0.621105162942308,0.6445470282746683,-0.023441865332360257
swe-agent,long,107,6624,0.6203022896238196,0.6432669082125604,-0.02296461858874077
swe-agent,long,108,6597,0.6168542693544704,0.6415037138093073,-0.024649444454836855
swe-agent,long,109,6339,0.6183603649377608,0.6441079034548036,-0.02574753851704281
swe-agent,long,110,6292,0.614665699211495,0.6416083916083916,-0.026942692396896506
swe-agent,long,111,6039,0.6165663646317467,0.6411657559198543,-0.02459939128810751
swe-agent,long,112,6024,0.6141907743299442,0.6402722443559097,-0.026081470025965503
swe-agent,long,113,5787,0.6194733852619252,0.6426473129428029,-0.02317392768087767
swe-agent,long,114,5768,0.6178693736496023,0.6414701803051318,-0.02360080665552955
swe-agent,long,115,5600,0.6151407915047884,0.6466071428571428,-0.03146635135235443
swe-agent,long,116,5569,0.6126768422762099,0.6448195367211349,-0.03214269444492501
swe-agent,long,117,5350,0.6169500075375278,0.6467289719626168,-0.029778964425088983
swe-agent,long,118,5330,0.6132443480252119,0.6457786116322701,-0.032534263607058245
swe-agent,long,119,5175,0.6156330357426427,0.6515942028985507,-0.035961167155908025
swe-agent,long,120,5172,0.6142223241307888,0.6511987625676721,-0.03697643843688325
swe-agent,long,121,5021,0.6181209454963735,0.6532563234415455,-0.035135377945171964
swe-agent,long,122,5003,0.6155775270971149,0.6522086747951229,-0.036631147698008015
swe-agent,long,123,4897,0.6179649547223433,0.657545435981213,-0.039580481258869704
swe-agent,long,124,4875,0.6147165148075107,0.656,-0.041283485192489366
swe-agent,long,125,4723,0.615080584053677,0.6631378361211094,-0.04805725206743239
swe-agent,long,126,4701,0.6114740835911524,0.6615613699212933,-0.05008728633014092
swe-agent,long,127,4587,0.6160965750664068,0.6675386963156748,-0.05144212124926795
swe-agent,long,128,4709,0.60825556579059,0.6767891272032278,-0.06853356141263778
swe-agent,long,129,4579,0.6134006719894984,0.6815898667831404,-0.06818919479364194
swe-agent,long,130,4581,0.6124385133218229,0.6810740013097577,-0.06863548798793484
swe-agent,long,131,4436,0.6155048028802443,0.6859783588818755,-0.07047355600163119
swe-agent,long,132,4430,0.6146485931578255,0.6855530474040632,-0.0709044542462377
swe-agent,long,133,4230,0.6191490029071774,0.6843971631205674,-0.06524816021338997
swe-agent,long,134,4228,0.618462201475602,0.684247871333964,-0.06578566985836198
swe-agent,long,135,4080,0.6259660923911079,0.6855392156862745,-0.05957312329516662
swe-agent,long,136,4077,0.6251339152136878,0.6853078243806721,-0.060173909166984285
swe-agent,long,137,3958,0.6329512023060202,0.6869631126831733,-0.05401191037715314
swe-agent,long,138,3959,0.6326012559362237,0.6870421823692852,-0.05444092643306142
swe-agent,long,139,3907,0.6366949676094765,0.696954184796519,-0.060259217187042524
swe-agent,long,140,3902,0.6359279245482655,0.6965658636596617,-0.060637939111396144
swe-agent,long,141,3814,0.6396529442863914,0.6992658626114315,-0.05961291832504012
swe-agent,long,142,3800,0.637092641470731,0.6981578947368421,-0.06106525326611112
swe-agent,long,143,3732,0.63752891182917,0.7079314040728831,-0.07040249224371309
swe-agent,long,144,3736,0.6378178766964857,0.7082441113490364,-0.07042623465255071
swe-agent,long,145,3675,0.6409390033477207,0.7140136054421768,-0.07307460209445615
swe-agent,long,146,3674,0.640936257532724,0.7139357648339685,-0.07299950730124449
swe-agent,long,147,3557,0.6444337039901203,0.7177396682597694,-0.07330596426964908
swe-agent,long,148,3545,0.6424264927091473,0.7167842031029619,-0.07435771039381456
swe-agent,long,149,3442,0.6444534730067599,0.720801859384079,-0.07634838637731911
swe-agent,long,150,3448,0.6445100415335052,0.7212877030162413,-0.07677766148273613
swe-agent,long,151,3287,0.6524541370723456,0.7176756921204746,-0.06522155504812899
swe-agent,long,152,3281,0.6507509433373792,0.7171594026211521,-0.06640845928377292
swe-agent,long,153,3227,0.6564253444226426,0.7238921599008367,-0.06746681547819411
swe-agent,long,154,3225,0.6554659465232847,0.7237209302325581,-0.06825498370927341
swe-agent,long,155,3157,0.6591959557367137,0.7301235350015838,-0.07092757926487003
swe-agent,long,156,3156,0.6587678484855723,0.7303548795944234,-0.07158703110885101
swe-agent,long,157,3079,0.6626585313236212,0.7343293277037999,-0.0716707963801787
swe-agent,long,158,3078,0.6623239169486359,0.7342430149447693,-0.07191909799613339
swe-agent,long,159,3004,0.6608535298252946,0.738681757656458,-0.0778282278311635
swe-agent,long,160,3002,0.6606969745058535,0.7385076615589606,-0.07781068705310712
swe-agent,long,161,2887,0.6635900811508483,0.7364045722202979,-0.0728144910694496
swe-agent,long,162,2880,0.6630892970917353,0.7357638888888889,-0.07267459179715363
swe-agent,long,163,2798,0.6685378342808629,0.7416011436740529,-0.07306330939319006
swe-agent,long,164,2799,0.6685701556337633,0.7416934619506966,-0.07312330631693331
swe-agent,long,165,2730,0.6739791880030457,0.7450549450549451,-0.07107575705189939
swe-agent,long,166,2726,0.6739286124864343,0.7446808510638298,-0.07075223857739543
swe-agent,long,167,2632,0.6803026763343506,0.7450607902735562,-0.06475811393920561
swe-agent,long,168,2633,0.6803053477661224,0.7451576148879605,-0.06485226712183811
swe-agent,long,169,2572,0.6860136947088348,0.75,-0.06398630529116522
swe-agent,long,170,2568,0.6849688957117728,0.7496105919003115,-0.06464169618853877
swe-agent,long,171,2511,0.6869174201695343,0.7526881720430108,-0.06577075187347647
swe-agent,long,172,2511,0.6873858857371142,0.7526881720430108,-0.06530228630589652
swe-agent,long,173,2472,0.6886340944848088,0.7556634304207119,-0.0670293359359031
swe-agent,long,174,2469,0.6895142808185232,0.7553665451599838,-0.06585226434146063
swe-agent,long,175,2416,0.6951431601817949,0.7599337748344371,-0.06479061465264224
swe-agent,long,176,2408,0.6936823299433929,0.7591362126245847,-0.0654538826811919
swe-agent,long,177,2372,0.7014441419545452,0.7689713322091062,-0.067527190254561
swe-agent,long,178,2370,0.7007236077222972,0.7687763713080169,-0.06805276358571966
swe-agent,long,179,2321,0.704914650949513,0.7746660922016372,-0.06975144125212418
swe-agent,long,180,2322,0.7039825785090154,0.7747631352282515,-0.07078055671923611
swe-agent,long,181,2264,0.7076955809142097,0.7782685512367491,-0.0705729703225394
swe-agent,long,182,2265,0.7079903092286108,0.7783664459161148,-0.07037613668750398
swe-agent,long,183,2208,0.7085875575433659,0.782608695652174,-0.07402113810880806
swe-agent,long,184,2208,0.7083878325770969,0.782608695652174,-0.07422086307507703
swe-agent,long,185,2172,0.7128481566182955,0.7882136279926335,-0.07536547137433802
swe-agent,long,186,2172,0.7126891729376715,0.7882136279926335,-0.07552445505496197
swe-agent,long,187,2122,0.7234366005827231,0.7945334590009425,-0.07109685841821944
swe-agent,long,188,2119,0.7231286108271284,0.7942425672487022,-0.07111395642157381
swe-agent,long,189,2057,0.7293842598274435,0.7982498784637823,-0.06886561863633878
swe-agent,long,190,2052,0.7285412478500978,0.7977582846003899,-0.06921703675029212
swe-agent,long,191,2010,0.7328663952300823,0.8024875621890547,-0.06962116695897236
swe-agent,long,192,1693,0.6417407442761525,0.7666863555818074,-0.12494561130565496
swe-agent,long,193,1666,0.6424279011869811,0.7725090036014406,-0.13008110241445947
swe-agent,long,194,1667,0.6418368706819092,0.7726454709058188,-0.1308086002239096
swe-agent,long,195,1635,0.6437086279496909,0.7804281345565749,-0.13671950660688403
swe-agent,long,196,1636,0.6425218200664108,0.780562347188264,-0.13804052712185322
swe-agent,long,197,1601,0.6476918370927925,0.7863835103060587,-0.13869167321326614
swe-agent,long,198,1598,0.6461871345738648,0.785982478097622,-0.13979534352375722
swe-agent,long,199,1572,0.6510559090959028,0.7983460559796438,-0.14729014688374098
swe-agent,long,200,1570,0.6505599497834598,0.7980891719745223,-0.14752922219106257
swe-agent,long,201,1518,0.6558560068772126,0.8036890645586298,-0.1478330576814172
swe-agent,long,202,1519,0.6556131262704912,0.803818301514154,-0.14820517524366283
swe-agent,long,203,1449,0.6560166324766189,0.8074534161490683,-0.1514367836724494
swe-agent,long,204,1449,0.6559575305626976,0.8074534161490683,-0.15149588558637073
swe-agent,long,205,1407,0.6664009014900658,0.8102345415778252,-0.14383364008775934
swe-agent,long,206,1407,0.6658736319210866,0.8102345415778252,-0.14436090965673853
swe-agent,long,207,1396,0.6635757245635588,0.8202005730659025,-0.1566248485023437
swe-agent,long,208,1400,0.6642760683673251,0.8207142857142857,-0.15643821734696062
swe-agent,long,209,1364,0.6658613867385792,0.8262463343108505,-0.16038494757227129
swe-agent,long,210,1359,0.664509437723439,0.82560706401766,-0.16109762629422109
swe-agent,long,211,1328,0.6708823001951919,0.8343373493975904,-0.1634550492023985
swe-agent,long,212,1330,0.6706079940724333,0.8345864661654135,-0.16397847209298022
swe-agent,long,213,1273,0.6697036087116975,0.8389630793401414,-0.16925947062844382
swe-agent,long,214,1273,0.6692224035263606,0.8389630793401414,-0.16974067581378072
swe-agent,long,215,1227,0.6801533585760601,0.8394458027709861,-0.15929244419492605
swe-agent,long,216,1227,0.680121928949033,0.8394458027709861,-0.15932387382195312
swe-agent,long,217,1187,0.6858686519763407,0.8424599831508003,-0.15659133117445956
swe-agent,long,218,1189,0.6864515125122218,0.8427249789739276,-0.1562734664617058
swe-agent,long,219,1152,0.6854339309511739,0.8446180555555556,-0.1591841246043817
swe-agent,long,220,1153,0.6857872342078367,0.8447528187337381,-0.15896558452590137
swe-agent,long,221,1133,0.6840354219070158,0.8464254192409533,-0.16238999733393744
swe-agent,long,222,1133,0.6841375675423522,0.8464254192409533,-0.16228785169860105
swe-agent,long,223,1081,0.6894705891263274,0.845513413506013,-0.15604282437968553
swe-agent,long,224,1081,0.6895041691243853,0.845513413506013,-0.15600924438162767
swe-agent,long,225,1067,0.6902724104379773,0.8491096532333646,-0.15883724279538736
swe-agent,long,226,1067,0.6905087750076915,0.8491096532333646,-0.15860087822567315
swe-agent,long,227,1043,0.6946927562012706,0.8523489932885906,-0.15765623708732002
swe-agent,long,228,1045,0.6952980069757126,0.8526315789473684,-0.15733357197165576
swe-agent,long,229,1010,0.6954204633032298,0.8524752475247525,-0.15705478422152264
swe-agent,long,230,1010,0.6950770342626668,0.8524752475247525,-0.1573982132620857
swe-agent,long,231,1001,0.695292106691925,0.8541458541458542,-0.15885374745392922
swe-agent,long,232,1001,0.6951406528526227,0.8541458541458542,-0.15900520129323148
swe-agent,long,233,984,0.7037146681781683,0.8526422764227642,-0.14892760824459594
swe-agent,long,234,982,0.7032530826213989,0.8523421588594705,-0.14908907623807166
swe-agent,long,235,958,0.7069590881930709,0.8528183716075156,-0.14585928341444476
swe-agent,long,236,958,0.7067878024461948,0.8528183716075156,-0.14603056916132084
swe-agent,long,237,937,0.7078456364815523,0.8548559231590181,-0.14701028667746585
swe-agent,long,238,939,0.7084753847345434,0.8551650692225772,-0.14668968448803377
swe-agent,long,239,930,0.7048387064064142,0.8569892473118279,-0.1521505409054137
swe-agent,long,240,930,0.7047129851585621,0.8569892473118279,-0.15227626215326584
swe-agent,long,241,906,0.7104054061903985,0.8554083885209713,-0.14500298233057285
swe-agent,long,242,908,0.7113521160944893,0.8557268722466961,-0.14437475615220674
swe-agent,long,243,888,0.7153212366157359,0.8581081081081081,-0.14278687149237224
swe-agent,long,244,888,0.7152865713604127,0.8581081081081081,-0.14282153674769538
swe-agent,long,245,866,0.7154958703225069,0.8568129330254042,-0.14131706270289723
swe-agent,long,246,866,0.7152746201347815,0.8568129330254042,-0.1415383128906227
swe-agent,long,247,857,0.715069582300508,0.8588098016336057,-0.14374021933309766
swe-agent,long,248,859,0.7153143120971562,0.8591385331781141,-0.14382422108095783
swe-agent,long,249,851,0.7157922165881762,0.8625146886016452,-0.146722472013469
swe-agent,long,250,851,0.7144645152604749,0.8625146886016452,-0.1480501733411702
swe-agent,long,251,822,0.7189403837300221,0.8600973236009732,-0.14115693987095113
swe-agent,long,252,822,0.7188159277363021,0.8600973236009732,-0.14128139586467114
swe-agent,long,253,822,0.7193652544098824,0.864963503649635,-0.14559824923975262
swe-agent,long,254,822,0.7191774131653512,0.864963503649635,-0.14578609048428381
swe-agent,long,255,799,0.7216305805344211,0.8635794743429287,-0.14194889380850761
swe-agent,long,256,799,0.7218207745146468,0.8635794743429287,-0.14175869982828193
swe-agent,long,257,788,0.724975224605651,0.8654822335025381,-0.14050700889688705
swe-agent,long,258,790,0.724499260153604,0.8658227848101265,-0.14132352465652254
swe-agent,long,259,778,0.7208851441669323,0.8701799485861182,-0.14929480441918597
swe-agent,long,260,778,0.7210134658544722,0.8701799485861182,-0.149166482731646
swe-agent,long,261,763,0.7283827088720658,0.8741808650065531,-0.14579815613448732
swe-agent,long,262,763,0.7280780565504206,0.8741808650065531,-0.14610280845613255
swe-agent,long,263,754,0.726985818749412,0.8753315649867374,-0.14834574623732533
swe-agent,long,264,754,0.7269341737175464,0.8753315649867374,-0.14839739126919094
swe-agent,long,265,740,0.7285687339580423,0.8770270270270271,-0.14845829306898473
swe-agent,long,266,740,0.7280893522027981,0.8770270270270271,-0.14893767482422893
swe-agent,long,267,723,0.7284217778167592,0.8769017980636238,-0.14848002024686457
swe-agent,long,268,725,0.7289740128918974,0.8772413793103448,-0.1482673664184474
swe-agent,long,269,709,0.7268654082074685,0.8787023977433004,-0.1518369895358319
swe-agent,long,270,709,0.7264927349240055,0.8787023977433004,-0.15220966281929493
swe-agent,long,271,695,0.7274600268147607,0.8805755395683453,-0.1531155127535846
swe-agent,long,272,695,0.7269728826161551,0.8805755395683453,-0.15360265695219022
swe-agent,long,273,682,0.7264662323365069,0.8826979472140762,-0.15623171487756937
swe-agent,long,274,678,0.7246231076502413,0.8820058997050148,-0.15738279205477346
swe-agent,long,275,663,0.7236649442255922,0.8823529411764706,-0.15868799695087832
swe-agent,long,276,663,0.7239510009276261,0.8823529411764706,-0.15840194024884446
swe-agent,long,277,657,0.7284840694595026,0.8843226788432268,-0.15583860938372418
swe-agent,long,278,659,0.729479068127075,0.8846737481031867,-0.1551946799761117
swe-agent,long,279,655,0.7321005114783532,0.8870229007633588,-0.15492238928500557
swe-agent,long,280,655,0.7320970287804772,0.8870229007633588,-0.15492587198288155
swe-agent,long,281,646,0.734952452833569,0.8885448916408669,-0.1535924388072979
swe-agent,long,282,646,0.7352098973019014,0.8885448916408669,-0.15333499433896547
swe-agent,long,283,649,0.7384446181640495,0.8921417565485362,-0.15369713838448673
swe-agent,long,284,649,0.7379187428008018,0.8921417565485362,-0.1542230137477344
swe-agent,long,285,643,0.7344519606987373,0.895800933125972,-0.16134897242723467
swe-agent,long,286,643,0.7345404184077238,0.895800933125972,-0.1612605147182482
swe-agent,long,287,629,0.7382217860261622,0.8966613672496025,-0.15843958122344037
swe-agent,long,288,631,0.7393621855627197,0.8969889064976229,-0.15762672093490315
swe-agent,long,289,629,0.739930443918083,0.8998410174880763,-0.15991057356999328
swe-agent,long,290,629,0.7397433143191888,0.8998410174880763,-0.1600977031688875
swe-agent,long,291,627,0.7395246232673964,0.9027113237639554,-0.16318670049655892
swe-agent,long,292,627,0.7394707536572833,0.9027113237639554,-0.16324057010667203
swe-agent,long,293,612,0.7369701033972897,0.9035947712418301,-0.16662466784454033
swe-agent,long,294,612,0.7370725164258235,0.9035947712418301,-0.16652225481600658
swe-agent,long,295,590,0.7467434064528297,0.9050847457627119,-0.15834133930988226
swe-agent,long,296,590,0.746779648050958,0.9050847457627119,-0.15830509771175394
swe-agent,long,297,581,0.746047923421263,0.9053356282271945,-0.15928770480593146
swe-agent,long,298,577,0.7447724146546306,0.9046793760831889,-0.15990696142855831
swe-agent,long,299,566,0.7465173986361071,0.9028268551236749,-0.15630945648756778
swe-agent,long,300,566,0.7464017362763268,0.9028268551236749,-0.1564251188473481
swe-agent,long,301,559,0.7513981309564722,0.9033989266547406,-0.1520007956982684
swe-agent,long,302,559,0.7510015951395425,0.9033989266547406,-0.1523973315151982
swe-agent,long,303,552,0.7488804560083576,0.9021739130434783,-0.15329345703512065
swe-agent,long,304,552,0.7491325620981699,0.9021739130434783,-0.15304135094530835
swe-agent,long,305,537,0.7551679700190832,0.8994413407821229,-0.1442733707630397
swe-agent,long,306,537,0.7550017023947151,0.8994413407821229,-0.1444396383874078
swe-agent,long,307,536,0.753638674371502,0.9048507462686567,-0.1512120718971547
swe-agent,long,308,538,0.7544438267672023,0.9052044609665427,-0.15076063419934038
swe-agent,long,309,526,0.7568524009534348,0.9049429657794676,-0.1480905648260329
swe-agent,long,310,526,0.7566133181097894,0.9049429657794676,-0.14832964766967827
swe-agent,long,311,519,0.7557603996159135,0.9075144508670521,-0.1517540512511386
swe-agent,long,312,519,0.7559691343622206,0.9075144508670521,-0.1515453165048315
swe-agent,long,313,511,0.7595900068837059,0.9080234833659491,-0.14843347648224314
swe-agent,long,314,511,0.7595900068837059,0.9080234833659491,-0.14843347648224314
swe-agent,long,315,502,0.7621480977588662,0.9063745019920318,-0.14422640423316568
swe-agent,long,316,502,0.7621480977588662,0.9063745019920318,-0.14422640423316568
swe-agent,long,317,495,0.7634064871223186,0.907070707070707,-0.1436642199483884
swe-agent,long,318,497,0.764538133969653,0.9074446680080482,-0.14290653403839526
swe-agent,long,319,493,0.7624537857429122,0.9107505070993914,-0.1482967213564792
swe-agent,long,320,493,0.7620596922701761,0.9107505070993914,-0.1486908148292153
swe-agent,long,321,491,0.7569081673978759,0.9144602851323829,-0.15755211773450695
swe-agent,long,322,491,0.7568831008147647,0.9144602851323829,-0.15757718431761814
swe-agent,long,323,480,0.7613866438821594,0.9125,-0.1511133561178406
swe-agent,long,324,480,0.761643079940303,0.9125,-0.15085692005969698
swe-agent,long,325,475,0.7657317106668338,0.9136842105263158,-0.147952499859482
swe-agent,long,326,475,0.7657317106668338,0.9136842105263158,-0.147952499859482
swe-agent,long,327,468,0.7715200918308616,0.9166666666666666,-0.14514657483580506
swe-agent,long,328,470,0.7724550193982852,0.9170212765957447,-0.14456625719745952
swe-agent,long,329,468,0.7734522675214742,0.9209401709401709,-0.14748790341869666
swe-agent,long,330,468,0.7736713496636334,0.9209401709401709,-0.1472688212765375
swe-agent,long,331,463,0.7705723342892175,0.9222462203023758,-0.15167388601315834
swe-agent,long,332,463,0.7707257131519134,0.9222462203023758,-0.1515205071504624
swe-agent,long,333,460,0.770697596975606,0.9239130434782609,-0.15321544650265484
swe-agent,long,334,460,0.7707795139568364,0.9239130434782609,-0.15313352952142445
swe-agent,long,335,454,0.7714323223565589,0.9273127753303965,-0.15588045297383757
swe-agent,long,336,454,0.7714323223565589,0.9273127753303965,-0.15588045297383757
swe-agent,long,337,442,0.7698082510165379,0.9253393665158371,-0.1555311154992992
swe-agent,long,338,444,0.7704283122120006,0.9256756756756757,-0.15524736346367507
swe-agent,long,339,440,0.7683525286821856,0.925,-0.15664747131781442
swe-agent,long,340,440,0.7683525286821856,0.925,-0.15664747131781442
swe-agent,long,341,433,0.7675659558351318,0.9260969976905312,-0.15853104185539946
swe-agent,long,342,433,0.7675971153351135,0.9260969976905312,-0.15849988235541768
swe-agent,long,343,433,0.7671724718069135,0.9260969976905312,-0.15892452588361772
swe-agent,long,344,433,0.7670380846125199,0.9260969976905312,-0.15905891307801134
swe-agent,long,345,422,0.7745465565996754,0.9265402843601895,-0.15199372776051412
swe-agent,long,346,422,0.7748944840803041,0.9265402843601895,-0.1516458002798854
swe-agent,long,347,422,0.7762646596974291,0.9265402843601895,-0.15027562466276045
swe-agent,long,348,424,0.7774152301664646,0.9268867924528302,-0.1494715622863656
swe-agent,long,349,420,0.7750885194906745,0.9285714285714286,-0.15348290908075413
swe-agent,long,350,420,0.7750885194906745,0.9285714285714286,-0.15348290908075413
swe-agent,long,351,418,0.7747713645217058,0.930622009569378,-0.1558506450476722
swe-agent,long,352,418,0.7750142795014628,0.930622009569378,-0.15560773006791517
swe-agent,long,353,409,0.778245286933675,0.9290953545232273,-0.15085006758955233
swe-agent,long,354,409,0.778245286933675,0.9290953545232273,-0.15085006758955233
swe-agent,long,355,402,0.782028584363214,0.927860696517413,-0.145832112154199
swe-agent,long,356,402,0.7816118369315413,0.927860696517413,-0.14624885958587164
swe-agent,long,357,398,0.7823930949731098,0.9296482412060302,-0.14725514623292035
swe-agent,long,358,400,0.7836846303317765,0.93,-0.14631536966822356
swe-agent,long,359,398,0.7803356571312192,0.9321608040201005,-0.15182514688888127
swe-agent,long,360,398,0.7803808175739557,0.9321608040201005,-0.15177998644614477
swe-agent,long,361,396,0.7774853965170916,0.9343434343434344,-0.15685803782634278
swe-agent,long,362,396,0.777736500426732,0.9343434343434344,-0.15660693391670233
swe-agent,long,363,375,0.7912393942895533,0.9306666666666666,-0.1394272723771134
swe-agent,long,364,375,0.7912393942895533,0.9306666666666666,-0.1394272723771134
swe-agent,long,365,375,0.7924217124496332,0.9333333333333333,-0.14091162088370013
swe-agent,long,366,375,0.7923661568940779,0.9333333333333333,-0.1409671764392555
swe-agent,long,367,367,0.7907499073419884,0.9346049046321526,-0.14385499729016427
swe-agent,long,368,369,0.7918365098505705,0.9349593495934959,-0.1431228397429254
swe-agent,long,369,367,0.7892597037559764,0.9400544959128065,-0.15079479215683012
swe-agent,long,370,367,0.7891986783789626,0.9400544959128065,-0.15085581753384392
swe-agent,long,371,360,0.7949677808220283,0.9444444444444444,-0.14947666362241607
swe-agent,long,372,360,0.7950073127638373,0.9444444444444444,-0.14943713168060713
swe-agent,long,373,360,0.794971365051419,0.9444444444444444,-0.14947307939302545
swe-agent,long,374,360,0.7946299287099828,0.9444444444444444,-0.14981451573446158
swe-agent,long,375,360,0.7974455916972145,0.9472222222222222,-0.14977663052500767
swe-agent,long,376,360,0.797273785714305,0.9472222222222222,-0.14994843650791723
swe-agent,long,377,357,0.7972825530606585,0.9467787114845938,-0.14949615842393527
swe-agent,long,378,359,0.7981143227540954,0.947075208913649,-0.1489608861595536
swe-agent,long,379,357,0.797052119006695,0.9467787114845938,-0.14972659247789877
swe-agent,long,380,357,0.797052119006695,0.9467787114845938,-0.14972659247789877
swe-agent,long,381,353,0.7992766524666239,0.9546742209631728,-0.15539756849654884
swe-agent,long,382,353,0.7992959729180459,0.9546742209631728,-0.1553782480451269
swe-agent,long,383,349,0.7981434881260305,0.9570200573065902,-0.1588765691805597
swe-agent,long,384,349,0.7977478856387377,0.9570200573065902,-0.15927217166785257
swe-agent,long,385,337,0.8029300332504625,0.9554896142433235,-0.15255958099286093
swe-agent,long,386,337,0.8025146029834003,0.9554896142433235,-0.1529750112599232
swe-agent,long,387,337,0.8021497965225945,0.9614243323442137,-0.1592745358216191
swe-agent,long,388,339,0.8033074433119499,0.9616519174041298,-0.1583444740921799
swe-agent,long,389,319,0.8153907228980715,0.9592476489028213,-0.14385692600474986
swe-agent,long,390,319,0.8153258650448665,0.9592476489028213,-0.14392178385795484
swe-agent,long,391,312,0.8112739000709516,0.9583333333333334,-0.1470594332623818
swe-agent,long,392,312,0.8112739000709516,0.9583333333333334,-0.1470594332623818
swe-agent,long,393,304,0.8076575776580767,0.9572368421052632,-0.1495792644471865
swe-agent,long,394,304,0.8073494276903073,0.9572368421052632,-0.1498874144149559
swe-agent,long,395,291,0.8106378179327438,0.9587628865979382,-0.14812506866519437
swe-agent,long,396,291,0.8104995097608586,0.9587628865979382,-0.14826337683707957
swe-agent,long,397,291,0.8117815722757351,0.9656357388316151,-0.15385416655588002
swe-agent,long,398,291,0.8117815722757351,0.9656357388316151,-0.15385416655588002
swe-agent,long,399,290,0.8095216062588525,0.9689655172413794,-0.15944391098252686
swe-agent,long,400,290,0.8095216062588525,0.9689655172413794,-0.15944391098252686
swe-agent,long,401,286,0.8156183237552393,0.9755244755244755,-0.15990615176923617
swe-agent,long,402,286,0.8156183237552393,0.9755244755244755,-0.15990615176923617
swe-agent,long,403,285,0.8170743934769269,0.9754385964912281,-0.1583642030143012
swe-agent,long,404,285,0.8161917980466935,0.9754385964912281,-0.1592467984445346
swe-agent,long,405,279,0.8199679718799066,0.978494623655914,-0.15852665177600744
swe-agent,long,406,279,0.8199326592750725,0.978494623655914,-0.15856196438084147
swe-agent,long,407,273,0.8287664134256044,0.978021978021978,-0.14925556459637357
swe-agent,long,408,273,0.8287664134256044,0.978021978021978,-0.14925556459637357
swe-agent,long,409,259,0.8334768929928945,0.9768339768339769,-0.14335708384108237
swe-agent,long,410,259,0.8334768929928945,0.9768339768339769,-0.14335708384108237
swe-agent,long,411,259,0.8352655739419951,0.9768339768339769,-0.1415684028919818
swe-agent,long,412,259,0.8349857910535166,0.9768339768339769,-0.14184818578046032
swe-agent,long,413,257,0.8337794547971237,0.9766536964980544,-0.14287424170093077
swe-agent,long,414,257,0.8337794547971237,0.9766536964980544,-0.14287424170093077
swe-agent,long,415,250,0.8434499577883862,0.976,-0.13255004221161382
swe-agent,long,416,250,0.8434499577883862,0.976,-0.13255004221161382
swe-agent,long,417,246,0.8410600282888547,0.975609756097561,-0.13454972780870622
swe-agent,long,418,246,0.8410600282888547,0.975609756097561,-0.13454972780870622
swe-agent,long,419,244,0.8398356791599965,0.9754098360655737,-0.13557415690557728
swe-agent,long,420,244,0.8398356791599965,0.9754098360655737,-0.13557415690557728
swe-agent,long,421,238,0.8358804736751518,0.9789915966386554,-0.1431111229635036
swe-agent,long,422,239,0.8362841568091705,0.9790794979079498,-0.14279534109877934
swe-agent,long,423,231,0.8415093640079255,0.9783549783549783,-0.13684561434705278
swe-agent,long,424,231,0.8417555904446281,0.9783549783549783,-0.1365993879103502
swe-agent,long,425,231,0.841921286817221,0.9826839826839827,-0.1407626958667617
swe-agent,long,426,231,0.841921286817221,0.9826839826839827,-0.1407626958667617
swe-agent,long,427,224,0.8516227719004078,0.9866071428571429,-0.1349843709567351
swe-agent,long,428,224,0.8516227719004078,0.9866071428571429,-0.1349843709567351
swe-agent,long,429,219,0.8493923653970349,0.9863013698630136,-0.13690900446597876
swe-agent,long,430,219,0.8495528500268307,0.9863013698630136,-0.13674851983618297
swe-agent,long,431,213,0.8637927416544116,0.9859154929577465,-0.12212275130333494
swe-agent,long,432,213,0.8637927416544116,0.9859154929577465,-0.12212275130333494
swe-agent,long,433,212,0.8631502545867435,0.9858490566037735,-0.12269880201702998
swe-agent,long,434,212,0.8631502545867435,0.9858490566037735,-0.12269880201702998
swe-agent,long,435,212,0.8631502545867435,0.9858490566037735,-0.12269880201702998
swe-agent,long,436,212,0.8631502545867435,0.9858490566037735,-0.12269880201702998
swe-agent,long,437,212,0.8631502545867435,0.9858490566037735,-0.12269880201702998
swe-agent,long,438,212,0.8631502545867435,0.9858490566037735,-0.12269880201702998
swe-agent,long,439,212,0.8651579818499523,0.9858490566037735,-0.12069107475382124
swe-agent,long,440,212,0.8655433561254485,0.9858490566037735,-0.120305700478325
swe-agent,long,441,206,0.8573953615129886,0.9902912621359223,-0.13289590062293377
swe-agent,long,442,206,0.8573953615129886,0.9902912621359223,-0.13289590062293377
swe-agent,long,443,202,0.8555616062954239,0.9900990099009901,-0.1345374036055662
swe-agent,long,444,202,0.8555616062954239,0.9900990099009901,-0.1345374036055662
swe-agent,long,445,197,0.8520604670261076,0.9898477157360406,-0.13778724870993297
swe-agent,long,446,197,0.8520604670261076,0.9898477157360406,-0.13778724870993297
swe-agent,long,447,188,0.8464585652000739,0.9893617021276596,-0.14290313692758572
swe-agent,long,448,188,0.847087005190216,0.9893617021276596,-0.14227469693744366
swe-agent,long,449,188,0.847087005190216,0.9893617021276596,-0.14227469693744366
swe-agent,long,450,188,0.847087005190216,0.9893617021276596,-0.14227469693744366
swe-agent,long,451,187,0.8462692886404308,0.9893048128342246,-0.14303552419379373
swe-agent,long,452,187,0.8462692886404308,0.9893048128342246,-0.14303552419379373
swe-agent,long,453,186,0.845442779439573,0.989247311827957,-0.14380453238838398
swe-agent,long,454,186,0.845442779439573,0.989247311827957,-0.14380453238838398
swe-agent,long,455,186,0.845442779439573,0.989247311827957,-0.14380453238838398
swe-agent,long,456,186,0.845442779439573,0.989247311827957,-0.14380453238838398
swe-agent,long,457,186,0.8493213478342705,0.9946236559139785,-0.145302308079708
swe-agent,long,458,186,0.8493213478342705,0.9946236559139785,-0.145302308079708
swe-agent,long,459,186,0.8449995943189686,1.0,-0.15500040568103135
swe-agent,long,460,186,0.8449995943189686,1.0,-0.15500040568103135
swe-agent,long,461,186,0.8449995943189686,1.0,-0.15500040568103135
swe-agent,long,462,186,0.8449995943189686,1.0,-0.15500040568103135
swe-agent,long,463,184,0.843477039617374,1.0,-0.15652296038262603
swe-agent,long,464,184,0.843477039617374,1.0,-0.15652296038262603
swe-agent,long,465,182,0.8430731996039798,1.0,-0.15692680039602025
swe-agent,long,466,182,0.8428020583799175,1.0,-0.1571979416200825
swe-agent,long,467,172,0.8541326409920685,1.0,-0.14586735900793146
swe-agent,long,468,172,0.8541326409920685,1.0,-0.14586735900793146
swe-agent,long,469,172,0.8541326409920685,1.0,-0.14586735900793146
swe-agent,long,470,172,0.8541326409920685,1.0,-0.14586735900793146
swe-agent,long,471,172,0.8541326409920685,1.0,-0.14586735900793146
swe-agent,long,472,172,0.8541326409920685,1.0,-0.14586735900793146
swe-agent,long,473,172,0.8541326409920685,1.0,-0.14586735900793146
swe-agent,long,474,172,0.8541326409920685,1.0,-0.14586735900793146
swe-agent,long,475,172,0.8541326409920685,1.0,-0.14586735900793146
swe-agent,long,476,172,0.8541326409920685,1.0,-0.14586735900793146
swe-agent,long,477,172,0.8541326409920685,1.0,-0.14586735900793146
swe-agent,long,478,172,0.8541326409920685,1.0,-0.14586735900793146
swe-agent,long,479,166,0.8498241822327453,1.0,-0.15017581776725475
swe-agent,long,480,166,0.8498241822327453,1.0,-0.15017581776725475
swe-agent,long,481,166,0.8498241822327453,1.0,-0.15017581776725475
swe-agent,long,482,166,0.8498241822327453,1.0,-0.15017581776725475
swe-agent,long,483,166,0.8498241822327453,1.0,-0.15017581776725475
swe-agent,long,484,166,0.8498241822327453,1.0,-0.15017581776725475
swe-agent,long,485,166,0.8498241822327453,1.0,-0.15017581776725475
swe-agent,long,486,166,0.8498241822327453,1.0,-0.15017581776725475
swe-agent,long,487,158,0.8428779136362775,1.0,-0.1571220863637225
swe-agent,long,488,158,0.8428779136362775,1.0,-0.1571220863637225
swe-agent,long,489,158,0.8428779136362775,1.0,-0.1571220863637225
swe-agent,long,490,158,0.8428779136362775,1.0,-0.1571220863637225
swe-agent,long,491,156,0.8410466780968159,1.0,-0.15895332190318412
swe-agent,long,492,156,0.8410466780968159,1.0,-0.15895332190318412
swe-agent,long,493,149,0.8549316389235319,1.0,-0.14506836107646814
swe-agent,long,494,149,0.8549316389235319,1.0,-0.14506836107646814
swe-agent,long,495,149,0.8549316389235319,1.0,-0.14506836107646814
swe-agent,long,496,149,0.8549316389235319,1.0,-0.14506836107646814
swe-agent,long,497,149,0.8549316389235319,1.0,-0.14506836107646814
swe-agent,long,498,149,0.8549316389235319,1.0,-0.14506836107646814
swe-agent,long,499,149,0.8549316389235319,1.0,-0.14506836107646814
swe-agent,long,500,149,0.8549316389235319,1.0,-0.14506836107646814
swe-agent,long,501,148,0.8539514472946368,1.0,-0.1460485527053632
swe-agent,long,502,148,0.8539514472946368,1.0,-0.1460485527053632
swe-agent,long,503,148,0.8539514472946368,1.0,-0.1460485527053632
swe-agent,long,504,148,0.8539514472946368,1.0,-0.1460485527053632
swe-agent,long,505,148,0.8539514472946368,1.0,-0.1460485527053632
swe-agent,long,506,148,0.8539514472946368,1.0,-0.1460485527053632
swe-agent,long,507,141,0.8702353603341979,1.0,-0.1297646396658021
swe-agent,long,508,141,0.8702353603341979,1.0,-0.1297646396658021
swe-agent,long,509,136,0.8657033333793344,1.0,-0.13429666662066564
swe-agent,long,510,136,0.8657033333793344,1.0,-0.13429666662066564
swe-agent,long,511,136,0.8657033333793344,1.0,-0.13429666662066564
swe-agent,long,512,136,0.8657033333793344,1.0,-0.13429666662066564
swe-agent,long,513,129,0.8588159661088209,1.0,-0.14118403389117906
swe-agent,long,514,129,0.8588159661088209,1.0,-0.14118403389117906
swe-agent,long,515,124,0.8533848964556889,1.0,-0.14661510354431107
swe-agent,long,516,124,0.8533848964556889,1.0,-0.14661510354431107
swe-agent,long,517,122,0.8511382452171007,1.0,-0.1488617547828993
swe-agent,long,518,122,0.8511382452171007,1.0,-0.1488617547828993
swe-agent,long,519,116,0.8441071279940278,1.0,-0.15589287200597224
swe-agent,long,520,116,0.8441071279940278,1.0,-0.15589287200597224
swe-agent,long,521,116,0.8441071279940278,1.0,-0.15589287200597224
swe-agent,long,522,116,0.8441071279940278,1.0,-0.15589287200597224
swe-agent,long,523,115,0.8427515378026715,1.0,-0.15724846219732846
swe-agent,long,524,115,0.8427515378026715,1.0,-0.15724846219732846
swe-agent,long,525,115,0.8427515378026715,1.0,-0.15724846219732846
swe-agent,long,526,115,0.8427515378026715,1.0,-0.15724846219732846
swe-agent,long,527,115,0.8427515378026715,1.0,-0.15724846219732846
swe-agent,long,528,115,0.8427515378026715,1.0,-0.15724846219732846
swe-agent,long,529,115,0.8427515378026715,1.0,-0.15724846219732846
swe-agent,long,530,115,0.8427515378026715,1.0,-0.15724846219732846
swe-agent,long,531,108,0.8331365289448464,1.0,-0.16686347105515364
swe-agent,long,532,108,0.8331365289448464,1.0,-0.16686347105515364
swe-agent,long,533,108,0.8331365289448464,1.0,-0.16686347105515364
swe-agent,long,534,108,0.8331365289448464,1.0,-0.16686347105515364
swe-agent,long,535,108,0.8331365289448464,1.0,-0.16686347105515364
swe-agent,long,536,108,0.8331365289448464,1.0,-0.16686347105515364
swe-agent,long,537,101,0.8535360202491951,1.0,-0.14646397975080494
swe-agent,long,538,101,0.8535360202491951,1.0,-0.14646397975080494
swe-agent,long,539,101,0.8535360202491951,1.0,-0.14646397975080494
swe-agent,long,540,101,0.8535360202491951,1.0,-0.14646397975080494
swe-agent,long,541,101,0.8535360202491951,1.0,-0.14646397975080494
swe-agent,long,542,101,0.8535360202491951,1.0,-0.14646397975080494
swe-agent,long,543,96,0.8462458914337111,1.0,-0.1537541085662889
swe-agent,long,544,96,0.8462458914337111,1.0,-0.1537541085662889
swe-agent,long,545,88,0.833518788915071,1.0,-0.16648121108492897
swe-agent,long,546,88,0.833518788915071,1.0,-0.16648121108492897
swe-agent,long,547,88,0.833518788915071,1.0,-0.16648121108492897
swe-agent,long,548,88,0.833518788915071,1.0,-0.16648121108492897
swe-agent,long,549,88,0.833518788915071,1.0,-0.16648121108492897
swe-agent,long,550,88,0.833518788915071,1.0,-0.16648121108492897
swe-agent,long,551,88,0.833518788915071,1.0,-0.16648121108492897
swe-agent,long,552,88,0.833518788915071,1.0,-0.16648121108492897
swe-agent,long,553,88,0.833518788915071,1.0,-0.16648121108492897
swe-agent,long,554,88,0.833518788915071,1.0,-0.16648121108492897
swe-agent,long,555,86,0.8298696765175246,1.0,-0.17013032348247537
swe-agent,long,556,86,0.8298696765175246,1.0,-0.17013032348247537
swe-agent,long,557,81,0.8197686384317862,1.0,-0.18023136156821384
swe-agent,long,558,81,0.8197686384317862,1.0,-0.18023136156821384
swe-agent,long,559,79,0.8154480818855133,1.0,-0.18455191811448668
swe-agent,long,560,79,0.8154480818855133,1.0,-0.18455191811448668
swe-agent,long,561,79,0.8154480818855133,1.0,-0.18455191811448668
swe-agent,long,562,79,0.8154480818855133,1.0,-0.18455191811448668
swe-agent,long,563,77,0.8109030808433303,1.0,-0.1890969191566697
swe-agent,long,564,77,0.8109030808433303,1.0,-0.1890969191566697
swe-agent,long,565,77,0.8109030808433303,1.0,-0.1890969191566697
swe-agent,long,566,77,0.8109030808433303,1.0,-0.1890969191566697
swe-agent,long,567,77,0.8109030808433303,1.0,-0.1890969191566697
swe-agent,long,568,77,0.8109030808433303,1.0,-0.1890969191566697
swe-agent,long,569,77,0.8109030808433303,1.0,-0.1890969191566697
swe-agent,long,570,77,0.8109030808433303,1.0,-0.1890969191566697
swe-agent,long,571,70,0.7936922842598354,1.0,-0.2063077157401646
swe-agent,long,572,70,0.7936922842598354,1.0,-0.2063077157401646
swe-agent,long,573,68,0.7879058625613139,1.0,-0.2120941374386861
swe-agent,long,574,68,0.7879058625613139,1.0,-0.2120941374386861
swe-agent,long,575,68,0.7879058625613139,1.0,-0.2120941374386861
swe-agent,long,576,68,0.7879058625613139,1.0,-0.2120941374386861
swe-agent,long,577,68,0.7879058625613139,1.0,-0.2120941374386861
swe-agent,long,578,68,0.7879058625613139,1.0,-0.2120941374386861
swe-agent,long,579,68,0.7879058625613139,1.0,-0.2120941374386861
swe-agent,long,580,68,0.7879058625613139,1.0,-0.2120941374386861
swe-agent,long,581,68,0.7879058625613139,1.0,-0.2120941374386861
swe-agent,long,582,68,0.7879058625613139,1.0,-0.2120941374386861
swe-agent,long,583,68,0.7879058625613139,1.0,-0.2120941374386861
swe-agent,long,584,68,0.7879058625613139,1.0,-0.2120941374386861
swe-agent,long,585,68,0.7879058625613139,1.0,-0.2120941374386861
swe-agent,long,586,68,0.7879058625613139,1.0,-0.2120941374386861
swe-agent,long,587,68,0.7879058625613139,1.0,-0.2120941374386861
swe-agent,long,588,68,0.7879058625613139,1.0,-0.2120941374386861
swe-agent,long,589,68,0.7879058625613139,1.0,-0.2120941374386861
swe-agent,long,590,68,0.7879058625613139,1.0,-0.2120941374386861
swe-agent,long,591,63,0.7714863542989843,1.0,-0.22851364570101573
swe-agent,long,592,63,0.7714863542989843,1.0,-0.22851364570101573
swe-agent,long,593,61,0.7643078537183094,1.0,-0.23569214628169055
swe-agent,long,594,61,0.7643078537183094,1.0,-0.23569214628169055
swe-agent,long,595,61,0.7643078537183094,1.0,-0.23569214628169055
swe-agent,long,596,61,0.7643078537183094,1.0,-0.23569214628169055
swe-agent,long,597,61,0.7643078537183094,1.0,-0.23569214628169055
swe-agent,long,598,61,0.7643078537183094,1.0,-0.23569214628169055
swe-agent,long,599,61,0.7643078537183094,1.0,-0.23569214628169055
swe-agent,long,600,61,0.7643078537183094,1.0,-0.23569214628169055
swe-agent,long,601,61,0.7643078537183094,1.0,-0.23569214628169055
swe-agent,long,602,61,0.7643078537183094,1.0,-0.23569214628169055
swe-agent,long,603,61,0.7643078537183094,1.0,-0.23569214628169055
swe-agent,long,604,61,0.7643078537183094,1.0,-0.23569214628169055
swe-agent,long,605,59,0.7568242342895853,1.0,-0.24317576571041466
swe-agent,long,606,59,0.7568242342895853,1.0,-0.24317576571041466
swe-agent,long,607,59,0.7568242342895853,1.0,-0.24317576571041466
swe-agent,long,608,59,0.7568242342895853,1.0,-0.24317576571041466
swe-agent,long,609,56,0.7452255325550988,1.0,-0.2547744674449012
swe-agent,long,610,56,0.7452255325550988,1.0,-0.2547744674449012
swe-agent,long,611,56,0.7452255325550988,1.0,-0.2547744674449012
swe-agent,long,612,56,0.7452255325550988,1.0,-0.2547744674449012
swe-agent,long,613,56,0.7452255325550988,1.0,-0.2547744674449012
swe-agent,long,614,56,0.7452255325550988,1.0,-0.2547744674449012
swe-agent,long,615,56,0.7452255325550988,1.0,-0.2547744674449012
swe-agent,long,616,56,0.7452255325550988,1.0,-0.2547744674449012
swe-agent,long,617,56,0.7452255325550988,1.0,-0.2547744674449012
swe-agent,long,618,56,0.7452255325550988,1.0,-0.2547744674449012
swe-agent,long,619,51,0.7208842618735894,1.0,-0.27911573812641055
swe-agent,long,620,51,0.7208842618735894,1.0,-0.27911573812641055
swe-agent,long,621,51,0.7208842618735894,1.0,-0.27911573812641055
swe-agent,long,622,51,0.7208842618735894,1.0,-0.27911573812641055
swe-agent,long,623,51,0.7208842618735894,1.0,-0.27911573812641055
swe-agent,long,624,51,0.7208842618735894,1.0,-0.27911573812641055
swe-agent,long,625,51,0.7208842618735894,1.0,-0.27911573812641055
swe-agent,long,626,51,0.7208842618735894,1.0,-0.27911573812641055
swe-agent,long,627,51,0.7208842618735894,1.0,-0.27911573812641055
swe-agent,long,628,51,0.7208842618735894,1.0,-0.27911573812641055
swe-agent,long,629,51,0.7208842618735894,1.0,-0.27911573812641055
swe-agent,long,630,51,0.7208842618735894,1.0,-0.27911573812641055
swe-agent,long,631,44,0.7444873037440967,1.0,-0.25551269625590334
swe-agent,long,632,44,0.7444873037440967,1.0,-0.25551269625590334
swe-agent,long,633,44,0.7444873037440967,1.0,-0.25551269625590334
swe-agent,long,634,44,0.7444873037440967,1.0,-0.25551269625590334
swe-agent,long,635,44,0.7444873037440967,1.0,-0.25551269625590334
swe-agent,long,636,44,0.7444873037440967,1.0,-0.25551269625590334
swe-agent,long,637,44,0.7444873037440967,1.0,-0.25551269625590334
swe-agent,long,638,44,0.7444873037440967,1.0,-0.25551269625590334
swe-agent,long,639,44,0.7444873037440967,1.0,-0.25551269625590334
swe-agent,long,640,44,0.7444873037440967,1.0,-0.25551269625590334
swe-agent,long,641,44,0.7444873037440967,1.0,-0.25551269625590334
swe-agent,long,642,44,0.7444873037440967,1.0,-0.25551269625590334
swe-agent,long,643,44,0.7444873037440967,1.0,-0.25551269625590334
swe-agent,long,644,44,0.7444873037440967,1.0,-0.25551269625590334
swe-agent,long,645,44,0.7444873037440967,1.0,-0.25551269625590334
swe-agent,long,646,44,0.7444873037440967,1.0,-0.25551269625590334
swe-agent,long,647,44,0.7444873037440967,1.0,-0.25551269625590334
swe-agent,long,648,44,0.7444873037440967,1.0,-0.25551269625590334
swe-agent,long,649,44,0.7444873037440967,1.0,-0.25551269625590334
swe-agent,long,650,44,0.7444873037440967,1.0,-0.25551269625590334
swe-agent,long,651,44,0.7444873037440967,1.0,-0.25551269625590334
swe-agent,long,652,44,0.7444873037440967,1.0,-0.25551269625590334
swe-agent,long,653,44,0.7444873037440967,1.0,-0.25551269625590334
swe-agent,long,654,44,0.7444873037440967,1.0,-0.25551269625590334
swe-agent,long,655,39,0.7125617665950713,1.0,-0.2874382334049287
swe-agent,long,656,39,0.7125617665950713,1.0,-0.2874382334049287
swe-agent,long,657,39,0.7125617665950713,1.0,-0.2874382334049287
swe-agent,long,658,39,0.7125617665950713,1.0,-0.2874382334049287
swe-agent,long,659,39,0.7125617665950713,1.0,-0.2874382334049287
swe-agent,long,660,39,0.7125617665950713,1.0,-0.2874382334049287
swe-agent,long,661,39,0.7125617665950713,1.0,-0.2874382334049287
swe-agent,long,662,39,0.7125617665950713,1.0,-0.2874382334049287
swe-agent,long,663,39,0.7125617665950713,1.0,-0.2874382334049287
swe-agent,long,664,39,0.7125617665950713,1.0,-0.2874382334049287
swe-agent,long,665,39,0.7125617665950713,1.0,-0.2874382334049287
swe-agent,long,666,39,0.7125617665950713,1.0,-0.2874382334049287
swe-agent,long,667,39,0.7125617665950713,1.0,-0.2874382334049287
swe-agent,long,668,39,0.7125617665950713,1.0,-0.2874382334049287
swe-agent,long,669,34,0.6712463655786856,1.0,-0.32875363442131444
swe-agent,long,670,34,0.6712463655786856,1.0,-0.32875363442131444
swe-agent,long,671,34,0.6712463655786856,1.0,-0.32875363442131444
swe-agent,long,672,34,0.6712463655786856,1.0,-0.32875363442131444
swe-agent,long,673,34,0.6712463655786856,1.0,-0.32875363442131444
swe-agent,long,674,34,0.6712463655786856,1.0,-0.32875363442131444
swe-agent,long,675,34,0.6712463655786856,1.0,-0.32875363442131444
swe-agent,long,676,34,0.6712463655786856,1.0,-0.32875363442131444
swe-agent,long,677,34,0.6712463655786856,1.0,-0.32875363442131444
swe-agent,long,678,34,0.6712463655786856,1.0,-0.32875363442131444
swe-agent,long,679,34,0.6712463655786856,1.0,-0.32875363442131444
swe-agent,long,680,34,0.6712463655786856,1.0,-0.32875363442131444
swe-agent,long,681,34,0.6712463655786856,1.0,-0.32875363442131444
swe-agent,long,682,34,0.6712463655786856,1.0,-0.32875363442131444
swe-agent,long,683,27,0.6760378329648873,1.0,-0.3239621670351127
swe-agent,long,684,27,0.6760378329648873,1.0,-0.3239621670351127
swe-agent,long,685,27,0.6760378329648873,1.0,-0.3239621670351127
swe-agent,long,686,27,0.6760378329648873,1.0,-0.3239621670351127
swe-agent,long,687,27,0.6760378329648873,1.0,-0.3239621670351127
swe-agent,long,688,27,0.6760378329648873,1.0,-0.3239621670351127
swe-agent,long,689,27,0.6760378329648873,1.0,-0.3239621670351127
swe-agent,long,690,27,0.6760378329648873,1.0,-0.3239621670351127
swe-agent,long,691,27,0.6760378329648873,1.0,-0.3239621670351127
swe-agent,long,692,27,0.6760378329648873,1.0,-0.3239621670351127
swe-agent,long,693,27,0.6760378329648873,1.0,-0.3239621670351127
swe-agent,long,694,27,0.6760378329648873,1.0,-0.3239621670351127
swe-agent,long,695,27,0.6760378329648873,1.0,-0.3239621670351127
swe-agent,long,696,27,0.6760378329648873,1.0,-0.3239621670351127
swe-agent,long,697,27,0.6760378329648873,1.0,-0.3239621670351127
swe-agent,long,698,27,0.6760378329648873,1.0,-0.3239621670351127
swe-agent,long,699,27,0.6760378329648873,1.0,-0.3239621670351127
swe-agent,long,700,27,0.6760378329648873,1.0,-0.3239621670351127
swe-agent,long,701,27,0.6760378329648873,1.0,-0.3239621670351127
swe-agent,long,702,27,0.6760378329648873,1.0,-0.3239621670351127
swe-agent,long,703,27,0.6760378329648873,1.0,-0.3239621670351127
swe-agent,long,704,27,0.6760378329648873,1.0,-0.3239621670351127
swe-agent,long,705,27,0.6760378329648873,1.0,-0.3239621670351127
swe-agent,long,706,27,0.6760378329648873,1.0,-0.3239621670351127
swe-agent,long,707,27,0.6760378329648873,1.0,-0.3239621670351127
swe-agent,long,708,27,0.6760378329648873,1.0,-0.3239621670351127
swe-agent,long,709,27,0.6760378329648873,1.0,-0.3239621670351127
swe-agent,long,710,27,0.6760378329648873,1.0,-0.3239621670351127
swe-agent,long,711,25,0.6513148894528246,1.0,-0.34868511054717544
swe-agent,long,712,25,0.6513148894528246,1.0,-0.34868511054717544
swe-agent,long,713,23,0.6218265648826727,1.0,-0.37817343511732726
swe-agent,long,714,23,0.6218265648826727,1.0,-0.37817343511732726
swe-agent,long,715,23,0.6218265648826727,1.0,-0.37817343511732726
swe-agent,long,716,23,0.6218265648826727,1.0,-0.37817343511732726
swe-agent,long,717,23,0.6218265648826727,1.0,-0.37817343511732726
swe-agent,long,718,23,0.6218265648826727,1.0,-0.37817343511732726
swe-agent,long,719,23,0.6218265648826727,1.0,-0.37817343511732726
swe-agent,long,720,23,0.6218265648826727,1.0,-0.37817343511732726
swe-agent,long,721,23,0.6218265648826727,1.0,-0.37817343511732726
swe-agent,long,722,23,0.6218265648826727,1.0,-0.37817343511732726
swe-agent,long,723,23,0.6218265648826727,1.0,-0.37817343511732726
swe-agent,long,724,23,0.6218265648826727,1.0,-0.37817343511732726
swe-agent,long,725,23,0.6218265648826727,1.0,-0.37817343511732726
swe-agent,long,726,23,0.6218265648826727,1.0,-0.37817343511732726
swe-agent,long,727,16,0.6479175955635005,1.0,-0.3520824044364995
swe-agent,long,728,16,0.6479175955635005,1.0,-0.3520824044364995
swe-agent,long,729,16,0.6479175955635005,1.0,-0.3520824044364995
swe-agent,long,730,16,0.6479175955635005,1.0,-0.3520824044364995
swe-agent,long,731,16,0.6479175955635005,1.0,-0.3520824044364995
swe-agent,long,732,16,0.6479175955635005,1.0,-0.3520824044364995
swe-agent,long,733,16,0.6479175955635005,1.0,-0.3520824044364995
swe-agent,long,734,16,0.6479175955635005,1.0,-0.3520824044364995
swe-agent,long,735,9,0.7278017981824987,1.0,-0.2721982018175013
swe-agent,long,736,9,0.7278017981824987,1.0,-0.2721982018175013
swe-agent,long,737,9,0.7278017981824987,1.0,-0.2721982018175013
swe-agent,long,738,9,0.7278017981824987,1.0,-0.2721982018175013
swe-agent,long,739,9,0.7278017981824987,1.0,-0.2721982018175013
swe-agent,long,740,9,0.7278017981824987,1.0,-0.2721982018175013
swe-agent,long,741,9,0.7278017981824987,1.0,-0.2721982018175013
swe-agent,long,742,9,0.7278017981824987,1.0,-0.2721982018175013
swe-agent,long,743,9,0.7278017981824987,1.0,-0.2721982018175013
swe-agent,long,744,9,0.7278017981824987,1.0,-0.2721982018175013
swe-agent,long,745,9,0.7278017981824987,1.0,-0.2721982018175013
swe-agent,long,746,9,0.7278017981824987,1.0,-0.2721982018175013
swe-agent,long,747,9,0.7278017981824987,1.0,-0.2721982018175013
swe-agent,long,748,9,0.7278017981824987,1.0,-0.2721982018175013
swe-agent,long,749,9,0.7278017981824987,1.0,-0.2721982018175013
swe-agent,long,750,9,0.7278017981824987,1.0,-0.2721982018175013
swe-agent,long,751,9,0.7278017981824987,1.0,-0.2721982018175013
swe-agent,long,752,9,0.7278017981824987,1.0,-0.2721982018175013
swe-agent,long,753,9,0.7278017981824987,1.0,-0.2721982018175013
swe-agent,long,754,9,0.7278017981824987,1.0,-0.2721982018175013
swe-agent,long,755,9,0.7278017981824987,1.0,-0.2721982018175013
swe-agent,long,756,9,0.7278017981824987,1.0,-0.2721982018175013
swe-agent,long,757,9,0.7278017981824987,1.0,-0.2721982018175013
swe-agent,long,758,9,0.7278017981824987,1.0,-0.2721982018175013
swe-agent,long,759,9,0.7278017981824987,1.0,-0.2721982018175013
swe-agent,long,760,9,0.7278017981824987,1.0,-0.2721982018175013
swe-agent,long,761,9,0.7278017981824987,1.0,-0.2721982018175013
swe-agent,long,762,9,0.7278017981824987,1.0,-0.2721982018175013
swe-agent,long,763,9,0.7278017981824987,1.0,-0.2721982018175013
swe-agent,long,764,9,0.7278017981824987,1.0,-0.2721982018175013
swe-agent,long,765,9,0.7278017981824987,1.0,-0.2721982018175013
swe-agent,long,766,9,0.7278017981824987,1.0,-0.2721982018175013
swe-agent,long,767,9,0.7278017981824987,1.0,-0.2721982018175013
swe-agent,long,768,9,0.7278017981824987,1.0,-0.2721982018175013
swe-agent,long,769,9,0.7278017981824987,1.0,-0.2721982018175013
swe-agent,long,770,9,0.7278017981824987,1.0,-0.2721982018175013
swe-agent,long,771,9,0.7278017981824987,1.0,-0.2721982018175013
swe-agent,long,772,9,0.7278017981824987,1.0,-0.2721982018175013
swe-agent,long,773,9,0.7278017981824987,1.0,-0.2721982018175013
swe-agent,long,774,9,0.7278017981824987,1.0,-0.2721982018175013
swe-agent,long,775,9,0.7278017981824987,1.0,-0.2721982018175013
swe-agent,long,776,9,0.7278017981824987,1.0,-0.2721982018175013
swe-agent,long,777,9,0.7278017981824987,1.0,-0.2721982018175013
swe-agent,long,778,9,0.7278017981824987,1.0,-0.2721982018175013
swe-agent,long,779,9,0.7278017981824987,1.0,-0.2721982018175013
swe-agent,long,780,9,0.7278017981824987,1.0,-0.2721982018175013
swe-agent,long,781,9,0.7278017981824987,1.0,-0.2721982018175013
swe-agent,long,782,9,0.7278017981824987,1.0,-0.2721982018175013
swe-agent,long,783,9,0.7278017981824987,1.0,-0.2721982018175013
swe-agent,long,784,9,0.7278017981824987,1.0,-0.2721982018175013
swe-agent,long,785,9,0.7278017981824987,1.0,-0.2721982018175013
swe-agent,long,786,9,0.7278017981824987,1.0,-0.2721982018175013
swe-agent,long,787,9,0.7278017981824987,1.0,-0.2721982018175013
swe-agent,long,788,9,0.7278017981824987,1.0,-0.2721982018175013
swe-agent,long,789,7,0.6527649913747642,1.0,-0.3472350086252358
swe-agent,long,790,7,0.6527649913747642,1.0,-0.3472350086252358
swe-agent,medium,1,37198,0.542502933089591,0.5334964245389537,0.009006508550637227
swe-agent,medium,2,37198,0.542502933089591,0.5334964245389537,0.009006508550637227
swe-agent,medium,3,37198,0.5900936009069051,0.5841174256680467,0.0059761752388584055
swe-agent,medium,4,37182,0.5899560465764054,0.5839384648485827,0.006017581727822741
swe-agent,medium,5,37168,0.5899236450877517,0.584427464485579,0.005496180602172718
swe-agent,medium,6,37181,0.5883189940931722,0.58457276565988,0.003746228433292198
swe-agent,medium,7,37167,0.6112781985092499,0.600667258589609,0.010610939919640905
swe-agent,medium,8,37158,0.6115699150631037,0.600570536627375,0.010999378435728624
swe-agent,medium,9,37096,0.6322571392769479,0.6275339659262454,0.004723173350702492
swe-agent,medium,10,37131,0.6333381018515132,0.6278850556139075,0.005453046237605674
swe-agent,medium,11,36940,0.6424059528166701,0.6362208987547374,0.006185054061932704
swe-agent,medium,12,37003,0.6448073404328252,0.6368402561954436,0.007967084237381572
swe-agent,medium,13,36956,0.6477077960038857,0.6484738608074467,-0.0007660648035610063
swe-agent,medium,14,36915,0.6529089294408728,0.648083434918055,0.004825494522817775
swe-agent,medium,15,36722,0.6542735064992947,0.6568542018408583,-0.002580695341563577
swe-agent,medium,16,36965,0.6632748569370421,0.65910996888949,0.004164888047552107
swe-agent,medium,17,36896,0.6563409960654245,0.6711025585429314,-0.014761562477506929
swe-agent,medium,18,36940,0.6631335814814029,0.6714943151055766,-0.008360733624173666
swe-agent,medium,19,36708,0.6604114223507987,0.6853002070393375,-0.024888784688538723
swe-agent,medium,20,36706,0.6658872013098555,0.6852830599901923,-0.019395858680336886
swe-agent,medium,21,36621,0.6566285523752666,0.7059610605936485,-0.049332508218381865
swe-agent,medium,22,36350,0.6644980986426301,0.7037689133425035,-0.03927081469987337
swe-agent,medium,23,36277,0.6543473561693359,0.7360310940816496,-0.08168373791231365
swe-agent,medium,24,36071,0.6600225672156256,0.7345235784979623,-0.07450101128233677
swe-agent,medium,25,34203,0.6480107091939957,0.7611905388416221,-0.1131798296476264
swe-agent,medium,26,34187,0.652403874317871,0.7610787726328722,-0.10867489831500121
swe-agent,medium,27,29530,0.6481305085835574,0.7666102268879106,-0.11847971830435322
swe-agent,medium,28,29467,0.6524035951686353,0.7661112430854855,-0.11370764791685017
swe-agent,medium,29,25661,0.6416608392372944,0.7742488601379526,-0.13258802090065813
swe-agent,medium,30,25575,0.6454160307097654,0.7734897360703812,-0.1280737053606158
swe-agent,medium,31,22260,0.6370468671321763,0.7858041329739442,-0.14875726584176796
swe-agent,medium,32,21901,0.6500877597213272,0.7822930459796357,-0.13220528625830852
swe-agent,medium,33,18770,0.6392629090852476,0.7950985615343633,-0.15583565244911568
swe-agent,medium,34,18875,0.643782080915901,0.7962384105960265,-0.15245632968012557
swe-agent,medium,35,15865,0.6412804924080211,0.8050425464859754,-0.1637620540779543
swe-agent,medium,36,15865,0.6443591893296259,0.8050425464859754,-0.16068335715634952
swe-agent,medium,37,13461,0.6362813497526039,0.8191070499962856,-0.18282570024368172
swe-agent,medium,38,13466,0.6399824422525612,0.8191742165453735,-0.1791917742928123
swe-agent,medium,39,11352,0.6318494837023989,0.8375616631430585,-0.20571217944065956
swe-agent,medium,40,11359,0.6375601040257272,0.8376617660005282,-0.20010166197480106
swe-agent,medium,41,9224,0.630974676584538,0.852558542931483,-0.22158386634694505
swe-agent,medium,42,9230,0.6340866021354015,0.8526543878656555,-0.21856778573025404
swe-agent,medium,43,7281,0.6296412780628522,0.8726823238566132,-0.24304104579376096
swe-agent,medium,44,7271,0.631547734826142,0.8725072204648604,-0.24095948563871838
swe-agent,medium,45,5675,0.6301344117437683,0.9006167400881058,-0.2704823283443375
swe-agent,medium,46,5658,0.6309571542818689,0.9003181336161188,-0.26936097933424985
swe-agent,medium,47,3974,0.6226193125297276,0.9297936587820835,-0.30717434625235596
swe-agent,medium,48,3612,0.6401444309194763,0.9227574750830565,-0.28261304416358024
swe-agent,medium,49,2283,0.6366699580514747,0.970652650021901,-0.3339826919704263
swe-agent,medium,50,2292,0.6361320146558443,0.9707678883071553,-0.334635873651311
swe-agent,medium,51,745,0.6246129942773789,1.0,-0.37538700572262107
swe-agent,medium,52,753,0.6256843675728099,1.0,-0.3743156324271901
swe-agent,short,1,37198,0.542502933089591,0.6463250712403893,-0.10382213815079833
swe-agent,short,2,37191,0.542502933089591,0.6462585034013606,-0.10375557031176963
swe-agent,short,3,36988,0.6227884887983623,0.7343192386720018,-0.11153074987363942
swe-agent,short,4,36965,0.622537848216265,0.7341539293926688,-0.11161608117640376
swe-agent,short,5,36612,0.6239493753676105,0.7344313339888561,-0.11048195862124555
swe-agent,short,6,36626,0.6225804227513234,0.7345328455195762,-0.11195242276825279
swe-agent,short,7,36265,0.6423790758913441,0.7575899627740246,-0.11521088688268044
swe-agent,short,8,36261,0.6429759168350592,0.7575632221946443,-0.11458730535958517
swe-agent,short,9,34144,0.6535069566965728,0.7893626991565136,-0.1358557424599408
swe-agent,short,10,34208,0.6527191116676289,0.789756782039289,-0.13703767037166015
swe-agent,short,11,31263,0.6582595071304044,0.8022262738700701,-0.14396676673966569
swe-agent,short,12,31448,0.6606129336932208,0.8033897227168659,-0.1427767890236451
swe-agent,short,13,27882,0.6550463612385762,0.819991392296105,-0.16494503105752878
swe-agent,short,14,27894,0.6618077656022214,0.8200688320068832,-0.15826106640466175
swe-agent,short,15,23951,0.6613072856988448,0.8442653751409127,-0.18295808944206793
swe-agent,short,16,24239,0.6668767920428339,0.846115763851644,-0.1792389718088101
swe-agent,short,17,19142,0.6556033341064768,0.8728972939086824,-0.21729395980220567
swe-agent,short,18,19163,0.664568203999075,0.8730365809111308,-0.20846837691205578
swe-agent,short,19,13784,0.6618106037429642,0.9107661056297156,-0.24895550188675142
swe-agent,short,20,13788,0.6716746428340231,0.9107919930374239,-0.23911735020340075
swe-agent,short,21,8260,0.6640271483748434,0.9608958837772397,-0.2968687354023962
swe-agent,short,22,8245,0.6744162720891097,0.9608247422680413,-0.28640847017893156
swe-agent,short,23,2887,0.668437143518756,1.0,-0.33156285648124395
swe-agent,short,24,2873,0.65995353244525,1.0,-0.34004646755475
terminalbench,long,1,3031,0.650490520282197,0.39689871329594195,0.25359180698625505
terminalbench,long,2,2996,0.6068363536053363,0.41321762349799734,0.19361873010733893
terminalbench,long,3,2985,0.6412667672074163,0.4137353433835846,0.22753142382383168
terminalbench,long,4,2959,0.6081779493435241,0.4139912132477188,0.19418673609580528
terminalbench,long,5,2852,0.6212680428861672,0.39866760168302945,0.22260044120313777
terminalbench,long,6,2837,0.5982608720010377,0.39971801198449064,0.19854286001654708
terminalbench,long,7,2822,0.5923232944639667,0.4011339475549256,0.1911893469090411
terminalbench,long,8,2793,0.6135125302584357,0.4020766201217329,0.21143591013670276
terminalbench,long,9,2789,0.6027590124454039,0.4051631409107207,0.19759587153468317
terminalbench,long,10,2805,0.5981266604362077,0.4131907308377897,0.18493592959841798
terminalbench,long,11,2791,0.5817922839276604,0.4149050519527051,0.16688723197495525
terminalbench,long,12,2786,0.5931265369835199,0.4210337401292175,0.1720927968543024
terminalbench,long,13,2787,0.5873681613201066,0.4280588446358091,0.1593093166842975
terminalbench,long,14,2792,0.58733911897875,0.4348137535816619,0.1525253653970881
terminalbench,long,15,2791,0.5826231043493136,0.4396273737011824,0.14299573064813126
terminalbench,long,16,2747,0.5930529606951337,0.4364761558063342,0.1565768048887995
terminalbench,long,17,2759,0.5926031182027262,0.4465386009423704,0.14606451726035574
terminalbench,long,18,2765,0.5873540935515857,0.4495479204339964,0.13780617311758936
terminalbench,long,19,2784,0.5814293232519478,0.46048850574712646,0.12094081750482139
terminalbench,long,20,2782,0.5831091593880182,0.4672897196261682,0.11581943976185
terminalbench,long,21,2808,0.57905329306386,0.4797008547008547,0.09935243836300528
terminalbench,long,22,2810,0.5753197803277578,0.4889679715302491,0.08635180879750864
terminalbench,long,23,2819,0.5707909288227065,0.5005321035828308,0.0702588252398757
terminalbench,long,24,2773,0.5706636549342987,0.5016227912008655,0.06904086373343321
terminalbench,long,25,2767,0.5666131590333536,0.5102999638597759,0.05631319517357769
terminalbench,long,26,2773,0.5631053587606245,0.5146051208077894,0.04850023795283509
terminalbench,long,27,2803,0.5651051396574905,0.5312165536924723,0.0338885859650182
terminalbench,long,28,2820,0.5642470182658056,0.5443262411347518,0.01992077713105378
terminalbench,long,29,2829,0.5596401405666144,0.5585012371862849,0.0011389033803295145
terminalbench,long,30,2821,0.5549356098498799,0.5636299184686282,-0.008694308618748314
terminalbench,long,31,2774,0.5538484499348378,0.5713770728190339,-0.0175286228841961
terminalbench,long,32,2717,0.5544609670831233,0.5715863084284137,-0.017125341345290424
terminalbench,long,33,2662,0.5566079163724766,0.574755822689707,-0.0181479063172304
terminalbench,long,34,2637,0.5520951169958758,0.5809632157755025,-0.028868098779626705
terminalbench,long,35,2539,0.548013590795757,0.5766049625836943,-0.02859137178793736
terminalbench,long,36,2465,0.5449232788999405,0.5740365111561866,-0.02911323225624607
terminalbench,long,37,2407,0.5412326479722207,0.5741587037806398,-0.03292605580841912
terminalbench,long,38,2338,0.5408434645887606,0.5727117194183062,-0.031868254829545584
terminalbench,long,39,2299,0.5392064853908547,0.5750326228795128,-0.03582613748865815
terminalbench,long,40,2253,0.5371440585549533,0.5752330226364847,-0.038088964081531396
terminalbench,long,41,2178,0.5366326924794372,0.5730027548209367,-0.03637006234149942
terminalbench,long,42,2096,0.5359577854865112,0.5663167938931297,-0.030359008406618537
terminalbench,long,43,2043,0.5302810136219809,0.5663240332843857,-0.03604301966240486
terminalbench,long,44,1990,0.52462819600455,0.563819095477387,-0.03919089947283694
terminalbench,long,45,1924,0.5275208104022865,0.5566528066528067,-0.02913199625052021
terminalbench,long,46,1896,0.5289395863145322,0.5606540084388185,-0.03171442212428632
terminalbench,long,47,1872,0.5249422910416381,0.5667735042735043,-0.041831213231866116
terminalbench,long,48,1834,0.5507209388813337,0.5676117775354417,-0.01689083865410801
terminalbench,long,49,1793,0.5496945677585001,0.5738984941438929,-0.024203926385392815
terminalbench,long,50,1748,0.5447928812753587,0.5726544622425629,-0.027861580967204147
terminalbench,long,51,1712,0.5423897712165692,0.5747663551401869,-0.03237658392361775
terminalbench,long,52,1658,0.539425436084594,0.5687575392038601,-0.02933210311926604
terminalbench,long,53,1610,0.5377656930618532,0.5645962732919255,-0.026830580230072343
terminalbench,long,54,1582,0.5358227651069895,0.5619469026548672,-0.02612413754787779
terminalbench,long,55,1559,0.5341881434849188,0.5638229634381013,-0.029634819953182512
terminalbench,long,56,1532,0.5313296137990181,0.564621409921671,-0.03329179612265287
terminalbench,long,57,1501,0.5297009746393605,0.564290473017988,-0.03458949837862746
terminalbench,long,58,1475,0.5236387375057122,0.568135593220339,-0.044496855714626804
terminalbench,long,59,1415,0.519097281462862,0.558303886925795,-0.039206605462932975
terminalbench,long,60,1401,0.5220496790433202,0.561741613133476,-0.03969193409015581
terminalbench,long,61,1384,0.5234905676838167,0.5679190751445087,-0.044428507460691935
terminalbench,long,62,1368,0.5191653751427346,0.5716374269005848,-0.05247205175785019
terminalbench,long,63,1348,0.5189562227881122,0.5734421364985163,-0.05448591371040412
terminalbench,long,64,1290,0.5312292111753534,0.5643410852713179,-0.0331118740959645
terminalbench,long,65,1246,0.5281569364705736,0.5561797752808989,-0.0280228388103253
terminalbench,long,66,1235,0.5229539176512354,0.5595141700404859,-0.036560252389250425
terminalbench,long,67,1211,0.517827418488086,0.5606936416184971,-0.04286622313041111
terminalbench,long,68,1193,0.5207117467625557,0.5599329421626152,-0.03922119540005953
terminalbench,long,69,1181,0.5170374495867843,0.5656223539373413,-0.04858490435055696
terminalbench,long,70,1159,0.5161472875412562,0.5616911130284729,-0.045543825487216694
terminalbench,long,71,1118,0.518985372114737,0.5518783542039356,-0.03289298208919855
terminalbench,long,72,1100,0.5170923701359911,0.5554545454545454,-0.03836217531855435
terminalbench,long,73,1094,0.5143061922206835,0.5594149908592322,-0.045108798638548664
terminalbench,long,74,1080,0.514450692922864,0.5583333333333333,-0.0438826404104693
terminalbench,long,75,1068,0.5165696390174817,0.5692883895131086,-0.05271875049562691
terminalbench,long,76,1057,0.5114109596862014,0.5808893093661306,-0.06947834967992916
terminalbench,long,77,1044,0.5065490311563423,0.578544061302682,-0.07199503014633968
terminalbench,long,78,1013,0.5045200178849697,0.5755182625863771,-0.07099824470140736
terminalbench,long,79,971,0.49858758374058226,0.5653964984552008,-0.06680891471461853
terminalbench,long,80,958,0.4966463315310648,0.5720250521920668,-0.07537872066100199
terminalbench,long,81,949,0.4992887165456564,0.5795574288724974,-0.08026871232684102
terminalbench,long,82,919,0.4983893696180439,0.5756256800870512,-0.07723631046900725
terminalbench,long,83,872,0.49892433224326965,0.5596330275229358,-0.0607086952796661
terminalbench,long,84,851,0.5008873142544679,0.5522914218566393,-0.0514041076021714
terminalbench,long,85,854,0.5014114962116976,0.5597189695550351,-0.058307473343337524
terminalbench,long,86,836,0.49703600583723007,0.5550239234449761,-0.05798791760774602
terminalbench,long,87,831,0.49852240285881705,0.555956678700361,-0.05743427584154398
terminalbench,long,88,817,0.4937424487154729,0.554467564259486,-0.06072511554401305
terminalbench,long,89,789,0.4925962610604628,0.5475285171102662,-0.054932256049803396
terminalbench,long,90,791,0.49733559612860895,0.5587863463969659,-0.061450750268356946
terminalbench,long,91,779,0.49648793860565843,0.5609756097560976,-0.06448767115043919
terminalbench,long,92,749,0.4961709977820969,0.5540720961281709,-0.05790109834607399
terminalbench,long,93,743,0.49246042977993043,0.5612382234185733,-0.06877779363864289
terminalbench,long,94,726,0.49191527547935154,0.5619834710743802,-0.07006819559502864
terminalbench,long,95,687,0.4892393814122929,0.5516739446870451,-0.06243456327475222
terminalbench,long,96,662,0.4968439046060197,0.5392749244712991,-0.04243101986527942
terminalbench,long,97,627,0.4914429125302245,0.5231259968102073,-0.03168308427998284
terminalbench,long,98,605,0.4906534073688922,0.509090909090909,-0.018437501722016858
terminalbench,long,99,597,0.4894235389494559,0.5142378559463987,-0.02481431699694281
terminalbench,long,100,589,0.49206452139848333,0.5161290322580645,-0.024064510859581167
terminalbench,long,101,585,0.49112747702822385,0.5196581196581197,-0.028530642629895853
terminalbench,long,102,570,0.48921205310880267,0.5157894736842106,-0.026577420575407906
terminalbench,long,103,554,0.48770111752581036,0.5072202166064982,-0.01951909908068783
terminalbench,long,104,547,0.4923288432262514,0.5137111517367459,-0.02138230851049444
terminalbench,long,105,532,0.48681264597268165,0.5112781954887218,-0.02446554951604013
terminalbench,long,106,532,0.48706845435578405,0.5169172932330827,-0.02984883887729861
terminalbench,long,107,513,0.4854065600652807,0.5048732943469786,-0.019466734281697873
terminalbench,long,108,506,0.4837853494611816,0.5019762845849802,-0.0181909351237986
terminalbench,long,109,495,0.48208544986926,0.49696969696969695,-0.014884247100436954
terminalbench,long,110,489,0.4795472530095388,0.5010224948875256,-0.021475241877986773
terminalbench,long,111,475,0.474748297439269,0.4905263157894737,-0.015778018350204703
terminalbench,long,112,466,0.4786132107331035,0.4871244635193133,-0.008511252786209844
terminalbench,long,113,465,0.4761279287642768,0.4924731182795699,-0.016345189515293124
terminalbench,long,114,447,0.4739372138549987,0.4742729306487696,-0.00033571679377086827
terminalbench,long,115,448,0.47763454821244294,0.48660714285714285,-0.008972594644699905
terminalbench,long,116,442,0.4851152603971558,0.4819004524886878,0.0032148079084680092
terminalbench,long,117,443,0.48628798214896474,0.48758465011286684,-0.0012966679639020984
terminalbench,long,118,443,0.4852448993755866,0.48758465011286684,-0.0023397507372802107
terminalbench,long,119,445,0.48426366268417026,0.4966292134831461,-0.012365550798975833
terminalbench,long,120,445,0.4833109718653388,0.49887640449438203,-0.015565432629043252
terminalbench,long,121,445,0.4800871898038267,0.501123595505618,-0.021036405701791328
terminalbench,long,122,437,0.4746438062628996,0.4988558352402746,-0.02421202897737501
terminalbench,long,123,437,0.4730487495768321,0.5080091533180778,-0.03496040374124576
terminalbench,long,124,429,0.47470505132622415,0.5011655011655012,-0.026460449839277034
terminalbench,long,125,421,0.4726680876939566,0.498812351543943,-0.026144263849986416
terminalbench,long,126,421,0.4731409002343167,0.505938242280285,-0.03279734204596835
terminalbench,long,127,413,0.47360998727531134,0.4963680387409201,-0.022758051465608775
terminalbench,long,128,420,0.47770377344329185,0.5119047619047619,-0.03420098846147002
terminalbench,long,129,413,0.47851289693204274,0.5036319612590799,-0.0251190643270372
terminalbench,long,130,399,0.4755044716466833,0.48621553884711777,-0.010711067200434465
terminalbench,long,131,399,0.47207229293288744,0.48872180451127817,-0.01664951157839073
terminalbench,long,132,392,0.4718607973625327,0.4846938775510204,-0.012833080188487667
terminalbench,long,133,392,0.46701764838368515,0.4897959183673469,-0.02277826998366178
terminalbench,long,134,392,0.4637703197368273,0.4923469387755102,-0.028576619038682916
terminalbench,long,135,392,0.46154185190513664,0.5,-0.038458148094863365
terminalbench,long,136,392,0.4617292821443163,0.5051020408163265,-0.04337275867201018
terminalbench,long,137,392,0.46069567528328104,0.5051020408163265,-0.044406365533045444
terminalbench,long,138,392,0.46530387643836474,0.5127551020408163,-0.047451225602451574
terminalbench,long,139,385,0.46478568875952586,0.509090909090909,-0.04430522033138318
terminalbench,long,140,378,0.4602153515367716,0.5052910052910053,-0.045075653754233724
terminalbench,long,141,378,0.45865862252215306,0.5132275132275133,-0.054568890705360196
terminalbench,long,142,378,0.46138568325816864,0.5185185185185185,-0.057132835260349846
terminalbench,long,143,371,0.4658460513868094,0.5148247978436657,-0.04897874645685635
terminalbench,long,144,371,0.4590740883163407,0.5175202156334232,-0.058446127317082486
terminalbench,long,145,371,0.4601616133617128,0.5175202156334232,-0.05735860227171041
terminalbench,long,146,371,0.4619650263569154,0.5256064690026954,-0.06364144264577998
terminalbench,long,147,364,0.4591387641376207,0.521978021978022,-0.06283925784040129
terminalbench,long,148,357,0.45440498574829613,0.5210084033613446,-0.06660341761304844
terminalbench,long,149,350,0.4444834845888872,0.5171428571428571,-0.07265937255396993
terminalbench,long,150,350,0.44376968986998366,0.5257142857142857,-0.08194459584430203
terminalbench,long,151,343,0.4409887282712716,0.5189504373177842,-0.07796170904651262
terminalbench,long,152,329,0.4421714704813758,0.5045592705167173,-0.062387800035341556
terminalbench,long,153,329,0.4471458290313134,0.513677811550152,-0.06653198251883863
terminalbench,long,154,322,0.4487643143415922,0.5062111801242236,-0.05744686578263142
terminalbench,long,155,322,0.4466594199155559,0.5124223602484472,-0.06576294033289132
terminalbench,long,156,322,0.44887914265768697,0.5186335403726708,-0.06975439771498387
terminalbench,long,157,315,0.445050310214909,0.5174603174603175,-0.07241000724540853
terminalbench,long,158,308,0.44651547428888677,0.512987012987013,-0.06647153869812622
terminalbench,long,159,301,0.4432583187478146,0.5149501661129569,-0.07169184736514228
terminalbench,long,160,301,0.44275946247206344,0.5182724252491694,-0.07551296277710595
terminalbench,long,161,294,0.44252785274649686,0.5170068027210885,-0.07447894997459159
terminalbench,long,162,287,0.4420104628044284,0.5052264808362369,-0.06321601803180849
terminalbench,long,163,280,0.438989091904461,0.5,-0.061010908095538996
terminalbench,long,164,280,0.43704226422635706,0.5071428571428571,-0.07010059291650006
terminalbench,long,165,280,0.4388539920173367,0.5107142857142857,-0.07186029369694896
terminalbench,long,166,280,0.43432612465204945,0.5142857142857142,-0.07995958963366478
terminalbench,long,167,259,0.42379983362154794,0.4826254826254826,-0.058825649003934666
terminalbench,long,168,245,0.42130461675762776,0.45714285714285713,-0.03583824038522937
terminalbench,long,169,238,0.42403492385171354,0.44537815126050423,-0.021343227408790688
terminalbench,long,170,238,0.4220287487611768,0.44537815126050423,-0.023349402499327432
terminalbench,long,171,224,0.41748446455346117,0.41517857142857145,0.002305893124889713
terminalbench,long,172,224,0.4153782006158182,0.41517857142857145,0.0001996291872467526
terminalbench,long,173,224,0.4166349660819613,0.42410714285714285,-0.007472176775181527
terminalbench,long,174,224,0.41556320368639327,0.42410714285714285,-0.008543939170749582
terminalbench,long,175,224,0.4083484783827793,0.42857142857142855,-0.020222950188649225
terminalbench,long,176,224,0.41034104215009176,0.4375,-0.02715895784990824
terminalbench,long,177,224,0.41428172831479154,0.44642857142857145,-0.03214684311377991
terminalbench,long,178,224,0.4115606556894185,0.45089285714285715,-0.03933220145343863
terminalbench,long,179,224,0.4091352707729773,0.45535714285714285,-0.04622187208416556
terminalbench,long,180,224,0.4020225553868516,0.45982142857142855,-0.05779887318457694
terminalbench,long,181,224,0.40645445392944207,0.46875,-0.06229554607055793
terminalbench,long,182,224,0.4076383932803931,0.49107142857142855,-0.08343303529103546
terminalbench,long,183,224,0.4044364914088915,0.5,-0.09556350859110851
terminalbench,long,184,224,0.4035533474680079,0.5,-0.09644665253199208
terminalbench,long,185,217,0.41167398522459925,0.5253456221198156,-0.11367163689521637
terminalbench,long,186,217,0.41207478794257585,0.5299539170506913,-0.11787912910811543
terminalbench,long,187,210,0.40290818162507613,0.5190476190476191,-0.11613943742254296
terminalbench,long,188,189,0.40101455939183434,0.48148148148148145,-0.08046692208964712
terminalbench,long,189,189,0.40114633880988604,0.49206349206349204,-0.090917153253606
terminalbench,long,190,182,0.40403201186583576,0.4835164835164835,-0.07948447165064776
terminalbench,long,191,182,0.40496513626897246,0.489010989010989,-0.08404585274201654
terminalbench,long,192,175,0.39385121424364644,0.4742857142857143,-0.08043450004206787
terminalbench,long,193,175,0.39385121424364644,0.4742857142857143,-0.08043450004206787
terminalbench,long,194,175,0.39585666853396284,0.48,-0.08414333146603714
terminalbench,long,195,175,0.39619836374029216,0.48,-0.08380163625970782
terminalbench,long,196,175,0.3970871394573483,0.49714285714285716,-0.10005571768550886
terminalbench,long,197,161,0.3910202780341697,0.45962732919254656,-0.06860705115837684
terminalbench,long,198,154,0.3883368822855757,0.44155844155844154,-0.053221559272865815
terminalbench,long,199,154,0.397165850935973,0.44805194805194803,-0.050886097115975026
terminalbench,long,200,154,0.3938179147548485,0.44805194805194803,-0.054234033297099526
terminalbench,long,201,154,0.39568617705227127,0.44805194805194803,-0.052365770999676764
terminalbench,long,202,154,0.394157644320731,0.45454545454545453,-0.060387810224723504
terminalbench,long,203,154,0.39442855280421935,0.461038961038961,-0.06661040823474168
terminalbench,long,204,147,0.39781298087366523,0.4897959183673469,-0.0919829374936817
terminalbench,long,205,147,0.40008866317891695,0.5034013605442177,-0.10331269736530074
terminalbench,long,206,147,0.3992851275415468,0.5102040816326531,-0.11091895409110625
terminalbench,long,207,147,0.38920871266948853,0.5102040816326531,-0.12099536896316454
terminalbench,long,208,140,0.37842705518812986,0.4857142857142857,-0.10728723052615585
terminalbench,long,209,140,0.3831916529871782,0.4928571428571429,-0.10966548986996466
terminalbench,long,210,133,0.3814412460715388,0.46616541353383456,-0.08472416746229577
terminalbench,long,211,133,0.3746823315330822,0.46616541353383456,-0.09148308200075234
terminalbench,long,212,126,0.37621479415619974,0.4523809523809524,-0.07616615822475264
terminalbench,long,213,119,0.38605490338103965,0.42016806722689076,-0.03411316384585111
terminalbench,long,214,119,0.37503359095100597,0.42016806722689076,-0.045134476275884794
terminalbench,long,215,119,0.3720419616919139,0.42016806722689076,-0.04812610553497687
terminalbench,long,216,119,0.3837603783573315,0.42016806722689076,-0.03640768886955925
terminalbench,long,217,119,0.3837926989778875,0.42016806722689076,-0.03637536824900328
terminalbench,long,218,119,0.3741280057344079,0.42016806722689076,-0.04604006149248285
terminalbench,long,219,119,0.3748422623310173,0.42857142857142855,-0.05372916624041124
terminalbench,long,220,112,0.3750356100333726,0.39285714285714285,-0.017821532823770248
terminalbench,long,221,112,0.3700776420658301,0.4107142857142857,-0.040636643648455595
terminalbench,long,222,112,0.37408990835488215,0.4107142857142857,-0.03662437735940355
terminalbench,long,223,112,0.3719254164064027,0.41964285714285715,-0.04771744073645445
terminalbench,long,224,112,0.37141946402545034,0.41964285714285715,-0.04822339311740681
terminalbench,long,225,112,0.37085453503000443,0.42857142857142855,-0.05771689354142412
terminalbench,long,226,112,0.36954257551303415,0.44642857142857145,-0.0768859959155373
terminalbench,long,227,105,0.36756551190181375,0.4095238095238095,-0.041958297621995766
terminalbench,long,228,105,0.3618802395718045,0.4095238095238095,-0.04764356995200503
terminalbench,long,229,105,0.3630699511432593,0.4095238095238095,-0.04645385838055022
terminalbench,long,230,105,0.36530539612816276,0.42857142857142855,-0.06326603244326579
terminalbench,long,231,105,0.36089500734230273,0.42857142857142855,-0.06767642122912582
terminalbench,long,232,105,0.3609979318462662,0.42857142857142855,-0.06757349672516233
terminalbench,long,233,105,0.353769581060015,0.4380952380952381,-0.0843256570352231
terminalbench,long,234,105,0.3593805044717818,0.44761904761904764,-0.08823854314726581
terminalbench,long,235,98,0.3669678661823693,0.41836734693877553,-0.05139948075640621
terminalbench,long,236,98,0.36181733246657893,0.4387755102040816,-0.07695817773750269
terminalbench,long,237,98,0.36014136650644113,0.46938775510204084,-0.10924638859559971
terminalbench,long,238,98,0.35743209421191535,0.46938775510204084,-0.11195566089012549
terminalbench,long,239,98,0.3502220383158002,0.4897959183673469,-0.13957388005154675
terminalbench,long,240,98,0.35756313673007845,0.4897959183673469,-0.13223278163726848
terminalbench,long,241,98,0.37815315550805284,0.5,-0.12184684449194716
terminalbench,long,242,91,0.3854249125265492,0.4725274725274725,-0.08710256000092331
terminalbench,long,243,84,0.3624493957580317,0.44047619047619047,-0.07802679471815877
terminalbench,long,244,84,0.3615497189149587,0.44047619047619047,-0.07892647156123178
terminalbench,long,245,84,0.35241764245211216,0.4523809523809524,-0.09996330992884023
terminalbench,long,246,84,0.3544696028374058,0.4523809523809524,-0.09791134954354658
terminalbench,long,247,84,0.3575000348738557,0.47619047619047616,-0.11869044131662049
terminalbench,long,248,84,0.3601455375193583,0.47619047619047616,-0.11604493867111787
terminalbench,long,249,77,0.3571025383459015,0.42857142857142855,-0.07146889022552705
terminalbench,long,250,77,0.3527735340168972,0.42857142857142855,-0.07579789455453134
terminalbench,long,251,77,0.35649279047013815,0.44155844155844154,-0.08506565108830338
terminalbench,long,252,77,0.3555976404224457,0.44155844155844154,-0.08596080113599586
terminalbench,long,253,77,0.35860832003786863,0.44155844155844154,-0.0829501215205729
terminalbench,long,254,77,0.3633956895311205,0.44155844155844154,-0.07816275202732104
terminalbench,long,255,77,0.38129546138720316,0.45454545454545453,-0.07324999315825137
terminalbench,long,256,70,0.3809869298839888,0.4142857142857143,-0.03329878440172551
terminalbench,long,257,70,0.36469499353067125,0.42857142857142855,-0.0638764350407573
terminalbench,long,258,63,0.3686305682519096,0.42857142857142855,-0.05994086031951895
terminalbench,long,259,63,0.36099369659551706,0.4444444444444444,-0.08345074784892736
terminalbench,long,260,63,0.3697917666962691,0.4444444444444444,-0.0746526777481753
terminalbench,long,261,56,0.3648030875557707,0.375,-0.010196912444229322
terminalbench,long,262,56,0.3459333823856424,0.39285714285714285,-0.04692376047150043
terminalbench,long,263,56,0.34928525223411094,0.39285714285714285,-0.043571890623031906
terminalbench,long,264,56,0.3507495897833542,0.39285714285714285,-0.04210755307378866
terminalbench,long,265,56,0.3512666933760684,0.4107142857142857,-0.05944759233821728
terminalbench,long,266,56,0.3463363797872181,0.4107142857142857,-0.0643779059270676
terminalbench,long,267,56,0.3462671608117491,0.42857142857142855,-0.08230426775967947
terminalbench,long,268,56,0.35252860769819605,0.42857142857142855,-0.0760428208732325
terminalbench,long,269,42,0.35197349808229134,0.40476190476190477,-0.05278840667961343
terminalbench,long,270,42,0.35278241139120464,0.40476190476190477,-0.051979493370700125
terminalbench,long,271,42,0.35278241139120464,0.40476190476190477,-0.051979493370700125
terminalbench,long,272,42,0.35644541505420824,0.40476190476190477,-0.04831648970769653
terminalbench,long,273,42,0.3545314131402064,0.40476190476190477,-0.05023049162169835
terminalbench,long,274,42,0.3545314131402064,0.40476190476190477,-0.05023049162169835
terminalbench,long,275,42,0.3545314131402064,0.40476190476190477,-0.05023049162169835
terminalbench,long,276,42,0.36396226727083814,0.40476190476190477,-0.04079963749106663
terminalbench,long,277,42,0.36396226727083814,0.40476190476190477,-0.04079963749106663
terminalbench,long,278,42,0.3688095326814838,0.40476190476190477,-0.03595237208042096
terminalbench,long,279,42,0.3688095326814838,0.40476190476190477,-0.03595237208042096
terminalbench,long,280,42,0.37094628481823594,0.40476190476190477,-0.03381561994366883
terminalbench,long,281,42,0.3701740840460352,0.40476190476190477,-0.03458782071586958
terminalbench,long,282,42,0.3748888611388611,0.42857142857142855,-0.05368256743256744
terminalbench,long,283,42,0.3711370573870574,0.42857142857142855,-0.05743437118437117
terminalbench,long,284,42,0.37194597069597063,0.4523809523809524,-0.08043498168498175
terminalbench,long,285,42,0.37194597069597063,0.4523809523809524,-0.08043498168498175
terminalbench,long,286,42,0.37482753357753346,0.4523809523809524,-0.07755341880341893
terminalbench,long,287,42,0.3764860833610833,0.4523809523809524,-0.07589486901986908
terminalbench,long,288,42,0.3764860833610833,0.4523809523809524,-0.07589486901986908
terminalbench,long,289,42,0.37932856093182177,0.47619047619047616,-0.0968619152586544
terminalbench,long,290,42,0.3742904955489288,0.47619047619047616,-0.10189998064154737
terminalbench,long,291,42,0.3732138909940633,0.5,-0.12678610900593668
terminalbench,long,292,42,0.3720813298615023,0.5238095238095238,-0.15172819394802156
terminalbench,long,293,42,0.3720813298615023,0.5238095238095238,-0.15172819394802156
terminalbench,long,294,42,0.3713091290893014,0.5476190476190477,-0.17630991852974626
terminalbench,long,295,42,0.3647353776375012,0.5476190476190477,-0.18288366998154648
terminalbench,long,296,42,0.3609835738856975,0.5476190476190477,-0.18663547373335015
terminalbench,long,297,42,0.3609835738856975,0.5476190476190477,-0.18663547373335015
terminalbench,long,298,42,0.3653452323421835,0.5476190476190477,-0.18227381527686415
terminalbench,long,299,42,0.3653452323421835,0.5476190476190477,-0.18227381527686415
terminalbench,long,300,42,0.3633902836960584,0.5476190476190477,-0.18422876392298926
terminalbench,long,301,42,0.3637023036653364,0.5714285714285714,-0.207726267763235
terminalbench,long,302,35,0.3630436145286656,0.4857142857142857,-0.12267067118562008
terminalbench,long,303,35,0.35106204770838917,0.4857142857142857,-0.13465223800589654
terminalbench,long,304,35,0.35106204770838917,0.4857142857142857,-0.13465223800589654
terminalbench,long,305,35,0.34894564559198704,0.4857142857142857,-0.13676864012229867
terminalbench,long,306,35,0.34894564559198704,0.4857142857142857,-0.13676864012229867
terminalbench,long,307,35,0.34430168788680476,0.4857142857142857,-0.14141259782748095
terminalbench,long,308,28,0.35023773703620636,0.35714285714285715,-0.006905120106650786
terminalbench,long,309,28,0.35023773703620636,0.35714285714285715,-0.006905120106650786
terminalbench,long,310,28,0.35023773703620636,0.35714285714285715,-0.006905120106650786
terminalbench,long,311,28,0.35694147673314347,0.35714285714285715,-0.00020138040971368065
terminalbench,long,312,28,0.35694147673314347,0.35714285714285715,-0.00020138040971368065
terminalbench,long,313,28,0.35694147673314347,0.35714285714285715,-0.00020138040971368065
terminalbench,long,314,28,0.3623206654456655,0.35714285714285715,0.00517780830280834
terminalbench,long,315,28,0.3623206654456655,0.35714285714285715,0.00517780830280834
terminalbench,long,316,28,0.3576445607695607,0.35714285714285715,0.0005017036267035424
terminalbench,long,317,28,0.3655810687060687,0.35714285714285715,0.008438211563211562
terminalbench,long,318,28,0.35708971088435376,0.35714285714285715,-5.3146258503389276e-05
terminalbench,long,319,28,0.34518494897959184,0.35714285714285715,-0.011957908163265307
terminalbench,long,320,28,0.3572321428571429,0.35714285714285715,8.928571428573617e-05
terminalbench,long,321,28,0.3572321428571429,0.35714285714285715,8.928571428573617e-05
terminalbench,long,322,28,0.3586973443223443,0.35714285714285715,0.0015544871794871407
terminalbench,long,323,28,0.36584020146520146,0.35714285714285715,0.008697344322344314
terminalbench,long,324,28,0.3533150921658986,0.35714285714285715,-0.0038277649769585254
terminalbench,long,325,28,0.3618865207373272,0.35714285714285715,0.004743663594470038
terminalbench,long,326,28,0.36297117682198327,0.35714285714285715,0.005828319679126115
terminalbench,long,327,28,0.36297117682198327,0.35714285714285715,0.005828319679126115
terminalbench,long,328,28,0.37505149281934996,0.35714285714285715,0.017908635676492812
terminalbench,long,329,28,0.37505149281934996,0.35714285714285715,0.017908635676492812
terminalbench,long,330,28,0.37090382205513794,0.39285714285714285,-0.021953320802004905
terminalbench,long,331,28,0.37090382205513794,0.39285714285714285,-0.021953320802004905
terminalbench,long,332,28,0.3639473003160075,0.39285714285714285,-0.028909842541135322
terminalbench,long,333,21,0.3651626936052835,0.47619047619047616,-0.11102778258519269
terminalbench,long,334,21,0.35881035029641833,0.5238095238095238,-0.1649991735131055
terminalbench,long,335,21,0.3359460667383836,0.5238095238095238,-0.18786345707114022
terminalbench,long,336,21,0.31355179434411123,0.5714285714285714,-0.25787677708446016
terminalbench,long,337,21,0.30727838550967795,0.5714285714285714,-0.26415018591889344
terminalbench,long,338,21,0.340398277537616,0.5714285714285714,-0.23103029389095542
terminalbench,long,339,21,0.34933659713353193,0.6190476190476191,-0.26971102191408713
terminalbench,long,340,14,0.3398555788492895,0.42857142857142855,-0.08871584972213903
terminalbench,long,341,14,0.3398555788492895,0.42857142857142855,-0.08871584972213903
terminalbench,long,342,14,0.3398555788492895,0.42857142857142855,-0.08871584972213903
terminalbench,long,343,14,0.3398555788492895,0.42857142857142855,-0.08871584972213903
terminalbench,long,344,14,0.3398555788492895,0.42857142857142855,-0.08871584972213903
terminalbench,long,345,14,0.3398555788492895,0.42857142857142855,-0.08871584972213903
terminalbench,long,346,14,0.3398555788492895,0.42857142857142855,-0.08871584972213903
terminalbench,long,347,14,0.3398555788492895,0.42857142857142855,-0.08871584972213903
terminalbench,long,348,14,0.3398555788492895,0.42857142857142855,-0.08871584972213903
terminalbench,long,349,14,0.3398555788492895,0.42857142857142855,-0.08871584972213903
terminalbench,long,350,14,0.3398555788492895,0.42857142857142855,-0.08871584972213903
terminalbench,long,351,14,0.3398555788492895,0.42857142857142855,-0.08871584972213903
terminalbench,long,352,14,0.3398555788492895,0.42857142857142855,-0.08871584972213903
terminalbench,long,353,14,0.3398555788492895,0.42857142857142855,-0.08871584972213903
terminalbench,long,354,14,0.3398555788492895,0.42857142857142855,-0.08871584972213903
terminalbench,long,355,14,0.3398555788492895,0.42857142857142855,-0.08871584972213903
terminalbench,long,356,14,0.3398555788492895,0.42857142857142855,-0.08871584972213903
terminalbench,long,357,14,0.35061395627433367,0.42857142857142855,-0.07795747229709488
terminalbench,long,358,14,0.35061395627433367,0.42857142857142855,-0.07795747229709488
terminalbench,long,359,14,0.34126174692212435,0.5,-0.15873825307787565
terminalbench,long,360,14,0.34711909711909705,0.5,-0.15288090288090295
terminalbench,long,361,14,0.34711909711909705,0.5,-0.15288090288090295
terminalbench,long,362,14,0.3462033462033462,0.5,-0.1537966537966538
terminalbench,long,363,14,0.3462033462033462,0.5,-0.1537966537966538
terminalbench,long,364,14,0.3526136026136026,0.5,-0.14738639738639742
terminalbench,long,365,14,0.3526136026136026,0.5,-0.14738639738639742
terminalbench,long,366,14,0.3526136026136026,0.5,-0.14738639738639742
terminalbench,long,367,14,0.3526136026136026,0.5,-0.14738639738639742
terminalbench,long,368,14,0.360965250965251,0.5,-0.139034749034749
terminalbench,long,369,14,0.360965250965251,0.5,-0.139034749034749
terminalbench,long,370,14,0.360965250965251,0.5,-0.139034749034749
terminalbench,long,371,14,0.360965250965251,0.5,-0.139034749034749
terminalbench,long,372,14,0.360965250965251,0.5,-0.139034749034749
terminalbench,long,373,14,0.360965250965251,0.5,-0.139034749034749
terminalbench,long,374,14,0.360965250965251,0.5,-0.139034749034749
terminalbench,long,375,14,0.360965250965251,0.5,-0.139034749034749
terminalbench,long,376,14,0.360965250965251,0.5,-0.139034749034749
terminalbench,long,377,14,0.360965250965251,0.5,-0.139034749034749
terminalbench,long,378,14,0.360965250965251,0.5,-0.139034749034749
terminalbench,long,379,14,0.360965250965251,0.5,-0.139034749034749
terminalbench,long,380,14,0.360965250965251,0.5,-0.139034749034749
terminalbench,long,381,14,0.360965250965251,0.5,-0.139034749034749
terminalbench,long,382,14,0.360965250965251,0.5,-0.139034749034749
terminalbench,long,383,14,0.360965250965251,0.5,-0.139034749034749
terminalbench,long,384,14,0.360965250965251,0.5,-0.139034749034749
terminalbench,long,385,14,0.360965250965251,0.5,-0.139034749034749
terminalbench,long,386,14,0.360965250965251,0.5,-0.139034749034749
terminalbench,long,387,14,0.360965250965251,0.5,-0.139034749034749
terminalbench,long,388,14,0.360965250965251,0.5,-0.139034749034749
terminalbench,long,389,14,0.360965250965251,0.5,-0.139034749034749
terminalbench,long,390,14,0.360965250965251,0.5,-0.139034749034749
terminalbench,long,391,14,0.360965250965251,0.5,-0.139034749034749
terminalbench,long,392,14,0.360965250965251,0.5,-0.139034749034749
terminalbench,long,393,14,0.360965250965251,0.5,-0.139034749034749
terminalbench,long,394,14,0.360965250965251,0.5,-0.139034749034749
terminalbench,long,395,14,0.360965250965251,0.5,-0.139034749034749
terminalbench,long,396,14,0.360965250965251,0.5,-0.139034749034749
terminalbench,long,397,14,0.360965250965251,0.5,-0.139034749034749
terminalbench,long,398,14,0.36763191763191766,0.5714285714285714,-0.20379665379665374
terminalbench,long,399,14,0.36763191763191766,0.5714285714285714,-0.20379665379665374
terminalbench,long,400,14,0.3627664932012758,0.5714285714285714,-0.2086620782272956
terminalbench,long,401,14,0.3627664932012758,0.5714285714285714,-0.2086620782272956
terminalbench,long,402,14,0.35953667953667956,0.5714285714285714,-0.21189189189189184
terminalbench,long,403,14,0.35953667953667956,0.5714285714285714,-0.21189189189189184
terminalbench,long,404,14,0.33981542518127883,0.5714285714285714,-0.23161314624729257
terminalbench,long,405,14,0.33981542518127883,0.5714285714285714,-0.23161314624729257
terminalbench,long,406,14,0.3456081081081081,0.5714285714285714,-0.2258204633204633
terminalbench,long,407,14,0.3456081081081081,0.5714285714285714,-0.2258204633204633
terminalbench,long,408,14,0.3456081081081081,0.5714285714285714,-0.2258204633204633
terminalbench,long,409,14,0.3497448979591837,0.6428571428571429,-0.29311224489795923
terminalbench,long,410,14,0.3521716378859236,0.6428571428571429,-0.2906855049712193
terminalbench,long,411,14,0.35421245421245423,0.6428571428571429,-0.2886446886446887
terminalbench,long,412,14,0.3628571428571429,0.6428571428571429,-0.28
terminalbench,long,413,14,0.3628571428571429,0.6428571428571429,-0.28
terminalbench,long,414,14,0.3594594594594595,0.6428571428571429,-0.2833976833976834
terminalbench,long,415,14,0.3594594594594595,0.6428571428571429,-0.2833976833976834
terminalbench,long,416,14,0.3594594594594595,0.6428571428571429,-0.2833976833976834
terminalbench,long,417,14,0.3594594594594595,0.6428571428571429,-0.2833976833976834
terminalbench,long,418,14,0.3594594594594595,0.6428571428571429,-0.2833976833976834
terminalbench,long,419,14,0.3594594594594595,0.6428571428571429,-0.2833976833976834
terminalbench,long,420,14,0.3594594594594595,0.6428571428571429,-0.2833976833976834
terminalbench,long,421,14,0.3571428571428572,0.6428571428571429,-0.2857142857142857
terminalbench,long,422,14,0.3571428571428572,0.6428571428571429,-0.2857142857142857
terminalbench,long,423,14,0.3571428571428572,0.6428571428571429,-0.2857142857142857
terminalbench,long,424,14,0.3571428571428572,0.6428571428571429,-0.2857142857142857
terminalbench,long,425,14,0.3571428571428572,0.6428571428571429,-0.2857142857142857
terminalbench,long,426,14,0.3571428571428572,0.6428571428571429,-0.2857142857142857
terminalbench,long,427,14,0.3571428571428572,0.6428571428571429,-0.2857142857142857
terminalbench,long,428,14,0.3458874458874459,0.6428571428571429,-0.296969696969697
terminalbench,long,429,14,0.3458874458874459,0.6428571428571429,-0.296969696969697
terminalbench,long,430,14,0.34419642857142857,0.6428571428571429,-0.29866071428571433
terminalbench,long,431,14,0.34419642857142857,0.6428571428571429,-0.29866071428571433
terminalbench,long,432,14,0.34419642857142857,0.6428571428571429,-0.29866071428571433
terminalbench,long,433,14,0.34419642857142857,0.6428571428571429,-0.29866071428571433
terminalbench,long,434,14,0.35758928571428567,0.6428571428571429,-0.28526785714285724
terminalbench,long,435,14,0.35758928571428567,0.6428571428571429,-0.28526785714285724
terminalbench,long,436,14,0.35852534562211985,0.6428571428571429,-0.28433179723502305
terminalbench,long,437,14,0.35852534562211985,0.6428571428571429,-0.28433179723502305
terminalbench,long,438,14,0.32857142857142857,0.6428571428571429,-0.31428571428571433
terminalbench,long,439,14,0.32857142857142857,0.6428571428571429,-0.31428571428571433
terminalbench,long,440,14,0.32857142857142857,0.6428571428571429,-0.31428571428571433
terminalbench,long,441,14,0.32857142857142857,0.6428571428571429,-0.31428571428571433
terminalbench,long,442,14,0.32857142857142857,0.6428571428571429,-0.31428571428571433
terminalbench,long,443,14,0.32857142857142857,0.6428571428571429,-0.31428571428571433
terminalbench,long,444,14,0.32857142857142857,0.6428571428571429,-0.31428571428571433
terminalbench,long,445,14,0.32857142857142857,0.6428571428571429,-0.31428571428571433
terminalbench,long,446,14,0.32857142857142857,0.6428571428571429,-0.31428571428571433
terminalbench,long,447,14,0.32857142857142857,0.6428571428571429,-0.31428571428571433
terminalbench,long,448,14,0.3232804232804233,0.6428571428571429,-0.3195767195767196
terminalbench,long,449,14,0.3232804232804233,0.6428571428571429,-0.3195767195767196
terminalbench,long,450,14,0.3232804232804233,0.6428571428571429,-0.3195767195767196
terminalbench,long,451,14,0.3232804232804233,0.6428571428571429,-0.3195767195767196
terminalbench,long,452,14,0.3232804232804233,0.6428571428571429,-0.3195767195767196
terminalbench,long,453,14,0.3232804232804233,0.6428571428571429,-0.3195767195767196
terminalbench,long,454,14,0.33650793650793653,0.6428571428571429,-0.30634920634920637
terminalbench,long,455,14,0.33650793650793653,0.6428571428571429,-0.30634920634920637
terminalbench,long,456,14,0.3523809523809524,0.7142857142857143,-0.3619047619047619
terminalbench,long,457,14,0.3523809523809524,0.7142857142857143,-0.3619047619047619
terminalbench,long,458,14,0.32857142857142857,0.7142857142857143,-0.38571428571428573
terminalbench,long,459,14,0.32857142857142857,0.7142857142857143,-0.38571428571428573
terminalbench,long,460,14,0.34285714285714286,0.7142857142857143,-0.37142857142857144
terminalbench,long,461,14,0.34285714285714286,0.7142857142857143,-0.37142857142857144
terminalbench,long,462,14,0.35999999999999993,0.7142857142857143,-0.35428571428571437
terminalbench,long,463,14,0.35999999999999993,0.7142857142857143,-0.35428571428571437
terminalbench,long,464,14,0.35999999999999993,0.7142857142857143,-0.35428571428571437
terminalbench,long,465,14,0.35999999999999993,0.7142857142857143,-0.35428571428571437
terminalbench,long,466,7,0.37142857142857144,1.0,-0.6285714285714286
terminalbench,long,467,7,0.37142857142857144,1.0,-0.6285714285714286
terminalbench,medium,1,3031,0.650490520282197,0.6568789178488947,-0.006388397566697734
terminalbench,medium,2,2929,0.6267204334955842,0.6971662683509731,-0.07044583485538891
terminalbench,medium,3,2856,0.6738568221181885,0.7058823529411765,-0.03202553082298798
terminalbench,medium,4,2893,0.6413800383648227,0.7245074317317663,-0.08312739336694364
terminalbench,medium,5,2743,0.6550413438448305,0.7254830477579293,-0.07044170391309879
terminalbench,medium,6,2714,0.6297758311266072,0.7387619749447311,-0.10898614381812388
terminalbench,medium,7,2705,0.6162043867851129,0.7582255083179298,-0.14202112153281687
terminalbench,medium,8,2643,0.6376813461604437,0.7710934544078698,-0.1334121082474261
terminalbench,medium,9,2661,0.6286433552327959,0.7936865839909808,-0.1650432287581849
terminalbench,medium,10,2665,0.6206304180170849,0.8187617260787993,-0.19813130806171442
terminalbench,medium,11,2430,0.6125705901951436,0.8222222222222222,-0.2096516320270786
terminalbench,medium,12,2229,0.6124168689242486,0.82907133243607,-0.21665446351182138
terminalbench,medium,13,2047,0.608182257209767,0.8329262335124572,-0.22474397630269016
terminalbench,medium,14,1865,0.6005862322266723,0.8412868632707775,-0.24070063104410522
terminalbench,medium,15,1729,0.6028765695644146,0.8525159051474841,-0.2496393355830695
terminalbench,medium,16,1620,0.6096736686102897,0.8685185185185185,-0.25884484990822876
terminalbench,medium,17,1459,0.6076052257752705,0.8732008224811515,-0.26559559670588095
terminalbench,medium,18,1375,0.6097467059872594,0.8872727272727273,-0.2775260212854679
terminalbench,medium,19,1283,0.6063181162398826,0.8955572876071707,-0.28923917136728805
terminalbench,medium,20,1133,0.6014484504295946,0.9037952338923213,-0.3023467834627267
terminalbench,medium,21,1008,0.5933360275742242,0.9156746031746031,-0.32233857560037893
terminalbench,medium,22,905,0.5856051606728997,0.9303867403314917,-0.344781579658592
terminalbench,medium,23,806,0.5817154155810109,0.9441687344913151,-0.3624533189103042
terminalbench,medium,24,654,0.577104139542647,0.9541284403669725,-0.3770243008243255
terminalbench,medium,25,551,0.5845956696883999,0.9618874773139746,-0.3772918076255747
terminalbench,medium,26,449,0.5907577467575439,0.9799554565701559,-0.38919770981261204
terminalbench,medium,27,317,0.5863473667797078,0.9842271293375394,-0.39787976255783164
terminalbench,medium,28,198,0.5630749498650965,1.0,-0.43692505013490346
terminalbench,medium,29,104,0.5758923755745756,1.0,-0.4241076244254244
terminalbench,short,1,3017,0.650490520282197,0.9081869406695393,-0.2576964203873423
terminalbench,short,2,2722,0.6691565026500054,0.9261572373254959,-0.25700073467549056
terminalbench,short,3,2182,0.771510647967384,0.9427131072410633,-0.17120245927367927
terminalbench,short,4,1913,0.7289127968777758,0.9571353894406691,-0.22822259256289334
terminalbench,short,5,1378,0.7363801912960739,0.965166908563135,-0.22878671726706112
terminalbench,short,6,1106,0.7001264534817181,0.9737793851717902,-0.2736529316900721
terminalbench,short,7,723,0.6745418912812502,0.9847856154910097,-0.31024372420975954
terminalbench,short,8,450,0.6936802763071404,1.0,-0.30631972369285965
terminalbench,short,9,229,0.685798442907173,1.0,-0.31420155709282704
