model,tokens,bandwidth_gbps,kv_GB,t_transmit_s,t_replay_s,winner,prefill_tok_s,crossover_bw_gbps
DeepSeek-V4-Pro,1000,1,0.070272,0.562176,0.6128406760075112,transmit,1631.7454750469983,0.9173281441800213
DeepSeek-V4-Pro,1000,6,0.070272,0.093696,0.6128406760075112,transmit,1631.7454750469983,0.9173281441800213
DeepSeek-V4-Pro,1000,11,0.070272,0.05110690909090909,0.6128406760075112,transmit,1631.7454750469983,0.9173281441800213
DeepSeek-V4-Pro,1000,16,0.070272,0.035136,0.6128406760075112,transmit,1631.7454750469983,0.9173281441800213
DeepSeek-V4-Pro,1000,21,0.070272,0.026770285714285715,0.6128406760075112,transmit,1631.7454750469983,0.9173281441800213
DeepSeek-V4-Pro,1000,26,0.070272,0.021622153846153847,0.6128406760075112,transmit,1631.7454750469983,0.9173281441800213
DeepSeek-V4-Pro,1000,31,0.070272,0.018134709677419356,0.6128406760075112,transmit,1631.7454750469983,0.9173281441800213
DeepSeek-V4-Pro,1000,36,0.070272,0.015616,0.6128406760075112,transmit,1631.7454750469983,0.9173281441800213
DeepSeek-V4-Pro,1000,41,0.070272,0.013711609756097561,0.6128406760075112,transmit,1631.7454750469983,0.9173281441800213
DeepSeek-V4-Pro,1000,46,0.070272,0.012221217391304348,0.6128406760075112,transmit,1631.7454750469983,0.9173281441800213
DeepSeek-V4-Pro,1000,51,0.070272,0.011023058823529412,0.6128406760075112,transmit,1631.7454750469983,0.9173281441800213
DeepSeek-V4-Pro,1000,56,0.070272,0.010038857142857143,0.6128406760075112,transmit,1631.7454750469983,0.9173281441800213
DeepSeek-V4-Pro,1000,61,0.070272,0.009216,0.6128406760075112,transmit,1631.7454750469983,0.9173281441800213
DeepSeek-V4-Pro,1000,66,0.070272,0.008517818181818182,0.6128406760075112,transmit,1631.7454750469983,0.9173281441800213
DeepSeek-V4-Pro,1000,71,0.070272,0.007917971830985915,0.6128406760075112,transmit,1631.7454750469983,0.9173281441800213
DeepSeek-V4-Pro,1000,76,0.070272,0.0073970526315789474,0.6128406760075112,transmit,1631.7454750469983,0.9173281441800213
DeepSeek-V4-Pro,1000,81,0.070272,0.006940444444444444,0.6128406760075112,transmit,1631.7454750469983,0.9173281441800213
DeepSeek-V4-Pro,1000,86,0.070272,0.006536930232558139,0.6128406760075112,transmit,1631.7454750469983,0.9173281441800213
DeepSeek-V4-Pro,1000,91,0.070272,0.006177758241758242,0.6128406760075112,transmit,1631.7454750469983,0.9173281441800213
DeepSeek-V4-Pro,1000,96,0.070272,0.005856,0.6128406760075112,transmit,1631.7454750469983,0.9173281441800213
DeepSeek-V4-Pro,1000,101,0.070272,0.00556609900990099,0.6128406760075112,transmit,1631.7454750469983,0.9173281441800213
DeepSeek-V4-Pro,1000,106,0.070272,0.005303547169811321,0.6128406760075112,transmit,1631.7454750469983,0.9173281441800213
DeepSeek-V4-Pro,1000,111,0.070272,0.005064648648648648,0.6128406760075112,transmit,1631.7454750469983,0.9173281441800213
DeepSeek-V4-Pro,1000,116,0.070272,0.004846344827586207,0.6128406760075112,transmit,1631.7454750469983,0.9173281441800213
DeepSeek-V4-Pro,1000,121,0.070272,0.004646082644628099,0.6128406760075112,transmit,1631.7454750469983,0.9173281441800213
DeepSeek-V4-Pro,1000,126,0.070272,0.004461714285714286,0.6128406760075112,transmit,1631.7454750469983,0.9173281441800213
DeepSeek-V4-Pro,1000,131,0.070272,0.004291419847328244,0.6128406760075112,transmit,1631.7454750469983,0.9173281441800213
DeepSeek-V4-Pro,1000,136,0.070272,0.004133647058823529,0.6128406760075112,transmit,1631.7454750469983,0.9173281441800213
DeepSeek-V4-Pro,1000,141,0.070272,0.0039870638297872345,0.6128406760075112,transmit,1631.7454750469983,0.9173281441800213
DeepSeek-V4-Pro,1000,146,0.070272,0.0038505205479452053,0.6128406760075112,transmit,1631.7454750469983,0.9173281441800213
DeepSeek-V4-Pro,1000,151,0.070272,0.003723019867549669,0.6128406760075112,transmit,1631.7454750469983,0.9173281441800213
DeepSeek-V4-Pro,1000,156,0.070272,0.0036036923076923078,0.6128406760075112,transmit,1631.7454750469983,0.9173281441800213
DeepSeek-V4-Pro,1000,161,0.070272,0.003491776397515528,0.6128406760075112,transmit,1631.7454750469983,0.9173281441800213
DeepSeek-V4-Pro,1000,166,0.070272,0.0033866024096385543,0.6128406760075112,transmit,1631.7454750469983,0.9173281441800213
DeepSeek-V4-Pro,1000,171,0.070272,0.003287578947368421,0.6128406760075112,transmit,1631.7454750469983,0.9173281441800213
DeepSeek-V4-Pro,1000,176,0.070272,0.0031941818181818182,0.6128406760075112,transmit,1631.7454750469983,0.9173281441800213
DeepSeek-V4-Pro,1000,181,0.070272,0.0031059447513812153,0.6128406760075112,transmit,1631.7454750469983,0.9173281441800213
DeepSeek-V4-Pro,1000,186,0.070272,0.003022451612903226,0.6128406760075112,transmit,1631.7454750469983,0.9173281441800213
DeepSeek-V4-Pro,1000,191,0.070272,0.002943329842931937,0.6128406760075112,transmit,1631.7454750469983,0.9173281441800213
DeepSeek-V4-Pro,1000,196,0.070272,0.002868244897959184,0.6128406760075112,transmit,1631.7454750469983,0.9173281441800213
DeepSeek-V4-Pro,1000,201,0.070272,0.0027968955223880597,0.6128406760075112,transmit,1631.7454750469983,0.9173281441800213
DeepSeek-V4-Pro,1000,206,0.070272,0.002729009708737864,0.6128406760075112,transmit,1631.7454750469983,0.9173281441800213
DeepSeek-V4-Pro,1000,211,0.070272,0.0026643412322274883,0.6128406760075112,transmit,1631.7454750469983,0.9173281441800213
DeepSeek-V4-Pro,1000,216,0.070272,0.0026026666666666668,0.6128406760075112,transmit,1631.7454750469983,0.9173281441800213
DeepSeek-V4-Pro,1000,221,0.070272,0.0025437828054298644,0.6128406760075112,transmit,1631.7454750469983,0.9173281441800213
DeepSeek-V4-Pro,1000,226,0.070272,0.002487504424778761,0.6128406760075112,transmit,1631.7454750469983,0.9173281441800213
DeepSeek-V4-Pro,1000,231,0.070272,0.002433662337662338,0.6128406760075112,transmit,1631.7454750469983,0.9173281441800213
DeepSeek-V4-Pro,1000,236,0.070272,0.0023821016949152544,0.6128406760075112,transmit,1631.7454750469983,0.9173281441800213
DeepSeek-V4-Pro,1000,241,0.070272,0.0023326804979253114,0.6128406760075112,transmit,1631.7454750469983,0.9173281441800213
DeepSeek-V4-Pro,1000,246,0.070272,0.002285268292682927,0.6128406760075112,transmit,1631.7454750469983,0.9173281441800213
DeepSeek-V4-Pro,1000,251,0.070272,0.002239745019920319,0.6128406760075112,transmit,1631.7454750469983,0.9173281441800213
DeepSeek-V4-Pro,1000,256,0.070272,0.002196,0.6128406760075112,transmit,1631.7454750469983,0.9173281441800213
DeepSeek-V4-Pro,1000,261,0.070272,0.0021539310344827587,0.6128406760075112,transmit,1631.7454750469983,0.9173281441800213
DeepSeek-V4-Pro,1000,266,0.070272,0.0021134436090225563,0.6128406760075112,transmit,1631.7454750469983,0.9173281441800213
DeepSeek-V4-Pro,1000,271,0.070272,0.002074450184501845,0.6128406760075112,transmit,1631.7454750469983,0.9173281441800213
DeepSeek-V4-Pro,1000,276,0.070272,0.0020368695652173913,0.6128406760075112,transmit,1631.7454750469983,0.9173281441800213
DeepSeek-V4-Pro,1000,281,0.070272,0.0020006263345195728,0.6128406760075112,transmit,1631.7454750469983,0.9173281441800213
DeepSeek-V4-Pro,1000,286,0.070272,0.0019656503496503497,0.6128406760075112,transmit,1631.7454750469983,0.9173281441800213
DeepSeek-V4-Pro,1000,291,0.070272,0.0019318762886597939,0.6128406760075112,transmit,1631.7454750469983,0.9173281441800213
DeepSeek-V4-Pro,1000,296,0.070272,0.0018992432432432432,0.6128406760075112,transmit,1631.7454750469983,0.9173281441800213
DeepSeek-V4-Pro,1000,301,0.070272,0.0018676943521594685,0.6128406760075112,transmit,1631.7454750469983,0.9173281441800213
DeepSeek-V4-Pro,1000,306,0.070272,0.0018371764705882353,0.6128406760075112,transmit,1631.7454750469983,0.9173281441800213
DeepSeek-V4-Pro,1000,311,0.070272,0.0018076398713826366,0.6128406760075112,transmit,1631.7454750469983,0.9173281441800213
DeepSeek-V4-Pro,1000,316,0.070272,0.0017790379746835444,0.6128406760075112,transmit,1631.7454750469983,0.9173281441800213
DeepSeek-V4-Pro,1000,321,0.070272,0.0017513271028037384,0.6128406760075112,transmit,1631.7454750469983,0.9173281441800213
DeepSeek-V4-Pro,1000,326,0.070272,0.0017244662576687117,0.6128406760075112,transmit,1631.7454750469983,0.9173281441800213
DeepSeek-V4-Pro,1000,331,0.070272,0.001698416918429003,0.6128406760075112,transmit,1631.7454750469983,0.9173281441800213
DeepSeek-V4-Pro,1000,336,0.070272,0.0016731428571428572,0.6128406760075112,transmit,1631.7454750469983,0.9173281441800213
DeepSeek-V4-Pro,1000,341,0.070272,0.0016486099706744869,0.6128406760075112,transmit,1631.7454750469983,0.9173281441800213
DeepSeek-V4-Pro,1000,346,0.070272,0.00162478612716763,0.6128406760075112,transmit,1631.7454750469983,0.9173281441800213
DeepSeek-V4-Pro,1000,351,0.070272,0.0016016410256410255,0.6128406760075112,transmit,1631.7454750469983,0.9173281441800213
DeepSeek-V4-Pro,1000,356,0.070272,0.0015791460674157304,0.6128406760075112,transmit,1631.7454750469983,0.9173281441800213
DeepSeek-V4-Pro,1000,361,0.070272,0.0015572742382271468,0.6128406760075112,transmit,1631.7454750469983,0.9173281441800213
DeepSeek-V4-Pro,1000,366,0.070272,0.001536,0.6128406760075112,transmit,1631.7454750469983,0.9173281441800213
DeepSeek-V4-Pro,1000,371,0.070272,0.001515299191374663,0.6128406760075112,transmit,1631.7454750469983,0.9173281441800213
DeepSeek-V4-Pro,1000,376,0.070272,0.0014951489361702127,0.6128406760075112,transmit,1631.7454750469983,0.9173281441800213
DeepSeek-V4-Pro,1000,381,0.070272,0.001475527559055118,0.6128406760075112,transmit,1631.7454750469983,0.9173281441800213
DeepSeek-V4-Pro,1000,386,0.070272,0.0014564145077720207,0.6128406760075112,transmit,1631.7454750469983,0.9173281441800213
DeepSeek-V4-Pro,1000,391,0.070272,0.0014377902813299233,0.6128406760075112,transmit,1631.7454750469983,0.9173281441800213
DeepSeek-V4-Pro,1000,396,0.070272,0.0014196363636363636,0.6128406760075112,transmit,1631.7454750469983,0.9173281441800213
DeepSeek-V4-Pro,1000,401,0.070272,0.0014019351620947632,0.6128406760075112,transmit,1631.7454750469983,0.9173281441800213
DeepSeek-V4-Pro,1000,406,0.070272,0.0013846699507389162,0.6128406760075112,transmit,1631.7454750469983,0.9173281441800213
DeepSeek-V4-Pro,1000,411,0.070272,0.001367824817518248,0.6128406760075112,transmit,1631.7454750469983,0.9173281441800213
DeepSeek-V4-Pro,1000,416,0.070272,0.0013513846153846154,0.6128406760075112,transmit,1631.7454750469983,0.9173281441800213
DeepSeek-V4-Pro,1000,421,0.070272,0.001335334916864608,0.6128406760075112,transmit,1631.7454750469983,0.9173281441800213
DeepSeek-V4-Pro,1000,426,0.070272,0.0013196619718309859,0.6128406760075112,transmit,1631.7454750469983,0.9173281441800213
DeepSeek-V4-Pro,1000,431,0.070272,0.0013043526682134572,0.6128406760075112,transmit,1631.7454750469983,0.9173281441800213
DeepSeek-V4-Pro,1000,436,0.070272,0.0012893944954128441,0.6128406760075112,transmit,1631.7454750469983,0.9173281441800213
DeepSeek-V4-Pro,1000,441,0.070272,0.0012747755102040816,0.6128406760075112,transmit,1631.7454750469983,0.9173281441800213
DeepSeek-V4-Pro,1000,446,0.070272,0.0012604843049327354,0.6128406760075112,transmit,1631.7454750469983,0.9173281441800213
DeepSeek-V4-Pro,1000,451,0.070272,0.001246509977827051,0.6128406760075112,transmit,1631.7454750469983,0.9173281441800213
DeepSeek-V4-Pro,1000,456,0.070272,0.0012328421052631578,0.6128406760075112,transmit,1631.7454750469983,0.9173281441800213
DeepSeek-V4-Pro,1000,461,0.070272,0.001219470715835141,0.6128406760075112,transmit,1631.7454750469983,0.9173281441800213
DeepSeek-V4-Pro,1000,466,0.070272,0.0012063862660944206,0.6128406760075112,transmit,1631.7454750469983,0.9173281441800213
DeepSeek-V4-Pro,1000,471,0.070272,0.001193579617834395,0.6128406760075112,transmit,1631.7454750469983,0.9173281441800213
DeepSeek-V4-Pro,1000,476,0.070272,0.0011810420168067227,0.6128406760075112,transmit,1631.7454750469983,0.9173281441800213
DeepSeek-V4-Pro,1000,481,0.070272,0.0011687650727650728,0.6128406760075112,transmit,1631.7454750469983,0.9173281441800213
DeepSeek-V4-Pro,1000,486,0.070272,0.0011567407407407407,0.6128406760075112,transmit,1631.7454750469983,0.9173281441800213
DeepSeek-V4-Pro,1000,491,0.070272,0.0011449613034623218,0.6128406760075112,transmit,1631.7454750469983,0.9173281441800213
DeepSeek-V4-Pro,1000,496,0.070272,0.0011334193548387097,0.6128406760075112,transmit,1631.7454750469983,0.9173281441800213
DeepSeek-V4-Pro,1000,501,0.070272,0.0011221077844311377,0.6128406760075112,transmit,1631.7454750469983,0.9173281441800213
DeepSeek-V4-Pro,1000,506,0.070272,0.0011110197628458498,0.6128406760075112,transmit,1631.7454750469983,0.9173281441800213
DeepSeek-V4-Pro,1000,511,0.070272,0.0011001487279843445,0.6128406760075112,transmit,1631.7454750469983,0.9173281441800213
DeepSeek-V4-Pro,1000,516,0.070272,0.0010894883720930233,0.6128406760075112,transmit,1631.7454750469983,0.9173281441800213
DeepSeek-V4-Pro,1000,521,0.070272,0.0010790326295585413,0.6128406760075112,transmit,1631.7454750469983,0.9173281441800213
DeepSeek-V4-Pro,1000,526,0.070272,0.0010687756653992395,0.6128406760075112,transmit,1631.7454750469983,0.9173281441800213
DeepSeek-V4-Pro,1000,531,0.070272,0.0010587118644067796,0.6128406760075112,transmit,1631.7454750469983,0.9173281441800213
DeepSeek-V4-Pro,1000,536,0.070272,0.0010488358208955225,0.6128406760075112,transmit,1631.7454750469983,0.9173281441800213
DeepSeek-V4-Pro,1000,541,0.070272,0.0010391423290203327,0.6128406760075112,transmit,1631.7454750469983,0.9173281441800213
DeepSeek-V4-Pro,1000,546,0.070272,0.0010296263736263736,0.6128406760075112,transmit,1631.7454750469983,0.9173281441800213
DeepSeek-V4-Pro,1000,551,0.070272,0.0010202831215970962,0.6128406760075112,transmit,1631.7454750469983,0.9173281441800213
DeepSeek-V4-Pro,1000,556,0.070272,0.0010111079136690647,0.6128406760075112,transmit,1631.7454750469983,0.9173281441800213
DeepSeek-V4-Pro,1000,561,0.070272,0.001002096256684492,0.6128406760075112,transmit,1631.7454750469983,0.9173281441800213
DeepSeek-V4-Pro,1000,566,0.070272,0.000993243816254417,0.6128406760075112,transmit,1631.7454750469983,0.9173281441800213
DeepSeek-V4-Pro,1000,571,0.070272,0.0009845464098073556,0.6128406760075112,transmit,1631.7454750469983,0.9173281441800213
DeepSeek-V4-Pro,1000,576,0.070272,0.000976,0.6128406760075112,transmit,1631.7454750469983,0.9173281441800213
DeepSeek-V4-Pro,1000,581,0.070272,0.0009676006884681583,0.6128406760075112,transmit,1631.7454750469983,0.9173281441800213
DeepSeek-V4-Pro,1000,586,0.070272,0.000959344709897611,0.6128406760075112,transmit,1631.7454750469983,0.9173281441800213
DeepSeek-V4-Pro,1000,591,0.070272,0.0009512284263959391,0.6128406760075112,transmit,1631.7454750469983,0.9173281441800213
DeepSeek-V4-Pro,1000,596,0.070272,0.000943248322147651,0.6128406760075112,transmit,1631.7454750469983,0.9173281441800213
DeepSeek-V4-Pro,1000,601,0.070272,0.0009354009983361065,0.6128406760075112,transmit,1631.7454750469983,0.9173281441800213
DeepSeek-V4-Pro,1000,606,0.070272,0.0009276831683168317,0.6128406760075112,transmit,1631.7454750469983,0.9173281441800213
DeepSeek-V4-Pro,1000,611,0.070272,0.0009200916530278233,0.6128406760075112,transmit,1631.7454750469983,0.9173281441800213
DeepSeek-V4-Pro,1000,616,0.070272,0.0009126233766233766,0.6128406760075112,transmit,1631.7454750469983,0.9173281441800213
DeepSeek-V4-Pro,1000,621,0.070272,0.0009052753623188406,0.6128406760075112,transmit,1631.7454750469983,0.9173281441800213
DeepSeek-V4-Pro,1000,626,0.070272,0.0008980447284345047,0.6128406760075112,transmit,1631.7454750469983,0.9173281441800213
DeepSeek-V4-Pro,1000,631,0.070272,0.0008909286846275753,0.6128406760075112,transmit,1631.7454750469983,0.9173281441800213
DeepSeek-V4-Pro,1000,636,0.070272,0.0008839245283018868,0.6128406760075112,transmit,1631.7454750469983,0.9173281441800213
DeepSeek-V4-Pro,1000,641,0.070272,0.0008770296411856474,0.6128406760075112,transmit,1631.7454750469983,0.9173281441800213
DeepSeek-V4-Pro,1000,646,0.070272,0.0008702414860681114,0.6128406760075112,transmit,1631.7454750469983,0.9173281441800213
DeepSeek-V4-Pro,1000,651,0.070272,0.000863557603686636,0.6128406760075112,transmit,1631.7454750469983,0.9173281441800213
DeepSeek-V4-Pro,1000,656,0.070272,0.0008569756097560976,0.6128406760075112,transmit,1631.7454750469983,0.9173281441800213
DeepSeek-V4-Pro,1000,661,0.070272,0.0008504931921331316,0.6128406760075112,transmit,1631.7454750469983,0.9173281441800213
DeepSeek-V4-Pro,1000,666,0.070272,0.0008441081081081081,0.6128406760075112,transmit,1631.7454750469983,0.9173281441800213
DeepSeek-V4-Pro,1000,671,0.070272,0.0008378181818181819,0.6128406760075112,transmit,1631.7454750469983,0.9173281441800213
DeepSeek-V4-Pro,1000,676,0.070272,0.0008316213017751479,0.6128406760075112,transmit,1631.7454750469983,0.9173281441800213
DeepSeek-V4-Pro,1000,681,0.070272,0.0008255154185022026,0.6128406760075112,transmit,1631.7454750469983,0.9173281441800213
DeepSeek-V4-Pro,1000,686,0.070272,0.0008194985422740525,0.6128406760075112,transmit,1631.7454750469983,0.9173281441800213
DeepSeek-V4-Pro,1000,691,0.070272,0.0008135687409551375,0.6128406760075112,transmit,1631.7454750469983,0.9173281441800213
DeepSeek-V4-Pro,1000,696,0.070272,0.0008077241379310344,0.6128406760075112,transmit,1631.7454750469983,0.9173281441800213
DeepSeek-V4-Pro,1000,701,0.070272,0.000801962910128388,0.6128406760075112,transmit,1631.7454750469983,0.9173281441800213
DeepSeek-V4-Pro,1000,706,0.070272,0.0007962832861189801,0.6128406760075112,transmit,1631.7454750469983,0.9173281441800213
DeepSeek-V4-Pro,1000,711,0.070272,0.0007906835443037975,0.6128406760075112,transmit,1631.7454750469983,0.9173281441800213
DeepSeek-V4-Pro,1000,716,0.070272,0.0007851620111731844,0.6128406760075112,transmit,1631.7454750469983,0.9173281441800213
DeepSeek-V4-Pro,1000,721,0.070272,0.0007797170596393898,0.6128406760075112,transmit,1631.7454750469983,0.9173281441800213
DeepSeek-V4-Pro,1000,726,0.070272,0.0007743471074380165,0.6128406760075112,transmit,1631.7454750469983,0.9173281441800213
DeepSeek-V4-Pro,1000,731,0.070272,0.0007690506155950752,0.6128406760075112,transmit,1631.7454750469983,0.9173281441800213
DeepSeek-V4-Pro,1000,736,0.070272,0.0007638260869565217,0.6128406760075112,transmit,1631.7454750469983,0.9173281441800213
DeepSeek-V4-Pro,1000,741,0.070272,0.000758672064777328,0.6128406760075112,transmit,1631.7454750469983,0.9173281441800213
DeepSeek-V4-Pro,1000,746,0.070272,0.0007535871313672923,0.6128406760075112,transmit,1631.7454750469983,0.9173281441800213
DeepSeek-V4-Pro,1000,751,0.070272,0.0007485699067909454,0.6128406760075112,transmit,1631.7454750469983,0.9173281441800213
DeepSeek-V4-Pro,1000,756,0.070272,0.0007436190476190476,0.6128406760075112,transmit,1631.7454750469983,0.9173281441800213
DeepSeek-V4-Pro,1000,761,0.070272,0.0007387332457293035,0.6128406760075112,transmit,1631.7454750469983,0.9173281441800213
DeepSeek-V4-Pro,1000,766,0.070272,0.000733911227154047,0.6128406760075112,transmit,1631.7454750469983,0.9173281441800213
DeepSeek-V4-Pro,1000,771,0.070272,0.0007291517509727626,0.6128406760075112,transmit,1631.7454750469983,0.9173281441800213
DeepSeek-V4-Pro,1000,776,0.070272,0.0007244536082474227,0.6128406760075112,transmit,1631.7454750469983,0.9173281441800213
DeepSeek-V4-Pro,1000,781,0.070272,0.0007198156209987196,0.6128406760075112,transmit,1631.7454750469983,0.9173281441800213
DeepSeek-V4-Pro,1000,786,0.070272,0.000715236641221374,0.6128406760075112,transmit,1631.7454750469983,0.9173281441800213
DeepSeek-V4-Pro,1000,791,0.070272,0.0007107155499367889,0.6128406760075112,transmit,1631.7454750469983,0.9173281441800213
DeepSeek-V4-Pro,1000,796,0.070272,0.000706251256281407,0.6128406760075112,transmit,1631.7454750469983,0.9173281441800213
DeepSeek-V4-Pro,1000,801,0.070272,0.0007018426966292135,0.6128406760075112,transmit,1631.7454750469983,0.9173281441800213
DeepSeek-V4-Pro,1000,806,0.070272,0.0006974888337468982,0.6128406760075112,transmit,1631.7454750469983,0.9173281441800213
DeepSeek-V4-Pro,1000,811,0.070272,0.0006931886559802713,0.6128406760075112,transmit,1631.7454750469983,0.9173281441800213
DeepSeek-V4-Pro,1000,816,0.070272,0.0006889411764705882,0.6128406760075112,transmit,1631.7454750469983,0.9173281441800213
DeepSeek-V4-Pro,1000,821,0.070272,0.0006847454323995127,0.6128406760075112,transmit,1631.7454750469983,0.9173281441800213
DeepSeek-V4-Pro,1000,826,0.070272,0.0006806004842615012,0.6128406760075112,transmit,1631.7454750469983,0.9173281441800213
DeepSeek-V4-Pro,1000,831,0.070272,0.0006765054151624549,0.6128406760075112,transmit,1631.7454750469983,0.9173281441800213
DeepSeek-V4-Pro,1000,836,0.070272,0.0006724593301435407,0.6128406760075112,transmit,1631.7454750469983,0.9173281441800213
DeepSeek-V4-Pro,1000,841,0.070272,0.000668461355529132,0.6128406760075112,transmit,1631.7454750469983,0.9173281441800213
DeepSeek-V4-Pro,1000,846,0.070272,0.0006645106382978723,0.6128406760075112,transmit,1631.7454750469983,0.9173281441800213
DeepSeek-V4-Pro,1000,851,0.070272,0.0006606063454759107,0.6128406760075112,transmit,1631.7454750469983,0.9173281441800213
DeepSeek-V4-Pro,1000,856,0.070272,0.0006567476635514018,0.6128406760075112,transmit,1631.7454750469983,0.9173281441800213
DeepSeek-V4-Pro,1000,861,0.070272,0.0006529337979094077,0.6128406760075112,transmit,1631.7454750469983,0.9173281441800213
DeepSeek-V4-Pro,1000,866,0.070272,0.0006491639722863742,0.6128406760075112,transmit,1631.7454750469983,0.9173281441800213
DeepSeek-V4-Pro,1000,871,0.070272,0.0006454374282433984,0.6128406760075112,transmit,1631.7454750469983,0.9173281441800213
DeepSeek-V4-Pro,1000,876,0.070272,0.0006417534246575343,0.6128406760075112,transmit,1631.7454750469983,0.9173281441800213
DeepSeek-V4-Pro,1000,881,0.070272,0.00063811123723042,0.6128406760075112,transmit,1631.7454750469983,0.9173281441800213
DeepSeek-V4-Pro,1000,886,0.070272,0.000634510158013544,0.6128406760075112,transmit,1631.7454750469983,0.9173281441800213
DeepSeek-V4-Pro,1000,891,0.070272,0.0006309494949494949,0.6128406760075112,transmit,1631.7454750469983,0.9173281441800213
DeepSeek-V4-Pro,1000,896,0.070272,0.0006274285714285714,0.6128406760075112,transmit,1631.7454750469983,0.9173281441800213
DeepSeek-V4-Pro,1000,901,0.070272,0.0006239467258601554,0.6128406760075112,transmit,1631.7454750469983,0.9173281441800213
DeepSeek-V4-Pro,1000,906,0.070272,0.0006205033112582782,0.6128406760075112,transmit,1631.7454750469983,0.9173281441800213
DeepSeek-V4-Pro,1000,911,0.070272,0.0006170976948408342,0.6128406760075112,transmit,1631.7454750469983,0.9173281441800213
DeepSeek-V4-Pro,1000,916,0.070272,0.0006137292576419214,0.6128406760075112,transmit,1631.7454750469983,0.9173281441800213
DeepSeek-V4-Pro,1000,921,0.070272,0.0006103973941368079,0.6128406760075112,transmit,1631.7454750469983,0.9173281441800213
DeepSeek-V4-Pro,1000,926,0.070272,0.0006071015118790496,0.6128406760075112,transmit,1631.7454750469983,0.9173281441800213
DeepSeek-V4-Pro,1000,931,0.070272,0.0006038410311493018,0.6128406760075112,transmit,1631.7454750469983,0.9173281441800213
DeepSeek-V4-Pro,1000,936,0.070272,0.0006006153846153847,0.6128406760075112,transmit,1631.7454750469983,0.9173281441800213
DeepSeek-V4-Pro,1000,941,0.070272,0.0005974240170031881,0.6128406760075112,transmit,1631.7454750469983,0.9173281441800213
DeepSeek-V4-Pro,1000,946,0.070272,0.0005942663847780127,0.6128406760075112,transmit,1631.7454750469983,0.9173281441800213
DeepSeek-V4-Pro,1000,951,0.070272,0.0005911419558359621,0.6128406760075112,transmit,1631.7454750469983,0.9173281441800213
DeepSeek-V4-Pro,1000,956,0.070272,0.0005880502092050209,0.6128406760075112,transmit,1631.7454750469983,0.9173281441800213
DeepSeek-V4-Pro,1000,961,0.070272,0.0005849906347554631,0.6128406760075112,transmit,1631.7454750469983,0.9173281441800213
DeepSeek-V4-Pro,1000,966,0.070272,0.0005819627329192547,0.6128406760075112,transmit,1631.7454750469983,0.9173281441800213
DeepSeek-V4-Pro,1000,971,0.070272,0.0005789660144181256,0.6128406760075112,transmit,1631.7454750469983,0.9173281441800213
DeepSeek-V4-Pro,1000,976,0.070272,0.000576,0.6128406760075112,transmit,1631.7454750469983,0.9173281441800213
DeepSeek-V4-Pro,1000,981,0.070272,0.0005730642201834862,0.6128406760075112,transmit,1631.7454750469983,0.9173281441800213
DeepSeek-V4-Pro,1000,986,0.070272,0.000570158215010142,0.6128406760075112,transmit,1631.7454750469983,0.9173281441800213
DeepSeek-V4-Pro,1000,991,0.070272,0.0005672815338042381,0.6128406760075112,transmit,1631.7454750469983,0.9173281441800213
DeepSeek-V4-Pro,1000,996,0.070272,0.000564433734939759,0.6128406760075112,transmit,1631.7454750469983,0.9173281441800213
DeepSeek-V4-Pro,10000,1,0.70272,5.62176,6.128406760075112,transmit,1631.7454750469983,0.9173281441800213
DeepSeek-V4-Pro,10000,6,0.70272,0.93696,6.128406760075112,transmit,1631.7454750469983,0.9173281441800213
DeepSeek-V4-Pro,10000,11,0.70272,0.5110690909090909,6.128406760075112,transmit,1631.7454750469983,0.9173281441800213
DeepSeek-V4-Pro,10000,16,0.70272,0.35136,6.128406760075112,transmit,1631.7454750469983,0.9173281441800213
DeepSeek-V4-Pro,10000,21,0.70272,0.26770285714285713,6.128406760075112,transmit,1631.7454750469983,0.9173281441800213
DeepSeek-V4-Pro,10000,26,0.70272,0.21622153846153847,6.128406760075112,transmit,1631.7454750469983,0.9173281441800213
DeepSeek-V4-Pro,10000,31,0.70272,0.18134709677419356,6.128406760075112,transmit,1631.7454750469983,0.9173281441800213
DeepSeek-V4-Pro,10000,36,0.70272,0.15616,6.128406760075112,transmit,1631.7454750469983,0.9173281441800213
DeepSeek-V4-Pro,10000,41,0.70272,0.13711609756097562,6.128406760075112,transmit,1631.7454750469983,0.9173281441800213
DeepSeek-V4-Pro,10000,46,0.70272,0.12221217391304348,6.128406760075112,transmit,1631.7454750469983,0.9173281441800213
DeepSeek-V4-Pro,10000,51,0.70272,0.11023058823529412,6.128406760075112,transmit,1631.7454750469983,0.9173281441800213
DeepSeek-V4-Pro,10000,56,0.70272,0.10038857142857142,6.128406760075112,transmit,1631.7454750469983,0.9173281441800213
DeepSeek-V4-Pro,10000,61,0.70272,0.09216,6.128406760075112,transmit,1631.7454750469983,0.9173281441800213
DeepSeek-V4-Pro,10000,66,0.70272,0.08517818181818182,6.128406760075112,transmit,1631.7454750469983,0.9173281441800213
DeepSeek-V4-Pro,10000,71,0.70272,0.07917971830985915,6.128406760075112,transmit,1631.7454750469983,0.9173281441800213
DeepSeek-V4-Pro,10000,76,0.70272,0.07397052631578947,6.128406760075112,transmit,1631.7454750469983,0.9173281441800213
DeepSeek-V4-Pro,10000,81,0.70272,0.06940444444444445,6.128406760075112,transmit,1631.7454750469983,0.9173281441800213
DeepSeek-V4-Pro,10000,86,0.70272,0.0653693023255814,6.128406760075112,transmit,1631.7454750469983,0.9173281441800213
DeepSeek-V4-Pro,10000,91,0.70272,0.06177758241758242,6.128406760075112,transmit,1631.7454750469983,0.9173281441800213
DeepSeek-V4-Pro,10000,96,0.70272,0.05856,6.128406760075112,transmit,1631.7454750469983,0.9173281441800213
DeepSeek-V4-Pro,10000,101,0.70272,0.0556609900990099,6.128406760075112,transmit,1631.7454750469983,0.9173281441800213
DeepSeek-V4-Pro,10000,106,0.70272,0.05303547169811321,6.128406760075112,transmit,1631.7454750469983,0.9173281441800213
DeepSeek-V4-Pro,10000,111,0.70272,0.05064648648648649,6.128406760075112,transmit,1631.7454750469983,0.9173281441800213
DeepSeek-V4-Pro,10000,116,0.70272,0.04846344827586207,6.128406760075112,transmit,1631.7454750469983,0.9173281441800213
DeepSeek-V4-Pro,10000,121,0.70272,0.046460826446280995,6.128406760075112,transmit,1631.7454750469983,0.9173281441800213
DeepSeek-V4-Pro,10000,126,0.70272,0.044617142857142855,6.128406760075112,transmit,1631.7454750469983,0.9173281441800213
DeepSeek-V4-Pro,10000,131,0.70272,0.04291419847328244,6.128406760075112,transmit,1631.7454750469983,0.9173281441800213
DeepSeek-V4-Pro,10000,136,0.70272,0.041336470588235294,6.128406760075112,transmit,1631.7454750469983,0.9173281441800213
DeepSeek-V4-Pro,10000,141,0.70272,0.03987063829787234,6.128406760075112,transmit,1631.7454750469983,0.9173281441800213
DeepSeek-V4-Pro,10000,146,0.70272,0.038505205479452055,6.128406760075112,transmit,1631.7454750469983,0.9173281441800213
DeepSeek-V4-Pro,10000,151,0.70272,0.037230198675496685,6.128406760075112,transmit,1631.7454750469983,0.9173281441800213
DeepSeek-V4-Pro,10000,156,0.70272,0.03603692307692308,6.128406760075112,transmit,1631.7454750469983,0.9173281441800213
DeepSeek-V4-Pro,10000,161,0.70272,0.03491776397515528,6.128406760075112,transmit,1631.7454750469983,0.9173281441800213
DeepSeek-V4-Pro,10000,166,0.70272,0.03386602409638554,6.128406760075112,transmit,1631.7454750469983,0.9173281441800213
DeepSeek-V4-Pro,10000,171,0.70272,0.03287578947368421,6.128406760075112,transmit,1631.7454750469983,0.9173281441800213
DeepSeek-V4-Pro,10000,176,0.70272,0.03194181818181818,6.128406760075112,transmit,1631.7454750469983,0.9173281441800213
DeepSeek-V4-Pro,10000,181,0.70272,0.031059447513812153,6.128406760075112,transmit,1631.7454750469983,0.9173281441800213
DeepSeek-V4-Pro,10000,186,0.70272,0.030224516129032257,6.128406760075112,transmit,1631.7454750469983,0.9173281441800213
DeepSeek-V4-Pro,10000,191,0.70272,0.029433298429319372,6.128406760075112,transmit,1631.7454750469983,0.9173281441800213
DeepSeek-V4-Pro,10000,196,0.70272,0.028682448979591837,6.128406760075112,transmit,1631.7454750469983,0.9173281441800213
DeepSeek-V4-Pro,10000,201,0.70272,0.0279689552238806,6.128406760075112,transmit,1631.7454750469983,0.9173281441800213
DeepSeek-V4-Pro,10000,206,0.70272,0.027290097087378642,6.128406760075112,transmit,1631.7454750469983,0.9173281441800213
DeepSeek-V4-Pro,10000,211,0.70272,0.026643412322274882,6.128406760075112,transmit,1631.7454750469983,0.9173281441800213
DeepSeek-V4-Pro,10000,216,0.70272,0.026026666666666667,6.128406760075112,transmit,1631.7454750469983,0.9173281441800213
DeepSeek-V4-Pro,10000,221,0.70272,0.02543782805429864,6.128406760075112,transmit,1631.7454750469983,0.9173281441800213
DeepSeek-V4-Pro,10000,226,0.70272,0.024875044247787612,6.128406760075112,transmit,1631.7454750469983,0.9173281441800213
DeepSeek-V4-Pro,10000,231,0.70272,0.024336623376623377,6.128406760075112,transmit,1631.7454750469983,0.9173281441800213
DeepSeek-V4-Pro,10000,236,0.70272,0.02382101694915254,6.128406760075112,transmit,1631.7454750469983,0.9173281441800213
DeepSeek-V4-Pro,10000,241,0.70272,0.023326804979253112,6.128406760075112,transmit,1631.7454750469983,0.9173281441800213
DeepSeek-V4-Pro,10000,246,0.70272,0.02285268292682927,6.128406760075112,transmit,1631.7454750469983,0.9173281441800213
DeepSeek-V4-Pro,10000,251,0.70272,0.022397450199203188,6.128406760075112,transmit,1631.7454750469983,0.9173281441800213
DeepSeek-V4-Pro,10000,256,0.70272,0.02196,6.128406760075112,transmit,1631.7454750469983,0.9173281441800213
DeepSeek-V4-Pro,10000,261,0.70272,0.021539310344827586,6.128406760075112,transmit,1631.7454750469983,0.9173281441800213
DeepSeek-V4-Pro,10000,266,0.70272,0.021134436090225563,6.128406760075112,transmit,1631.7454750469983,0.9173281441800213
DeepSeek-V4-Pro,10000,271,0.70272,0.02074450184501845,6.128406760075112,transmit,1631.7454750469983,0.9173281441800213
DeepSeek-V4-Pro,10000,276,0.70272,0.020368695652173915,6.128406760075112,transmit,1631.7454750469983,0.9173281441800213
DeepSeek-V4-Pro,10000,281,0.70272,0.02000626334519573,6.128406760075112,transmit,1631.7454750469983,0.9173281441800213
DeepSeek-V4-Pro,10000,286,0.70272,0.019656503496503497,6.128406760075112,transmit,1631.7454750469983,0.9173281441800213
DeepSeek-V4-Pro,10000,291,0.70272,0.019318762886597937,6.128406760075112,transmit,1631.7454750469983,0.9173281441800213
DeepSeek-V4-Pro,10000,296,0.70272,0.018992432432432434,6.128406760075112,transmit,1631.7454750469983,0.9173281441800213
DeepSeek-V4-Pro,10000,301,0.70272,0.018676943521594686,6.128406760075112,transmit,1631.7454750469983,0.9173281441800213
DeepSeek-V4-Pro,10000,306,0.70272,0.01837176470588235,6.128406760075112,transmit,1631.7454750469983,0.9173281441800213
DeepSeek-V4-Pro,10000,311,0.70272,0.018076398713826367,6.128406760075112,transmit,1631.7454750469983,0.9173281441800213
DeepSeek-V4-Pro,10000,316,0.70272,0.017790379746835443,6.128406760075112,transmit,1631.7454750469983,0.9173281441800213
DeepSeek-V4-Pro,10000,321,0.70272,0.017513271028037382,6.128406760075112,transmit,1631.7454750469983,0.9173281441800213
DeepSeek-V4-Pro,10000,326,0.70272,0.017244662576687116,6.128406760075112,transmit,1631.7454750469983,0.9173281441800213
DeepSeek-V4-Pro,10000,331,0.70272,0.01698416918429003,6.128406760075112,transmit,1631.7454750469983,0.9173281441800213
DeepSeek-V4-Pro,10000,336,0.70272,0.01673142857142857,6.128406760075112,transmit,1631.7454750469983,0.9173281441800213
DeepSeek-V4-Pro,10000,341,0.70272,0.016486099706744868,6.128406760075112,transmit,1631.7454750469983,0.9173281441800213
DeepSeek-V4-Pro,10000,346,0.70272,0.016247861271676302,6.128406760075112,transmit,1631.7454750469983,0.9173281441800213
DeepSeek-V4-Pro,10000,351,0.70272,0.016016410256410256,6.128406760075112,transmit,1631.7454750469983,0.9173281441800213
DeepSeek-V4-Pro,10000,356,0.70272,0.015791460674157303,6.128406760075112,transmit,1631.7454750469983,0.9173281441800213
DeepSeek-V4-Pro,10000,361,0.70272,0.015572742382271468,6.128406760075112,transmit,1631.7454750469983,0.9173281441800213
DeepSeek-V4-Pro,10000,366,0.70272,0.01536,6.128406760075112,transmit,1631.7454750469983,0.9173281441800213
DeepSeek-V4-Pro,10000,371,0.70272,0.015152991913746632,6.128406760075112,transmit,1631.7454750469983,0.9173281441800213
DeepSeek-V4-Pro,10000,376,0.70272,0.014951489361702128,6.128406760075112,transmit,1631.7454750469983,0.9173281441800213
DeepSeek-V4-Pro,10000,381,0.70272,0.01475527559055118,6.128406760075112,transmit,1631.7454750469983,0.9173281441800213
DeepSeek-V4-Pro,10000,386,0.70272,0.014564145077720208,6.128406760075112,transmit,1631.7454750469983,0.9173281441800213
DeepSeek-V4-Pro,10000,391,0.70272,0.014377902813299233,6.128406760075112,transmit,1631.7454750469983,0.9173281441800213
DeepSeek-V4-Pro,10000,396,0.70272,0.014196363636363637,6.128406760075112,transmit,1631.7454750469983,0.9173281441800213
DeepSeek-V4-Pro,10000,401,0.70272,0.014019351620947631,6.128406760075112,transmit,1631.7454750469983,0.9173281441800213
DeepSeek-V4-Pro,10000,406,0.70272,0.013846699507389162,6.128406760075112,transmit,1631.7454750469983,0.9173281441800213
DeepSeek-V4-Pro,10000,411,0.70272,0.013678248175182482,6.128406760075112,transmit,1631.7454750469983,0.9173281441800213
DeepSeek-V4-Pro,10000,416,0.70272,0.013513846153846154,6.128406760075112,transmit,1631.7454750469983,0.9173281441800213
DeepSeek-V4-Pro,10000,421,0.70272,0.01335334916864608,6.128406760075112,transmit,1631.7454750469983,0.9173281441800213
DeepSeek-V4-Pro,10000,426,0.70272,0.01319661971830986,6.128406760075112,transmit,1631.7454750469983,0.9173281441800213
DeepSeek-V4-Pro,10000,431,0.70272,0.01304352668213457,6.128406760075112,transmit,1631.7454750469983,0.9173281441800213
DeepSeek-V4-Pro,10000,436,0.70272,0.01289394495412844,6.128406760075112,transmit,1631.7454750469983,0.9173281441800213
DeepSeek-V4-Pro,10000,441,0.70272,0.012747755102040816,6.128406760075112,transmit,1631.7454750469983,0.9173281441800213
DeepSeek-V4-Pro,10000,446,0.70272,0.012604843049327354,6.128406760075112,transmit,1631.7454750469983,0.9173281441800213
DeepSeek-V4-Pro,10000,451,0.70272,0.012465099778270509,6.128406760075112,transmit,1631.7454750469983,0.9173281441800213
DeepSeek-V4-Pro,10000,456,0.70272,0.012328421052631579,6.128406760075112,transmit,1631.7454750469983,0.9173281441800213
DeepSeek-V4-Pro,10000,461,0.70272,0.01219470715835141,6.128406760075112,transmit,1631.7454750469983,0.9173281441800213
DeepSeek-V4-Pro,10000,466,0.70272,0.012063862660944205,6.128406760075112,transmit,1631.7454750469983,0.9173281441800213
DeepSeek-V4-Pro,10000,471,0.70272,0.01193579617834395,6.128406760075112,transmit,1631.7454750469983,0.9173281441800213
DeepSeek-V4-Pro,10000,476,0.70272,0.011810420168067227,6.128406760075112,transmit,1631.7454750469983,0.9173281441800213
DeepSeek-V4-Pro,10000,481,0.70272,0.011687650727650727,6.128406760075112,transmit,1631.7454750469983,0.9173281441800213
DeepSeek-V4-Pro,10000,486,0.70272,0.011567407407407408,6.128406760075112,transmit,1631.7454750469983,0.9173281441800213
DeepSeek-V4-Pro,10000,491,0.70272,0.011449613034623218,6.128406760075112,transmit,1631.7454750469983,0.9173281441800213
DeepSeek-V4-Pro,10000,496,0.70272,0.011334193548387097,6.128406760075112,transmit,1631.7454750469983,0.9173281441800213
DeepSeek-V4-Pro,10000,501,0.70272,0.011221077844311377,6.128406760075112,transmit,1631.7454750469983,0.9173281441800213
DeepSeek-V4-Pro,10000,506,0.70272,0.011110197628458498,6.128406760075112,transmit,1631.7454750469983,0.9173281441800213
DeepSeek-V4-Pro,10000,511,0.70272,0.011001487279843444,6.128406760075112,transmit,1631.7454750469983,0.9173281441800213
DeepSeek-V4-Pro,10000,516,0.70272,0.010894883720930233,6.128406760075112,transmit,1631.7454750469983,0.9173281441800213
DeepSeek-V4-Pro,10000,521,0.70272,0.010790326295585413,6.128406760075112,transmit,1631.7454750469983,0.9173281441800213
DeepSeek-V4-Pro,10000,526,0.70272,0.010687756653992395,6.128406760075112,transmit,1631.7454750469983,0.9173281441800213
DeepSeek-V4-Pro,10000,531,0.70272,0.010587118644067797,6.128406760075112,transmit,1631.7454750469983,0.9173281441800213
DeepSeek-V4-Pro,10000,536,0.70272,0.010488358208955224,6.128406760075112,transmit,1631.7454750469983,0.9173281441800213
DeepSeek-V4-Pro,10000,541,0.70272,0.010391423290203327,6.128406760075112,transmit,1631.7454750469983,0.9173281441800213
DeepSeek-V4-Pro,10000,546,0.70272,0.010296263736263736,6.128406760075112,transmit,1631.7454750469983,0.9173281441800213
DeepSeek-V4-Pro,10000,551,0.70272,0.010202831215970962,6.128406760075112,transmit,1631.7454750469983,0.9173281441800213
DeepSeek-V4-Pro,10000,556,0.70272,0.010111079136690647,6.128406760075112,transmit,1631.7454750469983,0.9173281441800213
DeepSeek-V4-Pro,10000,561,0.70272,0.01002096256684492,6.128406760075112,transmit,1631.7454750469983,0.9173281441800213
DeepSeek-V4-Pro,10000,566,0.70272,0.009932438162544169,6.128406760075112,transmit,1631.7454750469983,0.9173281441800213
DeepSeek-V4-Pro,10000,571,0.70272,0.009845464098073554,6.128406760075112,transmit,1631.7454750469983,0.9173281441800213
DeepSeek-V4-Pro,10000,576,0.70272,0.00976,6.128406760075112,transmit,1631.7454750469983,0.9173281441800213
DeepSeek-V4-Pro,10000,581,0.70272,0.009676006884681584,6.128406760075112,transmit,1631.7454750469983,0.9173281441800213
DeepSeek-V4-Pro,10000,586,0.70272,0.00959344709897611,6.128406760075112,transmit,1631.7454750469983,0.9173281441800213
DeepSeek-V4-Pro,10000,591,0.70272,0.00951228426395939,6.128406760075112,transmit,1631.7454750469983,0.9173281441800213
DeepSeek-V4-Pro,10000,596,0.70272,0.009432483221476511,6.128406760075112,transmit,1631.7454750469983,0.9173281441800213
DeepSeek-V4-Pro,10000,601,0.70272,0.009354009983361064,6.128406760075112,transmit,1631.7454750469983,0.9173281441800213
DeepSeek-V4-Pro,10000,606,0.70272,0.009276831683168316,6.128406760075112,transmit,1631.7454750469983,0.9173281441800213
DeepSeek-V4-Pro,10000,611,0.70272,0.009200916530278233,6.128406760075112,transmit,1631.7454750469983,0.9173281441800213
DeepSeek-V4-Pro,10000,616,0.70272,0.009126233766233767,6.128406760075112,transmit,1631.7454750469983,0.9173281441800213
DeepSeek-V4-Pro,10000,621,0.70272,0.009052753623188406,6.128406760075112,transmit,1631.7454750469983,0.9173281441800213
DeepSeek-V4-Pro,10000,626,0.70272,0.008980447284345048,6.128406760075112,transmit,1631.7454750469983,0.9173281441800213
DeepSeek-V4-Pro,10000,631,0.70272,0.008909286846275753,6.128406760075112,transmit,1631.7454750469983,0.9173281441800213
DeepSeek-V4-Pro,10000,636,0.70272,0.008839245283018868,6.128406760075112,transmit,1631.7454750469983,0.9173281441800213
DeepSeek-V4-Pro,10000,641,0.70272,0.008770296411856475,6.128406760075112,transmit,1631.7454750469983,0.9173281441800213
DeepSeek-V4-Pro,10000,646,0.70272,0.008702414860681115,6.128406760075112,transmit,1631.7454750469983,0.9173281441800213
DeepSeek-V4-Pro,10000,651,0.70272,0.00863557603686636,6.128406760075112,transmit,1631.7454750469983,0.9173281441800213
DeepSeek-V4-Pro,10000,656,0.70272,0.008569756097560976,6.128406760075112,transmit,1631.7454750469983,0.9173281441800213
DeepSeek-V4-Pro,10000,661,0.70272,0.008504931921331315,6.128406760075112,transmit,1631.7454750469983,0.9173281441800213
DeepSeek-V4-Pro,10000,666,0.70272,0.00844108108108108,6.128406760075112,transmit,1631.7454750469983,0.9173281441800213
DeepSeek-V4-Pro,10000,671,0.70272,0.008378181818181818,6.128406760075112,transmit,1631.7454750469983,0.9173281441800213
DeepSeek-V4-Pro,10000,676,0.70272,0.008316213017751478,6.128406760075112,transmit,1631.7454750469983,0.9173281441800213
DeepSeek-V4-Pro,10000,681,0.70272,0.008255154185022026,6.128406760075112,transmit,1631.7454750469983,0.9173281441800213
DeepSeek-V4-Pro,10000,686,0.70272,0.008194985422740525,6.128406760075112,transmit,1631.7454750469983,0.9173281441800213
DeepSeek-V4-Pro,10000,691,0.70272,0.008135687409551375,6.128406760075112,transmit,1631.7454750469983,0.9173281441800213
DeepSeek-V4-Pro,10000,696,0.70272,0.008077241379310344,6.128406760075112,transmit,1631.7454750469983,0.9173281441800213
DeepSeek-V4-Pro,10000,701,0.70272,0.008019629101283881,6.128406760075112,transmit,1631.7454750469983,0.9173281441800213
DeepSeek-V4-Pro,10000,706,0.70272,0.007962832861189801,6.128406760075112,transmit,1631.7454750469983,0.9173281441800213
DeepSeek-V4-Pro,10000,711,0.70272,0.007906835443037975,6.128406760075112,transmit,1631.7454750469983,0.9173281441800213
DeepSeek-V4-Pro,10000,716,0.70272,0.007851620111731844,6.128406760075112,transmit,1631.7454750469983,0.9173281441800213
DeepSeek-V4-Pro,10000,721,0.70272,0.007797170596393898,6.128406760075112,transmit,1631.7454750469983,0.9173281441800213
DeepSeek-V4-Pro,10000,726,0.70272,0.007743471074380165,6.128406760075112,transmit,1631.7454750469983,0.9173281441800213
DeepSeek-V4-Pro,10000,731,0.70272,0.007690506155950752,6.128406760075112,transmit,1631.7454750469983,0.9173281441800213
DeepSeek-V4-Pro,10000,736,0.70272,0.007638260869565218,6.128406760075112,transmit,1631.7454750469983,0.9173281441800213
DeepSeek-V4-Pro,10000,741,0.70272,0.007586720647773279,6.128406760075112,transmit,1631.7454750469983,0.9173281441800213
DeepSeek-V4-Pro,10000,746,0.70272,0.007535871313672922,6.128406760075112,transmit,1631.7454750469983,0.9173281441800213
DeepSeek-V4-Pro,10000,751,0.70272,0.007485699067909454,6.128406760075112,transmit,1631.7454750469983,0.9173281441800213
DeepSeek-V4-Pro,10000,756,0.70272,0.0074361904761904764,6.128406760075112,transmit,1631.7454750469983,0.9173281441800213
DeepSeek-V4-Pro,10000,761,0.70272,0.007387332457293036,6.128406760075112,transmit,1631.7454750469983,0.9173281441800213
DeepSeek-V4-Pro,10000,766,0.70272,0.00733911227154047,6.128406760075112,transmit,1631.7454750469983,0.9173281441800213
DeepSeek-V4-Pro,10000,771,0.70272,0.007291517509727626,6.128406760075112,transmit,1631.7454750469983,0.9173281441800213
DeepSeek-V4-Pro,10000,776,0.70272,0.0072445360824742264,6.128406760075112,transmit,1631.7454750469983,0.9173281441800213
DeepSeek-V4-Pro,10000,781,0.70272,0.007198156209987196,6.128406760075112,transmit,1631.7454750469983,0.9173281441800213
DeepSeek-V4-Pro,10000,786,0.70272,0.007152366412213741,6.128406760075112,transmit,1631.7454750469983,0.9173281441800213
DeepSeek-V4-Pro,10000,791,0.70272,0.007107155499367889,6.128406760075112,transmit,1631.7454750469983,0.9173281441800213
DeepSeek-V4-Pro,10000,796,0.70272,0.0070625125628140705,6.128406760075112,transmit,1631.7454750469983,0.9173281441800213
DeepSeek-V4-Pro,10000,801,0.70272,0.007018426966292135,6.128406760075112,transmit,1631.7454750469983,0.9173281441800213
DeepSeek-V4-Pro,10000,806,0.70272,0.006974888337468983,6.128406760075112,transmit,1631.7454750469983,0.9173281441800213
DeepSeek-V4-Pro,10000,811,0.70272,0.006931886559802713,6.128406760075112,transmit,1631.7454750469983,0.9173281441800213
DeepSeek-V4-Pro,10000,816,0.70272,0.006889411764705883,6.128406760075112,transmit,1631.7454750469983,0.9173281441800213
DeepSeek-V4-Pro,10000,821,0.70272,0.006847454323995128,6.128406760075112,transmit,1631.7454750469983,0.9173281441800213
DeepSeek-V4-Pro,10000,826,0.70272,0.0068060048426150125,6.128406760075112,transmit,1631.7454750469983,0.9173281441800213
DeepSeek-V4-Pro,10000,831,0.70272,0.006765054151624548,6.128406760075112,transmit,1631.7454750469983,0.9173281441800213
DeepSeek-V4-Pro,10000,836,0.70272,0.006724593301435407,6.128406760075112,transmit,1631.7454750469983,0.9173281441800213
DeepSeek-V4-Pro,10000,841,0.70272,0.00668461355529132,6.128406760075112,transmit,1631.7454750469983,0.9173281441800213
DeepSeek-V4-Pro,10000,846,0.70272,0.006645106382978724,6.128406760075112,transmit,1631.7454750469983,0.9173281441800213
DeepSeek-V4-Pro,10000,851,0.70272,0.006606063454759107,6.128406760075112,transmit,1631.7454750469983,0.9173281441800213
DeepSeek-V4-Pro,10000,856,0.70272,0.006567476635514019,6.128406760075112,transmit,1631.7454750469983,0.9173281441800213
DeepSeek-V4-Pro,10000,861,0.70272,0.006529337979094076,6.128406760075112,transmit,1631.7454750469983,0.9173281441800213
DeepSeek-V4-Pro,10000,866,0.70272,0.0064916397228637415,6.128406760075112,transmit,1631.7454750469983,0.9173281441800213
DeepSeek-V4-Pro,10000,871,0.70272,0.006454374282433984,6.128406760075112,transmit,1631.7454750469983,0.9173281441800213
DeepSeek-V4-Pro,10000,876,0.70272,0.0064175342465753425,6.128406760075112,transmit,1631.7454750469983,0.9173281441800213
DeepSeek-V4-Pro,10000,881,0.70272,0.0063811123723042,6.128406760075112,transmit,1631.7454750469983,0.9173281441800213
DeepSeek-V4-Pro,10000,886,0.70272,0.00634510158013544,6.128406760075112,transmit,1631.7454750469983,0.9173281441800213
DeepSeek-V4-Pro,10000,891,0.70272,0.006309494949494949,6.128406760075112,transmit,1631.7454750469983,0.9173281441800213
DeepSeek-V4-Pro,10000,896,0.70272,0.006274285714285714,6.128406760075112,transmit,1631.7454750469983,0.9173281441800213
DeepSeek-V4-Pro,10000,901,0.70272,0.006239467258601554,6.128406760075112,transmit,1631.7454750469983,0.9173281441800213
DeepSeek-V4-Pro,10000,906,0.70272,0.006205033112582781,6.128406760075112,transmit,1631.7454750469983,0.9173281441800213
DeepSeek-V4-Pro,10000,911,0.70272,0.006170976948408342,6.128406760075112,transmit,1631.7454750469983,0.9173281441800213
DeepSeek-V4-Pro,10000,916,0.70272,0.006137292576419214,6.128406760075112,transmit,1631.7454750469983,0.9173281441800213
DeepSeek-V4-Pro,10000,921,0.70272,0.0061039739413680785,6.128406760075112,transmit,1631.7454750469983,0.9173281441800213
DeepSeek-V4-Pro,10000,926,0.70272,0.0060710151187904965,6.128406760075112,transmit,1631.7454750469983,0.9173281441800213
DeepSeek-V4-Pro,10000,931,0.70272,0.006038410311493018,6.128406760075112,transmit,1631.7454750469983,0.9173281441800213
DeepSeek-V4-Pro,10000,936,0.70272,0.006006153846153846,6.128406760075112,transmit,1631.7454750469983,0.9173281441800213
DeepSeek-V4-Pro,10000,941,0.70272,0.005974240170031881,6.128406760075112,transmit,1631.7454750469983,0.9173281441800213
DeepSeek-V4-Pro,10000,946,0.70272,0.005942663847780126,6.128406760075112,transmit,1631.7454750469983,0.9173281441800213
DeepSeek-V4-Pro,10000,951,0.70272,0.005911419558359622,6.128406760075112,transmit,1631.7454750469983,0.9173281441800213
DeepSeek-V4-Pro,10000,956,0.70272,0.00588050209205021,6.128406760075112,transmit,1631.7454750469983,0.9173281441800213
DeepSeek-V4-Pro,10000,961,0.70272,0.00584990634755463,6.128406760075112,transmit,1631.7454750469983,0.9173281441800213
DeepSeek-V4-Pro,10000,966,0.70272,0.0058196273291925464,6.128406760075112,transmit,1631.7454750469983,0.9173281441800213
DeepSeek-V4-Pro,10000,971,0.70272,0.005789660144181257,6.128406760075112,transmit,1631.7454750469983,0.9173281441800213
DeepSeek-V4-Pro,10000,976,0.70272,0.00576,6.128406760075112,transmit,1631.7454750469983,0.9173281441800213
DeepSeek-V4-Pro,10000,981,0.70272,0.005730642201834862,6.128406760075112,transmit,1631.7454750469983,0.9173281441800213
DeepSeek-V4-Pro,10000,986,0.70272,0.00570158215010142,6.128406760075112,transmit,1631.7454750469983,0.9173281441800213
DeepSeek-V4-Pro,10000,991,0.70272,0.005672815338042382,6.128406760075112,transmit,1631.7454750469983,0.9173281441800213
DeepSeek-V4-Pro,10000,996,0.70272,0.00564433734939759,6.128406760075112,transmit,1631.7454750469983,0.9173281441800213
DeepSeek-V4-Pro,100000,1,7.0272,56.2176,61.28406760075112,transmit,1631.7454750469983,0.9173281441800213
DeepSeek-V4-Pro,100000,6,7.0272,9.3696,61.28406760075112,transmit,1631.7454750469983,0.9173281441800213
DeepSeek-V4-Pro,100000,11,7.0272,5.110690909090909,61.28406760075112,transmit,1631.7454750469983,0.9173281441800213
DeepSeek-V4-Pro,100000,16,7.0272,3.5136,61.28406760075112,transmit,1631.7454750469983,0.9173281441800213
DeepSeek-V4-Pro,100000,21,7.0272,2.6770285714285715,61.28406760075112,transmit,1631.7454750469983,0.9173281441800213
DeepSeek-V4-Pro,100000,26,7.0272,2.1622153846153847,61.28406760075112,transmit,1631.7454750469983,0.9173281441800213
DeepSeek-V4-Pro,100000,31,7.0272,1.8134709677419354,61.28406760075112,transmit,1631.7454750469983,0.9173281441800213
DeepSeek-V4-Pro,100000,36,7.0272,1.5616,61.28406760075112,transmit,1631.7454750469983,0.9173281441800213
DeepSeek-V4-Pro,100000,41,7.0272,1.371160975609756,61.28406760075112,transmit,1631.7454750469983,0.9173281441800213
DeepSeek-V4-Pro,100000,46,7.0272,1.2221217391304349,61.28406760075112,transmit,1631.7454750469983,0.9173281441800213
DeepSeek-V4-Pro,100000,51,7.0272,1.1023058823529412,61.28406760075112,transmit,1631.7454750469983,0.9173281441800213
DeepSeek-V4-Pro,100000,56,7.0272,1.0038857142857143,61.28406760075112,transmit,1631.7454750469983,0.9173281441800213
DeepSeek-V4-Pro,100000,61,7.0272,0.9216,61.28406760075112,transmit,1631.7454750469983,0.9173281441800213
DeepSeek-V4-Pro,100000,66,7.0272,0.8517818181818182,61.28406760075112,transmit,1631.7454750469983,0.9173281441800213
DeepSeek-V4-Pro,100000,71,7.0272,0.7917971830985916,61.28406760075112,transmit,1631.7454750469983,0.9173281441800213
DeepSeek-V4-Pro,100000,76,7.0272,0.7397052631578948,61.28406760075112,transmit,1631.7454750469983,0.9173281441800213
DeepSeek-V4-Pro,100000,81,7.0272,0.6940444444444445,61.28406760075112,transmit,1631.7454750469983,0.9173281441800213
DeepSeek-V4-Pro,100000,86,7.0272,0.6536930232558139,61.28406760075112,transmit,1631.7454750469983,0.9173281441800213
DeepSeek-V4-Pro,100000,91,7.0272,0.6177758241758242,61.28406760075112,transmit,1631.7454750469983,0.9173281441800213
DeepSeek-V4-Pro,100000,96,7.0272,0.5856,61.28406760075112,transmit,1631.7454750469983,0.9173281441800213
DeepSeek-V4-Pro,100000,101,7.0272,0.556609900990099,61.28406760075112,transmit,1631.7454750469983,0.9173281441800213
DeepSeek-V4-Pro,100000,106,7.0272,0.5303547169811321,61.28406760075112,transmit,1631.7454750469983,0.9173281441800213
DeepSeek-V4-Pro,100000,111,7.0272,0.5064648648648649,61.28406760075112,transmit,1631.7454750469983,0.9173281441800213
DeepSeek-V4-Pro,100000,116,7.0272,0.4846344827586207,61.28406760075112,transmit,1631.7454750469983,0.9173281441800213
DeepSeek-V4-Pro,100000,121,7.0272,0.4646082644628099,61.28406760075112,transmit,1631.7454750469983,0.9173281441800213
DeepSeek-V4-Pro,100000,126,7.0272,0.44617142857142855,61.28406760075112,transmit,1631.7454750469983,0.9173281441800213
DeepSeek-V4-Pro,100000,131,7.0272,0.42914198473282444,61.28406760075112,transmit,1631.7454750469983,0.9173281441800213
DeepSeek-V4-Pro,100000,136,7.0272,0.41336470588235297,61.28406760075112,transmit,1631.7454750469983,0.9173281441800213
DeepSeek-V4-Pro,100000,141,7.0272,0.3987063829787234,61.28406760075112,transmit,1631.7454750469983,0.9173281441800213
DeepSeek-V4-Pro,100000,146,7.0272,0.38505205479452054,61.28406760075112,transmit,1631.7454750469983,0.9173281441800213
DeepSeek-V4-Pro,100000,151,7.0272,0.3723019867549669,61.28406760075112,transmit,1631.7454750469983,0.9173281441800213
DeepSeek-V4-Pro,100000,156,7.0272,0.3603692307692308,61.28406760075112,transmit,1631.7454750469983,0.9173281441800213
DeepSeek-V4-Pro,100000,161,7.0272,0.3491776397515528,61.28406760075112,transmit,1631.7454750469983,0.9173281441800213
DeepSeek-V4-Pro,100000,166,7.0272,0.33866024096385544,61.28406760075112,transmit,1631.7454750469983,0.9173281441800213
DeepSeek-V4-Pro,100000,171,7.0272,0.3287578947368421,61.28406760075112,transmit,1631.7454750469983,0.9173281441800213
DeepSeek-V4-Pro,100000,176,7.0272,0.3194181818181818,61.28406760075112,transmit,1631.7454750469983,0.9173281441800213
DeepSeek-V4-Pro,100000,181,7.0272,0.31059447513812155,61.28406760075112,transmit,1631.7454750469983,0.9173281441800213
DeepSeek-V4-Pro,100000,186,7.0272,0.3022451612903226,61.28406760075112,transmit,1631.7454750469983,0.9173281441800213
DeepSeek-V4-Pro,100000,191,7.0272,0.2943329842931937,61.28406760075112,transmit,1631.7454750469983,0.9173281441800213
DeepSeek-V4-Pro,100000,196,7.0272,0.28682448979591835,61.28406760075112,transmit,1631.7454750469983,0.9173281441800213
DeepSeek-V4-Pro,100000,201,7.0272,0.279689552238806,61.28406760075112,transmit,1631.7454750469983,0.9173281441800213
DeepSeek-V4-Pro,100000,206,7.0272,0.2729009708737864,61.28406760075112,transmit,1631.7454750469983,0.9173281441800213
DeepSeek-V4-Pro,100000,211,7.0272,0.26643412322274884,61.28406760075112,transmit,1631.7454750469983,0.9173281441800213
DeepSeek-V4-Pro,100000,216,7.0272,0.26026666666666665,61.28406760075112,transmit,1631.7454750469983,0.9173281441800213
DeepSeek-V4-Pro,100000,221,7.0272,0.25437828054298645,61.28406760075112,transmit,1631.7454750469983,0.9173281441800213
DeepSeek-V4-Pro,100000,226,7.0272,0.24875044247787612,61.28406760075112,transmit,1631.7454750469983,0.9173281441800213
DeepSeek-V4-Pro,100000,231,7.0272,0.24336623376623376,61.28406760075112,transmit,1631.7454750469983,0.9173281441800213
DeepSeek-V4-Pro,100000,236,7.0272,0.23821016949152543,61.28406760075112,transmit,1631.7454750469983,0.9173281441800213
DeepSeek-V4-Pro,100000,241,7.0272,0.23326804979253113,61.28406760075112,transmit,1631.7454750469983,0.9173281441800213
DeepSeek-V4-Pro,100000,246,7.0272,0.22852682926829268,61.28406760075112,transmit,1631.7454750469983,0.9173281441800213
DeepSeek-V4-Pro,100000,251,7.0272,0.22397450199203187,61.28406760075112,transmit,1631.7454750469983,0.9173281441800213
DeepSeek-V4-Pro,100000,256,7.0272,0.2196,61.28406760075112,transmit,1631.7454750469983,0.9173281441800213
DeepSeek-V4-Pro,100000,261,7.0272,0.21539310344827586,61.28406760075112,transmit,1631.7454750469983,0.9173281441800213
DeepSeek-V4-Pro,100000,266,7.0272,0.21134436090225564,61.28406760075112,transmit,1631.7454750469983,0.9173281441800213
DeepSeek-V4-Pro,100000,271,7.0272,0.2074450184501845,61.28406760075112,transmit,1631.7454750469983,0.9173281441800213
DeepSeek-V4-Pro,100000,276,7.0272,0.20368695652173913,61.28406760075112,transmit,1631.7454750469983,0.9173281441800213
DeepSeek-V4-Pro,100000,281,7.0272,0.2000626334519573,61.28406760075112,transmit,1631.7454750469983,0.9173281441800213
DeepSeek-V4-Pro,100000,286,7.0272,0.19656503496503497,61.28406760075112,transmit,1631.7454750469983,0.9173281441800213
DeepSeek-V4-Pro,100000,291,7.0272,0.19318762886597937,61.28406760075112,transmit,1631.7454750469983,0.9173281441800213
DeepSeek-V4-Pro,100000,296,7.0272,0.18992432432432432,61.28406760075112,transmit,1631.7454750469983,0.9173281441800213
DeepSeek-V4-Pro,100000,301,7.0272,0.18676943521594686,61.28406760075112,transmit,1631.7454750469983,0.9173281441800213
DeepSeek-V4-Pro,100000,306,7.0272,0.18371764705882354,61.28406760075112,transmit,1631.7454750469983,0.9173281441800213
DeepSeek-V4-Pro,100000,311,7.0272,0.18076398713826367,61.28406760075112,transmit,1631.7454750469983,0.9173281441800213
DeepSeek-V4-Pro,100000,316,7.0272,0.17790379746835444,61.28406760075112,transmit,1631.7454750469983,0.9173281441800213
DeepSeek-V4-Pro,100000,321,7.0272,0.17513271028037383,61.28406760075112,transmit,1631.7454750469983,0.9173281441800213
DeepSeek-V4-Pro,100000,326,7.0272,0.17244662576687117,61.28406760075112,transmit,1631.7454750469983,0.9173281441800213
DeepSeek-V4-Pro,100000,331,7.0272,0.1698416918429003,61.28406760075112,transmit,1631.7454750469983,0.9173281441800213
DeepSeek-V4-Pro,100000,336,7.0272,0.16731428571428572,61.28406760075112,transmit,1631.7454750469983,0.9173281441800213
DeepSeek-V4-Pro,100000,341,7.0272,0.16486099706744867,61.28406760075112,transmit,1631.7454750469983,0.9173281441800213
DeepSeek-V4-Pro,100000,346,7.0272,0.162478612716763,61.28406760075112,transmit,1631.7454750469983,0.9173281441800213
DeepSeek-V4-Pro,100000,351,7.0272,0.16016410256410257,61.28406760075112,transmit,1631.7454750469983,0.9173281441800213
DeepSeek-V4-Pro,100000,356,7.0272,0.15791460674157304,61.28406760075112,transmit,1631.7454750469983,0.9173281441800213
DeepSeek-V4-Pro,100000,361,7.0272,0.15572742382271468,61.28406760075112,transmit,1631.7454750469983,0.9173281441800213
DeepSeek-V4-Pro,100000,366,7.0272,0.1536,61.28406760075112,transmit,1631.7454750469983,0.9173281441800213
DeepSeek-V4-Pro,100000,371,7.0272,0.1515299191374663,61.28406760075112,transmit,1631.7454750469983,0.9173281441800213
DeepSeek-V4-Pro,100000,376,7.0272,0.14951489361702128,61.28406760075112,transmit,1631.7454750469983,0.9173281441800213
DeepSeek-V4-Pro,100000,381,7.0272,0.1475527559055118,61.28406760075112,transmit,1631.7454750469983,0.9173281441800213
DeepSeek-V4-Pro,100000,386,7.0272,0.14564145077720209,61.28406760075112,transmit,1631.7454750469983,0.9173281441800213
DeepSeek-V4-Pro,100000,391,7.0272,0.14377902813299231,61.28406760075112,transmit,1631.7454750469983,0.9173281441800213
DeepSeek-V4-Pro,100000,396,7.0272,0.14196363636363638,61.28406760075112,transmit,1631.7454750469983,0.9173281441800213
DeepSeek-V4-Pro,100000,401,7.0272,0.14019351620947632,61.28406760075112,transmit,1631.7454750469983,0.9173281441800213
DeepSeek-V4-Pro,100000,406,7.0272,0.13846699507389162,61.28406760075112,transmit,1631.7454750469983,0.9173281441800213
DeepSeek-V4-Pro,100000,411,7.0272,0.1367824817518248,61.28406760075112,transmit,1631.7454750469983,0.9173281441800213
DeepSeek-V4-Pro,100000,416,7.0272,0.13513846153846154,61.28406760075112,transmit,1631.7454750469983,0.9173281441800213
DeepSeek-V4-Pro,100000,421,7.0272,0.1335334916864608,61.28406760075112,transmit,1631.7454750469983,0.9173281441800213
DeepSeek-V4-Pro,100000,426,7.0272,0.1319661971830986,61.28406760075112,transmit,1631.7454750469983,0.9173281441800213
DeepSeek-V4-Pro,100000,431,7.0272,0.1304352668213457,61.28406760075112,transmit,1631.7454750469983,0.9173281441800213
DeepSeek-V4-Pro,100000,436,7.0272,0.1289394495412844,61.28406760075112,transmit,1631.7454750469983,0.9173281441800213
DeepSeek-V4-Pro,100000,441,7.0272,0.12747755102040817,61.28406760075112,transmit,1631.7454750469983,0.9173281441800213
DeepSeek-V4-Pro,100000,446,7.0272,0.12604843049327355,61.28406760075112,transmit,1631.7454750469983,0.9173281441800213
DeepSeek-V4-Pro,100000,451,7.0272,0.1246509977827051,61.28406760075112,transmit,1631.7454750469983,0.9173281441800213
DeepSeek-V4-Pro,100000,456,7.0272,0.12328421052631579,61.28406760075112,transmit,1631.7454750469983,0.9173281441800213
DeepSeek-V4-Pro,100000,461,7.0272,0.1219470715835141,61.28406760075112,transmit,1631.7454750469983,0.9173281441800213
DeepSeek-V4-Pro,100000,466,7.0272,0.12063862660944207,61.28406760075112,transmit,1631.7454750469983,0.9173281441800213
DeepSeek-V4-Pro,100000,471,7.0272,0.11935796178343949,61.28406760075112,transmit,1631.7454750469983,0.9173281441800213
DeepSeek-V4-Pro,100000,476,7.0272,0.11810420168067227,61.28406760075112,transmit,1631.7454750469983,0.9173281441800213
DeepSeek-V4-Pro,100000,481,7.0272,0.11687650727650728,61.28406760075112,transmit,1631.7454750469983,0.9173281441800213
DeepSeek-V4-Pro,100000,486,7.0272,0.11567407407407407,61.28406760075112,transmit,1631.7454750469983,0.9173281441800213
DeepSeek-V4-Pro,100000,491,7.0272,0.11449613034623218,61.28406760075112,transmit,1631.7454750469983,0.9173281441800213
DeepSeek-V4-Pro,100000,496,7.0272,0.11334193548387096,61.28406760075112,transmit,1631.7454750469983,0.9173281441800213
DeepSeek-V4-Pro,100000,501,7.0272,0.11221077844311378,61.28406760075112,transmit,1631.7454750469983,0.9173281441800213
DeepSeek-V4-Pro,100000,506,7.0272,0.11110197628458499,61.28406760075112,transmit,1631.7454750469983,0.9173281441800213
DeepSeek-V4-Pro,100000,511,7.0272,0.11001487279843444,61.28406760075112,transmit,1631.7454750469983,0.9173281441800213
DeepSeek-V4-Pro,100000,516,7.0272,0.10894883720930233,61.28406760075112,transmit,1631.7454750469983,0.9173281441800213
DeepSeek-V4-Pro,100000,521,7.0272,0.10790326295585413,61.28406760075112,transmit,1631.7454750469983,0.9173281441800213
DeepSeek-V4-Pro,100000,526,7.0272,0.10687756653992396,61.28406760075112,transmit,1631.7454750469983,0.9173281441800213
DeepSeek-V4-Pro,100000,531,7.0272,0.10587118644067797,61.28406760075112,transmit,1631.7454750469983,0.9173281441800213
DeepSeek-V4-Pro,100000,536,7.0272,0.10488358208955224,61.28406760075112,transmit,1631.7454750469983,0.9173281441800213
DeepSeek-V4-Pro,100000,541,7.0272,0.10391423290203328,61.28406760075112,transmit,1631.7454750469983,0.9173281441800213
DeepSeek-V4-Pro,100000,546,7.0272,0.10296263736263736,61.28406760075112,transmit,1631.7454750469983,0.9173281441800213
DeepSeek-V4-Pro,100000,551,7.0272,0.10202831215970962,61.28406760075112,transmit,1631.7454750469983,0.9173281441800213
DeepSeek-V4-Pro,100000,556,7.0272,0.10111079136690647,61.28406760075112,transmit,1631.7454750469983,0.9173281441800213
DeepSeek-V4-Pro,100000,561,7.0272,0.1002096256684492,61.28406760075112,transmit,1631.7454750469983,0.9173281441800213
DeepSeek-V4-Pro,100000,566,7.0272,0.0993243816254417,61.28406760075112,transmit,1631.7454750469983,0.9173281441800213
DeepSeek-V4-Pro,100000,571,7.0272,0.09845464098073556,61.28406760075112,transmit,1631.7454750469983,0.9173281441800213
DeepSeek-V4-Pro,100000,576,7.0272,0.0976,61.28406760075112,transmit,1631.7454750469983,0.9173281441800213
DeepSeek-V4-Pro,100000,581,7.0272,0.09676006884681583,61.28406760075112,transmit,1631.7454750469983,0.9173281441800213
DeepSeek-V4-Pro,100000,586,7.0272,0.09593447098976109,61.28406760075112,transmit,1631.7454750469983,0.9173281441800213
DeepSeek-V4-Pro,100000,591,7.0272,0.0951228426395939,61.28406760075112,transmit,1631.7454750469983,0.9173281441800213
DeepSeek-V4-Pro,100000,596,7.0272,0.0943248322147651,61.28406760075112,transmit,1631.7454750469983,0.9173281441800213
DeepSeek-V4-Pro,100000,601,7.0272,0.09354009983361065,61.28406760075112,transmit,1631.7454750469983,0.9173281441800213
DeepSeek-V4-Pro,100000,606,7.0272,0.09276831683168317,61.28406760075112,transmit,1631.7454750469983,0.9173281441800213
DeepSeek-V4-Pro,100000,611,7.0272,0.09200916530278233,61.28406760075112,transmit,1631.7454750469983,0.9173281441800213
DeepSeek-V4-Pro,100000,616,7.0272,0.09126233766233766,61.28406760075112,transmit,1631.7454750469983,0.9173281441800213
DeepSeek-V4-Pro,100000,621,7.0272,0.09052753623188406,61.28406760075112,transmit,1631.7454750469983,0.9173281441800213
DeepSeek-V4-Pro,100000,626,7.0272,0.08980447284345047,61.28406760075112,transmit,1631.7454750469983,0.9173281441800213
DeepSeek-V4-Pro,100000,631,7.0272,0.08909286846275753,61.28406760075112,transmit,1631.7454750469983,0.9173281441800213
DeepSeek-V4-Pro,100000,636,7.0272,0.08839245283018868,61.28406760075112,transmit,1631.7454750469983,0.9173281441800213
DeepSeek-V4-Pro,100000,641,7.0272,0.08770296411856474,61.28406760075112,transmit,1631.7454750469983,0.9173281441800213
DeepSeek-V4-Pro,100000,646,7.0272,0.08702414860681114,61.28406760075112,transmit,1631.7454750469983,0.9173281441800213
DeepSeek-V4-Pro,100000,651,7.0272,0.08635576036866359,61.28406760075112,transmit,1631.7454750469983,0.9173281441800213
DeepSeek-V4-Pro,100000,656,7.0272,0.08569756097560975,61.28406760075112,transmit,1631.7454750469983,0.9173281441800213
DeepSeek-V4-Pro,100000,661,7.0272,0.08504931921331316,61.28406760075112,transmit,1631.7454750469983,0.9173281441800213
DeepSeek-V4-Pro,100000,666,7.0272,0.08441081081081081,61.28406760075112,transmit,1631.7454750469983,0.9173281441800213
DeepSeek-V4-Pro,100000,671,7.0272,0.08378181818181818,61.28406760075112,transmit,1631.7454750469983,0.9173281441800213
DeepSeek-V4-Pro,100000,676,7.0272,0.0831621301775148,61.28406760075112,transmit,1631.7454750469983,0.9173281441800213
DeepSeek-V4-Pro,100000,681,7.0272,0.08255154185022026,61.28406760075112,transmit,1631.7454750469983,0.9173281441800213
DeepSeek-V4-Pro,100000,686,7.0272,0.08194985422740525,61.28406760075112,transmit,1631.7454750469983,0.9173281441800213
DeepSeek-V4-Pro,100000,691,7.0272,0.08135687409551375,61.28406760075112,transmit,1631.7454750469983,0.9173281441800213
DeepSeek-V4-Pro,100000,696,7.0272,0.08077241379310345,61.28406760075112,transmit,1631.7454750469983,0.9173281441800213
DeepSeek-V4-Pro,100000,701,7.0272,0.0801962910128388,61.28406760075112,transmit,1631.7454750469983,0.9173281441800213
DeepSeek-V4-Pro,100000,706,7.0272,0.07962832861189802,61.28406760075112,transmit,1631.7454750469983,0.9173281441800213
DeepSeek-V4-Pro,100000,711,7.0272,0.07906835443037975,61.28406760075112,transmit,1631.7454750469983,0.9173281441800213
DeepSeek-V4-Pro,100000,716,7.0272,0.07851620111731844,61.28406760075112,transmit,1631.7454750469983,0.9173281441800213
DeepSeek-V4-Pro,100000,721,7.0272,0.07797170596393897,61.28406760075112,transmit,1631.7454750469983,0.9173281441800213
DeepSeek-V4-Pro,100000,726,7.0272,0.07743471074380165,61.28406760075112,transmit,1631.7454750469983,0.9173281441800213
DeepSeek-V4-Pro,100000,731,7.0272,0.07690506155950752,61.28406760075112,transmit,1631.7454750469983,0.9173281441800213
DeepSeek-V4-Pro,100000,736,7.0272,0.07638260869565218,61.28406760075112,transmit,1631.7454750469983,0.9173281441800213
DeepSeek-V4-Pro,100000,741,7.0272,0.07586720647773279,61.28406760075112,transmit,1631.7454750469983,0.9173281441800213
DeepSeek-V4-Pro,100000,746,7.0272,0.07535871313672922,61.28406760075112,transmit,1631.7454750469983,0.9173281441800213
DeepSeek-V4-Pro,100000,751,7.0272,0.07485699067909454,61.28406760075112,transmit,1631.7454750469983,0.9173281441800213
DeepSeek-V4-Pro,100000,756,7.0272,0.07436190476190477,61.28406760075112,transmit,1631.7454750469983,0.9173281441800213
DeepSeek-V4-Pro,100000,761,7.0272,0.07387332457293036,61.28406760075112,transmit,1631.7454750469983,0.9173281441800213
DeepSeek-V4-Pro,100000,766,7.0272,0.0733911227154047,61.28406760075112,transmit,1631.7454750469983,0.9173281441800213
DeepSeek-V4-Pro,100000,771,7.0272,0.07291517509727627,61.28406760075112,transmit,1631.7454750469983,0.9173281441800213
DeepSeek-V4-Pro,100000,776,7.0272,0.07244536082474227,61.28406760075112,transmit,1631.7454750469983,0.9173281441800213
DeepSeek-V4-Pro,100000,781,7.0272,0.07198156209987196,61.28406760075112,transmit,1631.7454750469983,0.9173281441800213
DeepSeek-V4-Pro,100000,786,7.0272,0.0715236641221374,61.28406760075112,transmit,1631.7454750469983,0.9173281441800213
DeepSeek-V4-Pro,100000,791,7.0272,0.07107155499367888,61.28406760075112,transmit,1631.7454750469983,0.9173281441800213
DeepSeek-V4-Pro,100000,796,7.0272,0.0706251256281407,61.28406760075112,transmit,1631.7454750469983,0.9173281441800213
DeepSeek-V4-Pro,100000,801,7.0272,0.07018426966292135,61.28406760075112,transmit,1631.7454750469983,0.9173281441800213
DeepSeek-V4-Pro,100000,806,7.0272,0.06974888337468983,61.28406760075112,transmit,1631.7454750469983,0.9173281441800213
DeepSeek-V4-Pro,100000,811,7.0272,0.06931886559802712,61.28406760075112,transmit,1631.7454750469983,0.9173281441800213
DeepSeek-V4-Pro,100000,816,7.0272,0.06889411764705883,61.28406760075112,transmit,1631.7454750469983,0.9173281441800213
DeepSeek-V4-Pro,100000,821,7.0272,0.06847454323995128,61.28406760075112,transmit,1631.7454750469983,0.9173281441800213
DeepSeek-V4-Pro,100000,826,7.0272,0.06806004842615013,61.28406760075112,transmit,1631.7454750469983,0.9173281441800213
DeepSeek-V4-Pro,100000,831,7.0272,0.06765054151624549,61.28406760075112,transmit,1631.7454750469983,0.9173281441800213
DeepSeek-V4-Pro,100000,836,7.0272,0.06724593301435407,61.28406760075112,transmit,1631.7454750469983,0.9173281441800213
DeepSeek-V4-Pro,100000,841,7.0272,0.0668461355529132,61.28406760075112,transmit,1631.7454750469983,0.9173281441800213
DeepSeek-V4-Pro,100000,846,7.0272,0.06645106382978723,61.28406760075112,transmit,1631.7454750469983,0.9173281441800213
DeepSeek-V4-Pro,100000,851,7.0272,0.06606063454759106,61.28406760075112,transmit,1631.7454750469983,0.9173281441800213
DeepSeek-V4-Pro,100000,856,7.0272,0.06567476635514019,61.28406760075112,transmit,1631.7454750469983,0.9173281441800213
DeepSeek-V4-Pro,100000,861,7.0272,0.06529337979094077,61.28406760075112,transmit,1631.7454750469983,0.9173281441800213
DeepSeek-V4-Pro,100000,866,7.0272,0.06491639722863742,61.28406760075112,transmit,1631.7454750469983,0.9173281441800213
DeepSeek-V4-Pro,100000,871,7.0272,0.06454374282433983,61.28406760075112,transmit,1631.7454750469983,0.9173281441800213
DeepSeek-V4-Pro,100000,876,7.0272,0.06417534246575342,61.28406760075112,transmit,1631.7454750469983,0.9173281441800213
DeepSeek-V4-Pro,100000,881,7.0272,0.063811123723042,61.28406760075112,transmit,1631.7454750469983,0.9173281441800213
DeepSeek-V4-Pro,100000,886,7.0272,0.0634510158013544,61.28406760075112,transmit,1631.7454750469983,0.9173281441800213
DeepSeek-V4-Pro,100000,891,7.0272,0.0630949494949495,61.28406760075112,transmit,1631.7454750469983,0.9173281441800213
DeepSeek-V4-Pro,100000,896,7.0272,0.06274285714285714,61.28406760075112,transmit,1631.7454750469983,0.9173281441800213
DeepSeek-V4-Pro,100000,901,7.0272,0.06239467258601554,61.28406760075112,transmit,1631.7454750469983,0.9173281441800213
DeepSeek-V4-Pro,100000,906,7.0272,0.062050331125827814,61.28406760075112,transmit,1631.7454750469983,0.9173281441800213
DeepSeek-V4-Pro,100000,911,7.0272,0.061709769484083424,61.28406760075112,transmit,1631.7454750469983,0.9173281441800213
DeepSeek-V4-Pro,100000,916,7.0272,0.06137292576419214,61.28406760075112,transmit,1631.7454750469983,0.9173281441800213
DeepSeek-V4-Pro,100000,921,7.0272,0.06103973941368078,61.28406760075112,transmit,1631.7454750469983,0.9173281441800213
DeepSeek-V4-Pro,100000,926,7.0272,0.060710151187904966,61.28406760075112,transmit,1631.7454750469983,0.9173281441800213
DeepSeek-V4-Pro,100000,931,7.0272,0.060384103114930185,61.28406760075112,transmit,1631.7454750469983,0.9173281441800213
DeepSeek-V4-Pro,100000,936,7.0272,0.060061538461538465,61.28406760075112,transmit,1631.7454750469983,0.9173281441800213
DeepSeek-V4-Pro,100000,941,7.0272,0.05974240170031881,61.28406760075112,transmit,1631.7454750469983,0.9173281441800213
DeepSeek-V4-Pro,100000,946,7.0272,0.05942663847780127,61.28406760075112,transmit,1631.7454750469983,0.9173281441800213
DeepSeek-V4-Pro,100000,951,7.0272,0.059114195583596214,61.28406760075112,transmit,1631.7454750469983,0.9173281441800213
DeepSeek-V4-Pro,100000,956,7.0272,0.05880502092050209,61.28406760075112,transmit,1631.7454750469983,0.9173281441800213
DeepSeek-V4-Pro,100000,961,7.0272,0.05849906347554631,61.28406760075112,transmit,1631.7454750469983,0.9173281441800213
DeepSeek-V4-Pro,100000,966,7.0272,0.05819627329192546,61.28406760075112,transmit,1631.7454750469983,0.9173281441800213
DeepSeek-V4-Pro,100000,971,7.0272,0.057896601441812565,61.28406760075112,transmit,1631.7454750469983,0.9173281441800213
DeepSeek-V4-Pro,100000,976,7.0272,0.0576,61.28406760075112,transmit,1631.7454750469983,0.9173281441800213
DeepSeek-V4-Pro,100000,981,7.0272,0.057306422018348624,61.28406760075112,transmit,1631.7454750469983,0.9173281441800213
DeepSeek-V4-Pro,100000,986,7.0272,0.0570158215010142,61.28406760075112,transmit,1631.7454750469983,0.9173281441800213
DeepSeek-V4-Pro,100000,991,7.0272,0.056728153380423814,61.28406760075112,transmit,1631.7454750469983,0.9173281441800213
DeepSeek-V4-Pro,100000,996,7.0272,0.05644337349397591,61.28406760075112,transmit,1631.7454750469983,0.9173281441800213
DeepSeek-V4-Pro,1000000,1,70.272,562.176,612.8406760075112,transmit,1631.7454750469983,0.9173281441800213
DeepSeek-V4-Pro,1000000,6,70.272,93.696,612.8406760075112,transmit,1631.7454750469983,0.9173281441800213
DeepSeek-V4-Pro,1000000,11,70.272,51.10690909090909,612.8406760075112,transmit,1631.7454750469983,0.9173281441800213
DeepSeek-V4-Pro,1000000,16,70.272,35.136,612.8406760075112,transmit,1631.7454750469983,0.9173281441800213
DeepSeek-V4-Pro,1000000,21,70.272,26.770285714285713,612.8406760075112,transmit,1631.7454750469983,0.9173281441800213
DeepSeek-V4-Pro,1000000,26,70.272,21.622153846153847,612.8406760075112,transmit,1631.7454750469983,0.9173281441800213
DeepSeek-V4-Pro,1000000,31,70.272,18.134709677419355,612.8406760075112,transmit,1631.7454750469983,0.9173281441800213
DeepSeek-V4-Pro,1000000,36,70.272,15.616,612.8406760075112,transmit,1631.7454750469983,0.9173281441800213
DeepSeek-V4-Pro,1000000,41,70.272,13.71160975609756,612.8406760075112,transmit,1631.7454750469983,0.9173281441800213
DeepSeek-V4-Pro,1000000,46,70.272,12.221217391304348,612.8406760075112,transmit,1631.7454750469983,0.9173281441800213
DeepSeek-V4-Pro,1000000,51,70.272,11.023058823529412,612.8406760075112,transmit,1631.7454750469983,0.9173281441800213
DeepSeek-V4-Pro,1000000,56,70.272,10.038857142857143,612.8406760075112,transmit,1631.7454750469983,0.9173281441800213
DeepSeek-V4-Pro,1000000,61,70.272,9.216,612.8406760075112,transmit,1631.7454750469983,0.9173281441800213
DeepSeek-V4-Pro,1000000,66,70.272,8.517818181818182,612.8406760075112,transmit,1631.7454750469983,0.9173281441800213
DeepSeek-V4-Pro,1000000,71,70.272,7.917971830985915,612.8406760075112,transmit,1631.7454750469983,0.9173281441800213
DeepSeek-V4-Pro,1000000,76,70.272,7.397052631578948,612.8406760075112,transmit,1631.7454750469983,0.9173281441800213
DeepSeek-V4-Pro,1000000,81,70.272,6.940444444444444,612.8406760075112,transmit,1631.7454750469983,0.9173281441800213
DeepSeek-V4-Pro,1000000,86,70.272,6.53693023255814,612.8406760075112,transmit,1631.7454750469983,0.9173281441800213
DeepSeek-V4-Pro,1000000,91,70.272,6.177758241758242,612.8406760075112,transmit,1631.7454750469983,0.9173281441800213
DeepSeek-V4-Pro,1000000,96,70.272,5.856,612.8406760075112,transmit,1631.7454750469983,0.9173281441800213
DeepSeek-V4-Pro,1000000,101,70.272,5.56609900990099,612.8406760075112,transmit,1631.7454750469983,0.9173281441800213
DeepSeek-V4-Pro,1000000,106,70.272,5.303547169811321,612.8406760075112,transmit,1631.7454750469983,0.9173281441800213
DeepSeek-V4-Pro,1000000,111,70.272,5.064648648648649,612.8406760075112,transmit,1631.7454750469983,0.9173281441800213
DeepSeek-V4-Pro,1000000,116,70.272,4.846344827586207,612.8406760075112,transmit,1631.7454750469983,0.9173281441800213
DeepSeek-V4-Pro,1000000,121,70.272,4.646082644628099,612.8406760075112,transmit,1631.7454750469983,0.9173281441800213
DeepSeek-V4-Pro,1000000,126,70.272,4.461714285714286,612.8406760075112,transmit,1631.7454750469983,0.9173281441800213
DeepSeek-V4-Pro,1000000,131,70.272,4.291419847328244,612.8406760075112,transmit,1631.7454750469983,0.9173281441800213
DeepSeek-V4-Pro,1000000,136,70.272,4.133647058823529,612.8406760075112,transmit,1631.7454750469983,0.9173281441800213
DeepSeek-V4-Pro,1000000,141,70.272,3.987063829787234,612.8406760075112,transmit,1631.7454750469983,0.9173281441800213
DeepSeek-V4-Pro,1000000,146,70.272,3.8505205479452056,612.8406760075112,transmit,1631.7454750469983,0.9173281441800213
DeepSeek-V4-Pro,1000000,151,70.272,3.723019867549669,612.8406760075112,transmit,1631.7454750469983,0.9173281441800213
DeepSeek-V4-Pro,1000000,156,70.272,3.6036923076923078,612.8406760075112,transmit,1631.7454750469983,0.9173281441800213
DeepSeek-V4-Pro,1000000,161,70.272,3.491776397515528,612.8406760075112,transmit,1631.7454750469983,0.9173281441800213
DeepSeek-V4-Pro,1000000,166,70.272,3.386602409638554,612.8406760075112,transmit,1631.7454750469983,0.9173281441800213
DeepSeek-V4-Pro,1000000,171,70.272,3.287578947368421,612.8406760075112,transmit,1631.7454750469983,0.9173281441800213
DeepSeek-V4-Pro,1000000,176,70.272,3.1941818181818182,612.8406760075112,transmit,1631.7454750469983,0.9173281441800213
DeepSeek-V4-Pro,1000000,181,70.272,3.1059447513812155,612.8406760075112,transmit,1631.7454750469983,0.9173281441800213
DeepSeek-V4-Pro,1000000,186,70.272,3.0224516129032257,612.8406760075112,transmit,1631.7454750469983,0.9173281441800213
DeepSeek-V4-Pro,1000000,191,70.272,2.943329842931937,612.8406760075112,transmit,1631.7454750469983,0.9173281441800213
DeepSeek-V4-Pro,1000000,196,70.272,2.8682448979591837,612.8406760075112,transmit,1631.7454750469983,0.9173281441800213
DeepSeek-V4-Pro,1000000,201,70.272,2.7968955223880596,612.8406760075112,transmit,1631.7454750469983,0.9173281441800213
DeepSeek-V4-Pro,1000000,206,70.272,2.729009708737864,612.8406760075112,transmit,1631.7454750469983,0.9173281441800213
DeepSeek-V4-Pro,1000000,211,70.272,2.664341232227488,612.8406760075112,transmit,1631.7454750469983,0.9173281441800213
DeepSeek-V4-Pro,1000000,216,70.272,2.6026666666666665,612.8406760075112,transmit,1631.7454750469983,0.9173281441800213
DeepSeek-V4-Pro,1000000,221,70.272,2.5437828054298643,612.8406760075112,transmit,1631.7454750469983,0.9173281441800213
DeepSeek-V4-Pro,1000000,226,70.272,2.487504424778761,612.8406760075112,transmit,1631.7454750469983,0.9173281441800213
DeepSeek-V4-Pro,1000000,231,70.272,2.4336623376623376,612.8406760075112,transmit,1631.7454750469983,0.9173281441800213
DeepSeek-V4-Pro,1000000,236,70.272,2.3821016949152543,612.8406760075112,transmit,1631.7454750469983,0.9173281441800213
DeepSeek-V4-Pro,1000000,241,70.272,2.332680497925311,612.8406760075112,transmit,1631.7454750469983,0.9173281441800213
DeepSeek-V4-Pro,1000000,246,70.272,2.2852682926829266,612.8406760075112,transmit,1631.7454750469983,0.9173281441800213
DeepSeek-V4-Pro,1000000,251,70.272,2.239745019920319,612.8406760075112,transmit,1631.7454750469983,0.9173281441800213
DeepSeek-V4-Pro,1000000,256,70.272,2.196,612.8406760075112,transmit,1631.7454750469983,0.9173281441800213
DeepSeek-V4-Pro,1000000,261,70.272,2.1539310344827585,612.8406760075112,transmit,1631.7454750469983,0.9173281441800213
DeepSeek-V4-Pro,1000000,266,70.272,2.1134436090225566,612.8406760075112,transmit,1631.7454750469983,0.9173281441800213
DeepSeek-V4-Pro,1000000,271,70.272,2.074450184501845,612.8406760075112,transmit,1631.7454750469983,0.9173281441800213
DeepSeek-V4-Pro,1000000,276,70.272,2.0368695652173914,612.8406760075112,transmit,1631.7454750469983,0.9173281441800213
DeepSeek-V4-Pro,1000000,281,70.272,2.000626334519573,612.8406760075112,transmit,1631.7454750469983,0.9173281441800213
DeepSeek-V4-Pro,1000000,286,70.272,1.9656503496503497,612.8406760075112,transmit,1631.7454750469983,0.9173281441800213
DeepSeek-V4-Pro,1000000,291,70.272,1.9318762886597938,612.8406760075112,transmit,1631.7454750469983,0.9173281441800213
DeepSeek-V4-Pro,1000000,296,70.272,1.8992432432432433,612.8406760075112,transmit,1631.7454750469983,0.9173281441800213
DeepSeek-V4-Pro,1000000,301,70.272,1.8676943521594684,612.8406760075112,transmit,1631.7454750469983,0.9173281441800213
DeepSeek-V4-Pro,1000000,306,70.272,1.8371764705882352,612.8406760075112,transmit,1631.7454750469983,0.9173281441800213
DeepSeek-V4-Pro,1000000,311,70.272,1.8076398713826367,612.8406760075112,transmit,1631.7454750469983,0.9173281441800213
DeepSeek-V4-Pro,1000000,316,70.272,1.7790379746835443,612.8406760075112,transmit,1631.7454750469983,0.9173281441800213
DeepSeek-V4-Pro,1000000,321,70.272,1.7513271028037383,612.8406760075112,transmit,1631.7454750469983,0.9173281441800213
DeepSeek-V4-Pro,1000000,326,70.272,1.7244662576687118,612.8406760075112,transmit,1631.7454750469983,0.9173281441800213
DeepSeek-V4-Pro,1000000,331,70.272,1.698416918429003,612.8406760075112,transmit,1631.7454750469983,0.9173281441800213
DeepSeek-V4-Pro,1000000,336,70.272,1.673142857142857,612.8406760075112,transmit,1631.7454750469983,0.9173281441800213
DeepSeek-V4-Pro,1000000,341,70.272,1.6486099706744868,612.8406760075112,transmit,1631.7454750469983,0.9173281441800213
DeepSeek-V4-Pro,1000000,346,70.272,1.62478612716763,612.8406760075112,transmit,1631.7454750469983,0.9173281441800213
DeepSeek-V4-Pro,1000000,351,70.272,1.6016410256410256,612.8406760075112,transmit,1631.7454750469983,0.9173281441800213
DeepSeek-V4-Pro,1000000,356,70.272,1.5791460674157303,612.8406760075112,transmit,1631.7454750469983,0.9173281441800213
DeepSeek-V4-Pro,1000000,361,70.272,1.5572742382271467,612.8406760075112,transmit,1631.7454750469983,0.9173281441800213
DeepSeek-V4-Pro,1000000,366,70.272,1.536,612.8406760075112,transmit,1631.7454750469983,0.9173281441800213
DeepSeek-V4-Pro,1000000,371,70.272,1.5152991913746632,612.8406760075112,transmit,1631.7454750469983,0.9173281441800213
DeepSeek-V4-Pro,1000000,376,70.272,1.4951489361702128,612.8406760075112,transmit,1631.7454750469983,0.9173281441800213
DeepSeek-V4-Pro,1000000,381,70.272,1.475527559055118,612.8406760075112,transmit,1631.7454750469983,0.9173281441800213
DeepSeek-V4-Pro,1000000,386,70.272,1.4564145077720207,612.8406760075112,transmit,1631.7454750469983,0.9173281441800213
DeepSeek-V4-Pro,1000000,391,70.272,1.4377902813299233,612.8406760075112,transmit,1631.7454750469983,0.9173281441800213
DeepSeek-V4-Pro,1000000,396,70.272,1.4196363636363636,612.8406760075112,transmit,1631.7454750469983,0.9173281441800213
DeepSeek-V4-Pro,1000000,401,70.272,1.401935162094763,612.8406760075112,transmit,1631.7454750469983,0.9173281441800213
DeepSeek-V4-Pro,1000000,406,70.272,1.3846699507389162,612.8406760075112,transmit,1631.7454750469983,0.9173281441800213
DeepSeek-V4-Pro,1000000,411,70.272,1.3678248175182481,612.8406760075112,transmit,1631.7454750469983,0.9173281441800213
DeepSeek-V4-Pro,1000000,416,70.272,1.3513846153846154,612.8406760075112,transmit,1631.7454750469983,0.9173281441800213
DeepSeek-V4-Pro,1000000,421,70.272,1.335334916864608,612.8406760075112,transmit,1631.7454750469983,0.9173281441800213
DeepSeek-V4-Pro,1000000,426,70.272,1.3196619718309859,612.8406760075112,transmit,1631.7454750469983,0.9173281441800213
DeepSeek-V4-Pro,1000000,431,70.272,1.304352668213457,612.8406760075112,transmit,1631.7454750469983,0.9173281441800213
DeepSeek-V4-Pro,1000000,436,70.272,1.289394495412844,612.8406760075112,transmit,1631.7454750469983,0.9173281441800213
DeepSeek-V4-Pro,1000000,441,70.272,1.2747755102040816,612.8406760075112,transmit,1631.7454750469983,0.9173281441800213
DeepSeek-V4-Pro,1000000,446,70.272,1.2604843049327354,612.8406760075112,transmit,1631.7454750469983,0.9173281441800213
DeepSeek-V4-Pro,1000000,451,70.272,1.246509977827051,612.8406760075112,transmit,1631.7454750469983,0.9173281441800213
DeepSeek-V4-Pro,1000000,456,70.272,1.232842105263158,612.8406760075112,transmit,1631.7454750469983,0.9173281441800213
DeepSeek-V4-Pro,1000000,461,70.272,1.219470715835141,612.8406760075112,transmit,1631.7454750469983,0.9173281441800213
DeepSeek-V4-Pro,1000000,466,70.272,1.2063862660944207,612.8406760075112,transmit,1631.7454750469983,0.9173281441800213
DeepSeek-V4-Pro,1000000,471,70.272,1.193579617834395,612.8406760075112,transmit,1631.7454750469983,0.9173281441800213
DeepSeek-V4-Pro,1000000,476,70.272,1.1810420168067226,612.8406760075112,transmit,1631.7454750469983,0.9173281441800213
DeepSeek-V4-Pro,1000000,481,70.272,1.1687650727650727,612.8406760075112,transmit,1631.7454750469983,0.9173281441800213
DeepSeek-V4-Pro,1000000,486,70.272,1.1567407407407408,612.8406760075112,transmit,1631.7454750469983,0.9173281441800213
DeepSeek-V4-Pro,1000000,491,70.272,1.1449613034623218,612.8406760075112,transmit,1631.7454750469983,0.9173281441800213
DeepSeek-V4-Pro,1000000,496,70.272,1.1334193548387097,612.8406760075112,transmit,1631.7454750469983,0.9173281441800213
DeepSeek-V4-Pro,1000000,501,70.272,1.1221077844311378,612.8406760075112,transmit,1631.7454750469983,0.9173281441800213
DeepSeek-V4-Pro,1000000,506,70.272,1.1110197628458498,612.8406760075112,transmit,1631.7454750469983,0.9173281441800213
DeepSeek-V4-Pro,1000000,511,70.272,1.1001487279843445,612.8406760075112,transmit,1631.7454750469983,0.9173281441800213
DeepSeek-V4-Pro,1000000,516,70.272,1.0894883720930233,612.8406760075112,transmit,1631.7454750469983,0.9173281441800213
DeepSeek-V4-Pro,1000000,521,70.272,1.0790326295585413,612.8406760075112,transmit,1631.7454750469983,0.9173281441800213
DeepSeek-V4-Pro,1000000,526,70.272,1.0687756653992395,612.8406760075112,transmit,1631.7454750469983,0.9173281441800213
DeepSeek-V4-Pro,1000000,531,70.272,1.0587118644067797,612.8406760075112,transmit,1631.7454750469983,0.9173281441800213
DeepSeek-V4-Pro,1000000,536,70.272,1.0488358208955224,612.8406760075112,transmit,1631.7454750469983,0.9173281441800213
DeepSeek-V4-Pro,1000000,541,70.272,1.0391423290203328,612.8406760075112,transmit,1631.7454750469983,0.9173281441800213
DeepSeek-V4-Pro,1000000,546,70.272,1.0296263736263735,612.8406760075112,transmit,1631.7454750469983,0.9173281441800213
DeepSeek-V4-Pro,1000000,551,70.272,1.0202831215970962,612.8406760075112,transmit,1631.7454750469983,0.9173281441800213
DeepSeek-V4-Pro,1000000,556,70.272,1.0111079136690648,612.8406760075112,transmit,1631.7454750469983,0.9173281441800213
DeepSeek-V4-Pro,1000000,561,70.272,1.002096256684492,612.8406760075112,transmit,1631.7454750469983,0.9173281441800213
DeepSeek-V4-Pro,1000000,566,70.272,0.9932438162544169,612.8406760075112,transmit,1631.7454750469983,0.9173281441800213
DeepSeek-V4-Pro,1000000,571,70.272,0.9845464098073555,612.8406760075112,transmit,1631.7454750469983,0.9173281441800213
DeepSeek-V4-Pro,1000000,576,70.272,0.976,612.8406760075112,transmit,1631.7454750469983,0.9173281441800213
DeepSeek-V4-Pro,1000000,581,70.272,0.9676006884681584,612.8406760075112,transmit,1631.7454750469983,0.9173281441800213
DeepSeek-V4-Pro,1000000,586,70.272,0.9593447098976109,612.8406760075112,transmit,1631.7454750469983,0.9173281441800213
DeepSeek-V4-Pro,1000000,591,70.272,0.9512284263959391,612.8406760075112,transmit,1631.7454750469983,0.9173281441800213
DeepSeek-V4-Pro,1000000,596,70.272,0.943248322147651,612.8406760075112,transmit,1631.7454750469983,0.9173281441800213
DeepSeek-V4-Pro,1000000,601,70.272,0.9354009983361065,612.8406760075112,transmit,1631.7454750469983,0.9173281441800213
DeepSeek-V4-Pro,1000000,606,70.272,0.9276831683168317,612.8406760075112,transmit,1631.7454750469983,0.9173281441800213
DeepSeek-V4-Pro,1000000,611,70.272,0.9200916530278233,612.8406760075112,transmit,1631.7454750469983,0.9173281441800213
DeepSeek-V4-Pro,1000000,616,70.272,0.9126233766233767,612.8406760075112,transmit,1631.7454750469983,0.9173281441800213
DeepSeek-V4-Pro,1000000,621,70.272,0.9052753623188405,612.8406760075112,transmit,1631.7454750469983,0.9173281441800213
DeepSeek-V4-Pro,1000000,626,70.272,0.8980447284345048,612.8406760075112,transmit,1631.7454750469983,0.9173281441800213
DeepSeek-V4-Pro,1000000,631,70.272,0.8909286846275752,612.8406760075112,transmit,1631.7454750469983,0.9173281441800213
DeepSeek-V4-Pro,1000000,636,70.272,0.8839245283018868,612.8406760075112,transmit,1631.7454750469983,0.9173281441800213
DeepSeek-V4-Pro,1000000,641,70.272,0.8770296411856474,612.8406760075112,transmit,1631.7454750469983,0.9173281441800213
DeepSeek-V4-Pro,1000000,646,70.272,0.8702414860681115,612.8406760075112,transmit,1631.7454750469983,0.9173281441800213
DeepSeek-V4-Pro,1000000,651,70.272,0.8635576036866359,612.8406760075112,transmit,1631.7454750469983,0.9173281441800213
DeepSeek-V4-Pro,1000000,656,70.272,0.8569756097560975,612.8406760075112,transmit,1631.7454750469983,0.9173281441800213
DeepSeek-V4-Pro,1000000,661,70.272,0.8504931921331316,612.8406760075112,transmit,1631.7454750469983,0.9173281441800213
DeepSeek-V4-Pro,1000000,666,70.272,0.8441081081081081,612.8406760075112,transmit,1631.7454750469983,0.9173281441800213
DeepSeek-V4-Pro,1000000,671,70.272,0.8378181818181818,612.8406760075112,transmit,1631.7454750469983,0.9173281441800213
DeepSeek-V4-Pro,1000000,676,70.272,0.8316213017751479,612.8406760075112,transmit,1631.7454750469983,0.9173281441800213
DeepSeek-V4-Pro,1000000,681,70.272,0.8255154185022027,612.8406760075112,transmit,1631.7454750469983,0.9173281441800213
DeepSeek-V4-Pro,1000000,686,70.272,0.8194985422740525,612.8406760075112,transmit,1631.7454750469983,0.9173281441800213
DeepSeek-V4-Pro,1000000,691,70.272,0.8135687409551375,612.8406760075112,transmit,1631.7454750469983,0.9173281441800213
DeepSeek-V4-Pro,1000000,696,70.272,0.8077241379310345,612.8406760075112,transmit,1631.7454750469983,0.9173281441800213
DeepSeek-V4-Pro,1000000,701,70.272,0.801962910128388,612.8406760075112,transmit,1631.7454750469983,0.9173281441800213
DeepSeek-V4-Pro,1000000,706,70.272,0.7962832861189801,612.8406760075112,transmit,1631.7454750469983,0.9173281441800213
DeepSeek-V4-Pro,1000000,711,70.272,0.7906835443037975,612.8406760075112,transmit,1631.7454750469983,0.9173281441800213
DeepSeek-V4-Pro,1000000,716,70.272,0.7851620111731844,612.8406760075112,transmit,1631.7454750469983,0.9173281441800213
DeepSeek-V4-Pro,1000000,721,70.272,0.7797170596393898,612.8406760075112,transmit,1631.7454750469983,0.9173281441800213
DeepSeek-V4-Pro,1000000,726,70.272,0.7743471074380165,612.8406760075112,transmit,1631.7454750469983,0.9173281441800213
DeepSeek-V4-Pro,1000000,731,70.272,0.7690506155950753,612.8406760075112,transmit,1631.7454750469983,0.9173281441800213
DeepSeek-V4-Pro,1000000,736,70.272,0.7638260869565218,612.8406760075112,transmit,1631.7454750469983,0.9173281441800213
DeepSeek-V4-Pro,1000000,741,70.272,0.758672064777328,612.8406760075112,transmit,1631.7454750469983,0.9173281441800213
DeepSeek-V4-Pro,1000000,746,70.272,0.7535871313672923,612.8406760075112,transmit,1631.7454750469983,0.9173281441800213
DeepSeek-V4-Pro,1000000,751,70.272,0.7485699067909454,612.8406760075112,transmit,1631.7454750469983,0.9173281441800213
DeepSeek-V4-Pro,1000000,756,70.272,0.7436190476190476,612.8406760075112,transmit,1631.7454750469983,0.9173281441800213
DeepSeek-V4-Pro,1000000,761,70.272,0.7387332457293035,612.8406760075112,transmit,1631.7454750469983,0.9173281441800213
DeepSeek-V4-Pro,1000000,766,70.272,0.733911227154047,612.8406760075112,transmit,1631.7454750469983,0.9173281441800213
DeepSeek-V4-Pro,1000000,771,70.272,0.7291517509727626,612.8406760075112,transmit,1631.7454750469983,0.9173281441800213
DeepSeek-V4-Pro,1000000,776,70.272,0.7244536082474227,612.8406760075112,transmit,1631.7454750469983,0.9173281441800213
DeepSeek-V4-Pro,1000000,781,70.272,0.7198156209987195,612.8406760075112,transmit,1631.7454750469983,0.9173281441800213
DeepSeek-V4-Pro,1000000,786,70.272,0.7152366412213741,612.8406760075112,transmit,1631.7454750469983,0.9173281441800213
DeepSeek-V4-Pro,1000000,791,70.272,0.7107155499367889,612.8406760075112,transmit,1631.7454750469983,0.9173281441800213
DeepSeek-V4-Pro,1000000,796,70.272,0.7062512562814071,612.8406760075112,transmit,1631.7454750469983,0.9173281441800213
DeepSeek-V4-Pro,1000000,801,70.272,0.7018426966292135,612.8406760075112,transmit,1631.7454750469983,0.9173281441800213
DeepSeek-V4-Pro,1000000,806,70.272,0.6974888337468983,612.8406760075112,transmit,1631.7454750469983,0.9173281441800213
DeepSeek-V4-Pro,1000000,811,70.272,0.6931886559802712,612.8406760075112,transmit,1631.7454750469983,0.9173281441800213
DeepSeek-V4-Pro,1000000,816,70.272,0.6889411764705883,612.8406760075112,transmit,1631.7454750469983,0.9173281441800213
DeepSeek-V4-Pro,1000000,821,70.272,0.6847454323995128,612.8406760075112,transmit,1631.7454750469983,0.9173281441800213
DeepSeek-V4-Pro,1000000,826,70.272,0.6806004842615012,612.8406760075112,transmit,1631.7454750469983,0.9173281441800213
DeepSeek-V4-Pro,1000000,831,70.272,0.6765054151624549,612.8406760075112,transmit,1631.7454750469983,0.9173281441800213
DeepSeek-V4-Pro,1000000,836,70.272,0.6724593301435406,612.8406760075112,transmit,1631.7454750469983,0.9173281441800213
DeepSeek-V4-Pro,1000000,841,70.272,0.668461355529132,612.8406760075112,transmit,1631.7454750469983,0.9173281441800213
DeepSeek-V4-Pro,1000000,846,70.272,0.6645106382978724,612.8406760075112,transmit,1631.7454750469983,0.9173281441800213
DeepSeek-V4-Pro,1000000,851,70.272,0.6606063454759107,612.8406760075112,transmit,1631.7454750469983,0.9173281441800213
DeepSeek-V4-Pro,1000000,856,70.272,0.6567476635514019,612.8406760075112,transmit,1631.7454750469983,0.9173281441800213
DeepSeek-V4-Pro,1000000,861,70.272,0.6529337979094076,612.8406760075112,transmit,1631.7454750469983,0.9173281441800213
DeepSeek-V4-Pro,1000000,866,70.272,0.6491639722863741,612.8406760075112,transmit,1631.7454750469983,0.9173281441800213
DeepSeek-V4-Pro,1000000,871,70.272,0.6454374282433984,612.8406760075112,transmit,1631.7454750469983,0.9173281441800213
DeepSeek-V4-Pro,1000000,876,70.272,0.6417534246575343,612.8406760075112,transmit,1631.7454750469983,0.9173281441800213
DeepSeek-V4-Pro,1000000,881,70.272,0.63811123723042,612.8406760075112,transmit,1631.7454750469983,0.9173281441800213
DeepSeek-V4-Pro,1000000,886,70.272,0.634510158013544,612.8406760075112,transmit,1631.7454750469983,0.9173281441800213
DeepSeek-V4-Pro,1000000,891,70.272,0.6309494949494949,612.8406760075112,transmit,1631.7454750469983,0.9173281441800213
DeepSeek-V4-Pro,1000000,896,70.272,0.6274285714285714,612.8406760075112,transmit,1631.7454750469983,0.9173281441800213
DeepSeek-V4-Pro,1000000,901,70.272,0.6239467258601554,612.8406760075112,transmit,1631.7454750469983,0.9173281441800213
DeepSeek-V4-Pro,1000000,906,70.272,0.6205033112582782,612.8406760075112,transmit,1631.7454750469983,0.9173281441800213
DeepSeek-V4-Pro,1000000,911,70.272,0.6170976948408342,612.8406760075112,transmit,1631.7454750469983,0.9173281441800213
DeepSeek-V4-Pro,1000000,916,70.272,0.6137292576419214,612.8406760075112,transmit,1631.7454750469983,0.9173281441800213
DeepSeek-V4-Pro,1000000,921,70.272,0.6103973941368078,612.8406760075112,transmit,1631.7454750469983,0.9173281441800213
DeepSeek-V4-Pro,1000000,926,70.272,0.6071015118790497,612.8406760075112,transmit,1631.7454750469983,0.9173281441800213
DeepSeek-V4-Pro,1000000,931,70.272,0.6038410311493019,612.8406760075112,transmit,1631.7454750469983,0.9173281441800213
DeepSeek-V4-Pro,1000000,936,70.272,0.6006153846153847,612.8406760075112,transmit,1631.7454750469983,0.9173281441800213
DeepSeek-V4-Pro,1000000,941,70.272,0.5974240170031881,612.8406760075112,transmit,1631.7454750469983,0.9173281441800213
DeepSeek-V4-Pro,1000000,946,70.272,0.5942663847780126,612.8406760075112,transmit,1631.7454750469983,0.9173281441800213
DeepSeek-V4-Pro,1000000,951,70.272,0.5911419558359622,612.8406760075112,transmit,1631.7454750469983,0.9173281441800213
DeepSeek-V4-Pro,1000000,956,70.272,0.5880502092050209,612.8406760075112,transmit,1631.7454750469983,0.9173281441800213
DeepSeek-V4-Pro,1000000,961,70.272,0.5849906347554631,612.8406760075112,transmit,1631.7454750469983,0.9173281441800213
DeepSeek-V4-Pro,1000000,966,70.272,0.5819627329192547,612.8406760075112,transmit,1631.7454750469983,0.9173281441800213
DeepSeek-V4-Pro,1000000,971,70.272,0.5789660144181257,612.8406760075112,transmit,1631.7454750469983,0.9173281441800213
DeepSeek-V4-Pro,1000000,976,70.272,0.576,612.8406760075112,transmit,1631.7454750469983,0.9173281441800213
DeepSeek-V4-Pro,1000000,981,70.272,0.5730642201834862,612.8406760075112,transmit,1631.7454750469983,0.9173281441800213
DeepSeek-V4-Pro,1000000,986,70.272,0.570158215010142,612.8406760075112,transmit,1631.7454750469983,0.9173281441800213
DeepSeek-V4-Pro,1000000,991,70.272,0.5672815338042382,612.8406760075112,transmit,1631.7454750469983,0.9173281441800213
DeepSeek-V4-Pro,1000000,996,70.272,0.564433734939759,612.8406760075112,transmit,1631.7454750469983,0.9173281441800213
Kimi-K2.6,1000,1,0.070272,0.562176,0.13138350426115847,replay,7611.305586828033,4.278893329580636
Kimi-K2.6,1000,6,0.070272,0.093696,0.13138350426115847,transmit,7611.305586828033,4.278893329580636
Kimi-K2.6,1000,11,0.070272,0.05110690909090909,0.13138350426115847,transmit,7611.305586828033,4.278893329580636
Kimi-K2.6,1000,16,0.070272,0.035136,0.13138350426115847,transmit,7611.305586828033,4.278893329580636
Kimi-K2.6,1000,21,0.070272,0.026770285714285715,0.13138350426115847,transmit,7611.305586828033,4.278893329580636
Kimi-K2.6,1000,26,0.070272,0.021622153846153847,0.13138350426115847,transmit,7611.305586828033,4.278893329580636
Kimi-K2.6,1000,31,0.070272,0.018134709677419356,0.13138350426115847,transmit,7611.305586828033,4.278893329580636
Kimi-K2.6,1000,36,0.070272,0.015616,0.13138350426115847,transmit,7611.305586828033,4.278893329580636
Kimi-K2.6,1000,41,0.070272,0.013711609756097561,0.13138350426115847,transmit,7611.305586828033,4.278893329580636
Kimi-K2.6,1000,46,0.070272,0.012221217391304348,0.13138350426115847,transmit,7611.305586828033,4.278893329580636
Kimi-K2.6,1000,51,0.070272,0.011023058823529412,0.13138350426115847,transmit,7611.305586828033,4.278893329580636
Kimi-K2.6,1000,56,0.070272,0.010038857142857143,0.13138350426115847,transmit,7611.305586828033,4.278893329580636
Kimi-K2.6,1000,61,0.070272,0.009216,0.13138350426115847,transmit,7611.305586828033,4.278893329580636
Kimi-K2.6,1000,66,0.070272,0.008517818181818182,0.13138350426115847,transmit,7611.305586828033,4.278893329580636
Kimi-K2.6,1000,71,0.070272,0.007917971830985915,0.13138350426115847,transmit,7611.305586828033,4.278893329580636
Kimi-K2.6,1000,76,0.070272,0.0073970526315789474,0.13138350426115847,transmit,7611.305586828033,4.278893329580636
Kimi-K2.6,1000,81,0.070272,0.006940444444444444,0.13138350426115847,transmit,7611.305586828033,4.278893329580636
Kimi-K2.6,1000,86,0.070272,0.006536930232558139,0.13138350426115847,transmit,7611.305586828033,4.278893329580636
Kimi-K2.6,1000,91,0.070272,0.006177758241758242,0.13138350426115847,transmit,7611.305586828033,4.278893329580636
Kimi-K2.6,1000,96,0.070272,0.005856,0.13138350426115847,transmit,7611.305586828033,4.278893329580636
Kimi-K2.6,1000,101,0.070272,0.00556609900990099,0.13138350426115847,transmit,7611.305586828033,4.278893329580636
Kimi-K2.6,1000,106,0.070272,0.005303547169811321,0.13138350426115847,transmit,7611.305586828033,4.278893329580636
Kimi-K2.6,1000,111,0.070272,0.005064648648648648,0.13138350426115847,transmit,7611.305586828033,4.278893329580636
Kimi-K2.6,1000,116,0.070272,0.004846344827586207,0.13138350426115847,transmit,7611.305586828033,4.278893329580636
Kimi-K2.6,1000,121,0.070272,0.004646082644628099,0.13138350426115847,transmit,7611.305586828033,4.278893329580636
Kimi-K2.6,1000,126,0.070272,0.004461714285714286,0.13138350426115847,transmit,7611.305586828033,4.278893329580636
Kimi-K2.6,1000,131,0.070272,0.004291419847328244,0.13138350426115847,transmit,7611.305586828033,4.278893329580636
Kimi-K2.6,1000,136,0.070272,0.004133647058823529,0.13138350426115847,transmit,7611.305586828033,4.278893329580636
Kimi-K2.6,1000,141,0.070272,0.0039870638297872345,0.13138350426115847,transmit,7611.305586828033,4.278893329580636
Kimi-K2.6,1000,146,0.070272,0.0038505205479452053,0.13138350426115847,transmit,7611.305586828033,4.278893329580636
Kimi-K2.6,1000,151,0.070272,0.003723019867549669,0.13138350426115847,transmit,7611.305586828033,4.278893329580636
Kimi-K2.6,1000,156,0.070272,0.0036036923076923078,0.13138350426115847,transmit,7611.305586828033,4.278893329580636
Kimi-K2.6,1000,161,0.070272,0.003491776397515528,0.13138350426115847,transmit,7611.305586828033,4.278893329580636
Kimi-K2.6,1000,166,0.070272,0.0033866024096385543,0.13138350426115847,transmit,7611.305586828033,4.278893329580636
Kimi-K2.6,1000,171,0.070272,0.003287578947368421,0.13138350426115847,transmit,7611.305586828033,4.278893329580636
Kimi-K2.6,1000,176,0.070272,0.0031941818181818182,0.13138350426115847,transmit,7611.305586828033,4.278893329580636
Kimi-K2.6,1000,181,0.070272,0.0031059447513812153,0.13138350426115847,transmit,7611.305586828033,4.278893329580636
Kimi-K2.6,1000,186,0.070272,0.003022451612903226,0.13138350426115847,transmit,7611.305586828033,4.278893329580636
Kimi-K2.6,1000,191,0.070272,0.002943329842931937,0.13138350426115847,transmit,7611.305586828033,4.278893329580636
Kimi-K2.6,1000,196,0.070272,0.002868244897959184,0.13138350426115847,transmit,7611.305586828033,4.278893329580636
Kimi-K2.6,1000,201,0.070272,0.0027968955223880597,0.13138350426115847,transmit,7611.305586828033,4.278893329580636
Kimi-K2.6,1000,206,0.070272,0.002729009708737864,0.13138350426115847,transmit,7611.305586828033,4.278893329580636
Kimi-K2.6,1000,211,0.070272,0.0026643412322274883,0.13138350426115847,transmit,7611.305586828033,4.278893329580636
Kimi-K2.6,1000,216,0.070272,0.0026026666666666668,0.13138350426115847,transmit,7611.305586828033,4.278893329580636
Kimi-K2.6,1000,221,0.070272,0.0025437828054298644,0.13138350426115847,transmit,7611.305586828033,4.278893329580636
Kimi-K2.6,1000,226,0.070272,0.002487504424778761,0.13138350426115847,transmit,7611.305586828033,4.278893329580636
Kimi-K2.6,1000,231,0.070272,0.002433662337662338,0.13138350426115847,transmit,7611.305586828033,4.278893329580636
Kimi-K2.6,1000,236,0.070272,0.0023821016949152544,0.13138350426115847,transmit,7611.305586828033,4.278893329580636
Kimi-K2.6,1000,241,0.070272,0.0023326804979253114,0.13138350426115847,transmit,7611.305586828033,4.278893329580636
Kimi-K2.6,1000,246,0.070272,0.002285268292682927,0.13138350426115847,transmit,7611.305586828033,4.278893329580636
Kimi-K2.6,1000,251,0.070272,0.002239745019920319,0.13138350426115847,transmit,7611.305586828033,4.278893329580636
Kimi-K2.6,1000,256,0.070272,0.002196,0.13138350426115847,transmit,7611.305586828033,4.278893329580636
Kimi-K2.6,1000,261,0.070272,0.0021539310344827587,0.13138350426115847,transmit,7611.305586828033,4.278893329580636
Kimi-K2.6,1000,266,0.070272,0.0021134436090225563,0.13138350426115847,transmit,7611.305586828033,4.278893329580636
Kimi-K2.6,1000,271,0.070272,0.002074450184501845,0.13138350426115847,transmit,7611.305586828033,4.278893329580636
Kimi-K2.6,1000,276,0.070272,0.0020368695652173913,0.13138350426115847,transmit,7611.305586828033,4.278893329580636
Kimi-K2.6,1000,281,0.070272,0.0020006263345195728,0.13138350426115847,transmit,7611.305586828033,4.278893329580636
Kimi-K2.6,1000,286,0.070272,0.0019656503496503497,0.13138350426115847,transmit,7611.305586828033,4.278893329580636
Kimi-K2.6,1000,291,0.070272,0.0019318762886597939,0.13138350426115847,transmit,7611.305586828033,4.278893329580636
Kimi-K2.6,1000,296,0.070272,0.0018992432432432432,0.13138350426115847,transmit,7611.305586828033,4.278893329580636
Kimi-K2.6,1000,301,0.070272,0.0018676943521594685,0.13138350426115847,transmit,7611.305586828033,4.278893329580636
Kimi-K2.6,1000,306,0.070272,0.0018371764705882353,0.13138350426115847,transmit,7611.305586828033,4.278893329580636
Kimi-K2.6,1000,311,0.070272,0.0018076398713826366,0.13138350426115847,transmit,7611.305586828033,4.278893329580636
Kimi-K2.6,1000,316,0.070272,0.0017790379746835444,0.13138350426115847,transmit,7611.305586828033,4.278893329580636
Kimi-K2.6,1000,321,0.070272,0.0017513271028037384,0.13138350426115847,transmit,7611.305586828033,4.278893329580636
Kimi-K2.6,1000,326,0.070272,0.0017244662576687117,0.13138350426115847,transmit,7611.305586828033,4.278893329580636
Kimi-K2.6,1000,331,0.070272,0.001698416918429003,0.13138350426115847,transmit,7611.305586828033,4.278893329580636
Kimi-K2.6,1000,336,0.070272,0.0016731428571428572,0.13138350426115847,transmit,7611.305586828033,4.278893329580636
Kimi-K2.6,1000,341,0.070272,0.0016486099706744869,0.13138350426115847,transmit,7611.305586828033,4.278893329580636
Kimi-K2.6,1000,346,0.070272,0.00162478612716763,0.13138350426115847,transmit,7611.305586828033,4.278893329580636
Kimi-K2.6,1000,351,0.070272,0.0016016410256410255,0.13138350426115847,transmit,7611.305586828033,4.278893329580636
Kimi-K2.6,1000,356,0.070272,0.0015791460674157304,0.13138350426115847,transmit,7611.305586828033,4.278893329580636
Kimi-K2.6,1000,361,0.070272,0.0015572742382271468,0.13138350426115847,transmit,7611.305586828033,4.278893329580636
Kimi-K2.6,1000,366,0.070272,0.001536,0.13138350426115847,transmit,7611.305586828033,4.278893329580636
Kimi-K2.6,1000,371,0.070272,0.001515299191374663,0.13138350426115847,transmit,7611.305586828033,4.278893329580636
Kimi-K2.6,1000,376,0.070272,0.0014951489361702127,0.13138350426115847,transmit,7611.305586828033,4.278893329580636
Kimi-K2.6,1000,381,0.070272,0.001475527559055118,0.13138350426115847,transmit,7611.305586828033,4.278893329580636
Kimi-K2.6,1000,386,0.070272,0.0014564145077720207,0.13138350426115847,transmit,7611.305586828033,4.278893329580636
Kimi-K2.6,1000,391,0.070272,0.0014377902813299233,0.13138350426115847,transmit,7611.305586828033,4.278893329580636
Kimi-K2.6,1000,396,0.070272,0.0014196363636363636,0.13138350426115847,transmit,7611.305586828033,4.278893329580636
Kimi-K2.6,1000,401,0.070272,0.0014019351620947632,0.13138350426115847,transmit,7611.305586828033,4.278893329580636
Kimi-K2.6,1000,406,0.070272,0.0013846699507389162,0.13138350426115847,transmit,7611.305586828033,4.278893329580636
Kimi-K2.6,1000,411,0.070272,0.001367824817518248,0.13138350426115847,transmit,7611.305586828033,4.278893329580636
Kimi-K2.6,1000,416,0.070272,0.0013513846153846154,0.13138350426115847,transmit,7611.305586828033,4.278893329580636
Kimi-K2.6,1000,421,0.070272,0.001335334916864608,0.13138350426115847,transmit,7611.305586828033,4.278893329580636
Kimi-K2.6,1000,426,0.070272,0.0013196619718309859,0.13138350426115847,transmit,7611.305586828033,4.278893329580636
Kimi-K2.6,1000,431,0.070272,0.0013043526682134572,0.13138350426115847,transmit,7611.305586828033,4.278893329580636
Kimi-K2.6,1000,436,0.070272,0.0012893944954128441,0.13138350426115847,transmit,7611.305586828033,4.278893329580636
Kimi-K2.6,1000,441,0.070272,0.0012747755102040816,0.13138350426115847,transmit,7611.305586828033,4.278893329580636
Kimi-K2.6,1000,446,0.070272,0.0012604843049327354,0.13138350426115847,transmit,7611.305586828033,4.278893329580636
Kimi-K2.6,1000,451,0.070272,0.001246509977827051,0.13138350426115847,transmit,7611.305586828033,4.278893329580636
Kimi-K2.6,1000,456,0.070272,0.0012328421052631578,0.13138350426115847,transmit,7611.305586828033,4.278893329580636
Kimi-K2.6,1000,461,0.070272,0.001219470715835141,0.13138350426115847,transmit,7611.305586828033,4.278893329580636
Kimi-K2.6,1000,466,0.070272,0.0012063862660944206,0.13138350426115847,transmit,7611.305586828033,4.278893329580636
Kimi-K2.6,1000,471,0.070272,0.001193579617834395,0.13138350426115847,transmit,7611.305586828033,4.278893329580636
Kimi-K2.6,1000,476,0.070272,0.0011810420168067227,0.13138350426115847,transmit,7611.305586828033,4.278893329580636
Kimi-K2.6,1000,481,0.070272,0.0011687650727650728,0.13138350426115847,transmit,7611.305586828033,4.278893329580636
Kimi-K2.6,1000,486,0.070272,0.0011567407407407407,0.13138350426115847,transmit,7611.305586828033,4.278893329580636
Kimi-K2.6,1000,491,0.070272,0.0011449613034623218,0.13138350426115847,transmit,7611.305586828033,4.278893329580636
Kimi-K2.6,1000,496,0.070272,0.0011334193548387097,0.13138350426115847,transmit,7611.305586828033,4.278893329580636
Kimi-K2.6,1000,501,0.070272,0.0011221077844311377,0.13138350426115847,transmit,7611.305586828033,4.278893329580636
Kimi-K2.6,1000,506,0.070272,0.0011110197628458498,0.13138350426115847,transmit,7611.305586828033,4.278893329580636
Kimi-K2.6,1000,511,0.070272,0.0011001487279843445,0.13138350426115847,transmit,7611.305586828033,4.278893329580636
Kimi-K2.6,1000,516,0.070272,0.0010894883720930233,0.13138350426115847,transmit,7611.305586828033,4.278893329580636
Kimi-K2.6,1000,521,0.070272,0.0010790326295585413,0.13138350426115847,transmit,7611.305586828033,4.278893329580636
Kimi-K2.6,1000,526,0.070272,0.0010687756653992395,0.13138350426115847,transmit,7611.305586828033,4.278893329580636
Kimi-K2.6,1000,531,0.070272,0.0010587118644067796,0.13138350426115847,transmit,7611.305586828033,4.278893329580636
Kimi-K2.6,1000,536,0.070272,0.0010488358208955225,0.13138350426115847,transmit,7611.305586828033,4.278893329580636
Kimi-K2.6,1000,541,0.070272,0.0010391423290203327,0.13138350426115847,transmit,7611.305586828033,4.278893329580636
Kimi-K2.6,1000,546,0.070272,0.0010296263736263736,0.13138350426115847,transmit,7611.305586828033,4.278893329580636
Kimi-K2.6,1000,551,0.070272,0.0010202831215970962,0.13138350426115847,transmit,7611.305586828033,4.278893329580636
Kimi-K2.6,1000,556,0.070272,0.0010111079136690647,0.13138350426115847,transmit,7611.305586828033,4.278893329580636
Kimi-K2.6,1000,561,0.070272,0.001002096256684492,0.13138350426115847,transmit,7611.305586828033,4.278893329580636
Kimi-K2.6,1000,566,0.070272,0.000993243816254417,0.13138350426115847,transmit,7611.305586828033,4.278893329580636
Kimi-K2.6,1000,571,0.070272,0.0009845464098073556,0.13138350426115847,transmit,7611.305586828033,4.278893329580636
Kimi-K2.6,1000,576,0.070272,0.000976,0.13138350426115847,transmit,7611.305586828033,4.278893329580636
Kimi-K2.6,1000,581,0.070272,0.0009676006884681583,0.13138350426115847,transmit,7611.305586828033,4.278893329580636
Kimi-K2.6,1000,586,0.070272,0.000959344709897611,0.13138350426115847,transmit,7611.305586828033,4.278893329580636
Kimi-K2.6,1000,591,0.070272,0.0009512284263959391,0.13138350426115847,transmit,7611.305586828033,4.278893329580636
Kimi-K2.6,1000,596,0.070272,0.000943248322147651,0.13138350426115847,transmit,7611.305586828033,4.278893329580636
Kimi-K2.6,1000,601,0.070272,0.0009354009983361065,0.13138350426115847,transmit,7611.305586828033,4.278893329580636
Kimi-K2.6,1000,606,0.070272,0.0009276831683168317,0.13138350426115847,transmit,7611.305586828033,4.278893329580636
Kimi-K2.6,1000,611,0.070272,0.0009200916530278233,0.13138350426115847,transmit,7611.305586828033,4.278893329580636
Kimi-K2.6,1000,616,0.070272,0.0009126233766233766,0.13138350426115847,transmit,7611.305586828033,4.278893329580636
Kimi-K2.6,1000,621,0.070272,0.0009052753623188406,0.13138350426115847,transmit,7611.305586828033,4.278893329580636
Kimi-K2.6,1000,626,0.070272,0.0008980447284345047,0.13138350426115847,transmit,7611.305586828033,4.278893329580636
Kimi-K2.6,1000,631,0.070272,0.0008909286846275753,0.13138350426115847,transmit,7611.305586828033,4.278893329580636
Kimi-K2.6,1000,636,0.070272,0.0008839245283018868,0.13138350426115847,transmit,7611.305586828033,4.278893329580636
Kimi-K2.6,1000,641,0.070272,0.0008770296411856474,0.13138350426115847,transmit,7611.305586828033,4.278893329580636
Kimi-K2.6,1000,646,0.070272,0.0008702414860681114,0.13138350426115847,transmit,7611.305586828033,4.278893329580636
Kimi-K2.6,1000,651,0.070272,0.000863557603686636,0.13138350426115847,transmit,7611.305586828033,4.278893329580636
Kimi-K2.6,1000,656,0.070272,0.0008569756097560976,0.13138350426115847,transmit,7611.305586828033,4.278893329580636
Kimi-K2.6,1000,661,0.070272,0.0008504931921331316,0.13138350426115847,transmit,7611.305586828033,4.278893329580636
Kimi-K2.6,1000,666,0.070272,0.0008441081081081081,0.13138350426115847,transmit,7611.305586828033,4.278893329580636
Kimi-K2.6,1000,671,0.070272,0.0008378181818181819,0.13138350426115847,transmit,7611.305586828033,4.278893329580636
Kimi-K2.6,1000,676,0.070272,0.0008316213017751479,0.13138350426115847,transmit,7611.305586828033,4.278893329580636
Kimi-K2.6,1000,681,0.070272,0.0008255154185022026,0.13138350426115847,transmit,7611.305586828033,4.278893329580636
Kimi-K2.6,1000,686,0.070272,0.0008194985422740525,0.13138350426115847,transmit,7611.305586828033,4.278893329580636
Kimi-K2.6,1000,691,0.070272,0.0008135687409551375,0.13138350426115847,transmit,7611.305586828033,4.278893329580636
Kimi-K2.6,1000,696,0.070272,0.0008077241379310344,0.13138350426115847,transmit,7611.305586828033,4.278893329580636
Kimi-K2.6,1000,701,0.070272,0.000801962910128388,0.13138350426115847,transmit,7611.305586828033,4.278893329580636
Kimi-K2.6,1000,706,0.070272,0.0007962832861189801,0.13138350426115847,transmit,7611.305586828033,4.278893329580636
Kimi-K2.6,1000,711,0.070272,0.0007906835443037975,0.13138350426115847,transmit,7611.305586828033,4.278893329580636
Kimi-K2.6,1000,716,0.070272,0.0007851620111731844,0.13138350426115847,transmit,7611.305586828033,4.278893329580636
Kimi-K2.6,1000,721,0.070272,0.0007797170596393898,0.13138350426115847,transmit,7611.305586828033,4.278893329580636
Kimi-K2.6,1000,726,0.070272,0.0007743471074380165,0.13138350426115847,transmit,7611.305586828033,4.278893329580636
Kimi-K2.6,1000,731,0.070272,0.0007690506155950752,0.13138350426115847,transmit,7611.305586828033,4.278893329580636
Kimi-K2.6,1000,736,0.070272,0.0007638260869565217,0.13138350426115847,transmit,7611.305586828033,4.278893329580636
Kimi-K2.6,1000,741,0.070272,0.000758672064777328,0.13138350426115847,transmit,7611.305586828033,4.278893329580636
Kimi-K2.6,1000,746,0.070272,0.0007535871313672923,0.13138350426115847,transmit,7611.305586828033,4.278893329580636
Kimi-K2.6,1000,751,0.070272,0.0007485699067909454,0.13138350426115847,transmit,7611.305586828033,4.278893329580636
Kimi-K2.6,1000,756,0.070272,0.0007436190476190476,0.13138350426115847,transmit,7611.305586828033,4.278893329580636
Kimi-K2.6,1000,761,0.070272,0.0007387332457293035,0.13138350426115847,transmit,7611.305586828033,4.278893329580636
Kimi-K2.6,1000,766,0.070272,0.000733911227154047,0.13138350426115847,transmit,7611.305586828033,4.278893329580636
Kimi-K2.6,1000,771,0.070272,0.0007291517509727626,0.13138350426115847,transmit,7611.305586828033,4.278893329580636
Kimi-K2.6,1000,776,0.070272,0.0007244536082474227,0.13138350426115847,transmit,7611.305586828033,4.278893329580636
Kimi-K2.6,1000,781,0.070272,0.0007198156209987196,0.13138350426115847,transmit,7611.305586828033,4.278893329580636
Kimi-K2.6,1000,786,0.070272,0.000715236641221374,0.13138350426115847,transmit,7611.305586828033,4.278893329580636
Kimi-K2.6,1000,791,0.070272,0.0007107155499367889,0.13138350426115847,transmit,7611.305586828033,4.278893329580636
Kimi-K2.6,1000,796,0.070272,0.000706251256281407,0.13138350426115847,transmit,7611.305586828033,4.278893329580636
Kimi-K2.6,1000,801,0.070272,0.0007018426966292135,0.13138350426115847,transmit,7611.305586828033,4.278893329580636
Kimi-K2.6,1000,806,0.070272,0.0006974888337468982,0.13138350426115847,transmit,7611.305586828033,4.278893329580636
Kimi-K2.6,1000,811,0.070272,0.0006931886559802713,0.13138350426115847,transmit,7611.305586828033,4.278893329580636
Kimi-K2.6,1000,816,0.070272,0.0006889411764705882,0.13138350426115847,transmit,7611.305586828033,4.278893329580636
Kimi-K2.6,1000,821,0.070272,0.0006847454323995127,0.13138350426115847,transmit,7611.305586828033,4.278893329580636
Kimi-K2.6,1000,826,0.070272,0.0006806004842615012,0.13138350426115847,transmit,7611.305586828033,4.278893329580636
Kimi-K2.6,1000,831,0.070272,0.0006765054151624549,0.13138350426115847,transmit,7611.305586828033,4.278893329580636
Kimi-K2.6,1000,836,0.070272,0.0006724593301435407,0.13138350426115847,transmit,7611.305586828033,4.278893329580636
Kimi-K2.6,1000,841,0.070272,0.000668461355529132,0.13138350426115847,transmit,7611.305586828033,4.278893329580636
Kimi-K2.6,1000,846,0.070272,0.0006645106382978723,0.13138350426115847,transmit,7611.305586828033,4.278893329580636
Kimi-K2.6,1000,851,0.070272,0.0006606063454759107,0.13138350426115847,transmit,7611.305586828033,4.278893329580636
Kimi-K2.6,1000,856,0.070272,0.0006567476635514018,0.13138350426115847,transmit,7611.305586828033,4.278893329580636
Kimi-K2.6,1000,861,0.070272,0.0006529337979094077,0.13138350426115847,transmit,7611.305586828033,4.278893329580636
Kimi-K2.6,1000,866,0.070272,0.0006491639722863742,0.13138350426115847,transmit,7611.305586828033,4.278893329580636
Kimi-K2.6,1000,871,0.070272,0.0006454374282433984,0.13138350426115847,transmit,7611.305586828033,4.278893329580636
Kimi-K2.6,1000,876,0.070272,0.0006417534246575343,0.13138350426115847,transmit,7611.305586828033,4.278893329580636
Kimi-K2.6,1000,881,0.070272,0.00063811123723042,0.13138350426115847,transmit,7611.305586828033,4.278893329580636
Kimi-K2.6,1000,886,0.070272,0.000634510158013544,0.13138350426115847,transmit,7611.305586828033,4.278893329580636
Kimi-K2.6,1000,891,0.070272,0.0006309494949494949,0.13138350426115847,transmit,7611.305586828033,4.278893329580636
Kimi-K2.6,1000,896,0.070272,0.0006274285714285714,0.13138350426115847,transmit,7611.305586828033,4.278893329580636
Kimi-K2.6,1000,901,0.070272,0.0006239467258601554,0.13138350426115847,transmit,7611.305586828033,4.278893329580636
Kimi-K2.6,1000,906,0.070272,0.0006205033112582782,0.13138350426115847,transmit,7611.305586828033,4.278893329580636
Kimi-K2.6,1000,911,0.070272,0.0006170976948408342,0.13138350426115847,transmit,7611.305586828033,4.278893329580636
Kimi-K2.6,1000,916,0.070272,0.0006137292576419214,0.13138350426115847,transmit,7611.305586828033,4.278893329580636
Kimi-K2.6,1000,921,0.070272,0.0006103973941368079,0.13138350426115847,transmit,7611.305586828033,4.278893329580636
Kimi-K2.6,1000,926,0.070272,0.0006071015118790496,0.13138350426115847,transmit,7611.305586828033,4.278893329580636
Kimi-K2.6,1000,931,0.070272,0.0006038410311493018,0.13138350426115847,transmit,7611.305586828033,4.278893329580636
Kimi-K2.6,1000,936,0.070272,0.0006006153846153847,0.13138350426115847,transmit,7611.305586828033,4.278893329580636
Kimi-K2.6,1000,941,0.070272,0.0005974240170031881,0.13138350426115847,transmit,7611.305586828033,4.278893329580636
Kimi-K2.6,1000,946,0.070272,0.0005942663847780127,0.13138350426115847,transmit,7611.305586828033,4.278893329580636
Kimi-K2.6,1000,951,0.070272,0.0005911419558359621,0.13138350426115847,transmit,7611.305586828033,4.278893329580636
Kimi-K2.6,1000,956,0.070272,0.0005880502092050209,0.13138350426115847,transmit,7611.305586828033,4.278893329580636
Kimi-K2.6,1000,961,0.070272,0.0005849906347554631,0.13138350426115847,transmit,7611.305586828033,4.278893329580636
Kimi-K2.6,1000,966,0.070272,0.0005819627329192547,0.13138350426115847,transmit,7611.305586828033,4.278893329580636
Kimi-K2.6,1000,971,0.070272,0.0005789660144181256,0.13138350426115847,transmit,7611.305586828033,4.278893329580636
Kimi-K2.6,1000,976,0.070272,0.000576,0.13138350426115847,transmit,7611.305586828033,4.278893329580636
Kimi-K2.6,1000,981,0.070272,0.0005730642201834862,0.13138350426115847,transmit,7611.305586828033,4.278893329580636
Kimi-K2.6,1000,986,0.070272,0.000570158215010142,0.13138350426115847,transmit,7611.305586828033,4.278893329580636
Kimi-K2.6,1000,991,0.070272,0.0005672815338042381,0.13138350426115847,transmit,7611.305586828033,4.278893329580636
Kimi-K2.6,1000,996,0.070272,0.000564433734939759,0.13138350426115847,transmit,7611.305586828033,4.278893329580636
Kimi-K2.6,10000,1,0.70272,5.62176,1.3138350426115846,replay,7611.305586828033,4.278893329580636
Kimi-K2.6,10000,6,0.70272,0.93696,1.3138350426115846,transmit,7611.305586828033,4.278893329580636
Kimi-K2.6,10000,11,0.70272,0.5110690909090909,1.3138350426115846,transmit,7611.305586828033,4.278893329580636
Kimi-K2.6,10000,16,0.70272,0.35136,1.3138350426115846,transmit,7611.305586828033,4.278893329580636
Kimi-K2.6,10000,21,0.70272,0.26770285714285713,1.3138350426115846,transmit,7611.305586828033,4.278893329580636
Kimi-K2.6,10000,26,0.70272,0.21622153846153847,1.3138350426115846,transmit,7611.305586828033,4.278893329580636
Kimi-K2.6,10000,31,0.70272,0.18134709677419356,1.3138350426115846,transmit,7611.305586828033,4.278893329580636
Kimi-K2.6,10000,36,0.70272,0.15616,1.3138350426115846,transmit,7611.305586828033,4.278893329580636
Kimi-K2.6,10000,41,0.70272,0.13711609756097562,1.3138350426115846,transmit,7611.305586828033,4.278893329580636
Kimi-K2.6,10000,46,0.70272,0.12221217391304348,1.3138350426115846,transmit,7611.305586828033,4.278893329580636
Kimi-K2.6,10000,51,0.70272,0.11023058823529412,1.3138350426115846,transmit,7611.305586828033,4.278893329580636
Kimi-K2.6,10000,56,0.70272,0.10038857142857142,1.3138350426115846,transmit,7611.305586828033,4.278893329580636
Kimi-K2.6,10000,61,0.70272,0.09216,1.3138350426115846,transmit,7611.305586828033,4.278893329580636
Kimi-K2.6,10000,66,0.70272,0.08517818181818182,1.3138350426115846,transmit,7611.305586828033,4.278893329580636
Kimi-K2.6,10000,71,0.70272,0.07917971830985915,1.3138350426115846,transmit,7611.305586828033,4.278893329580636
Kimi-K2.6,10000,76,0.70272,0.07397052631578947,1.3138350426115846,transmit,7611.305586828033,4.278893329580636
Kimi-K2.6,10000,81,0.70272,0.06940444444444445,1.3138350426115846,transmit,7611.305586828033,4.278893329580636
Kimi-K2.6,10000,86,0.70272,0.0653693023255814,1.3138350426115846,transmit,7611.305586828033,4.278893329580636
Kimi-K2.6,10000,91,0.70272,0.06177758241758242,1.3138350426115846,transmit,7611.305586828033,4.278893329580636
Kimi-K2.6,10000,96,0.70272,0.05856,1.3138350426115846,transmit,7611.305586828033,4.278893329580636
Kimi-K2.6,10000,101,0.70272,0.0556609900990099,1.3138350426115846,transmit,7611.305586828033,4.278893329580636
Kimi-K2.6,10000,106,0.70272,0.05303547169811321,1.3138350426115846,transmit,7611.305586828033,4.278893329580636
Kimi-K2.6,10000,111,0.70272,0.05064648648648649,1.3138350426115846,transmit,7611.305586828033,4.278893329580636
Kimi-K2.6,10000,116,0.70272,0.04846344827586207,1.3138350426115846,transmit,7611.305586828033,4.278893329580636
Kimi-K2.6,10000,121,0.70272,0.046460826446280995,1.3138350426115846,transmit,7611.305586828033,4.278893329580636
Kimi-K2.6,10000,126,0.70272,0.044617142857142855,1.3138350426115846,transmit,7611.305586828033,4.278893329580636
Kimi-K2.6,10000,131,0.70272,0.04291419847328244,1.3138350426115846,transmit,7611.305586828033,4.278893329580636
Kimi-K2.6,10000,136,0.70272,0.041336470588235294,1.3138350426115846,transmit,7611.305586828033,4.278893329580636
Kimi-K2.6,10000,141,0.70272,0.03987063829787234,1.3138350426115846,transmit,7611.305586828033,4.278893329580636
Kimi-K2.6,10000,146,0.70272,0.038505205479452055,1.3138350426115846,transmit,7611.305586828033,4.278893329580636
Kimi-K2.6,10000,151,0.70272,0.037230198675496685,1.3138350426115846,transmit,7611.305586828033,4.278893329580636
Kimi-K2.6,10000,156,0.70272,0.03603692307692308,1.3138350426115846,transmit,7611.305586828033,4.278893329580636
Kimi-K2.6,10000,161,0.70272,0.03491776397515528,1.3138350426115846,transmit,7611.305586828033,4.278893329580636
Kimi-K2.6,10000,166,0.70272,0.03386602409638554,1.3138350426115846,transmit,7611.305586828033,4.278893329580636
Kimi-K2.6,10000,171,0.70272,0.03287578947368421,1.3138350426115846,transmit,7611.305586828033,4.278893329580636
Kimi-K2.6,10000,176,0.70272,0.03194181818181818,1.3138350426115846,transmit,7611.305586828033,4.278893329580636
Kimi-K2.6,10000,181,0.70272,0.031059447513812153,1.3138350426115846,transmit,7611.305586828033,4.278893329580636
Kimi-K2.6,10000,186,0.70272,0.030224516129032257,1.3138350426115846,transmit,7611.305586828033,4.278893329580636
Kimi-K2.6,10000,191,0.70272,0.029433298429319372,1.3138350426115846,transmit,7611.305586828033,4.278893329580636
Kimi-K2.6,10000,196,0.70272,0.028682448979591837,1.3138350426115846,transmit,7611.305586828033,4.278893329580636
Kimi-K2.6,10000,201,0.70272,0.0279689552238806,1.3138350426115846,transmit,7611.305586828033,4.278893329580636
Kimi-K2.6,10000,206,0.70272,0.027290097087378642,1.3138350426115846,transmit,7611.305586828033,4.278893329580636
Kimi-K2.6,10000,211,0.70272,0.026643412322274882,1.3138350426115846,transmit,7611.305586828033,4.278893329580636
Kimi-K2.6,10000,216,0.70272,0.026026666666666667,1.3138350426115846,transmit,7611.305586828033,4.278893329580636
Kimi-K2.6,10000,221,0.70272,0.02543782805429864,1.3138350426115846,transmit,7611.305586828033,4.278893329580636
Kimi-K2.6,10000,226,0.70272,0.024875044247787612,1.3138350426115846,transmit,7611.305586828033,4.278893329580636
Kimi-K2.6,10000,231,0.70272,0.024336623376623377,1.3138350426115846,transmit,7611.305586828033,4.278893329580636
Kimi-K2.6,10000,236,0.70272,0.02382101694915254,1.3138350426115846,transmit,7611.305586828033,4.278893329580636
Kimi-K2.6,10000,241,0.70272,0.023326804979253112,1.3138350426115846,transmit,7611.305586828033,4.278893329580636
Kimi-K2.6,10000,246,0.70272,0.02285268292682927,1.3138350426115846,transmit,7611.305586828033,4.278893329580636
Kimi-K2.6,10000,251,0.70272,0.022397450199203188,1.3138350426115846,transmit,7611.305586828033,4.278893329580636
Kimi-K2.6,10000,256,0.70272,0.02196,1.3138350426115846,transmit,7611.305586828033,4.278893329580636
Kimi-K2.6,10000,261,0.70272,0.021539310344827586,1.3138350426115846,transmit,7611.305586828033,4.278893329580636
Kimi-K2.6,10000,266,0.70272,0.021134436090225563,1.3138350426115846,transmit,7611.305586828033,4.278893329580636
Kimi-K2.6,10000,271,0.70272,0.02074450184501845,1.3138350426115846,transmit,7611.305586828033,4.278893329580636
Kimi-K2.6,10000,276,0.70272,0.020368695652173915,1.3138350426115846,transmit,7611.305586828033,4.278893329580636
Kimi-K2.6,10000,281,0.70272,0.02000626334519573,1.3138350426115846,transmit,7611.305586828033,4.278893329580636
Kimi-K2.6,10000,286,0.70272,0.019656503496503497,1.3138350426115846,transmit,7611.305586828033,4.278893329580636
Kimi-K2.6,10000,291,0.70272,0.019318762886597937,1.3138350426115846,transmit,7611.305586828033,4.278893329580636
Kimi-K2.6,10000,296,0.70272,0.018992432432432434,1.3138350426115846,transmit,7611.305586828033,4.278893329580636
Kimi-K2.6,10000,301,0.70272,0.018676943521594686,1.3138350426115846,transmit,7611.305586828033,4.278893329580636
Kimi-K2.6,10000,306,0.70272,0.01837176470588235,1.3138350426115846,transmit,7611.305586828033,4.278893329580636
Kimi-K2.6,10000,311,0.70272,0.018076398713826367,1.3138350426115846,transmit,7611.305586828033,4.278893329580636
Kimi-K2.6,10000,316,0.70272,0.017790379746835443,1.3138350426115846,transmit,7611.305586828033,4.278893329580636
Kimi-K2.6,10000,321,0.70272,0.017513271028037382,1.3138350426115846,transmit,7611.305586828033,4.278893329580636
Kimi-K2.6,10000,326,0.70272,0.017244662576687116,1.3138350426115846,transmit,7611.305586828033,4.278893329580636
Kimi-K2.6,10000,331,0.70272,0.01698416918429003,1.3138350426115846,transmit,7611.305586828033,4.278893329580636
Kimi-K2.6,10000,336,0.70272,0.01673142857142857,1.3138350426115846,transmit,7611.305586828033,4.278893329580636
Kimi-K2.6,10000,341,0.70272,0.016486099706744868,1.3138350426115846,transmit,7611.305586828033,4.278893329580636
Kimi-K2.6,10000,346,0.70272,0.016247861271676302,1.3138350426115846,transmit,7611.305586828033,4.278893329580636
Kimi-K2.6,10000,351,0.70272,0.016016410256410256,1.3138350426115846,transmit,7611.305586828033,4.278893329580636
Kimi-K2.6,10000,356,0.70272,0.015791460674157303,1.3138350426115846,transmit,7611.305586828033,4.278893329580636
Kimi-K2.6,10000,361,0.70272,0.015572742382271468,1.3138350426115846,transmit,7611.305586828033,4.278893329580636
Kimi-K2.6,10000,366,0.70272,0.01536,1.3138350426115846,transmit,7611.305586828033,4.278893329580636
Kimi-K2.6,10000,371,0.70272,0.015152991913746632,1.3138350426115846,transmit,7611.305586828033,4.278893329580636
Kimi-K2.6,10000,376,0.70272,0.014951489361702128,1.3138350426115846,transmit,7611.305586828033,4.278893329580636
Kimi-K2.6,10000,381,0.70272,0.01475527559055118,1.3138350426115846,transmit,7611.305586828033,4.278893329580636
Kimi-K2.6,10000,386,0.70272,0.014564145077720208,1.3138350426115846,transmit,7611.305586828033,4.278893329580636
Kimi-K2.6,10000,391,0.70272,0.014377902813299233,1.3138350426115846,transmit,7611.305586828033,4.278893329580636
Kimi-K2.6,10000,396,0.70272,0.014196363636363637,1.3138350426115846,transmit,7611.305586828033,4.278893329580636
Kimi-K2.6,10000,401,0.70272,0.014019351620947631,1.3138350426115846,transmit,7611.305586828033,4.278893329580636
Kimi-K2.6,10000,406,0.70272,0.013846699507389162,1.3138350426115846,transmit,7611.305586828033,4.278893329580636
Kimi-K2.6,10000,411,0.70272,0.013678248175182482,1.3138350426115846,transmit,7611.305586828033,4.278893329580636
Kimi-K2.6,10000,416,0.70272,0.013513846153846154,1.3138350426115846,transmit,7611.305586828033,4.278893329580636
Kimi-K2.6,10000,421,0.70272,0.01335334916864608,1.3138350426115846,transmit,7611.305586828033,4.278893329580636
Kimi-K2.6,10000,426,0.70272,0.01319661971830986,1.3138350426115846,transmit,7611.305586828033,4.278893329580636
Kimi-K2.6,10000,431,0.70272,0.01304352668213457,1.3138350426115846,transmit,7611.305586828033,4.278893329580636
Kimi-K2.6,10000,436,0.70272,0.01289394495412844,1.3138350426115846,transmit,7611.305586828033,4.278893329580636
Kimi-K2.6,10000,441,0.70272,0.012747755102040816,1.3138350426115846,transmit,7611.305586828033,4.278893329580636
Kimi-K2.6,10000,446,0.70272,0.012604843049327354,1.3138350426115846,transmit,7611.305586828033,4.278893329580636
Kimi-K2.6,10000,451,0.70272,0.012465099778270509,1.3138350426115846,transmit,7611.305586828033,4.278893329580636
Kimi-K2.6,10000,456,0.70272,0.012328421052631579,1.3138350426115846,transmit,7611.305586828033,4.278893329580636
Kimi-K2.6,10000,461,0.70272,0.01219470715835141,1.3138350426115846,transmit,7611.305586828033,4.278893329580636
Kimi-K2.6,10000,466,0.70272,0.012063862660944205,1.3138350426115846,transmit,7611.305586828033,4.278893329580636
Kimi-K2.6,10000,471,0.70272,0.01193579617834395,1.3138350426115846,transmit,7611.305586828033,4.278893329580636
Kimi-K2.6,10000,476,0.70272,0.011810420168067227,1.3138350426115846,transmit,7611.305586828033,4.278893329580636
Kimi-K2.6,10000,481,0.70272,0.011687650727650727,1.3138350426115846,transmit,7611.305586828033,4.278893329580636
Kimi-K2.6,10000,486,0.70272,0.011567407407407408,1.3138350426115846,transmit,7611.305586828033,4.278893329580636
Kimi-K2.6,10000,491,0.70272,0.011449613034623218,1.3138350426115846,transmit,7611.305586828033,4.278893329580636
Kimi-K2.6,10000,496,0.70272,0.011334193548387097,1.3138350426115846,transmit,7611.305586828033,4.278893329580636
Kimi-K2.6,10000,501,0.70272,0.011221077844311377,1.3138350426115846,transmit,7611.305586828033,4.278893329580636
Kimi-K2.6,10000,506,0.70272,0.011110197628458498,1.3138350426115846,transmit,7611.305586828033,4.278893329580636
Kimi-K2.6,10000,511,0.70272,0.011001487279843444,1.3138350426115846,transmit,7611.305586828033,4.278893329580636
Kimi-K2.6,10000,516,0.70272,0.010894883720930233,1.3138350426115846,transmit,7611.305586828033,4.278893329580636
Kimi-K2.6,10000,521,0.70272,0.010790326295585413,1.3138350426115846,transmit,7611.305586828033,4.278893329580636
Kimi-K2.6,10000,526,0.70272,0.010687756653992395,1.3138350426115846,transmit,7611.305586828033,4.278893329580636
Kimi-K2.6,10000,531,0.70272,0.010587118644067797,1.3138350426115846,transmit,7611.305586828033,4.278893329580636
Kimi-K2.6,10000,536,0.70272,0.010488358208955224,1.3138350426115846,transmit,7611.305586828033,4.278893329580636
Kimi-K2.6,10000,541,0.70272,0.010391423290203327,1.3138350426115846,transmit,7611.305586828033,4.278893329580636
Kimi-K2.6,10000,546,0.70272,0.010296263736263736,1.3138350426115846,transmit,7611.305586828033,4.278893329580636
Kimi-K2.6,10000,551,0.70272,0.010202831215970962,1.3138350426115846,transmit,7611.305586828033,4.278893329580636
Kimi-K2.6,10000,556,0.70272,0.010111079136690647,1.3138350426115846,transmit,7611.305586828033,4.278893329580636
Kimi-K2.6,10000,561,0.70272,0.01002096256684492,1.3138350426115846,transmit,7611.305586828033,4.278893329580636
Kimi-K2.6,10000,566,0.70272,0.009932438162544169,1.3138350426115846,transmit,7611.305586828033,4.278893329580636
Kimi-K2.6,10000,571,0.70272,0.009845464098073554,1.3138350426115846,transmit,7611.305586828033,4.278893329580636
Kimi-K2.6,10000,576,0.70272,0.00976,1.3138350426115846,transmit,7611.305586828033,4.278893329580636
Kimi-K2.6,10000,581,0.70272,0.009676006884681584,1.3138350426115846,transmit,7611.305586828033,4.278893329580636
Kimi-K2.6,10000,586,0.70272,0.00959344709897611,1.3138350426115846,transmit,7611.305586828033,4.278893329580636
Kimi-K2.6,10000,591,0.70272,0.00951228426395939,1.3138350426115846,transmit,7611.305586828033,4.278893329580636
Kimi-K2.6,10000,596,0.70272,0.009432483221476511,1.3138350426115846,transmit,7611.305586828033,4.278893329580636
Kimi-K2.6,10000,601,0.70272,0.009354009983361064,1.3138350426115846,transmit,7611.305586828033,4.278893329580636
Kimi-K2.6,10000,606,0.70272,0.009276831683168316,1.3138350426115846,transmit,7611.305586828033,4.278893329580636
Kimi-K2.6,10000,611,0.70272,0.009200916530278233,1.3138350426115846,transmit,7611.305586828033,4.278893329580636
Kimi-K2.6,10000,616,0.70272,0.009126233766233767,1.3138350426115846,transmit,7611.305586828033,4.278893329580636
Kimi-K2.6,10000,621,0.70272,0.009052753623188406,1.3138350426115846,transmit,7611.305586828033,4.278893329580636
Kimi-K2.6,10000,626,0.70272,0.008980447284345048,1.3138350426115846,transmit,7611.305586828033,4.278893329580636
Kimi-K2.6,10000,631,0.70272,0.008909286846275753,1.3138350426115846,transmit,7611.305586828033,4.278893329580636
Kimi-K2.6,10000,636,0.70272,0.008839245283018868,1.3138350426115846,transmit,7611.305586828033,4.278893329580636
Kimi-K2.6,10000,641,0.70272,0.008770296411856475,1.3138350426115846,transmit,7611.305586828033,4.278893329580636
Kimi-K2.6,10000,646,0.70272,0.008702414860681115,1.3138350426115846,transmit,7611.305586828033,4.278893329580636
Kimi-K2.6,10000,651,0.70272,0.00863557603686636,1.3138350426115846,transmit,7611.305586828033,4.278893329580636
Kimi-K2.6,10000,656,0.70272,0.008569756097560976,1.3138350426115846,transmit,7611.305586828033,4.278893329580636
Kimi-K2.6,10000,661,0.70272,0.008504931921331315,1.3138350426115846,transmit,7611.305586828033,4.278893329580636
Kimi-K2.6,10000,666,0.70272,0.00844108108108108,1.3138350426115846,transmit,7611.305586828033,4.278893329580636
Kimi-K2.6,10000,671,0.70272,0.008378181818181818,1.3138350426115846,transmit,7611.305586828033,4.278893329580636
Kimi-K2.6,10000,676,0.70272,0.008316213017751478,1.3138350426115846,transmit,7611.305586828033,4.278893329580636
Kimi-K2.6,10000,681,0.70272,0.008255154185022026,1.3138350426115846,transmit,7611.305586828033,4.278893329580636
Kimi-K2.6,10000,686,0.70272,0.008194985422740525,1.3138350426115846,transmit,7611.305586828033,4.278893329580636
Kimi-K2.6,10000,691,0.70272,0.008135687409551375,1.3138350426115846,transmit,7611.305586828033,4.278893329580636
Kimi-K2.6,10000,696,0.70272,0.008077241379310344,1.3138350426115846,transmit,7611.305586828033,4.278893329580636
Kimi-K2.6,10000,701,0.70272,0.008019629101283881,1.3138350426115846,transmit,7611.305586828033,4.278893329580636
Kimi-K2.6,10000,706,0.70272,0.007962832861189801,1.3138350426115846,transmit,7611.305586828033,4.278893329580636
Kimi-K2.6,10000,711,0.70272,0.007906835443037975,1.3138350426115846,transmit,7611.305586828033,4.278893329580636
Kimi-K2.6,10000,716,0.70272,0.007851620111731844,1.3138350426115846,transmit,7611.305586828033,4.278893329580636
Kimi-K2.6,10000,721,0.70272,0.007797170596393898,1.3138350426115846,transmit,7611.305586828033,4.278893329580636
Kimi-K2.6,10000,726,0.70272,0.007743471074380165,1.3138350426115846,transmit,7611.305586828033,4.278893329580636
Kimi-K2.6,10000,731,0.70272,0.007690506155950752,1.3138350426115846,transmit,7611.305586828033,4.278893329580636
Kimi-K2.6,10000,736,0.70272,0.007638260869565218,1.3138350426115846,transmit,7611.305586828033,4.278893329580636
Kimi-K2.6,10000,741,0.70272,0.007586720647773279,1.3138350426115846,transmit,7611.305586828033,4.278893329580636
Kimi-K2.6,10000,746,0.70272,0.007535871313672922,1.3138350426115846,transmit,7611.305586828033,4.278893329580636
Kimi-K2.6,10000,751,0.70272,0.007485699067909454,1.3138350426115846,transmit,7611.305586828033,4.278893329580636
Kimi-K2.6,10000,756,0.70272,0.0074361904761904764,1.3138350426115846,transmit,7611.305586828033,4.278893329580636
Kimi-K2.6,10000,761,0.70272,0.007387332457293036,1.3138350426115846,transmit,7611.305586828033,4.278893329580636
Kimi-K2.6,10000,766,0.70272,0.00733911227154047,1.3138350426115846,transmit,7611.305586828033,4.278893329580636
Kimi-K2.6,10000,771,0.70272,0.007291517509727626,1.3138350426115846,transmit,7611.305586828033,4.278893329580636
Kimi-K2.6,10000,776,0.70272,0.0072445360824742264,1.3138350426115846,transmit,7611.305586828033,4.278893329580636
Kimi-K2.6,10000,781,0.70272,0.007198156209987196,1.3138350426115846,transmit,7611.305586828033,4.278893329580636
Kimi-K2.6,10000,786,0.70272,0.007152366412213741,1.3138350426115846,transmit,7611.305586828033,4.278893329580636
Kimi-K2.6,10000,791,0.70272,0.007107155499367889,1.3138350426115846,transmit,7611.305586828033,4.278893329580636
Kimi-K2.6,10000,796,0.70272,0.0070625125628140705,1.3138350426115846,transmit,7611.305586828033,4.278893329580636
Kimi-K2.6,10000,801,0.70272,0.007018426966292135,1.3138350426115846,transmit,7611.305586828033,4.278893329580636
Kimi-K2.6,10000,806,0.70272,0.006974888337468983,1.3138350426115846,transmit,7611.305586828033,4.278893329580636
Kimi-K2.6,10000,811,0.70272,0.006931886559802713,1.3138350426115846,transmit,7611.305586828033,4.278893329580636
Kimi-K2.6,10000,816,0.70272,0.006889411764705883,1.3138350426115846,transmit,7611.305586828033,4.278893329580636
Kimi-K2.6,10000,821,0.70272,0.006847454323995128,1.3138350426115846,transmit,7611.305586828033,4.278893329580636
Kimi-K2.6,10000,826,0.70272,0.0068060048426150125,1.3138350426115846,transmit,7611.305586828033,4.278893329580636
Kimi-K2.6,10000,831,0.70272,0.006765054151624548,1.3138350426115846,transmit,7611.305586828033,4.278893329580636
Kimi-K2.6,10000,836,0.70272,0.006724593301435407,1.3138350426115846,transmit,7611.305586828033,4.278893329580636
Kimi-K2.6,10000,841,0.70272,0.00668461355529132,1.3138350426115846,transmit,7611.305586828033,4.278893329580636
Kimi-K2.6,10000,846,0.70272,0.006645106382978724,1.3138350426115846,transmit,7611.305586828033,4.278893329580636
Kimi-K2.6,10000,851,0.70272,0.006606063454759107,1.3138350426115846,transmit,7611.305586828033,4.278893329580636
Kimi-K2.6,10000,856,0.70272,0.006567476635514019,1.3138350426115846,transmit,7611.305586828033,4.278893329580636
Kimi-K2.6,10000,861,0.70272,0.006529337979094076,1.3138350426115846,transmit,7611.305586828033,4.278893329580636
Kimi-K2.6,10000,866,0.70272,0.0064916397228637415,1.3138350426115846,transmit,7611.305586828033,4.278893329580636
Kimi-K2.6,10000,871,0.70272,0.006454374282433984,1.3138350426115846,transmit,7611.305586828033,4.278893329580636
Kimi-K2.6,10000,876,0.70272,0.0064175342465753425,1.3138350426115846,transmit,7611.305586828033,4.278893329580636
Kimi-K2.6,10000,881,0.70272,0.0063811123723042,1.3138350426115846,transmit,7611.305586828033,4.278893329580636
Kimi-K2.6,10000,886,0.70272,0.00634510158013544,1.3138350426115846,transmit,7611.305586828033,4.278893329580636
Kimi-K2.6,10000,891,0.70272,0.006309494949494949,1.3138350426115846,transmit,7611.305586828033,4.278893329580636
Kimi-K2.6,10000,896,0.70272,0.006274285714285714,1.3138350426115846,transmit,7611.305586828033,4.278893329580636
Kimi-K2.6,10000,901,0.70272,0.006239467258601554,1.3138350426115846,transmit,7611.305586828033,4.278893329580636
Kimi-K2.6,10000,906,0.70272,0.006205033112582781,1.3138350426115846,transmit,7611.305586828033,4.278893329580636
Kimi-K2.6,10000,911,0.70272,0.006170976948408342,1.3138350426115846,transmit,7611.305586828033,4.278893329580636
Kimi-K2.6,10000,916,0.70272,0.006137292576419214,1.3138350426115846,transmit,7611.305586828033,4.278893329580636
Kimi-K2.6,10000,921,0.70272,0.0061039739413680785,1.3138350426115846,transmit,7611.305586828033,4.278893329580636
Kimi-K2.6,10000,926,0.70272,0.0060710151187904965,1.3138350426115846,transmit,7611.305586828033,4.278893329580636
Kimi-K2.6,10000,931,0.70272,0.006038410311493018,1.3138350426115846,transmit,7611.305586828033,4.278893329580636
Kimi-K2.6,10000,936,0.70272,0.006006153846153846,1.3138350426115846,transmit,7611.305586828033,4.278893329580636
Kimi-K2.6,10000,941,0.70272,0.005974240170031881,1.3138350426115846,transmit,7611.305586828033,4.278893329580636
Kimi-K2.6,10000,946,0.70272,0.005942663847780126,1.3138350426115846,transmit,7611.305586828033,4.278893329580636
Kimi-K2.6,10000,951,0.70272,0.005911419558359622,1.3138350426115846,transmit,7611.305586828033,4.278893329580636
Kimi-K2.6,10000,956,0.70272,0.00588050209205021,1.3138350426115846,transmit,7611.305586828033,4.278893329580636
Kimi-K2.6,10000,961,0.70272,0.00584990634755463,1.3138350426115846,transmit,7611.305586828033,4.278893329580636
Kimi-K2.6,10000,966,0.70272,0.0058196273291925464,1.3138350426115846,transmit,7611.305586828033,4.278893329580636
Kimi-K2.6,10000,971,0.70272,0.005789660144181257,1.3138350426115846,transmit,7611.305586828033,4.278893329580636
Kimi-K2.6,10000,976,0.70272,0.00576,1.3138350426115846,transmit,7611.305586828033,4.278893329580636
Kimi-K2.6,10000,981,0.70272,0.005730642201834862,1.3138350426115846,transmit,7611.305586828033,4.278893329580636
Kimi-K2.6,10000,986,0.70272,0.00570158215010142,1.3138350426115846,transmit,7611.305586828033,4.278893329580636
Kimi-K2.6,10000,991,0.70272,0.005672815338042382,1.3138350426115846,transmit,7611.305586828033,4.278893329580636
Kimi-K2.6,10000,996,0.70272,0.00564433734939759,1.3138350426115846,transmit,7611.305586828033,4.278893329580636
Kimi-K2.6,100000,1,7.0272,56.2176,13.138350426115846,replay,7611.305586828033,4.278893329580636
Kimi-K2.6,100000,6,7.0272,9.3696,13.138350426115846,transmit,7611.305586828033,4.278893329580636
Kimi-K2.6,100000,11,7.0272,5.110690909090909,13.138350426115846,transmit,7611.305586828033,4.278893329580636
Kimi-K2.6,100000,16,7.0272,3.5136,13.138350426115846,transmit,7611.305586828033,4.278893329580636
Kimi-K2.6,100000,21,7.0272,2.6770285714285715,13.138350426115846,transmit,7611.305586828033,4.278893329580636
Kimi-K2.6,100000,26,7.0272,2.1622153846153847,13.138350426115846,transmit,7611.305586828033,4.278893329580636
Kimi-K2.6,100000,31,7.0272,1.8134709677419354,13.138350426115846,transmit,7611.305586828033,4.278893329580636
Kimi-K2.6,100000,36,7.0272,1.5616,13.138350426115846,transmit,7611.305586828033,4.278893329580636
Kimi-K2.6,100000,41,7.0272,1.371160975609756,13.138350426115846,transmit,7611.305586828033,4.278893329580636
Kimi-K2.6,100000,46,7.0272,1.2221217391304349,13.138350426115846,transmit,7611.305586828033,4.278893329580636
Kimi-K2.6,100000,51,7.0272,1.1023058823529412,13.138350426115846,transmit,7611.305586828033,4.278893329580636
Kimi-K2.6,100000,56,7.0272,1.0038857142857143,13.138350426115846,transmit,7611.305586828033,4.278893329580636
Kimi-K2.6,100000,61,7.0272,0.9216,13.138350426115846,transmit,7611.305586828033,4.278893329580636
Kimi-K2.6,100000,66,7.0272,0.8517818181818182,13.138350426115846,transmit,7611.305586828033,4.278893329580636
Kimi-K2.6,100000,71,7.0272,0.7917971830985916,13.138350426115846,transmit,7611.305586828033,4.278893329580636
Kimi-K2.6,100000,76,7.0272,0.7397052631578948,13.138350426115846,transmit,7611.305586828033,4.278893329580636
Kimi-K2.6,100000,81,7.0272,0.6940444444444445,13.138350426115846,transmit,7611.305586828033,4.278893329580636
Kimi-K2.6,100000,86,7.0272,0.6536930232558139,13.138350426115846,transmit,7611.305586828033,4.278893329580636
Kimi-K2.6,100000,91,7.0272,0.6177758241758242,13.138350426115846,transmit,7611.305586828033,4.278893329580636
Kimi-K2.6,100000,96,7.0272,0.5856,13.138350426115846,transmit,7611.305586828033,4.278893329580636
Kimi-K2.6,100000,101,7.0272,0.556609900990099,13.138350426115846,transmit,7611.305586828033,4.278893329580636
Kimi-K2.6,100000,106,7.0272,0.5303547169811321,13.138350426115846,transmit,7611.305586828033,4.278893329580636
Kimi-K2.6,100000,111,7.0272,0.5064648648648649,13.138350426115846,transmit,7611.305586828033,4.278893329580636
Kimi-K2.6,100000,116,7.0272,0.4846344827586207,13.138350426115846,transmit,7611.305586828033,4.278893329580636
Kimi-K2.6,100000,121,7.0272,0.4646082644628099,13.138350426115846,transmit,7611.305586828033,4.278893329580636
Kimi-K2.6,100000,126,7.0272,0.44617142857142855,13.138350426115846,transmit,7611.305586828033,4.278893329580636
Kimi-K2.6,100000,131,7.0272,0.42914198473282444,13.138350426115846,transmit,7611.305586828033,4.278893329580636
Kimi-K2.6,100000,136,7.0272,0.41336470588235297,13.138350426115846,transmit,7611.305586828033,4.278893329580636
Kimi-K2.6,100000,141,7.0272,0.3987063829787234,13.138350426115846,transmit,7611.305586828033,4.278893329580636
Kimi-K2.6,100000,146,7.0272,0.38505205479452054,13.138350426115846,transmit,7611.305586828033,4.278893329580636
Kimi-K2.6,100000,151,7.0272,0.3723019867549669,13.138350426115846,transmit,7611.305586828033,4.278893329580636
Kimi-K2.6,100000,156,7.0272,0.3603692307692308,13.138350426115846,transmit,7611.305586828033,4.278893329580636
Kimi-K2.6,100000,161,7.0272,0.3491776397515528,13.138350426115846,transmit,7611.305586828033,4.278893329580636
Kimi-K2.6,100000,166,7.0272,0.33866024096385544,13.138350426115846,transmit,7611.305586828033,4.278893329580636
Kimi-K2.6,100000,171,7.0272,0.3287578947368421,13.138350426115846,transmit,7611.305586828033,4.278893329580636
Kimi-K2.6,100000,176,7.0272,0.3194181818181818,13.138350426115846,transmit,7611.305586828033,4.278893329580636
Kimi-K2.6,100000,181,7.0272,0.31059447513812155,13.138350426115846,transmit,7611.305586828033,4.278893329580636
Kimi-K2.6,100000,186,7.0272,0.3022451612903226,13.138350426115846,transmit,7611.305586828033,4.278893329580636
Kimi-K2.6,100000,191,7.0272,0.2943329842931937,13.138350426115846,transmit,7611.305586828033,4.278893329580636
Kimi-K2.6,100000,196,7.0272,0.28682448979591835,13.138350426115846,transmit,7611.305586828033,4.278893329580636
Kimi-K2.6,100000,201,7.0272,0.279689552238806,13.138350426115846,transmit,7611.305586828033,4.278893329580636
Kimi-K2.6,100000,206,7.0272,0.2729009708737864,13.138350426115846,transmit,7611.305586828033,4.278893329580636
Kimi-K2.6,100000,211,7.0272,0.26643412322274884,13.138350426115846,transmit,7611.305586828033,4.278893329580636
Kimi-K2.6,100000,216,7.0272,0.26026666666666665,13.138350426115846,transmit,7611.305586828033,4.278893329580636
Kimi-K2.6,100000,221,7.0272,0.25437828054298645,13.138350426115846,transmit,7611.305586828033,4.278893329580636
Kimi-K2.6,100000,226,7.0272,0.24875044247787612,13.138350426115846,transmit,7611.305586828033,4.278893329580636
Kimi-K2.6,100000,231,7.0272,0.24336623376623376,13.138350426115846,transmit,7611.305586828033,4.278893329580636
Kimi-K2.6,100000,236,7.0272,0.23821016949152543,13.138350426115846,transmit,7611.305586828033,4.278893329580636
Kimi-K2.6,100000,241,7.0272,0.23326804979253113,13.138350426115846,transmit,7611.305586828033,4.278893329580636
Kimi-K2.6,100000,246,7.0272,0.22852682926829268,13.138350426115846,transmit,7611.305586828033,4.278893329580636
Kimi-K2.6,100000,251,7.0272,0.22397450199203187,13.138350426115846,transmit,7611.305586828033,4.278893329580636
Kimi-K2.6,100000,256,7.0272,0.2196,13.138350426115846,transmit,7611.305586828033,4.278893329580636
Kimi-K2.6,100000,261,7.0272,0.21539310344827586,13.138350426115846,transmit,7611.305586828033,4.278893329580636
Kimi-K2.6,100000,266,7.0272,0.21134436090225564,13.138350426115846,transmit,7611.305586828033,4.278893329580636
Kimi-K2.6,100000,271,7.0272,0.2074450184501845,13.138350426115846,transmit,7611.305586828033,4.278893329580636
Kimi-K2.6,100000,276,7.0272,0.20368695652173913,13.138350426115846,transmit,7611.305586828033,4.278893329580636
Kimi-K2.6,100000,281,7.0272,0.2000626334519573,13.138350426115846,transmit,7611.305586828033,4.278893329580636
Kimi-K2.6,100000,286,7.0272,0.19656503496503497,13.138350426115846,transmit,7611.305586828033,4.278893329580636
Kimi-K2.6,100000,291,7.0272,0.19318762886597937,13.138350426115846,transmit,7611.305586828033,4.278893329580636
Kimi-K2.6,100000,296,7.0272,0.18992432432432432,13.138350426115846,transmit,7611.305586828033,4.278893329580636
Kimi-K2.6,100000,301,7.0272,0.18676943521594686,13.138350426115846,transmit,7611.305586828033,4.278893329580636
Kimi-K2.6,100000,306,7.0272,0.18371764705882354,13.138350426115846,transmit,7611.305586828033,4.278893329580636
Kimi-K2.6,100000,311,7.0272,0.18076398713826367,13.138350426115846,transmit,7611.305586828033,4.278893329580636
Kimi-K2.6,100000,316,7.0272,0.17790379746835444,13.138350426115846,transmit,7611.305586828033,4.278893329580636
Kimi-K2.6,100000,321,7.0272,0.17513271028037383,13.138350426115846,transmit,7611.305586828033,4.278893329580636
Kimi-K2.6,100000,326,7.0272,0.17244662576687117,13.138350426115846,transmit,7611.305586828033,4.278893329580636
Kimi-K2.6,100000,331,7.0272,0.1698416918429003,13.138350426115846,transmit,7611.305586828033,4.278893329580636
Kimi-K2.6,100000,336,7.0272,0.16731428571428572,13.138350426115846,transmit,7611.305586828033,4.278893329580636
Kimi-K2.6,100000,341,7.0272,0.16486099706744867,13.138350426115846,transmit,7611.305586828033,4.278893329580636
Kimi-K2.6,100000,346,7.0272,0.162478612716763,13.138350426115846,transmit,7611.305586828033,4.278893329580636
Kimi-K2.6,100000,351,7.0272,0.16016410256410257,13.138350426115846,transmit,7611.305586828033,4.278893329580636
Kimi-K2.6,100000,356,7.0272,0.15791460674157304,13.138350426115846,transmit,7611.305586828033,4.278893329580636
Kimi-K2.6,100000,361,7.0272,0.15572742382271468,13.138350426115846,transmit,7611.305586828033,4.278893329580636
Kimi-K2.6,100000,366,7.0272,0.1536,13.138350426115846,transmit,7611.305586828033,4.278893329580636
Kimi-K2.6,100000,371,7.0272,0.1515299191374663,13.138350426115846,transmit,7611.305586828033,4.278893329580636
Kimi-K2.6,100000,376,7.0272,0.14951489361702128,13.138350426115846,transmit,7611.305586828033,4.278893329580636
Kimi-K2.6,100000,381,7.0272,0.1475527559055118,13.138350426115846,transmit,7611.305586828033,4.278893329580636
Kimi-K2.6,100000,386,7.0272,0.14564145077720209,13.138350426115846,transmit,7611.305586828033,4.278893329580636
Kimi-K2.6,100000,391,7.0272,0.14377902813299231,13.138350426115846,transmit,7611.305586828033,4.278893329580636
Kimi-K2.6,100000,396,7.0272,0.14196363636363638,13.138350426115846,transmit,7611.305586828033,4.278893329580636
Kimi-K2.6,100000,401,7.0272,0.14019351620947632,13.138350426115846,transmit,7611.305586828033,4.278893329580636
Kimi-K2.6,100000,406,7.0272,0.13846699507389162,13.138350426115846,transmit,7611.305586828033,4.278893329580636
Kimi-K2.6,100000,411,7.0272,0.1367824817518248,13.138350426115846,transmit,7611.305586828033,4.278893329580636
Kimi-K2.6,100000,416,7.0272,0.13513846153846154,13.138350426115846,transmit,7611.305586828033,4.278893329580636
Kimi-K2.6,100000,421,7.0272,0.1335334916864608,13.138350426115846,transmit,7611.305586828033,4.278893329580636
Kimi-K2.6,100000,426,7.0272,0.1319661971830986,13.138350426115846,transmit,7611.305586828033,4.278893329580636
Kimi-K2.6,100000,431,7.0272,0.1304352668213457,13.138350426115846,transmit,7611.305586828033,4.278893329580636
Kimi-K2.6,100000,436,7.0272,0.1289394495412844,13.138350426115846,transmit,7611.305586828033,4.278893329580636
Kimi-K2.6,100000,441,7.0272,0.12747755102040817,13.138350426115846,transmit,7611.305586828033,4.278893329580636
Kimi-K2.6,100000,446,7.0272,0.12604843049327355,13.138350426115846,transmit,7611.305586828033,4.278893329580636
Kimi-K2.6,100000,451,7.0272,0.1246509977827051,13.138350426115846,transmit,7611.305586828033,4.278893329580636
Kimi-K2.6,100000,456,7.0272,0.12328421052631579,13.138350426115846,transmit,7611.305586828033,4.278893329580636
Kimi-K2.6,100000,461,7.0272,0.1219470715835141,13.138350426115846,transmit,7611.305586828033,4.278893329580636
Kimi-K2.6,100000,466,7.0272,0.12063862660944207,13.138350426115846,transmit,7611.305586828033,4.278893329580636
Kimi-K2.6,100000,471,7.0272,0.11935796178343949,13.138350426115846,transmit,7611.305586828033,4.278893329580636
Kimi-K2.6,100000,476,7.0272,0.11810420168067227,13.138350426115846,transmit,7611.305586828033,4.278893329580636
Kimi-K2.6,100000,481,7.0272,0.11687650727650728,13.138350426115846,transmit,7611.305586828033,4.278893329580636
Kimi-K2.6,100000,486,7.0272,0.11567407407407407,13.138350426115846,transmit,7611.305586828033,4.278893329580636
Kimi-K2.6,100000,491,7.0272,0.11449613034623218,13.138350426115846,transmit,7611.305586828033,4.278893329580636
Kimi-K2.6,100000,496,7.0272,0.11334193548387096,13.138350426115846,transmit,7611.305586828033,4.278893329580636
Kimi-K2.6,100000,501,7.0272,0.11221077844311378,13.138350426115846,transmit,7611.305586828033,4.278893329580636
Kimi-K2.6,100000,506,7.0272,0.11110197628458499,13.138350426115846,transmit,7611.305586828033,4.278893329580636
Kimi-K2.6,100000,511,7.0272,0.11001487279843444,13.138350426115846,transmit,7611.305586828033,4.278893329580636
Kimi-K2.6,100000,516,7.0272,0.10894883720930233,13.138350426115846,transmit,7611.305586828033,4.278893329580636
Kimi-K2.6,100000,521,7.0272,0.10790326295585413,13.138350426115846,transmit,7611.305586828033,4.278893329580636
Kimi-K2.6,100000,526,7.0272,0.10687756653992396,13.138350426115846,transmit,7611.305586828033,4.278893329580636
Kimi-K2.6,100000,531,7.0272,0.10587118644067797,13.138350426115846,transmit,7611.305586828033,4.278893329580636
Kimi-K2.6,100000,536,7.0272,0.10488358208955224,13.138350426115846,transmit,7611.305586828033,4.278893329580636
Kimi-K2.6,100000,541,7.0272,0.10391423290203328,13.138350426115846,transmit,7611.305586828033,4.278893329580636
Kimi-K2.6,100000,546,7.0272,0.10296263736263736,13.138350426115846,transmit,7611.305586828033,4.278893329580636
Kimi-K2.6,100000,551,7.0272,0.10202831215970962,13.138350426115846,transmit,7611.305586828033,4.278893329580636
Kimi-K2.6,100000,556,7.0272,0.10111079136690647,13.138350426115846,transmit,7611.305586828033,4.278893329580636
Kimi-K2.6,100000,561,7.0272,0.1002096256684492,13.138350426115846,transmit,7611.305586828033,4.278893329580636
Kimi-K2.6,100000,566,7.0272,0.0993243816254417,13.138350426115846,transmit,7611.305586828033,4.278893329580636
Kimi-K2.6,100000,571,7.0272,0.09845464098073556,13.138350426115846,transmit,7611.305586828033,4.278893329580636
Kimi-K2.6,100000,576,7.0272,0.0976,13.138350426115846,transmit,7611.305586828033,4.278893329580636
Kimi-K2.6,100000,581,7.0272,0.09676006884681583,13.138350426115846,transmit,7611.305586828033,4.278893329580636
Kimi-K2.6,100000,586,7.0272,0.09593447098976109,13.138350426115846,transmit,7611.305586828033,4.278893329580636
Kimi-K2.6,100000,591,7.0272,0.0951228426395939,13.138350426115846,transmit,7611.305586828033,4.278893329580636
Kimi-K2.6,100000,596,7.0272,0.0943248322147651,13.138350426115846,transmit,7611.305586828033,4.278893329580636
Kimi-K2.6,100000,601,7.0272,0.09354009983361065,13.138350426115846,transmit,7611.305586828033,4.278893329580636
Kimi-K2.6,100000,606,7.0272,0.09276831683168317,13.138350426115846,transmit,7611.305586828033,4.278893329580636
Kimi-K2.6,100000,611,7.0272,0.09200916530278233,13.138350426115846,transmit,7611.305586828033,4.278893329580636
Kimi-K2.6,100000,616,7.0272,0.09126233766233766,13.138350426115846,transmit,7611.305586828033,4.278893329580636
Kimi-K2.6,100000,621,7.0272,0.09052753623188406,13.138350426115846,transmit,7611.305586828033,4.278893329580636
Kimi-K2.6,100000,626,7.0272,0.08980447284345047,13.138350426115846,transmit,7611.305586828033,4.278893329580636
Kimi-K2.6,100000,631,7.0272,0.08909286846275753,13.138350426115846,transmit,7611.305586828033,4.278893329580636
Kimi-K2.6,100000,636,7.0272,0.08839245283018868,13.138350426115846,transmit,7611.305586828033,4.278893329580636
Kimi-K2.6,100000,641,7.0272,0.08770296411856474,13.138350426115846,transmit,7611.305586828033,4.278893329580636
Kimi-K2.6,100000,646,7.0272,0.08702414860681114,13.138350426115846,transmit,7611.305586828033,4.278893329580636
Kimi-K2.6,100000,651,7.0272,0.08635576036866359,13.138350426115846,transmit,7611.305586828033,4.278893329580636
Kimi-K2.6,100000,656,7.0272,0.08569756097560975,13.138350426115846,transmit,7611.305586828033,4.278893329580636
Kimi-K2.6,100000,661,7.0272,0.08504931921331316,13.138350426115846,transmit,7611.305586828033,4.278893329580636
Kimi-K2.6,100000,666,7.0272,0.08441081081081081,13.138350426115846,transmit,7611.305586828033,4.278893329580636
Kimi-K2.6,100000,671,7.0272,0.08378181818181818,13.138350426115846,transmit,7611.305586828033,4.278893329580636
Kimi-K2.6,100000,676,7.0272,0.0831621301775148,13.138350426115846,transmit,7611.305586828033,4.278893329580636
Kimi-K2.6,100000,681,7.0272,0.08255154185022026,13.138350426115846,transmit,7611.305586828033,4.278893329580636
Kimi-K2.6,100000,686,7.0272,0.08194985422740525,13.138350426115846,transmit,7611.305586828033,4.278893329580636
Kimi-K2.6,100000,691,7.0272,0.08135687409551375,13.138350426115846,transmit,7611.305586828033,4.278893329580636
Kimi-K2.6,100000,696,7.0272,0.08077241379310345,13.138350426115846,transmit,7611.305586828033,4.278893329580636
Kimi-K2.6,100000,701,7.0272,0.0801962910128388,13.138350426115846,transmit,7611.305586828033,4.278893329580636
Kimi-K2.6,100000,706,7.0272,0.07962832861189802,13.138350426115846,transmit,7611.305586828033,4.278893329580636
Kimi-K2.6,100000,711,7.0272,0.07906835443037975,13.138350426115846,transmit,7611.305586828033,4.278893329580636
Kimi-K2.6,100000,716,7.0272,0.07851620111731844,13.138350426115846,transmit,7611.305586828033,4.278893329580636
Kimi-K2.6,100000,721,7.0272,0.07797170596393897,13.138350426115846,transmit,7611.305586828033,4.278893329580636
Kimi-K2.6,100000,726,7.0272,0.07743471074380165,13.138350426115846,transmit,7611.305586828033,4.278893329580636
Kimi-K2.6,100000,731,7.0272,0.07690506155950752,13.138350426115846,transmit,7611.305586828033,4.278893329580636
Kimi-K2.6,100000,736,7.0272,0.07638260869565218,13.138350426115846,transmit,7611.305586828033,4.278893329580636
Kimi-K2.6,100000,741,7.0272,0.07586720647773279,13.138350426115846,transmit,7611.305586828033,4.278893329580636
Kimi-K2.6,100000,746,7.0272,0.07535871313672922,13.138350426115846,transmit,7611.305586828033,4.278893329580636
Kimi-K2.6,100000,751,7.0272,0.07485699067909454,13.138350426115846,transmit,7611.305586828033,4.278893329580636
Kimi-K2.6,100000,756,7.0272,0.07436190476190477,13.138350426115846,transmit,7611.305586828033,4.278893329580636
Kimi-K2.6,100000,761,7.0272,0.07387332457293036,13.138350426115846,transmit,7611.305586828033,4.278893329580636
Kimi-K2.6,100000,766,7.0272,0.0733911227154047,13.138350426115846,transmit,7611.305586828033,4.278893329580636
Kimi-K2.6,100000,771,7.0272,0.07291517509727627,13.138350426115846,transmit,7611.305586828033,4.278893329580636
Kimi-K2.6,100000,776,7.0272,0.07244536082474227,13.138350426115846,transmit,7611.305586828033,4.278893329580636
Kimi-K2.6,100000,781,7.0272,0.07198156209987196,13.138350426115846,transmit,7611.305586828033,4.278893329580636
Kimi-K2.6,100000,786,7.0272,0.0715236641221374,13.138350426115846,transmit,7611.305586828033,4.278893329580636
Kimi-K2.6,100000,791,7.0272,0.07107155499367888,13.138350426115846,transmit,7611.305586828033,4.278893329580636
Kimi-K2.6,100000,796,7.0272,0.0706251256281407,13.138350426115846,transmit,7611.305586828033,4.278893329580636
Kimi-K2.6,100000,801,7.0272,0.07018426966292135,13.138350426115846,transmit,7611.305586828033,4.278893329580636
Kimi-K2.6,100000,806,7.0272,0.06974888337468983,13.138350426115846,transmit,7611.305586828033,4.278893329580636
Kimi-K2.6,100000,811,7.0272,0.06931886559802712,13.138350426115846,transmit,7611.305586828033,4.278893329580636
Kimi-K2.6,100000,816,7.0272,0.06889411764705883,13.138350426115846,transmit,7611.305586828033,4.278893329580636
Kimi-K2.6,100000,821,7.0272,0.06847454323995128,13.138350426115846,transmit,7611.305586828033,4.278893329580636
Kimi-K2.6,100000,826,7.0272,0.06806004842615013,13.138350426115846,transmit,7611.305586828033,4.278893329580636
Kimi-K2.6,100000,831,7.0272,0.06765054151624549,13.138350426115846,transmit,7611.305586828033,4.278893329580636
Kimi-K2.6,100000,836,7.0272,0.06724593301435407,13.138350426115846,transmit,7611.305586828033,4.278893329580636
Kimi-K2.6,100000,841,7.0272,0.0668461355529132,13.138350426115846,transmit,7611.305586828033,4.278893329580636
Kimi-K2.6,100000,846,7.0272,0.06645106382978723,13.138350426115846,transmit,7611.305586828033,4.278893329580636
Kimi-K2.6,100000,851,7.0272,0.06606063454759106,13.138350426115846,transmit,7611.305586828033,4.278893329580636
Kimi-K2.6,100000,856,7.0272,0.06567476635514019,13.138350426115846,transmit,7611.305586828033,4.278893329580636
Kimi-K2.6,100000,861,7.0272,0.06529337979094077,13.138350426115846,transmit,7611.305586828033,4.278893329580636
Kimi-K2.6,100000,866,7.0272,0.06491639722863742,13.138350426115846,transmit,7611.305586828033,4.278893329580636
Kimi-K2.6,100000,871,7.0272,0.06454374282433983,13.138350426115846,transmit,7611.305586828033,4.278893329580636
Kimi-K2.6,100000,876,7.0272,0.06417534246575342,13.138350426115846,transmit,7611.305586828033,4.278893329580636
Kimi-K2.6,100000,881,7.0272,0.063811123723042,13.138350426115846,transmit,7611.305586828033,4.278893329580636
Kimi-K2.6,100000,886,7.0272,0.0634510158013544,13.138350426115846,transmit,7611.305586828033,4.278893329580636
Kimi-K2.6,100000,891,7.0272,0.0630949494949495,13.138350426115846,transmit,7611.305586828033,4.278893329580636
Kimi-K2.6,100000,896,7.0272,0.06274285714285714,13.138350426115846,transmit,7611.305586828033,4.278893329580636
Kimi-K2.6,100000,901,7.0272,0.06239467258601554,13.138350426115846,transmit,7611.305586828033,4.278893329580636
Kimi-K2.6,100000,906,7.0272,0.062050331125827814,13.138350426115846,transmit,7611.305586828033,4.278893329580636
Kimi-K2.6,100000,911,7.0272,0.061709769484083424,13.138350426115846,transmit,7611.305586828033,4.278893329580636
Kimi-K2.6,100000,916,7.0272,0.06137292576419214,13.138350426115846,transmit,7611.305586828033,4.278893329580636
Kimi-K2.6,100000,921,7.0272,0.06103973941368078,13.138350426115846,transmit,7611.305586828033,4.278893329580636
Kimi-K2.6,100000,926,7.0272,0.060710151187904966,13.138350426115846,transmit,7611.305586828033,4.278893329580636
Kimi-K2.6,100000,931,7.0272,0.060384103114930185,13.138350426115846,transmit,7611.305586828033,4.278893329580636
Kimi-K2.6,100000,936,7.0272,0.060061538461538465,13.138350426115846,transmit,7611.305586828033,4.278893329580636
Kimi-K2.6,100000,941,7.0272,0.05974240170031881,13.138350426115846,transmit,7611.305586828033,4.278893329580636
Kimi-K2.6,100000,946,7.0272,0.05942663847780127,13.138350426115846,transmit,7611.305586828033,4.278893329580636
Kimi-K2.6,100000,951,7.0272,0.059114195583596214,13.138350426115846,transmit,7611.305586828033,4.278893329580636
Kimi-K2.6,100000,956,7.0272,0.05880502092050209,13.138350426115846,transmit,7611.305586828033,4.278893329580636
Kimi-K2.6,100000,961,7.0272,0.05849906347554631,13.138350426115846,transmit,7611.305586828033,4.278893329580636
Kimi-K2.6,100000,966,7.0272,0.05819627329192546,13.138350426115846,transmit,7611.305586828033,4.278893329580636
Kimi-K2.6,100000,971,7.0272,0.057896601441812565,13.138350426115846,transmit,7611.305586828033,4.278893329580636
Kimi-K2.6,100000,976,7.0272,0.0576,13.138350426115846,transmit,7611.305586828033,4.278893329580636
Kimi-K2.6,100000,981,7.0272,0.057306422018348624,13.138350426115846,transmit,7611.305586828033,4.278893329580636
Kimi-K2.6,100000,986,7.0272,0.0570158215010142,13.138350426115846,transmit,7611.305586828033,4.278893329580636
Kimi-K2.6,100000,991,7.0272,0.056728153380423814,13.138350426115846,transmit,7611.305586828033,4.278893329580636
Kimi-K2.6,100000,996,7.0272,0.05644337349397591,13.138350426115846,transmit,7611.305586828033,4.278893329580636
Kimi-K2.6,1000000,1,70.272,562.176,131.38350426115846,replay,7611.305586828033,4.278893329580636
Kimi-K2.6,1000000,6,70.272,93.696,131.38350426115846,transmit,7611.305586828033,4.278893329580636
Kimi-K2.6,1000000,11,70.272,51.10690909090909,131.38350426115846,transmit,7611.305586828033,4.278893329580636
Kimi-K2.6,1000000,16,70.272,35.136,131.38350426115846,transmit,7611.305586828033,4.278893329580636
Kimi-K2.6,1000000,21,70.272,26.770285714285713,131.38350426115846,transmit,7611.305586828033,4.278893329580636
Kimi-K2.6,1000000,26,70.272,21.622153846153847,131.38350426115846,transmit,7611.305586828033,4.278893329580636
Kimi-K2.6,1000000,31,70.272,18.134709677419355,131.38350426115846,transmit,7611.305586828033,4.278893329580636
Kimi-K2.6,1000000,36,70.272,15.616,131.38350426115846,transmit,7611.305586828033,4.278893329580636
Kimi-K2.6,1000000,41,70.272,13.71160975609756,131.38350426115846,transmit,7611.305586828033,4.278893329580636
Kimi-K2.6,1000000,46,70.272,12.221217391304348,131.38350426115846,transmit,7611.305586828033,4.278893329580636
Kimi-K2.6,1000000,51,70.272,11.023058823529412,131.38350426115846,transmit,7611.305586828033,4.278893329580636
Kimi-K2.6,1000000,56,70.272,10.038857142857143,131.38350426115846,transmit,7611.305586828033,4.278893329580636
Kimi-K2.6,1000000,61,70.272,9.216,131.38350426115846,transmit,7611.305586828033,4.278893329580636
Kimi-K2.6,1000000,66,70.272,8.517818181818182,131.38350426115846,transmit,7611.305586828033,4.278893329580636
Kimi-K2.6,1000000,71,70.272,7.917971830985915,131.38350426115846,transmit,7611.305586828033,4.278893329580636
Kimi-K2.6,1000000,76,70.272,7.397052631578948,131.38350426115846,transmit,7611.305586828033,4.278893329580636
Kimi-K2.6,1000000,81,70.272,6.940444444444444,131.38350426115846,transmit,7611.305586828033,4.278893329580636
Kimi-K2.6,1000000,86,70.272,6.53693023255814,131.38350426115846,transmit,7611.305586828033,4.278893329580636
Kimi-K2.6,1000000,91,70.272,6.177758241758242,131.38350426115846,transmit,7611.305586828033,4.278893329580636
Kimi-K2.6,1000000,96,70.272,5.856,131.38350426115846,transmit,7611.305586828033,4.278893329580636
Kimi-K2.6,1000000,101,70.272,5.56609900990099,131.38350426115846,transmit,7611.305586828033,4.278893329580636
Kimi-K2.6,1000000,106,70.272,5.303547169811321,131.38350426115846,transmit,7611.305586828033,4.278893329580636
Kimi-K2.6,1000000,111,70.272,5.064648648648649,131.38350426115846,transmit,7611.305586828033,4.278893329580636
Kimi-K2.6,1000000,116,70.272,4.846344827586207,131.38350426115846,transmit,7611.305586828033,4.278893329580636
Kimi-K2.6,1000000,121,70.272,4.646082644628099,131.38350426115846,transmit,7611.305586828033,4.278893329580636
Kimi-K2.6,1000000,126,70.272,4.461714285714286,131.38350426115846,transmit,7611.305586828033,4.278893329580636
Kimi-K2.6,1000000,131,70.272,4.291419847328244,131.38350426115846,transmit,7611.305586828033,4.278893329580636
Kimi-K2.6,1000000,136,70.272,4.133647058823529,131.38350426115846,transmit,7611.305586828033,4.278893329580636
Kimi-K2.6,1000000,141,70.272,3.987063829787234,131.38350426115846,transmit,7611.305586828033,4.278893329580636
Kimi-K2.6,1000000,146,70.272,3.8505205479452056,131.38350426115846,transmit,7611.305586828033,4.278893329580636
Kimi-K2.6,1000000,151,70.272,3.723019867549669,131.38350426115846,transmit,7611.305586828033,4.278893329580636
Kimi-K2.6,1000000,156,70.272,3.6036923076923078,131.38350426115846,transmit,7611.305586828033,4.278893329580636
Kimi-K2.6,1000000,161,70.272,3.491776397515528,131.38350426115846,transmit,7611.305586828033,4.278893329580636
Kimi-K2.6,1000000,166,70.272,3.386602409638554,131.38350426115846,transmit,7611.305586828033,4.278893329580636
Kimi-K2.6,1000000,171,70.272,3.287578947368421,131.38350426115846,transmit,7611.305586828033,4.278893329580636
Kimi-K2.6,1000000,176,70.272,3.1941818181818182,131.38350426115846,transmit,7611.305586828033,4.278893329580636
Kimi-K2.6,1000000,181,70.272,3.1059447513812155,131.38350426115846,transmit,7611.305586828033,4.278893329580636
Kimi-K2.6,1000000,186,70.272,3.0224516129032257,131.38350426115846,transmit,7611.305586828033,4.278893329580636
Kimi-K2.6,1000000,191,70.272,2.943329842931937,131.38350426115846,transmit,7611.305586828033,4.278893329580636
Kimi-K2.6,1000000,196,70.272,2.8682448979591837,131.38350426115846,transmit,7611.305586828033,4.278893329580636
Kimi-K2.6,1000000,201,70.272,2.7968955223880596,131.38350426115846,transmit,7611.305586828033,4.278893329580636
Kimi-K2.6,1000000,206,70.272,2.729009708737864,131.38350426115846,transmit,7611.305586828033,4.278893329580636
Kimi-K2.6,1000000,211,70.272,2.664341232227488,131.38350426115846,transmit,7611.305586828033,4.278893329580636
Kimi-K2.6,1000000,216,70.272,2.6026666666666665,131.38350426115846,transmit,7611.305586828033,4.278893329580636
Kimi-K2.6,1000000,221,70.272,2.5437828054298643,131.38350426115846,transmit,7611.305586828033,4.278893329580636
Kimi-K2.6,1000000,226,70.272,2.487504424778761,131.38350426115846,transmit,7611.305586828033,4.278893329580636
Kimi-K2.6,1000000,231,70.272,2.4336623376623376,131.38350426115846,transmit,7611.305586828033,4.278893329580636
Kimi-K2.6,1000000,236,70.272,2.3821016949152543,131.38350426115846,transmit,7611.305586828033,4.278893329580636
Kimi-K2.6,1000000,241,70.272,2.332680497925311,131.38350426115846,transmit,7611.305586828033,4.278893329580636
Kimi-K2.6,1000000,246,70.272,2.2852682926829266,131.38350426115846,transmit,7611.305586828033,4.278893329580636
Kimi-K2.6,1000000,251,70.272,2.239745019920319,131.38350426115846,transmit,7611.305586828033,4.278893329580636
Kimi-K2.6,1000000,256,70.272,2.196,131.38350426115846,transmit,7611.305586828033,4.278893329580636
Kimi-K2.6,1000000,261,70.272,2.1539310344827585,131.38350426115846,transmit,7611.305586828033,4.278893329580636
Kimi-K2.6,1000000,266,70.272,2.1134436090225566,131.38350426115846,transmit,7611.305586828033,4.278893329580636
Kimi-K2.6,1000000,271,70.272,2.074450184501845,131.38350426115846,transmit,7611.305586828033,4.278893329580636
Kimi-K2.6,1000000,276,70.272,2.0368695652173914,131.38350426115846,transmit,7611.305586828033,4.278893329580636
Kimi-K2.6,1000000,281,70.272,2.000626334519573,131.38350426115846,transmit,7611.305586828033,4.278893329580636
Kimi-K2.6,1000000,286,70.272,1.9656503496503497,131.38350426115846,transmit,7611.305586828033,4.278893329580636
Kimi-K2.6,1000000,291,70.272,1.9318762886597938,131.38350426115846,transmit,7611.305586828033,4.278893329580636
Kimi-K2.6,1000000,296,70.272,1.8992432432432433,131.38350426115846,transmit,7611.305586828033,4.278893329580636
Kimi-K2.6,1000000,301,70.272,1.8676943521594684,131.38350426115846,transmit,7611.305586828033,4.278893329580636
Kimi-K2.6,1000000,306,70.272,1.8371764705882352,131.38350426115846,transmit,7611.305586828033,4.278893329580636
Kimi-K2.6,1000000,311,70.272,1.8076398713826367,131.38350426115846,transmit,7611.305586828033,4.278893329580636
Kimi-K2.6,1000000,316,70.272,1.7790379746835443,131.38350426115846,transmit,7611.305586828033,4.278893329580636
Kimi-K2.6,1000000,321,70.272,1.7513271028037383,131.38350426115846,transmit,7611.305586828033,4.278893329580636
Kimi-K2.6,1000000,326,70.272,1.7244662576687118,131.38350426115846,transmit,7611.305586828033,4.278893329580636
Kimi-K2.6,1000000,331,70.272,1.698416918429003,131.38350426115846,transmit,7611.305586828033,4.278893329580636
Kimi-K2.6,1000000,336,70.272,1.673142857142857,131.38350426115846,transmit,7611.305586828033,4.278893329580636
Kimi-K2.6,1000000,341,70.272,1.6486099706744868,131.38350426115846,transmit,7611.305586828033,4.278893329580636
Kimi-K2.6,1000000,346,70.272,1.62478612716763,131.38350426115846,transmit,7611.305586828033,4.278893329580636
Kimi-K2.6,1000000,351,70.272,1.6016410256410256,131.38350426115846,transmit,7611.305586828033,4.278893329580636
Kimi-K2.6,1000000,356,70.272,1.5791460674157303,131.38350426115846,transmit,7611.305586828033,4.278893329580636
Kimi-K2.6,1000000,361,70.272,1.5572742382271467,131.38350426115846,transmit,7611.305586828033,4.278893329580636
Kimi-K2.6,1000000,366,70.272,1.536,131.38350426115846,transmit,7611.305586828033,4.278893329580636
Kimi-K2.6,1000000,371,70.272,1.5152991913746632,131.38350426115846,transmit,7611.305586828033,4.278893329580636
Kimi-K2.6,1000000,376,70.272,1.4951489361702128,131.38350426115846,transmit,7611.305586828033,4.278893329580636
Kimi-K2.6,1000000,381,70.272,1.475527559055118,131.38350426115846,transmit,7611.305586828033,4.278893329580636
Kimi-K2.6,1000000,386,70.272,1.4564145077720207,131.38350426115846,transmit,7611.305586828033,4.278893329580636
Kimi-K2.6,1000000,391,70.272,1.4377902813299233,131.38350426115846,transmit,7611.305586828033,4.278893329580636
Kimi-K2.6,1000000,396,70.272,1.4196363636363636,131.38350426115846,transmit,7611.305586828033,4.278893329580636
Kimi-K2.6,1000000,401,70.272,1.401935162094763,131.38350426115846,transmit,7611.305586828033,4.278893329580636
Kimi-K2.6,1000000,406,70.272,1.3846699507389162,131.38350426115846,transmit,7611.305586828033,4.278893329580636
Kimi-K2.6,1000000,411,70.272,1.3678248175182481,131.38350426115846,transmit,7611.305586828033,4.278893329580636
Kimi-K2.6,1000000,416,70.272,1.3513846153846154,131.38350426115846,transmit,7611.305586828033,4.278893329580636
Kimi-K2.6,1000000,421,70.272,1.335334916864608,131.38350426115846,transmit,7611.305586828033,4.278893329580636
Kimi-K2.6,1000000,426,70.272,1.3196619718309859,131.38350426115846,transmit,7611.305586828033,4.278893329580636
Kimi-K2.6,1000000,431,70.272,1.304352668213457,131.38350426115846,transmit,7611.305586828033,4.278893329580636
Kimi-K2.6,1000000,436,70.272,1.289394495412844,131.38350426115846,transmit,7611.305586828033,4.278893329580636
Kimi-K2.6,1000000,441,70.272,1.2747755102040816,131.38350426115846,transmit,7611.305586828033,4.278893329580636
Kimi-K2.6,1000000,446,70.272,1.2604843049327354,131.38350426115846,transmit,7611.305586828033,4.278893329580636
Kimi-K2.6,1000000,451,70.272,1.246509977827051,131.38350426115846,transmit,7611.305586828033,4.278893329580636
Kimi-K2.6,1000000,456,70.272,1.232842105263158,131.38350426115846,transmit,7611.305586828033,4.278893329580636
Kimi-K2.6,1000000,461,70.272,1.219470715835141,131.38350426115846,transmit,7611.305586828033,4.278893329580636
Kimi-K2.6,1000000,466,70.272,1.2063862660944207,131.38350426115846,transmit,7611.305586828033,4.278893329580636
Kimi-K2.6,1000000,471,70.272,1.193579617834395,131.38350426115846,transmit,7611.305586828033,4.278893329580636
Kimi-K2.6,1000000,476,70.272,1.1810420168067226,131.38350426115846,transmit,7611.305586828033,4.278893329580636
Kimi-K2.6,1000000,481,70.272,1.1687650727650727,131.38350426115846,transmit,7611.305586828033,4.278893329580636
Kimi-K2.6,1000000,486,70.272,1.1567407407407408,131.38350426115846,transmit,7611.305586828033,4.278893329580636
Kimi-K2.6,1000000,491,70.272,1.1449613034623218,131.38350426115846,transmit,7611.305586828033,4.278893329580636
Kimi-K2.6,1000000,496,70.272,1.1334193548387097,131.38350426115846,transmit,7611.305586828033,4.278893329580636
Kimi-K2.6,1000000,501,70.272,1.1221077844311378,131.38350426115846,transmit,7611.305586828033,4.278893329580636
Kimi-K2.6,1000000,506,70.272,1.1110197628458498,131.38350426115846,transmit,7611.305586828033,4.278893329580636
Kimi-K2.6,1000000,511,70.272,1.1001487279843445,131.38350426115846,transmit,7611.305586828033,4.278893329580636
Kimi-K2.6,1000000,516,70.272,1.0894883720930233,131.38350426115846,transmit,7611.305586828033,4.278893329580636
Kimi-K2.6,1000000,521,70.272,1.0790326295585413,131.38350426115846,transmit,7611.305586828033,4.278893329580636
Kimi-K2.6,1000000,526,70.272,1.0687756653992395,131.38350426115846,transmit,7611.305586828033,4.278893329580636
Kimi-K2.6,1000000,531,70.272,1.0587118644067797,131.38350426115846,transmit,7611.305586828033,4.278893329580636
Kimi-K2.6,1000000,536,70.272,1.0488358208955224,131.38350426115846,transmit,7611.305586828033,4.278893329580636
Kimi-K2.6,1000000,541,70.272,1.0391423290203328,131.38350426115846,transmit,7611.305586828033,4.278893329580636
Kimi-K2.6,1000000,546,70.272,1.0296263736263735,131.38350426115846,transmit,7611.305586828033,4.278893329580636
Kimi-K2.6,1000000,551,70.272,1.0202831215970962,131.38350426115846,transmit,7611.305586828033,4.278893329580636
Kimi-K2.6,1000000,556,70.272,1.0111079136690648,131.38350426115846,transmit,7611.305586828033,4.278893329580636
Kimi-K2.6,1000000,561,70.272,1.002096256684492,131.38350426115846,transmit,7611.305586828033,4.278893329580636
Kimi-K2.6,1000000,566,70.272,0.9932438162544169,131.38350426115846,transmit,7611.305586828033,4.278893329580636
Kimi-K2.6,1000000,571,70.272,0.9845464098073555,131.38350426115846,transmit,7611.305586828033,4.278893329580636
Kimi-K2.6,1000000,576,70.272,0.976,131.38350426115846,transmit,7611.305586828033,4.278893329580636
Kimi-K2.6,1000000,581,70.272,0.9676006884681584,131.38350426115846,transmit,7611.305586828033,4.278893329580636
Kimi-K2.6,1000000,586,70.272,0.9593447098976109,131.38350426115846,transmit,7611.305586828033,4.278893329580636
Kimi-K2.6,1000000,591,70.272,0.9512284263959391,131.38350426115846,transmit,7611.305586828033,4.278893329580636
Kimi-K2.6,1000000,596,70.272,0.943248322147651,131.38350426115846,transmit,7611.305586828033,4.278893329580636
Kimi-K2.6,1000000,601,70.272,0.9354009983361065,131.38350426115846,transmit,7611.305586828033,4.278893329580636
Kimi-K2.6,1000000,606,70.272,0.9276831683168317,131.38350426115846,transmit,7611.305586828033,4.278893329580636
Kimi-K2.6,1000000,611,70.272,0.9200916530278233,131.38350426115846,transmit,7611.305586828033,4.278893329580636
Kimi-K2.6,1000000,616,70.272,0.9126233766233767,131.38350426115846,transmit,7611.305586828033,4.278893329580636
Kimi-K2.6,1000000,621,70.272,0.9052753623188405,131.38350426115846,transmit,7611.305586828033,4.278893329580636
Kimi-K2.6,1000000,626,70.272,0.8980447284345048,131.38350426115846,transmit,7611.305586828033,4.278893329580636
Kimi-K2.6,1000000,631,70.272,0.8909286846275752,131.38350426115846,transmit,7611.305586828033,4.278893329580636
Kimi-K2.6,1000000,636,70.272,0.8839245283018868,131.38350426115846,transmit,7611.305586828033,4.278893329580636
Kimi-K2.6,1000000,641,70.272,0.8770296411856474,131.38350426115846,transmit,7611.305586828033,4.278893329580636
Kimi-K2.6,1000000,646,70.272,0.8702414860681115,131.38350426115846,transmit,7611.305586828033,4.278893329580636
Kimi-K2.6,1000000,651,70.272,0.8635576036866359,131.38350426115846,transmit,7611.305586828033,4.278893329580636
Kimi-K2.6,1000000,656,70.272,0.8569756097560975,131.38350426115846,transmit,7611.305586828033,4.278893329580636
Kimi-K2.6,1000000,661,70.272,0.8504931921331316,131.38350426115846,transmit,7611.305586828033,4.278893329580636
Kimi-K2.6,1000000,666,70.272,0.8441081081081081,131.38350426115846,transmit,7611.305586828033,4.278893329580636
Kimi-K2.6,1000000,671,70.272,0.8378181818181818,131.38350426115846,transmit,7611.305586828033,4.278893329580636
Kimi-K2.6,1000000,676,70.272,0.8316213017751479,131.38350426115846,transmit,7611.305586828033,4.278893329580636
Kimi-K2.6,1000000,681,70.272,0.8255154185022027,131.38350426115846,transmit,7611.305586828033,4.278893329580636
Kimi-K2.6,1000000,686,70.272,0.8194985422740525,131.38350426115846,transmit,7611.305586828033,4.278893329580636
Kimi-K2.6,1000000,691,70.272,0.8135687409551375,131.38350426115846,transmit,7611.305586828033,4.278893329580636
Kimi-K2.6,1000000,696,70.272,0.8077241379310345,131.38350426115846,transmit,7611.305586828033,4.278893329580636
Kimi-K2.6,1000000,701,70.272,0.801962910128388,131.38350426115846,transmit,7611.305586828033,4.278893329580636
Kimi-K2.6,1000000,706,70.272,0.7962832861189801,131.38350426115846,transmit,7611.305586828033,4.278893329580636
Kimi-K2.6,1000000,711,70.272,0.7906835443037975,131.38350426115846,transmit,7611.305586828033,4.278893329580636
Kimi-K2.6,1000000,716,70.272,0.7851620111731844,131.38350426115846,transmit,7611.305586828033,4.278893329580636
Kimi-K2.6,1000000,721,70.272,0.7797170596393898,131.38350426115846,transmit,7611.305586828033,4.278893329580636
Kimi-K2.6,1000000,726,70.272,0.7743471074380165,131.38350426115846,transmit,7611.305586828033,4.278893329580636
Kimi-K2.6,1000000,731,70.272,0.7690506155950753,131.38350426115846,transmit,7611.305586828033,4.278893329580636
Kimi-K2.6,1000000,736,70.272,0.7638260869565218,131.38350426115846,transmit,7611.305586828033,4.278893329580636
Kimi-K2.6,1000000,741,70.272,0.758672064777328,131.38350426115846,transmit,7611.305586828033,4.278893329580636
Kimi-K2.6,1000000,746,70.272,0.7535871313672923,131.38350426115846,transmit,7611.305586828033,4.278893329580636
Kimi-K2.6,1000000,751,70.272,0.7485699067909454,131.38350426115846,transmit,7611.305586828033,4.278893329580636
Kimi-K2.6,1000000,756,70.272,0.7436190476190476,131.38350426115846,transmit,7611.305586828033,4.278893329580636
Kimi-K2.6,1000000,761,70.272,0.7387332457293035,131.38350426115846,transmit,7611.305586828033,4.278893329580636
Kimi-K2.6,1000000,766,70.272,0.733911227154047,131.38350426115846,transmit,7611.305586828033,4.278893329580636
Kimi-K2.6,1000000,771,70.272,0.7291517509727626,131.38350426115846,transmit,7611.305586828033,4.278893329580636
Kimi-K2.6,1000000,776,70.272,0.7244536082474227,131.38350426115846,transmit,7611.305586828033,4.278893329580636
Kimi-K2.6,1000000,781,70.272,0.7198156209987195,131.38350426115846,transmit,7611.305586828033,4.278893329580636
Kimi-K2.6,1000000,786,70.272,0.7152366412213741,131.38350426115846,transmit,7611.305586828033,4.278893329580636
Kimi-K2.6,1000000,791,70.272,0.7107155499367889,131.38350426115846,transmit,7611.305586828033,4.278893329580636
Kimi-K2.6,1000000,796,70.272,0.7062512562814071,131.38350426115846,transmit,7611.305586828033,4.278893329580636
Kimi-K2.6,1000000,801,70.272,0.7018426966292135,131.38350426115846,transmit,7611.305586828033,4.278893329580636
Kimi-K2.6,1000000,806,70.272,0.6974888337468983,131.38350426115846,transmit,7611.305586828033,4.278893329580636
Kimi-K2.6,1000000,811,70.272,0.6931886559802712,131.38350426115846,transmit,7611.305586828033,4.278893329580636
Kimi-K2.6,1000000,816,70.272,0.6889411764705883,131.38350426115846,transmit,7611.305586828033,4.278893329580636
Kimi-K2.6,1000000,821,70.272,0.6847454323995128,131.38350426115846,transmit,7611.305586828033,4.278893329580636
Kimi-K2.6,1000000,826,70.272,0.6806004842615012,131.38350426115846,transmit,7611.305586828033,4.278893329580636
Kimi-K2.6,1000000,831,70.272,0.6765054151624549,131.38350426115846,transmit,7611.305586828033,4.278893329580636
Kimi-K2.6,1000000,836,70.272,0.6724593301435406,131.38350426115846,transmit,7611.305586828033,4.278893329580636
Kimi-K2.6,1000000,841,70.272,0.668461355529132,131.38350426115846,transmit,7611.305586828033,4.278893329580636
Kimi-K2.6,1000000,846,70.272,0.6645106382978724,131.38350426115846,transmit,7611.305586828033,4.278893329580636
Kimi-K2.6,1000000,851,70.272,0.6606063454759107,131.38350426115846,transmit,7611.305586828033,4.278893329580636
Kimi-K2.6,1000000,856,70.272,0.6567476635514019,131.38350426115846,transmit,7611.305586828033,4.278893329580636
Kimi-K2.6,1000000,861,70.272,0.6529337979094076,131.38350426115846,transmit,7611.305586828033,4.278893329580636
Kimi-K2.6,1000000,866,70.272,0.6491639722863741,131.38350426115846,transmit,7611.305586828033,4.278893329580636
Kimi-K2.6,1000000,871,70.272,0.6454374282433984,131.38350426115846,transmit,7611.305586828033,4.278893329580636
Kimi-K2.6,1000000,876,70.272,0.6417534246575343,131.38350426115846,transmit,7611.305586828033,4.278893329580636
Kimi-K2.6,1000000,881,70.272,0.63811123723042,131.38350426115846,transmit,7611.305586828033,4.278893329580636
Kimi-K2.6,1000000,886,70.272,0.634510158013544,131.38350426115846,transmit,7611.305586828033,4.278893329580636
Kimi-K2.6,1000000,891,70.272,0.6309494949494949,131.38350426115846,transmit,7611.305586828033,4.278893329580636
Kimi-K2.6,1000000,896,70.272,0.6274285714285714,131.38350426115846,transmit,7611.305586828033,4.278893329580636
Kimi-K2.6,1000000,901,70.272,0.6239467258601554,131.38350426115846,transmit,7611.305586828033,4.278893329580636
Kimi-K2.6,1000000,906,70.272,0.6205033112582782,131.38350426115846,transmit,7611.305586828033,4.278893329580636
Kimi-K2.6,1000000,911,70.272,0.6170976948408342,131.38350426115846,transmit,7611.305586828033,4.278893329580636
Kimi-K2.6,1000000,916,70.272,0.6137292576419214,131.38350426115846,transmit,7611.305586828033,4.278893329580636
Kimi-K2.6,1000000,921,70.272,0.6103973941368078,131.38350426115846,transmit,7611.305586828033,4.278893329580636
Kimi-K2.6,1000000,926,70.272,0.6071015118790497,131.38350426115846,transmit,7611.305586828033,4.278893329580636
Kimi-K2.6,1000000,931,70.272,0.6038410311493019,131.38350426115846,transmit,7611.305586828033,4.278893329580636
Kimi-K2.6,1000000,936,70.272,0.6006153846153847,131.38350426115846,transmit,7611.305586828033,4.278893329580636
Kimi-K2.6,1000000,941,70.272,0.5974240170031881,131.38350426115846,transmit,7611.305586828033,4.278893329580636
Kimi-K2.6,1000000,946,70.272,0.5942663847780126,131.38350426115846,transmit,7611.305586828033,4.278893329580636
Kimi-K2.6,1000000,951,70.272,0.5911419558359622,131.38350426115846,transmit,7611.305586828033,4.278893329580636
Kimi-K2.6,1000000,956,70.272,0.5880502092050209,131.38350426115846,transmit,7611.305586828033,4.278893329580636
Kimi-K2.6,1000000,961,70.272,0.5849906347554631,131.38350426115846,transmit,7611.305586828033,4.278893329580636
Kimi-K2.6,1000000,966,70.272,0.5819627329192547,131.38350426115846,transmit,7611.305586828033,4.278893329580636
Kimi-K2.6,1000000,971,70.272,0.5789660144181257,131.38350426115846,transmit,7611.305586828033,4.278893329580636
Kimi-K2.6,1000000,976,70.272,0.576,131.38350426115846,transmit,7611.305586828033,4.278893329580636
Kimi-K2.6,1000000,981,70.272,0.5730642201834862,131.38350426115846,transmit,7611.305586828033,4.278893329580636
Kimi-K2.6,1000000,986,70.272,0.570158215010142,131.38350426115846,transmit,7611.305586828033,4.278893329580636
Kimi-K2.6,1000000,991,70.272,0.5672815338042382,131.38350426115846,transmit,7611.305586828033,4.278893329580636
Kimi-K2.6,1000000,996,70.272,0.564433734939759,131.38350426115846,transmit,7611.305586828033,4.278893329580636
GLM-5,1000,1,1.277952,10.223616,0.07503798931099234,replay,13326.5830972034,136.24586817789825
GLM-5,1000,6,1.277952,1.703936,0.07503798931099234,replay,13326.5830972034,136.24586817789825
GLM-5,1000,11,1.277952,0.9294196363636363,0.07503798931099234,replay,13326.5830972034,136.24586817789825
GLM-5,1000,16,1.277952,0.638976,0.07503798931099234,replay,13326.5830972034,136.24586817789825
GLM-5,1000,21,1.277952,0.48683885714285713,0.07503798931099234,replay,13326.5830972034,136.24586817789825
GLM-5,1000,26,1.277952,0.393216,0.07503798931099234,replay,13326.5830972034,136.24586817789825
GLM-5,1000,31,1.277952,0.329794064516129,0.07503798931099234,replay,13326.5830972034,136.24586817789825
GLM-5,1000,36,1.277952,0.2839893333333333,0.07503798931099234,replay,13326.5830972034,136.24586817789825
GLM-5,1000,41,1.277952,0.24935648780487804,0.07503798931099234,replay,13326.5830972034,136.24586817789825
GLM-5,1000,46,1.277952,0.22225252173913043,0.07503798931099234,replay,13326.5830972034,136.24586817789825
GLM-5,1000,51,1.277952,0.2004630588235294,0.07503798931099234,replay,13326.5830972034,136.24586817789825
GLM-5,1000,56,1.277952,0.18256457142857144,0.07503798931099234,replay,13326.5830972034,136.24586817789825
GLM-5,1000,61,1.277952,0.16760026229508196,0.07503798931099234,replay,13326.5830972034,136.24586817789825
GLM-5,1000,66,1.277952,0.15490327272727272,0.07503798931099234,replay,13326.5830972034,136.24586817789825
GLM-5,1000,71,1.277952,0.14399459154929578,0.07503798931099234,replay,13326.5830972034,136.24586817789825
GLM-5,1000,76,1.277952,0.13452126315789473,0.07503798931099234,replay,13326.5830972034,136.24586817789825
GLM-5,1000,81,1.277952,0.12621748148148149,0.07503798931099234,replay,13326.5830972034,136.24586817789825
GLM-5,1000,86,1.277952,0.11887925581395349,0.07503798931099234,replay,13326.5830972034,136.24586817789825
GLM-5,1000,91,1.277952,0.11234742857142857,0.07503798931099234,replay,13326.5830972034,136.24586817789825
GLM-5,1000,96,1.277952,0.106496,0.07503798931099234,replay,13326.5830972034,136.24586817789825
GLM-5,1000,101,1.277952,0.1012239207920792,0.07503798931099234,replay,13326.5830972034,136.24586817789825
GLM-5,1000,106,1.277952,0.0964492075471698,0.07503798931099234,replay,13326.5830972034,136.24586817789825
GLM-5,1000,111,1.277952,0.09210464864864865,0.07503798931099234,replay,13326.5830972034,136.24586817789825
GLM-5,1000,116,1.277952,0.08813462068965518,0.07503798931099234,replay,13326.5830972034,136.24586817789825
GLM-5,1000,121,1.277952,0.08449269421487603,0.07503798931099234,replay,13326.5830972034,136.24586817789825
GLM-5,1000,126,1.277952,0.08113980952380953,0.07503798931099234,replay,13326.5830972034,136.24586817789825
GLM-5,1000,131,1.277952,0.07804287022900763,0.07503798931099234,replay,13326.5830972034,136.24586817789825
GLM-5,1000,136,1.277952,0.07517364705882353,0.07503798931099234,replay,13326.5830972034,136.24586817789825
GLM-5,1000,141,1.277952,0.07250791489361702,0.07503798931099234,transmit,13326.5830972034,136.24586817789825
GLM-5,1000,146,1.277952,0.07002476712328767,0.07503798931099234,transmit,13326.5830972034,136.24586817789825
GLM-5,1000,151,1.277952,0.06770606622516556,0.07503798931099234,transmit,13326.5830972034,136.24586817789825
GLM-5,1000,156,1.277952,0.065536,0.07503798931099234,transmit,13326.5830972034,136.24586817789825
GLM-5,1000,161,1.277952,0.06350072049689441,0.07503798931099234,transmit,13326.5830972034,136.24586817789825
GLM-5,1000,166,1.277952,0.06158804819277108,0.07503798931099234,transmit,13326.5830972034,136.24586817789825
GLM-5,1000,171,1.277952,0.05978722807017544,0.07503798931099234,transmit,13326.5830972034,136.24586817789825
GLM-5,1000,176,1.277952,0.05808872727272727,0.07503798931099234,transmit,13326.5830972034,136.24586817789825
GLM-5,1000,181,1.277952,0.056484066298342545,0.07503798931099234,transmit,13326.5830972034,136.24586817789825
GLM-5,1000,186,1.277952,0.05496567741935484,0.07503798931099234,transmit,13326.5830972034,136.24586817789825
GLM-5,1000,191,1.277952,0.05352678534031414,0.07503798931099234,transmit,13326.5830972034,136.24586817789825
GLM-5,1000,196,1.277952,0.05216130612244898,0.07503798931099234,transmit,13326.5830972034,136.24586817789825
GLM-5,1000,201,1.277952,0.05086376119402985,0.07503798931099234,transmit,13326.5830972034,136.24586817789825
GLM-5,1000,206,1.277952,0.04962920388349515,0.07503798931099234,transmit,13326.5830972034,136.24586817789825
GLM-5,1000,211,1.277952,0.04845315639810426,0.07503798931099234,transmit,13326.5830972034,136.24586817789825
GLM-5,1000,216,1.277952,0.04733155555555556,0.07503798931099234,transmit,13326.5830972034,136.24586817789825
GLM-5,1000,221,1.277952,0.04626070588235294,0.07503798931099234,transmit,13326.5830972034,136.24586817789825
GLM-5,1000,226,1.277952,0.0452372389380531,0.07503798931099234,transmit,13326.5830972034,136.24586817789825
GLM-5,1000,231,1.277952,0.04425807792207792,0.07503798931099234,transmit,13326.5830972034,136.24586817789825
GLM-5,1000,236,1.277952,0.043320406779661015,0.07503798931099234,transmit,13326.5830972034,136.24586817789825
GLM-5,1000,241,1.277952,0.04242164315352697,0.07503798931099234,transmit,13326.5830972034,136.24586817789825
GLM-5,1000,246,1.277952,0.04155941463414634,0.07503798931099234,transmit,13326.5830972034,136.24586817789825
GLM-5,1000,251,1.277952,0.04073153784860558,0.07503798931099234,transmit,13326.5830972034,136.24586817789825
GLM-5,1000,256,1.277952,0.039936,0.07503798931099234,transmit,13326.5830972034,136.24586817789825
GLM-5,1000,261,1.277952,0.03917094252873563,0.07503798931099234,transmit,13326.5830972034,136.24586817789825
GLM-5,1000,266,1.277952,0.038434646616541356,0.07503798931099234,transmit,13326.5830972034,136.24586817789825
GLM-5,1000,271,1.277952,0.03772552029520295,0.07503798931099234,transmit,13326.5830972034,136.24586817789825
GLM-5,1000,276,1.277952,0.03704208695652174,0.07503798931099234,transmit,13326.5830972034,136.24586817789825
GLM-5,1000,281,1.277952,0.03638297508896797,0.07503798931099234,transmit,13326.5830972034,136.24586817789825
GLM-5,1000,286,1.277952,0.03574690909090909,0.07503798931099234,transmit,13326.5830972034,136.24586817789825
GLM-5,1000,291,1.277952,0.03513270103092783,0.07503798931099234,transmit,13326.5830972034,136.24586817789825
GLM-5,1000,296,1.277952,0.03453924324324324,0.07503798931099234,transmit,13326.5830972034,136.24586817789825
GLM-5,1000,301,1.277952,0.03396550166112957,0.07503798931099234,transmit,13326.5830972034,136.24586817789825
GLM-5,1000,306,1.277952,0.033410509803921566,0.07503798931099234,transmit,13326.5830972034,136.24586817789825
GLM-5,1000,311,1.277952,0.03287336334405145,0.07503798931099234,transmit,13326.5830972034,136.24586817789825
GLM-5,1000,316,1.277952,0.03235321518987342,0.07503798931099234,transmit,13326.5830972034,136.24586817789825
GLM-5,1000,321,1.277952,0.03184927102803738,0.07503798931099234,transmit,13326.5830972034,136.24586817789825
GLM-5,1000,326,1.277952,0.03136078527607362,0.07503798931099234,transmit,13326.5830972034,136.24586817789825
GLM-5,1000,331,1.277952,0.03088705740181269,0.07503798931099234,transmit,13326.5830972034,136.24586817789825
GLM-5,1000,336,1.277952,0.03042742857142857,0.07503798931099234,transmit,13326.5830972034,136.24586817789825
GLM-5,1000,341,1.277952,0.029981278592375368,0.07503798931099234,transmit,13326.5830972034,136.24586817789825
GLM-5,1000,346,1.277952,0.029548023121387282,0.07503798931099234,transmit,13326.5830972034,136.24586817789825
GLM-5,1000,351,1.277952,0.02912711111111111,0.07503798931099234,transmit,13326.5830972034,136.24586817789825
GLM-5,1000,356,1.277952,0.02871802247191011,0.07503798931099234,transmit,13326.5830972034,136.24586817789825
GLM-5,1000,361,1.277952,0.028320265927977838,0.07503798931099234,transmit,13326.5830972034,136.24586817789825
GLM-5,1000,366,1.277952,0.02793337704918033,0.07503798931099234,transmit,13326.5830972034,136.24586817789825
GLM-5,1000,371,1.277952,0.027556916442048517,0.07503798931099234,transmit,13326.5830972034,136.24586817789825
GLM-5,1000,376,1.277952,0.027190468085106383,0.07503798931099234,transmit,13326.5830972034,136.24586817789825
GLM-5,1000,381,1.277952,0.02683363779527559,0.07503798931099234,transmit,13326.5830972034,136.24586817789825
GLM-5,1000,386,1.277952,0.026486051813471502,0.07503798931099234,transmit,13326.5830972034,136.24586817789825
GLM-5,1000,391,1.277952,0.026147355498721228,0.07503798931099234,transmit,13326.5830972034,136.24586817789825
GLM-5,1000,396,1.277952,0.025817212121212123,0.07503798931099234,transmit,13326.5830972034,136.24586817789825
GLM-5,1000,401,1.277952,0.02549530174563591,0.07503798931099234,transmit,13326.5830972034,136.24586817789825
GLM-5,1000,406,1.277952,0.025181320197044336,0.07503798931099234,transmit,13326.5830972034,136.24586817789825
GLM-5,1000,411,1.277952,0.02487497810218978,0.07503798931099234,transmit,13326.5830972034,136.24586817789825
GLM-5,1000,416,1.277952,0.024576,0.07503798931099234,transmit,13326.5830972034,136.24586817789825
GLM-5,1000,421,1.277952,0.02428412351543943,0.07503798931099234,transmit,13326.5830972034,136.24586817789825
GLM-5,1000,426,1.277952,0.023999098591549296,0.07503798931099234,transmit,13326.5830972034,136.24586817789825
GLM-5,1000,431,1.277952,0.023720686774941994,0.07503798931099234,transmit,13326.5830972034,136.24586817789825
GLM-5,1000,436,1.277952,0.023448660550458716,0.07503798931099234,transmit,13326.5830972034,136.24586817789825
GLM-5,1000,441,1.277952,0.023182802721088434,0.07503798931099234,transmit,13326.5830972034,136.24586817789825
GLM-5,1000,446,1.277952,0.022922905829596413,0.07503798931099234,transmit,13326.5830972034,136.24586817789825
GLM-5,1000,451,1.277952,0.022668771618625277,0.07503798931099234,transmit,13326.5830972034,136.24586817789825
GLM-5,1000,456,1.277952,0.02242021052631579,0.07503798931099234,transmit,13326.5830972034,136.24586817789825
GLM-5,1000,461,1.277952,0.022177041214750542,0.07503798931099234,transmit,13326.5830972034,136.24586817789825
GLM-5,1000,466,1.277952,0.021939090128755365,0.07503798931099234,transmit,13326.5830972034,136.24586817789825
GLM-5,1000,471,1.277952,0.02170619108280255,0.07503798931099234,transmit,13326.5830972034,136.24586817789825
GLM-5,1000,476,1.277952,0.02147818487394958,0.07503798931099234,transmit,13326.5830972034,136.24586817789825
GLM-5,1000,481,1.277952,0.021254918918918918,0.07503798931099234,transmit,13326.5830972034,136.24586817789825
GLM-5,1000,486,1.277952,0.021036246913580248,0.07503798931099234,transmit,13326.5830972034,136.24586817789825
GLM-5,1000,491,1.277952,0.020822028513238288,0.07503798931099234,transmit,13326.5830972034,136.24586817789825
GLM-5,1000,496,1.277952,0.020612129032258064,0.07503798931099234,transmit,13326.5830972034,136.24586817789825
GLM-5,1000,501,1.277952,0.020406419161676646,0.07503798931099234,transmit,13326.5830972034,136.24586817789825
GLM-5,1000,506,1.277952,0.02020477470355731,0.07503798931099234,transmit,13326.5830972034,136.24586817789825
GLM-5,1000,511,1.277952,0.020007076320939336,0.07503798931099234,transmit,13326.5830972034,136.24586817789825
GLM-5,1000,516,1.277952,0.019813209302325583,0.07503798931099234,transmit,13326.5830972034,136.24586817789825
GLM-5,1000,521,1.277952,0.019623063339731284,0.07503798931099234,transmit,13326.5830972034,136.24586817789825
GLM-5,1000,526,1.277952,0.019436532319391634,0.07503798931099234,transmit,13326.5830972034,136.24586817789825
GLM-5,1000,531,1.277952,0.019253514124293786,0.07503798931099234,transmit,13326.5830972034,136.24586817789825
GLM-5,1000,536,1.277952,0.019073910447761196,0.07503798931099234,transmit,13326.5830972034,136.24586817789825
GLM-5,1000,541,1.277952,0.01889762661737523,0.07503798931099234,transmit,13326.5830972034,136.24586817789825
GLM-5,1000,546,1.277952,0.018724571428571427,0.07503798931099234,transmit,13326.5830972034,136.24586817789825
GLM-5,1000,551,1.277952,0.018554656987295824,0.07503798931099234,transmit,13326.5830972034,136.24586817789825
GLM-5,1000,556,1.277952,0.01838779856115108,0.07503798931099234,transmit,13326.5830972034,136.24586817789825
GLM-5,1000,561,1.277952,0.018223914438502672,0.07503798931099234,transmit,13326.5830972034,136.24586817789825
GLM-5,1000,566,1.277952,0.018062925795053003,0.07503798931099234,transmit,13326.5830972034,136.24586817789825
GLM-5,1000,571,1.277952,0.01790475656742557,0.07503798931099234,transmit,13326.5830972034,136.24586817789825
GLM-5,1000,576,1.277952,0.017749333333333332,0.07503798931099234,transmit,13326.5830972034,136.24586817789825
GLM-5,1000,581,1.277952,0.017596585197934597,0.07503798931099234,transmit,13326.5830972034,136.24586817789825
GLM-5,1000,586,1.277952,0.017446443686006827,0.07503798931099234,transmit,13326.5830972034,136.24586817789825
GLM-5,1000,591,1.277952,0.017298842639593907,0.07503798931099234,transmit,13326.5830972034,136.24586817789825
GLM-5,1000,596,1.277952,0.017153718120805368,0.07503798931099234,transmit,13326.5830972034,136.24586817789825
GLM-5,1000,601,1.277952,0.017011008319467554,0.07503798931099234,transmit,13326.5830972034,136.24586817789825
GLM-5,1000,606,1.277952,0.016870653465346535,0.07503798931099234,transmit,13326.5830972034,136.24586817789825
GLM-5,1000,611,1.277952,0.01673259574468085,0.07503798931099234,transmit,13326.5830972034,136.24586817789825
GLM-5,1000,616,1.277952,0.01659677922077922,0.07503798931099234,transmit,13326.5830972034,136.24586817789825
GLM-5,1000,621,1.277952,0.016463149758454105,0.07503798931099234,transmit,13326.5830972034,136.24586817789825
GLM-5,1000,626,1.277952,0.01633165495207668,0.07503798931099234,transmit,13326.5830972034,136.24586817789825
GLM-5,1000,631,1.277952,0.016202244057052298,0.07503798931099234,transmit,13326.5830972034,136.24586817789825
GLM-5,1000,636,1.277952,0.0160748679245283,0.07503798931099234,transmit,13326.5830972034,136.24586817789825
GLM-5,1000,641,1.277952,0.015949478939157567,0.07503798931099234,transmit,13326.5830972034,136.24586817789825
GLM-5,1000,646,1.277952,0.01582603095975232,0.07503798931099234,transmit,13326.5830972034,136.24586817789825
GLM-5,1000,651,1.277952,0.01570447926267281,0.07503798931099234,transmit,13326.5830972034,136.24586817789825
GLM-5,1000,656,1.277952,0.015584780487804878,0.07503798931099234,transmit,13326.5830972034,136.24586817789825
GLM-5,1000,661,1.277952,0.01546689258698941,0.07503798931099234,transmit,13326.5830972034,136.24586817789825
GLM-5,1000,666,1.277952,0.015350774774774775,0.07503798931099234,transmit,13326.5830972034,136.24586817789825
GLM-5,1000,671,1.277952,0.015236387481371088,0.07503798931099234,transmit,13326.5830972034,136.24586817789825
GLM-5,1000,676,1.277952,0.015123692307692308,0.07503798931099234,transmit,13326.5830972034,136.24586817789825
GLM-5,1000,681,1.277952,0.015012651982378855,0.07503798931099234,transmit,13326.5830972034,136.24586817789825
GLM-5,1000,686,1.277952,0.014903230320699708,0.07503798931099234,transmit,13326.5830972034,136.24586817789825
GLM-5,1000,691,1.277952,0.014795392185238784,0.07503798931099234,transmit,13326.5830972034,136.24586817789825
GLM-5,1000,696,1.277952,0.014689103448275863,0.07503798931099234,transmit,13326.5830972034,136.24586817789825
GLM-5,1000,701,1.277952,0.01458433095577746,0.07503798931099234,transmit,13326.5830972034,136.24586817789825
GLM-5,1000,706,1.277952,0.014481042492917847,0.07503798931099234,transmit,13326.5830972034,136.24586817789825
GLM-5,1000,711,1.277952,0.014379206751054852,0.07503798931099234,transmit,13326.5830972034,136.24586817789825
GLM-5,1000,716,1.277952,0.014278793296089385,0.07503798931099234,transmit,13326.5830972034,136.24586817789825
GLM-5,1000,721,1.277952,0.01417977253814147,0.07503798931099234,transmit,13326.5830972034,136.24586817789825
GLM-5,1000,726,1.277952,0.01408211570247934,0.07503798931099234,transmit,13326.5830972034,136.24586817789825
GLM-5,1000,731,1.277952,0.013985794801641587,0.07503798931099234,transmit,13326.5830972034,136.24586817789825
GLM-5,1000,736,1.277952,0.013890782608695652,0.07503798931099234,transmit,13326.5830972034,136.24586817789825
GLM-5,1000,741,1.277952,0.013797052631578948,0.07503798931099234,transmit,13326.5830972034,136.24586817789825
GLM-5,1000,746,1.277952,0.01370457908847185,0.07503798931099234,transmit,13326.5830972034,136.24586817789825
GLM-5,1000,751,1.277952,0.01361333688415446,0.07503798931099234,transmit,13326.5830972034,136.24586817789825
GLM-5,1000,756,1.277952,0.013523301587301587,0.07503798931099234,transmit,13326.5830972034,136.24586817789825
GLM-5,1000,761,1.277952,0.0134344494086728,0.07503798931099234,transmit,13326.5830972034,136.24586817789825
GLM-5,1000,766,1.277952,0.013346757180156658,0.07503798931099234,transmit,13326.5830972034,136.24586817789825
GLM-5,1000,771,1.277952,0.01326020233463035,0.07503798931099234,transmit,13326.5830972034,136.24586817789825
GLM-5,1000,776,1.277952,0.013174762886597939,0.07503798931099234,transmit,13326.5830972034,136.24586817789825
GLM-5,1000,781,1.277952,0.013090417413572343,0.07503798931099234,transmit,13326.5830972034,136.24586817789825
GLM-5,1000,786,1.277952,0.013007145038167939,0.07503798931099234,transmit,13326.5830972034,136.24586817789825
GLM-5,1000,791,1.277952,0.012924925410872314,0.07503798931099234,transmit,13326.5830972034,136.24586817789825
GLM-5,1000,796,1.277952,0.012843738693467336,0.07503798931099234,transmit,13326.5830972034,136.24586817789825
GLM-5,1000,801,1.277952,0.01276356554307116,0.07503798931099234,transmit,13326.5830972034,136.24586817789825
GLM-5,1000,806,1.277952,0.012684387096774193,0.07503798931099234,transmit,13326.5830972034,136.24586817789825
GLM-5,1000,811,1.277952,0.012606184956843403,0.07503798931099234,transmit,13326.5830972034,136.24586817789825
GLM-5,1000,816,1.277952,0.012528941176470588,0.07503798931099234,transmit,13326.5830972034,136.24586817789825
GLM-5,1000,821,1.277952,0.012452638246041413,0.07503798931099234,transmit,13326.5830972034,136.24586817789825
GLM-5,1000,826,1.277952,0.012377259079903148,0.07503798931099234,transmit,13326.5830972034,136.24586817789825
GLM-5,1000,831,1.277952,0.012302787003610108,0.07503798931099234,transmit,13326.5830972034,136.24586817789825
GLM-5,1000,836,1.277952,0.012229205741626795,0.07503798931099234,transmit,13326.5830972034,136.24586817789825
GLM-5,1000,841,1.277952,0.012156499405469678,0.07503798931099234,transmit,13326.5830972034,136.24586817789825
GLM-5,1000,846,1.277952,0.012084652482269503,0.07503798931099234,transmit,13326.5830972034,136.24586817789825
GLM-5,1000,851,1.277952,0.01201364982373678,0.07503798931099234,transmit,13326.5830972034,136.24586817789825
GLM-5,1000,856,1.277952,0.011943476635514018,0.07503798931099234,transmit,13326.5830972034,136.24586817789825
GLM-5,1000,861,1.277952,0.011874118466898955,0.07503798931099234,transmit,13326.5830972034,136.24586817789825
GLM-5,1000,866,1.277952,0.011805561200923787,0.07503798931099234,transmit,13326.5830972034,136.24586817789825
GLM-5,1000,871,1.277952,0.01173779104477612,0.07503798931099234,transmit,13326.5830972034,136.24586817789825
GLM-5,1000,876,1.277952,0.011670794520547945,0.07503798931099234,transmit,13326.5830972034,136.24586817789825
GLM-5,1000,881,1.277952,0.011604558456299659,0.07503798931099234,transmit,13326.5830972034,136.24586817789825
GLM-5,1000,886,1.277952,0.011539069977426637,0.07503798931099234,transmit,13326.5830972034,136.24586817789825
GLM-5,1000,891,1.277952,0.011474316498316497,0.07503798931099234,transmit,13326.5830972034,136.24586817789825
GLM-5,1000,896,1.277952,0.011410285714285715,0.07503798931099234,transmit,13326.5830972034,136.24586817789825
GLM-5,1000,901,1.277952,0.011346965593784683,0.07503798931099234,transmit,13326.5830972034,136.24586817789825
GLM-5,1000,906,1.277952,0.011284344370860927,0.07503798931099234,transmit,13326.5830972034,136.24586817789825
GLM-5,1000,911,1.277952,0.011222410537870472,0.07503798931099234,transmit,13326.5830972034,136.24586817789825
GLM-5,1000,916,1.277952,0.011161152838427947,0.07503798931099234,transmit,13326.5830972034,136.24586817789825
GLM-5,1000,921,1.277952,0.011100560260586319,0.07503798931099234,transmit,13326.5830972034,136.24586817789825
GLM-5,1000,926,1.277952,0.011040622030237581,0.07503798931099234,transmit,13326.5830972034,136.24586817789825
GLM-5,1000,931,1.277952,0.010981327604726102,0.07503798931099234,transmit,13326.5830972034,136.24586817789825
GLM-5,1000,936,1.277952,0.010922666666666667,0.07503798931099234,transmit,13326.5830972034,136.24586817789825
GLM-5,1000,941,1.277952,0.010864629117959617,0.07503798931099234,transmit,13326.5830972034,136.24586817789825
GLM-5,1000,946,1.277952,0.010807205073995772,0.07503798931099234,transmit,13326.5830972034,136.24586817789825
GLM-5,1000,951,1.277952,0.010750384858044163,0.07503798931099234,transmit,13326.5830972034,136.24586817789825
GLM-5,1000,956,1.277952,0.010694158995815899,0.07503798931099234,transmit,13326.5830972034,136.24586817789825
GLM-5,1000,961,1.277952,0.010638518210197711,0.07503798931099234,transmit,13326.5830972034,136.24586817789825
GLM-5,1000,966,1.277952,0.010583453416149068,0.07503798931099234,transmit,13326.5830972034,136.24586817789825
GLM-5,1000,971,1.277952,0.010528955715756952,0.07503798931099234,transmit,13326.5830972034,136.24586817789825
GLM-5,1000,976,1.277952,0.010475016393442622,0.07503798931099234,transmit,13326.5830972034,136.24586817789825
GLM-5,1000,981,1.277952,0.010421626911314985,0.07503798931099234,transmit,13326.5830972034,136.24586817789825
GLM-5,1000,986,1.277952,0.010368778904665315,0.07503798931099234,transmit,13326.5830972034,136.24586817789825
GLM-5,1000,991,1.277952,0.010316464177598385,0.07503798931099234,transmit,13326.5830972034,136.24586817789825
GLM-5,1000,996,1.277952,0.010264674698795181,0.07503798931099234,transmit,13326.5830972034,136.24586817789825
GLM-5,10000,1,12.77952,102.23616,0.7503798931099235,replay,13326.5830972034,136.24586817789825
GLM-5,10000,6,12.77952,17.03936,0.7503798931099235,replay,13326.5830972034,136.24586817789825
GLM-5,10000,11,12.77952,9.294196363636363,0.7503798931099235,replay,13326.5830972034,136.24586817789825
GLM-5,10000,16,12.77952,6.38976,0.7503798931099235,replay,13326.5830972034,136.24586817789825
GLM-5,10000,21,12.77952,4.8683885714285715,0.7503798931099235,replay,13326.5830972034,136.24586817789825
GLM-5,10000,26,12.77952,3.93216,0.7503798931099235,replay,13326.5830972034,136.24586817789825
GLM-5,10000,31,12.77952,3.2979406451612903,0.7503798931099235,replay,13326.5830972034,136.24586817789825
GLM-5,10000,36,12.77952,2.8398933333333334,0.7503798931099235,replay,13326.5830972034,136.24586817789825
GLM-5,10000,41,12.77952,2.4935648780487805,0.7503798931099235,replay,13326.5830972034,136.24586817789825
GLM-5,10000,46,12.77952,2.222525217391304,0.7503798931099235,replay,13326.5830972034,136.24586817789825
GLM-5,10000,51,12.77952,2.004630588235294,0.7503798931099235,replay,13326.5830972034,136.24586817789825
GLM-5,10000,56,12.77952,1.8256457142857143,0.7503798931099235,replay,13326.5830972034,136.24586817789825
GLM-5,10000,61,12.77952,1.6760026229508196,0.7503798931099235,replay,13326.5830972034,136.24586817789825
GLM-5,10000,66,12.77952,1.5490327272727273,0.7503798931099235,replay,13326.5830972034,136.24586817789825
GLM-5,10000,71,12.77952,1.4399459154929577,0.7503798931099235,replay,13326.5830972034,136.24586817789825
GLM-5,10000,76,12.77952,1.3452126315789474,0.7503798931099235,replay,13326.5830972034,136.24586817789825
GLM-5,10000,81,12.77952,1.2621748148148149,0.7503798931099235,replay,13326.5830972034,136.24586817789825
GLM-5,10000,86,12.77952,1.1887925581395349,0.7503798931099235,replay,13326.5830972034,136.24586817789825
GLM-5,10000,91,12.77952,1.1234742857142856,0.7503798931099235,replay,13326.5830972034,136.24586817789825
GLM-5,10000,96,12.77952,1.06496,0.7503798931099235,replay,13326.5830972034,136.24586817789825
GLM-5,10000,101,12.77952,1.012239207920792,0.7503798931099235,replay,13326.5830972034,136.24586817789825
GLM-5,10000,106,12.77952,0.9644920754716981,0.7503798931099235,replay,13326.5830972034,136.24586817789825
GLM-5,10000,111,12.77952,0.9210464864864865,0.7503798931099235,replay,13326.5830972034,136.24586817789825
GLM-5,10000,116,12.77952,0.8813462068965517,0.7503798931099235,replay,13326.5830972034,136.24586817789825
GLM-5,10000,121,12.77952,0.8449269421487603,0.7503798931099235,replay,13326.5830972034,136.24586817789825
GLM-5,10000,126,12.77952,0.8113980952380953,0.7503798931099235,replay,13326.5830972034,136.24586817789825
GLM-5,10000,131,12.77952,0.7804287022900763,0.7503798931099235,replay,13326.5830972034,136.24586817789825
GLM-5,10000,136,12.77952,0.7517364705882353,0.7503798931099235,replay,13326.5830972034,136.24586817789825
GLM-5,10000,141,12.77952,0.7250791489361702,0.7503798931099235,transmit,13326.5830972034,136.24586817789825
GLM-5,10000,146,12.77952,0.7002476712328767,0.7503798931099235,transmit,13326.5830972034,136.24586817789825
GLM-5,10000,151,12.77952,0.6770606622516556,0.7503798931099235,transmit,13326.5830972034,136.24586817789825
GLM-5,10000,156,12.77952,0.65536,0.7503798931099235,transmit,13326.5830972034,136.24586817789825
GLM-5,10000,161,12.77952,0.6350072049689441,0.7503798931099235,transmit,13326.5830972034,136.24586817789825
GLM-5,10000,166,12.77952,0.6158804819277108,0.7503798931099235,transmit,13326.5830972034,136.24586817789825
GLM-5,10000,171,12.77952,0.5978722807017544,0.7503798931099235,transmit,13326.5830972034,136.24586817789825
GLM-5,10000,176,12.77952,0.5808872727272727,0.7503798931099235,transmit,13326.5830972034,136.24586817789825
GLM-5,10000,181,12.77952,0.5648406629834254,0.7503798931099235,transmit,13326.5830972034,136.24586817789825
GLM-5,10000,186,12.77952,0.5496567741935484,0.7503798931099235,transmit,13326.5830972034,136.24586817789825
GLM-5,10000,191,12.77952,0.5352678534031413,0.7503798931099235,transmit,13326.5830972034,136.24586817789825
GLM-5,10000,196,12.77952,0.5216130612244898,0.7503798931099235,transmit,13326.5830972034,136.24586817789825
GLM-5,10000,201,12.77952,0.5086376119402986,0.7503798931099235,transmit,13326.5830972034,136.24586817789825
GLM-5,10000,206,12.77952,0.49629203883495143,0.7503798931099235,transmit,13326.5830972034,136.24586817789825
GLM-5,10000,211,12.77952,0.48453156398104263,0.7503798931099235,transmit,13326.5830972034,136.24586817789825
GLM-5,10000,216,12.77952,0.47331555555555554,0.7503798931099235,transmit,13326.5830972034,136.24586817789825
GLM-5,10000,221,12.77952,0.4626070588235294,0.7503798931099235,transmit,13326.5830972034,136.24586817789825
GLM-5,10000,226,12.77952,0.452372389380531,0.7503798931099235,transmit,13326.5830972034,136.24586817789825
GLM-5,10000,231,12.77952,0.4425807792207792,0.7503798931099235,transmit,13326.5830972034,136.24586817789825
GLM-5,10000,236,12.77952,0.4332040677966102,0.7503798931099235,transmit,13326.5830972034,136.24586817789825
GLM-5,10000,241,12.77952,0.4242164315352697,0.7503798931099235,transmit,13326.5830972034,136.24586817789825
GLM-5,10000,246,12.77952,0.4155941463414634,0.7503798931099235,transmit,13326.5830972034,136.24586817789825
GLM-5,10000,251,12.77952,0.40731537848605576,0.7503798931099235,transmit,13326.5830972034,136.24586817789825
GLM-5,10000,256,12.77952,0.39936,0.7503798931099235,transmit,13326.5830972034,136.24586817789825
GLM-5,10000,261,12.77952,0.3917094252873563,0.7503798931099235,transmit,13326.5830972034,136.24586817789825
GLM-5,10000,266,12.77952,0.3843464661654135,0.7503798931099235,transmit,13326.5830972034,136.24586817789825
GLM-5,10000,271,12.77952,0.3772552029520295,0.7503798931099235,transmit,13326.5830972034,136.24586817789825
GLM-5,10000,276,12.77952,0.3704208695652174,0.7503798931099235,transmit,13326.5830972034,136.24586817789825
GLM-5,10000,281,12.77952,0.3638297508896797,0.7503798931099235,transmit,13326.5830972034,136.24586817789825
GLM-5,10000,286,12.77952,0.3574690909090909,0.7503798931099235,transmit,13326.5830972034,136.24586817789825
GLM-5,10000,291,12.77952,0.3513270103092784,0.7503798931099235,transmit,13326.5830972034,136.24586817789825
GLM-5,10000,296,12.77952,0.34539243243243245,0.7503798931099235,transmit,13326.5830972034,136.24586817789825
GLM-5,10000,301,12.77952,0.33965501661129566,0.7503798931099235,transmit,13326.5830972034,136.24586817789825
GLM-5,10000,306,12.77952,0.3341050980392157,0.7503798931099235,transmit,13326.5830972034,136.24586817789825
GLM-5,10000,311,12.77952,0.3287336334405145,0.7503798931099235,transmit,13326.5830972034,136.24586817789825
GLM-5,10000,316,12.77952,0.3235321518987342,0.7503798931099235,transmit,13326.5830972034,136.24586817789825
GLM-5,10000,321,12.77952,0.31849271028037385,0.7503798931099235,transmit,13326.5830972034,136.24586817789825
GLM-5,10000,326,12.77952,0.3136078527607362,0.7503798931099235,transmit,13326.5830972034,136.24586817789825
GLM-5,10000,331,12.77952,0.3088705740181269,0.7503798931099235,transmit,13326.5830972034,136.24586817789825
GLM-5,10000,336,12.77952,0.3042742857142857,0.7503798931099235,transmit,13326.5830972034,136.24586817789825
GLM-5,10000,341,12.77952,0.29981278592375366,0.7503798931099235,transmit,13326.5830972034,136.24586817789825
GLM-5,10000,346,12.77952,0.29548023121387285,0.7503798931099235,transmit,13326.5830972034,136.24586817789825
GLM-5,10000,351,12.77952,0.2912711111111111,0.7503798931099235,transmit,13326.5830972034,136.24586817789825
GLM-5,10000,356,12.77952,0.2871802247191011,0.7503798931099235,transmit,13326.5830972034,136.24586817789825
GLM-5,10000,361,12.77952,0.2832026592797784,0.7503798931099235,transmit,13326.5830972034,136.24586817789825
GLM-5,10000,366,12.77952,0.2793337704918033,0.7503798931099235,transmit,13326.5830972034,136.24586817789825
GLM-5,10000,371,12.77952,0.2755691644204852,0.7503798931099235,transmit,13326.5830972034,136.24586817789825
GLM-5,10000,376,12.77952,0.27190468085106384,0.7503798931099235,transmit,13326.5830972034,136.24586817789825
GLM-5,10000,381,12.77952,0.2683363779527559,0.7503798931099235,transmit,13326.5830972034,136.24586817789825
GLM-5,10000,386,12.77952,0.264860518134715,0.7503798931099235,transmit,13326.5830972034,136.24586817789825
GLM-5,10000,391,12.77952,0.26147355498721225,0.7503798931099235,transmit,13326.5830972034,136.24586817789825
GLM-5,10000,396,12.77952,0.2581721212121212,0.7503798931099235,transmit,13326.5830972034,136.24586817789825
GLM-5,10000,401,12.77952,0.2549530174563591,0.7503798931099235,transmit,13326.5830972034,136.24586817789825
GLM-5,10000,406,12.77952,0.2518132019704433,0.7503798931099235,transmit,13326.5830972034,136.24586817789825
GLM-5,10000,411,12.77952,0.24874978102189782,0.7503798931099235,transmit,13326.5830972034,136.24586817789825
GLM-5,10000,416,12.77952,0.24576,0.7503798931099235,transmit,13326.5830972034,136.24586817789825
GLM-5,10000,421,12.77952,0.2428412351543943,0.7503798931099235,transmit,13326.5830972034,136.24586817789825
GLM-5,10000,426,12.77952,0.23999098591549295,0.7503798931099235,transmit,13326.5830972034,136.24586817789825
GLM-5,10000,431,12.77952,0.23720686774941996,0.7503798931099235,transmit,13326.5830972034,136.24586817789825
GLM-5,10000,436,12.77952,0.23448660550458716,0.7503798931099235,transmit,13326.5830972034,136.24586817789825
GLM-5,10000,441,12.77952,0.23182802721088436,0.7503798931099235,transmit,13326.5830972034,136.24586817789825
GLM-5,10000,446,12.77952,0.22922905829596413,0.7503798931099235,transmit,13326.5830972034,136.24586817789825
GLM-5,10000,451,12.77952,0.22668771618625277,0.7503798931099235,transmit,13326.5830972034,136.24586817789825
GLM-5,10000,456,12.77952,0.2242021052631579,0.7503798931099235,transmit,13326.5830972034,136.24586817789825
GLM-5,10000,461,12.77952,0.22177041214750542,0.7503798931099235,transmit,13326.5830972034,136.24586817789825
GLM-5,10000,466,12.77952,0.21939090128755365,0.7503798931099235,transmit,13326.5830972034,136.24586817789825
GLM-5,10000,471,12.77952,0.21706191082802548,0.7503798931099235,transmit,13326.5830972034,136.24586817789825
GLM-5,10000,476,12.77952,0.2147818487394958,0.7503798931099235,transmit,13326.5830972034,136.24586817789825
GLM-5,10000,481,12.77952,0.2125491891891892,0.7503798931099235,transmit,13326.5830972034,136.24586817789825
GLM-5,10000,486,12.77952,0.21036246913580248,0.7503798931099235,transmit,13326.5830972034,136.24586817789825
GLM-5,10000,491,12.77952,0.2082202851323829,0.7503798931099235,transmit,13326.5830972034,136.24586817789825
GLM-5,10000,496,12.77952,0.20612129032258064,0.7503798931099235,transmit,13326.5830972034,136.24586817789825
GLM-5,10000,501,12.77952,0.20406419161676648,0.7503798931099235,transmit,13326.5830972034,136.24586817789825
GLM-5,10000,506,12.77952,0.20204774703557313,0.7503798931099235,transmit,13326.5830972034,136.24586817789825
GLM-5,10000,511,12.77952,0.20007076320939335,0.7503798931099235,transmit,13326.5830972034,136.24586817789825
GLM-5,10000,516,12.77952,0.19813209302325582,0.7503798931099235,transmit,13326.5830972034,136.24586817789825
GLM-5,10000,521,12.77952,0.19623063339731286,0.7503798931099235,transmit,13326.5830972034,136.24586817789825
GLM-5,10000,526,12.77952,0.19436532319391636,0.7503798931099235,transmit,13326.5830972034,136.24586817789825
GLM-5,10000,531,12.77952,0.19253514124293786,0.7503798931099235,transmit,13326.5830972034,136.24586817789825
GLM-5,10000,536,12.77952,0.19073910447761194,0.7503798931099235,transmit,13326.5830972034,136.24586817789825
GLM-5,10000,541,12.77952,0.18897626617375232,0.7503798931099235,transmit,13326.5830972034,136.24586817789825
GLM-5,10000,546,12.77952,0.1872457142857143,0.7503798931099235,transmit,13326.5830972034,136.24586817789825
GLM-5,10000,551,12.77952,0.18554656987295826,0.7503798931099235,transmit,13326.5830972034,136.24586817789825
GLM-5,10000,556,12.77952,0.18387798561151078,0.7503798931099235,transmit,13326.5830972034,136.24586817789825
GLM-5,10000,561,12.77952,0.18223914438502672,0.7503798931099235,transmit,13326.5830972034,136.24586817789825
GLM-5,10000,566,12.77952,0.18062925795053003,0.7503798931099235,transmit,13326.5830972034,136.24586817789825
GLM-5,10000,571,12.77952,0.1790475656742557,0.7503798931099235,transmit,13326.5830972034,136.24586817789825
GLM-5,10000,576,12.77952,0.17749333333333334,0.7503798931099235,transmit,13326.5830972034,136.24586817789825
GLM-5,10000,581,12.77952,0.17596585197934594,0.7503798931099235,transmit,13326.5830972034,136.24586817789825
GLM-5,10000,586,12.77952,0.17446443686006827,0.7503798931099235,transmit,13326.5830972034,136.24586817789825
GLM-5,10000,591,12.77952,0.1729884263959391,0.7503798931099235,transmit,13326.5830972034,136.24586817789825
GLM-5,10000,596,12.77952,0.1715371812080537,0.7503798931099235,transmit,13326.5830972034,136.24586817789825
GLM-5,10000,601,12.77952,0.17011008319467555,0.7503798931099235,transmit,13326.5830972034,136.24586817789825
GLM-5,10000,606,12.77952,0.16870653465346536,0.7503798931099235,transmit,13326.5830972034,136.24586817789825
GLM-5,10000,611,12.77952,0.1673259574468085,0.7503798931099235,transmit,13326.5830972034,136.24586817789825
GLM-5,10000,616,12.77952,0.1659677922077922,0.7503798931099235,transmit,13326.5830972034,136.24586817789825
GLM-5,10000,621,12.77952,0.16463149758454107,0.7503798931099235,transmit,13326.5830972034,136.24586817789825
GLM-5,10000,626,12.77952,0.16331654952076677,0.7503798931099235,transmit,13326.5830972034,136.24586817789825
GLM-5,10000,631,12.77952,0.16202244057052298,0.7503798931099235,transmit,13326.5830972034,136.24586817789825
GLM-5,10000,636,12.77952,0.16074867924528302,0.7503798931099235,transmit,13326.5830972034,136.24586817789825
GLM-5,10000,641,12.77952,0.15949478939157566,0.7503798931099235,transmit,13326.5830972034,136.24586817789825
GLM-5,10000,646,12.77952,0.1582603095975232,0.7503798931099235,transmit,13326.5830972034,136.24586817789825
GLM-5,10000,651,12.77952,0.1570447926267281,0.7503798931099235,transmit,13326.5830972034,136.24586817789825
GLM-5,10000,656,12.77952,0.15584780487804878,0.7503798931099235,transmit,13326.5830972034,136.24586817789825
GLM-5,10000,661,12.77952,0.15466892586989409,0.7503798931099235,transmit,13326.5830972034,136.24586817789825
GLM-5,10000,666,12.77952,0.15350774774774775,0.7503798931099235,transmit,13326.5830972034,136.24586817789825
GLM-5,10000,671,12.77952,0.1523638748137109,0.7503798931099235,transmit,13326.5830972034,136.24586817789825
GLM-5,10000,676,12.77952,0.15123692307692307,0.7503798931099235,transmit,13326.5830972034,136.24586817789825
GLM-5,10000,681,12.77952,0.15012651982378855,0.7503798931099235,transmit,13326.5830972034,136.24586817789825
GLM-5,10000,686,12.77952,0.1490323032069971,0.7503798931099235,transmit,13326.5830972034,136.24586817789825
GLM-5,10000,691,12.77952,0.14795392185238784,0.7503798931099235,transmit,13326.5830972034,136.24586817789825
GLM-5,10000,696,12.77952,0.14689103448275861,0.7503798931099235,transmit,13326.5830972034,136.24586817789825
GLM-5,10000,701,12.77952,0.1458433095577746,0.7503798931099235,transmit,13326.5830972034,136.24586817789825
GLM-5,10000,706,12.77952,0.14481042492917848,0.7503798931099235,transmit,13326.5830972034,136.24586817789825
GLM-5,10000,711,12.77952,0.14379206751054852,0.7503798931099235,transmit,13326.5830972034,136.24586817789825
GLM-5,10000,716,12.77952,0.14278793296089384,0.7503798931099235,transmit,13326.5830972034,136.24586817789825
GLM-5,10000,721,12.77952,0.1417977253814147,0.7503798931099235,transmit,13326.5830972034,136.24586817789825
GLM-5,10000,726,12.77952,0.1408211570247934,0.7503798931099235,transmit,13326.5830972034,136.24586817789825
GLM-5,10000,731,12.77952,0.13985794801641588,0.7503798931099235,transmit,13326.5830972034,136.24586817789825
GLM-5,10000,736,12.77952,0.1389078260869565,0.7503798931099235,transmit,13326.5830972034,136.24586817789825
GLM-5,10000,741,12.77952,0.13797052631578946,0.7503798931099235,transmit,13326.5830972034,136.24586817789825
GLM-5,10000,746,12.77952,0.1370457908847185,0.7503798931099235,transmit,13326.5830972034,136.24586817789825
GLM-5,10000,751,12.77952,0.13613336884154462,0.7503798931099235,transmit,13326.5830972034,136.24586817789825
GLM-5,10000,756,12.77952,0.13523301587301587,0.7503798931099235,transmit,13326.5830972034,136.24586817789825
GLM-5,10000,761,12.77952,0.134344494086728,0.7503798931099235,transmit,13326.5830972034,136.24586817789825
GLM-5,10000,766,12.77952,0.13346757180156657,0.7503798931099235,transmit,13326.5830972034,136.24586817789825
GLM-5,10000,771,12.77952,0.1326020233463035,0.7503798931099235,transmit,13326.5830972034,136.24586817789825
GLM-5,10000,776,12.77952,0.13174762886597938,0.7503798931099235,transmit,13326.5830972034,136.24586817789825
GLM-5,10000,781,12.77952,0.13090417413572344,0.7503798931099235,transmit,13326.5830972034,136.24586817789825
GLM-5,10000,786,12.77952,0.1300714503816794,0.7503798931099235,transmit,13326.5830972034,136.24586817789825
GLM-5,10000,791,12.77952,0.12924925410872312,0.7503798931099235,transmit,13326.5830972034,136.24586817789825
GLM-5,10000,796,12.77952,0.12843738693467335,0.7503798931099235,transmit,13326.5830972034,136.24586817789825
GLM-5,10000,801,12.77952,0.12763565543071162,0.7503798931099235,transmit,13326.5830972034,136.24586817789825
GLM-5,10000,806,12.77952,0.12684387096774194,0.7503798931099235,transmit,13326.5830972034,136.24586817789825
GLM-5,10000,811,12.77952,0.12606184956843403,0.7503798931099235,transmit,13326.5830972034,136.24586817789825
GLM-5,10000,816,12.77952,0.12528941176470587,0.7503798931099235,transmit,13326.5830972034,136.24586817789825
GLM-5,10000,821,12.77952,0.12452638246041413,0.7503798931099235,transmit,13326.5830972034,136.24586817789825
GLM-5,10000,826,12.77952,0.12377259079903148,0.7503798931099235,transmit,13326.5830972034,136.24586817789825
GLM-5,10000,831,12.77952,0.12302787003610108,0.7503798931099235,transmit,13326.5830972034,136.24586817789825
GLM-5,10000,836,12.77952,0.12229205741626795,0.7503798931099235,transmit,13326.5830972034,136.24586817789825
GLM-5,10000,841,12.77952,0.12156499405469678,0.7503798931099235,transmit,13326.5830972034,136.24586817789825
GLM-5,10000,846,12.77952,0.12084652482269503,0.7503798931099235,transmit,13326.5830972034,136.24586817789825
GLM-5,10000,851,12.77952,0.1201364982373678,0.7503798931099235,transmit,13326.5830972034,136.24586817789825
GLM-5,10000,856,12.77952,0.11943476635514019,0.7503798931099235,transmit,13326.5830972034,136.24586817789825
GLM-5,10000,861,12.77952,0.11874118466898954,0.7503798931099235,transmit,13326.5830972034,136.24586817789825
GLM-5,10000,866,12.77952,0.11805561200923788,0.7503798931099235,transmit,13326.5830972034,136.24586817789825
GLM-5,10000,871,12.77952,0.11737791044776119,0.7503798931099235,transmit,13326.5830972034,136.24586817789825
GLM-5,10000,876,12.77952,0.11670794520547945,0.7503798931099235,transmit,13326.5830972034,136.24586817789825
GLM-5,10000,881,12.77952,0.1160455845629966,0.7503798931099235,transmit,13326.5830972034,136.24586817789825
GLM-5,10000,886,12.77952,0.11539069977426637,0.7503798931099235,transmit,13326.5830972034,136.24586817789825
GLM-5,10000,891,12.77952,0.11474316498316499,0.7503798931099235,transmit,13326.5830972034,136.24586817789825
GLM-5,10000,896,12.77952,0.11410285714285714,0.7503798931099235,transmit,13326.5830972034,136.24586817789825
GLM-5,10000,901,12.77952,0.11346965593784683,0.7503798931099235,transmit,13326.5830972034,136.24586817789825
GLM-5,10000,906,12.77952,0.11284344370860927,0.7503798931099235,transmit,13326.5830972034,136.24586817789825
GLM-5,10000,911,12.77952,0.11222410537870472,0.7503798931099235,transmit,13326.5830972034,136.24586817789825
GLM-5,10000,916,12.77952,0.11161152838427947,0.7503798931099235,transmit,13326.5830972034,136.24586817789825
GLM-5,10000,921,12.77952,0.11100560260586319,0.7503798931099235,transmit,13326.5830972034,136.24586817789825
GLM-5,10000,926,12.77952,0.1104062203023758,0.7503798931099235,transmit,13326.5830972034,136.24586817789825
GLM-5,10000,931,12.77952,0.10981327604726102,0.7503798931099235,transmit,13326.5830972034,136.24586817789825
GLM-5,10000,936,12.77952,0.10922666666666667,0.7503798931099235,transmit,13326.5830972034,136.24586817789825
GLM-5,10000,941,12.77952,0.10864629117959618,0.7503798931099235,transmit,13326.5830972034,136.24586817789825
GLM-5,10000,946,12.77952,0.10807205073995772,0.7503798931099235,transmit,13326.5830972034,136.24586817789825
GLM-5,10000,951,12.77952,0.10750384858044164,0.7503798931099235,transmit,13326.5830972034,136.24586817789825
GLM-5,10000,956,12.77952,0.106941589958159,0.7503798931099235,transmit,13326.5830972034,136.24586817789825
GLM-5,10000,961,12.77952,0.1063851821019771,0.7503798931099235,transmit,13326.5830972034,136.24586817789825
GLM-5,10000,966,12.77952,0.10583453416149069,0.7503798931099235,transmit,13326.5830972034,136.24586817789825
GLM-5,10000,971,12.77952,0.10528955715756952,0.7503798931099235,transmit,13326.5830972034,136.24586817789825
GLM-5,10000,976,12.77952,0.10475016393442622,0.7503798931099235,transmit,13326.5830972034,136.24586817789825
GLM-5,10000,981,12.77952,0.10421626911314985,0.7503798931099235,transmit,13326.5830972034,136.24586817789825
GLM-5,10000,986,12.77952,0.10368778904665314,0.7503798931099235,transmit,13326.5830972034,136.24586817789825
GLM-5,10000,991,12.77952,0.10316464177598385,0.7503798931099235,transmit,13326.5830972034,136.24586817789825
GLM-5,10000,996,12.77952,0.1026467469879518,0.7503798931099235,transmit,13326.5830972034,136.24586817789825
GLM-5,100000,1,127.7952,1022.3616,7.503798931099235,replay,13326.5830972034,136.24586817789825
GLM-5,100000,6,127.7952,170.3936,7.503798931099235,replay,13326.5830972034,136.24586817789825
GLM-5,100000,11,127.7952,92.94196363636364,7.503798931099235,replay,13326.5830972034,136.24586817789825
GLM-5,100000,16,127.7952,63.8976,7.503798931099235,replay,13326.5830972034,136.24586817789825
GLM-5,100000,21,127.7952,48.683885714285715,7.503798931099235,replay,13326.5830972034,136.24586817789825
GLM-5,100000,26,127.7952,39.3216,7.503798931099235,replay,13326.5830972034,136.24586817789825
GLM-5,100000,31,127.7952,32.9794064516129,7.503798931099235,replay,13326.5830972034,136.24586817789825
GLM-5,100000,36,127.7952,28.398933333333332,7.503798931099235,replay,13326.5830972034,136.24586817789825
GLM-5,100000,41,127.7952,24.935648780487806,7.503798931099235,replay,13326.5830972034,136.24586817789825
GLM-5,100000,46,127.7952,22.225252173913045,7.503798931099235,replay,13326.5830972034,136.24586817789825
GLM-5,100000,51,127.7952,20.04630588235294,7.503798931099235,replay,13326.5830972034,136.24586817789825
GLM-5,100000,56,127.7952,18.256457142857144,7.503798931099235,replay,13326.5830972034,136.24586817789825
GLM-5,100000,61,127.7952,16.760026229508195,7.503798931099235,replay,13326.5830972034,136.24586817789825
GLM-5,100000,66,127.7952,15.490327272727273,7.503798931099235,replay,13326.5830972034,136.24586817789825
GLM-5,100000,71,127.7952,14.399459154929577,7.503798931099235,replay,13326.5830972034,136.24586817789825
GLM-5,100000,76,127.7952,13.452126315789474,7.503798931099235,replay,13326.5830972034,136.24586817789825
GLM-5,100000,81,127.7952,12.621748148148148,7.503798931099235,replay,13326.5830972034,136.24586817789825
GLM-5,100000,86,127.7952,11.887925581395349,7.503798931099235,replay,13326.5830972034,136.24586817789825
GLM-5,100000,91,127.7952,11.234742857142857,7.503798931099235,replay,13326.5830972034,136.24586817789825
GLM-5,100000,96,127.7952,10.6496,7.503798931099235,replay,13326.5830972034,136.24586817789825
GLM-5,100000,101,127.7952,10.122392079207922,7.503798931099235,replay,13326.5830972034,136.24586817789825
GLM-5,100000,106,127.7952,9.644920754716981,7.503798931099235,replay,13326.5830972034,136.24586817789825
GLM-5,100000,111,127.7952,9.210464864864864,7.503798931099235,replay,13326.5830972034,136.24586817789825
GLM-5,100000,116,127.7952,8.813462068965517,7.503798931099235,replay,13326.5830972034,136.24586817789825
GLM-5,100000,121,127.7952,8.449269421487603,7.503798931099235,replay,13326.5830972034,136.24586817789825
GLM-5,100000,126,127.7952,8.113980952380953,7.503798931099235,replay,13326.5830972034,136.24586817789825
GLM-5,100000,131,127.7952,7.8042870229007635,7.503798931099235,replay,13326.5830972034,136.24586817789825
GLM-5,100000,136,127.7952,7.517364705882353,7.503798931099235,replay,13326.5830972034,136.24586817789825
GLM-5,100000,141,127.7952,7.250791489361702,7.503798931099235,transmit,13326.5830972034,136.24586817789825
GLM-5,100000,146,127.7952,7.002476712328767,7.503798931099235,transmit,13326.5830972034,136.24586817789825
GLM-5,100000,151,127.7952,6.770606622516556,7.503798931099235,transmit,13326.5830972034,136.24586817789825
GLM-5,100000,156,127.7952,6.5536,7.503798931099235,transmit,13326.5830972034,136.24586817789825
GLM-5,100000,161,127.7952,6.350072049689441,7.503798931099235,transmit,13326.5830972034,136.24586817789825
GLM-5,100000,166,127.7952,6.158804819277108,7.503798931099235,transmit,13326.5830972034,136.24586817789825
GLM-5,100000,171,127.7952,5.978722807017544,7.503798931099235,transmit,13326.5830972034,136.24586817789825
GLM-5,100000,176,127.7952,5.808872727272727,7.503798931099235,transmit,13326.5830972034,136.24586817789825
GLM-5,100000,181,127.7952,5.648406629834255,7.503798931099235,transmit,13326.5830972034,136.24586817789825
GLM-5,100000,186,127.7952,5.4965677419354835,7.503798931099235,transmit,13326.5830972034,136.24586817789825
GLM-5,100000,191,127.7952,5.352678534031414,7.503798931099235,transmit,13326.5830972034,136.24586817789825
GLM-5,100000,196,127.7952,5.216130612244898,7.503798931099235,transmit,13326.5830972034,136.24586817789825
GLM-5,100000,201,127.7952,5.086376119402985,7.503798931099235,transmit,13326.5830972034,136.24586817789825
GLM-5,100000,206,127.7952,4.962920388349515,7.503798931099235,transmit,13326.5830972034,136.24586817789825
GLM-5,100000,211,127.7952,4.845315639810426,7.503798931099235,transmit,13326.5830972034,136.24586817789825
GLM-5,100000,216,127.7952,4.733155555555555,7.503798931099235,transmit,13326.5830972034,136.24586817789825
GLM-5,100000,221,127.7952,4.626070588235294,7.503798931099235,transmit,13326.5830972034,136.24586817789825
GLM-5,100000,226,127.7952,4.52372389380531,7.503798931099235,transmit,13326.5830972034,136.24586817789825
GLM-5,100000,231,127.7952,4.4258077922077925,7.503798931099235,transmit,13326.5830972034,136.24586817789825
GLM-5,100000,236,127.7952,4.332040677966102,7.503798931099235,transmit,13326.5830972034,136.24586817789825
GLM-5,100000,241,127.7952,4.242164315352697,7.503798931099235,transmit,13326.5830972034,136.24586817789825
GLM-5,100000,246,127.7952,4.155941463414634,7.503798931099235,transmit,13326.5830972034,136.24586817789825
GLM-5,100000,251,127.7952,4.0731537848605575,7.503798931099235,transmit,13326.5830972034,136.24586817789825
GLM-5,100000,256,127.7952,3.9936,7.503798931099235,transmit,13326.5830972034,136.24586817789825
GLM-5,100000,261,127.7952,3.917094252873563,7.503798931099235,transmit,13326.5830972034,136.24586817789825
GLM-5,100000,266,127.7952,3.8434646616541355,7.503798931099235,transmit,13326.5830972034,136.24586817789825
GLM-5,100000,271,127.7952,3.7725520295202952,7.503798931099235,transmit,13326.5830972034,136.24586817789825
GLM-5,100000,276,127.7952,3.704208695652174,7.503798931099235,transmit,13326.5830972034,136.24586817789825
GLM-5,100000,281,127.7952,3.6382975088967973,7.503798931099235,transmit,13326.5830972034,136.24586817789825
GLM-5,100000,286,127.7952,3.574690909090909,7.503798931099235,transmit,13326.5830972034,136.24586817789825
GLM-5,100000,291,127.7952,3.5132701030927835,7.503798931099235,transmit,13326.5830972034,136.24586817789825
GLM-5,100000,296,127.7952,3.4539243243243245,7.503798931099235,transmit,13326.5830972034,136.24586817789825
GLM-5,100000,301,127.7952,3.3965501661129567,7.503798931099235,transmit,13326.5830972034,136.24586817789825
GLM-5,100000,306,127.7952,3.341050980392157,7.503798931099235,transmit,13326.5830972034,136.24586817789825
GLM-5,100000,311,127.7952,3.2873363344051447,7.503798931099235,transmit,13326.5830972034,136.24586817789825
GLM-5,100000,316,127.7952,3.235321518987342,7.503798931099235,transmit,13326.5830972034,136.24586817789825
GLM-5,100000,321,127.7952,3.1849271028037385,7.503798931099235,transmit,13326.5830972034,136.24586817789825
GLM-5,100000,326,127.7952,3.136078527607362,7.503798931099235,transmit,13326.5830972034,136.24586817789825
GLM-5,100000,331,127.7952,3.0887057401812688,7.503798931099235,transmit,13326.5830972034,136.24586817789825
GLM-5,100000,336,127.7952,3.042742857142857,7.503798931099235,transmit,13326.5830972034,136.24586817789825
GLM-5,100000,341,127.7952,2.9981278592375364,7.503798931099235,transmit,13326.5830972034,136.24586817789825
GLM-5,100000,346,127.7952,2.954802312138728,7.503798931099235,transmit,13326.5830972034,136.24586817789825
GLM-5,100000,351,127.7952,2.9127111111111113,7.503798931099235,transmit,13326.5830972034,136.24586817789825
GLM-5,100000,356,127.7952,2.8718022471910114,7.503798931099235,transmit,13326.5830972034,136.24586817789825
GLM-5,100000,361,127.7952,2.832026592797784,7.503798931099235,transmit,13326.5830972034,136.24586817789825
GLM-5,100000,366,127.7952,2.7933377049180326,7.503798931099235,transmit,13326.5830972034,136.24586817789825
GLM-5,100000,371,127.7952,2.755691644204852,7.503798931099235,transmit,13326.5830972034,136.24586817789825
GLM-5,100000,376,127.7952,2.7190468085106385,7.503798931099235,transmit,13326.5830972034,136.24586817789825
GLM-5,100000,381,127.7952,2.683363779527559,7.503798931099235,transmit,13326.5830972034,136.24586817789825
GLM-5,100000,386,127.7952,2.64860518134715,7.503798931099235,transmit,13326.5830972034,136.24586817789825
GLM-5,100000,391,127.7952,2.614735549872123,7.503798931099235,transmit,13326.5830972034,136.24586817789825
GLM-5,100000,396,127.7952,2.581721212121212,7.503798931099235,transmit,13326.5830972034,136.24586817789825
GLM-5,100000,401,127.7952,2.549530174563591,7.503798931099235,transmit,13326.5830972034,136.24586817789825
GLM-5,100000,406,127.7952,2.5181320197044337,7.503798931099235,transmit,13326.5830972034,136.24586817789825
GLM-5,100000,411,127.7952,2.487497810218978,7.503798931099235,transmit,13326.5830972034,136.24586817789825
GLM-5,100000,416,127.7952,2.4576,7.503798931099235,transmit,13326.5830972034,136.24586817789825
GLM-5,100000,421,127.7952,2.428412351543943,7.503798931099235,transmit,13326.5830972034,136.24586817789825
GLM-5,100000,426,127.7952,2.3999098591549295,7.503798931099235,transmit,13326.5830972034,136.24586817789825
GLM-5,100000,431,127.7952,2.3720686774941995,7.503798931099235,transmit,13326.5830972034,136.24586817789825
GLM-5,100000,436,127.7952,2.3448660550458715,7.503798931099235,transmit,13326.5830972034,136.24586817789825
GLM-5,100000,441,127.7952,2.3182802721088436,7.503798931099235,transmit,13326.5830972034,136.24586817789825
GLM-5,100000,446,127.7952,2.2922905829596414,7.503798931099235,transmit,13326.5830972034,136.24586817789825
GLM-5,100000,451,127.7952,2.266877161862528,7.503798931099235,transmit,13326.5830972034,136.24586817789825
GLM-5,100000,456,127.7952,2.242021052631579,7.503798931099235,transmit,13326.5830972034,136.24586817789825
GLM-5,100000,461,127.7952,2.2177041214750544,7.503798931099235,transmit,13326.5830972034,136.24586817789825
GLM-5,100000,466,127.7952,2.1939090128755363,7.503798931099235,transmit,13326.5830972034,136.24586817789825
GLM-5,100000,471,127.7952,2.170619108280255,7.503798931099235,transmit,13326.5830972034,136.24586817789825
GLM-5,100000,476,127.7952,2.147818487394958,7.503798931099235,transmit,13326.5830972034,136.24586817789825
GLM-5,100000,481,127.7952,2.1254918918918917,7.503798931099235,transmit,13326.5830972034,136.24586817789825
GLM-5,100000,486,127.7952,2.1036246913580245,7.503798931099235,transmit,13326.5830972034,136.24586817789825
GLM-5,100000,491,127.7952,2.082202851323829,7.503798931099235,transmit,13326.5830972034,136.24586817789825
GLM-5,100000,496,127.7952,2.0612129032258064,7.503798931099235,transmit,13326.5830972034,136.24586817789825
GLM-5,100000,501,127.7952,2.0406419161676648,7.503798931099235,transmit,13326.5830972034,136.24586817789825
GLM-5,100000,506,127.7952,2.0204774703557313,7.503798931099235,transmit,13326.5830972034,136.24586817789825
GLM-5,100000,511,127.7952,2.0007076320939334,7.503798931099235,transmit,13326.5830972034,136.24586817789825
GLM-5,100000,516,127.7952,1.981320930232558,7.503798931099235,transmit,13326.5830972034,136.24586817789825
GLM-5,100000,521,127.7952,1.9623063339731286,7.503798931099235,transmit,13326.5830972034,136.24586817789825
GLM-5,100000,526,127.7952,1.9436532319391635,7.503798931099235,transmit,13326.5830972034,136.24586817789825
GLM-5,100000,531,127.7952,1.9253514124293785,7.503798931099235,transmit,13326.5830972034,136.24586817789825
GLM-5,100000,536,127.7952,1.9073910447761193,7.503798931099235,transmit,13326.5830972034,136.24586817789825
GLM-5,100000,541,127.7952,1.8897626617375232,7.503798931099235,transmit,13326.5830972034,136.24586817789825
GLM-5,100000,546,127.7952,1.8724571428571428,7.503798931099235,transmit,13326.5830972034,136.24586817789825
GLM-5,100000,551,127.7952,1.8554656987295826,7.503798931099235,transmit,13326.5830972034,136.24586817789825
GLM-5,100000,556,127.7952,1.8387798561151079,7.503798931099235,transmit,13326.5830972034,136.24586817789825
GLM-5,100000,561,127.7952,1.8223914438502673,7.503798931099235,transmit,13326.5830972034,136.24586817789825
GLM-5,100000,566,127.7952,1.8062925795053004,7.503798931099235,transmit,13326.5830972034,136.24586817789825
GLM-5,100000,571,127.7952,1.7904756567425568,7.503798931099235,transmit,13326.5830972034,136.24586817789825
GLM-5,100000,576,127.7952,1.7749333333333333,7.503798931099235,transmit,13326.5830972034,136.24586817789825
GLM-5,100000,581,127.7952,1.7596585197934596,7.503798931099235,transmit,13326.5830972034,136.24586817789825
GLM-5,100000,586,127.7952,1.7446443686006825,7.503798931099235,transmit,13326.5830972034,136.24586817789825
GLM-5,100000,591,127.7952,1.7298842639593908,7.503798931099235,transmit,13326.5830972034,136.24586817789825
GLM-5,100000,596,127.7952,1.715371812080537,7.503798931099235,transmit,13326.5830972034,136.24586817789825
GLM-5,100000,601,127.7952,1.7011008319467553,7.503798931099235,transmit,13326.5830972034,136.24586817789825
GLM-5,100000,606,127.7952,1.6870653465346535,7.503798931099235,transmit,13326.5830972034,136.24586817789825
GLM-5,100000,611,127.7952,1.6732595744680852,7.503798931099235,transmit,13326.5830972034,136.24586817789825
GLM-5,100000,616,127.7952,1.659677922077922,7.503798931099235,transmit,13326.5830972034,136.24586817789825
GLM-5,100000,621,127.7952,1.6463149758454105,7.503798931099235,transmit,13326.5830972034,136.24586817789825
GLM-5,100000,626,127.7952,1.6331654952076677,7.503798931099235,transmit,13326.5830972034,136.24586817789825
GLM-5,100000,631,127.7952,1.6202244057052297,7.503798931099235,transmit,13326.5830972034,136.24586817789825
GLM-5,100000,636,127.7952,1.6074867924528302,7.503798931099235,transmit,13326.5830972034,136.24586817789825
GLM-5,100000,641,127.7952,1.5949478939157566,7.503798931099235,transmit,13326.5830972034,136.24586817789825
GLM-5,100000,646,127.7952,1.5826030959752322,7.503798931099235,transmit,13326.5830972034,136.24586817789825
GLM-5,100000,651,127.7952,1.570447926267281,7.503798931099235,transmit,13326.5830972034,136.24586817789825
GLM-5,100000,656,127.7952,1.558478048780488,7.503798931099235,transmit,13326.5830972034,136.24586817789825
GLM-5,100000,661,127.7952,1.546689258698941,7.503798931099235,transmit,13326.5830972034,136.24586817789825
GLM-5,100000,666,127.7952,1.5350774774774776,7.503798931099235,transmit,13326.5830972034,136.24586817789825
GLM-5,100000,671,127.7952,1.5236387481371088,7.503798931099235,transmit,13326.5830972034,136.24586817789825
GLM-5,100000,676,127.7952,1.5123692307692307,7.503798931099235,transmit,13326.5830972034,136.24586817789825
GLM-5,100000,681,127.7952,1.5012651982378855,7.503798931099235,transmit,13326.5830972034,136.24586817789825
GLM-5,100000,686,127.7952,1.4903230320699707,7.503798931099235,transmit,13326.5830972034,136.24586817789825
GLM-5,100000,691,127.7952,1.4795392185238785,7.503798931099235,transmit,13326.5830972034,136.24586817789825
GLM-5,100000,696,127.7952,1.4689103448275862,7.503798931099235,transmit,13326.5830972034,136.24586817789825
GLM-5,100000,701,127.7952,1.458433095577746,7.503798931099235,transmit,13326.5830972034,136.24586817789825
GLM-5,100000,706,127.7952,1.4481042492917846,7.503798931099235,transmit,13326.5830972034,136.24586817789825
GLM-5,100000,711,127.7952,1.4379206751054852,7.503798931099235,transmit,13326.5830972034,136.24586817789825
GLM-5,100000,716,127.7952,1.4278793296089385,7.503798931099235,transmit,13326.5830972034,136.24586817789825
GLM-5,100000,721,127.7952,1.417977253814147,7.503798931099235,transmit,13326.5830972034,136.24586817789825
GLM-5,100000,726,127.7952,1.4082115702479339,7.503798931099235,transmit,13326.5830972034,136.24586817789825
GLM-5,100000,731,127.7952,1.3985794801641587,7.503798931099235,transmit,13326.5830972034,136.24586817789825
GLM-5,100000,736,127.7952,1.3890782608695653,7.503798931099235,transmit,13326.5830972034,136.24586817789825
GLM-5,100000,741,127.7952,1.3797052631578948,7.503798931099235,transmit,13326.5830972034,136.24586817789825
GLM-5,100000,746,127.7952,1.3704579088471849,7.503798931099235,transmit,13326.5830972034,136.24586817789825
GLM-5,100000,751,127.7952,1.361333688415446,7.503798931099235,transmit,13326.5830972034,136.24586817789825
GLM-5,100000,756,127.7952,1.3523301587301588,7.503798931099235,transmit,13326.5830972034,136.24586817789825
GLM-5,100000,761,127.7952,1.34344494086728,7.503798931099235,transmit,13326.5830972034,136.24586817789825
GLM-5,100000,766,127.7952,1.3346757180156659,7.503798931099235,transmit,13326.5830972034,136.24586817789825
GLM-5,100000,771,127.7952,1.326020233463035,7.503798931099235,transmit,13326.5830972034,136.24586817789825
GLM-5,100000,776,127.7952,1.3174762886597937,7.503798931099235,transmit,13326.5830972034,136.24586817789825
GLM-5,100000,781,127.7952,1.3090417413572344,7.503798931099235,transmit,13326.5830972034,136.24586817789825
GLM-5,100000,786,127.7952,1.300714503816794,7.503798931099235,transmit,13326.5830972034,136.24586817789825
GLM-5,100000,791,127.7952,1.2924925410872314,7.503798931099235,transmit,13326.5830972034,136.24586817789825
GLM-5,100000,796,127.7952,1.2843738693467337,7.503798931099235,transmit,13326.5830972034,136.24586817789825
GLM-5,100000,801,127.7952,1.276356554307116,7.503798931099235,transmit,13326.5830972034,136.24586817789825
GLM-5,100000,806,127.7952,1.2684387096774195,7.503798931099235,transmit,13326.5830972034,136.24586817789825
GLM-5,100000,811,127.7952,1.2606184956843403,7.503798931099235,transmit,13326.5830972034,136.24586817789825
GLM-5,100000,816,127.7952,1.2528941176470587,7.503798931099235,transmit,13326.5830972034,136.24586817789825
GLM-5,100000,821,127.7952,1.2452638246041412,7.503798931099235,transmit,13326.5830972034,136.24586817789825
GLM-5,100000,826,127.7952,1.2377259079903147,7.503798931099235,transmit,13326.5830972034,136.24586817789825
GLM-5,100000,831,127.7952,1.2302787003610107,7.503798931099235,transmit,13326.5830972034,136.24586817789825
GLM-5,100000,836,127.7952,1.2229205741626794,7.503798931099235,transmit,13326.5830972034,136.24586817789825
GLM-5,100000,841,127.7952,1.2156499405469678,7.503798931099235,transmit,13326.5830972034,136.24586817789825
GLM-5,100000,846,127.7952,1.2084652482269505,7.503798931099235,transmit,13326.5830972034,136.24586817789825
GLM-5,100000,851,127.7952,1.201364982373678,7.503798931099235,transmit,13326.5830972034,136.24586817789825
GLM-5,100000,856,127.7952,1.1943476635514019,7.503798931099235,transmit,13326.5830972034,136.24586817789825
GLM-5,100000,861,127.7952,1.1874118466898955,7.503798931099235,transmit,13326.5830972034,136.24586817789825
GLM-5,100000,866,127.7952,1.1805561200923786,7.503798931099235,transmit,13326.5830972034,136.24586817789825
GLM-5,100000,871,127.7952,1.173779104477612,7.503798931099235,transmit,13326.5830972034,136.24586817789825
GLM-5,100000,876,127.7952,1.1670794520547945,7.503798931099235,transmit,13326.5830972034,136.24586817789825
GLM-5,100000,881,127.7952,1.1604558456299658,7.503798931099235,transmit,13326.5830972034,136.24586817789825
GLM-5,100000,886,127.7952,1.1539069977426637,7.503798931099235,transmit,13326.5830972034,136.24586817789825
GLM-5,100000,891,127.7952,1.14743164983165,7.503798931099235,transmit,13326.5830972034,136.24586817789825
GLM-5,100000,896,127.7952,1.1410285714285715,7.503798931099235,transmit,13326.5830972034,136.24586817789825
GLM-5,100000,901,127.7952,1.1346965593784684,7.503798931099235,transmit,13326.5830972034,136.24586817789825
GLM-5,100000,906,127.7952,1.1284344370860928,7.503798931099235,transmit,13326.5830972034,136.24586817789825
GLM-5,100000,911,127.7952,1.1222410537870473,7.503798931099235,transmit,13326.5830972034,136.24586817789825
GLM-5,100000,916,127.7952,1.1161152838427948,7.503798931099235,transmit,13326.5830972034,136.24586817789825
GLM-5,100000,921,127.7952,1.1100560260586319,7.503798931099235,transmit,13326.5830972034,136.24586817789825
GLM-5,100000,926,127.7952,1.1040622030237581,7.503798931099235,transmit,13326.5830972034,136.24586817789825
GLM-5,100000,931,127.7952,1.09813276047261,7.503798931099235,transmit,13326.5830972034,136.24586817789825
GLM-5,100000,936,127.7952,1.0922666666666667,7.503798931099235,transmit,13326.5830972034,136.24586817789825
GLM-5,100000,941,127.7952,1.0864629117959617,7.503798931099235,transmit,13326.5830972034,136.24586817789825
GLM-5,100000,946,127.7952,1.0807205073995771,7.503798931099235,transmit,13326.5830972034,136.24586817789825
GLM-5,100000,951,127.7952,1.0750384858044164,7.503798931099235,transmit,13326.5830972034,136.24586817789825
GLM-5,100000,956,127.7952,1.06941589958159,7.503798931099235,transmit,13326.5830972034,136.24586817789825
GLM-5,100000,961,127.7952,1.0638518210197712,7.503798931099235,transmit,13326.5830972034,136.24586817789825
GLM-5,100000,966,127.7952,1.058345341614907,7.503798931099235,transmit,13326.5830972034,136.24586817789825
GLM-5,100000,971,127.7952,1.0528955715756951,7.503798931099235,transmit,13326.5830972034,136.24586817789825
GLM-5,100000,976,127.7952,1.0475016393442622,7.503798931099235,transmit,13326.5830972034,136.24586817789825
GLM-5,100000,981,127.7952,1.0421626911314985,7.503798931099235,transmit,13326.5830972034,136.24586817789825
GLM-5,100000,986,127.7952,1.0368778904665314,7.503798931099235,transmit,13326.5830972034,136.24586817789825
GLM-5,100000,991,127.7952,1.0316464177598386,7.503798931099235,transmit,13326.5830972034,136.24586817789825
GLM-5,100000,996,127.7952,1.026467469879518,7.503798931099235,transmit,13326.5830972034,136.24586817789825
GLM-5,1000000,1,1277.952,10223.616,75.03798931099234,replay,13326.5830972034,136.24586817789825
GLM-5,1000000,6,1277.952,1703.936,75.03798931099234,replay,13326.5830972034,136.24586817789825
GLM-5,1000000,11,1277.952,929.4196363636364,75.03798931099234,replay,13326.5830972034,136.24586817789825
GLM-5,1000000,16,1277.952,638.976,75.03798931099234,replay,13326.5830972034,136.24586817789825
GLM-5,1000000,21,1277.952,486.83885714285714,75.03798931099234,replay,13326.5830972034,136.24586817789825
GLM-5,1000000,26,1277.952,393.216,75.03798931099234,replay,13326.5830972034,136.24586817789825
GLM-5,1000000,31,1277.952,329.794064516129,75.03798931099234,replay,13326.5830972034,136.24586817789825
GLM-5,1000000,36,1277.952,283.9893333333333,75.03798931099234,replay,13326.5830972034,136.24586817789825
GLM-5,1000000,41,1277.952,249.35648780487804,75.03798931099234,replay,13326.5830972034,136.24586817789825
GLM-5,1000000,46,1277.952,222.25252173913043,75.03798931099234,replay,13326.5830972034,136.24586817789825
GLM-5,1000000,51,1277.952,200.46305882352942,75.03798931099234,replay,13326.5830972034,136.24586817789825
GLM-5,1000000,56,1277.952,182.56457142857144,75.03798931099234,replay,13326.5830972034,136.24586817789825
GLM-5,1000000,61,1277.952,167.60026229508196,75.03798931099234,replay,13326.5830972034,136.24586817789825
GLM-5,1000000,66,1277.952,154.90327272727274,75.03798931099234,replay,13326.5830972034,136.24586817789825
GLM-5,1000000,71,1277.952,143.99459154929576,75.03798931099234,replay,13326.5830972034,136.24586817789825
GLM-5,1000000,76,1277.952,134.52126315789474,75.03798931099234,replay,13326.5830972034,136.24586817789825
GLM-5,1000000,81,1277.952,126.21748148148149,75.03798931099234,replay,13326.5830972034,136.24586817789825
GLM-5,1000000,86,1277.952,118.87925581395349,75.03798931099234,replay,13326.5830972034,136.24586817789825
GLM-5,1000000,91,1277.952,112.34742857142857,75.03798931099234,replay,13326.5830972034,136.24586817789825
GLM-5,1000000,96,1277.952,106.496,75.03798931099234,replay,13326.5830972034,136.24586817789825
GLM-5,1000000,101,1277.952,101.22392079207921,75.03798931099234,replay,13326.5830972034,136.24586817789825
GLM-5,1000000,106,1277.952,96.4492075471698,75.03798931099234,replay,13326.5830972034,136.24586817789825
GLM-5,1000000,111,1277.952,92.10464864864865,75.03798931099234,replay,13326.5830972034,136.24586817789825
GLM-5,1000000,116,1277.952,88.13462068965518,75.03798931099234,replay,13326.5830972034,136.24586817789825
GLM-5,1000000,121,1277.952,84.49269421487604,75.03798931099234,replay,13326.5830972034,136.24586817789825
GLM-5,1000000,126,1277.952,81.13980952380952,75.03798931099234,replay,13326.5830972034,136.24586817789825
GLM-5,1000000,131,1277.952,78.04287022900763,75.03798931099234,replay,13326.5830972034,136.24586817789825
GLM-5,1000000,136,1277.952,75.17364705882353,75.03798931099234,replay,13326.5830972034,136.24586817789825
GLM-5,1000000,141,1277.952,72.50791489361703,75.03798931099234,transmit,13326.5830972034,136.24586817789825
GLM-5,1000000,146,1277.952,70.02476712328767,75.03798931099234,transmit,13326.5830972034,136.24586817789825
GLM-5,1000000,151,1277.952,67.70606622516556,75.03798931099234,transmit,13326.5830972034,136.24586817789825
GLM-5,1000000,156,1277.952,65.536,75.03798931099234,transmit,13326.5830972034,136.24586817789825
GLM-5,1000000,161,1277.952,63.50072049689441,75.03798931099234,transmit,13326.5830972034,136.24586817789825
GLM-5,1000000,166,1277.952,61.58804819277108,75.03798931099234,transmit,13326.5830972034,136.24586817789825
GLM-5,1000000,171,1277.952,59.78722807017544,75.03798931099234,transmit,13326.5830972034,136.24586817789825
GLM-5,1000000,176,1277.952,58.088727272727276,75.03798931099234,transmit,13326.5830972034,136.24586817789825
GLM-5,1000000,181,1277.952,56.48406629834254,75.03798931099234,transmit,13326.5830972034,136.24586817789825
GLM-5,1000000,186,1277.952,54.96567741935484,75.03798931099234,transmit,13326.5830972034,136.24586817789825
GLM-5,1000000,191,1277.952,53.526785340314134,75.03798931099234,transmit,13326.5830972034,136.24586817789825
GLM-5,1000000,196,1277.952,52.16130612244898,75.03798931099234,transmit,13326.5830972034,136.24586817789825
GLM-5,1000000,201,1277.952,50.86376119402985,75.03798931099234,transmit,13326.5830972034,136.24586817789825
GLM-5,1000000,206,1277.952,49.629203883495144,75.03798931099234,transmit,13326.5830972034,136.24586817789825
GLM-5,1000000,211,1277.952,48.45315639810426,75.03798931099234,transmit,13326.5830972034,136.24586817789825
GLM-5,1000000,216,1277.952,47.33155555555555,75.03798931099234,transmit,13326.5830972034,136.24586817789825
GLM-5,1000000,221,1277.952,46.260705882352944,75.03798931099234,transmit,13326.5830972034,136.24586817789825
GLM-5,1000000,226,1277.952,45.237238938053096,75.03798931099234,transmit,13326.5830972034,136.24586817789825
GLM-5,1000000,231,1277.952,44.25807792207792,75.03798931099234,transmit,13326.5830972034,136.24586817789825
GLM-5,1000000,236,1277.952,43.32040677966102,75.03798931099234,transmit,13326.5830972034,136.24586817789825
GLM-5,1000000,241,1277.952,42.42164315352697,75.03798931099234,transmit,13326.5830972034,136.24586817789825
GLM-5,1000000,246,1277.952,41.55941463414634,75.03798931099234,transmit,13326.5830972034,136.24586817789825
GLM-5,1000000,251,1277.952,40.731537848605576,75.03798931099234,transmit,13326.5830972034,136.24586817789825
GLM-5,1000000,256,1277.952,39.936,75.03798931099234,transmit,13326.5830972034,136.24586817789825
GLM-5,1000000,261,1277.952,39.17094252873563,75.03798931099234,transmit,13326.5830972034,136.24586817789825
GLM-5,1000000,266,1277.952,38.43464661654135,75.03798931099234,transmit,13326.5830972034,136.24586817789825
GLM-5,1000000,271,1277.952,37.725520295202955,75.03798931099234,transmit,13326.5830972034,136.24586817789825
GLM-5,1000000,276,1277.952,37.042086956521736,75.03798931099234,transmit,13326.5830972034,136.24586817789825
GLM-5,1000000,281,1277.952,36.382975088967974,75.03798931099234,transmit,13326.5830972034,136.24586817789825
GLM-5,1000000,286,1277.952,35.74690909090909,75.03798931099234,transmit,13326.5830972034,136.24586817789825
GLM-5,1000000,291,1277.952,35.132701030927834,75.03798931099234,transmit,13326.5830972034,136.24586817789825
GLM-5,1000000,296,1277.952,34.53924324324324,75.03798931099234,transmit,13326.5830972034,136.24586817789825
GLM-5,1000000,301,1277.952,33.965501661129565,75.03798931099234,transmit,13326.5830972034,136.24586817789825
GLM-5,1000000,306,1277.952,33.41050980392157,75.03798931099234,transmit,13326.5830972034,136.24586817789825
GLM-5,1000000,311,1277.952,32.87336334405145,75.03798931099234,transmit,13326.5830972034,136.24586817789825
GLM-5,1000000,316,1277.952,32.35321518987342,75.03798931099234,transmit,13326.5830972034,136.24586817789825
GLM-5,1000000,321,1277.952,31.849271028037382,75.03798931099234,transmit,13326.5830972034,136.24586817789825
GLM-5,1000000,326,1277.952,31.36078527607362,75.03798931099234,transmit,13326.5830972034,136.24586817789825
GLM-5,1000000,331,1277.952,30.88705740181269,75.03798931099234,transmit,13326.5830972034,136.24586817789825
GLM-5,1000000,336,1277.952,30.42742857142857,75.03798931099234,transmit,13326.5830972034,136.24586817789825
GLM-5,1000000,341,1277.952,29.981278592375368,75.03798931099234,transmit,13326.5830972034,136.24586817789825
GLM-5,1000000,346,1277.952,29.548023121387285,75.03798931099234,transmit,13326.5830972034,136.24586817789825
GLM-5,1000000,351,1277.952,29.127111111111113,75.03798931099234,transmit,13326.5830972034,136.24586817789825
GLM-5,1000000,356,1277.952,28.718022471910114,75.03798931099234,transmit,13326.5830972034,136.24586817789825
GLM-5,1000000,361,1277.952,28.32026592797784,75.03798931099234,transmit,13326.5830972034,136.24586817789825
GLM-5,1000000,366,1277.952,27.93337704918033,75.03798931099234,transmit,13326.5830972034,136.24586817789825
GLM-5,1000000,371,1277.952,27.556916442048518,75.03798931099234,transmit,13326.5830972034,136.24586817789825
GLM-5,1000000,376,1277.952,27.19046808510638,75.03798931099234,transmit,13326.5830972034,136.24586817789825
GLM-5,1000000,381,1277.952,26.83363779527559,75.03798931099234,transmit,13326.5830972034,136.24586817789825
GLM-5,1000000,386,1277.952,26.4860518134715,75.03798931099234,transmit,13326.5830972034,136.24586817789825
GLM-5,1000000,391,1277.952,26.14735549872123,75.03798931099234,transmit,13326.5830972034,136.24586817789825
GLM-5,1000000,396,1277.952,25.817212121212123,75.03798931099234,transmit,13326.5830972034,136.24586817789825
GLM-5,1000000,401,1277.952,25.49530174563591,75.03798931099234,transmit,13326.5830972034,136.24586817789825
GLM-5,1000000,406,1277.952,25.181320197044336,75.03798931099234,transmit,13326.5830972034,136.24586817789825
GLM-5,1000000,411,1277.952,24.874978102189782,75.03798931099234,transmit,13326.5830972034,136.24586817789825
GLM-5,1000000,416,1277.952,24.576,75.03798931099234,transmit,13326.5830972034,136.24586817789825
GLM-5,1000000,421,1277.952,24.28412351543943,75.03798931099234,transmit,13326.5830972034,136.24586817789825
GLM-5,1000000,426,1277.952,23.999098591549295,75.03798931099234,transmit,13326.5830972034,136.24586817789825
GLM-5,1000000,431,1277.952,23.720686774941996,75.03798931099234,transmit,13326.5830972034,136.24586817789825
GLM-5,1000000,436,1277.952,23.448660550458715,75.03798931099234,transmit,13326.5830972034,136.24586817789825
GLM-5,1000000,441,1277.952,23.182802721088436,75.03798931099234,transmit,13326.5830972034,136.24586817789825
GLM-5,1000000,446,1277.952,22.922905829596413,75.03798931099234,transmit,13326.5830972034,136.24586817789825
GLM-5,1000000,451,1277.952,22.66877161862528,75.03798931099234,transmit,13326.5830972034,136.24586817789825
GLM-5,1000000,456,1277.952,22.42021052631579,75.03798931099234,transmit,13326.5830972034,136.24586817789825
GLM-5,1000000,461,1277.952,22.177041214750542,75.03798931099234,transmit,13326.5830972034,136.24586817789825
GLM-5,1000000,466,1277.952,21.939090128755364,75.03798931099234,transmit,13326.5830972034,136.24586817789825
GLM-5,1000000,471,1277.952,21.706191082802547,75.03798931099234,transmit,13326.5830972034,136.24586817789825
GLM-5,1000000,476,1277.952,21.47818487394958,75.03798931099234,transmit,13326.5830972034,136.24586817789825
GLM-5,1000000,481,1277.952,21.254918918918918,75.03798931099234,transmit,13326.5830972034,136.24586817789825
GLM-5,1000000,486,1277.952,21.036246913580246,75.03798931099234,transmit,13326.5830972034,136.24586817789825
GLM-5,1000000,491,1277.952,20.82202851323829,75.03798931099234,transmit,13326.5830972034,136.24586817789825
GLM-5,1000000,496,1277.952,20.612129032258064,75.03798931099234,transmit,13326.5830972034,136.24586817789825
GLM-5,1000000,501,1277.952,20.406419161676645,75.03798931099234,transmit,13326.5830972034,136.24586817789825
GLM-5,1000000,506,1277.952,20.204774703557312,75.03798931099234,transmit,13326.5830972034,136.24586817789825
GLM-5,1000000,511,1277.952,20.007076320939333,75.03798931099234,transmit,13326.5830972034,136.24586817789825
GLM-5,1000000,516,1277.952,19.813209302325582,75.03798931099234,transmit,13326.5830972034,136.24586817789825
GLM-5,1000000,521,1277.952,19.623063339731285,75.03798931099234,transmit,13326.5830972034,136.24586817789825
GLM-5,1000000,526,1277.952,19.436532319391635,75.03798931099234,transmit,13326.5830972034,136.24586817789825
GLM-5,1000000,531,1277.952,19.253514124293787,75.03798931099234,transmit,13326.5830972034,136.24586817789825
GLM-5,1000000,536,1277.952,19.073910447761193,75.03798931099234,transmit,13326.5830972034,136.24586817789825
GLM-5,1000000,541,1277.952,18.89762661737523,75.03798931099234,transmit,13326.5830972034,136.24586817789825
GLM-5,1000000,546,1277.952,18.72457142857143,75.03798931099234,transmit,13326.5830972034,136.24586817789825
GLM-5,1000000,551,1277.952,18.554656987295825,75.03798931099234,transmit,13326.5830972034,136.24586817789825
GLM-5,1000000,556,1277.952,18.38779856115108,75.03798931099234,transmit,13326.5830972034,136.24586817789825
GLM-5,1000000,561,1277.952,18.223914438502675,75.03798931099234,transmit,13326.5830972034,136.24586817789825
GLM-5,1000000,566,1277.952,18.062925795053005,75.03798931099234,transmit,13326.5830972034,136.24586817789825
GLM-5,1000000,571,1277.952,17.90475656742557,75.03798931099234,transmit,13326.5830972034,136.24586817789825
GLM-5,1000000,576,1277.952,17.749333333333333,75.03798931099234,transmit,13326.5830972034,136.24586817789825
GLM-5,1000000,581,1277.952,17.596585197934594,75.03798931099234,transmit,13326.5830972034,136.24586817789825
GLM-5,1000000,586,1277.952,17.446443686006827,75.03798931099234,transmit,13326.5830972034,136.24586817789825
GLM-5,1000000,591,1277.952,17.298842639593907,75.03798931099234,transmit,13326.5830972034,136.24586817789825
GLM-5,1000000,596,1277.952,17.15371812080537,75.03798931099234,transmit,13326.5830972034,136.24586817789825
GLM-5,1000000,601,1277.952,17.011008319467553,75.03798931099234,transmit,13326.5830972034,136.24586817789825
GLM-5,1000000,606,1277.952,16.870653465346535,75.03798931099234,transmit,13326.5830972034,136.24586817789825
GLM-5,1000000,611,1277.952,16.73259574468085,75.03798931099234,transmit,13326.5830972034,136.24586817789825
GLM-5,1000000,616,1277.952,16.596779220779222,75.03798931099234,transmit,13326.5830972034,136.24586817789825
GLM-5,1000000,621,1277.952,16.463149758454108,75.03798931099234,transmit,13326.5830972034,136.24586817789825
GLM-5,1000000,626,1277.952,16.331654952076676,75.03798931099234,transmit,13326.5830972034,136.24586817789825
GLM-5,1000000,631,1277.952,16.202244057052297,75.03798931099234,transmit,13326.5830972034,136.24586817789825
GLM-5,1000000,636,1277.952,16.074867924528302,75.03798931099234,transmit,13326.5830972034,136.24586817789825
GLM-5,1000000,641,1277.952,15.949478939157567,75.03798931099234,transmit,13326.5830972034,136.24586817789825
GLM-5,1000000,646,1277.952,15.826030959752321,75.03798931099234,transmit,13326.5830972034,136.24586817789825
GLM-5,1000000,651,1277.952,15.70447926267281,75.03798931099234,transmit,13326.5830972034,136.24586817789825
GLM-5,1000000,656,1277.952,15.584780487804878,75.03798931099234,transmit,13326.5830972034,136.24586817789825
GLM-5,1000000,661,1277.952,15.46689258698941,75.03798931099234,transmit,13326.5830972034,136.24586817789825
GLM-5,1000000,666,1277.952,15.350774774774775,75.03798931099234,transmit,13326.5830972034,136.24586817789825
GLM-5,1000000,671,1277.952,15.236387481371088,75.03798931099234,transmit,13326.5830972034,136.24586817789825
GLM-5,1000000,676,1277.952,15.123692307692307,75.03798931099234,transmit,13326.5830972034,136.24586817789825
GLM-5,1000000,681,1277.952,15.012651982378854,75.03798931099234,transmit,13326.5830972034,136.24586817789825
GLM-5,1000000,686,1277.952,14.90323032069971,75.03798931099234,transmit,13326.5830972034,136.24586817789825
GLM-5,1000000,691,1277.952,14.795392185238784,75.03798931099234,transmit,13326.5830972034,136.24586817789825
GLM-5,1000000,696,1277.952,14.689103448275862,75.03798931099234,transmit,13326.5830972034,136.24586817789825
GLM-5,1000000,701,1277.952,14.58433095577746,75.03798931099234,transmit,13326.5830972034,136.24586817789825
GLM-5,1000000,706,1277.952,14.481042492917847,75.03798931099234,transmit,13326.5830972034,136.24586817789825
GLM-5,1000000,711,1277.952,14.379206751054852,75.03798931099234,transmit,13326.5830972034,136.24586817789825
GLM-5,1000000,716,1277.952,14.278793296089386,75.03798931099234,transmit,13326.5830972034,136.24586817789825
GLM-5,1000000,721,1277.952,14.17977253814147,75.03798931099234,transmit,13326.5830972034,136.24586817789825
GLM-5,1000000,726,1277.952,14.082115702479339,75.03798931099234,transmit,13326.5830972034,136.24586817789825
GLM-5,1000000,731,1277.952,13.985794801641587,75.03798931099234,transmit,13326.5830972034,136.24586817789825
GLM-5,1000000,736,1277.952,13.890782608695652,75.03798931099234,transmit,13326.5830972034,136.24586817789825
GLM-5,1000000,741,1277.952,13.797052631578948,75.03798931099234,transmit,13326.5830972034,136.24586817789825
GLM-5,1000000,746,1277.952,13.70457908847185,75.03798931099234,transmit,13326.5830972034,136.24586817789825
GLM-5,1000000,751,1277.952,13.61333688415446,75.03798931099234,transmit,13326.5830972034,136.24586817789825
GLM-5,1000000,756,1277.952,13.523301587301587,75.03798931099234,transmit,13326.5830972034,136.24586817789825
GLM-5,1000000,761,1277.952,13.4344494086728,75.03798931099234,transmit,13326.5830972034,136.24586817789825
GLM-5,1000000,766,1277.952,13.346757180156658,75.03798931099234,transmit,13326.5830972034,136.24586817789825
GLM-5,1000000,771,1277.952,13.26020233463035,75.03798931099234,transmit,13326.5830972034,136.24586817789825
GLM-5,1000000,776,1277.952,13.174762886597938,75.03798931099234,transmit,13326.5830972034,136.24586817789825
GLM-5,1000000,781,1277.952,13.090417413572343,75.03798931099234,transmit,13326.5830972034,136.24586817789825
GLM-5,1000000,786,1277.952,13.00714503816794,75.03798931099234,transmit,13326.5830972034,136.24586817789825
GLM-5,1000000,791,1277.952,12.924925410872314,75.03798931099234,transmit,13326.5830972034,136.24586817789825
GLM-5,1000000,796,1277.952,12.843738693467337,75.03798931099234,transmit,13326.5830972034,136.24586817789825
GLM-5,1000000,801,1277.952,12.763565543071161,75.03798931099234,transmit,13326.5830972034,136.24586817789825
GLM-5,1000000,806,1277.952,12.684387096774193,75.03798931099234,transmit,13326.5830972034,136.24586817789825
GLM-5,1000000,811,1277.952,12.606184956843403,75.03798931099234,transmit,13326.5830972034,136.24586817789825
GLM-5,1000000,816,1277.952,12.528941176470589,75.03798931099234,transmit,13326.5830972034,136.24586817789825
GLM-5,1000000,821,1277.952,12.452638246041413,75.03798931099234,transmit,13326.5830972034,136.24586817789825
GLM-5,1000000,826,1277.952,12.377259079903148,75.03798931099234,transmit,13326.5830972034,136.24586817789825
GLM-5,1000000,831,1277.952,12.302787003610108,75.03798931099234,transmit,13326.5830972034,136.24586817789825
GLM-5,1000000,836,1277.952,12.229205741626794,75.03798931099234,transmit,13326.5830972034,136.24586817789825
GLM-5,1000000,841,1277.952,12.15649940546968,75.03798931099234,transmit,13326.5830972034,136.24586817789825
GLM-5,1000000,846,1277.952,12.084652482269503,75.03798931099234,transmit,13326.5830972034,136.24586817789825
GLM-5,1000000,851,1277.952,12.013649823736781,75.03798931099234,transmit,13326.5830972034,136.24586817789825
GLM-5,1000000,856,1277.952,11.943476635514019,75.03798931099234,transmit,13326.5830972034,136.24586817789825
GLM-5,1000000,861,1277.952,11.874118466898954,75.03798931099234,transmit,13326.5830972034,136.24586817789825
GLM-5,1000000,866,1277.952,11.805561200923787,75.03798931099234,transmit,13326.5830972034,136.24586817789825
GLM-5,1000000,871,1277.952,11.73779104477612,75.03798931099234,transmit,13326.5830972034,136.24586817789825
GLM-5,1000000,876,1277.952,11.670794520547945,75.03798931099234,transmit,13326.5830972034,136.24586817789825
GLM-5,1000000,881,1277.952,11.60455845629966,75.03798931099234,transmit,13326.5830972034,136.24586817789825
GLM-5,1000000,886,1277.952,11.539069977426637,75.03798931099234,transmit,13326.5830972034,136.24586817789825
GLM-5,1000000,891,1277.952,11.4743164983165,75.03798931099234,transmit,13326.5830972034,136.24586817789825
GLM-5,1000000,896,1277.952,11.410285714285715,75.03798931099234,transmit,13326.5830972034,136.24586817789825
GLM-5,1000000,901,1277.952,11.346965593784685,75.03798931099234,transmit,13326.5830972034,136.24586817789825
GLM-5,1000000,906,1277.952,11.284344370860927,75.03798931099234,transmit,13326.5830972034,136.24586817789825
GLM-5,1000000,911,1277.952,11.222410537870472,75.03798931099234,transmit,13326.5830972034,136.24586817789825
GLM-5,1000000,916,1277.952,11.161152838427947,75.03798931099234,transmit,13326.5830972034,136.24586817789825
GLM-5,1000000,921,1277.952,11.100560260586319,75.03798931099234,transmit,13326.5830972034,136.24586817789825
GLM-5,1000000,926,1277.952,11.04062203023758,75.03798931099234,transmit,13326.5830972034,136.24586817789825
GLM-5,1000000,931,1277.952,10.9813276047261,75.03798931099234,transmit,13326.5830972034,136.24586817789825
GLM-5,1000000,936,1277.952,10.922666666666666,75.03798931099234,transmit,13326.5830972034,136.24586817789825
GLM-5,1000000,941,1277.952,10.864629117959618,75.03798931099234,transmit,13326.5830972034,136.24586817789825
GLM-5,1000000,946,1277.952,10.807205073995771,75.03798931099234,transmit,13326.5830972034,136.24586817789825
GLM-5,1000000,951,1277.952,10.750384858044164,75.03798931099234,transmit,13326.5830972034,136.24586817789825
GLM-5,1000000,956,1277.952,10.694158995815899,75.03798931099234,transmit,13326.5830972034,136.24586817789825
GLM-5,1000000,961,1277.952,10.638518210197711,75.03798931099234,transmit,13326.5830972034,136.24586817789825
GLM-5,1000000,966,1277.952,10.583453416149068,75.03798931099234,transmit,13326.5830972034,136.24586817789825
GLM-5,1000000,971,1277.952,10.528955715756952,75.03798931099234,transmit,13326.5830972034,136.24586817789825
GLM-5,1000000,976,1277.952,10.475016393442623,75.03798931099234,transmit,13326.5830972034,136.24586817789825
GLM-5,1000000,981,1277.952,10.421626911314984,75.03798931099234,transmit,13326.5830972034,136.24586817789825
GLM-5,1000000,986,1277.952,10.368778904665314,75.03798931099234,transmit,13326.5830972034,136.24586817789825
GLM-5,1000000,991,1277.952,10.316464177598386,75.03798931099234,transmit,13326.5830972034,136.24586817789825
GLM-5,1000000,996,1277.952,10.264674698795181,75.03798931099234,transmit,13326.5830972034,136.24586817789825
Qwen3-235B-A22B,1000,1,0.192512,1.540096,0.12711945688285425,replay,7866.616366380015,12.115344399396397
Qwen3-235B-A22B,1000,6,0.192512,0.25668266666666667,0.12711945688285425,replay,7866.616366380015,12.115344399396397
Qwen3-235B-A22B,1000,11,0.192512,0.14000872727272728,0.12711945688285425,replay,7866.616366380015,12.115344399396397
Qwen3-235B-A22B,1000,16,0.192512,0.096256,0.12711945688285425,transmit,7866.616366380015,12.115344399396397
Qwen3-235B-A22B,1000,21,0.192512,0.07333790476190476,0.12711945688285425,transmit,7866.616366380015,12.115344399396397
Qwen3-235B-A22B,1000,26,0.192512,0.05923446153846154,0.12711945688285425,transmit,7866.616366380015,12.115344399396397
Qwen3-235B-A22B,1000,31,0.192512,0.04968051612903226,0.12711945688285425,transmit,7866.616366380015,12.115344399396397
Qwen3-235B-A22B,1000,36,0.192512,0.04278044444444445,0.12711945688285425,transmit,7866.616366380015,12.115344399396397
Qwen3-235B-A22B,1000,41,0.192512,0.03756331707317073,0.12711945688285425,transmit,7866.616366380015,12.115344399396397
Qwen3-235B-A22B,1000,46,0.192512,0.033480347826086956,0.12711945688285425,transmit,7866.616366380015,12.115344399396397
Qwen3-235B-A22B,1000,51,0.192512,0.030197960784313724,0.12711945688285425,transmit,7866.616366380015,12.115344399396397
Qwen3-235B-A22B,1000,56,0.192512,0.027501714285714286,0.12711945688285425,transmit,7866.616366380015,12.115344399396397
Qwen3-235B-A22B,1000,61,0.192512,0.025247475409836066,0.12711945688285425,transmit,7866.616366380015,12.115344399396397
Qwen3-235B-A22B,1000,66,0.192512,0.02333478787878788,0.12711945688285425,transmit,7866.616366380015,12.115344399396397
Qwen3-235B-A22B,1000,71,0.192512,0.02169149295774648,0.12711945688285425,transmit,7866.616366380015,12.115344399396397
Qwen3-235B-A22B,1000,76,0.192512,0.020264421052631577,0.12711945688285425,transmit,7866.616366380015,12.115344399396397
Qwen3-235B-A22B,1000,81,0.192512,0.01901353086419753,0.12711945688285425,transmit,7866.616366380015,12.115344399396397
Qwen3-235B-A22B,1000,86,0.192512,0.017908093023255814,0.12711945688285425,transmit,7866.616366380015,12.115344399396397
Qwen3-235B-A22B,1000,91,0.192512,0.016924131868131867,0.12711945688285425,transmit,7866.616366380015,12.115344399396397
Qwen3-235B-A22B,1000,96,0.192512,0.016042666666666667,0.12711945688285425,transmit,7866.616366380015,12.115344399396397
Qwen3-235B-A22B,1000,101,0.192512,0.015248475247524752,0.12711945688285425,transmit,7866.616366380015,12.115344399396397
Qwen3-235B-A22B,1000,106,0.192512,0.014529207547169812,0.12711945688285425,transmit,7866.616366380015,12.115344399396397
Qwen3-235B-A22B,1000,111,0.192512,0.013874738738738738,0.12711945688285425,transmit,7866.616366380015,12.115344399396397
Qwen3-235B-A22B,1000,116,0.192512,0.013276689655172414,0.12711945688285425,transmit,7866.616366380015,12.115344399396397
Qwen3-235B-A22B,1000,121,0.192512,0.012728066115702479,0.12711945688285425,transmit,7866.616366380015,12.115344399396397
Qwen3-235B-A22B,1000,126,0.192512,0.012222984126984127,0.12711945688285425,transmit,7866.616366380015,12.115344399396397
Qwen3-235B-A22B,1000,131,0.192512,0.011756458015267176,0.12711945688285425,transmit,7866.616366380015,12.115344399396397
Qwen3-235B-A22B,1000,136,0.192512,0.011324235294117647,0.12711945688285425,transmit,7866.616366380015,12.115344399396397
Qwen3-235B-A22B,1000,141,0.192512,0.010922666666666667,0.12711945688285425,transmit,7866.616366380015,12.115344399396397
Qwen3-235B-A22B,1000,146,0.192512,0.010548602739726028,0.12711945688285425,transmit,7866.616366380015,12.115344399396397
Qwen3-235B-A22B,1000,151,0.192512,0.010199311258278146,0.12711945688285425,transmit,7866.616366380015,12.115344399396397
Qwen3-235B-A22B,1000,156,0.192512,0.009872410256410256,0.12711945688285425,transmit,7866.616366380015,12.115344399396397
Qwen3-235B-A22B,1000,161,0.192512,0.009565813664596273,0.12711945688285425,transmit,7866.616366380015,12.115344399396397
Qwen3-235B-A22B,1000,166,0.192512,0.009277686746987953,0.12711945688285425,transmit,7866.616366380015,12.115344399396397
Qwen3-235B-A22B,1000,171,0.192512,0.009006409356725146,0.12711945688285425,transmit,7866.616366380015,12.115344399396397
Qwen3-235B-A22B,1000,176,0.192512,0.008750545454545455,0.12711945688285425,transmit,7866.616366380015,12.115344399396397
Qwen3-235B-A22B,1000,181,0.192512,0.00850881767955801,0.12711945688285425,transmit,7866.616366380015,12.115344399396397
Qwen3-235B-A22B,1000,186,0.192512,0.008280086021505376,0.12711945688285425,transmit,7866.616366380015,12.115344399396397
Qwen3-235B-A22B,1000,191,0.192512,0.008063329842931937,0.12711945688285425,transmit,7866.616366380015,12.115344399396397
Qwen3-235B-A22B,1000,196,0.192512,0.007857632653061225,0.12711945688285425,transmit,7866.616366380015,12.115344399396397
Qwen3-235B-A22B,1000,201,0.192512,0.007662169154228855,0.12711945688285425,transmit,7866.616366380015,12.115344399396397
Qwen3-235B-A22B,1000,206,0.192512,0.007476194174757282,0.12711945688285425,transmit,7866.616366380015,12.115344399396397
Qwen3-235B-A22B,1000,211,0.192512,0.0072990331753554506,0.12711945688285425,transmit,7866.616366380015,12.115344399396397
Qwen3-235B-A22B,1000,216,0.192512,0.007130074074074074,0.12711945688285425,transmit,7866.616366380015,12.115344399396397
Qwen3-235B-A22B,1000,221,0.192512,0.006968760180995475,0.12711945688285425,transmit,7866.616366380015,12.115344399396397
Qwen3-235B-A22B,1000,226,0.192512,0.00681458407079646,0.12711945688285425,transmit,7866.616366380015,12.115344399396397
Qwen3-235B-A22B,1000,231,0.192512,0.006667082251082251,0.12711945688285425,transmit,7866.616366380015,12.115344399396397
Qwen3-235B-A22B,1000,236,0.192512,0.0065258305084745765,0.12711945688285425,transmit,7866.616366380015,12.115344399396397
Qwen3-235B-A22B,1000,241,0.192512,0.006390439834024896,0.12711945688285425,transmit,7866.616366380015,12.115344399396397
Qwen3-235B-A22B,1000,246,0.192512,0.006260552845528455,0.12711945688285425,transmit,7866.616366380015,12.115344399396397
Qwen3-235B-A22B,1000,251,0.192512,0.0061358406374501994,0.12711945688285425,transmit,7866.616366380015,12.115344399396397
Qwen3-235B-A22B,1000,256,0.192512,0.006016,0.12711945688285425,transmit,7866.616366380015,12.115344399396397
Qwen3-235B-A22B,1000,261,0.192512,0.005900750957854406,0.12711945688285425,transmit,7866.616366380015,12.115344399396397
Qwen3-235B-A22B,1000,266,0.192512,0.005789834586466165,0.12711945688285425,transmit,7866.616366380015,12.115344399396397
Qwen3-235B-A22B,1000,271,0.192512,0.005683011070110701,0.12711945688285425,transmit,7866.616366380015,12.115344399396397
Qwen3-235B-A22B,1000,276,0.192512,0.005580057971014493,0.12711945688285425,transmit,7866.616366380015,12.115344399396397
Qwen3-235B-A22B,1000,281,0.192512,0.005480768683274021,0.12711945688285425,transmit,7866.616366380015,12.115344399396397
Qwen3-235B-A22B,1000,286,0.192512,0.005384951048951049,0.12711945688285425,transmit,7866.616366380015,12.115344399396397
Qwen3-235B-A22B,1000,291,0.192512,0.005292426116838488,0.12711945688285425,transmit,7866.616366380015,12.115344399396397
Qwen3-235B-A22B,1000,296,0.192512,0.005203027027027027,0.12711945688285425,transmit,7866.616366380015,12.115344399396397
Qwen3-235B-A22B,1000,301,0.192512,0.005116598006644518,0.12711945688285425,transmit,7866.616366380015,12.115344399396397
Qwen3-235B-A22B,1000,306,0.192512,0.005032993464052287,0.12711945688285425,transmit,7866.616366380015,12.115344399396397
Qwen3-235B-A22B,1000,311,0.192512,0.004952077170418006,0.12711945688285425,transmit,7866.616366380015,12.115344399396397
Qwen3-235B-A22B,1000,316,0.192512,0.004873721518987342,0.12711945688285425,transmit,7866.616366380015,12.115344399396397
Qwen3-235B-A22B,1000,321,0.192512,0.004797806853582554,0.12711945688285425,transmit,7866.616366380015,12.115344399396397
Qwen3-235B-A22B,1000,326,0.192512,0.004724220858895706,0.12711945688285425,transmit,7866.616366380015,12.115344399396397
Qwen3-235B-A22B,1000,331,0.192512,0.004652858006042296,0.12711945688285425,transmit,7866.616366380015,12.115344399396397
Qwen3-235B-A22B,1000,336,0.192512,0.004583619047619047,0.12711945688285425,transmit,7866.616366380015,12.115344399396397
Qwen3-235B-A22B,1000,341,0.192512,0.004516410557184751,0.12711945688285425,transmit,7866.616366380015,12.115344399396397
Qwen3-235B-A22B,1000,346,0.192512,0.00445114450867052,0.12711945688285425,transmit,7866.616366380015,12.115344399396397
Qwen3-235B-A22B,1000,351,0.192512,0.004387737891737892,0.12711945688285425,transmit,7866.616366380015,12.115344399396397
Qwen3-235B-A22B,1000,356,0.192512,0.004326112359550562,0.12711945688285425,transmit,7866.616366380015,12.115344399396397
Qwen3-235B-A22B,1000,361,0.192512,0.0042661939058171745,0.12711945688285425,transmit,7866.616366380015,12.115344399396397
Qwen3-235B-A22B,1000,366,0.192512,0.004207912568306011,0.12711945688285425,transmit,7866.616366380015,12.115344399396397
Qwen3-235B-A22B,1000,371,0.192512,0.004151202156334232,0.12711945688285425,transmit,7866.616366380015,12.115344399396397
Qwen3-235B-A22B,1000,376,0.192512,0.004096,0.12711945688285425,transmit,7866.616366380015,12.115344399396397
Qwen3-235B-A22B,1000,381,0.192512,0.004042246719160105,0.12711945688285425,transmit,7866.616366380015,12.115344399396397
Qwen3-235B-A22B,1000,386,0.192512,0.003989886010362694,0.12711945688285425,transmit,7866.616366380015,12.115344399396397
Qwen3-235B-A22B,1000,391,0.192512,0.003938864450127877,0.12711945688285425,transmit,7866.616366380015,12.115344399396397
Qwen3-235B-A22B,1000,396,0.192512,0.003889131313131313,0.12711945688285425,transmit,7866.616366380015,12.115344399396397
Qwen3-235B-A22B,1000,401,0.192512,0.003840638403990025,0.12711945688285425,transmit,7866.616366380015,12.115344399396397
Qwen3-235B-A22B,1000,406,0.192512,0.0037933399014778327,0.12711945688285425,transmit,7866.616366380015,12.115344399396397
Qwen3-235B-A22B,1000,411,0.192512,0.003747192214111922,0.12711945688285425,transmit,7866.616366380015,12.115344399396397
Qwen3-235B-A22B,1000,416,0.192512,0.0037021538461538463,0.12711945688285425,transmit,7866.616366380015,12.115344399396397
Qwen3-235B-A22B,1000,421,0.192512,0.003658185273159145,0.12711945688285425,transmit,7866.616366380015,12.115344399396397
Qwen3-235B-A22B,1000,426,0.192512,0.00361524882629108,0.12711945688285425,transmit,7866.616366380015,12.115344399396397
Qwen3-235B-A22B,1000,431,0.192512,0.003573308584686775,0.12711945688285425,transmit,7866.616366380015,12.115344399396397
Qwen3-235B-A22B,1000,436,0.192512,0.0035323302752293577,0.12711945688285425,transmit,7866.616366380015,12.115344399396397
Qwen3-235B-A22B,1000,441,0.192512,0.003492281179138322,0.12711945688285425,transmit,7866.616366380015,12.115344399396397
Qwen3-235B-A22B,1000,446,0.192512,0.0034531300448430494,0.12711945688285425,transmit,7866.616366380015,12.115344399396397
Qwen3-235B-A22B,1000,451,0.192512,0.0034148470066518847,0.12711945688285425,transmit,7866.616366380015,12.115344399396397
Qwen3-235B-A22B,1000,456,0.192512,0.0033774035087719297,0.12711945688285425,transmit,7866.616366380015,12.115344399396397
Qwen3-235B-A22B,1000,461,0.192512,0.0033407722342733187,0.12711945688285425,transmit,7866.616366380015,12.115344399396397
Qwen3-235B-A22B,1000,466,0.192512,0.0033049270386266093,0.12711945688285425,transmit,7866.616366380015,12.115344399396397
Qwen3-235B-A22B,1000,471,0.192512,0.003269842887473461,0.12711945688285425,transmit,7866.616366380015,12.115344399396397
Qwen3-235B-A22B,1000,476,0.192512,0.003235495798319328,0.12711945688285425,transmit,7866.616366380015,12.115344399396397
Qwen3-235B-A22B,1000,481,0.192512,0.003201862785862786,0.12711945688285425,transmit,7866.616366380015,12.115344399396397
Qwen3-235B-A22B,1000,486,0.192512,0.0031689218106995885,0.12711945688285425,transmit,7866.616366380015,12.115344399396397
Qwen3-235B-A22B,1000,491,0.192512,0.003136651731160896,0.12711945688285425,transmit,7866.616366380015,12.115344399396397
Qwen3-235B-A22B,1000,496,0.192512,0.003105032258064516,0.12711945688285425,transmit,7866.616366380015,12.115344399396397
Qwen3-235B-A22B,1000,501,0.192512,0.0030740439121756486,0.12711945688285425,transmit,7866.616366380015,12.115344399396397
Qwen3-235B-A22B,1000,506,0.192512,0.003043667984189723,0.12711945688285425,transmit,7866.616366380015,12.115344399396397
Qwen3-235B-A22B,1000,511,0.192512,0.003013886497064579,0.12711945688285425,transmit,7866.616366380015,12.115344399396397
Qwen3-235B-A22B,1000,516,0.192512,0.002984682170542636,0.12711945688285425,transmit,7866.616366380015,12.115344399396397
Qwen3-235B-A22B,1000,521,0.192512,0.002956038387715931,0.12711945688285425,transmit,7866.616366380015,12.115344399396397
Qwen3-235B-A22B,1000,526,0.192512,0.002927939163498099,0.12711945688285425,transmit,7866.616366380015,12.115344399396397
Qwen3-235B-A22B,1000,531,0.192512,0.0029003691148775895,0.12711945688285425,transmit,7866.616366380015,12.115344399396397
Qwen3-235B-A22B,1000,536,0.192512,0.0028733134328358207,0.12711945688285425,transmit,7866.616366380015,12.115344399396397
Qwen3-235B-A22B,1000,541,0.192512,0.002846757855822551,0.12711945688285425,transmit,7866.616366380015,12.115344399396397
Qwen3-235B-A22B,1000,546,0.192512,0.0028206886446886445,0.12711945688285425,transmit,7866.616366380015,12.115344399396397
Qwen3-235B-A22B,1000,551,0.192512,0.002795092558983666,0.12711945688285425,transmit,7866.616366380015,12.115344399396397
Qwen3-235B-A22B,1000,556,0.192512,0.0027699568345323743,0.12711945688285425,transmit,7866.616366380015,12.115344399396397
Qwen3-235B-A22B,1000,561,0.192512,0.0027452691622103387,0.12711945688285425,transmit,7866.616366380015,12.115344399396397
Qwen3-235B-A22B,1000,566,0.192512,0.002721017667844523,0.12711945688285425,transmit,7866.616366380015,12.115344399396397
Qwen3-235B-A22B,1000,571,0.192512,0.0026971908931698774,0.12711945688285425,transmit,7866.616366380015,12.115344399396397
Qwen3-235B-A22B,1000,576,0.192512,0.002673777777777778,0.12711945688285425,transmit,7866.616366380015,12.115344399396397
Qwen3-235B-A22B,1000,581,0.192512,0.0026507676419965575,0.12711945688285425,transmit,7866.616366380015,12.115344399396397
Qwen3-235B-A22B,1000,586,0.192512,0.002628150170648464,0.12711945688285425,transmit,7866.616366380015,12.115344399396397
Qwen3-235B-A22B,1000,591,0.192512,0.0026059153976311336,0.12711945688285425,transmit,7866.616366380015,12.115344399396397
Qwen3-235B-A22B,1000,596,0.192512,0.002584053691275168,0.12711945688285425,transmit,7866.616366380015,12.115344399396397
Qwen3-235B-A22B,1000,601,0.192512,0.002562555740432612,0.12711945688285425,transmit,7866.616366380015,12.115344399396397
Qwen3-235B-A22B,1000,606,0.192512,0.0025414125412541256,0.12711945688285425,transmit,7866.616366380015,12.115344399396397
Qwen3-235B-A22B,1000,611,0.192512,0.0025206153846153846,0.12711945688285425,transmit,7866.616366380015,12.115344399396397
Qwen3-235B-A22B,1000,616,0.192512,0.002500155844155844,0.12711945688285425,transmit,7866.616366380015,12.115344399396397
Qwen3-235B-A22B,1000,621,0.192512,0.00248002576489533,0.12711945688285425,transmit,7866.616366380015,12.115344399396397
Qwen3-235B-A22B,1000,626,0.192512,0.0024602172523961663,0.12711945688285425,transmit,7866.616366380015,12.115344399396397
Qwen3-235B-A22B,1000,631,0.192512,0.0024407226624405705,0.12711945688285425,transmit,7866.616366380015,12.115344399396397
Qwen3-235B-A22B,1000,636,0.192512,0.0024215345911949683,0.12711945688285425,transmit,7866.616366380015,12.115344399396397
Qwen3-235B-A22B,1000,641,0.192512,0.0024026458658346333,0.12711945688285425,transmit,7866.616366380015,12.115344399396397
Qwen3-235B-A22B,1000,646,0.192512,0.002384049535603715,0.12711945688285425,transmit,7866.616366380015,12.115344399396397
Qwen3-235B-A22B,1000,651,0.192512,0.0023657388632872503,0.12711945688285425,transmit,7866.616366380015,12.115344399396397
Qwen3-235B-A22B,1000,656,0.192512,0.0023477073170731708,0.12711945688285425,transmit,7866.616366380015,12.115344399396397
Qwen3-235B-A22B,1000,661,0.192512,0.002329948562783661,0.12711945688285425,transmit,7866.616366380015,12.115344399396397
Qwen3-235B-A22B,1000,666,0.192512,0.0023124564564564565,0.12711945688285425,transmit,7866.616366380015,12.115344399396397
Qwen3-235B-A22B,1000,671,0.192512,0.002295225037257824,0.12711945688285425,transmit,7866.616366380015,12.115344399396397
Qwen3-235B-A22B,1000,676,0.192512,0.0022782485207100594,0.12711945688285425,transmit,7866.616366380015,12.115344399396397
Qwen3-235B-A22B,1000,681,0.192512,0.0022615212922173274,0.12711945688285425,transmit,7866.616366380015,12.115344399396397
Qwen3-235B-A22B,1000,686,0.192512,0.0022450379008746354,0.12711945688285425,transmit,7866.616366380015,12.115344399396397
Qwen3-235B-A22B,1000,691,0.192512,0.002228793053545586,0.12711945688285425,transmit,7866.616366380015,12.115344399396397
Qwen3-235B-A22B,1000,696,0.192512,0.0022127816091954025,0.12711945688285425,transmit,7866.616366380015,12.115344399396397
Qwen3-235B-A22B,1000,701,0.192512,0.0021969985734664765,0.12711945688285425,transmit,7866.616366380015,12.115344399396397
Qwen3-235B-A22B,1000,706,0.192512,0.0021814390934844193,0.12711945688285425,transmit,7866.616366380015,12.115344399396397
Qwen3-235B-A22B,1000,711,0.192512,0.002166098452883263,0.12711945688285425,transmit,7866.616366380015,12.115344399396397
Qwen3-235B-A22B,1000,716,0.192512,0.002150972067039106,0.12711945688285425,transmit,7866.616366380015,12.115344399396397
Qwen3-235B-A22B,1000,721,0.192512,0.0021360554785020804,0.12711945688285425,transmit,7866.616366380015,12.115344399396397
Qwen3-235B-A22B,1000,726,0.192512,0.00212134435261708,0.12711945688285425,transmit,7866.616366380015,12.115344399396397
Qwen3-235B-A22B,1000,731,0.192512,0.0021068344733242133,0.12711945688285425,transmit,7866.616366380015,12.115344399396397
Qwen3-235B-A22B,1000,736,0.192512,0.0020925217391304348,0.12711945688285425,transmit,7866.616366380015,12.115344399396397
Qwen3-235B-A22B,1000,741,0.192512,0.0020784021592442645,0.12711945688285425,transmit,7866.616366380015,12.115344399396397
Qwen3-235B-A22B,1000,746,0.192512,0.002064471849865952,0.12711945688285425,transmit,7866.616366380015,12.115344399396397
Qwen3-235B-A22B,1000,751,0.192512,0.002050727030625832,0.12711945688285425,transmit,7866.616366380015,12.115344399396397
Qwen3-235B-A22B,1000,756,0.192512,0.0020371640211640212,0.12711945688285425,transmit,7866.616366380015,12.115344399396397
Qwen3-235B-A22B,1000,761,0.192512,0.002023779237844941,0.12711945688285425,transmit,7866.616366380015,12.115344399396397
Qwen3-235B-A22B,1000,766,0.192512,0.002010569190600522,0.12711945688285425,transmit,7866.616366380015,12.115344399396397
Qwen3-235B-A22B,1000,771,0.192512,0.0019975304798962386,0.12711945688285425,transmit,7866.616366380015,12.115344399396397
Qwen3-235B-A22B,1000,776,0.192512,0.001984659793814433,0.12711945688285425,transmit,7866.616366380015,12.115344399396397
Qwen3-235B-A22B,1000,781,0.192512,0.0019719539052496797,0.12711945688285425,transmit,7866.616366380015,12.115344399396397
Qwen3-235B-A22B,1000,786,0.192512,0.001959409669211196,0.12711945688285425,transmit,7866.616366380015,12.115344399396397
Qwen3-235B-A22B,1000,791,0.192512,0.00194702402022756,0.12711945688285425,transmit,7866.616366380015,12.115344399396397
Qwen3-235B-A22B,1000,796,0.192512,0.0019347939698492462,0.12711945688285425,transmit,7866.616366380015,12.115344399396397
Qwen3-235B-A22B,1000,801,0.192512,0.001922716604244694,0.12711945688285425,transmit,7866.616366380015,12.115344399396397
Qwen3-235B-A22B,1000,806,0.192512,0.0019107890818858561,0.12711945688285425,transmit,7866.616366380015,12.115344399396397
Qwen3-235B-A22B,1000,811,0.192512,0.0018990086313193588,0.12711945688285425,transmit,7866.616366380015,12.115344399396397
Qwen3-235B-A22B,1000,816,0.192512,0.0018873725490196078,0.12711945688285425,transmit,7866.616366380015,12.115344399396397
Qwen3-235B-A22B,1000,821,0.192512,0.0018758781973203412,0.12711945688285425,transmit,7866.616366380015,12.115344399396397
Qwen3-235B-A22B,1000,826,0.192512,0.0018645230024213076,0.12711945688285425,transmit,7866.616366380015,12.115344399396397
Qwen3-235B-A22B,1000,831,0.192512,0.0018533044524669073,0.12711945688285425,transmit,7866.616366380015,12.115344399396397
Qwen3-235B-A22B,1000,836,0.192512,0.0018422200956937798,0.12711945688285425,transmit,7866.616366380015,12.115344399396397
Qwen3-235B-A22B,1000,841,0.192512,0.001831267538644471,0.12711945688285425,transmit,7866.616366380015,12.115344399396397
Qwen3-235B-A22B,1000,846,0.192512,0.0018204444444444444,0.12711945688285425,transmit,7866.616366380015,12.115344399396397
Qwen3-235B-A22B,1000,851,0.192512,0.0018097485311398356,0.12711945688285425,transmit,7866.616366380015,12.115344399396397
Qwen3-235B-A22B,1000,856,0.192512,0.001799177570093458,0.12711945688285425,transmit,7866.616366380015,12.115344399396397
Qwen3-235B-A22B,1000,861,0.192512,0.0017887293844367014,0.12711945688285425,transmit,7866.616366380015,12.115344399396397
Qwen3-235B-A22B,1000,866,0.192512,0.0017784018475750576,0.12711945688285425,transmit,7866.616366380015,12.115344399396397
Qwen3-235B-A22B,1000,871,0.192512,0.0017681928817451205,0.12711945688285425,transmit,7866.616366380015,12.115344399396397
Qwen3-235B-A22B,1000,876,0.192512,0.0017581004566210045,0.12711945688285425,transmit,7866.616366380015,12.115344399396397
Qwen3-235B-A22B,1000,881,0.192512,0.001748122587968218,0.12711945688285425,transmit,7866.616366380015,12.115344399396397
Qwen3-235B-A22B,1000,886,0.192512,0.001738257336343115,0.12711945688285425,transmit,7866.616366380015,12.115344399396397
Qwen3-235B-A22B,1000,891,0.192512,0.0017285028058361392,0.12711945688285425,transmit,7866.616366380015,12.115344399396397
Qwen3-235B-A22B,1000,896,0.192512,0.0017188571428571428,0.12711945688285425,transmit,7866.616366380015,12.115344399396397
Qwen3-235B-A22B,1000,901,0.192512,0.0017093185349611542,0.12711945688285425,transmit,7866.616366380015,12.115344399396397
Qwen3-235B-A22B,1000,906,0.192512,0.0016998852097130242,0.12711945688285425,transmit,7866.616366380015,12.115344399396397
Qwen3-235B-A22B,1000,911,0.192512,0.0016905554335894621,0.12711945688285425,transmit,7866.616366380015,12.115344399396397
Qwen3-235B-A22B,1000,916,0.192512,0.0016813275109170305,0.12711945688285425,transmit,7866.616366380015,12.115344399396397
Qwen3-235B-A22B,1000,921,0.192512,0.001672199782844734,0.12711945688285425,transmit,7866.616366380015,12.115344399396397
Qwen3-235B-A22B,1000,926,0.192512,0.001663170626349892,0.12711945688285425,transmit,7866.616366380015,12.115344399396397
Qwen3-235B-A22B,1000,931,0.192512,0.0016542384532760473,0.12711945688285425,transmit,7866.616366380015,12.115344399396397
Qwen3-235B-A22B,1000,936,0.192512,0.0016454017094017094,0.12711945688285425,transmit,7866.616366380015,12.115344399396397
Qwen3-235B-A22B,1000,941,0.192512,0.0016366588735387884,0.12711945688285425,transmit,7866.616366380015,12.115344399396397
Qwen3-235B-A22B,1000,946,0.192512,0.0016280084566596194,0.12711945688285425,transmit,7866.616366380015,12.115344399396397
Qwen3-235B-A22B,1000,951,0.192512,0.0016194490010515248,0.12711945688285425,transmit,7866.616366380015,12.115344399396397
Qwen3-235B-A22B,1000,956,0.192512,0.001610979079497908,0.12711945688285425,transmit,7866.616366380015,12.115344399396397
Qwen3-235B-A22B,1000,961,0.192512,0.0016025972944849116,0.12711945688285425,transmit,7866.616366380015,12.115344399396397
Qwen3-235B-A22B,1000,966,0.192512,0.0015943022774327121,0.12711945688285425,transmit,7866.616366380015,12.115344399396397
Qwen3-235B-A22B,1000,971,0.192512,0.0015860926879505664,0.12711945688285425,transmit,7866.616366380015,12.115344399396397
Qwen3-235B-A22B,1000,976,0.192512,0.0015779672131147541,0.12711945688285425,transmit,7866.616366380015,12.115344399396397
Qwen3-235B-A22B,1000,981,0.192512,0.0015699245667686035,0.12711945688285425,transmit,7866.616366380015,12.115344399396397
Qwen3-235B-A22B,1000,986,0.192512,0.0015619634888438133,0.12711945688285425,transmit,7866.616366380015,12.115344399396397
Qwen3-235B-A22B,1000,991,0.192512,0.001554082744702321,0.12711945688285425,transmit,7866.616366380015,12.115344399396397
Qwen3-235B-A22B,1000,996,0.192512,0.001546281124497992,0.12711945688285425,transmit,7866.616366380015,12.115344399396397
Qwen3-235B-A22B,10000,1,1.92512,15.40096,1.2711945688285426,replay,7866.616366380015,12.115344399396397
Qwen3-235B-A22B,10000,6,1.92512,2.5668266666666666,1.2711945688285426,replay,7866.616366380015,12.115344399396397
Qwen3-235B-A22B,10000,11,1.92512,1.4000872727272726,1.2711945688285426,replay,7866.616366380015,12.115344399396397
Qwen3-235B-A22B,10000,16,1.92512,0.96256,1.2711945688285426,transmit,7866.616366380015,12.115344399396397
Qwen3-235B-A22B,10000,21,1.92512,0.7333790476190476,1.2711945688285426,transmit,7866.616366380015,12.115344399396397
Qwen3-235B-A22B,10000,26,1.92512,0.5923446153846154,1.2711945688285426,transmit,7866.616366380015,12.115344399396397
Qwen3-235B-A22B,10000,31,1.92512,0.4968051612903226,1.2711945688285426,transmit,7866.616366380015,12.115344399396397
Qwen3-235B-A22B,10000,36,1.92512,0.42780444444444443,1.2711945688285426,transmit,7866.616366380015,12.115344399396397
Qwen3-235B-A22B,10000,41,1.92512,0.3756331707317073,1.2711945688285426,transmit,7866.616366380015,12.115344399396397
Qwen3-235B-A22B,10000,46,1.92512,0.3348034782608696,1.2711945688285426,transmit,7866.616366380015,12.115344399396397
Qwen3-235B-A22B,10000,51,1.92512,0.30197960784313727,1.2711945688285426,transmit,7866.616366380015,12.115344399396397
Qwen3-235B-A22B,10000,56,1.92512,0.27501714285714285,1.2711945688285426,transmit,7866.616366380015,12.115344399396397
Qwen3-235B-A22B,10000,61,1.92512,0.2524747540983607,1.2711945688285426,transmit,7866.616366380015,12.115344399396397
Qwen3-235B-A22B,10000,66,1.92512,0.2333478787878788,1.2711945688285426,transmit,7866.616366380015,12.115344399396397
Qwen3-235B-A22B,10000,71,1.92512,0.21691492957746478,1.2711945688285426,transmit,7866.616366380015,12.115344399396397
Qwen3-235B-A22B,10000,76,1.92512,0.2026442105263158,1.2711945688285426,transmit,7866.616366380015,12.115344399396397
Qwen3-235B-A22B,10000,81,1.92512,0.1901353086419753,1.2711945688285426,transmit,7866.616366380015,12.115344399396397
Qwen3-235B-A22B,10000,86,1.92512,0.17908093023255814,1.2711945688285426,transmit,7866.616366380015,12.115344399396397
Qwen3-235B-A22B,10000,91,1.92512,0.16924131868131867,1.2711945688285426,transmit,7866.616366380015,12.115344399396397
Qwen3-235B-A22B,10000,96,1.92512,0.16042666666666666,1.2711945688285426,transmit,7866.616366380015,12.115344399396397
Qwen3-235B-A22B,10000,101,1.92512,0.15248475247524754,1.2711945688285426,transmit,7866.616366380015,12.115344399396397
Qwen3-235B-A22B,10000,106,1.92512,0.14529207547169812,1.2711945688285426,transmit,7866.616366380015,12.115344399396397
Qwen3-235B-A22B,10000,111,1.92512,0.1387473873873874,1.2711945688285426,transmit,7866.616366380015,12.115344399396397
Qwen3-235B-A22B,10000,116,1.92512,0.13276689655172413,1.2711945688285426,transmit,7866.616366380015,12.115344399396397
Qwen3-235B-A22B,10000,121,1.92512,0.1272806611570248,1.2711945688285426,transmit,7866.616366380015,12.115344399396397
Qwen3-235B-A22B,10000,126,1.92512,0.12222984126984127,1.2711945688285426,transmit,7866.616366380015,12.115344399396397
Qwen3-235B-A22B,10000,131,1.92512,0.11756458015267175,1.2711945688285426,transmit,7866.616366380015,12.115344399396397
Qwen3-235B-A22B,10000,136,1.92512,0.11324235294117647,1.2711945688285426,transmit,7866.616366380015,12.115344399396397
Qwen3-235B-A22B,10000,141,1.92512,0.10922666666666667,1.2711945688285426,transmit,7866.616366380015,12.115344399396397
Qwen3-235B-A22B,10000,146,1.92512,0.10548602739726028,1.2711945688285426,transmit,7866.616366380015,12.115344399396397
Qwen3-235B-A22B,10000,151,1.92512,0.10199311258278146,1.2711945688285426,transmit,7866.616366380015,12.115344399396397
Qwen3-235B-A22B,10000,156,1.92512,0.09872410256410256,1.2711945688285426,transmit,7866.616366380015,12.115344399396397
Qwen3-235B-A22B,10000,161,1.92512,0.09565813664596273,1.2711945688285426,transmit,7866.616366380015,12.115344399396397
Qwen3-235B-A22B,10000,166,1.92512,0.09277686746987952,1.2711945688285426,transmit,7866.616366380015,12.115344399396397
Qwen3-235B-A22B,10000,171,1.92512,0.09006409356725147,1.2711945688285426,transmit,7866.616366380015,12.115344399396397
Qwen3-235B-A22B,10000,176,1.92512,0.08750545454545454,1.2711945688285426,transmit,7866.616366380015,12.115344399396397
Qwen3-235B-A22B,10000,181,1.92512,0.08508817679558012,1.2711945688285426,transmit,7866.616366380015,12.115344399396397
Qwen3-235B-A22B,10000,186,1.92512,0.08280086021505377,1.2711945688285426,transmit,7866.616366380015,12.115344399396397
Qwen3-235B-A22B,10000,191,1.92512,0.08063329842931938,1.2711945688285426,transmit,7866.616366380015,12.115344399396397
Qwen3-235B-A22B,10000,196,1.92512,0.07857632653061225,1.2711945688285426,transmit,7866.616366380015,12.115344399396397
Qwen3-235B-A22B,10000,201,1.92512,0.07662169154228855,1.2711945688285426,transmit,7866.616366380015,12.115344399396397
Qwen3-235B-A22B,10000,206,1.92512,0.07476194174757282,1.2711945688285426,transmit,7866.616366380015,12.115344399396397
Qwen3-235B-A22B,10000,211,1.92512,0.0729903317535545,1.2711945688285426,transmit,7866.616366380015,12.115344399396397
Qwen3-235B-A22B,10000,216,1.92512,0.07130074074074073,1.2711945688285426,transmit,7866.616366380015,12.115344399396397
Qwen3-235B-A22B,10000,221,1.92512,0.06968760180995476,1.2711945688285426,transmit,7866.616366380015,12.115344399396397
Qwen3-235B-A22B,10000,226,1.92512,0.0681458407079646,1.2711945688285426,transmit,7866.616366380015,12.115344399396397
Qwen3-235B-A22B,10000,231,1.92512,0.06667082251082251,1.2711945688285426,transmit,7866.616366380015,12.115344399396397
Qwen3-235B-A22B,10000,236,1.92512,0.06525830508474577,1.2711945688285426,transmit,7866.616366380015,12.115344399396397
Qwen3-235B-A22B,10000,241,1.92512,0.06390439834024897,1.2711945688285426,transmit,7866.616366380015,12.115344399396397
Qwen3-235B-A22B,10000,246,1.92512,0.06260552845528455,1.2711945688285426,transmit,7866.616366380015,12.115344399396397
Qwen3-235B-A22B,10000,251,1.92512,0.06135840637450199,1.2711945688285426,transmit,7866.616366380015,12.115344399396397
Qwen3-235B-A22B,10000,256,1.92512,0.06016,1.2711945688285426,transmit,7866.616366380015,12.115344399396397
Qwen3-235B-A22B,10000,261,1.92512,0.05900750957854406,1.2711945688285426,transmit,7866.616366380015,12.115344399396397
Qwen3-235B-A22B,10000,266,1.92512,0.05789834586466165,1.2711945688285426,transmit,7866.616366380015,12.115344399396397
Qwen3-235B-A22B,10000,271,1.92512,0.05683011070110701,1.2711945688285426,transmit,7866.616366380015,12.115344399396397
Qwen3-235B-A22B,10000,276,1.92512,0.055800579710144925,1.2711945688285426,transmit,7866.616366380015,12.115344399396397
Qwen3-235B-A22B,10000,281,1.92512,0.05480768683274021,1.2711945688285426,transmit,7866.616366380015,12.115344399396397
Qwen3-235B-A22B,10000,286,1.92512,0.05384951048951049,1.2711945688285426,transmit,7866.616366380015,12.115344399396397
Qwen3-235B-A22B,10000,291,1.92512,0.05292426116838488,1.2711945688285426,transmit,7866.616366380015,12.115344399396397
Qwen3-235B-A22B,10000,296,1.92512,0.05203027027027027,1.2711945688285426,transmit,7866.616366380015,12.115344399396397
Qwen3-235B-A22B,10000,301,1.92512,0.05116598006644518,1.2711945688285426,transmit,7866.616366380015,12.115344399396397
Qwen3-235B-A22B,10000,306,1.92512,0.05032993464052288,1.2711945688285426,transmit,7866.616366380015,12.115344399396397
Qwen3-235B-A22B,10000,311,1.92512,0.04952077170418007,1.2711945688285426,transmit,7866.616366380015,12.115344399396397
Qwen3-235B-A22B,10000,316,1.92512,0.048737215189873416,1.2711945688285426,transmit,7866.616366380015,12.115344399396397
Qwen3-235B-A22B,10000,321,1.92512,0.04797806853582554,1.2711945688285426,transmit,7866.616366380015,12.115344399396397
Qwen3-235B-A22B,10000,326,1.92512,0.04724220858895706,1.2711945688285426,transmit,7866.616366380015,12.115344399396397
Qwen3-235B-A22B,10000,331,1.92512,0.04652858006042296,1.2711945688285426,transmit,7866.616366380015,12.115344399396397
Qwen3-235B-A22B,10000,336,1.92512,0.045836190476190475,1.2711945688285426,transmit,7866.616366380015,12.115344399396397
Qwen3-235B-A22B,10000,341,1.92512,0.04516410557184751,1.2711945688285426,transmit,7866.616366380015,12.115344399396397
Qwen3-235B-A22B,10000,346,1.92512,0.0445114450867052,1.2711945688285426,transmit,7866.616366380015,12.115344399396397
Qwen3-235B-A22B,10000,351,1.92512,0.04387737891737892,1.2711945688285426,transmit,7866.616366380015,12.115344399396397
Qwen3-235B-A22B,10000,356,1.92512,0.043261123595505616,1.2711945688285426,transmit,7866.616366380015,12.115344399396397
Qwen3-235B-A22B,10000,361,1.92512,0.04266193905817175,1.2711945688285426,transmit,7866.616366380015,12.115344399396397
Qwen3-235B-A22B,10000,366,1.92512,0.04207912568306011,1.2711945688285426,transmit,7866.616366380015,12.115344399396397
Qwen3-235B-A22B,10000,371,1.92512,0.04151202156334232,1.2711945688285426,transmit,7866.616366380015,12.115344399396397
Qwen3-235B-A22B,10000,376,1.92512,0.04096,1.2711945688285426,transmit,7866.616366380015,12.115344399396397
Qwen3-235B-A22B,10000,381,1.92512,0.04042246719160105,1.2711945688285426,transmit,7866.616366380015,12.115344399396397
Qwen3-235B-A22B,10000,386,1.92512,0.03989886010362694,1.2711945688285426,transmit,7866.616366380015,12.115344399396397
Qwen3-235B-A22B,10000,391,1.92512,0.03938864450127877,1.2711945688285426,transmit,7866.616366380015,12.115344399396397
Qwen3-235B-A22B,10000,396,1.92512,0.03889131313131313,1.2711945688285426,transmit,7866.616366380015,12.115344399396397
Qwen3-235B-A22B,10000,401,1.92512,0.03840638403990025,1.2711945688285426,transmit,7866.616366380015,12.115344399396397
Qwen3-235B-A22B,10000,406,1.92512,0.037933399014778324,1.2711945688285426,transmit,7866.616366380015,12.115344399396397
Qwen3-235B-A22B,10000,411,1.92512,0.03747192214111922,1.2711945688285426,transmit,7866.616366380015,12.115344399396397
Qwen3-235B-A22B,10000,416,1.92512,0.03702153846153846,1.2711945688285426,transmit,7866.616366380015,12.115344399396397
Qwen3-235B-A22B,10000,421,1.92512,0.03658185273159145,1.2711945688285426,transmit,7866.616366380015,12.115344399396397
Qwen3-235B-A22B,10000,426,1.92512,0.0361524882629108,1.2711945688285426,transmit,7866.616366380015,12.115344399396397
Qwen3-235B-A22B,10000,431,1.92512,0.03573308584686775,1.2711945688285426,transmit,7866.616366380015,12.115344399396397
Qwen3-235B-A22B,10000,436,1.92512,0.035323302752293576,1.2711945688285426,transmit,7866.616366380015,12.115344399396397
Qwen3-235B-A22B,10000,441,1.92512,0.03492281179138322,1.2711945688285426,transmit,7866.616366380015,12.115344399396397
Qwen3-235B-A22B,10000,446,1.92512,0.034531300448430495,1.2711945688285426,transmit,7866.616366380015,12.115344399396397
Qwen3-235B-A22B,10000,451,1.92512,0.034148470066518846,1.2711945688285426,transmit,7866.616366380015,12.115344399396397
Qwen3-235B-A22B,10000,456,1.92512,0.0337740350877193,1.2711945688285426,transmit,7866.616366380015,12.115344399396397
Qwen3-235B-A22B,10000,461,1.92512,0.03340772234273319,1.2711945688285426,transmit,7866.616366380015,12.115344399396397
Qwen3-235B-A22B,10000,466,1.92512,0.033049270386266094,1.2711945688285426,transmit,7866.616366380015,12.115344399396397
Qwen3-235B-A22B,10000,471,1.92512,0.032698428874734606,1.2711945688285426,transmit,7866.616366380015,12.115344399396397
Qwen3-235B-A22B,10000,476,1.92512,0.03235495798319328,1.2711945688285426,transmit,7866.616366380015,12.115344399396397
Qwen3-235B-A22B,10000,481,1.92512,0.03201862785862786,1.2711945688285426,transmit,7866.616366380015,12.115344399396397
Qwen3-235B-A22B,10000,486,1.92512,0.03168921810699588,1.2711945688285426,transmit,7866.616366380015,12.115344399396397
Qwen3-235B-A22B,10000,491,1.92512,0.031366517311608964,1.2711945688285426,transmit,7866.616366380015,12.115344399396397
Qwen3-235B-A22B,10000,496,1.92512,0.031050322580645162,1.2711945688285426,transmit,7866.616366380015,12.115344399396397
Qwen3-235B-A22B,10000,501,1.92512,0.030740439121756488,1.2711945688285426,transmit,7866.616366380015,12.115344399396397
Qwen3-235B-A22B,10000,506,1.92512,0.030436679841897234,1.2711945688285426,transmit,7866.616366380015,12.115344399396397
Qwen3-235B-A22B,10000,511,1.92512,0.030138864970645794,1.2711945688285426,transmit,7866.616366380015,12.115344399396397
Qwen3-235B-A22B,10000,516,1.92512,0.029846821705426355,1.2711945688285426,transmit,7866.616366380015,12.115344399396397
Qwen3-235B-A22B,10000,521,1.92512,0.02956038387715931,1.2711945688285426,transmit,7866.616366380015,12.115344399396397
Qwen3-235B-A22B,10000,526,1.92512,0.02927939163498099,1.2711945688285426,transmit,7866.616366380015,12.115344399396397
Qwen3-235B-A22B,10000,531,1.92512,0.029003691148775896,1.2711945688285426,transmit,7866.616366380015,12.115344399396397
Qwen3-235B-A22B,10000,536,1.92512,0.02873313432835821,1.2711945688285426,transmit,7866.616366380015,12.115344399396397
Qwen3-235B-A22B,10000,541,1.92512,0.028467578558225508,1.2711945688285426,transmit,7866.616366380015,12.115344399396397
Qwen3-235B-A22B,10000,546,1.92512,0.02820688644688645,1.2711945688285426,transmit,7866.616366380015,12.115344399396397
Qwen3-235B-A22B,10000,551,1.92512,0.02795092558983666,1.2711945688285426,transmit,7866.616366380015,12.115344399396397
Qwen3-235B-A22B,10000,556,1.92512,0.027699568345323743,1.2711945688285426,transmit,7866.616366380015,12.115344399396397
Qwen3-235B-A22B,10000,561,1.92512,0.027452691622103387,1.2711945688285426,transmit,7866.616366380015,12.115344399396397
Qwen3-235B-A22B,10000,566,1.92512,0.02721017667844523,1.2711945688285426,transmit,7866.616366380015,12.115344399396397
Qwen3-235B-A22B,10000,571,1.92512,0.026971908931698773,1.2711945688285426,transmit,7866.616366380015,12.115344399396397
Qwen3-235B-A22B,10000,576,1.92512,0.026737777777777777,1.2711945688285426,transmit,7866.616366380015,12.115344399396397
Qwen3-235B-A22B,10000,581,1.92512,0.026507676419965577,1.2711945688285426,transmit,7866.616366380015,12.115344399396397
Qwen3-235B-A22B,10000,586,1.92512,0.02628150170648464,1.2711945688285426,transmit,7866.616366380015,12.115344399396397
Qwen3-235B-A22B,10000,591,1.92512,0.026059153976311335,1.2711945688285426,transmit,7866.616366380015,12.115344399396397
Qwen3-235B-A22B,10000,596,1.92512,0.025840536912751677,1.2711945688285426,transmit,7866.616366380015,12.115344399396397
Qwen3-235B-A22B,10000,601,1.92512,0.025625557404326125,1.2711945688285426,transmit,7866.616366380015,12.115344399396397
Qwen3-235B-A22B,10000,606,1.92512,0.025414125412541254,1.2711945688285426,transmit,7866.616366380015,12.115344399396397
Qwen3-235B-A22B,10000,611,1.92512,0.025206153846153847,1.2711945688285426,transmit,7866.616366380015,12.115344399396397
Qwen3-235B-A22B,10000,616,1.92512,0.025001558441558443,1.2711945688285426,transmit,7866.616366380015,12.115344399396397
Qwen3-235B-A22B,10000,621,1.92512,0.0248002576489533,1.2711945688285426,transmit,7866.616366380015,12.115344399396397
Qwen3-235B-A22B,10000,626,1.92512,0.02460217252396166,1.2711945688285426,transmit,7866.616366380015,12.115344399396397
Qwen3-235B-A22B,10000,631,1.92512,0.024407226624405705,1.2711945688285426,transmit,7866.616366380015,12.115344399396397
Qwen3-235B-A22B,10000,636,1.92512,0.024215345911949685,1.2711945688285426,transmit,7866.616366380015,12.115344399396397
Qwen3-235B-A22B,10000,641,1.92512,0.024026458658346333,1.2711945688285426,transmit,7866.616366380015,12.115344399396397
Qwen3-235B-A22B,10000,646,1.92512,0.02384049535603715,1.2711945688285426,transmit,7866.616366380015,12.115344399396397
Qwen3-235B-A22B,10000,651,1.92512,0.023657388632872502,1.2711945688285426,transmit,7866.616366380015,12.115344399396397
Qwen3-235B-A22B,10000,656,1.92512,0.023477073170731708,1.2711945688285426,transmit,7866.616366380015,12.115344399396397
Qwen3-235B-A22B,10000,661,1.92512,0.02329948562783661,1.2711945688285426,transmit,7866.616366380015,12.115344399396397
Qwen3-235B-A22B,10000,666,1.92512,0.023124564564564565,1.2711945688285426,transmit,7866.616366380015,12.115344399396397
Qwen3-235B-A22B,10000,671,1.92512,0.022952250372578243,1.2711945688285426,transmit,7866.616366380015,12.115344399396397
Qwen3-235B-A22B,10000,676,1.92512,0.022782485207100592,1.2711945688285426,transmit,7866.616366380015,12.115344399396397
Qwen3-235B-A22B,10000,681,1.92512,0.022615212922173274,1.2711945688285426,transmit,7866.616366380015,12.115344399396397
Qwen3-235B-A22B,10000,686,1.92512,0.022450379008746357,1.2711945688285426,transmit,7866.616366380015,12.115344399396397
Qwen3-235B-A22B,10000,691,1.92512,0.02228793053545586,1.2711945688285426,transmit,7866.616366380015,12.115344399396397
Qwen3-235B-A22B,10000,696,1.92512,0.022127816091954022,1.2711945688285426,transmit,7866.616366380015,12.115344399396397
Qwen3-235B-A22B,10000,701,1.92512,0.021969985734664764,1.2711945688285426,transmit,7866.616366380015,12.115344399396397
Qwen3-235B-A22B,10000,706,1.92512,0.02181439093484419,1.2711945688285426,transmit,7866.616366380015,12.115344399396397
Qwen3-235B-A22B,10000,711,1.92512,0.02166098452883263,1.2711945688285426,transmit,7866.616366380015,12.115344399396397
Qwen3-235B-A22B,10000,716,1.92512,0.02150972067039106,1.2711945688285426,transmit,7866.616366380015,12.115344399396397
Qwen3-235B-A22B,10000,721,1.92512,0.021360554785020806,1.2711945688285426,transmit,7866.616366380015,12.115344399396397
Qwen3-235B-A22B,10000,726,1.92512,0.0212134435261708,1.2711945688285426,transmit,7866.616366380015,12.115344399396397
Qwen3-235B-A22B,10000,731,1.92512,0.021068344733242133,1.2711945688285426,transmit,7866.616366380015,12.115344399396397
Qwen3-235B-A22B,10000,736,1.92512,0.02092521739130435,1.2711945688285426,transmit,7866.616366380015,12.115344399396397
Qwen3-235B-A22B,10000,741,1.92512,0.020784021592442647,1.2711945688285426,transmit,7866.616366380015,12.115344399396397
Qwen3-235B-A22B,10000,746,1.92512,0.020644718498659516,1.2711945688285426,transmit,7866.616366380015,12.115344399396397
Qwen3-235B-A22B,10000,751,1.92512,0.020507270306258322,1.2711945688285426,transmit,7866.616366380015,12.115344399396397
Qwen3-235B-A22B,10000,756,1.92512,0.020371640211640212,1.2711945688285426,transmit,7866.616366380015,12.115344399396397
Qwen3-235B-A22B,10000,761,1.92512,0.020237792378449408,1.2711945688285426,transmit,7866.616366380015,12.115344399396397
Qwen3-235B-A22B,10000,766,1.92512,0.02010569190600522,1.2711945688285426,transmit,7866.616366380015,12.115344399396397
Qwen3-235B-A22B,10000,771,1.92512,0.019975304798962385,1.2711945688285426,transmit,7866.616366380015,12.115344399396397
Qwen3-235B-A22B,10000,776,1.92512,0.01984659793814433,1.2711945688285426,transmit,7866.616366380015,12.115344399396397
Qwen3-235B-A22B,10000,781,1.92512,0.0197195390524968,1.2711945688285426,transmit,7866.616366380015,12.115344399396397
Qwen3-235B-A22B,10000,786,1.92512,0.01959409669211196,1.2711945688285426,transmit,7866.616366380015,12.115344399396397
Qwen3-235B-A22B,10000,791,1.92512,0.0194702402022756,1.2711945688285426,transmit,7866.616366380015,12.115344399396397
Qwen3-235B-A22B,10000,796,1.92512,0.019347939698492463,1.2711945688285426,transmit,7866.616366380015,12.115344399396397
Qwen3-235B-A22B,10000,801,1.92512,0.019227166042446942,1.2711945688285426,transmit,7866.616366380015,12.115344399396397
Qwen3-235B-A22B,10000,806,1.92512,0.01910789081885856,1.2711945688285426,transmit,7866.616366380015,12.115344399396397
Qwen3-235B-A22B,10000,811,1.92512,0.01899008631319359,1.2711945688285426,transmit,7866.616366380015,12.115344399396397
Qwen3-235B-A22B,10000,816,1.92512,0.01887372549019608,1.2711945688285426,transmit,7866.616366380015,12.115344399396397
Qwen3-235B-A22B,10000,821,1.92512,0.01875878197320341,1.2711945688285426,transmit,7866.616366380015,12.115344399396397
Qwen3-235B-A22B,10000,826,1.92512,0.018645230024213075,1.2711945688285426,transmit,7866.616366380015,12.115344399396397
Qwen3-235B-A22B,10000,831,1.92512,0.018533044524669074,1.2711945688285426,transmit,7866.616366380015,12.115344399396397
Qwen3-235B-A22B,10000,836,1.92512,0.0184222009569378,1.2711945688285426,transmit,7866.616366380015,12.115344399396397
Qwen3-235B-A22B,10000,841,1.92512,0.01831267538644471,1.2711945688285426,transmit,7866.616366380015,12.115344399396397
Qwen3-235B-A22B,10000,846,1.92512,0.018204444444444443,1.2711945688285426,transmit,7866.616366380015,12.115344399396397
Qwen3-235B-A22B,10000,851,1.92512,0.018097485311398355,1.2711945688285426,transmit,7866.616366380015,12.115344399396397
Qwen3-235B-A22B,10000,856,1.92512,0.01799177570093458,1.2711945688285426,transmit,7866.616366380015,12.115344399396397
Qwen3-235B-A22B,10000,861,1.92512,0.017887293844367016,1.2711945688285426,transmit,7866.616366380015,12.115344399396397
Qwen3-235B-A22B,10000,866,1.92512,0.017784018475750576,1.2711945688285426,transmit,7866.616366380015,12.115344399396397
Qwen3-235B-A22B,10000,871,1.92512,0.017681928817451207,1.2711945688285426,transmit,7866.616366380015,12.115344399396397
Qwen3-235B-A22B,10000,876,1.92512,0.017581004566210045,1.2711945688285426,transmit,7866.616366380015,12.115344399396397
Qwen3-235B-A22B,10000,881,1.92512,0.01748122587968218,1.2711945688285426,transmit,7866.616366380015,12.115344399396397
Qwen3-235B-A22B,10000,886,1.92512,0.01738257336343115,1.2711945688285426,transmit,7866.616366380015,12.115344399396397
Qwen3-235B-A22B,10000,891,1.92512,0.017285028058361393,1.2711945688285426,transmit,7866.616366380015,12.115344399396397
Qwen3-235B-A22B,10000,896,1.92512,0.017188571428571428,1.2711945688285426,transmit,7866.616366380015,12.115344399396397
Qwen3-235B-A22B,10000,901,1.92512,0.01709318534961154,1.2711945688285426,transmit,7866.616366380015,12.115344399396397
Qwen3-235B-A22B,10000,906,1.92512,0.016998852097130243,1.2711945688285426,transmit,7866.616366380015,12.115344399396397
Qwen3-235B-A22B,10000,911,1.92512,0.01690555433589462,1.2711945688285426,transmit,7866.616366380015,12.115344399396397
Qwen3-235B-A22B,10000,916,1.92512,0.016813275109170307,1.2711945688285426,transmit,7866.616366380015,12.115344399396397
Qwen3-235B-A22B,10000,921,1.92512,0.01672199782844734,1.2711945688285426,transmit,7866.616366380015,12.115344399396397
Qwen3-235B-A22B,10000,926,1.92512,0.01663170626349892,1.2711945688285426,transmit,7866.616366380015,12.115344399396397
Qwen3-235B-A22B,10000,931,1.92512,0.01654238453276047,1.2711945688285426,transmit,7866.616366380015,12.115344399396397
Qwen3-235B-A22B,10000,936,1.92512,0.016454017094017094,1.2711945688285426,transmit,7866.616366380015,12.115344399396397
Qwen3-235B-A22B,10000,941,1.92512,0.016366588735387884,1.2711945688285426,transmit,7866.616366380015,12.115344399396397
Qwen3-235B-A22B,10000,946,1.92512,0.016280084566596194,1.2711945688285426,transmit,7866.616366380015,12.115344399396397
Qwen3-235B-A22B,10000,951,1.92512,0.016194490010515247,1.2711945688285426,transmit,7866.616366380015,12.115344399396397
Qwen3-235B-A22B,10000,956,1.92512,0.016109790794979078,1.2711945688285426,transmit,7866.616366380015,12.115344399396397
Qwen3-235B-A22B,10000,961,1.92512,0.016025972944849115,1.2711945688285426,transmit,7866.616366380015,12.115344399396397
Qwen3-235B-A22B,10000,966,1.92512,0.01594302277432712,1.2711945688285426,transmit,7866.616366380015,12.115344399396397
Qwen3-235B-A22B,10000,971,1.92512,0.015860926879505664,1.2711945688285426,transmit,7866.616366380015,12.115344399396397
Qwen3-235B-A22B,10000,976,1.92512,0.015779672131147542,1.2711945688285426,transmit,7866.616366380015,12.115344399396397
Qwen3-235B-A22B,10000,981,1.92512,0.015699245667686035,1.2711945688285426,transmit,7866.616366380015,12.115344399396397
Qwen3-235B-A22B,10000,986,1.92512,0.015619634888438134,1.2711945688285426,transmit,7866.616366380015,12.115344399396397
Qwen3-235B-A22B,10000,991,1.92512,0.015540827447023208,1.2711945688285426,transmit,7866.616366380015,12.115344399396397
Qwen3-235B-A22B,10000,996,1.92512,0.01546281124497992,1.2711945688285426,transmit,7866.616366380015,12.115344399396397
Qwen3-235B-A22B,100000,1,19.2512,154.0096,12.711945688285425,replay,7866.616366380015,12.115344399396397
Qwen3-235B-A22B,100000,6,19.2512,25.668266666666668,12.711945688285425,replay,7866.616366380015,12.115344399396397
Qwen3-235B-A22B,100000,11,19.2512,14.000872727272727,12.711945688285425,replay,7866.616366380015,12.115344399396397
Qwen3-235B-A22B,100000,16,19.2512,9.6256,12.711945688285425,transmit,7866.616366380015,12.115344399396397
Qwen3-235B-A22B,100000,21,19.2512,7.333790476190476,12.711945688285425,transmit,7866.616366380015,12.115344399396397
Qwen3-235B-A22B,100000,26,19.2512,5.923446153846154,12.711945688285425,transmit,7866.616366380015,12.115344399396397
Qwen3-235B-A22B,100000,31,19.2512,4.968051612903226,12.711945688285425,transmit,7866.616366380015,12.115344399396397
Qwen3-235B-A22B,100000,36,19.2512,4.278044444444444,12.711945688285425,transmit,7866.616366380015,12.115344399396397
Qwen3-235B-A22B,100000,41,19.2512,3.756331707317073,12.711945688285425,transmit,7866.616366380015,12.115344399396397
Qwen3-235B-A22B,100000,46,19.2512,3.348034782608696,12.711945688285425,transmit,7866.616366380015,12.115344399396397
Qwen3-235B-A22B,100000,51,19.2512,3.0197960784313724,12.711945688285425,transmit,7866.616366380015,12.115344399396397
Qwen3-235B-A22B,100000,56,19.2512,2.7501714285714285,12.711945688285425,transmit,7866.616366380015,12.115344399396397
Qwen3-235B-A22B,100000,61,19.2512,2.5247475409836064,12.711945688285425,transmit,7866.616366380015,12.115344399396397
Qwen3-235B-A22B,100000,66,19.2512,2.333478787878788,12.711945688285425,transmit,7866.616366380015,12.115344399396397
Qwen3-235B-A22B,100000,71,19.2512,2.169149295774648,12.711945688285425,transmit,7866.616366380015,12.115344399396397
Qwen3-235B-A22B,100000,76,19.2512,2.026442105263158,12.711945688285425,transmit,7866.616366380015,12.115344399396397
Qwen3-235B-A22B,100000,81,19.2512,1.901353086419753,12.711945688285425,transmit,7866.616366380015,12.115344399396397
Qwen3-235B-A22B,100000,86,19.2512,1.7908093023255813,12.711945688285425,transmit,7866.616366380015,12.115344399396397
Qwen3-235B-A22B,100000,91,19.2512,1.6924131868131869,12.711945688285425,transmit,7866.616366380015,12.115344399396397
Qwen3-235B-A22B,100000,96,19.2512,1.6042666666666667,12.711945688285425,transmit,7866.616366380015,12.115344399396397
Qwen3-235B-A22B,100000,101,19.2512,1.5248475247524753,12.711945688285425,transmit,7866.616366380015,12.115344399396397
Qwen3-235B-A22B,100000,106,19.2512,1.4529207547169811,12.711945688285425,transmit,7866.616366380015,12.115344399396397
Qwen3-235B-A22B,100000,111,19.2512,1.3874738738738739,12.711945688285425,transmit,7866.616366380015,12.115344399396397
Qwen3-235B-A22B,100000,116,19.2512,1.3276689655172413,12.711945688285425,transmit,7866.616366380015,12.115344399396397
Qwen3-235B-A22B,100000,121,19.2512,1.2728066115702479,12.711945688285425,transmit,7866.616366380015,12.115344399396397
Qwen3-235B-A22B,100000,126,19.2512,1.2222984126984127,12.711945688285425,transmit,7866.616366380015,12.115344399396397
Qwen3-235B-A22B,100000,131,19.2512,1.1756458015267175,12.711945688285425,transmit,7866.616366380015,12.115344399396397
Qwen3-235B-A22B,100000,136,19.2512,1.1324235294117646,12.711945688285425,transmit,7866.616366380015,12.115344399396397
Qwen3-235B-A22B,100000,141,19.2512,1.0922666666666667,12.711945688285425,transmit,7866.616366380015,12.115344399396397
Qwen3-235B-A22B,100000,146,19.2512,1.0548602739726027,12.711945688285425,transmit,7866.616366380015,12.115344399396397
Qwen3-235B-A22B,100000,151,19.2512,1.0199311258278145,12.711945688285425,transmit,7866.616366380015,12.115344399396397
Qwen3-235B-A22B,100000,156,19.2512,0.9872410256410257,12.711945688285425,transmit,7866.616366380015,12.115344399396397
Qwen3-235B-A22B,100000,161,19.2512,0.9565813664596273,12.711945688285425,transmit,7866.616366380015,12.115344399396397
Qwen3-235B-A22B,100000,166,19.2512,0.9277686746987952,12.711945688285425,transmit,7866.616366380015,12.115344399396397
Qwen3-235B-A22B,100000,171,19.2512,0.9006409356725146,12.711945688285425,transmit,7866.616366380015,12.115344399396397
Qwen3-235B-A22B,100000,176,19.2512,0.8750545454545454,12.711945688285425,transmit,7866.616366380015,12.115344399396397
Qwen3-235B-A22B,100000,181,19.2512,0.8508817679558011,12.711945688285425,transmit,7866.616366380015,12.115344399396397
Qwen3-235B-A22B,100000,186,19.2512,0.8280086021505376,12.711945688285425,transmit,7866.616366380015,12.115344399396397
Qwen3-235B-A22B,100000,191,19.2512,0.8063329842931937,12.711945688285425,transmit,7866.616366380015,12.115344399396397
Qwen3-235B-A22B,100000,196,19.2512,0.7857632653061224,12.711945688285425,transmit,7866.616366380015,12.115344399396397
Qwen3-235B-A22B,100000,201,19.2512,0.7662169154228856,12.711945688285425,transmit,7866.616366380015,12.115344399396397
Qwen3-235B-A22B,100000,206,19.2512,0.7476194174757281,12.711945688285425,transmit,7866.616366380015,12.115344399396397
Qwen3-235B-A22B,100000,211,19.2512,0.729903317535545,12.711945688285425,transmit,7866.616366380015,12.115344399396397
Qwen3-235B-A22B,100000,216,19.2512,0.7130074074074074,12.711945688285425,transmit,7866.616366380015,12.115344399396397
Qwen3-235B-A22B,100000,221,19.2512,0.6968760180995475,12.711945688285425,transmit,7866.616366380015,12.115344399396397
Qwen3-235B-A22B,100000,226,19.2512,0.681458407079646,12.711945688285425,transmit,7866.616366380015,12.115344399396397
Qwen3-235B-A22B,100000,231,19.2512,0.6667082251082251,12.711945688285425,transmit,7866.616366380015,12.115344399396397
Qwen3-235B-A22B,100000,236,19.2512,0.6525830508474576,12.711945688285425,transmit,7866.616366380015,12.115344399396397
Qwen3-235B-A22B,100000,241,19.2512,0.6390439834024896,12.711945688285425,transmit,7866.616366380015,12.115344399396397
Qwen3-235B-A22B,100000,246,19.2512,0.6260552845528455,12.711945688285425,transmit,7866.616366380015,12.115344399396397
Qwen3-235B-A22B,100000,251,19.2512,0.61358406374502,12.711945688285425,transmit,7866.616366380015,12.115344399396397
Qwen3-235B-A22B,100000,256,19.2512,0.6016,12.711945688285425,transmit,7866.616366380015,12.115344399396397
Qwen3-235B-A22B,100000,261,19.2512,0.5900750957854406,12.711945688285425,transmit,7866.616366380015,12.115344399396397
Qwen3-235B-A22B,100000,266,19.2512,0.5789834586466165,12.711945688285425,transmit,7866.616366380015,12.115344399396397
Qwen3-235B-A22B,100000,271,19.2512,0.5683011070110701,12.711945688285425,transmit,7866.616366380015,12.115344399396397
Qwen3-235B-A22B,100000,276,19.2512,0.5580057971014493,12.711945688285425,transmit,7866.616366380015,12.115344399396397
Qwen3-235B-A22B,100000,281,19.2512,0.5480768683274021,12.711945688285425,transmit,7866.616366380015,12.115344399396397
Qwen3-235B-A22B,100000,286,19.2512,0.5384951048951049,12.711945688285425,transmit,7866.616366380015,12.115344399396397
Qwen3-235B-A22B,100000,291,19.2512,0.5292426116838488,12.711945688285425,transmit,7866.616366380015,12.115344399396397
Qwen3-235B-A22B,100000,296,19.2512,0.5203027027027027,12.711945688285425,transmit,7866.616366380015,12.115344399396397
Qwen3-235B-A22B,100000,301,19.2512,0.5116598006644518,12.711945688285425,transmit,7866.616366380015,12.115344399396397
Qwen3-235B-A22B,100000,306,19.2512,0.5032993464052288,12.711945688285425,transmit,7866.616366380015,12.115344399396397
Qwen3-235B-A22B,100000,311,19.2512,0.49520771704180067,12.711945688285425,transmit,7866.616366380015,12.115344399396397
Qwen3-235B-A22B,100000,316,19.2512,0.4873721518987342,12.711945688285425,transmit,7866.616366380015,12.115344399396397
Qwen3-235B-A22B,100000,321,19.2512,0.47978068535825547,12.711945688285425,transmit,7866.616366380015,12.115344399396397
Qwen3-235B-A22B,100000,326,19.2512,0.4724220858895706,12.711945688285425,transmit,7866.616366380015,12.115344399396397
Qwen3-235B-A22B,100000,331,19.2512,0.4652858006042296,12.711945688285425,transmit,7866.616366380015,12.115344399396397
Qwen3-235B-A22B,100000,336,19.2512,0.45836190476190475,12.711945688285425,transmit,7866.616366380015,12.115344399396397
Qwen3-235B-A22B,100000,341,19.2512,0.45164105571847507,12.711945688285425,transmit,7866.616366380015,12.115344399396397
Qwen3-235B-A22B,100000,346,19.2512,0.44511445086705204,12.711945688285425,transmit,7866.616366380015,12.115344399396397
Qwen3-235B-A22B,100000,351,19.2512,0.4387737891737892,12.711945688285425,transmit,7866.616366380015,12.115344399396397
Qwen3-235B-A22B,100000,356,19.2512,0.4326112359550562,12.711945688285425,transmit,7866.616366380015,12.115344399396397
Qwen3-235B-A22B,100000,361,19.2512,0.42661939058171744,12.711945688285425,transmit,7866.616366380015,12.115344399396397
Qwen3-235B-A22B,100000,366,19.2512,0.4207912568306011,12.711945688285425,transmit,7866.616366380015,12.115344399396397
Qwen3-235B-A22B,100000,371,19.2512,0.41512021563342316,12.711945688285425,transmit,7866.616366380015,12.115344399396397
Qwen3-235B-A22B,100000,376,19.2512,0.4096,12.711945688285425,transmit,7866.616366380015,12.115344399396397
Qwen3-235B-A22B,100000,381,19.2512,0.4042246719160105,12.711945688285425,transmit,7866.616366380015,12.115344399396397
Qwen3-235B-A22B,100000,386,19.2512,0.39898860103626943,12.711945688285425,transmit,7866.616366380015,12.115344399396397
Qwen3-235B-A22B,100000,391,19.2512,0.39388644501278774,12.711945688285425,transmit,7866.616366380015,12.115344399396397
Qwen3-235B-A22B,100000,396,19.2512,0.3889131313131313,12.711945688285425,transmit,7866.616366380015,12.115344399396397
Qwen3-235B-A22B,100000,401,19.2512,0.3840638403990025,12.711945688285425,transmit,7866.616366380015,12.115344399396397
Qwen3-235B-A22B,100000,406,19.2512,0.37933399014778324,12.711945688285425,transmit,7866.616366380015,12.115344399396397
Qwen3-235B-A22B,100000,411,19.2512,0.37471922141119224,12.711945688285425,transmit,7866.616366380015,12.115344399396397
Qwen3-235B-A22B,100000,416,19.2512,0.3702153846153846,12.711945688285425,transmit,7866.616366380015,12.115344399396397
Qwen3-235B-A22B,100000,421,19.2512,0.36581852731591447,12.711945688285425,transmit,7866.616366380015,12.115344399396397
Qwen3-235B-A22B,100000,426,19.2512,0.361524882629108,12.711945688285425,transmit,7866.616366380015,12.115344399396397
Qwen3-235B-A22B,100000,431,19.2512,0.3573308584686775,12.711945688285425,transmit,7866.616366380015,12.115344399396397
Qwen3-235B-A22B,100000,436,19.2512,0.3532330275229358,12.711945688285425,transmit,7866.616366380015,12.115344399396397
Qwen3-235B-A22B,100000,441,19.2512,0.3492281179138322,12.711945688285425,transmit,7866.616366380015,12.115344399396397
Qwen3-235B-A22B,100000,446,19.2512,0.3453130044843049,12.711945688285425,transmit,7866.616366380015,12.115344399396397
Qwen3-235B-A22B,100000,451,19.2512,0.3414847006651885,12.711945688285425,transmit,7866.616366380015,12.115344399396397
Qwen3-235B-A22B,100000,456,19.2512,0.337740350877193,12.711945688285425,transmit,7866.616366380015,12.115344399396397
Qwen3-235B-A22B,100000,461,19.2512,0.33407722342733187,12.711945688285425,transmit,7866.616366380015,12.115344399396397
Qwen3-235B-A22B,100000,466,19.2512,0.33049270386266094,12.711945688285425,transmit,7866.616366380015,12.115344399396397
Qwen3-235B-A22B,100000,471,19.2512,0.3269842887473461,12.711945688285425,transmit,7866.616366380015,12.115344399396397
Qwen3-235B-A22B,100000,476,19.2512,0.3235495798319328,12.711945688285425,transmit,7866.616366380015,12.115344399396397
Qwen3-235B-A22B,100000,481,19.2512,0.32018627858627857,12.711945688285425,transmit,7866.616366380015,12.115344399396397
Qwen3-235B-A22B,100000,486,19.2512,0.31689218106995887,12.711945688285425,transmit,7866.616366380015,12.115344399396397
Qwen3-235B-A22B,100000,491,19.2512,0.3136651731160896,12.711945688285425,transmit,7866.616366380015,12.115344399396397
Qwen3-235B-A22B,100000,496,19.2512,0.3105032258064516,12.711945688285425,transmit,7866.616366380015,12.115344399396397
Qwen3-235B-A22B,100000,501,19.2512,0.30740439121756485,12.711945688285425,transmit,7866.616366380015,12.115344399396397
Qwen3-235B-A22B,100000,506,19.2512,0.30436679841897235,12.711945688285425,transmit,7866.616366380015,12.115344399396397
Qwen3-235B-A22B,100000,511,19.2512,0.3013886497064579,12.711945688285425,transmit,7866.616366380015,12.115344399396397
Qwen3-235B-A22B,100000,516,19.2512,0.2984682170542636,12.711945688285425,transmit,7866.616366380015,12.115344399396397
Qwen3-235B-A22B,100000,521,19.2512,0.2956038387715931,12.711945688285425,transmit,7866.616366380015,12.115344399396397
Qwen3-235B-A22B,100000,526,19.2512,0.2927939163498099,12.711945688285425,transmit,7866.616366380015,12.115344399396397
Qwen3-235B-A22B,100000,531,19.2512,0.29003691148775895,12.711945688285425,transmit,7866.616366380015,12.115344399396397
Qwen3-235B-A22B,100000,536,19.2512,0.28733134328358206,12.711945688285425,transmit,7866.616366380015,12.115344399396397
Qwen3-235B-A22B,100000,541,19.2512,0.2846757855822551,12.711945688285425,transmit,7866.616366380015,12.115344399396397
Qwen3-235B-A22B,100000,546,19.2512,0.2820688644688645,12.711945688285425,transmit,7866.616366380015,12.115344399396397
Qwen3-235B-A22B,100000,551,19.2512,0.2795092558983666,12.711945688285425,transmit,7866.616366380015,12.115344399396397
Qwen3-235B-A22B,100000,556,19.2512,0.2769956834532374,12.711945688285425,transmit,7866.616366380015,12.115344399396397
Qwen3-235B-A22B,100000,561,19.2512,0.27452691622103387,12.711945688285425,transmit,7866.616366380015,12.115344399396397
Qwen3-235B-A22B,100000,566,19.2512,0.2721017667844523,12.711945688285425,transmit,7866.616366380015,12.115344399396397
Qwen3-235B-A22B,100000,571,19.2512,0.26971908931698774,12.711945688285425,transmit,7866.616366380015,12.115344399396397
Qwen3-235B-A22B,100000,576,19.2512,0.26737777777777777,12.711945688285425,transmit,7866.616366380015,12.115344399396397
Qwen3-235B-A22B,100000,581,19.2512,0.26507676419965576,12.711945688285425,transmit,7866.616366380015,12.115344399396397
Qwen3-235B-A22B,100000,586,19.2512,0.2628150170648464,12.711945688285425,transmit,7866.616366380015,12.115344399396397
Qwen3-235B-A22B,100000,591,19.2512,0.2605915397631134,12.711945688285425,transmit,7866.616366380015,12.115344399396397
Qwen3-235B-A22B,100000,596,19.2512,0.25840536912751677,12.711945688285425,transmit,7866.616366380015,12.115344399396397
Qwen3-235B-A22B,100000,601,19.2512,0.2562555740432612,12.711945688285425,transmit,7866.616366380015,12.115344399396397
Qwen3-235B-A22B,100000,606,19.2512,0.25414125412541255,12.711945688285425,transmit,7866.616366380015,12.115344399396397
Qwen3-235B-A22B,100000,611,19.2512,0.25206153846153845,12.711945688285425,transmit,7866.616366380015,12.115344399396397
Qwen3-235B-A22B,100000,616,19.2512,0.2500155844155844,12.711945688285425,transmit,7866.616366380015,12.115344399396397
Qwen3-235B-A22B,100000,621,19.2512,0.248002576489533,12.711945688285425,transmit,7866.616366380015,12.115344399396397
Qwen3-235B-A22B,100000,626,19.2512,0.2460217252396166,12.711945688285425,transmit,7866.616366380015,12.115344399396397
Qwen3-235B-A22B,100000,631,19.2512,0.24407226624405706,12.711945688285425,transmit,7866.616366380015,12.115344399396397
Qwen3-235B-A22B,100000,636,19.2512,0.24215345911949684,12.711945688285425,transmit,7866.616366380015,12.115344399396397
Qwen3-235B-A22B,100000,641,19.2512,0.24026458658346334,12.711945688285425,transmit,7866.616366380015,12.115344399396397
Qwen3-235B-A22B,100000,646,19.2512,0.23840495356037153,12.711945688285425,transmit,7866.616366380015,12.115344399396397
Qwen3-235B-A22B,100000,651,19.2512,0.23657388632872503,12.711945688285425,transmit,7866.616366380015,12.115344399396397
Qwen3-235B-A22B,100000,656,19.2512,0.23477073170731708,12.711945688285425,transmit,7866.616366380015,12.115344399396397
Qwen3-235B-A22B,100000,661,19.2512,0.2329948562783661,12.711945688285425,transmit,7866.616366380015,12.115344399396397
Qwen3-235B-A22B,100000,666,19.2512,0.23124564564564565,12.711945688285425,transmit,7866.616366380015,12.115344399396397
Qwen3-235B-A22B,100000,671,19.2512,0.22952250372578242,12.711945688285425,transmit,7866.616366380015,12.115344399396397
Qwen3-235B-A22B,100000,676,19.2512,0.22782485207100592,12.711945688285425,transmit,7866.616366380015,12.115344399396397
Qwen3-235B-A22B,100000,681,19.2512,0.22615212922173275,12.711945688285425,transmit,7866.616366380015,12.115344399396397
Qwen3-235B-A22B,100000,686,19.2512,0.22450379008746355,12.711945688285425,transmit,7866.616366380015,12.115344399396397
Qwen3-235B-A22B,100000,691,19.2512,0.2228793053545586,12.711945688285425,transmit,7866.616366380015,12.115344399396397
Qwen3-235B-A22B,100000,696,19.2512,0.22127816091954022,12.711945688285425,transmit,7866.616366380015,12.115344399396397
Qwen3-235B-A22B,100000,701,19.2512,0.21969985734664765,12.711945688285425,transmit,7866.616366380015,12.115344399396397
Qwen3-235B-A22B,100000,706,19.2512,0.21814390934844194,12.711945688285425,transmit,7866.616366380015,12.115344399396397
Qwen3-235B-A22B,100000,711,19.2512,0.2166098452883263,12.711945688285425,transmit,7866.616366380015,12.115344399396397
Qwen3-235B-A22B,100000,716,19.2512,0.2150972067039106,12.711945688285425,transmit,7866.616366380015,12.115344399396397
Qwen3-235B-A22B,100000,721,19.2512,0.21360554785020805,12.711945688285425,transmit,7866.616366380015,12.115344399396397
Qwen3-235B-A22B,100000,726,19.2512,0.212134435261708,12.711945688285425,transmit,7866.616366380015,12.115344399396397
Qwen3-235B-A22B,100000,731,19.2512,0.21068344733242134,12.711945688285425,transmit,7866.616366380015,12.115344399396397
Qwen3-235B-A22B,100000,736,19.2512,0.2092521739130435,12.711945688285425,transmit,7866.616366380015,12.115344399396397
Qwen3-235B-A22B,100000,741,19.2512,0.20784021592442645,12.711945688285425,transmit,7866.616366380015,12.115344399396397
Qwen3-235B-A22B,100000,746,19.2512,0.20644718498659517,12.711945688285425,transmit,7866.616366380015,12.115344399396397
Qwen3-235B-A22B,100000,751,19.2512,0.2050727030625832,12.711945688285425,transmit,7866.616366380015,12.115344399396397
Qwen3-235B-A22B,100000,756,19.2512,0.20371640211640213,12.711945688285425,transmit,7866.616366380015,12.115344399396397
Qwen3-235B-A22B,100000,761,19.2512,0.2023779237844941,12.711945688285425,transmit,7866.616366380015,12.115344399396397
Qwen3-235B-A22B,100000,766,19.2512,0.2010569190600522,12.711945688285425,transmit,7866.616366380015,12.115344399396397
Qwen3-235B-A22B,100000,771,19.2512,0.19975304798962387,12.711945688285425,transmit,7866.616366380015,12.115344399396397
Qwen3-235B-A22B,100000,776,19.2512,0.1984659793814433,12.711945688285425,transmit,7866.616366380015,12.115344399396397
Qwen3-235B-A22B,100000,781,19.2512,0.19719539052496798,12.711945688285425,transmit,7866.616366380015,12.115344399396397
Qwen3-235B-A22B,100000,786,19.2512,0.1959409669211196,12.711945688285425,transmit,7866.616366380015,12.115344399396397
Qwen3-235B-A22B,100000,791,19.2512,0.19470240202275602,12.711945688285425,transmit,7866.616366380015,12.115344399396397
Qwen3-235B-A22B,100000,796,19.2512,0.1934793969849246,12.711945688285425,transmit,7866.616366380015,12.115344399396397
Qwen3-235B-A22B,100000,801,19.2512,0.19227166042446941,12.711945688285425,transmit,7866.616366380015,12.115344399396397
Qwen3-235B-A22B,100000,806,19.2512,0.1910789081885856,12.711945688285425,transmit,7866.616366380015,12.115344399396397
Qwen3-235B-A22B,100000,811,19.2512,0.18990086313193588,12.711945688285425,transmit,7866.616366380015,12.115344399396397
Qwen3-235B-A22B,100000,816,19.2512,0.18873725490196078,12.711945688285425,transmit,7866.616366380015,12.115344399396397
Qwen3-235B-A22B,100000,821,19.2512,0.18758781973203412,12.711945688285425,transmit,7866.616366380015,12.115344399396397
Qwen3-235B-A22B,100000,826,19.2512,0.18645230024213075,12.711945688285425,transmit,7866.616366380015,12.115344399396397
Qwen3-235B-A22B,100000,831,19.2512,0.18533044524669073,12.711945688285425,transmit,7866.616366380015,12.115344399396397
Qwen3-235B-A22B,100000,836,19.2512,0.18422200956937798,12.711945688285425,transmit,7866.616366380015,12.115344399396397
Qwen3-235B-A22B,100000,841,19.2512,0.1831267538644471,12.711945688285425,transmit,7866.616366380015,12.115344399396397
Qwen3-235B-A22B,100000,846,19.2512,0.18204444444444445,12.711945688285425,transmit,7866.616366380015,12.115344399396397
Qwen3-235B-A22B,100000,851,19.2512,0.18097485311398354,12.711945688285425,transmit,7866.616366380015,12.115344399396397
Qwen3-235B-A22B,100000,856,19.2512,0.17991775700934579,12.711945688285425,transmit,7866.616366380015,12.115344399396397
Qwen3-235B-A22B,100000,861,19.2512,0.17887293844367014,12.711945688285425,transmit,7866.616366380015,12.115344399396397
Qwen3-235B-A22B,100000,866,19.2512,0.17784018475750576,12.711945688285425,transmit,7866.616366380015,12.115344399396397
Qwen3-235B-A22B,100000,871,19.2512,0.17681928817451206,12.711945688285425,transmit,7866.616366380015,12.115344399396397
Qwen3-235B-A22B,100000,876,19.2512,0.17581004566210046,12.711945688285425,transmit,7866.616366380015,12.115344399396397
Qwen3-235B-A22B,100000,881,19.2512,0.1748122587968218,12.711945688285425,transmit,7866.616366380015,12.115344399396397
Qwen3-235B-A22B,100000,886,19.2512,0.1738257336343115,12.711945688285425,transmit,7866.616366380015,12.115344399396397
Qwen3-235B-A22B,100000,891,19.2512,0.17285028058361393,12.711945688285425,transmit,7866.616366380015,12.115344399396397
Qwen3-235B-A22B,100000,896,19.2512,0.17188571428571428,12.711945688285425,transmit,7866.616366380015,12.115344399396397
Qwen3-235B-A22B,100000,901,19.2512,0.17093185349611542,12.711945688285425,transmit,7866.616366380015,12.115344399396397
Qwen3-235B-A22B,100000,906,19.2512,0.16998852097130243,12.711945688285425,transmit,7866.616366380015,12.115344399396397
Qwen3-235B-A22B,100000,911,19.2512,0.1690555433589462,12.711945688285425,transmit,7866.616366380015,12.115344399396397
Qwen3-235B-A22B,100000,916,19.2512,0.16813275109170306,12.711945688285425,transmit,7866.616366380015,12.115344399396397
Qwen3-235B-A22B,100000,921,19.2512,0.1672199782844734,12.711945688285425,transmit,7866.616366380015,12.115344399396397
Qwen3-235B-A22B,100000,926,19.2512,0.1663170626349892,12.711945688285425,transmit,7866.616366380015,12.115344399396397
Qwen3-235B-A22B,100000,931,19.2512,0.16542384532760473,12.711945688285425,transmit,7866.616366380015,12.115344399396397
Qwen3-235B-A22B,100000,936,19.2512,0.16454017094017093,12.711945688285425,transmit,7866.616366380015,12.115344399396397
Qwen3-235B-A22B,100000,941,19.2512,0.16366588735387885,12.711945688285425,transmit,7866.616366380015,12.115344399396397
Qwen3-235B-A22B,100000,946,19.2512,0.16280084566596195,12.711945688285425,transmit,7866.616366380015,12.115344399396397
Qwen3-235B-A22B,100000,951,19.2512,0.16194490010515247,12.711945688285425,transmit,7866.616366380015,12.115344399396397
Qwen3-235B-A22B,100000,956,19.2512,0.1610979079497908,12.711945688285425,transmit,7866.616366380015,12.115344399396397
Qwen3-235B-A22B,100000,961,19.2512,0.16025972944849115,12.711945688285425,transmit,7866.616366380015,12.115344399396397
Qwen3-235B-A22B,100000,966,19.2512,0.15943022774327123,12.711945688285425,transmit,7866.616366380015,12.115344399396397
Qwen3-235B-A22B,100000,971,19.2512,0.15860926879505663,12.711945688285425,transmit,7866.616366380015,12.115344399396397
Qwen3-235B-A22B,100000,976,19.2512,0.1577967213114754,12.711945688285425,transmit,7866.616366380015,12.115344399396397
Qwen3-235B-A22B,100000,981,19.2512,0.15699245667686035,12.711945688285425,transmit,7866.616366380015,12.115344399396397
Qwen3-235B-A22B,100000,986,19.2512,0.15619634888438133,12.711945688285425,transmit,7866.616366380015,12.115344399396397
Qwen3-235B-A22B,100000,991,19.2512,0.1554082744702321,12.711945688285425,transmit,7866.616366380015,12.115344399396397
Qwen3-235B-A22B,100000,996,19.2512,0.1546281124497992,12.711945688285425,transmit,7866.616366380015,12.115344399396397
Qwen3-235B-A22B,1000000,1,192.512,1540.096,127.11945688285427,replay,7866.616366380015,12.115344399396397
Qwen3-235B-A22B,1000000,6,192.512,256.68266666666665,127.11945688285427,replay,7866.616366380015,12.115344399396397
Qwen3-235B-A22B,1000000,11,192.512,140.00872727272727,127.11945688285427,replay,7866.616366380015,12.115344399396397
Qwen3-235B-A22B,1000000,16,192.512,96.256,127.11945688285427,transmit,7866.616366380015,12.115344399396397
Qwen3-235B-A22B,1000000,21,192.512,73.33790476190477,127.11945688285427,transmit,7866.616366380015,12.115344399396397
Qwen3-235B-A22B,1000000,26,192.512,59.23446153846154,127.11945688285427,transmit,7866.616366380015,12.115344399396397
Qwen3-235B-A22B,1000000,31,192.512,49.680516129032256,127.11945688285427,transmit,7866.616366380015,12.115344399396397
Qwen3-235B-A22B,1000000,36,192.512,42.78044444444444,127.11945688285427,transmit,7866.616366380015,12.115344399396397
Qwen3-235B-A22B,1000000,41,192.512,37.56331707317073,127.11945688285427,transmit,7866.616366380015,12.115344399396397
Qwen3-235B-A22B,1000000,46,192.512,33.480347826086955,127.11945688285427,transmit,7866.616366380015,12.115344399396397
Qwen3-235B-A22B,1000000,51,192.512,30.197960784313725,127.11945688285427,transmit,7866.616366380015,12.115344399396397
Qwen3-235B-A22B,1000000,56,192.512,27.501714285714286,127.11945688285427,transmit,7866.616366380015,12.115344399396397
Qwen3-235B-A22B,1000000,61,192.512,25.247475409836067,127.11945688285427,transmit,7866.616366380015,12.115344399396397
Qwen3-235B-A22B,1000000,66,192.512,23.33478787878788,127.11945688285427,transmit,7866.616366380015,12.115344399396397
Qwen3-235B-A22B,1000000,71,192.512,21.69149295774648,127.11945688285427,transmit,7866.616366380015,12.115344399396397
Qwen3-235B-A22B,1000000,76,192.512,20.26442105263158,127.11945688285427,transmit,7866.616366380015,12.115344399396397
Qwen3-235B-A22B,1000000,81,192.512,19.01353086419753,127.11945688285427,transmit,7866.616366380015,12.115344399396397
Qwen3-235B-A22B,1000000,86,192.512,17.908093023255812,127.11945688285427,transmit,7866.616366380015,12.115344399396397
Qwen3-235B-A22B,1000000,91,192.512,16.92413186813187,127.11945688285427,transmit,7866.616366380015,12.115344399396397
Qwen3-235B-A22B,1000000,96,192.512,16.042666666666666,127.11945688285427,transmit,7866.616366380015,12.115344399396397
Qwen3-235B-A22B,1000000,101,192.512,15.248475247524752,127.11945688285427,transmit,7866.616366380015,12.115344399396397
Qwen3-235B-A22B,1000000,106,192.512,14.529207547169811,127.11945688285427,transmit,7866.616366380015,12.115344399396397
Qwen3-235B-A22B,1000000,111,192.512,13.874738738738738,127.11945688285427,transmit,7866.616366380015,12.115344399396397
Qwen3-235B-A22B,1000000,116,192.512,13.276689655172413,127.11945688285427,transmit,7866.616366380015,12.115344399396397
Qwen3-235B-A22B,1000000,121,192.512,12.728066115702479,127.11945688285427,transmit,7866.616366380015,12.115344399396397
Qwen3-235B-A22B,1000000,126,192.512,12.222984126984127,127.11945688285427,transmit,7866.616366380015,12.115344399396397
Qwen3-235B-A22B,1000000,131,192.512,11.756458015267176,127.11945688285427,transmit,7866.616366380015,12.115344399396397
Qwen3-235B-A22B,1000000,136,192.512,11.324235294117647,127.11945688285427,transmit,7866.616366380015,12.115344399396397
Qwen3-235B-A22B,1000000,141,192.512,10.922666666666666,127.11945688285427,transmit,7866.616366380015,12.115344399396397
Qwen3-235B-A22B,1000000,146,192.512,10.548602739726027,127.11945688285427,transmit,7866.616366380015,12.115344399396397
Qwen3-235B-A22B,1000000,151,192.512,10.199311258278145,127.11945688285427,transmit,7866.616366380015,12.115344399396397
Qwen3-235B-A22B,1000000,156,192.512,9.872410256410257,127.11945688285427,transmit,7866.616366380015,12.115344399396397
Qwen3-235B-A22B,1000000,161,192.512,9.565813664596273,127.11945688285427,transmit,7866.616366380015,12.115344399396397
Qwen3-235B-A22B,1000000,166,192.512,9.277686746987952,127.11945688285427,transmit,7866.616366380015,12.115344399396397
Qwen3-235B-A22B,1000000,171,192.512,9.006409356725147,127.11945688285427,transmit,7866.616366380015,12.115344399396397
Qwen3-235B-A22B,1000000,176,192.512,8.750545454545454,127.11945688285427,transmit,7866.616366380015,12.115344399396397
Qwen3-235B-A22B,1000000,181,192.512,8.50881767955801,127.11945688285427,transmit,7866.616366380015,12.115344399396397
Qwen3-235B-A22B,1000000,186,192.512,8.280086021505376,127.11945688285427,transmit,7866.616366380015,12.115344399396397
Qwen3-235B-A22B,1000000,191,192.512,8.063329842931937,127.11945688285427,transmit,7866.616366380015,12.115344399396397
Qwen3-235B-A22B,1000000,196,192.512,7.857632653061224,127.11945688285427,transmit,7866.616366380015,12.115344399396397
Qwen3-235B-A22B,1000000,201,192.512,7.662169154228856,127.11945688285427,transmit,7866.616366380015,12.115344399396397
Qwen3-235B-A22B,1000000,206,192.512,7.476194174757282,127.11945688285427,transmit,7866.616366380015,12.115344399396397
Qwen3-235B-A22B,1000000,211,192.512,7.29903317535545,127.11945688285427,transmit,7866.616366380015,12.115344399396397
Qwen3-235B-A22B,1000000,216,192.512,7.1300740740740745,127.11945688285427,transmit,7866.616366380015,12.115344399396397
Qwen3-235B-A22B,1000000,221,192.512,6.968760180995475,127.11945688285427,transmit,7866.616366380015,12.115344399396397
Qwen3-235B-A22B,1000000,226,192.512,6.81458407079646,127.11945688285427,transmit,7866.616366380015,12.115344399396397
Qwen3-235B-A22B,1000000,231,192.512,6.667082251082251,127.11945688285427,transmit,7866.616366380015,12.115344399396397
Qwen3-235B-A22B,1000000,236,192.512,6.525830508474576,127.11945688285427,transmit,7866.616366380015,12.115344399396397
Qwen3-235B-A22B,1000000,241,192.512,6.390439834024896,127.11945688285427,transmit,7866.616366380015,12.115344399396397
Qwen3-235B-A22B,1000000,246,192.512,6.260552845528455,127.11945688285427,transmit,7866.616366380015,12.115344399396397
Qwen3-235B-A22B,1000000,251,192.512,6.135840637450199,127.11945688285427,transmit,7866.616366380015,12.115344399396397
Qwen3-235B-A22B,1000000,256,192.512,6.016,127.11945688285427,transmit,7866.616366380015,12.115344399396397
Qwen3-235B-A22B,1000000,261,192.512,5.900750957854406,127.11945688285427,transmit,7866.616366380015,12.115344399396397
Qwen3-235B-A22B,1000000,266,192.512,5.789834586466165,127.11945688285427,transmit,7866.616366380015,12.115344399396397
Qwen3-235B-A22B,1000000,271,192.512,5.683011070110701,127.11945688285427,transmit,7866.616366380015,12.115344399396397
Qwen3-235B-A22B,1000000,276,192.512,5.580057971014493,127.11945688285427,transmit,7866.616366380015,12.115344399396397
Qwen3-235B-A22B,1000000,281,192.512,5.480768683274022,127.11945688285427,transmit,7866.616366380015,12.115344399396397
Qwen3-235B-A22B,1000000,286,192.512,5.384951048951049,127.11945688285427,transmit,7866.616366380015,12.115344399396397
Qwen3-235B-A22B,1000000,291,192.512,5.292426116838488,127.11945688285427,transmit,7866.616366380015,12.115344399396397
Qwen3-235B-A22B,1000000,296,192.512,5.203027027027027,127.11945688285427,transmit,7866.616366380015,12.115344399396397
Qwen3-235B-A22B,1000000,301,192.512,5.1165980066445185,127.11945688285427,transmit,7866.616366380015,12.115344399396397
Qwen3-235B-A22B,1000000,306,192.512,5.0329934640522875,127.11945688285427,transmit,7866.616366380015,12.115344399396397
Qwen3-235B-A22B,1000000,311,192.512,4.952077170418006,127.11945688285427,transmit,7866.616366380015,12.115344399396397
Qwen3-235B-A22B,1000000,316,192.512,4.873721518987342,127.11945688285427,transmit,7866.616366380015,12.115344399396397
Qwen3-235B-A22B,1000000,321,192.512,4.797806853582554,127.11945688285427,transmit,7866.616366380015,12.115344399396397
Qwen3-235B-A22B,1000000,326,192.512,4.7242208588957055,127.11945688285427,transmit,7866.616366380015,12.115344399396397
Qwen3-235B-A22B,1000000,331,192.512,4.652858006042296,127.11945688285427,transmit,7866.616366380015,12.115344399396397
Qwen3-235B-A22B,1000000,336,192.512,4.583619047619048,127.11945688285427,transmit,7866.616366380015,12.115344399396397
Qwen3-235B-A22B,1000000,341,192.512,4.51641055718475,127.11945688285427,transmit,7866.616366380015,12.115344399396397
Qwen3-235B-A22B,1000000,346,192.512,4.45114450867052,127.11945688285427,transmit,7866.616366380015,12.115344399396397
Qwen3-235B-A22B,1000000,351,192.512,4.387737891737892,127.11945688285427,transmit,7866.616366380015,12.115344399396397
Qwen3-235B-A22B,1000000,356,192.512,4.326112359550562,127.11945688285427,transmit,7866.616366380015,12.115344399396397
Qwen3-235B-A22B,1000000,361,192.512,4.2661939058171745,127.11945688285427,transmit,7866.616366380015,12.115344399396397
Qwen3-235B-A22B,1000000,366,192.512,4.207912568306011,127.11945688285427,transmit,7866.616366380015,12.115344399396397
Qwen3-235B-A22B,1000000,371,192.512,4.151202156334231,127.11945688285427,transmit,7866.616366380015,12.115344399396397
Qwen3-235B-A22B,1000000,376,192.512,4.096,127.11945688285427,transmit,7866.616366380015,12.115344399396397
Qwen3-235B-A22B,1000000,381,192.512,4.042246719160105,127.11945688285427,transmit,7866.616366380015,12.115344399396397
Qwen3-235B-A22B,1000000,386,192.512,3.989886010362694,127.11945688285427,transmit,7866.616366380015,12.115344399396397
Qwen3-235B-A22B,1000000,391,192.512,3.9388644501278773,127.11945688285427,transmit,7866.616366380015,12.115344399396397
Qwen3-235B-A22B,1000000,396,192.512,3.889131313131313,127.11945688285427,transmit,7866.616366380015,12.115344399396397
Qwen3-235B-A22B,1000000,401,192.512,3.8406384039900248,127.11945688285427,transmit,7866.616366380015,12.115344399396397
Qwen3-235B-A22B,1000000,406,192.512,3.7933399014778324,127.11945688285427,transmit,7866.616366380015,12.115344399396397
Qwen3-235B-A22B,1000000,411,192.512,3.747192214111922,127.11945688285427,transmit,7866.616366380015,12.115344399396397
Qwen3-235B-A22B,1000000,416,192.512,3.702153846153846,127.11945688285427,transmit,7866.616366380015,12.115344399396397
Qwen3-235B-A22B,1000000,421,192.512,3.658185273159145,127.11945688285427,transmit,7866.616366380015,12.115344399396397
Qwen3-235B-A22B,1000000,426,192.512,3.61524882629108,127.11945688285427,transmit,7866.616366380015,12.115344399396397
Qwen3-235B-A22B,1000000,431,192.512,3.573308584686775,127.11945688285427,transmit,7866.616366380015,12.115344399396397
Qwen3-235B-A22B,1000000,436,192.512,3.532330275229358,127.11945688285427,transmit,7866.616366380015,12.115344399396397
Qwen3-235B-A22B,1000000,441,192.512,3.492281179138322,127.11945688285427,transmit,7866.616366380015,12.115344399396397
Qwen3-235B-A22B,1000000,446,192.512,3.4531300448430495,127.11945688285427,transmit,7866.616366380015,12.115344399396397
Qwen3-235B-A22B,1000000,451,192.512,3.414847006651885,127.11945688285427,transmit,7866.616366380015,12.115344399396397
Qwen3-235B-A22B,1000000,456,192.512,3.3774035087719296,127.11945688285427,transmit,7866.616366380015,12.115344399396397
Qwen3-235B-A22B,1000000,461,192.512,3.340772234273319,127.11945688285427,transmit,7866.616366380015,12.115344399396397
Qwen3-235B-A22B,1000000,466,192.512,3.3049270386266096,127.11945688285427,transmit,7866.616366380015,12.115344399396397
Qwen3-235B-A22B,1000000,471,192.512,3.2698428874734606,127.11945688285427,transmit,7866.616366380015,12.115344399396397
Qwen3-235B-A22B,1000000,476,192.512,3.2354957983193278,127.11945688285427,transmit,7866.616366380015,12.115344399396397
Qwen3-235B-A22B,1000000,481,192.512,3.2018627858627857,127.11945688285427,transmit,7866.616366380015,12.115344399396397
Qwen3-235B-A22B,1000000,486,192.512,3.1689218106995884,127.11945688285427,transmit,7866.616366380015,12.115344399396397
Qwen3-235B-A22B,1000000,491,192.512,3.1366517311608964,127.11945688285427,transmit,7866.616366380015,12.115344399396397
Qwen3-235B-A22B,1000000,496,192.512,3.105032258064516,127.11945688285427,transmit,7866.616366380015,12.115344399396397
Qwen3-235B-A22B,1000000,501,192.512,3.074043912175649,127.11945688285427,transmit,7866.616366380015,12.115344399396397
Qwen3-235B-A22B,1000000,506,192.512,3.043667984189723,127.11945688285427,transmit,7866.616366380015,12.115344399396397
Qwen3-235B-A22B,1000000,511,192.512,3.013886497064579,127.11945688285427,transmit,7866.616366380015,12.115344399396397
Qwen3-235B-A22B,1000000,516,192.512,2.984682170542636,127.11945688285427,transmit,7866.616366380015,12.115344399396397
Qwen3-235B-A22B,1000000,521,192.512,2.956038387715931,127.11945688285427,transmit,7866.616366380015,12.115344399396397
Qwen3-235B-A22B,1000000,526,192.512,2.927939163498099,127.11945688285427,transmit,7866.616366380015,12.115344399396397
Qwen3-235B-A22B,1000000,531,192.512,2.9003691148775896,127.11945688285427,transmit,7866.616366380015,12.115344399396397
Qwen3-235B-A22B,1000000,536,192.512,2.873313432835821,127.11945688285427,transmit,7866.616366380015,12.115344399396397
Qwen3-235B-A22B,1000000,541,192.512,2.846757855822551,127.11945688285427,transmit,7866.616366380015,12.115344399396397
Qwen3-235B-A22B,1000000,546,192.512,2.8206886446886448,127.11945688285427,transmit,7866.616366380015,12.115344399396397
Qwen3-235B-A22B,1000000,551,192.512,2.795092558983666,127.11945688285427,transmit,7866.616366380015,12.115344399396397
Qwen3-235B-A22B,1000000,556,192.512,2.769956834532374,127.11945688285427,transmit,7866.616366380015,12.115344399396397
Qwen3-235B-A22B,1000000,561,192.512,2.745269162210339,127.11945688285427,transmit,7866.616366380015,12.115344399396397
Qwen3-235B-A22B,1000000,566,192.512,2.721017667844523,127.11945688285427,transmit,7866.616366380015,12.115344399396397
Qwen3-235B-A22B,1000000,571,192.512,2.6971908931698776,127.11945688285427,transmit,7866.616366380015,12.115344399396397
Qwen3-235B-A22B,1000000,576,192.512,2.6737777777777776,127.11945688285427,transmit,7866.616366380015,12.115344399396397
Qwen3-235B-A22B,1000000,581,192.512,2.650767641996558,127.11945688285427,transmit,7866.616366380015,12.115344399396397
Qwen3-235B-A22B,1000000,586,192.512,2.628150170648464,127.11945688285427,transmit,7866.616366380015,12.115344399396397
Qwen3-235B-A22B,1000000,591,192.512,2.605915397631134,127.11945688285427,transmit,7866.616366380015,12.115344399396397
Qwen3-235B-A22B,1000000,596,192.512,2.5840536912751677,127.11945688285427,transmit,7866.616366380015,12.115344399396397
Qwen3-235B-A22B,1000000,601,192.512,2.5625557404326123,127.11945688285427,transmit,7866.616366380015,12.115344399396397
Qwen3-235B-A22B,1000000,606,192.512,2.5414125412541253,127.11945688285427,transmit,7866.616366380015,12.115344399396397
Qwen3-235B-A22B,1000000,611,192.512,2.5206153846153847,127.11945688285427,transmit,7866.616366380015,12.115344399396397
Qwen3-235B-A22B,1000000,616,192.512,2.5001558441558442,127.11945688285427,transmit,7866.616366380015,12.115344399396397
Qwen3-235B-A22B,1000000,621,192.512,2.48002576489533,127.11945688285427,transmit,7866.616366380015,12.115344399396397
Qwen3-235B-A22B,1000000,626,192.512,2.4602172523961663,127.11945688285427,transmit,7866.616366380015,12.115344399396397
Qwen3-235B-A22B,1000000,631,192.512,2.4407226624405705,127.11945688285427,transmit,7866.616366380015,12.115344399396397
Qwen3-235B-A22B,1000000,636,192.512,2.4215345911949684,127.11945688285427,transmit,7866.616366380015,12.115344399396397
Qwen3-235B-A22B,1000000,641,192.512,2.4026458658346335,127.11945688285427,transmit,7866.616366380015,12.115344399396397
Qwen3-235B-A22B,1000000,646,192.512,2.3840495356037152,127.11945688285427,transmit,7866.616366380015,12.115344399396397
Qwen3-235B-A22B,1000000,651,192.512,2.3657388632872505,127.11945688285427,transmit,7866.616366380015,12.115344399396397
Qwen3-235B-A22B,1000000,656,192.512,2.3477073170731706,127.11945688285427,transmit,7866.616366380015,12.115344399396397
Qwen3-235B-A22B,1000000,661,192.512,2.329948562783661,127.11945688285427,transmit,7866.616366380015,12.115344399396397
Qwen3-235B-A22B,1000000,666,192.512,2.3124564564564563,127.11945688285427,transmit,7866.616366380015,12.115344399396397
Qwen3-235B-A22B,1000000,671,192.512,2.2952250372578242,127.11945688285427,transmit,7866.616366380015,12.115344399396397
Qwen3-235B-A22B,1000000,676,192.512,2.278248520710059,127.11945688285427,transmit,7866.616366380015,12.115344399396397
Qwen3-235B-A22B,1000000,681,192.512,2.2615212922173273,127.11945688285427,transmit,7866.616366380015,12.115344399396397
Qwen3-235B-A22B,1000000,686,192.512,2.2450379008746357,127.11945688285427,transmit,7866.616366380015,12.115344399396397
Qwen3-235B-A22B,1000000,691,192.512,2.228793053545586,127.11945688285427,transmit,7866.616366380015,12.115344399396397
Qwen3-235B-A22B,1000000,696,192.512,2.2127816091954022,127.11945688285427,transmit,7866.616366380015,12.115344399396397
Qwen3-235B-A22B,1000000,701,192.512,2.1969985734664763,127.11945688285427,transmit,7866.616366380015,12.115344399396397
Qwen3-235B-A22B,1000000,706,192.512,2.1814390934844194,127.11945688285427,transmit,7866.616366380015,12.115344399396397
Qwen3-235B-A22B,1000000,711,192.512,2.166098452883263,127.11945688285427,transmit,7866.616366380015,12.115344399396397
Qwen3-235B-A22B,1000000,716,192.512,2.150972067039106,127.11945688285427,transmit,7866.616366380015,12.115344399396397
Qwen3-235B-A22B,1000000,721,192.512,2.1360554785020804,127.11945688285427,transmit,7866.616366380015,12.115344399396397
Qwen3-235B-A22B,1000000,726,192.512,2.12134435261708,127.11945688285427,transmit,7866.616366380015,12.115344399396397
Qwen3-235B-A22B,1000000,731,192.512,2.1068344733242133,127.11945688285427,transmit,7866.616366380015,12.115344399396397
Qwen3-235B-A22B,1000000,736,192.512,2.0925217391304347,127.11945688285427,transmit,7866.616366380015,12.115344399396397
Qwen3-235B-A22B,1000000,741,192.512,2.0784021592442645,127.11945688285427,transmit,7866.616366380015,12.115344399396397
Qwen3-235B-A22B,1000000,746,192.512,2.0644718498659516,127.11945688285427,transmit,7866.616366380015,12.115344399396397
Qwen3-235B-A22B,1000000,751,192.512,2.0507270306258323,127.11945688285427,transmit,7866.616366380015,12.115344399396397
Qwen3-235B-A22B,1000000,756,192.512,2.037164021164021,127.11945688285427,transmit,7866.616366380015,12.115344399396397
Qwen3-235B-A22B,1000000,761,192.512,2.023779237844941,127.11945688285427,transmit,7866.616366380015,12.115344399396397
Qwen3-235B-A22B,1000000,766,192.512,2.0105691906005223,127.11945688285427,transmit,7866.616366380015,12.115344399396397
Qwen3-235B-A22B,1000000,771,192.512,1.9975304798962386,127.11945688285427,transmit,7866.616366380015,12.115344399396397
Qwen3-235B-A22B,1000000,776,192.512,1.984659793814433,127.11945688285427,transmit,7866.616366380015,12.115344399396397
Qwen3-235B-A22B,1000000,781,192.512,1.97195390524968,127.11945688285427,transmit,7866.616366380015,12.115344399396397
Qwen3-235B-A22B,1000000,786,192.512,1.959409669211196,127.11945688285427,transmit,7866.616366380015,12.115344399396397
Qwen3-235B-A22B,1000000,791,192.512,1.9470240202275602,127.11945688285427,transmit,7866.616366380015,12.115344399396397
Qwen3-235B-A22B,1000000,796,192.512,1.9347939698492462,127.11945688285427,transmit,7866.616366380015,12.115344399396397
Qwen3-235B-A22B,1000000,801,192.512,1.9227166042446941,127.11945688285427,transmit,7866.616366380015,12.115344399396397
Qwen3-235B-A22B,1000000,806,192.512,1.9107890818858562,127.11945688285427,transmit,7866.616366380015,12.115344399396397
Qwen3-235B-A22B,1000000,811,192.512,1.8990086313193588,127.11945688285427,transmit,7866.616366380015,12.115344399396397
Qwen3-235B-A22B,1000000,816,192.512,1.8873725490196078,127.11945688285427,transmit,7866.616366380015,12.115344399396397
Qwen3-235B-A22B,1000000,821,192.512,1.8758781973203411,127.11945688285427,transmit,7866.616366380015,12.115344399396397
Qwen3-235B-A22B,1000000,826,192.512,1.8645230024213075,127.11945688285427,transmit,7866.616366380015,12.115344399396397
Qwen3-235B-A22B,1000000,831,192.512,1.8533044524669073,127.11945688285427,transmit,7866.616366380015,12.115344399396397
Qwen3-235B-A22B,1000000,836,192.512,1.84222009569378,127.11945688285427,transmit,7866.616366380015,12.115344399396397
Qwen3-235B-A22B,1000000,841,192.512,1.8312675386444708,127.11945688285427,transmit,7866.616366380015,12.115344399396397
Qwen3-235B-A22B,1000000,846,192.512,1.8204444444444445,127.11945688285427,transmit,7866.616366380015,12.115344399396397
Qwen3-235B-A22B,1000000,851,192.512,1.8097485311398356,127.11945688285427,transmit,7866.616366380015,12.115344399396397
Qwen3-235B-A22B,1000000,856,192.512,1.799177570093458,127.11945688285427,transmit,7866.616366380015,12.115344399396397
Qwen3-235B-A22B,1000000,861,192.512,1.7887293844367016,127.11945688285427,transmit,7866.616366380015,12.115344399396397
Qwen3-235B-A22B,1000000,866,192.512,1.7784018475750578,127.11945688285427,transmit,7866.616366380015,12.115344399396397
Qwen3-235B-A22B,1000000,871,192.512,1.7681928817451205,127.11945688285427,transmit,7866.616366380015,12.115344399396397
Qwen3-235B-A22B,1000000,876,192.512,1.7581004566210046,127.11945688285427,transmit,7866.616366380015,12.115344399396397
Qwen3-235B-A22B,1000000,881,192.512,1.7481225879682178,127.11945688285427,transmit,7866.616366380015,12.115344399396397
Qwen3-235B-A22B,1000000,886,192.512,1.738257336343115,127.11945688285427,transmit,7866.616366380015,12.115344399396397
Qwen3-235B-A22B,1000000,891,192.512,1.7285028058361391,127.11945688285427,transmit,7866.616366380015,12.115344399396397
Qwen3-235B-A22B,1000000,896,192.512,1.7188571428571429,127.11945688285427,transmit,7866.616366380015,12.115344399396397
Qwen3-235B-A22B,1000000,901,192.512,1.7093185349611544,127.11945688285427,transmit,7866.616366380015,12.115344399396397
Qwen3-235B-A22B,1000000,906,192.512,1.6998852097130244,127.11945688285427,transmit,7866.616366380015,12.115344399396397
Qwen3-235B-A22B,1000000,911,192.512,1.6905554335894621,127.11945688285427,transmit,7866.616366380015,12.115344399396397
Qwen3-235B-A22B,1000000,916,192.512,1.6813275109170305,127.11945688285427,transmit,7866.616366380015,12.115344399396397
Qwen3-235B-A22B,1000000,921,192.512,1.672199782844734,127.11945688285427,transmit,7866.616366380015,12.115344399396397
Qwen3-235B-A22B,1000000,926,192.512,1.663170626349892,127.11945688285427,transmit,7866.616366380015,12.115344399396397
Qwen3-235B-A22B,1000000,931,192.512,1.6542384532760472,127.11945688285427,transmit,7866.616366380015,12.115344399396397
Qwen3-235B-A22B,1000000,936,192.512,1.6454017094017095,127.11945688285427,transmit,7866.616366380015,12.115344399396397
Qwen3-235B-A22B,1000000,941,192.512,1.6366588735387886,127.11945688285427,transmit,7866.616366380015,12.115344399396397
Qwen3-235B-A22B,1000000,946,192.512,1.6280084566596194,127.11945688285427,transmit,7866.616366380015,12.115344399396397
Qwen3-235B-A22B,1000000,951,192.512,1.6194490010515248,127.11945688285427,transmit,7866.616366380015,12.115344399396397
Qwen3-235B-A22B,1000000,956,192.512,1.610979079497908,127.11945688285427,transmit,7866.616366380015,12.115344399396397
Qwen3-235B-A22B,1000000,961,192.512,1.6025972944849116,127.11945688285427,transmit,7866.616366380015,12.115344399396397
Qwen3-235B-A22B,1000000,966,192.512,1.5943022774327122,127.11945688285427,transmit,7866.616366380015,12.115344399396397
Qwen3-235B-A22B,1000000,971,192.512,1.5860926879505663,127.11945688285427,transmit,7866.616366380015,12.115344399396397
Qwen3-235B-A22B,1000000,976,192.512,1.5779672131147542,127.11945688285427,transmit,7866.616366380015,12.115344399396397
Qwen3-235B-A22B,1000000,981,192.512,1.5699245667686035,127.11945688285427,transmit,7866.616366380015,12.115344399396397
Qwen3-235B-A22B,1000000,986,192.512,1.5619634888438134,127.11945688285427,transmit,7866.616366380015,12.115344399396397
Qwen3-235B-A22B,1000000,991,192.512,1.5540827447023209,127.11945688285427,transmit,7866.616366380015,12.115344399396397
Qwen3-235B-A22B,1000000,996,192.512,1.546281124497992,127.11945688285427,transmit,7866.616366380015,12.115344399396397
Qwen3.5-397B-A17B,1000,1,0.03072,0.24576,0.030027444749386106,replay,33302.86703867616,8.184512603425052
Qwen3.5-397B-A17B,1000,6,0.03072,0.04096,0.030027444749386106,replay,33302.86703867616,8.184512603425052
Qwen3.5-397B-A17B,1000,11,0.03072,0.02234181818181818,0.030027444749386106,transmit,33302.86703867616,8.184512603425052
Qwen3.5-397B-A17B,1000,16,0.03072,0.01536,0.030027444749386106,transmit,33302.86703867616,8.184512603425052
Qwen3.5-397B-A17B,1000,21,0.03072,0.011702857142857143,0.030027444749386106,transmit,33302.86703867616,8.184512603425052
Qwen3.5-397B-A17B,1000,26,0.03072,0.009452307692307692,0.030027444749386106,transmit,33302.86703867616,8.184512603425052
Qwen3.5-397B-A17B,1000,31,0.03072,0.007927741935483871,0.030027444749386106,transmit,33302.86703867616,8.184512603425052
Qwen3.5-397B-A17B,1000,36,0.03072,0.006826666666666667,0.030027444749386106,transmit,33302.86703867616,8.184512603425052
Qwen3.5-397B-A17B,1000,41,0.03072,0.0059941463414634145,0.030027444749386106,transmit,33302.86703867616,8.184512603425052
Qwen3.5-397B-A17B,1000,46,0.03072,0.005342608695652174,0.030027444749386106,transmit,33302.86703867616,8.184512603425052
Qwen3.5-397B-A17B,1000,51,0.03072,0.004818823529411764,0.030027444749386106,transmit,33302.86703867616,8.184512603425052
Qwen3.5-397B-A17B,1000,56,0.03072,0.004388571428571428,0.030027444749386106,transmit,33302.86703867616,8.184512603425052
Qwen3.5-397B-A17B,1000,61,0.03072,0.004028852459016394,0.030027444749386106,transmit,33302.86703867616,8.184512603425052
Qwen3.5-397B-A17B,1000,66,0.03072,0.0037236363636363634,0.030027444749386106,transmit,33302.86703867616,8.184512603425052
Qwen3.5-397B-A17B,1000,71,0.03072,0.0034614084507042253,0.030027444749386106,transmit,33302.86703867616,8.184512603425052
Qwen3.5-397B-A17B,1000,76,0.03072,0.0032336842105263157,0.030027444749386106,transmit,33302.86703867616,8.184512603425052
Qwen3.5-397B-A17B,1000,81,0.03072,0.003034074074074074,0.030027444749386106,transmit,33302.86703867616,8.184512603425052
Qwen3.5-397B-A17B,1000,86,0.03072,0.002857674418604651,0.030027444749386106,transmit,33302.86703867616,8.184512603425052
Qwen3.5-397B-A17B,1000,91,0.03072,0.002700659340659341,0.030027444749386106,transmit,33302.86703867616,8.184512603425052
Qwen3.5-397B-A17B,1000,96,0.03072,0.00256,0.030027444749386106,transmit,33302.86703867616,8.184512603425052
Qwen3.5-397B-A17B,1000,101,0.03072,0.0024332673267326733,0.030027444749386106,transmit,33302.86703867616,8.184512603425052
Qwen3.5-397B-A17B,1000,106,0.03072,0.0023184905660377357,0.030027444749386106,transmit,33302.86703867616,8.184512603425052
Qwen3.5-397B-A17B,1000,111,0.03072,0.0022140540540540542,0.030027444749386106,transmit,33302.86703867616,8.184512603425052
Qwen3.5-397B-A17B,1000,116,0.03072,0.0021186206896551723,0.030027444749386106,transmit,33302.86703867616,8.184512603425052
Qwen3.5-397B-A17B,1000,121,0.03072,0.0020310743801652893,0.030027444749386106,transmit,33302.86703867616,8.184512603425052
Qwen3.5-397B-A17B,1000,126,0.03072,0.0019504761904761904,0.030027444749386106,transmit,33302.86703867616,8.184512603425052
Qwen3.5-397B-A17B,1000,131,0.03072,0.001876030534351145,0.030027444749386106,transmit,33302.86703867616,8.184512603425052
Qwen3.5-397B-A17B,1000,136,0.03072,0.0018070588235294118,0.030027444749386106,transmit,33302.86703867616,8.184512603425052
Qwen3.5-397B-A17B,1000,141,0.03072,0.0017429787234042554,0.030027444749386106,transmit,33302.86703867616,8.184512603425052
Qwen3.5-397B-A17B,1000,146,0.03072,0.0016832876712328767,0.030027444749386106,transmit,33302.86703867616,8.184512603425052
Qwen3.5-397B-A17B,1000,151,0.03072,0.0016275496688741722,0.030027444749386106,transmit,33302.86703867616,8.184512603425052
Qwen3.5-397B-A17B,1000,156,0.03072,0.0015753846153846154,0.030027444749386106,transmit,33302.86703867616,8.184512603425052
Qwen3.5-397B-A17B,1000,161,0.03072,0.0015264596273291925,0.030027444749386106,transmit,33302.86703867616,8.184512603425052
Qwen3.5-397B-A17B,1000,166,0.03072,0.0014804819277108433,0.030027444749386106,transmit,33302.86703867616,8.184512603425052
Qwen3.5-397B-A17B,1000,171,0.03072,0.0014371929824561404,0.030027444749386106,transmit,33302.86703867616,8.184512603425052
Qwen3.5-397B-A17B,1000,176,0.03072,0.0013963636363636363,0.030027444749386106,transmit,33302.86703867616,8.184512603425052
Qwen3.5-397B-A17B,1000,181,0.03072,0.0013577900552486188,0.030027444749386106,transmit,33302.86703867616,8.184512603425052
Qwen3.5-397B-A17B,1000,186,0.03072,0.001321290322580645,0.030027444749386106,transmit,33302.86703867616,8.184512603425052
Qwen3.5-397B-A17B,1000,191,0.03072,0.0012867015706806283,0.030027444749386106,transmit,33302.86703867616,8.184512603425052
Qwen3.5-397B-A17B,1000,196,0.03072,0.0012538775510204082,0.030027444749386106,transmit,33302.86703867616,8.184512603425052
Qwen3.5-397B-A17B,1000,201,0.03072,0.001222686567164179,0.030027444749386106,transmit,33302.86703867616,8.184512603425052
Qwen3.5-397B-A17B,1000,206,0.03072,0.001193009708737864,0.030027444749386106,transmit,33302.86703867616,8.184512603425052
Qwen3.5-397B-A17B,1000,211,0.03072,0.001164739336492891,0.030027444749386106,transmit,33302.86703867616,8.184512603425052
Qwen3.5-397B-A17B,1000,216,0.03072,0.0011377777777777777,0.030027444749386106,transmit,33302.86703867616,8.184512603425052
Qwen3.5-397B-A17B,1000,221,0.03072,0.0011120361990950226,0.030027444749386106,transmit,33302.86703867616,8.184512603425052
Qwen3.5-397B-A17B,1000,226,0.03072,0.001087433628318584,0.030027444749386106,transmit,33302.86703867616,8.184512603425052
Qwen3.5-397B-A17B,1000,231,0.03072,0.001063896103896104,0.030027444749386106,transmit,33302.86703867616,8.184512603425052
Qwen3.5-397B-A17B,1000,236,0.03072,0.0010413559322033899,0.030027444749386106,transmit,33302.86703867616,8.184512603425052
Qwen3.5-397B-A17B,1000,241,0.03072,0.0010197510373443984,0.030027444749386106,transmit,33302.86703867616,8.184512603425052
Qwen3.5-397B-A17B,1000,246,0.03072,0.0009990243902439023,0.030027444749386106,transmit,33302.86703867616,8.184512603425052
Qwen3.5-397B-A17B,1000,251,0.03072,0.0009791235059760956,0.030027444749386106,transmit,33302.86703867616,8.184512603425052
Qwen3.5-397B-A17B,1000,256,0.03072,0.00096,0.030027444749386106,transmit,33302.86703867616,8.184512603425052
Qwen3.5-397B-A17B,1000,261,0.03072,0.0009416091954022989,0.030027444749386106,transmit,33302.86703867616,8.184512603425052
Qwen3.5-397B-A17B,1000,266,0.03072,0.0009239097744360902,0.030027444749386106,transmit,33302.86703867616,8.184512603425052
Qwen3.5-397B-A17B,1000,271,0.03072,0.0009068634686346863,0.030027444749386106,transmit,33302.86703867616,8.184512603425052
Qwen3.5-397B-A17B,1000,276,0.03072,0.0008904347826086957,0.030027444749386106,transmit,33302.86703867616,8.184512603425052
Qwen3.5-397B-A17B,1000,281,0.03072,0.0008745907473309609,0.030027444749386106,transmit,33302.86703867616,8.184512603425052
Qwen3.5-397B-A17B,1000,286,0.03072,0.0008593006993006993,0.030027444749386106,transmit,33302.86703867616,8.184512603425052
Qwen3.5-397B-A17B,1000,291,0.03072,0.0008445360824742268,0.030027444749386106,transmit,33302.86703867616,8.184512603425052
Qwen3.5-397B-A17B,1000,296,0.03072,0.0008302702702702703,0.030027444749386106,transmit,33302.86703867616,8.184512603425052
Qwen3.5-397B-A17B,1000,301,0.03072,0.0008164784053156147,0.030027444749386106,transmit,33302.86703867616,8.184512603425052
Qwen3.5-397B-A17B,1000,306,0.03072,0.0008031372549019608,0.030027444749386106,transmit,33302.86703867616,8.184512603425052
Qwen3.5-397B-A17B,1000,311,0.03072,0.0007902250803858521,0.030027444749386106,transmit,33302.86703867616,8.184512603425052
Qwen3.5-397B-A17B,1000,316,0.03072,0.0007777215189873418,0.030027444749386106,transmit,33302.86703867616,8.184512603425052
Qwen3.5-397B-A17B,1000,321,0.03072,0.000765607476635514,0.030027444749386106,transmit,33302.86703867616,8.184512603425052
Qwen3.5-397B-A17B,1000,326,0.03072,0.0007538650306748466,0.030027444749386106,transmit,33302.86703867616,8.184512603425052
Qwen3.5-397B-A17B,1000,331,0.03072,0.0007424773413897281,0.030027444749386106,transmit,33302.86703867616,8.184512603425052
Qwen3.5-397B-A17B,1000,336,0.03072,0.0007314285714285715,0.030027444749386106,transmit,33302.86703867616,8.184512603425052
Qwen3.5-397B-A17B,1000,341,0.03072,0.0007207038123167156,0.030027444749386106,transmit,33302.86703867616,8.184512603425052
Qwen3.5-397B-A17B,1000,346,0.03072,0.0007102890173410405,0.030027444749386106,transmit,33302.86703867616,8.184512603425052
Qwen3.5-397B-A17B,1000,351,0.03072,0.0007001709401709402,0.030027444749386106,transmit,33302.86703867616,8.184512603425052
Qwen3.5-397B-A17B,1000,356,0.03072,0.0006903370786516854,0.030027444749386106,transmit,33302.86703867616,8.184512603425052
Qwen3.5-397B-A17B,1000,361,0.03072,0.000680775623268698,0.030027444749386106,transmit,33302.86703867616,8.184512603425052
Qwen3.5-397B-A17B,1000,366,0.03072,0.0006714754098360655,0.030027444749386106,transmit,33302.86703867616,8.184512603425052
Qwen3.5-397B-A17B,1000,371,0.03072,0.0006624258760107817,0.030027444749386106,transmit,33302.86703867616,8.184512603425052
Qwen3.5-397B-A17B,1000,376,0.03072,0.0006536170212765957,0.030027444749386106,transmit,33302.86703867616,8.184512603425052
Qwen3.5-397B-A17B,1000,381,0.03072,0.0006450393700787401,0.030027444749386106,transmit,33302.86703867616,8.184512603425052
Qwen3.5-397B-A17B,1000,386,0.03072,0.0006366839378238342,0.030027444749386106,transmit,33302.86703867616,8.184512603425052
Qwen3.5-397B-A17B,1000,391,0.03072,0.0006285421994884911,0.030027444749386106,transmit,33302.86703867616,8.184512603425052
Qwen3.5-397B-A17B,1000,396,0.03072,0.0006206060606060606,0.030027444749386106,transmit,33302.86703867616,8.184512603425052
Qwen3.5-397B-A17B,1000,401,0.03072,0.0006128678304239401,0.030027444749386106,transmit,33302.86703867616,8.184512603425052
Qwen3.5-397B-A17B,1000,406,0.03072,0.000605320197044335,0.030027444749386106,transmit,33302.86703867616,8.184512603425052
Qwen3.5-397B-A17B,1000,411,0.03072,0.0005979562043795621,0.030027444749386106,transmit,33302.86703867616,8.184512603425052
Qwen3.5-397B-A17B,1000,416,0.03072,0.0005907692307692308,0.030027444749386106,transmit,33302.86703867616,8.184512603425052
Qwen3.5-397B-A17B,1000,421,0.03072,0.0005837529691211401,0.030027444749386106,transmit,33302.86703867616,8.184512603425052
Qwen3.5-397B-A17B,1000,426,0.03072,0.0005769014084507042,0.030027444749386106,transmit,33302.86703867616,8.184512603425052
Qwen3.5-397B-A17B,1000,431,0.03072,0.0005702088167053364,0.030027444749386106,transmit,33302.86703867616,8.184512603425052
Qwen3.5-397B-A17B,1000,436,0.03072,0.0005636697247706422,0.030027444749386106,transmit,33302.86703867616,8.184512603425052
Qwen3.5-397B-A17B,1000,441,0.03072,0.0005572789115646259,0.030027444749386106,transmit,33302.86703867616,8.184512603425052
Qwen3.5-397B-A17B,1000,446,0.03072,0.0005510313901345292,0.030027444749386106,transmit,33302.86703867616,8.184512603425052
Qwen3.5-397B-A17B,1000,451,0.03072,0.0005449223946784922,0.030027444749386106,transmit,33302.86703867616,8.184512603425052
Qwen3.5-397B-A17B,1000,456,0.03072,0.0005389473684210526,0.030027444749386106,transmit,33302.86703867616,8.184512603425052
Qwen3.5-397B-A17B,1000,461,0.03072,0.0005331019522776572,0.030027444749386106,transmit,33302.86703867616,8.184512603425052
Qwen3.5-397B-A17B,1000,466,0.03072,0.000527381974248927,0.030027444749386106,transmit,33302.86703867616,8.184512603425052
Qwen3.5-397B-A17B,1000,471,0.03072,0.0005217834394904458,0.030027444749386106,transmit,33302.86703867616,8.184512603425052
Qwen3.5-397B-A17B,1000,476,0.03072,0.0005163025210084034,0.030027444749386106,transmit,33302.86703867616,8.184512603425052
Qwen3.5-397B-A17B,1000,481,0.03072,0.0005109355509355509,0.030027444749386106,transmit,33302.86703867616,8.184512603425052
Qwen3.5-397B-A17B,1000,486,0.03072,0.000505679012345679,0.030027444749386106,transmit,33302.86703867616,8.184512603425052
Qwen3.5-397B-A17B,1000,491,0.03072,0.0005005295315682281,0.030027444749386106,transmit,33302.86703867616,8.184512603425052
Qwen3.5-397B-A17B,1000,496,0.03072,0.000495483870967742,0.030027444749386106,transmit,33302.86703867616,8.184512603425052
Qwen3.5-397B-A17B,1000,501,0.03072,0.0004905389221556886,0.030027444749386106,transmit,33302.86703867616,8.184512603425052
Qwen3.5-397B-A17B,1000,506,0.03072,0.00048569169960474307,0.030027444749386106,transmit,33302.86703867616,8.184512603425052
Qwen3.5-397B-A17B,1000,511,0.03072,0.0004809393346379648,0.030027444749386106,transmit,33302.86703867616,8.184512603425052
Qwen3.5-397B-A17B,1000,516,0.03072,0.00047627906976744185,0.030027444749386106,transmit,33302.86703867616,8.184512603425052
Qwen3.5-397B-A17B,1000,521,0.03072,0.00047170825335892514,0.030027444749386106,transmit,33302.86703867616,8.184512603425052
Qwen3.5-397B-A17B,1000,526,0.03072,0.0004672243346007605,0.030027444749386106,transmit,33302.86703867616,8.184512603425052
Qwen3.5-397B-A17B,1000,531,0.03072,0.0004628248587570621,0.030027444749386106,transmit,33302.86703867616,8.184512603425052
Qwen3.5-397B-A17B,1000,536,0.03072,0.00045850746268656715,0.030027444749386106,transmit,33302.86703867616,8.184512603425052
Qwen3.5-397B-A17B,1000,541,0.03072,0.0004542698706099815,0.030027444749386106,transmit,33302.86703867616,8.184512603425052
Qwen3.5-397B-A17B,1000,546,0.03072,0.0004501098901098901,0.030027444749386106,transmit,33302.86703867616,8.184512603425052
Qwen3.5-397B-A17B,1000,551,0.03072,0.00044602540834845733,0.030027444749386106,transmit,33302.86703867616,8.184512603425052
Qwen3.5-397B-A17B,1000,556,0.03072,0.00044201438848920864,0.030027444749386106,transmit,33302.86703867616,8.184512603425052
Qwen3.5-397B-A17B,1000,561,0.03072,0.00043807486631016043,0.030027444749386106,transmit,33302.86703867616,8.184512603425052
Qwen3.5-397B-A17B,1000,566,0.03072,0.0004342049469964664,0.030027444749386106,transmit,33302.86703867616,8.184512603425052
Qwen3.5-397B-A17B,1000,571,0.03072,0.00043040280210157616,0.030027444749386106,transmit,33302.86703867616,8.184512603425052
Qwen3.5-397B-A17B,1000,576,0.03072,0.00042666666666666667,0.030027444749386106,transmit,33302.86703867616,8.184512603425052
Qwen3.5-397B-A17B,1000,581,0.03072,0.0004229948364888124,0.030027444749386106,transmit,33302.86703867616,8.184512603425052
Qwen3.5-397B-A17B,1000,586,0.03072,0.00041938566552901025,0.030027444749386106,transmit,33302.86703867616,8.184512603425052
Qwen3.5-397B-A17B,1000,591,0.03072,0.0004158375634517767,0.030027444749386106,transmit,33302.86703867616,8.184512603425052
Qwen3.5-397B-A17B,1000,596,0.03072,0.0004123489932885906,0.030027444749386106,transmit,33302.86703867616,8.184512603425052
Qwen3.5-397B-A17B,1000,601,0.03072,0.00040891846921797006,0.030027444749386106,transmit,33302.86703867616,8.184512603425052
Qwen3.5-397B-A17B,1000,606,0.03072,0.00040554455445544556,0.030027444749386106,transmit,33302.86703867616,8.184512603425052
Qwen3.5-397B-A17B,1000,611,0.03072,0.0004022258592471358,0.030027444749386106,transmit,33302.86703867616,8.184512603425052
Qwen3.5-397B-A17B,1000,616,0.03072,0.00039896103896103896,0.030027444749386106,transmit,33302.86703867616,8.184512603425052
Qwen3.5-397B-A17B,1000,621,0.03072,0.0003957487922705314,0.030027444749386106,transmit,33302.86703867616,8.184512603425052
Qwen3.5-397B-A17B,1000,626,0.03072,0.00039258785942492013,0.030027444749386106,transmit,33302.86703867616,8.184512603425052
Qwen3.5-397B-A17B,1000,631,0.03072,0.0003894770206022187,0.030027444749386106,transmit,33302.86703867616,8.184512603425052
Qwen3.5-397B-A17B,1000,636,0.03072,0.0003864150943396226,0.030027444749386106,transmit,33302.86703867616,8.184512603425052
Qwen3.5-397B-A17B,1000,641,0.03072,0.0003834009360374415,0.030027444749386106,transmit,33302.86703867616,8.184512603425052
Qwen3.5-397B-A17B,1000,646,0.03072,0.00038043343653250774,0.030027444749386106,transmit,33302.86703867616,8.184512603425052
Qwen3.5-397B-A17B,1000,651,0.03072,0.0003775115207373272,0.030027444749386106,transmit,33302.86703867616,8.184512603425052
Qwen3.5-397B-A17B,1000,656,0.03072,0.0003746341463414634,0.030027444749386106,transmit,33302.86703867616,8.184512603425052
Qwen3.5-397B-A17B,1000,661,0.03072,0.00037180030257186083,0.030027444749386106,transmit,33302.86703867616,8.184512603425052
Qwen3.5-397B-A17B,1000,666,0.03072,0.000369009009009009,0.030027444749386106,transmit,33302.86703867616,8.184512603425052
Qwen3.5-397B-A17B,1000,671,0.03072,0.00036625931445603577,0.030027444749386106,transmit,33302.86703867616,8.184512603425052
Qwen3.5-397B-A17B,1000,676,0.03072,0.00036355029585798815,0.030027444749386106,transmit,33302.86703867616,8.184512603425052
Qwen3.5-397B-A17B,1000,681,0.03072,0.00036088105726872244,0.030027444749386106,transmit,33302.86703867616,8.184512603425052
Qwen3.5-397B-A17B,1000,686,0.03072,0.0003582507288629738,0.030027444749386106,transmit,33302.86703867616,8.184512603425052
Qwen3.5-397B-A17B,1000,691,0.03072,0.00035565846599131695,0.030027444749386106,transmit,33302.86703867616,8.184512603425052
Qwen3.5-397B-A17B,1000,696,0.03072,0.0003531034482758621,0.030027444749386106,transmit,33302.86703867616,8.184512603425052
Qwen3.5-397B-A17B,1000,701,0.03072,0.0003505848787446505,0.030027444749386106,transmit,33302.86703867616,8.184512603425052
Qwen3.5-397B-A17B,1000,706,0.03072,0.00034810198300283285,0.030027444749386106,transmit,33302.86703867616,8.184512603425052
Qwen3.5-397B-A17B,1000,711,0.03072,0.0003456540084388186,0.030027444749386106,transmit,33302.86703867616,8.184512603425052
Qwen3.5-397B-A17B,1000,716,0.03072,0.00034324022346368714,0.030027444749386106,transmit,33302.86703867616,8.184512603425052
Qwen3.5-397B-A17B,1000,721,0.03072,0.0003408599167822469,0.030027444749386106,transmit,33302.86703867616,8.184512603425052
Qwen3.5-397B-A17B,1000,726,0.03072,0.00033851239669421487,0.030027444749386106,transmit,33302.86703867616,8.184512603425052
Qwen3.5-397B-A17B,1000,731,0.03072,0.0003361969904240766,0.030027444749386106,transmit,33302.86703867616,8.184512603425052
Qwen3.5-397B-A17B,1000,736,0.03072,0.0003339130434782609,0.030027444749386106,transmit,33302.86703867616,8.184512603425052
Qwen3.5-397B-A17B,1000,741,0.03072,0.0003316599190283401,0.030027444749386106,transmit,33302.86703867616,8.184512603425052
Qwen3.5-397B-A17B,1000,746,0.03072,0.0003294369973190349,0.030027444749386106,transmit,33302.86703867616,8.184512603425052
Qwen3.5-397B-A17B,1000,751,0.03072,0.00032724367509986686,0.030027444749386106,transmit,33302.86703867616,8.184512603425052
Qwen3.5-397B-A17B,1000,756,0.03072,0.0003250793650793651,0.030027444749386106,transmit,33302.86703867616,8.184512603425052
Qwen3.5-397B-A17B,1000,761,0.03072,0.00032294349540078844,0.030027444749386106,transmit,33302.86703867616,8.184512603425052
Qwen3.5-397B-A17B,1000,766,0.03072,0.0003208355091383812,0.030027444749386106,transmit,33302.86703867616,8.184512603425052
Qwen3.5-397B-A17B,1000,771,0.03072,0.0003187548638132296,0.030027444749386106,transmit,33302.86703867616,8.184512603425052
Qwen3.5-397B-A17B,1000,776,0.03072,0.00031670103092783507,0.030027444749386106,transmit,33302.86703867616,8.184512603425052
Qwen3.5-397B-A17B,1000,781,0.03072,0.0003146734955185659,0.030027444749386106,transmit,33302.86703867616,8.184512603425052
Qwen3.5-397B-A17B,1000,786,0.03072,0.00031267175572519086,0.030027444749386106,transmit,33302.86703867616,8.184512603425052
Qwen3.5-397B-A17B,1000,791,0.03072,0.0003106953223767383,0.030027444749386106,transmit,33302.86703867616,8.184512603425052
Qwen3.5-397B-A17B,1000,796,0.03072,0.0003087437185929648,0.030027444749386106,transmit,33302.86703867616,8.184512603425052
Qwen3.5-397B-A17B,1000,801,0.03072,0.0003068164794007491,0.030027444749386106,transmit,33302.86703867616,8.184512603425052
Qwen3.5-397B-A17B,1000,806,0.03072,0.0003049131513647643,0.030027444749386106,transmit,33302.86703867616,8.184512603425052
Qwen3.5-397B-A17B,1000,811,0.03072,0.00030303329223181256,0.030027444749386106,transmit,33302.86703867616,8.184512603425052
Qwen3.5-397B-A17B,1000,816,0.03072,0.00030117647058823527,0.030027444749386106,transmit,33302.86703867616,8.184512603425052
Qwen3.5-397B-A17B,1000,821,0.03072,0.0002993422655298417,0.030027444749386106,transmit,33302.86703867616,8.184512603425052
Qwen3.5-397B-A17B,1000,826,0.03072,0.0002975302663438257,0.030027444749386106,transmit,33302.86703867616,8.184512603425052
Qwen3.5-397B-A17B,1000,831,0.03072,0.0002957400722021661,0.030027444749386106,transmit,33302.86703867616,8.184512603425052
Qwen3.5-397B-A17B,1000,836,0.03072,0.0002939712918660287,0.030027444749386106,transmit,33302.86703867616,8.184512603425052
Qwen3.5-397B-A17B,1000,841,0.03072,0.00029222354340071346,0.030027444749386106,transmit,33302.86703867616,8.184512603425052
Qwen3.5-397B-A17B,1000,846,0.03072,0.00029049645390070923,0.030027444749386106,transmit,33302.86703867616,8.184512603425052
Qwen3.5-397B-A17B,1000,851,0.03072,0.0002887896592244418,0.030027444749386106,transmit,33302.86703867616,8.184512603425052
Qwen3.5-397B-A17B,1000,856,0.03072,0.0002871028037383178,0.030027444749386106,transmit,33302.86703867616,8.184512603425052
Qwen3.5-397B-A17B,1000,861,0.03072,0.0002854355400696864,0.030027444749386106,transmit,33302.86703867616,8.184512603425052
Qwen3.5-397B-A17B,1000,866,0.03072,0.00028378752886836026,0.030027444749386106,transmit,33302.86703867616,8.184512603425052
Qwen3.5-397B-A17B,1000,871,0.03072,0.00028215843857634903,0.030027444749386106,transmit,33302.86703867616,8.184512603425052
Qwen3.5-397B-A17B,1000,876,0.03072,0.00028054794520547945,0.030027444749386106,transmit,33302.86703867616,8.184512603425052
Qwen3.5-397B-A17B,1000,881,0.03072,0.000278955732122588,0.030027444749386106,transmit,33302.86703867616,8.184512603425052
Qwen3.5-397B-A17B,1000,886,0.03072,0.00027738148984198646,0.030027444749386106,transmit,33302.86703867616,8.184512603425052
Qwen3.5-397B-A17B,1000,891,0.03072,0.00027582491582491583,0.030027444749386106,transmit,33302.86703867616,8.184512603425052
Qwen3.5-397B-A17B,1000,896,0.03072,0.00027428571428571427,0.030027444749386106,transmit,33302.86703867616,8.184512603425052
Qwen3.5-397B-A17B,1000,901,0.03072,0.0002727635960044395,0.030027444749386106,transmit,33302.86703867616,8.184512603425052
Qwen3.5-397B-A17B,1000,906,0.03072,0.00027125827814569536,0.030027444749386106,transmit,33302.86703867616,8.184512603425052
Qwen3.5-397B-A17B,1000,911,0.03072,0.0002697694840834248,0.030027444749386106,transmit,33302.86703867616,8.184512603425052
Qwen3.5-397B-A17B,1000,916,0.03072,0.00026829694323144104,0.030027444749386106,transmit,33302.86703867616,8.184512603425052
Qwen3.5-397B-A17B,1000,921,0.03072,0.0002668403908794788,0.030027444749386106,transmit,33302.86703867616,8.184512603425052
Qwen3.5-397B-A17B,1000,926,0.03072,0.00026539956803455726,0.030027444749386106,transmit,33302.86703867616,8.184512603425052
Qwen3.5-397B-A17B,1000,931,0.03072,0.00026397422126745433,0.030027444749386106,transmit,33302.86703867616,8.184512603425052
Qwen3.5-397B-A17B,1000,936,0.03072,0.00026256410256410257,0.030027444749386106,transmit,33302.86703867616,8.184512603425052
Qwen3.5-397B-A17B,1000,941,0.03072,0.0002611689691817216,0.030027444749386106,transmit,33302.86703867616,8.184512603425052
Qwen3.5-397B-A17B,1000,946,0.03072,0.00025978858350951377,0.030027444749386106,transmit,33302.86703867616,8.184512603425052
Qwen3.5-397B-A17B,1000,951,0.03072,0.00025842271293375393,0.030027444749386106,transmit,33302.86703867616,8.184512603425052
Qwen3.5-397B-A17B,1000,956,0.03072,0.000257071129707113,0.030027444749386106,transmit,33302.86703867616,8.184512603425052
Qwen3.5-397B-A17B,1000,961,0.03072,0.00025573361082206037,0.030027444749386106,transmit,33302.86703867616,8.184512603425052
Qwen3.5-397B-A17B,1000,966,0.03072,0.0002544099378881988,0.030027444749386106,transmit,33302.86703867616,8.184512603425052
Qwen3.5-397B-A17B,1000,971,0.03072,0.0002530998970133883,0.030027444749386106,transmit,33302.86703867616,8.184512603425052
Qwen3.5-397B-A17B,1000,976,0.03072,0.0002518032786885246,0.030027444749386106,transmit,33302.86703867616,8.184512603425052
Qwen3.5-397B-A17B,1000,981,0.03072,0.00025051987767584096,0.030027444749386106,transmit,33302.86703867616,8.184512603425052
Qwen3.5-397B-A17B,1000,986,0.03072,0.0002492494929006085,0.030027444749386106,transmit,33302.86703867616,8.184512603425052
Qwen3.5-397B-A17B,1000,991,0.03072,0.000247991927346115,0.030027444749386106,transmit,33302.86703867616,8.184512603425052
Qwen3.5-397B-A17B,1000,996,0.03072,0.0002467469879518072,0.030027444749386106,transmit,33302.86703867616,8.184512603425052
Qwen3.5-397B-A17B,10000,1,0.3072,2.4576,0.30027444749386106,replay,33302.86703867616,8.184512603425052
Qwen3.5-397B-A17B,10000,6,0.3072,0.4096,0.30027444749386106,replay,33302.86703867616,8.184512603425052
Qwen3.5-397B-A17B,10000,11,0.3072,0.22341818181818182,0.30027444749386106,transmit,33302.86703867616,8.184512603425052
Qwen3.5-397B-A17B,10000,16,0.3072,0.1536,0.30027444749386106,transmit,33302.86703867616,8.184512603425052
Qwen3.5-397B-A17B,10000,21,0.3072,0.11702857142857143,0.30027444749386106,transmit,33302.86703867616,8.184512603425052
Qwen3.5-397B-A17B,10000,26,0.3072,0.09452307692307692,0.30027444749386106,transmit,33302.86703867616,8.184512603425052
Qwen3.5-397B-A17B,10000,31,0.3072,0.07927741935483872,0.30027444749386106,transmit,33302.86703867616,8.184512603425052
Qwen3.5-397B-A17B,10000,36,0.3072,0.06826666666666667,0.30027444749386106,transmit,33302.86703867616,8.184512603425052
Qwen3.5-397B-A17B,10000,41,0.3072,0.05994146341463415,0.30027444749386106,transmit,33302.86703867616,8.184512603425052
Qwen3.5-397B-A17B,10000,46,0.3072,0.05342608695652174,0.30027444749386106,transmit,33302.86703867616,8.184512603425052
Qwen3.5-397B-A17B,10000,51,0.3072,0.04818823529411765,0.30027444749386106,transmit,33302.86703867616,8.184512603425052
Qwen3.5-397B-A17B,10000,56,0.3072,0.043885714285714285,0.30027444749386106,transmit,33302.86703867616,8.184512603425052
Qwen3.5-397B-A17B,10000,61,0.3072,0.04028852459016394,0.30027444749386106,transmit,33302.86703867616,8.184512603425052
Qwen3.5-397B-A17B,10000,66,0.3072,0.03723636363636364,0.30027444749386106,transmit,33302.86703867616,8.184512603425052
Qwen3.5-397B-A17B,10000,71,0.3072,0.03461408450704225,0.30027444749386106,transmit,33302.86703867616,8.184512603425052
Qwen3.5-397B-A17B,10000,76,0.3072,0.03233684210526316,0.30027444749386106,transmit,33302.86703867616,8.184512603425052
Qwen3.5-397B-A17B,10000,81,0.3072,0.03034074074074074,0.30027444749386106,transmit,33302.86703867616,8.184512603425052
Qwen3.5-397B-A17B,10000,86,0.3072,0.028576744186046513,0.30027444749386106,transmit,33302.86703867616,8.184512603425052
Qwen3.5-397B-A17B,10000,91,0.3072,0.027006593406593407,0.30027444749386106,transmit,33302.86703867616,8.184512603425052
Qwen3.5-397B-A17B,10000,96,0.3072,0.0256,0.30027444749386106,transmit,33302.86703867616,8.184512603425052
Qwen3.5-397B-A17B,10000,101,0.3072,0.024332673267326733,0.30027444749386106,transmit,33302.86703867616,8.184512603425052
Qwen3.5-397B-A17B,10000,106,0.3072,0.02318490566037736,0.30027444749386106,transmit,33302.86703867616,8.184512603425052
Qwen3.5-397B-A17B,10000,111,0.3072,0.02214054054054054,0.30027444749386106,transmit,33302.86703867616,8.184512603425052
Qwen3.5-397B-A17B,10000,116,0.3072,0.021186206896551724,0.30027444749386106,transmit,33302.86703867616,8.184512603425052
Qwen3.5-397B-A17B,10000,121,0.3072,0.020310743801652893,0.30027444749386106,transmit,33302.86703867616,8.184512603425052
Qwen3.5-397B-A17B,10000,126,0.3072,0.019504761904761903,0.30027444749386106,transmit,33302.86703867616,8.184512603425052
Qwen3.5-397B-A17B,10000,131,0.3072,0.01876030534351145,0.30027444749386106,transmit,33302.86703867616,8.184512603425052
Qwen3.5-397B-A17B,10000,136,0.3072,0.018070588235294116,0.30027444749386106,transmit,33302.86703867616,8.184512603425052
Qwen3.5-397B-A17B,10000,141,0.3072,0.017429787234042555,0.30027444749386106,transmit,33302.86703867616,8.184512603425052
Qwen3.5-397B-A17B,10000,146,0.3072,0.016832876712328766,0.30027444749386106,transmit,33302.86703867616,8.184512603425052
Qwen3.5-397B-A17B,10000,151,0.3072,0.01627549668874172,0.30027444749386106,transmit,33302.86703867616,8.184512603425052
Qwen3.5-397B-A17B,10000,156,0.3072,0.015753846153846153,0.30027444749386106,transmit,33302.86703867616,8.184512603425052
Qwen3.5-397B-A17B,10000,161,0.3072,0.015264596273291926,0.30027444749386106,transmit,33302.86703867616,8.184512603425052
Qwen3.5-397B-A17B,10000,166,0.3072,0.014804819277108434,0.30027444749386106,transmit,33302.86703867616,8.184512603425052
Qwen3.5-397B-A17B,10000,171,0.3072,0.014371929824561404,0.30027444749386106,transmit,33302.86703867616,8.184512603425052
Qwen3.5-397B-A17B,10000,176,0.3072,0.013963636363636364,0.30027444749386106,transmit,33302.86703867616,8.184512603425052
Qwen3.5-397B-A17B,10000,181,0.3072,0.013577900552486187,0.30027444749386106,transmit,33302.86703867616,8.184512603425052
Qwen3.5-397B-A17B,10000,186,0.3072,0.013212903225806451,0.30027444749386106,transmit,33302.86703867616,8.184512603425052
Qwen3.5-397B-A17B,10000,191,0.3072,0.012867015706806283,0.30027444749386106,transmit,33302.86703867616,8.184512603425052
Qwen3.5-397B-A17B,10000,196,0.3072,0.012538775510204082,0.30027444749386106,transmit,33302.86703867616,8.184512603425052
Qwen3.5-397B-A17B,10000,201,0.3072,0.01222686567164179,0.30027444749386106,transmit,33302.86703867616,8.184512603425052
Qwen3.5-397B-A17B,10000,206,0.3072,0.011930097087378641,0.30027444749386106,transmit,33302.86703867616,8.184512603425052
Qwen3.5-397B-A17B,10000,211,0.3072,0.01164739336492891,0.30027444749386106,transmit,33302.86703867616,8.184512603425052
Qwen3.5-397B-A17B,10000,216,0.3072,0.011377777777777778,0.30027444749386106,transmit,33302.86703867616,8.184512603425052
Qwen3.5-397B-A17B,10000,221,0.3072,0.011120361990950227,0.30027444749386106,transmit,33302.86703867616,8.184512603425052
Qwen3.5-397B-A17B,10000,226,0.3072,0.010874336283185841,0.30027444749386106,transmit,33302.86703867616,8.184512603425052
Qwen3.5-397B-A17B,10000,231,0.3072,0.010638961038961038,0.30027444749386106,transmit,33302.86703867616,8.184512603425052
Qwen3.5-397B-A17B,10000,236,0.3072,0.010413559322033899,0.30027444749386106,transmit,33302.86703867616,8.184512603425052
Qwen3.5-397B-A17B,10000,241,0.3072,0.010197510373443984,0.30027444749386106,transmit,33302.86703867616,8.184512603425052
Qwen3.5-397B-A17B,10000,246,0.3072,0.009990243902439024,0.30027444749386106,transmit,33302.86703867616,8.184512603425052
Qwen3.5-397B-A17B,10000,251,0.3072,0.009791235059760955,0.30027444749386106,transmit,33302.86703867616,8.184512603425052
Qwen3.5-397B-A17B,10000,256,0.3072,0.0096,0.30027444749386106,transmit,33302.86703867616,8.184512603425052
Qwen3.5-397B-A17B,10000,261,0.3072,0.009416091954022989,0.30027444749386106,transmit,33302.86703867616,8.184512603425052
Qwen3.5-397B-A17B,10000,266,0.3072,0.009239097744360903,0.30027444749386106,transmit,33302.86703867616,8.184512603425052
Qwen3.5-397B-A17B,10000,271,0.3072,0.009068634686346864,0.30027444749386106,transmit,33302.86703867616,8.184512603425052
Qwen3.5-397B-A17B,10000,276,0.3072,0.008904347826086956,0.30027444749386106,transmit,33302.86703867616,8.184512603425052
Qwen3.5-397B-A17B,10000,281,0.3072,0.00874590747330961,0.30027444749386106,transmit,33302.86703867616,8.184512603425052
Qwen3.5-397B-A17B,10000,286,0.3072,0.008593006993006993,0.30027444749386106,transmit,33302.86703867616,8.184512603425052
Qwen3.5-397B-A17B,10000,291,0.3072,0.008445360824742268,0.30027444749386106,transmit,33302.86703867616,8.184512603425052
Qwen3.5-397B-A17B,10000,296,0.3072,0.008302702702702702,0.30027444749386106,transmit,33302.86703867616,8.184512603425052
Qwen3.5-397B-A17B,10000,301,0.3072,0.008164784053156146,0.30027444749386106,transmit,33302.86703867616,8.184512603425052
Qwen3.5-397B-A17B,10000,306,0.3072,0.008031372549019608,0.30027444749386106,transmit,33302.86703867616,8.184512603425052
Qwen3.5-397B-A17B,10000,311,0.3072,0.007902250803858521,0.30027444749386106,transmit,33302.86703867616,8.184512603425052
Qwen3.5-397B-A17B,10000,316,0.3072,0.007777215189873418,0.30027444749386106,transmit,33302.86703867616,8.184512603425052
Qwen3.5-397B-A17B,10000,321,0.3072,0.0076560747663551405,0.30027444749386106,transmit,33302.86703867616,8.184512603425052
Qwen3.5-397B-A17B,10000,326,0.3072,0.007538650306748466,0.30027444749386106,transmit,33302.86703867616,8.184512603425052
Qwen3.5-397B-A17B,10000,331,0.3072,0.007424773413897281,0.30027444749386106,transmit,33302.86703867616,8.184512603425052
Qwen3.5-397B-A17B,10000,336,0.3072,0.007314285714285714,0.30027444749386106,transmit,33302.86703867616,8.184512603425052
Qwen3.5-397B-A17B,10000,341,0.3072,0.007207038123167155,0.30027444749386106,transmit,33302.86703867616,8.184512603425052
Qwen3.5-397B-A17B,10000,346,0.3072,0.007102890173410405,0.30027444749386106,transmit,33302.86703867616,8.184512603425052
Qwen3.5-397B-A17B,10000,351,0.3072,0.007001709401709402,0.30027444749386106,transmit,33302.86703867616,8.184512603425052
Qwen3.5-397B-A17B,10000,356,0.3072,0.006903370786516854,0.30027444749386106,transmit,33302.86703867616,8.184512603425052
Qwen3.5-397B-A17B,10000,361,0.3072,0.006807756232686981,0.30027444749386106,transmit,33302.86703867616,8.184512603425052
Qwen3.5-397B-A17B,10000,366,0.3072,0.006714754098360655,0.30027444749386106,transmit,33302.86703867616,8.184512603425052
Qwen3.5-397B-A17B,10000,371,0.3072,0.006624258760107817,0.30027444749386106,transmit,33302.86703867616,8.184512603425052
Qwen3.5-397B-A17B,10000,376,0.3072,0.006536170212765958,0.30027444749386106,transmit,33302.86703867616,8.184512603425052
Qwen3.5-397B-A17B,10000,381,0.3072,0.006450393700787402,0.30027444749386106,transmit,33302.86703867616,8.184512603425052
Qwen3.5-397B-A17B,10000,386,0.3072,0.006366839378238342,0.30027444749386106,transmit,33302.86703867616,8.184512603425052
Qwen3.5-397B-A17B,10000,391,0.3072,0.006285421994884911,0.30027444749386106,transmit,33302.86703867616,8.184512603425052
Qwen3.5-397B-A17B,10000,396,0.3072,0.0062060606060606064,0.30027444749386106,transmit,33302.86703867616,8.184512603425052
Qwen3.5-397B-A17B,10000,401,0.3072,0.006128678304239401,0.30027444749386106,transmit,33302.86703867616,8.184512603425052
Qwen3.5-397B-A17B,10000,406,0.3072,0.00605320197044335,0.30027444749386106,transmit,33302.86703867616,8.184512603425052
Qwen3.5-397B-A17B,10000,411,0.3072,0.005979562043795621,0.30027444749386106,transmit,33302.86703867616,8.184512603425052
Qwen3.5-397B-A17B,10000,416,0.3072,0.005907692307692307,0.30027444749386106,transmit,33302.86703867616,8.184512603425052
Qwen3.5-397B-A17B,10000,421,0.3072,0.005837529691211402,0.30027444749386106,transmit,33302.86703867616,8.184512603425052
Qwen3.5-397B-A17B,10000,426,0.3072,0.005769014084507042,0.30027444749386106,transmit,33302.86703867616,8.184512603425052
Qwen3.5-397B-A17B,10000,431,0.3072,0.005702088167053364,0.30027444749386106,transmit,33302.86703867616,8.184512603425052
Qwen3.5-397B-A17B,10000,436,0.3072,0.005636697247706422,0.30027444749386106,transmit,33302.86703867616,8.184512603425052
Qwen3.5-397B-A17B,10000,441,0.3072,0.005572789115646259,0.30027444749386106,transmit,33302.86703867616,8.184512603425052
Qwen3.5-397B-A17B,10000,446,0.3072,0.005510313901345291,0.30027444749386106,transmit,33302.86703867616,8.184512603425052
Qwen3.5-397B-A17B,10000,451,0.3072,0.005449223946784923,0.30027444749386106,transmit,33302.86703867616,8.184512603425052
Qwen3.5-397B-A17B,10000,456,0.3072,0.0053894736842105264,0.30027444749386106,transmit,33302.86703867616,8.184512603425052
Qwen3.5-397B-A17B,10000,461,0.3072,0.005331019522776572,0.30027444749386106,transmit,33302.86703867616,8.184512603425052
Qwen3.5-397B-A17B,10000,466,0.3072,0.0052738197424892705,0.30027444749386106,transmit,33302.86703867616,8.184512603425052
Qwen3.5-397B-A17B,10000,471,0.3072,0.005217834394904458,0.30027444749386106,transmit,33302.86703867616,8.184512603425052
Qwen3.5-397B-A17B,10000,476,0.3072,0.005163025210084033,0.30027444749386106,transmit,33302.86703867616,8.184512603425052
Qwen3.5-397B-A17B,10000,481,0.3072,0.0051093555093555095,0.30027444749386106,transmit,33302.86703867616,8.184512603425052
Qwen3.5-397B-A17B,10000,486,0.3072,0.00505679012345679,0.30027444749386106,transmit,33302.86703867616,8.184512603425052
Qwen3.5-397B-A17B,10000,491,0.3072,0.005005295315682281,0.30027444749386106,transmit,33302.86703867616,8.184512603425052
Qwen3.5-397B-A17B,10000,496,0.3072,0.00495483870967742,0.30027444749386106,transmit,33302.86703867616,8.184512603425052
Qwen3.5-397B-A17B,10000,501,0.3072,0.004905389221556886,0.30027444749386106,transmit,33302.86703867616,8.184512603425052
Qwen3.5-397B-A17B,10000,506,0.3072,0.0048569169960474305,0.30027444749386106,transmit,33302.86703867616,8.184512603425052
Qwen3.5-397B-A17B,10000,511,0.3072,0.0048093933463796475,0.30027444749386106,transmit,33302.86703867616,8.184512603425052
Qwen3.5-397B-A17B,10000,516,0.3072,0.0047627906976744185,0.30027444749386106,transmit,33302.86703867616,8.184512603425052
Qwen3.5-397B-A17B,10000,521,0.3072,0.004717082533589252,0.30027444749386106,transmit,33302.86703867616,8.184512603425052
Qwen3.5-397B-A17B,10000,526,0.3072,0.004672243346007605,0.30027444749386106,transmit,33302.86703867616,8.184512603425052
Qwen3.5-397B-A17B,10000,531,0.3072,0.004628248587570621,0.30027444749386106,transmit,33302.86703867616,8.184512603425052
Qwen3.5-397B-A17B,10000,536,0.3072,0.004585074626865672,0.30027444749386106,transmit,33302.86703867616,8.184512603425052
Qwen3.5-397B-A17B,10000,541,0.3072,0.004542698706099815,0.30027444749386106,transmit,33302.86703867616,8.184512603425052
Qwen3.5-397B-A17B,10000,546,0.3072,0.0045010989010989015,0.30027444749386106,transmit,33302.86703867616,8.184512603425052
Qwen3.5-397B-A17B,10000,551,0.3072,0.004460254083484574,0.30027444749386106,transmit,33302.86703867616,8.184512603425052
Qwen3.5-397B-A17B,10000,556,0.3072,0.004420143884892086,0.30027444749386106,transmit,33302.86703867616,8.184512603425052
Qwen3.5-397B-A17B,10000,561,0.3072,0.004380748663101604,0.30027444749386106,transmit,33302.86703867616,8.184512603425052
Qwen3.5-397B-A17B,10000,566,0.3072,0.004342049469964664,0.30027444749386106,transmit,33302.86703867616,8.184512603425052
Qwen3.5-397B-A17B,10000,571,0.3072,0.004304028021015762,0.30027444749386106,transmit,33302.86703867616,8.184512603425052
Qwen3.5-397B-A17B,10000,576,0.3072,0.004266666666666667,0.30027444749386106,transmit,33302.86703867616,8.184512603425052
Qwen3.5-397B-A17B,10000,581,0.3072,0.004229948364888124,0.30027444749386106,transmit,33302.86703867616,8.184512603425052
Qwen3.5-397B-A17B,10000,586,0.3072,0.004193856655290103,0.30027444749386106,transmit,33302.86703867616,8.184512603425052
Qwen3.5-397B-A17B,10000,591,0.3072,0.004158375634517766,0.30027444749386106,transmit,33302.86703867616,8.184512603425052
Qwen3.5-397B-A17B,10000,596,0.3072,0.004123489932885906,0.30027444749386106,transmit,33302.86703867616,8.184512603425052
Qwen3.5-397B-A17B,10000,601,0.3072,0.004089184692179701,0.30027444749386106,transmit,33302.86703867616,8.184512603425052
Qwen3.5-397B-A17B,10000,606,0.3072,0.004055445544554456,0.30027444749386106,transmit,33302.86703867616,8.184512603425052
Qwen3.5-397B-A17B,10000,611,0.3072,0.004022258592471358,0.30027444749386106,transmit,33302.86703867616,8.184512603425052
Qwen3.5-397B-A17B,10000,616,0.3072,0.003989610389610389,0.30027444749386106,transmit,33302.86703867616,8.184512603425052
Qwen3.5-397B-A17B,10000,621,0.3072,0.003957487922705314,0.30027444749386106,transmit,33302.86703867616,8.184512603425052
Qwen3.5-397B-A17B,10000,626,0.3072,0.003925878594249201,0.30027444749386106,transmit,33302.86703867616,8.184512603425052
Qwen3.5-397B-A17B,10000,631,0.3072,0.003894770206022187,0.30027444749386106,transmit,33302.86703867616,8.184512603425052
Qwen3.5-397B-A17B,10000,636,0.3072,0.0038641509433962264,0.30027444749386106,transmit,33302.86703867616,8.184512603425052
Qwen3.5-397B-A17B,10000,641,0.3072,0.003834009360374415,0.30027444749386106,transmit,33302.86703867616,8.184512603425052
Qwen3.5-397B-A17B,10000,646,0.3072,0.0038043343653250774,0.30027444749386106,transmit,33302.86703867616,8.184512603425052
Qwen3.5-397B-A17B,10000,651,0.3072,0.003775115207373272,0.30027444749386106,transmit,33302.86703867616,8.184512603425052
Qwen3.5-397B-A17B,10000,656,0.3072,0.003746341463414634,0.30027444749386106,transmit,33302.86703867616,8.184512603425052
Qwen3.5-397B-A17B,10000,661,0.3072,0.0037180030257186083,0.30027444749386106,transmit,33302.86703867616,8.184512603425052
Qwen3.5-397B-A17B,10000,666,0.3072,0.00369009009009009,0.30027444749386106,transmit,33302.86703867616,8.184512603425052
Qwen3.5-397B-A17B,10000,671,0.3072,0.0036625931445603576,0.30027444749386106,transmit,33302.86703867616,8.184512603425052
Qwen3.5-397B-A17B,10000,676,0.3072,0.003635502958579882,0.30027444749386106,transmit,33302.86703867616,8.184512603425052
Qwen3.5-397B-A17B,10000,681,0.3072,0.0036088105726872245,0.30027444749386106,transmit,33302.86703867616,8.184512603425052
Qwen3.5-397B-A17B,10000,686,0.3072,0.0035825072886297377,0.30027444749386106,transmit,33302.86703867616,8.184512603425052
Qwen3.5-397B-A17B,10000,691,0.3072,0.0035565846599131695,0.30027444749386106,transmit,33302.86703867616,8.184512603425052
Qwen3.5-397B-A17B,10000,696,0.3072,0.0035310344827586206,0.30027444749386106,transmit,33302.86703867616,8.184512603425052
Qwen3.5-397B-A17B,10000,701,0.3072,0.003505848787446505,0.30027444749386106,transmit,33302.86703867616,8.184512603425052
Qwen3.5-397B-A17B,10000,706,0.3072,0.0034810198300283287,0.30027444749386106,transmit,33302.86703867616,8.184512603425052
Qwen3.5-397B-A17B,10000,711,0.3072,0.003456540084388186,0.30027444749386106,transmit,33302.86703867616,8.184512603425052
Qwen3.5-397B-A17B,10000,716,0.3072,0.0034324022346368713,0.30027444749386106,transmit,33302.86703867616,8.184512603425052
Qwen3.5-397B-A17B,10000,721,0.3072,0.0034085991678224686,0.30027444749386106,transmit,33302.86703867616,8.184512603425052
Qwen3.5-397B-A17B,10000,726,0.3072,0.0033851239669421486,0.30027444749386106,transmit,33302.86703867616,8.184512603425052
Qwen3.5-397B-A17B,10000,731,0.3072,0.0033619699042407663,0.30027444749386106,transmit,33302.86703867616,8.184512603425052
Qwen3.5-397B-A17B,10000,736,0.3072,0.003339130434782609,0.30027444749386106,transmit,33302.86703867616,8.184512603425052
Qwen3.5-397B-A17B,10000,741,0.3072,0.003316599190283401,0.30027444749386106,transmit,33302.86703867616,8.184512603425052
Qwen3.5-397B-A17B,10000,746,0.3072,0.0032943699731903487,0.30027444749386106,transmit,33302.86703867616,8.184512603425052
Qwen3.5-397B-A17B,10000,751,0.3072,0.0032724367509986683,0.30027444749386106,transmit,33302.86703867616,8.184512603425052
Qwen3.5-397B-A17B,10000,756,0.3072,0.003250793650793651,0.30027444749386106,transmit,33302.86703867616,8.184512603425052
Qwen3.5-397B-A17B,10000,761,0.3072,0.003229434954007884,0.30027444749386106,transmit,33302.86703867616,8.184512603425052
Qwen3.5-397B-A17B,10000,766,0.3072,0.003208355091383812,0.30027444749386106,transmit,33302.86703867616,8.184512603425052
Qwen3.5-397B-A17B,10000,771,0.3072,0.003187548638132296,0.30027444749386106,transmit,33302.86703867616,8.184512603425052
Qwen3.5-397B-A17B,10000,776,0.3072,0.0031670103092783504,0.30027444749386106,transmit,33302.86703867616,8.184512603425052
Qwen3.5-397B-A17B,10000,781,0.3072,0.0031467349551856593,0.30027444749386106,transmit,33302.86703867616,8.184512603425052
Qwen3.5-397B-A17B,10000,786,0.3072,0.0031267175572519085,0.30027444749386106,transmit,33302.86703867616,8.184512603425052
Qwen3.5-397B-A17B,10000,791,0.3072,0.003106953223767383,0.30027444749386106,transmit,33302.86703867616,8.184512603425052
Qwen3.5-397B-A17B,10000,796,0.3072,0.003087437185929648,0.30027444749386106,transmit,33302.86703867616,8.184512603425052
Qwen3.5-397B-A17B,10000,801,0.3072,0.003068164794007491,0.30027444749386106,transmit,33302.86703867616,8.184512603425052
Qwen3.5-397B-A17B,10000,806,0.3072,0.0030491315136476427,0.30027444749386106,transmit,33302.86703867616,8.184512603425052
Qwen3.5-397B-A17B,10000,811,0.3072,0.0030303329223181257,0.30027444749386106,transmit,33302.86703867616,8.184512603425052
Qwen3.5-397B-A17B,10000,816,0.3072,0.003011764705882353,0.30027444749386106,transmit,33302.86703867616,8.184512603425052
Qwen3.5-397B-A17B,10000,821,0.3072,0.0029934226552984166,0.30027444749386106,transmit,33302.86703867616,8.184512603425052
Qwen3.5-397B-A17B,10000,826,0.3072,0.0029753026634382566,0.30027444749386106,transmit,33302.86703867616,8.184512603425052
Qwen3.5-397B-A17B,10000,831,0.3072,0.0029574007220216606,0.30027444749386106,transmit,33302.86703867616,8.184512603425052
Qwen3.5-397B-A17B,10000,836,0.3072,0.002939712918660287,0.30027444749386106,transmit,33302.86703867616,8.184512603425052
Qwen3.5-397B-A17B,10000,841,0.3072,0.0029222354340071345,0.30027444749386106,transmit,33302.86703867616,8.184512603425052
Qwen3.5-397B-A17B,10000,846,0.3072,0.0029049645390070923,0.30027444749386106,transmit,33302.86703867616,8.184512603425052
Qwen3.5-397B-A17B,10000,851,0.3072,0.0028878965922444185,0.30027444749386106,transmit,33302.86703867616,8.184512603425052
Qwen3.5-397B-A17B,10000,856,0.3072,0.0028710280373831776,0.30027444749386106,transmit,33302.86703867616,8.184512603425052
Qwen3.5-397B-A17B,10000,861,0.3072,0.002854355400696864,0.30027444749386106,transmit,33302.86703867616,8.184512603425052
Qwen3.5-397B-A17B,10000,866,0.3072,0.0028378752886836028,0.30027444749386106,transmit,33302.86703867616,8.184512603425052
Qwen3.5-397B-A17B,10000,871,0.3072,0.0028215843857634904,0.30027444749386106,transmit,33302.86703867616,8.184512603425052
Qwen3.5-397B-A17B,10000,876,0.3072,0.0028054794520547947,0.30027444749386106,transmit,33302.86703867616,8.184512603425052
Qwen3.5-397B-A17B,10000,881,0.3072,0.00278955732122588,0.30027444749386106,transmit,33302.86703867616,8.184512603425052
Qwen3.5-397B-A17B,10000,886,0.3072,0.0027738148984198644,0.30027444749386106,transmit,33302.86703867616,8.184512603425052
Qwen3.5-397B-A17B,10000,891,0.3072,0.002758249158249158,0.30027444749386106,transmit,33302.86703867616,8.184512603425052
Qwen3.5-397B-A17B,10000,896,0.3072,0.002742857142857143,0.30027444749386106,transmit,33302.86703867616,8.184512603425052
Qwen3.5-397B-A17B,10000,901,0.3072,0.002727635960044395,0.30027444749386106,transmit,33302.86703867616,8.184512603425052
Qwen3.5-397B-A17B,10000,906,0.3072,0.0027125827814569537,0.30027444749386106,transmit,33302.86703867616,8.184512603425052
Qwen3.5-397B-A17B,10000,911,0.3072,0.002697694840834248,0.30027444749386106,transmit,33302.86703867616,8.184512603425052
Qwen3.5-397B-A17B,10000,916,0.3072,0.0026829694323144103,0.30027444749386106,transmit,33302.86703867616,8.184512603425052
Qwen3.5-397B-A17B,10000,921,0.3072,0.0026684039087947883,0.30027444749386106,transmit,33302.86703867616,8.184512603425052
Qwen3.5-397B-A17B,10000,926,0.3072,0.0026539956803455726,0.30027444749386106,transmit,33302.86703867616,8.184512603425052
Qwen3.5-397B-A17B,10000,931,0.3072,0.0026397422126745434,0.30027444749386106,transmit,33302.86703867616,8.184512603425052
Qwen3.5-397B-A17B,10000,936,0.3072,0.0026256410256410255,0.30027444749386106,transmit,33302.86703867616,8.184512603425052
Qwen3.5-397B-A17B,10000,941,0.3072,0.002611689691817216,0.30027444749386106,transmit,33302.86703867616,8.184512603425052
Qwen3.5-397B-A17B,10000,946,0.3072,0.0025978858350951374,0.30027444749386106,transmit,33302.86703867616,8.184512603425052
Qwen3.5-397B-A17B,10000,951,0.3072,0.0025842271293375395,0.30027444749386106,transmit,33302.86703867616,8.184512603425052
Qwen3.5-397B-A17B,10000,956,0.3072,0.0025707112970711297,0.30027444749386106,transmit,33302.86703867616,8.184512603425052
Qwen3.5-397B-A17B,10000,961,0.3072,0.0025573361082206034,0.30027444749386106,transmit,33302.86703867616,8.184512603425052
Qwen3.5-397B-A17B,10000,966,0.3072,0.0025440993788819876,0.30027444749386106,transmit,33302.86703867616,8.184512603425052
Qwen3.5-397B-A17B,10000,971,0.3072,0.0025309989701338825,0.30027444749386106,transmit,33302.86703867616,8.184512603425052
Qwen3.5-397B-A17B,10000,976,0.3072,0.002518032786885246,0.30027444749386106,transmit,33302.86703867616,8.184512603425052
Qwen3.5-397B-A17B,10000,981,0.3072,0.00250519877675841,0.30027444749386106,transmit,33302.86703867616,8.184512603425052
Qwen3.5-397B-A17B,10000,986,0.3072,0.002492494929006085,0.30027444749386106,transmit,33302.86703867616,8.184512603425052
Qwen3.5-397B-A17B,10000,991,0.3072,0.0024799192734611506,0.30027444749386106,transmit,33302.86703867616,8.184512603425052
Qwen3.5-397B-A17B,10000,996,0.3072,0.0024674698795180724,0.30027444749386106,transmit,33302.86703867616,8.184512603425052
Qwen3.5-397B-A17B,100000,1,3.072,24.576,3.0027444749386105,replay,33302.86703867616,8.184512603425052
Qwen3.5-397B-A17B,100000,6,3.072,4.096,3.0027444749386105,replay,33302.86703867616,8.184512603425052
Qwen3.5-397B-A17B,100000,11,3.072,2.2341818181818183,3.0027444749386105,transmit,33302.86703867616,8.184512603425052
Qwen3.5-397B-A17B,100000,16,3.072,1.536,3.0027444749386105,transmit,33302.86703867616,8.184512603425052
Qwen3.5-397B-A17B,100000,21,3.072,1.1702857142857144,3.0027444749386105,transmit,33302.86703867616,8.184512603425052
Qwen3.5-397B-A17B,100000,26,3.072,0.9452307692307692,3.0027444749386105,transmit,33302.86703867616,8.184512603425052
Qwen3.5-397B-A17B,100000,31,3.072,0.7927741935483871,3.0027444749386105,transmit,33302.86703867616,8.184512603425052
Qwen3.5-397B-A17B,100000,36,3.072,0.6826666666666666,3.0027444749386105,transmit,33302.86703867616,8.184512603425052
Qwen3.5-397B-A17B,100000,41,3.072,0.5994146341463414,3.0027444749386105,transmit,33302.86703867616,8.184512603425052
Qwen3.5-397B-A17B,100000,46,3.072,0.5342608695652173,3.0027444749386105,transmit,33302.86703867616,8.184512603425052
Qwen3.5-397B-A17B,100000,51,3.072,0.4818823529411765,3.0027444749386105,transmit,33302.86703867616,8.184512603425052
Qwen3.5-397B-A17B,100000,56,3.072,0.43885714285714283,3.0027444749386105,transmit,33302.86703867616,8.184512603425052
Qwen3.5-397B-A17B,100000,61,3.072,0.4028852459016393,3.0027444749386105,transmit,33302.86703867616,8.184512603425052
Qwen3.5-397B-A17B,100000,66,3.072,0.37236363636363634,3.0027444749386105,transmit,33302.86703867616,8.184512603425052
Qwen3.5-397B-A17B,100000,71,3.072,0.34614084507042253,3.0027444749386105,transmit,33302.86703867616,8.184512603425052
Qwen3.5-397B-A17B,100000,76,3.072,0.3233684210526316,3.0027444749386105,transmit,33302.86703867616,8.184512603425052
Qwen3.5-397B-A17B,100000,81,3.072,0.3034074074074074,3.0027444749386105,transmit,33302.86703867616,8.184512603425052
Qwen3.5-397B-A17B,100000,86,3.072,0.2857674418604651,3.0027444749386105,transmit,33302.86703867616,8.184512603425052
Qwen3.5-397B-A17B,100000,91,3.072,0.27006593406593404,3.0027444749386105,transmit,33302.86703867616,8.184512603425052
Qwen3.5-397B-A17B,100000,96,3.072,0.256,3.0027444749386105,transmit,33302.86703867616,8.184512603425052
Qwen3.5-397B-A17B,100000,101,3.072,0.24332673267326732,3.0027444749386105,transmit,33302.86703867616,8.184512603425052
Qwen3.5-397B-A17B,100000,106,3.072,0.23184905660377358,3.0027444749386105,transmit,33302.86703867616,8.184512603425052
Qwen3.5-397B-A17B,100000,111,3.072,0.2214054054054054,3.0027444749386105,transmit,33302.86703867616,8.184512603425052
Qwen3.5-397B-A17B,100000,116,3.072,0.21186206896551724,3.0027444749386105,transmit,33302.86703867616,8.184512603425052
Qwen3.5-397B-A17B,100000,121,3.072,0.20310743801652892,3.0027444749386105,transmit,33302.86703867616,8.184512603425052
Qwen3.5-397B-A17B,100000,126,3.072,0.19504761904761905,3.0027444749386105,transmit,33302.86703867616,8.184512603425052
Qwen3.5-397B-A17B,100000,131,3.072,0.1876030534351145,3.0027444749386105,transmit,33302.86703867616,8.184512603425052
Qwen3.5-397B-A17B,100000,136,3.072,0.1807058823529412,3.0027444749386105,transmit,33302.86703867616,8.184512603425052
Qwen3.5-397B-A17B,100000,141,3.072,0.17429787234042554,3.0027444749386105,transmit,33302.86703867616,8.184512603425052
Qwen3.5-397B-A17B,100000,146,3.072,0.16832876712328768,3.0027444749386105,transmit,33302.86703867616,8.184512603425052
Qwen3.5-397B-A17B,100000,151,3.072,0.16275496688741722,3.0027444749386105,transmit,33302.86703867616,8.184512603425052
Qwen3.5-397B-A17B,100000,156,3.072,0.15753846153846154,3.0027444749386105,transmit,33302.86703867616,8.184512603425052
Qwen3.5-397B-A17B,100000,161,3.072,0.15264596273291925,3.0027444749386105,transmit,33302.86703867616,8.184512603425052
Qwen3.5-397B-A17B,100000,166,3.072,0.14804819277108433,3.0027444749386105,transmit,33302.86703867616,8.184512603425052
Qwen3.5-397B-A17B,100000,171,3.072,0.14371929824561402,3.0027444749386105,transmit,33302.86703867616,8.184512603425052
Qwen3.5-397B-A17B,100000,176,3.072,0.13963636363636364,3.0027444749386105,transmit,33302.86703867616,8.184512603425052
Qwen3.5-397B-A17B,100000,181,3.072,0.13577900552486188,3.0027444749386105,transmit,33302.86703867616,8.184512603425052
Qwen3.5-397B-A17B,100000,186,3.072,0.13212903225806452,3.0027444749386105,transmit,33302.86703867616,8.184512603425052
Qwen3.5-397B-A17B,100000,191,3.072,0.12867015706806284,3.0027444749386105,transmit,33302.86703867616,8.184512603425052
Qwen3.5-397B-A17B,100000,196,3.072,0.1253877551020408,3.0027444749386105,transmit,33302.86703867616,8.184512603425052
Qwen3.5-397B-A17B,100000,201,3.072,0.12226865671641791,3.0027444749386105,transmit,33302.86703867616,8.184512603425052
Qwen3.5-397B-A17B,100000,206,3.072,0.11930097087378641,3.0027444749386105,transmit,33302.86703867616,8.184512603425052
Qwen3.5-397B-A17B,100000,211,3.072,0.1164739336492891,3.0027444749386105,transmit,33302.86703867616,8.184512603425052
Qwen3.5-397B-A17B,100000,216,3.072,0.11377777777777778,3.0027444749386105,transmit,33302.86703867616,8.184512603425052
Qwen3.5-397B-A17B,100000,221,3.072,0.11120361990950227,3.0027444749386105,transmit,33302.86703867616,8.184512603425052
Qwen3.5-397B-A17B,100000,226,3.072,0.10874336283185841,3.0027444749386105,transmit,33302.86703867616,8.184512603425052
Qwen3.5-397B-A17B,100000,231,3.072,0.1063896103896104,3.0027444749386105,transmit,33302.86703867616,8.184512603425052
Qwen3.5-397B-A17B,100000,236,3.072,0.10413559322033898,3.0027444749386105,transmit,33302.86703867616,8.184512603425052
Qwen3.5-397B-A17B,100000,241,3.072,0.10197510373443984,3.0027444749386105,transmit,33302.86703867616,8.184512603425052
Qwen3.5-397B-A17B,100000,246,3.072,0.09990243902439025,3.0027444749386105,transmit,33302.86703867616,8.184512603425052
Qwen3.5-397B-A17B,100000,251,3.072,0.09791235059760957,3.0027444749386105,transmit,33302.86703867616,8.184512603425052
Qwen3.5-397B-A17B,100000,256,3.072,0.096,3.0027444749386105,transmit,33302.86703867616,8.184512603425052
Qwen3.5-397B-A17B,100000,261,3.072,0.09416091954022988,3.0027444749386105,transmit,33302.86703867616,8.184512603425052
Qwen3.5-397B-A17B,100000,266,3.072,0.09239097744360902,3.0027444749386105,transmit,33302.86703867616,8.184512603425052
Qwen3.5-397B-A17B,100000,271,3.072,0.09068634686346863,3.0027444749386105,transmit,33302.86703867616,8.184512603425052
Qwen3.5-397B-A17B,100000,276,3.072,0.08904347826086957,3.0027444749386105,transmit,33302.86703867616,8.184512603425052
Qwen3.5-397B-A17B,100000,281,3.072,0.08745907473309608,3.0027444749386105,transmit,33302.86703867616,8.184512603425052
Qwen3.5-397B-A17B,100000,286,3.072,0.08593006993006994,3.0027444749386105,transmit,33302.86703867616,8.184512603425052
Qwen3.5-397B-A17B,100000,291,3.072,0.08445360824742268,3.0027444749386105,transmit,33302.86703867616,8.184512603425052
Qwen3.5-397B-A17B,100000,296,3.072,0.08302702702702702,3.0027444749386105,transmit,33302.86703867616,8.184512603425052
Qwen3.5-397B-A17B,100000,301,3.072,0.08164784053156146,3.0027444749386105,transmit,33302.86703867616,8.184512603425052
Qwen3.5-397B-A17B,100000,306,3.072,0.08031372549019608,3.0027444749386105,transmit,33302.86703867616,8.184512603425052
Qwen3.5-397B-A17B,100000,311,3.072,0.07902250803858521,3.0027444749386105,transmit,33302.86703867616,8.184512603425052
Qwen3.5-397B-A17B,100000,316,3.072,0.07777215189873418,3.0027444749386105,transmit,33302.86703867616,8.184512603425052
Qwen3.5-397B-A17B,100000,321,3.072,0.0765607476635514,3.0027444749386105,transmit,33302.86703867616,8.184512603425052
Qwen3.5-397B-A17B,100000,326,3.072,0.07538650306748466,3.0027444749386105,transmit,33302.86703867616,8.184512603425052
Qwen3.5-397B-A17B,100000,331,3.072,0.07424773413897282,3.0027444749386105,transmit,33302.86703867616,8.184512603425052
Qwen3.5-397B-A17B,100000,336,3.072,0.07314285714285715,3.0027444749386105,transmit,33302.86703867616,8.184512603425052
Qwen3.5-397B-A17B,100000,341,3.072,0.07207038123167156,3.0027444749386105,transmit,33302.86703867616,8.184512603425052
Qwen3.5-397B-A17B,100000,346,3.072,0.07102890173410405,3.0027444749386105,transmit,33302.86703867616,8.184512603425052
Qwen3.5-397B-A17B,100000,351,3.072,0.07001709401709402,3.0027444749386105,transmit,33302.86703867616,8.184512603425052
Qwen3.5-397B-A17B,100000,356,3.072,0.06903370786516853,3.0027444749386105,transmit,33302.86703867616,8.184512603425052
Qwen3.5-397B-A17B,100000,361,3.072,0.0680775623268698,3.0027444749386105,transmit,33302.86703867616,8.184512603425052
Qwen3.5-397B-A17B,100000,366,3.072,0.06714754098360656,3.0027444749386105,transmit,33302.86703867616,8.184512603425052
Qwen3.5-397B-A17B,100000,371,3.072,0.06624258760107817,3.0027444749386105,transmit,33302.86703867616,8.184512603425052
Qwen3.5-397B-A17B,100000,376,3.072,0.06536170212765957,3.0027444749386105,transmit,33302.86703867616,8.184512603425052
Qwen3.5-397B-A17B,100000,381,3.072,0.06450393700787402,3.0027444749386105,transmit,33302.86703867616,8.184512603425052
Qwen3.5-397B-A17B,100000,386,3.072,0.06366839378238343,3.0027444749386105,transmit,33302.86703867616,8.184512603425052
Qwen3.5-397B-A17B,100000,391,3.072,0.0628542199488491,3.0027444749386105,transmit,33302.86703867616,8.184512603425052
Qwen3.5-397B-A17B,100000,396,3.072,0.06206060606060606,3.0027444749386105,transmit,33302.86703867616,8.184512603425052
Qwen3.5-397B-A17B,100000,401,3.072,0.061286783042394016,3.0027444749386105,transmit,33302.86703867616,8.184512603425052
Qwen3.5-397B-A17B,100000,406,3.072,0.0605320197044335,3.0027444749386105,transmit,33302.86703867616,8.184512603425052
Qwen3.5-397B-A17B,100000,411,3.072,0.05979562043795621,3.0027444749386105,transmit,33302.86703867616,8.184512603425052
Qwen3.5-397B-A17B,100000,416,3.072,0.059076923076923075,3.0027444749386105,transmit,33302.86703867616,8.184512603425052
Qwen3.5-397B-A17B,100000,421,3.072,0.058375296912114016,3.0027444749386105,transmit,33302.86703867616,8.184512603425052
Qwen3.5-397B-A17B,100000,426,3.072,0.057690140845070424,3.0027444749386105,transmit,33302.86703867616,8.184512603425052
Qwen3.5-397B-A17B,100000,431,3.072,0.057020881670533645,3.0027444749386105,transmit,33302.86703867616,8.184512603425052
Qwen3.5-397B-A17B,100000,436,3.072,0.05636697247706422,3.0027444749386105,transmit,33302.86703867616,8.184512603425052
Qwen3.5-397B-A17B,100000,441,3.072,0.05572789115646259,3.0027444749386105,transmit,33302.86703867616,8.184512603425052
Qwen3.5-397B-A17B,100000,446,3.072,0.055103139013452915,3.0027444749386105,transmit,33302.86703867616,8.184512603425052
Qwen3.5-397B-A17B,100000,451,3.072,0.05449223946784922,3.0027444749386105,transmit,33302.86703867616,8.184512603425052
Qwen3.5-397B-A17B,100000,456,3.072,0.053894736842105266,3.0027444749386105,transmit,33302.86703867616,8.184512603425052
Qwen3.5-397B-A17B,100000,461,3.072,0.05331019522776573,3.0027444749386105,transmit,33302.86703867616,8.184512603425052
Qwen3.5-397B-A17B,100000,466,3.072,0.052738197424892705,3.0027444749386105,transmit,33302.86703867616,8.184512603425052
Qwen3.5-397B-A17B,100000,471,3.072,0.05217834394904459,3.0027444749386105,transmit,33302.86703867616,8.184512603425052
Qwen3.5-397B-A17B,100000,476,3.072,0.05163025210084034,3.0027444749386105,transmit,33302.86703867616,8.184512603425052
Qwen3.5-397B-A17B,100000,481,3.072,0.05109355509355509,3.0027444749386105,transmit,33302.86703867616,8.184512603425052
Qwen3.5-397B-A17B,100000,486,3.072,0.0505679012345679,3.0027444749386105,transmit,33302.86703867616,8.184512603425052
Qwen3.5-397B-A17B,100000,491,3.072,0.05005295315682281,3.0027444749386105,transmit,33302.86703867616,8.184512603425052
Qwen3.5-397B-A17B,100000,496,3.072,0.04954838709677419,3.0027444749386105,transmit,33302.86703867616,8.184512603425052
Qwen3.5-397B-A17B,100000,501,3.072,0.04905389221556886,3.0027444749386105,transmit,33302.86703867616,8.184512603425052
Qwen3.5-397B-A17B,100000,506,3.072,0.04856916996047431,3.0027444749386105,transmit,33302.86703867616,8.184512603425052
Qwen3.5-397B-A17B,100000,511,3.072,0.04809393346379648,3.0027444749386105,transmit,33302.86703867616,8.184512603425052
Qwen3.5-397B-A17B,100000,516,3.072,0.04762790697674418,3.0027444749386105,transmit,33302.86703867616,8.184512603425052
Qwen3.5-397B-A17B,100000,521,3.072,0.047170825335892515,3.0027444749386105,transmit,33302.86703867616,8.184512603425052
Qwen3.5-397B-A17B,100000,526,3.072,0.04672243346007605,3.0027444749386105,transmit,33302.86703867616,8.184512603425052
Qwen3.5-397B-A17B,100000,531,3.072,0.046282485875706214,3.0027444749386105,transmit,33302.86703867616,8.184512603425052
Qwen3.5-397B-A17B,100000,536,3.072,0.04585074626865672,3.0027444749386105,transmit,33302.86703867616,8.184512603425052
Qwen3.5-397B-A17B,100000,541,3.072,0.04542698706099815,3.0027444749386105,transmit,33302.86703867616,8.184512603425052
Qwen3.5-397B-A17B,100000,546,3.072,0.04501098901098901,3.0027444749386105,transmit,33302.86703867616,8.184512603425052
Qwen3.5-397B-A17B,100000,551,3.072,0.04460254083484574,3.0027444749386105,transmit,33302.86703867616,8.184512603425052
Qwen3.5-397B-A17B,100000,556,3.072,0.04420143884892087,3.0027444749386105,transmit,33302.86703867616,8.184512603425052
Qwen3.5-397B-A17B,100000,561,3.072,0.043807486631016045,3.0027444749386105,transmit,33302.86703867616,8.184512603425052
Qwen3.5-397B-A17B,100000,566,3.072,0.04342049469964664,3.0027444749386105,transmit,33302.86703867616,8.184512603425052
Qwen3.5-397B-A17B,100000,571,3.072,0.04304028021015762,3.0027444749386105,transmit,33302.86703867616,8.184512603425052
Qwen3.5-397B-A17B,100000,576,3.072,0.042666666666666665,3.0027444749386105,transmit,33302.86703867616,8.184512603425052
Qwen3.5-397B-A17B,100000,581,3.072,0.04229948364888124,3.0027444749386105,transmit,33302.86703867616,8.184512603425052
Qwen3.5-397B-A17B,100000,586,3.072,0.04193856655290103,3.0027444749386105,transmit,33302.86703867616,8.184512603425052
Qwen3.5-397B-A17B,100000,591,3.072,0.041583756345177664,3.0027444749386105,transmit,33302.86703867616,8.184512603425052
Qwen3.5-397B-A17B,100000,596,3.072,0.04123489932885906,3.0027444749386105,transmit,33302.86703867616,8.184512603425052
Qwen3.5-397B-A17B,100000,601,3.072,0.040891846921797,3.0027444749386105,transmit,33302.86703867616,8.184512603425052
Qwen3.5-397B-A17B,100000,606,3.072,0.040554455445544556,3.0027444749386105,transmit,33302.86703867616,8.184512603425052
Qwen3.5-397B-A17B,100000,611,3.072,0.04022258592471358,3.0027444749386105,transmit,33302.86703867616,8.184512603425052
Qwen3.5-397B-A17B,100000,616,3.072,0.039896103896103895,3.0027444749386105,transmit,33302.86703867616,8.184512603425052
Qwen3.5-397B-A17B,100000,621,3.072,0.03957487922705314,3.0027444749386105,transmit,33302.86703867616,8.184512603425052
Qwen3.5-397B-A17B,100000,626,3.072,0.03925878594249201,3.0027444749386105,transmit,33302.86703867616,8.184512603425052
Qwen3.5-397B-A17B,100000,631,3.072,0.03894770206022187,3.0027444749386105,transmit,33302.86703867616,8.184512603425052
Qwen3.5-397B-A17B,100000,636,3.072,0.038641509433962266,3.0027444749386105,transmit,33302.86703867616,8.184512603425052
Qwen3.5-397B-A17B,100000,641,3.072,0.03834009360374415,3.0027444749386105,transmit,33302.86703867616,8.184512603425052
Qwen3.5-397B-A17B,100000,646,3.072,0.03804334365325077,3.0027444749386105,transmit,33302.86703867616,8.184512603425052
Qwen3.5-397B-A17B,100000,651,3.072,0.03775115207373272,3.0027444749386105,transmit,33302.86703867616,8.184512603425052
Qwen3.5-397B-A17B,100000,656,3.072,0.03746341463414634,3.0027444749386105,transmit,33302.86703867616,8.184512603425052
Qwen3.5-397B-A17B,100000,661,3.072,0.03718003025718608,3.0027444749386105,transmit,33302.86703867616,8.184512603425052
Qwen3.5-397B-A17B,100000,666,3.072,0.0369009009009009,3.0027444749386105,transmit,33302.86703867616,8.184512603425052
Qwen3.5-397B-A17B,100000,671,3.072,0.036625931445603575,3.0027444749386105,transmit,33302.86703867616,8.184512603425052
Qwen3.5-397B-A17B,100000,676,3.072,0.036355029585798816,3.0027444749386105,transmit,33302.86703867616,8.184512603425052
Qwen3.5-397B-A17B,100000,681,3.072,0.036088105726872245,3.0027444749386105,transmit,33302.86703867616,8.184512603425052
Qwen3.5-397B-A17B,100000,686,3.072,0.035825072886297375,3.0027444749386105,transmit,33302.86703867616,8.184512603425052
Qwen3.5-397B-A17B,100000,691,3.072,0.035565846599131694,3.0027444749386105,transmit,33302.86703867616,8.184512603425052
Qwen3.5-397B-A17B,100000,696,3.072,0.03531034482758621,3.0027444749386105,transmit,33302.86703867616,8.184512603425052
Qwen3.5-397B-A17B,100000,701,3.072,0.03505848787446505,3.0027444749386105,transmit,33302.86703867616,8.184512603425052
Qwen3.5-397B-A17B,100000,706,3.072,0.034810198300283285,3.0027444749386105,transmit,33302.86703867616,8.184512603425052
Qwen3.5-397B-A17B,100000,711,3.072,0.034565400843881856,3.0027444749386105,transmit,33302.86703867616,8.184512603425052
Qwen3.5-397B-A17B,100000,716,3.072,0.034324022346368714,3.0027444749386105,transmit,33302.86703867616,8.184512603425052
Qwen3.5-397B-A17B,100000,721,3.072,0.03408599167822469,3.0027444749386105,transmit,33302.86703867616,8.184512603425052
Qwen3.5-397B-A17B,100000,726,3.072,0.03385123966942149,3.0027444749386105,transmit,33302.86703867616,8.184512603425052
Qwen3.5-397B-A17B,100000,731,3.072,0.033619699042407664,3.0027444749386105,transmit,33302.86703867616,8.184512603425052
Qwen3.5-397B-A17B,100000,736,3.072,0.033391304347826084,3.0027444749386105,transmit,33302.86703867616,8.184512603425052
Qwen3.5-397B-A17B,100000,741,3.072,0.03316599190283401,3.0027444749386105,transmit,33302.86703867616,8.184512603425052
Qwen3.5-397B-A17B,100000,746,3.072,0.03294369973190348,3.0027444749386105,transmit,33302.86703867616,8.184512603425052
Qwen3.5-397B-A17B,100000,751,3.072,0.03272436750998668,3.0027444749386105,transmit,33302.86703867616,8.184512603425052
Qwen3.5-397B-A17B,100000,756,3.072,0.032507936507936507,3.0027444749386105,transmit,33302.86703867616,8.184512603425052
Qwen3.5-397B-A17B,100000,761,3.072,0.03229434954007884,3.0027444749386105,transmit,33302.86703867616,8.184512603425052
Qwen3.5-397B-A17B,100000,766,3.072,0.03208355091383812,3.0027444749386105,transmit,33302.86703867616,8.184512603425052
Qwen3.5-397B-A17B,100000,771,3.072,0.031875486381322954,3.0027444749386105,transmit,33302.86703867616,8.184512603425052
Qwen3.5-397B-A17B,100000,776,3.072,0.03167010309278351,3.0027444749386105,transmit,33302.86703867616,8.184512603425052
Qwen3.5-397B-A17B,100000,781,3.072,0.031467349551856594,3.0027444749386105,transmit,33302.86703867616,8.184512603425052
Qwen3.5-397B-A17B,100000,786,3.072,0.03126717557251908,3.0027444749386105,transmit,33302.86703867616,8.184512603425052
Qwen3.5-397B-A17B,100000,791,3.072,0.03106953223767383,3.0027444749386105,transmit,33302.86703867616,8.184512603425052
Qwen3.5-397B-A17B,100000,796,3.072,0.030874371859296482,3.0027444749386105,transmit,33302.86703867616,8.184512603425052
Qwen3.5-397B-A17B,100000,801,3.072,0.030681647940074906,3.0027444749386105,transmit,33302.86703867616,8.184512603425052
Qwen3.5-397B-A17B,100000,806,3.072,0.030491315136476425,3.0027444749386105,transmit,33302.86703867616,8.184512603425052
Qwen3.5-397B-A17B,100000,811,3.072,0.03030332922318126,3.0027444749386105,transmit,33302.86703867616,8.184512603425052
Qwen3.5-397B-A17B,100000,816,3.072,0.03011764705882353,3.0027444749386105,transmit,33302.86703867616,8.184512603425052
Qwen3.5-397B-A17B,100000,821,3.072,0.029934226552984167,3.0027444749386105,transmit,33302.86703867616,8.184512603425052
Qwen3.5-397B-A17B,100000,826,3.072,0.029753026634382566,3.0027444749386105,transmit,33302.86703867616,8.184512603425052
Qwen3.5-397B-A17B,100000,831,3.072,0.029574007220216608,3.0027444749386105,transmit,33302.86703867616,8.184512603425052
Qwen3.5-397B-A17B,100000,836,3.072,0.02939712918660287,3.0027444749386105,transmit,33302.86703867616,8.184512603425052
Qwen3.5-397B-A17B,100000,841,3.072,0.029222354340071345,3.0027444749386105,transmit,33302.86703867616,8.184512603425052
Qwen3.5-397B-A17B,100000,846,3.072,0.029049645390070922,3.0027444749386105,transmit,33302.86703867616,8.184512603425052
Qwen3.5-397B-A17B,100000,851,3.072,0.028878965922444183,3.0027444749386105,transmit,33302.86703867616,8.184512603425052
Qwen3.5-397B-A17B,100000,856,3.072,0.028710280373831776,3.0027444749386105,transmit,33302.86703867616,8.184512603425052
Qwen3.5-397B-A17B,100000,861,3.072,0.02854355400696864,3.0027444749386105,transmit,33302.86703867616,8.184512603425052
Qwen3.5-397B-A17B,100000,866,3.072,0.02837875288683603,3.0027444749386105,transmit,33302.86703867616,8.184512603425052
Qwen3.5-397B-A17B,100000,871,3.072,0.0282158438576349,3.0027444749386105,transmit,33302.86703867616,8.184512603425052
Qwen3.5-397B-A17B,100000,876,3.072,0.028054794520547946,3.0027444749386105,transmit,33302.86703867616,8.184512603425052
Qwen3.5-397B-A17B,100000,881,3.072,0.027895573212258797,3.0027444749386105,transmit,33302.86703867616,8.184512603425052
Qwen3.5-397B-A17B,100000,886,3.072,0.027738148984198647,3.0027444749386105,transmit,33302.86703867616,8.184512603425052
Qwen3.5-397B-A17B,100000,891,3.072,0.027582491582491583,3.0027444749386105,transmit,33302.86703867616,8.184512603425052
Qwen3.5-397B-A17B,100000,896,3.072,0.027428571428571427,3.0027444749386105,transmit,33302.86703867616,8.184512603425052
Qwen3.5-397B-A17B,100000,901,3.072,0.02727635960044395,3.0027444749386105,transmit,33302.86703867616,8.184512603425052
Qwen3.5-397B-A17B,100000,906,3.072,0.027125827814569535,3.0027444749386105,transmit,33302.86703867616,8.184512603425052
Qwen3.5-397B-A17B,100000,911,3.072,0.026976948408342482,3.0027444749386105,transmit,33302.86703867616,8.184512603425052
Qwen3.5-397B-A17B,100000,916,3.072,0.026829694323144106,3.0027444749386105,transmit,33302.86703867616,8.184512603425052
Qwen3.5-397B-A17B,100000,921,3.072,0.02668403908794788,3.0027444749386105,transmit,33302.86703867616,8.184512603425052
Qwen3.5-397B-A17B,100000,926,3.072,0.026539956803455722,3.0027444749386105,transmit,33302.86703867616,8.184512603425052
Qwen3.5-397B-A17B,100000,931,3.072,0.026397422126745434,3.0027444749386105,transmit,33302.86703867616,8.184512603425052
Qwen3.5-397B-A17B,100000,936,3.072,0.026256410256410255,3.0027444749386105,transmit,33302.86703867616,8.184512603425052
Qwen3.5-397B-A17B,100000,941,3.072,0.026116896918172157,3.0027444749386105,transmit,33302.86703867616,8.184512603425052
Qwen3.5-397B-A17B,100000,946,3.072,0.025978858350951373,3.0027444749386105,transmit,33302.86703867616,8.184512603425052
Qwen3.5-397B-A17B,100000,951,3.072,0.025842271293375393,3.0027444749386105,transmit,33302.86703867616,8.184512603425052
Qwen3.5-397B-A17B,100000,956,3.072,0.025707112970711297,3.0027444749386105,transmit,33302.86703867616,8.184512603425052
Qwen3.5-397B-A17B,100000,961,3.072,0.025573361082206036,3.0027444749386105,transmit,33302.86703867616,8.184512603425052
Qwen3.5-397B-A17B,100000,966,3.072,0.025440993788819876,3.0027444749386105,transmit,33302.86703867616,8.184512603425052
Qwen3.5-397B-A17B,100000,971,3.072,0.025309989701338825,3.0027444749386105,transmit,33302.86703867616,8.184512603425052
Qwen3.5-397B-A17B,100000,976,3.072,0.025180327868852458,3.0027444749386105,transmit,33302.86703867616,8.184512603425052
Qwen3.5-397B-A17B,100000,981,3.072,0.025051987767584098,3.0027444749386105,transmit,33302.86703867616,8.184512603425052
Qwen3.5-397B-A17B,100000,986,3.072,0.024924949290060852,3.0027444749386105,transmit,33302.86703867616,8.184512603425052
Qwen3.5-397B-A17B,100000,991,3.072,0.024799192734611505,3.0027444749386105,transmit,33302.86703867616,8.184512603425052
Qwen3.5-397B-A17B,100000,996,3.072,0.02467469879518072,3.0027444749386105,transmit,33302.86703867616,8.184512603425052
Qwen3.5-397B-A17B,1000000,1,30.72,245.76,30.027444749386106,replay,33302.86703867616,8.184512603425052
Qwen3.5-397B-A17B,1000000,6,30.72,40.96,30.027444749386106,replay,33302.86703867616,8.184512603425052
Qwen3.5-397B-A17B,1000000,11,30.72,22.341818181818184,30.027444749386106,transmit,33302.86703867616,8.184512603425052
Qwen3.5-397B-A17B,1000000,16,30.72,15.36,30.027444749386106,transmit,33302.86703867616,8.184512603425052
Qwen3.5-397B-A17B,1000000,21,30.72,11.702857142857143,30.027444749386106,transmit,33302.86703867616,8.184512603425052
Qwen3.5-397B-A17B,1000000,26,30.72,9.452307692307693,30.027444749386106,transmit,33302.86703867616,8.184512603425052
Qwen3.5-397B-A17B,1000000,31,30.72,7.927741935483871,30.027444749386106,transmit,33302.86703867616,8.184512603425052
Qwen3.5-397B-A17B,1000000,36,30.72,6.826666666666667,30.027444749386106,transmit,33302.86703867616,8.184512603425052
Qwen3.5-397B-A17B,1000000,41,30.72,5.994146341463415,30.027444749386106,transmit,33302.86703867616,8.184512603425052
Qwen3.5-397B-A17B,1000000,46,30.72,5.342608695652174,30.027444749386106,transmit,33302.86703867616,8.184512603425052
Qwen3.5-397B-A17B,1000000,51,30.72,4.818823529411764,30.027444749386106,transmit,33302.86703867616,8.184512603425052
Qwen3.5-397B-A17B,1000000,56,30.72,4.388571428571429,30.027444749386106,transmit,33302.86703867616,8.184512603425052
Qwen3.5-397B-A17B,1000000,61,30.72,4.028852459016393,30.027444749386106,transmit,33302.86703867616,8.184512603425052
Qwen3.5-397B-A17B,1000000,66,30.72,3.7236363636363636,30.027444749386106,transmit,33302.86703867616,8.184512603425052
Qwen3.5-397B-A17B,1000000,71,30.72,3.4614084507042255,30.027444749386106,transmit,33302.86703867616,8.184512603425052
Qwen3.5-397B-A17B,1000000,76,30.72,3.2336842105263157,30.027444749386106,transmit,33302.86703867616,8.184512603425052
Qwen3.5-397B-A17B,1000000,81,30.72,3.034074074074074,30.027444749386106,transmit,33302.86703867616,8.184512603425052
Qwen3.5-397B-A17B,1000000,86,30.72,2.857674418604651,30.027444749386106,transmit,33302.86703867616,8.184512603425052
Qwen3.5-397B-A17B,1000000,91,30.72,2.7006593406593407,30.027444749386106,transmit,33302.86703867616,8.184512603425052
Qwen3.5-397B-A17B,1000000,96,30.72,2.56,30.027444749386106,transmit,33302.86703867616,8.184512603425052
Qwen3.5-397B-A17B,1000000,101,30.72,2.433267326732673,30.027444749386106,transmit,33302.86703867616,8.184512603425052
Qwen3.5-397B-A17B,1000000,106,30.72,2.318490566037736,30.027444749386106,transmit,33302.86703867616,8.184512603425052
Qwen3.5-397B-A17B,1000000,111,30.72,2.214054054054054,30.027444749386106,transmit,33302.86703867616,8.184512603425052
Qwen3.5-397B-A17B,1000000,116,30.72,2.1186206896551725,30.027444749386106,transmit,33302.86703867616,8.184512603425052
Qwen3.5-397B-A17B,1000000,121,30.72,2.0310743801652893,30.027444749386106,transmit,33302.86703867616,8.184512603425052
Qwen3.5-397B-A17B,1000000,126,30.72,1.9504761904761905,30.027444749386106,transmit,33302.86703867616,8.184512603425052
Qwen3.5-397B-A17B,1000000,131,30.72,1.876030534351145,30.027444749386106,transmit,33302.86703867616,8.184512603425052
Qwen3.5-397B-A17B,1000000,136,30.72,1.8070588235294118,30.027444749386106,transmit,33302.86703867616,8.184512603425052
Qwen3.5-397B-A17B,1000000,141,30.72,1.7429787234042553,30.027444749386106,transmit,33302.86703867616,8.184512603425052
Qwen3.5-397B-A17B,1000000,146,30.72,1.6832876712328768,30.027444749386106,transmit,33302.86703867616,8.184512603425052
Qwen3.5-397B-A17B,1000000,151,30.72,1.6275496688741722,30.027444749386106,transmit,33302.86703867616,8.184512603425052
Qwen3.5-397B-A17B,1000000,156,30.72,1.5753846153846154,30.027444749386106,transmit,33302.86703867616,8.184512603425052
Qwen3.5-397B-A17B,1000000,161,30.72,1.5264596273291926,30.027444749386106,transmit,33302.86703867616,8.184512603425052
Qwen3.5-397B-A17B,1000000,166,30.72,1.4804819277108434,30.027444749386106,transmit,33302.86703867616,8.184512603425052
Qwen3.5-397B-A17B,1000000,171,30.72,1.4371929824561402,30.027444749386106,transmit,33302.86703867616,8.184512603425052
Qwen3.5-397B-A17B,1000000,176,30.72,1.3963636363636365,30.027444749386106,transmit,33302.86703867616,8.184512603425052
Qwen3.5-397B-A17B,1000000,181,30.72,1.3577900552486188,30.027444749386106,transmit,33302.86703867616,8.184512603425052
Qwen3.5-397B-A17B,1000000,186,30.72,1.3212903225806452,30.027444749386106,transmit,33302.86703867616,8.184512603425052
Qwen3.5-397B-A17B,1000000,191,30.72,1.2867015706806282,30.027444749386106,transmit,33302.86703867616,8.184512603425052
Qwen3.5-397B-A17B,1000000,196,30.72,1.253877551020408,30.027444749386106,transmit,33302.86703867616,8.184512603425052
Qwen3.5-397B-A17B,1000000,201,30.72,1.2226865671641791,30.027444749386106,transmit,33302.86703867616,8.184512603425052
Qwen3.5-397B-A17B,1000000,206,30.72,1.1930097087378642,30.027444749386106,transmit,33302.86703867616,8.184512603425052
Qwen3.5-397B-A17B,1000000,211,30.72,1.164739336492891,30.027444749386106,transmit,33302.86703867616,8.184512603425052
Qwen3.5-397B-A17B,1000000,216,30.72,1.1377777777777778,30.027444749386106,transmit,33302.86703867616,8.184512603425052
Qwen3.5-397B-A17B,1000000,221,30.72,1.1120361990950227,30.027444749386106,transmit,33302.86703867616,8.184512603425052
Qwen3.5-397B-A17B,1000000,226,30.72,1.0874336283185841,30.027444749386106,transmit,33302.86703867616,8.184512603425052
Qwen3.5-397B-A17B,1000000,231,30.72,1.063896103896104,30.027444749386106,transmit,33302.86703867616,8.184512603425052
Qwen3.5-397B-A17B,1000000,236,30.72,1.0413559322033898,30.027444749386106,transmit,33302.86703867616,8.184512603425052
Qwen3.5-397B-A17B,1000000,241,30.72,1.0197510373443983,30.027444749386106,transmit,33302.86703867616,8.184512603425052
Qwen3.5-397B-A17B,1000000,246,30.72,0.9990243902439024,30.027444749386106,transmit,33302.86703867616,8.184512603425052
Qwen3.5-397B-A17B,1000000,251,30.72,0.9791235059760957,30.027444749386106,transmit,33302.86703867616,8.184512603425052
Qwen3.5-397B-A17B,1000000,256,30.72,0.96,30.027444749386106,transmit,33302.86703867616,8.184512603425052
Qwen3.5-397B-A17B,1000000,261,30.72,0.9416091954022988,30.027444749386106,transmit,33302.86703867616,8.184512603425052
Qwen3.5-397B-A17B,1000000,266,30.72,0.9239097744360902,30.027444749386106,transmit,33302.86703867616,8.184512603425052
Qwen3.5-397B-A17B,1000000,271,30.72,0.9068634686346864,30.027444749386106,transmit,33302.86703867616,8.184512603425052
Qwen3.5-397B-A17B,1000000,276,30.72,0.8904347826086957,30.027444749386106,transmit,33302.86703867616,8.184512603425052
Qwen3.5-397B-A17B,1000000,281,30.72,0.8745907473309609,30.027444749386106,transmit,33302.86703867616,8.184512603425052
Qwen3.5-397B-A17B,1000000,286,30.72,0.8593006993006993,30.027444749386106,transmit,33302.86703867616,8.184512603425052
Qwen3.5-397B-A17B,1000000,291,30.72,0.8445360824742268,30.027444749386106,transmit,33302.86703867616,8.184512603425052
Qwen3.5-397B-A17B,1000000,296,30.72,0.8302702702702702,30.027444749386106,transmit,33302.86703867616,8.184512603425052
Qwen3.5-397B-A17B,1000000,301,30.72,0.8164784053156147,30.027444749386106,transmit,33302.86703867616,8.184512603425052
Qwen3.5-397B-A17B,1000000,306,30.72,0.8031372549019608,30.027444749386106,transmit,33302.86703867616,8.184512603425052
Qwen3.5-397B-A17B,1000000,311,30.72,0.790225080385852,30.027444749386106,transmit,33302.86703867616,8.184512603425052
Qwen3.5-397B-A17B,1000000,316,30.72,0.7777215189873418,30.027444749386106,transmit,33302.86703867616,8.184512603425052
Qwen3.5-397B-A17B,1000000,321,30.72,0.765607476635514,30.027444749386106,transmit,33302.86703867616,8.184512603425052
Qwen3.5-397B-A17B,1000000,326,30.72,0.7538650306748467,30.027444749386106,transmit,33302.86703867616,8.184512603425052
Qwen3.5-397B-A17B,1000000,331,30.72,0.7424773413897281,30.027444749386106,transmit,33302.86703867616,8.184512603425052
Qwen3.5-397B-A17B,1000000,336,30.72,0.7314285714285714,30.027444749386106,transmit,33302.86703867616,8.184512603425052
Qwen3.5-397B-A17B,1000000,341,30.72,0.7207038123167155,30.027444749386106,transmit,33302.86703867616,8.184512603425052
Qwen3.5-397B-A17B,1000000,346,30.72,0.7102890173410404,30.027444749386106,transmit,33302.86703867616,8.184512603425052
Qwen3.5-397B-A17B,1000000,351,30.72,0.7001709401709402,30.027444749386106,transmit,33302.86703867616,8.184512603425052
Qwen3.5-397B-A17B,1000000,356,30.72,0.6903370786516854,30.027444749386106,transmit,33302.86703867616,8.184512603425052
Qwen3.5-397B-A17B,1000000,361,30.72,0.6807756232686981,30.027444749386106,transmit,33302.86703867616,8.184512603425052
Qwen3.5-397B-A17B,1000000,366,30.72,0.6714754098360656,30.027444749386106,transmit,33302.86703867616,8.184512603425052
Qwen3.5-397B-A17B,1000000,371,30.72,0.6624258760107816,30.027444749386106,transmit,33302.86703867616,8.184512603425052
Qwen3.5-397B-A17B,1000000,376,30.72,0.6536170212765957,30.027444749386106,transmit,33302.86703867616,8.184512603425052
Qwen3.5-397B-A17B,1000000,381,30.72,0.6450393700787401,30.027444749386106,transmit,33302.86703867616,8.184512603425052
Qwen3.5-397B-A17B,1000000,386,30.72,0.6366839378238341,30.027444749386106,transmit,33302.86703867616,8.184512603425052
Qwen3.5-397B-A17B,1000000,391,30.72,0.628542199488491,30.027444749386106,transmit,33302.86703867616,8.184512603425052
Qwen3.5-397B-A17B,1000000,396,30.72,0.6206060606060606,30.027444749386106,transmit,33302.86703867616,8.184512603425052
Qwen3.5-397B-A17B,1000000,401,30.72,0.6128678304239401,30.027444749386106,transmit,33302.86703867616,8.184512603425052
Qwen3.5-397B-A17B,1000000,406,30.72,0.6053201970443349,30.027444749386106,transmit,33302.86703867616,8.184512603425052
Qwen3.5-397B-A17B,1000000,411,30.72,0.5979562043795621,30.027444749386106,transmit,33302.86703867616,8.184512603425052
Qwen3.5-397B-A17B,1000000,416,30.72,0.5907692307692308,30.027444749386106,transmit,33302.86703867616,8.184512603425052
Qwen3.5-397B-A17B,1000000,421,30.72,0.5837529691211402,30.027444749386106,transmit,33302.86703867616,8.184512603425052
Qwen3.5-397B-A17B,1000000,426,30.72,0.5769014084507043,30.027444749386106,transmit,33302.86703867616,8.184512603425052
Qwen3.5-397B-A17B,1000000,431,30.72,0.5702088167053364,30.027444749386106,transmit,33302.86703867616,8.184512603425052
Qwen3.5-397B-A17B,1000000,436,30.72,0.5636697247706423,30.027444749386106,transmit,33302.86703867616,8.184512603425052
Qwen3.5-397B-A17B,1000000,441,30.72,0.5572789115646258,30.027444749386106,transmit,33302.86703867616,8.184512603425052
Qwen3.5-397B-A17B,1000000,446,30.72,0.5510313901345292,30.027444749386106,transmit,33302.86703867616,8.184512603425052
Qwen3.5-397B-A17B,1000000,451,30.72,0.5449223946784922,30.027444749386106,transmit,33302.86703867616,8.184512603425052
Qwen3.5-397B-A17B,1000000,456,30.72,0.5389473684210526,30.027444749386106,transmit,33302.86703867616,8.184512603425052
Qwen3.5-397B-A17B,1000000,461,30.72,0.5331019522776572,30.027444749386106,transmit,33302.86703867616,8.184512603425052
Qwen3.5-397B-A17B,1000000,466,30.72,0.5273819742489271,30.027444749386106,transmit,33302.86703867616,8.184512603425052
Qwen3.5-397B-A17B,1000000,471,30.72,0.5217834394904458,30.027444749386106,transmit,33302.86703867616,8.184512603425052
Qwen3.5-397B-A17B,1000000,476,30.72,0.5163025210084033,30.027444749386106,transmit,33302.86703867616,8.184512603425052
Qwen3.5-397B-A17B,1000000,481,30.72,0.510935550935551,30.027444749386106,transmit,33302.86703867616,8.184512603425052
Qwen3.5-397B-A17B,1000000,486,30.72,0.505679012345679,30.027444749386106,transmit,33302.86703867616,8.184512603425052
Qwen3.5-397B-A17B,1000000,491,30.72,0.5005295315682281,30.027444749386106,transmit,33302.86703867616,8.184512603425052
Qwen3.5-397B-A17B,1000000,496,30.72,0.49548387096774194,30.027444749386106,transmit,33302.86703867616,8.184512603425052
Qwen3.5-397B-A17B,1000000,501,30.72,0.4905389221556886,30.027444749386106,transmit,33302.86703867616,8.184512603425052
Qwen3.5-397B-A17B,1000000,506,30.72,0.48569169960474307,30.027444749386106,transmit,33302.86703867616,8.184512603425052
Qwen3.5-397B-A17B,1000000,511,30.72,0.4809393346379648,30.027444749386106,transmit,33302.86703867616,8.184512603425052
Qwen3.5-397B-A17B,1000000,516,30.72,0.4762790697674419,30.027444749386106,transmit,33302.86703867616,8.184512603425052
Qwen3.5-397B-A17B,1000000,521,30.72,0.47170825335892513,30.027444749386106,transmit,33302.86703867616,8.184512603425052
Qwen3.5-397B-A17B,1000000,526,30.72,0.46722433460076046,30.027444749386106,transmit,33302.86703867616,8.184512603425052
Qwen3.5-397B-A17B,1000000,531,30.72,0.46282485875706214,30.027444749386106,transmit,33302.86703867616,8.184512603425052
Qwen3.5-397B-A17B,1000000,536,30.72,0.45850746268656717,30.027444749386106,transmit,33302.86703867616,8.184512603425052
Qwen3.5-397B-A17B,1000000,541,30.72,0.45426987060998153,30.027444749386106,transmit,33302.86703867616,8.184512603425052
Qwen3.5-397B-A17B,1000000,546,30.72,0.4501098901098901,30.027444749386106,transmit,33302.86703867616,8.184512603425052
Qwen3.5-397B-A17B,1000000,551,30.72,0.44602540834845733,30.027444749386106,transmit,33302.86703867616,8.184512603425052
Qwen3.5-397B-A17B,1000000,556,30.72,0.44201438848920865,30.027444749386106,transmit,33302.86703867616,8.184512603425052
Qwen3.5-397B-A17B,1000000,561,30.72,0.4380748663101604,30.027444749386106,transmit,33302.86703867616,8.184512603425052
Qwen3.5-397B-A17B,1000000,566,30.72,0.43420494699646645,30.027444749386106,transmit,33302.86703867616,8.184512603425052
Qwen3.5-397B-A17B,1000000,571,30.72,0.43040280210157617,30.027444749386106,transmit,33302.86703867616,8.184512603425052
Qwen3.5-397B-A17B,1000000,576,30.72,0.4266666666666667,30.027444749386106,transmit,33302.86703867616,8.184512603425052
Qwen3.5-397B-A17B,1000000,581,30.72,0.4229948364888124,30.027444749386106,transmit,33302.86703867616,8.184512603425052
Qwen3.5-397B-A17B,1000000,586,30.72,0.41938566552901024,30.027444749386106,transmit,33302.86703867616,8.184512603425052
Qwen3.5-397B-A17B,1000000,591,30.72,0.41583756345177664,30.027444749386106,transmit,33302.86703867616,8.184512603425052
Qwen3.5-397B-A17B,1000000,596,30.72,0.4123489932885906,30.027444749386106,transmit,33302.86703867616,8.184512603425052
Qwen3.5-397B-A17B,1000000,601,30.72,0.40891846921797004,30.027444749386106,transmit,33302.86703867616,8.184512603425052
Qwen3.5-397B-A17B,1000000,606,30.72,0.40554455445544557,30.027444749386106,transmit,33302.86703867616,8.184512603425052
Qwen3.5-397B-A17B,1000000,611,30.72,0.40222585924713583,30.027444749386106,transmit,33302.86703867616,8.184512603425052
Qwen3.5-397B-A17B,1000000,616,30.72,0.39896103896103896,30.027444749386106,transmit,33302.86703867616,8.184512603425052
Qwen3.5-397B-A17B,1000000,621,30.72,0.3957487922705314,30.027444749386106,transmit,33302.86703867616,8.184512603425052
Qwen3.5-397B-A17B,1000000,626,30.72,0.39258785942492014,30.027444749386106,transmit,33302.86703867616,8.184512603425052
Qwen3.5-397B-A17B,1000000,631,30.72,0.3894770206022187,30.027444749386106,transmit,33302.86703867616,8.184512603425052
Qwen3.5-397B-A17B,1000000,636,30.72,0.3864150943396226,30.027444749386106,transmit,33302.86703867616,8.184512603425052
Qwen3.5-397B-A17B,1000000,641,30.72,0.3834009360374415,30.027444749386106,transmit,33302.86703867616,8.184512603425052
Qwen3.5-397B-A17B,1000000,646,30.72,0.3804334365325077,30.027444749386106,transmit,33302.86703867616,8.184512603425052
Qwen3.5-397B-A17B,1000000,651,30.72,0.3775115207373272,30.027444749386106,transmit,33302.86703867616,8.184512603425052
Qwen3.5-397B-A17B,1000000,656,30.72,0.3746341463414634,30.027444749386106,transmit,33302.86703867616,8.184512603425052
Qwen3.5-397B-A17B,1000000,661,30.72,0.3718003025718608,30.027444749386106,transmit,33302.86703867616,8.184512603425052
Qwen3.5-397B-A17B,1000000,666,30.72,0.369009009009009,30.027444749386106,transmit,33302.86703867616,8.184512603425052
Qwen3.5-397B-A17B,1000000,671,30.72,0.36625931445603577,30.027444749386106,transmit,33302.86703867616,8.184512603425052
Qwen3.5-397B-A17B,1000000,676,30.72,0.36355029585798815,30.027444749386106,transmit,33302.86703867616,8.184512603425052
Qwen3.5-397B-A17B,1000000,681,30.72,0.3608810572687225,30.027444749386106,transmit,33302.86703867616,8.184512603425052
Qwen3.5-397B-A17B,1000000,686,30.72,0.35825072886297377,30.027444749386106,transmit,33302.86703867616,8.184512603425052
Qwen3.5-397B-A17B,1000000,691,30.72,0.35565846599131695,30.027444749386106,transmit,33302.86703867616,8.184512603425052
Qwen3.5-397B-A17B,1000000,696,30.72,0.35310344827586204,30.027444749386106,transmit,33302.86703867616,8.184512603425052
Qwen3.5-397B-A17B,1000000,701,30.72,0.3505848787446505,30.027444749386106,transmit,33302.86703867616,8.184512603425052
Qwen3.5-397B-A17B,1000000,706,30.72,0.34810198300283285,30.027444749386106,transmit,33302.86703867616,8.184512603425052
Qwen3.5-397B-A17B,1000000,711,30.72,0.34565400843881855,30.027444749386106,transmit,33302.86703867616,8.184512603425052
Qwen3.5-397B-A17B,1000000,716,30.72,0.34324022346368716,30.027444749386106,transmit,33302.86703867616,8.184512603425052
Qwen3.5-397B-A17B,1000000,721,30.72,0.34085991678224686,30.027444749386106,transmit,33302.86703867616,8.184512603425052
Qwen3.5-397B-A17B,1000000,726,30.72,0.3385123966942149,30.027444749386106,transmit,33302.86703867616,8.184512603425052
Qwen3.5-397B-A17B,1000000,731,30.72,0.3361969904240766,30.027444749386106,transmit,33302.86703867616,8.184512603425052
Qwen3.5-397B-A17B,1000000,736,30.72,0.3339130434782609,30.027444749386106,transmit,33302.86703867616,8.184512603425052
Qwen3.5-397B-A17B,1000000,741,30.72,0.3316599190283401,30.027444749386106,transmit,33302.86703867616,8.184512603425052
Qwen3.5-397B-A17B,1000000,746,30.72,0.32943699731903486,30.027444749386106,transmit,33302.86703867616,8.184512603425052
Qwen3.5-397B-A17B,1000000,751,30.72,0.32724367509986685,30.027444749386106,transmit,33302.86703867616,8.184512603425052
Qwen3.5-397B-A17B,1000000,756,30.72,0.3250793650793651,30.027444749386106,transmit,33302.86703867616,8.184512603425052
Qwen3.5-397B-A17B,1000000,761,30.72,0.3229434954007884,30.027444749386106,transmit,33302.86703867616,8.184512603425052
Qwen3.5-397B-A17B,1000000,766,30.72,0.3208355091383812,30.027444749386106,transmit,33302.86703867616,8.184512603425052
Qwen3.5-397B-A17B,1000000,771,30.72,0.3187548638132296,30.027444749386106,transmit,33302.86703867616,8.184512603425052
Qwen3.5-397B-A17B,1000000,776,30.72,0.316701030927835,30.027444749386106,transmit,33302.86703867616,8.184512603425052
Qwen3.5-397B-A17B,1000000,781,30.72,0.31467349551856594,30.027444749386106,transmit,33302.86703867616,8.184512603425052
Qwen3.5-397B-A17B,1000000,786,30.72,0.31267175572519085,30.027444749386106,transmit,33302.86703867616,8.184512603425052
Qwen3.5-397B-A17B,1000000,791,30.72,0.3106953223767383,30.027444749386106,transmit,33302.86703867616,8.184512603425052
Qwen3.5-397B-A17B,1000000,796,30.72,0.30874371859296484,30.027444749386106,transmit,33302.86703867616,8.184512603425052
Qwen3.5-397B-A17B,1000000,801,30.72,0.3068164794007491,30.027444749386106,transmit,33302.86703867616,8.184512603425052
Qwen3.5-397B-A17B,1000000,806,30.72,0.30491315136476427,30.027444749386106,transmit,33302.86703867616,8.184512603425052
Qwen3.5-397B-A17B,1000000,811,30.72,0.3030332922318126,30.027444749386106,transmit,33302.86703867616,8.184512603425052
Qwen3.5-397B-A17B,1000000,816,30.72,0.30117647058823527,30.027444749386106,transmit,33302.86703867616,8.184512603425052
Qwen3.5-397B-A17B,1000000,821,30.72,0.29934226552984167,30.027444749386106,transmit,33302.86703867616,8.184512603425052
Qwen3.5-397B-A17B,1000000,826,30.72,0.2975302663438257,30.027444749386106,transmit,33302.86703867616,8.184512603425052
Qwen3.5-397B-A17B,1000000,831,30.72,0.2957400722021661,30.027444749386106,transmit,33302.86703867616,8.184512603425052
Qwen3.5-397B-A17B,1000000,836,30.72,0.2939712918660287,30.027444749386106,transmit,33302.86703867616,8.184512603425052
Qwen3.5-397B-A17B,1000000,841,30.72,0.29222354340071344,30.027444749386106,transmit,33302.86703867616,8.184512603425052
Qwen3.5-397B-A17B,1000000,846,30.72,0.2904964539007092,30.027444749386106,transmit,33302.86703867616,8.184512603425052
Qwen3.5-397B-A17B,1000000,851,30.72,0.28878965922444183,30.027444749386106,transmit,33302.86703867616,8.184512603425052
Qwen3.5-397B-A17B,1000000,856,30.72,0.28710280373831776,30.027444749386106,transmit,33302.86703867616,8.184512603425052
Qwen3.5-397B-A17B,1000000,861,30.72,0.2854355400696864,30.027444749386106,transmit,33302.86703867616,8.184512603425052
Qwen3.5-397B-A17B,1000000,866,30.72,0.2837875288683603,30.027444749386106,transmit,33302.86703867616,8.184512603425052
Qwen3.5-397B-A17B,1000000,871,30.72,0.28215843857634904,30.027444749386106,transmit,33302.86703867616,8.184512603425052
Qwen3.5-397B-A17B,1000000,876,30.72,0.28054794520547943,30.027444749386106,transmit,33302.86703867616,8.184512603425052
Qwen3.5-397B-A17B,1000000,881,30.72,0.27895573212258795,30.027444749386106,transmit,33302.86703867616,8.184512603425052
Qwen3.5-397B-A17B,1000000,886,30.72,0.27738148984198646,30.027444749386106,transmit,33302.86703867616,8.184512603425052
Qwen3.5-397B-A17B,1000000,891,30.72,0.2758249158249158,30.027444749386106,transmit,33302.86703867616,8.184512603425052
Qwen3.5-397B-A17B,1000000,896,30.72,0.2742857142857143,30.027444749386106,transmit,33302.86703867616,8.184512603425052
Qwen3.5-397B-A17B,1000000,901,30.72,0.2727635960044395,30.027444749386106,transmit,33302.86703867616,8.184512603425052
Qwen3.5-397B-A17B,1000000,906,30.72,0.27125827814569536,30.027444749386106,transmit,33302.86703867616,8.184512603425052
Qwen3.5-397B-A17B,1000000,911,30.72,0.2697694840834248,30.027444749386106,transmit,33302.86703867616,8.184512603425052
Qwen3.5-397B-A17B,1000000,916,30.72,0.26829694323144104,30.027444749386106,transmit,33302.86703867616,8.184512603425052
Qwen3.5-397B-A17B,1000000,921,30.72,0.2668403908794788,30.027444749386106,transmit,33302.86703867616,8.184512603425052
Qwen3.5-397B-A17B,1000000,926,30.72,0.2653995680345572,30.027444749386106,transmit,33302.86703867616,8.184512603425052
Qwen3.5-397B-A17B,1000000,931,30.72,0.26397422126745435,30.027444749386106,transmit,33302.86703867616,8.184512603425052
Qwen3.5-397B-A17B,1000000,936,30.72,0.26256410256410256,30.027444749386106,transmit,33302.86703867616,8.184512603425052
Qwen3.5-397B-A17B,1000000,941,30.72,0.26116896918172156,30.027444749386106,transmit,33302.86703867616,8.184512603425052
Qwen3.5-397B-A17B,1000000,946,30.72,0.2597885835095137,30.027444749386106,transmit,33302.86703867616,8.184512603425052
Qwen3.5-397B-A17B,1000000,951,30.72,0.25842271293375396,30.027444749386106,transmit,33302.86703867616,8.184512603425052
Qwen3.5-397B-A17B,1000000,956,30.72,0.257071129707113,30.027444749386106,transmit,33302.86703867616,8.184512603425052
Qwen3.5-397B-A17B,1000000,961,30.72,0.25573361082206036,30.027444749386106,transmit,33302.86703867616,8.184512603425052
Qwen3.5-397B-A17B,1000000,966,30.72,0.25440993788819877,30.027444749386106,transmit,33302.86703867616,8.184512603425052
Qwen3.5-397B-A17B,1000000,971,30.72,0.25309989701338825,30.027444749386106,transmit,33302.86703867616,8.184512603425052
Qwen3.5-397B-A17B,1000000,976,30.72,0.2518032786885246,30.027444749386106,transmit,33302.86703867616,8.184512603425052
Qwen3.5-397B-A17B,1000000,981,30.72,0.250519877675841,30.027444749386106,transmit,33302.86703867616,8.184512603425052
Qwen3.5-397B-A17B,1000000,986,30.72,0.24924949290060852,30.027444749386106,transmit,33302.86703867616,8.184512603425052
Qwen3.5-397B-A17B,1000000,991,30.72,0.24799192734611503,30.027444749386106,transmit,33302.86703867616,8.184512603425052
Qwen3.5-397B-A17B,1000000,996,30.72,0.24674698795180722,30.027444749386106,transmit,33302.86703867616,8.184512603425052
Qwen3-Next-80B-A3B,1000,1,0.024576,0.196608,0.009916510183446482,replay,100841.92740196935,19.826329662646394
Qwen3-Next-80B-A3B,1000,6,0.024576,0.032768,0.009916510183446482,replay,100841.92740196935,19.826329662646394
Qwen3-Next-80B-A3B,1000,11,0.024576,0.017873454545454547,0.009916510183446482,replay,100841.92740196935,19.826329662646394
Qwen3-Next-80B-A3B,1000,16,0.024576,0.012288,0.009916510183446482,replay,100841.92740196935,19.826329662646394
Qwen3-Next-80B-A3B,1000,21,0.024576,0.009362285714285714,0.009916510183446482,transmit,100841.92740196935,19.826329662646394
Qwen3-Next-80B-A3B,1000,26,0.024576,0.007561846153846154,0.009916510183446482,transmit,100841.92740196935,19.826329662646394
Qwen3-Next-80B-A3B,1000,31,0.024576,0.0063421935483870965,0.009916510183446482,transmit,100841.92740196935,19.826329662646394
Qwen3-Next-80B-A3B,1000,36,0.024576,0.005461333333333334,0.009916510183446482,transmit,100841.92740196935,19.826329662646394
Qwen3-Next-80B-A3B,1000,41,0.024576,0.004795317073170732,0.009916510183446482,transmit,100841.92740196935,19.826329662646394
Qwen3-Next-80B-A3B,1000,46,0.024576,0.004274086956521739,0.009916510183446482,transmit,100841.92740196935,19.826329662646394
Qwen3-Next-80B-A3B,1000,51,0.024576,0.003855058823529412,0.009916510183446482,transmit,100841.92740196935,19.826329662646394
Qwen3-Next-80B-A3B,1000,56,0.024576,0.003510857142857143,0.009916510183446482,transmit,100841.92740196935,19.826329662646394
Qwen3-Next-80B-A3B,1000,61,0.024576,0.0032230819672131148,0.009916510183446482,transmit,100841.92740196935,19.826329662646394
Qwen3-Next-80B-A3B,1000,66,0.024576,0.002978909090909091,0.009916510183446482,transmit,100841.92740196935,19.826329662646394
Qwen3-Next-80B-A3B,1000,71,0.024576,0.0027691267605633803,0.009916510183446482,transmit,100841.92740196935,19.826329662646394
Qwen3-Next-80B-A3B,1000,76,0.024576,0.002586947368421053,0.009916510183446482,transmit,100841.92740196935,19.826329662646394
Qwen3-Next-80B-A3B,1000,81,0.024576,0.002427259259259259,0.009916510183446482,transmit,100841.92740196935,19.826329662646394
Qwen3-Next-80B-A3B,1000,86,0.024576,0.002286139534883721,0.009916510183446482,transmit,100841.92740196935,19.826329662646394
Qwen3-Next-80B-A3B,1000,91,0.024576,0.0021605274725274726,0.009916510183446482,transmit,100841.92740196935,19.826329662646394
Qwen3-Next-80B-A3B,1000,96,0.024576,0.002048,0.009916510183446482,transmit,100841.92740196935,19.826329662646394
Qwen3-Next-80B-A3B,1000,101,0.024576,0.0019466138613861387,0.009916510183446482,transmit,100841.92740196935,19.826329662646394
Qwen3-Next-80B-A3B,1000,106,0.024576,0.0018547924528301888,0.009916510183446482,transmit,100841.92740196935,19.826329662646394
Qwen3-Next-80B-A3B,1000,111,0.024576,0.0017712432432432433,0.009916510183446482,transmit,100841.92740196935,19.826329662646394
Qwen3-Next-80B-A3B,1000,116,0.024576,0.001694896551724138,0.009916510183446482,transmit,100841.92740196935,19.826329662646394
Qwen3-Next-80B-A3B,1000,121,0.024576,0.0016248595041322314,0.009916510183446482,transmit,100841.92740196935,19.826329662646394
Qwen3-Next-80B-A3B,1000,126,0.024576,0.0015603809523809524,0.009916510183446482,transmit,100841.92740196935,19.826329662646394
Qwen3-Next-80B-A3B,1000,131,0.024576,0.0015008244274809161,0.009916510183446482,transmit,100841.92740196935,19.826329662646394
Qwen3-Next-80B-A3B,1000,136,0.024576,0.0014456470588235294,0.009916510183446482,transmit,100841.92740196935,19.826329662646394
Qwen3-Next-80B-A3B,1000,141,0.024576,0.0013943829787234042,0.009916510183446482,transmit,100841.92740196935,19.826329662646394
Qwen3-Next-80B-A3B,1000,146,0.024576,0.0013466301369863013,0.009916510183446482,transmit,100841.92740196935,19.826329662646394
Qwen3-Next-80B-A3B,1000,151,0.024576,0.0013020397350993378,0.009916510183446482,transmit,100841.92740196935,19.826329662646394
Qwen3-Next-80B-A3B,1000,156,0.024576,0.0012603076923076923,0.009916510183446482,transmit,100841.92740196935,19.826329662646394
Qwen3-Next-80B-A3B,1000,161,0.024576,0.0012211677018633541,0.009916510183446482,transmit,100841.92740196935,19.826329662646394
Qwen3-Next-80B-A3B,1000,166,0.024576,0.0011843855421686748,0.009916510183446482,transmit,100841.92740196935,19.826329662646394
Qwen3-Next-80B-A3B,1000,171,0.024576,0.0011497543859649124,0.009916510183446482,transmit,100841.92740196935,19.826329662646394
Qwen3-Next-80B-A3B,1000,176,0.024576,0.0011170909090909092,0.009916510183446482,transmit,100841.92740196935,19.826329662646394
Qwen3-Next-80B-A3B,1000,181,0.024576,0.001086232044198895,0.009916510183446482,transmit,100841.92740196935,19.826329662646394
Qwen3-Next-80B-A3B,1000,186,0.024576,0.0010570322580645162,0.009916510183446482,transmit,100841.92740196935,19.826329662646394
Qwen3-Next-80B-A3B,1000,191,0.024576,0.0010293612565445026,0.009916510183446482,transmit,100841.92740196935,19.826329662646394
Qwen3-Next-80B-A3B,1000,196,0.024576,0.0010031020408163265,0.009916510183446482,transmit,100841.92740196935,19.826329662646394
Qwen3-Next-80B-A3B,1000,201,0.024576,0.0009781492537313432,0.009916510183446482,transmit,100841.92740196935,19.826329662646394
Qwen3-Next-80B-A3B,1000,206,0.024576,0.0009544077669902913,0.009916510183446482,transmit,100841.92740196935,19.826329662646394
Qwen3-Next-80B-A3B,1000,211,0.024576,0.0009317914691943128,0.009916510183446482,transmit,100841.92740196935,19.826329662646394
Qwen3-Next-80B-A3B,1000,216,0.024576,0.0009102222222222222,0.009916510183446482,transmit,100841.92740196935,19.826329662646394
Qwen3-Next-80B-A3B,1000,221,0.024576,0.000889628959276018,0.009916510183446482,transmit,100841.92740196935,19.826329662646394
Qwen3-Next-80B-A3B,1000,226,0.024576,0.0008699469026548672,0.009916510183446482,transmit,100841.92740196935,19.826329662646394
Qwen3-Next-80B-A3B,1000,231,0.024576,0.0008511168831168831,0.009916510183446482,transmit,100841.92740196935,19.826329662646394
Qwen3-Next-80B-A3B,1000,236,0.024576,0.0008330847457627119,0.009916510183446482,transmit,100841.92740196935,19.826329662646394
Qwen3-Next-80B-A3B,1000,241,0.024576,0.0008158008298755187,0.009916510183446482,transmit,100841.92740196935,19.826329662646394
Qwen3-Next-80B-A3B,1000,246,0.024576,0.0007992195121951219,0.009916510183446482,transmit,100841.92740196935,19.826329662646394
Qwen3-Next-80B-A3B,1000,251,0.024576,0.0007832988047808765,0.009916510183446482,transmit,100841.92740196935,19.826329662646394
Qwen3-Next-80B-A3B,1000,256,0.024576,0.000768,0.009916510183446482,transmit,100841.92740196935,19.826329662646394
Qwen3-Next-80B-A3B,1000,261,0.024576,0.0007532873563218391,0.009916510183446482,transmit,100841.92740196935,19.826329662646394
Qwen3-Next-80B-A3B,1000,266,0.024576,0.0007391278195488721,0.009916510183446482,transmit,100841.92740196935,19.826329662646394
Qwen3-Next-80B-A3B,1000,271,0.024576,0.000725490774907749,0.009916510183446482,transmit,100841.92740196935,19.826329662646394
Qwen3-Next-80B-A3B,1000,276,0.024576,0.0007123478260869565,0.009916510183446482,transmit,100841.92740196935,19.826329662646394
Qwen3-Next-80B-A3B,1000,281,0.024576,0.0006996725978647687,0.009916510183446482,transmit,100841.92740196935,19.826329662646394
Qwen3-Next-80B-A3B,1000,286,0.024576,0.0006874405594405594,0.009916510183446482,transmit,100841.92740196935,19.826329662646394
Qwen3-Next-80B-A3B,1000,291,0.024576,0.0006756288659793815,0.009916510183446482,transmit,100841.92740196935,19.826329662646394
Qwen3-Next-80B-A3B,1000,296,0.024576,0.0006642162162162162,0.009916510183446482,transmit,100841.92740196935,19.826329662646394
Qwen3-Next-80B-A3B,1000,301,0.024576,0.0006531827242524917,0.009916510183446482,transmit,100841.92740196935,19.826329662646394
Qwen3-Next-80B-A3B,1000,306,0.024576,0.0006425098039215686,0.009916510183446482,transmit,100841.92740196935,19.826329662646394
Qwen3-Next-80B-A3B,1000,311,0.024576,0.0006321800643086816,0.009916510183446482,transmit,100841.92740196935,19.826329662646394
Qwen3-Next-80B-A3B,1000,316,0.024576,0.0006221772151898734,0.009916510183446482,transmit,100841.92740196935,19.826329662646394
Qwen3-Next-80B-A3B,1000,321,0.024576,0.0006124859813084112,0.009916510183446482,transmit,100841.92740196935,19.826329662646394
Qwen3-Next-80B-A3B,1000,326,0.024576,0.0006030920245398774,0.009916510183446482,transmit,100841.92740196935,19.826329662646394
Qwen3-Next-80B-A3B,1000,331,0.024576,0.0005939818731117825,0.009916510183446482,transmit,100841.92740196935,19.826329662646394
Qwen3-Next-80B-A3B,1000,336,0.024576,0.0005851428571428571,0.009916510183446482,transmit,100841.92740196935,19.826329662646394
Qwen3-Next-80B-A3B,1000,341,0.024576,0.0005765630498533724,0.009916510183446482,transmit,100841.92740196935,19.826329662646394
Qwen3-Next-80B-A3B,1000,346,0.024576,0.0005682312138728324,0.009916510183446482,transmit,100841.92740196935,19.826329662646394
Qwen3-Next-80B-A3B,1000,351,0.024576,0.0005601367521367521,0.009916510183446482,transmit,100841.92740196935,19.826329662646394
Qwen3-Next-80B-A3B,1000,356,0.024576,0.0005522696629213483,0.009916510183446482,transmit,100841.92740196935,19.826329662646394
Qwen3-Next-80B-A3B,1000,361,0.024576,0.0005446204986149585,0.009916510183446482,transmit,100841.92740196935,19.826329662646394
Qwen3-Next-80B-A3B,1000,366,0.024576,0.0005371803278688525,0.009916510183446482,transmit,100841.92740196935,19.826329662646394
Qwen3-Next-80B-A3B,1000,371,0.024576,0.0005299407008086253,0.009916510183446482,transmit,100841.92740196935,19.826329662646394
Qwen3-Next-80B-A3B,1000,376,0.024576,0.0005228936170212766,0.009916510183446482,transmit,100841.92740196935,19.826329662646394
Qwen3-Next-80B-A3B,1000,381,0.024576,0.0005160314960629921,0.009916510183446482,transmit,100841.92740196935,19.826329662646394
Qwen3-Next-80B-A3B,1000,386,0.024576,0.0005093471502590674,0.009916510183446482,transmit,100841.92740196935,19.826329662646394
Qwen3-Next-80B-A3B,1000,391,0.024576,0.0005028337595907929,0.009916510183446482,transmit,100841.92740196935,19.826329662646394
Qwen3-Next-80B-A3B,1000,396,0.024576,0.0004964848484848485,0.009916510183446482,transmit,100841.92740196935,19.826329662646394
Qwen3-Next-80B-A3B,1000,401,0.024576,0.0004902942643391521,0.009916510183446482,transmit,100841.92740196935,19.826329662646394
Qwen3-Next-80B-A3B,1000,406,0.024576,0.00048425615763546796,0.009916510183446482,transmit,100841.92740196935,19.826329662646394
Qwen3-Next-80B-A3B,1000,411,0.024576,0.00047836496350364964,0.009916510183446482,transmit,100841.92740196935,19.826329662646394
Qwen3-Next-80B-A3B,1000,416,0.024576,0.00047261538461538464,0.009916510183446482,transmit,100841.92740196935,19.826329662646394
Qwen3-Next-80B-A3B,1000,421,0.024576,0.0004670023752969121,0.009916510183446482,transmit,100841.92740196935,19.826329662646394
Qwen3-Next-80B-A3B,1000,426,0.024576,0.00046152112676056336,0.009916510183446482,transmit,100841.92740196935,19.826329662646394
Qwen3-Next-80B-A3B,1000,431,0.024576,0.00045616705336426917,0.009916510183446482,transmit,100841.92740196935,19.826329662646394
Qwen3-Next-80B-A3B,1000,436,0.024576,0.00045093577981651374,0.009916510183446482,transmit,100841.92740196935,19.826329662646394
Qwen3-Next-80B-A3B,1000,441,0.024576,0.0004458231292517007,0.009916510183446482,transmit,100841.92740196935,19.826329662646394
Qwen3-Next-80B-A3B,1000,446,0.024576,0.0004408251121076233,0.009916510183446482,transmit,100841.92740196935,19.826329662646394
Qwen3-Next-80B-A3B,1000,451,0.024576,0.0004359379157427938,0.009916510183446482,transmit,100841.92740196935,19.826329662646394
Qwen3-Next-80B-A3B,1000,456,0.024576,0.0004311578947368421,0.009916510183446482,transmit,100841.92740196935,19.826329662646394
Qwen3-Next-80B-A3B,1000,461,0.024576,0.0004264815618221258,0.009916510183446482,transmit,100841.92740196935,19.826329662646394
Qwen3-Next-80B-A3B,1000,466,0.024576,0.00042190557939914165,0.009916510183446482,transmit,100841.92740196935,19.826329662646394
Qwen3-Next-80B-A3B,1000,471,0.024576,0.0004174267515923567,0.009916510183446482,transmit,100841.92740196935,19.826329662646394
Qwen3-Next-80B-A3B,1000,476,0.024576,0.0004130420168067227,0.009916510183446482,transmit,100841.92740196935,19.826329662646394
Qwen3-Next-80B-A3B,1000,481,0.024576,0.00040874844074844074,0.009916510183446482,transmit,100841.92740196935,19.826329662646394
Qwen3-Next-80B-A3B,1000,486,0.024576,0.0004045432098765432,0.009916510183446482,transmit,100841.92740196935,19.826329662646394
Qwen3-Next-80B-A3B,1000,491,0.024576,0.0004004236252545825,0.009916510183446482,transmit,100841.92740196935,19.826329662646394
Qwen3-Next-80B-A3B,1000,496,0.024576,0.00039638709677419353,0.009916510183446482,transmit,100841.92740196935,19.826329662646394
Qwen3-Next-80B-A3B,1000,501,0.024576,0.0003924311377245509,0.009916510183446482,transmit,100841.92740196935,19.826329662646394
Qwen3-Next-80B-A3B,1000,506,0.024576,0.00038855335968379445,0.009916510183446482,transmit,100841.92740196935,19.826329662646394
Qwen3-Next-80B-A3B,1000,511,0.024576,0.0003847514677103718,0.009916510183446482,transmit,100841.92740196935,19.826329662646394
Qwen3-Next-80B-A3B,1000,516,0.024576,0.0003810232558139535,0.009916510183446482,transmit,100841.92740196935,19.826329662646394
Qwen3-Next-80B-A3B,1000,521,0.024576,0.0003773666026871401,0.009916510183446482,transmit,100841.92740196935,19.826329662646394
Qwen3-Next-80B-A3B,1000,526,0.024576,0.00037377946768060835,0.009916510183446482,transmit,100841.92740196935,19.826329662646394
Qwen3-Next-80B-A3B,1000,531,0.024576,0.0003702598870056497,0.009916510183446482,transmit,100841.92740196935,19.826329662646394
Qwen3-Next-80B-A3B,1000,536,0.024576,0.00036680597014925373,0.009916510183446482,transmit,100841.92740196935,19.826329662646394
Qwen3-Next-80B-A3B,1000,541,0.024576,0.0003634158964879852,0.009916510183446482,transmit,100841.92740196935,19.826329662646394
Qwen3-Next-80B-A3B,1000,546,0.024576,0.00036008791208791207,0.009916510183446482,transmit,100841.92740196935,19.826329662646394
Qwen3-Next-80B-A3B,1000,551,0.024576,0.0003568203266787659,0.009916510183446482,transmit,100841.92740196935,19.826329662646394
Qwen3-Next-80B-A3B,1000,556,0.024576,0.0003536115107913669,0.009916510183446482,transmit,100841.92740196935,19.826329662646394
Qwen3-Next-80B-A3B,1000,561,0.024576,0.00035045989304812835,0.009916510183446482,transmit,100841.92740196935,19.826329662646394
Qwen3-Next-80B-A3B,1000,566,0.024576,0.00034736395759717316,0.009916510183446482,transmit,100841.92740196935,19.826329662646394
Qwen3-Next-80B-A3B,1000,571,0.024576,0.00034432224168126093,0.009916510183446482,transmit,100841.92740196935,19.826329662646394
Qwen3-Next-80B-A3B,1000,576,0.024576,0.00034133333333333335,0.009916510183446482,transmit,100841.92740196935,19.826329662646394
Qwen3-Next-80B-A3B,1000,581,0.024576,0.00033839586919104993,0.009916510183446482,transmit,100841.92740196935,19.826329662646394
Qwen3-Next-80B-A3B,1000,586,0.024576,0.0003355085324232082,0.009916510183446482,transmit,100841.92740196935,19.826329662646394
Qwen3-Next-80B-A3B,1000,591,0.024576,0.0003326700507614213,0.009916510183446482,transmit,100841.92740196935,19.826329662646394
Qwen3-Next-80B-A3B,1000,596,0.024576,0.0003298791946308725,0.009916510183446482,transmit,100841.92740196935,19.826329662646394
Qwen3-Next-80B-A3B,1000,601,0.024576,0.00032713477537437606,0.009916510183446482,transmit,100841.92740196935,19.826329662646394
Qwen3-Next-80B-A3B,1000,606,0.024576,0.00032443564356435646,0.009916510183446482,transmit,100841.92740196935,19.826329662646394
Qwen3-Next-80B-A3B,1000,611,0.024576,0.00032178068739770866,0.009916510183446482,transmit,100841.92740196935,19.826329662646394
Qwen3-Next-80B-A3B,1000,616,0.024576,0.0003191688311688312,0.009916510183446482,transmit,100841.92740196935,19.826329662646394
Qwen3-Next-80B-A3B,1000,621,0.024576,0.0003165990338164251,0.009916510183446482,transmit,100841.92740196935,19.826329662646394
Qwen3-Next-80B-A3B,1000,626,0.024576,0.0003140702875399361,0.009916510183446482,transmit,100841.92740196935,19.826329662646394
Qwen3-Next-80B-A3B,1000,631,0.024576,0.000311581616481775,0.009916510183446482,transmit,100841.92740196935,19.826329662646394
Qwen3-Next-80B-A3B,1000,636,0.024576,0.0003091320754716981,0.009916510183446482,transmit,100841.92740196935,19.826329662646394
Qwen3-Next-80B-A3B,1000,641,0.024576,0.0003067207488299532,0.009916510183446482,transmit,100841.92740196935,19.826329662646394
Qwen3-Next-80B-A3B,1000,646,0.024576,0.0003043467492260062,0.009916510183446482,transmit,100841.92740196935,19.826329662646394
Qwen3-Next-80B-A3B,1000,651,0.024576,0.00030200921658986177,0.009916510183446482,transmit,100841.92740196935,19.826329662646394
Qwen3-Next-80B-A3B,1000,656,0.024576,0.00029970731707317075,0.009916510183446482,transmit,100841.92740196935,19.826329662646394
Qwen3-Next-80B-A3B,1000,661,0.024576,0.00029744024205748863,0.009916510183446482,transmit,100841.92740196935,19.826329662646394
Qwen3-Next-80B-A3B,1000,666,0.024576,0.0002952072072072072,0.009916510183446482,transmit,100841.92740196935,19.826329662646394
Qwen3-Next-80B-A3B,1000,671,0.024576,0.00029300745156482863,0.009916510183446482,transmit,100841.92740196935,19.826329662646394
Qwen3-Next-80B-A3B,1000,676,0.024576,0.00029084023668639054,0.009916510183446482,transmit,100841.92740196935,19.826329662646394
Qwen3-Next-80B-A3B,1000,681,0.024576,0.000288704845814978,0.009916510183446482,transmit,100841.92740196935,19.826329662646394
Qwen3-Next-80B-A3B,1000,686,0.024576,0.000286600583090379,0.009916510183446482,transmit,100841.92740196935,19.826329662646394
Qwen3-Next-80B-A3B,1000,691,0.024576,0.00028452677279305357,0.009916510183446482,transmit,100841.92740196935,19.826329662646394
Qwen3-Next-80B-A3B,1000,696,0.024576,0.0002824827586206897,0.009916510183446482,transmit,100841.92740196935,19.826329662646394
Qwen3-Next-80B-A3B,1000,701,0.024576,0.0002804679029957204,0.009916510183446482,transmit,100841.92740196935,19.826329662646394
Qwen3-Next-80B-A3B,1000,706,0.024576,0.0002784815864022663,0.009916510183446482,transmit,100841.92740196935,19.826329662646394
Qwen3-Next-80B-A3B,1000,711,0.024576,0.00027652320675105484,0.009916510183446482,transmit,100841.92740196935,19.826329662646394
Qwen3-Next-80B-A3B,1000,716,0.024576,0.00027459217877094975,0.009916510183446482,transmit,100841.92740196935,19.826329662646394
Qwen3-Next-80B-A3B,1000,721,0.024576,0.0002726879334257975,0.009916510183446482,transmit,100841.92740196935,19.826329662646394
Qwen3-Next-80B-A3B,1000,726,0.024576,0.0002708099173553719,0.009916510183446482,transmit,100841.92740196935,19.826329662646394
Qwen3-Next-80B-A3B,1000,731,0.024576,0.0002689575923392613,0.009916510183446482,transmit,100841.92740196935,19.826329662646394
Qwen3-Next-80B-A3B,1000,736,0.024576,0.0002671304347826087,0.009916510183446482,transmit,100841.92740196935,19.826329662646394
Qwen3-Next-80B-A3B,1000,741,0.024576,0.0002653279352226721,0.009916510183446482,transmit,100841.92740196935,19.826329662646394
Qwen3-Next-80B-A3B,1000,746,0.024576,0.00026354959785522786,0.009916510183446482,transmit,100841.92740196935,19.826329662646394
Qwen3-Next-80B-A3B,1000,751,0.024576,0.00026179494007989347,0.009916510183446482,transmit,100841.92740196935,19.826329662646394
Qwen3-Next-80B-A3B,1000,756,0.024576,0.00026006349206349205,0.009916510183446482,transmit,100841.92740196935,19.826329662646394
Qwen3-Next-80B-A3B,1000,761,0.024576,0.0002583547963206308,0.009916510183446482,transmit,100841.92740196935,19.826329662646394
Qwen3-Next-80B-A3B,1000,766,0.024576,0.00025666840731070496,0.009916510183446482,transmit,100841.92740196935,19.826329662646394
Qwen3-Next-80B-A3B,1000,771,0.024576,0.00025500389105058364,0.009916510183446482,transmit,100841.92740196935,19.826329662646394
Qwen3-Next-80B-A3B,1000,776,0.024576,0.000253360824742268,0.009916510183446482,transmit,100841.92740196935,19.826329662646394
Qwen3-Next-80B-A3B,1000,781,0.024576,0.00025173879641485273,0.009916510183446482,transmit,100841.92740196935,19.826329662646394
Qwen3-Next-80B-A3B,1000,786,0.024576,0.0002501374045801527,0.009916510183446482,transmit,100841.92740196935,19.826329662646394
Qwen3-Next-80B-A3B,1000,791,0.024576,0.00024855625790139066,0.009916510183446482,transmit,100841.92740196935,19.826329662646394
Qwen3-Next-80B-A3B,1000,796,0.024576,0.0002469949748743719,0.009916510183446482,transmit,100841.92740196935,19.826329662646394
Qwen3-Next-80B-A3B,1000,801,0.024576,0.00024545318352059924,0.009916510183446482,transmit,100841.92740196935,19.826329662646394
Qwen3-Next-80B-A3B,1000,806,0.024576,0.00024393052109181141,0.009916510183446482,transmit,100841.92740196935,19.826329662646394
Qwen3-Next-80B-A3B,1000,811,0.024576,0.00024242663378545005,0.009916510183446482,transmit,100841.92740196935,19.826329662646394
Qwen3-Next-80B-A3B,1000,816,0.024576,0.00024094117647058825,0.009916510183446482,transmit,100841.92740196935,19.826329662646394
Qwen3-Next-80B-A3B,1000,821,0.024576,0.00023947381242387332,0.009916510183446482,transmit,100841.92740196935,19.826329662646394
Qwen3-Next-80B-A3B,1000,826,0.024576,0.00023802421307506054,0.009916510183446482,transmit,100841.92740196935,19.826329662646394
Qwen3-Next-80B-A3B,1000,831,0.024576,0.00023659205776173286,0.009916510183446482,transmit,100841.92740196935,19.826329662646394
Qwen3-Next-80B-A3B,1000,836,0.024576,0.00023517703349282298,0.009916510183446482,transmit,100841.92740196935,19.826329662646394
Qwen3-Next-80B-A3B,1000,841,0.024576,0.00023377883472057074,0.009916510183446482,transmit,100841.92740196935,19.826329662646394
Qwen3-Next-80B-A3B,1000,846,0.024576,0.00023239716312056736,0.009916510183446482,transmit,100841.92740196935,19.826329662646394
Qwen3-Next-80B-A3B,1000,851,0.024576,0.00023103172737955346,0.009916510183446482,transmit,100841.92740196935,19.826329662646394
Qwen3-Next-80B-A3B,1000,856,0.024576,0.0002296822429906542,0.009916510183446482,transmit,100841.92740196935,19.826329662646394
Qwen3-Next-80B-A3B,1000,861,0.024576,0.00022834843205574913,0.009916510183446482,transmit,100841.92740196935,19.826329662646394
Qwen3-Next-80B-A3B,1000,866,0.024576,0.00022703002309468822,0.009916510183446482,transmit,100841.92740196935,19.826329662646394
Qwen3-Next-80B-A3B,1000,871,0.024576,0.00022572675086107922,0.009916510183446482,transmit,100841.92740196935,19.826329662646394
Qwen3-Next-80B-A3B,1000,876,0.024576,0.00022443835616438356,0.009916510183446482,transmit,100841.92740196935,19.826329662646394
Qwen3-Next-80B-A3B,1000,881,0.024576,0.00022316458569807037,0.009916510183446482,transmit,100841.92740196935,19.826329662646394
Qwen3-Next-80B-A3B,1000,886,0.024576,0.00022190519187358917,0.009916510183446482,transmit,100841.92740196935,19.826329662646394
Qwen3-Next-80B-A3B,1000,891,0.024576,0.00022065993265993266,0.009916510183446482,transmit,100841.92740196935,19.826329662646394
Qwen3-Next-80B-A3B,1000,896,0.024576,0.00021942857142857143,0.009916510183446482,transmit,100841.92740196935,19.826329662646394
Qwen3-Next-80B-A3B,1000,901,0.024576,0.0002182108768035516,0.009916510183446482,transmit,100841.92740196935,19.826329662646394
Qwen3-Next-80B-A3B,1000,906,0.024576,0.0002170066225165563,0.009916510183446482,transmit,100841.92740196935,19.826329662646394
Qwen3-Next-80B-A3B,1000,911,0.024576,0.00021581558726673986,0.009916510183446482,transmit,100841.92740196935,19.826329662646394
Qwen3-Next-80B-A3B,1000,916,0.024576,0.00021463755458515284,0.009916510183446482,transmit,100841.92740196935,19.826329662646394
Qwen3-Next-80B-A3B,1000,921,0.024576,0.00021347231270358306,0.009916510183446482,transmit,100841.92740196935,19.826329662646394
Qwen3-Next-80B-A3B,1000,926,0.024576,0.0002123196544276458,0.009916510183446482,transmit,100841.92740196935,19.826329662646394
Qwen3-Next-80B-A3B,1000,931,0.024576,0.00021117937701396348,0.009916510183446482,transmit,100841.92740196935,19.826329662646394
Qwen3-Next-80B-A3B,1000,936,0.024576,0.00021005128205128204,0.009916510183446482,transmit,100841.92740196935,19.826329662646394
Qwen3-Next-80B-A3B,1000,941,0.024576,0.00020893517534537726,0.009916510183446482,transmit,100841.92740196935,19.826329662646394
Qwen3-Next-80B-A3B,1000,946,0.024576,0.000207830866807611,0.009916510183446482,transmit,100841.92740196935,19.826329662646394
Qwen3-Next-80B-A3B,1000,951,0.024576,0.00020673817034700314,0.009916510183446482,transmit,100841.92740196935,19.826329662646394
Qwen3-Next-80B-A3B,1000,956,0.024576,0.00020565690376569038,0.009916510183446482,transmit,100841.92740196935,19.826329662646394
Qwen3-Next-80B-A3B,1000,961,0.024576,0.0002045868886576483,0.009916510183446482,transmit,100841.92740196935,19.826329662646394
Qwen3-Next-80B-A3B,1000,966,0.024576,0.000203527950310559,0.009916510183446482,transmit,100841.92740196935,19.826329662646394
Qwen3-Next-80B-A3B,1000,971,0.024576,0.0002024799176107106,0.009916510183446482,transmit,100841.92740196935,19.826329662646394
Qwen3-Next-80B-A3B,1000,976,0.024576,0.00020144262295081967,0.009916510183446482,transmit,100841.92740196935,19.826329662646394
Qwen3-Next-80B-A3B,1000,981,0.024576,0.00020041590214067278,0.009916510183446482,transmit,100841.92740196935,19.826329662646394
Qwen3-Next-80B-A3B,1000,986,0.024576,0.00019939959432048682,0.009916510183446482,transmit,100841.92740196935,19.826329662646394
Qwen3-Next-80B-A3B,1000,991,0.024576,0.00019839354187689204,0.009916510183446482,transmit,100841.92740196935,19.826329662646394
Qwen3-Next-80B-A3B,1000,996,0.024576,0.00019739759036144577,0.009916510183446482,transmit,100841.92740196935,19.826329662646394
Qwen3-Next-80B-A3B,10000,1,0.24576,1.96608,0.09916510183446482,replay,100841.92740196935,19.826329662646394
Qwen3-Next-80B-A3B,10000,6,0.24576,0.32768,0.09916510183446482,replay,100841.92740196935,19.826329662646394
Qwen3-Next-80B-A3B,10000,11,0.24576,0.17873454545454545,0.09916510183446482,replay,100841.92740196935,19.826329662646394
Qwen3-Next-80B-A3B,10000,16,0.24576,0.12288,0.09916510183446482,replay,100841.92740196935,19.826329662646394
Qwen3-Next-80B-A3B,10000,21,0.24576,0.09362285714285715,0.09916510183446482,transmit,100841.92740196935,19.826329662646394
Qwen3-Next-80B-A3B,10000,26,0.24576,0.07561846153846154,0.09916510183446482,transmit,100841.92740196935,19.826329662646394
Qwen3-Next-80B-A3B,10000,31,0.24576,0.06342193548387097,0.09916510183446482,transmit,100841.92740196935,19.826329662646394
Qwen3-Next-80B-A3B,10000,36,0.24576,0.05461333333333333,0.09916510183446482,transmit,100841.92740196935,19.826329662646394
Qwen3-Next-80B-A3B,10000,41,0.24576,0.047953170731707316,0.09916510183446482,transmit,100841.92740196935,19.826329662646394
Qwen3-Next-80B-A3B,10000,46,0.24576,0.042740869565217394,0.09916510183446482,transmit,100841.92740196935,19.826329662646394
Qwen3-Next-80B-A3B,10000,51,0.24576,0.038550588235294114,0.09916510183446482,transmit,100841.92740196935,19.826329662646394
Qwen3-Next-80B-A3B,10000,56,0.24576,0.035108571428571426,0.09916510183446482,transmit,100841.92740196935,19.826329662646394
Qwen3-Next-80B-A3B,10000,61,0.24576,0.03223081967213115,0.09916510183446482,transmit,100841.92740196935,19.826329662646394
Qwen3-Next-80B-A3B,10000,66,0.24576,0.029789090909090907,0.09916510183446482,transmit,100841.92740196935,19.826329662646394
Qwen3-Next-80B-A3B,10000,71,0.24576,0.027691267605633802,0.09916510183446482,transmit,100841.92740196935,19.826329662646394
Qwen3-Next-80B-A3B,10000,76,0.24576,0.025869473684210526,0.09916510183446482,transmit,100841.92740196935,19.826329662646394
Qwen3-Next-80B-A3B,10000,81,0.24576,0.024272592592592592,0.09916510183446482,transmit,100841.92740196935,19.826329662646394
Qwen3-Next-80B-A3B,10000,86,0.24576,0.02286139534883721,0.09916510183446482,transmit,100841.92740196935,19.826329662646394
Qwen3-Next-80B-A3B,10000,91,0.24576,0.021605274725274726,0.09916510183446482,transmit,100841.92740196935,19.826329662646394
Qwen3-Next-80B-A3B,10000,96,0.24576,0.02048,0.09916510183446482,transmit,100841.92740196935,19.826329662646394
Qwen3-Next-80B-A3B,10000,101,0.24576,0.019466138613861386,0.09916510183446482,transmit,100841.92740196935,19.826329662646394
Qwen3-Next-80B-A3B,10000,106,0.24576,0.018547924528301885,0.09916510183446482,transmit,100841.92740196935,19.826329662646394
Qwen3-Next-80B-A3B,10000,111,0.24576,0.017712432432432434,0.09916510183446482,transmit,100841.92740196935,19.826329662646394
Qwen3-Next-80B-A3B,10000,116,0.24576,0.016948965517241378,0.09916510183446482,transmit,100841.92740196935,19.826329662646394
Qwen3-Next-80B-A3B,10000,121,0.24576,0.016248595041322315,0.09916510183446482,transmit,100841.92740196935,19.826329662646394
Qwen3-Next-80B-A3B,10000,126,0.24576,0.015603809523809523,0.09916510183446482,transmit,100841.92740196935,19.826329662646394
Qwen3-Next-80B-A3B,10000,131,0.24576,0.01500824427480916,0.09916510183446482,transmit,100841.92740196935,19.826329662646394
Qwen3-Next-80B-A3B,10000,136,0.24576,0.014456470588235295,0.09916510183446482,transmit,100841.92740196935,19.826329662646394
Qwen3-Next-80B-A3B,10000,141,0.24576,0.013943829787234043,0.09916510183446482,transmit,100841.92740196935,19.826329662646394
Qwen3-Next-80B-A3B,10000,146,0.24576,0.013466301369863013,0.09916510183446482,transmit,100841.92740196935,19.826329662646394
Qwen3-Next-80B-A3B,10000,151,0.24576,0.013020397350993378,0.09916510183446482,transmit,100841.92740196935,19.826329662646394
Qwen3-Next-80B-A3B,10000,156,0.24576,0.012603076923076923,0.09916510183446482,transmit,100841.92740196935,19.826329662646394
Qwen3-Next-80B-A3B,10000,161,0.24576,0.01221167701863354,0.09916510183446482,transmit,100841.92740196935,19.826329662646394
Qwen3-Next-80B-A3B,10000,166,0.24576,0.011843855421686747,0.09916510183446482,transmit,100841.92740196935,19.826329662646394
Qwen3-Next-80B-A3B,10000,171,0.24576,0.011497543859649123,0.09916510183446482,transmit,100841.92740196935,19.826329662646394
Qwen3-Next-80B-A3B,10000,176,0.24576,0.01117090909090909,0.09916510183446482,transmit,100841.92740196935,19.826329662646394
Qwen3-Next-80B-A3B,10000,181,0.24576,0.01086232044198895,0.09916510183446482,transmit,100841.92740196935,19.826329662646394
Qwen3-Next-80B-A3B,10000,186,0.24576,0.01057032258064516,0.09916510183446482,transmit,100841.92740196935,19.826329662646394
Qwen3-Next-80B-A3B,10000,191,0.24576,0.010293612565445026,0.09916510183446482,transmit,100841.92740196935,19.826329662646394
Qwen3-Next-80B-A3B,10000,196,0.24576,0.010031020408163265,0.09916510183446482,transmit,100841.92740196935,19.826329662646394
Qwen3-Next-80B-A3B,10000,201,0.24576,0.009781492537313433,0.09916510183446482,transmit,100841.92740196935,19.826329662646394
Qwen3-Next-80B-A3B,10000,206,0.24576,0.009544077669902912,0.09916510183446482,transmit,100841.92740196935,19.826329662646394
Qwen3-Next-80B-A3B,10000,211,0.24576,0.009317914691943128,0.09916510183446482,transmit,100841.92740196935,19.826329662646394
Qwen3-Next-80B-A3B,10000,216,0.24576,0.009102222222222222,0.09916510183446482,transmit,100841.92740196935,19.826329662646394
Qwen3-Next-80B-A3B,10000,221,0.24576,0.008896289592760181,0.09916510183446482,transmit,100841.92740196935,19.826329662646394
Qwen3-Next-80B-A3B,10000,226,0.24576,0.008699469026548673,0.09916510183446482,transmit,100841.92740196935,19.826329662646394
Qwen3-Next-80B-A3B,10000,231,0.24576,0.008511168831168831,0.09916510183446482,transmit,100841.92740196935,19.826329662646394
Qwen3-Next-80B-A3B,10000,236,0.24576,0.008330847457627119,0.09916510183446482,transmit,100841.92740196935,19.826329662646394
Qwen3-Next-80B-A3B,10000,241,0.24576,0.008158008298755187,0.09916510183446482,transmit,100841.92740196935,19.826329662646394
Qwen3-Next-80B-A3B,10000,246,0.24576,0.007992195121951219,0.09916510183446482,transmit,100841.92740196935,19.826329662646394
Qwen3-Next-80B-A3B,10000,251,0.24576,0.007832988047808765,0.09916510183446482,transmit,100841.92740196935,19.826329662646394
Qwen3-Next-80B-A3B,10000,256,0.24576,0.00768,0.09916510183446482,transmit,100841.92740196935,19.826329662646394
Qwen3-Next-80B-A3B,10000,261,0.24576,0.007532873563218391,0.09916510183446482,transmit,100841.92740196935,19.826329662646394
Qwen3-Next-80B-A3B,10000,266,0.24576,0.007391278195488722,0.09916510183446482,transmit,100841.92740196935,19.826329662646394
Qwen3-Next-80B-A3B,10000,271,0.24576,0.007254907749077491,0.09916510183446482,transmit,100841.92740196935,19.826329662646394
Qwen3-Next-80B-A3B,10000,276,0.24576,0.0071234782608695655,0.09916510183446482,transmit,100841.92740196935,19.826329662646394
Qwen3-Next-80B-A3B,10000,281,0.24576,0.006996725978647687,0.09916510183446482,transmit,100841.92740196935,19.826329662646394
Qwen3-Next-80B-A3B,10000,286,0.24576,0.006874405594405594,0.09916510183446482,transmit,100841.92740196935,19.826329662646394
Qwen3-Next-80B-A3B,10000,291,0.24576,0.006756288659793814,0.09916510183446482,transmit,100841.92740196935,19.826329662646394
Qwen3-Next-80B-A3B,10000,296,0.24576,0.006642162162162162,0.09916510183446482,transmit,100841.92740196935,19.826329662646394
Qwen3-Next-80B-A3B,10000,301,0.24576,0.006531827242524917,0.09916510183446482,transmit,100841.92740196935,19.826329662646394
Qwen3-Next-80B-A3B,10000,306,0.24576,0.006425098039215686,0.09916510183446482,transmit,100841.92740196935,19.826329662646394
Qwen3-Next-80B-A3B,10000,311,0.24576,0.006321800643086817,0.09916510183446482,transmit,100841.92740196935,19.826329662646394
Qwen3-Next-80B-A3B,10000,316,0.24576,0.0062217721518987345,0.09916510183446482,transmit,100841.92740196935,19.826329662646394
Qwen3-Next-80B-A3B,10000,321,0.24576,0.006124859813084112,0.09916510183446482,transmit,100841.92740196935,19.826329662646394
Qwen3-Next-80B-A3B,10000,326,0.24576,0.006030920245398773,0.09916510183446482,transmit,100841.92740196935,19.826329662646394
Qwen3-Next-80B-A3B,10000,331,0.24576,0.005939818731117825,0.09916510183446482,transmit,100841.92740196935,19.826329662646394
Qwen3-Next-80B-A3B,10000,336,0.24576,0.005851428571428572,0.09916510183446482,transmit,100841.92740196935,19.826329662646394
Qwen3-Next-80B-A3B,10000,341,0.24576,0.005765630498533725,0.09916510183446482,transmit,100841.92740196935,19.826329662646394
Qwen3-Next-80B-A3B,10000,346,0.24576,0.005682312138728324,0.09916510183446482,transmit,100841.92740196935,19.826329662646394
Qwen3-Next-80B-A3B,10000,351,0.24576,0.0056013675213675215,0.09916510183446482,transmit,100841.92740196935,19.826329662646394
Qwen3-Next-80B-A3B,10000,356,0.24576,0.005522696629213483,0.09916510183446482,transmit,100841.92740196935,19.826329662646394
Qwen3-Next-80B-A3B,10000,361,0.24576,0.005446204986149584,0.09916510183446482,transmit,100841.92740196935,19.826329662646394
Qwen3-Next-80B-A3B,10000,366,0.24576,0.005371803278688524,0.09916510183446482,transmit,100841.92740196935,19.826329662646394
Qwen3-Next-80B-A3B,10000,371,0.24576,0.005299407008086254,0.09916510183446482,transmit,100841.92740196935,19.826329662646394
Qwen3-Next-80B-A3B,10000,376,0.24576,0.005228936170212766,0.09916510183446482,transmit,100841.92740196935,19.826329662646394
Qwen3-Next-80B-A3B,10000,381,0.24576,0.005160314960629921,0.09916510183446482,transmit,100841.92740196935,19.826329662646394
Qwen3-Next-80B-A3B,10000,386,0.24576,0.0050934715025906735,0.09916510183446482,transmit,100841.92740196935,19.826329662646394
Qwen3-Next-80B-A3B,10000,391,0.24576,0.005028337595907929,0.09916510183446482,transmit,100841.92740196935,19.826329662646394
Qwen3-Next-80B-A3B,10000,396,0.24576,0.004964848484848485,0.09916510183446482,transmit,100841.92740196935,19.826329662646394
Qwen3-Next-80B-A3B,10000,401,0.24576,0.004902942643391521,0.09916510183446482,transmit,100841.92740196935,19.826329662646394
Qwen3-Next-80B-A3B,10000,406,0.24576,0.00484256157635468,0.09916510183446482,transmit,100841.92740196935,19.826329662646394
Qwen3-Next-80B-A3B,10000,411,0.24576,0.0047836496350364965,0.09916510183446482,transmit,100841.92740196935,19.826329662646394
Qwen3-Next-80B-A3B,10000,416,0.24576,0.004726153846153846,0.09916510183446482,transmit,100841.92740196935,19.826329662646394
Qwen3-Next-80B-A3B,10000,421,0.24576,0.004670023752969121,0.09916510183446482,transmit,100841.92740196935,19.826329662646394
Qwen3-Next-80B-A3B,10000,426,0.24576,0.004615211267605634,0.09916510183446482,transmit,100841.92740196935,19.826329662646394
Qwen3-Next-80B-A3B,10000,431,0.24576,0.004561670533642691,0.09916510183446482,transmit,100841.92740196935,19.826329662646394
Qwen3-Next-80B-A3B,10000,436,0.24576,0.004509357798165138,0.09916510183446482,transmit,100841.92740196935,19.826329662646394
Qwen3-Next-80B-A3B,10000,441,0.24576,0.004458231292517007,0.09916510183446482,transmit,100841.92740196935,19.826329662646394
Qwen3-Next-80B-A3B,10000,446,0.24576,0.004408251121076233,0.09916510183446482,transmit,100841.92740196935,19.826329662646394
Qwen3-Next-80B-A3B,10000,451,0.24576,0.004359379157427938,0.09916510183446482,transmit,100841.92740196935,19.826329662646394
Qwen3-Next-80B-A3B,10000,456,0.24576,0.004311578947368421,0.09916510183446482,transmit,100841.92740196935,19.826329662646394
Qwen3-Next-80B-A3B,10000,461,0.24576,0.004264815618221258,0.09916510183446482,transmit,100841.92740196935,19.826329662646394
Qwen3-Next-80B-A3B,10000,466,0.24576,0.004219055793991416,0.09916510183446482,transmit,100841.92740196935,19.826329662646394
Qwen3-Next-80B-A3B,10000,471,0.24576,0.004174267515923567,0.09916510183446482,transmit,100841.92740196935,19.826329662646394
Qwen3-Next-80B-A3B,10000,476,0.24576,0.004130420168067227,0.09916510183446482,transmit,100841.92740196935,19.826329662646394
Qwen3-Next-80B-A3B,10000,481,0.24576,0.004087484407484407,0.09916510183446482,transmit,100841.92740196935,19.826329662646394
Qwen3-Next-80B-A3B,10000,486,0.24576,0.004045432098765432,0.09916510183446482,transmit,100841.92740196935,19.826329662646394
Qwen3-Next-80B-A3B,10000,491,0.24576,0.004004236252545825,0.09916510183446482,transmit,100841.92740196935,19.826329662646394
Qwen3-Next-80B-A3B,10000,496,0.24576,0.003963870967741936,0.09916510183446482,transmit,100841.92740196935,19.826329662646394
Qwen3-Next-80B-A3B,10000,501,0.24576,0.003924311377245509,0.09916510183446482,transmit,100841.92740196935,19.826329662646394
Qwen3-Next-80B-A3B,10000,506,0.24576,0.0038855335968379446,0.09916510183446482,transmit,100841.92740196935,19.826329662646394
Qwen3-Next-80B-A3B,10000,511,0.24576,0.0038475146771037184,0.09916510183446482,transmit,100841.92740196935,19.826329662646394
Qwen3-Next-80B-A3B,10000,516,0.24576,0.003810232558139535,0.09916510183446482,transmit,100841.92740196935,19.826329662646394
Qwen3-Next-80B-A3B,10000,521,0.24576,0.003773666026871401,0.09916510183446482,transmit,100841.92740196935,19.826329662646394
Qwen3-Next-80B-A3B,10000,526,0.24576,0.003737794676806084,0.09916510183446482,transmit,100841.92740196935,19.826329662646394
Qwen3-Next-80B-A3B,10000,531,0.24576,0.003702598870056497,0.09916510183446482,transmit,100841.92740196935,19.826329662646394
Qwen3-Next-80B-A3B,10000,536,0.24576,0.0036680597014925372,0.09916510183446482,transmit,100841.92740196935,19.826329662646394
Qwen3-Next-80B-A3B,10000,541,0.24576,0.003634158964879852,0.09916510183446482,transmit,100841.92740196935,19.826329662646394
Qwen3-Next-80B-A3B,10000,546,0.24576,0.003600879120879121,0.09916510183446482,transmit,100841.92740196935,19.826329662646394
Qwen3-Next-80B-A3B,10000,551,0.24576,0.0035682032667876586,0.09916510183446482,transmit,100841.92740196935,19.826329662646394
Qwen3-Next-80B-A3B,10000,556,0.24576,0.003536115107913669,0.09916510183446482,transmit,100841.92740196935,19.826329662646394
Qwen3-Next-80B-A3B,10000,561,0.24576,0.0035045989304812834,0.09916510183446482,transmit,100841.92740196935,19.826329662646394
Qwen3-Next-80B-A3B,10000,566,0.24576,0.0034736395759717314,0.09916510183446482,transmit,100841.92740196935,19.826329662646394
Qwen3-Next-80B-A3B,10000,571,0.24576,0.0034432224168126093,0.09916510183446482,transmit,100841.92740196935,19.826329662646394
Qwen3-Next-80B-A3B,10000,576,0.24576,0.0034133333333333333,0.09916510183446482,transmit,100841.92740196935,19.826329662646394
Qwen3-Next-80B-A3B,10000,581,0.24576,0.0033839586919104992,0.09916510183446482,transmit,100841.92740196935,19.826329662646394
Qwen3-Next-80B-A3B,10000,586,0.24576,0.003355085324232082,0.09916510183446482,transmit,100841.92740196935,19.826329662646394
Qwen3-Next-80B-A3B,10000,591,0.24576,0.0033267005076142134,0.09916510183446482,transmit,100841.92740196935,19.826329662646394
Qwen3-Next-80B-A3B,10000,596,0.24576,0.0032987919463087247,0.09916510183446482,transmit,100841.92740196935,19.826329662646394
Qwen3-Next-80B-A3B,10000,601,0.24576,0.0032713477537437605,0.09916510183446482,transmit,100841.92740196935,19.826329662646394
Qwen3-Next-80B-A3B,10000,606,0.24576,0.0032443564356435645,0.09916510183446482,transmit,100841.92740196935,19.826329662646394
Qwen3-Next-80B-A3B,10000,611,0.24576,0.0032178068739770866,0.09916510183446482,transmit,100841.92740196935,19.826329662646394
Qwen3-Next-80B-A3B,10000,616,0.24576,0.0031916883116883117,0.09916510183446482,transmit,100841.92740196935,19.826329662646394
Qwen3-Next-80B-A3B,10000,621,0.24576,0.0031659903381642514,0.09916510183446482,transmit,100841.92740196935,19.826329662646394
Qwen3-Next-80B-A3B,10000,626,0.24576,0.003140702875399361,0.09916510183446482,transmit,100841.92740196935,19.826329662646394
Qwen3-Next-80B-A3B,10000,631,0.24576,0.0031158161648177497,0.09916510183446482,transmit,100841.92740196935,19.826329662646394
Qwen3-Next-80B-A3B,10000,636,0.24576,0.003091320754716981,0.09916510183446482,transmit,100841.92740196935,19.826329662646394
Qwen3-Next-80B-A3B,10000,641,0.24576,0.003067207488299532,0.09916510183446482,transmit,100841.92740196935,19.826329662646394
Qwen3-Next-80B-A3B,10000,646,0.24576,0.003043467492260062,0.09916510183446482,transmit,100841.92740196935,19.826329662646394
Qwen3-Next-80B-A3B,10000,651,0.24576,0.0030200921658986176,0.09916510183446482,transmit,100841.92740196935,19.826329662646394
Qwen3-Next-80B-A3B,10000,656,0.24576,0.0029970731707317073,0.09916510183446482,transmit,100841.92740196935,19.826329662646394
Qwen3-Next-80B-A3B,10000,661,0.24576,0.0029744024205748867,0.09916510183446482,transmit,100841.92740196935,19.826329662646394
Qwen3-Next-80B-A3B,10000,666,0.24576,0.002952072072072072,0.09916510183446482,transmit,100841.92740196935,19.826329662646394
Qwen3-Next-80B-A3B,10000,671,0.24576,0.002930074515648286,0.09916510183446482,transmit,100841.92740196935,19.826329662646394
Qwen3-Next-80B-A3B,10000,676,0.24576,0.002908402366863905,0.09916510183446482,transmit,100841.92740196935,19.826329662646394
Qwen3-Next-80B-A3B,10000,681,0.24576,0.0028870484581497795,0.09916510183446482,transmit,100841.92740196935,19.826329662646394
Qwen3-Next-80B-A3B,10000,686,0.24576,0.0028660058309037902,0.09916510183446482,transmit,100841.92740196935,19.826329662646394
Qwen3-Next-80B-A3B,10000,691,0.24576,0.0028452677279305356,0.09916510183446482,transmit,100841.92740196935,19.826329662646394
Qwen3-Next-80B-A3B,10000,696,0.24576,0.0028248275862068966,0.09916510183446482,transmit,100841.92740196935,19.826329662646394
Qwen3-Next-80B-A3B,10000,701,0.24576,0.002804679029957204,0.09916510183446482,transmit,100841.92740196935,19.826329662646394
Qwen3-Next-80B-A3B,10000,706,0.24576,0.002784815864022663,0.09916510183446482,transmit,100841.92740196935,19.826329662646394
Qwen3-Next-80B-A3B,10000,711,0.24576,0.0027652320675105486,0.09916510183446482,transmit,100841.92740196935,19.826329662646394
Qwen3-Next-80B-A3B,10000,716,0.24576,0.002745921787709497,0.09916510183446482,transmit,100841.92740196935,19.826329662646394
Qwen3-Next-80B-A3B,10000,721,0.24576,0.0027268793342579752,0.09916510183446482,transmit,100841.92740196935,19.826329662646394
Qwen3-Next-80B-A3B,10000,726,0.24576,0.002708099173553719,0.09916510183446482,transmit,100841.92740196935,19.826329662646394
Qwen3-Next-80B-A3B,10000,731,0.24576,0.002689575923392613,0.09916510183446482,transmit,100841.92740196935,19.826329662646394
Qwen3-Next-80B-A3B,10000,736,0.24576,0.002671304347826087,0.09916510183446482,transmit,100841.92740196935,19.826329662646394
Qwen3-Next-80B-A3B,10000,741,0.24576,0.0026532793522267206,0.09916510183446482,transmit,100841.92740196935,19.826329662646394
Qwen3-Next-80B-A3B,10000,746,0.24576,0.002635495978552279,0.09916510183446482,transmit,100841.92740196935,19.826329662646394
Qwen3-Next-80B-A3B,10000,751,0.24576,0.002617949400798935,0.09916510183446482,transmit,100841.92740196935,19.826329662646394
Qwen3-Next-80B-A3B,10000,756,0.24576,0.002600634920634921,0.09916510183446482,transmit,100841.92740196935,19.826329662646394
Qwen3-Next-80B-A3B,10000,761,0.24576,0.0025835479632063075,0.09916510183446482,transmit,100841.92740196935,19.826329662646394
Qwen3-Next-80B-A3B,10000,766,0.24576,0.0025666840731070496,0.09916510183446482,transmit,100841.92740196935,19.826329662646394
Qwen3-Next-80B-A3B,10000,771,0.24576,0.0025500389105058367,0.09916510183446482,transmit,100841.92740196935,19.826329662646394
Qwen3-Next-80B-A3B,10000,776,0.24576,0.0025336082474226806,0.09916510183446482,transmit,100841.92740196935,19.826329662646394
Qwen3-Next-80B-A3B,10000,781,0.24576,0.0025173879641485273,0.09916510183446482,transmit,100841.92740196935,19.826329662646394
Qwen3-Next-80B-A3B,10000,786,0.24576,0.002501374045801527,0.09916510183446482,transmit,100841.92740196935,19.826329662646394
Qwen3-Next-80B-A3B,10000,791,0.24576,0.0024855625790139065,0.09916510183446482,transmit,100841.92740196935,19.826329662646394
Qwen3-Next-80B-A3B,10000,796,0.24576,0.0024699497487437184,0.09916510183446482,transmit,100841.92740196935,19.826329662646394
Qwen3-Next-80B-A3B,10000,801,0.24576,0.0024545318352059927,0.09916510183446482,transmit,100841.92740196935,19.826329662646394
Qwen3-Next-80B-A3B,10000,806,0.24576,0.0024393052109181143,0.09916510183446482,transmit,100841.92740196935,19.826329662646394
Qwen3-Next-80B-A3B,10000,811,0.24576,0.0024242663378545005,0.09916510183446482,transmit,100841.92740196935,19.826329662646394
Qwen3-Next-80B-A3B,10000,816,0.24576,0.002409411764705882,0.09916510183446482,transmit,100841.92740196935,19.826329662646394
Qwen3-Next-80B-A3B,10000,821,0.24576,0.0023947381242387334,0.09916510183446482,transmit,100841.92740196935,19.826329662646394
Qwen3-Next-80B-A3B,10000,826,0.24576,0.0023802421307506055,0.09916510183446482,transmit,100841.92740196935,19.826329662646394
Qwen3-Next-80B-A3B,10000,831,0.24576,0.0023659205776173286,0.09916510183446482,transmit,100841.92740196935,19.826329662646394
Qwen3-Next-80B-A3B,10000,836,0.24576,0.0023517703349282297,0.09916510183446482,transmit,100841.92740196935,19.826329662646394
Qwen3-Next-80B-A3B,10000,841,0.24576,0.0023377883472057077,0.09916510183446482,transmit,100841.92740196935,19.826329662646394
Qwen3-Next-80B-A3B,10000,846,0.24576,0.002323971631205674,0.09916510183446482,transmit,100841.92740196935,19.826329662646394
Qwen3-Next-80B-A3B,10000,851,0.24576,0.0023103172737955345,0.09916510183446482,transmit,100841.92740196935,19.826329662646394
Qwen3-Next-80B-A3B,10000,856,0.24576,0.0022968224299065422,0.09916510183446482,transmit,100841.92740196935,19.826329662646394
Qwen3-Next-80B-A3B,10000,861,0.24576,0.0022834843205574913,0.09916510183446482,transmit,100841.92740196935,19.826329662646394
Qwen3-Next-80B-A3B,10000,866,0.24576,0.002270300230946882,0.09916510183446482,transmit,100841.92740196935,19.826329662646394
Qwen3-Next-80B-A3B,10000,871,0.24576,0.0022572675086107922,0.09916510183446482,transmit,100841.92740196935,19.826329662646394
Qwen3-Next-80B-A3B,10000,876,0.24576,0.0022443835616438356,0.09916510183446482,transmit,100841.92740196935,19.826329662646394
Qwen3-Next-80B-A3B,10000,881,0.24576,0.002231645856980704,0.09916510183446482,transmit,100841.92740196935,19.826329662646394
Qwen3-Next-80B-A3B,10000,886,0.24576,0.0022190519187358917,0.09916510183446482,transmit,100841.92740196935,19.826329662646394
Qwen3-Next-80B-A3B,10000,891,0.24576,0.0022065993265993266,0.09916510183446482,transmit,100841.92740196935,19.826329662646394
Qwen3-Next-80B-A3B,10000,896,0.24576,0.002194285714285714,0.09916510183446482,transmit,100841.92740196935,19.826329662646394
Qwen3-Next-80B-A3B,10000,901,0.24576,0.002182108768035516,0.09916510183446482,transmit,100841.92740196935,19.826329662646394
Qwen3-Next-80B-A3B,10000,906,0.24576,0.002170066225165563,0.09916510183446482,transmit,100841.92740196935,19.826329662646394
Qwen3-Next-80B-A3B,10000,911,0.24576,0.0021581558726673986,0.09916510183446482,transmit,100841.92740196935,19.826329662646394
Qwen3-Next-80B-A3B,10000,916,0.24576,0.0021463755458515283,0.09916510183446482,transmit,100841.92740196935,19.826329662646394
Qwen3-Next-80B-A3B,10000,921,0.24576,0.0021347231270358305,0.09916510183446482,transmit,100841.92740196935,19.826329662646394
Qwen3-Next-80B-A3B,10000,926,0.24576,0.002123196544276458,0.09916510183446482,transmit,100841.92740196935,19.826329662646394
Qwen3-Next-80B-A3B,10000,931,0.24576,0.0021117937701396346,0.09916510183446482,transmit,100841.92740196935,19.826329662646394
Qwen3-Next-80B-A3B,10000,936,0.24576,0.0021005128205128206,0.09916510183446482,transmit,100841.92740196935,19.826329662646394
Qwen3-Next-80B-A3B,10000,941,0.24576,0.0020893517534537726,0.09916510183446482,transmit,100841.92740196935,19.826329662646394
Qwen3-Next-80B-A3B,10000,946,0.24576,0.00207830866807611,0.09916510183446482,transmit,100841.92740196935,19.826329662646394
Qwen3-Next-80B-A3B,10000,951,0.24576,0.0020673817034700314,0.09916510183446482,transmit,100841.92740196935,19.826329662646394
Qwen3-Next-80B-A3B,10000,956,0.24576,0.002056569037656904,0.09916510183446482,transmit,100841.92740196935,19.826329662646394
Qwen3-Next-80B-A3B,10000,961,0.24576,0.002045868886576483,0.09916510183446482,transmit,100841.92740196935,19.826329662646394
Qwen3-Next-80B-A3B,10000,966,0.24576,0.0020352795031055903,0.09916510183446482,transmit,100841.92740196935,19.826329662646394
Qwen3-Next-80B-A3B,10000,971,0.24576,0.002024799176107106,0.09916510183446482,transmit,100841.92740196935,19.826329662646394
Qwen3-Next-80B-A3B,10000,976,0.24576,0.002014426229508197,0.09916510183446482,transmit,100841.92740196935,19.826329662646394
Qwen3-Next-80B-A3B,10000,981,0.24576,0.0020041590214067277,0.09916510183446482,transmit,100841.92740196935,19.826329662646394
Qwen3-Next-80B-A3B,10000,986,0.24576,0.001993995943204868,0.09916510183446482,transmit,100841.92740196935,19.826329662646394
Qwen3-Next-80B-A3B,10000,991,0.24576,0.00198393541876892,0.09916510183446482,transmit,100841.92740196935,19.826329662646394
Qwen3-Next-80B-A3B,10000,996,0.24576,0.0019739759036144578,0.09916510183446482,transmit,100841.92740196935,19.826329662646394
Qwen3-Next-80B-A3B,100000,1,2.4576,19.6608,0.9916510183446483,replay,100841.92740196935,19.826329662646394
Qwen3-Next-80B-A3B,100000,6,2.4576,3.2768,0.9916510183446483,replay,100841.92740196935,19.826329662646394
Qwen3-Next-80B-A3B,100000,11,2.4576,1.7873454545454546,0.9916510183446483,replay,100841.92740196935,19.826329662646394
Qwen3-Next-80B-A3B,100000,16,2.4576,1.2288,0.9916510183446483,replay,100841.92740196935,19.826329662646394
Qwen3-Next-80B-A3B,100000,21,2.4576,0.9362285714285714,0.9916510183446483,transmit,100841.92740196935,19.826329662646394
Qwen3-Next-80B-A3B,100000,26,2.4576,0.7561846153846153,0.9916510183446483,transmit,100841.92740196935,19.826329662646394
Qwen3-Next-80B-A3B,100000,31,2.4576,0.6342193548387097,0.9916510183446483,transmit,100841.92740196935,19.826329662646394
Qwen3-Next-80B-A3B,100000,36,2.4576,0.5461333333333334,0.9916510183446483,transmit,100841.92740196935,19.826329662646394
Qwen3-Next-80B-A3B,100000,41,2.4576,0.4795317073170732,0.9916510183446483,transmit,100841.92740196935,19.826329662646394
Qwen3-Next-80B-A3B,100000,46,2.4576,0.42740869565217393,0.9916510183446483,transmit,100841.92740196935,19.826329662646394
Qwen3-Next-80B-A3B,100000,51,2.4576,0.3855058823529412,0.9916510183446483,transmit,100841.92740196935,19.826329662646394
Qwen3-Next-80B-A3B,100000,56,2.4576,0.3510857142857143,0.9916510183446483,transmit,100841.92740196935,19.826329662646394
Qwen3-Next-80B-A3B,100000,61,2.4576,0.3223081967213115,0.9916510183446483,transmit,100841.92740196935,19.826329662646394
Qwen3-Next-80B-A3B,100000,66,2.4576,0.2978909090909091,0.9916510183446483,transmit,100841.92740196935,19.826329662646394
Qwen3-Next-80B-A3B,100000,71,2.4576,0.276912676056338,0.9916510183446483,transmit,100841.92740196935,19.826329662646394
Qwen3-Next-80B-A3B,100000,76,2.4576,0.25869473684210526,0.9916510183446483,transmit,100841.92740196935,19.826329662646394
Qwen3-Next-80B-A3B,100000,81,2.4576,0.24272592592592593,0.9916510183446483,transmit,100841.92740196935,19.826329662646394
Qwen3-Next-80B-A3B,100000,86,2.4576,0.2286139534883721,0.9916510183446483,transmit,100841.92740196935,19.826329662646394
Qwen3-Next-80B-A3B,100000,91,2.4576,0.21605274725274726,0.9916510183446483,transmit,100841.92740196935,19.826329662646394
Qwen3-Next-80B-A3B,100000,96,2.4576,0.2048,0.9916510183446483,transmit,100841.92740196935,19.826329662646394
Qwen3-Next-80B-A3B,100000,101,2.4576,0.19466138613861386,0.9916510183446483,transmit,100841.92740196935,19.826329662646394
Qwen3-Next-80B-A3B,100000,106,2.4576,0.18547924528301887,0.9916510183446483,transmit,100841.92740196935,19.826329662646394
Qwen3-Next-80B-A3B,100000,111,2.4576,0.17712432432432432,0.9916510183446483,transmit,100841.92740196935,19.826329662646394
Qwen3-Next-80B-A3B,100000,116,2.4576,0.1694896551724138,0.9916510183446483,transmit,100841.92740196935,19.826329662646394
Qwen3-Next-80B-A3B,100000,121,2.4576,0.16248595041322314,0.9916510183446483,transmit,100841.92740196935,19.826329662646394
Qwen3-Next-80B-A3B,100000,126,2.4576,0.15603809523809523,0.9916510183446483,transmit,100841.92740196935,19.826329662646394
Qwen3-Next-80B-A3B,100000,131,2.4576,0.1500824427480916,0.9916510183446483,transmit,100841.92740196935,19.826329662646394
Qwen3-Next-80B-A3B,100000,136,2.4576,0.14456470588235293,0.9916510183446483,transmit,100841.92740196935,19.826329662646394
Qwen3-Next-80B-A3B,100000,141,2.4576,0.13943829787234044,0.9916510183446483,transmit,100841.92740196935,19.826329662646394
Qwen3-Next-80B-A3B,100000,146,2.4576,0.13466301369863012,0.9916510183446483,transmit,100841.92740196935,19.826329662646394
Qwen3-Next-80B-A3B,100000,151,2.4576,0.13020397350993376,0.9916510183446483,transmit,100841.92740196935,19.826329662646394
Qwen3-Next-80B-A3B,100000,156,2.4576,0.12603076923076922,0.9916510183446483,transmit,100841.92740196935,19.826329662646394
Qwen3-Next-80B-A3B,100000,161,2.4576,0.1221167701863354,0.9916510183446483,transmit,100841.92740196935,19.826329662646394
Qwen3-Next-80B-A3B,100000,166,2.4576,0.11843855421686747,0.9916510183446483,transmit,100841.92740196935,19.826329662646394
Qwen3-Next-80B-A3B,100000,171,2.4576,0.11497543859649123,0.9916510183446483,transmit,100841.92740196935,19.826329662646394
Qwen3-Next-80B-A3B,100000,176,2.4576,0.11170909090909091,0.9916510183446483,transmit,100841.92740196935,19.826329662646394
Qwen3-Next-80B-A3B,100000,181,2.4576,0.1086232044198895,0.9916510183446483,transmit,100841.92740196935,19.826329662646394
Qwen3-Next-80B-A3B,100000,186,2.4576,0.10570322580645161,0.9916510183446483,transmit,100841.92740196935,19.826329662646394
Qwen3-Next-80B-A3B,100000,191,2.4576,0.10293612565445026,0.9916510183446483,transmit,100841.92740196935,19.826329662646394
Qwen3-Next-80B-A3B,100000,196,2.4576,0.10031020408163266,0.9916510183446483,transmit,100841.92740196935,19.826329662646394
Qwen3-Next-80B-A3B,100000,201,2.4576,0.09781492537313433,0.9916510183446483,transmit,100841.92740196935,19.826329662646394
Qwen3-Next-80B-A3B,100000,206,2.4576,0.09544077669902913,0.9916510183446483,transmit,100841.92740196935,19.826329662646394
Qwen3-Next-80B-A3B,100000,211,2.4576,0.09317914691943129,0.9916510183446483,transmit,100841.92740196935,19.826329662646394
Qwen3-Next-80B-A3B,100000,216,2.4576,0.09102222222222223,0.9916510183446483,transmit,100841.92740196935,19.826329662646394
Qwen3-Next-80B-A3B,100000,221,2.4576,0.08896289592760181,0.9916510183446483,transmit,100841.92740196935,19.826329662646394
Qwen3-Next-80B-A3B,100000,226,2.4576,0.08699469026548673,0.9916510183446483,transmit,100841.92740196935,19.826329662646394
Qwen3-Next-80B-A3B,100000,231,2.4576,0.0851116883116883,0.9916510183446483,transmit,100841.92740196935,19.826329662646394
Qwen3-Next-80B-A3B,100000,236,2.4576,0.08330847457627119,0.9916510183446483,transmit,100841.92740196935,19.826329662646394
Qwen3-Next-80B-A3B,100000,241,2.4576,0.08158008298755187,0.9916510183446483,transmit,100841.92740196935,19.826329662646394
Qwen3-Next-80B-A3B,100000,246,2.4576,0.07992195121951219,0.9916510183446483,transmit,100841.92740196935,19.826329662646394
Qwen3-Next-80B-A3B,100000,251,2.4576,0.07832988047808764,0.9916510183446483,transmit,100841.92740196935,19.826329662646394
Qwen3-Next-80B-A3B,100000,256,2.4576,0.0768,0.9916510183446483,transmit,100841.92740196935,19.826329662646394
Qwen3-Next-80B-A3B,100000,261,2.4576,0.07532873563218391,0.9916510183446483,transmit,100841.92740196935,19.826329662646394
Qwen3-Next-80B-A3B,100000,266,2.4576,0.07391278195488722,0.9916510183446483,transmit,100841.92740196935,19.826329662646394
Qwen3-Next-80B-A3B,100000,271,2.4576,0.07254907749077491,0.9916510183446483,transmit,100841.92740196935,19.826329662646394
Qwen3-Next-80B-A3B,100000,276,2.4576,0.07123478260869565,0.9916510183446483,transmit,100841.92740196935,19.826329662646394
Qwen3-Next-80B-A3B,100000,281,2.4576,0.06996725978647687,0.9916510183446483,transmit,100841.92740196935,19.826329662646394
Qwen3-Next-80B-A3B,100000,286,2.4576,0.06874405594405594,0.9916510183446483,transmit,100841.92740196935,19.826329662646394
Qwen3-Next-80B-A3B,100000,291,2.4576,0.06756288659793815,0.9916510183446483,transmit,100841.92740196935,19.826329662646394
Qwen3-Next-80B-A3B,100000,296,2.4576,0.06642162162162162,0.9916510183446483,transmit,100841.92740196935,19.826329662646394
Qwen3-Next-80B-A3B,100000,301,2.4576,0.06531827242524917,0.9916510183446483,transmit,100841.92740196935,19.826329662646394
Qwen3-Next-80B-A3B,100000,306,2.4576,0.06425098039215686,0.9916510183446483,transmit,100841.92740196935,19.826329662646394
Qwen3-Next-80B-A3B,100000,311,2.4576,0.06321800643086817,0.9916510183446483,transmit,100841.92740196935,19.826329662646394
Qwen3-Next-80B-A3B,100000,316,2.4576,0.06221772151898734,0.9916510183446483,transmit,100841.92740196935,19.826329662646394
Qwen3-Next-80B-A3B,100000,321,2.4576,0.061248598130841124,0.9916510183446483,transmit,100841.92740196935,19.826329662646394
Qwen3-Next-80B-A3B,100000,326,2.4576,0.06030920245398773,0.9916510183446483,transmit,100841.92740196935,19.826329662646394
Qwen3-Next-80B-A3B,100000,331,2.4576,0.05939818731117825,0.9916510183446483,transmit,100841.92740196935,19.826329662646394
Qwen3-Next-80B-A3B,100000,336,2.4576,0.05851428571428571,0.9916510183446483,transmit,100841.92740196935,19.826329662646394
Qwen3-Next-80B-A3B,100000,341,2.4576,0.05765630498533724,0.9916510183446483,transmit,100841.92740196935,19.826329662646394
Qwen3-Next-80B-A3B,100000,346,2.4576,0.05682312138728324,0.9916510183446483,transmit,100841.92740196935,19.826329662646394
Qwen3-Next-80B-A3B,100000,351,2.4576,0.056013675213675215,0.9916510183446483,transmit,100841.92740196935,19.826329662646394
Qwen3-Next-80B-A3B,100000,356,2.4576,0.05522696629213483,0.9916510183446483,transmit,100841.92740196935,19.826329662646394
Qwen3-Next-80B-A3B,100000,361,2.4576,0.054462049861495845,0.9916510183446483,transmit,100841.92740196935,19.826329662646394
Qwen3-Next-80B-A3B,100000,366,2.4576,0.05371803278688524,0.9916510183446483,transmit,100841.92740196935,19.826329662646394
Qwen3-Next-80B-A3B,100000,371,2.4576,0.052994070080862536,0.9916510183446483,transmit,100841.92740196935,19.826329662646394
Qwen3-Next-80B-A3B,100000,376,2.4576,0.05228936170212766,0.9916510183446483,transmit,100841.92740196935,19.826329662646394
Qwen3-Next-80B-A3B,100000,381,2.4576,0.05160314960629921,0.9916510183446483,transmit,100841.92740196935,19.826329662646394
Qwen3-Next-80B-A3B,100000,386,2.4576,0.050934715025906734,0.9916510183446483,transmit,100841.92740196935,19.826329662646394
Qwen3-Next-80B-A3B,100000,391,2.4576,0.050283375959079286,0.9916510183446483,transmit,100841.92740196935,19.826329662646394
Qwen3-Next-80B-A3B,100000,396,2.4576,0.04964848484848485,0.9916510183446483,transmit,100841.92740196935,19.826329662646394
Qwen3-Next-80B-A3B,100000,401,2.4576,0.04902942643391521,0.9916510183446483,transmit,100841.92740196935,19.826329662646394
Qwen3-Next-80B-A3B,100000,406,2.4576,0.0484256157635468,0.9916510183446483,transmit,100841.92740196935,19.826329662646394
Qwen3-Next-80B-A3B,100000,411,2.4576,0.047836496350364965,0.9916510183446483,transmit,100841.92740196935,19.826329662646394
Qwen3-Next-80B-A3B,100000,416,2.4576,0.04726153846153846,0.9916510183446483,transmit,100841.92740196935,19.826329662646394
Qwen3-Next-80B-A3B,100000,421,2.4576,0.04670023752969121,0.9916510183446483,transmit,100841.92740196935,19.826329662646394
Qwen3-Next-80B-A3B,100000,426,2.4576,0.04615211267605634,0.9916510183446483,transmit,100841.92740196935,19.826329662646394
Qwen3-Next-80B-A3B,100000,431,2.4576,0.045616705336426915,0.9916510183446483,transmit,100841.92740196935,19.826329662646394
Qwen3-Next-80B-A3B,100000,436,2.4576,0.045093577981651374,0.9916510183446483,transmit,100841.92740196935,19.826329662646394
Qwen3-Next-80B-A3B,100000,441,2.4576,0.04458231292517007,0.9916510183446483,transmit,100841.92740196935,19.826329662646394
Qwen3-Next-80B-A3B,100000,446,2.4576,0.04408251121076233,0.9916510183446483,transmit,100841.92740196935,19.826329662646394
Qwen3-Next-80B-A3B,100000,451,2.4576,0.04359379157427938,0.9916510183446483,transmit,100841.92740196935,19.826329662646394
Qwen3-Next-80B-A3B,100000,456,2.4576,0.04311578947368421,0.9916510183446483,transmit,100841.92740196935,19.826329662646394
Qwen3-Next-80B-A3B,100000,461,2.4576,0.04264815618221258,0.9916510183446483,transmit,100841.92740196935,19.826329662646394
Qwen3-Next-80B-A3B,100000,466,2.4576,0.042190557939914164,0.9916510183446483,transmit,100841.92740196935,19.826329662646394
Qwen3-Next-80B-A3B,100000,471,2.4576,0.041742675159235666,0.9916510183446483,transmit,100841.92740196935,19.826329662646394
Qwen3-Next-80B-A3B,100000,476,2.4576,0.04130420168067227,0.9916510183446483,transmit,100841.92740196935,19.826329662646394
Qwen3-Next-80B-A3B,100000,481,2.4576,0.040874844074844076,0.9916510183446483,transmit,100841.92740196935,19.826329662646394
Qwen3-Next-80B-A3B,100000,486,2.4576,0.04045432098765432,0.9916510183446483,transmit,100841.92740196935,19.826329662646394
Qwen3-Next-80B-A3B,100000,491,2.4576,0.04004236252545825,0.9916510183446483,transmit,100841.92740196935,19.826329662646394
Qwen3-Next-80B-A3B,100000,496,2.4576,0.03963870967741936,0.9916510183446483,transmit,100841.92740196935,19.826329662646394
Qwen3-Next-80B-A3B,100000,501,2.4576,0.03924311377245509,0.9916510183446483,transmit,100841.92740196935,19.826329662646394
Qwen3-Next-80B-A3B,100000,506,2.4576,0.038855335968379444,0.9916510183446483,transmit,100841.92740196935,19.826329662646394
Qwen3-Next-80B-A3B,100000,511,2.4576,0.03847514677103718,0.9916510183446483,transmit,100841.92740196935,19.826329662646394
Qwen3-Next-80B-A3B,100000,516,2.4576,0.03810232558139535,0.9916510183446483,transmit,100841.92740196935,19.826329662646394
Qwen3-Next-80B-A3B,100000,521,2.4576,0.037736660268714015,0.9916510183446483,transmit,100841.92740196935,19.826329662646394
Qwen3-Next-80B-A3B,100000,526,2.4576,0.03737794676806084,0.9916510183446483,transmit,100841.92740196935,19.826329662646394
Qwen3-Next-80B-A3B,100000,531,2.4576,0.03702598870056497,0.9916510183446483,transmit,100841.92740196935,19.826329662646394
Qwen3-Next-80B-A3B,100000,536,2.4576,0.036680597014925376,0.9916510183446483,transmit,100841.92740196935,19.826329662646394
Qwen3-Next-80B-A3B,100000,541,2.4576,0.03634158964879852,0.9916510183446483,transmit,100841.92740196935,19.826329662646394
Qwen3-Next-80B-A3B,100000,546,2.4576,0.03600879120879121,0.9916510183446483,transmit,100841.92740196935,19.826329662646394
Qwen3-Next-80B-A3B,100000,551,2.4576,0.03568203266787659,0.9916510183446483,transmit,100841.92740196935,19.826329662646394
Qwen3-Next-80B-A3B,100000,556,2.4576,0.03536115107913669,0.9916510183446483,transmit,100841.92740196935,19.826329662646394
Qwen3-Next-80B-A3B,100000,561,2.4576,0.035045989304812834,0.9916510183446483,transmit,100841.92740196935,19.826329662646394
Qwen3-Next-80B-A3B,100000,566,2.4576,0.03473639575971731,0.9916510183446483,transmit,100841.92740196935,19.826329662646394
Qwen3-Next-80B-A3B,100000,571,2.4576,0.034432224168126094,0.9916510183446483,transmit,100841.92740196935,19.826329662646394
Qwen3-Next-80B-A3B,100000,576,2.4576,0.034133333333333335,0.9916510183446483,transmit,100841.92740196935,19.826329662646394
Qwen3-Next-80B-A3B,100000,581,2.4576,0.03383958691910499,0.9916510183446483,transmit,100841.92740196935,19.826329662646394
Qwen3-Next-80B-A3B,100000,586,2.4576,0.03355085324232082,0.9916510183446483,transmit,100841.92740196935,19.826329662646394
Qwen3-Next-80B-A3B,100000,591,2.4576,0.03326700507614213,0.9916510183446483,transmit,100841.92740196935,19.826329662646394
Qwen3-Next-80B-A3B,100000,596,2.4576,0.03298791946308725,0.9916510183446483,transmit,100841.92740196935,19.826329662646394
Qwen3-Next-80B-A3B,100000,601,2.4576,0.032713477537437606,0.9916510183446483,transmit,100841.92740196935,19.826329662646394
Qwen3-Next-80B-A3B,100000,606,2.4576,0.032443564356435646,0.9916510183446483,transmit,100841.92740196935,19.826329662646394
Qwen3-Next-80B-A3B,100000,611,2.4576,0.03217806873977087,0.9916510183446483,transmit,100841.92740196935,19.826329662646394
Qwen3-Next-80B-A3B,100000,616,2.4576,0.031916883116883114,0.9916510183446483,transmit,100841.92740196935,19.826329662646394
Qwen3-Next-80B-A3B,100000,621,2.4576,0.03165990338164251,0.9916510183446483,transmit,100841.92740196935,19.826329662646394
Qwen3-Next-80B-A3B,100000,626,2.4576,0.03140702875399361,0.9916510183446483,transmit,100841.92740196935,19.826329662646394
Qwen3-Next-80B-A3B,100000,631,2.4576,0.031158161648177495,0.9916510183446483,transmit,100841.92740196935,19.826329662646394
Qwen3-Next-80B-A3B,100000,636,2.4576,0.03091320754716981,0.9916510183446483,transmit,100841.92740196935,19.826329662646394
Qwen3-Next-80B-A3B,100000,641,2.4576,0.03067207488299532,0.9916510183446483,transmit,100841.92740196935,19.826329662646394
Qwen3-Next-80B-A3B,100000,646,2.4576,0.03043467492260062,0.9916510183446483,transmit,100841.92740196935,19.826329662646394
Qwen3-Next-80B-A3B,100000,651,2.4576,0.030200921658986177,0.9916510183446483,transmit,100841.92740196935,19.826329662646394
Qwen3-Next-80B-A3B,100000,656,2.4576,0.029970731707317073,0.9916510183446483,transmit,100841.92740196935,19.826329662646394
Qwen3-Next-80B-A3B,100000,661,2.4576,0.029744024205748867,0.9916510183446483,transmit,100841.92740196935,19.826329662646394
Qwen3-Next-80B-A3B,100000,666,2.4576,0.02952072072072072,0.9916510183446483,transmit,100841.92740196935,19.826329662646394
Qwen3-Next-80B-A3B,100000,671,2.4576,0.02930074515648286,0.9916510183446483,transmit,100841.92740196935,19.826329662646394
Qwen3-Next-80B-A3B,100000,676,2.4576,0.029084023668639054,0.9916510183446483,transmit,100841.92740196935,19.826329662646394
Qwen3-Next-80B-A3B,100000,681,2.4576,0.028870484581497796,0.9916510183446483,transmit,100841.92740196935,19.826329662646394
Qwen3-Next-80B-A3B,100000,686,2.4576,0.0286600583090379,0.9916510183446483,transmit,100841.92740196935,19.826329662646394
Qwen3-Next-80B-A3B,100000,691,2.4576,0.028452677279305356,0.9916510183446483,transmit,100841.92740196935,19.826329662646394
Qwen3-Next-80B-A3B,100000,696,2.4576,0.028248275862068965,0.9916510183446483,transmit,100841.92740196935,19.826329662646394
Qwen3-Next-80B-A3B,100000,701,2.4576,0.02804679029957204,0.9916510183446483,transmit,100841.92740196935,19.826329662646394
Qwen3-Next-80B-A3B,100000,706,2.4576,0.02784815864022663,0.9916510183446483,transmit,100841.92740196935,19.826329662646394
Qwen3-Next-80B-A3B,100000,711,2.4576,0.027652320675105486,0.9916510183446483,transmit,100841.92740196935,19.826329662646394
Qwen3-Next-80B-A3B,100000,716,2.4576,0.02745921787709497,0.9916510183446483,transmit,100841.92740196935,19.826329662646394
Qwen3-Next-80B-A3B,100000,721,2.4576,0.02726879334257975,0.9916510183446483,transmit,100841.92740196935,19.826329662646394
Qwen3-Next-80B-A3B,100000,726,2.4576,0.02708099173553719,0.9916510183446483,transmit,100841.92740196935,19.826329662646394
Qwen3-Next-80B-A3B,100000,731,2.4576,0.02689575923392613,0.9916510183446483,transmit,100841.92740196935,19.826329662646394
Qwen3-Next-80B-A3B,100000,736,2.4576,0.02671304347826087,0.9916510183446483,transmit,100841.92740196935,19.826329662646394
Qwen3-Next-80B-A3B,100000,741,2.4576,0.026532793522267208,0.9916510183446483,transmit,100841.92740196935,19.826329662646394
Qwen3-Next-80B-A3B,100000,746,2.4576,0.02635495978552279,0.9916510183446483,transmit,100841.92740196935,19.826329662646394
Qwen3-Next-80B-A3B,100000,751,2.4576,0.026179494007989346,0.9916510183446483,transmit,100841.92740196935,19.826329662646394
Qwen3-Next-80B-A3B,100000,756,2.4576,0.026006349206349207,0.9916510183446483,transmit,100841.92740196935,19.826329662646394
Qwen3-Next-80B-A3B,100000,761,2.4576,0.025835479632063073,0.9916510183446483,transmit,100841.92740196935,19.826329662646394
Qwen3-Next-80B-A3B,100000,766,2.4576,0.025666840731070496,0.9916510183446483,transmit,100841.92740196935,19.826329662646394
Qwen3-Next-80B-A3B,100000,771,2.4576,0.025500389105058367,0.9916510183446483,transmit,100841.92740196935,19.826329662646394
Qwen3-Next-80B-A3B,100000,776,2.4576,0.025336082474226803,0.9916510183446483,transmit,100841.92740196935,19.826329662646394
Qwen3-Next-80B-A3B,100000,781,2.4576,0.025173879641485274,0.9916510183446483,transmit,100841.92740196935,19.826329662646394
Qwen3-Next-80B-A3B,100000,786,2.4576,0.025013740458015268,0.9916510183446483,transmit,100841.92740196935,19.826329662646394
Qwen3-Next-80B-A3B,100000,791,2.4576,0.024855625790139065,0.9916510183446483,transmit,100841.92740196935,19.826329662646394
Qwen3-Next-80B-A3B,100000,796,2.4576,0.024699497487437185,0.9916510183446483,transmit,100841.92740196935,19.826329662646394
Qwen3-Next-80B-A3B,100000,801,2.4576,0.024545318352059926,0.9916510183446483,transmit,100841.92740196935,19.826329662646394
Qwen3-Next-80B-A3B,100000,806,2.4576,0.02439305210918114,0.9916510183446483,transmit,100841.92740196935,19.826329662646394
Qwen3-Next-80B-A3B,100000,811,2.4576,0.024242663378545005,0.9916510183446483,transmit,100841.92740196935,19.826329662646394
Qwen3-Next-80B-A3B,100000,816,2.4576,0.024094117647058825,0.9916510183446483,transmit,100841.92740196935,19.826329662646394
Qwen3-Next-80B-A3B,100000,821,2.4576,0.023947381242387333,0.9916510183446483,transmit,100841.92740196935,19.826329662646394
Qwen3-Next-80B-A3B,100000,826,2.4576,0.023802421307506053,0.9916510183446483,transmit,100841.92740196935,19.826329662646394
Qwen3-Next-80B-A3B,100000,831,2.4576,0.023659205776173284,0.9916510183446483,transmit,100841.92740196935,19.826329662646394
Qwen3-Next-80B-A3B,100000,836,2.4576,0.023517703349282295,0.9916510183446483,transmit,100841.92740196935,19.826329662646394
Qwen3-Next-80B-A3B,100000,841,2.4576,0.023377883472057076,0.9916510183446483,transmit,100841.92740196935,19.826329662646394
Qwen3-Next-80B-A3B,100000,846,2.4576,0.02323971631205674,0.9916510183446483,transmit,100841.92740196935,19.826329662646394
Qwen3-Next-80B-A3B,100000,851,2.4576,0.023103172737955348,0.9916510183446483,transmit,100841.92740196935,19.826329662646394
Qwen3-Next-80B-A3B,100000,856,2.4576,0.02296822429906542,0.9916510183446483,transmit,100841.92740196935,19.826329662646394
Qwen3-Next-80B-A3B,100000,861,2.4576,0.022834843205574912,0.9916510183446483,transmit,100841.92740196935,19.826329662646394
Qwen3-Next-80B-A3B,100000,866,2.4576,0.022703002309468822,0.9916510183446483,transmit,100841.92740196935,19.826329662646394
Qwen3-Next-80B-A3B,100000,871,2.4576,0.022572675086107923,0.9916510183446483,transmit,100841.92740196935,19.826329662646394
Qwen3-Next-80B-A3B,100000,876,2.4576,0.022443835616438357,0.9916510183446483,transmit,100841.92740196935,19.826329662646394
Qwen3-Next-80B-A3B,100000,881,2.4576,0.02231645856980704,0.9916510183446483,transmit,100841.92740196935,19.826329662646394
Qwen3-Next-80B-A3B,100000,886,2.4576,0.022190519187358915,0.9916510183446483,transmit,100841.92740196935,19.826329662646394
Qwen3-Next-80B-A3B,100000,891,2.4576,0.022065993265993265,0.9916510183446483,transmit,100841.92740196935,19.826329662646394
Qwen3-Next-80B-A3B,100000,896,2.4576,0.021942857142857142,0.9916510183446483,transmit,100841.92740196935,19.826329662646394
Qwen3-Next-80B-A3B,100000,901,2.4576,0.02182108768035516,0.9916510183446483,transmit,100841.92740196935,19.826329662646394
Qwen3-Next-80B-A3B,100000,906,2.4576,0.02170066225165563,0.9916510183446483,transmit,100841.92740196935,19.826329662646394
Qwen3-Next-80B-A3B,100000,911,2.4576,0.021581558726673986,0.9916510183446483,transmit,100841.92740196935,19.826329662646394
Qwen3-Next-80B-A3B,100000,916,2.4576,0.021463755458515282,0.9916510183446483,transmit,100841.92740196935,19.826329662646394
Qwen3-Next-80B-A3B,100000,921,2.4576,0.021347231270358306,0.9916510183446483,transmit,100841.92740196935,19.826329662646394
Qwen3-Next-80B-A3B,100000,926,2.4576,0.02123196544276458,0.9916510183446483,transmit,100841.92740196935,19.826329662646394
Qwen3-Next-80B-A3B,100000,931,2.4576,0.021117937701396347,0.9916510183446483,transmit,100841.92740196935,19.826329662646394
Qwen3-Next-80B-A3B,100000,936,2.4576,0.021005128205128204,0.9916510183446483,transmit,100841.92740196935,19.826329662646394
Qwen3-Next-80B-A3B,100000,941,2.4576,0.020893517534537727,0.9916510183446483,transmit,100841.92740196935,19.826329662646394
Qwen3-Next-80B-A3B,100000,946,2.4576,0.0207830866807611,0.9916510183446483,transmit,100841.92740196935,19.826329662646394
Qwen3-Next-80B-A3B,100000,951,2.4576,0.020673817034700316,0.9916510183446483,transmit,100841.92740196935,19.826329662646394
Qwen3-Next-80B-A3B,100000,956,2.4576,0.020565690376569037,0.9916510183446483,transmit,100841.92740196935,19.826329662646394
Qwen3-Next-80B-A3B,100000,961,2.4576,0.020458688865764827,0.9916510183446483,transmit,100841.92740196935,19.826329662646394
Qwen3-Next-80B-A3B,100000,966,2.4576,0.0203527950310559,0.9916510183446483,transmit,100841.92740196935,19.826329662646394
Qwen3-Next-80B-A3B,100000,971,2.4576,0.02024799176107106,0.9916510183446483,transmit,100841.92740196935,19.826329662646394
Qwen3-Next-80B-A3B,100000,976,2.4576,0.02014426229508197,0.9916510183446483,transmit,100841.92740196935,19.826329662646394
Qwen3-Next-80B-A3B,100000,981,2.4576,0.02004159021406728,0.9916510183446483,transmit,100841.92740196935,19.826329662646394
Qwen3-Next-80B-A3B,100000,986,2.4576,0.01993995943204868,0.9916510183446483,transmit,100841.92740196935,19.826329662646394
Qwen3-Next-80B-A3B,100000,991,2.4576,0.019839354187689204,0.9916510183446483,transmit,100841.92740196935,19.826329662646394
Qwen3-Next-80B-A3B,100000,996,2.4576,0.01973975903614458,0.9916510183446483,transmit,100841.92740196935,19.826329662646394
Qwen3-Next-80B-A3B,1000000,1,24.576,196.608,9.916510183446482,replay,100841.92740196935,19.826329662646394
Qwen3-Next-80B-A3B,1000000,6,24.576,32.768,9.916510183446482,replay,100841.92740196935,19.826329662646394
Qwen3-Next-80B-A3B,1000000,11,24.576,17.873454545454546,9.916510183446482,replay,100841.92740196935,19.826329662646394
Qwen3-Next-80B-A3B,1000000,16,24.576,12.288,9.916510183446482,replay,100841.92740196935,19.826329662646394
Qwen3-Next-80B-A3B,1000000,21,24.576,9.362285714285715,9.916510183446482,transmit,100841.92740196935,19.826329662646394
Qwen3-Next-80B-A3B,1000000,26,24.576,7.561846153846154,9.916510183446482,transmit,100841.92740196935,19.826329662646394
Qwen3-Next-80B-A3B,1000000,31,24.576,6.342193548387097,9.916510183446482,transmit,100841.92740196935,19.826329662646394
Qwen3-Next-80B-A3B,1000000,36,24.576,5.461333333333333,9.916510183446482,transmit,100841.92740196935,19.826329662646394
Qwen3-Next-80B-A3B,1000000,41,24.576,4.7953170731707315,9.916510183446482,transmit,100841.92740196935,19.826329662646394
Qwen3-Next-80B-A3B,1000000,46,24.576,4.274086956521739,9.916510183446482,transmit,100841.92740196935,19.826329662646394
Qwen3-Next-80B-A3B,1000000,51,24.576,3.855058823529412,9.916510183446482,transmit,100841.92740196935,19.826329662646394
Qwen3-Next-80B-A3B,1000000,56,24.576,3.5108571428571427,9.916510183446482,transmit,100841.92740196935,19.826329662646394
Qwen3-Next-80B-A3B,1000000,61,24.576,3.2230819672131146,9.916510183446482,transmit,100841.92740196935,19.826329662646394
Qwen3-Next-80B-A3B,1000000,66,24.576,2.9789090909090907,9.916510183446482,transmit,100841.92740196935,19.826329662646394
Qwen3-Next-80B-A3B,1000000,71,24.576,2.7691267605633803,9.916510183446482,transmit,100841.92740196935,19.826329662646394
Qwen3-Next-80B-A3B,1000000,76,24.576,2.5869473684210527,9.916510183446482,transmit,100841.92740196935,19.826329662646394
Qwen3-Next-80B-A3B,1000000,81,24.576,2.4272592592592592,9.916510183446482,transmit,100841.92740196935,19.826329662646394
Qwen3-Next-80B-A3B,1000000,86,24.576,2.286139534883721,9.916510183446482,transmit,100841.92740196935,19.826329662646394
Qwen3-Next-80B-A3B,1000000,91,24.576,2.1605274725274723,9.916510183446482,transmit,100841.92740196935,19.826329662646394
Qwen3-Next-80B-A3B,1000000,96,24.576,2.048,9.916510183446482,transmit,100841.92740196935,19.826329662646394
Qwen3-Next-80B-A3B,1000000,101,24.576,1.9466138613861386,9.916510183446482,transmit,100841.92740196935,19.826329662646394
Qwen3-Next-80B-A3B,1000000,106,24.576,1.8547924528301887,9.916510183446482,transmit,100841.92740196935,19.826329662646394
Qwen3-Next-80B-A3B,1000000,111,24.576,1.7712432432432432,9.916510183446482,transmit,100841.92740196935,19.826329662646394
Qwen3-Next-80B-A3B,1000000,116,24.576,1.694896551724138,9.916510183446482,transmit,100841.92740196935,19.826329662646394
Qwen3-Next-80B-A3B,1000000,121,24.576,1.6248595041322313,9.916510183446482,transmit,100841.92740196935,19.826329662646394
Qwen3-Next-80B-A3B,1000000,126,24.576,1.5603809523809524,9.916510183446482,transmit,100841.92740196935,19.826329662646394
Qwen3-Next-80B-A3B,1000000,131,24.576,1.500824427480916,9.916510183446482,transmit,100841.92740196935,19.826329662646394
Qwen3-Next-80B-A3B,1000000,136,24.576,1.4456470588235295,9.916510183446482,transmit,100841.92740196935,19.826329662646394
Qwen3-Next-80B-A3B,1000000,141,24.576,1.3943829787234043,9.916510183446482,transmit,100841.92740196935,19.826329662646394
Qwen3-Next-80B-A3B,1000000,146,24.576,1.3466301369863014,9.916510183446482,transmit,100841.92740196935,19.826329662646394
Qwen3-Next-80B-A3B,1000000,151,24.576,1.3020397350993378,9.916510183446482,transmit,100841.92740196935,19.826329662646394
Qwen3-Next-80B-A3B,1000000,156,24.576,1.2603076923076924,9.916510183446482,transmit,100841.92740196935,19.826329662646394
Qwen3-Next-80B-A3B,1000000,161,24.576,1.221167701863354,9.916510183446482,transmit,100841.92740196935,19.826329662646394
Qwen3-Next-80B-A3B,1000000,166,24.576,1.1843855421686746,9.916510183446482,transmit,100841.92740196935,19.826329662646394
Qwen3-Next-80B-A3B,1000000,171,24.576,1.1497543859649122,9.916510183446482,transmit,100841.92740196935,19.826329662646394
Qwen3-Next-80B-A3B,1000000,176,24.576,1.1170909090909091,9.916510183446482,transmit,100841.92740196935,19.826329662646394
Qwen3-Next-80B-A3B,1000000,181,24.576,1.086232044198895,9.916510183446482,transmit,100841.92740196935,19.826329662646394
Qwen3-Next-80B-A3B,1000000,186,24.576,1.0570322580645162,9.916510183446482,transmit,100841.92740196935,19.826329662646394
Qwen3-Next-80B-A3B,1000000,191,24.576,1.0293612565445027,9.916510183446482,transmit,100841.92740196935,19.826329662646394
Qwen3-Next-80B-A3B,1000000,196,24.576,1.0031020408163265,9.916510183446482,transmit,100841.92740196935,19.826329662646394
Qwen3-Next-80B-A3B,1000000,201,24.576,0.9781492537313433,9.916510183446482,transmit,100841.92740196935,19.826329662646394
Qwen3-Next-80B-A3B,1000000,206,24.576,0.9544077669902913,9.916510183446482,transmit,100841.92740196935,19.826329662646394
Qwen3-Next-80B-A3B,1000000,211,24.576,0.9317914691943128,9.916510183446482,transmit,100841.92740196935,19.826329662646394
Qwen3-Next-80B-A3B,1000000,216,24.576,0.9102222222222223,9.916510183446482,transmit,100841.92740196935,19.826329662646394
Qwen3-Next-80B-A3B,1000000,221,24.576,0.8896289592760181,9.916510183446482,transmit,100841.92740196935,19.826329662646394
Qwen3-Next-80B-A3B,1000000,226,24.576,0.8699469026548673,9.916510183446482,transmit,100841.92740196935,19.826329662646394
Qwen3-Next-80B-A3B,1000000,231,24.576,0.8511168831168832,9.916510183446482,transmit,100841.92740196935,19.826329662646394
Qwen3-Next-80B-A3B,1000000,236,24.576,0.8330847457627119,9.916510183446482,transmit,100841.92740196935,19.826329662646394
Qwen3-Next-80B-A3B,1000000,241,24.576,0.8158008298755187,9.916510183446482,transmit,100841.92740196935,19.826329662646394
Qwen3-Next-80B-A3B,1000000,246,24.576,0.799219512195122,9.916510183446482,transmit,100841.92740196935,19.826329662646394
Qwen3-Next-80B-A3B,1000000,251,24.576,0.7832988047808765,9.916510183446482,transmit,100841.92740196935,19.826329662646394
Qwen3-Next-80B-A3B,1000000,256,24.576,0.768,9.916510183446482,transmit,100841.92740196935,19.826329662646394
Qwen3-Next-80B-A3B,1000000,261,24.576,0.7532873563218391,9.916510183446482,transmit,100841.92740196935,19.826329662646394
Qwen3-Next-80B-A3B,1000000,266,24.576,0.7391278195488722,9.916510183446482,transmit,100841.92740196935,19.826329662646394
Qwen3-Next-80B-A3B,1000000,271,24.576,0.725490774907749,9.916510183446482,transmit,100841.92740196935,19.826329662646394
Qwen3-Next-80B-A3B,1000000,276,24.576,0.7123478260869566,9.916510183446482,transmit,100841.92740196935,19.826329662646394
Qwen3-Next-80B-A3B,1000000,281,24.576,0.6996725978647687,9.916510183446482,transmit,100841.92740196935,19.826329662646394
Qwen3-Next-80B-A3B,1000000,286,24.576,0.6874405594405595,9.916510183446482,transmit,100841.92740196935,19.826329662646394
Qwen3-Next-80B-A3B,1000000,291,24.576,0.6756288659793814,9.916510183446482,transmit,100841.92740196935,19.826329662646394
Qwen3-Next-80B-A3B,1000000,296,24.576,0.6642162162162162,9.916510183446482,transmit,100841.92740196935,19.826329662646394
Qwen3-Next-80B-A3B,1000000,301,24.576,0.6531827242524917,9.916510183446482,transmit,100841.92740196935,19.826329662646394
Qwen3-Next-80B-A3B,1000000,306,24.576,0.6425098039215686,9.916510183446482,transmit,100841.92740196935,19.826329662646394
Qwen3-Next-80B-A3B,1000000,311,24.576,0.6321800643086817,9.916510183446482,transmit,100841.92740196935,19.826329662646394
Qwen3-Next-80B-A3B,1000000,316,24.576,0.6221772151898735,9.916510183446482,transmit,100841.92740196935,19.826329662646394
Qwen3-Next-80B-A3B,1000000,321,24.576,0.6124859813084113,9.916510183446482,transmit,100841.92740196935,19.826329662646394
Qwen3-Next-80B-A3B,1000000,326,24.576,0.6030920245398773,9.916510183446482,transmit,100841.92740196935,19.826329662646394
Qwen3-Next-80B-A3B,1000000,331,24.576,0.5939818731117825,9.916510183446482,transmit,100841.92740196935,19.826329662646394
Qwen3-Next-80B-A3B,1000000,336,24.576,0.5851428571428572,9.916510183446482,transmit,100841.92740196935,19.826329662646394
Qwen3-Next-80B-A3B,1000000,341,24.576,0.5765630498533725,9.916510183446482,transmit,100841.92740196935,19.826329662646394
Qwen3-Next-80B-A3B,1000000,346,24.576,0.5682312138728324,9.916510183446482,transmit,100841.92740196935,19.826329662646394
Qwen3-Next-80B-A3B,1000000,351,24.576,0.5601367521367522,9.916510183446482,transmit,100841.92740196935,19.826329662646394
Qwen3-Next-80B-A3B,1000000,356,24.576,0.5522696629213483,9.916510183446482,transmit,100841.92740196935,19.826329662646394
Qwen3-Next-80B-A3B,1000000,361,24.576,0.5446204986149584,9.916510183446482,transmit,100841.92740196935,19.826329662646394
Qwen3-Next-80B-A3B,1000000,366,24.576,0.5371803278688525,9.916510183446482,transmit,100841.92740196935,19.826329662646394
Qwen3-Next-80B-A3B,1000000,371,24.576,0.5299407008086253,9.916510183446482,transmit,100841.92740196935,19.826329662646394
Qwen3-Next-80B-A3B,1000000,376,24.576,0.5228936170212766,9.916510183446482,transmit,100841.92740196935,19.826329662646394
Qwen3-Next-80B-A3B,1000000,381,24.576,0.5160314960629921,9.916510183446482,transmit,100841.92740196935,19.826329662646394
Qwen3-Next-80B-A3B,1000000,386,24.576,0.5093471502590674,9.916510183446482,transmit,100841.92740196935,19.826329662646394
Qwen3-Next-80B-A3B,1000000,391,24.576,0.5028337595907928,9.916510183446482,transmit,100841.92740196935,19.826329662646394
Qwen3-Next-80B-A3B,1000000,396,24.576,0.4964848484848485,9.916510183446482,transmit,100841.92740196935,19.826329662646394
Qwen3-Next-80B-A3B,1000000,401,24.576,0.49029426433915213,9.916510183446482,transmit,100841.92740196935,19.826329662646394
Qwen3-Next-80B-A3B,1000000,406,24.576,0.484256157635468,9.916510183446482,transmit,100841.92740196935,19.826329662646394
Qwen3-Next-80B-A3B,1000000,411,24.576,0.47836496350364965,9.916510183446482,transmit,100841.92740196935,19.826329662646394
Qwen3-Next-80B-A3B,1000000,416,24.576,0.4726153846153846,9.916510183446482,transmit,100841.92740196935,19.826329662646394
Qwen3-Next-80B-A3B,1000000,421,24.576,0.46700237529691213,9.916510183446482,transmit,100841.92740196935,19.826329662646394
Qwen3-Next-80B-A3B,1000000,426,24.576,0.4615211267605634,9.916510183446482,transmit,100841.92740196935,19.826329662646394
Qwen3-Next-80B-A3B,1000000,431,24.576,0.45616705336426916,9.916510183446482,transmit,100841.92740196935,19.826329662646394
Qwen3-Next-80B-A3B,1000000,436,24.576,0.4509357798165138,9.916510183446482,transmit,100841.92740196935,19.826329662646394
Qwen3-Next-80B-A3B,1000000,441,24.576,0.4458231292517007,9.916510183446482,transmit,100841.92740196935,19.826329662646394
Qwen3-Next-80B-A3B,1000000,446,24.576,0.4408251121076233,9.916510183446482,transmit,100841.92740196935,19.826329662646394
Qwen3-Next-80B-A3B,1000000,451,24.576,0.4359379157427938,9.916510183446482,transmit,100841.92740196935,19.826329662646394
Qwen3-Next-80B-A3B,1000000,456,24.576,0.43115789473684213,9.916510183446482,transmit,100841.92740196935,19.826329662646394
Qwen3-Next-80B-A3B,1000000,461,24.576,0.4264815618221258,9.916510183446482,transmit,100841.92740196935,19.826329662646394
Qwen3-Next-80B-A3B,1000000,466,24.576,0.42190557939914164,9.916510183446482,transmit,100841.92740196935,19.826329662646394
Qwen3-Next-80B-A3B,1000000,471,24.576,0.4174267515923567,9.916510183446482,transmit,100841.92740196935,19.826329662646394
Qwen3-Next-80B-A3B,1000000,476,24.576,0.4130420168067227,9.916510183446482,transmit,100841.92740196935,19.826329662646394
Qwen3-Next-80B-A3B,1000000,481,24.576,0.40874844074844074,9.916510183446482,transmit,100841.92740196935,19.826329662646394
Qwen3-Next-80B-A3B,1000000,486,24.576,0.4045432098765432,9.916510183446482,transmit,100841.92740196935,19.826329662646394
Qwen3-Next-80B-A3B,1000000,491,24.576,0.40042362525458247,9.916510183446482,transmit,100841.92740196935,19.826329662646394
Qwen3-Next-80B-A3B,1000000,496,24.576,0.39638709677419354,9.916510183446482,transmit,100841.92740196935,19.826329662646394
Qwen3-Next-80B-A3B,1000000,501,24.576,0.3924311377245509,9.916510183446482,transmit,100841.92740196935,19.826329662646394
Qwen3-Next-80B-A3B,1000000,506,24.576,0.38855335968379445,9.916510183446482,transmit,100841.92740196935,19.826329662646394
Qwen3-Next-80B-A3B,1000000,511,24.576,0.38475146771037183,9.916510183446482,transmit,100841.92740196935,19.826329662646394
Qwen3-Next-80B-A3B,1000000,516,24.576,0.38102325581395347,9.916510183446482,transmit,100841.92740196935,19.826329662646394
Qwen3-Next-80B-A3B,1000000,521,24.576,0.3773666026871401,9.916510183446482,transmit,100841.92740196935,19.826329662646394
Qwen3-Next-80B-A3B,1000000,526,24.576,0.3737794676806084,9.916510183446482,transmit,100841.92740196935,19.826329662646394
Qwen3-Next-80B-A3B,1000000,531,24.576,0.3702598870056497,9.916510183446482,transmit,100841.92740196935,19.826329662646394
Qwen3-Next-80B-A3B,1000000,536,24.576,0.36680597014925376,9.916510183446482,transmit,100841.92740196935,19.826329662646394
Qwen3-Next-80B-A3B,1000000,541,24.576,0.3634158964879852,9.916510183446482,transmit,100841.92740196935,19.826329662646394
Qwen3-Next-80B-A3B,1000000,546,24.576,0.3600879120879121,9.916510183446482,transmit,100841.92740196935,19.826329662646394
Qwen3-Next-80B-A3B,1000000,551,24.576,0.3568203266787659,9.916510183446482,transmit,100841.92740196935,19.826329662646394
Qwen3-Next-80B-A3B,1000000,556,24.576,0.35361151079136693,9.916510183446482,transmit,100841.92740196935,19.826329662646394
Qwen3-Next-80B-A3B,1000000,561,24.576,0.35045989304812836,9.916510183446482,transmit,100841.92740196935,19.826329662646394
Qwen3-Next-80B-A3B,1000000,566,24.576,0.34736395759717315,9.916510183446482,transmit,100841.92740196935,19.826329662646394
Qwen3-Next-80B-A3B,1000000,571,24.576,0.34432224168126097,9.916510183446482,transmit,100841.92740196935,19.826329662646394
Qwen3-Next-80B-A3B,1000000,576,24.576,0.3413333333333333,9.916510183446482,transmit,100841.92740196935,19.826329662646394
Qwen3-Next-80B-A3B,1000000,581,24.576,0.3383958691910499,9.916510183446482,transmit,100841.92740196935,19.826329662646394
Qwen3-Next-80B-A3B,1000000,586,24.576,0.3355085324232082,9.916510183446482,transmit,100841.92740196935,19.826329662646394
Qwen3-Next-80B-A3B,1000000,591,24.576,0.3326700507614213,9.916510183446482,transmit,100841.92740196935,19.826329662646394
Qwen3-Next-80B-A3B,1000000,596,24.576,0.3298791946308725,9.916510183446482,transmit,100841.92740196935,19.826329662646394
Qwen3-Next-80B-A3B,1000000,601,24.576,0.327134775374376,9.916510183446482,transmit,100841.92740196935,19.826329662646394
Qwen3-Next-80B-A3B,1000000,606,24.576,0.32443564356435645,9.916510183446482,transmit,100841.92740196935,19.826329662646394
Qwen3-Next-80B-A3B,1000000,611,24.576,0.32178068739770865,9.916510183446482,transmit,100841.92740196935,19.826329662646394
Qwen3-Next-80B-A3B,1000000,616,24.576,0.31916883116883116,9.916510183446482,transmit,100841.92740196935,19.826329662646394
Qwen3-Next-80B-A3B,1000000,621,24.576,0.3165990338164251,9.916510183446482,transmit,100841.92740196935,19.826329662646394
Qwen3-Next-80B-A3B,1000000,626,24.576,0.3140702875399361,9.916510183446482,transmit,100841.92740196935,19.826329662646394
Qwen3-Next-80B-A3B,1000000,631,24.576,0.31158161648177496,9.916510183446482,transmit,100841.92740196935,19.826329662646394
Qwen3-Next-80B-A3B,1000000,636,24.576,0.30913207547169813,9.916510183446482,transmit,100841.92740196935,19.826329662646394
Qwen3-Next-80B-A3B,1000000,641,24.576,0.3067207488299532,9.916510183446482,transmit,100841.92740196935,19.826329662646394
Qwen3-Next-80B-A3B,1000000,646,24.576,0.3043467492260062,9.916510183446482,transmit,100841.92740196935,19.826329662646394
Qwen3-Next-80B-A3B,1000000,651,24.576,0.30200921658986174,9.916510183446482,transmit,100841.92740196935,19.826329662646394
Qwen3-Next-80B-A3B,1000000,656,24.576,0.2997073170731707,9.916510183446482,transmit,100841.92740196935,19.826329662646394
Qwen3-Next-80B-A3B,1000000,661,24.576,0.29744024205748865,9.916510183446482,transmit,100841.92740196935,19.826329662646394
Qwen3-Next-80B-A3B,1000000,666,24.576,0.2952072072072072,9.916510183446482,transmit,100841.92740196935,19.826329662646394
Qwen3-Next-80B-A3B,1000000,671,24.576,0.2930074515648286,9.916510183446482,transmit,100841.92740196935,19.826329662646394
Qwen3-Next-80B-A3B,1000000,676,24.576,0.29084023668639053,9.916510183446482,transmit,100841.92740196935,19.826329662646394
Qwen3-Next-80B-A3B,1000000,681,24.576,0.28870484581497796,9.916510183446482,transmit,100841.92740196935,19.826329662646394
Qwen3-Next-80B-A3B,1000000,686,24.576,0.286600583090379,9.916510183446482,transmit,100841.92740196935,19.826329662646394
Qwen3-Next-80B-A3B,1000000,691,24.576,0.28452677279305355,9.916510183446482,transmit,100841.92740196935,19.826329662646394
Qwen3-Next-80B-A3B,1000000,696,24.576,0.28248275862068967,9.916510183446482,transmit,100841.92740196935,19.826329662646394
Qwen3-Next-80B-A3B,1000000,701,24.576,0.2804679029957204,9.916510183446482,transmit,100841.92740196935,19.826329662646394
Qwen3-Next-80B-A3B,1000000,706,24.576,0.2784815864022663,9.916510183446482,transmit,100841.92740196935,19.826329662646394
Qwen3-Next-80B-A3B,1000000,711,24.576,0.27652320675105485,9.916510183446482,transmit,100841.92740196935,19.826329662646394
Qwen3-Next-80B-A3B,1000000,716,24.576,0.2745921787709497,9.916510183446482,transmit,100841.92740196935,19.826329662646394
Qwen3-Next-80B-A3B,1000000,721,24.576,0.2726879334257975,9.916510183446482,transmit,100841.92740196935,19.826329662646394
Qwen3-Next-80B-A3B,1000000,726,24.576,0.2708099173553719,9.916510183446482,transmit,100841.92740196935,19.826329662646394
Qwen3-Next-80B-A3B,1000000,731,24.576,0.2689575923392613,9.916510183446482,transmit,100841.92740196935,19.826329662646394
Qwen3-Next-80B-A3B,1000000,736,24.576,0.2671304347826087,9.916510183446482,transmit,100841.92740196935,19.826329662646394
Qwen3-Next-80B-A3B,1000000,741,24.576,0.26532793522267206,9.916510183446482,transmit,100841.92740196935,19.826329662646394
Qwen3-Next-80B-A3B,1000000,746,24.576,0.26354959785522786,9.916510183446482,transmit,100841.92740196935,19.826329662646394
Qwen3-Next-80B-A3B,1000000,751,24.576,0.26179494007989346,9.916510183446482,transmit,100841.92740196935,19.826329662646394
Qwen3-Next-80B-A3B,1000000,756,24.576,0.26006349206349205,9.916510183446482,transmit,100841.92740196935,19.826329662646394
Qwen3-Next-80B-A3B,1000000,761,24.576,0.25835479632063074,9.916510183446482,transmit,100841.92740196935,19.826329662646394
Qwen3-Next-80B-A3B,1000000,766,24.576,0.25666840731070495,9.916510183446482,transmit,100841.92740196935,19.826329662646394
Qwen3-Next-80B-A3B,1000000,771,24.576,0.25500389105058363,9.916510183446482,transmit,100841.92740196935,19.826329662646394
Qwen3-Next-80B-A3B,1000000,776,24.576,0.25336082474226806,9.916510183446482,transmit,100841.92740196935,19.826329662646394
Qwen3-Next-80B-A3B,1000000,781,24.576,0.25173879641485275,9.916510183446482,transmit,100841.92740196935,19.826329662646394
Qwen3-Next-80B-A3B,1000000,786,24.576,0.25013740458015266,9.916510183446482,transmit,100841.92740196935,19.826329662646394
Qwen3-Next-80B-A3B,1000000,791,24.576,0.24855625790139063,9.916510183446482,transmit,100841.92740196935,19.826329662646394
Qwen3-Next-80B-A3B,1000000,796,24.576,0.24699497487437186,9.916510183446482,transmit,100841.92740196935,19.826329662646394
Qwen3-Next-80B-A3B,1000000,801,24.576,0.24545318352059925,9.916510183446482,transmit,100841.92740196935,19.826329662646394
Qwen3-Next-80B-A3B,1000000,806,24.576,0.2439305210918114,9.916510183446482,transmit,100841.92740196935,19.826329662646394
Qwen3-Next-80B-A3B,1000000,811,24.576,0.24242663378545007,9.916510183446482,transmit,100841.92740196935,19.826329662646394
Qwen3-Next-80B-A3B,1000000,816,24.576,0.24094117647058824,9.916510183446482,transmit,100841.92740196935,19.826329662646394
Qwen3-Next-80B-A3B,1000000,821,24.576,0.23947381242387333,9.916510183446482,transmit,100841.92740196935,19.826329662646394
Qwen3-Next-80B-A3B,1000000,826,24.576,0.23802421307506053,9.916510183446482,transmit,100841.92740196935,19.826329662646394
Qwen3-Next-80B-A3B,1000000,831,24.576,0.23659205776173287,9.916510183446482,transmit,100841.92740196935,19.826329662646394
Qwen3-Next-80B-A3B,1000000,836,24.576,0.23517703349282296,9.916510183446482,transmit,100841.92740196935,19.826329662646394
Qwen3-Next-80B-A3B,1000000,841,24.576,0.23377883472057076,9.916510183446482,transmit,100841.92740196935,19.826329662646394
Qwen3-Next-80B-A3B,1000000,846,24.576,0.23239716312056738,9.916510183446482,transmit,100841.92740196935,19.826329662646394
Qwen3-Next-80B-A3B,1000000,851,24.576,0.23103172737955346,9.916510183446482,transmit,100841.92740196935,19.826329662646394
Qwen3-Next-80B-A3B,1000000,856,24.576,0.2296822429906542,9.916510183446482,transmit,100841.92740196935,19.826329662646394
Qwen3-Next-80B-A3B,1000000,861,24.576,0.22834843205574912,9.916510183446482,transmit,100841.92740196935,19.826329662646394
Qwen3-Next-80B-A3B,1000000,866,24.576,0.22703002309468823,9.916510183446482,transmit,100841.92740196935,19.826329662646394
Qwen3-Next-80B-A3B,1000000,871,24.576,0.2257267508610792,9.916510183446482,transmit,100841.92740196935,19.826329662646394
Qwen3-Next-80B-A3B,1000000,876,24.576,0.22443835616438357,9.916510183446482,transmit,100841.92740196935,19.826329662646394
Qwen3-Next-80B-A3B,1000000,881,24.576,0.22316458569807038,9.916510183446482,transmit,100841.92740196935,19.826329662646394
Qwen3-Next-80B-A3B,1000000,886,24.576,0.22190519187358917,9.916510183446482,transmit,100841.92740196935,19.826329662646394
Qwen3-Next-80B-A3B,1000000,891,24.576,0.22065993265993267,9.916510183446482,transmit,100841.92740196935,19.826329662646394
Qwen3-Next-80B-A3B,1000000,896,24.576,0.21942857142857142,9.916510183446482,transmit,100841.92740196935,19.826329662646394
Qwen3-Next-80B-A3B,1000000,901,24.576,0.2182108768035516,9.916510183446482,transmit,100841.92740196935,19.826329662646394
Qwen3-Next-80B-A3B,1000000,906,24.576,0.21700662251655628,9.916510183446482,transmit,100841.92740196935,19.826329662646394
Qwen3-Next-80B-A3B,1000000,911,24.576,0.21581558726673986,9.916510183446482,transmit,100841.92740196935,19.826329662646394
Qwen3-Next-80B-A3B,1000000,916,24.576,0.21463755458515285,9.916510183446482,transmit,100841.92740196935,19.826329662646394
Qwen3-Next-80B-A3B,1000000,921,24.576,0.21347231270358305,9.916510183446482,transmit,100841.92740196935,19.826329662646394
Qwen3-Next-80B-A3B,1000000,926,24.576,0.21231965442764578,9.916510183446482,transmit,100841.92740196935,19.826329662646394
Qwen3-Next-80B-A3B,1000000,931,24.576,0.21117937701396347,9.916510183446482,transmit,100841.92740196935,19.826329662646394
Qwen3-Next-80B-A3B,1000000,936,24.576,0.21005128205128204,9.916510183446482,transmit,100841.92740196935,19.826329662646394
Qwen3-Next-80B-A3B,1000000,941,24.576,0.20893517534537726,9.916510183446482,transmit,100841.92740196935,19.826329662646394
Qwen3-Next-80B-A3B,1000000,946,24.576,0.20783086680761098,9.916510183446482,transmit,100841.92740196935,19.826329662646394
Qwen3-Next-80B-A3B,1000000,951,24.576,0.20673817034700315,9.916510183446482,transmit,100841.92740196935,19.826329662646394
Qwen3-Next-80B-A3B,1000000,956,24.576,0.20565690376569037,9.916510183446482,transmit,100841.92740196935,19.826329662646394
Qwen3-Next-80B-A3B,1000000,961,24.576,0.2045868886576483,9.916510183446482,transmit,100841.92740196935,19.826329662646394
Qwen3-Next-80B-A3B,1000000,966,24.576,0.203527950310559,9.916510183446482,transmit,100841.92740196935,19.826329662646394
Qwen3-Next-80B-A3B,1000000,971,24.576,0.2024799176107106,9.916510183446482,transmit,100841.92740196935,19.826329662646394
Qwen3-Next-80B-A3B,1000000,976,24.576,0.20144262295081966,9.916510183446482,transmit,100841.92740196935,19.826329662646394
Qwen3-Next-80B-A3B,1000000,981,24.576,0.20041590214067279,9.916510183446482,transmit,100841.92740196935,19.826329662646394
Qwen3-Next-80B-A3B,1000000,986,24.576,0.19939959432048682,9.916510183446482,transmit,100841.92740196935,19.826329662646394
Qwen3-Next-80B-A3B,1000000,991,24.576,0.19839354187689204,9.916510183446482,transmit,100841.92740196935,19.826329662646394
Qwen3-Next-80B-A3B,1000000,996,24.576,0.19739759036144577,9.916510183446482,transmit,100841.92740196935,19.826329662646394
