source_id,instance_id,model_name,trajectory_available,trajectory_length,final_success_available,final_success,patch_available,eval_log_available,category,subcategory,raw_path_or_dataset_index,parse_status,parse_error
hermes:glm-5.1:000e9800-df0b-4be5-9632-8e666a17c456,000e9800-df0b-4be5-9632-8e666a17c456,glm-5.1,True,23,False,,False,False,Browser Automation,Browser Tasks,lambda/hermes-agent-reasoning-traces:glm-5.1:train:2782,ok,
hermes:glm-5.1:0021c30b-2737-444a-abe3-31d160ea34b7,0021c30b-2737-444a-abe3-31d160ea34b7,glm-5.1,True,31,False,,False,False,Terminal & Coding,Terminal Tasks,lambda/hermes-agent-reasoning-traces:glm-5.1:train:909,ok,
hermes:glm-5.1:0029ce7c-ca03-4d9d-a6d3-02645cae92ea,0029ce7c-ca03-4d9d-a6d3-02645cae92ea,glm-5.1,True,18,False,,False,False,Terminal & Coding,Terminal Tasks,lambda/hermes-agent-reasoning-traces:glm-5.1:train:654,ok,
hermes:glm-5.1:0041fa73-d9ab-4d42-9ae9-66e1213056e2,0041fa73-d9ab-4d42-9ae9-66e1213056e2,glm-5.1,True,13,False,,False,False,Terminal & Coding,Terminal Tasks,lambda/hermes-agent-reasoning-traces:glm-5.1:train:2006,ok,
hermes:glm-5.1:00442204-004d-4f93-9012-44c6756c88f2,00442204-004d-4f93-9012-44c6756c88f2,glm-5.1,True,25,False,,False,False,Browser Automation,Browser Tasks,lambda/hermes-agent-reasoning-traces:glm-5.1:train:2721,ok,
hermes:glm-5.1:0082ecec-b6bf-4cc7-b748-5d8cc52aac53,0082ecec-b6bf-4cc7-b748-5d8cc52aac53,glm-5.1,True,27,False,,False,False,Terminal & Coding,Terminal Tasks,lambda/hermes-agent-reasoning-traces:glm-5.1:train:327,ok,
hermes:glm-5.1:00c29f00-ad8a-4643-a6f2-32f943dddc26,00c29f00-ad8a-4643-a6f2-32f943dddc26,glm-5.1,True,14,False,,False,False,Repository Tasks,Documentation,lambda/hermes-agent-reasoning-traces:glm-5.1:train:2460,ok,
hermes:glm-5.1:00d5e7d7-4ebd-42a7-84f4-7b27924b6624,00d5e7d7-4ebd-42a7-84f4-7b27924b6624,glm-5.1,True,17,False,,False,False,Terminal & Coding,Terminal Tasks,lambda/hermes-agent-reasoning-traces:glm-5.1:train:427,ok,
hermes:glm-5.1:00e05d6e-ebbc-4d48-ac02-414bc39e658e,00e05d6e-ebbc-4d48-ac02-414bc39e658e,glm-5.1,True,16,False,,False,False,Terminal & Coding,Terminal Tasks,lambda/hermes-agent-reasoning-traces:glm-5.1:train:2115,ok,
hermes:glm-5.1:00fa5553-4e5d-44a3-8711-5afcabccfeaf,00fa5553-4e5d-44a3-8711-5afcabccfeaf,glm-5.1,True,18,False,,False,False,Terminal & Coding,Terminal Tasks,lambda/hermes-agent-reasoning-traces:glm-5.1:train:1532,ok,
hermes:glm-5.1:01135742-54bf-4a1c-8e3d-c90e21582020,01135742-54bf-4a1c-8e3d-c90e21582020,glm-5.1,True,10,False,,False,False,Terminal & Coding,Terminal Tasks,lambda/hermes-agent-reasoning-traces:glm-5.1:train:215,ok,
hermes:glm-5.1:013b62f6-7b6e-4ffa-aa46-b246e9db1ce8,013b62f6-7b6e-4ffa-aa46-b246e9db1ce8,glm-5.1,True,14,False,,False,False,Terminal & Coding,Terminal Tasks,lambda/hermes-agent-reasoning-traces:glm-5.1:train:2231,ok,
hermes:glm-5.1:013d99ca-7f15-41ff-8b7e-b9ed06b29e50,013d99ca-7f15-41ff-8b7e-b9ed06b29e50,glm-5.1,True,12,False,,False,False,Terminal & Coding,Terminal Tasks,lambda/hermes-agent-reasoning-traces:glm-5.1:train:952,ok,
hermes:glm-5.1:014d600b-63e7-4865-b331-1521071025d5,014d600b-63e7-4865-b331-1521071025d5,glm-5.1,True,25,False,,False,False,Terminal & Coding,Terminal Tasks,lambda/hermes-agent-reasoning-traces:glm-5.1:train:1229,ok,
hermes:glm-5.1:01608afe-c5e2-443c-a677-2f101a36b62f,01608afe-c5e2-443c-a677-2f101a36b62f,glm-5.1,True,13,False,,False,False,Terminal & Coding,Terminal Tasks,lambda/hermes-agent-reasoning-traces:glm-5.1:train:92,ok,
hermes:glm-5.1:0196c9f4-88f4-4b45-9960-a7bcac1aa022,0196c9f4-88f4-4b45-9960-a7bcac1aa022,glm-5.1,True,14,False,,False,False,Terminal & Coding,Terminal Tasks,lambda/hermes-agent-reasoning-traces:glm-5.1:train:141,ok,
hermes:glm-5.1:01ad28b3-c5ee-456f-8d82-8a346b177cfa,01ad28b3-c5ee-456f-8d82-8a346b177cfa,glm-5.1,True,24,False,,False,False,Terminal & Coding,Terminal Tasks,lambda/hermes-agent-reasoning-traces:glm-5.1:train:2196,ok,
hermes:glm-5.1:01cc03fd-1df9-450c-a47e-440e3cc7b7e2,01cc03fd-1df9-450c-a47e-440e3cc7b7e2,glm-5.1,True,25,False,,False,False,Browser Automation,Browser Tasks,lambda/hermes-agent-reasoning-traces:glm-5.1:train:2583,ok,
hermes:glm-5.1:01ea5a20-e6eb-4388-a877-25342d2670cd,01ea5a20-e6eb-4388-a877-25342d2670cd,glm-5.1,True,12,False,,False,False,Terminal & Coding,Terminal Tasks,lambda/hermes-agent-reasoning-traces:glm-5.1:train:186,ok,
hermes:glm-5.1:0242e4f9-35a3-4b45-b8b5-745eebc73b42,0242e4f9-35a3-4b45-b8b5-745eebc73b42,glm-5.1,True,27,False,,False,False,Browser Automation,Browser Tasks,lambda/hermes-agent-reasoning-traces:glm-5.1:train:2743,ok,
hermes:glm-5.1:024c3b0a-3034-4f29-9619-0213aa617291,024c3b0a-3034-4f29-9619-0213aa617291,glm-5.1,True,14,False,,False,False,Terminal & Coding,Terminal Tasks,lambda/hermes-agent-reasoning-traces:glm-5.1:train:1316,ok,
hermes:glm-5.1:026794a5-b17e-471e-bd59-e07d88c7d9c1,026794a5-b17e-471e-bd59-e07d88c7d9c1,glm-5.1,True,16,False,,False,False,Terminal & Coding,Terminal Tasks,lambda/hermes-agent-reasoning-traces:glm-5.1:train:1673,ok,
hermes:glm-5.1:02694d0a-f35b-4d53-86df-adad7c294fdf,02694d0a-f35b-4d53-86df-adad7c294fdf,glm-5.1,True,10,False,,False,False,Planning & Organization,Planning Tasks,lambda/hermes-agent-reasoning-traces:glm-5.1:train:2092,ok,
hermes:glm-5.1:028b339a-2171-4fc5-a147-16207824e918,028b339a-2171-4fc5-a147-16207824e918,glm-5.1,True,10,False,,False,False,Terminal & Coding,Terminal Tasks,lambda/hermes-agent-reasoning-traces:glm-5.1:train:649,ok,
hermes:glm-5.1:028f2fb3-2faf-4924-a4c6-1c393a6ad3b0,028f2fb3-2faf-4924-a4c6-1c393a6ad3b0,glm-5.1,True,15,False,,False,False,Terminal & Coding,Terminal Tasks,lambda/hermes-agent-reasoning-traces:glm-5.1:train:2430,ok,
hermes:glm-5.1:02918b43-53e3-47f4-b107-89cd2f5ded06,02918b43-53e3-47f4-b107-89cd2f5ded06,glm-5.1,True,10,False,,False,False,Terminal & Coding,Terminal Tasks,lambda/hermes-agent-reasoning-traces:glm-5.1:train:203,ok,
hermes:glm-5.1:02a77ec0-1000-4f9d-b2c0-9c179073edb9,02a77ec0-1000-4f9d-b2c0-9c179073edb9,glm-5.1,True,12,False,,False,False,Terminal & Coding,Terminal Tasks,lambda/hermes-agent-reasoning-traces:glm-5.1:train:70,ok,
hermes:glm-5.1:02a8aabe-35b8-4eaa-af16-82df4eb05e80,02a8aabe-35b8-4eaa-af16-82df4eb05e80,glm-5.1,True,18,False,,False,False,Planning & Organization,Planning Tasks,lambda/hermes-agent-reasoning-traces:glm-5.1:train:374,ok,
hermes:glm-5.1:02abbaec-87bc-4c76-966d-4f228025070e,02abbaec-87bc-4c76-966d-4f228025070e,glm-5.1,True,21,False,,False,False,File Operations,File Tasks,lambda/hermes-agent-reasoning-traces:glm-5.1:train:1537,ok,
hermes:glm-5.1:02c9401c-690e-4cf2-ab8b-2a61069d5782,02c9401c-690e-4cf2-ab8b-2a61069d5782,glm-5.1,True,18,False,,False,False,Browser Automation,Browser Tasks,lambda/hermes-agent-reasoning-traces:glm-5.1:train:2735,ok,
hermes:glm-5.1:02f0673c-f53a-4f8e-b057-84ac8337d05e,02f0673c-f53a-4f8e-b057-84ac8337d05e,glm-5.1,True,16,False,,False,False,Terminal & Coding,Terminal Tasks,lambda/hermes-agent-reasoning-traces:glm-5.1:train:1725,ok,
hermes:glm-5.1:0314646d-e330-477f-9fd0-d6e392d5c7de,0314646d-e330-477f-9fd0-d6e392d5c7de,glm-5.1,True,21,False,,False,False,Terminal & Coding,Terminal Tasks,lambda/hermes-agent-reasoning-traces:glm-5.1:train:839,ok,
hermes:glm-5.1:032afd96-3446-4b36-b053-6c1550b174f5,032afd96-3446-4b36-b053-6c1550b174f5,glm-5.1,True,14,False,,False,False,Terminal & Coding,Terminal Tasks,lambda/hermes-agent-reasoning-traces:glm-5.1:train:2398,ok,
hermes:glm-5.1:033b07b7-845c-4f39-ab0f-1395fcb7d3a4,033b07b7-845c-4f39-ab0f-1395fcb7d3a4,glm-5.1,True,23,False,,False,False,Terminal & Coding,Terminal Tasks,lambda/hermes-agent-reasoning-traces:glm-5.1:train:1611,ok,
hermes:glm-5.1:0391c3c7-0707-4fb8-897b-2141dfb47134,0391c3c7-0707-4fb8-897b-2141dfb47134,glm-5.1,True,17,False,,False,False,Terminal & Coding,Terminal Tasks,lambda/hermes-agent-reasoning-traces:glm-5.1:train:1959,ok,
hermes:glm-5.1:03a81baa-d7ec-4356-9643-95318b6144a5,03a81baa-d7ec-4356-9643-95318b6144a5,glm-5.1,True,23,False,,False,False,Terminal & Coding,Terminal Tasks,lambda/hermes-agent-reasoning-traces:glm-5.1:train:102,ok,
hermes:glm-5.1:03d1123b-a50d-45f4-98e7-87fd4e04bac9,03d1123b-a50d-45f4-98e7-87fd4e04bac9,glm-5.1,True,31,False,,False,False,Browser Automation,Browser Tasks,lambda/hermes-agent-reasoning-traces:glm-5.1:train:2542,ok,
hermes:glm-5.1:03d5b28d-b509-4a81-8d24-37c71a08ffb1,03d5b28d-b509-4a81-8d24-37c71a08ffb1,glm-5.1,True,23,False,,False,False,Terminal & Coding,Terminal Tasks,lambda/hermes-agent-reasoning-traces:glm-5.1:train:333,ok,
hermes:glm-5.1:03dbd4c7-28f6-41c6-94d5-945ac6bbb461,03dbd4c7-28f6-41c6-94d5-945ac6bbb461,glm-5.1,True,29,False,,False,False,Terminal & Coding,Terminal Tasks,lambda/hermes-agent-reasoning-traces:glm-5.1:train:485,ok,
hermes:glm-5.1:03ed309e-20a2-476e-aed6-918a6b8dde7b,03ed309e-20a2-476e-aed6-918a6b8dde7b,glm-5.1,True,22,False,,False,False,Browser Automation,Browser Tasks,lambda/hermes-agent-reasoning-traces:glm-5.1:train:2989,ok,
hermes:glm-5.1:03f6356b-b9ca-498d-b3d6-7259d765f993,03f6356b-b9ca-498d-b3d6-7259d765f993,glm-5.1,True,33,False,,False,False,Browser Automation,Browser Tasks,lambda/hermes-agent-reasoning-traces:glm-5.1:train:2826,ok,
hermes:glm-5.1:03fc3b40-2dc6-4db1-b55a-b05efc6e69e3,03fc3b40-2dc6-4db1-b55a-b05efc6e69e3,glm-5.1,True,10,False,,False,False,Multi-Tool,Multi-Tool Tasks,lambda/hermes-agent-reasoning-traces:glm-5.1:train:2449,ok,
hermes:glm-5.1:0402cacb-4101-4d1b-9422-588d798fd22c,0402cacb-4101-4d1b-9422-588d798fd22c,glm-5.1,True,29,False,,False,False,Terminal & Coding,Terminal Tasks,lambda/hermes-agent-reasoning-traces:glm-5.1:train:1948,ok,
hermes:glm-5.1:04152dcb-d947-40c3-b250-bbf166b2667d,04152dcb-d947-40c3-b250-bbf166b2667d,glm-5.1,True,20,False,,False,False,Browser Automation,Browser Tasks,lambda/hermes-agent-reasoning-traces:glm-5.1:train:2777,ok,
hermes:glm-5.1:0441dc92-a980-4b79-b108-2e68b76359a1,0441dc92-a980-4b79-b108-2e68b76359a1,glm-5.1,True,12,False,,False,False,Terminal & Coding,Terminal Tasks,lambda/hermes-agent-reasoning-traces:glm-5.1:train:702,ok,
hermes:glm-5.1:04484cc0-8ff4-48f2-b748-2a06a0b60f42,04484cc0-8ff4-48f2-b748-2a06a0b60f42,glm-5.1,True,10,False,,False,False,Terminal & Coding,Terminal Tasks,lambda/hermes-agent-reasoning-traces:glm-5.1:train:633,ok,
hermes:glm-5.1:044950c6-2bda-479e-becf-d65ed2175026,044950c6-2bda-479e-becf-d65ed2175026,glm-5.1,True,27,False,,False,False,Browser Automation,Browser Tasks,lambda/hermes-agent-reasoning-traces:glm-5.1:train:2794,ok,
hermes:glm-5.1:044d0151-6cb8-48fa-8692-a13afa2cf1d9,044d0151-6cb8-48fa-8692-a13afa2cf1d9,glm-5.1,True,12,False,,False,False,Multi-Tool,Multi-Tool Tasks,lambda/hermes-agent-reasoning-traces:glm-5.1:train:1105,ok,
hermes:glm-5.1:044deabd-c4d6-4968-b13b-2e9a08e7f31d,044deabd-c4d6-4968-b13b-2e9a08e7f31d,glm-5.1,True,25,False,,False,False,Agent Tools,Background Processes,lambda/hermes-agent-reasoning-traces:glm-5.1:train:612,ok,
hermes:glm-5.1:0472ce1c-dd39-4861-a6f6-1bb19b9384df,0472ce1c-dd39-4861-a6f6-1bb19b9384df,glm-5.1,True,12,False,,False,False,Terminal & Coding,Terminal Tasks,lambda/hermes-agent-reasoning-traces:glm-5.1:train:1836,ok,
hermes:glm-5.1:04ab8bd3-bcb8-4e61-a0ad-e381129d1cb9,04ab8bd3-bcb8-4e61-a0ad-e381129d1cb9,glm-5.1,True,12,False,,False,False,Terminal & Coding,Terminal Tasks,lambda/hermes-agent-reasoning-traces:glm-5.1:train:779,ok,
hermes:glm-5.1:04bd633c-2524-4295-bd39-b2f875398cb7,04bd633c-2524-4295-bd39-b2f875398cb7,glm-5.1,True,21,False,,False,False,Terminal & Coding,Terminal Tasks,lambda/hermes-agent-reasoning-traces:glm-5.1:train:322,ok,
hermes:glm-5.1:050709ac-bd38-43d8-b650-81f9e682fb32,050709ac-bd38-43d8-b650-81f9e682fb32,glm-5.1,True,12,False,,False,False,Terminal & Coding,Terminal Tasks,lambda/hermes-agent-reasoning-traces:glm-5.1:train:547,ok,
hermes:glm-5.1:05124d6d-0945-47c1-842c-1f670393cf6e,05124d6d-0945-47c1-842c-1f670393cf6e,glm-5.1,True,27,False,,False,False,Browser Automation,Browser Tasks,lambda/hermes-agent-reasoning-traces:glm-5.1:train:2774,ok,
hermes:glm-5.1:0518fee1-6384-4121-ae5c-7c3c40149c8e,0518fee1-6384-4121-ae5c-7c3c40149c8e,glm-5.1,True,25,False,,False,False,Terminal & Coding,Terminal Tasks,lambda/hermes-agent-reasoning-traces:glm-5.1:train:1583,ok,
hermes:glm-5.1:051f5f14-70cc-4d31-a9a3-49793969ed05,051f5f14-70cc-4d31-a9a3-49793969ed05,glm-5.1,True,14,False,,False,False,Terminal & Coding,Terminal Tasks,lambda/hermes-agent-reasoning-traces:glm-5.1:train:1650,ok,
hermes:glm-5.1:0536129f-f959-48d5-bbb5-3acb775c7336,0536129f-f959-48d5-bbb5-3acb775c7336,glm-5.1,True,27,False,,False,False,Terminal & Coding,Terminal Tasks,lambda/hermes-agent-reasoning-traces:glm-5.1:train:1139,ok,
hermes:glm-5.1:053c5e1c-c5a8-4c14-b78f-45d4831ce2b8,053c5e1c-c5a8-4c14-b78f-45d4831ce2b8,glm-5.1,True,29,False,,False,False,Terminal & Coding,Terminal Tasks,lambda/hermes-agent-reasoning-traces:glm-5.1:train:2182,ok,
hermes:glm-5.1:055e023e-dd51-4b9a-9f07-62b3fede71c9,055e023e-dd51-4b9a-9f07-62b3fede71c9,glm-5.1,True,10,False,,False,False,Terminal & Coding,Terminal Tasks,lambda/hermes-agent-reasoning-traces:glm-5.1:train:879,ok,
hermes:glm-5.1:0574dc44-3ffc-48ac-9e56-c00b6588146b,0574dc44-3ffc-48ac-9e56-c00b6588146b,glm-5.1,True,12,False,,False,False,Multi-Tool,Multi-Tool Tasks,lambda/hermes-agent-reasoning-traces:glm-5.1:train:1978,ok,
hermes:glm-5.1:05aa403f-ca31-425d-af3f-82a05e80bd94,05aa403f-ca31-425d-af3f-82a05e80bd94,glm-5.1,True,12,False,,False,False,Browser Automation,Browser Tasks,lambda/hermes-agent-reasoning-traces:glm-5.1:train:2988,ok,
hermes:glm-5.1:05bc6196-c5ac-4c58-98f4-d84897a60998,05bc6196-c5ac-4c58-98f4-d84897a60998,glm-5.1,True,25,False,,False,False,Browser Automation,Browser Tasks,lambda/hermes-agent-reasoning-traces:glm-5.1:train:2862,ok,
hermes:glm-5.1:060baa6b-7d21-4bdc-9f0c-b31b60d457a3,060baa6b-7d21-4bdc-9f0c-b31b60d457a3,glm-5.1,True,22,False,,False,False,Terminal & Coding,Terminal Tasks,lambda/hermes-agent-reasoning-traces:glm-5.1:train:2215,ok,
hermes:glm-5.1:06209648-fb40-4a18-9765-be0ac87ebfaf,06209648-fb40-4a18-9765-be0ac87ebfaf,glm-5.1,True,18,False,,False,False,Browser Automation,Browser Tasks,lambda/hermes-agent-reasoning-traces:glm-5.1:train:2853,ok,
hermes:glm-5.1:062576af-524e-4f32-9371-77bff0ea7c6e,062576af-524e-4f32-9371-77bff0ea7c6e,glm-5.1,True,27,False,,False,False,Browser Automation,Browser Tasks,lambda/hermes-agent-reasoning-traces:glm-5.1:train:2762,ok,
hermes:glm-5.1:065569e8-6502-4a5f-896c-bf2fe1826b0a,065569e8-6502-4a5f-896c-bf2fe1826b0a,glm-5.1,True,14,False,,False,False,Terminal & Coding,Terminal Tasks,lambda/hermes-agent-reasoning-traces:glm-5.1:train:796,ok,
hermes:glm-5.1:0661b4b0-277e-47b8-88b9-1f4ebf419f47,0661b4b0-277e-47b8-88b9-1f4ebf419f47,glm-5.1,True,29,False,,False,False,Browser Automation,Browser Tasks,lambda/hermes-agent-reasoning-traces:glm-5.1:train:2880,ok,
hermes:glm-5.1:0675d56f-0316-4d79-871d-6bf1e5b56578,0675d56f-0316-4d79-871d-6bf1e5b56578,glm-5.1,True,21,False,,False,False,Browser Automation,Browser Tasks,lambda/hermes-agent-reasoning-traces:glm-5.1:train:2865,ok,
hermes:glm-5.1:06c58f98-c6f6-407a-ad17-6e89ba36fcc4,06c58f98-c6f6-407a-ad17-6e89ba36fcc4,glm-5.1,True,10,False,,False,False,Terminal & Coding,Terminal Tasks,lambda/hermes-agent-reasoning-traces:glm-5.1:train:73,ok,
hermes:glm-5.1:06d23317-2df1-44c1-aa2b-44f3067cb1c8,06d23317-2df1-44c1-aa2b-44f3067cb1c8,glm-5.1,True,12,False,,False,False,Terminal & Coding,Terminal Tasks,lambda/hermes-agent-reasoning-traces:glm-5.1:train:194,ok,
hermes:glm-5.1:06ef3fd5-1d7e-428c-b79a-f34d7cb6150a,06ef3fd5-1d7e-428c-b79a-f34d7cb6150a,glm-5.1,True,14,False,,False,False,Terminal & Coding,Terminal Tasks,lambda/hermes-agent-reasoning-traces:glm-5.1:train:402,ok,
hermes:glm-5.1:06ef7fe8-7aaa-469c-a43d-32db9d2c0e3c,06ef7fe8-7aaa-469c-a43d-32db9d2c0e3c,glm-5.1,True,18,False,,False,False,Terminal & Coding,Terminal Tasks,lambda/hermes-agent-reasoning-traces:glm-5.1:train:1541,ok,
hermes:glm-5.1:06f73af3-79d7-46e0-8239-5bf3a9c62724,06f73af3-79d7-46e0-8239-5bf3a9c62724,glm-5.1,True,22,False,,False,False,Browser Automation,Browser Tasks,lambda/hermes-agent-reasoning-traces:glm-5.1:train:2663,ok,
hermes:glm-5.1:070efefc-0581-4dd5-9deb-6c2a177705fb,070efefc-0581-4dd5-9deb-6c2a177705fb,glm-5.1,True,9,False,,False,False,Terminal & Coding,Terminal Tasks,lambda/hermes-agent-reasoning-traces:glm-5.1:train:1654,ok,
hermes:glm-5.1:07613caf-ec7d-4ab4-99df-ed8cbf7b71d1,07613caf-ec7d-4ab4-99df-ed8cbf7b71d1,glm-5.1,True,14,False,,False,False,File Operations,File Tasks,lambda/hermes-agent-reasoning-traces:glm-5.1:train:2418,ok,
hermes:glm-5.1:07735da9-d3c3-425d-b6eb-23c7ea0204bc,07735da9-d3c3-425d-b6eb-23c7ea0204bc,glm-5.1,True,9,False,,False,False,Terminal & Coding,Terminal Tasks,lambda/hermes-agent-reasoning-traces:glm-5.1:train:1323,ok,
hermes:glm-5.1:07a4b2c8-255c-4920-ae18-97a79443befb,07a4b2c8-255c-4920-ae18-97a79443befb,glm-5.1,True,22,False,,False,False,Terminal & Coding,Terminal Tasks,lambda/hermes-agent-reasoning-traces:glm-5.1:train:1132,ok,
hermes:glm-5.1:07ea5cca-dc6f-4c2f-af41-3b3fceea8a51,07ea5cca-dc6f-4c2f-af41-3b3fceea8a51,glm-5.1,True,14,False,,False,False,Terminal & Coding,Terminal Tasks,lambda/hermes-agent-reasoning-traces:glm-5.1:train:1587,ok,
hermes:glm-5.1:07ed992e-f08d-44e6-bc56-0a3a2ed5d6d1,07ed992e-f08d-44e6-bc56-0a3a2ed5d6d1,glm-5.1,True,29,False,,False,False,Browser Automation,Browser Tasks,lambda/hermes-agent-reasoning-traces:glm-5.1:train:2507,ok,
hermes:glm-5.1:07f4cb21-bfdf-4688-abc7-42c3f2a31cea,07f4cb21-bfdf-4688-abc7-42c3f2a31cea,glm-5.1,True,33,False,,False,False,Terminal & Coding,Terminal Tasks,lambda/hermes-agent-reasoning-traces:glm-5.1:train:567,ok,
hermes:glm-5.1:08087512-c446-45b7-8580-def91afe9801,08087512-c446-45b7-8580-def91afe9801,glm-5.1,True,14,False,,False,False,Multi-Tool,Multi-Tool Tasks,lambda/hermes-agent-reasoning-traces:glm-5.1:train:747,ok,
hermes:glm-5.1:08135d67-ebf1-43cf-a6d3-df3444e05d03,08135d67-ebf1-43cf-a6d3-df3444e05d03,glm-5.1,True,12,False,,False,False,Terminal & Coding,Terminal Tasks,lambda/hermes-agent-reasoning-traces:glm-5.1:train:1508,ok,
hermes:glm-5.1:0837f10d-6e09-4adb-9d5d-5c3ef79a81d8,0837f10d-6e09-4adb-9d5d-5c3ef79a81d8,glm-5.1,True,14,False,,False,False,Multi-Tool,Multi-Tool Tasks,lambda/hermes-agent-reasoning-traces:glm-5.1:train:2229,ok,
hermes:glm-5.1:084616bd-bdb4-4646-8518-74fa11823128,084616bd-bdb4-4646-8518-74fa11823128,glm-5.1,True,11,False,,False,False,Terminal & Coding,Terminal Tasks,lambda/hermes-agent-reasoning-traces:glm-5.1:train:1635,ok,
hermes:glm-5.1:08566221-823c-4c1b-b204-4b142c215717,08566221-823c-4c1b-b204-4b142c215717,glm-5.1,True,10,False,,False,False,Terminal & Coding,Terminal Tasks,lambda/hermes-agent-reasoning-traces:glm-5.1:train:212,ok,
hermes:glm-5.1:085baa1c-9ba6-4a1f-9b5a-ba1d27401623,085baa1c-9ba6-4a1f-9b5a-ba1d27401623,glm-5.1,True,16,False,,False,False,Browser Automation,Browser Tasks,lambda/hermes-agent-reasoning-traces:glm-5.1:train:2950,ok,
hermes:glm-5.1:086cf883-c5c9-4df8-a7fb-d5e859ef17b4,086cf883-c5c9-4df8-a7fb-d5e859ef17b4,glm-5.1,True,25,False,,False,False,Terminal & Coding,Terminal Tasks,lambda/hermes-agent-reasoning-traces:glm-5.1:train:733,ok,
hermes:glm-5.1:087626c4-7e37-490f-9554-5d26e1c854c9,087626c4-7e37-490f-9554-5d26e1c854c9,glm-5.1,True,20,False,,False,False,Terminal & Coding,Terminal Tasks,lambda/hermes-agent-reasoning-traces:glm-5.1:train:183,ok,
hermes:glm-5.1:08a3e011-56c0-4d0f-9b1d-741cad500763,08a3e011-56c0-4d0f-9b1d-741cad500763,glm-5.1,True,25,False,,False,False,Terminal & Coding,Terminal Tasks,lambda/hermes-agent-reasoning-traces:glm-5.1:train:2221,ok,
hermes:glm-5.1:08bad693-4cd5-4a58-a76c-1dd5e41e3b5c,08bad693-4cd5-4a58-a76c-1dd5e41e3b5c,glm-5.1,True,16,False,,False,False,File Operations,File Tasks,lambda/hermes-agent-reasoning-traces:glm-5.1:train:2295,ok,
hermes:glm-5.1:08bfee31-8bed-4817-a44c-4a368f6cad56,08bfee31-8bed-4817-a44c-4a368f6cad56,glm-5.1,True,12,False,,False,False,Terminal & Coding,Terminal Tasks,lambda/hermes-agent-reasoning-traces:glm-5.1:train:1049,ok,
hermes:glm-5.1:08c86a2e-0a78-44ef-8eb4-69b276724528,08c86a2e-0a78-44ef-8eb4-69b276724528,glm-5.1,True,14,False,,False,False,Terminal & Coding,Terminal Tasks,lambda/hermes-agent-reasoning-traces:glm-5.1:train:1341,ok,
hermes:glm-5.1:08dd501a-d116-4a77-ba67-bdb32af46dd7,08dd501a-d116-4a77-ba67-bdb32af46dd7,glm-5.1,True,22,False,,False,False,Terminal & Coding,Terminal Tasks,lambda/hermes-agent-reasoning-traces:glm-5.1:train:1711,ok,
hermes:glm-5.1:08e04050-72cd-4612-a35d-5ea9be5026fa,08e04050-72cd-4612-a35d-5ea9be5026fa,glm-5.1,True,18,False,,False,False,Terminal & Coding,Terminal Tasks,lambda/hermes-agent-reasoning-traces:glm-5.1:train:564,ok,
hermes:glm-5.1:094eaf00-6424-4444-9a9e-96d85e396d50,094eaf00-6424-4444-9a9e-96d85e396d50,glm-5.1,True,25,False,,False,False,Browser Automation,Browser Tasks,lambda/hermes-agent-reasoning-traces:glm-5.1:train:2974,ok,
hermes:glm-5.1:095e0777-f389-4598-93ec-717d0466ba29,095e0777-f389-4598-93ec-717d0466ba29,glm-5.1,True,14,False,,False,False,Scheduling,Cron Jobs,lambda/hermes-agent-reasoning-traces:glm-5.1:train:1069,ok,
hermes:glm-5.1:09614c96-cf70-48f8-81b2-9005f7d78867,09614c96-cf70-48f8-81b2-9005f7d78867,glm-5.1,True,29,False,,False,False,Browser Automation,Browser Tasks,lambda/hermes-agent-reasoning-traces:glm-5.1:train:2875,ok,
hermes:glm-5.1:09694415-56ca-4ca0-8991-1dae7acfa493,09694415-56ca-4ca0-8991-1dae7acfa493,glm-5.1,True,18,False,,False,False,Terminal & Coding,Terminal Tasks,lambda/hermes-agent-reasoning-traces:glm-5.1:train:679,ok,
hermes:glm-5.1:099aa44f-917c-4c69-afc6-edb373077917,099aa44f-917c-4c69-afc6-edb373077917,glm-5.1,True,14,False,,False,False,Terminal & Coding,Terminal Tasks,lambda/hermes-agent-reasoning-traces:glm-5.1:train:1119,ok,
hermes:glm-5.1:09c18208-72b0-4b6b-a555-296945751a56,09c18208-72b0-4b6b-a555-296945751a56,glm-5.1,True,23,False,,False,False,Browser Automation,Browser Tasks,lambda/hermes-agent-reasoning-traces:glm-5.1:train:2729,ok,
hermes:glm-5.1:09dd0080-21f1-46db-a4d4-3399d7d09339,09dd0080-21f1-46db-a4d4-3399d7d09339,glm-5.1,True,25,False,,False,False,Terminal & Coding,Terminal Tasks,lambda/hermes-agent-reasoning-traces:glm-5.1:train:1326,ok,
hermes:glm-5.1:0a25950a-1857-48b4-828a-13f83766d93b,0a25950a-1857-48b4-828a-13f83766d93b,glm-5.1,True,21,False,,False,False,Browser Automation,Browser Tasks,lambda/hermes-agent-reasoning-traces:glm-5.1:train:2902,ok,
hermes:glm-5.1:0a2d337e-0312-422a-a7ca-7ab4b94b4c7c,0a2d337e-0312-422a-a7ca-7ab4b94b4c7c,glm-5.1,True,14,False,,False,False,Terminal & Coding,Terminal Tasks,lambda/hermes-agent-reasoning-traces:glm-5.1:train:686,ok,
hermes:glm-5.1:0a2eafb2-89e3-4a22-a6d1-2541bc5430a9,0a2eafb2-89e3-4a22-a6d1-2541bc5430a9,glm-5.1,True,12,False,,False,False,Terminal & Coding,Terminal Tasks,lambda/hermes-agent-reasoning-traces:glm-5.1:train:206,ok,
hermes:glm-5.1:0a3a4146-66c9-4e15-94cd-ce7abae840f9,0a3a4146-66c9-4e15-94cd-ce7abae840f9,glm-5.1,True,29,False,,False,False,Browser Automation,Browser Tasks,lambda/hermes-agent-reasoning-traces:glm-5.1:train:2530,ok,
hermes:glm-5.1:0a5e608b-8651-42c3-864f-334aba7eb61f,0a5e608b-8651-42c3-864f-334aba7eb61f,glm-5.1,True,23,False,,False,False,Terminal & Coding,Terminal Tasks,lambda/hermes-agent-reasoning-traces:glm-5.1:train:222,ok,
hermes:glm-5.1:0a66e316-f343-41db-bf51-24748ed094fe,0a66e316-f343-41db-bf51-24748ed094fe,glm-5.1,True,23,False,,False,False,Terminal & Coding,Terminal Tasks,lambda/hermes-agent-reasoning-traces:glm-5.1:train:1646,ok,
hermes:glm-5.1:0a6a4c9a-1993-4dd0-9ec4-d7debea9de50,0a6a4c9a-1993-4dd0-9ec4-d7debea9de50,glm-5.1,True,12,False,,False,False,Terminal & Coding,Terminal Tasks,lambda/hermes-agent-reasoning-traces:glm-5.1:train:7,ok,
hermes:glm-5.1:0a72e457-c12c-4c9e-946d-8eb3ba79a9e1,0a72e457-c12c-4c9e-946d-8eb3ba79a9e1,glm-5.1,True,16,False,,False,False,Planning & Organization,Planning Tasks,lambda/hermes-agent-reasoning-traces:glm-5.1:train:1340,ok,
hermes:glm-5.1:0a79b7bc-2ec9-4067-a3c8-3f3511b156a3,0a79b7bc-2ec9-4067-a3c8-3f3511b156a3,glm-5.1,True,12,False,,False,False,Terminal & Coding,Terminal Tasks,lambda/hermes-agent-reasoning-traces:glm-5.1:train:1599,ok,
hermes:glm-5.1:0a826f1c-aaf1-432c-bb8c-cbdd51f73b28,0a826f1c-aaf1-432c-bb8c-cbdd51f73b28,glm-5.1,True,21,False,,False,False,Terminal & Coding,Terminal Tasks,lambda/hermes-agent-reasoning-traces:glm-5.1:train:1427,ok,
hermes:glm-5.1:0a975c3e-60c8-4dbd-a9c7-0ff2451865ba,0a975c3e-60c8-4dbd-a9c7-0ff2451865ba,glm-5.1,True,24,False,,False,False,Terminal & Coding,Terminal Tasks,lambda/hermes-agent-reasoning-traces:glm-5.1:train:1977,ok,
hermes:glm-5.1:0ab8518b-a93e-4967-869c-7aa4848f5539,0ab8518b-a93e-4967-869c-7aa4848f5539,glm-5.1,True,15,False,,False,False,Scheduling,Cron Jobs,lambda/hermes-agent-reasoning-traces:glm-5.1:train:958,ok,
hermes:glm-5.1:0ac4ba04-b901-442f-9162-3bbaadfbfcf5,0ac4ba04-b901-442f-9162-3bbaadfbfcf5,glm-5.1,True,23,False,,False,False,Terminal & Coding,Terminal Tasks,lambda/hermes-agent-reasoning-traces:glm-5.1:train:1055,ok,
hermes:glm-5.1:0ae3bf95-7407-4652-8fa6-5b6d3de743b5,0ae3bf95-7407-4652-8fa6-5b6d3de743b5,glm-5.1,True,18,False,,False,False,Terminal & Coding,Terminal Tasks,lambda/hermes-agent-reasoning-traces:glm-5.1:train:324,ok,
hermes:glm-5.1:0afe9819-193f-4344-af9e-3a5d1116b648,0afe9819-193f-4344-af9e-3a5d1116b648,glm-5.1,True,15,False,,False,False,File Operations,File Tasks,lambda/hermes-agent-reasoning-traces:glm-5.1:train:250,ok,
hermes:glm-5.1:0b0d0692-48fe-44a4-a979-25e00c9efe1e,0b0d0692-48fe-44a4-a979-25e00c9efe1e,glm-5.1,True,19,False,,False,False,Terminal & Coding,Terminal Tasks,lambda/hermes-agent-reasoning-traces:glm-5.1:train:1766,ok,
hermes:glm-5.1:0b0d69ed-efa5-47ab-ac33-e1098b34b97f,0b0d69ed-efa5-47ab-ac33-e1098b34b97f,glm-5.1,True,12,False,,False,False,Terminal & Coding,Terminal Tasks,lambda/hermes-agent-reasoning-traces:glm-5.1:train:308,ok,
hermes:glm-5.1:0b1e171e-19f5-4bf5-8993-fa6017618953,0b1e171e-19f5-4bf5-8993-fa6017618953,glm-5.1,True,18,False,,False,False,Terminal & Coding,Terminal Tasks,lambda/hermes-agent-reasoning-traces:glm-5.1:train:2037,ok,
hermes:glm-5.1:0b3fa857-f075-4591-af2b-d3953156369a,0b3fa857-f075-4591-af2b-d3953156369a,glm-5.1,True,29,False,,False,False,Terminal & Coding,Terminal Tasks,lambda/hermes-agent-reasoning-traces:glm-5.1:train:731,ok,
hermes:glm-5.1:0b679ef4-f460-4083-9ccf-8c78d5652307,0b679ef4-f460-4083-9ccf-8c78d5652307,glm-5.1,True,20,False,,False,False,Browser Automation,Browser Tasks,lambda/hermes-agent-reasoning-traces:glm-5.1:train:2631,ok,
hermes:glm-5.1:0b69caa6-34f8-4374-a002-15b7d26c1a05,0b69caa6-34f8-4374-a002-15b7d26c1a05,glm-5.1,True,10,False,,False,False,Terminal & Coding,Terminal Tasks,lambda/hermes-agent-reasoning-traces:glm-5.1:train:2387,ok,
hermes:glm-5.1:0b75763b-8d49-4a41-ac27-d06c23595b2f,0b75763b-8d49-4a41-ac27-d06c23595b2f,glm-5.1,True,22,False,,False,False,Terminal & Coding,Terminal Tasks,lambda/hermes-agent-reasoning-traces:glm-5.1:train:262,ok,
hermes:glm-5.1:0b78bfea-c1d7-40ec-9991-24173a106064,0b78bfea-c1d7-40ec-9991-24173a106064,glm-5.1,True,27,False,,False,False,Terminal & Coding,Terminal Tasks,lambda/hermes-agent-reasoning-traces:glm-5.1:train:2439,ok,
hermes:glm-5.1:0b7a05a4-0249-4459-a04c-969dc443f9ad,0b7a05a4-0249-4459-a04c-969dc443f9ad,glm-5.1,True,29,False,,False,False,Browser Automation,Browser Tasks,lambda/hermes-agent-reasoning-traces:glm-5.1:train:2928,ok,
hermes:glm-5.1:0b8922ba-5511-41ac-afa2-e5ff87995172,0b8922ba-5511-41ac-afa2-e5ff87995172,glm-5.1,True,19,False,,False,False,Terminal & Coding,Terminal Tasks,lambda/hermes-agent-reasoning-traces:glm-5.1:train:1435,ok,
hermes:glm-5.1:0ba89552-c305-47f3-821d-4a55b1c6ff7d,0ba89552-c305-47f3-821d-4a55b1c6ff7d,glm-5.1,True,12,False,,False,False,Terminal & Coding,Terminal Tasks,lambda/hermes-agent-reasoning-traces:glm-5.1:train:2023,ok,
hermes:glm-5.1:0bb2c47f-5aee-459c-94c9-5fca19edf40e,0bb2c47f-5aee-459c-94c9-5fca19edf40e,glm-5.1,True,20,False,,False,False,Terminal & Coding,Terminal Tasks,lambda/hermes-agent-reasoning-traces:glm-5.1:train:1209,ok,
hermes:glm-5.1:0bb97575-55c1-4590-9d1b-97a6d38754f4,0bb97575-55c1-4590-9d1b-97a6d38754f4,glm-5.1,True,12,False,,False,False,Terminal & Coding,Terminal Tasks,lambda/hermes-agent-reasoning-traces:glm-5.1:train:2252,ok,
hermes:glm-5.1:0be8a199-c026-43f7-ae59-360560da218d,0be8a199-c026-43f7-ae59-360560da218d,glm-5.1,True,14,False,,False,False,Scheduling,Cron Jobs,lambda/hermes-agent-reasoning-traces:glm-5.1:train:2065,ok,
hermes:glm-5.1:0c1640ee-9f03-4b85-a5df-335620eefcc7,0c1640ee-9f03-4b85-a5df-335620eefcc7,glm-5.1,True,18,False,,False,False,Scheduling,Cron Jobs,lambda/hermes-agent-reasoning-traces:glm-5.1:train:1141,ok,
hermes:glm-5.1:0c1c16e8-9670-467f-a8fd-4596bc661f62,0c1c16e8-9670-467f-a8fd-4596bc661f62,glm-5.1,True,20,False,,False,False,Browser Automation,Browser Tasks,lambda/hermes-agent-reasoning-traces:glm-5.1:train:2970,ok,
hermes:glm-5.1:0c320c57-779e-487a-8818-4426eec0aceb,0c320c57-779e-487a-8818-4426eec0aceb,glm-5.1,True,12,False,,False,False,Planning & Organization,Planning Tasks,lambda/hermes-agent-reasoning-traces:glm-5.1:train:1741,ok,
hermes:glm-5.1:0c435e15-572d-463b-9618-4ba677dc0089,0c435e15-572d-463b-9618-4ba677dc0089,glm-5.1,True,27,False,,False,False,Scheduling,Cron Jobs,lambda/hermes-agent-reasoning-traces:glm-5.1:train:313,ok,
hermes:glm-5.1:0c556af3-622a-4c4b-9419-993967ebc517,0c556af3-622a-4c4b-9419-993967ebc517,glm-5.1,True,23,False,,False,False,Browser Automation,Browser Tasks,lambda/hermes-agent-reasoning-traces:glm-5.1:train:2551,ok,
hermes:glm-5.1:0c5f862a-7601-4b73-83c1-06c617f20ec6,0c5f862a-7601-4b73-83c1-06c617f20ec6,glm-5.1,True,25,False,,False,False,File Operations,File Tasks,lambda/hermes-agent-reasoning-traces:glm-5.1:train:4,ok,
hermes:glm-5.1:0c650e7c-52f6-419e-86fb-f7fc85a61342,0c650e7c-52f6-419e-86fb-f7fc85a61342,glm-5.1,True,23,False,,False,False,Terminal & Coding,Terminal Tasks,lambda/hermes-agent-reasoning-traces:glm-5.1:train:365,ok,
hermes:glm-5.1:0c82cf77-2ad0-401a-99ed-c6c90999d3b5,0c82cf77-2ad0-401a-99ed-c6c90999d3b5,glm-5.1,True,14,False,,False,False,Scheduling,Cron Jobs,lambda/hermes-agent-reasoning-traces:glm-5.1:train:1393,ok,
hermes:glm-5.1:0c86b6f9-5a99-491d-ab06-3faac1a09d49,0c86b6f9-5a99-491d-ab06-3faac1a09d49,glm-5.1,True,10,False,,False,False,Terminal & Coding,Terminal Tasks,lambda/hermes-agent-reasoning-traces:glm-5.1:train:1058,ok,
hermes:glm-5.1:0c8ca6bc-f184-40c8-9b27-5dd06c450d7b,0c8ca6bc-f184-40c8-9b27-5dd06c450d7b,glm-5.1,True,22,False,,False,False,File Operations,File Tasks,lambda/hermes-agent-reasoning-traces:glm-5.1:train:1239,ok,
hermes:glm-5.1:0ca4e881-cf5b-4d7b-ab62-47ac7ba79ee1,0ca4e881-cf5b-4d7b-ab62-47ac7ba79ee1,glm-5.1,True,14,False,,False,False,Terminal & Coding,Terminal Tasks,lambda/hermes-agent-reasoning-traces:glm-5.1:train:2209,ok,
hermes:glm-5.1:0ca55de4-561d-42fa-a154-f17edd926b93,0ca55de4-561d-42fa-a154-f17edd926b93,glm-5.1,True,31,False,,False,False,Terminal & Coding,Terminal Tasks,lambda/hermes-agent-reasoning-traces:glm-5.1:train:1224,ok,
hermes:glm-5.1:0ca7545a-7b8f-4d97-bab0-64768614670f,0ca7545a-7b8f-4d97-bab0-64768614670f,glm-5.1,True,17,False,,False,False,Terminal & Coding,Terminal Tasks,lambda/hermes-agent-reasoning-traces:glm-5.1:train:824,ok,
hermes:glm-5.1:0cab9164-2020-4123-a1a6-f8f0b7247a77,0cab9164-2020-4123-a1a6-f8f0b7247a77,glm-5.1,True,24,False,,False,False,Browser Automation,Browser Tasks,lambda/hermes-agent-reasoning-traces:glm-5.1:train:2601,ok,
hermes:glm-5.1:0cc848f9-9f43-45c3-a0dd-62ebfdbe7859,0cc848f9-9f43-45c3-a0dd-62ebfdbe7859,glm-5.1,True,9,False,,False,False,File Operations,File Tasks,lambda/hermes-agent-reasoning-traces:glm-5.1:train:2357,ok,
hermes:glm-5.1:0cf450c3-0c43-4547-a381-e5f6daccfeda,0cf450c3-0c43-4547-a381-e5f6daccfeda,glm-5.1,True,12,False,,False,False,Terminal & Coding,Terminal Tasks,lambda/hermes-agent-reasoning-traces:glm-5.1:train:823,ok,
hermes:glm-5.1:0d01ad61-2daf-41d8-b270-775f32b4e4c1,0d01ad61-2daf-41d8-b270-775f32b4e4c1,glm-5.1,True,17,False,,False,False,Terminal & Coding,Terminal Tasks,lambda/hermes-agent-reasoning-traces:glm-5.1:train:72,ok,
hermes:glm-5.1:0d3144c5-8ce2-4d5f-b913-0f5d8db0f1ef,0d3144c5-8ce2-4d5f-b913-0f5d8db0f1ef,glm-5.1,True,12,False,,False,False,Terminal & Coding,Terminal Tasks,lambda/hermes-agent-reasoning-traces:glm-5.1:train:394,ok,
hermes:glm-5.1:0d33317f-ca95-4245-9a68-2013231ae16b,0d33317f-ca95-4245-9a68-2013231ae16b,glm-5.1,True,16,False,,False,False,Browser Automation,Browser Tasks,lambda/hermes-agent-reasoning-traces:glm-5.1:train:2884,ok,
hermes:glm-5.1:0d377028-fcde-45af-b0df-bc9981bcf34c,0d377028-fcde-45af-b0df-bc9981bcf34c,glm-5.1,True,9,False,,False,False,Terminal & Coding,Terminal Tasks,lambda/hermes-agent-reasoning-traces:glm-5.1:train:2123,ok,
hermes:glm-5.1:0d417569-ef5f-4c5c-b013-6c2ae8e7feda,0d417569-ef5f-4c5c-b013-6c2ae8e7feda,glm-5.1,True,12,False,,False,False,Terminal & Coding,Terminal Tasks,lambda/hermes-agent-reasoning-traces:glm-5.1:train:2379,ok,
hermes:glm-5.1:0d8e1f6b-46ec-49bc-b447-ed96101a5825,0d8e1f6b-46ec-49bc-b447-ed96101a5825,glm-5.1,True,20,False,,False,False,Terminal & Coding,Terminal Tasks,lambda/hermes-agent-reasoning-traces:glm-5.1:train:192,ok,
hermes:glm-5.1:0d93989d-b37e-416b-a09a-7f572302a146,0d93989d-b37e-416b-a09a-7f572302a146,glm-5.1,True,10,False,,False,False,Terminal & Coding,Terminal Tasks,lambda/hermes-agent-reasoning-traces:glm-5.1:train:1531,ok,
hermes:glm-5.1:0e3123ed-82a2-440a-9c7e-4145131c1a4d,0e3123ed-82a2-440a-9c7e-4145131c1a4d,glm-5.1,True,22,False,,False,False,Browser Automation,Browser Tasks,lambda/hermes-agent-reasoning-traces:glm-5.1:train:2700,ok,
hermes:glm-5.1:0e3d9428-050a-4781-afce-e0a2a334d2c9,0e3d9428-050a-4781-afce-e0a2a334d2c9,glm-5.1,True,23,False,,False,False,Terminal & Coding,Terminal Tasks,lambda/hermes-agent-reasoning-traces:glm-5.1:train:76,ok,
hermes:glm-5.1:0e4e6253-d3a7-4f41-b66e-71923e559b32,0e4e6253-d3a7-4f41-b66e-71923e559b32,glm-5.1,True,14,False,,False,False,Scheduling,Cron Jobs,lambda/hermes-agent-reasoning-traces:glm-5.1:train:2144,ok,
hermes:glm-5.1:0e926942-3b1c-4442-a41f-e7de4c2ea369,0e926942-3b1c-4442-a41f-e7de4c2ea369,glm-5.1,True,21,False,,False,False,Terminal & Coding,Terminal Tasks,lambda/hermes-agent-reasoning-traces:glm-5.1:train:2330,ok,
hermes:glm-5.1:0ea00fc6-f7aa-4737-bcb9-4c64491da61a,0ea00fc6-f7aa-4737-bcb9-4c64491da61a,glm-5.1,True,10,False,,False,False,Terminal & Coding,Terminal Tasks,lambda/hermes-agent-reasoning-traces:glm-5.1:train:2334,ok,
hermes:glm-5.1:0ea4e6d9-a6c1-4049-8ac5-5a5971e816e7,0ea4e6d9-a6c1-4049-8ac5-5a5971e816e7,glm-5.1,True,23,False,,False,False,Browser Automation,Browser Tasks,lambda/hermes-agent-reasoning-traces:glm-5.1:train:2534,ok,
hermes:glm-5.1:0ebfc08c-0ad9-4255-90fa-3e9a6cb6ee4f,0ebfc08c-0ad9-4255-90fa-3e9a6cb6ee4f,glm-5.1,True,25,False,,False,False,Terminal & Coding,Terminal Tasks,lambda/hermes-agent-reasoning-traces:glm-5.1:train:257,ok,
hermes:glm-5.1:0edb42fa-c6f5-4595-9d77-dd88389e6ffb,0edb42fa-c6f5-4595-9d77-dd88389e6ffb,glm-5.1,True,29,False,,False,False,Browser Automation,Browser Tasks,lambda/hermes-agent-reasoning-traces:glm-5.1:train:2949,ok,
hermes:glm-5.1:0ee0add8-730f-4ec2-8f0d-bc418635421a,0ee0add8-730f-4ec2-8f0d-bc418635421a,glm-5.1,True,23,False,,False,False,Terminal & Coding,Terminal Tasks,lambda/hermes-agent-reasoning-traces:glm-5.1:train:1674,ok,
hermes:glm-5.1:0ee5ab88-b1d9-4a56-9f6e-66b67a8a572c,0ee5ab88-b1d9-4a56-9f6e-66b67a8a572c,glm-5.1,True,14,False,,False,False,Terminal & Coding,Terminal Tasks,lambda/hermes-agent-reasoning-traces:glm-5.1:train:358,ok,
hermes:glm-5.1:0f0293c3-6a5f-4c5d-97a6-fed345542794,0f0293c3-6a5f-4c5d-97a6-fed345542794,glm-5.1,True,27,False,,False,False,Browser Automation,Browser Tasks,lambda/hermes-agent-reasoning-traces:glm-5.1:train:2943,ok,
hermes:glm-5.1:0f350b55-4d96-447d-8e85-6f9d71c45c53,0f350b55-4d96-447d-8e85-6f9d71c45c53,glm-5.1,True,14,False,,False,False,File Operations,File Tasks,lambda/hermes-agent-reasoning-traces:glm-5.1:train:1764,ok,
hermes:glm-5.1:0f47d69f-20e1-4001-a725-cffb13378a23,0f47d69f-20e1-4001-a725-cffb13378a23,glm-5.1,True,23,False,,False,False,Browser Automation,Browser Tasks,lambda/hermes-agent-reasoning-traces:glm-5.1:train:2870,ok,
hermes:glm-5.1:0f5007e0-1ff2-4e34-a76b-b8e5afd085ec,0f5007e0-1ff2-4e34-a76b-b8e5afd085ec,glm-5.1,True,10,False,,False,False,Terminal & Coding,Terminal Tasks,lambda/hermes-agent-reasoning-traces:glm-5.1:train:2027,ok,
hermes:glm-5.1:0f5de14f-23e8-48bb-ba51-7fe39eac97e2,0f5de14f-23e8-48bb-ba51-7fe39eac97e2,glm-5.1,True,25,False,,False,False,Browser Automation,Browser Tasks,lambda/hermes-agent-reasoning-traces:glm-5.1:train:2881,ok,
hermes:glm-5.1:0f743603-0818-4584-a819-f404af334f71,0f743603-0818-4584-a819-f404af334f71,glm-5.1,True,25,False,,False,False,Terminal & Coding,Terminal Tasks,lambda/hermes-agent-reasoning-traces:glm-5.1:train:2014,ok,
hermes:glm-5.1:0f79895d-226b-44b5-895f-7def6c70856f,0f79895d-226b-44b5-895f-7def6c70856f,glm-5.1,True,31,False,,False,False,Browser Automation,Browser Tasks,lambda/hermes-agent-reasoning-traces:glm-5.1:train:2539,ok,
hermes:glm-5.1:0fb4aaec-acad-453f-b2a9-65ed8793e830,0fb4aaec-acad-453f-b2a9-65ed8793e830,glm-5.1,True,12,False,,False,False,File Operations,File Tasks,lambda/hermes-agent-reasoning-traces:glm-5.1:train:541,ok,
hermes:glm-5.1:0fb5a09f-2ab5-49a5-88bf-74e0d2cc67c1,0fb5a09f-2ab5-49a5-88bf-74e0d2cc67c1,glm-5.1,True,12,False,,False,False,Terminal & Coding,Terminal Tasks,lambda/hermes-agent-reasoning-traces:glm-5.1:train:1851,ok,
hermes:glm-5.1:0fcca761-d4c9-4d9d-b86d-7ac77b92edc4,0fcca761-d4c9-4d9d-b86d-7ac77b92edc4,glm-5.1,True,18,False,,False,False,File Operations,File Tasks,lambda/hermes-agent-reasoning-traces:glm-5.1:train:2302,ok,
hermes:glm-5.1:0fd9da83-1620-46f9-a1f7-a0fd43614283,0fd9da83-1620-46f9-a1f7-a0fd43614283,glm-5.1,True,14,False,,False,False,Terminal & Coding,Terminal Tasks,lambda/hermes-agent-reasoning-traces:glm-5.1:train:1426,ok,
hermes:glm-5.1:0ffa20c7-fbb9-4e61-94ce-1e4a09577c57,0ffa20c7-fbb9-4e61-94ce-1e4a09577c57,glm-5.1,True,27,False,,False,False,Terminal & Coding,Terminal Tasks,lambda/hermes-agent-reasoning-traces:glm-5.1:train:969,ok,
hermes:glm-5.1:1008b058-6682-494c-a47e-2f6dea2ee95b,1008b058-6682-494c-a47e-2f6dea2ee95b,glm-5.1,True,14,False,,False,False,Terminal & Coding,Terminal Tasks,lambda/hermes-agent-reasoning-traces:glm-5.1:train:16,ok,
hermes:glm-5.1:1017170f-2c0a-41ec-b34f-6033c460c2d1,1017170f-2c0a-41ec-b34f-6033c460c2d1,glm-5.1,True,22,False,,False,False,Browser Automation,Browser Tasks,lambda/hermes-agent-reasoning-traces:glm-5.1:train:2837,ok,
hermes:glm-5.1:1038d4f1-3b9a-4846-bd13-ddf0e5b37180,1038d4f1-3b9a-4846-bd13-ddf0e5b37180,glm-5.1,True,25,False,,False,False,Terminal & Coding,Terminal Tasks,lambda/hermes-agent-reasoning-traces:glm-5.1:train:336,ok,
hermes:glm-5.1:105ff4c5-8a2f-4bd3-9000-61934728f65f,105ff4c5-8a2f-4bd3-9000-61934728f65f,glm-5.1,True,13,False,,False,False,Terminal & Coding,Terminal Tasks,lambda/hermes-agent-reasoning-traces:glm-5.1:train:1371,ok,
hermes:glm-5.1:107cef70-10b6-4aaf-8a9f-80091ca67045,107cef70-10b6-4aaf-8a9f-80091ca67045,glm-5.1,True,20,False,,False,False,File Operations,File Tasks,lambda/hermes-agent-reasoning-traces:glm-5.1:train:1102,ok,
hermes:glm-5.1:108600ac-1953-40b4-91e6-e2b902be7ac5,108600ac-1953-40b4-91e6-e2b902be7ac5,glm-5.1,True,16,False,,False,False,File Operations,File Tasks,lambda/hermes-agent-reasoning-traces:glm-5.1:train:2278,ok,
hermes:glm-5.1:109bd446-8a1b-4fbf-b1e0-8911016e8598,109bd446-8a1b-4fbf-b1e0-8911016e8598,glm-5.1,True,22,False,,False,False,Terminal & Coding,Terminal Tasks,lambda/hermes-agent-reasoning-traces:glm-5.1:train:727,ok,
hermes:glm-5.1:10a02959-7d57-4f9d-b679-eca8417c9229,10a02959-7d57-4f9d-b679-eca8417c9229,glm-5.1,True,12,False,,False,False,Terminal & Coding,Terminal Tasks,lambda/hermes-agent-reasoning-traces:glm-5.1:train:887,ok,
hermes:glm-5.1:10a67638-dd8a-4a75-b6f3-4ec998918602,10a67638-dd8a-4a75-b6f3-4ec998918602,glm-5.1,True,27,False,,False,False,Browser Automation,Browser Tasks,lambda/hermes-agent-reasoning-traces:glm-5.1:train:2537,ok,
hermes:glm-5.1:10c224a7-9719-4200-85ad-d142ba2066a7,10c224a7-9719-4200-85ad-d142ba2066a7,glm-5.1,True,14,False,,False,False,Planning & Organization,Planning Tasks,lambda/hermes-agent-reasoning-traces:glm-5.1:train:279,ok,
hermes:glm-5.1:10c3921d-54b1-4ac7-81ca-b02e4b9871f1,10c3921d-54b1-4ac7-81ca-b02e4b9871f1,glm-5.1,True,27,False,,False,False,Terminal & Coding,Terminal Tasks,lambda/hermes-agent-reasoning-traces:glm-5.1:train:2172,ok,
hermes:glm-5.1:10ed829d-b635-424f-b98a-6ef7b4dc5a44,10ed829d-b635-424f-b98a-6ef7b4dc5a44,glm-5.1,True,29,False,,False,False,File Operations,File Tasks,lambda/hermes-agent-reasoning-traces:glm-5.1:train:1035,ok,
hermes:glm-5.1:10f05a16-1112-4c65-842b-1756441a8984,10f05a16-1112-4c65-842b-1756441a8984,glm-5.1,True,13,False,,False,False,Terminal & Coding,Terminal Tasks,lambda/hermes-agent-reasoning-traces:glm-5.1:train:1334,ok,
hermes:glm-5.1:10fd933b-f9f9-43c7-8fc9-bab172a717c6,10fd933b-f9f9-43c7-8fc9-bab172a717c6,glm-5.1,True,16,False,,False,False,Terminal & Coding,Terminal Tasks,lambda/hermes-agent-reasoning-traces:glm-5.1:train:546,ok,
hermes:glm-5.1:10fe7a11-f097-45cd-9518-36d9a8e0cac2,10fe7a11-f097-45cd-9518-36d9a8e0cac2,glm-5.1,True,12,False,,False,False,Terminal & Coding,Terminal Tasks,lambda/hermes-agent-reasoning-traces:glm-5.1:train:1854,ok,
hermes:glm-5.1:112b25e1-aa11-4be9-99fc-6962e7797399,112b25e1-aa11-4be9-99fc-6962e7797399,glm-5.1,True,16,False,,False,False,Terminal & Coding,Terminal Tasks,lambda/hermes-agent-reasoning-traces:glm-5.1:train:924,ok,
hermes:glm-5.1:113a7746-a3bb-45e7-b7ac-34fd6818e00d,113a7746-a3bb-45e7-b7ac-34fd6818e00d,glm-5.1,True,29,False,,False,False,Browser Automation,Browser Tasks,lambda/hermes-agent-reasoning-traces:glm-5.1:train:2632,ok,
hermes:glm-5.1:11454c84-54de-4f4b-b115-04eba5862061,11454c84-54de-4f4b-b115-04eba5862061,glm-5.1,True,11,False,,False,False,Terminal & Coding,Terminal Tasks,lambda/hermes-agent-reasoning-traces:glm-5.1:train:396,ok,
hermes:glm-5.1:1173c278-9d22-41c2-a4f0-bf3586cad701,1173c278-9d22-41c2-a4f0-bf3586cad701,glm-5.1,True,10,False,,False,False,Terminal & Coding,Terminal Tasks,lambda/hermes-agent-reasoning-traces:glm-5.1:train:40,ok,
hermes:glm-5.1:11918b60-8182-4574-ac42-2f2b5a5dc84d,11918b60-8182-4574-ac42-2f2b5a5dc84d,glm-5.1,True,14,False,,False,False,Terminal & Coding,Terminal Tasks,lambda/hermes-agent-reasoning-traces:glm-5.1:train:278,ok,
hermes:glm-5.1:119328ff-5afc-4aff-9375-ea6e220d0c9f,119328ff-5afc-4aff-9375-ea6e220d0c9f,glm-5.1,True,12,False,,False,False,Terminal & Coding,Terminal Tasks,lambda/hermes-agent-reasoning-traces:glm-5.1:train:2190,ok,
hermes:glm-5.1:11938afa-f9fe-4d1d-95f1-249906f1a00d,11938afa-f9fe-4d1d-95f1-249906f1a00d,glm-5.1,True,29,False,,False,False,File Operations,File Tasks,lambda/hermes-agent-reasoning-traces:glm-5.1:train:23,ok,
hermes:glm-5.1:11c3fc05-ada2-4fea-9f82-b525ccfdcf1f,11c3fc05-ada2-4fea-9f82-b525ccfdcf1f,glm-5.1,True,23,False,,False,False,Terminal & Coding,Terminal Tasks,lambda/hermes-agent-reasoning-traces:glm-5.1:train:35,ok,
hermes:glm-5.1:11d4f256-c1d6-4cd9-9a7e-2f3322778163,11d4f256-c1d6-4cd9-9a7e-2f3322778163,glm-5.1,True,16,False,,False,False,Terminal & Coding,Terminal Tasks,lambda/hermes-agent-reasoning-traces:glm-5.1:train:1544,ok,
hermes:glm-5.1:11d9fae5-6c9e-426d-9b11-6a5e106a3bfd,11d9fae5-6c9e-426d-9b11-6a5e106a3bfd,glm-5.1,True,27,False,,False,False,Terminal & Coding,Terminal Tasks,lambda/hermes-agent-reasoning-traces:glm-5.1:train:2463,ok,
hermes:glm-5.1:124ae456-2454-4b57-aa0d-ff5222f363a0,124ae456-2454-4b57-aa0d-ff5222f363a0,glm-5.1,True,23,False,,False,False,Terminal & Coding,Terminal Tasks,lambda/hermes-agent-reasoning-traces:glm-5.1:train:1534,ok,
hermes:glm-5.1:1252e9a9-caec-4ca0-80ae-2203ab17be6f,1252e9a9-caec-4ca0-80ae-2203ab17be6f,glm-5.1,True,29,False,,False,False,Browser Automation,Browser Tasks,lambda/hermes-agent-reasoning-traces:glm-5.1:train:2955,ok,
hermes:glm-5.1:12677310-39a8-40f6-89be-5a55e12de9b0,12677310-39a8-40f6-89be-5a55e12de9b0,glm-5.1,True,12,False,,False,False,Terminal & Coding,Terminal Tasks,lambda/hermes-agent-reasoning-traces:glm-5.1:train:1260,ok,
hermes:glm-5.1:127d2102-d9de-48a6-9925-42e93c397319,127d2102-d9de-48a6-9925-42e93c397319,glm-5.1,True,12,False,,False,False,Terminal & Coding,Terminal Tasks,lambda/hermes-agent-reasoning-traces:glm-5.1:train:2148,ok,
hermes:glm-5.1:12b5ab1a-710b-45c9-b0d9-eaa495af1685,12b5ab1a-710b-45c9-b0d9-eaa495af1685,glm-5.1,True,18,False,,False,False,Terminal & Coding,Terminal Tasks,lambda/hermes-agent-reasoning-traces:glm-5.1:train:1400,ok,
hermes:glm-5.1:12ca3bf1-a0df-454e-8930-b7277d6f2b79,12ca3bf1-a0df-454e-8930-b7277d6f2b79,glm-5.1,True,21,False,,False,False,Terminal & Coding,Terminal Tasks,lambda/hermes-agent-reasoning-traces:glm-5.1:train:1083,ok,
hermes:glm-5.1:12f54f75-fb3b-4d21-8f4f-a4ce3c96074f,12f54f75-fb3b-4d21-8f4f-a4ce3c96074f,glm-5.1,True,14,False,,False,False,Terminal & Coding,Terminal Tasks,lambda/hermes-agent-reasoning-traces:glm-5.1:train:2069,ok,
hermes:glm-5.1:130b08af-68be-4838-9ef7-13f806767631,130b08af-68be-4838-9ef7-13f806767631,glm-5.1,True,14,False,,False,False,Scheduling,Cron Jobs,lambda/hermes-agent-reasoning-traces:glm-5.1:train:1982,ok,
hermes:glm-5.1:1311142f-f991-4bd7-8491-7b73f28107f8,1311142f-f991-4bd7-8491-7b73f28107f8,glm-5.1,True,16,False,,False,False,File Operations,File Tasks,lambda/hermes-agent-reasoning-traces:glm-5.1:train:1294,ok,
hermes:glm-5.1:13198952-e066-4d04-83f4-88c12606b9c1,13198952-e066-4d04-83f4-88c12606b9c1,glm-5.1,True,12,False,,False,False,Terminal & Coding,Terminal Tasks,lambda/hermes-agent-reasoning-traces:glm-5.1:train:619,ok,
hermes:glm-5.1:13275c95-6f47-426f-8abe-f3eae6935ebb,13275c95-6f47-426f-8abe-f3eae6935ebb,glm-5.1,True,16,False,,False,False,Terminal & Coding,Terminal Tasks,lambda/hermes-agent-reasoning-traces:glm-5.1:train:665,ok,
hermes:glm-5.1:1356dcbb-261d-4a86-844d-e25c02853e26,1356dcbb-261d-4a86-844d-e25c02853e26,glm-5.1,True,22,False,,False,False,Browser Automation,Browser Tasks,lambda/hermes-agent-reasoning-traces:glm-5.1:train:2656,ok,
hermes:glm-5.1:1370aa4a-ddca-4f5b-aad1-f19b93a2a4ea,1370aa4a-ddca-4f5b-aad1-f19b93a2a4ea,glm-5.1,True,25,False,,False,False,Browser Automation,Browser Tasks,lambda/hermes-agent-reasoning-traces:glm-5.1:train:2802,ok,
hermes:glm-5.1:137764e1-ed1a-4ca1-a8af-dbe221a6e42b,137764e1-ed1a-4ca1-a8af-dbe221a6e42b,glm-5.1,True,14,False,,False,False,Terminal & Coding,Terminal Tasks,lambda/hermes-agent-reasoning-traces:glm-5.1:train:1399,ok,
hermes:glm-5.1:138efd59-793d-4c5a-9d3a-8935ed92ada8,138efd59-793d-4c5a-9d3a-8935ed92ada8,glm-5.1,True,31,False,,False,False,Terminal & Coding,Terminal Tasks,lambda/hermes-agent-reasoning-traces:glm-5.1:train:1299,ok,
hermes:glm-5.1:13b59c96-363b-4d22-8e73-c2cc9962166e,13b59c96-363b-4d22-8e73-c2cc9962166e,glm-5.1,True,27,False,,False,False,Terminal & Coding,Terminal Tasks,lambda/hermes-agent-reasoning-traces:glm-5.1:train:1577,ok,
hermes:glm-5.1:13cb9b18-0d5c-4aa4-bafb-55078a699851,13cb9b18-0d5c-4aa4-bafb-55078a699851,glm-5.1,True,10,False,,False,False,Terminal & Coding,Terminal Tasks,lambda/hermes-agent-reasoning-traces:glm-5.1:train:696,ok,
hermes:glm-5.1:13ebaf71-ab40-4938-9ff3-4cae28e70157,13ebaf71-ab40-4938-9ff3-4cae28e70157,glm-5.1,True,31,False,,False,False,Terminal & Coding,Terminal Tasks,lambda/hermes-agent-reasoning-traces:glm-5.1:train:673,ok,
hermes:glm-5.1:14052743-616f-42c0-a6ab-71d63c1648ac,14052743-616f-42c0-a6ab-71d63c1648ac,glm-5.1,True,29,False,,False,False,Browser Automation,Browser Tasks,lambda/hermes-agent-reasoning-traces:glm-5.1:train:2590,ok,
hermes:glm-5.1:141d328b-4897-492b-b7ba-b4c8258d7c70,141d328b-4897-492b-b7ba-b4c8258d7c70,glm-5.1,True,18,False,,False,False,Terminal & Coding,Terminal Tasks,lambda/hermes-agent-reasoning-traces:glm-5.1:train:1072,ok,
hermes:glm-5.1:144b9440-b9a6-4956-b38f-e5dea80fbe59,144b9440-b9a6-4956-b38f-e5dea80fbe59,glm-5.1,True,11,False,,False,False,File Operations,File Tasks,lambda/hermes-agent-reasoning-traces:glm-5.1:train:2374,ok,
hermes:glm-5.1:14beb0fc-7213-40ad-bdd1-869c652a0d54,14beb0fc-7213-40ad-bdd1-869c652a0d54,glm-5.1,True,27,False,,False,False,Terminal & Coding,Terminal Tasks,lambda/hermes-agent-reasoning-traces:glm-5.1:train:342,ok,
hermes:glm-5.1:14bf497b-b69d-49b9-9276-995c624514c3,14bf497b-b69d-49b9-9276-995c624514c3,glm-5.1,True,27,False,,False,False,Terminal & Coding,Terminal Tasks,lambda/hermes-agent-reasoning-traces:glm-5.1:train:1021,ok,
hermes:glm-5.1:14c097c0-8ee7-4bee-a159-98442507d76d,14c097c0-8ee7-4bee-a159-98442507d76d,glm-5.1,True,14,False,,False,False,Scheduling,Cron Jobs,lambda/hermes-agent-reasoning-traces:glm-5.1:train:2390,ok,
hermes:glm-5.1:14d70871-81df-4783-8ef9-a2c67a65000b,14d70871-81df-4783-8ef9-a2c67a65000b,glm-5.1,True,29,False,,False,False,Browser Automation,Browser Tasks,lambda/hermes-agent-reasoning-traces:glm-5.1:train:2839,ok,
hermes:glm-5.1:14e994e4-79d1-40c1-b1b6-9470c6f30b2e,14e994e4-79d1-40c1-b1b6-9470c6f30b2e,glm-5.1,True,18,False,,False,False,Browser Automation,Browser Tasks,lambda/hermes-agent-reasoning-traces:glm-5.1:train:2927,ok,
hermes:glm-5.1:14f6e28e-b3c1-4669-9642-037de66679af,14f6e28e-b3c1-4669-9642-037de66679af,glm-5.1,True,16,False,,False,False,Terminal & Coding,Terminal Tasks,lambda/hermes-agent-reasoning-traces:glm-5.1:train:190,ok,
hermes:glm-5.1:14fcdb2f-2ad3-4ad0-8d3c-d04cbe29f98c,14fcdb2f-2ad3-4ad0-8d3c-d04cbe29f98c,glm-5.1,True,29,False,,False,False,Browser Automation,Browser Tasks,lambda/hermes-agent-reasoning-traces:glm-5.1:train:2595,ok,
hermes:glm-5.1:150181c9-a407-4727-9da8-80d4f01fe81e,150181c9-a407-4727-9da8-80d4f01fe81e,glm-5.1,True,21,False,,False,False,Terminal & Coding,Terminal Tasks,lambda/hermes-agent-reasoning-traces:glm-5.1:train:1751,ok,
hermes:glm-5.1:15293fd1-62c1-415a-8b21-7e90df3cf938,15293fd1-62c1-415a-8b21-7e90df3cf938,glm-5.1,True,15,False,,False,False,Browser Automation,Browser Tasks,lambda/hermes-agent-reasoning-traces:glm-5.1:train:2918,ok,
hermes:glm-5.1:15486376-2efc-4dbc-81e6-af22f1e69b6e,15486376-2efc-4dbc-81e6-af22f1e69b6e,glm-5.1,True,16,False,,False,False,Planning & Organization,Planning Tasks,lambda/hermes-agent-reasoning-traces:glm-5.1:train:265,ok,
hermes:glm-5.1:155a2982-f00c-4cf8-bcd0-7aa57aa4c015,155a2982-f00c-4cf8-bcd0-7aa57aa4c015,glm-5.1,True,14,False,,False,False,Terminal & Coding,Terminal Tasks,lambda/hermes-agent-reasoning-traces:glm-5.1:train:2377,ok,
hermes:glm-5.1:155d6e26-e3e0-48a8-974a-f9f07a5f7e71,155d6e26-e3e0-48a8-974a-f9f07a5f7e71,glm-5.1,True,14,False,,False,False,Terminal & Coding,Terminal Tasks,lambda/hermes-agent-reasoning-traces:glm-5.1:train:1790,ok,
hermes:glm-5.1:1574a6c5-63b7-4abc-8299-edc15e910f7e,1574a6c5-63b7-4abc-8299-edc15e910f7e,glm-5.1,True,31,False,,False,False,Browser Automation,Browser Tasks,lambda/hermes-agent-reasoning-traces:glm-5.1:train:2803,ok,
hermes:glm-5.1:15798610-e472-49d9-9b77-7a04f9e1f5f4,15798610-e472-49d9-9b77-7a04f9e1f5f4,glm-5.1,True,29,False,,False,False,Browser Automation,Browser Tasks,lambda/hermes-agent-reasoning-traces:glm-5.1:train:2569,ok,
hermes:glm-5.1:15bb54d0-fe80-4ce1-b062-ef0d633c0e3c,15bb54d0-fe80-4ce1-b062-ef0d633c0e3c,glm-5.1,True,11,False,,False,False,Terminal & Coding,Terminal Tasks,lambda/hermes-agent-reasoning-traces:glm-5.1:train:136,ok,
hermes:glm-5.1:15eb8416-4029-4c5e-94c5-fa51b36a7aad,15eb8416-4029-4c5e-94c5-fa51b36a7aad,glm-5.1,True,10,False,,False,False,Browser Automation,Browser Tasks,lambda/hermes-agent-reasoning-traces:glm-5.1:train:2667,ok,
hermes:glm-5.1:1602bda2-a5ed-4647-b43c-b3605e99b355,1602bda2-a5ed-4647-b43c-b3605e99b355,glm-5.1,True,11,False,,False,False,Terminal & Coding,Terminal Tasks,lambda/hermes-agent-reasoning-traces:glm-5.1:train:184,ok,
hermes:glm-5.1:16182c8f-733d-41f2-b54c-e6812f331ce9,16182c8f-733d-41f2-b54c-e6812f331ce9,glm-5.1,True,18,False,,False,False,Terminal & Coding,Terminal Tasks,lambda/hermes-agent-reasoning-traces:glm-5.1:train:468,ok,
hermes:glm-5.1:1645c8df-3147-480a-86e8-35a9e888640b,1645c8df-3147-480a-86e8-35a9e888640b,glm-5.1,True,27,False,,False,False,Terminal & Coding,Terminal Tasks,lambda/hermes-agent-reasoning-traces:glm-5.1:train:1734,ok,
hermes:glm-5.1:164f7574-e78e-4767-8fe9-572ed7fe645c,164f7574-e78e-4767-8fe9-572ed7fe645c,glm-5.1,True,16,False,,False,False,Terminal & Coding,Terminal Tasks,lambda/hermes-agent-reasoning-traces:glm-5.1:train:2288,ok,
hermes:glm-5.1:16506265-813a-4ac3-b764-949027a25bb2,16506265-813a-4ac3-b764-949027a25bb2,glm-5.1,True,12,False,,False,False,Terminal & Coding,Terminal Tasks,lambda/hermes-agent-reasoning-traces:glm-5.1:train:606,ok,
hermes:glm-5.1:165370de-18b8-4db4-98ff-dc145f2e1e9e,165370de-18b8-4db4-98ff-dc145f2e1e9e,glm-5.1,True,23,False,,False,False,Browser Automation,Browser Tasks,lambda/hermes-agent-reasoning-traces:glm-5.1:train:2916,ok,
hermes:glm-5.1:1682b302-a7c1-48b5-ab6c-96cd6aa37784,1682b302-a7c1-48b5-ab6c-96cd6aa37784,glm-5.1,True,29,False,,False,False,Browser Automation,Browser Tasks,lambda/hermes-agent-reasoning-traces:glm-5.1:train:2967,ok,
hermes:glm-5.1:1686a234-8b6f-49ed-8564-e0d4c5674d41,1686a234-8b6f-49ed-8564-e0d4c5674d41,glm-5.1,True,25,False,,False,False,Browser Automation,Browser Tasks,lambda/hermes-agent-reasoning-traces:glm-5.1:train:2513,ok,
hermes:glm-5.1:16895f8d-5c13-4ed3-a19f-dbb745d2c3a1,16895f8d-5c13-4ed3-a19f-dbb745d2c3a1,glm-5.1,True,27,False,,False,False,Terminal & Coding,Terminal Tasks,lambda/hermes-agent-reasoning-traces:glm-5.1:train:1562,ok,
hermes:glm-5.1:16bcbba3-d86b-4e0a-bedd-bcdede17b38e,16bcbba3-d86b-4e0a-bedd-bcdede17b38e,glm-5.1,True,12,False,,False,False,Terminal & Coding,Terminal Tasks,lambda/hermes-agent-reasoning-traces:glm-5.1:train:191,ok,
hermes:glm-5.1:16c234e6-bcde-4e2e-bc21-8b418fb083c8,16c234e6-bcde-4e2e-bc21-8b418fb083c8,glm-5.1,True,12,False,,False,False,Terminal & Coding,Terminal Tasks,lambda/hermes-agent-reasoning-traces:glm-5.1:train:1971,ok,
hermes:glm-5.1:16dd31b0-976d-4b24-8cdc-42d23ff2b667,16dd31b0-976d-4b24-8cdc-42d23ff2b667,glm-5.1,True,16,False,,False,False,Terminal & Coding,Terminal Tasks,lambda/hermes-agent-reasoning-traces:glm-5.1:train:1918,ok,
hermes:glm-5.1:170ba257-cffa-4770-8e13-d6e0e5961bdc,170ba257-cffa-4770-8e13-d6e0e5961bdc,glm-5.1,True,19,False,,False,False,Terminal & Coding,Terminal Tasks,lambda/hermes-agent-reasoning-traces:glm-5.1:train:348,ok,
hermes:glm-5.1:175f73ec-5524-4258-8e39-027189eb49cb,175f73ec-5524-4258-8e39-027189eb49cb,glm-5.1,True,27,False,,False,False,Terminal & Coding,Terminal Tasks,lambda/hermes-agent-reasoning-traces:glm-5.1:train:1182,ok,
hermes:glm-5.1:176f90d5-9b4e-48f6-b7f9-e0baa1ab2edc,176f90d5-9b4e-48f6-b7f9-e0baa1ab2edc,glm-5.1,True,25,False,,False,False,Terminal & Coding,Terminal Tasks,lambda/hermes-agent-reasoning-traces:glm-5.1:train:1378,ok,
hermes:glm-5.1:1787bf3f-0c7d-46ca-ad92-316fdbeb42f8,1787bf3f-0c7d-46ca-ad92-316fdbeb42f8,glm-5.1,True,12,False,,False,False,Terminal & Coding,Terminal Tasks,lambda/hermes-agent-reasoning-traces:glm-5.1:train:2016,ok,
hermes:glm-5.1:17aa3fba-a558-41bd-88d5-0db65e498b0f,17aa3fba-a558-41bd-88d5-0db65e498b0f,glm-5.1,True,21,False,,False,False,Browser Automation,Browser Tasks,lambda/hermes-agent-reasoning-traces:glm-5.1:train:2908,ok,
hermes:glm-5.1:17bda3bf-f9e2-4c05-9404-1022b8e61509,17bda3bf-f9e2-4c05-9404-1022b8e61509,glm-5.1,True,13,False,,False,False,Terminal & Coding,Terminal Tasks,lambda/hermes-agent-reasoning-traces:glm-5.1:train:1866,ok,
hermes:glm-5.1:17c34f96-8b17-4541-8f6a-87a56f51c42a,17c34f96-8b17-4541-8f6a-87a56f51c42a,glm-5.1,True,14,False,,False,False,Scheduling,Cron Jobs,lambda/hermes-agent-reasoning-traces:glm-5.1:train:1815,ok,
hermes:glm-5.1:17d065d5-65d5-47ba-a65c-79eb0e5f3dc5,17d065d5-65d5-47ba-a65c-79eb0e5f3dc5,glm-5.1,True,21,False,,False,False,Terminal & Coding,Terminal Tasks,lambda/hermes-agent-reasoning-traces:glm-5.1:train:1267,ok,
hermes:glm-5.1:17e0e146-4b35-49bd-8bca-37e29776a8b7,17e0e146-4b35-49bd-8bca-37e29776a8b7,glm-5.1,True,10,False,,False,False,Terminal & Coding,Terminal Tasks,lambda/hermes-agent-reasoning-traces:glm-5.1:train:1225,ok,
hermes:glm-5.1:17fcab7c-dc3c-43a9-aea4-8b67ad841c6e,17fcab7c-dc3c-43a9-aea4-8b67ad841c6e,glm-5.1,True,29,False,,False,False,Browser Automation,Browser Tasks,lambda/hermes-agent-reasoning-traces:glm-5.1:train:2872,ok,
hermes:glm-5.1:18076bcd-8f39-46be-acbb-44963904147b,18076bcd-8f39-46be-acbb-44963904147b,glm-5.1,True,23,False,,False,False,Terminal & Coding,Terminal Tasks,lambda/hermes-agent-reasoning-traces:glm-5.1:train:1103,ok,
hermes:glm-5.1:181c903e-64bd-4d63-a998-27da397d2524,181c903e-64bd-4d63-a998-27da397d2524,glm-5.1,True,16,False,,False,False,Scheduling,Cron Jobs,lambda/hermes-agent-reasoning-traces:glm-5.1:train:754,ok,
hermes:glm-5.1:184d5a3c-56ad-4311-b76b-66386e5548f6,184d5a3c-56ad-4311-b76b-66386e5548f6,glm-5.1,True,16,False,,False,False,Terminal & Coding,Terminal Tasks,lambda/hermes-agent-reasoning-traces:glm-5.1:train:1257,ok,
hermes:glm-5.1:1868b13c-efea-4908-9154-21946d755623,1868b13c-efea-4908-9154-21946d755623,glm-5.1,True,16,False,,False,False,Scheduling,Cron Jobs,lambda/hermes-agent-reasoning-traces:glm-5.1:train:50,ok,
hermes:glm-5.1:186e6d1d-989d-4522-bc5b-9c20f5c19cea,186e6d1d-989d-4522-bc5b-9c20f5c19cea,glm-5.1,True,23,False,,False,False,Terminal & Coding,Terminal Tasks,lambda/hermes-agent-reasoning-traces:glm-5.1:train:678,ok,
hermes:glm-5.1:187638d2-724a-49dc-aa79-e126e5d0f963,187638d2-724a-49dc-aa79-e126e5d0f963,glm-5.1,True,14,False,,False,False,Terminal & Coding,Terminal Tasks,lambda/hermes-agent-reasoning-traces:glm-5.1:train:1897,ok,
hermes:glm-5.1:1882eeb4-1da9-4709-944d-4aa2ba600480,1882eeb4-1da9-4709-944d-4aa2ba600480,glm-5.1,True,10,False,,False,False,Terminal & Coding,Terminal Tasks,lambda/hermes-agent-reasoning-traces:glm-5.1:train:1882,ok,
hermes:glm-5.1:18855b2a-b3f6-4bf8-b4fb-fab47184a85b,18855b2a-b3f6-4bf8-b4fb-fab47184a85b,glm-5.1,True,16,False,,False,False,Terminal & Coding,Terminal Tasks,lambda/hermes-agent-reasoning-traces:glm-5.1:train:965,ok,
hermes:glm-5.1:18a26084-301f-4152-a335-07e9e3a686c2,18a26084-301f-4152-a335-07e9e3a686c2,glm-5.1,True,20,False,,False,False,File Operations,File Tasks,lambda/hermes-agent-reasoning-traces:glm-5.1:train:202,ok,
hermes:glm-5.1:18a7e16f-9adc-4b63-9453-17c23ae430bb,18a7e16f-9adc-4b63-9453-17c23ae430bb,glm-5.1,True,10,False,,False,False,Terminal & Coding,Terminal Tasks,lambda/hermes-agent-reasoning-traces:glm-5.1:train:285,ok,
hermes:glm-5.1:18b8694a-99d3-49b5-99fc-51e311e1aa09,18b8694a-99d3-49b5-99fc-51e311e1aa09,glm-5.1,True,19,False,,False,False,Terminal & Coding,Terminal Tasks,lambda/hermes-agent-reasoning-traces:glm-5.1:train:1087,ok,
hermes:glm-5.1:18cdcfcd-da93-41c8-936e-409eead4eae2,18cdcfcd-da93-41c8-936e-409eead4eae2,glm-5.1,True,12,False,,False,False,Terminal & Coding,Terminal Tasks,lambda/hermes-agent-reasoning-traces:glm-5.1:train:1278,ok,
hermes:glm-5.1:18db47f4-793a-4d84-b762-c1b82058ae25,18db47f4-793a-4d84-b762-c1b82058ae25,glm-5.1,True,25,False,,False,False,Terminal & Coding,Terminal Tasks,lambda/hermes-agent-reasoning-traces:glm-5.1:train:646,ok,
hermes:glm-5.1:18e2696d-2198-41e4-b885-0d6bcdd6d6d7,18e2696d-2198-41e4-b885-0d6bcdd6d6d7,glm-5.1,True,18,False,,False,False,Terminal & Coding,Terminal Tasks,lambda/hermes-agent-reasoning-traces:glm-5.1:train:187,ok,
hermes:glm-5.1:18fe6c27-a5b4-4a0b-b092-5a3ea2e25bc0,18fe6c27-a5b4-4a0b-b092-5a3ea2e25bc0,glm-5.1,True,27,False,,False,False,Terminal & Coding,Terminal Tasks,lambda/hermes-agent-reasoning-traces:glm-5.1:train:2094,ok,
hermes:glm-5.1:1900c4d0-9ef9-4147-9abf-d521bcdd36a5,1900c4d0-9ef9-4147-9abf-d521bcdd36a5,glm-5.1,True,29,False,,False,False,Terminal & Coding,Terminal Tasks,lambda/hermes-agent-reasoning-traces:glm-5.1:train:1847,ok,
hermes:glm-5.1:190103db-d13c-41f0-bec3-00fbae765cf2,190103db-d13c-41f0-bec3-00fbae765cf2,glm-5.1,True,20,False,,False,False,Terminal & Coding,Terminal Tasks,lambda/hermes-agent-reasoning-traces:glm-5.1:train:768,ok,
hermes:glm-5.1:19020ddb-7cfa-4f9a-b971-606ed440c15b,19020ddb-7cfa-4f9a-b971-606ed440c15b,glm-5.1,True,12,False,,False,False,Terminal & Coding,Terminal Tasks,lambda/hermes-agent-reasoning-traces:glm-5.1:train:614,ok,
hermes:glm-5.1:1905d02f-4551-4d66-b2be-c6a7427ae6e6,1905d02f-4551-4d66-b2be-c6a7427ae6e6,glm-5.1,True,27,False,,False,False,Terminal & Coding,Terminal Tasks,lambda/hermes-agent-reasoning-traces:glm-5.1:train:1004,ok,
hermes:glm-5.1:1921c168-8259-47f0-82ff-05a353f40302,1921c168-8259-47f0-82ff-05a353f40302,glm-5.1,True,20,False,,False,False,Terminal & Coding,Terminal Tasks,lambda/hermes-agent-reasoning-traces:glm-5.1:train:1717,ok,
hermes:glm-5.1:19415de1-3740-42da-966e-cec8d9d0245b,19415de1-3740-42da-966e-cec8d9d0245b,glm-5.1,True,12,False,,False,False,Terminal & Coding,Terminal Tasks,lambda/hermes-agent-reasoning-traces:glm-5.1:train:708,ok,
hermes:glm-5.1:198f2886-8699-41fe-b41d-ab8cc8f3520e,198f2886-8699-41fe-b41d-ab8cc8f3520e,glm-5.1,True,20,False,,False,False,File Operations,File Tasks,lambda/hermes-agent-reasoning-traces:glm-5.1:train:1985,ok,
hermes:glm-5.1:199f8bf6-bca9-4ff9-a48d-adf78e2cc264,199f8bf6-bca9-4ff9-a48d-adf78e2cc264,glm-5.1,True,14,False,,False,False,Terminal & Coding,Terminal Tasks,lambda/hermes-agent-reasoning-traces:glm-5.1:train:181,ok,
hermes:glm-5.1:19cc99e7-6763-428b-aa74-bf5d38577dc0,19cc99e7-6763-428b-aa74-bf5d38577dc0,glm-5.1,True,10,False,,False,False,Terminal & Coding,Terminal Tasks,lambda/hermes-agent-reasoning-traces:glm-5.1:train:1523,ok,
hermes:glm-5.1:1a131dc9-716f-430d-b561-015e8bb5c645,1a131dc9-716f-430d-b561-015e8bb5c645,glm-5.1,True,14,False,,False,False,Terminal & Coding,Terminal Tasks,lambda/hermes-agent-reasoning-traces:glm-5.1:train:2001,ok,
hermes:glm-5.1:1a385acd-b756-4fb7-b1eb-7112493eb111,1a385acd-b756-4fb7-b1eb-7112493eb111,glm-5.1,True,12,False,,False,False,Terminal & Coding,Terminal Tasks,lambda/hermes-agent-reasoning-traces:glm-5.1:train:1381,ok,
hermes:glm-5.1:1a4ed05e-ee4e-4160-a394-c34dfc725b0f,1a4ed05e-ee4e-4160-a394-c34dfc725b0f,glm-5.1,True,17,False,,False,False,Terminal & Coding,Terminal Tasks,lambda/hermes-agent-reasoning-traces:glm-5.1:train:309,ok,
hermes:glm-5.1:1a5ba319-39ef-450a-806b-62786d3a3529,1a5ba319-39ef-450a-806b-62786d3a3529,glm-5.1,True,22,False,,False,False,Browser Automation,Browser Tasks,lambda/hermes-agent-reasoning-traces:glm-5.1:train:2982,ok,
hermes:glm-5.1:1a628f5b-f069-4961-962d-6db2dd09ed9f,1a628f5b-f069-4961-962d-6db2dd09ed9f,glm-5.1,True,14,False,,False,False,Terminal & Coding,Terminal Tasks,lambda/hermes-agent-reasoning-traces:glm-5.1:train:599,ok,
hermes:glm-5.1:1aa4f35d-2ff9-4e30-b865-1228ae827a4e,1aa4f35d-2ff9-4e30-b865-1228ae827a4e,glm-5.1,True,33,False,,False,False,Terminal & Coding,Terminal Tasks,lambda/hermes-agent-reasoning-traces:glm-5.1:train:261,ok,
hermes:glm-5.1:1aaca799-0d2e-44c3-a473-9e626272cf57,1aaca799-0d2e-44c3-a473-9e626272cf57,glm-5.1,True,12,False,,False,False,Terminal & Coding,Terminal Tasks,lambda/hermes-agent-reasoning-traces:glm-5.1:train:1700,ok,
hermes:glm-5.1:1ab56acd-0722-4e77-bb6e-9336a1cd546f,1ab56acd-0722-4e77-bb6e-9336a1cd546f,glm-5.1,True,29,False,,False,False,Terminal & Coding,Terminal Tasks,lambda/hermes-agent-reasoning-traces:glm-5.1:train:226,ok,
hermes:glm-5.1:1acbe38f-5835-42da-b466-36301fad845f,1acbe38f-5835-42da-b466-36301fad845f,glm-5.1,True,25,False,,False,False,Browser Automation,Browser Tasks,lambda/hermes-agent-reasoning-traces:glm-5.1:train:2905,ok,
hermes:glm-5.1:1ad0c61b-aa3f-4493-b2d9-f4bd2c5bad0e,1ad0c61b-aa3f-4493-b2d9-f4bd2c5bad0e,glm-5.1,True,14,False,,False,False,Terminal & Coding,Terminal Tasks,lambda/hermes-agent-reasoning-traces:glm-5.1:train:1006,ok,
hermes:glm-5.1:1b01528a-3a03-4708-a27d-4a8ca8bd194b,1b01528a-3a03-4708-a27d-4a8ca8bd194b,glm-5.1,True,25,False,,False,False,Terminal & Coding,Terminal Tasks,lambda/hermes-agent-reasoning-traces:glm-5.1:train:1596,ok,
hermes:glm-5.1:1b03ed99-fd02-4643-a6b1-75d31ab3a464,1b03ed99-fd02-4643-a6b1-75d31ab3a464,glm-5.1,True,25,False,,False,False,Terminal & Coding,Terminal Tasks,lambda/hermes-agent-reasoning-traces:glm-5.1:train:1281,ok,
hermes:glm-5.1:1b4f4017-174f-47a9-8e38-80e48f8261eb,1b4f4017-174f-47a9-8e38-80e48f8261eb,glm-5.1,True,25,False,,False,False,Browser Automation,Browser Tasks,lambda/hermes-agent-reasoning-traces:glm-5.1:train:2565,ok,
hermes:glm-5.1:1b510b01-5892-4810-8663-8f457280d904,1b510b01-5892-4810-8663-8f457280d904,glm-5.1,True,29,False,,False,False,Terminal & Coding,Terminal Tasks,lambda/hermes-agent-reasoning-traces:glm-5.1:train:0,ok,
hermes:glm-5.1:1b6b7fbe-2265-4e26-be4c-6451bede34f8,1b6b7fbe-2265-4e26-be4c-6451bede34f8,glm-5.1,True,31,False,,False,False,Terminal & Coding,Terminal Tasks,lambda/hermes-agent-reasoning-traces:glm-5.1:train:2267,ok,
hermes:glm-5.1:1b7f1848-661d-432f-bd67-9122b313cacf,1b7f1848-661d-432f-bd67-9122b313cacf,glm-5.1,True,12,False,,False,False,Terminal & Coding,Terminal Tasks,lambda/hermes-agent-reasoning-traces:glm-5.1:train:1659,ok,
hermes:glm-5.1:1bd07798-19bf-4220-bcd6-0628dac1c176,1bd07798-19bf-4220-bcd6-0628dac1c176,glm-5.1,True,14,False,,False,False,Terminal & Coding,Terminal Tasks,lambda/hermes-agent-reasoning-traces:glm-5.1:train:1777,ok,
hermes:glm-5.1:1bd174ca-4501-49ba-a328-9d73ba5c1c76,1bd174ca-4501-49ba-a328-9d73ba5c1c76,glm-5.1,True,23,False,,False,False,Terminal & Coding,Terminal Tasks,lambda/hermes-agent-reasoning-traces:glm-5.1:train:1911,ok,
hermes:glm-5.1:1be20b8d-6347-4aba-aa38-f3bc63e87997,1be20b8d-6347-4aba-aa38-f3bc63e87997,glm-5.1,True,16,False,,False,False,Terminal & Coding,Terminal Tasks,lambda/hermes-agent-reasoning-traces:glm-5.1:train:594,ok,
hermes:glm-5.1:1c065b95-a8c5-41dc-b6ca-f2bdd409c6ec,1c065b95-a8c5-41dc-b6ca-f2bdd409c6ec,glm-5.1,True,16,False,,False,False,Scheduling,Cron Jobs,lambda/hermes-agent-reasoning-traces:glm-5.1:train:1439,ok,
hermes:glm-5.1:1c14cf15-2bc3-4daa-8a36-34f734c10cfb,1c14cf15-2bc3-4daa-8a36-34f734c10cfb,glm-5.1,True,17,False,,False,False,Terminal & Coding,Terminal Tasks,lambda/hermes-agent-reasoning-traces:glm-5.1:train:1488,ok,
hermes:glm-5.1:1c2aeb73-02d6-4323-bc1c-dc109d797adb,1c2aeb73-02d6-4323-bc1c-dc109d797adb,glm-5.1,True,14,False,,False,False,File Operations,File Tasks,lambda/hermes-agent-reasoning-traces:glm-5.1:train:1223,ok,
hermes:glm-5.1:1c35fae1-12c4-44d2-a323-bda673c63a9e,1c35fae1-12c4-44d2-a323-bda673c63a9e,glm-5.1,True,31,False,,False,False,Terminal & Coding,Terminal Tasks,lambda/hermes-agent-reasoning-traces:glm-5.1:train:1974,ok,
hermes:glm-5.1:1c5787e7-f0d2-4239-bca2-6d29ec3e9d35,1c5787e7-f0d2-4239-bca2-6d29ec3e9d35,glm-5.1,True,12,False,,False,False,Terminal & Coding,Terminal Tasks,lambda/hermes-agent-reasoning-traces:glm-5.1:train:2355,ok,
hermes:glm-5.1:1c60ffd6-3770-40aa-a432-6390b76d2a7b,1c60ffd6-3770-40aa-a432-6390b76d2a7b,glm-5.1,True,25,False,,False,False,Terminal & Coding,Terminal Tasks,lambda/hermes-agent-reasoning-traces:glm-5.1:train:1240,ok,
hermes:glm-5.1:1cc22bfc-c56e-4b4d-b6ac-4142a7eba4ba,1cc22bfc-c56e-4b4d-b6ac-4142a7eba4ba,glm-5.1,True,23,False,,False,False,Browser Automation,Browser Tasks,lambda/hermes-agent-reasoning-traces:glm-5.1:train:2789,ok,
hermes:glm-5.1:1cf50db8-ca16-4bd7-b4ca-3c93241c3e15,1cf50db8-ca16-4bd7-b4ca-3c93241c3e15,glm-5.1,True,24,False,,False,False,Terminal & Coding,Terminal Tasks,lambda/hermes-agent-reasoning-traces:glm-5.1:train:1857,ok,
hermes:glm-5.1:1d183960-d75a-407b-a671-e833cdbd1b82,1d183960-d75a-407b-a671-e833cdbd1b82,glm-5.1,True,9,False,,False,False,Terminal & Coding,Terminal Tasks,lambda/hermes-agent-reasoning-traces:glm-5.1:train:2223,ok,
hermes:glm-5.1:1d207abe-1207-4f51-b7e5-c327a46508ca,1d207abe-1207-4f51-b7e5-c327a46508ca,glm-5.1,True,12,False,,False,False,Terminal & Coding,Terminal Tasks,lambda/hermes-agent-reasoning-traces:glm-5.1:train:301,ok,
hermes:glm-5.1:1d43de7f-3626-4061-8155-f1806e91877f,1d43de7f-3626-4061-8155-f1806e91877f,glm-5.1,True,14,False,,False,False,Terminal & Coding,Terminal Tasks,lambda/hermes-agent-reasoning-traces:glm-5.1:train:850,ok,
hermes:glm-5.1:1d565abd-c3fa-49f1-8be8-483489c0629d,1d565abd-c3fa-49f1-8be8-483489c0629d,glm-5.1,True,9,False,,False,False,Multi-Tool,Multi-Tool Tasks,lambda/hermes-agent-reasoning-traces:glm-5.1:train:2317,ok,
hermes:glm-5.1:1d685328-914c-4339-9e7f-9695efb427d0,1d685328-914c-4339-9e7f-9695efb427d0,glm-5.1,True,21,False,,False,False,Terminal & Coding,Terminal Tasks,lambda/hermes-agent-reasoning-traces:glm-5.1:train:75,ok,
hermes:glm-5.1:1d7a3cb8-e984-49c1-8b4c-baef851ae36e,1d7a3cb8-e984-49c1-8b4c-baef851ae36e,glm-5.1,True,11,False,,False,False,Terminal & Coding,Terminal Tasks,lambda/hermes-agent-reasoning-traces:glm-5.1:train:794,ok,
hermes:glm-5.1:1d9a97be-f3f1-4454-9e7c-f5a8dd50ec47,1d9a97be-f3f1-4454-9e7c-f5a8dd50ec47,glm-5.1,True,10,False,,False,False,Scheduling,Cron Jobs,lambda/hermes-agent-reasoning-traces:glm-5.1:train:386,ok,
hermes:glm-5.1:1db37e22-3c29-49ac-8b86-e8957a8f93f6,1db37e22-3c29-49ac-8b86-e8957a8f93f6,glm-5.1,True,14,False,,False,False,Planning & Organization,Planning Tasks,lambda/hermes-agent-reasoning-traces:glm-5.1:train:302,ok,
hermes:glm-5.1:1dbadd4e-d0e2-40cf-bf21-4483beb823e7,1dbadd4e-d0e2-40cf-bf21-4483beb823e7,glm-5.1,True,10,False,,False,False,Terminal & Coding,Terminal Tasks,lambda/hermes-agent-reasoning-traces:glm-5.1:train:2121,ok,
hermes:glm-5.1:1dbefdab-8c3d-4472-a20d-b13a0a2fc9ab,1dbefdab-8c3d-4472-a20d-b13a0a2fc9ab,glm-5.1,True,27,False,,False,False,Terminal & Coding,Terminal Tasks,lambda/hermes-agent-reasoning-traces:glm-5.1:train:848,ok,
hermes:glm-5.1:1dc34535-5a11-49e0-a650-e3f9e4542201,1dc34535-5a11-49e0-a650-e3f9e4542201,glm-5.1,True,29,False,,False,False,Browser Automation,Browser Tasks,lambda/hermes-agent-reasoning-traces:glm-5.1:train:2573,ok,
hermes:glm-5.1:1dd0cdcb-a75c-4229-9889-4e96446cc705,1dd0cdcb-a75c-4229-9889-4e96446cc705,glm-5.1,True,19,False,,False,False,Terminal & Coding,Terminal Tasks,lambda/hermes-agent-reasoning-traces:glm-5.1:train:554,ok,
hermes:glm-5.1:1dfd9263-6c9c-4928-9e93-e240aa07358d,1dfd9263-6c9c-4928-9e93-e240aa07358d,glm-5.1,True,21,False,,False,False,Terminal & Coding,Terminal Tasks,lambda/hermes-agent-reasoning-traces:glm-5.1:train:116,ok,
hermes:glm-5.1:1e0bdd58-ef5c-4a43-bec0-ffec5fdc2f05,1e0bdd58-ef5c-4a43-bec0-ffec5fdc2f05,glm-5.1,True,10,False,,False,False,Terminal & Coding,Terminal Tasks,lambda/hermes-agent-reasoning-traces:glm-5.1:train:730,ok,
hermes:glm-5.1:1e2659d9-2f93-4a61-8797-ae99600f9c8a,1e2659d9-2f93-4a61-8797-ae99600f9c8a,glm-5.1,True,18,False,,False,False,Browser Automation,Browser Tasks,lambda/hermes-agent-reasoning-traces:glm-5.1:train:2584,ok,
hermes:glm-5.1:1e322a86-148e-4004-937d-99daac641463,1e322a86-148e-4004-937d-99daac641463,glm-5.1,True,9,False,,False,False,File Operations,File Tasks,lambda/hermes-agent-reasoning-traces:glm-5.1:train:367,ok,
hermes:glm-5.1:1e398a60-ed36-4651-b515-2ba213e47506,1e398a60-ed36-4651-b515-2ba213e47506,glm-5.1,True,18,False,,False,False,Terminal & Coding,Terminal Tasks,lambda/hermes-agent-reasoning-traces:glm-5.1:train:2149,ok,
hermes:glm-5.1:1e44a7db-0597-4ede-bd95-3165da247ad7,1e44a7db-0597-4ede-bd95-3165da247ad7,glm-5.1,True,17,False,,False,False,Terminal & Coding,Terminal Tasks,lambda/hermes-agent-reasoning-traces:glm-5.1:train:2299,ok,
hermes:glm-5.1:1e4eed31-6864-4aa3-8ec5-8cfa7d3fc189,1e4eed31-6864-4aa3-8ec5-8cfa7d3fc189,glm-5.1,True,14,False,,False,False,Terminal & Coding,Terminal Tasks,lambda/hermes-agent-reasoning-traces:glm-5.1:train:2090,ok,
hermes:glm-5.1:1e70b99b-9d44-4c7d-87ad-ce8fe6f81c39,1e70b99b-9d44-4c7d-87ad-ce8fe6f81c39,glm-5.1,True,18,False,,False,False,Terminal & Coding,Terminal Tasks,lambda/hermes-agent-reasoning-traces:glm-5.1:train:1837,ok,
hermes:glm-5.1:1e7e03aa-ea92-4c9d-87d3-2aa93565c81e,1e7e03aa-ea92-4c9d-87d3-2aa93565c81e,glm-5.1,True,12,False,,False,False,Terminal & Coding,Terminal Tasks,lambda/hermes-agent-reasoning-traces:glm-5.1:train:2244,ok,
hermes:glm-5.1:1e892814-f268-49b4-be2e-b70940f596af,1e892814-f268-49b4-be2e-b70940f596af,glm-5.1,True,9,False,,False,False,Planning & Organization,Planning Tasks,lambda/hermes-agent-reasoning-traces:glm-5.1:train:18,ok,
hermes:glm-5.1:1e94c0eb-a087-4773-b178-6b02e88520ba,1e94c0eb-a087-4773-b178-6b02e88520ba,glm-5.1,True,10,False,,False,False,Terminal & Coding,Terminal Tasks,lambda/hermes-agent-reasoning-traces:glm-5.1:train:185,ok,
hermes:glm-5.1:1eb46563-d062-4e0a-ade6-ef1c685bdbd3,1eb46563-d062-4e0a-ade6-ef1c685bdbd3,glm-5.1,True,12,False,,False,False,Terminal & Coding,Terminal Tasks,lambda/hermes-agent-reasoning-traces:glm-5.1:train:2462,ok,
hermes:glm-5.1:1ed2d977-83d3-477e-9944-7180837a0e95,1ed2d977-83d3-477e-9944-7180837a0e95,glm-5.1,True,10,False,,False,False,Browser Automation,Browser Tasks,lambda/hermes-agent-reasoning-traces:glm-5.1:train:2849,ok,
hermes:glm-5.1:1ee9a18e-8e59-4f9b-b83c-00b5b7a90311,1ee9a18e-8e59-4f9b-b83c-00b5b7a90311,glm-5.1,True,23,False,,False,False,Terminal & Coding,Terminal Tasks,lambda/hermes-agent-reasoning-traces:glm-5.1:train:1357,ok,
hermes:glm-5.1:1f10b0d0-346a-4ba9-af07-9286ef78a024,1f10b0d0-346a-4ba9-af07-9286ef78a024,glm-5.1,True,10,False,,False,False,Terminal & Coding,Terminal Tasks,lambda/hermes-agent-reasoning-traces:glm-5.1:train:1788,ok,
hermes:glm-5.1:1f2d9c6b-b8a2-4509-a0f2-f4eab47c0b37,1f2d9c6b-b8a2-4509-a0f2-f4eab47c0b37,glm-5.1,True,18,False,,False,False,Terminal & Coding,Terminal Tasks,lambda/hermes-agent-reasoning-traces:glm-5.1:train:1471,ok,
hermes:glm-5.1:1f4cfb08-6eb1-4920-b430-c9abff327594,1f4cfb08-6eb1-4920-b430-c9abff327594,glm-5.1,True,29,False,,False,False,Browser Automation,Browser Tasks,lambda/hermes-agent-reasoning-traces:glm-5.1:train:2662,ok,
hermes:glm-5.1:1f7d2843-b030-4422-aca2-824ed1d3da4d,1f7d2843-b030-4422-aca2-824ed1d3da4d,glm-5.1,True,16,False,,False,False,Terminal & Coding,Terminal Tasks,lambda/hermes-agent-reasoning-traces:glm-5.1:train:82,ok,
hermes:glm-5.1:1f882529-1d6a-4aae-a688-9cfef48d4785,1f882529-1d6a-4aae-a688-9cfef48d4785,glm-5.1,True,25,False,,False,False,Browser Automation,Browser Tasks,lambda/hermes-agent-reasoning-traces:glm-5.1:train:2852,ok,
hermes:glm-5.1:1f93a22a-226b-48ea-b231-c3fc59f893d9,1f93a22a-226b-48ea-b231-c3fc59f893d9,glm-5.1,True,16,False,,False,False,Browser Automation,Browser Tasks,lambda/hermes-agent-reasoning-traces:glm-5.1:train:2670,ok,
hermes:glm-5.1:1fe50bb4-314c-4a55-970d-d9a5f5754a0c,1fe50bb4-314c-4a55-970d-d9a5f5754a0c,glm-5.1,True,21,False,,False,False,Terminal & Coding,Terminal Tasks,lambda/hermes-agent-reasoning-traces:glm-5.1:train:201,ok,
hermes:glm-5.1:1feb4ebb-56d1-468c-aa46-b0ae4dceec07,1feb4ebb-56d1-468c-aa46-b0ae4dceec07,glm-5.1,True,23,False,,False,False,Terminal & Coding,Terminal Tasks,lambda/hermes-agent-reasoning-traces:glm-5.1:train:251,ok,
hermes:glm-5.1:1fed5d93-a01e-46f4-9d35-4c276181a044,1fed5d93-a01e-46f4-9d35-4c276181a044,glm-5.1,True,16,False,,False,False,Terminal & Coding,Terminal Tasks,lambda/hermes-agent-reasoning-traces:glm-5.1:train:792,ok,
hermes:glm-5.1:1ff7ccc7-1b08-4890-bfa4-eb0a564af60d,1ff7ccc7-1b08-4890-bfa4-eb0a564af60d,glm-5.1,True,16,False,,False,False,Terminal & Coding,Terminal Tasks,lambda/hermes-agent-reasoning-traces:glm-5.1:train:2500,ok,
hermes:glm-5.1:20192914-9caa-40f4-9cf1-f6698a588250,20192914-9caa-40f4-9cf1-f6698a588250,glm-5.1,True,10,False,,False,False,Terminal & Coding,Terminal Tasks,lambda/hermes-agent-reasoning-traces:glm-5.1:train:1384,ok,
hermes:glm-5.1:2020ab5f-53e7-48ed-8b82-70da35f4ff2f,2020ab5f-53e7-48ed-8b82-70da35f4ff2f,glm-5.1,True,11,False,,False,False,Terminal & Coding,Terminal Tasks,lambda/hermes-agent-reasoning-traces:glm-5.1:train:833,ok,
hermes:glm-5.1:206cab34-5996-4b25-a242-fb1ef7564f58,206cab34-5996-4b25-a242-fb1ef7564f58,glm-5.1,True,23,False,,False,False,Terminal & Coding,Terminal Tasks,lambda/hermes-agent-reasoning-traces:glm-5.1:train:2033,ok,
hermes:glm-5.1:209334e1-c689-4695-b37b-a4e3b53fa1ac,209334e1-c689-4695-b37b-a4e3b53fa1ac,glm-5.1,True,12,False,,False,False,Terminal & Coding,Terminal Tasks,lambda/hermes-agent-reasoning-traces:glm-5.1:train:607,ok,
hermes:glm-5.1:20ae98e6-4fd9-4416-8db4-281c09cee120,20ae98e6-4fd9-4416-8db4-281c09cee120,glm-5.1,True,18,False,,False,False,Scheduling,Cron Jobs,lambda/hermes-agent-reasoning-traces:glm-5.1:train:1017,ok,
hermes:glm-5.1:20b7f155-3a09-471b-9ec4-9d9be287253f,20b7f155-3a09-471b-9ec4-9d9be287253f,glm-5.1,True,16,False,,False,False,Terminal & Coding,Terminal Tasks,lambda/hermes-agent-reasoning-traces:glm-5.1:train:1187,ok,
hermes:glm-5.1:20be25da-ef4c-4e78-be52-078fb3ea5fc0,20be25da-ef4c-4e78-be52-078fb3ea5fc0,glm-5.1,True,16,False,,False,False,Scheduling,Cron Jobs,lambda/hermes-agent-reasoning-traces:glm-5.1:train:1545,ok,
hermes:glm-5.1:20f6007f-5389-47c8-9e9a-64c2dd19d967,20f6007f-5389-47c8-9e9a-64c2dd19d967,glm-5.1,True,14,False,,False,False,Terminal & Coding,Terminal Tasks,lambda/hermes-agent-reasoning-traces:glm-5.1:train:2007,ok,
hermes:glm-5.1:210043e3-e8dd-4f22-af71-af406906f943,210043e3-e8dd-4f22-af71-af406906f943,glm-5.1,True,12,False,,False,False,Planning & Organization,Planning Tasks,lambda/hermes-agent-reasoning-traces:glm-5.1:train:1228,ok,
hermes:glm-5.1:21093214-70f8-4c03-8824-0ccab1f38fa0,21093214-70f8-4c03-8824-0ccab1f38fa0,glm-5.1,True,15,False,,False,False,Terminal & Coding,Terminal Tasks,lambda/hermes-agent-reasoning-traces:glm-5.1:train:852,ok,
hermes:glm-5.1:21151796-53a0-40cd-a25d-7150db613c42,21151796-53a0-40cd-a25d-7150db613c42,glm-5.1,True,21,False,,False,False,Terminal & Coding,Terminal Tasks,lambda/hermes-agent-reasoning-traces:glm-5.1:train:1454,ok,
hermes:glm-5.1:21350432-fa7e-4d0b-a627-c081a2aa771a,21350432-fa7e-4d0b-a627-c081a2aa771a,glm-5.1,True,12,False,,False,False,Terminal & Coding,Terminal Tasks,lambda/hermes-agent-reasoning-traces:glm-5.1:train:319,ok,
hermes:glm-5.1:2169b7b4-f09a-4aa0-a370-638f4c8587ff,2169b7b4-f09a-4aa0-a370-638f4c8587ff,glm-5.1,True,14,False,,False,False,Terminal & Coding,Terminal Tasks,lambda/hermes-agent-reasoning-traces:glm-5.1:train:604,ok,
hermes:glm-5.1:21ab5c83-59de-49b5-9edd-8398db06b138,21ab5c83-59de-49b5-9edd-8398db06b138,glm-5.1,True,17,False,,False,False,File Operations,File Tasks,lambda/hermes-agent-reasoning-traces:glm-5.1:train:414,ok,
hermes:glm-5.1:21e234f4-75f7-469d-937b-311bd64e93ef,21e234f4-75f7-469d-937b-311bd64e93ef,glm-5.1,True,12,False,,False,False,Terminal & Coding,Terminal Tasks,lambda/hermes-agent-reasoning-traces:glm-5.1:train:516,ok,
hermes:glm-5.1:21f76adb-e4fe-4c3c-8def-be67cca61dc5,21f76adb-e4fe-4c3c-8def-be67cca61dc5,glm-5.1,True,27,False,,False,False,Terminal & Coding,Terminal Tasks,lambda/hermes-agent-reasoning-traces:glm-5.1:train:544,ok,
hermes:glm-5.1:21f9439f-b774-4f82-be71-c3b1fc4195aa,21f9439f-b774-4f82-be71-c3b1fc4195aa,glm-5.1,True,27,False,,False,False,Terminal & Coding,Terminal Tasks,lambda/hermes-agent-reasoning-traces:glm-5.1:train:2137,ok,
hermes:glm-5.1:225e9c72-47c8-4917-9cee-16013af13bee,225e9c72-47c8-4917-9cee-16013af13bee,glm-5.1,True,10,False,,False,False,Terminal & Coding,Terminal Tasks,lambda/hermes-agent-reasoning-traces:glm-5.1:train:2294,ok,
hermes:glm-5.1:227b7d32-9452-4e84-810a-c13026b1f591,227b7d32-9452-4e84-810a-c13026b1f591,glm-5.1,True,25,False,,False,False,Terminal & Coding,Terminal Tasks,lambda/hermes-agent-reasoning-traces:glm-5.1:train:683,ok,
hermes:glm-5.1:228efaf4-7c69-4bbd-8ee8-22f753e86f10,228efaf4-7c69-4bbd-8ee8-22f753e86f10,glm-5.1,True,16,False,,False,False,Terminal & Coding,Terminal Tasks,lambda/hermes-agent-reasoning-traces:glm-5.1:train:451,ok,
hermes:glm-5.1:22942da9-675f-49de-9a85-65a9e547c587,22942da9-675f-49de-9a85-65a9e547c587,glm-5.1,True,18,False,,False,False,Terminal & Coding,Terminal Tasks,lambda/hermes-agent-reasoning-traces:glm-5.1:train:540,ok,
hermes:glm-5.1:22b485a3-2ac5-4e73-9c7a-5103b7813159,22b485a3-2ac5-4e73-9c7a-5103b7813159,glm-5.1,True,21,False,,False,False,Terminal & Coding,Terminal Tasks,lambda/hermes-agent-reasoning-traces:glm-5.1:train:2501,ok,
hermes:glm-5.1:22da0785-73a8-4260-9627-4ce9d41a3d0b,22da0785-73a8-4260-9627-4ce9d41a3d0b,glm-5.1,True,12,False,,False,False,Terminal & Coding,Terminal Tasks,lambda/hermes-agent-reasoning-traces:glm-5.1:train:821,ok,
hermes:glm-5.1:22e4787f-b2c2-4d75-b20f-f137a947be96,22e4787f-b2c2-4d75-b20f-f137a947be96,glm-5.1,True,27,False,,False,False,Terminal & Coding,Terminal Tasks,lambda/hermes-agent-reasoning-traces:glm-5.1:train:1095,ok,
hermes:glm-5.1:232050fe-992d-458b-99d9-118cea4e2d49,232050fe-992d-458b-99d9-118cea4e2d49,glm-5.1,True,29,False,,False,False,Browser Automation,Browser Tasks,lambda/hermes-agent-reasoning-traces:glm-5.1:train:2653,ok,
hermes:glm-5.1:232c9db6-28c4-49d0-9a1c-7379172cb028,232c9db6-28c4-49d0-9a1c-7379172cb028,glm-5.1,True,14,False,,False,False,Multi-Tool,Multi-Tool Tasks,lambda/hermes-agent-reasoning-traces:glm-5.1:train:1353,ok,
hermes:glm-5.1:233e19aa-1eca-43d8-af0c-3a2f0da60e74,233e19aa-1eca-43d8-af0c-3a2f0da60e74,glm-5.1,True,14,False,,False,False,Terminal & Coding,Terminal Tasks,lambda/hermes-agent-reasoning-traces:glm-5.1:train:1270,ok,
hermes:glm-5.1:234c4d4d-9867-4c3b-88f8-3bfc182cbde7,234c4d4d-9867-4c3b-88f8-3bfc182cbde7,glm-5.1,True,27,False,,False,False,Browser Automation,Browser Tasks,lambda/hermes-agent-reasoning-traces:glm-5.1:train:2824,ok,
hermes:glm-5.1:234ef7e2-3346-49ab-a31d-d0278c335c46,234ef7e2-3346-49ab-a31d-d0278c335c46,glm-5.1,True,29,False,,False,False,Terminal & Coding,Terminal Tasks,lambda/hermes-agent-reasoning-traces:glm-5.1:train:189,ok,
hermes:glm-5.1:236c99c8-a4d0-4f0b-b6a2-3e6da4a65079,236c99c8-a4d0-4f0b-b6a2-3e6da4a65079,glm-5.1,True,17,False,,False,False,Terminal & Coding,Terminal Tasks,lambda/hermes-agent-reasoning-traces:glm-5.1:train:1411,ok,
hermes:glm-5.1:237710c5-1e29-4a8f-8549-ac180e878fb3,237710c5-1e29-4a8f-8549-ac180e878fb3,glm-5.1,True,22,False,,False,False,Browser Automation,Browser Tasks,lambda/hermes-agent-reasoning-traces:glm-5.1:train:2720,ok,
hermes:glm-5.1:23a0adb5-e96d-4ae5-947d-26d6943d9dd6,23a0adb5-e96d-4ae5-947d-26d6943d9dd6,glm-5.1,True,14,False,,False,False,Terminal & Coding,Terminal Tasks,lambda/hermes-agent-reasoning-traces:glm-5.1:train:697,ok,
hermes:glm-5.1:23e2db8c-32c2-4998-b0ad-49c4727cf38a,23e2db8c-32c2-4998-b0ad-49c4727cf38a,glm-5.1,True,29,False,,False,False,Browser Automation,Browser Tasks,lambda/hermes-agent-reasoning-traces:glm-5.1:train:2505,ok,
hermes:glm-5.1:23e880bf-4e6a-4b25-8f42-ad320f414393,23e880bf-4e6a-4b25-8f42-ad320f414393,glm-5.1,True,16,False,,False,False,Terminal & Coding,Terminal Tasks,lambda/hermes-agent-reasoning-traces:glm-5.1:train:258,ok,
hermes:glm-5.1:23ff2c20-6c75-44a2-8fa3-5799d853f698,23ff2c20-6c75-44a2-8fa3-5799d853f698,glm-5.1,True,33,False,,False,False,Terminal & Coding,Terminal Tasks,lambda/hermes-agent-reasoning-traces:glm-5.1:train:1797,ok,
hermes:glm-5.1:24173812-1cc0-4b68-902e-4f6b93085c00,24173812-1cc0-4b68-902e-4f6b93085c00,glm-5.1,True,23,False,,False,False,Browser Automation,Browser Tasks,lambda/hermes-agent-reasoning-traces:glm-5.1:train:2658,ok,
hermes:glm-5.1:2425d6e2-1021-4d00-92a8-d0c46408bfaf,2425d6e2-1021-4d00-92a8-d0c46408bfaf,glm-5.1,True,15,False,,False,False,Terminal & Coding,Terminal Tasks,lambda/hermes-agent-reasoning-traces:glm-5.1:train:1234,ok,
hermes:glm-5.1:24484d08-163d-4d34-96cd-479b7e9be687,24484d08-163d-4d34-96cd-479b7e9be687,glm-5.1,True,23,False,,False,False,Browser Automation,Browser Tasks,lambda/hermes-agent-reasoning-traces:glm-5.1:train:2741,ok,
hermes:glm-5.1:2474256e-ec7e-4d63-b0b2-9ed5b05443ee,2474256e-ec7e-4d63-b0b2-9ed5b05443ee,glm-5.1,True,14,False,,False,False,Terminal & Coding,Terminal Tasks,lambda/hermes-agent-reasoning-traces:glm-5.1:train:756,ok,
hermes:glm-5.1:24833022-c27c-42c0-b864-18b1a531f75d,24833022-c27c-42c0-b864-18b1a531f75d,glm-5.1,True,18,False,,False,False,Terminal & Coding,Terminal Tasks,lambda/hermes-agent-reasoning-traces:glm-5.1:train:742,ok,
hermes:glm-5.1:24892251-9918-4095-b736-81cde8b5a9d0,24892251-9918-4095-b736-81cde8b5a9d0,glm-5.1,True,20,False,,False,False,Planning & Organization,Planning Tasks,lambda/hermes-agent-reasoning-traces:glm-5.1:train:992,ok,
hermes:glm-5.1:248e5864-dda0-4602-8d4d-bc385aff7c0e,248e5864-dda0-4602-8d4d-bc385aff7c0e,glm-5.1,True,29,False,,False,False,Terminal & Coding,Terminal Tasks,lambda/hermes-agent-reasoning-traces:glm-5.1:train:725,ok,
hermes:glm-5.1:24b09721-5673-417b-b78f-cd2f62f4accf,24b09721-5673-417b-b78f-cd2f62f4accf,glm-5.1,True,27,False,,False,False,Terminal & Coding,Terminal Tasks,lambda/hermes-agent-reasoning-traces:glm-5.1:train:1158,ok,
hermes:glm-5.1:24e2fd47-1b9e-402a-bea6-b78972b95ec3,24e2fd47-1b9e-402a-bea6-b78972b95ec3,glm-5.1,True,9,False,,False,False,Terminal & Coding,Terminal Tasks,lambda/hermes-agent-reasoning-traces:glm-5.1:train:1261,ok,
hermes:glm-5.1:24ff7030-0854-40b3-a29c-38e280b629ac,24ff7030-0854-40b3-a29c-38e280b629ac,glm-5.1,True,10,False,,False,False,Terminal & Coding,Terminal Tasks,lambda/hermes-agent-reasoning-traces:glm-5.1:train:310,ok,
hermes:glm-5.1:25072634-ac66-4269-8887-681cc9007a21,25072634-ac66-4269-8887-681cc9007a21,glm-5.1,True,12,False,,False,False,Terminal & Coding,Terminal Tasks,lambda/hermes-agent-reasoning-traces:glm-5.1:train:1227,ok,
hermes:glm-5.1:251a81d9-b04d-4633-a039-aa40a2c3ce97,251a81d9-b04d-4633-a039-aa40a2c3ce97,glm-5.1,True,9,False,,False,False,Terminal & Coding,Terminal Tasks,lambda/hermes-agent-reasoning-traces:glm-5.1:train:2400,ok,
hermes:glm-5.1:25365523-165f-4925-95e6-42fe033bd00f,25365523-165f-4925-95e6-42fe033bd00f,glm-5.1,True,27,False,,False,False,Terminal & Coding,Terminal Tasks,lambda/hermes-agent-reasoning-traces:glm-5.1:train:169,ok,
hermes:glm-5.1:2537046e-9f1c-4b81-9999-8445df4d756d,2537046e-9f1c-4b81-9999-8445df4d756d,glm-5.1,True,25,False,,False,False,Terminal & Coding,Terminal Tasks,lambda/hermes-agent-reasoning-traces:glm-5.1:train:550,ok,
hermes:glm-5.1:25473f62-2667-4c5f-a51e-d03a3663ff33,25473f62-2667-4c5f-a51e-d03a3663ff33,glm-5.1,True,13,False,,False,False,Terminal & Coding,Terminal Tasks,lambda/hermes-agent-reasoning-traces:glm-5.1:train:2425,ok,
hermes:glm-5.1:2557bfca-c444-4507-8297-0b5293fadbc1,2557bfca-c444-4507-8297-0b5293fadbc1,glm-5.1,True,25,False,,False,False,Terminal & Coding,Terminal Tasks,lambda/hermes-agent-reasoning-traces:glm-5.1:train:2269,ok,
hermes:glm-5.1:255b9fda-eb2d-495e-a6b8-600ee4d647c1,255b9fda-eb2d-495e-a6b8-600ee4d647c1,glm-5.1,True,10,False,,False,False,Terminal & Coding,Terminal Tasks,lambda/hermes-agent-reasoning-traces:glm-5.1:train:603,ok,
hermes:glm-5.1:25bd181b-6207-4660-8e3b-617d6a40d94c,25bd181b-6207-4660-8e3b-617d6a40d94c,glm-5.1,True,14,False,,False,False,Terminal & Coding,Terminal Tasks,lambda/hermes-agent-reasoning-traces:glm-5.1:train:1101,ok,
hermes:glm-5.1:25d26495-6281-40ec-b03f-6e31096f9245,25d26495-6281-40ec-b03f-6e31096f9245,glm-5.1,True,17,False,,False,False,Terminal & Coding,Terminal Tasks,lambda/hermes-agent-reasoning-traces:glm-5.1:train:939,ok,
hermes:glm-5.1:25e66a61-b9d2-4055-adbc-4df06963a541,25e66a61-b9d2-4055-adbc-4df06963a541,glm-5.1,True,25,False,,False,False,Terminal & Coding,Terminal Tasks,lambda/hermes-agent-reasoning-traces:glm-5.1:train:1972,ok,
hermes:glm-5.1:2627f98e-cd13-4aec-b869-e73e1d702f98,2627f98e-cd13-4aec-b869-e73e1d702f98,glm-5.1,True,21,False,,False,False,Terminal & Coding,Terminal Tasks,lambda/hermes-agent-reasoning-traces:glm-5.1:train:836,ok,
hermes:glm-5.1:262d18e9-46bd-4023-a243-6f26b4576d2c,262d18e9-46bd-4023-a243-6f26b4576d2c,glm-5.1,True,21,False,,False,False,Terminal & Coding,Terminal Tasks,lambda/hermes-agent-reasoning-traces:glm-5.1:train:1266,ok,
hermes:glm-5.1:2649e90f-d2e6-44e4-9345-9709e9f010f9,2649e90f-d2e6-44e4-9345-9709e9f010f9,glm-5.1,True,9,False,,False,False,Browser Automation,Browser Tasks,lambda/hermes-agent-reasoning-traces:glm-5.1:train:2932,ok,
hermes:glm-5.1:267a3ad5-280c-44b1-bb42-9ebbc1cd8b35,267a3ad5-280c-44b1-bb42-9ebbc1cd8b35,glm-5.1,True,19,False,,False,False,Terminal & Coding,Terminal Tasks,lambda/hermes-agent-reasoning-traces:glm-5.1:train:477,ok,
hermes:glm-5.1:2681443b-d87c-4f52-ac16-f2fdddb1262d,2681443b-d87c-4f52-ac16-f2fdddb1262d,glm-5.1,True,16,False,,False,False,Terminal & Coding,Terminal Tasks,lambda/hermes-agent-reasoning-traces:glm-5.1:train:1709,ok,
hermes:glm-5.1:26afbc54-1044-44e4-afc5-900a9b171539,26afbc54-1044-44e4-afc5-900a9b171539,glm-5.1,True,23,False,,False,False,Terminal & Coding,Terminal Tasks,lambda/hermes-agent-reasoning-traces:glm-5.1:train:1349,ok,
hermes:glm-5.1:26ebf64f-056d-4f17-9a12-fbac38ec91a6,26ebf64f-056d-4f17-9a12-fbac38ec91a6,glm-5.1,True,15,False,,False,False,Browser Automation,Browser Tasks,lambda/hermes-agent-reasoning-traces:glm-5.1:train:2711,ok,
hermes:glm-5.1:2706d3b8-9303-4f3c-ab0b-b022d52b8872,2706d3b8-9303-4f3c-ab0b-b022d52b8872,glm-5.1,True,27,False,,False,False,Browser Automation,Browser Tasks,lambda/hermes-agent-reasoning-traces:glm-5.1:train:2657,ok,
hermes:glm-5.1:2713ab88-98cf-4367-b859-4f93e9af1baa,2713ab88-98cf-4367-b859-4f93e9af1baa,glm-5.1,True,25,False,,False,False,File Operations,File Tasks,lambda/hermes-agent-reasoning-traces:glm-5.1:train:1379,ok,
hermes:glm-5.1:273a7f03-7328-4eac-98c7-e6e000e1a5d8,273a7f03-7328-4eac-98c7-e6e000e1a5d8,glm-5.1,True,20,False,,False,False,Browser Automation,Browser Tasks,lambda/hermes-agent-reasoning-traces:glm-5.1:train:2867,ok,
hermes:glm-5.1:2745624e-390f-4e64-9678-481d9edffbaa,2745624e-390f-4e64-9678-481d9edffbaa,glm-5.1,True,27,False,,False,False,Terminal & Coding,Terminal Tasks,lambda/hermes-agent-reasoning-traces:glm-5.1:train:1185,ok,
hermes:glm-5.1:2750e309-7ee1-4828-8534-3f7d258b2b5c,2750e309-7ee1-4828-8534-3f7d258b2b5c,glm-5.1,True,18,False,,False,False,Terminal & Coding,Terminal Tasks,lambda/hermes-agent-reasoning-traces:glm-5.1:train:1422,ok,
hermes:glm-5.1:2753cbc5-4b6e-4f41-883f-c1501b65d7c6,2753cbc5-4b6e-4f41-883f-c1501b65d7c6,glm-5.1,True,10,False,,False,False,Terminal & Coding,Terminal Tasks,lambda/hermes-agent-reasoning-traces:glm-5.1:train:1011,ok,
hermes:glm-5.1:27ab9a0b-26d8-4a69-b289-b832ff0d04d8,27ab9a0b-26d8-4a69-b289-b832ff0d04d8,glm-5.1,True,9,False,,False,False,File Operations,File Tasks,lambda/hermes-agent-reasoning-traces:glm-5.1:train:1695,ok,
hermes:glm-5.1:27b1c00a-806b-45e2-b020-4648bc379bd6,27b1c00a-806b-45e2-b020-4648bc379bd6,glm-5.1,True,27,False,,False,False,Browser Automation,Browser Tasks,lambda/hermes-agent-reasoning-traces:glm-5.1:train:2783,ok,
hermes:glm-5.1:27b50a07-7c33-44ca-8637-9f75494a17ad,27b50a07-7c33-44ca-8637-9f75494a17ad,glm-5.1,True,20,False,,False,False,Terminal & Coding,Terminal Tasks,lambda/hermes-agent-reasoning-traces:glm-5.1:train:289,ok,
hermes:glm-5.1:27b866af-463f-4a3a-a3dd-8e9ca13027d0,27b866af-463f-4a3a-a3dd-8e9ca13027d0,glm-5.1,True,16,False,,False,False,Scheduling,Cron Jobs,lambda/hermes-agent-reasoning-traces:glm-5.1:train:54,ok,
hermes:glm-5.1:27c3cf80-654c-4e86-93c2-56a7ee5b07bd,27c3cf80-654c-4e86-93c2-56a7ee5b07bd,glm-5.1,True,10,False,,False,False,Terminal & Coding,Terminal Tasks,lambda/hermes-agent-reasoning-traces:glm-5.1:train:1932,ok,
hermes:glm-5.1:27c3e9b9-d137-4e78-853a-9c8876010163,27c3e9b9-d137-4e78-853a-9c8876010163,glm-5.1,True,12,False,,False,False,Terminal & Coding,Terminal Tasks,lambda/hermes-agent-reasoning-traces:glm-5.1:train:2052,ok,
hermes:glm-5.1:27d3a80b-00f5-42e3-bf51-94789a784027,27d3a80b-00f5-42e3-bf51-94789a784027,glm-5.1,True,25,False,,False,False,Terminal & Coding,Terminal Tasks,lambda/hermes-agent-reasoning-traces:glm-5.1:train:2279,ok,
hermes:glm-5.1:27f6b0b2-f465-400a-9fff-8f359f0c4106,27f6b0b2-f465-400a-9fff-8f359f0c4106,glm-5.1,True,27,False,,False,False,Terminal & Coding,Terminal Tasks,lambda/hermes-agent-reasoning-traces:glm-5.1:train:470,ok,
hermes:glm-5.1:27f74d86-48cb-4883-bd43-a1057d368e4a,27f74d86-48cb-4883-bd43-a1057d368e4a,glm-5.1,True,9,False,,False,False,Terminal & Coding,Terminal Tasks,lambda/hermes-agent-reasoning-traces:glm-5.1:train:1052,ok,
hermes:glm-5.1:2857992e-078b-4def-8611-c5dab5083e7a,2857992e-078b-4def-8611-c5dab5083e7a,glm-5.1,True,12,False,,False,False,Terminal & Coding,Terminal Tasks,lambda/hermes-agent-reasoning-traces:glm-5.1:train:1910,ok,
hermes:glm-5.1:2882eee8-9b1e-4c87-bce2-c2bc290f04df,2882eee8-9b1e-4c87-bce2-c2bc290f04df,glm-5.1,True,14,False,,False,False,Terminal & Coding,Terminal Tasks,lambda/hermes-agent-reasoning-traces:glm-5.1:train:2311,ok,
hermes:glm-5.1:28f87bf4-b47e-4c3c-a18b-3d71e3b0cc15,28f87bf4-b47e-4c3c-a18b-3d71e3b0cc15,glm-5.1,True,24,False,,False,False,Terminal & Coding,Terminal Tasks,lambda/hermes-agent-reasoning-traces:glm-5.1:train:387,ok,
hermes:glm-5.1:28fc80db-cfc6-4dca-943d-ad52fddaaff1,28fc80db-cfc6-4dca-943d-ad52fddaaff1,glm-5.1,True,16,False,,False,False,Terminal & Coding,Terminal Tasks,lambda/hermes-agent-reasoning-traces:glm-5.1:train:245,ok,
hermes:glm-5.1:29025d5f-acd6-4fbb-ba69-b34372e629ad,29025d5f-acd6-4fbb-ba69-b34372e629ad,glm-5.1,True,23,False,,False,False,Terminal & Coding,Terminal Tasks,lambda/hermes-agent-reasoning-traces:glm-5.1:train:1310,ok,
hermes:glm-5.1:29097737-7a17-4aff-98dd-da4808575962,29097737-7a17-4aff-98dd-da4808575962,glm-5.1,True,12,False,,False,False,Terminal & Coding,Terminal Tasks,lambda/hermes-agent-reasoning-traces:glm-5.1:train:161,ok,
hermes:glm-5.1:292f0b6f-631e-464b-b5fc-790dd6b0ba47,292f0b6f-631e-464b-b5fc-790dd6b0ba47,glm-5.1,True,16,False,,False,False,Agent Tools,Background Processes,lambda/hermes-agent-reasoning-traces:glm-5.1:train:1716,ok,
hermes:glm-5.1:2958b260-a46f-49ea-a5a5-24fd731c7438,2958b260-a46f-49ea-a5a5-24fd731c7438,glm-5.1,True,16,False,,False,False,Terminal & Coding,Terminal Tasks,lambda/hermes-agent-reasoning-traces:glm-5.1:train:2195,ok,
hermes:glm-5.1:2972eff0-62d9-4e21-9223-5356398abd6b,2972eff0-62d9-4e21-9223-5356398abd6b,glm-5.1,True,12,False,,False,False,Terminal & Coding,Terminal Tasks,lambda/hermes-agent-reasoning-traces:glm-5.1:train:2186,ok,
hermes:glm-5.1:2986bb0f-08fb-4dbe-a24b-492f6ce452a1,2986bb0f-08fb-4dbe-a24b-492f6ce452a1,glm-5.1,True,16,False,,False,False,Terminal & Coding,Terminal Tasks,lambda/hermes-agent-reasoning-traces:glm-5.1:train:2478,ok,
hermes:glm-5.1:2992310c-0c44-4ed4-94c8-9412e4e95276,2992310c-0c44-4ed4-94c8-9412e4e95276,glm-5.1,True,31,False,,False,False,Terminal & Coding,Terminal Tasks,lambda/hermes-agent-reasoning-traces:glm-5.1:train:2238,ok,
hermes:glm-5.1:29a722f1-e9bb-413f-b984-1576caac2153,29a722f1-e9bb-413f-b984-1576caac2153,glm-5.1,True,10,False,,False,False,Terminal & Coding,Terminal Tasks,lambda/hermes-agent-reasoning-traces:glm-5.1:train:323,ok,
hermes:glm-5.1:29f235b1-b726-4168-ac18-feb31c137e70,29f235b1-b726-4168-ac18-feb31c137e70,glm-5.1,True,29,False,,False,False,Terminal & Coding,Terminal Tasks,lambda/hermes-agent-reasoning-traces:glm-5.1:train:1688,ok,
hermes:glm-5.1:29fbb4cf-d1ef-4bff-91dc-9df00af3d018,29fbb4cf-d1ef-4bff-91dc-9df00af3d018,glm-5.1,True,22,False,,False,False,Browser Automation,Browser Tasks,lambda/hermes-agent-reasoning-traces:glm-5.1:train:2919,ok,
hermes:glm-5.1:2a1f7855-c4cd-4317-b470-92dd701174b4,2a1f7855-c4cd-4317-b470-92dd701174b4,glm-5.1,True,12,False,,False,False,Terminal & Coding,Terminal Tasks,lambda/hermes-agent-reasoning-traces:glm-5.1:train:2361,ok,
hermes:glm-5.1:2a40aeff-d77f-446e-960d-96a2b8aff482,2a40aeff-d77f-446e-960d-96a2b8aff482,glm-5.1,True,12,False,,False,False,Terminal & Coding,Terminal Tasks,lambda/hermes-agent-reasoning-traces:glm-5.1:train:1062,ok,
hermes:glm-5.1:2a45d7b0-addc-45eb-82bc-1869c2e69124,2a45d7b0-addc-45eb-82bc-1869c2e69124,glm-5.1,True,18,False,,False,False,Terminal & Coding,Terminal Tasks,lambda/hermes-agent-reasoning-traces:glm-5.1:train:316,ok,
hermes:glm-5.1:2a67f7a3-d8dd-4ef2-8db2-28e415f7b7d6,2a67f7a3-d8dd-4ef2-8db2-28e415f7b7d6,glm-5.1,True,25,False,,False,False,Terminal & Coding,Terminal Tasks,lambda/hermes-agent-reasoning-traces:glm-5.1:train:1207,ok,
hermes:glm-5.1:2a68b399-fe87-4978-947f-6b54720735e6,2a68b399-fe87-4978-947f-6b54720735e6,glm-5.1,True,16,False,,False,False,Browser Automation,Browser Tasks,lambda/hermes-agent-reasoning-traces:glm-5.1:train:2819,ok,
hermes:glm-5.1:2a929771-3dcd-4b91-935e-d550f18987d2,2a929771-3dcd-4b91-935e-d550f18987d2,glm-5.1,True,21,False,,False,False,Terminal & Coding,Terminal Tasks,lambda/hermes-agent-reasoning-traces:glm-5.1:train:1414,ok,
hermes:glm-5.1:2a9eed4a-b5d5-488b-9c0f-071f48588e5e,2a9eed4a-b5d5-488b-9c0f-071f48588e5e,glm-5.1,True,14,False,,False,False,Terminal & Coding,Terminal Tasks,lambda/hermes-agent-reasoning-traces:glm-5.1:train:299,ok,
hermes:glm-5.1:2ac0594f-1e23-4004-b8cc-204657ab07a4,2ac0594f-1e23-4004-b8cc-204657ab07a4,glm-5.1,True,14,False,,False,False,Scheduling,Cron Jobs,lambda/hermes-agent-reasoning-traces:glm-5.1:train:1549,ok,
hermes:glm-5.1:2ac9fec0-cc0e-4c4b-9d2e-ed8b7f3b741b,2ac9fec0-cc0e-4c4b-9d2e-ed8b7f3b741b,glm-5.1,True,10,False,,False,False,Multi-Tool,Multi-Tool Tasks,lambda/hermes-agent-reasoning-traces:glm-5.1:train:209,ok,
hermes:glm-5.1:2ae440c2-75ec-4767-8b68-c1eff225cc39,2ae440c2-75ec-4767-8b68-c1eff225cc39,glm-5.1,True,22,False,,False,False,Planning & Organization,Planning Tasks,lambda/hermes-agent-reasoning-traces:glm-5.1:train:1031,ok,
hermes:glm-5.1:2afefbf0-2218-4d36-a4df-bac59e837690,2afefbf0-2218-4d36-a4df-bac59e837690,glm-5.1,True,12,False,,False,False,Terminal & Coding,Terminal Tasks,lambda/hermes-agent-reasoning-traces:glm-5.1:train:2467,ok,
hermes:glm-5.1:2b14bdde-0720-4fb9-abf4-3ff4147b4030,2b14bdde-0720-4fb9-abf4-3ff4147b4030,glm-5.1,True,25,False,,False,False,Terminal & Coding,Terminal Tasks,lambda/hermes-agent-reasoning-traces:glm-5.1:train:1467,ok,
hermes:glm-5.1:2b1fc3a6-b7dc-4895-89c7-91ab930664ca,2b1fc3a6-b7dc-4895-89c7-91ab930664ca,glm-5.1,True,18,False,,False,False,File Operations,File Tasks,lambda/hermes-agent-reasoning-traces:glm-5.1:train:424,ok,
hermes:glm-5.1:2b35f83c-6331-433a-9dc1-936dc09a0cdb,2b35f83c-6331-433a-9dc1-936dc09a0cdb,glm-5.1,True,29,False,,False,False,Browser Automation,Browser Tasks,lambda/hermes-agent-reasoning-traces:glm-5.1:train:2677,ok,
hermes:glm-5.1:2b4daad5-f7b1-4899-927a-bc0ceb846ca1,2b4daad5-f7b1-4899-927a-bc0ceb846ca1,glm-5.1,True,20,False,,False,False,Terminal & Coding,Terminal Tasks,lambda/hermes-agent-reasoning-traces:glm-5.1:train:363,ok,
hermes:glm-5.1:2b5fac62-5f24-472f-820c-68c5371f37b9,2b5fac62-5f24-472f-820c-68c5371f37b9,glm-5.1,True,18,False,,False,False,Terminal & Coding,Terminal Tasks,lambda/hermes-agent-reasoning-traces:glm-5.1:train:1865,ok,
hermes:glm-5.1:2b7c54ea-59e2-48bc-8cdc-bc63375174cd,2b7c54ea-59e2-48bc-8cdc-bc63375174cd,glm-5.1,True,27,False,,False,False,Terminal & Coding,Terminal Tasks,lambda/hermes-agent-reasoning-traces:glm-5.1:train:1824,ok,
hermes:glm-5.1:2b7e798d-f422-4db7-9f04-2c7cd766457c,2b7e798d-f422-4db7-9f04-2c7cd766457c,glm-5.1,True,20,False,,False,False,Terminal & Coding,Terminal Tasks,lambda/hermes-agent-reasoning-traces:glm-5.1:train:1759,ok,
hermes:glm-5.1:2b824ae5-9aa8-4d92-8996-74252aecd899,2b824ae5-9aa8-4d92-8996-74252aecd899,glm-5.1,True,29,False,,False,False,Browser Automation,Browser Tasks,lambda/hermes-agent-reasoning-traces:glm-5.1:train:2722,ok,
hermes:glm-5.1:2b8c199a-2fc5-404a-a92d-d00ccd27ab81,2b8c199a-2fc5-404a-a92d-d00ccd27ab81,glm-5.1,True,21,False,,False,False,Terminal & Coding,Terminal Tasks,lambda/hermes-agent-reasoning-traces:glm-5.1:train:1799,ok,
hermes:glm-5.1:2bb0cb11-cd4f-4640-a870-105c02f1e249,2bb0cb11-cd4f-4640-a870-105c02f1e249,glm-5.1,True,14,False,,False,False,Terminal & Coding,Terminal Tasks,lambda/hermes-agent-reasoning-traces:glm-5.1:train:1188,ok,
hermes:glm-5.1:2bbde115-1a8e-4a3a-9a6c-7adabfe3ca24,2bbde115-1a8e-4a3a-9a6c-7adabfe3ca24,glm-5.1,True,18,False,,False,False,Terminal & Coding,Terminal Tasks,lambda/hermes-agent-reasoning-traces:glm-5.1:train:409,ok,
hermes:glm-5.1:2bd5c42b-2299-4e03-bf87-88319b5f71de,2bd5c42b-2299-4e03-bf87-88319b5f71de,glm-5.1,True,14,False,,False,False,Terminal & Coding,Terminal Tasks,lambda/hermes-agent-reasoning-traces:glm-5.1:train:1018,ok,
hermes:glm-5.1:2be40467-5cb0-4239-aed4-7b74ca49ea7f,2be40467-5cb0-4239-aed4-7b74ca49ea7f,glm-5.1,True,17,False,,False,False,Terminal & Coding,Terminal Tasks,lambda/hermes-agent-reasoning-traces:glm-5.1:train:1409,ok,
hermes:glm-5.1:2bf531ec-9da3-4a32-ba05-49912c24f30a,2bf531ec-9da3-4a32-ba05-49912c24f30a,glm-5.1,True,16,False,,False,False,Scheduling,Cron Jobs,lambda/hermes-agent-reasoning-traces:glm-5.1:train:2427,ok,
hermes:glm-5.1:2c0842f3-1989-4e2d-9df4-0bd6f87c340c,2c0842f3-1989-4e2d-9df4-0bd6f87c340c,glm-5.1,True,16,False,,False,False,Terminal & Coding,Terminal Tasks,lambda/hermes-agent-reasoning-traces:glm-5.1:train:2220,ok,
hermes:glm-5.1:2c11e613-4a0e-44d5-9282-d70cb77ecf2f,2c11e613-4a0e-44d5-9282-d70cb77ecf2f,glm-5.1,True,25,False,,False,False,Browser Automation,Browser Tasks,lambda/hermes-agent-reasoning-traces:glm-5.1:train:2689,ok,
hermes:glm-5.1:2c20a79c-9801-4b86-834b-1c380a5ea81e,2c20a79c-9801-4b86-834b-1c380a5ea81e,glm-5.1,True,16,False,,False,False,Terminal & Coding,Terminal Tasks,lambda/hermes-agent-reasoning-traces:glm-5.1:train:1715,ok,
hermes:glm-5.1:2c276202-89e6-4550-881d-82a0858f06ce,2c276202-89e6-4550-881d-82a0858f06ce,glm-5.1,True,25,False,,False,False,Browser Automation,Browser Tasks,lambda/hermes-agent-reasoning-traces:glm-5.1:train:2877,ok,
hermes:glm-5.1:2c449452-104a-4f50-b16e-5e98c7439a68,2c449452-104a-4f50-b16e-5e98c7439a68,glm-5.1,True,18,False,,False,False,Browser Automation,Browser Tasks,lambda/hermes-agent-reasoning-traces:glm-5.1:train:2969,ok,
hermes:glm-5.1:2c4c82f8-16d3-478d-abef-a7add4fb455f,2c4c82f8-16d3-478d-abef-a7add4fb455f,glm-5.1,True,14,False,,False,False,Terminal & Coding,Terminal Tasks,lambda/hermes-agent-reasoning-traces:glm-5.1:train:1769,ok,
hermes:glm-5.1:2c56c3d7-5539-4752-80ed-2e88b0873285,2c56c3d7-5539-4752-80ed-2e88b0873285,glm-5.1,True,23,False,,False,False,Browser Automation,Browser Tasks,lambda/hermes-agent-reasoning-traces:glm-5.1:train:2614,ok,
hermes:glm-5.1:2c5eb479-9612-4329-b192-ce184044aa85,2c5eb479-9612-4329-b192-ce184044aa85,glm-5.1,True,12,False,,False,False,Terminal & Coding,Terminal Tasks,lambda/hermes-agent-reasoning-traces:glm-5.1:train:259,ok,
hermes:glm-5.1:2c669690-38a8-4f91-a9c0-cd646b345afc,2c669690-38a8-4f91-a9c0-cd646b345afc,glm-5.1,True,12,False,,False,False,Terminal & Coding,Terminal Tasks,lambda/hermes-agent-reasoning-traces:glm-5.1:train:2025,ok,
hermes:glm-5.1:2c6f933a-cdaa-4db0-b024-98a3d13431cf,2c6f933a-cdaa-4db0-b024-98a3d13431cf,glm-5.1,True,14,False,,False,False,Browser Automation,Browser Tasks,lambda/hermes-agent-reasoning-traces:glm-5.1:train:2596,ok,
hermes:glm-5.1:2c7589ff-a122-4514-b4db-7b004fc75b81,2c7589ff-a122-4514-b4db-7b004fc75b81,glm-5.1,True,16,False,,False,False,Terminal & Coding,Terminal Tasks,lambda/hermes-agent-reasoning-traces:glm-5.1:train:2335,ok,
hermes:glm-5.1:2c7adeb3-154f-40cc-8d2c-2d5f34a11686,2c7adeb3-154f-40cc-8d2c-2d5f34a11686,glm-5.1,True,14,False,,False,False,Terminal & Coding,Terminal Tasks,lambda/hermes-agent-reasoning-traces:glm-5.1:train:853,ok,
hermes:glm-5.1:2c95848c-1170-43f3-bd12-96f7553fb42a,2c95848c-1170-43f3-bd12-96f7553fb42a,glm-5.1,True,23,False,,False,False,Terminal & Coding,Terminal Tasks,lambda/hermes-agent-reasoning-traces:glm-5.1:train:119,ok,
hermes:glm-5.1:2cbba16c-d6c7-4aab-8936-6c3ec7d87f7b,2cbba16c-d6c7-4aab-8936-6c3ec7d87f7b,glm-5.1,True,20,False,,False,False,Terminal & Coding,Terminal Tasks,lambda/hermes-agent-reasoning-traces:glm-5.1:train:1849,ok,
hermes:glm-5.1:2cd8322f-d85c-4e68-966d-d3cac0a344ed,2cd8322f-d85c-4e68-966d-d3cac0a344ed,glm-5.1,True,27,False,,False,False,Terminal & Coding,Terminal Tasks,lambda/hermes-agent-reasoning-traces:glm-5.1:train:574,ok,
hermes:glm-5.1:2cdd8585-f333-4bf2-95aa-baa7eb319af5,2cdd8585-f333-4bf2-95aa-baa7eb319af5,glm-5.1,True,20,False,,False,False,Terminal & Coding,Terminal Tasks,lambda/hermes-agent-reasoning-traces:glm-5.1:train:1868,ok,
hermes:glm-5.1:2cdfee80-5b4b-4b95-ae28-2018812f0d85,2cdfee80-5b4b-4b95-ae28-2018812f0d85,glm-5.1,True,23,False,,False,False,Terminal & Coding,Terminal Tasks,lambda/hermes-agent-reasoning-traces:glm-5.1:train:1504,ok,
hermes:glm-5.1:2cf9ed67-7508-4c86-af72-ed99d742c9a3,2cf9ed67-7508-4c86-af72-ed99d742c9a3,glm-5.1,True,18,False,,False,False,Terminal & Coding,Terminal Tasks,lambda/hermes-agent-reasoning-traces:glm-5.1:train:956,ok,
hermes:glm-5.1:2d090ced-44d7-4205-ac37-3e7955b71cf0,2d090ced-44d7-4205-ac37-3e7955b71cf0,glm-5.1,True,33,False,,False,False,Terminal & Coding,Terminal Tasks,lambda/hermes-agent-reasoning-traces:glm-5.1:train:306,ok,
hermes:glm-5.1:2d1645b5-29cb-414c-9099-c68ab77ab9a5,2d1645b5-29cb-414c-9099-c68ab77ab9a5,glm-5.1,True,12,False,,False,False,Terminal & Coding,Terminal Tasks,lambda/hermes-agent-reasoning-traces:glm-5.1:train:1335,ok,
hermes:glm-5.1:2d28866d-e7a7-47e7-914c-02b9933bc589,2d28866d-e7a7-47e7-914c-02b9933bc589,glm-5.1,True,25,False,,False,False,Terminal & Coding,Terminal Tasks,lambda/hermes-agent-reasoning-traces:glm-5.1:train:2436,ok,
hermes:glm-5.1:2d29a833-fa50-4efa-9e9e-2587a178d1c5,2d29a833-fa50-4efa-9e9e-2587a178d1c5,glm-5.1,True,21,False,,False,False,Terminal & Coding,Terminal Tasks,lambda/hermes-agent-reasoning-traces:glm-5.1:train:2411,ok,
hermes:glm-5.1:2d2b220c-d7f8-4da8-a89f-38da8c2ae97f,2d2b220c-d7f8-4da8-a89f-38da8c2ae97f,glm-5.1,True,15,False,,False,False,Terminal & Coding,Terminal Tasks,lambda/hermes-agent-reasoning-traces:glm-5.1:train:284,ok,
hermes:glm-5.1:2d2fc699-80de-4483-a582-36ec332e51ca,2d2fc699-80de-4483-a582-36ec332e51ca,glm-5.1,True,14,False,,False,False,Terminal & Coding,Terminal Tasks,lambda/hermes-agent-reasoning-traces:glm-5.1:train:1961,ok,
hermes:glm-5.1:2d4ea55e-e601-4b29-b15b-1fbea402c986,2d4ea55e-e601-4b29-b15b-1fbea402c986,glm-5.1,True,12,False,,False,False,Terminal & Coding,Terminal Tasks,lambda/hermes-agent-reasoning-traces:glm-5.1:train:1028,ok,
hermes:glm-5.1:2d4fca0f-7ce5-4dc1-b5d3-d847d3e92603,2d4fca0f-7ce5-4dc1-b5d3-d847d3e92603,glm-5.1,True,16,False,,False,False,Scheduling,Cron Jobs,lambda/hermes-agent-reasoning-traces:glm-5.1:train:707,ok,
hermes:glm-5.1:2d8b58c5-29d9-4b24-940f-066fd13790dc,2d8b58c5-29d9-4b24-940f-066fd13790dc,glm-5.1,True,25,False,,False,False,Terminal & Coding,Terminal Tasks,lambda/hermes-agent-reasoning-traces:glm-5.1:train:781,ok,
hermes:glm-5.1:2d92502b-7ca5-4ced-9e18-bf343626a60e,2d92502b-7ca5-4ced-9e18-bf343626a60e,glm-5.1,True,31,False,,False,False,Terminal & Coding,Terminal Tasks,lambda/hermes-agent-reasoning-traces:glm-5.1:train:151,ok,
hermes:glm-5.1:2d9c239c-56f4-4a59-9c67-8916ec98b482,2d9c239c-56f4-4a59-9c67-8916ec98b482,glm-5.1,True,22,False,,False,False,Terminal & Coding,Terminal Tasks,lambda/hermes-agent-reasoning-traces:glm-5.1:train:274,ok,
hermes:glm-5.1:2da852ea-3fbc-4f2c-bebf-cde95211f88f,2da852ea-3fbc-4f2c-bebf-cde95211f88f,glm-5.1,True,14,False,,False,False,Planning & Organization,Planning Tasks,lambda/hermes-agent-reasoning-traces:glm-5.1:train:913,ok,
hermes:glm-5.1:2dd792d3-117f-4281-8312-154d0cb7725a,2dd792d3-117f-4281-8312-154d0cb7725a,glm-5.1,True,12,False,,False,False,Terminal & Coding,Terminal Tasks,lambda/hermes-agent-reasoning-traces:glm-5.1:train:908,ok,
hermes:glm-5.1:2de7df1f-b446-4e44-8c0b-cabe987e4bfa,2de7df1f-b446-4e44-8c0b-cabe987e4bfa,glm-5.1,True,21,False,,False,False,Terminal & Coding,Terminal Tasks,lambda/hermes-agent-reasoning-traces:glm-5.1:train:1953,ok,
hermes:glm-5.1:2dec243a-a465-4239-8716-9d52721a7300,2dec243a-a465-4239-8716-9d52721a7300,glm-5.1,True,14,False,,False,False,Terminal & Coding,Terminal Tasks,lambda/hermes-agent-reasoning-traces:glm-5.1:train:510,ok,
hermes:glm-5.1:2def9167-1b18-4d46-8cb9-286f45aa3ea9,2def9167-1b18-4d46-8cb9-286f45aa3ea9,glm-5.1,True,33,False,,False,False,Terminal & Coding,Terminal Tasks,lambda/hermes-agent-reasoning-traces:glm-5.1:train:2438,ok,
hermes:glm-5.1:2df4a9ad-ffa0-4948-b6ab-ebba62123508,2df4a9ad-ffa0-4948-b6ab-ebba62123508,glm-5.1,True,14,False,,False,False,Terminal & Coding,Terminal Tasks,lambda/hermes-agent-reasoning-traces:glm-5.1:train:1693,ok,
hermes:glm-5.1:2e03b4bd-b53e-4dfe-90ec-bc43689fcdc8,2e03b4bd-b53e-4dfe-90ec-bc43689fcdc8,glm-5.1,True,12,False,,False,False,Planning & Organization,Planning Tasks,lambda/hermes-agent-reasoning-traces:glm-5.1:train:957,ok,
hermes:glm-5.1:2e0800e3-024f-4275-875d-cb7f90f18491,2e0800e3-024f-4275-875d-cb7f90f18491,glm-5.1,True,13,False,,False,False,Terminal & Coding,Terminal Tasks,lambda/hermes-agent-reasoning-traces:glm-5.1:train:1779,ok,
hermes:glm-5.1:2e0ec1a0-58bc-456b-9e24-c245da98a41a,2e0ec1a0-58bc-456b-9e24-c245da98a41a,glm-5.1,True,10,False,,False,False,File Operations,File Tasks,lambda/hermes-agent-reasoning-traces:glm-5.1:train:246,ok,
hermes:glm-5.1:2e223171-9d0f-4d91-b4df-9f26dfa4405a,2e223171-9d0f-4d91-b4df-9f26dfa4405a,glm-5.1,True,16,False,,False,False,Terminal & Coding,Terminal Tasks,lambda/hermes-agent-reasoning-traces:glm-5.1:train:1647,ok,
hermes:glm-5.1:2e259671-0f4d-4990-a05a-68cfd749b6f1,2e259671-0f4d-4990-a05a-68cfd749b6f1,glm-5.1,True,31,False,,False,False,Terminal & Coding,Terminal Tasks,lambda/hermes-agent-reasoning-traces:glm-5.1:train:2207,ok,
hermes:glm-5.1:2e34a661-82df-44f6-8d5b-b0a4921394a2,2e34a661-82df-44f6-8d5b-b0a4921394a2,glm-5.1,True,27,False,,False,False,Browser Automation,Browser Tasks,lambda/hermes-agent-reasoning-traces:glm-5.1:train:2673,ok,
hermes:glm-5.1:2e4304e7-1584-4462-8de6-808fac4788e8,2e4304e7-1584-4462-8de6-808fac4788e8,glm-5.1,True,12,False,,False,False,Planning & Organization,Planning Tasks,lambda/hermes-agent-reasoning-traces:glm-5.1:train:624,ok,
hermes:glm-5.1:2e63eb51-62c6-4f3f-91e4-744b787af50e,2e63eb51-62c6-4f3f-91e4-744b787af50e,glm-5.1,True,27,False,,False,False,Terminal & Coding,Terminal Tasks,lambda/hermes-agent-reasoning-traces:glm-5.1:train:538,ok,
hermes:glm-5.1:2e72217e-785b-411e-bb6c-76cb0b11e57e,2e72217e-785b-411e-bb6c-76cb0b11e57e,glm-5.1,True,23,False,,False,False,Terminal & Coding,Terminal Tasks,lambda/hermes-agent-reasoning-traces:glm-5.1:train:1403,ok,
hermes:glm-5.1:2e8ee74b-71fd-413d-83d7-e898bd1c538e,2e8ee74b-71fd-413d-83d7-e898bd1c538e,glm-5.1,True,10,False,,False,False,Scheduling,Cron Jobs,lambda/hermes-agent-reasoning-traces:glm-5.1:train:125,ok,
hermes:glm-5.1:2e9bd72b-72ff-4049-9cd5-0fbe457cf5da,2e9bd72b-72ff-4049-9cd5-0fbe457cf5da,glm-5.1,True,12,False,,False,False,Terminal & Coding,Terminal Tasks,lambda/hermes-agent-reasoning-traces:glm-5.1:train:1452,ok,
hermes:glm-5.1:2ea145e5-9124-4ea5-ad68-3f044439fb37,2ea145e5-9124-4ea5-ad68-3f044439fb37,glm-5.1,True,25,False,,False,False,Terminal & Coding,Terminal Tasks,lambda/hermes-agent-reasoning-traces:glm-5.1:train:1253,ok,
hermes:glm-5.1:2ea3cc60-150c-4067-b8d8-879e7b080530,2ea3cc60-150c-4067-b8d8-879e7b080530,glm-5.1,True,29,False,,False,False,Terminal & Coding,Terminal Tasks,lambda/hermes-agent-reasoning-traces:glm-5.1:train:667,ok,
hermes:glm-5.1:2ea58b64-05fd-42df-90c5-c570022f9cbb,2ea58b64-05fd-42df-90c5-c570022f9cbb,glm-5.1,True,25,False,,False,False,Terminal & Coding,Terminal Tasks,lambda/hermes-agent-reasoning-traces:glm-5.1:train:504,ok,
hermes:glm-5.1:2eac7396-abf2-436a-ba6a-63363de51571,2eac7396-abf2-436a-ba6a-63363de51571,glm-5.1,True,24,False,,False,False,Browser Automation,Browser Tasks,lambda/hermes-agent-reasoning-traces:glm-5.1:train:2891,ok,
hermes:glm-5.1:2eb4e69b-00a5-4dc3-8292-cc333ac54a29,2eb4e69b-00a5-4dc3-8292-cc333ac54a29,glm-5.1,True,16,False,,False,False,Terminal & Coding,Terminal Tasks,lambda/hermes-agent-reasoning-traces:glm-5.1:train:1264,ok,
hermes:glm-5.1:2ec7e594-3b78-40e8-bdab-4802aecde508,2ec7e594-3b78-40e8-bdab-4802aecde508,glm-5.1,True,14,False,,False,False,Terminal & Coding,Terminal Tasks,lambda/hermes-agent-reasoning-traces:glm-5.1:train:133,ok,
hermes:glm-5.1:2ee6d3e2-9a31-4f28-8c68-a40836529c79,2ee6d3e2-9a31-4f28-8c68-a40836529c79,glm-5.1,True,9,False,,False,False,Planning & Organization,Planning Tasks,lambda/hermes-agent-reasoning-traces:glm-5.1:train:458,ok,
hermes:glm-5.1:2f0817a4-4b79-46d8-99b7-0d620bb3d88d,2f0817a4-4b79-46d8-99b7-0d620bb3d88d,glm-5.1,True,9,False,,False,False,File Operations,File Tasks,lambda/hermes-agent-reasoning-traces:glm-5.1:train:826,ok,
hermes:glm-5.1:2f42d560-d232-4bc0-b347-a5414224de24,2f42d560-d232-4bc0-b347-a5414224de24,glm-5.1,True,27,False,,False,False,Browser Automation,Browser Tasks,lambda/hermes-agent-reasoning-traces:glm-5.1:train:2533,ok,
hermes:glm-5.1:2f4669f6-ce0d-45c9-8fac-7858890326c5,2f4669f6-ce0d-45c9-8fac-7858890326c5,glm-5.1,True,33,False,,False,False,Terminal & Coding,Terminal Tasks,lambda/hermes-agent-reasoning-traces:glm-5.1:train:897,ok,
hermes:glm-5.1:2f572bb4-b1b1-45ca-a0c6-03f1c89033a3,2f572bb4-b1b1-45ca-a0c6-03f1c89033a3,glm-5.1,True,13,False,,False,False,Terminal & Coding,Terminal Tasks,lambda/hermes-agent-reasoning-traces:glm-5.1:train:1046,ok,
hermes:glm-5.1:2f5aedce-2445-4ee6-a1d0-6b72044208e0,2f5aedce-2445-4ee6-a1d0-6b72044208e0,glm-5.1,True,10,False,,False,False,Planning & Organization,Planning Tasks,lambda/hermes-agent-reasoning-traces:glm-5.1:train:2268,ok,
hermes:glm-5.1:2f5c2603-ed63-4536-b1a7-bc9aa93c5215,2f5c2603-ed63-4536-b1a7-bc9aa93c5215,glm-5.1,True,10,False,,False,False,Terminal & Coding,Terminal Tasks,lambda/hermes-agent-reasoning-traces:glm-5.1:train:568,ok,
hermes:glm-5.1:2f7a8443-d5f6-4a7a-9f9f-380800c5bcf3,2f7a8443-d5f6-4a7a-9f9f-380800c5bcf3,glm-5.1,True,12,False,,False,False,Scheduling,Cron Jobs,lambda/hermes-agent-reasoning-traces:glm-5.1:train:1456,ok,
hermes:glm-5.1:2f96e0be-bfa2-499c-b64c-55aa665b9d11,2f96e0be-bfa2-499c-b64c-55aa665b9d11,glm-5.1,True,23,False,,False,False,Browser Automation,Browser Tasks,lambda/hermes-agent-reasoning-traces:glm-5.1:train:2893,ok,
hermes:glm-5.1:2fa94ecd-f1d6-4538-bad6-77ec09d89c72,2fa94ecd-f1d6-4538-bad6-77ec09d89c72,glm-5.1,True,23,False,,False,False,Terminal & Coding,Terminal Tasks,lambda/hermes-agent-reasoning-traces:glm-5.1:train:834,ok,
hermes:glm-5.1:2fbaa27e-39ba-4217-93af-12820e9dcc01,2fbaa27e-39ba-4217-93af-12820e9dcc01,glm-5.1,True,23,False,,False,False,Terminal & Coding,Terminal Tasks,lambda/hermes-agent-reasoning-traces:glm-5.1:train:1736,ok,
hermes:glm-5.1:2fbc48eb-900f-4398-81fe-9de4303ea418,2fbc48eb-900f-4398-81fe-9de4303ea418,glm-5.1,True,27,False,,False,False,Terminal & Coding,Terminal Tasks,lambda/hermes-agent-reasoning-traces:glm-5.1:train:2382,ok,
hermes:glm-5.1:2fd0e7ea-35e0-48e3-80ff-6ea96ba3afc7,2fd0e7ea-35e0-48e3-80ff-6ea96ba3afc7,glm-5.1,True,14,False,,False,False,Terminal & Coding,Terminal Tasks,lambda/hermes-agent-reasoning-traces:glm-5.1:train:1526,ok,
hermes:glm-5.1:2fdbae9e-2e89-4f66-89a6-8af8d451c9ec,2fdbae9e-2e89-4f66-89a6-8af8d451c9ec,glm-5.1,True,23,False,,False,False,Terminal & Coding,Terminal Tasks,lambda/hermes-agent-reasoning-traces:glm-5.1:train:1177,ok,
hermes:glm-5.1:2ffba871-da17-4cc1-8f42-6d07173f83ca,2ffba871-da17-4cc1-8f42-6d07173f83ca,glm-5.1,True,17,False,,False,False,Terminal & Coding,Terminal Tasks,lambda/hermes-agent-reasoning-traces:glm-5.1:train:2304,ok,
hermes:glm-5.1:301a9417-3f0a-4ab5-b65d-d16f0c785b86,301a9417-3f0a-4ab5-b65d-d16f0c785b86,glm-5.1,True,14,False,,False,False,Terminal & Coding,Terminal Tasks,lambda/hermes-agent-reasoning-traces:glm-5.1:train:2074,ok,
hermes:glm-5.1:3023da64-9939-4469-8985-601833ee4ef9,3023da64-9939-4469-8985-601833ee4ef9,glm-5.1,True,19,False,,False,False,Terminal & Coding,Terminal Tasks,lambda/hermes-agent-reasoning-traces:glm-5.1:train:1606,ok,
hermes:glm-5.1:3026af91-9b01-4c83-92f2-4d4285ae73bd,3026af91-9b01-4c83-92f2-4d4285ae73bd,glm-5.1,True,23,False,,False,False,Terminal & Coding,Terminal Tasks,lambda/hermes-agent-reasoning-traces:glm-5.1:train:2153,ok,
hermes:glm-5.1:3031f3fd-2bfe-4205-853c-e3b6abd85e64,3031f3fd-2bfe-4205-853c-e3b6abd85e64,glm-5.1,True,25,False,,False,False,Agent Tools,Background Processes,lambda/hermes-agent-reasoning-traces:glm-5.1:train:2226,ok,
hermes:glm-5.1:30525aaa-3d15-49df-b8e3-7884435e435b,30525aaa-3d15-49df-b8e3-7884435e435b,glm-5.1,True,23,False,,False,False,Terminal & Coding,Terminal Tasks,lambda/hermes-agent-reasoning-traces:glm-5.1:train:1430,ok,
hermes:glm-5.1:305540f3-4676-48e3-9e6d-74e8ed56165d,305540f3-4676-48e3-9e6d-74e8ed56165d,glm-5.1,True,25,False,,False,False,Browser Automation,Browser Tasks,lambda/hermes-agent-reasoning-traces:glm-5.1:train:2801,ok,
hermes:glm-5.1:3061ff52-8119-4866-9e12-ba8e31e4e94d,3061ff52-8119-4866-9e12-ba8e31e4e94d,glm-5.1,True,17,False,,False,False,Terminal & Coding,Terminal Tasks,lambda/hermes-agent-reasoning-traces:glm-5.1:train:2210,ok,
hermes:glm-5.1:309d9e3a-7af1-415a-b930-5175708e21f2,309d9e3a-7af1-415a-b930-5175708e21f2,glm-5.1,True,11,False,,False,False,Terminal & Coding,Terminal Tasks,lambda/hermes-agent-reasoning-traces:glm-5.1:train:199,ok,
hermes:glm-5.1:30a32f05-3399-4d06-837d-54dd8d77c395,30a32f05-3399-4d06-837d-54dd8d77c395,glm-5.1,True,12,False,,False,False,Terminal & Coding,Terminal Tasks,lambda/hermes-agent-reasoning-traces:glm-5.1:train:1443,ok,
hermes:glm-5.1:30c3127d-7828-45df-ac66-29aeeadcd655,30c3127d-7828-45df-ac66-29aeeadcd655,glm-5.1,True,12,False,,False,False,Terminal & Coding,Terminal Tasks,lambda/hermes-agent-reasoning-traces:glm-5.1:train:236,ok,
hermes:glm-5.1:30df7805-8fed-4584-91ca-52366fdcd1aa,30df7805-8fed-4584-91ca-52366fdcd1aa,glm-5.1,True,25,False,,False,False,Terminal & Coding,Terminal Tasks,lambda/hermes-agent-reasoning-traces:glm-5.1:train:2109,ok,
hermes:glm-5.1:30fa96c7-454a-417a-b749-749a14deb17d,30fa96c7-454a-417a-b749-749a14deb17d,glm-5.1,True,27,False,,False,False,Terminal & Coding,Terminal Tasks,lambda/hermes-agent-reasoning-traces:glm-5.1:train:1329,ok,
hermes:glm-5.1:31018753-81b1-4fd7-a8f7-65e88aa08d14,31018753-81b1-4fd7-a8f7-65e88aa08d14,glm-5.1,True,20,False,,False,False,Browser Automation,Browser Tasks,lambda/hermes-agent-reasoning-traces:glm-5.1:train:2869,ok,
hermes:glm-5.1:31029caf-8523-4991-8460-85dff99270cf,31029caf-8523-4991-8460-85dff99270cf,glm-5.1,True,19,False,,False,False,Terminal & Coding,Terminal Tasks,lambda/hermes-agent-reasoning-traces:glm-5.1:train:1798,ok,
hermes:glm-5.1:3110dae7-83d2-4284-8a41-26af848818ce,3110dae7-83d2-4284-8a41-26af848818ce,glm-5.1,True,10,False,,False,False,File Operations,File Tasks,lambda/hermes-agent-reasoning-traces:glm-5.1:train:1965,ok,
hermes:glm-5.1:3124f516-cfbf-448a-a482-2f5171c872c1,3124f516-cfbf-448a-a482-2f5171c872c1,glm-5.1,True,12,False,,False,False,Planning & Organization,Planning Tasks,lambda/hermes-agent-reasoning-traces:glm-5.1:train:1254,ok,
hermes:glm-5.1:312661e2-99b5-4c35-830c-ba48a07261c5,312661e2-99b5-4c35-830c-ba48a07261c5,glm-5.1,True,14,False,,False,False,Terminal & Coding,Terminal Tasks,lambda/hermes-agent-reasoning-traces:glm-5.1:train:2142,ok,
hermes:glm-5.1:312cbcea-003a-4813-97ae-2a5605d40a86,312cbcea-003a-4813-97ae-2a5605d40a86,glm-5.1,True,16,False,,False,False,Terminal & Coding,Terminal Tasks,lambda/hermes-agent-reasoning-traces:glm-5.1:train:1008,ok,
hermes:glm-5.1:3138ad83-0432-4f5e-8cfa-81de4bb06aa1,3138ad83-0432-4f5e-8cfa-81de4bb06aa1,glm-5.1,True,31,False,,False,False,Browser Automation,Browser Tasks,lambda/hermes-agent-reasoning-traces:glm-5.1:train:2552,ok,
hermes:glm-5.1:313ade15-ee16-447f-98d8-f2e1f586a383,313ade15-ee16-447f-98d8-f2e1f586a383,glm-5.1,True,12,False,,False,False,Terminal & Coding,Terminal Tasks,lambda/hermes-agent-reasoning-traces:glm-5.1:train:2152,ok,
hermes:glm-5.1:314c8f4c-e423-4232-9aae-e22adb5f5de8,314c8f4c-e423-4232-9aae-e22adb5f5de8,glm-5.1,True,27,False,,False,False,Terminal & Coding,Terminal Tasks,lambda/hermes-agent-reasoning-traces:glm-5.1:train:1575,ok,
hermes:glm-5.1:315a82bb-84d6-43fb-82ac-77db3221caee,315a82bb-84d6-43fb-82ac-77db3221caee,glm-5.1,True,23,False,,False,False,Browser Automation,Browser Tasks,lambda/hermes-agent-reasoning-traces:glm-5.1:train:2999,ok,
hermes:glm-5.1:316a10d6-fdaa-451f-a4db-a3a2ed577504,316a10d6-fdaa-451f-a4db-a3a2ed577504,glm-5.1,True,12,False,,False,False,Terminal & Coding,Terminal Tasks,lambda/hermes-agent-reasoning-traces:glm-5.1:train:922,ok,
hermes:glm-5.1:318bcd2b-9b76-4b51-b248-9ba4f2dfa2cf,318bcd2b-9b76-4b51-b248-9ba4f2dfa2cf,glm-5.1,True,25,False,,False,False,Terminal & Coding,Terminal Tasks,lambda/hermes-agent-reasoning-traces:glm-5.1:train:1922,ok,
hermes:glm-5.1:3197e611-cb16-4e9f-a59b-ae58c4a0bd4a,3197e611-cb16-4e9f-a59b-ae58c4a0bd4a,glm-5.1,True,10,False,,False,False,Terminal & Coding,Terminal Tasks,lambda/hermes-agent-reasoning-traces:glm-5.1:train:42,ok,
hermes:glm-5.1:319c45c5-638e-48ad-aafc-6ec88d81e477,319c45c5-638e-48ad-aafc-6ec88d81e477,glm-5.1,True,16,False,,False,False,Terminal & Coding,Terminal Tasks,lambda/hermes-agent-reasoning-traces:glm-5.1:train:1109,ok,
hermes:glm-5.1:31a7cc75-be84-4f08-bd5f-c416668b11f2,31a7cc75-be84-4f08-bd5f-c416668b11f2,glm-5.1,True,23,False,,False,False,Terminal & Coding,Terminal Tasks,lambda/hermes-agent-reasoning-traces:glm-5.1:train:127,ok,
hermes:glm-5.1:31bc818a-6961-4cc7-a6e5-266cf5c72d94,31bc818a-6961-4cc7-a6e5-266cf5c72d94,glm-5.1,True,14,False,,False,False,Terminal & Coding,Terminal Tasks,lambda/hermes-agent-reasoning-traces:glm-5.1:train:1120,ok,
hermes:glm-5.1:31c8d9a9-c254-4f7e-a826-0a4db26374e4,31c8d9a9-c254-4f7e-a826-0a4db26374e4,glm-5.1,True,9,False,,False,False,Terminal & Coding,Terminal Tasks,lambda/hermes-agent-reasoning-traces:glm-5.1:train:1449,ok,
hermes:glm-5.1:31d65990-4d16-42cc-82aa-3196025f33f3,31d65990-4d16-42cc-82aa-3196025f33f3,glm-5.1,True,11,False,,False,False,Terminal & Coding,Terminal Tasks,lambda/hermes-agent-reasoning-traces:glm-5.1:train:442,ok,
hermes:glm-5.1:31da71cf-8076-458f-b08c-fc15366a9adb,31da71cf-8076-458f-b08c-fc15366a9adb,glm-5.1,True,12,False,,False,False,Terminal & Coding,Terminal Tasks,lambda/hermes-agent-reasoning-traces:glm-5.1:train:1543,ok,
hermes:glm-5.1:31ddd208-69b2-4e5f-9a78-e5177f36de6f,31ddd208-69b2-4e5f-9a78-e5177f36de6f,glm-5.1,True,12,False,,False,False,Terminal & Coding,Terminal Tasks,lambda/hermes-agent-reasoning-traces:glm-5.1:train:1127,ok,
hermes:glm-5.1:321dfb61-8e69-42d8-91c7-d459eadbab2a,321dfb61-8e69-42d8-91c7-d459eadbab2a,glm-5.1,True,27,False,,False,False,Terminal & Coding,Terminal Tasks,lambda/hermes-agent-reasoning-traces:glm-5.1:train:893,ok,
hermes:glm-5.1:321ef9ce-7734-4b2d-839d-52c4765e5982,321ef9ce-7734-4b2d-839d-52c4765e5982,glm-5.1,True,9,False,,False,False,Terminal & Coding,Terminal Tasks,lambda/hermes-agent-reasoning-traces:glm-5.1:train:1765,ok,
hermes:glm-5.1:3221ea82-596a-420b-9816-d6a0dc6236cb,3221ea82-596a-420b-9816-d6a0dc6236cb,glm-5.1,True,21,False,,False,False,Terminal & Coding,Terminal Tasks,lambda/hermes-agent-reasoning-traces:glm-5.1:train:2200,ok,
hermes:glm-5.1:324fe78d-b746-4847-a6fc-487c61d76890,324fe78d-b746-4847-a6fc-487c61d76890,glm-5.1,True,33,False,,False,False,Terminal & Coding,Terminal Tasks,lambda/hermes-agent-reasoning-traces:glm-5.1:train:1037,ok,
hermes:glm-5.1:32529eec-d1e3-47cd-9049-406049feb898,32529eec-d1e3-47cd-9049-406049feb898,glm-5.1,True,21,False,,False,False,Terminal & Coding,Terminal Tasks,lambda/hermes-agent-reasoning-traces:glm-5.1:train:960,ok,
hermes:glm-5.1:327029f7-87bb-4775-bf81-4ecdc538eef1,327029f7-87bb-4775-bf81-4ecdc538eef1,glm-5.1,True,14,False,,False,False,Terminal & Coding,Terminal Tasks,lambda/hermes-agent-reasoning-traces:glm-5.1:train:2391,ok,
hermes:glm-5.1:32793740-2688-46c0-88cc-33a30ed6e70f,32793740-2688-46c0-88cc-33a30ed6e70f,glm-5.1,True,20,False,,False,False,Agent Tools,Background Processes,lambda/hermes-agent-reasoning-traces:glm-5.1:train:762,ok,
hermes:glm-5.1:32bbe3ed-8454-4cf1-b3d7-c2ca86829574,32bbe3ed-8454-4cf1-b3d7-c2ca86829574,glm-5.1,True,23,False,,False,False,Terminal & Coding,Terminal Tasks,lambda/hermes-agent-reasoning-traces:glm-5.1:train:2120,ok,
hermes:glm-5.1:32dadd1b-62a3-447e-98ee-7ec2df84c8d6,32dadd1b-62a3-447e-98ee-7ec2df84c8d6,glm-5.1,True,11,False,,False,False,Multi-Tool,Multi-Tool Tasks,lambda/hermes-agent-reasoning-traces:glm-5.1:train:705,ok,
hermes:glm-5.1:32eef128-7f05-4e68-8ec7-4b84eadc9732,32eef128-7f05-4e68-8ec7-4b84eadc9732,glm-5.1,True,31,False,,False,False,Terminal & Coding,Terminal Tasks,lambda/hermes-agent-reasoning-traces:glm-5.1:train:1685,ok,
hermes:glm-5.1:32fea4f5-faa1-4603-b1d5-01743b1dfa43,32fea4f5-faa1-4603-b1d5-01743b1dfa43,glm-5.1,True,27,False,,False,False,Terminal & Coding,Terminal Tasks,lambda/hermes-agent-reasoning-traces:glm-5.1:train:1527,ok,
hermes:glm-5.1:3300852e-b79e-4891-bc07-66b0d362b1e3,3300852e-b79e-4891-bc07-66b0d362b1e3,glm-5.1,True,12,False,,False,False,Terminal & Coding,Terminal Tasks,lambda/hermes-agent-reasoning-traces:glm-5.1:train:1975,ok,
hermes:glm-5.1:330b5656-6d6d-4da7-80fd-05696ab001c5,330b5656-6d6d-4da7-80fd-05696ab001c5,glm-5.1,True,25,False,,False,False,Terminal & Coding,Terminal Tasks,lambda/hermes-agent-reasoning-traces:glm-5.1:train:775,ok,
hermes:glm-5.1:33233f76-42aa-4c80-ace9-b615936fb268,33233f76-42aa-4c80-ace9-b615936fb268,glm-5.1,True,31,False,,False,False,Terminal & Coding,Terminal Tasks,lambda/hermes-agent-reasoning-traces:glm-5.1:train:778,ok,
hermes:glm-5.1:332bb9e3-ed54-417a-92b6-82923b118b54,332bb9e3-ed54-417a-92b6-82923b118b54,glm-5.1,True,10,False,,False,False,Terminal & Coding,Terminal Tasks,lambda/hermes-agent-reasoning-traces:glm-5.1:train:1858,ok,
hermes:glm-5.1:336ab117-7c13-4e5f-ab74-da347dfe4156,336ab117-7c13-4e5f-ab74-da347dfe4156,glm-5.1,True,19,False,,False,False,Terminal & Coding,Terminal Tasks,lambda/hermes-agent-reasoning-traces:glm-5.1:train:773,ok,
hermes:glm-5.1:338f92d2-263e-4c3b-8584-4657478071d1,338f92d2-263e-4c3b-8584-4657478071d1,glm-5.1,True,19,False,,False,False,Browser Automation,Browser Tasks,lambda/hermes-agent-reasoning-traces:glm-5.1:train:2612,ok,
hermes:glm-5.1:3398a155-1ff1-4406-862d-5ec0c1ff05fa,3398a155-1ff1-4406-862d-5ec0c1ff05fa,glm-5.1,True,31,False,,False,False,Browser Automation,Browser Tasks,lambda/hermes-agent-reasoning-traces:glm-5.1:train:2758,ok,
hermes:glm-5.1:33b94fef-1931-4b1e-a937-456c5e0b3e51,33b94fef-1931-4b1e-a937-456c5e0b3e51,glm-5.1,True,10,False,,False,False,Terminal & Coding,Terminal Tasks,lambda/hermes-agent-reasoning-traces:glm-5.1:train:1860,ok,
hermes:glm-5.1:33b9622e-2baf-4d1b-a546-59f1af27b9d4,33b9622e-2baf-4d1b-a546-59f1af27b9d4,glm-5.1,True,21,False,,False,False,Terminal & Coding,Terminal Tasks,lambda/hermes-agent-reasoning-traces:glm-5.1:train:1510,ok,
hermes:glm-5.1:33c1edca-9c27-4682-8e09-aa3e281a1995,33c1edca-9c27-4682-8e09-aa3e281a1995,glm-5.1,True,12,False,,False,False,Terminal & Coding,Terminal Tasks,lambda/hermes-agent-reasoning-traces:glm-5.1:train:1689,ok,
hermes:glm-5.1:33cd925e-3d37-4f32-8704-973ec2ce146e,33cd925e-3d37-4f32-8704-973ec2ce146e,glm-5.1,True,29,False,,False,False,Terminal & Coding,Terminal Tasks,lambda/hermes-agent-reasoning-traces:glm-5.1:train:1461,ok,
hermes:glm-5.1:33e1eb19-ca9d-4171-b305-bdc0e20debe6,33e1eb19-ca9d-4171-b305-bdc0e20debe6,glm-5.1,True,14,False,,False,False,Terminal & Coding,Terminal Tasks,lambda/hermes-agent-reasoning-traces:glm-5.1:train:851,ok,
hermes:glm-5.1:33ecc9a7-1ffb-4b6d-8b24-f298d2d1174b,33ecc9a7-1ffb-4b6d-8b24-f298d2d1174b,glm-5.1,True,14,False,,False,False,Terminal & Coding,Terminal Tasks,lambda/hermes-agent-reasoning-traces:glm-5.1:train:1156,ok,
hermes:glm-5.1:33f5ac57-a2c2-421d-98f6-44aaa60461f0,33f5ac57-a2c2-421d-98f6-44aaa60461f0,glm-5.1,True,14,False,,False,False,Terminal & Coding,Terminal Tasks,lambda/hermes-agent-reasoning-traces:glm-5.1:train:828,ok,
hermes:glm-5.1:34080f31-e00b-4e37-aa0f-44152520e281,34080f31-e00b-4e37-aa0f-44152520e281,glm-5.1,True,18,False,,False,False,Multi-Tool,Multi-Tool Tasks,lambda/hermes-agent-reasoning-traces:glm-5.1:train:832,ok,
hermes:glm-5.1:34194dfe-98d6-4625-befd-443efac41593,34194dfe-98d6-4625-befd-443efac41593,glm-5.1,True,24,False,,False,False,Browser Automation,Browser Tasks,lambda/hermes-agent-reasoning-traces:glm-5.1:train:2822,ok,
hermes:glm-5.1:341b39d2-bbcb-4046-bc92-b3a2d60c4dd2,341b39d2-bbcb-4046-bc92-b3a2d60c4dd2,glm-5.1,True,12,False,,False,False,Multi-Tool,Multi-Tool Tasks,lambda/hermes-agent-reasoning-traces:glm-5.1:train:2308,ok,
hermes:glm-5.1:341f7316-79f6-4a9f-b304-7d58a3b67c14,341f7316-79f6-4a9f-b304-7d58a3b67c14,glm-5.1,True,25,False,,False,False,Repository Tasks,General,lambda/hermes-agent-reasoning-traces:glm-5.1:train:950,ok,
hermes:glm-5.1:34439819-26da-444e-be77-2bab0417a2ad,34439819-26da-444e-be77-2bab0417a2ad,glm-5.1,True,9,False,,False,False,Planning & Organization,Planning Tasks,lambda/hermes-agent-reasoning-traces:glm-5.1:train:15,ok,
hermes:glm-5.1:34560ef6-c405-483c-9d54-4a9fb7a2275e,34560ef6-c405-483c-9d54-4a9fb7a2275e,glm-5.1,True,21,False,,False,False,Terminal & Coding,Terminal Tasks,lambda/hermes-agent-reasoning-traces:glm-5.1:train:2444,ok,
hermes:glm-5.1:34963faa-1f48-4af4-9bc8-f969aab54856,34963faa-1f48-4af4-9bc8-f969aab54856,glm-5.1,True,20,False,,False,False,Browser Automation,Browser Tasks,lambda/hermes-agent-reasoning-traces:glm-5.1:train:2713,ok,
hermes:glm-5.1:34a74229-5bec-47be-a9ae-032c9896ce37,34a74229-5bec-47be-a9ae-032c9896ce37,glm-5.1,True,19,False,,False,False,Terminal & Coding,Terminal Tasks,lambda/hermes-agent-reasoning-traces:glm-5.1:train:1356,ok,
hermes:glm-5.1:34a7f875-070a-4286-b4e4-7bd51b16362c,34a7f875-070a-4286-b4e4-7bd51b16362c,glm-5.1,True,29,False,,False,False,Browser Automation,Browser Tasks,lambda/hermes-agent-reasoning-traces:glm-5.1:train:2705,ok,
hermes:glm-5.1:34aec697-42a0-4ac8-8b31-56394b9644bf,34aec697-42a0-4ac8-8b31-56394b9644bf,glm-5.1,True,24,False,,False,False,Browser Automation,Browser Tasks,lambda/hermes-agent-reasoning-traces:glm-5.1:train:2725,ok,
hermes:glm-5.1:34b31343-75eb-4a82-bf8d-04730f3f003d,34b31343-75eb-4a82-bf8d-04730f3f003d,glm-5.1,True,14,False,,False,False,Terminal & Coding,Terminal Tasks,lambda/hermes-agent-reasoning-traces:glm-5.1:train:2282,ok,
hermes:glm-5.1:34bf755b-7887-4c3f-88c3-4fc8dbdc002c,34bf755b-7887-4c3f-88c3-4fc8dbdc002c,glm-5.1,True,15,False,,False,False,Terminal & Coding,Terminal Tasks,lambda/hermes-agent-reasoning-traces:glm-5.1:train:1002,ok,
hermes:glm-5.1:34c2e33e-0cb9-47da-93ed-9bd278d09cf3,34c2e33e-0cb9-47da-93ed-9bd278d09cf3,glm-5.1,True,10,False,,False,False,Terminal & Coding,Terminal Tasks,lambda/hermes-agent-reasoning-traces:glm-5.1:train:1039,ok,
hermes:glm-5.1:34efb714-66d8-4829-bcfe-10808ab89195,34efb714-66d8-4829-bcfe-10808ab89195,glm-5.1,True,14,False,,False,False,Terminal & Coding,Terminal Tasks,lambda/hermes-agent-reasoning-traces:glm-5.1:train:1436,ok,
hermes:glm-5.1:34f02fa9-1a20-4af8-91b5-617926cb7ffb,34f02fa9-1a20-4af8-91b5-617926cb7ffb,glm-5.1,True,14,False,,False,False,Terminal & Coding,Terminal Tasks,lambda/hermes-agent-reasoning-traces:glm-5.1:train:1298,ok,
hermes:glm-5.1:34f207d0-45ad-4c73-a9fc-67ee2708502e,34f207d0-45ad-4c73-a9fc-67ee2708502e,glm-5.1,True,16,False,,False,False,Terminal & Coding,Terminal Tasks,lambda/hermes-agent-reasoning-traces:glm-5.1:train:926,ok,
hermes:glm-5.1:35103464-c2cd-466a-bb90-89f1efc5325c,35103464-c2cd-466a-bb90-89f1efc5325c,glm-5.1,True,10,False,,False,False,Terminal & Coding,Terminal Tasks,lambda/hermes-agent-reasoning-traces:glm-5.1:train:1425,ok,
hermes:glm-5.1:35222f18-bef1-4c98-bb82-278ea043b2c8,35222f18-bef1-4c98-bb82-278ea043b2c8,glm-5.1,True,14,False,,False,False,Terminal & Coding,Terminal Tasks,lambda/hermes-agent-reasoning-traces:glm-5.1:train:1433,ok,
hermes:glm-5.1:353751b9-492b-4118-ab86-0b484b454944,353751b9-492b-4118-ab86-0b484b454944,glm-5.1,True,14,False,,False,False,Terminal & Coding,Terminal Tasks,lambda/hermes-agent-reasoning-traces:glm-5.1:train:1320,ok,
hermes:glm-5.1:353bdfb1-9160-41bd-94a2-49e58a5b6bd8,353bdfb1-9160-41bd-94a2-49e58a5b6bd8,glm-5.1,True,14,False,,False,False,Terminal & Coding,Terminal Tasks,lambda/hermes-agent-reasoning-traces:glm-5.1:train:2333,ok,
hermes:glm-5.1:3563fdbf-2264-458a-bc4b-9d45192e81b3,3563fdbf-2264-458a-bc4b-9d45192e81b3,glm-5.1,True,20,False,,False,False,Agent Tools,Background Processes,lambda/hermes-agent-reasoning-traces:glm-5.1:train:590,ok,
hermes:glm-5.1:358c52de-b7ef-4d48-9434-e5f3f20645fe,358c52de-b7ef-4d48-9434-e5f3f20645fe,glm-5.1,True,10,False,,False,False,Terminal & Coding,Terminal Tasks,lambda/hermes-agent-reasoning-traces:glm-5.1:train:2193,ok,
hermes:glm-5.1:35946490-069f-44c5-a013-aed6f95a0431,35946490-069f-44c5-a013-aed6f95a0431,glm-5.1,True,16,False,,False,False,Terminal & Coding,Terminal Tasks,lambda/hermes-agent-reasoning-traces:glm-5.1:train:1145,ok,
hermes:glm-5.1:35a0ca5d-a3b5-41d3-adda-7f91117d222f,35a0ca5d-a3b5-41d3-adda-7f91117d222f,glm-5.1,True,10,False,,False,False,Terminal & Coding,Terminal Tasks,lambda/hermes-agent-reasoning-traces:glm-5.1:train:1880,ok,
hermes:glm-5.1:35bcad62-d0b1-4836-b205-770af6102abd,35bcad62-d0b1-4836-b205-770af6102abd,glm-5.1,True,15,False,,False,False,File Operations,File Tasks,lambda/hermes-agent-reasoning-traces:glm-5.1:train:2251,ok,
hermes:glm-5.1:35cd91e8-53fd-4266-a476-0aa5fe12bfe5,35cd91e8-53fd-4266-a476-0aa5fe12bfe5,glm-5.1,True,12,False,,False,False,Terminal & Coding,Terminal Tasks,lambda/hermes-agent-reasoning-traces:glm-5.1:train:2325,ok,
hermes:glm-5.1:35dcfdaa-2287-4e9a-a692-30898ea31db5,35dcfdaa-2287-4e9a-a692-30898ea31db5,glm-5.1,True,20,False,,False,False,File Operations,File Tasks,lambda/hermes-agent-reasoning-traces:glm-5.1:train:944,ok,
hermes:glm-5.1:35e43079-7984-408a-a432-46e8643f3c1f,35e43079-7984-408a-a432-46e8643f3c1f,glm-5.1,True,14,False,,False,False,Terminal & Coding,Terminal Tasks,lambda/hermes-agent-reasoning-traces:glm-5.1:train:1513,ok,
hermes:glm-5.1:361c4004-6150-43a5-8e32-80c77225cccd,361c4004-6150-43a5-8e32-80c77225cccd,glm-5.1,True,16,False,,False,False,File Operations,File Tasks,lambda/hermes-agent-reasoning-traces:glm-5.1:train:1934,ok,
hermes:glm-5.1:363a24fb-8818-45a1-b285-ff4a8fac868b,363a24fb-8818-45a1-b285-ff4a8fac868b,glm-5.1,True,19,False,,False,False,Terminal & Coding,Terminal Tasks,lambda/hermes-agent-reasoning-traces:glm-5.1:train:755,ok,
hermes:glm-5.1:36958b24-72cc-40b6-82e1-a2b4ec68653e,36958b24-72cc-40b6-82e1-a2b4ec68653e,glm-5.1,True,14,False,,False,False,Terminal & Coding,Terminal Tasks,lambda/hermes-agent-reasoning-traces:glm-5.1:train:2375,ok,
hermes:glm-5.1:36a99de7-3fd4-4e89-9b4f-d79c31753c16,36a99de7-3fd4-4e89-9b4f-d79c31753c16,glm-5.1,True,12,False,,False,False,Terminal & Coding,Terminal Tasks,lambda/hermes-agent-reasoning-traces:glm-5.1:train:1405,ok,
hermes:glm-5.1:36aaddb6-1558-43ed-9d3f-62e744054890,36aaddb6-1558-43ed-9d3f-62e744054890,glm-5.1,True,12,False,,False,False,File Operations,File Tasks,lambda/hermes-agent-reasoning-traces:glm-5.1:train:128,ok,
hermes:glm-5.1:36f2f34b-c530-4d64-acba-d16cbe54479d,36f2f34b-c530-4d64-acba-d16cbe54479d,glm-5.1,True,12,False,,False,False,Terminal & Coding,Terminal Tasks,lambda/hermes-agent-reasoning-traces:glm-5.1:train:1935,ok,
hermes:glm-5.1:3709c281-047d-4759-9ac6-eb1c1c31f2be,3709c281-047d-4759-9ac6-eb1c1c31f2be,glm-5.1,True,19,False,,False,False,Terminal & Coding,Terminal Tasks,lambda/hermes-agent-reasoning-traces:glm-5.1:train:1333,ok,
hermes:glm-5.1:370d8c74-5b67-4916-bea9-9c1e14c6bbbf,370d8c74-5b67-4916-bea9-9c1e14c6bbbf,glm-5.1,True,16,False,,False,False,Terminal & Coding,Terminal Tasks,lambda/hermes-agent-reasoning-traces:glm-5.1:train:1524,ok,
hermes:glm-5.1:3711a343-64cb-4824-89c9-7e47d86786d0,3711a343-64cb-4824-89c9-7e47d86786d0,glm-5.1,True,10,False,,False,False,Terminal & Coding,Terminal Tasks,lambda/hermes-agent-reasoning-traces:glm-5.1:train:901,ok,
hermes:glm-5.1:3718b419-3e87-489f-af17-0b7c6828ff62,3718b419-3e87-489f-af17-0b7c6828ff62,glm-5.1,True,22,False,,False,False,Browser Automation,Browser Tasks,lambda/hermes-agent-reasoning-traces:glm-5.1:train:2878,ok,
hermes:glm-5.1:371e05cb-4ca3-4990-a29f-56d845fbe715,371e05cb-4ca3-4990-a29f-56d845fbe715,glm-5.1,True,9,False,,False,False,Terminal & Coding,Terminal Tasks,lambda/hermes-agent-reasoning-traces:glm-5.1:train:1955,ok,
hermes:glm-5.1:372702f1-7451-4c1a-b8a2-0e944f0067fd,372702f1-7451-4c1a-b8a2-0e944f0067fd,glm-5.1,True,25,False,,False,False,Browser Automation,Browser Tasks,lambda/hermes-agent-reasoning-traces:glm-5.1:train:2958,ok,
hermes:glm-5.1:377992df-3849-4c44-b2e5-f1d0365f6c33,377992df-3849-4c44-b2e5-f1d0365f6c33,glm-5.1,True,18,False,,False,False,Terminal & Coding,Terminal Tasks,lambda/hermes-agent-reasoning-traces:glm-5.1:train:172,ok,
hermes:glm-5.1:378902ff-eefd-4d73-9e32-7c3967bd84aa,378902ff-eefd-4d73-9e32-7c3967bd84aa,glm-5.1,True,16,False,,False,False,Planning & Organization,Planning Tasks,lambda/hermes-agent-reasoning-traces:glm-5.1:train:2492,ok,
hermes:glm-5.1:37bcf196-95ea-40b9-94af-51ba94d297ec,37bcf196-95ea-40b9-94af-51ba94d297ec,glm-5.1,True,16,False,,False,False,Browser Automation,Browser Tasks,lambda/hermes-agent-reasoning-traces:glm-5.1:train:2749,ok,
hermes:glm-5.1:37d3187c-a735-402b-bf20-ebf98d2f13f3,37d3187c-a735-402b-bf20-ebf98d2f13f3,glm-5.1,True,22,False,,False,False,Browser Automation,Browser Tasks,lambda/hermes-agent-reasoning-traces:glm-5.1:train:2589,ok,
hermes:glm-5.1:37e0bd03-0559-42ca-b352-0963bd6f6252,37e0bd03-0559-42ca-b352-0963bd6f6252,glm-5.1,True,27,False,,False,False,Agent Tools,Background Processes,lambda/hermes-agent-reasoning-traces:glm-5.1:train:1421,ok,
hermes:glm-5.1:37f083d3-67f5-4474-b9b3-27d1c1826b5f,37f083d3-67f5-4474-b9b3-27d1c1826b5f,glm-5.1,True,14,False,,False,False,Terminal & Coding,Terminal Tasks,lambda/hermes-agent-reasoning-traces:glm-5.1:train:881,ok,
hermes:glm-5.1:38254857-7aff-4910-8c84-fe70e174ee21,38254857-7aff-4910-8c84-fe70e174ee21,glm-5.1,True,14,False,,False,False,Planning & Organization,Planning Tasks,lambda/hermes-agent-reasoning-traces:glm-5.1:train:2315,ok,
hermes:glm-5.1:383a5c21-0ba4-4367-91d6-d29d117951cf,383a5c21-0ba4-4367-91d6-d29d117951cf,glm-5.1,True,10,False,,False,False,Terminal & Coding,Terminal Tasks,lambda/hermes-agent-reasoning-traces:glm-5.1:train:521,ok,
hermes:glm-5.1:384a336b-dd16-4933-8a54-4d378ebbe97b,384a336b-dd16-4933-8a54-4d378ebbe97b,glm-5.1,True,21,False,,False,False,Terminal & Coding,Terminal Tasks,lambda/hermes-agent-reasoning-traces:glm-5.1:train:1059,ok,
hermes:glm-5.1:3875b807-c941-453f-907d-6bbbde1305a8,3875b807-c941-453f-907d-6bbbde1305a8,glm-5.1,True,25,False,,False,False,Terminal & Coding,Terminal Tasks,lambda/hermes-agent-reasoning-traces:glm-5.1:train:658,ok,
hermes:glm-5.1:387b1109-9e4a-417e-8e40-aeccfda9cdfe,387b1109-9e4a-417e-8e40-aeccfda9cdfe,glm-5.1,True,10,False,,False,False,Terminal & Coding,Terminal Tasks,lambda/hermes-agent-reasoning-traces:glm-5.1:train:153,ok,
hermes:glm-5.1:38853384-8eaa-4ed9-9a0c-7f6b42c9458a,38853384-8eaa-4ed9-9a0c-7f6b42c9458a,glm-5.1,True,11,False,,False,False,File Operations,File Tasks,lambda/hermes-agent-reasoning-traces:glm-5.1:train:2448,ok,
hermes:glm-5.1:389ddf95-4809-41c3-a4c0-5450d5778168,389ddf95-4809-41c3-a4c0-5450d5778168,glm-5.1,True,25,False,,False,False,Terminal & Coding,Terminal Tasks,lambda/hermes-agent-reasoning-traces:glm-5.1:train:488,ok,
hermes:glm-5.1:38bcf6ff-1c97-4c07-9690-7d6f1db1111e,38bcf6ff-1c97-4c07-9690-7d6f1db1111e,glm-5.1,True,23,False,,False,False,Terminal & Coding,Terminal Tasks,lambda/hermes-agent-reasoning-traces:glm-5.1:train:677,ok,
hermes:glm-5.1:38d56116-2192-4eef-a732-73b4892b5990,38d56116-2192-4eef-a732-73b4892b5990,glm-5.1,True,22,False,,False,False,Terminal & Coding,Terminal Tasks,lambda/hermes-agent-reasoning-traces:glm-5.1:train:1434,ok,
hermes:glm-5.1:38e07597-c511-4750-90a4-02e0910dee20,38e07597-c511-4750-90a4-02e0910dee20,glm-5.1,True,25,False,,False,False,Browser Automation,Browser Tasks,lambda/hermes-agent-reasoning-traces:glm-5.1:train:2866,ok,
hermes:glm-5.1:38eb18b6-00bc-4d8c-8493-3f50a3f38d5c,38eb18b6-00bc-4d8c-8493-3f50a3f38d5c,glm-5.1,True,23,False,,False,False,Terminal & Coding,Terminal Tasks,lambda/hermes-agent-reasoning-traces:glm-5.1:train:587,ok,
hermes:glm-5.1:38fd26a2-e615-4f36-b374-ec133edfabb2,38fd26a2-e615-4f36-b374-ec133edfabb2,glm-5.1,True,14,False,,False,False,Terminal & Coding,Terminal Tasks,lambda/hermes-agent-reasoning-traces:glm-5.1:train:180,ok,
hermes:glm-5.1:3922b717-f380-4b96-bbb4-5f07bdf987cd,3922b717-f380-4b96-bbb4-5f07bdf987cd,glm-5.1,True,25,False,,False,False,Terminal & Coding,Terminal Tasks,lambda/hermes-agent-reasoning-traces:glm-5.1:train:1901,ok,
hermes:glm-5.1:392bb011-e897-4fac-b236-e402afde5011,392bb011-e897-4fac-b236-e402afde5011,glm-5.1,True,14,False,,False,False,Terminal & Coding,Terminal Tasks,lambda/hermes-agent-reasoning-traces:glm-5.1:train:1517,ok,
hermes:glm-5.1:3930894d-48ff-4624-8984-e32a46c3e6f9,3930894d-48ff-4624-8984-e32a46c3e6f9,glm-5.1,True,12,False,,False,False,Terminal & Coding,Terminal Tasks,lambda/hermes-agent-reasoning-traces:glm-5.1:train:2118,ok,
hermes:glm-5.1:3932fb1a-254c-4469-b8f1-2300aae797f2,3932fb1a-254c-4469-b8f1-2300aae797f2,glm-5.1,True,14,False,,False,False,Terminal & Coding,Terminal Tasks,lambda/hermes-agent-reasoning-traces:glm-5.1:train:2009,ok,
hermes:glm-5.1:393d522d-4ff3-44c8-8f06-de798f6bfe22,393d522d-4ff3-44c8-8f06-de798f6bfe22,glm-5.1,True,10,False,,False,False,Terminal & Coding,Terminal Tasks,lambda/hermes-agent-reasoning-traces:glm-5.1:train:5,ok,
hermes:glm-5.1:395a18a4-0088-4a07-963a-16d015062a5d,395a18a4-0088-4a07-963a-16d015062a5d,glm-5.1,True,23,False,,False,False,File Operations,File Tasks,lambda/hermes-agent-reasoning-traces:glm-5.1:train:505,ok,
hermes:glm-5.1:397c300e-d1b6-4529-aef9-5292032961f6,397c300e-d1b6-4529-aef9-5292032961f6,glm-5.1,True,21,False,,False,False,Terminal & Coding,Terminal Tasks,lambda/hermes-agent-reasoning-traces:glm-5.1:train:2322,ok,
hermes:glm-5.1:39ad433a-9845-4129-9035-6d2124d1a26a,39ad433a-9845-4129-9035-6d2124d1a26a,glm-5.1,True,27,False,,False,False,Terminal & Coding,Terminal Tasks,lambda/hermes-agent-reasoning-traces:glm-5.1:train:351,ok,
hermes:glm-5.1:39b1a229-1592-404f-b009-fb71ba93159a,39b1a229-1592-404f-b009-fb71ba93159a,glm-5.1,True,17,False,,False,False,Terminal & Coding,Terminal Tasks,lambda/hermes-agent-reasoning-traces:glm-5.1:train:443,ok,
hermes:glm-5.1:39b71ca4-47d2-4ceb-9c6a-9c2e17c6c192,39b71ca4-47d2-4ceb-9c6a-9c2e17c6c192,glm-5.1,True,12,False,,False,False,Terminal & Coding,Terminal Tasks,lambda/hermes-agent-reasoning-traces:glm-5.1:train:592,ok,
hermes:glm-5.1:39bc53e5-0d43-4381-b8b0-36800ceb6565,39bc53e5-0d43-4381-b8b0-36800ceb6565,glm-5.1,True,15,False,,False,False,Planning & Organization,Planning Tasks,lambda/hermes-agent-reasoning-traces:glm-5.1:train:2423,ok,
hermes:glm-5.1:39c4baeb-3631-4b5d-a767-29b847c54c42,39c4baeb-3631-4b5d-a767-29b847c54c42,glm-5.1,True,18,False,,False,False,Terminal & Coding,Terminal Tasks,lambda/hermes-agent-reasoning-traces:glm-5.1:train:2319,ok,
hermes:glm-5.1:3a146783-b054-4fb8-aaff-b10ca0bde2cd,3a146783-b054-4fb8-aaff-b10ca0bde2cd,glm-5.1,True,18,False,,False,False,Terminal & Coding,Terminal Tasks,lambda/hermes-agent-reasoning-traces:glm-5.1:train:2369,ok,
hermes:glm-5.1:3a258134-1280-4e0a-9d35-b519f4946d9b,3a258134-1280-4e0a-9d35-b519f4946d9b,glm-5.1,True,25,False,,False,False,Terminal & Coding,Terminal Tasks,lambda/hermes-agent-reasoning-traces:glm-5.1:train:713,ok,
hermes:glm-5.1:3a512d84-c145-4c2c-8931-ad9398715e74,3a512d84-c145-4c2c-8931-ad9398715e74,glm-5.1,True,19,False,,False,False,Terminal & Coding,Terminal Tasks,lambda/hermes-agent-reasoning-traces:glm-5.1:train:1665,ok,
hermes:glm-5.1:3a520cf5-1a85-4a8b-80e6-db23eedf26d3,3a520cf5-1a85-4a8b-80e6-db23eedf26d3,glm-5.1,True,27,False,,False,False,Terminal & Coding,Terminal Tasks,lambda/hermes-agent-reasoning-traces:glm-5.1:train:1963,ok,
hermes:glm-5.1:3a6f08e0-b0ef-4b5c-a72f-2c1544735174,3a6f08e0-b0ef-4b5c-a72f-2c1544735174,glm-5.1,True,10,False,,False,False,Terminal & Coding,Terminal Tasks,lambda/hermes-agent-reasoning-traces:glm-5.1:train:65,ok,
hermes:glm-5.1:3a74a8a0-3cfd-4c68-bb21-5d60c59beffe,3a74a8a0-3cfd-4c68-bb21-5d60c59beffe,glm-5.1,True,25,False,,False,False,Terminal & Coding,Terminal Tasks,lambda/hermes-agent-reasoning-traces:glm-5.1:train:1366,ok,
hermes:glm-5.1:3a9624f6-df9d-400a-a460-61da3c9e83ea,3a9624f6-df9d-400a-a460-61da3c9e83ea,glm-5.1,True,12,False,,False,False,Terminal & Coding,Terminal Tasks,lambda/hermes-agent-reasoning-traces:glm-5.1:train:2114,ok,
hermes:glm-5.1:3a99788d-4a9d-461e-8f4a-9a96a5736b12,3a99788d-4a9d-461e-8f4a-9a96a5736b12,glm-5.1,True,10,False,,False,False,Terminal & Coding,Terminal Tasks,lambda/hermes-agent-reasoning-traces:glm-5.1:train:1807,ok,
hermes:glm-5.1:3acd7260-37ab-4f2c-867d-c921c543eb24,3acd7260-37ab-4f2c-867d-c921c543eb24,glm-5.1,True,16,False,,False,False,Terminal & Coding,Terminal Tasks,lambda/hermes-agent-reasoning-traces:glm-5.1:train:1848,ok,
hermes:glm-5.1:3ada95d7-901c-4a6f-b553-cf28df27b156,3ada95d7-901c-4a6f-b553-cf28df27b156,glm-5.1,True,20,False,,False,False,Terminal & Coding,Terminal Tasks,lambda/hermes-agent-reasoning-traces:glm-5.1:train:537,ok,
hermes:glm-5.1:3ae5cae3-af61-4da8-935c-588e7a3b6b0c,3ae5cae3-af61-4da8-935c-588e7a3b6b0c,glm-5.1,True,11,False,,False,False,Terminal & Coding,Terminal Tasks,lambda/hermes-agent-reasoning-traces:glm-5.1:train:2055,ok,
hermes:glm-5.1:3b1a1964-abaf-4a5c-b3f9-97cd639734f6,3b1a1964-abaf-4a5c-b3f9-97cd639734f6,glm-5.1,True,14,False,,False,False,Terminal & Coding,Terminal Tasks,lambda/hermes-agent-reasoning-traces:glm-5.1:train:2160,ok,
hermes:glm-5.1:3b27e80a-c362-43b0-84dc-648a12b979dc,3b27e80a-c362-43b0-84dc-648a12b979dc,glm-5.1,True,25,False,,False,False,Terminal & Coding,Terminal Tasks,lambda/hermes-agent-reasoning-traces:glm-5.1:train:1707,ok,
hermes:glm-5.1:3b33d573-0237-43e6-be59-cf0ec0308a7f,3b33d573-0237-43e6-be59-cf0ec0308a7f,glm-5.1,True,16,False,,False,False,Scheduling,Cron Jobs,lambda/hermes-agent-reasoning-traces:glm-5.1:train:256,ok,
hermes:glm-5.1:3b469293-7526-4233-8d89-8564cb5f82ce,3b469293-7526-4233-8d89-8564cb5f82ce,glm-5.1,True,14,False,,False,False,Terminal & Coding,Terminal Tasks,lambda/hermes-agent-reasoning-traces:glm-5.1:train:704,ok,
hermes:glm-5.1:3b58bcdf-fff1-4d45-a3bc-25091b2a528d,3b58bcdf-fff1-4d45-a3bc-25091b2a528d,glm-5.1,True,13,False,,False,False,Terminal & Coding,Terminal Tasks,lambda/hermes-agent-reasoning-traces:glm-5.1:train:1718,ok,
hermes:glm-5.1:3b63fe7c-09e6-436f-b967-bbd0dd70ca18,3b63fe7c-09e6-436f-b967-bbd0dd70ca18,glm-5.1,True,18,False,,False,False,Terminal & Coding,Terminal Tasks,lambda/hermes-agent-reasoning-traces:glm-5.1:train:1869,ok,
hermes:glm-5.1:3b69e277-e5f8-4940-9d06-a14bf3908952,3b69e277-e5f8-4940-9d06-a14bf3908952,glm-5.1,True,10,False,,False,False,Terminal & Coding,Terminal Tasks,lambda/hermes-agent-reasoning-traces:glm-5.1:train:1771,ok,
hermes:glm-5.1:3b6aa2e7-15c1-416e-ab65-35f13029155c,3b6aa2e7-15c1-416e-ab65-35f13029155c,glm-5.1,True,21,False,,False,False,Terminal & Coding,Terminal Tasks,lambda/hermes-agent-reasoning-traces:glm-5.1:train:1601,ok,
hermes:glm-5.1:3b8a70a6-76c6-493c-8cec-8bb4641d7c12,3b8a70a6-76c6-493c-8cec-8bb4641d7c12,glm-5.1,True,12,False,,False,False,Multi-Tool,Multi-Tool Tasks,lambda/hermes-agent-reasoning-traces:glm-5.1:train:1776,ok,
hermes:glm-5.1:3bb6b15c-0cb9-4695-9a85-69613e57cba0,3bb6b15c-0cb9-4695-9a85-69613e57cba0,glm-5.1,True,12,False,,False,False,Terminal & Coding,Terminal Tasks,lambda/hermes-agent-reasoning-traces:glm-5.1:train:1412,ok,
hermes:glm-5.1:3be16e05-a6a4-4de1-a4c3-bed2632d34fa,3be16e05-a6a4-4de1-a4c3-bed2632d34fa,glm-5.1,True,29,False,,False,False,Terminal & Coding,Terminal Tasks,lambda/hermes-agent-reasoning-traces:glm-5.1:train:968,ok,
hermes:glm-5.1:3be8768a-eb66-4b68-8f42-7dcbbecc8155,3be8768a-eb66-4b68-8f42-7dcbbecc8155,glm-5.1,True,14,False,,False,False,Terminal & Coding,Terminal Tasks,lambda/hermes-agent-reasoning-traces:glm-5.1:train:1586,ok,
hermes:glm-5.1:3bf822d4-c365-41ca-acce-916d288b434d,3bf822d4-c365-41ca-acce-916d288b434d,glm-5.1,True,21,False,,False,False,Terminal & Coding,Terminal Tasks,lambda/hermes-agent-reasoning-traces:glm-5.1:train:305,ok,
hermes:glm-5.1:3c0e0731-814d-4d1f-81e6-cd4122fcd56a,3c0e0731-814d-4d1f-81e6-cd4122fcd56a,glm-5.1,True,25,False,,False,False,Browser Automation,Browser Tasks,lambda/hermes-agent-reasoning-traces:glm-5.1:train:2572,ok,
hermes:glm-5.1:3c25da1c-6e38-4807-ba24-04f7aae1ba2a,3c25da1c-6e38-4807-ba24-04f7aae1ba2a,glm-5.1,True,21,False,,False,False,Terminal & Coding,Terminal Tasks,lambda/hermes-agent-reasoning-traces:glm-5.1:train:1388,ok,
hermes:glm-5.1:3c38985c-c679-45f9-a397-ba003ff7a164,3c38985c-c679-45f9-a397-ba003ff7a164,glm-5.1,True,12,False,,False,False,Terminal & Coding,Terminal Tasks,lambda/hermes-agent-reasoning-traces:glm-5.1:train:934,ok,
hermes:glm-5.1:3c482cc1-66f4-4304-9698-3aaf4eed8a7e,3c482cc1-66f4-4304-9698-3aaf4eed8a7e,glm-5.1,True,15,False,,False,False,Terminal & Coding,Terminal Tasks,lambda/hermes-agent-reasoning-traces:glm-5.1:train:81,ok,
hermes:glm-5.1:3c4c00be-95c6-4776-8273-686ae9f17988,3c4c00be-95c6-4776-8273-686ae9f17988,glm-5.1,True,29,False,,False,False,Terminal & Coding,Terminal Tasks,lambda/hermes-agent-reasoning-traces:glm-5.1:train:115,ok,
hermes:glm-5.1:3c790875-e3f0-485d-8cea-c2a88c5da110,3c790875-e3f0-485d-8cea-c2a88c5da110,glm-5.1,True,9,False,,False,False,Terminal & Coding,Terminal Tasks,lambda/hermes-agent-reasoning-traces:glm-5.1:train:867,ok,
hermes:glm-5.1:3c839687-eabf-47e3-88ac-74bfad2c1cf0,3c839687-eabf-47e3-88ac-74bfad2c1cf0,glm-5.1,True,29,False,,False,False,Terminal & Coding,Terminal Tasks,lambda/hermes-agent-reasoning-traces:glm-5.1:train:2480,ok,
hermes:glm-5.1:3c9cdd30-8ee1-44ab-ab05-789797228e75,3c9cdd30-8ee1-44ab-ab05-789797228e75,glm-5.1,True,26,False,,False,False,Terminal & Coding,Terminal Tasks,lambda/hermes-agent-reasoning-traces:glm-5.1:train:2079,ok,
hermes:glm-5.1:3cb3cbf7-1b58-4d2e-a444-ed8bc6e33a05,3cb3cbf7-1b58-4d2e-a444-ed8bc6e33a05,glm-5.1,True,23,False,,False,False,Terminal & Coding,Terminal Tasks,lambda/hermes-agent-reasoning-traces:glm-5.1:train:317,ok,
hermes:glm-5.1:3cc5819a-f4e6-4a04-87a1-f94680b6cef3,3cc5819a-f4e6-4a04-87a1-f94680b6cef3,glm-5.1,True,16,False,,False,False,Terminal & Coding,Terminal Tasks,lambda/hermes-agent-reasoning-traces:glm-5.1:train:356,ok,
hermes:glm-5.1:3cf33be2-27a9-4adc-ba8c-0d4d152a98c7,3cf33be2-27a9-4adc-ba8c-0d4d152a98c7,glm-5.1,True,12,False,,False,False,Terminal & Coding,Terminal Tasks,lambda/hermes-agent-reasoning-traces:glm-5.1:train:1128,ok,
hermes:glm-5.1:3cfb59c3-047d-48c5-8531-83e44c7350be,3cfb59c3-047d-48c5-8531-83e44c7350be,glm-5.1,True,14,False,,False,False,Terminal & Coding,Terminal Tasks,lambda/hermes-agent-reasoning-traces:glm-5.1:train:719,ok,
hermes:glm-5.1:3d048d84-5e01-413b-89bb-8cc1683f7515,3d048d84-5e01-413b-89bb-8cc1683f7515,glm-5.1,True,14,False,,False,False,Terminal & Coding,Terminal Tasks,lambda/hermes-agent-reasoning-traces:glm-5.1:train:917,ok,
hermes:glm-5.1:3d2be7bd-0f52-4bef-aa97-f9b87732dd0d,3d2be7bd-0f52-4bef-aa97-f9b87732dd0d,glm-5.1,True,23,False,,False,False,Terminal & Coding,Terminal Tasks,lambda/hermes-agent-reasoning-traces:glm-5.1:train:985,ok,
hermes:glm-5.1:3d42b916-45e5-4351-8959-b7eaa69d2228,3d42b916-45e5-4351-8959-b7eaa69d2228,glm-5.1,True,27,False,,False,False,Agent Tools,Background Processes,lambda/hermes-agent-reasoning-traces:glm-5.1:train:530,ok,
hermes:glm-5.1:3d62f898-c03f-43da-ae4a-5af1a076afc6,3d62f898-c03f-43da-ae4a-5af1a076afc6,glm-5.1,True,27,False,,False,False,Browser Automation,Browser Tasks,lambda/hermes-agent-reasoning-traces:glm-5.1:train:2790,ok,
hermes:glm-5.1:3d62f9dc-b22f-44ac-89a0-adbbbd45f5e7,3d62f9dc-b22f-44ac-89a0-adbbbd45f5e7,glm-5.1,True,14,False,,False,False,Terminal & Coding,Terminal Tasks,lambda/hermes-agent-reasoning-traces:glm-5.1:train:1995,ok,
hermes:glm-5.1:3d86eccf-a7b6-468e-a7a4-393762ccef3b,3d86eccf-a7b6-468e-a7a4-393762ccef3b,glm-5.1,True,18,False,,False,False,Browser Automation,Browser Tasks,lambda/hermes-agent-reasoning-traces:glm-5.1:train:2685,ok,
hermes:glm-5.1:3d97313d-5a0f-41c3-b278-9d71a653bdb8,3d97313d-5a0f-41c3-b278-9d71a653bdb8,glm-5.1,True,13,False,,False,False,Terminal & Coding,Terminal Tasks,lambda/hermes-agent-reasoning-traces:glm-5.1:train:2098,ok,
hermes:glm-5.1:3dae145a-a38c-431a-8501-4f6cad8e9687,3dae145a-a38c-431a-8501-4f6cad8e9687,glm-5.1,True,27,False,,False,False,Browser Automation,Browser Tasks,lambda/hermes-agent-reasoning-traces:glm-5.1:train:2558,ok,
hermes:glm-5.1:3e1a78b3-8428-4c63-bd52-e395f617ed23,3e1a78b3-8428-4c63-bd52-e395f617ed23,glm-5.1,True,15,False,,False,False,Terminal & Coding,Terminal Tasks,lambda/hermes-agent-reasoning-traces:glm-5.1:train:378,ok,
hermes:glm-5.1:3e2e26e6-3166-4305-89f0-28ac4548b38b,3e2e26e6-3166-4305-89f0-28ac4548b38b,glm-5.1,True,10,False,,False,False,Terminal & Coding,Terminal Tasks,lambda/hermes-agent-reasoning-traces:glm-5.1:train:435,ok,
hermes:glm-5.1:3e4f11bb-b3f5-4bda-855c-3d6f99ae55c3,3e4f11bb-b3f5-4bda-855c-3d6f99ae55c3,glm-5.1,True,18,False,,False,False,Browser Automation,Browser Tasks,lambda/hermes-agent-reasoning-traces:glm-5.1:train:2759,ok,
hermes:glm-5.1:3e53e53c-06b4-46d4-9196-d13a9fc87648,3e53e53c-06b4-46d4-9196-d13a9fc87648,glm-5.1,True,12,False,,False,False,Browser Automation,Browser Tasks,lambda/hermes-agent-reasoning-traces:glm-5.1:train:2976,ok,
hermes:glm-5.1:3e625325-a9f2-436c-b9a5-0c7eda95b6f4,3e625325-a9f2-436c-b9a5-0c7eda95b6f4,glm-5.1,True,23,False,,False,False,Browser Automation,Browser Tasks,lambda/hermes-agent-reasoning-traces:glm-5.1:train:2780,ok,
hermes:glm-5.1:3e77da9d-3bd3-45cd-8bf3-868f528b6bb9,3e77da9d-3bd3-45cd-8bf3-868f528b6bb9,glm-5.1,True,12,False,,False,False,Terminal & Coding,Terminal Tasks,lambda/hermes-agent-reasoning-traces:glm-5.1:train:14,ok,
hermes:glm-5.1:3e837e36-be89-4edb-91e3-d0f4f750668f,3e837e36-be89-4edb-91e3-d0f4f750668f,glm-5.1,True,16,False,,False,False,Terminal & Coding,Terminal Tasks,lambda/hermes-agent-reasoning-traces:glm-5.1:train:469,ok,
hermes:glm-5.1:3eac9a22-60fa-43d6-9ded-c5480d7d381e,3eac9a22-60fa-43d6-9ded-c5480d7d381e,glm-5.1,True,19,False,,False,False,Terminal & Coding,Terminal Tasks,lambda/hermes-agent-reasoning-traces:glm-5.1:train:620,ok,
hermes:glm-5.1:3ee585c4-eb26-4fdd-8093-eb15d26d9cb0,3ee585c4-eb26-4fdd-8093-eb15d26d9cb0,glm-5.1,True,14,False,,False,False,Terminal & Coding,Terminal Tasks,lambda/hermes-agent-reasoning-traces:glm-5.1:train:1214,ok,
hermes:glm-5.1:3f08f921-fe87-4032-a03f-6c9c0afcd0e9,3f08f921-fe87-4032-a03f-6c9c0afcd0e9,glm-5.1,True,22,False,,False,False,Terminal & Coding,Terminal Tasks,lambda/hermes-agent-reasoning-traces:glm-5.1:train:142,ok,
hermes:glm-5.1:3f0a3771-5206-42b1-ab67-262c3ef99fc5,3f0a3771-5206-42b1-ab67-262c3ef99fc5,glm-5.1,True,17,False,,False,False,Terminal & Coding,Terminal Tasks,lambda/hermes-agent-reasoning-traces:glm-5.1:train:971,ok,
hermes:glm-5.1:3f2f5864-fe77-47c9-8d51-3ec522507025,3f2f5864-fe77-47c9-8d51-3ec522507025,glm-5.1,True,27,False,,False,False,Browser Automation,Browser Tasks,lambda/hermes-agent-reasoning-traces:glm-5.1:train:2814,ok,
hermes:glm-5.1:3f302c34-9070-4279-afe9-b8792595ddf8,3f302c34-9070-4279-afe9-b8792595ddf8,glm-5.1,True,10,False,,False,False,Terminal & Coding,Terminal Tasks,lambda/hermes-agent-reasoning-traces:glm-5.1:train:1501,ok,
hermes:glm-5.1:3f4a4601-2c39-4598-bcc7-d91aabfea95d,3f4a4601-2c39-4598-bcc7-d91aabfea95d,glm-5.1,True,14,False,,False,False,Multi-Tool,Multi-Tool Tasks,lambda/hermes-agent-reasoning-traces:glm-5.1:train:1286,ok,
hermes:glm-5.1:3f5a4a25-4bb0-4c95-9d06-19c8c462cc5e,3f5a4a25-4bb0-4c95-9d06-19c8c462cc5e,glm-5.1,True,17,False,,False,False,Terminal & Coding,Terminal Tasks,lambda/hermes-agent-reasoning-traces:glm-5.1:train:1597,ok,
hermes:glm-5.1:3f753bf6-4297-4572-8680-3ecceafa05dd,3f753bf6-4297-4572-8680-3ecceafa05dd,glm-5.1,True,12,False,,False,False,Terminal & Coding,Terminal Tasks,lambda/hermes-agent-reasoning-traces:glm-5.1:train:1408,ok,
hermes:glm-5.1:3fcaf551-a6d5-4ca8-afa2-661dfd5418c0,3fcaf551-a6d5-4ca8-afa2-661dfd5418c0,glm-5.1,True,25,False,,False,False,Browser Automation,Browser Tasks,lambda/hermes-agent-reasoning-traces:glm-5.1:train:2602,ok,
hermes:glm-5.1:3fd02ca6-56db-43fb-8608-56b0f640d6c0,3fd02ca6-56db-43fb-8608-56b0f640d6c0,glm-5.1,True,14,False,,False,False,Terminal & Coding,Terminal Tasks,lambda/hermes-agent-reasoning-traces:glm-5.1:train:2266,ok,
hermes:glm-5.1:3fd3395a-4ff6-4f2a-a58f-f1fcbc506a6d,3fd3395a-4ff6-4f2a-a58f-f1fcbc506a6d,glm-5.1,True,25,False,,False,False,Terminal & Coding,Terminal Tasks,lambda/hermes-agent-reasoning-traces:glm-5.1:train:816,ok,
hermes:glm-5.1:3fd93c32-d101-498b-ab12-691ac8203d87,3fd93c32-d101-498b-ab12-691ac8203d87,glm-5.1,True,21,False,,False,False,Terminal & Coding,Terminal Tasks,lambda/hermes-agent-reasoning-traces:glm-5.1:train:2185,ok,
hermes:glm-5.1:3ff4c5f3-7f34-4769-8f0c-10caabadc084,3ff4c5f3-7f34-4769-8f0c-10caabadc084,glm-5.1,True,12,False,,False,False,Terminal & Coding,Terminal Tasks,lambda/hermes-agent-reasoning-traces:glm-5.1:train:529,ok,
hermes:glm-5.1:3ff4fc73-42f5-45bb-8e9b-52837a72f3b0,3ff4fc73-42f5-45bb-8e9b-52837a72f3b0,glm-5.1,True,12,False,,False,False,Terminal & Coding,Terminal Tasks,lambda/hermes-agent-reasoning-traces:glm-5.1:train:51,ok,
hermes:glm-5.1:40107248-0ef1-41d7-9556-ba6067058695,40107248-0ef1-41d7-9556-ba6067058695,glm-5.1,True,22,False,,False,False,Browser Automation,Browser Tasks,lambda/hermes-agent-reasoning-traces:glm-5.1:train:2696,ok,
hermes:glm-5.1:4021e558-fd5c-4894-9dc4-9948b9af5a8d,4021e558-fd5c-4894-9dc4-9948b9af5a8d,glm-5.1,True,12,False,,False,False,Terminal & Coding,Terminal Tasks,lambda/hermes-agent-reasoning-traces:glm-5.1:train:693,ok,
hermes:glm-5.1:4031f9db-bc16-4a5e-9cb6-7aac9159bd0a,4031f9db-bc16-4a5e-9cb6-7aac9159bd0a,glm-5.1,True,12,False,,False,False,Terminal & Coding,Terminal Tasks,lambda/hermes-agent-reasoning-traces:glm-5.1:train:52,ok,
hermes:glm-5.1:40349f2b-dfe5-4765-b65d-81eeab61f76b,40349f2b-dfe5-4765-b65d-81eeab61f76b,glm-5.1,True,12,False,,False,False,Terminal & Coding,Terminal Tasks,lambda/hermes-agent-reasoning-traces:glm-5.1:train:1876,ok,
hermes:glm-5.1:40508a47-7f7f-45ba-896a-24647fee5f65,40508a47-7f7f-45ba-896a-24647fee5f65,glm-5.1,True,16,False,,False,False,Terminal & Coding,Terminal Tasks,lambda/hermes-agent-reasoning-traces:glm-5.1:train:495,ok,
hermes:glm-5.1:40649da7-a31f-4cdf-b0e5-53847bdab38f,40649da7-a31f-4cdf-b0e5-53847bdab38f,glm-5.1,True,24,False,,False,False,Agent Tools,Background Processes,lambda/hermes-agent-reasoning-traces:glm-5.1:train:2187,ok,
hermes:glm-5.1:40652856-135b-4051-8c65-1e15a32e4c82,40652856-135b-4051-8c65-1e15a32e4c82,glm-5.1,True,14,False,,False,False,Terminal & Coding,Terminal Tasks,lambda/hermes-agent-reasoning-traces:glm-5.1:train:120,ok,
hermes:glm-5.1:4083c0ac-fde6-4fe1-a0e2-dbf7ee4f52b4,4083c0ac-fde6-4fe1-a0e2-dbf7ee4f52b4,glm-5.1,True,16,False,,False,False,Terminal & Coding,Terminal Tasks,lambda/hermes-agent-reasoning-traces:glm-5.1:train:694,ok,
hermes:glm-5.1:408639d5-f4f2-4ba9-99d5-7647f18b6c34,408639d5-f4f2-4ba9-99d5-7647f18b6c34,glm-5.1,True,14,False,,False,False,Terminal & Coding,Terminal Tasks,lambda/hermes-agent-reasoning-traces:glm-5.1:train:219,ok,
hermes:glm-5.1:40c3533e-b974-4fd7-86b0-5918ed2ae70a,40c3533e-b974-4fd7-86b0-5918ed2ae70a,glm-5.1,True,10,False,,False,False,Planning & Organization,Planning Tasks,lambda/hermes-agent-reasoning-traces:glm-5.1:train:570,ok,
hermes:glm-5.1:40e2d60e-0b53-4e8e-aa3a-deef12ae67ae,40e2d60e-0b53-4e8e-aa3a-deef12ae67ae,glm-5.1,True,12,False,,False,False,Terminal & Coding,Terminal Tasks,lambda/hermes-agent-reasoning-traces:glm-5.1:train:1838,ok,
hermes:glm-5.1:40e9610a-8d0b-43ad-81b9-7121dddfdec7,40e9610a-8d0b-43ad-81b9-7121dddfdec7,glm-5.1,True,31,False,,False,False,Browser Automation,Browser Tasks,lambda/hermes-agent-reasoning-traces:glm-5.1:train:2620,ok,
hermes:glm-5.1:40e9bf16-73c8-482d-b511-0c86b6502132,40e9bf16-73c8-482d-b511-0c86b6502132,glm-5.1,True,16,False,,False,False,Terminal & Coding,Terminal Tasks,lambda/hermes-agent-reasoning-traces:glm-5.1:train:818,ok,
hermes:glm-5.1:4102b9cd-6270-4e2e-9b58-d6863c22bf97,4102b9cd-6270-4e2e-9b58-d6863c22bf97,glm-5.1,True,22,False,,False,False,Browser Automation,Browser Tasks,lambda/hermes-agent-reasoning-traces:glm-5.1:train:2724,ok,
hermes:glm-5.1:411bac40-96ed-4e3e-9579-fbd7e7f2d2e8,411bac40-96ed-4e3e-9579-fbd7e7f2d2e8,glm-5.1,True,31,False,,False,False,Terminal & Coding,Terminal Tasks,lambda/hermes-agent-reasoning-traces:glm-5.1:train:2030,ok,
hermes:glm-5.1:4121b63f-5d8c-41e7-9fb7-ea7b3ee401f8,4121b63f-5d8c-41e7-9fb7-ea7b3ee401f8,glm-5.1,True,9,False,,False,False,Terminal & Coding,Terminal Tasks,lambda/hermes-agent-reasoning-traces:glm-5.1:train:2472,ok,
hermes:glm-5.1:412d0c05-c3b0-49d4-8edb-2e651f57f0ef,412d0c05-c3b0-49d4-8edb-2e651f57f0ef,glm-5.1,True,11,False,,False,False,Terminal & Coding,Terminal Tasks,lambda/hermes-agent-reasoning-traces:glm-5.1:train:1850,ok,
hermes:glm-5.1:4137a429-acfd-4de5-bd1a-b0adc82c8621,4137a429-acfd-4de5-bd1a-b0adc82c8621,glm-5.1,True,18,False,,False,False,File Operations,File Tasks,lambda/hermes-agent-reasoning-traces:glm-5.1:train:977,ok,
hermes:glm-5.1:4145c1e0-d2d3-4693-b6d7-1baae357383c,4145c1e0-d2d3-4693-b6d7-1baae357383c,glm-5.1,True,14,False,,False,False,Terminal & Coding,Terminal Tasks,lambda/hermes-agent-reasoning-traces:glm-5.1:train:2015,ok,
hermes:glm-5.1:41466d16-bd3c-4f2b-8732-41e41bb3772d,41466d16-bd3c-4f2b-8732-41e41bb3772d,glm-5.1,True,10,False,,False,False,Terminal & Coding,Terminal Tasks,lambda/hermes-agent-reasoning-traces:glm-5.1:train:430,ok,
hermes:glm-5.1:415ea6f3-2602-4a38-8de9-b40f3a89280f,415ea6f3-2602-4a38-8de9-b40f3a89280f,glm-5.1,True,20,False,,False,False,Scheduling,Cron Jobs,lambda/hermes-agent-reasoning-traces:glm-5.1:train:2345,ok,
hermes:glm-5.1:419584a0-c42a-43fc-bcf2-84ff9fd2f076,419584a0-c42a-43fc-bcf2-84ff9fd2f076,glm-5.1,True,12,False,,False,False,Terminal & Coding,Terminal Tasks,lambda/hermes-agent-reasoning-traces:glm-5.1:train:329,ok,
hermes:glm-5.1:41e0ce18-ec15-4719-a2f4-2c8b1750977d,41e0ce18-ec15-4719-a2f4-2c8b1750977d,glm-5.1,True,12,False,,False,False,Terminal & Coding,Terminal Tasks,lambda/hermes-agent-reasoning-traces:glm-5.1:train:822,ok,
hermes:glm-5.1:41e3c1b7-9c7d-41b8-a797-f7980aee92d5,41e3c1b7-9c7d-41b8-a797-f7980aee92d5,glm-5.1,True,13,False,,False,False,Terminal & Coding,Terminal Tasks,lambda/hermes-agent-reasoning-traces:glm-5.1:train:807,ok,
hermes:glm-5.1:41e5d8a2-2aa4-41e7-8f50-151aaaddcde4,41e5d8a2-2aa4-41e7-8f50-151aaaddcde4,glm-5.1,True,22,False,,False,False,Browser Automation,Browser Tasks,lambda/hermes-agent-reasoning-traces:glm-5.1:train:2993,ok,
hermes:glm-5.1:422bf60b-41c7-4d49-a37b-da80b29e0f71,422bf60b-41c7-4d49-a37b-da80b29e0f71,glm-5.1,True,18,False,,False,False,Browser Automation,Browser Tasks,lambda/hermes-agent-reasoning-traces:glm-5.1:train:2710,ok,
hermes:glm-5.1:4231db6c-b932-4d14-b23b-31b266c5836b,4231db6c-b932-4d14-b23b-31b266c5836b,glm-5.1,True,10,False,,False,False,File Operations,File Tasks,lambda/hermes-agent-reasoning-traces:glm-5.1:train:919,ok,
hermes:glm-5.1:424bcb15-490d-4c64-adfd-076cc8be79dc,424bcb15-490d-4c64-adfd-076cc8be79dc,glm-5.1,True,25,False,,False,False,Browser Automation,Browser Tasks,lambda/hermes-agent-reasoning-traces:glm-5.1:train:2755,ok,
hermes:glm-5.1:42be8a71-f0c1-4f01-b18f-b054356df6b8,42be8a71-f0c1-4f01-b18f-b054356df6b8,glm-5.1,True,11,False,,False,False,Terminal & Coding,Terminal Tasks,lambda/hermes-agent-reasoning-traces:glm-5.1:train:1088,ok,
hermes:glm-5.1:42c7b332-4489-4036-9430-988731cd504d,42c7b332-4489-4036-9430-988731cd504d,glm-5.1,True,15,False,,False,False,File Operations,File Tasks,lambda/hermes-agent-reasoning-traces:glm-5.1:train:565,ok,
hermes:glm-5.1:42f76c59-608d-4e1d-9a4c-919eaaf81a08,42f76c59-608d-4e1d-9a4c-919eaaf81a08,glm-5.1,True,12,False,,False,False,Terminal & Coding,Terminal Tasks,lambda/hermes-agent-reasoning-traces:glm-5.1:train:799,ok,
hermes:glm-5.1:43055763-68e5-47d4-ba00-d2d1cc7df55c,43055763-68e5-47d4-ba00-d2d1cc7df55c,glm-5.1,True,14,False,,False,False,Browser Automation,Browser Tasks,lambda/hermes-agent-reasoning-traces:glm-5.1:train:2879,ok,
hermes:glm-5.1:4309f430-c5e7-4b59-85fc-721621281807,4309f430-c5e7-4b59-85fc-721621281807,glm-5.1,True,33,False,,False,False,Terminal & Coding,Terminal Tasks,lambda/hermes-agent-reasoning-traces:glm-5.1:train:617,ok,
hermes:glm-5.1:43476b97-b05f-4346-a9e4-3892ae098cea,43476b97-b05f-4346-a9e4-3892ae098cea,glm-5.1,True,14,False,,False,False,Terminal & Coding,Terminal Tasks,lambda/hermes-agent-reasoning-traces:glm-5.1:train:359,ok,
hermes:glm-5.1:434d7280-ac3e-4fcf-919e-8c8f066a985a,434d7280-ac3e-4fcf-919e-8c8f066a985a,glm-5.1,True,25,False,,False,False,Browser Automation,Browser Tasks,lambda/hermes-agent-reasoning-traces:glm-5.1:train:2994,ok,
hermes:glm-5.1:43638f30-68cc-40e1-a53f-250503f2b1c5,43638f30-68cc-40e1-a53f-250503f2b1c5,glm-5.1,True,25,False,,False,False,Terminal & Coding,Terminal Tasks,lambda/hermes-agent-reasoning-traces:glm-5.1:train:2126,ok,
hermes:glm-5.1:437d552a-9946-4029-b7f9-341c14e379b1,437d552a-9946-4029-b7f9-341c14e379b1,glm-5.1,True,12,False,,False,False,Terminal & Coding,Terminal Tasks,lambda/hermes-agent-reasoning-traces:glm-5.1:train:373,ok,
hermes:glm-5.1:43c39afe-6be9-4c8b-83d4-5e1da020cadb,43c39afe-6be9-4c8b-83d4-5e1da020cadb,glm-5.1,True,23,False,,False,False,Browser Automation,Browser Tasks,lambda/hermes-agent-reasoning-traces:glm-5.1:train:2806,ok,
hermes:glm-5.1:43c75a48-6de6-4009-b78e-8ef452ae0a71,43c75a48-6de6-4009-b78e-8ef452ae0a71,glm-5.1,True,14,False,,False,False,Terminal & Coding,Terminal Tasks,lambda/hermes-agent-reasoning-traces:glm-5.1:train:1567,ok,
hermes:glm-5.1:43d19dc4-16d1-4bac-b611-d9f31ea875df,43d19dc4-16d1-4bac-b611-d9f31ea875df,glm-5.1,True,12,False,,False,False,Planning & Organization,Planning Tasks,lambda/hermes-agent-reasoning-traces:glm-5.1:train:74,ok,
hermes:glm-5.1:43d2de73-a797-4d34-9834-4fb10ab674cf,43d2de73-a797-4d34-9834-4fb10ab674cf,glm-5.1,True,20,False,,False,False,Terminal & Coding,Terminal Tasks,lambda/hermes-agent-reasoning-traces:glm-5.1:train:575,ok,
hermes:glm-5.1:43f15602-dc6e-426a-b6f0-521402b9243f,43f15602-dc6e-426a-b6f0-521402b9243f,glm-5.1,True,12,False,,False,False,File Operations,File Tasks,lambda/hermes-agent-reasoning-traces:glm-5.1:train:2122,ok,
hermes:glm-5.1:43f70efd-c4c8-4968-8782-efd4786a4f8f,43f70efd-c4c8-4968-8782-efd4786a4f8f,glm-5.1,True,27,False,,False,False,Terminal & Coding,Terminal Tasks,lambda/hermes-agent-reasoning-traces:glm-5.1:train:1579,ok,
hermes:glm-5.1:44258178-1414-45ea-a460-00d9219f9f6b,44258178-1414-45ea-a460-00d9219f9f6b,glm-5.1,True,14,False,,False,False,Terminal & Coding,Terminal Tasks,lambda/hermes-agent-reasoning-traces:glm-5.1:train:490,ok,
hermes:glm-5.1:443e58bf-a6e9-4115-8116-0c8c5b57d767,443e58bf-a6e9-4115-8116-0c8c5b57d767,glm-5.1,True,16,False,,False,False,Terminal & Coding,Terminal Tasks,lambda/hermes-agent-reasoning-traces:glm-5.1:train:275,ok,
hermes:glm-5.1:4449f3c8-2990-41ba-981a-6eccc6a894f7,4449f3c8-2990-41ba-981a-6eccc6a894f7,glm-5.1,True,16,False,,False,False,Terminal & Coding,Terminal Tasks,lambda/hermes-agent-reasoning-traces:glm-5.1:train:1312,ok,
hermes:glm-5.1:4450af63-0ba5-4ec3-b37b-f05636d7311c,4450af63-0ba5-4ec3-b37b-f05636d7311c,glm-5.1,True,24,False,,False,False,Terminal & Coding,Terminal Tasks,lambda/hermes-agent-reasoning-traces:glm-5.1:train:819,ok,
hermes:glm-5.1:44aa80ee-2010-41be-ad20-206d12eda46c,44aa80ee-2010-41be-ad20-206d12eda46c,glm-5.1,True,15,False,,False,False,Terminal & Coding,Terminal Tasks,lambda/hermes-agent-reasoning-traces:glm-5.1:train:1722,ok,
hermes:glm-5.1:44c45bb6-b194-4626-9c4a-d4909a18af1c,44c45bb6-b194-4626-9c4a-d4909a18af1c,glm-5.1,True,12,False,,False,False,Terminal & Coding,Terminal Tasks,lambda/hermes-agent-reasoning-traces:glm-5.1:train:2395,ok,
hermes:glm-5.1:44e66934-dd9f-4699-a8cf-2ed2e736d00f,44e66934-dd9f-4699-a8cf-2ed2e736d00f,glm-5.1,True,25,False,,False,False,Terminal & Coding,Terminal Tasks,lambda/hermes-agent-reasoning-traces:glm-5.1:train:1213,ok,
hermes:glm-5.1:45008c58-4585-4e77-88e3-f2af8a79cd3b,45008c58-4585-4e77-88e3-f2af8a79cd3b,glm-5.1,True,23,False,,False,False,Terminal & Coding,Terminal Tasks,lambda/hermes-agent-reasoning-traces:glm-5.1:train:155,ok,
hermes:glm-5.1:452b5ea2-8606-4945-9d12-936f063d77da,452b5ea2-8606-4945-9d12-936f063d77da,glm-5.1,True,22,False,,False,False,Terminal & Coding,Terminal Tasks,lambda/hermes-agent-reasoning-traces:glm-5.1:train:1976,ok,
hermes:glm-5.1:4530b595-59bf-46fb-82e6-0ff08a6ddaf4,4530b595-59bf-46fb-82e6-0ff08a6ddaf4,glm-5.1,True,20,False,,False,False,Browser Automation,Browser Tasks,lambda/hermes-agent-reasoning-traces:glm-5.1:train:2951,ok,
hermes:glm-5.1:453d8bb0-6d71-4c65-8227-4f44863dd77f,453d8bb0-6d71-4c65-8227-4f44863dd77f,glm-5.1,True,26,False,,False,False,Planning & Organization,Planning Tasks,lambda/hermes-agent-reasoning-traces:glm-5.1:train:440,ok,
hermes:glm-5.1:45530d42-b9d4-47cf-9b85-16af47bdb745,45530d42-b9d4-47cf-9b85-16af47bdb745,glm-5.1,True,20,False,,False,False,Browser Automation,Browser Tasks,lambda/hermes-agent-reasoning-traces:glm-5.1:train:2781,ok,
hermes:glm-5.1:455ad197-5bd2-4a7e-90ce-0d8732f4fe06,455ad197-5bd2-4a7e-90ce-0d8732f4fe06,glm-5.1,True,18,False,,False,False,Browser Automation,Browser Tasks,lambda/hermes-agent-reasoning-traces:glm-5.1:train:2980,ok,
hermes:glm-5.1:456653a7-1f3b-4f87-b869-6148b5607bd7,456653a7-1f3b-4f87-b869-6148b5607bd7,glm-5.1,True,12,False,,False,False,Terminal & Coding,Terminal Tasks,lambda/hermes-agent-reasoning-traces:glm-5.1:train:2242,ok,
hermes:glm-5.1:459e43d6-613f-4a12-afab-65ff3e0aa374,459e43d6-613f-4a12-afab-65ff3e0aa374,glm-5.1,True,25,False,,False,False,Terminal & Coding,Terminal Tasks,lambda/hermes-agent-reasoning-traces:glm-5.1:train:372,ok,
hermes:glm-5.1:45a2611c-2257-4d48-bb59-390192c75085,45a2611c-2257-4d48-bb59-390192c75085,glm-5.1,True,23,False,,False,False,Terminal & Coding,Terminal Tasks,lambda/hermes-agent-reasoning-traces:glm-5.1:train:39,ok,
hermes:glm-5.1:45a5c9ea-0970-4c5e-8e93-03239cd8b88a,45a5c9ea-0970-4c5e-8e93-03239cd8b88a,glm-5.1,True,16,False,,False,False,Terminal & Coding,Terminal Tasks,lambda/hermes-agent-reasoning-traces:glm-5.1:train:2471,ok,
hermes:glm-5.1:45b6c442-0e9c-46c3-8d93-f8fb5b2e77e9,45b6c442-0e9c-46c3-8d93-f8fb5b2e77e9,glm-5.1,True,16,False,,False,False,Terminal & Coding,Terminal Tasks,lambda/hermes-agent-reasoning-traces:glm-5.1:train:1150,ok,
hermes:glm-5.1:45d4035e-3b74-451b-9e39-faaa01459ab9,45d4035e-3b74-451b-9e39-faaa01459ab9,glm-5.1,True,20,False,,False,False,Terminal & Coding,Terminal Tasks,lambda/hermes-agent-reasoning-traces:glm-5.1:train:674,ok,
hermes:glm-5.1:45f1d3c4-d364-4651-9012-f430f3f74182,45f1d3c4-d364-4651-9012-f430f3f74182,glm-5.1,True,10,False,,False,False,Multi-Tool,Multi-Tool Tasks,lambda/hermes-agent-reasoning-traces:glm-5.1:train:1676,ok,
hermes:glm-5.1:45f4a0e4-f15f-44e5-b306-708692434213,45f4a0e4-f15f-44e5-b306-708692434213,glm-5.1,True,12,False,,False,False,Terminal & Coding,Terminal Tasks,lambda/hermes-agent-reasoning-traces:glm-5.1:train:802,ok,
hermes:glm-5.1:4617155e-42e3-4349-9485-15402a164cc2,4617155e-42e3-4349-9485-15402a164cc2,glm-5.1,True,11,False,,False,False,Terminal & Coding,Terminal Tasks,lambda/hermes-agent-reasoning-traces:glm-5.1:train:1818,ok,
hermes:glm-5.1:4628ea0a-8930-454f-9e8a-99deb92a1d0f,4628ea0a-8930-454f-9e8a-99deb92a1d0f,glm-5.1,True,18,False,,False,False,Terminal & Coding,Terminal Tasks,lambda/hermes-agent-reasoning-traces:glm-5.1:train:1458,ok,
hermes:glm-5.1:462d305e-37f4-4841-a4c7-a2c6f78140d6,462d305e-37f4-4841-a4c7-a2c6f78140d6,glm-5.1,True,14,False,,False,False,Terminal & Coding,Terminal Tasks,lambda/hermes-agent-reasoning-traces:glm-5.1:train:1374,ok,
hermes:glm-5.1:464f13fb-2c69-46d1-b6f8-e60cc78325d5,464f13fb-2c69-46d1-b6f8-e60cc78325d5,glm-5.1,True,27,False,,False,False,Browser Automation,Browser Tasks,lambda/hermes-agent-reasoning-traces:glm-5.1:train:2889,ok,
hermes:glm-5.1:464fbbb4-a53b-4c21-b0d9-f8ca2cdb8c87,464fbbb4-a53b-4c21-b0d9-f8ca2cdb8c87,glm-5.1,True,14,False,,False,False,Terminal & Coding,Terminal Tasks,lambda/hermes-agent-reasoning-traces:glm-5.1:train:525,ok,
hermes:glm-5.1:465c5eb7-57a8-49df-aa2c-734709d278c7,465c5eb7-57a8-49df-aa2c-734709d278c7,glm-5.1,True,14,False,,False,False,Terminal & Coding,Terminal Tasks,lambda/hermes-agent-reasoning-traces:glm-5.1:train:1843,ok,
hermes:glm-5.1:466d02a9-6b56-4825-a5f1-abb969859d99,466d02a9-6b56-4825-a5f1-abb969859d99,glm-5.1,True,20,False,,False,False,Browser Automation,Browser Tasks,lambda/hermes-agent-reasoning-traces:glm-5.1:train:2688,ok,
hermes:glm-5.1:46709f4a-f159-435b-9b2e-676327fb1563,46709f4a-f159-435b-9b2e-676327fb1563,glm-5.1,True,29,False,,False,False,Terminal & Coding,Terminal Tasks,lambda/hermes-agent-reasoning-traces:glm-5.1:train:1668,ok,
hermes:glm-5.1:46a9d004-195b-499b-b72d-08c2267dd3b6,46a9d004-195b-499b-b72d-08c2267dd3b6,glm-5.1,True,18,False,,False,False,Terminal & Coding,Terminal Tasks,lambda/hermes-agent-reasoning-traces:glm-5.1:train:2011,ok,
hermes:glm-5.1:46ae1da7-1583-45dd-94cf-3a552e43c12b,46ae1da7-1583-45dd-94cf-3a552e43c12b,glm-5.1,True,16,False,,False,False,File Operations,File Tasks,lambda/hermes-agent-reasoning-traces:glm-5.1:train:1191,ok,
hermes:glm-5.1:46ba75cd-9656-49c5-ab16-89fb13b9ce7c,46ba75cd-9656-49c5-ab16-89fb13b9ce7c,glm-5.1,True,23,False,,False,False,Browser Automation,Browser Tasks,lambda/hermes-agent-reasoning-traces:glm-5.1:train:2757,ok,
hermes:glm-5.1:46bd269c-35b3-4f08-be3e-c44e11fbd1eb,46bd269c-35b3-4f08-be3e-c44e11fbd1eb,glm-5.1,True,14,False,,False,False,Terminal & Coding,Terminal Tasks,lambda/hermes-agent-reasoning-traces:glm-5.1:train:1303,ok,
hermes:glm-5.1:46c33535-f5b8-472e-9467-d8b5033057f7,46c33535-f5b8-472e-9467-d8b5033057f7,glm-5.1,True,11,False,,False,False,Terminal & Coding,Terminal Tasks,lambda/hermes-agent-reasoning-traces:glm-5.1:train:1406,ok,
hermes:glm-5.1:46cca4c5-f9d0-4674-ae10-c1686c7b2362,46cca4c5-f9d0-4674-ae10-c1686c7b2362,glm-5.1,True,14,False,,False,False,Terminal & Coding,Terminal Tasks,lambda/hermes-agent-reasoning-traces:glm-5.1:train:760,ok,
hermes:glm-5.1:46d52b1d-d515-4431-a486-a493c73a409e,46d52b1d-d515-4431-a486-a493c73a409e,glm-5.1,True,29,False,,False,False,Browser Automation,Browser Tasks,lambda/hermes-agent-reasoning-traces:glm-5.1:train:2621,ok,
hermes:glm-5.1:46e12057-7f28-409f-b32a-144bc0e26e76,46e12057-7f28-409f-b32a-144bc0e26e76,glm-5.1,True,24,False,,False,False,Browser Automation,Browser Tasks,lambda/hermes-agent-reasoning-traces:glm-5.1:train:2991,ok,
hermes:glm-5.1:471f8ec6-8e00-4b17-8f1b-8b2fb37035d1,471f8ec6-8e00-4b17-8f1b-8b2fb37035d1,glm-5.1,True,27,False,,False,False,Terminal & Coding,Terminal Tasks,lambda/hermes-agent-reasoning-traces:glm-5.1:train:1623,ok,
hermes:glm-5.1:474705c1-47c5-4458-b86d-4c0f40f1bf2a,474705c1-47c5-4458-b86d-4c0f40f1bf2a,glm-5.1,True,12,False,,False,False,Terminal & Coding,Terminal Tasks,lambda/hermes-agent-reasoning-traces:glm-5.1:train:970,ok,
hermes:glm-5.1:474a5ddb-6438-40a5-b76a-2c5453d22bf9,474a5ddb-6438-40a5-b76a-2c5453d22bf9,glm-5.1,True,11,False,,False,False,Terminal & Coding,Terminal Tasks,lambda/hermes-agent-reasoning-traces:glm-5.1:train:83,ok,
hermes:glm-5.1:478978c9-4120-41b0-9882-bb6d47520608,478978c9-4120-41b0-9882-bb6d47520608,glm-5.1,True,9,False,,False,False,Terminal & Coding,Terminal Tasks,lambda/hermes-agent-reasoning-traces:glm-5.1:train:1811,ok,
hermes:glm-5.1:479c41f0-7b6e-40d6-b9f2-3e1b5522722e,479c41f0-7b6e-40d6-b9f2-3e1b5522722e,glm-5.1,True,23,False,,False,False,Terminal & Coding,Terminal Tasks,lambda/hermes-agent-reasoning-traces:glm-5.1:train:1705,ok,
hermes:glm-5.1:47a7b6f1-5266-4c2b-a485-2b9145d21aa9,47a7b6f1-5266-4c2b-a485-2b9145d21aa9,glm-5.1,True,21,False,,False,False,Terminal & Coding,Terminal Tasks,lambda/hermes-agent-reasoning-traces:glm-5.1:train:1941,ok,
hermes:glm-5.1:47b452f5-2bdb-46f0-b12b-4838302352c4,47b452f5-2bdb-46f0-b12b-4838302352c4,glm-5.1,True,23,False,,False,False,Browser Automation,Browser Tasks,lambda/hermes-agent-reasoning-traces:glm-5.1:train:2697,ok,
hermes:glm-5.1:47df9462-2974-4f5d-805e-aa45f1fbe65f,47df9462-2974-4f5d-805e-aa45f1fbe65f,glm-5.1,True,13,False,,False,False,Terminal & Coding,Terminal Tasks,lambda/hermes-agent-reasoning-traces:glm-5.1:train:2061,ok,
hermes:glm-5.1:47e59cfa-5e63-4455-8db8-9a4db93cc6fe,47e59cfa-5e63-4455-8db8-9a4db93cc6fe,glm-5.1,True,25,False,,False,False,Browser Automation,Browser Tasks,lambda/hermes-agent-reasoning-traces:glm-5.1:train:2650,ok,
hermes:glm-5.1:47eca82b-1bee-4689-a1cc-11f61a5ea711,47eca82b-1bee-4689-a1cc-11f61a5ea711,glm-5.1,True,21,False,,False,False,Terminal & Coding,Terminal Tasks,lambda/hermes-agent-reasoning-traces:glm-5.1:train:2388,ok,
hermes:glm-5.1:47f7426c-b210-47df-ba51-0548280f7c46,47f7426c-b210-47df-ba51-0548280f7c46,glm-5.1,True,27,False,,False,False,Terminal & Coding,Terminal Tasks,lambda/hermes-agent-reasoning-traces:glm-5.1:train:234,ok,
hermes:glm-5.1:4805a0ec-c2a2-4fa9-a30e-1bc1d182bcb9,4805a0ec-c2a2-4fa9-a30e-1bc1d182bcb9,glm-5.1,True,12,False,,False,False,Terminal & Coding,Terminal Tasks,lambda/hermes-agent-reasoning-traces:glm-5.1:train:1386,ok,
hermes:glm-5.1:480724f5-08e8-46c8-8bb7-b9220c375b45,480724f5-08e8-46c8-8bb7-b9220c375b45,glm-5.1,True,12,False,,False,False,Terminal & Coding,Terminal Tasks,lambda/hermes-agent-reasoning-traces:glm-5.1:train:2197,ok,
hermes:glm-5.1:4819e18c-a9cf-4b6c-9e1b-e0565acefb89,4819e18c-a9cf-4b6c-9e1b-e0565acefb89,glm-5.1,True,14,False,,False,False,Terminal & Coding,Terminal Tasks,lambda/hermes-agent-reasoning-traces:glm-5.1:train:1610,ok,
hermes:glm-5.1:4844ef6c-30f4-4b82-b5ae-2c227e9e1701,4844ef6c-30f4-4b82-b5ae-2c227e9e1701,glm-5.1,True,18,False,,False,False,File Operations,File Tasks,lambda/hermes-agent-reasoning-traces:glm-5.1:train:1509,ok,
hermes:glm-5.1:48636518-38a0-40eb-a8ab-d8a7ec32c9b7,48636518-38a0-40eb-a8ab-d8a7ec32c9b7,glm-5.1,True,16,False,,False,False,Browser Automation,Browser Tasks,lambda/hermes-agent-reasoning-traces:glm-5.1:train:2532,ok,
hermes:glm-5.1:48752cf8-d264-46d8-8b9e-f2691a605fa8,48752cf8-d264-46d8-8b9e-f2691a605fa8,glm-5.1,True,23,False,,False,False,Browser Automation,Browser Tasks,lambda/hermes-agent-reasoning-traces:glm-5.1:train:2926,ok,
hermes:glm-5.1:48a75b06-7230-43ad-9831-649f1e6ca6ed,48a75b06-7230-43ad-9831-649f1e6ca6ed,glm-5.1,True,23,False,,False,False,Terminal & Coding,Terminal Tasks,lambda/hermes-agent-reasoning-traces:glm-5.1:train:639,ok,
hermes:glm-5.1:48afee56-8a00-4b74-a0aa-7c2befabc5a5,48afee56-8a00-4b74-a0aa-7c2befabc5a5,glm-5.1,True,16,False,,False,False,Agent Tools,Background Processes,lambda/hermes-agent-reasoning-traces:glm-5.1:train:2175,ok,
hermes:glm-5.1:48c8407e-1253-4204-8d98-3288491ab802,48c8407e-1253-4204-8d98-3288491ab802,glm-5.1,True,23,False,,False,False,Browser Automation,Browser Tasks,lambda/hermes-agent-reasoning-traces:glm-5.1:train:2674,ok,
hermes:glm-5.1:49058e50-340d-4919-b3c8-c5f0ccef8362,49058e50-340d-4919-b3c8-c5f0ccef8362,glm-5.1,True,14,False,,False,False,Terminal & Coding,Terminal Tasks,lambda/hermes-agent-reasoning-traces:glm-5.1:train:328,ok,
hermes:glm-5.1:491f34a4-a86f-4bfa-b5cb-77ec241f0578,491f34a4-a86f-4bfa-b5cb-77ec241f0578,glm-5.1,True,25,False,,False,False,Browser Automation,Browser Tasks,lambda/hermes-agent-reasoning-traces:glm-5.1:train:2560,ok,
hermes:glm-5.1:492d623c-8221-4494-8a73-d59d862e98ef,492d623c-8221-4494-8a73-d59d862e98ef,glm-5.1,True,10,False,,False,False,Terminal & Coding,Terminal Tasks,lambda/hermes-agent-reasoning-traces:glm-5.1:train:1714,ok,
hermes:glm-5.1:49571dce-9f7d-4a64-ae4a-e6129475bf70,49571dce-9f7d-4a64-ae4a-e6129475bf70,glm-5.1,True,25,False,,False,False,Terminal & Coding,Terminal Tasks,lambda/hermes-agent-reasoning-traces:glm-5.1:train:1938,ok,
hermes:glm-5.1:496e2a38-55ef-4671-bcdc-8b76124dc202,496e2a38-55ef-4671-bcdc-8b76124dc202,glm-5.1,True,10,False,,False,False,File Operations,File Tasks,lambda/hermes-agent-reasoning-traces:glm-5.1:train:1800,ok,
hermes:glm-5.1:49898d37-872d-4339-a83e-f22c1cc1210f,49898d37-872d-4339-a83e-f22c1cc1210f,glm-5.1,True,10,False,,False,False,Terminal & Coding,Terminal Tasks,lambda/hermes-agent-reasoning-traces:glm-5.1:train:2178,ok,
hermes:glm-5.1:498a54b3-679c-4191-ad3a-c496987e1f09,498a54b3-679c-4191-ad3a-c496987e1f09,glm-5.1,True,14,False,,False,False,Multi-Tool,Multi-Tool Tasks,lambda/hermes-agent-reasoning-traces:glm-5.1:train:2362,ok,
hermes:glm-5.1:498cbabf-2010-441a-befe-c99ad8de9fd7,498cbabf-2010-441a-befe-c99ad8de9fd7,glm-5.1,True,33,False,,False,False,Terminal & Coding,Terminal Tasks,lambda/hermes-agent-reasoning-traces:glm-5.1:train:2045,ok,
hermes:glm-5.1:499a2a13-4010-443f-b643-c0c448c2edfd,499a2a13-4010-443f-b643-c0c448c2edfd,glm-5.1,True,21,False,,False,False,Terminal & Coding,Terminal Tasks,lambda/hermes-agent-reasoning-traces:glm-5.1:train:688,ok,
hermes:glm-5.1:49c97754-946a-40fe-b72c-2ee8ddcfc5a2,49c97754-946a-40fe-b72c-2ee8ddcfc5a2,glm-5.1,True,17,False,,False,False,Browser Automation,Browser Tasks,lambda/hermes-agent-reasoning-traces:glm-5.1:train:2570,ok,
hermes:glm-5.1:49cc7c31-db4b-408c-9537-53dfaf6323bf,49cc7c31-db4b-408c-9537-53dfaf6323bf,glm-5.1,True,15,False,,False,False,Scheduling,Cron Jobs,lambda/hermes-agent-reasoning-traces:glm-5.1:train:433,ok,
hermes:glm-5.1:49e8ee43-8ccd-4b22-8fa5-f228de99b594,49e8ee43-8ccd-4b22-8fa5-f228de99b594,glm-5.1,True,23,False,,False,False,Terminal & Coding,Terminal Tasks,lambda/hermes-agent-reasoning-traces:glm-5.1:train:2292,ok,
hermes:glm-5.1:4a1f88a7-7d0e-42cc-8b2f-cb6e16b31180,4a1f88a7-7d0e-42cc-8b2f-cb6e16b31180,glm-5.1,True,14,False,,False,False,Terminal & Coding,Terminal Tasks,lambda/hermes-agent-reasoning-traces:glm-5.1:train:661,ok,
hermes:glm-5.1:4a25739e-27d3-49ce-9991-80ff748eda21,4a25739e-27d3-49ce-9991-80ff748eda21,glm-5.1,True,31,False,,False,False,Browser Automation,Browser Tasks,lambda/hermes-agent-reasoning-traces:glm-5.1:train:2599,ok,
hermes:glm-5.1:4a2c7f7c-5575-4a3c-9057-38cdc2abe3dc,4a2c7f7c-5575-4a3c-9057-38cdc2abe3dc,glm-5.1,True,21,False,,False,False,Browser Automation,Browser Tasks,lambda/hermes-agent-reasoning-traces:glm-5.1:train:2791,ok,
hermes:glm-5.1:4a328d63-3d6f-48e8-aedf-1821e6aabb5f,4a328d63-3d6f-48e8-aedf-1821e6aabb5f,glm-5.1,True,12,False,,False,False,Terminal & Coding,Terminal Tasks,lambda/hermes-agent-reasoning-traces:glm-5.1:train:420,ok,
hermes:glm-5.1:4a336443-92a3-4d6c-9043-0858ee281aef,4a336443-92a3-4d6c-9043-0858ee281aef,glm-5.1,True,27,False,,False,False,Terminal & Coding,Terminal Tasks,lambda/hermes-agent-reasoning-traces:glm-5.1:train:1358,ok,
hermes:glm-5.1:4a3c22b8-4ed4-4ba6-ab34-b00497274e38,4a3c22b8-4ed4-4ba6-ab34-b00497274e38,glm-5.1,True,14,False,,False,False,Terminal & Coding,Terminal Tasks,lambda/hermes-agent-reasoning-traces:glm-5.1:train:2082,ok,
hermes:glm-5.1:4a4789e7-ccd7-4fd0-af25-2d1fe66745e2,4a4789e7-ccd7-4fd0-af25-2d1fe66745e2,glm-5.1,True,23,False,,False,False,Terminal & Coding,Terminal Tasks,lambda/hermes-agent-reasoning-traces:glm-5.1:train:2381,ok,
hermes:glm-5.1:4a4fd07b-734d-4aed-a84f-6eb74b341dcb,4a4fd07b-734d-4aed-a84f-6eb74b341dcb,glm-5.1,True,21,False,,False,False,Browser Automation,Browser Tasks,lambda/hermes-agent-reasoning-traces:glm-5.1:train:2899,ok,
hermes:glm-5.1:4a535125-4fa4-4940-92af-c8c78ea8dc31,4a535125-4fa4-4940-92af-c8c78ea8dc31,glm-5.1,True,22,False,,False,False,Browser Automation,Browser Tasks,lambda/hermes-agent-reasoning-traces:glm-5.1:train:2665,ok,
hermes:glm-5.1:4a7a0f5e-7b61-489c-993f-cd1c10bbea60,4a7a0f5e-7b61-489c-993f-cd1c10bbea60,glm-5.1,True,20,False,,False,False,Browser Automation,Browser Tasks,lambda/hermes-agent-reasoning-traces:glm-5.1:train:2906,ok,
hermes:glm-5.1:4a9a96a7-c05d-47c4-bbe4-ce544c2c3f35,4a9a96a7-c05d-47c4-bbe4-ce544c2c3f35,glm-5.1,True,14,False,,False,False,Terminal & Coding,Terminal Tasks,lambda/hermes-agent-reasoning-traces:glm-5.1:train:890,ok,
hermes:glm-5.1:4a9faf83-71ca-4868-8dc9-e34928c55be3,4a9faf83-71ca-4868-8dc9-e34928c55be3,glm-5.1,True,33,False,,False,False,File Operations,File Tasks,lambda/hermes-agent-reasoning-traces:glm-5.1:train:472,ok,
hermes:glm-5.1:4b001d9b-4099-4ade-a77d-6df9b90c88b4,4b001d9b-4099-4ade-a77d-6df9b90c88b4,glm-5.1,True,16,False,,False,False,Scheduling,Cron Jobs,lambda/hermes-agent-reasoning-traces:glm-5.1:train:1662,ok,
hermes:glm-5.1:4b112f53-98fa-46cc-8f05-0e3d001a6e86,4b112f53-98fa-46cc-8f05-0e3d001a6e86,glm-5.1,True,12,False,,False,False,Browser Automation,Browser Tasks,lambda/hermes-agent-reasoning-traces:glm-5.1:train:2987,ok,
hermes:glm-5.1:4b14a55c-5f3b-4f9e-807d-5e28b7db7dc1,4b14a55c-5f3b-4f9e-807d-5e28b7db7dc1,glm-5.1,True,14,False,,False,False,Terminal & Coding,Terminal Tasks,lambda/hermes-agent-reasoning-traces:glm-5.1:train:1380,ok,
hermes:glm-5.1:4b1c1cc1-9ba4-4097-9e33-3ef3c049b617,4b1c1cc1-9ba4-4097-9e33-3ef3c049b617,glm-5.1,True,10,False,,False,False,File Operations,File Tasks,lambda/hermes-agent-reasoning-traces:glm-5.1:train:585,ok,
hermes:glm-5.1:4b1dbe82-62b4-48a4-bfee-3d7f5f43ce49,4b1dbe82-62b4-48a4-bfee-3d7f5f43ce49,glm-5.1,True,14,False,,False,False,Terminal & Coding,Terminal Tasks,lambda/hermes-agent-reasoning-traces:glm-5.1:train:724,ok,
hermes:glm-5.1:4b3990d3-e451-4b40-b3c0-34cda4b36e62,4b3990d3-e451-4b40-b3c0-34cda4b36e62,glm-5.1,True,19,False,,False,False,Terminal & Coding,Terminal Tasks,lambda/hermes-agent-reasoning-traces:glm-5.1:train:1933,ok,
hermes:glm-5.1:4b3d5c31-d225-4baa-b3c2-58929f8c731d,4b3d5c31-d225-4baa-b3c2-58929f8c731d,glm-5.1,True,31,False,,False,False,Browser Automation,Browser Tasks,lambda/hermes-agent-reasoning-traces:glm-5.1:train:2812,ok,
hermes:glm-5.1:4b7dc03c-c3dd-4673-a5c2-27c7c7471e23,4b7dc03c-c3dd-4673-a5c2-27c7c7471e23,glm-5.1,True,9,False,,False,False,File Operations,File Tasks,lambda/hermes-agent-reasoning-traces:glm-5.1:train:1144,ok,
hermes:glm-5.1:4b87d507-414f-40b8-b5fd-b5bcdd481e9c,4b87d507-414f-40b8-b5fd-b5bcdd481e9c,glm-5.1,True,14,False,,False,False,Terminal & Coding,Terminal Tasks,lambda/hermes-agent-reasoning-traces:glm-5.1:train:239,ok,
hermes:glm-5.1:4bbc939e-4112-4ab4-bf29-9570d66c8ff6,4bbc939e-4112-4ab4-bf29-9570d66c8ff6,glm-5.1,True,14,False,,False,False,Terminal & Coding,Terminal Tasks,lambda/hermes-agent-reasoning-traces:glm-5.1:train:2481,ok,
hermes:glm-5.1:4bf8e867-12dc-4693-b038-4463ff8f0f51,4bf8e867-12dc-4693-b038-4463ff8f0f51,glm-5.1,True,12,False,,False,False,Planning & Organization,Planning Tasks,lambda/hermes-agent-reasoning-traces:glm-5.1:train:1691,ok,
hermes:glm-5.1:4c034d52-cbfe-4a0c-a38b-ccabb8e773b6,4c034d52-cbfe-4a0c-a38b-ccabb8e773b6,glm-5.1,True,22,False,,False,False,Browser Automation,Browser Tasks,lambda/hermes-agent-reasoning-traces:glm-5.1:train:2873,ok,
hermes:glm-5.1:4c0599a1-98f1-4845-89e4-85e214550508,4c0599a1-98f1-4845-89e4-85e214550508,glm-5.1,True,10,False,,False,False,File Operations,File Tasks,lambda/hermes-agent-reasoning-traces:glm-5.1:train:808,ok,
hermes:glm-5.1:4c0e01b2-187f-4101-b6ce-c498f424529e,4c0e01b2-187f-4101-b6ce-c498f424529e,glm-5.1,True,25,False,,False,False,Terminal & Coding,Terminal Tasks,lambda/hermes-agent-reasoning-traces:glm-5.1:train:556,ok,
hermes:glm-5.1:4c33e5b7-39cd-40d6-85d4-1fec5369c32f,4c33e5b7-39cd-40d6-85d4-1fec5369c32f,glm-5.1,True,29,False,,False,False,Browser Automation,Browser Tasks,lambda/hermes-agent-reasoning-traces:glm-5.1:train:2598,ok,
hermes:glm-5.1:4c370c20-feaa-45b0-8acd-956381e910d8,4c370c20-feaa-45b0-8acd-956381e910d8,glm-5.1,True,11,False,,False,False,File Operations,File Tasks,lambda/hermes-agent-reasoning-traces:glm-5.1:train:463,ok,
hermes:glm-5.1:4c3e2287-3919-4f09-9707-2d3cb6a3e7d4,4c3e2287-3919-4f09-9707-2d3cb6a3e7d4,glm-5.1,True,18,False,,False,False,Browser Automation,Browser Tasks,lambda/hermes-agent-reasoning-traces:glm-5.1:train:2578,ok,
hermes:glm-5.1:4ca315dc-a193-4d0c-b462-2bde83c9441d,4ca315dc-a193-4d0c-b462-2bde83c9441d,glm-5.1,True,25,False,,False,False,Terminal & Coding,Terminal Tasks,lambda/hermes-agent-reasoning-traces:glm-5.1:train:2291,ok,
hermes:glm-5.1:4cba00fd-9322-411e-8159-dae873afdd12,4cba00fd-9322-411e-8159-dae873afdd12,glm-5.1,True,25,False,,False,False,Agent Tools,Background Processes,lambda/hermes-agent-reasoning-traces:glm-5.1:train:1036,ok,
hermes:glm-5.1:4ccb284b-09b6-4ced-9cf9-0e2e3e2e2623,4ccb284b-09b6-4ced-9cf9-0e2e3e2e2623,glm-5.1,True,27,False,,False,False,Browser Automation,Browser Tasks,lambda/hermes-agent-reasoning-traces:glm-5.1:train:2640,ok,
hermes:glm-5.1:4cdafb44-0a2c-4a87-ab03-0c449854e8aa,4cdafb44-0a2c-4a87-ab03-0c449854e8aa,glm-5.1,True,16,False,,False,False,Terminal & Coding,Terminal Tasks,lambda/hermes-agent-reasoning-traces:glm-5.1:train:1090,ok,
hermes:glm-5.1:4ce6266a-0d92-469d-a699-2dab61a7c6bd,4ce6266a-0d92-469d-a699-2dab61a7c6bd,glm-5.1,True,18,False,,False,False,Terminal & Coding,Terminal Tasks,lambda/hermes-agent-reasoning-traces:glm-5.1:train:1712,ok,
hermes:glm-5.1:4d0e0bb0-5706-40c3-adda-547a2decbebc,4d0e0bb0-5706-40c3-adda-547a2decbebc,glm-5.1,True,20,False,,False,False,Terminal & Coding,Terminal Tasks,lambda/hermes-agent-reasoning-traces:glm-5.1:train:2272,ok,
hermes:glm-5.1:4d2af02b-56cb-444a-a1dd-d498e384e205,4d2af02b-56cb-444a-a1dd-d498e384e205,glm-5.1,True,20,False,,False,False,Browser Automation,Browser Tasks,lambda/hermes-agent-reasoning-traces:glm-5.1:train:2820,ok,
hermes:glm-5.1:4d3f969c-ef50-4d0e-b83a-863564f67e93,4d3f969c-ef50-4d0e-b83a-863564f67e93,glm-5.1,True,14,False,,False,False,Terminal & Coding,Terminal Tasks,lambda/hermes-agent-reasoning-traces:glm-5.1:train:1486,ok,
hermes:glm-5.1:4d58aeb1-4eb1-4e8f-837f-ff13efec7a9c,4d58aeb1-4eb1-4e8f-837f-ff13efec7a9c,glm-5.1,True,23,False,,False,False,Browser Automation,Browser Tasks,lambda/hermes-agent-reasoning-traces:glm-5.1:train:2936,ok,
hermes:glm-5.1:4d630a1e-bb1c-4bf6-a17c-65bcdd4d933e,4d630a1e-bb1c-4bf6-a17c-65bcdd4d933e,glm-5.1,True,12,False,,False,False,Planning & Organization,Planning Tasks,lambda/hermes-agent-reasoning-traces:glm-5.1:train:1047,ok,
hermes:glm-5.1:4d6d5f65-6ce0-4a26-9116-01cb2dc91431,4d6d5f65-6ce0-4a26-9116-01cb2dc91431,glm-5.1,True,9,False,,False,False,Terminal & Coding,Terminal Tasks,lambda/hermes-agent-reasoning-traces:glm-5.1:train:314,ok,
hermes:glm-5.1:4d75c4f4-4f18-4d24-ad82-694579ef36da,4d75c4f4-4f18-4d24-ad82-694579ef36da,glm-5.1,True,29,False,,False,False,Terminal & Coding,Terminal Tasks,lambda/hermes-agent-reasoning-traces:glm-5.1:train:720,ok,
hermes:glm-5.1:4da501a4-0dcf-48f5-a1e1-5342046f7047,4da501a4-0dcf-48f5-a1e1-5342046f7047,glm-5.1,True,18,False,,False,False,Scheduling,Cron Jobs,lambda/hermes-agent-reasoning-traces:glm-5.1:train:1096,ok,
hermes:glm-5.1:4db457f0-da02-436c-8f13-58a00a100d6e,4db457f0-da02-436c-8f13-58a00a100d6e,glm-5.1,True,16,False,,False,False,Terminal & Coding,Terminal Tasks,lambda/hermes-agent-reasoning-traces:glm-5.1:train:384,ok,
hermes:glm-5.1:4db8d0be-1467-4d53-8578-0782bb730043,4db8d0be-1467-4d53-8578-0782bb730043,glm-5.1,True,14,False,,False,False,Agent Tools,Background Processes,lambda/hermes-agent-reasoning-traces:glm-5.1:train:953,ok,
hermes:glm-5.1:4dbd5dc6-d414-4830-a17a-113a51795171,4dbd5dc6-d414-4830-a17a-113a51795171,glm-5.1,True,18,False,,False,False,File Operations,File Tasks,lambda/hermes-agent-reasoning-traces:glm-5.1:train:916,ok,
hermes:glm-5.1:4dca62d8-ce99-4065-9a7a-3b680fa5f74d,4dca62d8-ce99-4065-9a7a-3b680fa5f74d,glm-5.1,True,22,False,,False,False,Terminal & Coding,Terminal Tasks,lambda/hermes-agent-reasoning-traces:glm-5.1:train:2490,ok,
hermes:glm-5.1:4dde1dd4-d76a-4ef9-b7e3-d41b32e266d2,4dde1dd4-d76a-4ef9-b7e3-d41b32e266d2,glm-5.1,True,29,False,,False,False,Browser Automation,Browser Tasks,lambda/hermes-agent-reasoning-traces:glm-5.1:train:2639,ok,
hermes:glm-5.1:4e039cc8-0ff8-44e6-b47d-9da43df4e2ca,4e039cc8-0ff8-44e6-b47d-9da43df4e2ca,glm-5.1,True,25,False,,False,False,Terminal & Coding,Terminal Tasks,lambda/hermes-agent-reasoning-traces:glm-5.1:train:1364,ok,
hermes:glm-5.1:4e31fe18-13ce-407f-a368-68a6e87996dc,4e31fe18-13ce-407f-a368-68a6e87996dc,glm-5.1,True,29,False,,False,False,Terminal & Coding,Terminal Tasks,lambda/hermes-agent-reasoning-traces:glm-5.1:train:1861,ok,
hermes:glm-5.1:4e32313c-a6c1-4296-9281-db4bf85b111a,4e32313c-a6c1-4296-9281-db4bf85b111a,glm-5.1,True,16,False,,False,False,Terminal & Coding,Terminal Tasks,lambda/hermes-agent-reasoning-traces:glm-5.1:train:2143,ok,
hermes:glm-5.1:4e3333d9-c47a-421e-8a20-795a8fdb17a3,4e3333d9-c47a-421e-8a20-795a8fdb17a3,glm-5.1,True,12,False,,False,False,Terminal & Coding,Terminal Tasks,lambda/hermes-agent-reasoning-traces:glm-5.1:train:10,ok,
hermes:glm-5.1:4e44b3d6-18fd-4fd9-9800-882a398d983c,4e44b3d6-18fd-4fd9-9800-882a398d983c,glm-5.1,True,17,False,,False,False,Terminal & Coding,Terminal Tasks,lambda/hermes-agent-reasoning-traces:glm-5.1:train:1551,ok,
hermes:glm-5.1:4e51554e-77cb-471b-81a3-14b30d6eb991,4e51554e-77cb-471b-81a3-14b30d6eb991,glm-5.1,True,16,False,,False,False,Browser Automation,Browser Tasks,lambda/hermes-agent-reasoning-traces:glm-5.1:train:2923,ok,
hermes:glm-5.1:4e6fcde0-cd24-4013-bd61-f0261930a066,4e6fcde0-cd24-4013-bd61-f0261930a066,glm-5.1,True,14,False,,False,False,Terminal & Coding,Terminal Tasks,lambda/hermes-agent-reasoning-traces:glm-5.1:train:2167,ok,
hermes:glm-5.1:4e8aa07f-c1d1-4570-80c3-4e69fad4802e,4e8aa07f-c1d1-4570-80c3-4e69fad4802e,glm-5.1,True,13,False,,False,False,Terminal & Coding,Terminal Tasks,lambda/hermes-agent-reasoning-traces:glm-5.1:train:2078,ok,
hermes:glm-5.1:4e93a7c6-692e-4272-8057-1eeeb729ec73,4e93a7c6-692e-4272-8057-1eeeb729ec73,glm-5.1,True,10,False,,False,False,Terminal & Coding,Terminal Tasks,lambda/hermes-agent-reasoning-traces:glm-5.1:train:2402,ok,
hermes:glm-5.1:4ea66dc6-2542-433d-8523-9e65da7b2ea1,4ea66dc6-2542-433d-8523-9e65da7b2ea1,glm-5.1,True,23,False,,False,False,Terminal & Coding,Terminal Tasks,lambda/hermes-agent-reasoning-traces:glm-5.1:train:411,ok,
hermes:glm-5.1:4eae34f7-3090-4633-a7a6-721eb76f420d,4eae34f7-3090-4633-a7a6-721eb76f420d,glm-5.1,True,14,False,,False,False,Terminal & Coding,Terminal Tasks,lambda/hermes-agent-reasoning-traces:glm-5.1:train:891,ok,
hermes:glm-5.1:4ed2144f-7f47-4287-af8a-19ee1cc4d033,4ed2144f-7f47-4287-af8a-19ee1cc4d033,glm-5.1,True,14,False,,False,False,Terminal & Coding,Terminal Tasks,lambda/hermes-agent-reasoning-traces:glm-5.1:train:247,ok,
hermes:glm-5.1:4eea98e8-e881-45d5-99c3-3a69c8c92de6,4eea98e8-e881-45d5-99c3-3a69c8c92de6,glm-5.1,True,14,False,,False,False,File Operations,File Tasks,lambda/hermes-agent-reasoning-traces:glm-5.1:train:947,ok,
hermes:glm-5.1:4f106fa2-9b5b-447f-86b5-f1d1c06350d9,4f106fa2-9b5b-447f-86b5-f1d1c06350d9,glm-5.1,True,11,False,,False,False,Terminal & Coding,Terminal Tasks,lambda/hermes-agent-reasoning-traces:glm-5.1:train:2024,ok,
hermes:glm-5.1:4f30a569-aced-46c7-b00a-bc411697e5e7,4f30a569-aced-46c7-b00a-bc411697e5e7,glm-5.1,True,11,False,,False,False,Terminal & Coding,Terminal Tasks,lambda/hermes-agent-reasoning-traces:glm-5.1:train:1684,ok,
hermes:glm-5.1:4f3f3b50-2a52-462d-9a80-00d69225d47d,4f3f3b50-2a52-462d-9a80-00d69225d47d,glm-5.1,True,31,False,,False,False,Terminal & Coding,Terminal Tasks,lambda/hermes-agent-reasoning-traces:glm-5.1:train:975,ok,
hermes:glm-5.1:4f4bbfab-70b9-44a0-ab0f-e370e3ce0271,4f4bbfab-70b9-44a0-ab0f-e370e3ce0271,glm-5.1,True,25,False,,False,False,Terminal & Coding,Terminal Tasks,lambda/hermes-agent-reasoning-traces:glm-5.1:train:1016,ok,
hermes:glm-5.1:4f82955c-5a53-4922-92c3-06aa33f24c00,4f82955c-5a53-4922-92c3-06aa33f24c00,glm-5.1,True,9,False,,False,False,Planning & Organization,Planning Tasks,lambda/hermes-agent-reasoning-traces:glm-5.1:train:2067,ok,
hermes:glm-5.1:4f91eca2-516f-40f3-a4cd-cf2fb3f3528e,4f91eca2-516f-40f3-a4cd-cf2fb3f3528e,glm-5.1,True,29,False,,False,False,Terminal & Coding,Terminal Tasks,lambda/hermes-agent-reasoning-traces:glm-5.1:train:2502,ok,
hermes:glm-5.1:4f961a86-5d82-4e6a-9b1f-0e3b2bd0e33c,4f961a86-5d82-4e6a-9b1f-0e3b2bd0e33c,glm-5.1,True,12,False,,False,False,Terminal & Coding,Terminal Tasks,lambda/hermes-agent-reasoning-traces:glm-5.1:train:580,ok,
hermes:glm-5.1:4ff73adc-ef30-4bca-86b2-07594dbeb240,4ff73adc-ef30-4bca-86b2-07594dbeb240,glm-5.1,True,10,False,,False,False,File Operations,File Tasks,lambda/hermes-agent-reasoning-traces:glm-5.1:train:982,ok,
hermes:glm-5.1:501acce4-dea6-43d1-a8e8-4677c90be4d1,501acce4-dea6-43d1-a8e8-4677c90be4d1,glm-5.1,True,10,False,,False,False,Terminal & Coding,Terminal Tasks,lambda/hermes-agent-reasoning-traces:glm-5.1:train:613,ok,
hermes:glm-5.1:501ef0e9-f083-4740-b657-e306a183f305,501ef0e9-f083-4740-b657-e306a183f305,glm-5.1,True,23,False,,False,False,Browser Automation,Browser Tasks,lambda/hermes-agent-reasoning-traces:glm-5.1:train:2687,ok,
hermes:glm-5.1:5025c751-10ea-46b8-a4a6-d96039b585ab,5025c751-10ea-46b8-a4a6-d96039b585ab,glm-5.1,True,29,False,,False,False,Browser Automation,Browser Tasks,lambda/hermes-agent-reasoning-traces:glm-5.1:train:2514,ok,
hermes:glm-5.1:5058631f-2da8-40bf-bd06-7bb928cb5d6e,5058631f-2da8-40bf-bd06-7bb928cb5d6e,glm-5.1,True,12,False,,False,False,Terminal & Coding,Terminal Tasks,lambda/hermes-agent-reasoning-traces:glm-5.1:train:1636,ok,
hermes:glm-5.1:507388ff-d51d-45b8-9c09-75178bb8401e,507388ff-d51d-45b8-9c09-75178bb8401e,glm-5.1,True,14,False,,False,False,Terminal & Coding,Terminal Tasks,lambda/hermes-agent-reasoning-traces:glm-5.1:train:1774,ok,
hermes:glm-5.1:50861c2c-1f6c-4130-9b62-432570e5bfc7,50861c2c-1f6c-4130-9b62-432570e5bfc7,glm-5.1,True,25,False,,False,False,Terminal & Coding,Terminal Tasks,lambda/hermes-agent-reasoning-traces:glm-5.1:train:2129,ok,
hermes:glm-5.1:508dd4eb-2baf-4ee2-ac9e-b173ca87b8cf,508dd4eb-2baf-4ee2-ac9e-b173ca87b8cf,glm-5.1,True,29,False,,False,False,Browser Automation,Browser Tasks,lambda/hermes-agent-reasoning-traces:glm-5.1:train:2549,ok,
hermes:glm-5.1:50c7b40f-a1e3-482a-b360-522b93b9c43d,50c7b40f-a1e3-482a-b360-522b93b9c43d,glm-5.1,True,10,False,,False,False,Terminal & Coding,Terminal Tasks,lambda/hermes-agent-reasoning-traces:glm-5.1:train:1990,ok,
hermes:glm-5.1:51062f2f-8319-4c62-8751-e66556785a46,51062f2f-8319-4c62-8751-e66556785a46,glm-5.1,True,19,False,,False,False,Terminal & Coding,Terminal Tasks,lambda/hermes-agent-reasoning-traces:glm-5.1:train:1703,ok,
hermes:glm-5.1:5130e854-fecf-442a-a742-80f78448b16e,5130e854-fecf-442a-a742-80f78448b16e,glm-5.1,True,29,False,,False,False,Browser Automation,Browser Tasks,lambda/hermes-agent-reasoning-traces:glm-5.1:train:2766,ok,
hermes:glm-5.1:514bab1c-c3d2-4bce-b6e6-df120908f718,514bab1c-c3d2-4bce-b6e6-df120908f718,glm-5.1,True,31,False,,False,False,Terminal & Coding,Terminal Tasks,lambda/hermes-agent-reasoning-traces:glm-5.1:train:1652,ok,
hermes:glm-5.1:5161a9e8-42e8-4520-a5aa-cc5843c33521,5161a9e8-42e8-4520-a5aa-cc5843c33521,glm-5.1,True,21,False,,False,False,Browser Automation,Browser Tasks,lambda/hermes-agent-reasoning-traces:glm-5.1:train:2642,ok,
hermes:glm-5.1:51866f6c-0b8a-4277-bea2-4ed7fea4e5e2,51866f6c-0b8a-4277-bea2-4ed7fea4e5e2,glm-5.1,True,16,False,,False,False,Terminal & Coding,Terminal Tasks,lambda/hermes-agent-reasoning-traces:glm-5.1:train:1293,ok,
hermes:glm-5.1:518f83fe-d8d8-4a5b-945a-655a37bb33a2,518f83fe-d8d8-4a5b-945a-655a37bb33a2,glm-5.1,True,21,False,,False,False,Terminal & Coding,Terminal Tasks,lambda/hermes-agent-reasoning-traces:glm-5.1:train:2066,ok,
hermes:glm-5.1:519160d7-c7d3-43a9-ab89-2e434a07f201,519160d7-c7d3-43a9-ab89-2e434a07f201,glm-5.1,True,31,False,,False,False,Terminal & Coding,Terminal Tasks,lambda/hermes-agent-reasoning-traces:glm-5.1:train:240,ok,
hermes:glm-5.1:51b61a1b-7c7f-4670-b4e9-63f24f188802,51b61a1b-7c7f-4670-b4e9-63f24f188802,glm-5.1,True,27,False,,False,False,Browser Automation,Browser Tasks,lambda/hermes-agent-reasoning-traces:glm-5.1:train:2738,ok,
hermes:glm-5.1:51bcb586-6057-4442-8f34-9aaf568a33dc,51bcb586-6057-4442-8f34-9aaf568a33dc,glm-5.1,True,25,False,,False,False,Terminal & Coding,Terminal Tasks,lambda/hermes-agent-reasoning-traces:glm-5.1:train:589,ok,
hermes:glm-5.1:51bdea76-ef84-4ff4-b1e3-e9cd71954b11,51bdea76-ef84-4ff4-b1e3-e9cd71954b11,glm-5.1,True,23,False,,False,False,Terminal & Coding,Terminal Tasks,lambda/hermes-agent-reasoning-traces:glm-5.1:train:2203,ok,
hermes:glm-5.1:51d3317b-c7fa-4325-968f-281c942d6e42,51d3317b-c7fa-4325-968f-281c942d6e42,glm-5.1,True,21,False,,False,False,Browser Automation,Browser Tasks,lambda/hermes-agent-reasoning-traces:glm-5.1:train:2984,ok,
hermes:glm-5.1:520bb9a3-1793-46fb-bf1e-dceb8ba9725e,520bb9a3-1793-46fb-bf1e-dceb8ba9725e,glm-5.1,True,27,False,,False,False,Terminal & Coding,Terminal Tasks,lambda/hermes-agent-reasoning-traces:glm-5.1:train:1497,ok,
hermes:glm-5.1:520cf309-117c-4520-bdc8-2d1d3eeba093,520cf309-117c-4520-bdc8-2d1d3eeba093,glm-5.1,True,27,False,,False,False,Terminal & Coding,Terminal Tasks,lambda/hermes-agent-reasoning-traces:glm-5.1:train:987,ok,
hermes:glm-5.1:520ee900-c42f-4b7f-90c1-e7a355e4ebe3,520ee900-c42f-4b7f-90c1-e7a355e4ebe3,glm-5.1,True,21,False,,False,False,Terminal & Coding,Terminal Tasks,lambda/hermes-agent-reasoning-traces:glm-5.1:train:1505,ok,
hermes:glm-5.1:5215efd4-4469-4cc7-981f-d30327955578,5215efd4-4469-4cc7-981f-d30327955578,glm-5.1,True,13,False,,False,False,Terminal & Coding,Terminal Tasks,lambda/hermes-agent-reasoning-traces:glm-5.1:train:408,ok,
hermes:glm-5.1:52162d99-14f6-4a22-99c6-e0f2e6377490,52162d99-14f6-4a22-99c6-e0f2e6377490,glm-5.1,True,16,False,,False,False,Terminal & Coding,Terminal Tasks,lambda/hermes-agent-reasoning-traces:glm-5.1:train:732,ok,
hermes:glm-5.1:5218931c-44fc-4896-ae8a-9a528cbf2825,5218931c-44fc-4896-ae8a-9a528cbf2825,glm-5.1,True,12,False,,False,False,Terminal & Coding,Terminal Tasks,lambda/hermes-agent-reasoning-traces:glm-5.1:train:2364,ok,
hermes:glm-5.1:521da56e-ba27-41b7-9504-675021654880,521da56e-ba27-41b7-9504-675021654880,glm-5.1,True,12,False,,False,False,Terminal & Coding,Terminal Tasks,lambda/hermes-agent-reasoning-traces:glm-5.1:train:2371,ok,
hermes:glm-5.1:522e7d5d-24c7-4662-a405-b1e449c703b6,522e7d5d-24c7-4662-a405-b1e449c703b6,glm-5.1,True,17,False,,False,False,Terminal & Coding,Terminal Tasks,lambda/hermes-agent-reasoning-traces:glm-5.1:train:84,ok,
hermes:glm-5.1:52472fce-95c0-4f60-ab6b-d5f3c4b7e29f,52472fce-95c0-4f60-ab6b-d5f3c4b7e29f,glm-5.1,True,24,False,,False,False,Browser Automation,Browser Tasks,lambda/hermes-agent-reasoning-traces:glm-5.1:train:2942,ok,
hermes:glm-5.1:525b971c-d8ab-4384-b276-28ceb5515326,525b971c-d8ab-4384-b276-28ceb5515326,glm-5.1,True,14,False,,False,False,Terminal & Coding,Terminal Tasks,lambda/hermes-agent-reasoning-traces:glm-5.1:train:1743,ok,
hermes:glm-5.1:528b3f78-e723-46cc-a3b4-26a4264af84d,528b3f78-e723-46cc-a3b4-26a4264af84d,glm-5.1,True,14,False,,False,False,Terminal & Coding,Terminal Tasks,lambda/hermes-agent-reasoning-traces:glm-5.1:train:445,ok,
hermes:glm-5.1:52c4f32c-7dd4-4dc6-b215-8ae6e6052e5e,52c4f32c-7dd4-4dc6-b215-8ae6e6052e5e,glm-5.1,True,27,False,,False,False,Browser Automation,Browser Tasks,lambda/hermes-agent-reasoning-traces:glm-5.1:train:2715,ok,
hermes:glm-5.1:52db5070-4a9a-4c83-9bcc-c355500505aa,52db5070-4a9a-4c83-9bcc-c355500505aa,glm-5.1,True,23,False,,False,False,Planning & Organization,Planning Tasks,lambda/hermes-agent-reasoning-traces:glm-5.1:train:1761,ok,
hermes:glm-5.1:52e9c594-d513-4ad3-9943-320f88d76b2b,52e9c594-d513-4ad3-9943-320f88d76b2b,glm-5.1,True,19,False,,False,False,Terminal & Coding,Terminal Tasks,lambda/hermes-agent-reasoning-traces:glm-5.1:train:483,ok,
hermes:glm-5.1:52f4f4c8-c15f-4d62-a3ab-a44b57e48221,52f4f4c8-c15f-4d62-a3ab-a44b57e48221,glm-5.1,True,12,False,,False,False,Multi-Tool,Multi-Tool Tasks,lambda/hermes-agent-reasoning-traces:glm-5.1:train:644,ok,
hermes:glm-5.1:530cc7ef-3c1e-46a8-9421-b3dc9f8ce901,530cc7ef-3c1e-46a8-9421-b3dc9f8ce901,glm-5.1,True,23,False,,False,False,Terminal & Coding,Terminal Tasks,lambda/hermes-agent-reasoning-traces:glm-5.1:train:2301,ok,
hermes:glm-5.1:5313b0c4-f8fc-4673-838a-20c4f0992783,5313b0c4-f8fc-4673-838a-20c4f0992783,glm-5.1,True,29,False,,False,False,Terminal & Coding,Terminal Tasks,lambda/hermes-agent-reasoning-traces:glm-5.1:train:46,ok,
hermes:glm-5.1:532ed2f9-28e5-4330-9295-c8c9c125f44b,532ed2f9-28e5-4330-9295-c8c9c125f44b,glm-5.1,True,29,False,,False,False,Browser Automation,Browser Tasks,lambda/hermes-agent-reasoning-traces:glm-5.1:train:2903,ok,
hermes:glm-5.1:534b5e17-37a2-452c-9d1a-dfa6be5ee642,534b5e17-37a2-452c-9d1a-dfa6be5ee642,glm-5.1,True,20,False,,False,False,File Operations,File Tasks,lambda/hermes-agent-reasoning-traces:glm-5.1:train:652,ok,
hermes:glm-5.1:536fae30-a771-4e14-bdb3-ab57b8994606,536fae30-a771-4e14-bdb3-ab57b8994606,glm-5.1,True,12,False,,False,False,Terminal & Coding,Terminal Tasks,lambda/hermes-agent-reasoning-traces:glm-5.1:train:254,ok,
hermes:glm-5.1:539f686c-917a-44e3-a745-fca6d4788b8b,539f686c-917a-44e3-a745-fca6d4788b8b,glm-5.1,True,23,False,,False,False,Browser Automation,Browser Tasks,lambda/hermes-agent-reasoning-traces:glm-5.1:train:2668,ok,
hermes:glm-5.1:53b26342-6a30-4cca-bde4-4f649dcd88b6,53b26342-6a30-4cca-bde4-4f649dcd88b6,glm-5.1,True,12,False,,False,False,File Operations,File Tasks,lambda/hermes-agent-reasoning-traces:glm-5.1:train:2040,ok,
hermes:glm-5.1:53b311b4-0797-4b8c-804b-8fc27a98220f,53b311b4-0797-4b8c-804b-8fc27a98220f,glm-5.1,True,21,False,,False,False,Browser Automation,Browser Tasks,lambda/hermes-agent-reasoning-traces:glm-5.1:train:2859,ok,
hermes:glm-5.1:53b77278-d27a-4a0f-a06f-59e87330b3a0,53b77278-d27a-4a0f-a06f-59e87330b3a0,glm-5.1,True,15,False,,False,False,Scheduling,Cron Jobs,lambda/hermes-agent-reasoning-traces:glm-5.1:train:2254,ok,
hermes:glm-5.1:53c72c9b-8e82-4385-8cf9-e6c6a271ebfe,53c72c9b-8e82-4385-8cf9-e6c6a271ebfe,glm-5.1,True,15,False,,False,False,Terminal & Coding,Terminal Tasks,lambda/hermes-agent-reasoning-traces:glm-5.1:train:1514,ok,
hermes:glm-5.1:53d1c9c6-e460-4cb7-9621-2fd90de21bb0,53d1c9c6-e460-4cb7-9621-2fd90de21bb0,glm-5.1,True,22,False,,False,False,Browser Automation,Browser Tasks,lambda/hermes-agent-reasoning-traces:glm-5.1:train:2618,ok,
hermes:glm-5.1:53d516b6-60ce-4e4a-a9a7-2eab0025753b,53d516b6-60ce-4e4a-a9a7-2eab0025753b,glm-5.1,True,14,False,,False,False,Terminal & Coding,Terminal Tasks,lambda/hermes-agent-reasoning-traces:glm-5.1:train:1823,ok,
hermes:glm-5.1:53d59482-1248-4111-918a-98d23ef84ddc,53d59482-1248-4111-918a-98d23ef84ddc,glm-5.1,True,29,False,,False,False,Browser Automation,Browser Tasks,lambda/hermes-agent-reasoning-traces:glm-5.1:train:2888,ok,
hermes:glm-5.1:53dfc8bb-1f8b-46f9-884e-219eb353780e,53dfc8bb-1f8b-46f9-884e-219eb353780e,glm-5.1,True,10,False,,False,False,Scheduling,Cron Jobs,lambda/hermes-agent-reasoning-traces:glm-5.1:train:1115,ok,
hermes:glm-5.1:53edb61b-24d4-4a62-9e45-3ed458b4e6fa,53edb61b-24d4-4a62-9e45-3ed458b4e6fa,glm-5.1,True,27,False,,False,False,Browser Automation,Browser Tasks,lambda/hermes-agent-reasoning-traces:glm-5.1:train:2813,ok,
hermes:glm-5.1:541858f9-b1c9-41ba-9682-a650263aa67e,541858f9-b1c9-41ba-9682-a650263aa67e,glm-5.1,True,12,False,,False,False,Terminal & Coding,Terminal Tasks,lambda/hermes-agent-reasoning-traces:glm-5.1:train:618,ok,
hermes:glm-5.1:541d6dda-2ea5-47df-a596-8e9e5f9dced4,541d6dda-2ea5-47df-a596-8e9e5f9dced4,glm-5.1,True,23,False,,False,False,Terminal & Coding,Terminal Tasks,lambda/hermes-agent-reasoning-traces:glm-5.1:train:2434,ok,
hermes:glm-5.1:5434a01a-7224-48a3-8360-2bbbba46a7dc,5434a01a-7224-48a3-8360-2bbbba46a7dc,glm-5.1,True,10,False,,False,False,Terminal & Coding,Terminal Tasks,lambda/hermes-agent-reasoning-traces:glm-5.1:train:1477,ok,
hermes:glm-5.1:54362759-4465-48b0-a760-fb95f4b91061,54362759-4465-48b0-a760-fb95f4b91061,glm-5.1,True,14,False,,False,False,Terminal & Coding,Terminal Tasks,lambda/hermes-agent-reasoning-traces:glm-5.1:train:139,ok,
hermes:glm-5.1:549633b1-1dcf-4ef5-8082-cb329a47d214,549633b1-1dcf-4ef5-8082-cb329a47d214,glm-5.1,True,23,False,,False,False,Terminal & Coding,Terminal Tasks,lambda/hermes-agent-reasoning-traces:glm-5.1:train:1889,ok,
hermes:glm-5.1:54c60a1b-0e0c-4068-8665-c08a9887afae,54c60a1b-0e0c-4068-8665-c08a9887afae,glm-5.1,True,25,False,,False,False,Terminal & Coding,Terminal Tasks,lambda/hermes-agent-reasoning-traces:glm-5.1:train:101,ok,
hermes:glm-5.1:54cb04f6-ac7d-4911-897a-0204234a5f4f,54cb04f6-ac7d-4911-897a-0204234a5f4f,glm-5.1,True,12,False,,False,False,Terminal & Coding,Terminal Tasks,lambda/hermes-agent-reasoning-traces:glm-5.1:train:1136,ok,
hermes:glm-5.1:54f6d2cb-8adb-4f9d-9f8f-2db3dac0d426,54f6d2cb-8adb-4f9d-9f8f-2db3dac0d426,glm-5.1,True,20,False,,False,False,Terminal & Coding,Terminal Tasks,lambda/hermes-agent-reasoning-traces:glm-5.1:train:1256,ok,
hermes:glm-5.1:54f812fe-5892-4012-88ae-c7f5fd28ccdc,54f812fe-5892-4012-88ae-c7f5fd28ccdc,glm-5.1,True,14,False,,False,False,Terminal & Coding,Terminal Tasks,lambda/hermes-agent-reasoning-traces:glm-5.1:train:1600,ok,
hermes:glm-5.1:54fdecc8-5a5f-4411-9046-9a7cdcf07ea3,54fdecc8-5a5f-4411-9046-9a7cdcf07ea3,glm-5.1,True,20,False,,False,False,Terminal & Coding,Terminal Tasks,lambda/hermes-agent-reasoning-traces:glm-5.1:train:626,ok,
hermes:glm-5.1:5507ba23-5df0-4637-bb56-bb515f9e09bb,5507ba23-5df0-4637-bb56-bb515f9e09bb,glm-5.1,True,14,False,,False,False,Terminal & Coding,Terminal Tasks,lambda/hermes-agent-reasoning-traces:glm-5.1:train:1533,ok,
hermes:glm-5.1:55158b19-2977-47f7-8127-7bf1eec4c008,55158b19-2977-47f7-8127-7bf1eec4c008,glm-5.1,True,16,False,,False,False,Browser Automation,Browser Tasks,lambda/hermes-agent-reasoning-traces:glm-5.1:train:2800,ok,
hermes:glm-5.1:551bcf90-fb19-4699-904a-7f4742b27232,551bcf90-fb19-4699-904a-7f4742b27232,glm-5.1,True,27,False,,False,False,Terminal & Coding,Terminal Tasks,lambda/hermes-agent-reasoning-traces:glm-5.1:train:689,ok,
hermes:glm-5.1:552a5af7-fe5d-4d58-afad-b228ced3f7a9,552a5af7-fe5d-4d58-afad-b228ced3f7a9,glm-5.1,True,25,False,,False,False,Terminal & Coding,Terminal Tasks,lambda/hermes-agent-reasoning-traces:glm-5.1:train:2103,ok,
hermes:glm-5.1:552d3635-3966-43c2-8ee5-cb6da26caf95,552d3635-3966-43c2-8ee5-cb6da26caf95,glm-5.1,True,27,False,,False,False,Browser Automation,Browser Tasks,lambda/hermes-agent-reasoning-traces:glm-5.1:train:2840,ok,
hermes:glm-5.1:5534c53d-e4a5-4d1a-b5da-a3c9f3880c58,5534c53d-e4a5-4d1a-b5da-a3c9f3880c58,glm-5.1,True,22,False,,False,False,Browser Automation,Browser Tasks,lambda/hermes-agent-reasoning-traces:glm-5.1:train:2887,ok,
hermes:glm-5.1:553592eb-cbc2-4380-bbb3-a926b051ad82,553592eb-cbc2-4380-bbb3-a926b051ad82,glm-5.1,True,10,False,,False,False,Terminal & Coding,Terminal Tasks,lambda/hermes-agent-reasoning-traces:glm-5.1:train:2073,ok,
hermes:glm-5.1:55370c2d-65e4-4d62-a0ff-fd9f17913b0c,55370c2d-65e4-4d62-a0ff-fd9f17913b0c,glm-5.1,True,12,False,,False,False,Terminal & Coding,Terminal Tasks,lambda/hermes-agent-reasoning-traces:glm-5.1:train:55,ok,
hermes:glm-5.1:553f7325-0136-4363-9982-799ce0a324d5,553f7325-0136-4363-9982-799ce0a324d5,glm-5.1,True,16,False,,False,False,Terminal & Coding,Terminal Tasks,lambda/hermes-agent-reasoning-traces:glm-5.1:train:2180,ok,
hermes:glm-5.1:55441d92-a248-4c78-8ef1-3047a3a76671,55441d92-a248-4c78-8ef1-3047a3a76671,glm-5.1,True,14,False,,False,False,File Operations,File Tasks,lambda/hermes-agent-reasoning-traces:glm-5.1:train:656,ok,
hermes:glm-5.1:5566ef58-7c22-4c90-9dda-354e1a339c8c,5566ef58-7c22-4c90-9dda-354e1a339c8c,glm-5.1,True,14,False,,False,False,Agent Tools,Background Processes,lambda/hermes-agent-reasoning-traces:glm-5.1:train:1350,ok,
hermes:glm-5.1:556d05b1-04aa-4f62-9fae-ac6a1ec25209,556d05b1-04aa-4f62-9fae-ac6a1ec25209,glm-5.1,True,14,False,,False,False,Planning & Organization,Planning Tasks,lambda/hermes-agent-reasoning-traces:glm-5.1:train:1065,ok,
hermes:glm-5.1:55b7da50-eae0-4a9f-a9ac-cc1b352ff3d2,55b7da50-eae0-4a9f-a9ac-cc1b352ff3d2,glm-5.1,True,15,False,,False,False,Terminal & Coding,Terminal Tasks,lambda/hermes-agent-reasoning-traces:glm-5.1:train:1829,ok,
hermes:glm-5.1:55c4587b-28c9-4d75-b3c9-3c8e424f49ba,55c4587b-28c9-4d75-b3c9-3c8e424f49ba,glm-5.1,True,18,False,,False,False,Scheduling,Cron Jobs,lambda/hermes-agent-reasoning-traces:glm-5.1:train:1373,ok,
hermes:glm-5.1:5605cb06-1886-4573-9ca4-5b44618dbe49,5605cb06-1886-4573-9ca4-5b44618dbe49,glm-5.1,True,27,False,,False,False,Terminal & Coding,Terminal Tasks,lambda/hermes-agent-reasoning-traces:glm-5.1:train:1568,ok,
hermes:glm-5.1:5627d1dd-36d6-4d74-8f95-8fb8ec8533f1,5627d1dd-36d6-4d74-8f95-8fb8ec8533f1,glm-5.1,True,25,False,,False,False,Repository Tasks,General,lambda/hermes-agent-reasoning-traces:glm-5.1:train:1846,ok,
hermes:glm-5.1:562a6ab0-92c3-41fb-be9c-bdac819f9a56,562a6ab0-92c3-41fb-be9c-bdac819f9a56,glm-5.1,True,24,False,,False,False,Browser Automation,Browser Tasks,lambda/hermes-agent-reasoning-traces:glm-5.1:train:2739,ok,
hermes:glm-5.1:563eb687-8690-4d3b-b700-49ff50a64a90,563eb687-8690-4d3b-b700-49ff50a64a90,glm-5.1,True,23,False,,False,False,Terminal & Coding,Terminal Tasks,lambda/hermes-agent-reasoning-traces:glm-5.1:train:1859,ok,
hermes:glm-5.1:5669a99a-f5e3-40ee-8c76-78251afa2c29,5669a99a-f5e3-40ee-8c76-78251afa2c29,glm-5.1,True,10,False,,False,False,Terminal & Coding,Terminal Tasks,lambda/hermes-agent-reasoning-traces:glm-5.1:train:764,ok,
hermes:glm-5.1:566b5eba-1379-4a44-86d0-705a44b1407b,566b5eba-1379-4a44-86d0-705a44b1407b,glm-5.1,True,27,False,,False,False,Browser Automation,Browser Tasks,lambda/hermes-agent-reasoning-traces:glm-5.1:train:2751,ok,
hermes:glm-5.1:567717b7-623a-42d8-a4ba-e5066839e1a5,567717b7-623a-42d8-a4ba-e5066839e1a5,glm-5.1,True,15,False,,False,False,Terminal & Coding,Terminal Tasks,lambda/hermes-agent-reasoning-traces:glm-5.1:train:793,ok,
hermes:glm-5.1:568e110c-341b-4d43-b9a4-d40e898e7d9f,568e110c-341b-4d43-b9a4-d40e898e7d9f,glm-5.1,True,17,False,,False,False,Terminal & Coding,Terminal Tasks,lambda/hermes-agent-reasoning-traces:glm-5.1:train:2106,ok,
hermes:glm-5.1:56a920f7-76ad-43bf-bbab-061b602fd2d8,56a920f7-76ad-43bf-bbab-061b602fd2d8,glm-5.1,True,12,False,,False,False,Terminal & Coding,Terminal Tasks,lambda/hermes-agent-reasoning-traces:glm-5.1:train:721,ok,
hermes:glm-5.1:56add272-dce0-46ce-8dec-70c7e9e80577,56add272-dce0-46ce-8dec-70c7e9e80577,glm-5.1,True,12,False,,False,False,Planning & Organization,Planning Tasks,lambda/hermes-agent-reasoning-traces:glm-5.1:train:1390,ok,
hermes:glm-5.1:56dc91f8-bcad-4808-963a-c2d98beb44be,56dc91f8-bcad-4808-963a-c2d98beb44be,glm-5.1,True,25,False,,False,False,Terminal & Coding,Terminal Tasks,lambda/hermes-agent-reasoning-traces:glm-5.1:train:1739,ok,
hermes:glm-5.1:56feac28-2dbb-4b49-8ded-122d23009a8a,56feac28-2dbb-4b49-8ded-122d23009a8a,glm-5.1,True,29,False,,False,False,Terminal & Coding,Terminal Tasks,lambda/hermes-agent-reasoning-traces:glm-5.1:train:1067,ok,
hermes:glm-5.1:5704ed0f-e9f4-4fbf-8984-ab3058f9718d,5704ed0f-e9f4-4fbf-8984-ab3058f9718d,glm-5.1,True,14,False,,False,False,Terminal & Coding,Terminal Tasks,lambda/hermes-agent-reasoning-traces:glm-5.1:train:581,ok,
hermes:glm-5.1:571f5630-b79e-408e-91a7-e80b92d84b9f,571f5630-b79e-408e-91a7-e80b92d84b9f,glm-5.1,True,11,False,,False,False,File Operations,File Tasks,lambda/hermes-agent-reasoning-traces:glm-5.1:train:1947,ok,
hermes:glm-5.1:5726c718-ec53-4a82-b8e2-e6feaca82898,5726c718-ec53-4a82-b8e2-e6feaca82898,glm-5.1,True,12,False,,False,False,Terminal & Coding,Terminal Tasks,lambda/hermes-agent-reasoning-traces:glm-5.1:train:766,ok,
hermes:glm-5.1:57366b8c-794e-4f2e-a259-50ebaae86444,57366b8c-794e-4f2e-a259-50ebaae86444,glm-5.1,True,23,False,,False,False,Terminal & Coding,Terminal Tasks,lambda/hermes-agent-reasoning-traces:glm-5.1:train:524,ok,
hermes:glm-5.1:573a4979-a2ad-4b87-85ac-12e8a65dfec2,573a4979-a2ad-4b87-85ac-12e8a65dfec2,glm-5.1,True,15,False,,False,False,Terminal & Coding,Terminal Tasks,lambda/hermes-agent-reasoning-traces:glm-5.1:train:845,ok,
hermes:glm-5.1:57502f09-ce69-4244-89f9-67154bb930b8,57502f09-ce69-4244-89f9-67154bb930b8,glm-5.1,True,12,False,,False,False,Scheduling,Cron Jobs,lambda/hermes-agent-reasoning-traces:glm-5.1:train:1086,ok,
hermes:glm-5.1:5756fea8-badf-485c-9ea3-22cf771ec896,5756fea8-badf-485c-9ea3-22cf771ec896,glm-5.1,True,14,False,,False,False,Terminal & Coding,Terminal Tasks,lambda/hermes-agent-reasoning-traces:glm-5.1:train:1894,ok,
hermes:glm-5.1:57663cb9-2782-433d-81a2-02cb1782376c,57663cb9-2782-433d-81a2-02cb1782376c,glm-5.1,True,27,False,,False,False,Terminal & Coding,Terminal Tasks,lambda/hermes-agent-reasoning-traces:glm-5.1:train:2054,ok,
hermes:glm-5.1:5787a8df-29ba-4fe4-aca5-ad9458fe2605,5787a8df-29ba-4fe4-aca5-ad9458fe2605,glm-5.1,True,10,False,,False,False,Terminal & Coding,Terminal Tasks,lambda/hermes-agent-reasoning-traces:glm-5.1:train:2199,ok,
hermes:glm-5.1:57a37ae4-c7ae-43b6-843f-4669f089bf75,57a37ae4-c7ae-43b6-843f-4669f089bf75,glm-5.1,True,14,False,,False,False,Terminal & Coding,Terminal Tasks,lambda/hermes-agent-reasoning-traces:glm-5.1:train:1680,ok,
hermes:glm-5.1:57b32b59-1e06-47e7-b67f-cab3665ea923,57b32b59-1e06-47e7-b67f-cab3665ea923,glm-5.1,True,18,False,,False,False,File Operations,File Tasks,lambda/hermes-agent-reasoning-traces:glm-5.1:train:1726,ok,
hermes:glm-5.1:57d41a30-92eb-4ffd-80e6-3f1549ce95d8,57d41a30-92eb-4ffd-80e6-3f1549ce95d8,glm-5.1,True,27,False,,False,False,Terminal & Coding,Terminal Tasks,lambda/hermes-agent-reasoning-traces:glm-5.1:train:849,ok,
hermes:glm-5.1:57de8785-6260-4b89-a62e-dd214fa662ef,57de8785-6260-4b89-a62e-dd214fa662ef,glm-5.1,True,27,False,,False,False,Terminal & Coding,Terminal Tasks,lambda/hermes-agent-reasoning-traces:glm-5.1:train:165,ok,
hermes:glm-5.1:57e15785-0b33-4264-882c-02e2bc6e1b1c,57e15785-0b33-4264-882c-02e2bc6e1b1c,glm-5.1,True,25,False,,False,False,Terminal & Coding,Terminal Tasks,lambda/hermes-agent-reasoning-traces:glm-5.1:train:452,ok,
hermes:glm-5.1:57fcf5a0-a6a0-4953-9ad4-2db65f3f94ea,57fcf5a0-a6a0-4953-9ad4-2db65f3f94ea,glm-5.1,True,29,False,,False,False,Terminal & Coding,Terminal Tasks,lambda/hermes-agent-reasoning-traces:glm-5.1:train:1129,ok,
hermes:glm-5.1:581105a8-dc7f-4dc9-9745-cbe41dbeea75,581105a8-dc7f-4dc9-9745-cbe41dbeea75,glm-5.1,True,15,False,,False,False,Terminal & Coding,Terminal Tasks,lambda/hermes-agent-reasoning-traces:glm-5.1:train:2253,ok,
hermes:glm-5.1:58142d9b-9dd2-4e57-8d3b-dcdcc7715adc,58142d9b-9dd2-4e57-8d3b-dcdcc7715adc,glm-5.1,True,27,False,,False,False,Browser Automation,Browser Tasks,lambda/hermes-agent-reasoning-traces:glm-5.1:train:2592,ok,
hermes:glm-5.1:58353e7c-7770-4eb9-85dd-62a4bc98bb21,58353e7c-7770-4eb9-85dd-62a4bc98bb21,glm-5.1,True,14,False,,False,False,Terminal & Coding,Terminal Tasks,lambda/hermes-agent-reasoning-traces:glm-5.1:train:1494,ok,
hermes:glm-5.1:5835fe19-05f9-4fe5-96da-f5e3e1c22191,5835fe19-05f9-4fe5-96da-f5e3e1c22191,glm-5.1,True,12,False,,False,False,Terminal & Coding,Terminal Tasks,lambda/hermes-agent-reasoning-traces:glm-5.1:train:1905,ok,
hermes:glm-5.1:58497c42-7d3b-45f3-af53-9874799d9232,58497c42-7d3b-45f3-af53-9874799d9232,glm-5.1,True,12,False,,False,False,Terminal & Coding,Terminal Tasks,lambda/hermes-agent-reasoning-traces:glm-5.1:train:534,ok,
hermes:glm-5.1:584c8c13-60a9-4ddd-9a6d-18157cc11a9b,584c8c13-60a9-4ddd-9a6d-18157cc11a9b,glm-5.1,True,25,False,,False,False,Terminal & Coding,Terminal Tasks,lambda/hermes-agent-reasoning-traces:glm-5.1:train:204,ok,
hermes:glm-5.1:585a3cea-312e-4fb5-ac36-553c29e40f4a,585a3cea-312e-4fb5-ac36-553c29e40f4a,glm-5.1,True,22,False,,False,False,Browser Automation,Browser Tasks,lambda/hermes-agent-reasoning-traces:glm-5.1:train:2683,ok,
hermes:glm-5.1:589da31b-9594-4c88-b33a-42c41ad10411,589da31b-9594-4c88-b33a-42c41ad10411,glm-5.1,True,20,False,,False,False,Browser Automation,Browser Tasks,lambda/hermes-agent-reasoning-traces:glm-5.1:train:2921,ok,
hermes:glm-5.1:58be3f1e-49bf-4ec6-846e-041c6f9aac7f,58be3f1e-49bf-4ec6-846e-041c6f9aac7f,glm-5.1,True,12,False,,False,False,Terminal & Coding,Terminal Tasks,lambda/hermes-agent-reasoning-traces:glm-5.1:train:1,ok,
hermes:glm-5.1:58bf34b6-c616-4811-aac9-43df6b412cbd,58bf34b6-c616-4811-aac9-43df6b412cbd,glm-5.1,True,23,False,,False,False,Browser Automation,Browser Tasks,lambda/hermes-agent-reasoning-traces:glm-5.1:train:2609,ok,
hermes:glm-5.1:58d1974e-9dc2-4393-85a3-888831d95b71,58d1974e-9dc2-4393-85a3-888831d95b71,glm-5.1,True,11,False,,False,False,Terminal & Coding,Terminal Tasks,lambda/hermes-agent-reasoning-traces:glm-5.1:train:2446,ok,
hermes:glm-5.1:58d6f170-cf5b-4269-9249-a75301213d1d,58d6f170-cf5b-4269-9249-a75301213d1d,glm-5.1,True,20,False,,False,False,Browser Automation,Browser Tasks,lambda/hermes-agent-reasoning-traces:glm-5.1:train:2756,ok,
hermes:glm-5.1:591611a4-c22f-4dd8-a55b-c13609dffc76,591611a4-c22f-4dd8-a55b-c13609dffc76,glm-5.1,True,16,False,,False,False,Terminal & Coding,Terminal Tasks,lambda/hermes-agent-reasoning-traces:glm-5.1:train:1874,ok,
hermes:glm-5.1:593f8a5a-9a92-48f3-b7e6-7dfd61edd1d9,593f8a5a-9a92-48f3-b7e6-7dfd61edd1d9,glm-5.1,True,31,False,,False,False,Terminal & Coding,Terminal Tasks,lambda/hermes-agent-reasoning-traces:glm-5.1:train:739,ok,
hermes:glm-5.1:5965631e-18ae-4cdf-b576-e56f5859076c,5965631e-18ae-4cdf-b576-e56f5859076c,glm-5.1,True,11,False,,False,False,Planning & Organization,Planning Tasks,lambda/hermes-agent-reasoning-traces:glm-5.1:train:2239,ok,
hermes:glm-5.1:596c30bb-cd4a-4b27-9e3a-ff9b598ed45e,596c30bb-cd4a-4b27-9e3a-ff9b598ed45e,glm-5.1,True,14,False,,False,False,Terminal & Coding,Terminal Tasks,lambda/hermes-agent-reasoning-traces:glm-5.1:train:803,ok,
hermes:glm-5.1:5981b6bd-f307-45e9-895a-1b9b4a1a170b,5981b6bd-f307-45e9-895a-1b9b4a1a170b,glm-5.1,True,27,False,,False,False,Terminal & Coding,Terminal Tasks,lambda/hermes-agent-reasoning-traces:glm-5.1:train:2233,ok,
hermes:glm-5.1:59c49fda-f84f-40a9-9ab4-4ed5384f97b9,59c49fda-f84f-40a9-9ab4-4ed5384f97b9,glm-5.1,True,16,False,,False,False,Terminal & Coding,Terminal Tasks,lambda/hermes-agent-reasoning-traces:glm-5.1:train:1819,ok,
hermes:glm-5.1:59c8418d-9e9f-4039-b115-f2049b637df1,59c8418d-9e9f-4039-b115-f2049b637df1,glm-5.1,True,31,False,,False,False,File Operations,File Tasks,lambda/hermes-agent-reasoning-traces:glm-5.1:train:2163,ok,
hermes:glm-5.1:59d74e5e-4e05-468e-9452-f0cbf6079464,59d74e5e-4e05-468e-9452-f0cbf6079464,glm-5.1,True,10,False,,False,False,Terminal & Coding,Terminal Tasks,lambda/hermes-agent-reasoning-traces:glm-5.1:train:988,ok,
hermes:glm-5.1:5a279e96-b15a-4c0f-bcfc-264711d2321d,5a279e96-b15a-4c0f-bcfc-264711d2321d,glm-5.1,True,19,False,,False,False,File Operations,File Tasks,lambda/hermes-agent-reasoning-traces:glm-5.1:train:37,ok,
hermes:glm-5.1:5a27c157-9feb-4dfe-99e4-e4354b39b863,5a27c157-9feb-4dfe-99e4-e4354b39b863,glm-5.1,True,22,False,,False,False,File Operations,File Tasks,lambda/hermes-agent-reasoning-traces:glm-5.1:train:473,ok,
hermes:glm-5.1:5a2bfe2a-219d-4d1c-a8a0-0216712a7207,5a2bfe2a-219d-4d1c-a8a0-0216712a7207,glm-5.1,True,21,False,,False,False,Terminal & Coding,Terminal Tasks,lambda/hermes-agent-reasoning-traces:glm-5.1:train:170,ok,
hermes:glm-5.1:5a61b5ad-18d7-48a0-b2db-4b2f860bf362,5a61b5ad-18d7-48a0-b2db-4b2f860bf362,glm-5.1,True,14,False,,False,False,Browser Automation,Browser Tasks,lambda/hermes-agent-reasoning-traces:glm-5.1:train:2966,ok,
hermes:glm-5.1:5a6ea0f0-6640-41c0-b9ad-1bf2548f032c,5a6ea0f0-6640-41c0-b9ad-1bf2548f032c,glm-5.1,True,16,False,,False,False,Browser Automation,Browser Tasks,lambda/hermes-agent-reasoning-traces:glm-5.1:train:2525,ok,
hermes:glm-5.1:5a7a66cb-4207-4cb3-b572-4dfcb8979523,5a7a66cb-4207-4cb3-b572-4dfcb8979523,glm-5.1,True,23,False,,False,False,Terminal & Coding,Terminal Tasks,lambda/hermes-agent-reasoning-traces:glm-5.1:train:825,ok,
hermes:glm-5.1:5ab829c0-6c54-4964-8e59-3ee89b94f747,5ab829c0-6c54-4964-8e59-3ee89b94f747,glm-5.1,True,14,False,,False,False,Terminal & Coding,Terminal Tasks,lambda/hermes-agent-reasoning-traces:glm-5.1:train:648,ok,
hermes:glm-5.1:5abefa0a-6e9d-40bc-9ffe-825e883bbf50,5abefa0a-6e9d-40bc-9ffe-825e883bbf50,glm-5.1,True,12,False,,False,False,Terminal & Coding,Terminal Tasks,lambda/hermes-agent-reasoning-traces:glm-5.1:train:2350,ok,
hermes:glm-5.1:5ad4fa91-e454-4ecc-8df2-a882ff2a79e2,5ad4fa91-e454-4ecc-8df2-a882ff2a79e2,glm-5.1,True,20,False,,False,False,File Operations,File Tasks,lambda/hermes-agent-reasoning-traces:glm-5.1:train:21,ok,
hermes:glm-5.1:5ad5e5eb-4b5e-4165-8f3b-4dad03d4f610,5ad5e5eb-4b5e-4165-8f3b-4dad03d4f610,glm-5.1,True,21,False,,False,False,Browser Automation,Browser Tasks,lambda/hermes-agent-reasoning-traces:glm-5.1:train:2702,ok,
hermes:glm-5.1:5aea1461-4e76-483a-b549-04b49e8ff01c,5aea1461-4e76-483a-b549-04b49e8ff01c,glm-5.1,True,10,False,,False,False,File Operations,File Tasks,lambda/hermes-agent-reasoning-traces:glm-5.1:train:528,ok,
hermes:glm-5.1:5af5573a-54d3-40cb-a574-98ca1e0ab255,5af5573a-54d3-40cb-a574-98ca1e0ab255,glm-5.1,True,17,False,,False,False,Terminal & Coding,Terminal Tasks,lambda/hermes-agent-reasoning-traces:glm-5.1:train:2039,ok,
hermes:glm-5.1:5b09e229-ada2-4bae-a8bd-faef93a67816,5b09e229-ada2-4bae-a8bd-faef93a67816,glm-5.1,True,9,False,,False,False,Terminal & Coding,Terminal Tasks,lambda/hermes-agent-reasoning-traces:glm-5.1:train:2165,ok,
hermes:glm-5.1:5b0fc243-06fe-47fd-98b4-1ef71a0ce583,5b0fc243-06fe-47fd-98b4-1ef71a0ce583,glm-5.1,True,20,False,,False,False,Terminal & Coding,Terminal Tasks,lambda/hermes-agent-reasoning-traces:glm-5.1:train:1167,ok,
hermes:glm-5.1:5b3e7197-cf48-4d16-8317-873b36257e7a,5b3e7197-cf48-4d16-8317-873b36257e7a,glm-5.1,True,10,False,,False,False,Terminal & Coding,Terminal Tasks,lambda/hermes-agent-reasoning-traces:glm-5.1:train:227,ok,
hermes:glm-5.1:5b44d53b-ac3f-456c-bbd6-d40385172f27,5b44d53b-ac3f-456c-bbd6-d40385172f27,glm-5.1,True,16,False,,False,False,Terminal & Coding,Terminal Tasks,lambda/hermes-agent-reasoning-traces:glm-5.1:train:598,ok,
hermes:glm-5.1:5b451f6d-609f-4bbd-8d1c-a5ebee54a806,5b451f6d-609f-4bbd-8d1c-a5ebee54a806,glm-5.1,True,12,False,,False,False,Terminal & Coding,Terminal Tasks,lambda/hermes-agent-reasoning-traces:glm-5.1:train:1845,ok,
hermes:glm-5.1:5b5c9c8b-9efd-49d2-a63e-df9b04eaea19,5b5c9c8b-9efd-49d2-a63e-df9b04eaea19,glm-5.1,True,25,False,,False,False,Terminal & Coding,Terminal Tasks,lambda/hermes-agent-reasoning-traces:glm-5.1:train:480,ok,
hermes:glm-5.1:5b7e9813-b9af-4b36-8c2b-d01413711f4d,5b7e9813-b9af-4b36-8c2b-d01413711f4d,glm-5.1,True,10,False,,False,False,Terminal & Coding,Terminal Tasks,lambda/hermes-agent-reasoning-traces:glm-5.1:train:1893,ok,
hermes:glm-5.1:5b86d77f-364a-4f8a-9192-ddeebfe7f539,5b86d77f-364a-4f8a-9192-ddeebfe7f539,glm-5.1,True,14,False,,False,False,Scheduling,Cron Jobs,lambda/hermes-agent-reasoning-traces:glm-5.1:train:514,ok,
hermes:glm-5.1:5ba9b2f1-f925-436d-9918-b98d446dd5cc,5ba9b2f1-f925-436d-9918-b98d446dd5cc,glm-5.1,True,14,False,,False,False,Terminal & Coding,Terminal Tasks,lambda/hermes-agent-reasoning-traces:glm-5.1:train:405,ok,
hermes:glm-5.1:5badaae8-c68f-4a2d-b62a-e4f4d9d124ea,5badaae8-c68f-4a2d-b62a-e4f4d9d124ea,glm-5.1,True,11,False,,False,False,Terminal & Coding,Terminal Tasks,lambda/hermes-agent-reasoning-traces:glm-5.1:train:1041,ok,
hermes:glm-5.1:5bb7b8f4-42c7-4254-863c-dc2b8397db8f,5bb7b8f4-42c7-4254-863c-dc2b8397db8f,glm-5.1,True,12,False,,False,False,Terminal & Coding,Terminal Tasks,lambda/hermes-agent-reasoning-traces:glm-5.1:train:98,ok,
hermes:glm-5.1:5be99d86-b561-4d69-9c1d-81eac99b02ae,5be99d86-b561-4d69-9c1d-81eac99b02ae,glm-5.1,True,14,False,,False,False,Terminal & Coding,Terminal Tasks,lambda/hermes-agent-reasoning-traces:glm-5.1:train:718,ok,
hermes:glm-5.1:5bec36eb-bebb-4308-b3be-d8d970a5ab7d,5bec36eb-bebb-4308-b3be-d8d970a5ab7d,glm-5.1,True,31,False,,False,False,Browser Automation,Browser Tasks,lambda/hermes-agent-reasoning-traces:glm-5.1:train:2641,ok,
hermes:glm-5.1:5c0c2455-9303-4f6f-8569-b18166c2a879,5c0c2455-9303-4f6f-8569-b18166c2a879,glm-5.1,True,27,False,,False,False,Terminal & Coding,Terminal Tasks,lambda/hermes-agent-reasoning-traces:glm-5.1:train:475,ok,
hermes:glm-5.1:5c0dc71d-37a2-46ff-9635-93b4888a5e62,5c0dc71d-37a2-46ff-9635-93b4888a5e62,glm-5.1,True,12,False,,False,False,Terminal & Coding,Terminal Tasks,lambda/hermes-agent-reasoning-traces:glm-5.1:train:1074,ok,
hermes:glm-5.1:5c24a986-c240-4d9e-b4ae-d8a1f4602393,5c24a986-c240-4d9e-b4ae-d8a1f4602393,glm-5.1,True,14,False,,False,False,Terminal & Coding,Terminal Tasks,lambda/hermes-agent-reasoning-traces:glm-5.1:train:1189,ok,
hermes:glm-5.1:5c2f9004-a5d9-4489-ae13-b5447c9d5070,5c2f9004-a5d9-4489-ae13-b5447c9d5070,glm-5.1,True,11,False,,False,False,Planning & Organization,Planning Tasks,lambda/hermes-agent-reasoning-traces:glm-5.1:train:1753,ok,
hermes:glm-5.1:5c36787b-b647-4862-9487-8b866c91a6ea,5c36787b-b647-4862-9487-8b866c91a6ea,glm-5.1,True,17,False,,False,False,Terminal & Coding,Terminal Tasks,lambda/hermes-agent-reasoning-traces:glm-5.1:train:948,ok,
hermes:glm-5.1:5c3c8a08-7603-4f26-8753-0821386d4b1d,5c3c8a08-7603-4f26-8753-0821386d4b1d,glm-5.1,True,31,False,,False,False,Terminal & Coding,Terminal Tasks,lambda/hermes-agent-reasoning-traces:glm-5.1:train:2407,ok,
hermes:glm-5.1:5c956544-7de2-42e3-ac57-08ba9cd777be,5c956544-7de2-42e3-ac57-08ba9cd777be,glm-5.1,True,20,False,,False,False,Browser Automation,Browser Tasks,lambda/hermes-agent-reasoning-traces:glm-5.1:train:2961,ok,
hermes:glm-5.1:5ca04fbd-630b-47c3-bb23-3e57f0736abb,5ca04fbd-630b-47c3-bb23-3e57f0736abb,glm-5.1,True,14,False,,False,False,Terminal & Coding,Terminal Tasks,lambda/hermes-agent-reasoning-traces:glm-5.1:train:1699,ok,
hermes:glm-5.1:5cc889d8-7b46-4294-aef8-740377bc9317,5cc889d8-7b46-4294-aef8-740377bc9317,glm-5.1,True,31,False,,False,False,Terminal & Coding,Terminal Tasks,lambda/hermes-agent-reasoning-traces:glm-5.1:train:549,ok,
hermes:glm-5.1:5ce2b56d-5ad4-4041-b516-99ef32cf1905,5ce2b56d-5ad4-4041-b516-99ef32cf1905,glm-5.1,True,14,False,,False,False,Terminal & Coding,Terminal Tasks,lambda/hermes-agent-reasoning-traces:glm-5.1:train:2099,ok,
hermes:glm-5.1:5cf03368-e4f2-414d-877d-350058f0cb46,5cf03368-e4f2-414d-877d-350058f0cb46,glm-5.1,True,16,False,,False,False,Terminal & Coding,Terminal Tasks,lambda/hermes-agent-reasoning-traces:glm-5.1:train:1809,ok,
hermes:glm-5.1:5cf731c9-0a5a-4e2b-a5d5-eeed83d8f4b4,5cf731c9-0a5a-4e2b-a5d5-eeed83d8f4b4,glm-5.1,True,16,False,,False,False,Scheduling,Cron Jobs,lambda/hermes-agent-reasoning-traces:glm-5.1:train:1962,ok,
hermes:glm-5.1:5d094565-2d6a-44ca-bd57-310766f05dc4,5d094565-2d6a-44ca-bd57-310766f05dc4,glm-5.1,True,23,False,,False,False,Terminal & Coding,Terminal Tasks,lambda/hermes-agent-reasoning-traces:glm-5.1:train:526,ok,
hermes:glm-5.1:5d1e2549-fb79-407e-8240-b52d913758fa,5d1e2549-fb79-407e-8240-b52d913758fa,glm-5.1,True,15,False,,False,False,Terminal & Coding,Terminal Tasks,lambda/hermes-agent-reasoning-traces:glm-5.1:train:2236,ok,
hermes:glm-5.1:5d4190d4-fc2e-4bdb-b2ca-71e306fdf104,5d4190d4-fc2e-4bdb-b2ca-71e306fdf104,glm-5.1,True,10,False,,False,False,File Operations,File Tasks,lambda/hermes-agent-reasoning-traces:glm-5.1:train:1877,ok,
hermes:glm-5.1:5d48bbd5-66d2-46aa-9205-10cf56fca941,5d48bbd5-66d2-46aa-9205-10cf56fca941,glm-5.1,True,12,False,,False,False,Terminal & Coding,Terminal Tasks,lambda/hermes-agent-reasoning-traces:glm-5.1:train:1034,ok,
hermes:glm-5.1:5d6b5251-83ac-4475-a58f-5de1dd282b42,5d6b5251-83ac-4475-a58f-5de1dd282b42,glm-5.1,True,17,False,,False,False,Terminal & Coding,Terminal Tasks,lambda/hermes-agent-reasoning-traces:glm-5.1:train:2351,ok,
hermes:glm-5.1:5d75b6a4-45a1-4ae0-b9f5-80463b1d06d1,5d75b6a4-45a1-4ae0-b9f5-80463b1d06d1,glm-5.1,True,10,False,,False,False,Planning & Organization,Planning Tasks,lambda/hermes-agent-reasoning-traces:glm-5.1:train:449,ok,
hermes:glm-5.1:5d7f4835-fc41-4066-8336-5d4f55d61fab,5d7f4835-fc41-4066-8336-5d4f55d61fab,glm-5.1,True,27,False,,False,False,Terminal & Coding,Terminal Tasks,lambda/hermes-agent-reasoning-traces:glm-5.1:train:1519,ok,
hermes:glm-5.1:5d860e72-1b42-4f3b-83d2-2d16762c4df5,5d860e72-1b42-4f3b-83d2-2d16762c4df5,glm-5.1,True,31,False,,False,False,Terminal & Coding,Terminal Tasks,lambda/hermes-agent-reasoning-traces:glm-5.1:train:2248,ok,
hermes:glm-5.1:5d8daa23-53f4-4c30-9b0c-6080aae0a584,5d8daa23-53f4-4c30-9b0c-6080aae0a584,glm-5.1,True,22,False,,False,False,Browser Automation,Browser Tasks,lambda/hermes-agent-reasoning-traces:glm-5.1:train:2675,ok,
hermes:glm-5.1:5d9110ea-f30b-48df-83a1-85cef2cb937e,5d9110ea-f30b-48df-83a1-85cef2cb937e,glm-5.1,True,22,False,,False,False,Terminal & Coding,Terminal Tasks,lambda/hermes-agent-reasoning-traces:glm-5.1:train:1178,ok,
hermes:glm-5.1:5d965ebe-7384-4e83-847a-e48f1e9837ba,5d965ebe-7384-4e83-847a-e48f1e9837ba,glm-5.1,True,16,False,,False,False,Terminal & Coding,Terminal Tasks,lambda/hermes-agent-reasoning-traces:glm-5.1:train:640,ok,
hermes:glm-5.1:5d96a633-b477-4cd0-bfd1-e9514b471117,5d96a633-b477-4cd0-bfd1-e9514b471117,glm-5.1,True,16,False,,False,False,Terminal & Coding,Terminal Tasks,lambda/hermes-agent-reasoning-traces:glm-5.1:train:1950,ok,
hermes:glm-5.1:5da746fa-6a70-4e45-9b7c-f47774fa10ad,5da746fa-6a70-4e45-9b7c-f47774fa10ad,glm-5.1,True,27,False,,False,False,Browser Automation,Browser Tasks,lambda/hermes-agent-reasoning-traces:glm-5.1:train:2904,ok,
hermes:glm-5.1:5dab573f-2fc1-4aa9-9eff-82448fbb25a4,5dab573f-2fc1-4aa9-9eff-82448fbb25a4,glm-5.1,True,23,False,,False,False,Terminal & Coding,Terminal Tasks,lambda/hermes-agent-reasoning-traces:glm-5.1:train:1082,ok,
hermes:glm-5.1:5db6d9ca-81c1-4198-8e8b-820d9fc4146c,5db6d9ca-81c1-4198-8e8b-820d9fc4146c,glm-5.1,True,12,False,,False,False,Terminal & Coding,Terminal Tasks,lambda/hermes-agent-reasoning-traces:glm-5.1:train:994,ok,
hermes:glm-5.1:5dd20dd0-2ec5-4b7b-8e74-1edd57e6d20d,5dd20dd0-2ec5-4b7b-8e74-1edd57e6d20d,glm-5.1,True,23,False,,False,False,Terminal & Coding,Terminal Tasks,lambda/hermes-agent-reasoning-traces:glm-5.1:train:1926,ok,
hermes:glm-5.1:5de2b6ed-f437-4055-af10-d69f6973a55d,5de2b6ed-f437-4055-af10-d69f6973a55d,glm-5.1,True,20,False,,False,False,Browser Automation,Browser Tasks,lambda/hermes-agent-reasoning-traces:glm-5.1:train:2627,ok,
hermes:glm-5.1:5df1e4e8-f0aa-4e78-bf7a-d1b5301e412a,5df1e4e8-f0aa-4e78-bf7a-d1b5301e412a,glm-5.1,True,20,False,,False,False,Terminal & Coding,Terminal Tasks,lambda/hermes-agent-reasoning-traces:glm-5.1:train:1574,ok,
hermes:glm-5.1:5dfe7a60-b0a7-4210-a95e-878c8a792ac7,5dfe7a60-b0a7-4210-a95e-878c8a792ac7,glm-5.1,True,11,False,,False,False,Terminal & Coding,Terminal Tasks,lambda/hermes-agent-reasoning-traces:glm-5.1:train:539,ok,
hermes:glm-5.1:5e2371b1-4cbf-4f90-8a71-01916426f46a,5e2371b1-4cbf-4f90-8a71-01916426f46a,glm-5.1,True,31,False,,False,False,Browser Automation,Browser Tasks,lambda/hermes-agent-reasoning-traces:glm-5.1:train:2571,ok,
hermes:glm-5.1:5e292f68-b701-4209-aff9-2d89dd096c18,5e292f68-b701-4209-aff9-2d89dd096c18,glm-5.1,True,27,False,,False,False,Terminal & Coding,Terminal Tasks,lambda/hermes-agent-reasoning-traces:glm-5.1:train:78,ok,
hermes:glm-5.1:5e4435f7-8d96-4c0d-9f57-a8d06eb318c9,5e4435f7-8d96-4c0d-9f57-a8d06eb318c9,glm-5.1,True,19,False,,False,False,Terminal & Coding,Terminal Tasks,lambda/hermes-agent-reasoning-traces:glm-5.1:train:1871,ok,
hermes:glm-5.1:5e4fe3fc-cfee-4a42-b6b4-b0d4feb785b2,5e4fe3fc-cfee-4a42-b6b4-b0d4feb785b2,glm-5.1,True,27,False,,False,False,Terminal & Coding,Terminal Tasks,lambda/hermes-agent-reasoning-traces:glm-5.1:train:2146,ok,
hermes:glm-5.1:5e50099f-25b2-48bb-86a3-714f88037a41,5e50099f-25b2-48bb-86a3-714f88037a41,glm-5.1,True,10,False,,False,False,Terminal & Coding,Terminal Tasks,lambda/hermes-agent-reasoning-traces:glm-5.1:train:56,ok,
hermes:glm-5.1:5e6da50c-d7a0-4ab7-90fc-1ba065cc8ca6,5e6da50c-d7a0-4ab7-90fc-1ba065cc8ca6,glm-5.1,True,19,False,,False,False,Terminal & Coding,Terminal Tasks,lambda/hermes-agent-reasoning-traces:glm-5.1:train:758,ok,
hermes:glm-5.1:5e78e66b-9e07-4bea-8f76-8d0266496bf4,5e78e66b-9e07-4bea-8f76-8d0266496bf4,glm-5.1,True,14,False,,False,False,Terminal & Coding,Terminal Tasks,lambda/hermes-agent-reasoning-traces:glm-5.1:train:1023,ok,
hermes:glm-5.1:5e847aa7-c6cb-4884-a6c0-1fdb97d371ff,5e847aa7-c6cb-4884-a6c0-1fdb97d371ff,glm-5.1,True,33,False,,False,False,Browser Automation,Browser Tasks,lambda/hermes-agent-reasoning-traces:glm-5.1:train:2972,ok,
hermes:glm-5.1:5e9a4f0c-bdbe-426f-aaf4-76dcd3e28e61,5e9a4f0c-bdbe-426f-aaf4-76dcd3e28e61,glm-5.1,True,15,False,,False,False,Terminal & Coding,Terminal Tasks,lambda/hermes-agent-reasoning-traces:glm-5.1:train:157,ok,
hermes:glm-5.1:5ea001d9-7b7a-4fc0-9e3f-50cb74178ce0,5ea001d9-7b7a-4fc0-9e3f-50cb74178ce0,glm-5.1,True,10,False,,False,False,Terminal & Coding,Terminal Tasks,lambda/hermes-agent-reasoning-traces:glm-5.1:train:989,ok,
hermes:glm-5.1:5ebc060e-7a2a-435d-8fa3-744a42783921,5ebc060e-7a2a-435d-8fa3-744a42783921,glm-5.1,True,17,False,,False,False,Terminal & Coding,Terminal Tasks,lambda/hermes-agent-reasoning-traces:glm-5.1:train:983,ok,
hermes:glm-5.1:5ece7787-742b-4310-83a4-e8d3bd455737,5ece7787-742b-4310-83a4-e8d3bd455737,glm-5.1,True,15,False,,False,False,Planning & Organization,Planning Tasks,lambda/hermes-agent-reasoning-traces:glm-5.1:train:2327,ok,
hermes:glm-5.1:5ed3821e-44d7-4899-a1a4-3849d4242c0a,5ed3821e-44d7-4899-a1a4-3849d4242c0a,glm-5.1,True,12,False,,False,False,Terminal & Coding,Terminal Tasks,lambda/hermes-agent-reasoning-traces:glm-5.1:train:711,ok,
hermes:glm-5.1:5ee6103c-8f23-41f8-a63c-9df2301b9e4e,5ee6103c-8f23-41f8-a63c-9df2301b9e4e,glm-5.1,True,12,False,,False,False,Terminal & Coding,Terminal Tasks,lambda/hermes-agent-reasoning-traces:glm-5.1:train:416,ok,
hermes:glm-5.1:5eeaf503-821a-43aa-be92-6e678f64f04d,5eeaf503-821a-43aa-be92-6e678f64f04d,glm-5.1,True,13,False,,False,False,Terminal & Coding,Terminal Tasks,lambda/hermes-agent-reasoning-traces:glm-5.1:train:106,ok,
hermes:glm-5.1:5f2ea373-7e79-4394-8695-d58736ce5013,5f2ea373-7e79-4394-8695-d58736ce5013,glm-5.1,True,20,False,,False,False,Browser Automation,Browser Tasks,lambda/hermes-agent-reasoning-traces:glm-5.1:train:2979,ok,
hermes:glm-5.1:5f3ef388-6c69-4a1e-90af-320c0dbc32f0,5f3ef388-6c69-4a1e-90af-320c0dbc32f0,glm-5.1,True,10,False,,False,False,Terminal & Coding,Terminal Tasks,lambda/hermes-agent-reasoning-traces:glm-5.1:train:523,ok,
hermes:glm-5.1:5f4fd48e-a60b-4d5e-933b-f2904d1f9991,5f4fd48e-a60b-4d5e-933b-f2904d1f9991,glm-5.1,True,12,False,,False,False,Terminal & Coding,Terminal Tasks,lambda/hermes-agent-reasoning-traces:glm-5.1:train:1000,ok,
hermes:glm-5.1:5f693e1f-8906-44f3-891a-19eb5b4eb16c,5f693e1f-8906-44f3-891a-19eb5b4eb16c,glm-5.1,True,14,False,,False,False,Terminal & Coding,Terminal Tasks,lambda/hermes-agent-reasoning-traces:glm-5.1:train:1573,ok,
hermes:glm-5.1:5f74f855-2d05-4fb7-bb48-5ca4161e59a2,5f74f855-2d05-4fb7-bb48-5ca4161e59a2,glm-5.1,True,10,False,,False,False,Terminal & Coding,Terminal Tasks,lambda/hermes-agent-reasoning-traces:glm-5.1:train:1996,ok,
hermes:glm-5.1:5f7bce32-8441-44e7-b86f-c548f6e9aa27,5f7bce32-8441-44e7-b86f-c548f6e9aa27,glm-5.1,True,12,False,,False,False,Terminal & Coding,Terminal Tasks,lambda/hermes-agent-reasoning-traces:glm-5.1:train:2468,ok,
hermes:glm-5.1:5f945412-fa6d-40da-af30-c88fc5673a1f,5f945412-fa6d-40da-af30-c88fc5673a1f,glm-5.1,True,13,False,,False,False,Terminal & Coding,Terminal Tasks,lambda/hermes-agent-reasoning-traces:glm-5.1:train:1245,ok,
hermes:glm-5.1:5fc2db1c-bdf9-4741-aefb-8ba1290a39dc,5fc2db1c-bdf9-4741-aefb-8ba1290a39dc,glm-5.1,True,12,False,,False,False,Terminal & Coding,Terminal Tasks,lambda/hermes-agent-reasoning-traces:glm-5.1:train:30,ok,
hermes:glm-5.1:5fdc6bf2-4e72-4b91-9b5e-1bff0011a2fa,5fdc6bf2-4e72-4b91-9b5e-1bff0011a2fa,glm-5.1,True,12,False,,False,False,Terminal & Coding,Terminal Tasks,lambda/hermes-agent-reasoning-traces:glm-5.1:train:2353,ok,
hermes:glm-5.1:5fe10de8-8e9e-4ffd-9567-53f5673360c2,5fe10de8-8e9e-4ffd-9567-53f5673360c2,glm-5.1,True,12,False,,False,False,Terminal & Coding,Terminal Tasks,lambda/hermes-agent-reasoning-traces:glm-5.1:train:2053,ok,
hermes:glm-5.1:6006c879-2591-45c0-8416-eef135d858f6,6006c879-2591-45c0-8416-eef135d858f6,glm-5.1,True,13,False,,False,False,Terminal & Coding,Terminal Tasks,lambda/hermes-agent-reasoning-traces:glm-5.1:train:1645,ok,
hermes:glm-5.1:6035e19e-b272-4ea3-9602-63987d6a4527,6035e19e-b272-4ea3-9602-63987d6a4527,glm-5.1,True,25,False,,False,False,Browser Automation,Browser Tasks,lambda/hermes-agent-reasoning-traces:glm-5.1:train:2676,ok,
hermes:glm-5.1:60472ecf-25a6-4f15-a11e-82101405fc42,60472ecf-25a6-4f15-a11e-82101405fc42,glm-5.1,True,17,False,,False,False,Terminal & Coding,Terminal Tasks,lambda/hermes-agent-reasoning-traces:glm-5.1:train:1183,ok,
hermes:glm-5.1:6059719a-f6f7-4576-981b-54cd6eb5a6e6,6059719a-f6f7-4576-981b-54cd6eb5a6e6,glm-5.1,True,21,False,,False,False,Browser Automation,Browser Tasks,lambda/hermes-agent-reasoning-traces:glm-5.1:train:2748,ok,
hermes:glm-5.1:60677bfa-29af-4e05-aecc-c4155dd01abf,60677bfa-29af-4e05-aecc-c4155dd01abf,glm-5.1,True,12,False,,False,False,Terminal & Coding,Terminal Tasks,lambda/hermes-agent-reasoning-traces:glm-5.1:train:111,ok,
hermes:glm-5.1:609c42c0-a329-4e67-9f49-5653eeb1f31c,609c42c0-a329-4e67-9f49-5653eeb1f31c,glm-5.1,True,17,False,,False,False,Terminal & Coding,Terminal Tasks,lambda/hermes-agent-reasoning-traces:glm-5.1:train:2158,ok,
hermes:glm-5.1:60a25952-c581-4bae-98e2-1d314565ae34,60a25952-c581-4bae-98e2-1d314565ae34,glm-5.1,True,18,False,,False,False,Terminal & Coding,Terminal Tasks,lambda/hermes-agent-reasoning-traces:glm-5.1:train:616,ok,
hermes:glm-5.1:60bfc986-ba44-4813-9184-24d4afc120ae,60bfc986-ba44-4813-9184-24d4afc120ae,glm-5.1,True,20,False,,False,False,Terminal & Coding,Terminal Tasks,lambda/hermes-agent-reasoning-traces:glm-5.1:train:499,ok,
hermes:glm-5.1:60ec8719-ea4e-4872-b86a-23b32251e1f2,60ec8719-ea4e-4872-b86a-23b32251e1f2,glm-5.1,True,22,False,,False,False,Terminal & Coding,Terminal Tasks,lambda/hermes-agent-reasoning-traces:glm-5.1:train:292,ok,
hermes:glm-5.1:610f0eb6-f509-4778-8633-56c8825e4998,610f0eb6-f509-4778-8633-56c8825e4998,glm-5.1,True,16,False,,False,False,Terminal & Coding,Terminal Tasks,lambda/hermes-agent-reasoning-traces:glm-5.1:train:253,ok,
hermes:glm-5.1:611b05be-c647-4f80-aacf-fff1cd9ad03a,611b05be-c647-4f80-aacf-fff1cd9ad03a,glm-5.1,True,14,False,,False,False,Terminal & Coding,Terminal Tasks,lambda/hermes-agent-reasoning-traces:glm-5.1:train:1134,ok,
hermes:glm-5.1:612aed6e-086f-4762-8dbb-195438801b7a,612aed6e-086f-4762-8dbb-195438801b7a,glm-5.1,True,14,False,,False,False,Terminal & Coding,Terminal Tasks,lambda/hermes-agent-reasoning-traces:glm-5.1:train:2442,ok,
hermes:glm-5.1:6140151a-8903-4763-82b9-d429d8db6674,6140151a-8903-4763-82b9-d429d8db6674,glm-5.1,True,31,False,,False,False,Terminal & Coding,Terminal Tasks,lambda/hermes-agent-reasoning-traces:glm-5.1:train:1438,ok,
hermes:glm-5.1:615728ce-ee2e-417e-acc0-1f04145a63d7,615728ce-ee2e-417e-acc0-1f04145a63d7,glm-5.1,True,10,False,,False,False,Multi-Tool,Multi-Tool Tasks,lambda/hermes-agent-reasoning-traces:glm-5.1:train:1192,ok,
hermes:glm-5.1:615aaa5a-6ccf-41ea-bff6-801eba0cbdd5,615aaa5a-6ccf-41ea-bff6-801eba0cbdd5,glm-5.1,True,23,False,,False,False,Terminal & Coding,Terminal Tasks,lambda/hermes-agent-reasoning-traces:glm-5.1:train:690,ok,
hermes:glm-5.1:615c029a-3d98-476a-85d5-d9f0bdaa607b,615c029a-3d98-476a-85d5-d9f0bdaa607b,glm-5.1,True,29,False,,False,False,Browser Automation,Browser Tasks,lambda/hermes-agent-reasoning-traces:glm-5.1:train:2785,ok,
hermes:glm-5.1:6162de0b-8ec7-46e1-adec-b65ad0035dde,6162de0b-8ec7-46e1-adec-b65ad0035dde,glm-5.1,True,14,False,,False,False,Terminal & Coding,Terminal Tasks,lambda/hermes-agent-reasoning-traces:glm-5.1:train:1840,ok,
hermes:glm-5.1:6167661e-e012-424b-a07a-2b21cbb4fd96,6167661e-e012-424b-a07a-2b21cbb4fd96,glm-5.1,True,33,False,,False,False,Terminal & Coding,Terminal Tasks,lambda/hermes-agent-reasoning-traces:glm-5.1:train:400,ok,
hermes:glm-5.1:61771059-0668-45c7-9c1e-c71003200553,61771059-0668-45c7-9c1e-c71003200553,glm-5.1,True,16,False,,False,False,Terminal & Coding,Terminal Tasks,lambda/hermes-agent-reasoning-traces:glm-5.1:train:1742,ok,
hermes:glm-5.1:6185e9e2-1c3e-4ca8-bc9d-95951b7adc21,6185e9e2-1c3e-4ca8-bc9d-95951b7adc21,glm-5.1,True,18,False,,False,False,Terminal & Coding,Terminal Tasks,lambda/hermes-agent-reasoning-traces:glm-5.1:train:506,ok,
hermes:glm-5.1:61a31274-9055-46e6-96ad-bad44a8b1bd7,61a31274-9055-46e6-96ad-bad44a8b1bd7,glm-5.1,True,12,False,,False,False,Multi-Tool,Multi-Tool Tasks,lambda/hermes-agent-reasoning-traces:glm-5.1:train:1291,ok,
hermes:glm-5.1:61ba6001-546d-4632-9046-00d1b782937a,61ba6001-546d-4632-9046-00d1b782937a,glm-5.1,True,27,False,,False,False,Terminal & Coding,Terminal Tasks,lambda/hermes-agent-reasoning-traces:glm-5.1:train:273,ok,
hermes:glm-5.1:61c67222-888b-42ff-8edd-b36375a65a6f,61c67222-888b-42ff-8edd-b36375a65a6f,glm-5.1,True,33,False,,False,False,Terminal & Coding,Terminal Tasks,lambda/hermes-agent-reasoning-traces:glm-5.1:train:2085,ok,
hermes:glm-5.1:61d292ef-43d2-4f37-8322-c7003531376b,61d292ef-43d2-4f37-8322-c7003531376b,glm-5.1,True,12,False,,False,False,Terminal & Coding,Terminal Tasks,lambda/hermes-agent-reasoning-traces:glm-5.1:train:2071,ok,
hermes:glm-5.1:61f39a18-e29b-425a-8f11-cda7059eb18f,61f39a18-e29b-425a-8f11-cda7059eb18f,glm-5.1,True,15,False,,False,False,Scheduling,Cron Jobs,lambda/hermes-agent-reasoning-traces:glm-5.1:train:167,ok,
hermes:glm-5.1:623f2434-3178-4457-b874-bcadec23e97a,623f2434-3178-4457-b874-bcadec23e97a,glm-5.1,True,13,False,,False,False,Terminal & Coding,Terminal Tasks,lambda/hermes-agent-reasoning-traces:glm-5.1:train:2211,ok,
hermes:glm-5.1:623fff3f-ff47-4cbb-a9a7-54b032a8123b,623fff3f-ff47-4cbb-a9a7-54b032a8123b,glm-5.1,True,12,False,,False,False,File Operations,File Tasks,lambda/hermes-agent-reasoning-traces:glm-5.1:train:1672,ok,
hermes:glm-5.1:62562609-297b-4c81-9df9-f34758ea827e,62562609-297b-4c81-9df9-f34758ea827e,glm-5.1,True,14,False,,False,False,Terminal & Coding,Terminal Tasks,lambda/hermes-agent-reasoning-traces:glm-5.1:train:1196,ok,
hermes:glm-5.1:62831e80-44b9-4d05-9936-2124cb62d921,62831e80-44b9-4d05-9936-2124cb62d921,glm-5.1,True,15,False,,False,False,Terminal & Coding,Terminal Tasks,lambda/hermes-agent-reasoning-traces:glm-5.1:train:1702,ok,
hermes:glm-5.1:6294f12a-3513-4952-8084-e84d2445b139,6294f12a-3513-4952-8084-e84d2445b139,glm-5.1,True,16,False,,False,False,Terminal & Coding,Terminal Tasks,lambda/hermes-agent-reasoning-traces:glm-5.1:train:1895,ok,
hermes:glm-5.1:62b9d4e7-6aa4-4630-8ad4-d107c11913ab,62b9d4e7-6aa4-4630-8ad4-d107c11913ab,glm-5.1,True,19,False,,False,False,Terminal & Coding,Terminal Tasks,lambda/hermes-agent-reasoning-traces:glm-5.1:train:1420,ok,
hermes:glm-5.1:62bc352a-b515-48cc-9b5d-09c7d493746b,62bc352a-b515-48cc-9b5d-09c7d493746b,glm-5.1,True,14,False,,False,False,Terminal & Coding,Terminal Tasks,lambda/hermes-agent-reasoning-traces:glm-5.1:train:350,ok,
hermes:glm-5.1:62eeb626-952a-430d-a5a6-206a89c31bd4,62eeb626-952a-430d-a5a6-206a89c31bd4,glm-5.1,True,10,False,,False,False,Terminal & Coding,Terminal Tasks,lambda/hermes-agent-reasoning-traces:glm-5.1:train:964,ok,
hermes:glm-5.1:62f23735-b9c5-4fa5-a787-dd6d0ed79ac0,62f23735-b9c5-4fa5-a787-dd6d0ed79ac0,glm-5.1,True,14,False,,False,False,Terminal & Coding,Terminal Tasks,lambda/hermes-agent-reasoning-traces:glm-5.1:train:552,ok,
hermes:glm-5.1:632a97dc-b43b-42cf-9d41-1512cf2c6b35,632a97dc-b43b-42cf-9d41-1512cf2c6b35,glm-5.1,True,25,False,,False,False,Terminal & Coding,Terminal Tasks,lambda/hermes-agent-reasoning-traces:glm-5.1:train:2049,ok,
hermes:glm-5.1:633841f7-0c29-46bd-b70d-001290dddad0,633841f7-0c29-46bd-b70d-001290dddad0,glm-5.1,True,17,False,,False,False,Terminal & Coding,Terminal Tasks,lambda/hermes-agent-reasoning-traces:glm-5.1:train:1507,ok,
hermes:glm-5.1:634dd904-de93-4c37-8e6b-976c65c5502c,634dd904-de93-4c37-8e6b-976c65c5502c,glm-5.1,True,11,False,,False,False,Browser Automation,Browser Tasks,lambda/hermes-agent-reasoning-traces:glm-5.1:train:2669,ok,
hermes:glm-5.1:63a6b894-38a6-4ba6-a2f0-c95a4edbd68b,63a6b894-38a6-4ba6-a2f0-c95a4edbd68b,glm-5.1,True,12,False,,False,False,Terminal & Coding,Terminal Tasks,lambda/hermes-agent-reasoning-traces:glm-5.1:train:715,ok,
hermes:glm-5.1:63e018d1-faa6-4bbb-bd71-de611462d6d3,63e018d1-faa6-4bbb-bd71-de611462d6d3,glm-5.1,True,12,False,,False,False,Terminal & Coding,Terminal Tasks,lambda/hermes-agent-reasoning-traces:glm-5.1:train:1752,ok,
hermes:glm-5.1:6412163e-9a63-4535-9ad2-83d92ad2f1c5,6412163e-9a63-4535-9ad2-83d92ad2f1c5,glm-5.1,True,17,False,,False,False,Terminal & Coding,Terminal Tasks,lambda/hermes-agent-reasoning-traces:glm-5.1:train:1247,ok,
hermes:glm-5.1:64219d92-cca1-4b1d-a6b8-c4e8c10e9b5d,64219d92-cca1-4b1d-a6b8-c4e8c10e9b5d,glm-5.1,True,16,False,,False,False,Terminal & Coding,Terminal Tasks,lambda/hermes-agent-reasoning-traces:glm-5.1:train:1038,ok,
hermes:glm-5.1:643c3e54-e500-410a-99e6-d3b9ba706a52,643c3e54-e500-410a-99e6-d3b9ba706a52,glm-5.1,True,17,False,,False,False,Multi-Tool,Multi-Tool Tasks,lambda/hermes-agent-reasoning-traces:glm-5.1:train:1559,ok,
hermes:glm-5.1:643c8dd7-486f-4529-b336-5fc3b703d560,643c8dd7-486f-4529-b336-5fc3b703d560,glm-5.1,True,16,False,,False,False,Terminal & Coding,Terminal Tasks,lambda/hermes-agent-reasoning-traces:glm-5.1:train:264,ok,
hermes:glm-5.1:646658e7-9e74-4656-81a8-e14633aac636,646658e7-9e74-4656-81a8-e14633aac636,glm-5.1,True,10,False,,False,False,Terminal & Coding,Terminal Tasks,lambda/hermes-agent-reasoning-traces:glm-5.1:train:2050,ok,
hermes:glm-5.1:646a4a10-800b-4242-9b05-6501133c41f5,646a4a10-800b-4242-9b05-6501133c41f5,glm-5.1,True,17,False,,False,False,Terminal & Coding,Terminal Tasks,lambda/hermes-agent-reasoning-traces:glm-5.1:train:2348,ok,
hermes:glm-5.1:6476ff6b-0827-4a99-8318-8edd8b64ae8b,6476ff6b-0827-4a99-8318-8edd8b64ae8b,glm-5.1,True,31,False,,False,False,Terminal & Coding,Terminal Tasks,lambda/hermes-agent-reasoning-traces:glm-5.1:train:635,ok,
hermes:glm-5.1:64a0dcdc-e9a5-4bd2-9b01-bac706a9c468,64a0dcdc-e9a5-4bd2-9b01-bac706a9c468,glm-5.1,True,10,False,,False,False,Terminal & Coding,Terminal Tasks,lambda/hermes-agent-reasoning-traces:glm-5.1:train:2326,ok,
hermes:glm-5.1:64a9cb33-25fb-4316-8912-79fc15c8b62d,64a9cb33-25fb-4316-8912-79fc15c8b62d,glm-5.1,True,14,False,,False,False,Planning & Organization,Planning Tasks,lambda/hermes-agent-reasoning-traces:glm-5.1:train:2128,ok,
hermes:glm-5.1:64b6e392-d1fd-4d52-985d-4dc64b74056d,64b6e392-d1fd-4d52-985d-4dc64b74056d,glm-5.1,True,13,False,,False,False,Terminal & Coding,Terminal Tasks,lambda/hermes-agent-reasoning-traces:glm-5.1:train:827,ok,
hermes:glm-5.1:64cf27c4-4244-4e36-9357-a34dd7d0b13d,64cf27c4-4244-4e36-9357-a34dd7d0b13d,glm-5.1,True,17,False,,False,False,Terminal & Coding,Terminal Tasks,lambda/hermes-agent-reasoning-traces:glm-5.1:train:1627,ok,
hermes:glm-5.1:64e5d434-aac8-45df-af09-9644b833687c,64e5d434-aac8-45df-af09-9644b833687c,glm-5.1,True,12,False,,False,False,Terminal & Coding,Terminal Tasks,lambda/hermes-agent-reasoning-traces:glm-5.1:train:2342,ok,
hermes:glm-5.1:6506f941-46eb-44b7-9458-c355ff78dfdb,6506f941-46eb-44b7-9458-c355ff78dfdb,glm-5.1,True,10,False,,False,False,Terminal & Coding,Terminal Tasks,lambda/hermes-agent-reasoning-traces:glm-5.1:train:2062,ok,
hermes:glm-5.1:6518d107-262a-46bd-940b-74dc816f5e8e,6518d107-262a-46bd-940b-74dc816f5e8e,glm-5.1,True,29,False,,False,False,Terminal & Coding,Terminal Tasks,lambda/hermes-agent-reasoning-traces:glm-5.1:train:1658,ok,
hermes:glm-5.1:6571e0ce-0a1f-4340-aabc-3f5ad143f4b1,6571e0ce-0a1f-4340-aabc-3f5ad143f4b1,glm-5.1,True,13,False,,False,False,Terminal & Coding,Terminal Tasks,lambda/hermes-agent-reasoning-traces:glm-5.1:train:2473,ok,
hermes:glm-5.1:659701ce-b148-42ec-a1b2-0bb9e6f0161d,659701ce-b148-42ec-a1b2-0bb9e6f0161d,glm-5.1,True,14,False,,False,False,Terminal & Coding,Terminal Tasks,lambda/hermes-agent-reasoning-traces:glm-5.1:train:224,ok,
hermes:glm-5.1:65a829fb-2b5e-4997-a47d-00b661cee103,65a829fb-2b5e-4997-a47d-00b661cee103,glm-5.1,True,19,False,,False,False,Browser Automation,Browser Tasks,lambda/hermes-agent-reasoning-traces:glm-5.1:train:2956,ok,
hermes:glm-5.1:65bf2d94-0100-48f7-9893-ba270cf87f22,65bf2d94-0100-48f7-9893-ba270cf87f22,glm-5.1,True,27,False,,False,False,Terminal & Coding,Terminal Tasks,lambda/hermes-agent-reasoning-traces:glm-5.1:train:1696,ok,
hermes:glm-5.1:65d45cf3-ff1e-4747-b22f-f28e9b1eb48e,65d45cf3-ff1e-4747-b22f-f28e9b1eb48e,glm-5.1,True,10,False,,False,False,Terminal & Coding,Terminal Tasks,lambda/hermes-agent-reasoning-traces:glm-5.1:train:1872,ok,
hermes:glm-5.1:65dc492a-5082-418a-bded-a59db06aba79,65dc492a-5082-418a-bded-a59db06aba79,glm-5.1,True,31,False,,False,False,Browser Automation,Browser Tasks,lambda/hermes-agent-reasoning-traces:glm-5.1:train:2557,ok,
hermes:glm-5.1:65dcd40e-112e-4e89-aab4-1a45a5463837,65dcd40e-112e-4e89-aab4-1a45a5463837,glm-5.1,True,19,False,,False,False,Terminal & Coding,Terminal Tasks,lambda/hermes-agent-reasoning-traces:glm-5.1:train:1644,ok,
hermes:glm-5.1:65f1e20b-57d4-442f-8b1b-8f59c75c6565,65f1e20b-57d4-442f-8b1b-8f59c75c6565,glm-5.1,True,12,False,,False,False,Multi-Tool,Multi-Tool Tasks,lambda/hermes-agent-reasoning-traces:glm-5.1:train:1073,ok,
hermes:glm-5.1:662b2a73-08f7-458e-9b22-f64b16a87300,662b2a73-08f7-458e-9b22-f64b16a87300,glm-5.1,True,16,False,,False,False,Terminal & Coding,Terminal Tasks,lambda/hermes-agent-reasoning-traces:glm-5.1:train:662,ok,
hermes:glm-5.1:6633dbce-58f8-428d-9f94-7438f6602304,6633dbce-58f8-428d-9f94-7438f6602304,glm-5.1,True,10,False,,False,False,Terminal & Coding,Terminal Tasks,lambda/hermes-agent-reasoning-traces:glm-5.1:train:149,ok,
hermes:glm-5.1:6641e310-6062-47fc-acc2-89c7d66829f9,6641e310-6062-47fc-acc2-89c7d66829f9,glm-5.1,True,16,False,,False,False,Terminal & Coding,Terminal Tasks,lambda/hermes-agent-reasoning-traces:glm-5.1:train:3,ok,
hermes:glm-5.1:6642b01e-a41f-4380-bc58-a468d9455422,6642b01e-a41f-4380-bc58-a468d9455422,glm-5.1,True,14,False,,False,False,Multi-Tool,Multi-Tool Tasks,lambda/hermes-agent-reasoning-traces:glm-5.1:train:1633,ok,
hermes:glm-5.1:664e9510-0542-4846-ba19-a58491447899,664e9510-0542-4846-ba19-a58491447899,glm-5.1,True,16,False,,False,False,Scheduling,Cron Jobs,lambda/hermes-agent-reasoning-traces:glm-5.1:train:801,ok,
hermes:glm-5.1:6683f361-d5b2-417b-b218-3220ae70b664,6683f361-d5b2-417b-b218-3220ae70b664,glm-5.1,True,15,False,,False,False,Terminal & Coding,Terminal Tasks,lambda/hermes-agent-reasoning-traces:glm-5.1:train:315,ok,
hermes:glm-5.1:668bfc47-4635-4881-bff9-2292d37a46f7,668bfc47-4635-4881-bff9-2292d37a46f7,glm-5.1,True,18,False,,False,False,Terminal & Coding,Terminal Tasks,lambda/hermes-agent-reasoning-traces:glm-5.1:train:1556,ok,
hermes:glm-5.1:6690664d-06f0-46a5-bd86-05510798d1b7,6690664d-06f0-46a5-bd86-05510798d1b7,glm-5.1,True,16,False,,False,False,Terminal & Coding,Terminal Tasks,lambda/hermes-agent-reasoning-traces:glm-5.1:train:1100,ok,
hermes:glm-5.1:66987c3e-de18-4e5e-9b30-19296ad7de59,66987c3e-de18-4e5e-9b30-19296ad7de59,glm-5.1,True,10,False,,False,False,Terminal & Coding,Terminal Tasks,lambda/hermes-agent-reasoning-traces:glm-5.1:train:2089,ok,
hermes:glm-5.1:66a5b2ab-d0c2-4bbd-b092-aa9ed1e6995b,66a5b2ab-d0c2-4bbd-b092-aa9ed1e6995b,glm-5.1,True,11,False,,False,False,Terminal & Coding,Terminal Tasks,lambda/hermes-agent-reasoning-traces:glm-5.1:train:8,ok,
hermes:glm-5.1:66ac01ed-f935-40ab-a98e-f943a10eaccc,66ac01ed-f935-40ab-a98e-f943a10eaccc,glm-5.1,True,12,False,,False,False,Multi-Tool,Multi-Tool Tasks,lambda/hermes-agent-reasoning-traces:glm-5.1:train:1944,ok,
hermes:glm-5.1:66ca4a27-e71b-4ea3-9b81-506abaa8a290,66ca4a27-e71b-4ea3-9b81-506abaa8a290,glm-5.1,True,16,False,,False,False,Terminal & Coding,Terminal Tasks,lambda/hermes-agent-reasoning-traces:glm-5.1:train:1999,ok,
hermes:glm-5.1:66f606cd-e05b-49d4-bd1a-07d152ca1ed2,66f606cd-e05b-49d4-bd1a-07d152ca1ed2,glm-5.1,True,9,False,,False,False,Terminal & Coding,Terminal Tasks,lambda/hermes-agent-reasoning-traces:glm-5.1:train:1459,ok,
hermes:glm-5.1:670faae4-348d-4dff-a004-555e5d639ccb,670faae4-348d-4dff-a004-555e5d639ccb,glm-5.1,True,10,False,,False,False,Terminal & Coding,Terminal Tasks,lambda/hermes-agent-reasoning-traces:glm-5.1:train:38,ok,
hermes:glm-5.1:6718df4e-a618-4ae2-a1dc-9db99b3f38dc,6718df4e-a618-4ae2-a1dc-9db99b3f38dc,glm-5.1,True,27,False,,False,False,Browser Automation,Browser Tasks,lambda/hermes-agent-reasoning-traces:glm-5.1:train:2760,ok,
hermes:glm-5.1:67334d5f-dcbd-4fc4-95dc-2dfc0fbe9c8d,67334d5f-dcbd-4fc4-95dc-2dfc0fbe9c8d,glm-5.1,True,18,False,,False,False,Terminal & Coding,Terminal Tasks,lambda/hermes-agent-reasoning-traces:glm-5.1:train:509,ok,
hermes:glm-5.1:673ab4c6-06fd-4b4a-9515-34fd4d42c169,673ab4c6-06fd-4b4a-9515-34fd4d42c169,glm-5.1,True,22,False,,False,False,File Operations,File Tasks,lambda/hermes-agent-reasoning-traces:glm-5.1:train:1870,ok,
hermes:glm-5.1:6749b427-894e-44ff-a167-aba4dec000a3,6749b427-894e-44ff-a167-aba4dec000a3,glm-5.1,True,9,False,,False,False,Terminal & Coding,Terminal Tasks,lambda/hermes-agent-reasoning-traces:glm-5.1:train:701,ok,
hermes:glm-5.1:67567c38-8824-4825-abc8-e6bb5d82dde6,67567c38-8824-4825-abc8-e6bb5d82dde6,glm-5.1,True,23,False,,False,False,Terminal & Coding,Terminal Tasks,lambda/hermes-agent-reasoning-traces:glm-5.1:train:1441,ok,
hermes:glm-5.1:676b69cf-4c9c-4b3e-b14d-ea2b4ce86e36,676b69cf-4c9c-4b3e-b14d-ea2b4ce86e36,glm-5.1,True,16,False,,False,False,Terminal & Coding,Terminal Tasks,lambda/hermes-agent-reasoning-traces:glm-5.1:train:628,ok,
hermes:glm-5.1:6780a8f4-3e82-4e85-8b21-493d9a56e03f,6780a8f4-3e82-4e85-8b21-493d9a56e03f,glm-5.1,True,18,False,,False,False,File Operations,File Tasks,lambda/hermes-agent-reasoning-traces:glm-5.1:train:1398,ok,
hermes:glm-5.1:67b9ec42-873a-44cd-a9e6-4c948d58e2ea,67b9ec42-873a-44cd-a9e6-4c948d58e2ea,glm-5.1,True,29,False,,False,False,Terminal & Coding,Terminal Tasks,lambda/hermes-agent-reasoning-traces:glm-5.1:train:428,ok,
hermes:glm-5.1:67d06573-9224-478e-98cf-c3a14c7b2dab,67d06573-9224-478e-98cf-c3a14c7b2dab,glm-5.1,True,10,False,,False,False,Terminal & Coding,Terminal Tasks,lambda/hermes-agent-reasoning-traces:glm-5.1:train:1117,ok,
hermes:glm-5.1:67d885bc-242a-4363-944b-b05a80439e4f,67d885bc-242a-4363-944b-b05a80439e4f,glm-5.1,True,18,False,,False,False,Terminal & Coding,Terminal Tasks,lambda/hermes-agent-reasoning-traces:glm-5.1:train:1265,ok,
hermes:glm-5.1:67e90a06-7bdd-4cf9-9c4c-505b468531fe,67e90a06-7bdd-4cf9-9c4c-505b468531fe,glm-5.1,True,13,False,,False,False,Terminal & Coding,Terminal Tasks,lambda/hermes-agent-reasoning-traces:glm-5.1:train:903,ok,
hermes:glm-5.1:67eb4bf4-45f9-4c95-8614-7d6df7f668de,67eb4bf4-45f9-4c95-8614-7d6df7f668de,glm-5.1,True,25,False,,False,False,Browser Automation,Browser Tasks,lambda/hermes-agent-reasoning-traces:glm-5.1:train:2605,ok,
hermes:glm-5.1:68207ba7-1f37-40c0-b212-29a6b9998a0b,68207ba7-1f37-40c0-b212-29a6b9998a0b,glm-5.1,True,17,False,,False,False,Terminal & Coding,Terminal Tasks,lambda/hermes-agent-reasoning-traces:glm-5.1:train:1782,ok,
hermes:glm-5.1:683566f7-b540-46eb-bcaa-21078bf328fb,683566f7-b540-46eb-bcaa-21078bf328fb,glm-5.1,True,22,False,,False,False,Browser Automation,Browser Tasks,lambda/hermes-agent-reasoning-traces:glm-5.1:train:2767,ok,
hermes:glm-5.1:684a3c0c-f14f-42c0-b5ea-ffdb67b3ea25,684a3c0c-f14f-42c0-b5ea-ffdb67b3ea25,glm-5.1,True,14,False,,False,False,Terminal & Coding,Terminal Tasks,lambda/hermes-agent-reasoning-traces:glm-5.1:train:489,ok,
hermes:glm-5.1:6861aba8-32d9-49d0-8698-4ff17b455dcb,6861aba8-32d9-49d0-8698-4ff17b455dcb,glm-5.1,True,14,False,,False,False,Terminal & Coding,Terminal Tasks,lambda/hermes-agent-reasoning-traces:glm-5.1:train:446,ok,
hermes:glm-5.1:686774ce-f95f-4f01-a7ce-708e086572ea,686774ce-f95f-4f01-a7ce-708e086572ea,glm-5.1,True,31,False,,False,False,Terminal & Coding,Terminal Tasks,lambda/hermes-agent-reasoning-traces:glm-5.1:train:752,ok,
hermes:glm-5.1:6868438e-5b2c-4d9a-a499-e195e104edae,6868438e-5b2c-4d9a-a499-e195e104edae,glm-5.1,True,13,False,,False,False,Terminal & Coding,Terminal Tasks,lambda/hermes-agent-reasoning-traces:glm-5.1:train:500,ok,
hermes:glm-5.1:6875a3a0-e52f-429b-b04f-57f3a221765f,6875a3a0-e52f-429b-b04f-57f3a221765f,glm-5.1,True,24,False,,False,False,Browser Automation,Browser Tasks,lambda/hermes-agent-reasoning-traces:glm-5.1:train:2957,ok,
hermes:glm-5.1:6875e658-853a-48d3-877d-9aa140b1949f,6875e658-853a-48d3-877d-9aa140b1949f,glm-5.1,True,14,False,,False,False,Terminal & Coding,Terminal Tasks,lambda/hermes-agent-reasoning-traces:glm-5.1:train:535,ok,
hermes:glm-5.1:6889acc4-4968-479b-b4d6-05fe7b88ff3f,6889acc4-4968-479b-b4d6-05fe7b88ff3f,glm-5.1,True,12,False,,False,False,Terminal & Coding,Terminal Tasks,lambda/hermes-agent-reasoning-traces:glm-5.1:train:1853,ok,
hermes:glm-5.1:688d9211-792f-4eaf-aa05-ec12bd84fdb5,688d9211-792f-4eaf-aa05-ec12bd84fdb5,glm-5.1,True,18,False,,False,False,Browser Automation,Browser Tasks,lambda/hermes-agent-reasoning-traces:glm-5.1:train:2925,ok,
hermes:glm-5.1:6894f995-e605-4700-9bdf-1f6facafad72,6894f995-e605-4700-9bdf-1f6facafad72,glm-5.1,True,12,False,,False,False,Terminal & Coding,Terminal Tasks,lambda/hermes-agent-reasoning-traces:glm-5.1:train:2102,ok,
hermes:glm-5.1:6895da32-923f-49ac-a10a-00aa79062f39,6895da32-923f-49ac-a10a-00aa79062f39,glm-5.1,True,21,False,,False,False,Terminal & Coding,Terminal Tasks,lambda/hermes-agent-reasoning-traces:glm-5.1:train:2179,ok,
hermes:glm-5.1:68bde2f8-92b7-4f22-80a0-e563e00ecbbe,68bde2f8-92b7-4f22-80a0-e563e00ecbbe,glm-5.1,True,11,False,,False,False,Terminal & Coding,Terminal Tasks,lambda/hermes-agent-reasoning-traces:glm-5.1:train:1113,ok,
hermes:glm-5.1:68cee2f9-361e-470f-a19d-7ef5573d7ab9,68cee2f9-361e-470f-a19d-7ef5573d7ab9,glm-5.1,True,12,False,,False,False,Terminal & Coding,Terminal Tasks,lambda/hermes-agent-reasoning-traces:glm-5.1:train:1748,ok,
hermes:glm-5.1:68d8a758-30f7-4ddf-a7a2-ee706a8d1ae6,68d8a758-30f7-4ddf-a7a2-ee706a8d1ae6,glm-5.1,True,21,False,,False,False,Terminal & Coding,Terminal Tasks,lambda/hermes-agent-reasoning-traces:glm-5.1:train:2320,ok,
hermes:glm-5.1:691da460-71d4-433c-abbc-b43866ccb7ba,691da460-71d4-433c-abbc-b43866ccb7ba,glm-5.1,True,19,False,,False,False,Browser Automation,Browser Tasks,lambda/hermes-agent-reasoning-traces:glm-5.1:train:2935,ok,
hermes:glm-5.1:69307e73-0654-4dcb-b035-44101c534a05,69307e73-0654-4dcb-b035-44101c534a05,glm-5.1,True,12,False,,False,False,Terminal & Coding,Terminal Tasks,lambda/hermes-agent-reasoning-traces:glm-5.1:train:1951,ok,
hermes:glm-5.1:694aa630-f059-4ae9-b911-be650a21fae4,694aa630-f059-4ae9-b911-be650a21fae4,glm-5.1,True,16,False,,False,False,Scheduling,Cron Jobs,lambda/hermes-agent-reasoning-traces:glm-5.1:train:2403,ok,
hermes:glm-5.1:694d4807-1157-484f-ae40-aeb2fa7d6004,694d4807-1157-484f-ae40-aeb2fa7d6004,glm-5.1,True,29,False,,False,False,Terminal & Coding,Terminal Tasks,lambda/hermes-agent-reasoning-traces:glm-5.1:train:927,ok,
hermes:glm-5.1:69520be8-6060-4f99-95f8-fba434b3337d,69520be8-6060-4f99-95f8-fba434b3337d,glm-5.1,True,13,False,,False,False,Terminal & Coding,Terminal Tasks,lambda/hermes-agent-reasoning-traces:glm-5.1:train:1917,ok,
hermes:glm-5.1:6979c01c-6872-4918-9dd5-3ba8e60a8088,6979c01c-6872-4918-9dd5-3ba8e60a8088,glm-5.1,True,20,False,,False,False,Browser Automation,Browser Tasks,lambda/hermes-agent-reasoning-traces:glm-5.1:train:2736,ok,
hermes:glm-5.1:69928c5b-31e2-4db4-a202-c832b734216d,69928c5b-31e2-4db4-a202-c832b734216d,glm-5.1,True,19,False,,False,False,Terminal & Coding,Terminal Tasks,lambda/hermes-agent-reasoning-traces:glm-5.1:train:1920,ok,
hermes:glm-5.1:699d6441-c744-4a64-9256-989d21bd57e1,699d6441-c744-4a64-9256-989d21bd57e1,glm-5.1,True,25,False,,False,False,Terminal & Coding,Terminal Tasks,lambda/hermes-agent-reasoning-traces:glm-5.1:train:1283,ok,
hermes:glm-5.1:69b0d4ff-9d89-49e0-8d48-b3ab01c28725,69b0d4ff-9d89-49e0-8d48-b3ab01c28725,glm-5.1,True,16,False,,False,False,Terminal & Coding,Terminal Tasks,lambda/hermes-agent-reasoning-traces:glm-5.1:train:1111,ok,
hermes:glm-5.1:69b31323-c559-4e75-a0ff-ac067e535546,69b31323-c559-4e75-a0ff-ac067e535546,glm-5.1,True,14,False,,False,False,Terminal & Coding,Terminal Tasks,lambda/hermes-agent-reasoning-traces:glm-5.1:train:349,ok,
hermes:glm-5.1:69b72e23-2846-4407-915f-8071727143f6,69b72e23-2846-4407-915f-8071727143f6,glm-5.1,True,14,False,,False,False,Terminal & Coding,Terminal Tasks,lambda/hermes-agent-reasoning-traces:glm-5.1:train:1138,ok,
hermes:glm-5.1:69c3b7bb-c02a-445a-b710-4348adbb2769,69c3b7bb-c02a-445a-b710-4348adbb2769,glm-5.1,True,27,False,,False,False,Terminal & Coding,Terminal Tasks,lambda/hermes-agent-reasoning-traces:glm-5.1:train:898,ok,
hermes:glm-5.1:69cf24f8-5219-4576-ad09-a836c943aea0,69cf24f8-5219-4576-ad09-a836c943aea0,glm-5.1,True,20,False,,False,False,Terminal & Coding,Terminal Tasks,lambda/hermes-agent-reasoning-traces:glm-5.1:train:1618,ok,
hermes:glm-5.1:69f6cb0d-9484-409a-8930-57953dc87f05,69f6cb0d-9484-409a-8930-57953dc87f05,glm-5.1,True,26,False,,False,False,Terminal & Coding,Terminal Tasks,lambda/hermes-agent-reasoning-traces:glm-5.1:train:2408,ok,
hermes:glm-5.1:6a04f95b-f728-4883-a34b-6397c6878247,6a04f95b-f728-4883-a34b-6397c6878247,glm-5.1,True,31,False,,False,False,Terminal & Coding,Terminal Tasks,lambda/hermes-agent-reasoning-traces:glm-5.1:train:1966,ok,
hermes:glm-5.1:6a0b3ebe-c937-4646-bec5-4b8bc20801d3,6a0b3ebe-c937-4646-bec5-4b8bc20801d3,glm-5.1,True,12,False,,False,False,Terminal & Coding,Terminal Tasks,lambda/hermes-agent-reasoning-traces:glm-5.1:train:231,ok,
hermes:glm-5.1:6a16af91-7803-4bff-bd0d-5e31976b61a4,6a16af91-7803-4bff-bd0d-5e31976b61a4,glm-5.1,True,31,False,,False,False,Browser Automation,Browser Tasks,lambda/hermes-agent-reasoning-traces:glm-5.1:train:2799,ok,
hermes:glm-5.1:6a1d6b54-3fd9-4d13-be47-52f7e946144a,6a1d6b54-3fd9-4d13-be47-52f7e946144a,glm-5.1,True,16,False,,False,False,Terminal & Coding,Terminal Tasks,lambda/hermes-agent-reasoning-traces:glm-5.1:train:1375,ok,
hermes:glm-5.1:6a2032e2-6059-4e3c-ba95-3e036d786d92,6a2032e2-6059-4e3c-ba95-3e036d786d92,glm-5.1,True,11,False,,False,False,Terminal & Coding,Terminal Tasks,lambda/hermes-agent-reasoning-traces:glm-5.1:train:1931,ok,
hermes:glm-5.1:6a4fad3c-a7d1-4379-9946-ea940b64fb1a,6a4fad3c-a7d1-4379-9946-ea940b64fb1a,glm-5.1,True,20,False,,False,False,Terminal & Coding,Terminal Tasks,lambda/hermes-agent-reasoning-traces:glm-5.1:train:1773,ok,
hermes:glm-5.1:6a538077-7410-4f66-bb0f-6aa47cff5bb7,6a538077-7410-4f66-bb0f-6aa47cff5bb7,glm-5.1,True,17,False,,False,False,Terminal & Coding,Terminal Tasks,lambda/hermes-agent-reasoning-traces:glm-5.1:train:1827,ok,
hermes:glm-5.1:6a94f6ed-4e71-4a99-99c5-d42d7ad78817,6a94f6ed-4e71-4a99-99c5-d42d7ad78817,glm-5.1,True,12,False,,False,False,Terminal & Coding,Terminal Tasks,lambda/hermes-agent-reasoning-traces:glm-5.1:train:269,ok,
hermes:glm-5.1:6aa4c247-aaa2-45a6-ab43-9e5bf3d67fec,6aa4c247-aaa2-45a6-ab43-9e5bf3d67fec,glm-5.1,True,25,False,,False,False,Terminal & Coding,Terminal Tasks,lambda/hermes-agent-reasoning-traces:glm-5.1:train:815,ok,
hermes:glm-5.1:6b49747d-06e0-4710-a2a9-b1e9f514cf59,6b49747d-06e0-4710-a2a9-b1e9f514cf59,glm-5.1,True,12,False,,False,False,Terminal & Coding,Terminal Tasks,lambda/hermes-agent-reasoning-traces:glm-5.1:train:2184,ok,
hermes:glm-5.1:6b5cbd7e-43a0-411c-9344-ef64d6e6fa2a,6b5cbd7e-43a0-411c-9344-ef64d6e6fa2a,glm-5.1,True,31,False,,False,False,Terminal & Coding,Terminal Tasks,lambda/hermes-agent-reasoning-traces:glm-5.1:train:659,ok,
hermes:glm-5.1:6b635e85-c9dc-46ee-8ead-e29280a65908,6b635e85-c9dc-46ee-8ead-e29280a65908,glm-5.1,True,20,False,,False,False,Browser Automation,Browser Tasks,lambda/hermes-agent-reasoning-traces:glm-5.1:train:2788,ok,
hermes:glm-5.1:6b97d049-12e6-485d-8fd3-b191a82376d3,6b97d049-12e6-485d-8fd3-b191a82376d3,glm-5.1,True,14,False,,False,False,File Operations,File Tasks,lambda/hermes-agent-reasoning-traces:glm-5.1:train:225,ok,
hermes:glm-5.1:6baed1c1-a564-4151-9e9a-cb6ab027c8f7,6baed1c1-a564-4151-9e9a-cb6ab027c8f7,glm-5.1,True,29,False,,False,False,Browser Automation,Browser Tasks,lambda/hermes-agent-reasoning-traces:glm-5.1:train:2630,ok,
hermes:glm-5.1:6be4946a-1447-4587-824c-475c8acb6718,6be4946a-1447-4587-824c-475c8acb6718,glm-5.1,True,10,False,,False,False,Terminal & Coding,Terminal Tasks,lambda/hermes-agent-reasoning-traces:glm-5.1:train:1511,ok,
hermes:glm-5.1:6be68482-b875-496d-841f-c43e33e86bb7,6be68482-b875-496d-841f-c43e33e86bb7,glm-5.1,True,27,False,,False,False,Terminal & Coding,Terminal Tasks,lambda/hermes-agent-reasoning-traces:glm-5.1:train:2332,ok,
hermes:glm-5.1:6c18de2e-9866-46c0-af34-831facb9a4f2,6c18de2e-9866-46c0-af34-831facb9a4f2,glm-5.1,True,20,False,,False,False,Scheduling,Cron Jobs,lambda/hermes-agent-reasoning-traces:glm-5.1:train:154,ok,
hermes:glm-5.1:6c533ff7-7f3f-4e71-bd2e-58b715c364eb,6c533ff7-7f3f-4e71-bd2e-58b715c364eb,glm-5.1,True,22,False,,False,False,Terminal & Coding,Terminal Tasks,lambda/hermes-agent-reasoning-traces:glm-5.1:train:830,ok,
hermes:glm-5.1:6c798873-d063-4a12-a050-16af11567c58,6c798873-d063-4a12-a050-16af11567c58,glm-5.1,True,33,False,,False,False,Terminal & Coding,Terminal Tasks,lambda/hermes-agent-reasoning-traces:glm-5.1:train:1787,ok,
hermes:glm-5.1:6c83ae1d-761b-4b87-a020-abf102d53df7,6c83ae1d-761b-4b87-a020-abf102d53df7,glm-5.1,True,23,False,,False,False,Terminal & Coding,Terminal Tasks,lambda/hermes-agent-reasoning-traces:glm-5.1:train:1026,ok,
hermes:glm-5.1:6c8eb9a8-fb96-4edf-ab28-6cca6e64290e,6c8eb9a8-fb96-4edf-ab28-6cca6e64290e,glm-5.1,True,27,False,,False,False,Browser Automation,Browser Tasks,lambda/hermes-agent-reasoning-traces:glm-5.1:train:2608,ok,
hermes:glm-5.1:6ca7d6a8-160e-4945-869e-28f64263172c,6ca7d6a8-160e-4945-869e-28f64263172c,glm-5.1,True,16,False,,False,False,Terminal & Coding,Terminal Tasks,lambda/hermes-agent-reasoning-traces:glm-5.1:train:650,ok,
hermes:glm-5.1:6ca8f238-2947-407f-851a-21b9782f8a70,6ca8f238-2947-407f-851a-21b9782f8a70,glm-5.1,True,12,False,,False,False,Planning & Organization,Planning Tasks,lambda/hermes-agent-reasoning-traces:glm-5.1:train:706,ok,
hermes:glm-5.1:6cb0da28-1235-4542-946e-e21fa66ee3ee,6cb0da28-1235-4542-946e-e21fa66ee3ee,glm-5.1,True,14,False,,False,False,Terminal & Coding,Terminal Tasks,lambda/hermes-agent-reasoning-traces:glm-5.1:train:1980,ok,
hermes:glm-5.1:6cb1eda7-ce34-4e35-bd90-8e358f450af1,6cb1eda7-ce34-4e35-bd90-8e358f450af1,glm-5.1,True,14,False,,False,False,Terminal & Coding,Terminal Tasks,lambda/hermes-agent-reasoning-traces:glm-5.1:train:41,ok,
hermes:glm-5.1:6ccf23a6-04cd-4965-b034-16c9a6d1df53,6ccf23a6-04cd-4965-b034-16c9a6d1df53,glm-5.1,True,12,False,,False,False,Browser Automation,Browser Tasks,lambda/hermes-agent-reasoning-traces:glm-5.1:train:2568,ok,
hermes:glm-5.1:6cf48446-2367-4daf-bcac-f006f67638ee,6cf48446-2367-4daf-bcac-f006f67638ee,glm-5.1,True,21,False,,False,False,Terminal & Coding,Terminal Tasks,lambda/hermes-agent-reasoning-traces:glm-5.1:train:332,ok,
hermes:glm-5.1:6d016ae9-8770-4c95-ae5e-2c5470282bfa,6d016ae9-8770-4c95-ae5e-2c5470282bfa,glm-5.1,True,14,False,,False,False,Terminal & Coding,Terminal Tasks,lambda/hermes-agent-reasoning-traces:glm-5.1:train:2091,ok,
hermes:glm-5.1:6d160d2f-d4b0-4569-90e8-a0ca6477ac2c,6d160d2f-d4b0-4569-90e8-a0ca6477ac2c,glm-5.1,True,20,False,,False,False,Terminal & Coding,Terminal Tasks,lambda/hermes-agent-reasoning-traces:glm-5.1:train:1123,ok,
hermes:glm-5.1:6d343535-e174-4552-84ec-c52aa609ab15,6d343535-e174-4552-84ec-c52aa609ab15,glm-5.1,True,25,False,,False,False,Terminal & Coding,Terminal Tasks,lambda/hermes-agent-reasoning-traces:glm-5.1:train:429,ok,
hermes:glm-5.1:6d3b0cf2-f78d-424c-9f21-9e5dcd277ed0,6d3b0cf2-f78d-424c-9f21-9e5dcd277ed0,glm-5.1,True,19,False,,False,False,Browser Automation,Browser Tasks,lambda/hermes-agent-reasoning-traces:glm-5.1:train:2634,ok,
hermes:glm-5.1:6d5202f4-28f9-420f-a871-1d7416286e1b,6d5202f4-28f9-420f-a871-1d7416286e1b,glm-5.1,True,11,False,,False,False,Browser Automation,Browser Tasks,lambda/hermes-agent-reasoning-traces:glm-5.1:train:2512,ok,
hermes:glm-5.1:6d525ce6-d714-4112-84d4-ca1862442e73,6d525ce6-d714-4112-84d4-ca1862442e73,glm-5.1,True,29,False,,False,False,Browser Automation,Browser Tasks,lambda/hermes-agent-reasoning-traces:glm-5.1:train:2660,ok,
hermes:glm-5.1:6d6b7802-45e9-4392-ac4e-8a25c0ce1e67,6d6b7802-45e9-4392-ac4e-8a25c0ce1e67,glm-5.1,True,31,False,,False,False,Terminal & Coding,Terminal Tasks,lambda/hermes-agent-reasoning-traces:glm-5.1:train:2214,ok,
hermes:glm-5.1:6d96d9f2-4149-4e45-86a3-9a093eee4af9,6d96d9f2-4149-4e45-86a3-9a093eee4af9,glm-5.1,True,12,False,,False,False,Terminal & Coding,Terminal Tasks,lambda/hermes-agent-reasoning-traces:glm-5.1:train:1530,ok,
hermes:glm-5.1:6dc493c9-960d-494f-880f-a71bbc4b049f,6dc493c9-960d-494f-880f-a71bbc4b049f,glm-5.1,True,23,False,,False,False,Browser Automation,Browser Tasks,lambda/hermes-agent-reasoning-traces:glm-5.1:train:2850,ok,
hermes:glm-5.1:6dc6dba4-ce1a-458a-8874-ecf62f8e12ea,6dc6dba4-ce1a-458a-8874-ecf62f8e12ea,glm-5.1,True,22,False,,False,False,Terminal & Coding,Terminal Tasks,lambda/hermes-agent-reasoning-traces:glm-5.1:train:1377,ok,
hermes:glm-5.1:6dcd39be-a3e7-4703-8c1a-3d316890311b,6dcd39be-a3e7-4703-8c1a-3d316890311b,glm-5.1,True,27,False,,False,False,Terminal & Coding,Terminal Tasks,lambda/hermes-agent-reasoning-traces:glm-5.1:train:1810,ok,
hermes:glm-5.1:6dd2d2d0-2950-455c-9821-029f0d2b231a,6dd2d2d0-2950-455c-9821-029f0d2b231a,glm-5.1,True,10,False,,False,False,Planning & Organization,Planning Tasks,lambda/hermes-agent-reasoning-traces:glm-5.1:train:1110,ok,
hermes:glm-5.1:6de88eca-88c9-430a-8524-6fbaef83c0a7,6de88eca-88c9-430a-8524-6fbaef83c0a7,glm-5.1,True,31,False,,False,False,Terminal & Coding,Terminal Tasks,lambda/hermes-agent-reasoning-traces:glm-5.1:train:380,ok,
hermes:glm-5.1:6dfb110b-5144-4ec2-8987-c39e9edd8ba3,6dfb110b-5144-4ec2-8987-c39e9edd8ba3,glm-5.1,True,12,False,,False,False,Terminal & Coding,Terminal Tasks,lambda/hermes-agent-reasoning-traces:glm-5.1:train:512,ok,
hermes:glm-5.1:6e369189-0896-4c68-97d2-199bda139281,6e369189-0896-4c68-97d2-199bda139281,glm-5.1,True,27,False,,False,False,Terminal & Coding,Terminal Tasks,lambda/hermes-agent-reasoning-traces:glm-5.1:train:1121,ok,
hermes:glm-5.1:6e36e0b3-6168-40c9-a66d-1b4c88797e3d,6e36e0b3-6168-40c9-a66d-1b4c88797e3d,glm-5.1,True,18,False,,False,False,Terminal & Coding,Terminal Tasks,lambda/hermes-agent-reasoning-traces:glm-5.1:train:1271,ok,
hermes:glm-5.1:6e7fc846-e0fc-488c-9548-9fa783def536,6e7fc846-e0fc-488c-9548-9fa783def536,glm-5.1,True,12,False,,False,False,File Operations,File Tasks,lambda/hermes-agent-reasoning-traces:glm-5.1:train:938,ok,
hermes:glm-5.1:6e8147e8-c921-4fc8-9497-d5596ff61a23,6e8147e8-c921-4fc8-9497-d5596ff61a23,glm-5.1,True,9,False,,False,False,Terminal & Coding,Terminal Tasks,lambda/hermes-agent-reasoning-traces:glm-5.1:train:1236,ok,
hermes:glm-5.1:6e889fef-1887-4c04-9406-87c10c54ab84,6e889fef-1887-4c04-9406-87c10c54ab84,glm-5.1,True,23,False,,False,False,Browser Automation,Browser Tasks,lambda/hermes-agent-reasoning-traces:glm-5.1:train:2977,ok,
hermes:glm-5.1:6ea55bc3-4e84-41ee-a11f-1e8a7f9876aa,6ea55bc3-4e84-41ee-a11f-1e8a7f9876aa,glm-5.1,True,21,False,,False,False,Terminal & Coding,Terminal Tasks,lambda/hermes-agent-reasoning-traces:glm-5.1:train:1106,ok,
hermes:glm-5.1:6eb17f14-620a-4c9f-881c-d71a819770d4,6eb17f14-620a-4c9f-881c-d71a819770d4,glm-5.1,True,21,False,,False,False,Agent Tools,Background Processes,lambda/hermes-agent-reasoning-traces:glm-5.1:train:1148,ok,
hermes:glm-5.1:6eceaf12-7830-451e-9e38-d4f5fbcaec14,6eceaf12-7830-451e-9e38-d4f5fbcaec14,glm-5.1,True,14,False,,False,False,Terminal & Coding,Terminal Tasks,lambda/hermes-agent-reasoning-traces:glm-5.1:train:749,ok,
hermes:glm-5.1:6edde20f-4727-47ba-a66c-d4f8f8d4fa24,6edde20f-4727-47ba-a66c-d4f8f8d4fa24,glm-5.1,True,25,False,,False,False,Terminal & Coding,Terminal Tasks,lambda/hermes-agent-reasoning-traces:glm-5.1:train:1603,ok,
hermes:glm-5.1:6edfd43b-4a19-4bfe-b28a-3e4723e00a56,6edfd43b-4a19-4bfe-b28a-3e4723e00a56,glm-5.1,True,14,False,,False,False,Browser Automation,Browser Tasks,lambda/hermes-agent-reasoning-traces:glm-5.1:train:2920,ok,
hermes:glm-5.1:6f04ed9e-e41f-4177-b14b-2064a4a19def,6f04ed9e-e41f-4177-b14b-2064a4a19def,glm-5.1,True,14,False,,False,False,Terminal & Coding,Terminal Tasks,lambda/hermes-agent-reasoning-traces:glm-5.1:train:220,ok,
hermes:glm-5.1:6f0584a6-9f30-474b-920a-52ea5cdfcc2f,6f0584a6-9f30-474b-920a-52ea5cdfcc2f,glm-5.1,True,23,False,,False,False,Terminal & Coding,Terminal Tasks,lambda/hermes-agent-reasoning-traces:glm-5.1:train:2031,ok,
hermes:glm-5.1:6f17a46b-4a84-4953-a1ba-e447663850cb,6f17a46b-4a84-4953-a1ba-e447663850cb,glm-5.1,True,11,False,,False,False,Terminal & Coding,Terminal Tasks,lambda/hermes-agent-reasoning-traces:glm-5.1:train:105,ok,
hermes:glm-5.1:6f21c722-de6d-4217-8575-3a4283686a80,6f21c722-de6d-4217-8575-3a4283686a80,glm-5.1,True,14,False,,False,False,Terminal & Coding,Terminal Tasks,lambda/hermes-agent-reasoning-traces:glm-5.1:train:2036,ok,
hermes:glm-5.1:6f26b7c4-6a5f-42ff-9cf4-015e13a825ed,6f26b7c4-6a5f-42ff-9cf4-015e13a825ed,glm-5.1,True,14,False,,False,False,Terminal & Coding,Terminal Tasks,lambda/hermes-agent-reasoning-traces:glm-5.1:train:2044,ok,
hermes:glm-5.1:6f287ad0-e818-4873-b311-e9236df3e9d4,6f287ad0-e818-4873-b311-e9236df3e9d4,glm-5.1,True,10,False,,False,False,Scheduling,Cron Jobs,lambda/hermes-agent-reasoning-traces:glm-5.1:train:623,ok,
hermes:glm-5.1:6f2d9ba0-1397-4c69-b8cb-936f763f789a,6f2d9ba0-1397-4c69-b8cb-936f763f789a,glm-5.1,True,14,False,,False,False,Terminal & Coding,Terminal Tasks,lambda/hermes-agent-reasoning-traces:glm-5.1:train:1108,ok,
hermes:glm-5.1:6f57670e-42c9-4737-aeda-c488a1972d44,6f57670e-42c9-4737-aeda-c488a1972d44,glm-5.1,True,31,False,,False,False,Browser Automation,Browser Tasks,lambda/hermes-agent-reasoning-traces:glm-5.1:train:2773,ok,
hermes:glm-5.1:6f7d2b01-27de-4a05-85c0-a07d8a92c86f,6f7d2b01-27de-4a05-85c0-a07d8a92c86f,glm-5.1,True,24,False,,False,False,File Operations,File Tasks,lambda/hermes-agent-reasoning-traces:glm-5.1:train:896,ok,
hermes:glm-5.1:6f9f2df1-154c-455a-96d9-9d81f85b2046,6f9f2df1-154c-455a-96d9-9d81f85b2046,glm-5.1,True,25,False,,False,False,Browser Automation,Browser Tasks,lambda/hermes-agent-reasoning-traces:glm-5.1:train:2981,ok,
hermes:glm-5.1:6fc2b829-a053-4ad4-ae73-077e776ff9a0,6fc2b829-a053-4ad4-ae73-077e776ff9a0,glm-5.1,True,17,False,,False,False,Terminal & Coding,Terminal Tasks,lambda/hermes-agent-reasoning-traces:glm-5.1:train:1698,ok,
hermes:glm-5.1:6fc81502-9e06-47e2-97b2-a6e2df00512f,6fc81502-9e06-47e2-97b2-a6e2df00512f,glm-5.1,True,13,False,,False,False,Terminal & Coding,Terminal Tasks,lambda/hermes-agent-reasoning-traces:glm-5.1:train:1383,ok,
hermes:glm-5.1:6fc924fe-7754-4fa6-87a7-56ac4bd969a2,6fc924fe-7754-4fa6-87a7-56ac4bd969a2,glm-5.1,True,9,False,,False,False,Terminal & Coding,Terminal Tasks,lambda/hermes-agent-reasoning-traces:glm-5.1:train:991,ok,
hermes:glm-5.1:6fd1eb07-1a18-44a8-bca2-8fa16182b0c9,6fd1eb07-1a18-44a8-bca2-8fa16182b0c9,glm-5.1,True,12,False,,False,False,Terminal & Coding,Terminal Tasks,lambda/hermes-agent-reasoning-traces:glm-5.1:train:1232,ok,
hermes:glm-5.1:6fe72d0c-9e2c-406f-a77a-e23655e336a2,6fe72d0c-9e2c-406f-a77a-e23655e336a2,glm-5.1,True,10,False,,False,False,Terminal & Coding,Terminal Tasks,lambda/hermes-agent-reasoning-traces:glm-5.1:train:979,ok,
hermes:glm-5.1:6feff7f4-dd0f-493e-8caf-52a734886488,6feff7f4-dd0f-493e-8caf-52a734886488,glm-5.1,True,27,False,,False,False,Terminal & Coding,Terminal Tasks,lambda/hermes-agent-reasoning-traces:glm-5.1:train:586,ok,
hermes:glm-5.1:6ff6c687-0fbb-4edf-872d-b5ae4ec22b79,6ff6c687-0fbb-4edf-872d-b5ae4ec22b79,glm-5.1,True,16,False,,False,False,Planning & Organization,Planning Tasks,lambda/hermes-agent-reasoning-traces:glm-5.1:train:1879,ok,
hermes:glm-5.1:6ffe7601-5cca-425e-ba76-9908df98d318,6ffe7601-5cca-425e-ba76-9908df98d318,glm-5.1,True,29,False,,False,False,Terminal & Coding,Terminal Tasks,lambda/hermes-agent-reasoning-traces:glm-5.1:train:2343,ok,
hermes:glm-5.1:7007df5b-6cb1-454f-a005-cd818d546bce,7007df5b-6cb1-454f-a005-cd818d546bce,glm-5.1,True,23,False,,False,False,Browser Automation,Browser Tasks,lambda/hermes-agent-reasoning-traces:glm-5.1:train:2835,ok,
hermes:glm-5.1:700a8489-7c49-47be-b2e1-c2cf98efdf6e,700a8489-7c49-47be-b2e1-c2cf98efdf6e,glm-5.1,True,21,False,,False,False,Terminal & Coding,Terminal Tasks,lambda/hermes-agent-reasoning-traces:glm-5.1:train:1370,ok,
hermes:glm-5.1:70287639-4eda-4710-adcc-be9c7aaae5b2,70287639-4eda-4710-adcc-be9c7aaae5b2,glm-5.1,True,12,False,,False,False,Terminal & Coding,Terminal Tasks,lambda/hermes-agent-reasoning-traces:glm-5.1:train:1220,ok,
hermes:glm-5.1:70344f5e-2556-4e50-b45a-8894518d03ee,70344f5e-2556-4e50-b45a-8894518d03ee,glm-5.1,True,19,False,,False,False,Terminal & Coding,Terminal Tasks,lambda/hermes-agent-reasoning-traces:glm-5.1:train:2271,ok,
hermes:glm-5.1:70583fd1-3c91-454a-a276-3db32e00061d,70583fd1-3c91-454a-a276-3db32e00061d,glm-5.1,True,12,False,,False,False,Terminal & Coding,Terminal Tasks,lambda/hermes-agent-reasoning-traces:glm-5.1:train:107,ok,
hermes:glm-5.1:7059172a-b943-4400-b7b2-c72278092685,7059172a-b943-4400-b7b2-c72278092685,glm-5.1,True,22,False,,False,False,Browser Automation,Browser Tasks,lambda/hermes-agent-reasoning-traces:glm-5.1:train:2858,ok,
hermes:glm-5.1:708e9697-2b8e-4d87-af4e-9d48014efcf3,708e9697-2b8e-4d87-af4e-9d48014efcf3,glm-5.1,True,10,False,,False,False,Terminal & Coding,Terminal Tasks,lambda/hermes-agent-reasoning-traces:glm-5.1:train:1397,ok,
hermes:glm-5.1:70a15377-c426-4eb5-8cdd-6cca75e3225c,70a15377-c426-4eb5-8cdd-6cca75e3225c,glm-5.1,True,33,False,,False,False,Terminal & Coding,Terminal Tasks,lambda/hermes-agent-reasoning-traces:glm-5.1:train:207,ok,
hermes:glm-5.1:71159af7-ebac-42ea-aebf-d2aeecca8a69,71159af7-ebac-42ea-aebf-d2aeecca8a69,glm-5.1,True,31,False,,False,False,Terminal & Coding,Terminal Tasks,lambda/hermes-agent-reasoning-traces:glm-5.1:train:197,ok,
hermes:glm-5.1:712355f3-75c9-4fdf-8b77-f9c33055f4ac,712355f3-75c9-4fdf-8b77-f9c33055f4ac,glm-5.1,True,22,False,,False,False,Terminal & Coding,Terminal Tasks,lambda/hermes-agent-reasoning-traces:glm-5.1:train:997,ok,
hermes:glm-5.1:7171f453-6afb-466b-84d8-a9072a1c668a,7171f453-6afb-466b-84d8-a9072a1c668a,glm-5.1,True,20,False,,False,False,Terminal & Coding,Terminal Tasks,lambda/hermes-agent-reasoning-traces:glm-5.1:train:1354,ok,
hermes:glm-5.1:719307f7-d7e9-4f14-ad28-8494a52718a3,719307f7-d7e9-4f14-ad28-8494a52718a3,glm-5.1,True,33,False,,False,False,Terminal & Coding,Terminal Tasks,lambda/hermes-agent-reasoning-traces:glm-5.1:train:869,ok,
hermes:glm-5.1:71977c15-9c02-4a09-b3cc-cdb655fcedda,71977c15-9c02-4a09-b3cc-cdb655fcedda,glm-5.1,True,16,False,,False,False,Terminal & Coding,Terminal Tasks,lambda/hermes-agent-reasoning-traces:glm-5.1:train:2076,ok,
hermes:glm-5.1:71a10613-9f24-4ee4-aa27-2b802d7e52c0,71a10613-9f24-4ee4-aa27-2b802d7e52c0,glm-5.1,True,18,False,,False,False,Scheduling,Cron Jobs,lambda/hermes-agent-reasoning-traces:glm-5.1:train:1704,ok,
hermes:glm-5.1:71aa90fc-aed4-49b6-acbc-7b805c7d7239,71aa90fc-aed4-49b6-acbc-7b805c7d7239,glm-5.1,True,16,False,,False,False,Terminal & Coding,Terminal Tasks,lambda/hermes-agent-reasoning-traces:glm-5.1:train:1348,ok,
hermes:glm-5.1:71d9165d-9596-4eb8-991c-5dc2d3c80337,71d9165d-9596-4eb8-991c-5dc2d3c80337,glm-5.1,True,12,False,,False,False,Terminal & Coding,Terminal Tasks,lambda/hermes-agent-reasoning-traces:glm-5.1:train:2489,ok,
hermes:glm-5.1:71e58261-adc4-48cf-8e73-b001c9868012,71e58261-adc4-48cf-8e73-b001c9868012,glm-5.1,True,15,False,,False,False,Multi-Tool,Multi-Tool Tasks,lambda/hermes-agent-reasoning-traces:glm-5.1:train:145,ok,
hermes:glm-5.1:71e794c4-6d9f-4250-804e-28e8a367d713,71e794c4-6d9f-4250-804e-28e8a367d713,glm-5.1,True,12,False,,False,False,Scheduling,Cron Jobs,lambda/hermes-agent-reasoning-traces:glm-5.1:train:69,ok,
hermes:glm-5.1:71e9db92-05f0-47a7-b54f-01bbb6c24ac6,71e9db92-05f0-47a7-b54f-01bbb6c24ac6,glm-5.1,True,17,False,,False,False,Terminal & Coding,Terminal Tasks,lambda/hermes-agent-reasoning-traces:glm-5.1:train:407,ok,
hermes:glm-5.1:71fd2964-ecc2-42d4-bf2f-0e7c842fe41c,71fd2964-ecc2-42d4-bf2f-0e7c842fe41c,glm-5.1,True,27,False,,False,False,File Operations,File Tasks,lambda/hermes-agent-reasoning-traces:glm-5.1:train:198,ok,
hermes:glm-5.1:720b0454-d5bb-4f0e-a964-147615399b86,720b0454-d5bb-4f0e-a964-147615399b86,glm-5.1,True,15,False,,False,False,Planning & Organization,Planning Tasks,lambda/hermes-agent-reasoning-traces:glm-5.1:train:2096,ok,
hermes:glm-5.1:7240a4ea-8f01-41cc-8ce4-82b4270ceae2,7240a4ea-8f01-41cc-8ce4-82b4270ceae2,glm-5.1,True,18,False,,False,False,Terminal & Coding,Terminal Tasks,lambda/hermes-agent-reasoning-traces:glm-5.1:train:1997,ok,
hermes:glm-5.1:724b3ea2-7a45-4072-831f-a56a234593dc,724b3ea2-7a45-4072-831f-a56a234593dc,glm-5.1,True,23,False,,False,False,Terminal & Coding,Terminal Tasks,lambda/hermes-agent-reasoning-traces:glm-5.1:train:2491,ok,
hermes:glm-5.1:72857e82-f1dc-4af4-a4b4-2d0fb44e4fa2,72857e82-f1dc-4af4-a4b4-2d0fb44e4fa2,glm-5.1,True,29,False,,False,False,Terminal & Coding,Terminal Tasks,lambda/hermes-agent-reasoning-traces:glm-5.1:train:1830,ok,
hermes:glm-5.1:72952f9a-abdd-4961-9fde-73577b9c36c3,72952f9a-abdd-4961-9fde-73577b9c36c3,glm-5.1,True,12,False,,False,False,Terminal & Coding,Terminal Tasks,lambda/hermes-agent-reasoning-traces:glm-5.1:train:266,ok,
hermes:glm-5.1:729e3069-037b-4011-9801-3e3b9def10ca,729e3069-037b-4011-9801-3e3b9def10ca,glm-5.1,True,14,False,,False,False,Terminal & Coding,Terminal Tasks,lambda/hermes-agent-reasoning-traces:glm-5.1:train:1208,ok,
hermes:glm-5.1:72b2e0b6-eed6-4f31-9e29-29e9304c709e,72b2e0b6-eed6-4f31-9e29-29e9304c709e,glm-5.1,True,12,False,,False,False,Terminal & Coding,Terminal Tasks,lambda/hermes-agent-reasoning-traces:glm-5.1:train:33,ok,
hermes:glm-5.1:72c3a539-0133-4d75-a95a-2426dc8c513d,72c3a539-0133-4d75-a95a-2426dc8c513d,glm-5.1,True,16,False,,False,False,Terminal & Coding,Terminal Tasks,lambda/hermes-agent-reasoning-traces:glm-5.1:train:2417,ok,
hermes:glm-5.1:72e8c9a3-ced1-41e2-848a-71055d416f3c,72e8c9a3-ced1-41e2-848a-71055d416f3c,glm-5.1,True,14,False,,False,False,Terminal & Coding,Terminal Tasks,lambda/hermes-agent-reasoning-traces:glm-5.1:train:218,ok,
hermes:glm-5.1:72ee4139-80d8-4879-8f29-594ae9512fd0,72ee4139-80d8-4879-8f29-594ae9512fd0,glm-5.1,True,23,False,,False,False,Browser Automation,Browser Tasks,lambda/hermes-agent-reasoning-traces:glm-5.1:train:2723,ok,
hermes:glm-5.1:73165dcc-2643-4e15-b1c9-ddf407799df3,73165dcc-2643-4e15-b1c9-ddf407799df3,glm-5.1,True,22,False,,False,False,Browser Automation,Browser Tasks,lambda/hermes-agent-reasoning-traces:glm-5.1:train:2586,ok,
hermes:glm-5.1:732aa8bd-5102-4c03-a48e-c50be56d81cb,732aa8bd-5102-4c03-a48e-c50be56d81cb,glm-5.1,True,19,False,,False,False,Terminal & Coding,Terminal Tasks,lambda/hermes-agent-reasoning-traces:glm-5.1:train:1424,ok,
hermes:glm-5.1:735ada65-1e75-4f98-a404-573f5432369c,735ada65-1e75-4f98-a404-573f5432369c,glm-5.1,True,23,False,,False,False,Terminal & Coding,Terminal Tasks,lambda/hermes-agent-reasoning-traces:glm-5.1:train:660,ok,
hermes:glm-5.1:736850f3-0589-4be8-8bbb-85cc0a31ddcc,736850f3-0589-4be8-8bbb-85cc0a31ddcc,glm-5.1,True,23,False,,False,False,Terminal & Coding,Terminal Tasks,lambda/hermes-agent-reasoning-traces:glm-5.1:train:29,ok,
hermes:glm-5.1:736b8b36-cb09-49cc-a1b3-2ae754a5ce1d,736b8b36-cb09-49cc-a1b3-2ae754a5ce1d,glm-5.1,True,23,False,,False,False,Terminal & Coding,Terminal Tasks,lambda/hermes-agent-reasoning-traces:glm-5.1:train:196,ok,
hermes:glm-5.1:737c758b-9213-461d-bcbd-6e394449318b,737c758b-9213-461d-bcbd-6e394449318b,glm-5.1,True,14,False,,False,False,Terminal & Coding,Terminal Tasks,lambda/hermes-agent-reasoning-traces:glm-5.1:train:288,ok,
hermes:glm-5.1:739cf9d4-3da4-4480-979c-c05111468ca0,739cf9d4-3da4-4480-979c-c05111468ca0,glm-5.1,True,15,False,,False,False,Terminal & Coding,Terminal Tasks,lambda/hermes-agent-reasoning-traces:glm-5.1:train:1104,ok,
hermes:glm-5.1:73c9fbe0-39eb-4713-853a-2897a9e9514d,73c9fbe0-39eb-4713-853a-2897a9e9514d,glm-5.1,True,31,False,,False,False,File Operations,File Tasks,lambda/hermes-agent-reasoning-traces:glm-5.1:train:132,ok,
hermes:glm-5.1:73e10dbd-a1a5-4304-8876-35cf3f6a65fc,73e10dbd-a1a5-4304-8876-35cf3f6a65fc,glm-5.1,True,14,False,,False,False,Terminal & Coding,Terminal Tasks,lambda/hermes-agent-reasoning-traces:glm-5.1:train:205,ok,
hermes:glm-5.1:73ee7175-04f6-42d8-b9bf-fa1943a62c43,73ee7175-04f6-42d8-b9bf-fa1943a62c43,glm-5.1,True,18,False,,False,False,Terminal & Coding,Terminal Tasks,lambda/hermes-agent-reasoning-traces:glm-5.1:train:1292,ok,
hermes:glm-5.1:73f94bc2-48b3-4008-855a-e40b3f8d3153,73f94bc2-48b3-4008-855a-e40b3f8d3153,glm-5.1,True,18,False,,False,False,Browser Automation,Browser Tasks,lambda/hermes-agent-reasoning-traces:glm-5.1:train:2815,ok,
hermes:glm-5.1:7427f757-d5dc-46a2-95dd-d44f32459c05,7427f757-d5dc-46a2-95dd-d44f32459c05,glm-5.1,True,29,False,,False,False,Terminal & Coding,Terminal Tasks,lambda/hermes-agent-reasoning-traces:glm-5.1:train:423,ok,
hermes:glm-5.1:7437b030-da69-492f-8f3d-774b3ae69b50,7437b030-da69-492f-8f3d-774b3ae69b50,glm-5.1,True,17,False,,False,False,Terminal & Coding,Terminal Tasks,lambda/hermes-agent-reasoning-traces:glm-5.1:train:2204,ok,
hermes:glm-5.1:74462019-8417-4b68-8f49-6a881ff8b971,74462019-8417-4b68-8f49-6a881ff8b971,glm-5.1,True,17,False,,False,False,Terminal & Coding,Terminal Tasks,lambda/hermes-agent-reasoning-traces:glm-5.1:train:1043,ok,
hermes:glm-5.1:7479fc54-e565-416e-b0a6-bf4f5e41e494,7479fc54-e565-416e-b0a6-bf4f5e41e494,glm-5.1,True,23,False,,False,False,Terminal & Coding,Terminal Tasks,lambda/hermes-agent-reasoning-traces:glm-5.1:train:1604,ok,
hermes:glm-5.1:7481bcab-8685-48c7-a7bd-6729a2f22aa9,7481bcab-8685-48c7-a7bd-6729a2f22aa9,glm-5.1,True,25,False,,False,False,Terminal & Coding,Terminal Tasks,lambda/hermes-agent-reasoning-traces:glm-5.1:train:497,ok,
hermes:glm-5.1:74921dbc-406a-42bd-950c-2562cc14a0c3,74921dbc-406a-42bd-950c-2562cc14a0c3,glm-5.1,True,20,False,,False,False,Terminal & Coding,Terminal Tasks,lambda/hermes-agent-reasoning-traces:glm-5.1:train:2250,ok,
hermes:glm-5.1:749e334d-e2cc-4182-b84a-19a3636e93ed,749e334d-e2cc-4182-b84a-19a3636e93ed,glm-5.1,True,11,False,,False,False,Planning & Organization,Planning Tasks,lambda/hermes-agent-reasoning-traces:glm-5.1:train:242,ok,
hermes:glm-5.1:74d2b6c2-be0f-486a-9783-8c1aaf261ab3,74d2b6c2-be0f-486a-9783-8c1aaf261ab3,glm-5.1,True,12,False,,False,False,Terminal & Coding,Terminal Tasks,lambda/hermes-agent-reasoning-traces:glm-5.1:train:1564,ok,
hermes:glm-5.1:74ebd3f2-cdfb-47bb-8781-e43f6e12f7ae,74ebd3f2-cdfb-47bb-8781-e43f6e12f7ae,glm-5.1,True,20,False,,False,False,Browser Automation,Browser Tasks,lambda/hermes-agent-reasoning-traces:glm-5.1:train:2603,ok,
hermes:glm-5.1:7504c8a1-471f-43c1-b98e-3f6bff9b8cbd,7504c8a1-471f-43c1-b98e-3f6bff9b8cbd,glm-5.1,True,10,False,,False,False,Terminal & Coding,Terminal Tasks,lambda/hermes-agent-reasoning-traces:glm-5.1:train:1360,ok,
hermes:glm-5.1:751e86d2-d314-4cbb-9c1b-cdb2fb0b98b2,751e86d2-d314-4cbb-9c1b-cdb2fb0b98b2,glm-5.1,True,14,False,,False,False,Terminal & Coding,Terminal Tasks,lambda/hermes-agent-reasoning-traces:glm-5.1:train:2298,ok,
hermes:glm-5.1:75337bdb-087b-4b35-8be4-26448741be31,75337bdb-087b-4b35-8be4-26448741be31,glm-5.1,True,17,False,,False,False,Terminal & Coding,Terminal Tasks,lambda/hermes-agent-reasoning-traces:glm-5.1:train:1442,ok,
hermes:glm-5.1:75370d09-33c1-4ca5-a00a-741771a4e7ab,75370d09-33c1-4ca5-a00a-741771a4e7ab,glm-5.1,True,22,False,,False,False,Browser Automation,Browser Tasks,lambda/hermes-agent-reasoning-traces:glm-5.1:train:2553,ok,
hermes:glm-5.1:754578d8-dcbe-4d1c-ad44-5f5bf7d8456b,754578d8-dcbe-4d1c-ad44-5f5bf7d8456b,glm-5.1,True,15,False,,False,False,Terminal & Coding,Terminal Tasks,lambda/hermes-agent-reasoning-traces:glm-5.1:train:193,ok,
hermes:glm-5.1:754b0ec5-2c57-412e-8fbc-2dd6548efd0a,754b0ec5-2c57-412e-8fbc-2dd6548efd0a,glm-5.1,True,14,False,,False,False,Browser Automation,Browser Tasks,lambda/hermes-agent-reasoning-traces:glm-5.1:train:2896,ok,
hermes:glm-5.1:754d53da-ac28-42c7-9ede-3212a0bcf140,754d53da-ac28-42c7-9ede-3212a0bcf140,glm-5.1,True,12,False,,False,False,Terminal & Coding,Terminal Tasks,lambda/hermes-agent-reasoning-traces:glm-5.1:train:1249,ok,
hermes:glm-5.1:75741143-3d01-48ea-acf4-78036fc7c8ee,75741143-3d01-48ea-acf4-78036fc7c8ee,glm-5.1,True,29,False,,False,False,Terminal & Coding,Terminal Tasks,lambda/hermes-agent-reasoning-traces:glm-5.1:train:1632,ok,
hermes:glm-5.1:759cfb4b-6dd7-41c9-a9b6-b900b7ea9b50,759cfb4b-6dd7-41c9-a9b6-b900b7ea9b50,glm-5.1,True,16,False,,False,False,Agent Tools,Background Processes,lambda/hermes-agent-reasoning-traces:glm-5.1:train:1656,ok,
hermes:glm-5.1:759dcec6-62b4-47c2-b173-682d830931ae,759dcec6-62b4-47c2-b173-682d830931ae,glm-5.1,True,25,False,,False,False,Terminal & Coding,Terminal Tasks,lambda/hermes-agent-reasoning-traces:glm-5.1:train:36,ok,
hermes:glm-5.1:7641d3df-05e9-4e1b-9524-c51a5585bd91,7641d3df-05e9-4e1b-9524-c51a5585bd91,glm-5.1,True,21,False,,False,False,Terminal & Coding,Terminal Tasks,lambda/hermes-agent-reasoning-traces:glm-5.1:train:2161,ok,
hermes:glm-5.1:7646070e-6fa1-4343-8ae1-5f46e4c2e026,7646070e-6fa1-4343-8ae1-5f46e4c2e026,glm-5.1,True,18,False,,False,False,Agent Tools,Background Processes,lambda/hermes-agent-reasoning-traces:glm-5.1:train:811,ok,
hermes:glm-5.1:7687295b-3ffc-464c-8d1d-52fc15139b7a,7687295b-3ffc-464c-8d1d-52fc15139b7a,glm-5.1,True,29,False,,False,False,Browser Automation,Browser Tasks,lambda/hermes-agent-reasoning-traces:glm-5.1:train:2871,ok,
hermes:glm-5.1:76880d42-bd1f-4ddc-af2c-cce52351aeeb,76880d42-bd1f-4ddc-af2c-cce52351aeeb,glm-5.1,True,14,False,,False,False,Terminal & Coding,Terminal Tasks,lambda/hermes-agent-reasoning-traces:glm-5.1:train:1282,ok,
hermes:glm-5.1:76940f5d-5715-4f9a-a3b1-91d150bd490a,76940f5d-5715-4f9a-a3b1-91d150bd490a,glm-5.1,True,27,False,,False,False,Browser Automation,Browser Tasks,lambda/hermes-agent-reasoning-traces:glm-5.1:train:2561,ok,
hermes:glm-5.1:7697ff4e-5552-4650-8109-87eee90e00ff,7697ff4e-5552-4650-8109-87eee90e00ff,glm-5.1,True,27,False,,False,False,Terminal & Coding,Terminal Tasks,lambda/hermes-agent-reasoning-traces:glm-5.1:train:1855,ok,
hermes:glm-5.1:76ab131e-389d-4f64-b3f4-4e0a2a8e4f9e,76ab131e-389d-4f64-b3f4-4e0a2a8e4f9e,glm-5.1,True,14,False,,False,False,Terminal & Coding,Terminal Tasks,lambda/hermes-agent-reasoning-traces:glm-5.1:train:2135,ok,
hermes:glm-5.1:76b41cbe-3bcf-46cc-80fd-5bb07f6f057b,76b41cbe-3bcf-46cc-80fd-5bb07f6f057b,glm-5.1,True,22,False,,False,False,Terminal & Coding,Terminal Tasks,lambda/hermes-agent-reasoning-traces:glm-5.1:train:1061,ok,
hermes:glm-5.1:76bc4df3-89ca-4656-be8a-622f251e2071,76bc4df3-89ca-4656-be8a-622f251e2071,glm-5.1,True,21,False,,False,False,Browser Automation,Browser Tasks,lambda/hermes-agent-reasoning-traces:glm-5.1:train:2784,ok,
hermes:glm-5.1:76c5fac8-3a27-40eb-a311-7033fe34249e,76c5fac8-3a27-40eb-a311-7033fe34249e,glm-5.1,True,12,False,,False,False,Planning & Organization,Planning Tasks,lambda/hermes-agent-reasoning-traces:glm-5.1:train:2022,ok,
hermes:glm-5.1:76de55f2-3e22-478e-815d-978a88fe050b,76de55f2-3e22-478e-815d-978a88fe050b,glm-5.1,True,29,False,,False,False,Browser Automation,Browser Tasks,lambda/hermes-agent-reasoning-traces:glm-5.1:train:2959,ok,
hermes:glm-5.1:76e82aa0-c6c9-4f84-98e5-534efde0b170,76e82aa0-c6c9-4f84-98e5-534efde0b170,glm-5.1,True,27,False,,False,False,Browser Automation,Browser Tasks,lambda/hermes-agent-reasoning-traces:glm-5.1:train:2637,ok,
hermes:glm-5.1:76ef4199-dd3c-495d-b811-1c5d180745f6,76ef4199-dd3c-495d-b811-1c5d180745f6,glm-5.1,True,12,False,,False,False,Terminal & Coding,Terminal Tasks,lambda/hermes-agent-reasoning-traces:glm-5.1:train:432,ok,
hermes:glm-5.1:770a757d-38d5-4626-9c41-58d5d0acbcc0,770a757d-38d5-4626-9c41-58d5d0acbcc0,glm-5.1,True,20,False,,False,False,Terminal & Coding,Terminal Tasks,lambda/hermes-agent-reasoning-traces:glm-5.1:train:2205,ok,
hermes:glm-5.1:770c6ceb-e361-49b8-99fb-2a72dd0192ed,770c6ceb-e361-49b8-99fb-2a72dd0192ed,glm-5.1,True,27,False,,False,False,Browser Automation,Browser Tasks,lambda/hermes-agent-reasoning-traces:glm-5.1:train:2975,ok,
hermes:glm-5.1:7715c4d9-c473-4b7c-b9c1-08fd6a5e30e1,7715c4d9-c473-4b7c-b9c1-08fd6a5e30e1,glm-5.1,True,18,False,,False,False,Browser Automation,Browser Tasks,lambda/hermes-agent-reasoning-traces:glm-5.1:train:2543,ok,
hermes:glm-5.1:77178d00-2f4e-4936-8b48-825e12bdb5e1,77178d00-2f4e-4936-8b48-825e12bdb5e1,glm-5.1,True,10,False,,False,False,Terminal & Coding,Terminal Tasks,lambda/hermes-agent-reasoning-traces:glm-5.1:train:144,ok,
hermes:glm-5.1:7735b33a-ecd0-476a-8a01-26c4bb755683,7735b33a-ecd0-476a-8a01-26c4bb755683,glm-5.1,True,29,False,,False,False,Terminal & Coding,Terminal Tasks,lambda/hermes-agent-reasoning-traces:glm-5.1:train:1657,ok,
hermes:glm-5.1:774a856c-e176-4919-a294-f0c42617b7d3,774a856c-e176-4919-a294-f0c42617b7d3,glm-5.1,True,18,False,,False,False,Terminal & Coding,Terminal Tasks,lambda/hermes-agent-reasoning-traces:glm-5.1:train:990,ok,
hermes:glm-5.1:775f012e-caed-4a8f-9b07-10ae0eb7b600,775f012e-caed-4a8f-9b07-10ae0eb7b600,glm-5.1,True,10,False,,False,False,Terminal & Coding,Terminal Tasks,lambda/hermes-agent-reasoning-traces:glm-5.1:train:59,ok,
hermes:glm-5.1:7777c1ce-c551-4e68-a744-a764e43b901b,7777c1ce-c551-4e68-a744-a764e43b901b,glm-5.1,True,24,False,,False,False,Browser Automation,Browser Tasks,lambda/hermes-agent-reasoning-traces:glm-5.1:train:2968,ok,
hermes:glm-5.1:778747e9-49aa-41a7-828d-6cd86a8b7f08,778747e9-49aa-41a7-828d-6cd86a8b7f08,glm-5.1,True,25,False,,False,False,Browser Automation,Browser Tasks,lambda/hermes-agent-reasoning-traces:glm-5.1:train:2946,ok,
hermes:glm-5.1:779180cf-04ec-485f-8b9f-e1191ea9eb3f,779180cf-04ec-485f-8b9f-e1191ea9eb3f,glm-5.1,True,23,False,,False,False,Terminal & Coding,Terminal Tasks,lambda/hermes-agent-reasoning-traces:glm-5.1:train:383,ok,
hermes:glm-5.1:779e64e1-3590-4cb5-9b68-fffbfd7a0edb,779e64e1-3590-4cb5-9b68-fffbfd7a0edb,glm-5.1,True,12,False,,False,False,Terminal & Coding,Terminal Tasks,lambda/hermes-agent-reasoning-traces:glm-5.1:train:1946,ok,
hermes:glm-5.1:77b4b460-8a66-40a1-9ede-2a8b7a6399e8,77b4b460-8a66-40a1-9ede-2a8b7a6399e8,glm-5.1,True,18,False,,False,False,Browser Automation,Browser Tasks,lambda/hermes-agent-reasoning-traces:glm-5.1:train:2622,ok,
hermes:glm-5.1:77e04f5d-177e-4e53-af22-147d7aeb62d1,77e04f5d-177e-4e53-af22-147d7aeb62d1,glm-5.1,True,14,False,,False,False,Scheduling,Cron Jobs,lambda/hermes-agent-reasoning-traces:glm-5.1:train:1032,ok,
hermes:glm-5.1:77f9391d-03d6-4b3f-bee1-14affca78b0f,77f9391d-03d6-4b3f-bee1-14affca78b0f,glm-5.1,True,14,False,,False,False,Terminal & Coding,Terminal Tasks,lambda/hermes-agent-reasoning-traces:glm-5.1:train:2087,ok,
hermes:glm-5.1:7833b903-9d44-40ca-ae5a-9e128a01a543,7833b903-9d44-40ca-ae5a-9e128a01a543,glm-5.1,True,31,False,,False,False,Terminal & Coding,Terminal Tasks,lambda/hermes-agent-reasoning-traces:glm-5.1:train:1939,ok,
hermes:glm-5.1:78390e58-b7f8-471b-b028-6870f182ac27,78390e58-b7f8-471b-b028-6870f182ac27,glm-5.1,True,25,False,,False,False,Browser Automation,Browser Tasks,lambda/hermes-agent-reasoning-traces:glm-5.1:train:2795,ok,
hermes:glm-5.1:7850a622-2bb5-4994-a84a-29c42061e652,7850a622-2bb5-4994-a84a-29c42061e652,glm-5.1,True,9,False,,False,False,Terminal & Coding,Terminal Tasks,lambda/hermes-agent-reasoning-traces:glm-5.1:train:884,ok,
hermes:glm-5.1:78544cee-b85b-4d27-9ecb-fa1bccfe4949,78544cee-b85b-4d27-9ecb-fa1bccfe4949,glm-5.1,True,18,False,,False,False,Terminal & Coding,Terminal Tasks,lambda/hermes-agent-reasoning-traces:glm-5.1:train:1563,ok,
hermes:glm-5.1:7884ec5a-0d3e-48e3-9684-8564411cb603,7884ec5a-0d3e-48e3-9684-8564411cb603,glm-5.1,True,21,False,,False,False,Terminal & Coding,Terminal Tasks,lambda/hermes-agent-reasoning-traces:glm-5.1:train:1565,ok,
hermes:glm-5.1:78921764-203f-4389-a2bb-3a4ba2b4dd78,78921764-203f-4389-a2bb-3a4ba2b4dd78,glm-5.1,True,12,False,,False,False,Terminal & Coding,Terminal Tasks,lambda/hermes-agent-reasoning-traces:glm-5.1:train:1566,ok,
hermes:glm-5.1:789ee100-c54d-4959-a91b-7bfe64141283,789ee100-c54d-4959-a91b-7bfe64141283,glm-5.1,True,33,False,,False,False,Terminal & Coding,Terminal Tasks,lambda/hermes-agent-reasoning-traces:glm-5.1:train:877,ok,
hermes:glm-5.1:78d4a2c6-13a9-4903-abbb-c68de405d791,78d4a2c6-13a9-4903-abbb-c68de405d791,glm-5.1,True,19,False,,False,False,Scheduling,Cron Jobs,lambda/hermes-agent-reasoning-traces:glm-5.1:train:334,ok,
hermes:glm-5.1:78e61079-20e1-40a1-ab77-90e2cc16e4db,78e61079-20e1-40a1-ab77-90e2cc16e4db,glm-5.1,True,29,False,,False,False,Terminal & Coding,Terminal Tasks,lambda/hermes-agent-reasoning-traces:glm-5.1:train:2010,ok,
hermes:glm-5.1:78ed0e51-1f7b-48b7-8649-39602497bfa2,78ed0e51-1f7b-48b7-8649-39602497bfa2,glm-5.1,True,17,False,,False,False,Terminal & Coding,Terminal Tasks,lambda/hermes-agent-reasoning-traces:glm-5.1:train:1401,ok,
hermes:glm-5.1:7919da01-f7d6-4b38-b4ae-8ba3048951c6,7919da01-f7d6-4b38-b4ae-8ba3048951c6,glm-5.1,True,16,False,,False,False,Terminal & Coding,Terminal Tasks,lambda/hermes-agent-reasoning-traces:glm-5.1:train:892,ok,
hermes:glm-5.1:791aa112-ac8f-4437-8d21-ca21ccad02e4,791aa112-ac8f-4437-8d21-ca21ccad02e4,glm-5.1,True,14,False,,False,False,Multi-Tool,Multi-Tool Tasks,lambda/hermes-agent-reasoning-traces:glm-5.1:train:166,ok,
hermes:glm-5.1:791c5748-231c-40d7-9632-fb6d52ef4f05,791c5748-231c-40d7-9632-fb6d52ef4f05,glm-5.1,True,16,False,,False,False,Terminal & Coding,Terminal Tasks,lambda/hermes-agent-reasoning-traces:glm-5.1:train:2000,ok,
hermes:glm-5.1:794d292a-2deb-47a3-9037-587ff92816eb,794d292a-2deb-47a3-9037-587ff92816eb,glm-5.1,True,16,False,,False,False,Browser Automation,Browser Tasks,lambda/hermes-agent-reasoning-traces:glm-5.1:train:2807,ok,
hermes:glm-5.1:79734450-6e8f-4994-8dbe-0faccbd8a7a5,79734450-6e8f-4994-8dbe-0faccbd8a7a5,glm-5.1,True,11,False,,False,False,Terminal & Coding,Terminal Tasks,lambda/hermes-agent-reasoning-traces:glm-5.1:train:736,ok,
hermes:glm-5.1:79818ef2-4498-4cae-965b-9d49c22dfdeb,79818ef2-4498-4cae-965b-9d49c22dfdeb,glm-5.1,True,18,False,,False,False,Terminal & Coding,Terminal Tasks,lambda/hermes-agent-reasoning-traces:glm-5.1:train:2147,ok,
hermes:glm-5.1:798775e2-6018-483b-990b-207c8131a895,798775e2-6018-483b-990b-207c8131a895,glm-5.1,True,12,False,,False,False,Terminal & Coding,Terminal Tasks,lambda/hermes-agent-reasoning-traces:glm-5.1:train:1802,ok,
hermes:glm-5.1:798bbb50-0021-45e0-96a5-1221512d463a,798bbb50-0021-45e0-96a5-1221512d463a,glm-5.1,True,16,False,,False,False,Browser Automation,Browser Tasks,lambda/hermes-agent-reasoning-traces:glm-5.1:train:2544,ok,
hermes:glm-5.1:799daf14-0e5e-4b7a-9c3d-f7769d0d1a4c,799daf14-0e5e-4b7a-9c3d-f7769d0d1a4c,glm-5.1,True,18,False,,False,False,Terminal & Coding,Terminal Tasks,lambda/hermes-agent-reasoning-traces:glm-5.1:train:1029,ok,
hermes:glm-5.1:79ae93e4-14a4-4590-ba3b-a5e98938988d,79ae93e4-14a4-4590-ba3b-a5e98938988d,glm-5.1,True,21,False,,False,False,Multi-Tool,Multi-Tool Tasks,lambda/hermes-agent-reasoning-traces:glm-5.1:train:873,ok,
hermes:glm-5.1:79c96279-faa5-4d42-b503-36415b299c4e,79c96279-faa5-4d42-b503-36415b299c4e,glm-5.1,True,25,False,,False,False,Browser Automation,Browser Tasks,lambda/hermes-agent-reasoning-traces:glm-5.1:train:2556,ok,
hermes:glm-5.1:79cdfa3a-25c2-479a-bd0d-f0006f953ce2,79cdfa3a-25c2-479a-bd0d-f0006f953ce2,glm-5.1,True,23,False,,False,False,Browser Automation,Browser Tasks,lambda/hermes-agent-reasoning-traces:glm-5.1:train:2986,ok,
hermes:glm-5.1:79dd050c-a9f0-4d77-b403-936a7a908eaa,79dd050c-a9f0-4d77-b403-936a7a908eaa,glm-5.1,True,12,False,,False,False,Terminal & Coding,Terminal Tasks,lambda/hermes-agent-reasoning-traces:glm-5.1:train:391,ok,
hermes:glm-5.1:79e763db-56f9-4dd8-9618-be68f5bf9950,79e763db-56f9-4dd8-9618-be68f5bf9950,glm-5.1,True,14,False,,False,False,Terminal & Coding,Terminal Tasks,lambda/hermes-agent-reasoning-traces:glm-5.1:train:2437,ok,
hermes:glm-5.1:79ecb4cc-6fba-40f6-b14b-715b7b2b5922,79ecb4cc-6fba-40f6-b14b-715b7b2b5922,glm-5.1,True,23,False,,False,False,Terminal & Coding,Terminal Tasks,lambda/hermes-agent-reasoning-traces:glm-5.1:train:1199,ok,
hermes:glm-5.1:7a172759-e684-4815-9191-7a26f25c96c5,7a172759-e684-4815-9191-7a26f25c96c5,glm-5.1,True,17,False,,False,False,Terminal & Coding,Terminal Tasks,lambda/hermes-agent-reasoning-traces:glm-5.1:train:1498,ok,
hermes:glm-5.1:7a495506-5742-4d44-bf67-78c072e65e7a,7a495506-5742-4d44-bf67-78c072e65e7a,glm-5.1,True,9,False,,False,False,Terminal & Coding,Terminal Tasks,lambda/hermes-agent-reasoning-traces:glm-5.1:train:1455,ok,
hermes:glm-5.1:7a4b1651-91d0-4595-9a66-ae42f245930e,7a4b1651-91d0-4595-9a66-ae42f245930e,glm-5.1,True,9,False,,False,False,Planning & Organization,Planning Tasks,lambda/hermes-agent-reasoning-traces:glm-5.1:train:272,ok,
hermes:glm-5.1:7a74fdb7-540b-4bcf-afd2-6f10fedb609c,7a74fdb7-540b-4bcf-afd2-6f10fedb609c,glm-5.1,True,12,False,,False,False,Terminal & Coding,Terminal Tasks,lambda/hermes-agent-reasoning-traces:glm-5.1:train:2107,ok,
hermes:glm-5.1:7a875358-2764-4a3f-9026-ae69f96963f0,7a875358-2764-4a3f-9026-ae69f96963f0,glm-5.1,True,11,False,,False,False,Terminal & Coding,Terminal Tasks,lambda/hermes-agent-reasoning-traces:glm-5.1:train:496,ok,
hermes:glm-5.1:7a8ceddc-163a-4b1c-83cd-2f8e8164c3f9,7a8ceddc-163a-4b1c-83cd-2f8e8164c3f9,glm-5.1,True,23,False,,False,False,Browser Automation,Browser Tasks,lambda/hermes-agent-reasoning-traces:glm-5.1:train:2563,ok,
hermes:glm-5.1:7ac5ac9f-c417-407a-b8fc-4a5bd05d9714,7ac5ac9f-c417-407a-b8fc-4a5bd05d9714,glm-5.1,True,10,False,,False,False,Terminal & Coding,Terminal Tasks,lambda/hermes-agent-reasoning-traces:glm-5.1:train:595,ok,
hermes:glm-5.1:7ae18b31-36b7-41d6-977c-f3afe95b08e2,7ae18b31-36b7-41d6-977c-f3afe95b08e2,glm-5.1,True,12,False,,False,False,Terminal & Coding,Terminal Tasks,lambda/hermes-agent-reasoning-traces:glm-5.1:train:1491,ok,
hermes:glm-5.1:7b1bec2a-1f40-4575-9cc0-14fa056fcbcf,7b1bec2a-1f40-4575-9cc0-14fa056fcbcf,glm-5.1,True,10,False,,False,False,Terminal & Coding,Terminal Tasks,lambda/hermes-agent-reasoning-traces:glm-5.1:train:771,ok,
hermes:glm-5.1:7b21852f-a00f-452a-923f-a5c92ce617e0,7b21852f-a00f-452a-923f-a5c92ce617e0,glm-5.1,True,21,False,,False,False,Terminal & Coding,Terminal Tasks,lambda/hermes-agent-reasoning-traces:glm-5.1:train:1634,ok,
hermes:glm-5.1:7b4a6089-c2c4-49e9-96c7-3e487cffa76a,7b4a6089-c2c4-49e9-96c7-3e487cffa76a,glm-5.1,True,10,False,,False,False,Terminal & Coding,Terminal Tasks,lambda/hermes-agent-reasoning-traces:glm-5.1:train:1050,ok,
hermes:glm-5.1:7b5d5bc5-0839-4943-bd05-1cc1d852c9da,7b5d5bc5-0839-4943-bd05-1cc1d852c9da,glm-5.1,True,14,False,,False,False,File Operations,File Tasks,lambda/hermes-agent-reasoning-traces:glm-5.1:train:1795,ok,
hermes:glm-5.1:7b74b8fb-fa1c-40bb-964c-2be68e22002e,7b74b8fb-fa1c-40bb-964c-2be68e22002e,glm-5.1,True,23,False,,False,False,File Operations,File Tasks,lambda/hermes-agent-reasoning-traces:glm-5.1:train:1314,ok,
hermes:glm-5.1:7b759913-56c8-451a-b097-dbd5622e9174,7b759913-56c8-451a-b097-dbd5622e9174,glm-5.1,True,23,False,,False,False,Browser Automation,Browser Tasks,lambda/hermes-agent-reasoning-traces:glm-5.1:train:2912,ok,
hermes:glm-5.1:7b78f1bb-758b-4dfd-a5f0-af9101f49791,7b78f1bb-758b-4dfd-a5f0-af9101f49791,glm-5.1,True,12,False,,False,False,Terminal & Coding,Terminal Tasks,lambda/hermes-agent-reasoning-traces:glm-5.1:train:835,ok,
hermes:glm-5.1:7b800899-600a-427d-a0e3-7a35bb1c9fa2,7b800899-600a-427d-a0e3-7a35bb1c9fa2,glm-5.1,True,29,False,,False,False,Terminal & Coding,Terminal Tasks,lambda/hermes-agent-reasoning-traces:glm-5.1:train:2154,ok,
hermes:glm-5.1:7b8c18f4-6587-46c8-a89a-5da6bfdeb67e,7b8c18f4-6587-46c8-a89a-5da6bfdeb67e,glm-5.1,True,16,False,,False,False,Terminal & Coding,Terminal Tasks,lambda/hermes-agent-reasoning-traces:glm-5.1:train:503,ok,
hermes:glm-5.1:7b92fe34-7542-4db0-99d6-5d2bc6afca11,7b92fe34-7542-4db0-99d6-5d2bc6afca11,glm-5.1,True,10,False,,False,False,Terminal & Coding,Terminal Tasks,lambda/hermes-agent-reasoning-traces:glm-5.1:train:2032,ok,
hermes:glm-5.1:7baf8bb0-d29f-446e-bf3b-67907e3d3725,7baf8bb0-d29f-446e-bf3b-67907e3d3725,glm-5.1,True,10,False,,False,False,Terminal & Coding,Terminal Tasks,lambda/hermes-agent-reasoning-traces:glm-5.1:train:2228,ok,
hermes:glm-5.1:7bcb207c-b270-4df2-bce2-2725a1afbb4e,7bcb207c-b270-4df2-bce2-2725a1afbb4e,glm-5.1,True,10,False,,False,False,Terminal & Coding,Terminal Tasks,lambda/hermes-agent-reasoning-traces:glm-5.1:train:354,ok,
hermes:glm-5.1:7bcc7bbf-a204-4d57-bec7-1ec89850c16e,7bcc7bbf-a204-4d57-bec7-1ec89850c16e,glm-5.1,True,14,False,,False,False,Terminal & Coding,Terminal Tasks,lambda/hermes-agent-reasoning-traces:glm-5.1:train:2058,ok,
hermes:glm-5.1:7bdf65e6-64ac-4bcf-b6fd-881fb546b91d,7bdf65e6-64ac-4bcf-b6fd-881fb546b91d,glm-5.1,True,15,False,,False,False,Terminal & Coding,Terminal Tasks,lambda/hermes-agent-reasoning-traces:glm-5.1:train:138,ok,
hermes:glm-5.1:7bedb176-1b32-4054-8591-e53dcc06a0a4,7bedb176-1b32-4054-8591-e53dcc06a0a4,glm-5.1,True,14,False,,False,False,Terminal & Coding,Terminal Tasks,lambda/hermes-agent-reasoning-traces:glm-5.1:train:147,ok,
hermes:glm-5.1:7bfd1e31-7407-4fa6-9702-a68d215bedfc,7bfd1e31-7407-4fa6-9702-a68d215bedfc,glm-5.1,True,12,False,,False,False,Terminal & Coding,Terminal Tasks,lambda/hermes-agent-reasoning-traces:glm-5.1:train:399,ok,
hermes:glm-5.1:7c145b30-958b-4e5f-8fb0-37dffee339a3,7c145b30-958b-4e5f-8fb0-37dffee339a3,glm-5.1,True,29,False,,False,False,Agent Tools,Background Processes,lambda/hermes-agent-reasoning-traces:glm-5.1:train:2497,ok,
hermes:glm-5.1:7c1d4cd0-b512-4997-8286-ac9cfcfc2c94,7c1d4cd0-b512-4997-8286-ac9cfcfc2c94,glm-5.1,True,31,False,,False,False,Browser Automation,Browser Tasks,lambda/hermes-agent-reasoning-traces:glm-5.1:train:2591,ok,
hermes:glm-5.1:7c2810d1-22e9-4f41-a73b-20f30c0c00d7,7c2810d1-22e9-4f41-a73b-20f30c0c00d7,glm-5.1,True,12,False,,False,False,File Operations,File Tasks,lambda/hermes-agent-reasoning-traces:glm-5.1:train:66,ok,
hermes:glm-5.1:7c6bd801-9db0-4b95-8244-51956df063c9,7c6bd801-9db0-4b95-8244-51956df063c9,glm-5.1,True,16,False,,False,False,Scheduling,Cron Jobs,lambda/hermes-agent-reasoning-traces:glm-5.1:train:1345,ok,
hermes:glm-5.1:7c7f91c5-139c-45f5-98e3-679ba334e9cc,7c7f91c5-139c-45f5-98e3-679ba334e9cc,glm-5.1,True,12,False,,False,False,Terminal & Coding,Terminal Tasks,lambda/hermes-agent-reasoning-traces:glm-5.1:train:1450,ok,
hermes:glm-5.1:7c979a22-af33-4659-b04d-503e81086874,7c979a22-af33-4659-b04d-503e81086874,glm-5.1,True,12,False,,False,False,Terminal & Coding,Terminal Tasks,lambda/hermes-agent-reasoning-traces:glm-5.1:train:331,ok,
hermes:glm-5.1:7c9c2d65-66af-4335-b90c-5c03003d1800,7c9c2d65-66af-4335-b90c-5c03003d1800,glm-5.1,True,10,False,,False,False,Terminal & Coding,Terminal Tasks,lambda/hermes-agent-reasoning-traces:glm-5.1:train:2373,ok,
hermes:glm-5.1:7cb43cf6-4fd7-470e-9f2f-57b84376764a,7cb43cf6-4fd7-470e-9f2f-57b84376764a,glm-5.1,True,24,False,,False,False,Browser Automation,Browser Tasks,lambda/hermes-agent-reasoning-traces:glm-5.1:train:2882,ok,
hermes:glm-5.1:7cb9f10a-2ddb-47b8-af91-0ecb9364d5ca,7cb9f10a-2ddb-47b8-af91-0ecb9364d5ca,glm-5.1,True,14,False,,False,False,Terminal & Coding,Terminal Tasks,lambda/hermes-agent-reasoning-traces:glm-5.1:train:2406,ok,
hermes:glm-5.1:7ce994ef-e106-4d30-8a0b-580bed7087cc,7ce994ef-e106-4d30-8a0b-580bed7087cc,glm-5.1,True,16,False,,False,False,Terminal & Coding,Terminal Tasks,lambda/hermes-agent-reasoning-traces:glm-5.1:train:1542,ok,
hermes:glm-5.1:7cf66067-af2b-46d7-806c-a7906c2d51a2,7cf66067-af2b-46d7-806c-a7906c2d51a2,glm-5.1,True,20,False,,False,False,Terminal & Coding,Terminal Tasks,lambda/hermes-agent-reasoning-traces:glm-5.1:train:1131,ok,
hermes:glm-5.1:7cf8182f-5331-4ec7-9396-a95e2794a809,7cf8182f-5331-4ec7-9396-a95e2794a809,glm-5.1,True,15,False,,False,False,Terminal & Coding,Terminal Tasks,lambda/hermes-agent-reasoning-traces:glm-5.1:train:1781,ok,
hermes:glm-5.1:7d41df59-5e1b-49db-9311-4ea230b624b7,7d41df59-5e1b-49db-9311-4ea230b624b7,glm-5.1,True,29,False,,False,False,Terminal & Coding,Terminal Tasks,lambda/hermes-agent-reasoning-traces:glm-5.1:train:417,ok,
hermes:glm-5.1:7d4541b7-4bf1-4e2d-9842-0a87461c40bb,7d4541b7-4bf1-4e2d-9842-0a87461c40bb,glm-5.1,True,12,False,,False,False,Terminal & Coding,Terminal Tasks,lambda/hermes-agent-reasoning-traces:glm-5.1:train:217,ok,
hermes:glm-5.1:7d473175-de72-4f99-b1f0-ceb8562faec9,7d473175-de72-4f99-b1f0-ceb8562faec9,glm-5.1,True,19,False,,False,False,Terminal & Coding,Terminal Tasks,lambda/hermes-agent-reasoning-traces:glm-5.1:train:2365,ok,
hermes:glm-5.1:7d6f9662-c238-4f0d-b314-376e67830c48,7d6f9662-c238-4f0d-b314-376e67830c48,glm-5.1,True,10,False,,False,False,Terminal & Coding,Terminal Tasks,lambda/hermes-agent-reasoning-traces:glm-5.1:train:1076,ok,
hermes:glm-5.1:7d8371a6-53b0-4d85-88aa-43b0430115c7,7d8371a6-53b0-4d85-88aa-43b0430115c7,glm-5.1,True,12,False,,False,False,File Operations,File Tasks,lambda/hermes-agent-reasoning-traces:glm-5.1:train:846,ok,
hermes:glm-5.1:7da3f8a4-8cb7-4a89-a57e-e7e4b14a11c3,7da3f8a4-8cb7-4a89-a57e-e7e4b14a11c3,glm-5.1,True,27,False,,False,False,Terminal & Coding,Terminal Tasks,lambda/hermes-agent-reasoning-traces:glm-5.1:train:1176,ok,
hermes:glm-5.1:7dab1809-82d5-4d46-9477-0f0763a88001,7dab1809-82d5-4d46-9477-0f0763a88001,glm-5.1,True,23,False,,False,False,Browser Automation,Browser Tasks,lambda/hermes-agent-reasoning-traces:glm-5.1:train:2659,ok,
hermes:glm-5.1:7dbbfa48-b985-4fab-824d-f5f5b67bdcdf,7dbbfa48-b985-4fab-824d-f5f5b67bdcdf,glm-5.1,True,16,False,,False,False,Terminal & Coding,Terminal Tasks,lambda/hermes-agent-reasoning-traces:glm-5.1:train:1967,ok,
hermes:glm-5.1:7dc2cc90-8974-4517-a930-154ce82c06d9,7dc2cc90-8974-4517-a930-154ce82c06d9,glm-5.1,True,12,False,,False,False,Terminal & Coding,Terminal Tasks,lambda/hermes-agent-reasoning-traces:glm-5.1:train:1554,ok,
hermes:glm-5.1:7dd10972-38a4-4804-acc3-68a3bdb9bdb3,7dd10972-38a4-4804-acc3-68a3bdb9bdb3,glm-5.1,True,14,False,,False,False,Terminal & Coding,Terminal Tasks,lambda/hermes-agent-reasoning-traces:glm-5.1:train:307,ok,
hermes:glm-5.1:7dfee69f-1395-4900-ac17-a9e17a565d01,7dfee69f-1395-4900-ac17-a9e17a565d01,glm-5.1,True,27,False,,False,False,File Operations,File Tasks,lambda/hermes-agent-reasoning-traces:glm-5.1:train:860,ok,
hermes:glm-5.1:7e04b73a-103a-43bf-9c50-5555817a4f2d,7e04b73a-103a-43bf-9c50-5555817a4f2d,glm-5.1,True,10,False,,False,False,Terminal & Coding,Terminal Tasks,lambda/hermes-agent-reasoning-traces:glm-5.1:train:2459,ok,
hermes:glm-5.1:7e2d3df6-fa3d-4ac3-821f-805b5d7e01f4,7e2d3df6-fa3d-4ac3-821f-805b5d7e01f4,glm-5.1,True,24,False,,False,False,Agent Tools,Background Processes,lambda/hermes-agent-reasoning-traces:glm-5.1:train:741,ok,
hermes:glm-5.1:7e391619-e518-4c93-b115-b2f8bd8c6d39,7e391619-e518-4c93-b115-b2f8bd8c6d39,glm-5.1,True,16,False,,False,False,Terminal & Coding,Terminal Tasks,lambda/hermes-agent-reasoning-traces:glm-5.1:train:464,ok,
hermes:glm-5.1:7e69da14-d327-4a3a-966e-03d0e7e2499b,7e69da14-d327-4a3a-966e-03d0e7e2499b,glm-5.1,True,10,False,,False,False,Terminal & Coding,Terminal Tasks,lambda/hermes-agent-reasoning-traces:glm-5.1:train:1768,ok,
hermes:glm-5.1:7e7cdbf6-338d-41af-9186-b24a32eb4f41,7e7cdbf6-338d-41af-9186-b24a32eb4f41,glm-5.1,True,14,False,,False,False,Terminal & Coding,Terminal Tasks,lambda/hermes-agent-reasoning-traces:glm-5.1:train:1968,ok,
hermes:glm-5.1:7ecfae86-e9ea-4bb2-a69e-b527866d37e2,7ecfae86-e9ea-4bb2-a69e-b527866d37e2,glm-5.1,True,18,False,,False,False,Scheduling,Cron Jobs,lambda/hermes-agent-reasoning-traces:glm-5.1:train:531,ok,
hermes:glm-5.1:7ed65726-b234-4525-905f-e54d663281af,7ed65726-b234-4525-905f-e54d663281af,glm-5.1,True,18,False,,False,False,Scheduling,Cron Jobs,lambda/hermes-agent-reasoning-traces:glm-5.1:train:560,ok,
hermes:glm-5.1:7ee14637-4add-4933-a107-dd84e0c22e8a,7ee14637-4add-4933-a107-dd84e0c22e8a,glm-5.1,True,27,False,,False,False,Terminal & Coding,Terminal Tasks,lambda/hermes-agent-reasoning-traces:glm-5.1:train:1152,ok,
hermes:glm-5.1:7efac058-2992-45d1-9973-6ce43f9ae6f0,7efac058-2992-45d1-9973-6ce43f9ae6f0,glm-5.1,True,29,False,,False,False,Browser Automation,Browser Tasks,lambda/hermes-agent-reasoning-traces:glm-5.1:train:2910,ok,
hermes:glm-5.1:7f05ad72-70fc-4b44-9946-5d3580a96f47,7f05ad72-70fc-4b44-9946-5d3580a96f47,glm-5.1,True,10,False,,False,False,Terminal & Coding,Terminal Tasks,lambda/hermes-agent-reasoning-traces:glm-5.1:train:22,ok,
hermes:glm-5.1:7f13b860-2b86-4b76-a8ea-e60ff390d20c,7f13b860-2b86-4b76-a8ea-e60ff390d20c,glm-5.1,True,31,False,,False,False,Browser Automation,Browser Tasks,lambda/hermes-agent-reasoning-traces:glm-5.1:train:2610,ok,
hermes:glm-5.1:7f14458a-1a63-4569-bd8a-ec7a4f3726ba,7f14458a-1a63-4569-bd8a-ec7a4f3726ba,glm-5.1,True,25,False,,False,False,Terminal & Coding,Terminal Tasks,lambda/hermes-agent-reasoning-traces:glm-5.1:train:932,ok,
hermes:glm-5.1:7f2149ec-de0f-4177-a7c9-b9be41e17e33,7f2149ec-de0f-4177-a7c9-b9be41e17e33,glm-5.1,True,10,False,,False,False,Terminal & Coding,Terminal Tasks,lambda/hermes-agent-reasoning-traces:glm-5.1:train:2259,ok,
hermes:glm-5.1:7f2ff79e-9330-4ba6-b3fb-371fc370fcc3,7f2ff79e-9330-4ba6-b3fb-371fc370fcc3,glm-5.1,True,23,False,,False,False,Terminal & Coding,Terminal Tasks,lambda/hermes-agent-reasoning-traces:glm-5.1:train:1885,ok,
hermes:glm-5.1:7f576de7-277f-4d4f-ae22-f33c9478de61,7f576de7-277f-4d4f-ae22-f33c9478de61,glm-5.1,True,11,False,,False,False,Terminal & Coding,Terminal Tasks,lambda/hermes-agent-reasoning-traces:glm-5.1:train:1352,ok,
hermes:glm-5.1:7f832962-3758-414a-b408-9f612874dffc,7f832962-3758-414a-b408-9f612874dffc,glm-5.1,True,25,False,,False,False,Terminal & Coding,Terminal Tasks,lambda/hermes-agent-reasoning-traces:glm-5.1:train:330,ok,
hermes:glm-5.1:7f8dee4a-5154-4f9b-92e1-15b961efb0ce,7f8dee4a-5154-4f9b-92e1-15b961efb0ce,glm-5.1,True,23,False,,False,False,Scheduling,Cron Jobs,lambda/hermes-agent-reasoning-traces:glm-5.1:train:2273,ok,
hermes:glm-5.1:7fa2b5e4-f538-4ebc-83f7-a3190a1374b5,7fa2b5e4-f538-4ebc-83f7-a3190a1374b5,glm-5.1,True,10,False,,False,False,Terminal & Coding,Terminal Tasks,lambda/hermes-agent-reasoning-traces:glm-5.1:train:1546,ok,
hermes:glm-5.1:7fb5e5bc-52e2-4b57-8bff-c9e661fa4913,7fb5e5bc-52e2-4b57-8bff-c9e661fa4913,glm-5.1,True,23,False,,False,False,Terminal & Coding,Terminal Tasks,lambda/hermes-agent-reasoning-traces:glm-5.1:train:1492,ok,
hermes:glm-5.1:7fcb4fe8-b2c4-4b1f-9e08-1a87cb692d77,7fcb4fe8-b2c4-4b1f-9e08-1a87cb692d77,glm-5.1,True,23,False,,False,False,Terminal & Coding,Terminal Tasks,lambda/hermes-agent-reasoning-traces:glm-5.1:train:1464,ok,
hermes:glm-5.1:7fd2bc39-4eec-49ea-aa7e-96470dfcfa54,7fd2bc39-4eec-49ea-aa7e-96470dfcfa54,glm-5.1,True,11,False,,False,False,Terminal & Coding,Terminal Tasks,lambda/hermes-agent-reasoning-traces:glm-5.1:train:1330,ok,
hermes:glm-5.1:80135df6-9787-47c8-a6c4-b76133d802d2,80135df6-9787-47c8-a6c4-b76133d802d2,glm-5.1,True,12,False,,False,False,Planning & Organization,Planning Tasks,lambda/hermes-agent-reasoning-traces:glm-5.1:train:355,ok,
hermes:glm-5.1:80251810-2031-4b5a-a8e0-42cdbe473adf,80251810-2031-4b5a-a8e0-42cdbe473adf,glm-5.1,True,19,False,,False,False,Browser Automation,Browser Tasks,lambda/hermes-agent-reasoning-traces:glm-5.1:train:2808,ok,
hermes:glm-5.1:80297473-0c64-4254-82a8-05d9521ed24b,80297473-0c64-4254-82a8-05d9521ed24b,glm-5.1,True,16,False,,False,False,Terminal & Coding,Terminal Tasks,lambda/hermes-agent-reasoning-traces:glm-5.1:train:1235,ok,
hermes:glm-5.1:803f5ec5-5056-4c3b-a1d6-7cd6a5949d07,803f5ec5-5056-4c3b-a1d6-7cd6a5949d07,glm-5.1,True,27,False,,False,False,Terminal & Coding,Terminal Tasks,lambda/hermes-agent-reasoning-traces:glm-5.1:train:1077,ok,
hermes:glm-5.1:80639fcb-0ec0-44d2-8809-863d3e97c9ac,80639fcb-0ec0-44d2-8809-863d3e97c9ac,glm-5.1,True,10,False,,False,False,Terminal & Coding,Terminal Tasks,lambda/hermes-agent-reasoning-traces:glm-5.1:train:1949,ok,
hermes:glm-5.1:807e3248-351c-4df3-b1e9-0d1ecce4fb58,807e3248-351c-4df3-b1e9-0d1ecce4fb58,glm-5.1,True,25,False,,False,False,Browser Automation,Browser Tasks,lambda/hermes-agent-reasoning-traces:glm-5.1:train:2582,ok,
hermes:glm-5.1:808ab5bf-a6a2-490a-a7cc-1bd1d2e93c15,808ab5bf-a6a2-490a-a7cc-1bd1d2e93c15,glm-5.1,True,16,False,,False,False,Browser Automation,Browser Tasks,lambda/hermes-agent-reasoning-traces:glm-5.1:train:2523,ok,
hermes:glm-5.1:8097397c-882e-4328-b03b-2b90ee4b8a36,8097397c-882e-4328-b03b-2b90ee4b8a36,glm-5.1,True,17,False,,False,False,Terminal & Coding,Terminal Tasks,lambda/hermes-agent-reasoning-traces:glm-5.1:train:1391,ok,
hermes:glm-5.1:80a77f24-a439-422a-b1b6-0bbcb62bc993,80a77f24-a439-422a-b1b6-0bbcb62bc993,glm-5.1,True,18,False,,False,False,Scheduling,Cron Jobs,lambda/hermes-agent-reasoning-traces:glm-5.1:train:80,ok,
hermes:glm-5.1:80b3a6b1-f4b8-42ef-889f-7f1b6351d8c7,80b3a6b1-f4b8-42ef-889f-7f1b6351d8c7,glm-5.1,True,27,False,,False,False,Terminal & Coding,Terminal Tasks,lambda/hermes-agent-reasoning-traces:glm-5.1:train:795,ok,
hermes:glm-5.1:80ec1ec9-a225-4562-b380-374a0cf89e98,80ec1ec9-a225-4562-b380-374a0cf89e98,glm-5.1,True,21,False,,False,False,Terminal & Coding,Terminal Tasks,lambda/hermes-agent-reasoning-traces:glm-5.1:train:772,ok,
hermes:glm-5.1:80ed4eb4-ec08-451c-9b47-a043a536e2e6,80ed4eb4-ec08-451c-9b47-a043a536e2e6,glm-5.1,True,16,False,,False,False,Terminal & Coding,Terminal Tasks,lambda/hermes-agent-reasoning-traces:glm-5.1:train:2206,ok,
hermes:glm-5.1:80ee187a-3491-451c-aefa-aad675f57ec4,80ee187a-3491-451c-aefa-aad675f57ec4,glm-5.1,True,16,False,,False,False,Terminal & Coding,Terminal Tasks,lambda/hermes-agent-reasoning-traces:glm-5.1:train:862,ok,
hermes:glm-5.1:811421ff-d15f-4a1a-ac33-d93b1a1cc4e9,811421ff-d15f-4a1a-ac33-d93b1a1cc4e9,glm-5.1,True,16,False,,False,False,Terminal & Coding,Terminal Tasks,lambda/hermes-agent-reasoning-traces:glm-5.1:train:243,ok,
hermes:glm-5.1:8114f57b-4397-4494-a70b-5b72db049ff3,8114f57b-4397-4494-a70b-5b72db049ff3,glm-5.1,True,21,False,,False,False,Terminal & Coding,Terminal Tasks,lambda/hermes-agent-reasoning-traces:glm-5.1:train:817,ok,
hermes:glm-5.1:814a1f55-5c03-409f-8481-7b4b45f65f70,814a1f55-5c03-409f-8481-7b4b45f65f70,glm-5.1,True,23,False,,False,False,Browser Automation,Browser Tasks,lambda/hermes-agent-reasoning-traces:glm-5.1:train:2917,ok,
hermes:glm-5.1:814ea926-e3ee-4d93-b7a7-bccfde03cfab,814ea926-e3ee-4d93-b7a7-bccfde03cfab,glm-5.1,True,16,False,,False,False,Terminal & Coding,Terminal Tasks,lambda/hermes-agent-reasoning-traces:glm-5.1:train:1649,ok,
hermes:glm-5.1:8169b254-ae63-4aca-86fd-e0406d7963b5,8169b254-ae63-4aca-86fd-e0406d7963b5,glm-5.1,True,17,False,,False,False,Terminal & Coding,Terminal Tasks,lambda/hermes-agent-reasoning-traces:glm-5.1:train:1701,ok,
hermes:glm-5.1:817e0279-92e5-43c8-bef2-8f751bc5655c,817e0279-92e5-43c8-bef2-8f751bc5655c,glm-5.1,True,23,False,,False,False,Terminal & Coding,Terminal Tasks,lambda/hermes-agent-reasoning-traces:glm-5.1:train:1669,ok,
hermes:glm-5.1:81861813-27b4-4054-a69b-e6982802c486,81861813-27b4-4054-a69b-e6982802c486,glm-5.1,True,23,False,,False,False,Terminal & Coding,Terminal Tasks,lambda/hermes-agent-reasoning-traces:glm-5.1:train:2157,ok,
hermes:glm-5.1:8189ede5-cb4a-43b5-82d8-6bdbf0d9c7d8,8189ede5-cb4a-43b5-82d8-6bdbf0d9c7d8,glm-5.1,True,15,False,,False,False,Terminal & Coding,Terminal Tasks,lambda/hermes-agent-reasoning-traces:glm-5.1:train:2046,ok,
hermes:glm-5.1:81bf4d3e-9801-44ba-8ecb-fc0fe4897857,81bf4d3e-9801-44ba-8ecb-fc0fe4897857,glm-5.1,True,13,False,,False,False,File Operations,File Tasks,lambda/hermes-agent-reasoning-traces:glm-5.1:train:2354,ok,
hermes:glm-5.1:81c70bd5-1137-47e2-8220-b2caf3c2dda5,81c70bd5-1137-47e2-8220-b2caf3c2dda5,glm-5.1,True,24,False,,False,False,Browser Automation,Browser Tasks,lambda/hermes-agent-reasoning-traces:glm-5.1:train:2619,ok,
hermes:glm-5.1:81caaa32-a8b7-4725-97d6-3396bbbb9f65,81caaa32-a8b7-4725-97d6-3396bbbb9f65,glm-5.1,True,20,False,,False,False,Browser Automation,Browser Tasks,lambda/hermes-agent-reasoning-traces:glm-5.1:train:2797,ok,
hermes:glm-5.1:81dae9ac-136c-4f64-9390-9883fa0618ee,81dae9ac-136c-4f64-9390-9883fa0618ee,glm-5.1,True,18,False,,False,False,Scheduling,Cron Jobs,lambda/hermes-agent-reasoning-traces:glm-5.1:train:454,ok,
hermes:glm-5.1:81e33ccb-c5ab-4384-826a-6dc4193cc16b,81e33ccb-c5ab-4384-826a-6dc4193cc16b,glm-5.1,True,16,False,,False,False,Terminal & Coding,Terminal Tasks,lambda/hermes-agent-reasoning-traces:glm-5.1:train:1733,ok,
hermes:glm-5.1:81e92e80-8a26-467e-9692-e88a74edbcd6,81e92e80-8a26-467e-9692-e88a74edbcd6,glm-5.1,True,16,False,,False,False,Browser Automation,Browser Tasks,lambda/hermes-agent-reasoning-traces:glm-5.1:train:2519,ok,
hermes:glm-5.1:8206fbc9-f059-4104-9a34-936a8e164cfa,8206fbc9-f059-4104-9a34-936a8e164cfa,glm-5.1,True,27,False,,False,False,Terminal & Coding,Terminal Tasks,lambda/hermes-agent-reasoning-traces:glm-5.1:train:1020,ok,
hermes:glm-5.1:821f3380-d7d1-49bc-9e8c-f0c20d1ce870,821f3380-d7d1-49bc-9e8c-f0c20d1ce870,glm-5.1,True,16,False,,False,False,Terminal & Coding,Terminal Tasks,lambda/hermes-agent-reasoning-traces:glm-5.1:train:2339,ok,
hermes:glm-5.1:822d73e0-fb5f-4544-bdd9-150e67d60798,822d73e0-fb5f-4544-bdd9-150e67d60798,glm-5.1,True,27,False,,False,False,File Operations,File Tasks,lambda/hermes-agent-reasoning-traces:glm-5.1:train:146,ok,
hermes:glm-5.1:823cdb26-7cd7-4e98-b45e-b207535f3dc9,823cdb26-7cd7-4e98-b45e-b207535f3dc9,glm-5.1,True,29,False,,False,False,Browser Automation,Browser Tasks,lambda/hermes-agent-reasoning-traces:glm-5.1:train:2732,ok,
hermes:glm-5.1:82423928-d6ac-407b-b22a-3366eec8c584,82423928-d6ac-407b-b22a-3366eec8c584,glm-5.1,True,24,False,,False,False,Browser Automation,Browser Tasks,lambda/hermes-agent-reasoning-traces:glm-5.1:train:2954,ok,
hermes:glm-5.1:8249aa77-13f7-4e93-9e72-c79c83eb2283,8249aa77-13f7-4e93-9e72-c79c83eb2283,glm-5.1,True,10,False,,False,False,Terminal & Coding,Terminal Tasks,lambda/hermes-agent-reasoning-traces:glm-5.1:train:63,ok,
hermes:glm-5.1:824ee9fc-c11c-4409-9e2d-ab29fd1f1072,824ee9fc-c11c-4409-9e2d-ab29fd1f1072,glm-5.1,True,12,False,,False,False,Terminal & Coding,Terminal Tasks,lambda/hermes-agent-reasoning-traces:glm-5.1:train:507,ok,
hermes:glm-5.1:8262ddcd-7e7c-444e-9d98-63cab577b29f,8262ddcd-7e7c-444e-9d98-63cab577b29f,glm-5.1,True,16,False,,False,False,Terminal & Coding,Terminal Tasks,lambda/hermes-agent-reasoning-traces:glm-5.1:train:1347,ok,
hermes:glm-5.1:82766d8e-61d1-4207-abf1-193dea78b445,82766d8e-61d1-4207-abf1-193dea78b445,glm-5.1,True,27,False,,False,False,Browser Automation,Browser Tasks,lambda/hermes-agent-reasoning-traces:glm-5.1:train:2629,ok,
hermes:glm-5.1:82d0d993-e34a-4047-94d0-2aca4d4615fa,82d0d993-e34a-4047-94d0-2aca4d4615fa,glm-5.1,True,12,False,,False,False,Terminal & Coding,Terminal Tasks,lambda/hermes-agent-reasoning-traces:glm-5.1:train:1359,ok,
hermes:glm-5.1:82f5950f-1516-4120-8bb3-fb10cad2a66d,82f5950f-1516-4120-8bb3-fb10cad2a66d,glm-5.1,True,16,False,,False,False,Terminal & Coding,Terminal Tasks,lambda/hermes-agent-reasoning-traces:glm-5.1:train:1126,ok,
hermes:glm-5.1:82ffdcb7-c2b0-462d-ac64-84dc01170c07,82ffdcb7-c2b0-462d-ac64-84dc01170c07,glm-5.1,True,16,False,,False,False,Scheduling,Cron Jobs,lambda/hermes-agent-reasoning-traces:glm-5.1:train:2051,ok,
hermes:glm-5.1:83227969-0406-4efd-b83b-487b6b862d00,83227969-0406-4efd-b83b-487b6b862d00,glm-5.1,True,15,False,,False,False,Terminal & Coding,Terminal Tasks,lambda/hermes-agent-reasoning-traces:glm-5.1:train:109,ok,
hermes:glm-5.1:8326b5a0-219d-45d6-9caa-15a8fe6709b8,8326b5a0-219d-45d6-9caa-15a8fe6709b8,glm-5.1,True,14,False,,False,False,Terminal & Coding,Terminal Tasks,lambda/hermes-agent-reasoning-traces:glm-5.1:train:25,ok,
hermes:glm-5.1:833f0a1a-8e4c-491f-b133-0fbdc6216d4f,833f0a1a-8e4c-491f-b133-0fbdc6216d4f,glm-5.1,True,25,False,,False,False,Browser Automation,Browser Tasks,lambda/hermes-agent-reasoning-traces:glm-5.1:train:2737,ok,
hermes:glm-5.1:8355421a-7458-4e38-95b9-b15a354c7245,8355421a-7458-4e38-95b9-b15a354c7245,glm-5.1,True,14,False,,False,False,Terminal & Coding,Terminal Tasks,lambda/hermes-agent-reasoning-traces:glm-5.1:train:691,ok,
hermes:glm-5.1:8361b256-2112-460f-822c-80062023bdf2,8361b256-2112-460f-822c-80062023bdf2,glm-5.1,True,14,False,,False,False,Terminal & Coding,Terminal Tasks,lambda/hermes-agent-reasoning-traces:glm-5.1:train:1118,ok,
hermes:glm-5.1:8366f771-00b1-46ab-8a16-85c5611bca59,8366f771-00b1-46ab-8a16-85c5611bca59,glm-5.1,True,12,False,,False,False,Terminal & Coding,Terminal Tasks,lambda/hermes-agent-reasoning-traces:glm-5.1:train:97,ok,
hermes:glm-5.1:8374a9ff-d99f-4066-90e9-4910a1d7d6fc,8374a9ff-d99f-4066-90e9-4910a1d7d6fc,glm-5.1,True,14,False,,False,False,Terminal & Coding,Terminal Tasks,lambda/hermes-agent-reasoning-traces:glm-5.1:train:221,ok,
hermes:glm-5.1:83a00fca-8f86-4e6a-96d2-57950b32efe2,83a00fca-8f86-4e6a-96d2-57950b32efe2,glm-5.1,True,21,False,,False,False,Browser Automation,Browser Tasks,lambda/hermes-agent-reasoning-traces:glm-5.1:train:2792,ok,
hermes:glm-5.1:83b9153c-a3b0-4605-8494-87f92f4dec55,83b9153c-a3b0-4605-8494-87f92f4dec55,glm-5.1,True,10,False,,False,False,File Operations,File Tasks,lambda/hermes-agent-reasoning-traces:glm-5.1:train:1884,ok,
hermes:glm-5.1:83c3579a-bd6e-4453-866d-050b670c7c44,83c3579a-bd6e-4453-866d-050b670c7c44,glm-5.1,True,14,False,,False,False,Browser Automation,Browser Tasks,lambda/hermes-agent-reasoning-traces:glm-5.1:train:2933,ok,
hermes:glm-5.1:83cc3bce-fdad-4477-a7d3-68b9a1fec168,83cc3bce-fdad-4477-a7d3-68b9a1fec168,glm-5.1,True,29,False,,False,False,Terminal & Coding,Terminal Tasks,lambda/hermes-agent-reasoning-traces:glm-5.1:train:1319,ok,
hermes:glm-5.1:83d2dee7-10e7-4fe3-9993-4fe6d1c645de,83d2dee7-10e7-4fe3-9993-4fe6d1c645de,glm-5.1,True,16,False,,False,False,Terminal & Coding,Terminal Tasks,lambda/hermes-agent-reasoning-traces:glm-5.1:train:2452,ok,
hermes:glm-5.1:83e6601f-9ea9-4e7c-9570-1b5a2c24b71d,83e6601f-9ea9-4e7c-9570-1b5a2c24b71d,glm-5.1,True,12,False,,False,False,Terminal & Coding,Terminal Tasks,lambda/hermes-agent-reasoning-traces:glm-5.1:train:1284,ok,
hermes:glm-5.1:840b7bfe-8c66-4325-ae34-b62d9a6e3eca,840b7bfe-8c66-4325-ae34-b62d9a6e3eca,glm-5.1,True,23,False,,False,False,Terminal & Coding,Terminal Tasks,lambda/hermes-agent-reasoning-traces:glm-5.1:train:967,ok,
hermes:glm-5.1:84144d69-ba12-47d5-931f-2453fade1ae4,84144d69-ba12-47d5-931f-2453fade1ae4,glm-5.1,True,20,False,,False,False,Terminal & Coding,Terminal Tasks,lambda/hermes-agent-reasoning-traces:glm-5.1:train:461,ok,
hermes:glm-5.1:843f1f14-ad31-4863-bd83-6ff9712679ff,843f1f14-ad31-4863-bd83-6ff9712679ff,glm-5.1,True,20,False,,False,False,Terminal & Coding,Terminal Tasks,lambda/hermes-agent-reasoning-traces:glm-5.1:train:2064,ok,
hermes:glm-5.1:8442eae7-3e3d-4b36-b623-a1621b8d6bfb,8442eae7-3e3d-4b36-b623-a1621b8d6bfb,glm-5.1,True,29,False,,False,False,Terminal & Coding,Terminal Tasks,lambda/hermes-agent-reasoning-traces:glm-5.1:train:2385,ok,
hermes:glm-5.1:848a33fc-8d2c-4dc2-849b-73356e813b15,848a33fc-8d2c-4dc2-849b-73356e813b15,glm-5.1,True,25,False,,False,False,Terminal & Coding,Terminal Tasks,lambda/hermes-agent-reasoning-traces:glm-5.1:train:1612,ok,
hermes:glm-5.1:84a276b7-45d8-49ee-a352-cc1170b3f1a3,84a276b7-45d8-49ee-a352-cc1170b3f1a3,glm-5.1,True,12,False,,False,False,Terminal & Coding,Terminal Tasks,lambda/hermes-agent-reasoning-traces:glm-5.1:train:2234,ok,
hermes:glm-5.1:84e646c0-a8c3-44c9-a1f7-aafd75c51c89,84e646c0-a8c3-44c9-a1f7-aafd75c51c89,glm-5.1,True,33,False,,False,False,Terminal & Coding,Terminal Tasks,lambda/hermes-agent-reasoning-traces:glm-5.1:train:2344,ok,
hermes:glm-5.1:84eab8d7-e5c1-4c08-a856-5728bd47dc91,84eab8d7-e5c1-4c08-a856-5728bd47dc91,glm-5.1,True,29,False,,False,False,Terminal & Coding,Terminal Tasks,lambda/hermes-agent-reasoning-traces:glm-5.1:train:2048,ok,
hermes:glm-5.1:8513590b-ae1e-4307-983d-37db390bc361,8513590b-ae1e-4307-983d-37db390bc361,glm-5.1,True,25,False,,False,False,Terminal & Coding,Terminal Tasks,lambda/hermes-agent-reasoning-traces:glm-5.1:train:962,ok,
hermes:glm-5.1:8516ae89-0f8e-4657-bd76-00eafc4c0314,8516ae89-0f8e-4657-bd76-00eafc4c0314,glm-5.1,True,12,False,,False,False,Terminal & Coding,Terminal Tasks,lambda/hermes-agent-reasoning-traces:glm-5.1:train:669,ok,
hermes:glm-5.1:852c7586-eb41-4c4b-bcce-c9548210d246,852c7586-eb41-4c4b-bcce-c9548210d246,glm-5.1,True,25,False,,False,False,Terminal & Coding,Terminal Tasks,lambda/hermes-agent-reasoning-traces:glm-5.1:train:2208,ok,
hermes:glm-5.1:852e45f2-55e9-4b71-8e08-2b53c81aabcc,852e45f2-55e9-4b71-8e08-2b53c81aabcc,glm-5.1,True,25,False,,False,False,Terminal & Coding,Terminal Tasks,lambda/hermes-agent-reasoning-traces:glm-5.1:train:1762,ok,
hermes:glm-5.1:85409490-9e01-4394-8a3f-7728e5e0ab96,85409490-9e01-4394-8a3f-7728e5e0ab96,glm-5.1,True,25,False,,False,False,Browser Automation,Browser Tasks,lambda/hermes-agent-reasoning-traces:glm-5.1:train:2983,ok,
hermes:glm-5.1:854246c1-2b54-4602-8acc-ec554f74d72e,854246c1-2b54-4602-8acc-ec554f74d72e,glm-5.1,True,27,False,,False,False,Terminal & Coding,Terminal Tasks,lambda/hermes-agent-reasoning-traces:glm-5.1:train:1796,ok,
hermes:glm-5.1:8565c56f-0cf7-4206-8d08-82656c2f1780,8565c56f-0cf7-4206-8d08-82656c2f1780,glm-5.1,True,12,False,,False,False,Terminal & Coding,Terminal Tasks,lambda/hermes-agent-reasoning-traces:glm-5.1:train:1942,ok,
hermes:glm-5.1:8588e234-c3e0-4605-acdb-bcead05a709e,8588e234-c3e0-4605-acdb-bcead05a709e,glm-5.1,True,12,False,,False,False,Terminal & Coding,Terminal Tasks,lambda/hermes-agent-reasoning-traces:glm-5.1:train:2168,ok,
hermes:glm-5.1:85b0c2be-2881-4ae3-aea0-1115d2b2221c,85b0c2be-2881-4ae3-aea0-1115d2b2221c,glm-5.1,True,12,False,,False,False,Terminal & Coding,Terminal Tasks,lambda/hermes-agent-reasoning-traces:glm-5.1:train:1904,ok,
hermes:glm-5.1:85b465b3-a2f3-4220-ba03-be1af52123ff,85b465b3-a2f3-4220-ba03-be1af52123ff,glm-5.1,True,27,False,,False,False,Browser Automation,Browser Tasks,lambda/hermes-agent-reasoning-traces:glm-5.1:train:2761,ok,
hermes:glm-5.1:85bf4ff7-ce6a-408e-914c-35a7b039ae9a,85bf4ff7-ce6a-408e-914c-35a7b039ae9a,glm-5.1,True,22,False,,False,False,Browser Automation,Browser Tasks,lambda/hermes-agent-reasoning-traces:glm-5.1:train:2985,ok,
hermes:glm-5.1:85f49c18-597f-4474-9da8-63faaee32705,85f49c18-597f-4474-9da8-63faaee32705,glm-5.1,True,15,False,,False,False,Terminal & Coding,Terminal Tasks,lambda/hermes-agent-reasoning-traces:glm-5.1:train:459,ok,
hermes:glm-5.1:865f03fe-61a7-433a-a974-b16c3e1a57b5,865f03fe-61a7-433a-a974-b16c3e1a57b5,glm-5.1,True,13,False,,False,False,Terminal & Coding,Terminal Tasks,lambda/hermes-agent-reasoning-traces:glm-5.1:train:928,ok,
hermes:glm-5.1:8662ef10-e9b5-4def-8a04-12fd48d4e036,8662ef10-e9b5-4def-8a04-12fd48d4e036,glm-5.1,True,12,False,,False,False,Terminal & Coding,Terminal Tasks,lambda/hermes-agent-reasoning-traces:glm-5.1:train:1622,ok,
hermes:glm-5.1:8674b744-3ed1-4a8e-98c4-2979f63c038a,8674b744-3ed1-4a8e-98c4-2979f63c038a,glm-5.1,True,16,False,,False,False,Terminal & Coding,Terminal Tasks,lambda/hermes-agent-reasoning-traces:glm-5.1:train:993,ok,
hermes:glm-5.1:86a35fc8-c4af-49c3-8479-68c858f61e98,86a35fc8-c4af-49c3-8479-68c858f61e98,glm-5.1,True,12,False,,False,False,Terminal & Coding,Terminal Tasks,lambda/hermes-agent-reasoning-traces:glm-5.1:train:2108,ok,
hermes:glm-5.1:86c0642b-c3ed-4ab4-98a2-782a3bfb24ad,86c0642b-c3ed-4ab4-98a2-782a3bfb24ad,glm-5.1,True,29,False,,False,False,Agent Tools,Background Processes,lambda/hermes-agent-reasoning-traces:glm-5.1:train:681,ok,
hermes:glm-5.1:870a75ab-a040-4c52-9cde-69f6d84b1c7d,870a75ab-a040-4c52-9cde-69f6d84b1c7d,glm-5.1,True,23,False,,False,False,Terminal & Coding,Terminal Tasks,lambda/hermes-agent-reasoning-traces:glm-5.1:train:1186,ok,
hermes:glm-5.1:87122b59-0d65-4e9c-be21-9e727baed75f,87122b59-0d65-4e9c-be21-9e727baed75f,glm-5.1,True,29,False,,False,False,Browser Automation,Browser Tasks,lambda/hermes-agent-reasoning-traces:glm-5.1:train:2945,ok,
hermes:glm-5.1:872386e4-85a9-48dc-b077-8d6d772836e8,872386e4-85a9-48dc-b077-8d6d772836e8,glm-5.1,True,25,False,,False,False,Browser Automation,Browser Tasks,lambda/hermes-agent-reasoning-traces:glm-5.1:train:2594,ok,
hermes:glm-5.1:8759b7b2-ce55-40ce-880c-dfcf7bb71dc0,8759b7b2-ce55-40ce-880c-dfcf7bb71dc0,glm-5.1,True,27,False,,False,False,Terminal & Coding,Terminal Tasks,lambda/hermes-agent-reasoning-traces:glm-5.1:train:94,ok,
hermes:glm-5.1:879bccd9-362a-48c3-b273-b33403830969,879bccd9-362a-48c3-b273-b33403830969,glm-5.1,True,12,False,,False,False,Terminal & Coding,Terminal Tasks,lambda/hermes-agent-reasoning-traces:glm-5.1:train:1692,ok,
hermes:glm-5.1:87e930c2-c979-47bb-ba5d-c5ece26610f7,87e930c2-c979-47bb-ba5d-c5ece26610f7,glm-5.1,True,14,False,,False,False,Terminal & Coding,Terminal Tasks,lambda/hermes-agent-reasoning-traces:glm-5.1:train:436,ok,
hermes:glm-5.1:87eceec1-c729-4e1a-af9b-cac083745dee,87eceec1-c729-4e1a-af9b-cac083745dee,glm-5.1,True,25,False,,False,False,Browser Automation,Browser Tasks,lambda/hermes-agent-reasoning-traces:glm-5.1:train:2648,ok,
hermes:glm-5.1:87f0039e-ca48-4991-b190-d853360f87b0,87f0039e-ca48-4991-b190-d853360f87b0,glm-5.1,True,11,False,,False,False,Terminal & Coding,Terminal Tasks,lambda/hermes-agent-reasoning-traces:glm-5.1:train:1994,ok,
hermes:glm-5.1:87f27857-a0ac-4dbf-9b59-f7ece7ff05fd,87f27857-a0ac-4dbf-9b59-f7ece7ff05fd,glm-5.1,True,16,False,,False,False,File Operations,File Tasks,lambda/hermes-agent-reasoning-traces:glm-5.1:train:68,ok,
hermes:glm-5.1:88110db0-092f-4d9a-a780-d0b4a23fb5de,88110db0-092f-4d9a-a780-d0b4a23fb5de,glm-5.1,True,14,False,,False,False,Terminal & Coding,Terminal Tasks,lambda/hermes-agent-reasoning-traces:glm-5.1:train:695,ok,
hermes:glm-5.1:88238abe-e93e-4286-8dbe-cfa27914f77a,88238abe-e93e-4286-8dbe-cfa27914f77a,glm-5.1,True,14,False,,False,False,Terminal & Coding,Terminal Tasks,lambda/hermes-agent-reasoning-traces:glm-5.1:train:2440,ok,
hermes:glm-5.1:88281c38-0427-460c-8c6c-408270fe331f,88281c38-0427-460c-8c6c-408270fe331f,glm-5.1,True,18,False,,False,False,Terminal & Coding,Terminal Tasks,lambda/hermes-agent-reasoning-traces:glm-5.1:train:448,ok,
hermes:glm-5.1:88292374-037c-4608-9f56-53a30e30b944,88292374-037c-4608-9f56-53a30e30b944,glm-5.1,True,16,False,,False,False,Terminal & Coding,Terminal Tasks,lambda/hermes-agent-reasoning-traces:glm-5.1:train:1317,ok,
hermes:glm-5.1:882a4011-46f9-45a5-bc6c-ffb1279cf3db,882a4011-46f9-45a5-bc6c-ffb1279cf3db,glm-5.1,True,12,False,,False,False,Terminal & Coding,Terminal Tasks,lambda/hermes-agent-reasoning-traces:glm-5.1:train:555,ok,
hermes:glm-5.1:882cfd49-8f72-4b59-8465-5073de8ef235,882cfd49-8f72-4b59-8465-5073de8ef235,glm-5.1,True,9,False,,False,False,Terminal & Coding,Terminal Tasks,lambda/hermes-agent-reasoning-traces:glm-5.1:train:1361,ok,
hermes:glm-5.1:884f65ab-3800-4ce9-9df8-b54e8210dde8,884f65ab-3800-4ce9-9df8-b54e8210dde8,glm-5.1,True,16,False,,False,False,Terminal & Coding,Terminal Tasks,lambda/hermes-agent-reasoning-traces:glm-5.1:train:2455,ok,
hermes:glm-5.1:885bfa3b-6948-4a11-b5aa-9257cace19c8,885bfa3b-6948-4a11-b5aa-9257cace19c8,glm-5.1,True,25,False,,False,False,Terminal & Coding,Terminal Tasks,lambda/hermes-agent-reasoning-traces:glm-5.1:train:1598,ok,
hermes:glm-5.1:885cf073-7fb8-4f24-8e92-b41b8b8be296,885cf073-7fb8-4f24-8e92-b41b8b8be296,glm-5.1,True,12,False,,False,False,Terminal & Coding,Terminal Tasks,lambda/hermes-agent-reasoning-traces:glm-5.1:train:2321,ok,
hermes:glm-5.1:888029c6-b00a-41de-85a5-a39b37201c80,888029c6-b00a-41de-85a5-a39b37201c80,glm-5.1,True,15,False,,False,False,File Operations,File Tasks,lambda/hermes-agent-reasoning-traces:glm-5.1:train:176,ok,
hermes:glm-5.1:88af45a7-8f98-42d8-95b2-da1be80fc6cb,88af45a7-8f98-42d8-95b2-da1be80fc6cb,glm-5.1,True,31,False,,False,False,Terminal & Coding,Terminal Tasks,lambda/hermes-agent-reasoning-traces:glm-5.1:train:20,ok,
hermes:glm-5.1:88c4c9b5-aea4-4591-805d-115529afc638,88c4c9b5-aea4-4591-805d-115529afc638,glm-5.1,True,12,False,,False,False,Terminal & Coding,Terminal Tasks,lambda/hermes-agent-reasoning-traces:glm-5.1:train:776,ok,
hermes:glm-5.1:88ea415d-bdc2-4d63-aee3-1cd2bd1ef498,88ea415d-bdc2-4d63-aee3-1cd2bd1ef498,glm-5.1,True,10,False,,False,False,Terminal & Coding,Terminal Tasks,lambda/hermes-agent-reasoning-traces:glm-5.1:train:2028,ok,
hermes:glm-5.1:8907fb5d-d2c8-4099-b561-bd9317d50b8f,8907fb5d-d2c8-4099-b561-bd9317d50b8f,glm-5.1,True,18,False,,False,False,Terminal & Coding,Terminal Tasks,lambda/hermes-agent-reasoning-traces:glm-5.1:train:1906,ok,
hermes:glm-5.1:891111ff-2c53-49ab-941e-33a3b56c4c5b,891111ff-2c53-49ab-941e-33a3b56c4c5b,glm-5.1,True,16,False,,False,False,Terminal & Coding,Terminal Tasks,lambda/hermes-agent-reasoning-traces:glm-5.1:train:522,ok,
hermes:glm-5.1:892d80a8-db87-45be-9845-8be25743abc3,892d80a8-db87-45be-9845-8be25743abc3,glm-5.1,True,9,False,,False,False,Terminal & Coding,Terminal Tasks,lambda/hermes-agent-reasoning-traces:glm-5.1:train:2219,ok,
hermes:glm-5.1:89481323-7542-4f9b-bfb7-d3580071e98b,89481323-7542-4f9b-bfb7-d3580071e98b,glm-5.1,True,21,False,,False,False,Terminal & Coding,Terminal Tasks,lambda/hermes-agent-reasoning-traces:glm-5.1:train:385,ok,
hermes:glm-5.1:894a235a-2499-432b-9d61-9ae6d5145c74,894a235a-2499-432b-9d61-9ae6d5145c74,glm-5.1,True,20,False,,False,False,Browser Automation,Browser Tasks,lambda/hermes-agent-reasoning-traces:glm-5.1:train:2625,ok,
hermes:glm-5.1:89528ddb-46a7-46ba-b31b-a569d34d9903,89528ddb-46a7-46ba-b31b-a569d34d9903,glm-5.1,True,9,False,,False,False,Terminal & Coding,Terminal Tasks,lambda/hermes-agent-reasoning-traces:glm-5.1:train:2464,ok,
hermes:glm-5.1:895c9101-d37d-4a46-9818-fcea8ed74a2e,895c9101-d37d-4a46-9818-fcea8ed74a2e,glm-5.1,True,14,False,,False,False,Terminal & Coding,Terminal Tasks,lambda/hermes-agent-reasoning-traces:glm-5.1:train:1898,ok,
hermes:glm-5.1:896c9884-71a7-4a61-aaf4-a2c5bf928ebe,896c9884-71a7-4a61-aaf4-a2c5bf928ebe,glm-5.1,True,23,False,,False,False,Terminal & Coding,Terminal Tasks,lambda/hermes-agent-reasoning-traces:glm-5.1:train:1697,ok,
hermes:glm-5.1:89b12f0b-9412-4781-b52f-3df2bf3042f2,89b12f0b-9412-4781-b52f-3df2bf3042f2,glm-5.1,True,14,False,,False,False,Terminal & Coding,Terminal Tasks,lambda/hermes-agent-reasoning-traces:glm-5.1:train:2191,ok,
hermes:glm-5.1:89b6d253-350f-4bcb-8769-dc153398bf8d,89b6d253-350f-4bcb-8769-dc153398bf8d,glm-5.1,True,25,False,,False,False,Terminal & Coding,Terminal Tasks,lambda/hermes-agent-reasoning-traces:glm-5.1:train:2307,ok,
hermes:glm-5.1:89ed2b6c-4435-4676-809e-5ca55af10183,89ed2b6c-4435-4676-809e-5ca55af10183,glm-5.1,True,25,False,,False,False,Terminal & Coding,Terminal Tasks,lambda/hermes-agent-reasoning-traces:glm-5.1:train:735,ok,
hermes:glm-5.1:8a0e9bc2-def7-42ec-a283-ebb10638af80,8a0e9bc2-def7-42ec-a283-ebb10638af80,glm-5.1,True,17,False,,False,False,Terminal & Coding,Terminal Tasks,lambda/hermes-agent-reasoning-traces:glm-5.1:train:1590,ok,
hermes:glm-5.1:8a252c70-4bed-42cd-9e6f-947ef8777e80,8a252c70-4bed-42cd-9e6f-947ef8777e80,glm-5.1,True,23,False,,False,False,Terminal & Coding,Terminal Tasks,lambda/hermes-agent-reasoning-traces:glm-5.1:train:1991,ok,
hermes:glm-5.1:8a32fce4-b7f2-44ef-878e-a37fb3600294,8a32fce4-b7f2-44ef-878e-a37fb3600294,glm-5.1,True,20,False,,False,False,Terminal & Coding,Terminal Tasks,lambda/hermes-agent-reasoning-traces:glm-5.1:train:813,ok,
hermes:glm-5.1:8a34eb21-77fa-41ef-a5d8-57362bba55fc,8a34eb21-77fa-41ef-a5d8-57362bba55fc,glm-5.1,True,12,False,,False,False,Scheduling,Cron Jobs,lambda/hermes-agent-reasoning-traces:glm-5.1:train:89,ok,
hermes:glm-5.1:8a556e73-4ee8-446b-8d7e-da6dd6c7ceb1,8a556e73-4ee8-446b-8d7e-da6dd6c7ceb1,glm-5.1,True,25,False,,False,False,Browser Automation,Browser Tasks,lambda/hermes-agent-reasoning-traces:glm-5.1:train:2854,ok,
hermes:glm-5.1:8a6d31a6-5522-4565-a021-320e05d84298,8a6d31a6-5522-4565-a021-320e05d84298,glm-5.1,True,15,False,,False,False,Terminal & Coding,Terminal Tasks,lambda/hermes-agent-reasoning-traces:glm-5.1:train:476,ok,
hermes:glm-5.1:8a915664-ea3f-4b72-8888-2bf5ac88f188,8a915664-ea3f-4b72-8888-2bf5ac88f188,glm-5.1,True,9,False,,False,False,Terminal & Coding,Terminal Tasks,lambda/hermes-agent-reasoning-traces:glm-5.1:train:113,ok,
hermes:glm-5.1:8aa009ca-7363-4039-9f36-e98883e38d3e,8aa009ca-7363-4039-9f36-e98883e38d3e,glm-5.1,True,25,False,,False,False,Terminal & Coding,Terminal Tasks,lambda/hermes-agent-reasoning-traces:glm-5.1:train:1553,ok,
hermes:glm-5.1:8abc5b0d-e8ac-41f2-a602-601d88eaf207,8abc5b0d-e8ac-41f2-a602-601d88eaf207,glm-5.1,True,22,False,,False,False,Browser Automation,Browser Tasks,lambda/hermes-agent-reasoning-traces:glm-5.1:train:2864,ok,
hermes:glm-5.1:8abdd762-f41e-4393-8e45-63f849c13c6a,8abdd762-f41e-4393-8e45-63f849c13c6a,glm-5.1,True,23,False,,False,False,Terminal & Coding,Terminal Tasks,lambda/hermes-agent-reasoning-traces:glm-5.1:train:1446,ok,
hermes:glm-5.1:8ac59cf1-11b3-4249-ba13-c9ceabe7718c,8ac59cf1-11b3-4249-ba13-c9ceabe7718c,glm-5.1,True,14,False,,False,False,Terminal & Coding,Terminal Tasks,lambda/hermes-agent-reasoning-traces:glm-5.1:train:1936,ok,
hermes:glm-5.1:8af2b5ed-c8c8-4815-ae5f-afff9abb494f,8af2b5ed-c8c8-4815-ae5f-afff9abb494f,glm-5.1,True,25,False,,False,False,Terminal & Coding,Terminal Tasks,lambda/hermes-agent-reasoning-traces:glm-5.1:train:1367,ok,
hermes:glm-5.1:8b1ac73a-5f0f-4ab4-80d0-2f1dd419c2a5,8b1ac73a-5f0f-4ab4-80d0-2f1dd419c2a5,glm-5.1,True,16,False,,False,False,Terminal & Coding,Terminal Tasks,lambda/hermes-agent-reasoning-traces:glm-5.1:train:2097,ok,
hermes:glm-5.1:8b296b3f-3bd7-4d2e-a301-8121bd2ee7e2,8b296b3f-3bd7-4d2e-a301-8121bd2ee7e2,glm-5.1,True,10,False,,False,False,Terminal & Coding,Terminal Tasks,lambda/hermes-agent-reasoning-traces:glm-5.1:train:2297,ok,
hermes:glm-5.1:8b85b9e0-bcee-419b-bad1-b420e4259c8d,8b85b9e0-bcee-419b-bad1-b420e4259c8d,glm-5.1,True,23,False,,False,False,Terminal & Coding,Terminal Tasks,lambda/hermes-agent-reasoning-traces:glm-5.1:train:2287,ok,
hermes:glm-5.1:8b8a9e87-9987-41e5-b9db-0b419d6253a7,8b8a9e87-9987-41e5-b9db-0b419d6253a7,glm-5.1,True,16,False,,False,False,File Operations,File Tasks,lambda/hermes-agent-reasoning-traces:glm-5.1:train:865,ok,
hermes:glm-5.1:8ba518f2-1f93-48d4-b41d-8816d49257b8,8ba518f2-1f93-48d4-b41d-8816d49257b8,glm-5.1,True,17,False,,False,False,Terminal & Coding,Terminal Tasks,lambda/hermes-agent-reasoning-traces:glm-5.1:train:1250,ok,
hermes:glm-5.1:8bd5413b-5cd7-476c-9088-75bb51d33087,8bd5413b-5cd7-476c-9088-75bb51d33087,glm-5.1,True,15,False,,False,False,Terminal & Coding,Terminal Tasks,lambda/hermes-agent-reasoning-traces:glm-5.1:train:1663,ok,
hermes:glm-5.1:8bd58f96-352a-425a-bea6-3f895e30a970,8bd58f96-352a-425a-bea6-3f895e30a970,glm-5.1,True,10,False,,False,False,Terminal & Coding,Terminal Tasks,lambda/hermes-agent-reasoning-traces:glm-5.1:train:1784,ok,
hermes:glm-5.1:8c0b119c-7dd5-4fd3-a808-2b82214f58f2,8c0b119c-7dd5-4fd3-a808-2b82214f58f2,glm-5.1,True,12,False,,False,False,Multi-Tool,Multi-Tool Tasks,lambda/hermes-agent-reasoning-traces:glm-5.1:train:1856,ok,
hermes:glm-5.1:8c4c8360-a85c-48d5-963e-e2c30d7c4c3f,8c4c8360-a85c-48d5-963e-e2c30d7c4c3f,glm-5.1,True,12,False,,False,False,Terminal & Coding,Terminal Tasks,lambda/hermes-agent-reasoning-traces:glm-5.1:train:2469,ok,
hermes:glm-5.1:8c58cf3d-cc29-46d6-aa8c-245c185eac4a,8c58cf3d-cc29-46d6-aa8c-245c185eac4a,glm-5.1,True,16,False,,False,False,Terminal & Coding,Terminal Tasks,lambda/hermes-agent-reasoning-traces:glm-5.1:train:1557,ok,
hermes:glm-5.1:8c59ade3-6610-4e76-9be6-3afe8f57ee21,8c59ade3-6610-4e76-9be6-3afe8f57ee21,glm-5.1,True,10,False,,False,False,Terminal & Coding,Terminal Tasks,lambda/hermes-agent-reasoning-traces:glm-5.1:train:1485,ok,
hermes:glm-5.1:8c5a0256-a3f4-438d-93c3-4115de6346f4,8c5a0256-a3f4-438d-93c3-4115de6346f4,glm-5.1,True,14,False,,False,False,Terminal & Coding,Terminal Tasks,lambda/hermes-agent-reasoning-traces:glm-5.1:train:388,ok,
hermes:glm-5.1:8c6c2920-623f-4ec8-9633-ffb966620ded,8c6c2920-623f-4ec8-9633-ffb966620ded,glm-5.1,True,14,False,,False,False,Terminal & Coding,Terminal Tasks,lambda/hermes-agent-reasoning-traces:glm-5.1:train:2474,ok,
hermes:glm-5.1:8c807d18-cbd8-440d-be99-c138efcf3c7c,8c807d18-cbd8-440d-be99-c138efcf3c7c,glm-5.1,True,12,False,,False,False,Terminal & Coding,Terminal Tasks,lambda/hermes-agent-reasoning-traces:glm-5.1:train:1273,ok,
hermes:glm-5.1:8c9f7a94-c435-411e-95cf-a803279621d5,8c9f7a94-c435-411e-95cf-a803279621d5,glm-5.1,True,12,False,,False,False,Terminal & Coding,Terminal Tasks,lambda/hermes-agent-reasoning-traces:glm-5.1:train:252,ok,
hermes:glm-5.1:8ca10fc5-41de-40fb-8935-5b0cb6820e4d,8ca10fc5-41de-40fb-8935-5b0cb6820e4d,glm-5.1,True,27,False,,False,False,Terminal & Coding,Terminal Tasks,lambda/hermes-agent-reasoning-traces:glm-5.1:train:1803,ok,
hermes:glm-5.1:8cac5604-9dd5-4c27-851e-e23a05439c85,8cac5604-9dd5-4c27-851e-e23a05439c85,glm-5.1,True,23,False,,False,False,Browser Automation,Browser Tasks,lambda/hermes-agent-reasoning-traces:glm-5.1:train:2684,ok,
hermes:glm-5.1:8cba3e75-7c43-4eb1-b9b5-e17f7ab62f36,8cba3e75-7c43-4eb1-b9b5-e17f7ab62f36,glm-5.1,True,27,False,,False,False,File Operations,File Tasks,lambda/hermes-agent-reasoning-traces:glm-5.1:train:545,ok,
hermes:glm-5.1:8ccd443c-d542-4d2d-9f99-ca9cf78c36e9,8ccd443c-d542-4d2d-9f99-ca9cf78c36e9,glm-5.1,True,12,False,,False,False,Terminal & Coding,Terminal Tasks,lambda/hermes-agent-reasoning-traces:glm-5.1:train:1124,ok,
hermes:glm-5.1:8ccf7fa9-6f79-4324-8d36-b114545957fd,8ccf7fa9-6f79-4324-8d36-b114545957fd,glm-5.1,True,17,False,,False,False,Terminal & Coding,Terminal Tasks,lambda/hermes-agent-reasoning-traces:glm-5.1:train:337,ok,
hermes:glm-5.1:8cda479f-b7a4-4cab-872c-60961c93ebe1,8cda479f-b7a4-4cab-872c-60961c93ebe1,glm-5.1,True,10,False,,False,False,Terminal & Coding,Terminal Tasks,lambda/hermes-agent-reasoning-traces:glm-5.1:train:655,ok,
hermes:glm-5.1:8cf7e1d9-94bf-4883-a5ec-a3aaa3ed83d2,8cf7e1d9-94bf-4883-a5ec-a3aaa3ed83d2,glm-5.1,True,22,False,,False,False,Browser Automation,Browser Tasks,lambda/hermes-agent-reasoning-traces:glm-5.1:train:2517,ok,
hermes:glm-5.1:8cf90a1a-51e3-4ddc-8b2f-9df018ab45b0,8cf90a1a-51e3-4ddc-8b2f-9df018ab45b0,glm-5.1,True,29,False,,False,False,Terminal & Coding,Terminal Tasks,lambda/hermes-agent-reasoning-traces:glm-5.1:train:527,ok,
hermes:glm-5.1:8d0452eb-94d7-4874-9a41-1595f79ae777,8d0452eb-94d7-4874-9a41-1595f79ae777,glm-5.1,True,14,False,,False,False,Terminal & Coding,Terminal Tasks,lambda/hermes-agent-reasoning-traces:glm-5.1:train:2359,ok,
hermes:glm-5.1:8d2e2a5f-00cb-4e4c-827b-ed9ba63a6606,8d2e2a5f-00cb-4e4c-827b-ed9ba63a6606,glm-5.1,True,11,False,,False,False,Planning & Organization,Planning Tasks,lambda/hermes-agent-reasoning-traces:glm-5.1:train:1099,ok,
hermes:glm-5.1:8d3ac66c-90e1-413c-84a4-a87cfdd8e25f,8d3ac66c-90e1-413c-84a4-a87cfdd8e25f,glm-5.1,True,21,False,,False,False,Terminal & Coding,Terminal Tasks,lambda/hermes-agent-reasoning-traces:glm-5.1:train:1159,ok,
hermes:glm-5.1:8d3e1e60-8f7d-4569-a8fe-89fb2dca48c3,8d3e1e60-8f7d-4569-a8fe-89fb2dca48c3,glm-5.1,True,33,False,,False,False,Terminal & Coding,Terminal Tasks,lambda/hermes-agent-reasoning-traces:glm-5.1:train:1490,ok,
hermes:glm-5.1:8d3ebba4-0636-4d55-94f5-a43b8f08e240,8d3ebba4-0636-4d55-94f5-a43b8f08e240,glm-5.1,True,23,False,,False,False,Terminal & Coding,Terminal Tasks,lambda/hermes-agent-reasoning-traces:glm-5.1:train:340,ok,
hermes:glm-5.1:8d47a050-3bf4-49eb-a930-fd86ef324815,8d47a050-3bf4-49eb-a930-fd86ef324815,glm-5.1,True,19,False,,False,False,Terminal & Coding,Terminal Tasks,lambda/hermes-agent-reasoning-traces:glm-5.1:train:293,ok,
hermes:glm-5.1:8d4ecbd0-013a-475d-bcaa-03cbaf88a367,8d4ecbd0-013a-475d-bcaa-03cbaf88a367,glm-5.1,True,10,False,,False,False,Planning & Organization,Planning Tasks,lambda/hermes-agent-reasoning-traces:glm-5.1:train:666,ok,
hermes:glm-5.1:8d51922e-c9cb-416d-9813-792c939818a4,8d51922e-c9cb-416d-9813-792c939818a4,glm-5.1,True,20,False,,False,False,Repository Tasks,Environment Setup,lambda/hermes-agent-reasoning-traces:glm-5.1:train:2166,ok,
hermes:glm-5.1:8d699457-86fc-4839-85a4-04a101c9160b,8d699457-86fc-4839-85a4-04a101c9160b,glm-5.1,True,16,False,,False,False,File Operations,File Tasks,lambda/hermes-agent-reasoning-traces:glm-5.1:train:401,ok,
hermes:glm-5.1:8d8a06aa-e95a-47a8-ac3e-3f2cef7f8511,8d8a06aa-e95a-47a8-ac3e-3f2cef7f8511,glm-5.1,True,31,False,,False,False,Terminal & Coding,Terminal Tasks,lambda/hermes-agent-reasoning-traces:glm-5.1:train:2072,ok,
hermes:glm-5.1:8d933acf-1cc8-4cb5-a6f1-76913a73c4df,8d933acf-1cc8-4cb5-a6f1-76913a73c4df,glm-5.1,True,16,False,,False,False,Terminal & Coding,Terminal Tasks,lambda/hermes-agent-reasoning-traces:glm-5.1:train:2150,ok,
hermes:glm-5.1:8d9fd282-9c81-42b0-a140-f82b48443a45,8d9fd282-9c81-42b0-a140-f82b48443a45,glm-5.1,True,25,False,,False,False,Browser Automation,Browser Tasks,lambda/hermes-agent-reasoning-traces:glm-5.1:train:2779,ok,
hermes:glm-5.1:8da3cc03-be1f-48e1-995d-ea7b5586b93b,8da3cc03-be1f-48e1-995d-ea7b5586b93b,glm-5.1,True,29,False,,False,False,Terminal & Coding,Terminal Tasks,lambda/hermes-agent-reasoning-traces:glm-5.1:train:1625,ok,
hermes:glm-5.1:8db48858-8af2-4c12-9052-e4310baaa6f7,8db48858-8af2-4c12-9052-e4310baaa6f7,glm-5.1,True,21,False,,False,False,Terminal & Coding,Terminal Tasks,lambda/hermes-agent-reasoning-traces:glm-5.1:train:984,ok,
hermes:glm-5.1:8db80773-38e6-4aa3-8afe-b6c0facef12e,8db80773-38e6-4aa3-8afe-b6c0facef12e,glm-5.1,True,21,False,,False,False,Terminal & Coding,Terminal Tasks,lambda/hermes-agent-reasoning-traces:glm-5.1:train:1153,ok,
hermes:glm-5.1:8dc1036e-ae63-4a19-a7af-8f959a52092f,8dc1036e-ae63-4a19-a7af-8f959a52092f,glm-5.1,True,25,False,,False,False,Browser Automation,Browser Tasks,lambda/hermes-agent-reasoning-traces:glm-5.1:train:2786,ok,
hermes:glm-5.1:8ddce430-deec-4708-8745-91cadf3ed371,8ddce430-deec-4708-8745-91cadf3ed371,glm-5.1,True,18,False,,False,False,Browser Automation,Browser Tasks,lambda/hermes-agent-reasoning-traces:glm-5.1:train:2938,ok,
hermes:glm-5.1:8df7496b-0ebb-4438-b479-9207ef5a4736,8df7496b-0ebb-4438-b479-9207ef5a4736,glm-5.1,True,9,False,,False,False,Terminal & Coding,Terminal Tasks,lambda/hermes-agent-reasoning-traces:glm-5.1:train:1179,ok,
hermes:glm-5.1:8e0869c7-a550-4813-a9f7-39a53b8c67b4,8e0869c7-a550-4813-a9f7-39a53b8c67b4,glm-5.1,True,22,False,,False,False,Terminal & Coding,Terminal Tasks,lambda/hermes-agent-reasoning-traces:glm-5.1:train:152,ok,
hermes:glm-5.1:8e0ae3ea-6d6f-447b-9779-b38fac0d60df,8e0ae3ea-6d6f-447b-9779-b38fac0d60df,glm-5.1,True,29,False,,False,False,File Operations,File Tasks,lambda/hermes-agent-reasoning-traces:glm-5.1:train:1012,ok,
hermes:glm-5.1:8e142f57-4799-4bd0-a331-4f840e3d4d48,8e142f57-4799-4bd0-a331-4f840e3d4d48,glm-5.1,True,27,False,,False,False,Terminal & Coding,Terminal Tasks,lambda/hermes-agent-reasoning-traces:glm-5.1:train:563,ok,
hermes:glm-5.1:8e5452d0-8853-4197-9435-76bbb9bec560,8e5452d0-8853-4197-9435-76bbb9bec560,glm-5.1,True,21,False,,False,False,Terminal & Coding,Terminal Tasks,lambda/hermes-agent-reasoning-traces:glm-5.1:train:1525,ok,
hermes:glm-5.1:8e5dd4b5-8a16-498c-950c-54aea73fbe78,8e5dd4b5-8a16-498c-950c-54aea73fbe78,glm-5.1,True,12,False,,False,False,Terminal & Coding,Terminal Tasks,lambda/hermes-agent-reasoning-traces:glm-5.1:train:1473,ok,
hermes:glm-5.1:8e6e7da1-fd13-4f70-9ece-bd987475c989,8e6e7da1-fd13-4f70-9ece-bd987475c989,glm-5.1,True,12,False,,False,False,Planning & Organization,Planning Tasks,lambda/hermes-agent-reasoning-traces:glm-5.1:train:1754,ok,
hermes:glm-5.1:8e9f4de5-a0f8-44dd-ba46-18e46612ebaf,8e9f4de5-a0f8-44dd-ba46-18e46612ebaf,glm-5.1,True,13,False,,False,False,File Operations,File Tasks,lambda/hermes-agent-reasoning-traces:glm-5.1:train:2095,ok,
hermes:glm-5.1:8ea2c203-a0d5-4197-bca6-3338d3f94918,8ea2c203-a0d5-4197-bca6-3338d3f94918,glm-5.1,True,25,False,,False,False,Terminal & Coding,Terminal Tasks,lambda/hermes-agent-reasoning-traces:glm-5.1:train:85,ok,
hermes:glm-5.1:8ea99361-8413-42f6-b326-119355b67af2,8ea99361-8413-42f6-b326-119355b67af2,glm-5.1,True,23,False,,False,False,Terminal & Coding,Terminal Tasks,lambda/hermes-agent-reasoning-traces:glm-5.1:train:110,ok,
hermes:glm-5.1:8ead3f98-496d-4ada-ad4b-741660bd0366,8ead3f98-496d-4ada-ad4b-741660bd0366,glm-5.1,True,25,False,,False,False,Browser Automation,Browser Tasks,lambda/hermes-agent-reasoning-traces:glm-5.1:train:2765,ok,
hermes:glm-5.1:8eecaf3b-4b55-495b-ba77-7910ca203f36,8eecaf3b-4b55-495b-ba77-7910ca203f36,glm-5.1,True,10,False,,False,False,Terminal & Coding,Terminal Tasks,lambda/hermes-agent-reasoning-traces:glm-5.1:train:548,ok,
hermes:glm-5.1:8ef96499-cac0-4f93-b5c1-f2ce5448b696,8ef96499-cac0-4f93-b5c1-f2ce5448b696,glm-5.1,True,10,False,,False,False,Planning & Organization,Planning Tasks,lambda/hermes-agent-reasoning-traces:glm-5.1:train:1558,ok,
hermes:glm-5.1:8efb11fe-4610-49cb-94ce-96cb6b8c1abd,8efb11fe-4610-49cb-94ce-96cb6b8c1abd,glm-5.1,True,10,False,,False,False,Terminal & Coding,Terminal Tasks,lambda/hermes-agent-reasoning-traces:glm-5.1:train:6,ok,
hermes:glm-5.1:8f12dbd8-96dc-4a1b-9b31-3ddea99ab8a0,8f12dbd8-96dc-4a1b-9b31-3ddea99ab8a0,glm-5.1,True,19,False,,False,False,Terminal & Coding,Terminal Tasks,lambda/hermes-agent-reasoning-traces:glm-5.1:train:1068,ok,
hermes:glm-5.1:8f22a7ca-537d-4171-b995-5ab9f5c62923,8f22a7ca-537d-4171-b995-5ab9f5c62923,glm-5.1,True,15,False,,False,False,Scheduling,Cron Jobs,lambda/hermes-agent-reasoning-traces:glm-5.1:train:467,ok,
hermes:glm-5.1:8f2ea9d5-ad59-4d4d-a414-33a1bae1d970,8f2ea9d5-ad59-4d4d-a414-33a1bae1d970,glm-5.1,True,14,False,,False,False,Terminal & Coding,Terminal Tasks,lambda/hermes-agent-reasoning-traces:glm-5.1:train:2329,ok,
hermes:glm-5.1:8f7b2b0b-3863-48fa-a2a9-e4807d0480a2,8f7b2b0b-3863-48fa-a2a9-e4807d0480a2,glm-5.1,True,14,False,,False,False,Scheduling,Cron Jobs,lambda/hermes-agent-reasoning-traces:glm-5.1:train:1641,ok,
hermes:glm-5.1:8f7d66a1-d548-439c-8a79-b2899629d211,8f7d66a1-d548-439c-8a79-b2899629d211,glm-5.1,True,17,False,,False,False,Terminal & Coding,Terminal Tasks,lambda/hermes-agent-reasoning-traces:glm-5.1:train:1729,ok,
hermes:glm-5.1:8f8e5b09-38fd-4a97-a30c-7b3b6095c108,8f8e5b09-38fd-4a97-a30c-7b3b6095c108,glm-5.1,True,25,False,,False,False,Terminal & Coding,Terminal Tasks,lambda/hermes-agent-reasoning-traces:glm-5.1:train:1760,ok,
hermes:glm-5.1:8f962c9d-fbd9-448a-9d48-fa56a39ea6a6,8f962c9d-fbd9-448a-9d48-fa56a39ea6a6,glm-5.1,True,9,False,,False,False,Terminal & Coding,Terminal Tasks,lambda/hermes-agent-reasoning-traces:glm-5.1:train:2428,ok,
hermes:glm-5.1:8fad4304-23dc-415c-b480-a19154fb6e4a,8fad4304-23dc-415c-b480-a19154fb6e4a,glm-5.1,True,16,False,,False,False,Terminal & Coding,Terminal Tasks,lambda/hermes-agent-reasoning-traces:glm-5.1:train:2181,ok,
hermes:glm-5.1:8fc39396-3028-4e76-827d-d3028ba2a092,8fc39396-3028-4e76-827d-d3028ba2a092,glm-5.1,True,29,False,,False,False,Browser Automation,Browser Tasks,lambda/hermes-agent-reasoning-traces:glm-5.1:train:2707,ok,
hermes:glm-5.1:8ff4731d-b1b9-4d29-877b-fd8ca40bdb68,8ff4731d-b1b9-4d29-877b-fd8ca40bdb68,glm-5.1,True,9,False,,False,False,Terminal & Coding,Terminal Tasks,lambda/hermes-agent-reasoning-traces:glm-5.1:train:437,ok,
hermes:glm-5.1:8ff998d7-828e-408f-a4fe-f27f3947cc32,8ff998d7-828e-408f-a4fe-f27f3947cc32,glm-5.1,True,10,False,,False,False,Terminal & Coding,Terminal Tasks,lambda/hermes-agent-reasoning-traces:glm-5.1:train:2130,ok,
hermes:glm-5.1:8ffd3874-7040-41a7-a823-af7ea47a53ed,8ffd3874-7040-41a7-a823-af7ea47a53ed,glm-5.1,True,27,False,,False,False,Browser Automation,Browser Tasks,lambda/hermes-agent-reasoning-traces:glm-5.1:train:2698,ok,
hermes:glm-5.1:9019ee73-4421-4e5b-bfab-1cb1545ee674,9019ee73-4421-4e5b-bfab-1cb1545ee674,glm-5.1,True,23,False,,False,False,Repository Tasks,General,lambda/hermes-agent-reasoning-traces:glm-5.1:train:2216,ok,
hermes:glm-5.1:9049766c-6f4f-41fc-a15f-ed061d4e5497,9049766c-6f4f-41fc-a15f-ed061d4e5497,glm-5.1,True,21,False,,False,False,Terminal & Coding,Terminal Tasks,lambda/hermes-agent-reasoning-traces:glm-5.1:train:1071,ok,
hermes:glm-5.1:905042dd-a658-43d1-bbd0-7bec1cb9371a,905042dd-a658-43d1-bbd0-7bec1cb9371a,glm-5.1,True,19,False,,False,False,Terminal & Coding,Terminal Tasks,lambda/hermes-agent-reasoning-traces:glm-5.1:train:2431,ok,
hermes:glm-5.1:90669c78-7dfc-431c-8cbb-ebd4c9acb687,90669c78-7dfc-431c-8cbb-ebd4c9acb687,glm-5.1,True,12,False,,False,False,Terminal & Coding,Terminal Tasks,lambda/hermes-agent-reasoning-traces:glm-5.1:train:1892,ok,
hermes:glm-5.1:907264b1-bf2c-47be-a854-2df0b53010e8,907264b1-bf2c-47be-a854-2df0b53010e8,glm-5.1,True,21,False,,False,False,Terminal & Coding,Terminal Tasks,lambda/hermes-agent-reasoning-traces:glm-5.1:train:910,ok,
hermes:glm-5.1:90daabb5-f44e-4233-b691-a07656200714,90daabb5-f44e-4233-b691-a07656200714,glm-5.1,True,12,False,,False,False,Terminal & Coding,Terminal Tasks,lambda/hermes-agent-reasoning-traces:glm-5.1:train:1363,ok,
hermes:glm-5.1:90f127f2-597c-46d3-bfea-4b26b2c6a48d,90f127f2-597c-46d3-bfea-4b26b2c6a48d,glm-5.1,True,9,False,,False,False,Terminal & Coding,Terminal Tasks,lambda/hermes-agent-reasoning-traces:glm-5.1:train:1308,ok,
hermes:glm-5.1:90fc3cb2-439b-4c5b-abd4-b8ab1996048d,90fc3cb2-439b-4c5b-abd4-b8ab1996048d,glm-5.1,True,18,False,,False,False,Terminal & Coding,Terminal Tasks,lambda/hermes-agent-reasoning-traces:glm-5.1:train:1300,ok,
hermes:glm-5.1:90febb4d-4c3a-42d4-8a43-447029ed7b18,90febb4d-4c3a-42d4-8a43-447029ed7b18,glm-5.1,True,31,False,,False,False,Terminal & Coding,Terminal Tasks,lambda/hermes-agent-reasoning-traces:glm-5.1:train:494,ok,
hermes:glm-5.1:9173d6af-c17d-4a2f-910b-1e5fae9f5663,9173d6af-c17d-4a2f-910b-1e5fae9f5663,glm-5.1,True,25,False,,False,False,Terminal & Coding,Terminal Tasks,lambda/hermes-agent-reasoning-traces:glm-5.1:train:2454,ok,
hermes:glm-5.1:9185f4a6-8eed-46b2-abd0-20f6b7a1d748,9185f4a6-8eed-46b2-abd0-20f6b7a1d748,glm-5.1,True,14,False,,False,False,Terminal & Coding,Terminal Tasks,lambda/hermes-agent-reasoning-traces:glm-5.1:train:2256,ok,
hermes:glm-5.1:91900648-4461-481c-8111-148d40fa24cf,91900648-4461-481c-8111-148d40fa24cf,glm-5.1,True,22,False,,False,False,Terminal & Coding,Terminal Tasks,lambda/hermes-agent-reasoning-traces:glm-5.1:train:631,ok,
hermes:glm-5.1:91a26f6c-fb7f-4d31-9823-911fa1ce1e27,91a26f6c-fb7f-4d31-9823-911fa1ce1e27,glm-5.1,True,12,False,,False,False,Terminal & Coding,Terminal Tasks,lambda/hermes-agent-reasoning-traces:glm-5.1:train:2177,ok,
hermes:glm-5.1:91a79f3e-209f-4740-b437-20f4f6381518,91a79f3e-209f-4740-b437-20f4f6381518,glm-5.1,True,25,False,,False,False,Terminal & Coding,Terminal Tasks,lambda/hermes-agent-reasoning-traces:glm-5.1:train:241,ok,
hermes:glm-5.1:91d9b67a-60d2-409b-8708-d396fcb522e2,91d9b67a-60d2-409b-8708-d396fcb522e2,glm-5.1,True,16,False,,False,False,Terminal & Coding,Terminal Tasks,lambda/hermes-agent-reasoning-traces:glm-5.1:train:1263,ok,
hermes:glm-5.1:91ddc1dc-f054-406d-8d66-3a2726e18d31,91ddc1dc-f054-406d-8d66-3a2726e18d31,glm-5.1,True,20,False,,False,False,Browser Automation,Browser Tasks,lambda/hermes-agent-reasoning-traces:glm-5.1:train:2805,ok,
hermes:glm-5.1:91e87b54-c5f7-48c0-871b-c6651e9b6be1,91e87b54-c5f7-48c0-871b-c6651e9b6be1,glm-5.1,True,25,False,,False,False,Browser Automation,Browser Tasks,lambda/hermes-agent-reasoning-traces:glm-5.1:train:2838,ok,
hermes:glm-5.1:92099d39-5ea9-4041-96fc-dc05731367a3,92099d39-5ea9-4041-96fc-dc05731367a3,glm-5.1,True,11,False,,False,False,Terminal & Coding,Terminal Tasks,lambda/hermes-agent-reasoning-traces:glm-5.1:train:1468,ok,
hermes:glm-5.1:923bb71f-95dc-46df-ac0d-386a0d224f61,923bb71f-95dc-46df-ac0d-386a0d224f61,glm-5.1,True,29,False,,False,False,Terminal & Coding,Terminal Tasks,lambda/hermes-agent-reasoning-traces:glm-5.1:train:1808,ok,
hermes:glm-5.1:923e76b3-4615-4365-908d-62bddf1ff067,923e76b3-4615-4365-908d-62bddf1ff067,glm-5.1,True,14,False,,False,False,Terminal & Coding,Terminal Tasks,lambda/hermes-agent-reasoning-traces:glm-5.1:train:2188,ok,
hermes:glm-5.1:924de815-2412-4bff-8995-8d8d9ef6d7aa,924de815-2412-4bff-8995-8d8d9ef6d7aa,glm-5.1,True,18,False,,False,False,Browser Automation,Browser Tasks,lambda/hermes-agent-reasoning-traces:glm-5.1:train:2538,ok,
hermes:glm-5.1:92533587-53b7-4988-a9cf-e7836f65be93,92533587-53b7-4988-a9cf-e7836f65be93,glm-5.1,True,27,False,,False,False,Terminal & Coding,Terminal Tasks,lambda/hermes-agent-reasoning-traces:glm-5.1:train:1960,ok,
hermes:glm-5.1:927e84d8-9b83-41a2-ad7b-e77aefc7bf49,927e84d8-9b83-41a2-ad7b-e77aefc7bf49,glm-5.1,True,13,False,,False,False,Planning & Organization,Planning Tasks,lambda/hermes-agent-reasoning-traces:glm-5.1:train:1092,ok,
hermes:glm-5.1:929b3879-de9c-4bbf-af13-a2726d8366e8,929b3879-de9c-4bbf-af13-a2726d8366e8,glm-5.1,True,24,False,,False,False,Terminal & Coding,Terminal Tasks,lambda/hermes-agent-reasoning-traces:glm-5.1:train:1561,ok,
hermes:glm-5.1:931180eb-c85b-419b-9415-48779b6268b9,931180eb-c85b-419b-9415-48779b6268b9,glm-5.1,True,25,False,,False,False,Browser Automation,Browser Tasks,lambda/hermes-agent-reasoning-traces:glm-5.1:train:2520,ok,
hermes:glm-5.1:93391e66-c372-4813-b234-6243409c3d26,93391e66-c372-4813-b234-6243409c3d26,glm-5.1,True,12,False,,False,False,Terminal & Coding,Terminal Tasks,lambda/hermes-agent-reasoning-traces:glm-5.1:train:2277,ok,
hermes:glm-5.1:933c0e58-6e30-4f39-ab8e-4350335288cf,933c0e58-6e30-4f39-ab8e-4350335288cf,glm-5.1,True,31,False,,False,False,Terminal & Coding,Terminal Tasks,lambda/hermes-agent-reasoning-traces:glm-5.1:train:1045,ok,
hermes:glm-5.1:93455a0a-82c3-4c6b-87be-7cd9074748c7,93455a0a-82c3-4c6b-87be-7cd9074748c7,glm-5.1,True,10,False,,False,False,Terminal & Coding,Terminal Tasks,lambda/hermes-agent-reasoning-traces:glm-5.1:train:1327,ok,
hermes:glm-5.1:9354b51a-35a5-4bc1-bbc9-47d4f8430b30,9354b51a-35a5-4bc1-bbc9-47d4f8430b30,glm-5.1,True,20,False,,False,False,File Operations,File Tasks,lambda/hermes-agent-reasoning-traces:glm-5.1:train:1288,ok,
hermes:glm-5.1:9354c825-9469-4e27-b55f-fec9fe171c44,9354c825-9469-4e27-b55f-fec9fe171c44,glm-5.1,True,14,False,,False,False,Terminal & Coding,Terminal Tasks,lambda/hermes-agent-reasoning-traces:glm-5.1:train:2047,ok,
hermes:glm-5.1:93636c61-6a02-4d31-803b-47234a782f6c,93636c61-6a02-4d31-803b-47234a782f6c,glm-5.1,True,17,False,,False,False,Scheduling,Cron Jobs,lambda/hermes-agent-reasoning-traces:glm-5.1:train:1867,ok,
hermes:glm-5.1:9387d778-7682-4ee0-9f55-70612852df37,9387d778-7682-4ee0-9f55-70612852df37,glm-5.1,True,27,False,,False,False,Terminal & Coding,Terminal Tasks,lambda/hermes-agent-reasoning-traces:glm-5.1:train:47,ok,
hermes:glm-5.1:9397a60b-7653-4b17-9ade-964b0f122cb5,9397a60b-7653-4b17-9ade-964b0f122cb5,glm-5.1,True,14,False,,False,False,Terminal & Coding,Terminal Tasks,lambda/hermes-agent-reasoning-traces:glm-5.1:train:1816,ok,
hermes:glm-5.1:9399eabe-9ce5-41f2-a789-c25a3ef970dd,9399eabe-9ce5-41f2-a789-c25a3ef970dd,glm-5.1,True,9,False,,False,False,Terminal & Coding,Terminal Tasks,lambda/hermes-agent-reasoning-traces:glm-5.1:train:601,ok,
hermes:glm-5.1:93b6e464-662e-438a-9e34-3036ea866a69,93b6e464-662e-438a-9e34-3036ea866a69,glm-5.1,True,27,False,,False,False,Terminal & Coding,Terminal Tasks,lambda/hermes-agent-reasoning-traces:glm-5.1:train:609,ok,
hermes:glm-5.1:93c68f4f-6b66-4669-98c2-d80c1bc5c00e,93c68f4f-6b66-4669-98c2-d80c1bc5c00e,glm-5.1,True,10,False,,False,False,Terminal & Coding,Terminal Tasks,lambda/hermes-agent-reasoning-traces:glm-5.1:train:912,ok,
hermes:glm-5.1:940719a3-cb73-4156-ad66-0db472cb43aa,940719a3-cb73-4156-ad66-0db472cb43aa,glm-5.1,True,14,False,,False,False,Browser Automation,Browser Tasks,lambda/hermes-agent-reasoning-traces:glm-5.1:train:2821,ok,
hermes:glm-5.1:940a106a-5561-46df-aca7-bc4106f888ed,940a106a-5561-46df-aca7-bc4106f888ed,glm-5.1,True,14,False,,False,False,Browser Automation,Browser Tasks,lambda/hermes-agent-reasoning-traces:glm-5.1:train:2856,ok,
hermes:glm-5.1:94563397-c18b-437c-b784-d2443d3065c5,94563397-c18b-437c-b784-d2443d3065c5,glm-5.1,True,29,False,,False,False,Terminal & Coding,Terminal Tasks,lambda/hermes-agent-reasoning-traces:glm-5.1:train:210,ok,
hermes:glm-5.1:945e4f93-bfbd-41de-9d02-604d81bb8a23,945e4f93-bfbd-41de-9d02-604d81bb8a23,glm-5.1,True,29,False,,False,False,Terminal & Coding,Terminal Tasks,lambda/hermes-agent-reasoning-traces:glm-5.1:train:1015,ok,
hermes:glm-5.1:945f25a9-5560-42bb-9de0-cdb0799eecb7,945f25a9-5560-42bb-9de0-cdb0799eecb7,glm-5.1,True,19,False,,False,False,Terminal & Coding,Terminal Tasks,lambda/hermes-agent-reasoning-traces:glm-5.1:train:175,ok,
hermes:glm-5.1:9464b680-35ff-444e-908a-01b00177113c,9464b680-35ff-444e-908a-01b00177113c,glm-5.1,True,18,False,,False,False,Planning & Organization,Planning Tasks,lambda/hermes-agent-reasoning-traces:glm-5.1:train:1842,ok,
hermes:glm-5.1:947bc7bc-5abf-4f2f-8be2-155fff862547,947bc7bc-5abf-4f2f-8be2-155fff862547,glm-5.1,True,15,False,,False,False,Terminal & Coding,Terminal Tasks,lambda/hermes-agent-reasoning-traces:glm-5.1:train:370,ok,
hermes:glm-5.1:94830f2d-d441-404f-bdd8-585102d8fd01,94830f2d-d441-404f-bdd8-585102d8fd01,glm-5.1,True,16,False,,False,False,Repository Tasks,Environment Setup,lambda/hermes-agent-reasoning-traces:glm-5.1:train:479,ok,
hermes:glm-5.1:94954f92-b441-4ade-9bd7-9b15ea4c6b51,94954f92-b441-4ade-9bd7-9b15ea4c6b51,glm-5.1,True,10,False,,False,False,Terminal & Coding,Terminal Tasks,lambda/hermes-agent-reasoning-traces:glm-5.1:train:291,ok,
hermes:glm-5.1:94c45aae-fb27-4799-8f58-6513def6ef0c,94c45aae-fb27-4799-8f58-6513def6ef0c,glm-5.1,True,14,False,,False,False,Terminal & Coding,Terminal Tasks,lambda/hermes-agent-reasoning-traces:glm-5.1:train:389,ok,
hermes:glm-5.1:94eb6691-9d62-404c-a001-32c217c8f152,94eb6691-9d62-404c-a001-32c217c8f152,glm-5.1,True,14,False,,False,False,Terminal & Coding,Terminal Tasks,lambda/hermes-agent-reasoning-traces:glm-5.1:train:1013,ok,
hermes:glm-5.1:94f6288e-fe29-494b-852b-066847ed7c53,94f6288e-fe29-494b-852b-066847ed7c53,glm-5.1,True,16,False,,False,False,Terminal & Coding,Terminal Tasks,lambda/hermes-agent-reasoning-traces:glm-5.1:train:1114,ok,
hermes:glm-5.1:9505640e-f903-4486-a7a4-abd7e4e02909,9505640e-f903-4486-a7a4-abd7e4e02909,glm-5.1,True,23,False,,False,False,Terminal & Coding,Terminal Tasks,lambda/hermes-agent-reasoning-traces:glm-5.1:train:2222,ok,
hermes:glm-5.1:95218247-22d3-4893-9675-8d6ca5c87a67,95218247-22d3-4893-9675-8d6ca5c87a67,glm-5.1,True,18,False,,False,False,Terminal & Coding,Terminal Tasks,lambda/hermes-agent-reasoning-traces:glm-5.1:train:559,ok,
hermes:glm-5.1:9557efe5-a36f-4ac8-9181-984c55b477eb,9557efe5-a36f-4ac8-9181-984c55b477eb,glm-5.1,True,23,False,,False,False,Browser Automation,Browser Tasks,lambda/hermes-agent-reasoning-traces:glm-5.1:train:2730,ok,
hermes:glm-5.1:957f90d8-08d8-4cea-bf9e-39d755528209,957f90d8-08d8-4cea-bf9e-39d755528209,glm-5.1,True,14,False,,False,False,Terminal & Coding,Terminal Tasks,lambda/hermes-agent-reasoning-traces:glm-5.1:train:1487,ok,
hermes:glm-5.1:9592ff75-1fd1-48b7-8dea-8e78397bb6a3,9592ff75-1fd1-48b7-8dea-8e78397bb6a3,glm-5.1,True,27,False,,False,False,Terminal & Coding,Terminal Tasks,lambda/hermes-agent-reasoning-traces:glm-5.1:train:163,ok,
hermes:glm-5.1:95a4cccf-1f2d-45da-aec6-5ea3cf47203d,95a4cccf-1f2d-45da-aec6-5ea3cf47203d,glm-5.1,True,16,False,,False,False,Terminal & Coding,Terminal Tasks,lambda/hermes-agent-reasoning-traces:glm-5.1:train:1608,ok,
hermes:glm-5.1:95bfbb49-e3bd-4338-823c-7c967069d353,95bfbb49-e3bd-4338-823c-7c967069d353,glm-5.1,True,27,False,,False,False,File Operations,File Tasks,lambda/hermes-agent-reasoning-traces:glm-5.1:train:1493,ok,
hermes:glm-5.1:95c196d9-b0d3-41f4-96ce-dedece9196b5,95c196d9-b0d3-41f4-96ce-dedece9196b5,glm-5.1,True,10,False,,False,False,Terminal & Coding,Terminal Tasks,lambda/hermes-agent-reasoning-traces:glm-5.1:train:855,ok,
hermes:glm-5.1:95c4d140-3c3b-4fcc-9401-232f6e1fffdd,95c4d140-3c3b-4fcc-9401-232f6e1fffdd,glm-5.1,True,23,False,,False,False,Browser Automation,Browser Tasks,lambda/hermes-agent-reasoning-traces:glm-5.1:train:2719,ok,
hermes:glm-5.1:95cd3d78-beba-499d-bbdf-51848e85e7f1,95cd3d78-beba-499d-bbdf-51848e85e7f1,glm-5.1,True,27,False,,False,False,Browser Automation,Browser Tasks,lambda/hermes-agent-reasoning-traces:glm-5.1:train:2769,ok,
hermes:glm-5.1:95f07408-caf4-4abb-9c9d-0dd2c4ff06ba,95f07408-caf4-4abb-9c9d-0dd2c4ff06ba,glm-5.1,True,25,False,,False,False,Browser Automation,Browser Tasks,lambda/hermes-agent-reasoning-traces:glm-5.1:train:2577,ok,
hermes:glm-5.1:95f4df44-deb3-4b20-9056-b7a8224ef2eb,95f4df44-deb3-4b20-9056-b7a8224ef2eb,glm-5.1,True,11,False,,False,False,Terminal & Coding,Terminal Tasks,lambda/hermes-agent-reasoning-traces:glm-5.1:train:1460,ok,
hermes:glm-5.1:960f311c-3bd5-4d73-a8ab-ec90aa39ae41,960f311c-3bd5-4d73-a8ab-ec90aa39ae41,glm-5.1,True,18,False,,False,False,Browser Automation,Browser Tasks,lambda/hermes-agent-reasoning-traces:glm-5.1:train:2992,ok,
hermes:glm-5.1:960f3944-97bf-4c9c-922d-48f1a7c8e5e3,960f3944-97bf-4c9c-922d-48f1a7c8e5e3,glm-5.1,True,31,False,,False,False,Terminal & Coding,Terminal Tasks,lambda/hermes-agent-reasoning-traces:glm-5.1:train:2447,ok,
hermes:glm-5.1:9615d631-8edc-4b35-a62f-1f5bd114d30c,9615d631-8edc-4b35-a62f-1f5bd114d30c,glm-5.1,True,12,False,,False,False,Terminal & Coding,Terminal Tasks,lambda/hermes-agent-reasoning-traces:glm-5.1:train:352,ok,
hermes:glm-5.1:9625abce-0028-4209-bf06-603039331a87,9625abce-0028-4209-bf06-603039331a87,glm-5.1,True,12,False,,False,False,Terminal & Coding,Terminal Tasks,lambda/hermes-agent-reasoning-traces:glm-5.1:train:611,ok,
hermes:glm-5.1:9639f7b6-5c67-4ac6-8464-af968c11a546,9639f7b6-5c67-4ac6-8464-af968c11a546,glm-5.1,True,27,False,,False,False,Browser Automation,Browser Tasks,lambda/hermes-agent-reasoning-traces:glm-5.1:train:2747,ok,
hermes:glm-5.1:965977e2-492b-4927-a639-031adaf392dc,965977e2-492b-4927-a639-031adaf392dc,glm-5.1,True,33,False,,False,False,File Operations,File Tasks,lambda/hermes-agent-reasoning-traces:glm-5.1:train:366,ok,
hermes:glm-5.1:965d4aa0-55cf-404b-93cd-c7d83b31711d,965d4aa0-55cf-404b-93cd-c7d83b31711d,glm-5.1,True,16,False,,False,False,Terminal & Coding,Terminal Tasks,lambda/hermes-agent-reasoning-traces:glm-5.1:train:230,ok,
hermes:glm-5.1:965e447f-c106-4dec-b401-61a1f2fe7c97,965e447f-c106-4dec-b401-61a1f2fe7c97,glm-5.1,True,16,False,,False,False,Terminal & Coding,Terminal Tasks,lambda/hermes-agent-reasoning-traces:glm-5.1:train:774,ok,
hermes:glm-5.1:9676ca7a-ae3d-4102-bbf4-dca10453bbe8,9676ca7a-ae3d-4102-bbf4-dca10453bbe8,glm-5.1,True,26,False,,False,False,Browser Automation,Browser Tasks,lambda/hermes-agent-reasoning-traces:glm-5.1:train:2694,ok,
hermes:glm-5.1:967e131c-59ed-4fa3-9dfd-2ff45728cdad,967e131c-59ed-4fa3-9dfd-2ff45728cdad,glm-5.1,True,23,False,,False,False,Browser Automation,Browser Tasks,lambda/hermes-agent-reasoning-traces:glm-5.1:train:2564,ok,
hermes:glm-5.1:96913dbd-2685-4b87-a7bf-230a26d8bd47,96913dbd-2685-4b87-a7bf-230a26d8bd47,glm-5.1,True,10,False,,False,False,Scheduling,Cron Jobs,lambda/hermes-agent-reasoning-traces:glm-5.1:train:1243,ok,
hermes:glm-5.1:96991cab-02b0-4722-90b3-7e7a1c43edd3,96991cab-02b0-4722-90b3-7e7a1c43edd3,glm-5.1,True,31,False,,False,False,Browser Automation,Browser Tasks,lambda/hermes-agent-reasoning-traces:glm-5.1:train:2636,ok,
hermes:glm-5.1:96cb2cb3-f0c7-4601-bc85-7a678cc3b6f3,96cb2cb3-f0c7-4601-bc85-7a678cc3b6f3,glm-5.1,True,18,False,,False,False,Terminal & Coding,Terminal Tasks,lambda/hermes-agent-reasoning-traces:glm-5.1:train:1683,ok,
hermes:glm-5.1:96e393da-9593-4455-a7b9-cc70663e160d,96e393da-9593-4455-a7b9-cc70663e160d,glm-5.1,True,20,False,,False,False,Terminal & Coding,Terminal Tasks,lambda/hermes-agent-reasoning-traces:glm-5.1:train:1973,ok,
hermes:glm-5.1:96e7aec2-eb37-4366-9ef9-b7bad54d18ac,96e7aec2-eb37-4366-9ef9-b7bad54d18ac,glm-5.1,True,29,False,,False,False,Terminal & Coding,Terminal Tasks,lambda/hermes-agent-reasoning-traces:glm-5.1:train:2171,ok,
hermes:glm-5.1:96f72260-dc6e-4664-b849-85fcf71e980d,96f72260-dc6e-4664-b849-85fcf71e980d,glm-5.1,True,12,False,,False,False,Terminal & Coding,Terminal Tasks,lambda/hermes-agent-reasoning-traces:glm-5.1:train:1786,ok,
hermes:glm-5.1:96fb3e66-8c66-4936-997c-d16c4ad3a63c,96fb3e66-8c66-4936-997c-d16c4ad3a63c,glm-5.1,True,12,False,,False,False,Terminal & Coding,Terminal Tasks,lambda/hermes-agent-reasoning-traces:glm-5.1:train:518,ok,
hermes:glm-5.1:96fd7b11-ab21-47aa-8b78-f8daf35d2869,96fd7b11-ab21-47aa-8b78-f8daf35d2869,glm-5.1,True,12,False,,False,False,Terminal & Coding,Terminal Tasks,lambda/hermes-agent-reasoning-traces:glm-5.1:train:431,ok,
hermes:glm-5.1:9722679e-7d72-404b-8e81-9e8a8f39bd20,9722679e-7d72-404b-8e81-9e8a8f39bd20,glm-5.1,True,14,False,,False,False,Terminal & Coding,Terminal Tasks,lambda/hermes-agent-reasoning-traces:glm-5.1:train:2451,ok,
hermes:glm-5.1:973f36b4-0711-48c5-a9a7-bc086dd07464,973f36b4-0711-48c5-a9a7-bc086dd07464,glm-5.1,True,16,False,,False,False,Terminal & Coding,Terminal Tasks,lambda/hermes-agent-reasoning-traces:glm-5.1:train:1019,ok,
hermes:glm-5.1:97421445-5098-4fc8-a917-df7acbce78b0,97421445-5098-4fc8-a917-df7acbce78b0,glm-5.1,True,14,False,,False,False,Terminal & Coding,Terminal Tasks,lambda/hermes-agent-reasoning-traces:glm-5.1:train:1202,ok,
hermes:glm-5.1:9743210a-b65b-4816-b1e6-6d28e50226ae,9743210a-b65b-4816-b1e6-6d28e50226ae,glm-5.1,True,10,False,,False,False,File Operations,File Tasks,lambda/hermes-agent-reasoning-traces:glm-5.1:train:1804,ok,
hermes:glm-5.1:9746a00e-e143-4127-abf0-65aa42f1549f,9746a00e-e143-4127-abf0-65aa42f1549f,glm-5.1,True,14,False,,False,False,Terminal & Coding,Terminal Tasks,lambda/hermes-agent-reasoning-traces:glm-5.1:train:71,ok,
hermes:glm-5.1:974a0520-2d1c-4e12-9743-5959301869be,974a0520-2d1c-4e12-9743-5959301869be,glm-5.1,True,27,False,,False,False,Terminal & Coding,Terminal Tasks,lambda/hermes-agent-reasoning-traces:glm-5.1:train:179,ok,
hermes:glm-5.1:974ba756-f79c-48f5-973e-17d0cc02d7c8,974ba756-f79c-48f5-973e-17d0cc02d7c8,glm-5.1,True,23,False,,False,False,Terminal & Coding,Terminal Tasks,lambda/hermes-agent-reasoning-traces:glm-5.1:train:787,ok,
hermes:glm-5.1:9758f43c-7dcd-43f0-9f44-6e13de2d9c48,9758f43c-7dcd-43f0-9f44-6e13de2d9c48,glm-5.1,True,19,False,,False,False,Terminal & Coding,Terminal Tasks,lambda/hermes-agent-reasoning-traces:glm-5.1:train:1402,ok,
hermes:glm-5.1:9762adb0-f555-43a7-b836-106912e55956,9762adb0-f555-43a7-b836-106912e55956,glm-5.1,True,10,False,,False,False,File Operations,File Tasks,lambda/hermes-agent-reasoning-traces:glm-5.1:train:1873,ok,
hermes:glm-5.1:9788650c-c56f-4874-a7fa-e3606d3fd144,9788650c-c56f-4874-a7fa-e3606d3fd144,glm-5.1,True,9,False,,False,False,Terminal & Coding,Terminal Tasks,lambda/hermes-agent-reasoning-traces:glm-5.1:train:1296,ok,
hermes:glm-5.1:978c08e5-9b46-4d81-88a2-574c06df4930,978c08e5-9b46-4d81-88a2-574c06df4930,glm-5.1,True,12,False,,False,False,Terminal & Coding,Terminal Tasks,lambda/hermes-agent-reasoning-traces:glm-5.1:train:1151,ok,
hermes:glm-5.1:979c1cab-d651-4a88-a044-a7f82b20659e,979c1cab-d651-4a88-a044-a7f82b20659e,glm-5.1,True,14,False,,False,False,Scheduling,Cron Jobs,lambda/hermes-agent-reasoning-traces:glm-5.1:train:347,ok,
hermes:glm-5.1:97bcc91e-20e0-4edc-a678-24531a796e4c,97bcc91e-20e0-4edc-a678-24531a796e4c,glm-5.1,True,31,False,,False,False,Terminal & Coding,Terminal Tasks,lambda/hermes-agent-reasoning-traces:glm-5.1:train:722,ok,
hermes:glm-5.1:97c6908f-dfa7-443d-8444-c341342304ef,97c6908f-dfa7-443d-8444-c341342304ef,glm-5.1,True,25,False,,False,False,Terminal & Coding,Terminal Tasks,lambda/hermes-agent-reasoning-traces:glm-5.1:train:1321,ok,
hermes:glm-5.1:97f9a8e9-82e0-4131-99b7-5f5a98f2bf1d,97f9a8e9-82e0-4131-99b7-5f5a98f2bf1d,glm-5.1,True,21,False,,False,False,Terminal & Coding,Terminal Tasks,lambda/hermes-agent-reasoning-traces:glm-5.1:train:1617,ok,
hermes:glm-5.1:98089f3d-296f-4708-837b-f90754d7f450,98089f3d-296f-4708-837b-f90754d7f450,glm-5.1,True,16,False,,False,False,Terminal & Coding,Terminal Tasks,lambda/hermes-agent-reasoning-traces:glm-5.1:train:2035,ok,
hermes:glm-5.1:98131f2a-7268-46cf-a17c-96f8586b32d1,98131f2a-7268-46cf-a17c-96f8586b32d1,glm-5.1,True,12,False,,False,False,Terminal & Coding,Terminal Tasks,lambda/hermes-agent-reasoning-traces:glm-5.1:train:1540,ok,
hermes:glm-5.1:9829294d-996e-49e0-8441-e1a76d43f8a3,9829294d-996e-49e0-8441-e1a76d43f8a3,glm-5.1,True,25,False,,False,False,File Operations,File Tasks,lambda/hermes-agent-reasoning-traces:glm-5.1:train:2399,ok,
hermes:glm-5.1:982db5e4-8856-4ecc-a261-8cde30ed9845,982db5e4-8856-4ecc-a261-8cde30ed9845,glm-5.1,True,26,False,,False,False,Browser Automation,Browser Tasks,lambda/hermes-agent-reasoning-traces:glm-5.1:train:2922,ok,
hermes:glm-5.1:9832d500-2449-4af7-a60c-9e482d7ef412,9832d500-2449-4af7-a60c-9e482d7ef412,glm-5.1,True,10,False,,False,False,Terminal & Coding,Terminal Tasks,lambda/hermes-agent-reasoning-traces:glm-5.1:train:491,ok,
hermes:glm-5.1:983a7479-c7bc-436b-8e54-58bc0ade660d,983a7479-c7bc-436b-8e54-58bc0ade660d,glm-5.1,True,14,False,,False,False,Terminal & Coding,Terminal Tasks,lambda/hermes-agent-reasoning-traces:glm-5.1:train:1457,ok,
hermes:glm-5.1:983fe063-794e-4594-ac40-6a05dc3cf8b5,983fe063-794e-4594-ac40-6a05dc3cf8b5,glm-5.1,True,16,False,,False,False,Terminal & Coding,Terminal Tasks,lambda/hermes-agent-reasoning-traces:glm-5.1:train:2414,ok,
hermes:glm-5.1:98573c42-e393-4555-b97a-29753c88c1ed,98573c42-e393-4555-b97a-29753c88c1ed,glm-5.1,True,23,False,,False,False,Terminal & Coding,Terminal Tasks,lambda/hermes-agent-reasoning-traces:glm-5.1:train:955,ok,
hermes:glm-5.1:985d9464-f00a-464a-8e50-e33299de656a,985d9464-f00a-464a-8e50-e33299de656a,glm-5.1,True,23,False,,False,False,Terminal & Coding,Terminal Tasks,lambda/hermes-agent-reasoning-traces:glm-5.1:train:1495,ok,
hermes:glm-5.1:9861ff49-f07d-4282-8406-3b0c3546187b,9861ff49-f07d-4282-8406-3b0c3546187b,glm-5.1,True,12,False,,False,False,Terminal & Coding,Terminal Tasks,lambda/hermes-agent-reasoning-traces:glm-5.1:train:90,ok,
hermes:glm-5.1:98abefb3-7076-4938-9976-a5648ee3c9e1,98abefb3-7076-4938-9976-a5648ee3c9e1,glm-5.1,True,19,False,,False,False,Terminal & Coding,Terminal Tasks,lambda/hermes-agent-reasoning-traces:glm-5.1:train:360,ok,
hermes:glm-5.1:98ac0573-37d3-4e59-94e1-1002420b2a2b,98ac0573-37d3-4e59-94e1-1002420b2a2b,glm-5.1,True,14,False,,False,False,Terminal & Coding,Terminal Tasks,lambda/hermes-agent-reasoning-traces:glm-5.1:train:1462,ok,
hermes:glm-5.1:98b6b622-a0e9-4857-b767-733317d86bda,98b6b622-a0e9-4857-b767-733317d86bda,glm-5.1,True,13,False,,False,False,Terminal & Coding,Terminal Tasks,lambda/hermes-agent-reasoning-traces:glm-5.1:train:447,ok,
hermes:glm-5.1:98e4a262-e24e-4c67-b567-4bb753cc9986,98e4a262-e24e-4c67-b567-4bb753cc9986,glm-5.1,True,20,False,,False,False,Terminal & Coding,Terminal Tasks,lambda/hermes-agent-reasoning-traces:glm-5.1:train:2397,ok,
hermes:glm-5.1:991956bb-8119-4559-83d0-2ef83432b86d,991956bb-8119-4559-83d0-2ef83432b86d,glm-5.1,True,21,False,,False,False,Terminal & Coding,Terminal Tasks,lambda/hermes-agent-reasoning-traces:glm-5.1:train:1862,ok,
hermes:glm-5.1:99260ff9-e0cb-47c9-a8ff-5e2ca859bdea,99260ff9-e0cb-47c9-a8ff-5e2ca859bdea,glm-5.1,True,27,False,,False,False,Terminal & Coding,Terminal Tasks,lambda/hermes-agent-reasoning-traces:glm-5.1:train:237,ok,
hermes:glm-5.1:992ea6b7-9e1b-4d25-a946-c88fd80f236a,992ea6b7-9e1b-4d25-a946-c88fd80f236a,glm-5.1,True,13,False,,False,False,Terminal & Coding,Terminal Tasks,lambda/hermes-agent-reasoning-traces:glm-5.1:train:805,ok,
hermes:glm-5.1:99344593-ce3b-4352-87f8-e502c1df9e73,99344593-ce3b-4352-87f8-e502c1df9e73,glm-5.1,True,16,False,,False,False,Terminal & Coding,Terminal Tasks,lambda/hermes-agent-reasoning-traces:glm-5.1:train:1805,ok,
hermes:glm-5.1:99434b92-c2a2-4109-a86c-6da65da7d9ac,99434b92-c2a2-4109-a86c-6da65da7d9ac,glm-5.1,True,12,False,,False,False,Multi-Tool,Multi-Tool Tasks,lambda/hermes-agent-reasoning-traces:glm-5.1:train:1306,ok,
hermes:glm-5.1:9962b28b-ad8c-4cfe-bfdc-7bce60ab16b5,9962b28b-ad8c-4cfe-bfdc-7bce60ab16b5,glm-5.1,True,20,False,,False,False,Browser Automation,Browser Tasks,lambda/hermes-agent-reasoning-traces:glm-5.1:train:2892,ok,
hermes:glm-5.1:9973e4ab-3a13-4b8c-a2b8-ef3b1274c5de,9973e4ab-3a13-4b8c-a2b8-ef3b1274c5de,glm-5.1,True,27,False,,False,False,Browser Automation,Browser Tasks,lambda/hermes-agent-reasoning-traces:glm-5.1:train:2695,ok,
hermes:glm-5.1:99925e18-fdd9-43f7-8b81-a70538835ec2,99925e18-fdd9-43f7-8b81-a70538835ec2,glm-5.1,True,12,False,,False,False,File Operations,File Tasks,lambda/hermes-agent-reasoning-traces:glm-5.1:train:1171,ok,
hermes:glm-5.1:99c16620-c634-4368-9e35-5200c6cb21b6,99c16620-c634-4368-9e35-5200c6cb21b6,glm-5.1,True,16,False,,False,False,Terminal & Coding,Terminal Tasks,lambda/hermes-agent-reasoning-traces:glm-5.1:train:2465,ok,
hermes:glm-5.1:99ce169b-967a-437b-8d80-95cd2add0fc9,99ce169b-967a-437b-8d80-95cd2add0fc9,glm-5.1,True,14,False,,False,False,Terminal & Coding,Terminal Tasks,lambda/hermes-agent-reasoning-traces:glm-5.1:train:474,ok,
hermes:glm-5.1:99e9323b-26cb-45a5-a36b-e08526b5ed6b,99e9323b-26cb-45a5-a36b-e08526b5ed6b,glm-5.1,True,21,False,,False,False,Browser Automation,Browser Tasks,lambda/hermes-agent-reasoning-traces:glm-5.1:train:2540,ok,
hermes:glm-5.1:99f62d9d-f9f2-4bde-b3f2-301fbaf7829e,99f62d9d-f9f2-4bde-b3f2-301fbaf7829e,glm-5.1,True,33,False,,False,False,Terminal & Coding,Terminal Tasks,lambda/hermes-agent-reasoning-traces:glm-5.1:train:1550,ok,
hermes:glm-5.1:9a023b5b-f5d9-4775-a6b8-4abd3745fb28,9a023b5b-f5d9-4775-a6b8-4abd3745fb28,glm-5.1,True,9,False,,False,False,File Operations,File Tasks,lambda/hermes-agent-reasoning-traces:glm-5.1:train:627,ok,
hermes:glm-5.1:9a189f40-ae80-4fc3-aae8-2a285cda43c0,9a189f40-ae80-4fc3-aae8-2a285cda43c0,glm-5.1,True,12,False,,False,False,Terminal & Coding,Terminal Tasks,lambda/hermes-agent-reasoning-traces:glm-5.1:train:260,ok,
hermes:glm-5.1:9a1dc5b1-e861-4753-8a7c-00c422299bd3,9a1dc5b1-e861-4753-8a7c-00c422299bd3,glm-5.1,True,29,False,,False,False,Terminal & Coding,Terminal Tasks,lambda/hermes-agent-reasoning-traces:glm-5.1:train:591,ok,
hermes:glm-5.1:9a20614a-ff42-44bd-a7f8-e467634d6952,9a20614a-ff42-44bd-a7f8-e467634d6952,glm-5.1,True,16,False,,False,False,Terminal & Coding,Terminal Tasks,lambda/hermes-agent-reasoning-traces:glm-5.1:train:484,ok,
hermes:glm-5.1:9a38be98-b3f1-4594-83ac-ea7059d53d02,9a38be98-b3f1-4594-83ac-ea7059d53d02,glm-5.1,True,25,False,,False,False,Terminal & Coding,Terminal Tasks,lambda/hermes-agent-reasoning-traces:glm-5.1:train:1217,ok,
hermes:glm-5.1:9a3d8eaf-6fa8-4fcb-8555-722f4fd936d7,9a3d8eaf-6fa8-4fcb-8555-722f4fd936d7,glm-5.1,True,12,False,,False,False,Terminal & Coding,Terminal Tasks,lambda/hermes-agent-reasoning-traces:glm-5.1:train:1755,ok,
hermes:glm-5.1:9a3ec67f-cbee-471d-bd40-dbf8e69b1e18,9a3ec67f-cbee-471d-bd40-dbf8e69b1e18,glm-5.1,True,12,False,,False,False,Terminal & Coding,Terminal Tasks,lambda/hermes-agent-reasoning-traces:glm-5.1:train:1135,ok,
hermes:glm-5.1:9a4e31a8-40b2-494e-9197-4764f8a6ba40,9a4e31a8-40b2-494e-9197-4764f8a6ba40,glm-5.1,True,16,False,,False,False,Multi-Tool,Multi-Tool Tasks,lambda/hermes-agent-reasoning-traces:glm-5.1:train:369,ok,
hermes:glm-5.1:9a6788c4-0c1e-47b8-b7d5-a84acdb2cf47,9a6788c4-0c1e-47b8-b7d5-a84acdb2cf47,glm-5.1,True,9,False,,False,False,Terminal & Coding,Terminal Tasks,lambda/hermes-agent-reasoning-traces:glm-5.1:train:1481,ok,
hermes:glm-5.1:9a7c09f4-74e7-48f1-912c-9fd4931fb668,9a7c09f4-74e7-48f1-912c-9fd4931fb668,glm-5.1,True,14,False,,False,False,Terminal & Coding,Terminal Tasks,lambda/hermes-agent-reasoning-traces:glm-5.1:train:1986,ok,
hermes:glm-5.1:9a87b8b5-bf6f-4489-bf15-66d45f6f259e,9a87b8b5-bf6f-4489-bf15-66d45f6f259e,glm-5.1,True,12,False,,False,False,Terminal & Coding,Terminal Tasks,lambda/hermes-agent-reasoning-traces:glm-5.1:train:602,ok,
hermes:glm-5.1:9a92b3c6-6ba7-48f6-ad8e-506367a43ad8,9a92b3c6-6ba7-48f6-ad8e-506367a43ad8,glm-5.1,True,31,False,,False,False,Terminal & Coding,Terminal Tasks,lambda/hermes-agent-reasoning-traces:glm-5.1:train:1737,ok,
hermes:glm-5.1:9a9d20e7-2ab6-410d-b54e-6757bfa5ee71,9a9d20e7-2ab6-410d-b54e-6757bfa5ee71,glm-5.1,True,19,False,,False,False,Browser Automation,Browser Tasks,lambda/hermes-agent-reasoning-traces:glm-5.1:train:2682,ok,
hermes:glm-5.1:9acd9465-0633-466f-846c-85db423ddabd,9acd9465-0633-466f-846c-85db423ddabd,glm-5.1,True,11,False,,False,False,Planning & Organization,Planning Tasks,lambda/hermes-agent-reasoning-traces:glm-5.1:train:235,ok,
hermes:glm-5.1:9acf452f-5870-4985-a182-422816d1da8f,9acf452f-5870-4985-a182-422816d1da8f,glm-5.1,True,21,False,,False,False,Terminal & Coding,Terminal Tasks,lambda/hermes-agent-reasoning-traces:glm-5.1:train:532,ok,
hermes:glm-5.1:9af0e588-f072-4bc7-939b-9468c81c7bee,9af0e588-f072-4bc7-939b-9468c81c7bee,glm-5.1,True,10,False,,False,False,Terminal & Coding,Terminal Tasks,lambda/hermes-agent-reasoning-traces:glm-5.1:train:980,ok,
hermes:glm-5.1:9b042428-a6b9-45e0-bad3-e7b4524ac51d,9b042428-a6b9-45e0-bad3-e7b4524ac51d,glm-5.1,True,21,False,,False,False,Terminal & Coding,Terminal Tasks,lambda/hermes-agent-reasoning-traces:glm-5.1:train:34,ok,
hermes:glm-5.1:9b159351-b453-47ff-a509-adea318bf722,9b159351-b453-47ff-a509-adea318bf722,glm-5.1,True,12,False,,False,False,Terminal & Coding,Terminal Tasks,lambda/hermes-agent-reasoning-traces:glm-5.1:train:1592,ok,
hermes:glm-5.1:9b297c6a-568b-4624-aa37-e9d26617feba,9b297c6a-568b-4624-aa37-e9d26617feba,glm-5.1,True,10,False,,False,False,Terminal & Coding,Terminal Tasks,lambda/hermes-agent-reasoning-traces:glm-5.1:train:625,ok,
hermes:glm-5.1:9b349c34-28e6-4040-a70b-a981bc7f3428,9b349c34-28e6-4040-a70b-a981bc7f3428,glm-5.1,True,14,False,,False,False,Terminal & Coding,Terminal Tasks,lambda/hermes-agent-reasoning-traces:glm-5.1:train:1852,ok,
hermes:glm-5.1:9b8b931c-64ae-49fb-af78-b9ebaf4062fe,9b8b931c-64ae-49fb-af78-b9ebaf4062fe,glm-5.1,True,15,False,,False,False,Terminal & Coding,Terminal Tasks,lambda/hermes-agent-reasoning-traces:glm-5.1:train:1241,ok,
hermes:glm-5.1:9bc010e6-29e3-467d-b612-505e204b87f1,9bc010e6-29e3-467d-b612-505e204b87f1,glm-5.1,True,16,False,,False,False,Terminal & Coding,Terminal Tasks,lambda/hermes-agent-reasoning-traces:glm-5.1:train:1588,ok,
hermes:glm-5.1:9be36f5d-9797-4908-adb3-05f3079c5cc0,9be36f5d-9797-4908-adb3-05f3079c5cc0,glm-5.1,True,21,False,,False,False,Browser Automation,Browser Tasks,lambda/hermes-agent-reasoning-traces:glm-5.1:train:2934,ok,
hermes:glm-5.1:9be81793-ac1e-4816-b744-f28c9a7c44a2,9be81793-ac1e-4816-b744-f28c9a7c44a2,glm-5.1,True,25,False,,False,False,Terminal & Coding,Terminal Tasks,lambda/hermes-agent-reasoning-traces:glm-5.1:train:777,ok,
hermes:glm-5.1:9c0e1181-1e66-4d06-bef0-d6c468ffb41c,9c0e1181-1e66-4d06-bef0-d6c468ffb41c,glm-5.1,True,25,False,,False,False,Terminal & Coding,Terminal Tasks,lambda/hermes-agent-reasoning-traces:glm-5.1:train:1343,ok,
hermes:glm-5.1:9c28b1d9-f7c4-48a3-a227-3807480e9096,9c28b1d9-f7c4-48a3-a227-3807480e9096,glm-5.1,True,12,False,,False,False,Browser Automation,Browser Tasks,lambda/hermes-agent-reasoning-traces:glm-5.1:train:2868,ok,
hermes:glm-5.1:9c448780-26f5-4c97-80b7-19c1f50f7809,9c448780-26f5-4c97-80b7-19c1f50f7809,glm-5.1,True,23,False,,False,False,Browser Automation,Browser Tasks,lambda/hermes-agent-reasoning-traces:glm-5.1:train:2524,ok,
hermes:glm-5.1:9c4c9df9-bbb1-499c-9a73-1f3f57f45a6f,9c4c9df9-bbb1-499c-9a73-1f3f57f45a6f,glm-5.1,True,29,False,,False,False,Terminal & Coding,Terminal Tasks,lambda/hermes-agent-reasoning-traces:glm-5.1:train:395,ok,
hermes:glm-5.1:9c4dd9bf-9b73-4393-9cdc-957f19551e08,9c4dd9bf-9b73-4393-9cdc-957f19551e08,glm-5.1,True,20,False,,False,False,Browser Automation,Browser Tasks,lambda/hermes-agent-reasoning-traces:glm-5.1:train:2566,ok,
hermes:glm-5.1:9c81a617-4ab1-46ab-bc51-d85b15064257,9c81a617-4ab1-46ab-bc51-d85b15064257,glm-5.1,True,23,False,,False,False,Terminal & Coding,Terminal Tasks,lambda/hermes-agent-reasoning-traces:glm-5.1:train:2227,ok,
hermes:glm-5.1:9ca9e66c-f10e-4c6a-9de4-ad20574d2529,9ca9e66c-f10e-4c6a-9de4-ad20574d2529,glm-5.1,True,16,False,,False,False,Terminal & Coding,Terminal Tasks,lambda/hermes-agent-reasoning-traces:glm-5.1:train:1362,ok,
hermes:glm-5.1:9caaf995-9ad1-4caf-a2cb-c7cc95ea3f7b,9caaf995-9ad1-4caf-a2cb-c7cc95ea3f7b,glm-5.1,True,33,False,,False,False,Terminal & Coding,Terminal Tasks,lambda/hermes-agent-reasoning-traces:glm-5.1:train:643,ok,
hermes:glm-5.1:9caf74a9-abd9-4bb8-a683-c03c794f5637,9caf74a9-abd9-4bb8-a683-c03c794f5637,glm-5.1,True,23,False,,False,False,Browser Automation,Browser Tasks,lambda/hermes-agent-reasoning-traces:glm-5.1:train:2990,ok,
hermes:glm-5.1:9cc62865-dbdb-4d48-bbca-bb95138fc8b4,9cc62865-dbdb-4d48-bbca-bb95138fc8b4,glm-5.1,True,18,False,,False,False,Browser Automation,Browser Tasks,lambda/hermes-agent-reasoning-traces:glm-5.1:train:2529,ok,
hermes:glm-5.1:9cf11d0c-107f-4ae6-84cd-dd5aab5db438,9cf11d0c-107f-4ae6-84cd-dd5aab5db438,glm-5.1,True,14,False,,False,False,Terminal & Coding,Terminal Tasks,lambda/hermes-agent-reasoning-traces:glm-5.1:train:1620,ok,
hermes:glm-5.1:9cf6ad69-9db3-44b8-af4b-bf0cccc5317a,9cf6ad69-9db3-44b8-af4b-bf0cccc5317a,glm-5.1,True,29,False,,False,False,Terminal & Coding,Terminal Tasks,lambda/hermes-agent-reasoning-traces:glm-5.1:train:605,ok,
hermes:glm-5.1:9d3d9643-ca4b-446c-9771-e5316c293046,9d3d9643-ca4b-446c-9771-e5316c293046,glm-5.1,True,17,False,,False,False,Terminal & Coding,Terminal Tasks,lambda/hermes-agent-reasoning-traces:glm-5.1:train:1472,ok,
hermes:glm-5.1:9d49da7e-28ee-41ff-af01-617b59020105,9d49da7e-28ee-41ff-af01-617b59020105,glm-5.1,True,19,False,,False,False,Terminal & Coding,Terminal Tasks,lambda/hermes-agent-reasoning-traces:glm-5.1:train:1346,ok,
hermes:glm-5.1:9d60ade6-a225-4596-ac1b-cb6a11ddff82,9d60ade6-a225-4596-ac1b-cb6a11ddff82,glm-5.1,True,25,False,,False,False,Browser Automation,Browser Tasks,lambda/hermes-agent-reasoning-traces:glm-5.1:train:2691,ok,
hermes:glm-5.1:9d626bf7-1e9c-40d4-bdc4-05736064d34d,9d626bf7-1e9c-40d4-bdc4-05736064d34d,glm-5.1,True,14,False,,False,False,Browser Automation,Browser Tasks,lambda/hermes-agent-reasoning-traces:glm-5.1:train:2726,ok,
hermes:glm-5.1:9d788a1c-597a-4e1e-a622-751ab13288ac,9d788a1c-597a-4e1e-a622-751ab13288ac,glm-5.1,True,23,False,,False,False,Terminal & Coding,Terminal Tasks,lambda/hermes-agent-reasoning-traces:glm-5.1:train:1927,ok,
hermes:glm-5.1:9d7a301c-80bb-4ae3-9118-7b2189573bce,9d7a301c-80bb-4ae3-9118-7b2189573bce,glm-5.1,True,14,False,,False,False,File Operations,File Tasks,lambda/hermes-agent-reasoning-traces:glm-5.1:train:2132,ok,
hermes:glm-5.1:9d94bad3-cf12-4640-b9d5-204ccc4e050d,9d94bad3-cf12-4640-b9d5-204ccc4e050d,glm-5.1,True,27,False,,False,False,Terminal & Coding,Terminal Tasks,lambda/hermes-agent-reasoning-traces:glm-5.1:train:2394,ok,
hermes:glm-5.1:9dac7d78-5b8b-464f-a30d-c4267247ee72,9dac7d78-5b8b-464f-a30d-c4267247ee72,glm-5.1,True,25,False,,False,False,Terminal & Coding,Terminal Tasks,lambda/hermes-agent-reasoning-traces:glm-5.1:train:680,ok,
hermes:glm-5.1:9de6d94d-c9d8-46d9-9d68-dd85cf1ee508,9de6d94d-c9d8-46d9-9d68-dd85cf1ee508,glm-5.1,True,9,False,,False,False,Terminal & Coding,Terminal Tasks,lambda/hermes-agent-reasoning-traces:glm-5.1:train:450,ok,
hermes:glm-5.1:9dea9024-e62b-464e-b162-d4b735bde906,9dea9024-e62b-464e-b162-d4b735bde906,glm-5.1,True,18,False,,False,False,Terminal & Coding,Terminal Tasks,lambda/hermes-agent-reasoning-traces:glm-5.1:train:1520,ok,
hermes:glm-5.1:9dfd3d2b-07a4-4648-88b9-f90456dc870f,9dfd3d2b-07a4-4648-88b9-f90456dc870f,glm-5.1,True,29,False,,False,False,Terminal & Coding,Terminal Tasks,lambda/hermes-agent-reasoning-traces:glm-5.1:train:1130,ok,
hermes:glm-5.1:9e121c42-90e7-43d2-928f-bd6b5be72981,9e121c42-90e7-43d2-928f-bd6b5be72981,glm-5.1,True,20,False,,False,False,Terminal & Coding,Terminal Tasks,lambda/hermes-agent-reasoning-traces:glm-5.1:train:1812,ok,
hermes:glm-5.1:9e1982de-71a3-4180-afa2-6ace087d2770,9e1982de-71a3-4180-afa2-6ace087d2770,glm-5.1,True,18,False,,False,False,Browser Automation,Browser Tasks,lambda/hermes-agent-reasoning-traces:glm-5.1:train:2931,ok,
hermes:glm-5.1:9e7671b7-dc14-49dc-b4de-2b4bc6fa7d25,9e7671b7-dc14-49dc-b4de-2b4bc6fa7d25,glm-5.1,True,16,False,,False,False,File Operations,File Tasks,lambda/hermes-agent-reasoning-traces:glm-5.1:train:1085,ok,
hermes:glm-5.1:9e7b692b-5e02-4ad8-a12c-76ba2c050649,9e7b692b-5e02-4ad8-a12c-76ba2c050649,glm-5.1,True,12,False,,False,False,Browser Automation,Browser Tasks,lambda/hermes-agent-reasoning-traces:glm-5.1:train:2885,ok,
hermes:glm-5.1:9e9d3174-5d64-49c3-8ff2-f2890400fc0a,9e9d3174-5d64-49c3-8ff2-f2890400fc0a,glm-5.1,True,14,False,,False,False,Terminal & Coding,Terminal Tasks,lambda/hermes-agent-reasoning-traces:glm-5.1:train:1710,ok,
hermes:glm-5.1:9eef3fec-27c3-474d-87e9-4d63dd558a4e,9eef3fec-27c3-474d-87e9-4d63dd558a4e,glm-5.1,True,19,False,,False,False,Terminal & Coding,Terminal Tasks,lambda/hermes-agent-reasoning-traces:glm-5.1:train:381,ok,
hermes:glm-5.1:9ef42652-ea07-415a-ba14-5c20880363a9,9ef42652-ea07-415a-ba14-5c20880363a9,glm-5.1,True,14,False,,False,False,Terminal & Coding,Terminal Tasks,lambda/hermes-agent-reasoning-traces:glm-5.1:train:2276,ok,
hermes:glm-5.1:9f31cefd-f2b4-42d9-8e9e-6fcc145b332e,9f31cefd-f2b4-42d9-8e9e-6fcc145b332e,glm-5.1,True,23,False,,False,False,Terminal & Coding,Terminal Tasks,lambda/hermes-agent-reasoning-traces:glm-5.1:train:478,ok,
hermes:glm-5.1:9f3a9da9-bbce-4597-82f7-7e4f3210086b,9f3a9da9-bbce-4597-82f7-7e4f3210086b,glm-5.1,True,19,False,,False,False,File Operations,File Tasks,lambda/hermes-agent-reasoning-traces:glm-5.1:train:2483,ok,
hermes:glm-5.1:9f462b36-1ac8-4f2c-ae97-96a5d3f4fb26,9f462b36-1ac8-4f2c-ae97-96a5d3f4fb26,glm-5.1,True,27,False,,False,False,Browser Automation,Browser Tasks,lambda/hermes-agent-reasoning-traces:glm-5.1:train:2744,ok,
hermes:glm-5.1:9f527205-7d7a-496d-a85f-74ceb4add649,9f527205-7d7a-496d-a85f-74ceb4add649,glm-5.1,True,27,False,,False,False,Terminal & Coding,Terminal Tasks,lambda/hermes-agent-reasoning-traces:glm-5.1:train:906,ok,
hermes:glm-5.1:9f556111-4727-4f6a-a4ae-2b9ddfc48af1,9f556111-4727-4f6a-a4ae-2b9ddfc48af1,glm-5.1,True,16,False,,False,False,Terminal & Coding,Terminal Tasks,lambda/hermes-agent-reasoning-traces:glm-5.1:train:1336,ok,
hermes:glm-5.1:9f5c0dd1-c940-47d0-aaab-e9ccd598af48,9f5c0dd1-c940-47d0-aaab-e9ccd598af48,glm-5.1,True,12,False,,False,False,Terminal & Coding,Terminal Tasks,lambda/hermes-agent-reasoning-traces:glm-5.1:train:561,ok,
hermes:glm-5.1:9f6c828e-6166-4038-bcd7-889e1c0d7b3e,9f6c828e-6166-4038-bcd7-889e1c0d7b3e,glm-5.1,True,27,False,,False,False,Terminal & Coding,Terminal Tasks,lambda/hermes-agent-reasoning-traces:glm-5.1:train:2189,ok,
hermes:glm-5.1:9f8ac184-585e-4b36-81c4-d77d09d8538c,9f8ac184-585e-4b36-81c4-d77d09d8538c,glm-5.1,True,10,False,,False,False,Terminal & Coding,Terminal Tasks,lambda/hermes-agent-reasoning-traces:glm-5.1:train:1682,ok,
hermes:glm-5.1:9f8cbdbd-c6dc-4100-942b-59ca58bfc559,9f8cbdbd-c6dc-4100-942b-59ca58bfc559,glm-5.1,True,13,False,,False,False,Terminal & Coding,Terminal Tasks,lambda/hermes-agent-reasoning-traces:glm-5.1:train:1624,ok,
hermes:glm-5.1:9f9e4009-5bbc-4e59-91ec-87abedd3a173,9f9e4009-5bbc-4e59-91ec-87abedd3a173,glm-5.1,True,26,False,,False,False,Terminal & Coding,Terminal Tasks,lambda/hermes-agent-reasoning-traces:glm-5.1:train:426,ok,
hermes:glm-5.1:9fa510f3-1f75-488e-8af5-ac55a465e35c,9fa510f3-1f75-488e-8af5-ac55a465e35c,glm-5.1,True,19,False,,False,False,Terminal & Coding,Terminal Tasks,lambda/hermes-agent-reasoning-traces:glm-5.1:train:763,ok,
hermes:glm-5.1:9fd5ee87-590d-48b8-9324-70786e00362c,9fd5ee87-590d-48b8-9324-70786e00362c,glm-5.1,True,24,False,,False,False,Terminal & Coding,Terminal Tasks,lambda/hermes-agent-reasoning-traces:glm-5.1:train:460,ok,
hermes:glm-5.1:9feab703-3f80-4515-a81f-01e5e1536dca,9feab703-3f80-4515-a81f-01e5e1536dca,glm-5.1,True,17,False,,False,False,Terminal & Coding,Terminal Tasks,lambda/hermes-agent-reasoning-traces:glm-5.1:train:2104,ok,
hermes:glm-5.1:9ff6bec9-ea87-4a27-a3c5-76909cba3d20,9ff6bec9-ea87-4a27-a3c5-76909cba3d20,glm-5.1,True,25,False,,False,False,Terminal & Coding,Terminal Tasks,lambda/hermes-agent-reasoning-traces:glm-5.1:train:1793,ok,
hermes:glm-5.1:a087d292-a19e-479d-b79e-2969dc07464c,a087d292-a19e-479d-b79e-2969dc07464c,glm-5.1,True,19,False,,False,False,Browser Automation,Browser Tasks,lambda/hermes-agent-reasoning-traces:glm-5.1:train:2832,ok,
hermes:glm-5.1:a0a892ee-5e8c-4295-a44d-f067c2778a95,a0a892ee-5e8c-4295-a44d-f067c2778a95,glm-5.1,True,25,False,,False,False,Terminal & Coding,Terminal Tasks,lambda/hermes-agent-reasoning-traces:glm-5.1:train:1643,ok,
hermes:glm-5.1:a0acfe77-be4c-4892-b158-0aab7346529f,a0acfe77-be4c-4892-b158-0aab7346529f,glm-5.1,True,19,False,,False,False,Terminal & Coding,Terminal Tasks,lambda/hermes-agent-reasoning-traces:glm-5.1:train:93,ok,
hermes:glm-5.1:a0b18e24-e6e0-468c-b876-9643962632b7,a0b18e24-e6e0-468c-b876-9643962632b7,glm-5.1,True,25,False,,False,False,Terminal & Coding,Terminal Tasks,lambda/hermes-agent-reasoning-traces:glm-5.1:train:2479,ok,
hermes:glm-5.1:a0c0b892-5ba6-4262-95b9-ad769daa2448,a0c0b892-5ba6-4262-95b9-ad769daa2448,glm-5.1,True,10,False,,False,False,Terminal & Coding,Terminal Tasks,lambda/hermes-agent-reasoning-traces:glm-5.1:train:1576,ok,
hermes:glm-5.1:a0c7c9b1-9f5d-4e3d-b22b-c97d26ca202c,a0c7c9b1-9f5d-4e3d-b22b-c97d26ca202c,glm-5.1,True,23,False,,False,False,Agent Tools,Background Processes,lambda/hermes-agent-reasoning-traces:glm-5.1:train:2213,ok,
hermes:glm-5.1:a0d733d6-4d0e-4303-8e38-a78d17b5e1de,a0d733d6-4d0e-4303-8e38-a78d17b5e1de,glm-5.1,True,12,False,,False,False,Terminal & Coding,Terminal Tasks,lambda/hermes-agent-reasoning-traces:glm-5.1:train:67,ok,
hermes:glm-5.1:a0e0d1cb-b2e2-48ce-9c2b-e09d1220ed79,a0e0d1cb-b2e2-48ce-9c2b-e09d1220ed79,glm-5.1,True,12,False,,False,False,Terminal & Coding,Terminal Tasks,lambda/hermes-agent-reasoning-traces:glm-5.1:train:1255,ok,
hermes:glm-5.1:a1042e15-d880-40f4-888b-c3e8c0d80158,a1042e15-d880-40f4-888b-c3e8c0d80158,glm-5.1,True,18,False,,False,False,Terminal & Coding,Terminal Tasks,lambda/hermes-agent-reasoning-traces:glm-5.1:train:1478,ok,
hermes:glm-5.1:a1098d11-e9b5-47d5-8fad-edc506df06f4,a1098d11-e9b5-47d5-8fad-edc506df06f4,glm-5.1,True,31,False,,False,False,Terminal & Coding,Terminal Tasks,lambda/hermes-agent-reasoning-traces:glm-5.1:train:2261,ok,
hermes:glm-5.1:a1107b90-ca7e-4c5a-ad57-943e24e26331,a1107b90-ca7e-4c5a-ad57-943e24e26331,glm-5.1,True,27,False,,False,False,Terminal & Coding,Terminal Tasks,lambda/hermes-agent-reasoning-traces:glm-5.1:train:103,ok,
hermes:glm-5.1:a163f0bf-d494-4c34-923f-081f9f8fed5a,a163f0bf-d494-4c34-923f-081f9f8fed5a,glm-5.1,True,16,False,,False,False,Terminal & Coding,Terminal Tasks,lambda/hermes-agent-reasoning-traces:glm-5.1:train:1937,ok,
hermes:glm-5.1:a164cc7b-fd00-4bec-966f-ce647fef955e,a164cc7b-fd00-4bec-966f-ce647fef955e,glm-5.1,True,16,False,,False,False,Terminal & Coding,Terminal Tasks,lambda/hermes-agent-reasoning-traces:glm-5.1:train:1309,ok,
hermes:glm-5.1:a168549c-a99b-4880-b413-391e286575ab,a168549c-a99b-4880-b413-391e286575ab,glm-5.1,True,12,False,,False,False,Terminal & Coding,Terminal Tasks,lambda/hermes-agent-reasoning-traces:glm-5.1:train:1431,ok,
hermes:glm-5.1:a17b0590-9c9f-4898-89e1-fb8e442db15c,a17b0590-9c9f-4898-89e1-fb8e442db15c,glm-5.1,True,20,False,,False,False,Terminal & Coding,Terminal Tasks,lambda/hermes-agent-reasoning-traces:glm-5.1:train:1792,ok,
hermes:glm-5.1:a1939806-da98-4363-a060-854f88c57f8a,a1939806-da98-4363-a060-854f88c57f8a,glm-5.1,True,23,False,,False,False,Terminal & Coding,Terminal Tasks,lambda/hermes-agent-reasoning-traces:glm-5.1:train:1679,ok,
hermes:glm-5.1:a1a3f1b2-41da-40c3-9df9-6000574e421a,a1a3f1b2-41da-40c3-9df9-6000574e421a,glm-5.1,True,10,False,,False,False,Terminal & Coding,Terminal Tasks,lambda/hermes-agent-reasoning-traces:glm-5.1:train:995,ok,
hermes:glm-5.1:a1bb21f9-d838-402f-8d63-2e13e1177319,a1bb21f9-d838-402f-8d63-2e13e1177319,glm-5.1,True,15,False,,False,False,Terminal & Coding,Terminal Tasks,lambda/hermes-agent-reasoning-traces:glm-5.1:train:19,ok,
hermes:glm-5.1:a1c5e6d7-c51f-4729-b15d-8a2cec2c4562,a1c5e6d7-c51f-4729-b15d-8a2cec2c4562,glm-5.1,True,13,False,,False,False,Terminal & Coding,Terminal Tasks,lambda/hermes-agent-reasoning-traces:glm-5.1:train:2337,ok,
hermes:glm-5.1:a1c81de4-c916-41bb-b4bd-9b269c6df7b2,a1c81de4-c916-41bb-b4bd-9b269c6df7b2,glm-5.1,True,12,False,,False,False,Terminal & Coding,Terminal Tasks,lambda/hermes-agent-reasoning-traces:glm-5.1:train:104,ok,
hermes:glm-5.1:a1e35649-3334-40a9-a99d-e12eab102d90,a1e35649-3334-40a9-a99d-e12eab102d90,glm-5.1,True,10,False,,False,False,File Operations,File Tasks,lambda/hermes-agent-reasoning-traces:glm-5.1:train:1318,ok,
hermes:glm-5.1:a1ff0770-d421-4202-9b82-30165b83d121,a1ff0770-d421-4202-9b82-30165b83d121,glm-5.1,True,10,False,,False,False,Terminal & Coding,Terminal Tasks,lambda/hermes-agent-reasoning-traces:glm-5.1:train:1547,ok,
hermes:glm-5.1:a20887de-8876-4449-9b92-7b66d70c9478,a20887de-8876-4449-9b92-7b66d70c9478,glm-5.1,True,14,False,,False,False,Terminal & Coding,Terminal Tasks,lambda/hermes-agent-reasoning-traces:glm-5.1:train:1637,ok,
hermes:glm-5.1:a217a5f2-4936-44d5-b725-11ce6f41edc1,a217a5f2-4936-44d5-b725-11ce6f41edc1,glm-5.1,True,13,False,,False,False,Terminal & Coding,Terminal Tasks,lambda/hermes-agent-reasoning-traces:glm-5.1:train:392,ok,
hermes:glm-5.1:a2359921-6c65-467c-8ee3-b944080fe937,a2359921-6c65-467c-8ee3-b944080fe937,glm-5.1,True,17,False,,False,False,Terminal & Coding,Terminal Tasks,lambda/hermes-agent-reasoning-traces:glm-5.1:train:137,ok,
hermes:glm-5.1:a26bf44e-4c28-4980-b113-293663776f4d,a26bf44e-4c28-4980-b113-293663776f4d,glm-5.1,True,29,False,,False,False,Terminal & Coding,Terminal Tasks,lambda/hermes-agent-reasoning-traces:glm-5.1:train:553,ok,
hermes:glm-5.1:a285ecac-8968-4a28-9047-55775b6554be,a285ecac-8968-4a28-9047-55775b6554be,glm-5.1,True,12,False,,False,False,Terminal & Coding,Terminal Tasks,lambda/hermes-agent-reasoning-traces:glm-5.1:train:974,ok,
hermes:glm-5.1:a29b9e4c-bf45-46c5-98a5-a11159443e64,a29b9e4c-bf45-46c5-98a5-a11159443e64,glm-5.1,True,25,False,,False,False,Browser Automation,Browser Tasks,lambda/hermes-agent-reasoning-traces:glm-5.1:train:2600,ok,
hermes:glm-5.1:a29de317-df22-4578-bb87-ea2fa9ef5106,a29de317-df22-4578-bb87-ea2fa9ef5106,glm-5.1,True,23,False,,False,False,Terminal & Coding,Terminal Tasks,lambda/hermes-agent-reasoning-traces:glm-5.1:train:2366,ok,
hermes:glm-5.1:a29e6b55-685e-48d3-9c25-c61a35c6982e,a29e6b55-685e-48d3-9c25-c61a35c6982e,glm-5.1,True,29,False,,False,False,Browser Automation,Browser Tasks,lambda/hermes-agent-reasoning-traces:glm-5.1:train:2746,ok,
hermes:glm-5.1:a2df2ddc-27fb-47fa-935f-e0f787ca009a,a2df2ddc-27fb-47fa-935f-e0f787ca009a,glm-5.1,True,10,False,,False,False,Terminal & Coding,Terminal Tasks,lambda/hermes-agent-reasoning-traces:glm-5.1:train:2347,ok,
hermes:glm-5.1:a2eb8ed0-98c7-414a-8ca1-54e48fc0def8,a2eb8ed0-98c7-414a-8ca1-54e48fc0def8,glm-5.1,True,14,False,,False,False,Terminal & Coding,Terminal Tasks,lambda/hermes-agent-reasoning-traces:glm-5.1:train:1826,ok,
hermes:glm-5.1:a31f2f6a-4ca5-45f1-82b0-a752ee75096e,a31f2f6a-4ca5-45f1-82b0-a752ee75096e,glm-5.1,True,20,False,,False,False,Terminal & Coding,Terminal Tasks,lambda/hermes-agent-reasoning-traces:glm-5.1:train:1609,ok,
hermes:glm-5.1:a32cbbc4-402a-4511-a1ad-ceaa114cb1e8,a32cbbc4-402a-4511-a1ad-ceaa114cb1e8,glm-5.1,True,15,False,,False,False,Terminal & Coding,Terminal Tasks,lambda/hermes-agent-reasoning-traces:glm-5.1:train:1640,ok,
hermes:glm-5.1:a3432dc1-f9a5-4bc8-9abd-a2d87b6eafa4,a3432dc1-f9a5-4bc8-9abd-a2d87b6eafa4,glm-5.1,True,19,False,,False,False,Terminal & Coding,Terminal Tasks,lambda/hermes-agent-reasoning-traces:glm-5.1:train:2029,ok,
hermes:glm-5.1:a344fd6a-9986-448d-b588-66da60767132,a344fd6a-9986-448d-b588-66da60767132,glm-5.1,True,12,False,,False,False,Terminal & Coding,Terminal Tasks,lambda/hermes-agent-reasoning-traces:glm-5.1:train:2476,ok,
hermes:glm-5.1:a34cc6b8-15e0-46a6-add4-fd7da4fb7f54,a34cc6b8-15e0-46a6-add4-fd7da4fb7f54,glm-5.1,True,22,False,,False,False,Terminal & Coding,Terminal Tasks,lambda/hermes-agent-reasoning-traces:glm-5.1:train:1160,ok,
hermes:glm-5.1:a352aeed-1884-48d8-972e-0636ff87fe56,a352aeed-1884-48d8-972e-0636ff87fe56,glm-5.1,True,21,False,,False,False,Terminal & Coding,Terminal Tasks,lambda/hermes-agent-reasoning-traces:glm-5.1:train:1221,ok,
hermes:glm-5.1:a3565e3a-4d14-4d95-9791-e967cc9c7a45,a3565e3a-4d14-4d95-9791-e967cc9c7a45,glm-5.1,True,27,False,,False,False,Terminal & Coding,Terminal Tasks,lambda/hermes-agent-reasoning-traces:glm-5.1:train:1791,ok,
hermes:glm-5.1:a36f243e-fd96-42a4-9b1f-31ec4a85878a,a36f243e-fd96-42a4-9b1f-31ec4a85878a,glm-5.1,True,12,False,,False,False,Planning & Organization,Planning Tasks,lambda/hermes-agent-reasoning-traces:glm-5.1:train:130,ok,
hermes:glm-5.1:a3828b6a-f06d-4cd1-a933-755e945c1e63,a3828b6a-f06d-4cd1-a933-755e945c1e63,glm-5.1,True,21,False,,False,False,Browser Automation,Browser Tasks,lambda/hermes-agent-reasoning-traces:glm-5.1:train:2638,ok,
hermes:glm-5.1:a3898417-164f-4dc8-8ae1-91fa7ff88dfd,a3898417-164f-4dc8-8ae1-91fa7ff88dfd,glm-5.1,True,10,False,,False,False,Terminal & Coding,Terminal Tasks,lambda/hermes-agent-reasoning-traces:glm-5.1:train:1089,ok,
hermes:glm-5.1:a3945b14-8a15-4f5d-8677-ec919659766d,a3945b14-8a15-4f5d-8677-ec919659766d,glm-5.1,True,10,False,,False,False,Terminal & Coding,Terminal Tasks,lambda/hermes-agent-reasoning-traces:glm-5.1:train:100,ok,
hermes:glm-5.1:a3bfe962-25ab-494b-acae-6052a45f7997,a3bfe962-25ab-494b-acae-6052a45f7997,glm-5.1,True,19,False,,False,False,Terminal & Coding,Terminal Tasks,lambda/hermes-agent-reasoning-traces:glm-5.1:train:1605,ok,
hermes:glm-5.1:a3c49907-4065-4931-92d2-aa763de115b7,a3c49907-4065-4931-92d2-aa763de115b7,glm-5.1,True,14,False,,False,False,Terminal & Coding,Terminal Tasks,lambda/hermes-agent-reasoning-traces:glm-5.1:train:2249,ok,
hermes:glm-5.1:a3fdb08d-e471-4822-bf7d-29421a6d186d,a3fdb08d-e471-4822-bf7d-29421a6d186d,glm-5.1,True,20,False,,False,False,Terminal & Coding,Terminal Tasks,lambda/hermes-agent-reasoning-traces:glm-5.1:train:712,ok,
hermes:glm-5.1:a4100065-9fea-476d-bdec-d2c92388aa63,a4100065-9fea-476d-bdec-d2c92388aa63,glm-5.1,True,25,False,,False,False,Terminal & Coding,Terminal Tasks,lambda/hermes-agent-reasoning-traces:glm-5.1:train:465,ok,
hermes:glm-5.1:a41e1b0d-1b8c-4de8-847c-5a06f84046a3,a41e1b0d-1b8c-4de8-847c-5a06f84046a3,glm-5.1,True,14,False,,False,False,Terminal & Coding,Terminal Tasks,lambda/hermes-agent-reasoning-traces:glm-5.1:train:2401,ok,
hermes:glm-5.1:a4214ed5-11d7-45df-9994-76bcefd400c4,a4214ed5-11d7-45df-9994-76bcefd400c4,glm-5.1,True,29,False,,False,False,Terminal & Coding,Terminal Tasks,lambda/hermes-agent-reasoning-traces:glm-5.1:train:1244,ok,
hermes:glm-5.1:a4391d9c-c1fe-4a14-a167-0526d41231f9,a4391d9c-c1fe-4a14-a167-0526d41231f9,glm-5.1,True,12,False,,False,False,Planning & Organization,Planning Tasks,lambda/hermes-agent-reasoning-traces:glm-5.1:train:645,ok,
hermes:glm-5.1:a4426cb7-ac1e-4b33-a879-6856cb053060,a4426cb7-ac1e-4b33-a879-6856cb053060,glm-5.1,True,15,False,,False,False,Terminal & Coding,Terminal Tasks,lambda/hermes-agent-reasoning-traces:glm-5.1:train:439,ok,
hermes:glm-5.1:a4454c25-b9fe-444c-a75f-c7bc80feca9e,a4454c25-b9fe-444c-a75f-c7bc80feca9e,glm-5.1,True,25,False,,False,False,Terminal & Coding,Terminal Tasks,lambda/hermes-agent-reasoning-traces:glm-5.1:train:1535,ok,
hermes:glm-5.1:a4486d9c-468e-4ed7-8db7-f38e7e0779c9,a4486d9c-468e-4ed7-8db7-f38e7e0779c9,glm-5.1,True,16,False,,False,False,Terminal & Coding,Terminal Tasks,lambda/hermes-agent-reasoning-traces:glm-5.1:train:2386,ok,
hermes:glm-5.1:a44f4ce1-3c60-49fb-847a-c35cfd082223,a44f4ce1-3c60-49fb-847a-c35cfd082223,glm-5.1,True,31,False,,False,False,Terminal & Coding,Terminal Tasks,lambda/hermes-agent-reasoning-traces:glm-5.1:train:1094,ok,
hermes:glm-5.1:a4674cea-7995-4dfe-ae02-675e2ebf5468,a4674cea-7995-4dfe-ae02-675e2ebf5468,glm-5.1,True,12,False,,False,False,Terminal & Coding,Terminal Tasks,lambda/hermes-agent-reasoning-traces:glm-5.1:train:784,ok,
hermes:glm-5.1:a4ad1883-202e-4e3a-ab68-70a85f5500ad,a4ad1883-202e-4e3a-ab68-70a85f5500ad,glm-5.1,True,27,False,,False,False,Terminal & Coding,Terminal Tasks,lambda/hermes-agent-reasoning-traces:glm-5.1:train:579,ok,
hermes:glm-5.1:a4cc31b5-efa6-4743-b7e8-4dbae393b3ce,a4cc31b5-efa6-4743-b7e8-4dbae393b3ce,glm-5.1,True,9,False,,False,False,Terminal & Coding,Terminal Tasks,lambda/hermes-agent-reasoning-traces:glm-5.1:train:2283,ok,
hermes:glm-5.1:a575c705-2468-47c8-9abc-46d7f323a9cd,a575c705-2468-47c8-9abc-46d7f323a9cd,glm-5.1,True,12,False,,False,False,Scheduling,Cron Jobs,lambda/hermes-agent-reasoning-traces:glm-5.1:train:583,ok,
hermes:glm-5.1:a57de4da-9183-441c-9570-f3fd050736c5,a57de4da-9183-441c-9570-f3fd050736c5,glm-5.1,True,27,False,,False,False,Browser Automation,Browser Tasks,lambda/hermes-agent-reasoning-traces:glm-5.1:train:2964,ok,
hermes:glm-5.1:a5a264db-e6e5-4776-9952-f70c58e52149,a5a264db-e6e5-4776-9952-f70c58e52149,glm-5.1,True,24,False,,False,False,Terminal & Coding,Terminal Tasks,lambda/hermes-agent-reasoning-traces:glm-5.1:train:2230,ok,
hermes:glm-5.1:a5a4bd43-f88c-4bf1-a3fb-079dfab0f479,a5a4bd43-f88c-4bf1-a3fb-079dfab0f479,glm-5.1,True,12,False,,False,False,Terminal & Coding,Terminal Tasks,lambda/hermes-agent-reasoning-traces:glm-5.1:train:1928,ok,
hermes:glm-5.1:a5a86c50-268a-4ab1-8a3e-1a5d5c81c1c6,a5a86c50-268a-4ab1-8a3e-1a5d5c81c1c6,glm-5.1,True,12,False,,False,False,Terminal & Coding,Terminal Tasks,lambda/hermes-agent-reasoning-traces:glm-5.1:train:122,ok,
hermes:glm-5.1:a5e1b78a-382c-46bb-88cf-bb8ae7b01065,a5e1b78a-382c-46bb-88cf-bb8ae7b01065,glm-5.1,True,13,False,,False,False,Terminal & Coding,Terminal Tasks,lambda/hermes-agent-reasoning-traces:glm-5.1:train:911,ok,
hermes:glm-5.1:a607ae4b-a4e2-4f6e-82f8-f18666074b6e,a607ae4b-a4e2-4f6e-82f8-f18666074b6e,glm-5.1,True,23,False,,False,False,Browser Automation,Browser Tasks,lambda/hermes-agent-reasoning-traces:glm-5.1:train:2606,ok,
hermes:glm-5.1:a60add3a-7b7a-4715-ae97-12bb2dd6e54f,a60add3a-7b7a-4715-ae97-12bb2dd6e54f,glm-5.1,True,25,False,,False,False,Terminal & Coding,Terminal Tasks,lambda/hermes-agent-reasoning-traces:glm-5.1:train:2013,ok,
hermes:glm-5.1:a618be2a-7aca-4c9d-8b24-631e754596d2,a618be2a-7aca-4c9d-8b24-631e754596d2,glm-5.1,True,14,False,,False,False,Terminal & Coding,Terminal Tasks,lambda/hermes-agent-reasoning-traces:glm-5.1:train:820,ok,
hermes:glm-5.1:a6201d1b-49be-4800-bb1e-7f0df9e7e7b8,a6201d1b-49be-4800-bb1e-7f0df9e7e7b8,glm-5.1,True,25,False,,False,False,Terminal & Coding,Terminal Tasks,lambda/hermes-agent-reasoning-traces:glm-5.1:train:1626,ok,
hermes:glm-5.1:a6298c17-8fd0-4a6a-a36b-408f4a19cfc1,a6298c17-8fd0-4a6a-a36b-408f4a19cfc1,glm-5.1,True,10,False,,False,False,Terminal & Coding,Terminal Tasks,lambda/hermes-agent-reasoning-traces:glm-5.1:train:2453,ok,
hermes:glm-5.1:a63b9bc6-9af1-4ebf-be27-12b2dcd7849e,a63b9bc6-9af1-4ebf-be27-12b2dcd7849e,glm-5.1,True,23,False,,False,False,Terminal & Coding,Terminal Tasks,lambda/hermes-agent-reasoning-traces:glm-5.1:train:738,ok,
hermes:glm-5.1:a65f148e-994f-4912-8981-4e2eff3d174c,a65f148e-994f-4912-8981-4e2eff3d174c,glm-5.1,True,23,False,,False,False,Terminal & Coding,Terminal Tasks,lambda/hermes-agent-reasoning-traces:glm-5.1:train:536,ok,
hermes:glm-5.1:a661361a-025c-4b39-92a8-a935a3dd5189,a661361a-025c-4b39-92a8-a935a3dd5189,glm-5.1,True,12,False,,False,False,Terminal & Coding,Terminal Tasks,lambda/hermes-agent-reasoning-traces:glm-5.1:train:188,ok,
hermes:glm-5.1:a66e5d35-1a9b-4323-8069-5c3e78f903bc,a66e5d35-1a9b-4323-8069-5c3e78f903bc,glm-5.1,True,24,False,,False,False,Terminal & Coding,Terminal Tasks,lambda/hermes-agent-reasoning-traces:glm-5.1:train:1201,ok,
hermes:glm-5.1:a67d384a-fadb-4671-b634-ac5774730d9d,a67d384a-fadb-4671-b634-ac5774730d9d,glm-5.1,True,29,False,,False,False,Terminal & Coding,Terminal Tasks,lambda/hermes-agent-reasoning-traces:glm-5.1:train:418,ok,
hermes:glm-5.1:a69d3937-5055-412c-ab8b-16b951a6ce8b,a69d3937-5055-412c-ab8b-16b951a6ce8b,glm-5.1,True,29,False,,False,False,Terminal & Coding,Terminal Tasks,lambda/hermes-agent-reasoning-traces:glm-5.1:train:1001,ok,
hermes:glm-5.1:a69ff5f2-8ca2-4d68-8f02-759c31cfd632,a69ff5f2-8ca2-4d68-8f02-759c31cfd632,glm-5.1,True,13,False,,False,False,Terminal & Coding,Terminal Tasks,lambda/hermes-agent-reasoning-traces:glm-5.1:train:1382,ok,
hermes:glm-5.1:a6bd93f0-20bf-4e2e-927e-afb54918d56d,a6bd93f0-20bf-4e2e-927e-afb54918d56d,glm-5.1,True,19,False,,False,False,File Operations,File Tasks,lambda/hermes-agent-reasoning-traces:glm-5.1:train:1940,ok,
hermes:glm-5.1:a6ca2dbb-7dae-43fe-9ca7-80c659d5cbac,a6ca2dbb-7dae-43fe-9ca7-80c659d5cbac,glm-5.1,True,24,False,,False,False,Terminal & Coding,Terminal Tasks,lambda/hermes-agent-reasoning-traces:glm-5.1:train:866,ok,
hermes:glm-5.1:a6d6574c-f781-4ac2-adbf-3291a3c2c821,a6d6574c-f781-4ac2-adbf-3291a3c2c821,glm-5.1,True,33,False,,False,False,Terminal & Coding,Terminal Tasks,lambda/hermes-agent-reasoning-traces:glm-5.1:train:248,ok,
hermes:glm-5.1:a70015c8-13c4-4bd6-8bdc-7d36b6c8154a,a70015c8-13c4-4bd6-8bdc-7d36b6c8154a,glm-5.1,True,10,False,,False,False,Terminal & Coding,Terminal Tasks,lambda/hermes-agent-reasoning-traces:glm-5.1:train:1051,ok,
hermes:glm-5.1:a70bd6e6-8908-48a8-b4b2-c77985abe7c6,a70bd6e6-8908-48a8-b4b2-c77985abe7c6,glm-5.1,True,25,False,,False,False,Terminal & Coding,Terminal Tasks,lambda/hermes-agent-reasoning-traces:glm-5.1:train:1832,ok,
hermes:glm-5.1:a70eacda-be69-4bfb-8b5a-d7a234ff6bdd,a70eacda-be69-4bfb-8b5a-d7a234ff6bdd,glm-5.1,True,12,False,,False,False,Multi-Tool,Multi-Tool Tasks,lambda/hermes-agent-reasoning-traces:glm-5.1:train:44,ok,
hermes:glm-5.1:a7228edc-5081-43c1-be6e-04d8384c07a3,a7228edc-5081-43c1-be6e-04d8384c07a3,glm-5.1,True,9,False,,False,False,File Operations,File Tasks,lambda/hermes-agent-reasoning-traces:glm-5.1:train:1233,ok,
hermes:glm-5.1:a7399d4c-d256-46a2-aa61-2222fd09b31e,a7399d4c-d256-46a2-aa61-2222fd09b31e,glm-5.1,True,13,False,,False,False,Terminal & Coding,Terminal Tasks,lambda/hermes-agent-reasoning-traces:glm-5.1:train:271,ok,
hermes:glm-5.1:a759c28f-ed18-4ccf-80a9-932a0207c7c0,a759c28f-ed18-4ccf-80a9-932a0207c7c0,glm-5.1,True,18,False,,False,False,Browser Automation,Browser Tasks,lambda/hermes-agent-reasoning-traces:glm-5.1:train:2515,ok,
hermes:glm-5.1:a76fc2aa-d1e8-4bdd-a520-ed22895d4c91,a76fc2aa-d1e8-4bdd-a520-ed22895d4c91,glm-5.1,True,17,False,,False,False,Scheduling,Cron Jobs,lambda/hermes-agent-reasoning-traces:glm-5.1:train:663,ok,
hermes:glm-5.1:a776c027-f1fa-4a3e-87f7-a879a3f637e4,a776c027-f1fa-4a3e-87f7-a879a3f637e4,glm-5.1,True,20,False,,False,False,Browser Automation,Browser Tasks,lambda/hermes-agent-reasoning-traces:glm-5.1:train:2753,ok,
hermes:glm-5.1:a78abec3-a1f6-445e-874d-a541f3e4da40,a78abec3-a1f6-445e-874d-a541f3e4da40,glm-5.1,True,14,False,,False,False,Scheduling,Cron Jobs,lambda/hermes-agent-reasoning-traces:glm-5.1:train:2324,ok,
hermes:glm-5.1:a7a5f194-936c-4202-b1f6-efc8007fbe3b,a7a5f194-936c-4202-b1f6-efc8007fbe3b,glm-5.1,True,19,False,,False,False,Terminal & Coding,Terminal Tasks,lambda/hermes-agent-reasoning-traces:glm-5.1:train:1215,ok,
hermes:glm-5.1:a7c6b4d6-7d1f-473e-835d-3f7573452fc7,a7c6b4d6-7d1f-473e-835d-3f7573452fc7,glm-5.1,True,18,False,,False,False,Browser Automation,Browser Tasks,lambda/hermes-agent-reasoning-traces:glm-5.1:train:2727,ok,
hermes:glm-5.1:a82e5a86-6467-4f04-8eca-09dc342cc7be,a82e5a86-6467-4f04-8eca-09dc342cc7be,glm-5.1,True,14,False,,False,False,Planning & Organization,Planning Tasks,lambda/hermes-agent-reasoning-traces:glm-5.1:train:1629,ok,
hermes:glm-5.1:a8352f04-d72a-489c-a29c-c3b444523b9f,a8352f04-d72a-489c-a29c-c3b444523b9f,glm-5.1,True,14,False,,False,False,Terminal & Coding,Terminal Tasks,lambda/hermes-agent-reasoning-traces:glm-5.1:train:2372,ok,
hermes:glm-5.1:a8363bd6-e617-4ea3-b5be-f7ec2417801f,a8363bd6-e617-4ea3-b5be-f7ec2417801f,glm-5.1,True,21,False,,False,False,Browser Automation,Browser Tasks,lambda/hermes-agent-reasoning-traces:glm-5.1:train:2690,ok,
hermes:glm-5.1:a846fa28-56ad-4a46-8e2b-fd44fd85733b,a846fa28-56ad-4a46-8e2b-fd44fd85733b,glm-5.1,True,10,False,,False,False,Terminal & Coding,Terminal Tasks,lambda/hermes-agent-reasoning-traces:glm-5.1:train:2358,ok,
hermes:glm-5.1:a8593b2f-b2c1-4027-b611-dfcf3c0076b2,a8593b2f-b2c1-4027-b611-dfcf3c0076b2,glm-5.1,True,14,False,,False,False,Multi-Tool,Multi-Tool Tasks,lambda/hermes-agent-reasoning-traces:glm-5.1:train:894,ok,
hermes:glm-5.1:a85f709e-e1ac-4e36-9b0c-97c1affd539d,a85f709e-e1ac-4e36-9b0c-97c1affd539d,glm-5.1,True,10,False,,False,False,Terminal & Coding,Terminal Tasks,lambda/hermes-agent-reasoning-traces:glm-5.1:train:1806,ok,
hermes:glm-5.1:a88b6295-6970-4fa9-9c67-91157bc20f40,a88b6295-6970-4fa9-9c67-91157bc20f40,glm-5.1,True,23,False,,False,False,Terminal & Coding,Terminal Tasks,lambda/hermes-agent-reasoning-traces:glm-5.1:train:1262,ok,
hermes:glm-5.1:a8988a70-933f-43ab-96ed-2b99f71e057d,a8988a70-933f-43ab-96ed-2b99f71e057d,glm-5.1,True,23,False,,False,False,Browser Automation,Browser Tasks,lambda/hermes-agent-reasoning-traces:glm-5.1:train:2911,ok,
hermes:glm-5.1:a8a12d32-0557-4312-8788-e32fb44f9bf8,a8a12d32-0557-4312-8788-e32fb44f9bf8,glm-5.1,True,12,False,,False,False,Terminal & Coding,Terminal Tasks,lambda/hermes-agent-reasoning-traces:glm-5.1:train:578,ok,
hermes:glm-5.1:a8c3a9d6-d6e1-4c91-a29a-4a68840e24a4,a8c3a9d6-d6e1-4c91-a29a-4a68840e24a4,glm-5.1,True,11,False,,False,False,Terminal & Coding,Terminal Tasks,lambda/hermes-agent-reasoning-traces:glm-5.1:train:597,ok,
hermes:glm-5.1:a8c94640-dbd1-4ef8-be09-dcd3a59906d7,a8c94640-dbd1-4ef8-be09-dcd3a59906d7,glm-5.1,True,21,False,,False,False,Terminal & Coding,Terminal Tasks,lambda/hermes-agent-reasoning-traces:glm-5.1:train:11,ok,
hermes:glm-5.1:a8d780ba-5a9a-4b44-8e86-27169b7a48b5,a8d780ba-5a9a-4b44-8e86-27169b7a48b5,glm-5.1,True,25,False,,False,False,Browser Automation,Browser Tasks,lambda/hermes-agent-reasoning-traces:glm-5.1:train:2633,ok,
hermes:glm-5.1:a8d7c8a8-b43d-4dd5-9a48-a8f28dfcd6cf,a8d7c8a8-b43d-4dd5-9a48-a8f28dfcd6cf,glm-5.1,True,18,False,,False,False,Terminal & Coding,Terminal Tasks,lambda/hermes-agent-reasoning-traces:glm-5.1:train:914,ok,
hermes:glm-5.1:a8dc3f36-78ce-477d-a7e5-c9f9b899fe77,a8dc3f36-78ce-477d-a7e5-c9f9b899fe77,glm-5.1,True,14,False,,False,False,Terminal & Coding,Terminal Tasks,lambda/hermes-agent-reasoning-traces:glm-5.1:train:941,ok,
hermes:glm-5.1:a8edcd38-502b-4cdf-8079-5ab3c9cd7148,a8edcd38-502b-4cdf-8079-5ab3c9cd7148,glm-5.1,True,10,False,,False,False,Terminal & Coding,Terminal Tasks,lambda/hermes-agent-reasoning-traces:glm-5.1:train:1203,ok,
hermes:glm-5.1:a8f14b3e-cbd1-4a33-a4d4-1eef54f1e053,a8f14b3e-cbd1-4a33-a4d4-1eef54f1e053,glm-5.1,True,18,False,,False,False,Scheduling,Cron Jobs,lambda/hermes-agent-reasoning-traces:glm-5.1:train:954,ok,
hermes:glm-5.1:a8f71094-161e-4e12-ab34-58339eae825f,a8f71094-161e-4e12-ab34-58339eae825f,glm-5.1,True,27,False,,False,False,Terminal & Coding,Terminal Tasks,lambda/hermes-agent-reasoning-traces:glm-5.1:train:486,ok,
hermes:glm-5.1:a903f1df-96f8-431f-96e5-dd40f412eff1,a903f1df-96f8-431f-96e5-dd40f412eff1,glm-5.1,True,27,False,,False,False,Browser Automation,Browser Tasks,lambda/hermes-agent-reasoning-traces:glm-5.1:train:2576,ok,
hermes:glm-5.1:a905eb4c-bad3-49b4-a91d-92a42410645e,a905eb4c-bad3-49b4-a91d-92a42410645e,glm-5.1,True,12,False,,False,False,Terminal & Coding,Terminal Tasks,lambda/hermes-agent-reasoning-traces:glm-5.1:train:208,ok,
hermes:glm-5.1:a9398117-3e6c-488c-8e48-ecc664a8ebdf,a9398117-3e6c-488c-8e48-ecc664a8ebdf,glm-5.1,True,25,False,,False,False,Terminal & Coding,Terminal Tasks,lambda/hermes-agent-reasoning-traces:glm-5.1:train:770,ok,
hermes:glm-5.1:a966ffd1-1d4d-4155-ba6e-2f106bd6c4f1,a966ffd1-1d4d-4155-ba6e-2f106bd6c4f1,glm-5.1,True,27,False,,False,False,Terminal & Coding,Terminal Tasks,lambda/hermes-agent-reasoning-traces:glm-5.1:train:966,ok,
hermes:glm-5.1:a97726c3-49da-4656-beb1-85e146792452,a97726c3-49da-4656-beb1-85e146792452,glm-5.1,True,23,False,,False,False,Browser Automation,Browser Tasks,lambda/hermes-agent-reasoning-traces:glm-5.1:train:2718,ok,
hermes:glm-5.1:a97ebd67-95b7-45f5-89f3-e13fd931c565,a97ebd67-95b7-45f5-89f3-e13fd931c565,glm-5.1,True,16,False,,False,False,Scheduling,Cron Jobs,lambda/hermes-agent-reasoning-traces:glm-5.1:train:216,ok,
hermes:glm-5.1:a9a8d797-ba08-47d7-89bc-2bbe628f630d,a9a8d797-ba08-47d7-89bc-2bbe628f630d,glm-5.1,True,10,False,,False,False,Terminal & Coding,Terminal Tasks,lambda/hermes-agent-reasoning-traces:glm-5.1:train:1639,ok,
hermes:glm-5.1:a9b5aada-0316-44a1-8ef6-6c57a744bdf9,a9b5aada-0316-44a1-8ef6-6c57a744bdf9,glm-5.1,True,9,False,,False,False,Planning & Organization,Planning Tasks,lambda/hermes-agent-reasoning-traces:glm-5.1:train:2151,ok,
hermes:glm-5.1:a9b6197d-43d6-4101-a056-e29a84a20224,a9b6197d-43d6-4101-a056-e29a84a20224,glm-5.1,True,23,False,,False,False,Terminal & Coding,Terminal Tasks,lambda/hermes-agent-reasoning-traces:glm-5.1:train:64,ok,
hermes:glm-5.1:aa05bbdf-1465-40ae-9386-d0b437f707ee,aa05bbdf-1465-40ae-9386-d0b437f707ee,glm-5.1,True,12,False,,False,False,Terminal & Coding,Terminal Tasks,lambda/hermes-agent-reasoning-traces:glm-5.1:train:1677,ok,
hermes:glm-5.1:aa13e4c5-d961-41a6-aead-fe45b5cacc6d,aa13e4c5-d961-41a6-aead-fe45b5cacc6d,glm-5.1,True,21,False,,False,False,Terminal & Coding,Terminal Tasks,lambda/hermes-agent-reasoning-traces:glm-5.1:train:806,ok,
hermes:glm-5.1:aa1de9b7-75bb-451e-9519-f6938a909bb3,aa1de9b7-75bb-451e-9519-f6938a909bb3,glm-5.1,True,23,False,,False,False,File Operations,File Tasks,lambda/hermes-agent-reasoning-traces:glm-5.1:train:277,ok,
hermes:glm-5.1:aa6214f1-38c5-49ff-a19e-393c7c51090e,aa6214f1-38c5-49ff-a19e-393c7c51090e,glm-5.1,True,19,False,,False,False,Terminal & Coding,Terminal Tasks,lambda/hermes-agent-reasoning-traces:glm-5.1:train:282,ok,
hermes:glm-5.1:aa646361-efc1-45f0-8899-d2c7fe96b19c,aa646361-efc1-45f0-8899-d2c7fe96b19c,glm-5.1,True,23,False,,False,False,Terminal & Coding,Terminal Tasks,lambda/hermes-agent-reasoning-traces:glm-5.1:train:657,ok,
hermes:glm-5.1:aa746e85-fe7a-41cb-a0d8-c159a26df74d,aa746e85-fe7a-41cb-a0d8-c159a26df74d,glm-5.1,True,14,False,,False,False,Terminal & Coding,Terminal Tasks,lambda/hermes-agent-reasoning-traces:glm-5.1:train:276,ok,
hermes:glm-5.1:aa8bb0c7-d53e-4e6c-bc6e-7b681ce70927,aa8bb0c7-d53e-4e6c-bc6e-7b681ce70927,glm-5.1,True,12,False,,False,False,Terminal & Coding,Terminal Tasks,lambda/hermes-agent-reasoning-traces:glm-5.1:train:1369,ok,
hermes:glm-5.1:aa969824-cd46-4020-b666-6f58cf3cc8a7,aa969824-cd46-4020-b666-6f58cf3cc8a7,glm-5.1,True,27,False,,False,False,Browser Automation,Browser Tasks,lambda/hermes-agent-reasoning-traces:glm-5.1:train:2550,ok,
hermes:glm-5.1:aabdab7c-952d-46d2-b2b9-7257c43ff91b,aabdab7c-952d-46d2-b2b9-7257c43ff91b,glm-5.1,True,21,False,,False,False,Browser Automation,Browser Tasks,lambda/hermes-agent-reasoning-traces:glm-5.1:train:2509,ok,
hermes:glm-5.1:ab1d35b0-3ba3-42b6-8701-8c0825db309f,ab1d35b0-3ba3-42b6-8701-8c0825db309f,glm-5.1,True,23,False,,False,False,Terminal & Coding,Terminal Tasks,lambda/hermes-agent-reasoning-traces:glm-5.1:train:576,ok,
hermes:glm-5.1:ab3f98be-2561-49a6-9e81-cb3f9cf6d018,ab3f98be-2561-49a6-9e81-cb3f9cf6d018,glm-5.1,True,21,False,,False,False,Terminal & Coding,Terminal Tasks,lambda/hermes-agent-reasoning-traces:glm-5.1:train:810,ok,
hermes:glm-5.1:ab421f1a-e0ad-4a28-816c-03e13a8a4491,ab421f1a-e0ad-4a28-816c-03e13a8a4491,glm-5.1,True,12,False,,False,False,Terminal & Coding,Terminal Tasks,lambda/hermes-agent-reasoning-traces:glm-5.1:train:1833,ok,
hermes:glm-5.1:ab448082-0bb4-4664-bbb5-c7d3502d2905,ab448082-0bb4-4664-bbb5-c7d3502d2905,glm-5.1,True,10,False,,False,False,Terminal & Coding,Terminal Tasks,lambda/hermes-agent-reasoning-traces:glm-5.1:train:790,ok,
hermes:glm-5.1:ab552738-edef-4604-8ee6-a425e908b753,ab552738-edef-4604-8ee6-a425e908b753,glm-5.1,True,11,False,,False,False,Browser Automation,Browser Tasks,lambda/hermes-agent-reasoning-traces:glm-5.1:train:2793,ok,
hermes:glm-5.1:ab582a5c-dc87-4a7d-85e4-a5644e00e1df,ab582a5c-dc87-4a7d-85e4-a5644e00e1df,glm-5.1,True,13,False,,False,False,Terminal & Coding,Terminal Tasks,lambda/hermes-agent-reasoning-traces:glm-5.1:train:444,ok,
hermes:glm-5.1:ab5cea8f-357e-43db-ab2b-7343c9cd6225,ab5cea8f-357e-43db-ab2b-7343c9cd6225,glm-5.1,True,16,False,,False,False,Terminal & Coding,Terminal Tasks,lambda/hermes-agent-reasoning-traces:glm-5.1:train:1475,ok,
hermes:glm-5.1:ab61266a-3903-4fa4-ac36-91229a204aed,ab61266a-3903-4fa4-ac36-91229a204aed,glm-5.1,True,16,False,,False,False,Terminal & Coding,Terminal Tasks,lambda/hermes-agent-reasoning-traces:glm-5.1:train:2341,ok,
hermes:glm-5.1:ab7391f0-19f3-4e47-911e-17610a3ecb95,ab7391f0-19f3-4e47-911e-17610a3ecb95,glm-5.1,True,12,False,,False,False,Browser Automation,Browser Tasks,lambda/hermes-agent-reasoning-traces:glm-5.1:train:2897,ok,
hermes:glm-5.1:ab906d8b-6eac-4a11-ac6e-c6074aca7c42,ab906d8b-6eac-4a11-ac6e-c6074aca7c42,glm-5.1,True,10,False,,False,False,Terminal & Coding,Terminal Tasks,lambda/hermes-agent-reasoning-traces:glm-5.1:train:300,ok,
hermes:glm-5.1:abb95f05-28e8-49fd-b7f7-b5f3df6b0964,abb95f05-28e8-49fd-b7f7-b5f3df6b0964,glm-5.1,True,14,False,,False,False,Terminal & Coding,Terminal Tasks,lambda/hermes-agent-reasoning-traces:glm-5.1:train:874,ok,
hermes:glm-5.1:ac0ad9e5-5aef-425f-9914-a550eb89fc6e,ac0ad9e5-5aef-425f-9914-a550eb89fc6e,glm-5.1,True,29,False,,False,False,Browser Automation,Browser Tasks,lambda/hermes-agent-reasoning-traces:glm-5.1:train:2818,ok,
hermes:glm-5.1:ac279d59-7331-44b5-a346-7051b8d3d4fa,ac279d59-7331-44b5-a346-7051b8d3d4fa,glm-5.1,True,12,False,,False,False,Terminal & Coding,Terminal Tasks,lambda/hermes-agent-reasoning-traces:glm-5.1:train:2336,ok,
hermes:glm-5.1:ac282dc3-c511-45c1-bfea-123d49c22611,ac282dc3-c511-45c1-bfea-123d49c22611,glm-5.1,True,20,False,,False,False,Browser Automation,Browser Tasks,lambda/hermes-agent-reasoning-traces:glm-5.1:train:2661,ok,
hermes:glm-5.1:ac51926f-2e5d-4666-bb6f-32da7d12b7f7,ac51926f-2e5d-4666-bb6f-32da7d12b7f7,glm-5.1,True,20,False,,False,False,Terminal & Coding,Terminal Tasks,lambda/hermes-agent-reasoning-traces:glm-5.1:train:933,ok,
hermes:glm-5.1:ac8e520b-8d27-43fa-92a8-0715769d3591,ac8e520b-8d27-43fa-92a8-0715769d3591,glm-5.1,True,33,False,,False,False,Terminal & Coding,Terminal Tasks,lambda/hermes-agent-reasoning-traces:glm-5.1:train:653,ok,
hermes:glm-5.1:acba2df5-4988-49ec-8fe9-d2cd30376dc5,acba2df5-4988-49ec-8fe9-d2cd30376dc5,glm-5.1,True,29,False,,False,False,Terminal & Coding,Terminal Tasks,lambda/hermes-agent-reasoning-traces:glm-5.1:train:173,ok,
hermes:glm-5.1:acc2ed67-c8d6-4c33-a6c9-0ce3178e255e,acc2ed67-c8d6-4c33-a6c9-0ce3178e255e,glm-5.1,True,29,False,,False,False,Browser Automation,Browser Tasks,lambda/hermes-agent-reasoning-traces:glm-5.1:train:2548,ok,
hermes:glm-5.1:acebc57e-4caf-465e-a9f7-7a4d8c27a535,acebc57e-4caf-465e-a9f7-7a4d8c27a535,glm-5.1,True,18,False,,False,False,Scheduling,Cron Jobs,lambda/hermes-agent-reasoning-traces:glm-5.1:train:422,ok,
hermes:glm-5.1:ad197a8e-671e-4f5a-8430-20b362924843,ad197a8e-671e-4f5a-8430-20b362924843,glm-5.1,True,14,False,,False,False,Terminal & Coding,Terminal Tasks,lambda/hermes-agent-reasoning-traces:glm-5.1:train:1315,ok,
hermes:glm-5.1:ad34482a-0f0e-4075-8b68-d2ebaaeaeb1f,ad34482a-0f0e-4075-8b68-d2ebaaeaeb1f,glm-5.1,True,31,False,,False,False,Terminal & Coding,Terminal Tasks,lambda/hermes-agent-reasoning-traces:glm-5.1:train:121,ok,
hermes:glm-5.1:ad34db5b-959d-40ec-bfb3-97d1c02c89be,ad34db5b-959d-40ec-bfb3-97d1c02c89be,glm-5.1,True,29,False,,False,False,Browser Automation,Browser Tasks,lambda/hermes-agent-reasoning-traces:glm-5.1:train:2716,ok,
hermes:glm-5.1:ad3e9d54-ebe5-4f85-871b-ff1e17a69f77,ad3e9d54-ebe5-4f85-871b-ff1e17a69f77,glm-5.1,True,16,False,,False,False,Terminal & Coding,Terminal Tasks,lambda/hermes-agent-reasoning-traces:glm-5.1:train:789,ok,
hermes:glm-5.1:ad517d4b-1eca-4950-b959-323793ba2878,ad517d4b-1eca-4950-b959-323793ba2878,glm-5.1,True,16,False,,False,False,Browser Automation,Browser Tasks,lambda/hermes-agent-reasoning-traces:glm-5.1:train:2617,ok,
hermes:glm-5.1:ad57d1c5-7639-4ba4-8ef2-66db0151ab21,ad57d1c5-7639-4ba4-8ef2-66db0151ab21,glm-5.1,True,31,False,,False,False,Agent Tools,Background Processes,lambda/hermes-agent-reasoning-traces:glm-5.1:train:1839,ok,
hermes:glm-5.1:ad6d61ff-34c6-46d8-b746-3be71cc15e1a,ad6d61ff-34c6-46d8-b746-3be71cc15e1a,glm-5.1,True,10,False,,False,False,Browser Automation,Browser Tasks,lambda/hermes-agent-reasoning-traces:glm-5.1:train:2547,ok,
hermes:glm-5.1:ad8e51ec-a69e-4df1-9e07-d462eafec4cc,ad8e51ec-a69e-4df1-9e07-d462eafec4cc,glm-5.1,True,12,False,,False,False,Terminal & Coding,Terminal Tasks,lambda/hermes-agent-reasoning-traces:glm-5.1:train:868,ok,
hermes:glm-5.1:ad9217af-c78b-4991-ab64-a172c02609fe,ad9217af-c78b-4991-ab64-a172c02609fe,glm-5.1,True,29,False,,False,False,Terminal & Coding,Terminal Tasks,lambda/hermes-agent-reasoning-traces:glm-5.1:train:1923,ok,
hermes:glm-5.1:ada3a594-121d-4299-8ac7-ffe8331ee6d9,ada3a594-121d-4299-8ac7-ffe8331ee6d9,glm-5.1,True,17,False,,False,False,Terminal & Coding,Terminal Tasks,lambda/hermes-agent-reasoning-traces:glm-5.1:train:28,ok,
hermes:glm-5.1:ada3fc2a-ef10-447a-aaa3-718d5898c074,ada3fc2a-ef10-447a-aaa3-718d5898c074,glm-5.1,True,29,False,,False,False,Terminal & Coding,Terminal Tasks,lambda/hermes-agent-reasoning-traces:glm-5.1:train:2218,ok,
hermes:glm-5.1:adec793a-3281-4fe1-bf05-8e122cc22bd5,adec793a-3281-4fe1-bf05-8e122cc22bd5,glm-5.1,True,27,False,,False,False,Terminal & Coding,Terminal Tasks,lambda/hermes-agent-reasoning-traces:glm-5.1:train:1277,ok,
hermes:glm-5.1:adf3934a-f2eb-4a8a-9bcb-c70e0b9161da,adf3934a-f2eb-4a8a-9bcb-c70e0b9161da,glm-5.1,True,18,False,,False,False,Terminal & Coding,Terminal Tasks,lambda/hermes-agent-reasoning-traces:glm-5.1:train:438,ok,
hermes:glm-5.1:adf8dce1-36e8-40c1-bf07-80472d3f9b2c,adf8dce1-36e8-40c1-bf07-80472d3f9b2c,glm-5.1,True,16,False,,False,False,Browser Automation,Browser Tasks,lambda/hermes-agent-reasoning-traces:glm-5.1:train:2701,ok,
hermes:glm-5.1:ae0b7790-d7d0-420a-a173-46527be70dcf,ae0b7790-d7d0-420a-a173-46527be70dcf,glm-5.1,True,25,False,,False,False,Terminal & Coding,Terminal Tasks,lambda/hermes-agent-reasoning-traces:glm-5.1:train:99,ok,
hermes:glm-5.1:ae2bd47f-f99a-4b4f-9961-b0591c56f245,ae2bd47f-f99a-4b4f-9961-b0591c56f245,glm-5.1,True,21,False,,False,False,Browser Automation,Browser Tasks,lambda/hermes-agent-reasoning-traces:glm-5.1:train:2898,ok,
hermes:glm-5.1:ae5d00f2-948a-4cc2-8ca6-bc8c1296c77f,ae5d00f2-948a-4cc2-8ca6-bc8c1296c77f,glm-5.1,True,16,False,,False,False,Terminal & Coding,Terminal Tasks,lambda/hermes-agent-reasoning-traces:glm-5.1:train:1881,ok,
hermes:glm-5.1:ae62d894-1c3f-4c0a-8d0f-a71630a6fbea,ae62d894-1c3f-4c0a-8d0f-a71630a6fbea,glm-5.1,True,21,False,,False,False,Browser Automation,Browser Tasks,lambda/hermes-agent-reasoning-traces:glm-5.1:train:2644,ok,
hermes:glm-5.1:ae76b466-4b85-4986-8125-58fbe74ee420,ae76b466-4b85-4986-8125-58fbe74ee420,glm-5.1,True,20,False,,False,False,Browser Automation,Browser Tasks,lambda/hermes-agent-reasoning-traces:glm-5.1:train:2531,ok,
hermes:glm-5.1:ae932099-9af1-4360-a933-cb79ce9f65f8,ae932099-9af1-4360-a933-cb79ce9f65f8,glm-5.1,True,15,False,,False,False,Terminal & Coding,Terminal Tasks,lambda/hermes-agent-reasoning-traces:glm-5.1:train:114,ok,
hermes:glm-5.1:aea2256c-89ed-48b1-89e4-7e330ad34c33,aea2256c-89ed-48b1-89e4-7e330ad34c33,glm-5.1,True,19,False,,False,False,Browser Automation,Browser Tasks,lambda/hermes-agent-reasoning-traces:glm-5.1:train:2527,ok,
hermes:glm-5.1:aecc333b-f5e6-464f-b981-08e86b57480b,aecc333b-f5e6-464f-b981-08e86b57480b,glm-5.1,True,10,False,,False,False,Terminal & Coding,Terminal Tasks,lambda/hermes-agent-reasoning-traces:glm-5.1:train:745,ok,
hermes:glm-5.1:aeccbdfc-5b2a-44e6-a7c0-76aa67c00b6e,aeccbdfc-5b2a-44e6-a7c0-76aa67c00b6e,glm-5.1,True,19,False,,False,False,Terminal & Coding,Terminal Tasks,lambda/hermes-agent-reasoning-traces:glm-5.1:train:2169,ok,
hermes:glm-5.1:aecdc39a-a417-40cd-a4ec-5521258595ad,aecdc39a-a417-40cd-a4ec-5521258595ad,glm-5.1,True,20,False,,False,False,Terminal & Coding,Terminal Tasks,lambda/hermes-agent-reasoning-traces:glm-5.1:train:1200,ok,
hermes:glm-5.1:aece6679-245b-4f81-a168-0a285dbc175f,aece6679-245b-4f81-a168-0a285dbc175f,glm-5.1,True,18,False,,False,False,Browser Automation,Browser Tasks,lambda/hermes-agent-reasoning-traces:glm-5.1:train:2947,ok,
hermes:glm-5.1:aed8ee0f-b498-46b5-8934-b92c8310efa6,aed8ee0f-b498-46b5-8934-b92c8310efa6,glm-5.1,True,10,False,,False,False,Terminal & Coding,Terminal Tasks,lambda/hermes-agent-reasoning-traces:glm-5.1:train:875,ok,
hermes:glm-5.1:af1a5b28-1467-473a-9bf4-86a039ccde32,af1a5b28-1467-473a-9bf4-86a039ccde32,glm-5.1,True,23,False,,False,False,Terminal & Coding,Terminal Tasks,lambda/hermes-agent-reasoning-traces:glm-5.1:train:2060,ok,
hermes:glm-5.1:af20b432-3254-4ef8-b563-ce3091e30daa,af20b432-3254-4ef8-b563-ce3091e30daa,glm-5.1,True,16,False,,False,False,Terminal & Coding,Terminal Tasks,lambda/hermes-agent-reasoning-traces:glm-5.1:train:124,ok,
hermes:glm-5.1:af2c9e52-cb58-4257-b852-ca630b155e1a,af2c9e52-cb58-4257-b852-ca630b155e1a,glm-5.1,True,11,False,,False,False,Terminal & Coding,Terminal Tasks,lambda/hermes-agent-reasoning-traces:glm-5.1:train:2303,ok,
hermes:glm-5.1:af2cf36a-cc45-4b27-a11c-45501bb80769,af2cf36a-cc45-4b27-a11c-45501bb80769,glm-5.1,True,11,False,,False,False,Terminal & Coding,Terminal Tasks,lambda/hermes-agent-reasoning-traces:glm-5.1:train:1887,ok,
hermes:glm-5.1:af44a8ef-5732-415d-9a8c-aa1681c663f7,af44a8ef-5732-415d-9a8c-aa1681c663f7,glm-5.1,True,25,False,,False,False,Browser Automation,Browser Tasks,lambda/hermes-agent-reasoning-traces:glm-5.1:train:2593,ok,
hermes:glm-5.1:af5a32c2-f41f-48b3-b9b9-9029fab319be,af5a32c2-f41f-48b3-b9b9-9029fab319be,glm-5.1,True,27,False,,False,False,Terminal & Coding,Terminal Tasks,lambda/hermes-agent-reasoning-traces:glm-5.1:train:1404,ok,
hermes:glm-5.1:af5a91fa-0217-40ee-89e4-bfeaac4f8f6b,af5a91fa-0217-40ee-89e4-bfeaac4f8f6b,glm-5.1,True,25,False,,False,False,Terminal & Coding,Terminal Tasks,lambda/hermes-agent-reasoning-traces:glm-5.1:train:716,ok,
hermes:glm-5.1:af6c1e6f-8018-4a32-a337-ef4caa91b1da,af6c1e6f-8018-4a32-a337-ef4caa91b1da,glm-5.1,True,10,False,,False,False,Terminal & Coding,Terminal Tasks,lambda/hermes-agent-reasoning-traces:glm-5.1:train:942,ok,
hermes:glm-5.1:afa76aa2-2a5c-48fb-848d-7b49fcdb390b,afa76aa2-2a5c-48fb-848d-7b49fcdb390b,glm-5.1,True,13,False,,False,False,Terminal & Coding,Terminal Tasks,lambda/hermes-agent-reasoning-traces:glm-5.1:train:2225,ok,
hermes:glm-5.1:afacd73f-f40c-4ee9-bb6f-c1add7e2da73,afacd73f-f40c-4ee9-bb6f-c1add7e2da73,glm-5.1,True,15,False,,False,False,File Operations,File Tasks,lambda/hermes-agent-reasoning-traces:glm-5.1:train:1602,ok,
hermes:glm-5.1:afc38f4c-79a7-49fe-9362-15fb3e623a3f,afc38f4c-79a7-49fe-9362-15fb3e623a3f,glm-5.1,True,31,False,,False,False,Terminal & Coding,Terminal Tasks,lambda/hermes-agent-reasoning-traces:glm-5.1:train:925,ok,
hermes:glm-5.1:afeb1fb5-7172-458a-9fd2-088822c43fe1,afeb1fb5-7172-458a-9fd2-088822c43fe1,glm-5.1,True,18,False,,False,False,Browser Automation,Browser Tasks,lambda/hermes-agent-reasoning-traces:glm-5.1:train:2890,ok,
hermes:glm-5.1:b0254be3-e110-4161-a444-98013b4b1cc0,b0254be3-e110-4161-a444-98013b4b1cc0,glm-5.1,True,12,False,,False,False,Terminal & Coding,Terminal Tasks,lambda/hermes-agent-reasoning-traces:glm-5.1:train:1908,ok,
hermes:glm-5.1:b033bd23-3fd5-4abe-8b8c-02afe087a722,b033bd23-3fd5-4abe-8b8c-02afe087a722,glm-5.1,True,25,False,,False,False,Browser Automation,Browser Tasks,lambda/hermes-agent-reasoning-traces:glm-5.1:train:2607,ok,
hermes:glm-5.1:b04716ea-8fd8-4918-9f7c-d4a5ad957a24,b04716ea-8fd8-4918-9f7c-d4a5ad957a24,glm-5.1,True,27,False,,False,False,Browser Automation,Browser Tasks,lambda/hermes-agent-reasoning-traces:glm-5.1:train:2939,ok,
hermes:glm-5.1:b081acaa-c4ac-4ff3-afed-5e013dc06845,b081acaa-c4ac-4ff3-afed-5e013dc06845,glm-5.1,True,19,False,,False,False,Terminal & Coding,Terminal Tasks,lambda/hermes-agent-reasoning-traces:glm-5.1:train:1437,ok,
hermes:glm-5.1:b08c3b3e-6615-463b-a1dc-9fea75d94828,b08c3b3e-6615-463b-a1dc-9fea75d94828,glm-5.1,True,12,False,,False,False,Terminal & Coding,Terminal Tasks,lambda/hermes-agent-reasoning-traces:glm-5.1:train:878,ok,
hermes:glm-5.1:b09f2b4e-1b49-4ad8-99c9-adef57fe74d1,b09f2b4e-1b49-4ad8-99c9-adef57fe74d1,glm-5.1,True,25,False,,False,False,File Operations,File Tasks,lambda/hermes-agent-reasoning-traces:glm-5.1:train:57,ok,
hermes:glm-5.1:b0a14fad-6c3c-43d4-93a9-2a460f304110,b0a14fad-6c3c-43d4-93a9-2a460f304110,glm-5.1,True,16,False,,False,False,Scheduling,Cron Jobs,lambda/hermes-agent-reasoning-traces:glm-5.1:train:1125,ok,
hermes:glm-5.1:b0a2565d-791f-4a8b-8bdb-aff468202b66,b0a2565d-791f-4a8b-8bdb-aff468202b66,glm-5.1,True,23,False,,False,False,Terminal & Coding,Terminal Tasks,lambda/hermes-agent-reasoning-traces:glm-5.1:train:492,ok,
hermes:glm-5.1:b0cb38f3-f655-4093-b75f-2d31a2e10ba2,b0cb38f3-f655-4093-b75f-2d31a2e10ba2,glm-5.1,True,10,False,,False,False,Terminal & Coding,Terminal Tasks,lambda/hermes-agent-reasoning-traces:glm-5.1:train:1900,ok,
hermes:glm-5.1:b0dc15dd-400b-4180-bdbb-601a7c2220d7,b0dc15dd-400b-4180-bdbb-601a7c2220d7,glm-5.1,True,29,False,,False,False,Terminal & Coding,Terminal Tasks,lambda/hermes-agent-reasoning-traces:glm-5.1:train:1521,ok,
hermes:glm-5.1:b0de27b6-16d8-4319-ad8a-78811a3facef,b0de27b6-16d8-4319-ad8a-78811a3facef,glm-5.1,True,12,False,,False,False,Terminal & Coding,Terminal Tasks,lambda/hermes-agent-reasoning-traces:glm-5.1:train:214,ok,
hermes:glm-5.1:b0df630e-6aab-4300-b1fd-9a17c80e50fd,b0df630e-6aab-4300-b1fd-9a17c80e50fd,glm-5.1,True,10,False,,False,False,File Operations,File Tasks,lambda/hermes-agent-reasoning-traces:glm-5.1:train:1423,ok,
hermes:glm-5.1:b0f1c38b-ac22-459b-9b4f-cb6b270ecb96,b0f1c38b-ac22-459b-9b4f-cb6b270ecb96,glm-5.1,True,19,False,,False,False,Browser Automation,Browser Tasks,lambda/hermes-agent-reasoning-traces:glm-5.1:train:2574,ok,
hermes:glm-5.1:b13df680-c423-4675-9e0e-a20c04bd4736,b13df680-c423-4675-9e0e-a20c04bd4736,glm-5.1,True,20,False,,False,False,Browser Automation,Browser Tasks,lambda/hermes-agent-reasoning-traces:glm-5.1:train:2787,ok,
hermes:glm-5.1:b1a44af9-57f7-42ad-b7da-51be6c63cfe1,b1a44af9-57f7-42ad-b7da-51be6c63cfe1,glm-5.1,True,16,False,,False,False,Terminal & Coding,Terminal Tasks,lambda/hermes-agent-reasoning-traces:glm-5.1:train:634,ok,
hermes:glm-5.1:b1a65da9-3551-4ffa-82cf-d463c50b1d3e,b1a65da9-3551-4ffa-82cf-d463c50b1d3e,glm-5.1,True,18,False,,False,False,Terminal & Coding,Terminal Tasks,lambda/hermes-agent-reasoning-traces:glm-5.1:train:1993,ok,
hermes:glm-5.1:b1b3a9b7-960f-4efc-a533-7f89ade7489f,b1b3a9b7-960f-4efc-a533-7f89ade7489f,glm-5.1,True,25,False,,False,False,Terminal & Coding,Terminal Tasks,lambda/hermes-agent-reasoning-traces:glm-5.1:train:2093,ok,
hermes:glm-5.1:b1b3fb23-968d-41ba-80c2-ec5d2f8abd77,b1b3fb23-968d-41ba-80c2-ec5d2f8abd77,glm-5.1,True,10,False,,False,False,Terminal & Coding,Terminal Tasks,lambda/hermes-agent-reasoning-traces:glm-5.1:train:112,ok,
hermes:glm-5.1:b1dc30a0-9ed7-4bc6-bb9c-04ffce2a9a88,b1dc30a0-9ed7-4bc6-bb9c-04ffce2a9a88,glm-5.1,True,14,False,,False,False,Terminal & Coding,Terminal Tasks,lambda/hermes-agent-reasoning-traces:glm-5.1:train:1093,ok,
hermes:glm-5.1:b1e1cd8e-a61a-48dd-adcb-a40220d839b8,b1e1cd8e-a61a-48dd-adcb-a40220d839b8,glm-5.1,True,23,False,,False,False,Terminal & Coding,Terminal Tasks,lambda/hermes-agent-reasoning-traces:glm-5.1:train:2056,ok,
hermes:glm-5.1:b20ae1f1-ae14-45a7-8684-ac80cf2855ee,b20ae1f1-ae14-45a7-8684-ac80cf2855ee,glm-5.1,True,12,False,,False,False,Terminal & Coding,Terminal Tasks,lambda/hermes-agent-reasoning-traces:glm-5.1:train:58,ok,
hermes:glm-5.1:b234cb3a-96f5-40cb-b0f7-b99f5e76a92a,b234cb3a-96f5-40cb-b0f7-b99f5e76a92a,glm-5.1,True,18,False,,False,False,Terminal & Coding,Terminal Tasks,lambda/hermes-agent-reasoning-traces:glm-5.1:train:517,ok,
hermes:glm-5.1:b2429b85-0b8e-4a50-91c3-1f6a7e32e3fa,b2429b85-0b8e-4a50-91c3-1f6a7e32e3fa,glm-5.1,True,14,False,,False,False,Terminal & Coding,Terminal Tasks,lambda/hermes-agent-reasoning-traces:glm-5.1:train:45,ok,
hermes:glm-5.1:b2829de7-0913-4872-ba8a-fd6ecf84f4ef,b2829de7-0913-4872-ba8a-fd6ecf84f4ef,glm-5.1,True,14,False,,False,False,Terminal & Coding,Terminal Tasks,lambda/hermes-agent-reasoning-traces:glm-5.1:train:1954,ok,
hermes:glm-5.1:b2aec0d5-9b0e-4852-a241-273357c1dbf3,b2aec0d5-9b0e-4852-a241-273357c1dbf3,glm-5.1,True,14,False,,False,False,Terminal & Coding,Terminal Tasks,lambda/hermes-agent-reasoning-traces:glm-5.1:train:2240,ok,
hermes:glm-5.1:b2bda5af-250a-405e-99d5-bb1d24470641,b2bda5af-250a-405e-99d5-bb1d24470641,glm-5.1,True,20,False,,False,False,Terminal & Coding,Terminal Tasks,lambda/hermes-agent-reasoning-traces:glm-5.1:train:1720,ok,
hermes:glm-5.1:b2c3b960-373b-4333-92a7-e86c9068df3d,b2c3b960-373b-4333-92a7-e86c9068df3d,glm-5.1,True,14,False,,False,False,Terminal & Coding,Terminal Tasks,lambda/hermes-agent-reasoning-traces:glm-5.1:train:1655,ok,
hermes:glm-5.1:b2e89daf-7da2-411e-833c-1ac4a6d966e4,b2e89daf-7da2-411e-833c-1ac4a6d966e4,glm-5.1,True,16,False,,False,False,Scheduling,Cron Jobs,lambda/hermes-agent-reasoning-traces:glm-5.1:train:1613,ok,
hermes:glm-5.1:b303218f-1cae-4821-b41a-047a102dddc9,b303218f-1cae-4821-b41a-047a102dddc9,glm-5.1,True,27,False,,False,False,Multi-Tool,Multi-Tool Tasks,lambda/hermes-agent-reasoning-traces:glm-5.1:train:2101,ok,
hermes:glm-5.1:b30d77fc-0564-4c2f-a6f3-40a2075a499a,b30d77fc-0564-4c2f-a6f3-40a2075a499a,glm-5.1,True,14,False,,False,False,Terminal & Coding,Terminal Tasks,lambda/hermes-agent-reasoning-traces:glm-5.1:train:2088,ok,
hermes:glm-5.1:b3296297-7ef3-4f05-a893-947bebdb7463,b3296297-7ef3-4f05-a893-947bebdb7463,glm-5.1,True,25,False,,False,False,Browser Automation,Browser Tasks,lambda/hermes-agent-reasoning-traces:glm-5.1:train:2776,ok,
hermes:glm-5.1:b331f1fd-1675-498b-9bfe-3ab87a4a326a,b331f1fd-1675-498b-9bfe-3ab87a4a326a,glm-5.1,True,16,False,,False,False,Terminal & Coding,Terminal Tasks,lambda/hermes-agent-reasoning-traces:glm-5.1:train:379,ok,
hermes:glm-5.1:b3323e05-bd2d-4343-b470-48411536775d,b3323e05-bd2d-4343-b470-48411536775d,glm-5.1,True,12,False,,False,False,Terminal & Coding,Terminal Tasks,lambda/hermes-agent-reasoning-traces:glm-5.1:train:786,ok,
hermes:glm-5.1:b335e89e-a0b2-4c21-ab8c-a8c7ec39e596,b335e89e-a0b2-4c21-ab8c-a8c7ec39e596,glm-5.1,True,10,False,,False,False,Terminal & Coding,Terminal Tasks,lambda/hermes-agent-reasoning-traces:glm-5.1:train:1731,ok,
hermes:glm-5.1:b349ad16-1017-4ccf-a2c2-585390955450,b349ad16-1017-4ccf-a2c2-585390955450,glm-5.1,True,27,False,,False,False,Browser Automation,Browser Tasks,lambda/hermes-agent-reasoning-traces:glm-5.1:train:2699,ok,
hermes:glm-5.1:b352abb4-1c53-4b32-9b78-a272e79b924a,b352abb4-1c53-4b32-9b78-a272e79b924a,glm-5.1,True,20,False,,False,False,Terminal & Coding,Terminal Tasks,lambda/hermes-agent-reasoning-traces:glm-5.1:train:1499,ok,
hermes:glm-5.1:b38490f2-842b-4dc6-85f8-3a3e7470cd75,b38490f2-842b-4dc6-85f8-3a3e7470cd75,glm-5.1,True,16,False,,False,False,File Operations,File Tasks,lambda/hermes-agent-reasoning-traces:glm-5.1:train:1418,ok,
hermes:glm-5.1:b39d410b-49a1-45f6-aaa7-8af3d7ed6773,b39d410b-49a1-45f6-aaa7-8af3d7ed6773,glm-5.1,True,19,False,,False,False,Scheduling,Cron Jobs,lambda/hermes-agent-reasoning-traces:glm-5.1:train:729,ok,
hermes:glm-5.1:b3c9f16b-3e6f-40d4-9962-b484f47d0f1f,b3c9f16b-3e6f-40d4-9962-b484f47d0f1f,glm-5.1,True,11,False,,False,False,Planning & Organization,Planning Tasks,lambda/hermes-agent-reasoning-traces:glm-5.1:train:750,ok,
hermes:glm-5.1:b413d148-c429-4fe5-a0f0-3b301f04704f,b413d148-c429-4fe5-a0f0-3b301f04704f,glm-5.1,True,17,False,,False,False,Terminal & Coding,Terminal Tasks,lambda/hermes-agent-reasoning-traces:glm-5.1:train:2198,ok,
hermes:glm-5.1:b430abc8-7438-4943-ba6b-5b876d0fa475,b430abc8-7438-4943-ba6b-5b876d0fa475,glm-5.1,True,17,False,,False,False,Terminal & Coding,Terminal Tasks,lambda/hermes-agent-reasoning-traces:glm-5.1:train:1615,ok,
hermes:glm-5.1:b443c610-5744-454f-9cc1-ad2da74788ec,b443c610-5744-454f-9cc1-ad2da74788ec,glm-5.1,True,17,False,,False,False,Terminal & Coding,Terminal Tasks,lambda/hermes-agent-reasoning-traces:glm-5.1:train:596,ok,
hermes:glm-5.1:b45adb48-a8f2-4dfc-9b73-0796fcd6fc47,b45adb48-a8f2-4dfc-9b73-0796fcd6fc47,glm-5.1,True,12,False,,False,False,Terminal & Coding,Terminal Tasks,lambda/hermes-agent-reasoning-traces:glm-5.1:train:1194,ok,
hermes:glm-5.1:b4be7bc1-c9b6-47c0-b5bd-d75f5167127b,b4be7bc1-c9b6-47c0-b5bd-d75f5167127b,glm-5.1,True,27,False,,False,False,Browser Automation,Browser Tasks,lambda/hermes-agent-reasoning-traces:glm-5.1:train:2831,ok,
hermes:glm-5.1:b4daf481-f06b-4af3-86da-67526aeaacb7,b4daf481-f06b-4af3-86da-67526aeaacb7,glm-5.1,True,29,False,,False,False,Terminal & Coding,Terminal Tasks,lambda/hermes-agent-reasoning-traces:glm-5.1:train:1614,ok,
hermes:glm-5.1:b4e2452d-3d77-4227-96c7-60689b6193f8,b4e2452d-3d77-4227-96c7-60689b6193f8,glm-5.1,True,23,False,,False,False,Agent Tools,Background Processes,lambda/hermes-agent-reasoning-traces:glm-5.1:train:684,ok,
hermes:glm-5.1:b4f75dd1-3f5d-472a-be71-aa97aa4d088d,b4f75dd1-3f5d-472a-be71-aa97aa4d088d,glm-5.1,True,12,False,,False,False,Terminal & Coding,Terminal Tasks,lambda/hermes-agent-reasoning-traces:glm-5.1:train:501,ok,
hermes:glm-5.1:b569f011-023f-4708-b557-6f157e7f9a83,b569f011-023f-4708-b557-6f157e7f9a83,glm-5.1,True,16,False,,False,False,Terminal & Coding,Terminal Tasks,lambda/hermes-agent-reasoning-traces:glm-5.1:train:791,ok,
hermes:glm-5.1:b56c9334-8012-4dd4-a6fc-3e8a44ccd538,b56c9334-8012-4dd4-a6fc-3e8a44ccd538,glm-5.1,True,12,False,,False,False,Terminal & Coding,Terminal Tasks,lambda/hermes-agent-reasoning-traces:glm-5.1:train:1756,ok,
hermes:glm-5.1:b57c2bfe-7040-4a13-8927-2f6709e2df04,b57c2bfe-7040-4a13-8927-2f6709e2df04,glm-5.1,True,25,False,,False,False,Browser Automation,Browser Tasks,lambda/hermes-agent-reasoning-traces:glm-5.1:train:2555,ok,
hermes:glm-5.1:b59e26aa-5947-46f7-a319-a1251cb9b1e1,b59e26aa-5947-46f7-a319-a1251cb9b1e1,glm-5.1,True,9,False,,False,False,Terminal & Coding,Terminal Tasks,lambda/hermes-agent-reasoning-traces:glm-5.1:train:318,ok,
hermes:glm-5.1:b5f8113f-270c-43b1-a1d7-2200a87f1fb7,b5f8113f-270c-43b1-a1d7-2200a87f1fb7,glm-5.1,True,12,False,,False,False,Terminal & Coding,Terminal Tasks,lambda/hermes-agent-reasoning-traces:glm-5.1:train:2263,ok,
hermes:glm-5.1:b5fdda43-9a6b-4595-9600-90467808b656,b5fdda43-9a6b-4595-9600-90467808b656,glm-5.1,True,31,False,,False,False,Terminal & Coding,Terminal Tasks,lambda/hermes-agent-reasoning-traces:glm-5.1:train:1080,ok,
hermes:glm-5.1:b617ac7b-cc93-4ed7-b349-2668e1b78deb,b617ac7b-cc93-4ed7-b349-2668e1b78deb,glm-5.1,True,27,False,,False,False,Terminal & Coding,Terminal Tasks,lambda/hermes-agent-reasoning-traces:glm-5.1:train:1785,ok,
hermes:glm-5.1:b61948f9-fa5d-4f7b-8e46-88bc3350b6a7,b61948f9-fa5d-4f7b-8e46-88bc3350b6a7,glm-5.1,True,21,False,,False,False,Terminal & Coding,Terminal Tasks,lambda/hermes-agent-reasoning-traces:glm-5.1:train:837,ok,
hermes:glm-5.1:b6637211-a424-4616-86b5-0b25542d7142,b6637211-a424-4616-86b5-0b25542d7142,glm-5.1,True,23,False,,False,False,Browser Automation,Browser Tasks,lambda/hermes-agent-reasoning-traces:glm-5.1:train:2588,ok,
hermes:glm-5.1:b66b3c4c-9ebd-4895-b934-e068f8963f26,b66b3c4c-9ebd-4895-b934-e068f8963f26,glm-5.1,True,20,False,,False,False,Terminal & Coding,Terminal Tasks,lambda/hermes-agent-reasoning-traces:glm-5.1:train:162,ok,
hermes:glm-5.1:b693b891-ef43-45df-8926-a3ec5b77935d,b693b891-ef43-45df-8926-a3ec5b77935d,glm-5.1,True,14,False,,False,False,Terminal & Coding,Terminal Tasks,lambda/hermes-agent-reasoning-traces:glm-5.1:train:135,ok,
hermes:glm-5.1:b695e662-f8e3-4a24-9d51-967d8a3e4711,b695e662-f8e3-4a24-9d51-967d8a3e4711,glm-5.1,True,19,False,,False,False,Terminal & Coding,Terminal Tasks,lambda/hermes-agent-reasoning-traces:glm-5.1:train:905,ok,
hermes:glm-5.1:b6c9ba44-3dd6-4023-8de6-df00decb4d00,b6c9ba44-3dd6-4023-8de6-df00decb4d00,glm-5.1,True,17,False,,False,False,Terminal & Coding,Terminal Tasks,lambda/hermes-agent-reasoning-traces:glm-5.1:train:9,ok,
hermes:glm-5.1:b6d4a9f9-eea1-4474-95ae-af766e79d636,b6d4a9f9-eea1-4474-95ae-af766e79d636,glm-5.1,True,29,False,,False,False,Terminal & Coding,Terminal Tasks,lambda/hermes-agent-reasoning-traces:glm-5.1:train:2312,ok,
hermes:glm-5.1:b6d4b301-40c5-4469-a66e-a95ca91ea15d,b6d4b301-40c5-4469-a66e-a95ca91ea15d,glm-5.1,True,14,False,,False,False,Terminal & Coding,Terminal Tasks,lambda/hermes-agent-reasoning-traces:glm-5.1:train:2486,ok,
hermes:glm-5.1:b6de89bc-2072-45d5-8f6c-983372103e7d,b6de89bc-2072-45d5-8f6c-983372103e7d,glm-5.1,True,12,False,,False,False,Terminal & Coding,Terminal Tasks,lambda/hermes-agent-reasoning-traces:glm-5.1:train:1419,ok,
hermes:glm-5.1:b6e3903d-8b5f-48b5-a6c0-533cfe691d9b,b6e3903d-8b5f-48b5-a6c0-533cfe691d9b,glm-5.1,True,20,False,,False,False,Browser Automation,Browser Tasks,lambda/hermes-agent-reasoning-traces:glm-5.1:train:2645,ok,
hermes:glm-5.1:b71220e8-5764-449d-9faa-75e4aec040dd,b71220e8-5764-449d-9faa-75e4aec040dd,glm-5.1,True,31,False,,False,False,Terminal & Coding,Terminal Tasks,lambda/hermes-agent-reasoning-traces:glm-5.1:train:1506,ok,
hermes:glm-5.1:b7501c29-e719-40ee-9a7c-b84f64f37aad,b7501c29-e719-40ee-9a7c-b84f64f37aad,glm-5.1,True,14,False,,False,False,Browser Automation,Browser Tasks,lambda/hermes-agent-reasoning-traces:glm-5.1:train:2703,ok,
hermes:glm-5.1:b7769e82-1153-4fe3-a859-b4d4b66520b3,b7769e82-1153-4fe3-a859-b4d4b66520b3,glm-5.1,True,23,False,,False,False,Terminal & Coding,Terminal Tasks,lambda/hermes-agent-reasoning-traces:glm-5.1:train:1337,ok,
hermes:glm-5.1:b79632a7-0f5a-4263-b44a-cb64519e4e4d,b79632a7-0f5a-4263-b44a-cb64519e4e4d,glm-5.1,True,17,False,,False,False,Terminal & Coding,Terminal Tasks,lambda/hermes-agent-reasoning-traces:glm-5.1:train:1581,ok,
hermes:glm-5.1:b7e3a6ab-6cb6-49a5-bd71-0db2be46bfe9,b7e3a6ab-6cb6-49a5-bd71-0db2be46bfe9,glm-5.1,True,10,False,,False,False,Terminal & Coding,Terminal Tasks,lambda/hermes-agent-reasoning-traces:glm-5.1:train:31,ok,
hermes:glm-5.1:b7f1feeb-05d3-4657-9f3e-7034c2458e64,b7f1feeb-05d3-4657-9f3e-7034c2458e64,glm-5.1,True,13,False,,False,False,Terminal & Coding,Terminal Tasks,lambda/hermes-agent-reasoning-traces:glm-5.1:train:976,ok,
hermes:glm-5.1:b800283c-fd10-47c9-a34c-3fa8a5b3cd4c,b800283c-fd10-47c9-a34c-3fa8a5b3cd4c,glm-5.1,True,14,False,,False,False,Terminal & Coding,Terminal Tasks,lambda/hermes-agent-reasoning-traces:glm-5.1:train:1719,ok,
hermes:glm-5.1:b814ba3b-f2f0-41ea-9c06-dd0700a97c54,b814ba3b-f2f0-41ea-9c06-dd0700a97c54,glm-5.1,True,18,False,,False,False,Browser Automation,Browser Tasks,lambda/hermes-agent-reasoning-traces:glm-5.1:train:2940,ok,
hermes:glm-5.1:b83f01ff-87ae-4080-8dae-51bbbca63ab5,b83f01ff-87ae-4080-8dae-51bbbca63ab5,glm-5.1,True,25,False,,False,False,Terminal & Coding,Terminal Tasks,lambda/hermes-agent-reasoning-traces:glm-5.1:train:49,ok,
hermes:glm-5.1:b8781534-7351-4c4d-8589-fab647a69140,b8781534-7351-4c4d-8589-fab647a69140,glm-5.1,True,21,False,,False,False,Browser Automation,Browser Tasks,lambda/hermes-agent-reasoning-traces:glm-5.1:train:2995,ok,
hermes:glm-5.1:b8882200-be6b-401a-b8fe-796cbfcc88a5,b8882200-be6b-401a-b8fe-796cbfcc88a5,glm-5.1,True,16,False,,False,False,Scheduling,Cron Jobs,lambda/hermes-agent-reasoning-traces:glm-5.1:train:880,ok,
hermes:glm-5.1:b89d578d-456d-48a9-a904-5561c4aa0653,b89d578d-456d-48a9-a904-5561c4aa0653,glm-5.1,True,25,False,,False,False,Browser Automation,Browser Tasks,lambda/hermes-agent-reasoning-traces:glm-5.1:train:2516,ok,
hermes:glm-5.1:b8aefe2f-9552-4d8e-98c8-d787f32a13bf,b8aefe2f-9552-4d8e-98c8-d787f32a13bf,glm-5.1,True,14,False,,False,False,Terminal & Coding,Terminal Tasks,lambda/hermes-agent-reasoning-traces:glm-5.1:train:1758,ok,
hermes:glm-5.1:b8b3391c-d5e6-4402-a1e9-13b0e3a2ec1e,b8b3391c-d5e6-4402-a1e9-13b0e3a2ec1e,glm-5.1,True,21,False,,False,False,File Operations,File Tasks,lambda/hermes-agent-reasoning-traces:glm-5.1:train:339,ok,
hermes:glm-5.1:b8b54544-b442-48ca-82e6-0c42ba1dea9f,b8b54544-b442-48ca-82e6-0c42ba1dea9f,glm-5.1,True,25,False,,False,False,Terminal & Coding,Terminal Tasks,lambda/hermes-agent-reasoning-traces:glm-5.1:train:1324,ok,
hermes:glm-5.1:b8c839a0-8a54-48a5-b441-855a5c0c4faf,b8c839a0-8a54-48a5-b441-855a5c0c4faf,glm-5.1,True,13,False,,False,False,Terminal & Coding,Terminal Tasks,lambda/hermes-agent-reasoning-traces:glm-5.1:train:294,ok,
hermes:glm-5.1:b92048ef-96d9-43eb-acd7-93693b0e5f07,b92048ef-96d9-43eb-acd7-93693b0e5f07,glm-5.1,True,17,False,,False,False,Terminal & Coding,Terminal Tasks,lambda/hermes-agent-reasoning-traces:glm-5.1:train:1054,ok,
hermes:glm-5.1:b934d2bc-0b65-4ecb-8db5-95a49ea2568a,b934d2bc-0b65-4ecb-8db5-95a49ea2568a,glm-5.1,True,25,False,,False,False,Terminal & Coding,Terminal Tasks,lambda/hermes-agent-reasoning-traces:glm-5.1:train:1242,ok,
hermes:glm-5.1:b939691e-7c59-4b85-a029-5aa76aa43a2d,b939691e-7c59-4b85-a029-5aa76aa43a2d,glm-5.1,True,10,False,,False,False,Terminal & Coding,Terminal Tasks,lambda/hermes-agent-reasoning-traces:glm-5.1:train:841,ok,
hermes:glm-5.1:b93d8b60-551a-46a0-bbfd-f4aea755c25b,b93d8b60-551a-46a0-bbfd-f4aea755c25b,glm-5.1,True,14,False,,False,False,Terminal & Coding,Terminal Tasks,lambda/hermes-agent-reasoning-traces:glm-5.1:train:1376,ok,
hermes:glm-5.1:b946d960-ae52-4de9-9b94-f8ecae59ae00,b946d960-ae52-4de9-9b94-f8ecae59ae00,glm-5.1,True,17,False,,False,False,Terminal & Coding,Terminal Tasks,lambda/hermes-agent-reasoning-traces:glm-5.1:train:569,ok,
hermes:glm-5.1:b953e892-ee3a-4fe5-9538-9fe7e7c267d1,b953e892-ee3a-4fe5-9538-9fe7e7c267d1,glm-5.1,True,25,False,,False,False,Browser Automation,Browser Tasks,lambda/hermes-agent-reasoning-traces:glm-5.1:train:2973,ok,
hermes:glm-5.1:b96b411c-86b7-4de4-853a-de9a0e9879e4,b96b411c-86b7-4de4-853a-de9a0e9879e4,glm-5.1,True,31,False,,False,False,Terminal & Coding,Terminal Tasks,lambda/hermes-agent-reasoning-traces:glm-5.1:train:785,ok,
hermes:glm-5.1:b9adc0b3-4cea-401a-a634-3a1806c3f72c,b9adc0b3-4cea-401a-a634-3a1806c3f72c,glm-5.1,True,27,False,,False,False,File Operations,File Tasks,lambda/hermes-agent-reasoning-traces:glm-5.1:train:1778,ok,
hermes:glm-5.1:b9ebfb0a-d827-48b8-83c2-4fd29d99909d,b9ebfb0a-d827-48b8-83c2-4fd29d99909d,glm-5.1,True,14,False,,False,False,Terminal & Coding,Terminal Tasks,lambda/hermes-agent-reasoning-traces:glm-5.1:train:1392,ok,
hermes:glm-5.1:b9ff00cd-6f7a-4af0-9b58-3e18e5fade81,b9ff00cd-6f7a-4af0-9b58-3e18e5fade81,glm-5.1,True,10,False,,False,False,Terminal & Coding,Terminal Tasks,lambda/hermes-agent-reasoning-traces:glm-5.1:train:1915,ok,
hermes:glm-5.1:ba096942-c028-4fb7-8f03-a5b7f4aeb196,ba096942-c028-4fb7-8f03-a5b7f4aeb196,glm-5.1,True,10,False,,False,False,Terminal & Coding,Terminal Tasks,lambda/hermes-agent-reasoning-traces:glm-5.1:train:2063,ok,
hermes:glm-5.1:ba0eae72-8bde-433b-85a2-24b634dc7458,ba0eae72-8bde-433b-85a2-24b634dc7458,glm-5.1,True,29,False,,False,False,Browser Automation,Browser Tasks,lambda/hermes-agent-reasoning-traces:glm-5.1:train:2953,ok,
hermes:glm-5.1:ba31de18-8aba-4cc4-b8eb-4e990df95632,ba31de18-8aba-4cc4-b8eb-4e990df95632,glm-5.1,True,10,False,,False,False,Terminal & Coding,Terminal Tasks,lambda/hermes-agent-reasoning-traces:glm-5.1:train:1740,ok,
hermes:glm-5.1:ba3fa918-b55f-46a1-8f7e-ce9ee9bbd017,ba3fa918-b55f-46a1-8f7e-ce9ee9bbd017,glm-5.1,True,31,False,,False,False,Terminal & Coding,Terminal Tasks,lambda/hermes-agent-reasoning-traces:glm-5.1:train:2131,ok,
hermes:glm-5.1:ba515045-d664-4d1e-9010-5712a135a8e1,ba515045-d664-4d1e-9010-5712a135a8e1,glm-5.1,True,14,False,,False,False,Terminal & Coding,Terminal Tasks,lambda/hermes-agent-reasoning-traces:glm-5.1:train:767,ok,
hermes:glm-5.1:ba5c9638-1cb3-43fb-b192-36a93e6ec24d,ba5c9638-1cb3-43fb-b192-36a93e6ec24d,glm-5.1,True,19,False,,False,False,Terminal & Coding,Terminal Tasks,lambda/hermes-agent-reasoning-traces:glm-5.1:train:1311,ok,
hermes:glm-5.1:ba5de0f0-519f-4d0f-aee0-4a9422a57825,ba5de0f0-519f-4d0f-aee0-4a9422a57825,glm-5.1,True,20,False,,False,False,Terminal & Coding,Terminal Tasks,lambda/hermes-agent-reasoning-traces:glm-5.1:train:734,ok,
hermes:glm-5.1:ba65f47b-e40e-4ca7-b332-2627419a9a45,ba65f47b-e40e-4ca7-b332-2627419a9a45,glm-5.1,True,10,False,,False,False,Terminal & Coding,Terminal Tasks,lambda/hermes-agent-reasoning-traces:glm-5.1:train:2340,ok,
hermes:glm-5.1:ba7a700c-321f-4cba-bdd3-c58a23f642db,ba7a700c-321f-4cba-bdd3-c58a23f642db,glm-5.1,True,17,False,,False,False,Terminal & Coding,Terminal Tasks,lambda/hermes-agent-reasoning-traces:glm-5.1:train:2002,ok,
hermes:glm-5.1:ba887754-3db3-4866-84da-4ed24842452b,ba887754-3db3-4866-84da-4ed24842452b,glm-5.1,True,12,False,,False,False,Terminal & Coding,Terminal Tasks,lambda/hermes-agent-reasoning-traces:glm-5.1:train:1757,ok,
hermes:glm-5.1:ba95408e-9ebe-4ff6-bbaf-80d555a9c989,ba95408e-9ebe-4ff6-bbaf-80d555a9c989,glm-5.1,True,16,False,,False,False,Terminal & Coding,Terminal Tasks,lambda/hermes-agent-reasoning-traces:glm-5.1:train:608,ok,
hermes:glm-5.1:ba9f0147-32ca-410f-99bc-1b507b6966ba,ba9f0147-32ca-410f-99bc-1b507b6966ba,glm-5.1,True,12,False,,False,False,Terminal & Coding,Terminal Tasks,lambda/hermes-agent-reasoning-traces:glm-5.1:train:455,ok,
hermes:glm-5.1:baa31632-22c5-41d6-97f4-e39593c6664e,baa31632-22c5-41d6-97f4-e39593c6664e,glm-5.1,True,18,False,,False,False,File Operations,File Tasks,lambda/hermes-agent-reasoning-traces:glm-5.1:train:1279,ok,
hermes:glm-5.1:baa4695c-8cc7-4ad1-9a49-5376a500b9af,baa4695c-8cc7-4ad1-9a49-5376a500b9af,glm-5.1,True,31,False,,False,False,Terminal & Coding,Terminal Tasks,lambda/hermes-agent-reasoning-traces:glm-5.1:train:2415,ok,
hermes:glm-5.1:babd8b2e-4a66-4848-ae76-0bc1308829d2,babd8b2e-4a66-4848-ae76-0bc1308829d2,glm-5.1,True,19,False,,False,False,Terminal & Coding,Terminal Tasks,lambda/hermes-agent-reasoning-traces:glm-5.1:train:717,ok,
hermes:glm-5.1:bac6bd07-31c1-452c-9050-b939e9e54928,bac6bd07-31c1-452c-9050-b939e9e54928,glm-5.1,True,16,False,,False,False,Agent Tools,Background Processes,lambda/hermes-agent-reasoning-traces:glm-5.1:train:1463,ok,
hermes:glm-5.1:bb0cf8be-5848-4c26-9199-92cc1d0b6cff,bb0cf8be-5848-4c26-9199-92cc1d0b6cff,glm-5.1,True,12,False,,False,False,File Operations,File Tasks,lambda/hermes-agent-reasoning-traces:glm-5.1:train:1593,ok,
hermes:glm-5.1:bb27ba09-b092-4769-ae48-94fb75c850ad,bb27ba09-b092-4769-ae48-94fb75c850ad,glm-5.1,True,21,False,,False,False,Browser Automation,Browser Tasks,lambda/hermes-agent-reasoning-traces:glm-5.1:train:2836,ok,
hermes:glm-5.1:bb45e932-3590-4c50-ad1f-fcc66343b33f,bb45e932-3590-4c50-ad1f-fcc66343b33f,glm-5.1,True,14,False,,False,False,Terminal & Coding,Terminal Tasks,lambda/hermes-agent-reasoning-traces:glm-5.1:train:1607,ok,
hermes:glm-5.1:bb4c1172-a44c-4e74-8ac6-57f5a5be450c,bb4c1172-a44c-4e74-8ac6-57f5a5be450c,glm-5.1,True,25,False,,False,False,Terminal & Coding,Terminal Tasks,lambda/hermes-agent-reasoning-traces:glm-5.1:train:571,ok,
hermes:glm-5.1:bb5642ca-3c22-4b64-aa97-2c8461f24b47,bb5642ca-3c22-4b64-aa97-2c8461f24b47,glm-5.1,True,23,False,,False,False,Terminal & Coding,Terminal Tasks,lambda/hermes-agent-reasoning-traces:glm-5.1:train:2241,ok,
hermes:glm-5.1:bb770c5f-de14-4fa9-ab81-a282f6d65637,bb770c5f-de14-4fa9-ab81-a282f6d65637,glm-5.1,True,18,False,,False,False,Browser Automation,Browser Tasks,lambda/hermes-agent-reasoning-traces:glm-5.1:train:2772,ok,
hermes:glm-5.1:bb89428f-7cb5-4ca7-bca7-1279490f475b,bb89428f-7cb5-4ca7-bca7-1279490f475b,glm-5.1,True,10,False,,False,False,Terminal & Coding,Terminal Tasks,lambda/hermes-agent-reasoning-traces:glm-5.1:train:321,ok,
hermes:glm-5.1:bbd5ec63-b091-4387-87d0-4986b90cad0e,bbd5ec63-b091-4387-87d0-4986b90cad0e,glm-5.1,True,17,False,,False,False,Terminal & Coding,Terminal Tasks,lambda/hermes-agent-reasoning-traces:glm-5.1:train:1394,ok,
hermes:glm-5.1:bbdb3147-1701-41d2-8234-7e50e00f7a0a,bbdb3147-1701-41d2-8234-7e50e00f7a0a,glm-5.1,True,12,False,,False,False,Multi-Tool,Multi-Tool Tasks,lambda/hermes-agent-reasoning-traces:glm-5.1:train:280,ok,
hermes:glm-5.1:bbf30529-f7d2-48d0-afd2-1813cb6ee925,bbf30529-f7d2-48d0-afd2-1813cb6ee925,glm-5.1,True,25,False,,False,False,Browser Automation,Browser Tasks,lambda/hermes-agent-reasoning-traces:glm-5.1:train:2997,ok,
hermes:glm-5.1:bc0a200b-03b7-4428-ba82-75e1a8f2acf7,bc0a200b-03b7-4428-ba82-75e1a8f2acf7,glm-5.1,True,16,False,,False,False,Terminal & Coding,Terminal Tasks,lambda/hermes-agent-reasoning-traces:glm-5.1:train:986,ok,
hermes:glm-5.1:bc0b1cd8-0de8-44e9-8526-236d7d2daea7,bc0b1cd8-0de8-44e9-8526-236d7d2daea7,glm-5.1,True,10,False,,False,False,Terminal & Coding,Terminal Tasks,lambda/hermes-agent-reasoning-traces:glm-5.1:train:2457,ok,
hermes:glm-5.1:bc0fb592-ff47-40e5-bd1c-dbd7b519ce5c,bc0fb592-ff47-40e5-bd1c-dbd7b519ce5c,glm-5.1,True,27,False,,False,False,Terminal & Coding,Terminal Tasks,lambda/hermes-agent-reasoning-traces:glm-5.1:train:946,ok,
hermes:glm-5.1:bc2c929d-efd6-461c-b6d1-fdb288b1229b,bc2c929d-efd6-461c-b6d1-fdb288b1229b,glm-5.1,True,18,False,,False,False,Terminal & Coding,Terminal Tasks,lambda/hermes-agent-reasoning-traces:glm-5.1:train:1322,ok,
hermes:glm-5.1:bc3b831b-7edb-44a8-ac7c-9e1c566ea2ab,bc3b831b-7edb-44a8-ac7c-9e1c566ea2ab,glm-5.1,True,14,False,,False,False,Terminal & Coding,Terminal Tasks,lambda/hermes-agent-reasoning-traces:glm-5.1:train:935,ok,
hermes:glm-5.1:bc41f311-c9dd-4604-b220-d509bafb8a39,bc41f311-c9dd-4604-b220-d509bafb8a39,glm-5.1,True,14,False,,False,False,Terminal & Coding,Terminal Tasks,lambda/hermes-agent-reasoning-traces:glm-5.1:train:1276,ok,
hermes:glm-5.1:bc5e5965-a6b0-48e8-95b8-3f0c79915820,bc5e5965-a6b0-48e8-95b8-3f0c79915820,glm-5.1,True,12,False,,False,False,Terminal & Coding,Terminal Tasks,lambda/hermes-agent-reasoning-traces:glm-5.1:train:1496,ok,
hermes:glm-5.1:bc6cf54f-eaf2-46ad-b50f-08db65eafa0b,bc6cf54f-eaf2-46ad-b50f-08db65eafa0b,glm-5.1,True,14,False,,False,False,Agent Tools,Background Processes,lambda/hermes-agent-reasoning-traces:glm-5.1:train:1168,ok,
hermes:glm-5.1:bc6ed59f-6e20-4a06-8c74-05620e390d8a,bc6ed59f-6e20-4a06-8c74-05620e390d8a,glm-5.1,True,16,False,,False,False,Terminal & Coding,Terminal Tasks,lambda/hermes-agent-reasoning-traces:glm-5.1:train:1822,ok,
hermes:glm-5.1:bc7475f0-10ee-4012-8c85-9a262d5c75cb,bc7475f0-10ee-4012-8c85-9a262d5c75cb,glm-5.1,True,25,False,,False,False,Terminal & Coding,Terminal Tasks,lambda/hermes-agent-reasoning-traces:glm-5.1:train:1230,ok,
hermes:glm-5.1:bc77e94b-8dd0-4a8f-bc28-4724537e631f,bc77e94b-8dd0-4a8f-bc28-4724537e631f,glm-5.1,True,25,False,,False,False,Browser Automation,Browser Tasks,lambda/hermes-agent-reasoning-traces:glm-5.1:train:2693,ok,
hermes:glm-5.1:bcad627c-3609-4922-9fd2-abad9ff8b137,bcad627c-3609-4922-9fd2-abad9ff8b137,glm-5.1,True,18,False,,False,False,Scheduling,Cron Jobs,lambda/hermes-agent-reasoning-traces:glm-5.1:train:88,ok,
hermes:glm-5.1:bcb5e958-ef72-4211-8d87-d33accf2ecc9,bcb5e958-ef72-4211-8d87-d33accf2ecc9,glm-5.1,True,12,False,,False,False,Terminal & Coding,Terminal Tasks,lambda/hermes-agent-reasoning-traces:glm-5.1:train:1828,ok,
hermes:glm-5.1:bcd39265-2b3b-4b50-b084-4f75d607ba8c,bcd39265-2b3b-4b50-b084-4f75d607ba8c,glm-5.1,True,11,False,,False,False,Planning & Organization,Planning Tasks,lambda/hermes-agent-reasoning-traces:glm-5.1:train:1155,ok,
hermes:glm-5.1:bcd8a876-fcfd-456a-bead-6318d45e4481,bcd8a876-fcfd-456a-bead-6318d45e4481,glm-5.1,True,14,False,,False,False,Planning & Organization,Planning Tasks,lambda/hermes-agent-reasoning-traces:glm-5.1:train:2360,ok,
hermes:glm-5.1:bcd96b8a-5fea-4211-9f31-825663b737c7,bcd96b8a-5fea-4211-9f31-825663b737c7,glm-5.1,True,10,False,,False,False,Terminal & Coding,Terminal Tasks,lambda/hermes-agent-reasoning-traces:glm-5.1:train:211,ok,
hermes:glm-5.1:bcec9d2b-8a94-4496-bf97-b432b40a24a9,bcec9d2b-8a94-4496-bf97-b432b40a24a9,glm-5.1,True,11,False,,False,False,Terminal & Coding,Terminal Tasks,lambda/hermes-agent-reasoning-traces:glm-5.1:train:1821,ok,
hermes:glm-5.1:bd212b14-a6de-43ea-ac6e-87a4566fc966,bd212b14-a6de-43ea-ac6e-87a4566fc966,glm-5.1,True,12,False,,False,False,Terminal & Coding,Terminal Tasks,lambda/hermes-agent-reasoning-traces:glm-5.1:train:668,ok,
hermes:glm-5.1:bd58f2d5-a118-4f5e-a877-d1c07b109041,bd58f2d5-a118-4f5e-a877-d1c07b109041,glm-5.1,True,21,False,,False,False,Terminal & Coding,Terminal Tasks,lambda/hermes-agent-reasoning-traces:glm-5.1:train:1909,ok,
hermes:glm-5.1:bd5a0962-69a0-420e-8e78-ee50c385ee53,bd5a0962-69a0-420e-8e78-ee50c385ee53,glm-5.1,True,17,False,,False,False,Terminal & Coding,Terminal Tasks,lambda/hermes-agent-reasoning-traces:glm-5.1:train:610,ok,
hermes:glm-5.1:bd6803b4-4b7c-43a3-bd8f-0a8982b7a16e,bd6803b4-4b7c-43a3-bd8f-0a8982b7a16e,glm-5.1,True,14,False,,False,False,Planning & Organization,Planning Tasks,lambda/hermes-agent-reasoning-traces:glm-5.1:train:415,ok,
hermes:glm-5.1:bd907ffb-ac0c-4554-b841-2b09b8e4a7b4,bd907ffb-ac0c-4554-b841-2b09b8e4a7b4,glm-5.1,True,17,False,,False,False,Browser Automation,Browser Tasks,lambda/hermes-agent-reasoning-traces:glm-5.1:train:2559,ok,
hermes:glm-5.1:bd910e83-6e49-426f-8e2b-e889bf2aacaa,bd910e83-6e49-426f-8e2b-e889bf2aacaa,glm-5.1,True,14,False,,False,False,Terminal & Coding,Terminal Tasks,lambda/hermes-agent-reasoning-traces:glm-5.1:train:2018,ok,
hermes:glm-5.1:bda64a42-33a7-46c2-be19-192fca78b62f,bda64a42-33a7-46c2-be19-192fca78b62f,glm-5.1,True,18,False,,False,False,Terminal & Coding,Terminal Tasks,lambda/hermes-agent-reasoning-traces:glm-5.1:train:1143,ok,
hermes:glm-5.1:bdd02554-237e-4c65-af99-803a2d4193d1,bdd02554-237e-4c65-af99-803a2d4193d1,glm-5.1,True,23,False,,False,False,Browser Automation,Browser Tasks,lambda/hermes-agent-reasoning-traces:glm-5.1:train:2750,ok,
hermes:glm-5.1:bdd56c23-5ca2-4808-9066-7820b46481be,bdd56c23-5ca2-4808-9066-7820b46481be,glm-5.1,True,11,False,,False,False,Terminal & Coding,Terminal Tasks,lambda/hermes-agent-reasoning-traces:glm-5.1:train:1275,ok,
hermes:glm-5.1:bdde1b5e-47e9-43aa-82b5-06c9c4117cbd,bdde1b5e-47e9-43aa-82b5-06c9c4117cbd,glm-5.1,True,25,False,,False,False,Terminal & Coding,Terminal Tasks,lambda/hermes-agent-reasoning-traces:glm-5.1:train:2084,ok,
hermes:glm-5.1:bde62333-bc5c-4623-90dd-79fca83716fb,bde62333-bc5c-4623-90dd-79fca83716fb,glm-5.1,True,12,False,,False,False,Multi-Tool,Multi-Tool Tasks,lambda/hermes-agent-reasoning-traces:glm-5.1:train:13,ok,
hermes:glm-5.1:bdf7a84f-1219-4eb3-a0ac-6755a011eb7d,bdf7a84f-1219-4eb3-a0ac-6755a011eb7d,glm-5.1,True,31,False,,False,False,Terminal & Coding,Terminal Tasks,lambda/hermes-agent-reasoning-traces:glm-5.1:train:1489,ok,
hermes:glm-5.1:bdf894bd-3bdf-4d4c-9e06-69c0720f2e14,bdf894bd-3bdf-4d4c-9e06-69c0720f2e14,glm-5.1,True,10,False,,False,False,Terminal & Coding,Terminal Tasks,lambda/hermes-agent-reasoning-traces:glm-5.1:train:2202,ok,
hermes:glm-5.1:be654448-5080-4435-aa15-983096c204fd,be654448-5080-4435-aa15-983096c204fd,glm-5.1,True,25,False,,False,False,Terminal & Coding,Terminal Tasks,lambda/hermes-agent-reasoning-traces:glm-5.1:train:2293,ok,
hermes:glm-5.1:be7a47c1-be5d-4aec-808b-3e515defaf9c,be7a47c1-be5d-4aec-808b-3e515defaf9c,glm-5.1,True,23,False,,False,False,Terminal & Coding,Terminal Tasks,lambda/hermes-agent-reasoning-traces:glm-5.1:train:588,ok,
hermes:glm-5.1:be8db008-cb6a-4a4e-a8b5-7d35451d9016,be8db008-cb6a-4a4e-a8b5-7d35451d9016,glm-5.1,True,14,False,,False,False,Terminal & Coding,Terminal Tasks,lambda/hermes-agent-reasoning-traces:glm-5.1:train:295,ok,
hermes:glm-5.1:be8fb733-9ff9-4c69-b0e4-6e1eff476963,be8fb733-9ff9-4c69-b0e4-6e1eff476963,glm-5.1,True,29,False,,False,False,Agent Tools,Background Processes,lambda/hermes-agent-reasoning-traces:glm-5.1:train:2257,ok,
hermes:glm-5.1:beaf537a-36cf-4462-b5de-4945aa4857ae,beaf537a-36cf-4462-b5de-4945aa4857ae,glm-5.1,True,27,False,,False,False,Browser Automation,Browser Tasks,lambda/hermes-agent-reasoning-traces:glm-5.1:train:2652,ok,
hermes:glm-5.1:beed3017-0741-447e-8021-00251478ecbd,beed3017-0741-447e-8021-00251478ecbd,glm-5.1,True,14,False,,False,False,Terminal & Coding,Terminal Tasks,lambda/hermes-agent-reasoning-traces:glm-5.1:train:1744,ok,
hermes:glm-5.1:bef5217d-1ec0-4194-8dca-5ff35a649788,bef5217d-1ec0-4194-8dca-5ff35a649788,glm-5.1,True,20,False,,False,False,Terminal & Coding,Terminal Tasks,lambda/hermes-agent-reasoning-traces:glm-5.1:train:2111,ok,
hermes:glm-5.1:bf28471a-f28c-48d6-a55b-bf13bb8c2454,bf28471a-f28c-48d6-a55b-bf13bb8c2454,glm-5.1,True,25,False,,False,False,Terminal & Coding,Terminal Tasks,lambda/hermes-agent-reasoning-traces:glm-5.1:train:1044,ok,
hermes:glm-5.1:bf292835-6055-4c58-9056-c1d17d7c40ed,bf292835-6055-4c58-9056-c1d17d7c40ed,glm-5.1,True,9,False,,False,False,Terminal & Coding,Terminal Tasks,lambda/hermes-agent-reasoning-traces:glm-5.1:train:2174,ok,
hermes:glm-5.1:bf3512a9-2aca-471b-ab67-30603156ee6f,bf3512a9-2aca-471b-ab67-30603156ee6f,glm-5.1,True,23,False,,False,False,Browser Automation,Browser Tasks,lambda/hermes-agent-reasoning-traces:glm-5.1:train:2944,ok,
hermes:glm-5.1:bf47f8ba-a84b-43d0-957f-7746d88c750e,bf47f8ba-a84b-43d0-957f-7746d88c750e,glm-5.1,True,13,False,,False,False,Terminal & Coding,Terminal Tasks,lambda/hermes-agent-reasoning-traces:glm-5.1:train:1248,ok,
hermes:glm-5.1:bf587cb5-18cb-4ec7-a783-331b620acc89,bf587cb5-18cb-4ec7-a783-331b620acc89,glm-5.1,True,12,False,,False,False,Terminal & Coding,Terminal Tasks,lambda/hermes-agent-reasoning-traces:glm-5.1:train:298,ok,
hermes:glm-5.1:bf5d8d1f-88e1-4f21-beac-7c21b7e7cd95,bf5d8d1f-88e1-4f21-beac-7c21b7e7cd95,glm-5.1,True,27,False,,False,False,Terminal & Coding,Terminal Tasks,lambda/hermes-agent-reasoning-traces:glm-5.1:train:573,ok,
hermes:glm-5.1:bf6cd7a8-a2ba-452a-a036-7b41c0841e9a,bf6cd7a8-a2ba-452a-a036-7b41c0841e9a,glm-5.1,True,20,False,,False,False,Browser Automation,Browser Tasks,lambda/hermes-agent-reasoning-traces:glm-5.1:train:2680,ok,
hermes:glm-5.1:bf6eb62b-9639-47ac-9fb9-e558f9187ce7,bf6eb62b-9639-47ac-9fb9-e558f9187ce7,glm-5.1,True,33,False,,False,False,Browser Automation,Browser Tasks,lambda/hermes-agent-reasoning-traces:glm-5.1:train:2740,ok,
hermes:glm-5.1:bf707ef7-ceb5-4141-97c9-3066bf616abc,bf707ef7-ceb5-4141-97c9-3066bf616abc,glm-5.1,True,21,False,,False,False,Terminal & Coding,Terminal Tasks,lambda/hermes-agent-reasoning-traces:glm-5.1:train:2466,ok,
hermes:glm-5.1:bf7fbef1-3789-470c-9386-94748b1def87,bf7fbef1-3789-470c-9386-94748b1def87,glm-5.1,True,23,False,,False,False,Browser Automation,Browser Tasks,lambda/hermes-agent-reasoning-traces:glm-5.1:train:2643,ok,
hermes:glm-5.1:bf8ef97d-a5cf-4479-b3d4-c58b0a38d605,bf8ef97d-a5cf-4479-b3d4-c58b0a38d605,glm-5.1,True,31,False,,False,False,Terminal & Coding,Terminal Tasks,lambda/hermes-agent-reasoning-traces:glm-5.1:train:1307,ok,
hermes:glm-5.1:bfa1b597-d509-48ec-9875-bd225e7fd852,bfa1b597-d509-48ec-9875-bd225e7fd852,glm-5.1,True,12,False,,False,False,Terminal & Coding,Terminal Tasks,lambda/hermes-agent-reasoning-traces:glm-5.1:train:371,ok,
hermes:glm-5.1:bfacdd34-d0e7-459b-bb1d-2bdc2f07260f,bfacdd34-d0e7-459b-bb1d-2bdc2f07260f,glm-5.1,True,14,False,,False,False,Terminal & Coding,Terminal Tasks,lambda/hermes-agent-reasoning-traces:glm-5.1:train:1355,ok,
hermes:glm-5.1:bfb539f6-cc72-4fc4-96dd-3ae6ee0b8371,bfb539f6-cc72-4fc4-96dd-3ae6ee0b8371,glm-5.1,True,12,False,,False,False,Terminal & Coding,Terminal Tasks,lambda/hermes-agent-reasoning-traces:glm-5.1:train:900,ok,
hermes:glm-5.1:bfb7c788-5e8d-4252-bc7a-451883d62f0f,bfb7c788-5e8d-4252-bc7a-451883d62f0f,glm-5.1,True,10,False,,False,False,Terminal & Coding,Terminal Tasks,lambda/hermes-agent-reasoning-traces:glm-5.1:train:2145,ok,
hermes:glm-5.1:bfc3f1db-10ae-4a17-89c9-aff7475991c7,bfc3f1db-10ae-4a17-89c9-aff7475991c7,glm-5.1,True,10,False,,False,False,Planning & Organization,Planning Tasks,lambda/hermes-agent-reasoning-traces:glm-5.1:train:2232,ok,
hermes:glm-5.1:bff03720-5f1a-4a9c-bd50-fb20f26446da,bff03720-5f1a-4a9c-bd50-fb20f26446da,glm-5.1,True,22,False,,False,False,Browser Automation,Browser Tasks,lambda/hermes-agent-reasoning-traces:glm-5.1:train:2714,ok,
hermes:glm-5.1:bff0fd23-e8e0-455c-89e1-de6122a8cda0,bff0fd23-e8e0-455c-89e1-de6122a8cda0,glm-5.1,True,15,False,,False,False,Terminal & Coding,Terminal Tasks,lambda/hermes-agent-reasoning-traces:glm-5.1:train:844,ok,
hermes:glm-5.1:bff67ebe-412d-4157-9f2a-7675dc544ad0,bff67ebe-412d-4157-9f2a-7675dc544ad0,glm-5.1,True,14,False,,False,False,Agent Tools,Background Processes,lambda/hermes-agent-reasoning-traces:glm-5.1:train:2367,ok,
hermes:glm-5.1:c0154090-fadd-4dc1-adf3-50daceddf12b,c0154090-fadd-4dc1-adf3-50daceddf12b,glm-5.1,True,18,False,,False,False,Browser Automation,Browser Tasks,lambda/hermes-agent-reasoning-traces:glm-5.1:train:2948,ok,
hermes:glm-5.1:c015e5a1-8e9f-43a1-b57d-44c95e899366,c015e5a1-8e9f-43a1-b57d-44c95e899366,glm-5.1,True,16,False,,False,False,Terminal & Coding,Terminal Tasks,lambda/hermes-agent-reasoning-traces:glm-5.1:train:1365,ok,
hermes:glm-5.1:c01b9adb-48a1-4729-9797-3bc2b75806cf,c01b9adb-48a1-4729-9797-3bc2b75806cf,glm-5.1,True,27,False,,False,False,Terminal & Coding,Terminal Tasks,lambda/hermes-agent-reasoning-traces:glm-5.1:train:621,ok,
hermes:glm-5.1:c01e2b60-d275-4d65-a6c7-6632857f9caf,c01e2b60-d275-4d65-a6c7-6632857f9caf,glm-5.1,True,9,False,,False,False,Terminal & Coding,Terminal Tasks,lambda/hermes-agent-reasoning-traces:glm-5.1:train:1686,ok,
hermes:glm-5.1:c02ed640-8fb8-4860-934c-e05982b5bdb0,c02ed640-8fb8-4860-934c-e05982b5bdb0,glm-5.1,True,12,False,,False,False,Terminal & Coding,Terminal Tasks,lambda/hermes-agent-reasoning-traces:glm-5.1:train:2133,ok,
hermes:glm-5.1:c0380f63-5ae4-4353-a231-cc854a0ba61a,c0380f63-5ae4-4353-a231-cc854a0ba61a,glm-5.1,True,12,False,,False,False,Terminal & Coding,Terminal Tasks,lambda/hermes-agent-reasoning-traces:glm-5.1:train:812,ok,
hermes:glm-5.1:c03b9ede-89e6-48ee-aaa1-f89889ba25aa,c03b9ede-89e6-48ee-aaa1-f89889ba25aa,glm-5.1,True,12,False,,False,False,Terminal & Coding,Terminal Tasks,lambda/hermes-agent-reasoning-traces:glm-5.1:train:1280,ok,
hermes:glm-5.1:c05db2c3-f20a-4dc4-b5d9-4ced42b2fa41,c05db2c3-f20a-4dc4-b5d9-4ced42b2fa41,glm-5.1,True,27,False,,False,False,Terminal & Coding,Terminal Tasks,lambda/hermes-agent-reasoning-traces:glm-5.1:train:929,ok,
hermes:glm-5.1:c05faeb4-2916-48c0-996c-1a31121f9fea,c05faeb4-2916-48c0-996c-1a31121f9fea,glm-5.1,True,23,False,,False,False,Terminal & Coding,Terminal Tasks,lambda/hermes-agent-reasoning-traces:glm-5.1:train:1259,ok,
hermes:glm-5.1:c06e9f0b-2e95-4b76-a41a-7aa1ebd7c8e6,c06e9f0b-2e95-4b76-a41a-7aa1ebd7c8e6,glm-5.1,True,29,False,,False,False,Agent Tools,Background Processes,lambda/hermes-agent-reasoning-traces:glm-5.1:train:1237,ok,
hermes:glm-5.1:c0768dce-1174-4ea9-a507-b2776cb29c49,c0768dce-1174-4ea9-a507-b2776cb29c49,glm-5.1,True,9,False,,False,False,Terminal & Coding,Terminal Tasks,lambda/hermes-agent-reasoning-traces:glm-5.1:train:362,ok,
hermes:glm-5.1:c07e02cd-59b6-48d7-a9bc-db6ff94235cd,c07e02cd-59b6-48d7-a9bc-db6ff94235cd,glm-5.1,True,14,False,,False,False,Terminal & Coding,Terminal Tasks,lambda/hermes-agent-reasoning-traces:glm-5.1:train:1883,ok,
hermes:glm-5.1:c08d1dd8-8a2e-4946-b701-41c4d3df8599,c08d1dd8-8a2e-4946-b701-41c4d3df8599,glm-5.1,True,27,False,,False,False,Browser Automation,Browser Tasks,lambda/hermes-agent-reasoning-traces:glm-5.1:train:2567,ok,
hermes:glm-5.1:c097f34f-6db1-411f-9918-406230c269ef,c097f34f-6db1-411f-9918-406230c269ef,glm-5.1,True,18,False,,False,False,Terminal & Coding,Terminal Tasks,lambda/hermes-agent-reasoning-traces:glm-5.1:train:344,ok,
hermes:glm-5.1:c0c35aec-02d4-44f8-9a1c-075ba3eba9bc,c0c35aec-02d4-44f8-9a1c-075ba3eba9bc,glm-5.1,True,25,False,,False,False,Terminal & Coding,Terminal Tasks,lambda/hermes-agent-reasoning-traces:glm-5.1:train:748,ok,
hermes:glm-5.1:c0f05e7d-3112-4ed9-94e5-2761a49f3ca8,c0f05e7d-3112-4ed9-94e5-2761a49f3ca8,glm-5.1,True,27,False,,False,False,Terminal & Coding,Terminal Tasks,lambda/hermes-agent-reasoning-traces:glm-5.1:train:861,ok,
hermes:glm-5.1:c0f525b0-c073-4395-979f-e1e57d81c4fe,c0f525b0-c073-4395-979f-e1e57d81c4fe,glm-5.1,True,25,False,,False,False,Terminal & Coding,Terminal Tasks,lambda/hermes-agent-reasoning-traces:glm-5.1:train:1429,ok,
hermes:glm-5.1:c0f67015-8dce-4604-ad88-f3be2ecda649,c0f67015-8dce-4604-ad88-f3be2ecda649,glm-5.1,True,12,False,,False,False,Terminal & Coding,Terminal Tasks,lambda/hermes-agent-reasoning-traces:glm-5.1:train:1780,ok,
hermes:glm-5.1:c176b6e2-1065-4cb6-935f-26b482d202be,c176b6e2-1065-4cb6-935f-26b482d202be,glm-5.1,True,12,False,,False,False,Terminal & Coding,Terminal Tasks,lambda/hermes-agent-reasoning-traces:glm-5.1:train:2409,ok,
hermes:glm-5.1:c1787f62-b21e-4f6a-b3a8-d5ff637b51d7,c1787f62-b21e-4f6a-b3a8-d5ff637b51d7,glm-5.1,True,16,False,,False,False,Terminal & Coding,Terminal Tasks,lambda/hermes-agent-reasoning-traces:glm-5.1:train:863,ok,
hermes:glm-5.1:c1aaf56e-95c1-4d28-a0b5-a8c01ac26666,c1aaf56e-95c1-4d28-a0b5-a8c01ac26666,glm-5.1,True,25,False,,False,False,Browser Automation,Browser Tasks,lambda/hermes-agent-reasoning-traces:glm-5.1:train:2616,ok,
hermes:glm-5.1:c1b22bb2-cb27-4f0b-ae68-fb4ce8d00f35,c1b22bb2-cb27-4f0b-ae68-fb4ce8d00f35,glm-5.1,True,16,False,,False,False,Terminal & Coding,Terminal Tasks,lambda/hermes-agent-reasoning-traces:glm-5.1:train:1724,ok,
hermes:glm-5.1:c1ba0612-df79-4d57-83e7-663dd35c4769,c1ba0612-df79-4d57-83e7-663dd35c4769,glm-5.1,True,22,False,,False,False,Terminal & Coding,Terminal Tasks,lambda/hermes-agent-reasoning-traces:glm-5.1:train:270,ok,
hermes:glm-5.1:c1cd982d-c8bf-4583-9fd2-6ee09a48479b,c1cd982d-c8bf-4583-9fd2-6ee09a48479b,glm-5.1,True,15,False,,False,False,Terminal & Coding,Terminal Tasks,lambda/hermes-agent-reasoning-traces:glm-5.1:train:2493,ok,
hermes:glm-5.1:c1e69346-1b6e-4fc2-9ef6-3340cf1971ad,c1e69346-1b6e-4fc2-9ef6-3340cf1971ad,glm-5.1,True,14,False,,False,False,Terminal & Coding,Terminal Tasks,lambda/hermes-agent-reasoning-traces:glm-5.1:train:1694,ok,
hermes:glm-5.1:c1fe2909-02a2-4cae-9cd9-0a9933c5781f,c1fe2909-02a2-4cae-9cd9-0a9933c5781f,glm-5.1,True,9,False,,False,False,Planning & Organization,Planning Tasks,lambda/hermes-agent-reasoning-traces:glm-5.1:train:345,ok,
hermes:glm-5.1:c206f2d3-7273-4988-9878-ae30cfd031c5,c206f2d3-7273-4988-9878-ae30cfd031c5,glm-5.1,True,29,False,,False,False,Terminal & Coding,Terminal Tasks,lambda/hermes-agent-reasoning-traces:glm-5.1:train:1628,ok,
hermes:glm-5.1:c22caa6a-e87a-4ada-be8b-bc9b353ac6d1,c22caa6a-e87a-4ada-be8b-bc9b353ac6d1,glm-5.1,True,19,False,,False,False,Terminal & Coding,Terminal Tasks,lambda/hermes-agent-reasoning-traces:glm-5.1:train:95,ok,
hermes:glm-5.1:c23687eb-bc95-45ab-b220-20a057016c4c,c23687eb-bc95-45ab-b220-20a057016c4c,glm-5.1,True,27,False,,False,False,Terminal & Coding,Terminal Tasks,lambda/hermes-agent-reasoning-traces:glm-5.1:train:1453,ok,
hermes:glm-5.1:c26c000d-194e-4039-8c49-95f713e46f02,c26c000d-194e-4039-8c49-95f713e46f02,glm-5.1,True,29,False,,False,False,Terminal & Coding,Terminal Tasks,lambda/hermes-agent-reasoning-traces:glm-5.1:train:2159,ok,
hermes:glm-5.1:c28daacc-8803-4fb8-8507-814164dbe395,c28daacc-8803-4fb8-8507-814164dbe395,glm-5.1,True,31,False,,False,False,Terminal & Coding,Terminal Tasks,lambda/hermes-agent-reasoning-traces:glm-5.1:train:2450,ok,
hermes:glm-5.1:c28daf63-1851-49dd-8b38-e439cf301c3e,c28daf63-1851-49dd-8b38-e439cf301c3e,glm-5.1,True,14,False,,False,False,Terminal & Coding,Terminal Tasks,lambda/hermes-agent-reasoning-traces:glm-5.1:train:682,ok,
hermes:glm-5.1:c2a3f404-bc04-4eb6-9e8b-3c79fdb54fa4,c2a3f404-bc04-4eb6-9e8b-3c79fdb54fa4,glm-5.1,True,25,False,,False,False,Browser Automation,Browser Tasks,lambda/hermes-agent-reasoning-traces:glm-5.1:train:2518,ok,
hermes:glm-5.1:c2ca0eec-3d6c-40aa-b63b-8466c9987213,c2ca0eec-3d6c-40aa-b63b-8466c9987213,glm-5.1,True,14,False,,False,False,Terminal & Coding,Terminal Tasks,lambda/hermes-agent-reasoning-traces:glm-5.1:train:1170,ok,
hermes:glm-5.1:c2e671cb-6dca-4cc2-9ebf-2d31204d936b,c2e671cb-6dca-4cc2-9ebf-2d31204d936b,glm-5.1,True,14,False,,False,False,Terminal & Coding,Terminal Tasks,lambda/hermes-agent-reasoning-traces:glm-5.1:train:978,ok,
hermes:glm-5.1:c2fceba1-bc43-4dd9-8a6a-cedb3c45c482,c2fceba1-bc43-4dd9-8a6a-cedb3c45c482,glm-5.1,True,27,False,,False,False,Terminal & Coding,Terminal Tasks,lambda/hermes-agent-reasoning-traces:glm-5.1:train:1116,ok,
hermes:glm-5.1:c30e0769-5c9b-4677-ac49-46082b70ca7d,c30e0769-5c9b-4677-ac49-46082b70ca7d,glm-5.1,True,29,False,,False,False,Terminal & Coding,Terminal Tasks,lambda/hermes-agent-reasoning-traces:glm-5.1:train:326,ok,
hermes:glm-5.1:c31b0f0d-d1f2-4e80-9db4-1d7aeb67e851,c31b0f0d-d1f2-4e80-9db4-1d7aeb67e851,glm-5.1,True,31,False,,False,False,Browser Automation,Browser Tasks,lambda/hermes-agent-reasoning-traces:glm-5.1:train:2846,ok,
hermes:glm-5.1:c326a1a3-39ce-461e-b019-499650e79ed3,c326a1a3-39ce-461e-b019-499650e79ed3,glm-5.1,True,29,False,,False,False,Terminal & Coding,Terminal Tasks,lambda/hermes-agent-reasoning-traces:glm-5.1:train:963,ok,
hermes:glm-5.1:c3350567-c802-4469-b761-2a75957c40bc,c3350567-c802-4469-b761-2a75957c40bc,glm-5.1,True,27,False,,False,False,Terminal & Coding,Terminal Tasks,lambda/hermes-agent-reasoning-traces:glm-5.1:train:368,ok,
hermes:glm-5.1:c339f8bd-e40b-428e-9211-36bc82554a4a,c339f8bd-e40b-428e-9211-36bc82554a4a,glm-5.1,True,14,False,,False,False,Terminal & Coding,Terminal Tasks,lambda/hermes-agent-reasoning-traces:glm-5.1:train:675,ok,
hermes:glm-5.1:c33f4132-bc07-4a51-b34f-9645e29ddda0,c33f4132-bc07-4a51-b34f-9645e29ddda0,glm-5.1,True,15,False,,False,False,Terminal & Coding,Terminal Tasks,lambda/hermes-agent-reasoning-traces:glm-5.1:train:864,ok,
hermes:glm-5.1:c3829db8-7aba-4524-b5eb-f24d49b4df1a,c3829db8-7aba-4524-b5eb-f24d49b4df1a,glm-5.1,True,10,False,,False,False,Terminal & Coding,Terminal Tasks,lambda/hermes-agent-reasoning-traces:glm-5.1:train:769,ok,
hermes:glm-5.1:c382dbf0-5c90-4394-812f-3cf7c5f43d8b,c382dbf0-5c90-4394-812f-3cf7c5f43d8b,glm-5.1,True,14,False,,False,False,Terminal & Coding,Terminal Tasks,lambda/hermes-agent-reasoning-traces:glm-5.1:train:2475,ok,
hermes:glm-5.1:c38cb12d-8593-4c3c-905f-a3d7dea24c6f,c38cb12d-8593-4c3c-905f-a3d7dea24c6f,glm-5.1,True,17,False,,False,False,Terminal & Coding,Terminal Tasks,lambda/hermes-agent-reasoning-traces:glm-5.1:train:685,ok,
hermes:glm-5.1:c3b1d1ad-2273-497a-a47c-e076c25966df,c3b1d1ad-2273-497a-a47c-e076c25966df,glm-5.1,True,15,False,,False,False,Terminal & Coding,Terminal Tasks,lambda/hermes-agent-reasoning-traces:glm-5.1:train:493,ok,
hermes:glm-5.1:c3b44c1b-3e11-465b-951c-20764a576b3d,c3b44c1b-3e11-465b-951c-20764a576b3d,glm-5.1,True,12,False,,False,False,Terminal & Coding,Terminal Tasks,lambda/hermes-agent-reasoning-traces:glm-5.1:train:1844,ok,
hermes:glm-5.1:c3d08bd8-3800-4ee9-b1a2-c29eb1f07491,c3d08bd8-3800-4ee9-b1a2-c29eb1f07491,glm-5.1,True,29,False,,False,False,Terminal & Coding,Terminal Tasks,lambda/hermes-agent-reasoning-traces:glm-5.1:train:1169,ok,
hermes:glm-5.1:c3d19973-61c2-43d9-accf-f403241268f7,c3d19973-61c2-43d9-accf-f403241268f7,glm-5.1,True,31,False,,False,False,Browser Automation,Browser Tasks,lambda/hermes-agent-reasoning-traces:glm-5.1:train:2841,ok,
hermes:glm-5.1:c3e47737-1438-4a65-9ab5-a6fe1193b748,c3e47737-1438-4a65-9ab5-a6fe1193b748,glm-5.1,True,10,False,,False,False,Terminal & Coding,Terminal Tasks,lambda/hermes-agent-reasoning-traces:glm-5.1:train:2021,ok,
hermes:glm-5.1:c3e5ac08-a4d8-4b88-b580-8805888b7495,c3e5ac08-a4d8-4b88-b580-8805888b7495,glm-5.1,True,12,False,,False,False,Terminal & Coding,Terminal Tasks,lambda/hermes-agent-reasoning-traces:glm-5.1:train:1681,ok,
hermes:glm-5.1:c43f6b01-62e2-4a61-9ce7-836d3f60eaee,c43f6b01-62e2-4a61-9ce7-836d3f60eaee,glm-5.1,True,27,False,,False,False,Terminal & Coding,Terminal Tasks,lambda/hermes-agent-reasoning-traces:glm-5.1:train:2413,ok,
hermes:glm-5.1:c45de138-6131-44e5-ac3c-252ed0777489,c45de138-6131-44e5-ac3c-252ed0777489,glm-5.1,True,23,False,,False,False,Browser Automation,Browser Tasks,lambda/hermes-agent-reasoning-traces:glm-5.1:train:2585,ok,
hermes:glm-5.1:c487006c-875e-4133-b1ca-3291f26f4de3,c487006c-875e-4133-b1ca-3291f26f4de3,glm-5.1,True,18,False,,False,False,Terminal & Coding,Terminal Tasks,lambda/hermes-agent-reasoning-traces:glm-5.1:train:1147,ok,
hermes:glm-5.1:c4a00b19-d50d-4da4-ab67-a6a9de73904d,c4a00b19-d50d-4da4-ab67-a6a9de73904d,glm-5.1,True,10,False,,False,False,Planning & Organization,Planning Tasks,lambda/hermes-agent-reasoning-traces:glm-5.1:train:1301,ok,
hermes:glm-5.1:c4af0dac-72db-42eb-8088-aae13c5a0bd5,c4af0dac-72db-42eb-8088-aae13c5a0bd5,glm-5.1,True,22,False,,False,False,Browser Automation,Browser Tasks,lambda/hermes-agent-reasoning-traces:glm-5.1:train:2708,ok,
hermes:glm-5.1:c4b8fdb3-8c19-4234-b250-04182bc1818d,c4b8fdb3-8c19-4234-b250-04182bc1818d,glm-5.1,True,33,False,,False,False,Terminal & Coding,Terminal Tasks,lambda/hermes-agent-reasoning-traces:glm-5.1:train:871,ok,
hermes:glm-5.1:c4bbb855-6f99-4207-b37f-99c2583293b0,c4bbb855-6f99-4207-b37f-99c2583293b0,glm-5.1,True,25,False,,False,False,Terminal & Coding,Terminal Tasks,lambda/hermes-agent-reasoning-traces:glm-5.1:train:1631,ok,
hermes:glm-5.1:c4bcf507-59c5-45a9-9775-4c28715d664e,c4bcf507-59c5-45a9-9775-4c28715d664e,glm-5.1,True,31,False,,False,False,Browser Automation,Browser Tasks,lambda/hermes-agent-reasoning-traces:glm-5.1:train:2798,ok,
hermes:glm-5.1:c4c10cf2-0140-419c-a020-0f839d2acb51,c4c10cf2-0140-419c-a020-0f839d2acb51,glm-5.1,True,10,False,,False,False,Terminal & Coding,Terminal Tasks,lambda/hermes-agent-reasoning-traces:glm-5.1:train:1687,ok,
hermes:glm-5.1:c4c5dfdb-a74e-449c-8b2c-cee29b5cb5ed,c4c5dfdb-a74e-449c-8b2c-cee29b5cb5ed,glm-5.1,True,16,False,,False,False,File Operations,File Tasks,lambda/hermes-agent-reasoning-traces:glm-5.1:train:2042,ok,
hermes:glm-5.1:c4e44bb8-ac41-462a-bdb9-695a8e462d24,c4e44bb8-ac41-462a-bdb9-695a8e462d24,glm-5.1,True,12,False,,False,False,Planning & Organization,Planning Tasks,lambda/hermes-agent-reasoning-traces:glm-5.1:train:2070,ok,
hermes:glm-5.1:c4f78c35-94e5-48c0-b075-a9a44243123d,c4f78c35-94e5-48c0-b075-a9a44243123d,glm-5.1,True,31,False,,False,False,Terminal & Coding,Terminal Tasks,lambda/hermes-agent-reasoning-traces:glm-5.1:train:425,ok,
hermes:glm-5.1:c5073ffd-44e9-449a-98b9-4d1a21a568fa,c5073ffd-44e9-449a-98b9-4d1a21a568fa,glm-5.1,True,14,False,,False,False,Terminal & Coding,Terminal Tasks,lambda/hermes-agent-reasoning-traces:glm-5.1:train:228,ok,
hermes:glm-5.1:c508de79-80f7-452f-95e5-6a9663623e28,c508de79-80f7-452f-95e5-6a9663623e28,glm-5.1,True,14,False,,False,False,Terminal & Coding,Terminal Tasks,lambda/hermes-agent-reasoning-traces:glm-5.1:train:382,ok,
hermes:glm-5.1:c53d77e0-7f7b-42b8-ae5c-2de50746eac9,c53d77e0-7f7b-42b8-ae5c-2de50746eac9,glm-5.1,True,27,False,,False,False,Terminal & Coding,Terminal Tasks,lambda/hermes-agent-reasoning-traces:glm-5.1:train:1466,ok,
hermes:glm-5.1:c545ade1-5566-4969-8d9f-fd789c9fc308,c545ade1-5566-4969-8d9f-fd789c9fc308,glm-5.1,True,29,False,,False,False,Terminal & Coding,Terminal Tasks,lambda/hermes-agent-reasoning-traces:glm-5.1:train:1081,ok,
hermes:glm-5.1:c546fe82-bfd7-4fa9-b111-cc843cf4fd63,c546fe82-bfd7-4fa9-b111-cc843cf4fd63,glm-5.1,True,21,False,,False,False,Terminal & Coding,Terminal Tasks,lambda/hermes-agent-reasoning-traces:glm-5.1:train:343,ok,
hermes:glm-5.1:c54d5d18-2963-48c8-ae44-d1f145a6bcb9,c54d5d18-2963-48c8-ae44-d1f145a6bcb9,glm-5.1,True,14,False,,False,False,Terminal & Coding,Terminal Tasks,lambda/hermes-agent-reasoning-traces:glm-5.1:train:1204,ok,
hermes:glm-5.1:c552bcb3-fc26-4bb8-880e-b71e199e34e2,c552bcb3-fc26-4bb8-880e-b71e199e34e2,glm-5.1,True,14,False,,False,False,Terminal & Coding,Terminal Tasks,lambda/hermes-agent-reasoning-traces:glm-5.1:train:1003,ok,
hermes:glm-5.1:c5a1b93a-75c1-4228-8237-323f34c37ebc,c5a1b93a-75c1-4228-8237-323f34c37ebc,glm-5.1,True,16,False,,False,False,Terminal & Coding,Terminal Tasks,lambda/hermes-agent-reasoning-traces:glm-5.1:train:1913,ok,
hermes:glm-5.1:c5ad9712-a146-4859-9ef0-9c5b79399cd8,c5ad9712-a146-4859-9ef0-9c5b79399cd8,glm-5.1,True,25,False,,False,False,Terminal & Coding,Terminal Tasks,lambda/hermes-agent-reasoning-traces:glm-5.1:train:1529,ok,
hermes:glm-5.1:c5b4531b-e7f1-4d51-b37a-e62795b024f8,c5b4531b-e7f1-4d51-b37a-e62795b024f8,glm-5.1,True,16,False,,False,False,Terminal & Coding,Terminal Tasks,lambda/hermes-agent-reasoning-traces:glm-5.1:train:831,ok,
hermes:glm-5.1:c5c4e283-2033-466a-98b5-5fcbf8829f67,c5c4e283-2033-466a-98b5-5fcbf8829f67,glm-5.1,True,22,False,,False,False,File Operations,File Tasks,lambda/hermes-agent-reasoning-traces:glm-5.1:train:2331,ok,
hermes:glm-5.1:c5c5d188-bd42-423b-91e3-4af557d3f6ce,c5c5d188-bd42-423b-91e3-4af557d3f6ce,glm-5.1,True,27,False,,False,False,Terminal & Coding,Terminal Tasks,lambda/hermes-agent-reasoning-traces:glm-5.1:train:1165,ok,
hermes:glm-5.1:c5f2e58c-6faa-4683-aa23-6777d22ec46e,c5f2e58c-6faa-4683-aa23-6777d22ec46e,glm-5.1,True,25,False,,False,False,Browser Automation,Browser Tasks,lambda/hermes-agent-reasoning-traces:glm-5.1:train:2709,ok,
hermes:glm-5.1:c64f3000-f989-4ef1-9870-f1ef53422825,c64f3000-f989-4ef1-9870-f1ef53422825,glm-5.1,True,26,False,,False,False,Browser Automation,Browser Tasks,lambda/hermes-agent-reasoning-traces:glm-5.1:train:2679,ok,
hermes:glm-5.1:c655e30a-fc15-44df-9467-1f1b376c6b42,c655e30a-fc15-44df-9467-1f1b376c6b42,glm-5.1,True,10,False,,False,False,Terminal & Coding,Terminal Tasks,lambda/hermes-agent-reasoning-traces:glm-5.1:train:2495,ok,
hermes:glm-5.1:c65ee9d6-7730-4e7b-b02e-d5595dc6e2e4,c65ee9d6-7730-4e7b-b02e-d5595dc6e2e4,glm-5.1,True,27,False,,False,False,Terminal & Coding,Terminal Tasks,lambda/hermes-agent-reasoning-traces:glm-5.1:train:2086,ok,
hermes:glm-5.1:c684f868-267a-421f-9837-077eb659b3fe,c684f868-267a-421f-9837-077eb659b3fe,glm-5.1,True,12,False,,False,False,Terminal & Coding,Terminal Tasks,lambda/hermes-agent-reasoning-traces:glm-5.1:train:886,ok,
hermes:glm-5.1:c694dafa-61b2-40fa-a335-d0cc828bd1f3,c694dafa-61b2-40fa-a335-d0cc828bd1f3,glm-5.1,True,12,False,,False,False,Terminal & Coding,Terminal Tasks,lambda/hermes-agent-reasoning-traces:glm-5.1:train:312,ok,
hermes:glm-5.1:c6c63179-2ce7-417b-83f9-1ded104816f3,c6c63179-2ce7-417b-83f9-1ded104816f3,glm-5.1,True,16,False,,False,False,Terminal & Coding,Terminal Tasks,lambda/hermes-agent-reasoning-traces:glm-5.1:train:2004,ok,
hermes:glm-5.1:c6eae765-8915-43ae-a886-5c95d70f39d2,c6eae765-8915-43ae-a886-5c95d70f39d2,glm-5.1,True,14,False,,False,False,Terminal & Coding,Terminal Tasks,lambda/hermes-agent-reasoning-traces:glm-5.1:train:1621,ok,
hermes:glm-5.1:c6f16b48-2ca6-4fb9-bf75-d741b6d25900,c6f16b48-2ca6-4fb9-bf75-d741b6d25900,glm-5.1,True,12,False,,False,False,Browser Automation,Browser Tasks,lambda/hermes-agent-reasoning-traces:glm-5.1:train:2752,ok,
hermes:glm-5.1:c6f246a4-2aad-45fa-bb4f-29771b0f913a,c6f246a4-2aad-45fa-bb4f-29771b0f913a,glm-5.1,True,23,False,,False,False,Terminal & Coding,Terminal Tasks,lambda/hermes-agent-reasoning-traces:glm-5.1:train:174,ok,
hermes:glm-5.1:c7059d6e-c89c-4138-bb00-492af424fe35,c7059d6e-c89c-4138-bb00-492af424fe35,glm-5.1,True,12,False,,False,False,Terminal & Coding,Terminal Tasks,lambda/hermes-agent-reasoning-traces:glm-5.1:train:1952,ok,
hermes:glm-5.1:c70d1841-d854-4da8-9a2a-8770cd0a3e35,c70d1841-d854-4da8-9a2a-8770cd0a3e35,glm-5.1,True,21,False,,False,False,Terminal & Coding,Terminal Tasks,lambda/hermes-agent-reasoning-traces:glm-5.1:train:361,ok,
hermes:glm-5.1:c71873ca-7f00-4173-9135-432679554877,c71873ca-7f00-4173-9135-432679554877,glm-5.1,True,20,False,,False,False,Terminal & Coding,Terminal Tasks,lambda/hermes-agent-reasoning-traces:glm-5.1:train:1907,ok,
hermes:glm-5.1:c71b61e9-1eb2-47fa-8104-85299cf5b4b2,c71b61e9-1eb2-47fa-8104-85299cf5b4b2,glm-5.1,True,18,False,,False,False,Terminal & Coding,Terminal Tasks,lambda/hermes-agent-reasoning-traces:glm-5.1:train:164,ok,
hermes:glm-5.1:c7607b5f-b10d-4ea6-a3c1-6868a3ffa1e4,c7607b5f-b10d-4ea6-a3c1-6868a3ffa1e4,glm-5.1,True,12,False,,False,False,Multi-Tool,Multi-Tool Tasks,lambda/hermes-agent-reasoning-traces:glm-5.1:train:842,ok,
hermes:glm-5.1:c783ee49-fb2a-4027-9622-78a02246c624,c783ee49-fb2a-4027-9622-78a02246c624,glm-5.1,True,11,False,,False,False,Terminal & Coding,Terminal Tasks,lambda/hermes-agent-reasoning-traces:glm-5.1:train:800,ok,
hermes:glm-5.1:c79fa184-d5ee-4b38-9d2e-1833820926ff,c79fa184-d5ee-4b38-9d2e-1833820926ff,glm-5.1,True,27,False,,False,False,Terminal & Coding,Terminal Tasks,lambda/hermes-agent-reasoning-traces:glm-5.1:train:2017,ok,
hermes:glm-5.1:c7c93962-1bf0-46c3-8c41-792bb04094e7,c7c93962-1bf0-46c3-8c41-792bb04094e7,glm-5.1,True,16,False,,False,False,Terminal & Coding,Terminal Tasks,lambda/hermes-agent-reasoning-traces:glm-5.1:train:1708,ok,
hermes:glm-5.1:c7de858b-1e76-4719-9772-7f9d0e1c724d,c7de858b-1e76-4719-9772-7f9d0e1c724d,glm-5.1,True,23,False,,False,False,Terminal & Coding,Terminal Tasks,lambda/hermes-agent-reasoning-traces:glm-5.1:train:2456,ok,
hermes:glm-5.1:c7e253ce-a560-4b43-8fc1-7150d522ee9a,c7e253ce-a560-4b43-8fc1-7150d522ee9a,glm-5.1,True,11,False,,False,False,Planning & Organization,Planning Tasks,lambda/hermes-agent-reasoning-traces:glm-5.1:train:2498,ok,
hermes:glm-5.1:c7efc91f-9974-49ed-8cdf-350f71f30198,c7efc91f-9974-49ed-8cdf-350f71f30198,glm-5.1,True,18,False,,False,False,Terminal & Coding,Terminal Tasks,lambda/hermes-agent-reasoning-traces:glm-5.1:train:304,ok,
hermes:glm-5.1:c7feaa42-e3f4-4df4-bf6c-98c35379ccb1,c7feaa42-e3f4-4df4-bf6c-98c35379ccb1,glm-5.1,True,25,False,,False,False,Terminal & Coding,Terminal Tasks,lambda/hermes-agent-reasoning-traces:glm-5.1:train:2416,ok,
hermes:glm-5.1:c8231dbb-260a-4d21-ac35-5f4520df8ab3,c8231dbb-260a-4d21-ac35-5f4520df8ab3,glm-5.1,True,25,False,,False,False,Terminal & Coding,Terminal Tasks,lambda/hermes-agent-reasoning-traces:glm-5.1:train:562,ok,
hermes:glm-5.1:c83155da-3651-4128-93e5-46536727c57c,c83155da-3651-4128-93e5-46536727c57c,glm-5.1,True,12,False,,False,False,Terminal & Coding,Terminal Tasks,lambda/hermes-agent-reasoning-traces:glm-5.1:train:158,ok,
hermes:glm-5.1:c84709ba-2922-403e-843c-caa5ec5f44f4,c84709ba-2922-403e-843c-caa5ec5f44f4,glm-5.1,True,16,False,,False,False,Terminal & Coding,Terminal Tasks,lambda/hermes-agent-reasoning-traces:glm-5.1:train:2075,ok,
hermes:glm-5.1:c84fe096-f5d4-40d5-aa69-f24a3149a17a,c84fe096-f5d4-40d5-aa69-f24a3149a17a,glm-5.1,True,18,False,,False,False,Terminal & Coding,Terminal Tasks,lambda/hermes-agent-reasoning-traces:glm-5.1:train:1560,ok,
hermes:glm-5.1:c861e124-57be-4bc4-96bb-4e4266409058,c861e124-57be-4bc4-96bb-4e4266409058,glm-5.1,True,10,False,,False,False,Multi-Tool,Multi-Tool Tasks,lambda/hermes-agent-reasoning-traces:glm-5.1:train:2138,ok,
hermes:glm-5.1:c87d1dd9-2a99-4299-8529-02c104e76d1b,c87d1dd9-2a99-4299-8529-02c104e76d1b,glm-5.1,True,16,False,,False,False,Terminal & Coding,Terminal Tasks,lambda/hermes-agent-reasoning-traces:glm-5.1:train:703,ok,
hermes:glm-5.1:c899a386-e6a2-4b7c-abbc-e0ebfc8d0d58,c899a386-e6a2-4b7c-abbc-e0ebfc8d0d58,glm-5.1,True,27,False,,False,False,Terminal & Coding,Terminal Tasks,lambda/hermes-agent-reasoning-traces:glm-5.1:train:412,ok,
hermes:glm-5.1:c8cfc44b-90ad-4fba-9a25-060633d9d83a,c8cfc44b-90ad-4fba-9a25-060633d9d83a,glm-5.1,True,16,False,,False,False,Scheduling,Cron Jobs,lambda/hermes-agent-reasoning-traces:glm-5.1:train:1476,ok,
hermes:glm-5.1:c8d5a09b-146b-49c8-96ba-90e7bc656981,c8d5a09b-146b-49c8-96ba-90e7bc656981,glm-5.1,True,23,False,,False,False,Browser Automation,Browser Tasks,lambda/hermes-agent-reasoning-traces:glm-5.1:train:2886,ok,
hermes:glm-5.1:c8de2907-2e51-4733-b464-4a8740ddb715,c8de2907-2e51-4733-b464-4a8740ddb715,glm-5.1,True,9,False,,False,False,Terminal & Coding,Terminal Tasks,lambda/hermes-agent-reasoning-traces:glm-5.1:train:1142,ok,
hermes:glm-5.1:c907c245-5fd6-4dde-8acf-2550ff575ad9,c907c245-5fd6-4dde-8acf-2550ff575ad9,glm-5.1,True,23,False,,False,False,Browser Automation,Browser Tasks,lambda/hermes-agent-reasoning-traces:glm-5.1:train:2579,ok,
hermes:glm-5.1:c91135b3-31b2-437c-a3a5-76c0c4763a3a,c91135b3-31b2-437c-a3a5-76c0c4763a3a,glm-5.1,True,16,False,,False,False,Terminal & Coding,Terminal Tasks,lambda/hermes-agent-reasoning-traces:glm-5.1:train:1727,ok,
hermes:glm-5.1:c91aed73-ffc0-4e8e-aec4-7783ca6cb2a5,c91aed73-ffc0-4e8e-aec4-7783ca6cb2a5,glm-5.1,True,14,False,,False,False,Terminal & Coding,Terminal Tasks,lambda/hermes-agent-reasoning-traces:glm-5.1:train:91,ok,
hermes:glm-5.1:c91f5575-5bf5-4fa6-8480-ec06a251d7d4,c91f5575-5bf5-4fa6-8480-ec06a251d7d4,glm-5.1,True,25,False,,False,False,Browser Automation,Browser Tasks,lambda/hermes-agent-reasoning-traces:glm-5.1:train:2763,ok,
hermes:glm-5.1:c9244c7d-c7f6-4197-a4bc-337c12d93b69,c9244c7d-c7f6-4197-a4bc-337c12d93b69,glm-5.1,True,9,False,,False,False,Terminal & Coding,Terminal Tasks,lambda/hermes-agent-reasoning-traces:glm-5.1:train:859,ok,
hermes:glm-5.1:c93291f0-7698-495b-a35a-a81ae252ff51,c93291f0-7698-495b-a35a-a81ae252ff51,glm-5.1,True,10,False,,False,False,Terminal & Coding,Terminal Tasks,lambda/hermes-agent-reasoning-traces:glm-5.1:train:1667,ok,
hermes:glm-5.1:c961693f-357e-43b1-bacc-10ccbef5be05,c961693f-357e-43b1-bacc-10ccbef5be05,glm-5.1,True,14,False,,False,False,Terminal & Coding,Terminal Tasks,lambda/hermes-agent-reasoning-traces:glm-5.1:train:2310,ok,
hermes:glm-5.1:c987bcaf-97f2-4958-b286-1d6c661adcb9,c987bcaf-97f2-4958-b286-1d6c661adcb9,glm-5.1,True,25,False,,False,False,Browser Automation,Browser Tasks,lambda/hermes-agent-reasoning-traces:glm-5.1:train:2742,ok,
hermes:glm-5.1:c994df06-9ac8-4622-ab8a-52d575c514ea,c994df06-9ac8-4622-ab8a-52d575c514ea,glm-5.1,True,19,False,,False,False,Browser Automation,Browser Tasks,lambda/hermes-agent-reasoning-traces:glm-5.1:train:2913,ok,
hermes:glm-5.1:c9c38551-45e1-4d63-af09-fc41356469b4,c9c38551-45e1-4d63-af09-fc41356469b4,glm-5.1,True,14,False,,False,False,Terminal & Coding,Terminal Tasks,lambda/hermes-agent-reasoning-traces:glm-5.1:train:1339,ok,
hermes:glm-5.1:c9ff76ae-caf1-425f-91fc-42a2b94ae7a1,c9ff76ae-caf1-425f-91fc-42a2b94ae7a1,glm-5.1,True,16,False,,False,False,File Operations,File Tasks,lambda/hermes-agent-reasoning-traces:glm-5.1:train:12,ok,
hermes:glm-5.1:ca21bf19-38d5-41b8-aa6b-486d9df226e3,ca21bf19-38d5-41b8-aa6b-486d9df226e3,glm-5.1,True,27,False,,False,False,Browser Automation,Browser Tasks,lambda/hermes-agent-reasoning-traces:glm-5.1:train:2960,ok,
hermes:glm-5.1:ca6b63ba-2c5d-460d-b660-205ebb458b7c,ca6b63ba-2c5d-460d-b660-205ebb458b7c,glm-5.1,True,27,False,,False,False,Terminal & Coding,Terminal Tasks,lambda/hermes-agent-reasoning-traces:glm-5.1:train:168,ok,
hermes:glm-5.1:ca718b61-18a7-422b-9634-b50179189125,ca718b61-18a7-422b-9634-b50179189125,glm-5.1,True,9,False,,False,False,Scheduling,Cron Jobs,lambda/hermes-agent-reasoning-traces:glm-5.1:train:511,ok,
hermes:glm-5.1:cab53a76-df9d-4318-b08c-04dfacecf90e,cab53a76-df9d-4318-b08c-04dfacecf90e,glm-5.1,True,12,False,,False,False,Multi-Tool,Multi-Tool Tasks,lambda/hermes-agent-reasoning-traces:glm-5.1:train:876,ok,
hermes:glm-5.1:cb192d18-9b96-4636-bd3d-7f18fdbabc83,cb192d18-9b96-4636-bd3d-7f18fdbabc83,glm-5.1,True,14,False,,False,False,Planning & Organization,Planning Tasks,lambda/hermes-agent-reasoning-traces:glm-5.1:train:765,ok,
hermes:glm-5.1:cb47fff6-e930-4f7c-a652-af3dd30c540c,cb47fff6-e930-4f7c-a652-af3dd30c540c,glm-5.1,True,18,False,,False,False,Terminal & Coding,Terminal Tasks,lambda/hermes-agent-reasoning-traces:glm-5.1:train:2134,ok,
hermes:glm-5.1:cb5a40d9-2f0c-4373-b7e6-21b96412c118,cb5a40d9-2f0c-4373-b7e6-21b96412c118,glm-5.1,True,14,False,,False,False,Terminal & Coding,Terminal Tasks,lambda/hermes-agent-reasoning-traces:glm-5.1:train:2296,ok,
hermes:glm-5.1:cb7026ab-9639-402d-914c-a1a147b19c5a,cb7026ab-9639-402d-914c-a1a147b19c5a,glm-5.1,True,16,False,,False,False,Terminal & Coding,Terminal Tasks,lambda/hermes-agent-reasoning-traces:glm-5.1:train:943,ok,
hermes:glm-5.1:cb7ace2b-27c7-42b3-a204-4ffc885d09cf,cb7ace2b-27c7-42b3-a204-4ffc885d09cf,glm-5.1,True,24,False,,False,False,Browser Automation,Browser Tasks,lambda/hermes-agent-reasoning-traces:glm-5.1:train:2929,ok,
hermes:glm-5.1:cb852daa-55b3-468e-b3c7-f76db4bbe156,cb852daa-55b3-468e-b3c7-f76db4bbe156,glm-5.1,True,12,False,,False,False,Planning & Organization,Planning Tasks,lambda/hermes-agent-reasoning-traces:glm-5.1:train:1728,ok,
hermes:glm-5.1:cbb012c5-5f83-48a9-8c49-0f03e2c8d821,cbb012c5-5f83-48a9-8c49-0f03e2c8d821,glm-5.1,True,33,False,,False,False,Terminal & Coding,Terminal Tasks,lambda/hermes-agent-reasoning-traces:glm-5.1:train:397,ok,
hermes:glm-5.1:cbc9b678-6a46-4c50-af50-bc569ec5488c,cbc9b678-6a46-4c50-af50-bc569ec5488c,glm-5.1,True,23,False,,False,False,Terminal & Coding,Terminal Tasks,lambda/hermes-agent-reasoning-traces:glm-5.1:train:854,ok,
hermes:glm-5.1:cc0ed143-d8e9-42a7-999a-329b44d30920,cc0ed143-d8e9-42a7-999a-329b44d30920,glm-5.1,True,14,False,,False,False,Scheduling,Cron Jobs,lambda/hermes-agent-reasoning-traces:glm-5.1:train:1814,ok,
hermes:glm-5.1:cc1e3b74-2c28-4c48-a582-6a3ea6b7923e,cc1e3b74-2c28-4c48-a582-6a3ea6b7923e,glm-5.1,True,23,False,,False,False,Browser Automation,Browser Tasks,lambda/hermes-agent-reasoning-traces:glm-5.1:train:2847,ok,
hermes:glm-5.1:cc2d2b10-fc37-4250-aa06-939194f35423,cc2d2b10-fc37-4250-aa06-939194f35423,glm-5.1,True,27,False,,False,False,Browser Automation,Browser Tasks,lambda/hermes-agent-reasoning-traces:glm-5.1:train:2545,ok,
hermes:glm-5.1:cc414484-929b-4303-bf9f-d7eb255c4667,cc414484-929b-4303-bf9f-d7eb255c4667,glm-5.1,True,29,False,,False,False,Terminal & Coding,Terminal Tasks,lambda/hermes-agent-reasoning-traces:glm-5.1:train:159,ok,
hermes:glm-5.1:cc629e35-a723-443c-ad95-463b32c68de3,cc629e35-a723-443c-ad95-463b32c68de3,glm-5.1,True,31,False,,False,False,Browser Automation,Browser Tasks,lambda/hermes-agent-reasoning-traces:glm-5.1:train:2998,ok,
hermes:glm-5.1:cc78dbb0-0228-4fdf-96f7-84a6d7bcd261,cc78dbb0-0228-4fdf-96f7-84a6d7bcd261,glm-5.1,True,25,False,,False,False,Browser Automation,Browser Tasks,lambda/hermes-agent-reasoning-traces:glm-5.1:train:2704,ok,
hermes:glm-5.1:cc8107d0-8431-4b4f-8e10-80f864550243,cc8107d0-8431-4b4f-8e10-80f864550243,glm-5.1,True,14,False,,False,False,Terminal & Coding,Terminal Tasks,lambda/hermes-agent-reasoning-traces:glm-5.1:train:1070,ok,
hermes:glm-5.1:cc850325-1b5d-4012-bc65-ccf8256cdaac,cc850325-1b5d-4012-bc65-ccf8256cdaac,glm-5.1,True,29,False,,False,False,Terminal & Coding,Terminal Tasks,lambda/hermes-agent-reasoning-traces:glm-5.1:train:847,ok,
hermes:glm-5.1:ccd830eb-b40e-4f71-841f-648623c6cfc0,ccd830eb-b40e-4f71-841f-648623c6cfc0,glm-5.1,True,12,False,,False,False,Terminal & Coding,Terminal Tasks,lambda/hermes-agent-reasoning-traces:glm-5.1:train:1428,ok,
hermes:glm-5.1:ccea5ac2-0215-4710-8d70-39b40c228b1e,ccea5ac2-0215-4710-8d70-39b40c228b1e,glm-5.1,True,24,False,,False,False,Terminal & Coding,Terminal Tasks,lambda/hermes-agent-reasoning-traces:glm-5.1:train:1331,ok,
hermes:glm-5.1:ccfb2064-7247-443d-aeaa-08ac9682ea6d,ccfb2064-7247-443d-aeaa-08ac9682ea6d,glm-5.1,True,25,False,,False,False,Terminal & Coding,Terminal Tasks,lambda/hermes-agent-reasoning-traces:glm-5.1:train:1750,ok,
hermes:glm-5.1:cd1699b0-7266-4301-801c-a7b3e080b468,cd1699b0-7266-4301-801c-a7b3e080b468,glm-5.1,True,12,False,,False,False,Terminal & Coding,Terminal Tasks,lambda/hermes-agent-reasoning-traces:glm-5.1:train:2504,ok,
hermes:glm-5.1:cd1fa365-b02f-41a9-ba89-25cba44f37a6,cd1fa365-b02f-41a9-ba89-25cba44f37a6,glm-5.1,True,27,False,,False,False,Terminal & Coding,Terminal Tasks,lambda/hermes-agent-reasoning-traces:glm-5.1:train:593,ok,
hermes:glm-5.1:cdeae0d9-f0c1-42f3-8522-590f4b4e22ad,cdeae0d9-f0c1-42f3-8522-590f4b4e22ad,glm-5.1,True,29,False,,False,False,Terminal & Coding,Terminal Tasks,lambda/hermes-agent-reasoning-traces:glm-5.1:train:2404,ok,
hermes:glm-5.1:ce171994-40c4-437f-a656-9a424bf831ef,ce171994-40c4-437f-a656-9a424bf831ef,glm-5.1,True,21,False,,False,False,Terminal & Coding,Terminal Tasks,lambda/hermes-agent-reasoning-traces:glm-5.1:train:233,ok,
hermes:glm-5.1:ce1da03e-8a20-4b4c-9305-c83b43b7948b,ce1da03e-8a20-4b4c-9305-c83b43b7948b,glm-5.1,True,31,False,,False,False,Browser Automation,Browser Tasks,lambda/hermes-agent-reasoning-traces:glm-5.1:train:2830,ok,
hermes:glm-5.1:ce2a8552-c078-4265-ae7d-ba4a4846a152,ce2a8552-c078-4265-ae7d-ba4a4846a152,glm-5.1,True,21,False,,False,False,Terminal & Coding,Terminal Tasks,lambda/hermes-agent-reasoning-traces:glm-5.1:train:899,ok,
hermes:glm-5.1:ce2e427a-3602-415e-9b8f-026301a367e9,ce2e427a-3602-415e-9b8f-026301a367e9,glm-5.1,True,25,False,,False,False,Browser Automation,Browser Tasks,lambda/hermes-agent-reasoning-traces:glm-5.1:train:2521,ok,
hermes:glm-5.1:ce8f7338-041c-4c19-b8ad-2511694df6b0,ce8f7338-041c-4c19-b8ad-2511694df6b0,glm-5.1,True,11,False,,False,False,Planning & Organization,Planning Tasks,lambda/hermes-agent-reasoning-traces:glm-5.1:train:1313,ok,
hermes:glm-5.1:ceac503c-50a8-4fde-8652-4dcb88cfb9da,ceac503c-50a8-4fde-8652-4dcb88cfb9da,glm-5.1,True,27,False,,False,False,Browser Automation,Browser Tasks,lambda/hermes-agent-reasoning-traces:glm-5.1:train:2654,ok,
hermes:glm-5.1:ceae309d-ce07-41f0-8824-0dbac6434cc4,ceae309d-ce07-41f0-8824-0dbac6434cc4,glm-5.1,True,18,False,,False,False,Terminal & Coding,Terminal Tasks,lambda/hermes-agent-reasoning-traces:glm-5.1:train:86,ok,
hermes:glm-5.1:ceae57a0-0679-4b08-b2ad-7af658fb4faa,ceae57a0-0679-4b08-b2ad-7af658fb4faa,glm-5.1,True,31,False,,False,False,Terminal & Coding,Terminal Tasks,lambda/hermes-agent-reasoning-traces:glm-5.1:train:177,ok,
hermes:glm-5.1:ceb25b66-4757-4fd8-b414-6d1e895fe09c,ceb25b66-4757-4fd8-b414-6d1e895fe09c,glm-5.1,True,23,False,,False,False,Browser Automation,Browser Tasks,lambda/hermes-agent-reasoning-traces:glm-5.1:train:2581,ok,
hermes:glm-5.1:cee370e6-0cbd-49eb-bfef-91ad78528904,cee370e6-0cbd-49eb-bfef-91ad78528904,glm-5.1,True,10,False,,False,False,Terminal & Coding,Terminal Tasks,lambda/hermes-agent-reasoning-traces:glm-5.1:train:2020,ok,
hermes:glm-5.1:ceea5fc4-8b66-410f-9f38-2017aaf84fbe,ceea5fc4-8b66-410f-9f38-2017aaf84fbe,glm-5.1,True,21,False,,False,False,Terminal & Coding,Terminal Tasks,lambda/hermes-agent-reasoning-traces:glm-5.1:train:1064,ok,
hermes:glm-5.1:cef02376-9af9-4905-95ee-c82ac73f3c75,cef02376-9af9-4905-95ee-c82ac73f3c75,glm-5.1,True,10,False,,False,False,Terminal & Coding,Terminal Tasks,lambda/hermes-agent-reasoning-traces:glm-5.1:train:856,ok,
hermes:glm-5.1:cef05bdb-0947-4612-b2ad-f8f671bd657e,cef05bdb-0947-4612-b2ad-f8f671bd657e,glm-5.1,True,17,False,,False,False,Terminal & Coding,Terminal Tasks,lambda/hermes-agent-reasoning-traces:glm-5.1:train:1721,ok,
hermes:glm-5.1:cef1410c-0bda-40e3-8e6c-b21a0516af99,cef1410c-0bda-40e3-8e6c-b21a0516af99,glm-5.1,True,12,False,,False,False,Multi-Tool,Multi-Tool Tasks,lambda/hermes-agent-reasoning-traces:glm-5.1:train:353,ok,
hermes:glm-5.1:cef2cc7a-fe7a-48c9-b209-e393a18cafaa,cef2cc7a-fe7a-48c9-b209-e393a18cafaa,glm-5.1,True,12,False,,False,False,Terminal & Coding,Terminal Tasks,lambda/hermes-agent-reasoning-traces:glm-5.1:train:1056,ok,
hermes:glm-5.1:cf0b800c-7949-4817-8c39-b8572cced722,cf0b800c-7949-4817-8c39-b8572cced722,glm-5.1,True,16,False,,False,False,Terminal & Coding,Terminal Tasks,lambda/hermes-agent-reasoning-traces:glm-5.1:train:629,ok,
hermes:glm-5.1:cf113f25-30d4-46e9-96a0-e9ed151b6e58,cf113f25-30d4-46e9-96a0-e9ed151b6e58,glm-5.1,True,13,False,,False,False,Terminal & Coding,Terminal Tasks,lambda/hermes-agent-reasoning-traces:glm-5.1:train:1161,ok,
hermes:glm-5.1:cf1fd64a-204c-43de-9bc2-8c7dbc0fb171,cf1fd64a-204c-43de-9bc2-8c7dbc0fb171,glm-5.1,True,12,False,,False,False,Terminal & Coding,Terminal Tasks,lambda/hermes-agent-reasoning-traces:glm-5.1:train:723,ok,
hermes:glm-5.1:cf2237df-38b2-4c90-9b32-5efa01fe143b,cf2237df-38b2-4c90-9b32-5efa01fe143b,glm-5.1,True,25,False,,False,False,Terminal & Coding,Terminal Tasks,lambda/hermes-agent-reasoning-traces:glm-5.1:train:936,ok,
hermes:glm-5.1:cf34a2dc-97c8-4c4a-8df4-b382c733ab44,cf34a2dc-97c8-4c4a-8df4-b382c733ab44,glm-5.1,True,13,False,,False,False,Terminal & Coding,Terminal Tasks,lambda/hermes-agent-reasoning-traces:glm-5.1:train:2412,ok,
hermes:glm-5.1:cf5473cc-62a4-4b71-b523-cf9d983258fd,cf5473cc-62a4-4b71-b523-cf9d983258fd,glm-5.1,True,12,False,,False,False,Planning & Organization,Planning Tasks,lambda/hermes-agent-reasoning-traces:glm-5.1:train:1180,ok,
hermes:glm-5.1:cf5939b6-358a-46ac-945c-9f1dafbee4fe,cf5939b6-358a-46ac-945c-9f1dafbee4fe,glm-5.1,True,11,False,,False,False,Browser Automation,Browser Tasks,lambda/hermes-agent-reasoning-traces:glm-5.1:train:2764,ok,
hermes:glm-5.1:cf5fe009-81fb-45d7-b1c5-2ab0c2c9cc9e,cf5fe009-81fb-45d7-b1c5-2ab0c2c9cc9e,glm-5.1,True,27,False,,False,False,Terminal & Coding,Terminal Tasks,lambda/hermes-agent-reasoning-traces:glm-5.1:train:930,ok,
hermes:glm-5.1:cf68df02-857e-4f78-8c08-9c19655353a8,cf68df02-857e-4f78-8c08-9c19655353a8,glm-5.1,True,21,False,,False,False,Terminal & Coding,Terminal Tasks,lambda/hermes-agent-reasoning-traces:glm-5.1:train:2117,ok,
hermes:glm-5.1:cf812e58-c79f-4890-86b1-4306c5929466,cf812e58-c79f-4890-86b1-4306c5929466,glm-5.1,True,27,False,,False,False,Terminal & Coding,Terminal Tasks,lambda/hermes-agent-reasoning-traces:glm-5.1:train:26,ok,
hermes:glm-5.1:cf8bcd9f-f37b-42dc-87f7-ea3a37022a27,cf8bcd9f-f37b-42dc-87f7-ea3a37022a27,glm-5.1,True,14,False,,False,False,File Operations,File Tasks,lambda/hermes-agent-reasoning-traces:glm-5.1:train:2192,ok,
hermes:glm-5.1:cf99bf56-9be2-478f-8d9e-6c75a0a30094,cf99bf56-9be2-478f-8d9e-6c75a0a30094,glm-5.1,True,13,False,,False,False,Terminal & Coding,Terminal Tasks,lambda/hermes-agent-reasoning-traces:glm-5.1:train:1066,ok,
hermes:glm-5.1:cfa8eeed-5cca-41ad-9ed8-57b93052138a,cfa8eeed-5cca-41ad-9ed8-57b93052138a,glm-5.1,True,25,False,,False,False,Browser Automation,Browser Tasks,lambda/hermes-agent-reasoning-traces:glm-5.1:train:2924,ok,
hermes:glm-5.1:cfaa9dd5-5aff-4123-af30-39e985278991,cfaa9dd5-5aff-4123-af30-39e985278991,glm-5.1,True,18,False,,False,False,Planning & Organization,Planning Tasks,lambda/hermes-agent-reasoning-traces:glm-5.1:train:1107,ok,
hermes:glm-5.1:cfb63c4c-5ed4-45e2-a624-64532b57abba,cfb63c4c-5ed4-45e2-a624-64532b57abba,glm-5.1,True,14,False,,False,False,Scheduling,Cron Jobs,lambda/hermes-agent-reasoning-traces:glm-5.1:train:1211,ok,
hermes:glm-5.1:cfbf2a90-bc53-460e-844e-1acc64118e41,cfbf2a90-bc53-460e-844e-1acc64118e41,glm-5.1,True,13,False,,False,False,Terminal & Coding,Terminal Tasks,lambda/hermes-agent-reasoning-traces:glm-5.1:train:1738,ok,
hermes:glm-5.1:cfd64c57-9902-42ea-9312-1849d79f26de,cfd64c57-9902-42ea-9312-1849d79f26de,glm-5.1,True,22,False,,False,False,Browser Automation,Browser Tasks,lambda/hermes-agent-reasoning-traces:glm-5.1:train:2796,ok,
hermes:glm-5.1:d01ff875-8d66-4797-908f-440bc160f179,d01ff875-8d66-4797-908f-440bc160f179,glm-5.1,True,27,False,,False,False,Browser Automation,Browser Tasks,lambda/hermes-agent-reasoning-traces:glm-5.1:train:2941,ok,
hermes:glm-5.1:d028e7d9-2f84-460d-ae8b-da6a6933ea91,d028e7d9-2f84-460d-ae8b-da6a6933ea91,glm-5.1,True,25,False,,False,False,Terminal & Coding,Terminal Tasks,lambda/hermes-agent-reasoning-traces:glm-5.1:train:357,ok,
hermes:glm-5.1:d02fbe83-42b2-42b3-af74-4919d477b4d3,d02fbe83-42b2-42b3-af74-4919d477b4d3,glm-5.1,True,27,False,,False,False,Terminal & Coding,Terminal Tasks,lambda/hermes-agent-reasoning-traces:glm-5.1:train:1057,ok,
hermes:glm-5.1:d036ef1f-7746-4bdd-a7b0-ff63b218d152,d036ef1f-7746-4bdd-a7b0-ff63b218d152,glm-5.1,True,27,False,,False,False,Planning & Organization,Planning Tasks,lambda/hermes-agent-reasoning-traces:glm-5.1:train:2363,ok,
hermes:glm-5.1:d03c7ac2-6cf6-4c57-8252-12a6ddcce5ed,d03c7ac2-6cf6-4c57-8252-12a6ddcce5ed,glm-5.1,True,24,False,,False,False,Browser Automation,Browser Tasks,lambda/hermes-agent-reasoning-traces:glm-5.1:train:2771,ok,
hermes:glm-5.1:d056827b-c5f8-4658-ba68-b4eab6eedf85,d056827b-c5f8-4658-ba68-b4eab6eedf85,glm-5.1,True,14,False,,False,False,Terminal & Coding,Terminal Tasks,lambda/hermes-agent-reasoning-traces:glm-5.1:train:2264,ok,
hermes:glm-5.1:d098d989-a429-45f1-aff0-aefbf2917c66,d098d989-a429-45f1-aff0-aefbf2917c66,glm-5.1,True,27,False,,False,False,Terminal & Coding,Terminal Tasks,lambda/hermes-agent-reasoning-traces:glm-5.1:train:2083,ok,
hermes:glm-5.1:d0daf956-d31f-4745-98e9-14da0383a257,d0daf956-d31f-4745-98e9-14da0383a257,glm-5.1,True,12,False,,False,False,Terminal & Coding,Terminal Tasks,lambda/hermes-agent-reasoning-traces:glm-5.1:train:870,ok,
hermes:glm-5.1:d0e60059-77d9-4e1b-8d98-0f014262756b,d0e60059-77d9-4e1b-8d98-0f014262756b,glm-5.1,True,29,False,,False,False,Terminal & Coding,Terminal Tasks,lambda/hermes-agent-reasoning-traces:glm-5.1:train:1548,ok,
hermes:glm-5.1:d0e8653f-7188-43c5-8bb7-92f68436b6c7,d0e8653f-7188-43c5-8bb7-92f68436b6c7,glm-5.1,True,10,False,,False,False,Terminal & Coding,Terminal Tasks,lambda/hermes-agent-reasoning-traces:glm-5.1:train:2484,ok,
hermes:glm-5.1:d0f14b0c-d651-48c9-be13-18c70c5f46f9,d0f14b0c-d651-48c9-be13-18c70c5f46f9,glm-5.1,True,12,False,,False,False,Terminal & Coding,Terminal Tasks,lambda/hermes-agent-reasoning-traces:glm-5.1:train:393,ok,
hermes:glm-5.1:d0faba33-89fd-44c4-b108-61a420993b0d,d0faba33-89fd-44c4-b108-61a420993b0d,glm-5.1,True,16,False,,False,False,Scheduling,Cron Jobs,lambda/hermes-agent-reasoning-traces:glm-5.1:train:1956,ok,
hermes:glm-5.1:d10e504f-4785-47d3-9d33-60211bf2833d,d10e504f-4785-47d3-9d33-60211bf2833d,glm-5.1,True,14,False,,False,False,Terminal & Coding,Terminal Tasks,lambda/hermes-agent-reasoning-traces:glm-5.1:train:1163,ok,
hermes:glm-5.1:d15989a8-edb7-41a7-903b-32b7d40c65b6,d15989a8-edb7-41a7-903b-32b7d40c65b6,glm-5.1,True,16,False,,False,False,Terminal & Coding,Terminal Tasks,lambda/hermes-agent-reasoning-traces:glm-5.1:train:1007,ok,
hermes:glm-5.1:d15e8d23-e65f-4c0d-b17e-7d89f0fb8d94,d15e8d23-e65f-4c0d-b17e-7d89f0fb8d94,glm-5.1,True,12,False,,False,False,Terminal & Coding,Terminal Tasks,lambda/hermes-agent-reasoning-traces:glm-5.1:train:2280,ok,
hermes:glm-5.1:d1638019-b489-4206-8c48-8a90c8556b83,d1638019-b489-4206-8c48-8a90c8556b83,glm-5.1,True,29,False,,False,False,Browser Automation,Browser Tasks,lambda/hermes-agent-reasoning-traces:glm-5.1:train:2775,ok,
hermes:glm-5.1:d17380a1-7f24-4f77-b3b5-b29cde31ac2a,d17380a1-7f24-4f77-b3b5-b29cde31ac2a,glm-5.1,True,22,False,,False,False,Terminal & Coding,Terminal Tasks,lambda/hermes-agent-reasoning-traces:glm-5.1:train:1302,ok,
hermes:glm-5.1:d17f24a7-e2bf-4edd-a420-c2a358878d90,d17f24a7-e2bf-4edd-a420-c2a358878d90,glm-5.1,True,31,False,,False,False,Terminal & Coding,Terminal Tasks,lambda/hermes-agent-reasoning-traces:glm-5.1:train:1063,ok,
hermes:glm-5.1:d1a48257-b1fe-47d7-85ba-bc5d4206f38a,d1a48257-b1fe-47d7-85ba-bc5d4206f38a,glm-5.1,True,18,False,,False,False,Terminal & Coding,Terminal Tasks,lambda/hermes-agent-reasoning-traces:glm-5.1:train:641,ok,
hermes:glm-5.1:d1a505e0-9c21-42de-be00-cf1fb846dfe5,d1a505e0-9c21-42de-be00-cf1fb846dfe5,glm-5.1,True,27,False,,False,False,Browser Automation,Browser Tasks,lambda/hermes-agent-reasoning-traces:glm-5.1:train:2971,ok,
hermes:glm-5.1:d1bc068c-2da2-449e-81a9-4423ebf201a2,d1bc068c-2da2-449e-81a9-4423ebf201a2,glm-5.1,True,18,False,,False,False,Terminal & Coding,Terminal Tasks,lambda/hermes-agent-reasoning-traces:glm-5.1:train:651,ok,
hermes:glm-5.1:d1dc9a09-227e-4c9d-9729-78ada9939d45,d1dc9a09-227e-4c9d-9729-78ada9939d45,glm-5.1,True,21,False,,False,False,Terminal & Coding,Terminal Tasks,lambda/hermes-agent-reasoning-traces:glm-5.1:train:798,ok,
hermes:glm-5.1:d1e239ec-827a-4147-9251-ebbea015581f,d1e239ec-827a-4147-9251-ebbea015581f,glm-5.1,True,12,False,,False,False,Terminal & Coding,Terminal Tasks,lambda/hermes-agent-reasoning-traces:glm-5.1:train:364,ok,
hermes:glm-5.1:d1fa606a-68a0-46f6-b6f4-9225b5fe62c6,d1fa606a-68a0-46f6-b6f4-9225b5fe62c6,glm-5.1,True,12,False,,False,False,Scheduling,Cron Jobs,lambda/hermes-agent-reasoning-traces:glm-5.1:train:1983,ok,
hermes:glm-5.1:d21c6f91-cbff-418b-8629-9b5198306433,d21c6f91-cbff-418b-8629-9b5198306433,glm-5.1,True,10,False,,False,False,Terminal & Coding,Terminal Tasks,lambda/hermes-agent-reasoning-traces:glm-5.1:train:2433,ok,
hermes:glm-5.1:d245a981-3711-423a-bb35-359e1bd0b3d3,d245a981-3711-423a-bb35-359e1bd0b3d3,glm-5.1,True,25,False,,False,False,Terminal & Coding,Terminal Tasks,lambda/hermes-agent-reasoning-traces:glm-5.1:train:1502,ok,
hermes:glm-5.1:d26b2228-3458-4c0c-bab7-1b6e311af8c3,d26b2228-3458-4c0c-bab7-1b6e311af8c3,glm-5.1,True,19,False,,False,False,Terminal & Coding,Terminal Tasks,lambda/hermes-agent-reasoning-traces:glm-5.1:train:1970,ok,
hermes:glm-5.1:d26ddc78-cb8e-4463-bbaa-09998e043b12,d26ddc78-cb8e-4463-bbaa-09998e043b12,glm-5.1,True,29,False,,False,False,Terminal & Coding,Terminal Tasks,lambda/hermes-agent-reasoning-traces:glm-5.1:train:1516,ok,
hermes:glm-5.1:d27cb10e-c6c3-422f-b221-9ef7594d8b34,d27cb10e-c6c3-422f-b221-9ef7594d8b34,glm-5.1,True,18,False,,False,False,Browser Automation,Browser Tasks,lambda/hermes-agent-reasoning-traces:glm-5.1:train:2554,ok,
hermes:glm-5.1:d28242ef-19b4-41e1-b4a8-0bfc6b780498,d28242ef-19b4-41e1-b4a8-0bfc6b780498,glm-5.1,True,33,False,,False,False,Terminal & Coding,Terminal Tasks,lambda/hermes-agent-reasoning-traces:glm-5.1:train:2435,ok,
hermes:glm-5.1:d29e3bf2-20a8-42e4-93e3-894b665d908a,d29e3bf2-20a8-42e4-93e3-894b665d908a,glm-5.1,True,27,False,,False,False,Terminal & Coding,Terminal Tasks,lambda/hermes-agent-reasoning-traces:glm-5.1:train:1372,ok,
hermes:glm-5.1:d2aa6407-bb76-40ab-b7d1-9b51e8e07d9e,d2aa6407-bb76-40ab-b7d1-9b51e8e07d9e,glm-5.1,True,21,False,,False,False,Terminal & Coding,Terminal Tasks,lambda/hermes-agent-reasoning-traces:glm-5.1:train:1285,ok,
hermes:glm-5.1:d2c510fc-32ba-410c-8087-0a0b506936be,d2c510fc-32ba-410c-8087-0a0b506936be,glm-5.1,True,31,False,,False,False,Browser Automation,Browser Tasks,lambda/hermes-agent-reasoning-traces:glm-5.1:train:2624,ok,
hermes:glm-5.1:d2db57d4-3e61-4606-9148-531b24d31e61,d2db57d4-3e61-4606-9148-531b24d31e61,glm-5.1,True,25,False,,False,False,Browser Automation,Browser Tasks,lambda/hermes-agent-reasoning-traces:glm-5.1:train:2768,ok,
hermes:glm-5.1:d3296654-3149-423c-a9a9-41b72a3a4f51,d3296654-3149-423c-a9a9-41b72a3a4f51,glm-5.1,True,10,False,,False,False,Terminal & Coding,Terminal Tasks,lambda/hermes-agent-reasoning-traces:glm-5.1:train:1539,ok,
hermes:glm-5.1:d33b380c-cdef-4ada-8e56-7743e0ca7380,d33b380c-cdef-4ada-8e56-7743e0ca7380,glm-5.1,True,25,False,,False,False,Terminal & Coding,Terminal Tasks,lambda/hermes-agent-reasoning-traces:glm-5.1:train:1775,ok,
hermes:glm-5.1:d3443d67-f919-4f33-807c-3d2ab19ddf79,d3443d67-f919-4f33-807c-3d2ab19ddf79,glm-5.1,True,10,False,,False,False,Terminal & Coding,Terminal Tasks,lambda/hermes-agent-reasoning-traces:glm-5.1:train:1801,ok,
hermes:glm-5.1:d3445b03-a7f6-4711-a97a-48c6c9302667,d3445b03-a7f6-4711-a97a-48c6c9302667,glm-5.1,True,12,False,,False,False,Terminal & Coding,Terminal Tasks,lambda/hermes-agent-reasoning-traces:glm-5.1:train:2274,ok,
hermes:glm-5.1:d35ee1db-9368-442f-8bb3-46ac60c97a95,d35ee1db-9368-442f-8bb3-46ac60c97a95,glm-5.1,True,18,False,,False,False,Terminal & Coding,Terminal Tasks,lambda/hermes-agent-reasoning-traces:glm-5.1:train:1745,ok,
hermes:glm-5.1:d362eba3-4bb4-480a-a890-b316c7fe0a79,d362eba3-4bb4-480a-a890-b316c7fe0a79,glm-5.1,True,21,False,,False,False,Browser Automation,Browser Tasks,lambda/hermes-agent-reasoning-traces:glm-5.1:train:2843,ok,
hermes:glm-5.1:d37d8331-6aa7-4801-a01d-0977e5ffc3ff,d37d8331-6aa7-4801-a01d-0977e5ffc3ff,glm-5.1,True,27,False,,False,False,Terminal & Coding,Terminal Tasks,lambda/hermes-agent-reasoning-traces:glm-5.1:train:804,ok,
hermes:glm-5.1:d3806164-fc53-4a7c-8a77-334673acc303,d3806164-fc53-4a7c-8a77-334673acc303,glm-5.1,True,20,False,,False,False,Terminal & Coding,Terminal Tasks,lambda/hermes-agent-reasoning-traces:glm-5.1:train:1479,ok,
hermes:glm-5.1:d3cc74c2-677d-4696-8bf5-0a39c1c8924c,d3cc74c2-677d-4696-8bf5-0a39c1c8924c,glm-5.1,True,15,False,,False,False,Terminal & Coding,Terminal Tasks,lambda/hermes-agent-reasoning-traces:glm-5.1:train:1005,ok,
hermes:glm-5.1:d3d3731b-2abb-4dc8-9017-9ce2b602b9c6,d3d3731b-2abb-4dc8-9017-9ce2b602b9c6,glm-5.1,True,29,False,,False,False,Terminal & Coding,Terminal Tasks,lambda/hermes-agent-reasoning-traces:glm-5.1:train:1389,ok,
hermes:glm-5.1:d3e6ea02-2325-4097-b612-1496bc4443b0,d3e6ea02-2325-4097-b612-1496bc4443b0,glm-5.1,True,14,False,,False,False,Terminal & Coding,Terminal Tasks,lambda/hermes-agent-reasoning-traces:glm-5.1:train:2393,ok,
hermes:glm-5.1:d3e819d7-f75e-4aae-b328-ffd62f843208,d3e819d7-f75e-4aae-b328-ffd62f843208,glm-5.1,True,33,False,,False,False,Terminal & Coding,Terminal Tasks,lambda/hermes-agent-reasoning-traces:glm-5.1:train:1500,ok,
hermes:glm-5.1:d41f0965-5dea-4f64-8bde-d6b78155218a,d41f0965-5dea-4f64-8bde-d6b78155218a,glm-5.1,True,10,False,,False,False,Multi-Tool,Multi-Tool Tasks,lambda/hermes-agent-reasoning-traces:glm-5.1:train:1820,ok,
hermes:glm-5.1:d42ecde4-679d-415d-af99-e11fb00fd4bf,d42ecde4-679d-415d-af99-e11fb00fd4bf,glm-5.1,True,23,False,,False,False,Terminal & Coding,Terminal Tasks,lambda/hermes-agent-reasoning-traces:glm-5.1:train:2194,ok,
hermes:glm-5.1:d4509fa3-b8d8-4a01-88bf-fb7d5cf3fde5,d4509fa3-b8d8-4a01-88bf-fb7d5cf3fde5,glm-5.1,True,14,False,,False,False,File Operations,File Tasks,lambda/hermes-agent-reasoning-traces:glm-5.1:train:1175,ok,
hermes:glm-5.1:d45e41a8-1de7-49e7-8d71-ce1b05a51ed9,d45e41a8-1de7-49e7-8d71-ce1b05a51ed9,glm-5.1,True,27,False,,False,False,Browser Automation,Browser Tasks,lambda/hermes-agent-reasoning-traces:glm-5.1:train:2829,ok,
hermes:glm-5.1:d483969e-e34d-4752-91a6-fcf8206720ae,d483969e-e34d-4752-91a6-fcf8206720ae,glm-5.1,True,14,False,,False,False,Terminal & Coding,Terminal Tasks,lambda/hermes-agent-reasoning-traces:glm-5.1:train:746,ok,
hermes:glm-5.1:d4c20956-96e6-49f8-8144-7f7db2c81757,d4c20956-96e6-49f8-8144-7f7db2c81757,glm-5.1,True,29,False,,False,False,Browser Automation,Browser Tasks,lambda/hermes-agent-reasoning-traces:glm-5.1:train:2734,ok,
hermes:glm-5.1:d4c40641-cb77-4f7c-b848-f4fb97744cd4,d4c40641-cb77-4f7c-b848-f4fb97744cd4,glm-5.1,True,19,False,,False,False,Terminal & Coding,Terminal Tasks,lambda/hermes-agent-reasoning-traces:glm-5.1:train:895,ok,
hermes:glm-5.1:d4d04522-634b-4ee6-b309-70018aa604cb,d4d04522-634b-4ee6-b309-70018aa604cb,glm-5.1,True,27,False,,False,False,Terminal & Coding,Terminal Tasks,lambda/hermes-agent-reasoning-traces:glm-5.1:train:998,ok,
hermes:glm-5.1:d4ec94e8-6e50-4e2c-b8d9-81afc7a37c2b,d4ec94e8-6e50-4e2c-b8d9-81afc7a37c2b,glm-5.1,True,14,False,,False,False,Terminal & Coding,Terminal Tasks,lambda/hermes-agent-reasoning-traces:glm-5.1:train:843,ok,
hermes:glm-5.1:d4fd5fa5-1a5f-43eb-b73d-fca47b5eecff,d4fd5fa5-1a5f-43eb-b73d-fca47b5eecff,glm-5.1,True,14,False,,False,False,Terminal & Coding,Terminal Tasks,lambda/hermes-agent-reasoning-traces:glm-5.1:train:671,ok,
hermes:glm-5.1:d5084b04-48b0-4e20-be0b-3b2d423db81e,d5084b04-48b0-4e20-be0b-3b2d423db81e,glm-5.1,True,12,False,,False,False,Terminal & Coding,Terminal Tasks,lambda/hermes-agent-reasoning-traces:glm-5.1:train:1552,ok,
hermes:glm-5.1:d51a7564-f53a-4d35-83b7-d5016127616e,d51a7564-f53a-4d35-83b7-d5016127616e,glm-5.1,True,15,False,,False,False,Terminal & Coding,Terminal Tasks,lambda/hermes-agent-reasoning-traces:glm-5.1:train:921,ok,
hermes:glm-5.1:d5213097-5b23-4bdb-909c-470fdf590cff,d5213097-5b23-4bdb-909c-470fdf590cff,glm-5.1,True,10,False,,False,False,Browser Automation,Browser Tasks,lambda/hermes-agent-reasoning-traces:glm-5.1:train:2535,ok,
hermes:glm-5.1:d533502c-52cc-4526-be15-690f54630f90,d533502c-52cc-4526-be15-690f54630f90,glm-5.1,True,12,False,,False,False,Terminal & Coding,Terminal Tasks,lambda/hermes-agent-reasoning-traces:glm-5.1:train:2284,ok,
hermes:glm-5.1:d561a345-9474-4387-b6f6-b48c97ab6ca8,d561a345-9474-4387-b6f6-b48c97ab6ca8,glm-5.1,True,16,False,,False,False,Terminal & Coding,Terminal Tasks,lambda/hermes-agent-reasoning-traces:glm-5.1:train:2127,ok,
hermes:glm-5.1:d5751abe-4eb2-4ea9-8c7d-e42881432123,d5751abe-4eb2-4ea9-8c7d-e42881432123,glm-5.1,True,14,False,,False,False,Terminal & Coding,Terminal Tasks,lambda/hermes-agent-reasoning-traces:glm-5.1:train:1619,ok,
hermes:glm-5.1:d5778f55-df97-453a-aeaa-626a243152cd,d5778f55-df97-453a-aeaa-626a243152cd,glm-5.1,True,27,False,,False,False,Terminal & Coding,Terminal Tasks,lambda/hermes-agent-reasoning-traces:glm-5.1:train:1661,ok,
hermes:glm-5.1:d584da96-60f6-40d6-8ef2-67c51c42203d,d584da96-60f6-40d6-8ef2-67c51c42203d,glm-5.1,True,27,False,,False,False,File Operations,File Tasks,lambda/hermes-agent-reasoning-traces:glm-5.1:train:1173,ok,
hermes:glm-5.1:d5944f79-6be2-4cbb-9495-a5218b2ba412,d5944f79-6be2-4cbb-9495-a5218b2ba412,glm-5.1,True,27,False,,False,False,Terminal & Coding,Terminal Tasks,lambda/hermes-agent-reasoning-traces:glm-5.1:train:508,ok,
hermes:glm-5.1:d5ae4788-73fc-43ce-89c3-5a95a9ab0b66,d5ae4788-73fc-43ce-89c3-5a95a9ab0b66,glm-5.1,True,29,False,,False,False,Terminal & Coding,Terminal Tasks,lambda/hermes-agent-reasoning-traces:glm-5.1:train:672,ok,
hermes:glm-5.1:d5c24341-86ed-42f2-af31-3b36a6ee72df,d5c24341-86ed-42f2-af31-3b36a6ee72df,glm-5.1,True,14,False,,False,False,Terminal & Coding,Terminal Tasks,lambda/hermes-agent-reasoning-traces:glm-5.1:train:2349,ok,
hermes:glm-5.1:d5c442c6-b85e-4af2-9a84-70d7cdb87af0,d5c442c6-b85e-4af2-9a84-70d7cdb87af0,glm-5.1,True,13,False,,False,False,Terminal & Coding,Terminal Tasks,lambda/hermes-agent-reasoning-traces:glm-5.1:train:949,ok,
hermes:glm-5.1:d5dcace1-29fe-49bc-8864-4964412c19c3,d5dcace1-29fe-49bc-8864-4964412c19c3,glm-5.1,True,12,False,,False,False,Terminal & Coding,Terminal Tasks,lambda/hermes-agent-reasoning-traces:glm-5.1:train:2494,ok,
hermes:glm-5.1:d5f16897-ab8b-42da-8db1-a5fb46ec34b8,d5f16897-ab8b-42da-8db1-a5fb46ec34b8,glm-5.1,True,22,False,,False,False,Browser Automation,Browser Tasks,lambda/hermes-agent-reasoning-traces:glm-5.1:train:2962,ok,
hermes:glm-5.1:d5f99c2a-1f41-4823-bbf4-28497874ab03,d5f99c2a-1f41-4823-bbf4-28497874ab03,glm-5.1,True,25,False,,False,False,Browser Automation,Browser Tasks,lambda/hermes-agent-reasoning-traces:glm-5.1:train:2597,ok,
hermes:glm-5.1:d60fc73c-2464-4e1d-a098-cc2e6a13e227,d60fc73c-2464-4e1d-a098-cc2e6a13e227,glm-5.1,True,16,False,,False,False,Terminal & Coding,Terminal Tasks,lambda/hermes-agent-reasoning-traces:glm-5.1:train:2262,ok,
hermes:glm-5.1:d61ffd80-4e92-4662-ab30-d8260b15cd92,d61ffd80-4e92-4662-ab30-d8260b15cd92,glm-5.1,True,14,False,,False,False,Planning & Organization,Planning Tasks,lambda/hermes-agent-reasoning-traces:glm-5.1:train:2313,ok,
hermes:glm-5.1:d64ec431-28c9-4c72-81f4-5b3bef9de343,d64ec431-28c9-4c72-81f4-5b3bef9de343,glm-5.1,True,9,False,,False,False,Terminal & Coding,Terminal Tasks,lambda/hermes-agent-reasoning-traces:glm-5.1:train:1137,ok,
hermes:glm-5.1:d66d3b3b-9c0c-4bcc-b122-b3ae7eb8c174,d66d3b3b-9c0c-4bcc-b122-b3ae7eb8c174,glm-5.1,True,31,False,,False,False,Terminal & Coding,Terminal Tasks,lambda/hermes-agent-reasoning-traces:glm-5.1:train:377,ok,
hermes:glm-5.1:d6a9ab6b-8c96-45d8-9025-413b29577b38,d6a9ab6b-8c96-45d8-9025-413b29577b38,glm-5.1,True,13,False,,False,False,Terminal & Coding,Terminal Tasks,lambda/hermes-agent-reasoning-traces:glm-5.1:train:2421,ok,
hermes:glm-5.1:d6ad2441-97e2-4e64-b8a8-753aa54ec0dd,d6ad2441-97e2-4e64-b8a8-753aa54ec0dd,glm-5.1,True,12,False,,False,False,Terminal & Coding,Terminal Tasks,lambda/hermes-agent-reasoning-traces:glm-5.1:train:2503,ok,
hermes:glm-5.1:d6c71a7d-fcb6-499f-bbc4-1b1c26891785,d6c71a7d-fcb6-499f-bbc4-1b1c26891785,glm-5.1,True,18,False,,False,False,Browser Automation,Browser Tasks,lambda/hermes-agent-reasoning-traces:glm-5.1:train:2900,ok,
hermes:glm-5.1:d6eb45e5-9e0c-4b87-bb7b-2d192edac4f6,d6eb45e5-9e0c-4b87-bb7b-2d192edac4f6,glm-5.1,True,18,False,,False,False,Terminal & Coding,Terminal Tasks,lambda/hermes-agent-reasoning-traces:glm-5.1:train:996,ok,
hermes:glm-5.1:d6fdeb9b-90a0-4775-a68f-696448bacecf,d6fdeb9b-90a0-4775-a68f-696448bacecf,glm-5.1,True,17,False,,False,False,Terminal & Coding,Terminal Tasks,lambda/hermes-agent-reasoning-traces:glm-5.1:train:1763,ok,
hermes:glm-5.1:d6fe676b-242d-42be-8581-bf4096410289,d6fe676b-242d-42be-8581-bf4096410289,glm-5.1,True,14,False,,False,False,Terminal & Coding,Terminal Tasks,lambda/hermes-agent-reasoning-traces:glm-5.1:train:2041,ok,
hermes:glm-5.1:d73e8d95-04b2-402e-8e36-d90e9c3e9ee4,d73e8d95-04b2-402e-8e36-d90e9c3e9ee4,glm-5.1,True,10,False,,False,False,Terminal & Coding,Terminal Tasks,lambda/hermes-agent-reasoning-traces:glm-5.1:train:1387,ok,
hermes:glm-5.1:d76118b3-3a22-4cb3-a458-28eb8cf98d88,d76118b3-3a22-4cb3-a458-28eb8cf98d88,glm-5.1,True,18,False,,False,False,Browser Automation,Browser Tasks,lambda/hermes-agent-reasoning-traces:glm-5.1:train:2861,ok,
hermes:glm-5.1:d778acef-36ff-413c-a87b-0a5cd8adfa26,d778acef-36ff-413c-a87b-0a5cd8adfa26,glm-5.1,True,12,False,,False,False,Terminal & Coding,Terminal Tasks,lambda/hermes-agent-reasoning-traces:glm-5.1:train:2392,ok,
hermes:glm-5.1:d78a1423-38de-4609-ad95-4fdf89cfcccb,d78a1423-38de-4609-ad95-4fdf89cfcccb,glm-5.1,True,14,False,,False,False,Browser Automation,Browser Tasks,lambda/hermes-agent-reasoning-traces:glm-5.1:train:2804,ok,
hermes:glm-5.1:d7a989bc-d60f-49a4-961e-14dec99c77d2,d7a989bc-d60f-49a4-961e-14dec99c77d2,glm-5.1,True,12,False,,False,False,Terminal & Coding,Terminal Tasks,lambda/hermes-agent-reasoning-traces:glm-5.1:train:2038,ok,
hermes:glm-5.1:d7ac1c3a-bbe1-4fca-9040-6d4119e6596b,d7ac1c3a-bbe1-4fca-9040-6d4119e6596b,glm-5.1,True,33,False,,False,False,Terminal & Coding,Terminal Tasks,lambda/hermes-agent-reasoning-traces:glm-5.1:train:1767,ok,
hermes:glm-5.1:d7c2c7f2-9452-4e75-b5ed-e870b7a2f253,d7c2c7f2-9452-4e75-b5ed-e870b7a2f253,glm-5.1,True,20,False,,False,False,File Operations,File Tasks,lambda/hermes-agent-reasoning-traces:glm-5.1:train:2477,ok,
hermes:glm-5.1:d7cd2e27-47c5-49e6-8983-acb727819f76,d7cd2e27-47c5-49e6-8983-acb727819f76,glm-5.1,True,16,False,,False,False,Browser Automation,Browser Tasks,lambda/hermes-agent-reasoning-traces:glm-5.1:train:2844,ok,
hermes:glm-5.1:d7f0cd1e-69f3-483e-ba8f-9d244355b2ba,d7f0cd1e-69f3-483e-ba8f-9d244355b2ba,glm-5.1,True,10,False,,False,False,File Operations,File Tasks,lambda/hermes-agent-reasoning-traces:glm-5.1:train:2419,ok,
hermes:glm-5.1:d7f651da-bae3-4b13-a72c-c3b0ca1bf519,d7f651da-bae3-4b13-a72c-c3b0ca1bf519,glm-5.1,True,16,False,,False,False,Terminal & Coding,Terminal Tasks,lambda/hermes-agent-reasoning-traces:glm-5.1:train:2281,ok,
hermes:glm-5.1:d7fda5f9-6989-42cf-9047-652f720532fc,d7fda5f9-6989-42cf-9047-652f720532fc,glm-5.1,True,21,False,,False,False,Terminal & Coding,Terminal Tasks,lambda/hermes-agent-reasoning-traces:glm-5.1:train:1930,ok,
hermes:glm-5.1:d8152695-c034-4d57-8041-3c6ad38b01c9,d8152695-c034-4d57-8041-3c6ad38b01c9,glm-5.1,True,17,False,,False,False,Terminal & Coding,Terminal Tasks,lambda/hermes-agent-reasoning-traces:glm-5.1:train:178,ok,
hermes:glm-5.1:d82a5f59-efd5-4b4c-83ab-96fdd746e825,d82a5f59-efd5-4b4c-83ab-96fdd746e825,glm-5.1,True,19,False,,False,False,Scheduling,Cron Jobs,lambda/hermes-agent-reasoning-traces:glm-5.1:train:60,ok,
hermes:glm-5.1:d83ca7d0-0fac-431c-904c-bd584ba447b7,d83ca7d0-0fac-431c-904c-bd584ba447b7,glm-5.1,True,16,False,,False,False,Terminal & Coding,Terminal Tasks,lambda/hermes-agent-reasoning-traces:glm-5.1:train:1825,ok,
hermes:glm-5.1:d847babc-fb30-4131-857c-2215a816a54e,d847babc-fb30-4131-857c-2215a816a54e,glm-5.1,True,25,False,,False,False,Terminal & Coding,Terminal Tasks,lambda/hermes-agent-reasoning-traces:glm-5.1:train:335,ok,
hermes:glm-5.1:d84f4c8c-4d7b-4215-9b21-beb1c1096036,d84f4c8c-4d7b-4215-9b21-beb1c1096036,glm-5.1,True,29,False,,False,False,Terminal & Coding,Terminal Tasks,lambda/hermes-agent-reasoning-traces:glm-5.1:train:904,ok,
hermes:glm-5.1:d866bd1d-7ea3-49ae-8955-97dae2f6e26b,d866bd1d-7ea3-49ae-8955-97dae2f6e26b,glm-5.1,True,20,False,,False,False,Browser Automation,Browser Tasks,lambda/hermes-agent-reasoning-traces:glm-5.1:train:2615,ok,
hermes:glm-5.1:d8736d91-763e-4eb3-9ffe-b82f6e423678,d8736d91-763e-4eb3-9ffe-b82f6e423678,glm-5.1,True,21,False,,False,False,Terminal & Coding,Terminal Tasks,lambda/hermes-agent-reasoning-traces:glm-5.1:train:1440,ok,
hermes:glm-5.1:d89d52bf-b252-43b4-9541-08b8f2b98020,d89d52bf-b252-43b4-9541-08b8f2b98020,glm-5.1,True,9,False,,False,False,Terminal & Coding,Terminal Tasks,lambda/hermes-agent-reasoning-traces:glm-5.1:train:1929,ok,
hermes:glm-5.1:d8a3839f-976b-4500-99cb-8af03728ac96,d8a3839f-976b-4500-99cb-8af03728ac96,glm-5.1,True,17,False,,False,False,Terminal & Coding,Terminal Tasks,lambda/hermes-agent-reasoning-traces:glm-5.1:train:1664,ok,
hermes:glm-5.1:d8a4a440-b74e-471e-8c89-f11d7c0a0844,d8a4a440-b74e-471e-8c89-f11d7c0a0844,glm-5.1,True,16,False,,False,False,Terminal & Coding,Terminal Tasks,lambda/hermes-agent-reasoning-traces:glm-5.1:train:2396,ok,
hermes:glm-5.1:d8c57a39-7ec2-467f-9e2c-622c5ec1e1a3,d8c57a39-7ec2-467f-9e2c-622c5ec1e1a3,glm-5.1,True,27,False,,False,False,Terminal & Coding,Terminal Tasks,lambda/hermes-agent-reasoning-traces:glm-5.1:train:1638,ok,
hermes:glm-5.1:d8cf4853-00ca-4782-9eea-d5970126a380,d8cf4853-00ca-4782-9eea-d5970126a380,glm-5.1,True,20,False,,False,False,Browser Automation,Browser Tasks,lambda/hermes-agent-reasoning-traces:glm-5.1:train:2827,ok,
hermes:glm-5.1:d8e8ff36-8751-4783-a1ca-83cba7613134,d8e8ff36-8751-4783-a1ca-83cba7613134,glm-5.1,True,14,False,,False,False,Browser Automation,Browser Tasks,lambda/hermes-agent-reasoning-traces:glm-5.1:train:2901,ok,
hermes:glm-5.1:d8f049d5-4cb0-4ad5-abbe-ec8e19a10439,d8f049d5-4cb0-4ad5-abbe-ec8e19a10439,glm-5.1,True,16,False,,False,False,File Operations,File Tasks,lambda/hermes-agent-reasoning-traces:glm-5.1:train:2057,ok,
hermes:glm-5.1:d90f3fae-f146-4e14-a07d-b3e270150d1f,d90f3fae-f146-4e14-a07d-b3e270150d1f,glm-5.1,True,17,False,,False,False,Terminal & Coding,Terminal Tasks,lambda/hermes-agent-reasoning-traces:glm-5.1:train:782,ok,
hermes:glm-5.1:d923b1a1-da9a-4671-b38d-f85caf24bc15,d923b1a1-da9a-4671-b38d-f85caf24bc15,glm-5.1,True,14,False,,False,False,Terminal & Coding,Terminal Tasks,lambda/hermes-agent-reasoning-traces:glm-5.1:train:1164,ok,
hermes:glm-5.1:d9512927-e760-4070-a1c7-d3e7d1318dec,d9512927-e760-4070-a1c7-d3e7d1318dec,glm-5.1,True,10,False,,False,False,Terminal & Coding,Terminal Tasks,lambda/hermes-agent-reasoning-traces:glm-5.1:train:1197,ok,
hermes:glm-5.1:d959d927-3f9a-45e1-b9f4-9e36d80dddec,d959d927-3f9a-45e1-b9f4-9e36d80dddec,glm-5.1,True,29,False,,False,False,Terminal & Coding,Terminal Tasks,lambda/hermes-agent-reasoning-traces:glm-5.1:train:1060,ok,
hermes:glm-5.1:d969d906-5bbd-492b-b7fe-7978d8c78804,d969d906-5bbd-492b-b7fe-7978d8c78804,glm-5.1,True,18,False,,False,False,Browser Automation,Browser Tasks,lambda/hermes-agent-reasoning-traces:glm-5.1:train:2909,ok,
hermes:glm-5.1:d96d8297-e166-4902-b37b-35890a11d9ae,d96d8297-e166-4902-b37b-35890a11d9ae,glm-5.1,True,21,False,,False,False,Terminal & Coding,Terminal Tasks,lambda/hermes-agent-reasoning-traces:glm-5.1:train:1447,ok,
hermes:glm-5.1:d985f023-d593-4340-8df1-f3bdec908a37,d985f023-d593-4340-8df1-f3bdec908a37,glm-5.1,True,9,False,,False,False,Terminal & Coding,Terminal Tasks,lambda/hermes-agent-reasoning-traces:glm-5.1:train:2112,ok,
hermes:glm-5.1:d985f539-993a-46c6-aa61-4956f321ad40,d985f539-993a-46c6-aa61-4956f321ad40,glm-5.1,True,15,False,,False,False,Terminal & Coding,Terminal Tasks,lambda/hermes-agent-reasoning-traces:glm-5.1:train:714,ok,
hermes:glm-5.1:d991405e-1bfe-4c01-89ce-889c8da34559,d991405e-1bfe-4c01-89ce-889c8da34559,glm-5.1,True,22,False,,False,False,Browser Automation,Browser Tasks,lambda/hermes-agent-reasoning-traces:glm-5.1:train:2613,ok,
hermes:glm-5.1:d995bf83-6ec1-409f-892d-49049d56caca,d995bf83-6ec1-409f-892d-49049d56caca,glm-5.1,True,29,False,,False,False,Browser Automation,Browser Tasks,lambda/hermes-agent-reasoning-traces:glm-5.1:train:2816,ok,
hermes:glm-5.1:d9ac39e7-9b2c-468f-8b4f-71928addbb92,d9ac39e7-9b2c-468f-8b4f-71928addbb92,glm-5.1,True,12,False,,False,False,Terminal & Coding,Terminal Tasks,lambda/hermes-agent-reasoning-traces:glm-5.1:train:1297,ok,
hermes:glm-5.1:d9df68cc-4e85-4e64-aa78-4c0a81106d28,d9df68cc-4e85-4e64-aa78-4c0a81106d28,glm-5.1,True,12,False,,False,False,Terminal & Coding,Terminal Tasks,lambda/hermes-agent-reasoning-traces:glm-5.1:train:2140,ok,
hermes:glm-5.1:d9e2fdde-d487-4928-a0aa-73cb40c2ecac,d9e2fdde-d487-4928-a0aa-73cb40c2ecac,glm-5.1,True,12,False,,False,False,Terminal & Coding,Terminal Tasks,lambda/hermes-agent-reasoning-traces:glm-5.1:train:255,ok,
hermes:glm-5.1:d9e4894f-3345-4738-a8cb-19d420e555f4,d9e4894f-3345-4738-a8cb-19d420e555f4,glm-5.1,True,23,False,,False,False,Terminal & Coding,Terminal Tasks,lambda/hermes-agent-reasoning-traces:glm-5.1:train:2155,ok,
hermes:glm-5.1:d9ee2812-09ff-4a9b-b73b-7cbec43ee4a1,d9ee2812-09ff-4a9b-b73b-7cbec43ee4a1,glm-5.1,True,10,False,,False,False,Terminal & Coding,Terminal Tasks,lambda/hermes-agent-reasoning-traces:glm-5.1:train:2243,ok,
hermes:glm-5.1:d9faa072-0311-446f-a935-661c806348a2,d9faa072-0311-446f-a935-661c806348a2,glm-5.1,True,12,False,,False,False,Terminal & Coding,Terminal Tasks,lambda/hermes-agent-reasoning-traces:glm-5.1:train:542,ok,
hermes:glm-5.1:da015c21-9860-4e9b-a242-ee6bfb096b34,da015c21-9860-4e9b-a242-ee6bfb096b34,glm-5.1,True,10,False,,False,False,Terminal & Coding,Terminal Tasks,lambda/hermes-agent-reasoning-traces:glm-5.1:train:577,ok,
hermes:glm-5.1:da06a5f4-4dd1-4505-aed0-89fece57089f,da06a5f4-4dd1-4505-aed0-89fece57089f,glm-5.1,True,27,False,,False,False,Browser Automation,Browser Tasks,lambda/hermes-agent-reasoning-traces:glm-5.1:train:2833,ok,
hermes:glm-5.1:da0dec77-5f02-40a5-aab9-0fdfb0fe6fa1,da0dec77-5f02-40a5-aab9-0fdfb0fe6fa1,glm-5.1,True,18,False,,False,False,Terminal & Coding,Terminal Tasks,lambda/hermes-agent-reasoning-traces:glm-5.1:train:1269,ok,
hermes:glm-5.1:da173f46-4b21-4244-9c5f-2ccbaeedc256,da173f46-4b21-4244-9c5f-2ccbaeedc256,glm-5.1,True,25,False,,False,False,Agent Tools,Background Processes,lambda/hermes-agent-reasoning-traces:glm-5.1:train:1009,ok,
hermes:glm-5.1:da18e8b2-4fef-4ca3-9a13-e42244f54624,da18e8b2-4fef-4ca3-9a13-e42244f54624,glm-5.1,True,11,False,,False,False,Terminal & Coding,Terminal Tasks,lambda/hermes-agent-reasoning-traces:glm-5.1:train:1515,ok,
hermes:glm-5.1:da1cf7a7-93fb-4e1a-9a07-62f0ca20119c,da1cf7a7-93fb-4e1a-9a07-62f0ca20119c,glm-5.1,True,19,False,,False,False,Terminal & Coding,Terminal Tasks,lambda/hermes-agent-reasoning-traces:glm-5.1:train:637,ok,
hermes:glm-5.1:da47a9d6-13d9-4c6b-9254-76b910d5bbc6,da47a9d6-13d9-4c6b-9254-76b910d5bbc6,glm-5.1,True,16,False,,False,False,Terminal & Coding,Terminal Tasks,lambda/hermes-agent-reasoning-traces:glm-5.1:train:1770,ok,
hermes:glm-5.1:da4cf015-979d-472e-8203-e362d48ec670,da4cf015-979d-472e-8203-e362d48ec670,glm-5.1,True,10,False,,False,False,Terminal & Coding,Terminal Tasks,lambda/hermes-agent-reasoning-traces:glm-5.1:train:2125,ok,
hermes:glm-5.1:da617258-95f1-44a6-bf47-4175a31f64be,da617258-95f1-44a6-bf47-4175a31f64be,glm-5.1,True,24,False,,False,False,Browser Automation,Browser Tasks,lambda/hermes-agent-reasoning-traces:glm-5.1:train:2664,ok,
hermes:glm-5.1:da919ad6-0207-4943-ba28-ec30f9ea7d51,da919ad6-0207-4943-ba28-ec30f9ea7d51,glm-5.1,True,15,False,,False,False,Terminal & Coding,Terminal Tasks,lambda/hermes-agent-reasoning-traces:glm-5.1:train:1289,ok,
hermes:glm-5.1:daa17607-c5b6-4b29-bc9e-1263c0079be5,daa17607-c5b6-4b29-bc9e-1263c0079be5,glm-5.1,True,10,False,,False,False,Planning & Organization,Planning Tasks,lambda/hermes-agent-reasoning-traces:glm-5.1:train:2316,ok,
hermes:glm-5.1:daacef99-7713-429f-bc32-4f14f9527615,daacef99-7713-429f-bc32-4f14f9527615,glm-5.1,True,29,False,,False,False,Terminal & Coding,Terminal Tasks,lambda/hermes-agent-reasoning-traces:glm-5.1:train:2156,ok,
hermes:glm-5.1:dac252ab-fccd-47d3-b76b-0cf65a1451f6,dac252ab-fccd-47d3-b76b-0cf65a1451f6,glm-5.1,True,13,False,,False,False,Terminal & Coding,Terminal Tasks,lambda/hermes-agent-reasoning-traces:glm-5.1:train:134,ok,
hermes:glm-5.1:daf45e18-f618-4568-9322-dd26c3381ac6,daf45e18-f618-4568-9322-dd26c3381ac6,glm-5.1,True,17,False,,False,False,Planning & Organization,Planning Tasks,lambda/hermes-agent-reasoning-traces:glm-5.1:train:838,ok,
hermes:glm-5.1:db007943-a7f6-45be-98fa-97c587ada65c,db007943-a7f6-45be-98fa-97c587ada65c,glm-5.1,True,27,False,,False,False,Terminal & Coding,Terminal Tasks,lambda/hermes-agent-reasoning-traces:glm-5.1:train:558,ok,
hermes:glm-5.1:db047fff-297f-4334-a210-f540004b4fba,db047fff-297f-4334-a210-f540004b4fba,glm-5.1,True,25,False,,False,False,Terminal & Coding,Terminal Tasks,lambda/hermes-agent-reasoning-traces:glm-5.1:train:1589,ok,
hermes:glm-5.1:db0cd5cd-d6c6-4619-bba5-dac1e25c51bb,db0cd5cd-d6c6-4619-bba5-dac1e25c51bb,glm-5.1,True,14,False,,False,False,Terminal & Coding,Terminal Tasks,lambda/hermes-agent-reasoning-traces:glm-5.1:train:744,ok,
hermes:glm-5.1:db1f9217-55c2-4f13-aa89-2c936dc4457a,db1f9217-55c2-4f13-aa89-2c936dc4457a,glm-5.1,True,27,False,,False,False,Browser Automation,Browser Tasks,lambda/hermes-agent-reasoning-traces:glm-5.1:train:2686,ok,
hermes:glm-5.1:db355fce-c8f7-4a71-8b8a-dea5e8c62b8d,db355fce-c8f7-4a71-8b8a-dea5e8c62b8d,glm-5.1,True,13,False,,False,False,Terminal & Coding,Terminal Tasks,lambda/hermes-agent-reasoning-traces:glm-5.1:train:513,ok,
hermes:glm-5.1:db5ab0fe-7035-4d02-a43b-d256e0c8ef0f,db5ab0fe-7035-4d02-a43b-d256e0c8ef0f,glm-5.1,True,14,False,,False,False,Terminal & Coding,Terminal Tasks,lambda/hermes-agent-reasoning-traces:glm-5.1:train:150,ok,
hermes:glm-5.1:db634bda-e36a-4b63-95ec-519e36278342,db634bda-e36a-4b63-95ec-519e36278342,glm-5.1,True,10,False,,False,False,Terminal & Coding,Terminal Tasks,lambda/hermes-agent-reasoning-traces:glm-5.1:train:1835,ok,
hermes:glm-5.1:db6902e2-e711-4ce1-9b23-73280f1ca878,db6902e2-e711-4ce1-9b23-73280f1ca878,glm-5.1,True,18,False,,False,False,Terminal & Coding,Terminal Tasks,lambda/hermes-agent-reasoning-traces:glm-5.1:train:809,ok,
hermes:glm-5.1:db7d6589-ab7e-4f6b-af50-cc6f6b46266e,db7d6589-ab7e-4f6b-af50-cc6f6b46266e,glm-5.1,True,12,False,,False,False,Terminal & Coding,Terminal Tasks,lambda/hermes-agent-reasoning-traces:glm-5.1:train:1451,ok,
hermes:glm-5.1:db814ed4-c107-44bc-827c-aa75171cdc86,db814ed4-c107-44bc-827c-aa75171cdc86,glm-5.1,True,14,False,,False,False,Terminal & Coding,Terminal Tasks,lambda/hermes-agent-reasoning-traces:glm-5.1:train:1522,ok,
hermes:glm-5.1:db8cdc01-9fb0-42a5-8ef7-04c7d6bdf7ff,db8cdc01-9fb0-42a5-8ef7-04c7d6bdf7ff,glm-5.1,True,20,False,,False,False,Browser Automation,Browser Tasks,lambda/hermes-agent-reasoning-traces:glm-5.1:train:2647,ok,
hermes:glm-5.1:dbb4fa6c-dbf7-40d0-b827-29ee6d520f39,dbb4fa6c-dbf7-40d0-b827-29ee6d520f39,glm-5.1,True,14,False,,False,False,Terminal & Coding,Terminal Tasks,lambda/hermes-agent-reasoning-traces:glm-5.1:train:1723,ok,
hermes:glm-5.1:dbbb1e6e-1d74-4b7e-92ec-b592e53715f0,dbbb1e6e-1d74-4b7e-92ec-b592e53715f0,glm-5.1,True,12,False,,False,False,Scheduling,Cron Jobs,lambda/hermes-agent-reasoning-traces:glm-5.1:train:973,ok,
hermes:glm-5.1:dc0d7ae5-7443-4069-93c3-9a0b803a6153,dc0d7ae5-7443-4069-93c3-9a0b803a6153,glm-5.1,True,14,False,,False,False,Terminal & Coding,Terminal Tasks,lambda/hermes-agent-reasoning-traces:glm-5.1:train:1396,ok,
hermes:glm-5.1:dc182a7e-63fc-4fc3-923b-052b4a2352c3,dc182a7e-63fc-4fc3-923b-052b4a2352c3,glm-5.1,True,23,False,,False,False,Browser Automation,Browser Tasks,lambda/hermes-agent-reasoning-traces:glm-5.1:train:2526,ok,
hermes:glm-5.1:dc1d8be8-b492-4eb0-8990-fa9264e16f46,dc1d8be8-b492-4eb0-8990-fa9264e16f46,glm-5.1,True,16,False,,False,False,Terminal & Coding,Terminal Tasks,lambda/hermes-agent-reasoning-traces:glm-5.1:train:1258,ok,
hermes:glm-5.1:dc2ec944-277d-412f-b798-db9728c05330,dc2ec944-277d-412f-b798-db9728c05330,glm-5.1,True,10,False,,False,False,Planning & Organization,Planning Tasks,lambda/hermes-agent-reasoning-traces:glm-5.1:train:543,ok,
hermes:glm-5.1:dc4659df-2938-4700-8bee-a582be25575d,dc4659df-2938-4700-8bee-a582be25575d,glm-5.1,True,23,False,,False,False,Browser Automation,Browser Tasks,lambda/hermes-agent-reasoning-traces:glm-5.1:train:2915,ok,
hermes:glm-5.1:dc51d2fc-6019-4208-8f85-c235d82a7137,dc51d2fc-6019-4208-8f85-c235d82a7137,glm-5.1,True,14,False,,False,False,Terminal & Coding,Terminal Tasks,lambda/hermes-agent-reasoning-traces:glm-5.1:train:1863,ok,
hermes:glm-5.1:dc5eeadd-5a7d-4884-9deb-9c4a566270a8,dc5eeadd-5a7d-4884-9deb-9c4a566270a8,glm-5.1,True,33,False,,False,False,Terminal & Coding,Terminal Tasks,lambda/hermes-agent-reasoning-traces:glm-5.1:train:1886,ok,
hermes:glm-5.1:dc8f5481-fa82-43de-a508-acf14986f913,dc8f5481-fa82-43de-a508-acf14986f913,glm-5.1,True,19,False,,False,False,Terminal & Coding,Terminal Tasks,lambda/hermes-agent-reasoning-traces:glm-5.1:train:87,ok,
hermes:glm-5.1:dcbe1fbb-9423-409e-85b6-ab0d2be9a133,dcbe1fbb-9423-409e-85b6-ab0d2be9a133,glm-5.1,True,14,False,,False,False,Terminal & Coding,Terminal Tasks,lambda/hermes-agent-reasoning-traces:glm-5.1:train:1706,ok,
hermes:glm-5.1:dcd76065-2f9f-4cdc-8d1a-cad0154c1f7e,dcd76065-2f9f-4cdc-8d1a-cad0154c1f7e,glm-5.1,True,19,False,,False,False,Terminal & Coding,Terminal Tasks,lambda/hermes-agent-reasoning-traces:glm-5.1:train:1789,ok,
hermes:glm-5.1:dced9707-3635-47e9-af2c-bcfe72899ac7,dced9707-3635-47e9-af2c-bcfe72899ac7,glm-5.1,True,29,False,,False,False,Terminal & Coding,Terminal Tasks,lambda/hermes-agent-reasoning-traces:glm-5.1:train:2370,ok,
hermes:glm-5.1:dcfc9808-4145-4bf8-a970-508e6572adac,dcfc9808-4145-4bf8-a970-508e6572adac,glm-5.1,True,16,False,,False,False,Terminal & Coding,Terminal Tasks,lambda/hermes-agent-reasoning-traces:glm-5.1:train:1415,ok,
hermes:glm-5.1:dd53bc3f-b4ea-475b-b609-93d0ac5d86c9,dd53bc3f-b4ea-475b-b609-93d0ac5d86c9,glm-5.1,True,17,False,,False,False,Planning & Organization,Planning Tasks,lambda/hermes-agent-reasoning-traces:glm-5.1:train:287,ok,
hermes:glm-5.1:dd615943-c057-4bab-b269-939e47e05094,dd615943-c057-4bab-b269-939e47e05094,glm-5.1,True,12,False,,False,False,Terminal & Coding,Terminal Tasks,lambda/hermes-agent-reasoning-traces:glm-5.1:train:872,ok,
hermes:glm-5.1:dd71c557-adc5-45aa-b629-93118efa3722,dd71c557-adc5-45aa-b629-93118efa3722,glm-5.1,True,10,False,,False,False,Terminal & Coding,Terminal Tasks,lambda/hermes-agent-reasoning-traces:glm-5.1:train:1584,ok,
hermes:glm-5.1:dd71e5ca-cef1-44f7-adf4-29100233f44e,dd71e5ca-cef1-44f7-adf4-29100233f44e,glm-5.1,True,14,False,,False,False,Terminal & Coding,Terminal Tasks,lambda/hermes-agent-reasoning-traces:glm-5.1:train:2246,ok,
hermes:glm-5.1:dd85623d-84d1-4eeb-b969-d8fb955d0602,dd85623d-84d1-4eeb-b969-d8fb955d0602,glm-5.1,True,15,False,,False,False,Terminal & Coding,Terminal Tasks,lambda/hermes-agent-reasoning-traces:glm-5.1:train:692,ok,
hermes:glm-5.1:dd984420-4a6f-4161-96dc-9ce4b504649c,dd984420-4a6f-4161-96dc-9ce4b504649c,glm-5.1,True,25,False,,False,False,Terminal & Coding,Terminal Tasks,lambda/hermes-agent-reasoning-traces:glm-5.1:train:1030,ok,
hermes:glm-5.1:dd9f3784-4f6b-4a46-9f59-f63a79379f1a,dd9f3784-4f6b-4a46-9f59-f63a79379f1a,glm-5.1,True,21,False,,False,False,Terminal & Coding,Terminal Tasks,lambda/hermes-agent-reasoning-traces:glm-5.1:train:1112,ok,
hermes:glm-5.1:dda26a9b-fced-430d-8595-5ac60427c819,dda26a9b-fced-430d-8595-5ac60427c819,glm-5.1,True,14,False,,False,False,File Operations,File Tasks,lambda/hermes-agent-reasoning-traces:glm-5.1:train:1033,ok,
hermes:glm-5.1:dda43187-1879-47fa-8f29-a1a9f22c0d02,dda43187-1879-47fa-8f29-a1a9f22c0d02,glm-5.1,True,12,False,,False,False,Terminal & Coding,Terminal Tasks,lambda/hermes-agent-reasoning-traces:glm-5.1:train:434,ok,
hermes:glm-5.1:ddb41743-d586-402b-ae9c-39952f603453,ddb41743-d586-402b-ae9c-39952f603453,glm-5.1,True,14,False,,False,False,Terminal & Coding,Terminal Tasks,lambda/hermes-agent-reasoning-traces:glm-5.1:train:1290,ok,
hermes:glm-5.1:ddbb0179-b74f-46ea-b215-9c7c04b996d9,ddbb0179-b74f-46ea-b215-9c7c04b996d9,glm-5.1,True,23,False,,False,False,Terminal & Coding,Terminal Tasks,lambda/hermes-agent-reasoning-traces:glm-5.1:train:2260,ok,
hermes:glm-5.1:ddbe5763-67c5-422a-98c8-c828e64b5624,ddbe5763-67c5-422a-98c8-c828e64b5624,glm-5.1,True,18,False,,False,False,Browser Automation,Browser Tasks,lambda/hermes-agent-reasoning-traces:glm-5.1:train:2978,ok,
hermes:glm-5.1:ddc50dff-f092-4ebd-9456-b65d936152f7,ddc50dff-f092-4ebd-9456-b65d936152f7,glm-5.1,True,14,False,,False,False,Terminal & Coding,Terminal Tasks,lambda/hermes-agent-reasoning-traces:glm-5.1:train:642,ok,
hermes:glm-5.1:ddd2b6dd-226a-4e42-99fd-ea1864ea502c,ddd2b6dd-226a-4e42-99fd-ea1864ea502c,glm-5.1,True,33,False,,False,False,Terminal & Coding,Terminal Tasks,lambda/hermes-agent-reasoning-traces:glm-5.1:train:1272,ok,
hermes:glm-5.1:dde2dff6-e21c-4d0a-8ef6-b4490d30d45d,dde2dff6-e21c-4d0a-8ef6-b4490d30d45d,glm-5.1,True,23,False,,False,False,File Operations,File Tasks,lambda/hermes-agent-reasoning-traces:glm-5.1:train:2124,ok,
hermes:glm-5.1:de1ae176-c3b6-4765-a2d2-0e71747d7020,de1ae176-c3b6-4765-a2d2-0e71747d7020,glm-5.1,True,21,False,,False,False,Terminal & Coding,Terminal Tasks,lambda/hermes-agent-reasoning-traces:glm-5.1:train:737,ok,
hermes:glm-5.1:de43dd07-1204-43de-a1e9-a7aa6caf7a6a,de43dd07-1204-43de-a1e9-a7aa6caf7a6a,glm-5.1,True,25,False,,False,False,File Operations,File Tasks,lambda/hermes-agent-reasoning-traces:glm-5.1:train:829,ok,
hermes:glm-5.1:de54a30c-f184-4817-9c9a-f01a661feb43,de54a30c-f184-4817-9c9a-f01a661feb43,glm-5.1,True,12,False,,False,False,File Operations,File Tasks,lambda/hermes-agent-reasoning-traces:glm-5.1:train:410,ok,
hermes:glm-5.1:de553a1a-9dbd-4458-97a5-98ec53052937,de553a1a-9dbd-4458-97a5-98ec53052937,glm-5.1,True,31,False,,False,False,Agent Tools,Background Processes,lambda/hermes-agent-reasoning-traces:glm-5.1:train:1231,ok,
hermes:glm-5.1:de6c2820-d65b-4539-b004-50bde69cf0c7,de6c2820-d65b-4539-b004-50bde69cf0c7,glm-5.1,True,14,False,,False,False,Browser Automation,Browser Tasks,lambda/hermes-agent-reasoning-traces:glm-5.1:train:2883,ok,
hermes:glm-5.1:de7da397-a6cb-4c66-9e1c-ddd8e90441ae,de7da397-a6cb-4c66-9e1c-ddd8e90441ae,glm-5.1,True,14,False,,False,False,Terminal & Coding,Terminal Tasks,lambda/hermes-agent-reasoning-traces:glm-5.1:train:698,ok,
hermes:glm-5.1:de845383-0c29-483d-ad06-4fce9747a3b2,de845383-0c29-483d-ad06-4fce9747a3b2,glm-5.1,True,12,False,,False,False,Terminal & Coding,Terminal Tasks,lambda/hermes-agent-reasoning-traces:glm-5.1:train:232,ok,
hermes:glm-5.1:de929d5d-9091-4d21-bba9-4986220ba408,de929d5d-9091-4d21-bba9-4986220ba408,glm-5.1,True,20,False,,False,False,Terminal & Coding,Terminal Tasks,lambda/hermes-agent-reasoning-traces:glm-5.1:train:2265,ok,
hermes:glm-5.1:dea42fa8-ade0-4648-ba35-11cef54fbb85,dea42fa8-ade0-4648-ba35-11cef54fbb85,glm-5.1,True,17,False,,False,False,Terminal & Coding,Terminal Tasks,lambda/hermes-agent-reasoning-traces:glm-5.1:train:857,ok,
hermes:glm-5.1:dea890d3-b96f-442c-b212-4cfd7c2d596e,dea890d3-b96f-442c-b212-4cfd7c2d596e,glm-5.1,True,18,False,,False,False,Terminal & Coding,Terminal Tasks,lambda/hermes-agent-reasoning-traces:glm-5.1:train:951,ok,
hermes:glm-5.1:deb197b6-46f3-4446-b395-8682f9fa3508,deb197b6-46f3-4446-b395-8682f9fa3508,glm-5.1,True,20,False,,False,False,Browser Automation,Browser Tasks,lambda/hermes-agent-reasoning-traces:glm-5.1:train:2857,ok,
hermes:glm-5.1:deb565ca-8d3a-48eb-878e-e04d292058ee,deb565ca-8d3a-48eb-878e-e04d292058ee,glm-5.1,True,33,False,,False,False,Browser Automation,Browser Tasks,lambda/hermes-agent-reasoning-traces:glm-5.1:train:2575,ok,
hermes:glm-5.1:deb7de71-5b72-4ee0-804a-3334d2fad058,deb7de71-5b72-4ee0-804a-3334d2fad058,glm-5.1,True,27,False,,False,False,Terminal & Coding,Terminal Tasks,lambda/hermes-agent-reasoning-traces:glm-5.1:train:311,ok,
hermes:glm-5.1:deb86d43-c029-4a0b-b13d-26ea84bea724,deb86d43-c029-4a0b-b13d-26ea84bea724,glm-5.1,True,23,False,,False,False,Browser Automation,Browser Tasks,lambda/hermes-agent-reasoning-traces:glm-5.1:train:2717,ok,
hermes:glm-5.1:debddb19-4800-4617-ad09-be856eced3e0,debddb19-4800-4617-ad09-be856eced3e0,glm-5.1,True,12,False,,False,False,Terminal & Coding,Terminal Tasks,lambda/hermes-agent-reasoning-traces:glm-5.1:train:1325,ok,
hermes:glm-5.1:deff6647-acfa-4f9b-9d86-d9e1bd7a9015,deff6647-acfa-4f9b-9d86-d9e1bd7a9015,glm-5.1,True,9,False,,False,False,File Operations,File Tasks,lambda/hermes-agent-reasoning-traces:glm-5.1:train:1474,ok,
hermes:glm-5.1:df1f91fc-a1f1-4dff-8266-a399d3f14f33,df1f91fc-a1f1-4dff-8266-a399d3f14f33,glm-5.1,True,14,False,,False,False,Terminal & Coding,Terminal Tasks,lambda/hermes-agent-reasoning-traces:glm-5.1:train:2286,ok,
hermes:glm-5.1:df294080-ec51-4010-b703-4a5376f9da26,df294080-ec51-4010-b703-4a5376f9da26,glm-5.1,True,12,False,,False,False,Terminal & Coding,Terminal Tasks,lambda/hermes-agent-reasoning-traces:glm-5.1:train:1212,ok,
hermes:glm-5.1:df4170f6-6a90-4ad8-b60e-43679a283f2e,df4170f6-6a90-4ad8-b60e-43679a283f2e,glm-5.1,True,27,False,,False,False,Browser Automation,Browser Tasks,lambda/hermes-agent-reasoning-traces:glm-5.1:train:2996,ok,
hermes:glm-5.1:df787640-718e-486b-baa5-751217a9b1ba,df787640-718e-486b-baa5-751217a9b1ba,glm-5.1,True,12,False,,False,False,Terminal & Coding,Terminal Tasks,lambda/hermes-agent-reasoning-traces:glm-5.1:train:670,ok,
hermes:glm-5.1:df8903ca-64f4-451c-999c-38b24ce1899a,df8903ca-64f4-451c-999c-38b24ce1899a,glm-5.1,True,23,False,,False,False,Browser Automation,Browser Tasks,lambda/hermes-agent-reasoning-traces:glm-5.1:train:2681,ok,
hermes:glm-5.1:df929ffa-3a9e-4f75-be7b-8f50addef5ca,df929ffa-3a9e-4f75-be7b-8f50addef5ca,glm-5.1,True,10,False,,False,False,Terminal & Coding,Terminal Tasks,lambda/hermes-agent-reasoning-traces:glm-5.1:train:2384,ok,
hermes:glm-5.1:dfb3d2da-a4ed-4af5-9d5f-7fc462e3f185,dfb3d2da-a4ed-4af5-9d5f-7fc462e3f185,glm-5.1,True,12,False,,False,False,Multi-Tool,Multi-Tool Tasks,lambda/hermes-agent-reasoning-traces:glm-5.1:train:636,ok,
hermes:glm-5.1:dfd8d090-a29d-48b9-b1ba-c7974feff194,dfd8d090-a29d-48b9-b1ba-c7974feff194,glm-5.1,True,20,False,,False,False,Browser Automation,Browser Tasks,lambda/hermes-agent-reasoning-traces:glm-5.1:train:2611,ok,
hermes:glm-5.1:e00f202c-11a6-4ad5-b59d-ebf9be850992,e00f202c-11a6-4ad5-b59d-ebf9be850992,glm-5.1,True,18,False,,False,False,Terminal & Coding,Terminal Tasks,lambda/hermes-agent-reasoning-traces:glm-5.1:train:2470,ok,
hermes:glm-5.1:e012b375-b7e9-42df-95fa-c92b8810a017,e012b375-b7e9-42df-95fa-c92b8810a017,glm-5.1,True,15,False,,False,False,Scheduling,Cron Jobs,lambda/hermes-agent-reasoning-traces:glm-5.1:train:1078,ok,
hermes:glm-5.1:e04d2da7-2f73-403f-be69-1c3993c7f994,e04d2da7-2f73-403f-be69-1c3993c7f994,glm-5.1,True,29,False,,False,False,Terminal & Coding,Terminal Tasks,lambda/hermes-agent-reasoning-traces:glm-5.1:train:43,ok,
hermes:glm-5.1:e0742c1a-a169-42c6-91ed-61fefba31c9f,e0742c1a-a169-42c6-91ed-61fefba31c9f,glm-5.1,True,14,False,,False,False,Terminal & Coding,Terminal Tasks,lambda/hermes-agent-reasoning-traces:glm-5.1:train:999,ok,
hermes:glm-5.1:e08295a4-b222-4ac7-8816-c70be5e84fae,e08295a4-b222-4ac7-8816-c70be5e84fae,glm-5.1,True,21,False,,False,False,Terminal & Coding,Terminal Tasks,lambda/hermes-agent-reasoning-traces:glm-5.1:train:1140,ok,
hermes:glm-5.1:e085b64f-8c35-40d6-ab4b-98b5098c066f,e085b64f-8c35-40d6-ab4b-98b5098c066f,glm-5.1,True,29,False,,False,False,Terminal & Coding,Terminal Tasks,lambda/hermes-agent-reasoning-traces:glm-5.1:train:1585,ok,
hermes:glm-5.1:e0a5dade-1a51-40a3-affb-fefff4aef9c6,e0a5dade-1a51-40a3-affb-fefff4aef9c6,glm-5.1,True,12,False,,False,False,Terminal & Coding,Terminal Tasks,lambda/hermes-agent-reasoning-traces:glm-5.1:train:2270,ok,
hermes:glm-5.1:e0bf751d-e811-440d-90fb-457c8a5b8793,e0bf751d-e811-440d-90fb-457c8a5b8793,glm-5.1,True,13,False,,False,False,Terminal & Coding,Terminal Tasks,lambda/hermes-agent-reasoning-traces:glm-5.1:train:229,ok,
hermes:glm-5.1:e0ce5d04-c7da-4832-a3c5-237628ad446d,e0ce5d04-c7da-4832-a3c5-237628ad446d,glm-5.1,True,23,False,,False,False,Terminal & Coding,Terminal Tasks,lambda/hermes-agent-reasoning-traces:glm-5.1:train:1594,ok,
hermes:glm-5.1:e0d41cc7-55cb-49b2-bba6-f794bcc27f98,e0d41cc7-55cb-49b2-bba6-f794bcc27f98,glm-5.1,True,25,False,,False,False,Terminal & Coding,Terminal Tasks,lambda/hermes-agent-reasoning-traces:glm-5.1:train:1783,ok,
hermes:glm-5.1:e0e01d2b-ba05-42ee-84aa-935eb073c6e4,e0e01d2b-ba05-42ee-84aa-935eb073c6e4,glm-5.1,True,25,False,,False,False,Browser Automation,Browser Tasks,lambda/hermes-agent-reasoning-traces:glm-5.1:train:2626,ok,
hermes:glm-5.1:e0ec26b3-8a85-4cef-bc13-f7ebc663939a,e0ec26b3-8a85-4cef-bc13-f7ebc663939a,glm-5.1,True,12,False,,False,False,Terminal & Coding,Terminal Tasks,lambda/hermes-agent-reasoning-traces:glm-5.1:train:286,ok,
hermes:glm-5.1:e0f0f21a-b70b-48eb-90fc-f100d0edf164,e0f0f21a-b70b-48eb-90fc-f100d0edf164,glm-5.1,True,31,False,,False,False,Terminal & Coding,Terminal Tasks,lambda/hermes-agent-reasoning-traces:glm-5.1:train:2141,ok,
hermes:glm-5.1:e10a43c6-65ec-4ef1-8dfb-877cc9489947,e10a43c6-65ec-4ef1-8dfb-877cc9489947,glm-5.1,True,10,False,,False,False,Planning & Organization,Planning Tasks,lambda/hermes-agent-reasoning-traces:glm-5.1:train:2224,ok,
hermes:glm-5.1:e13532ab-e515-4aa9-a177-faa2686f8a54,e13532ab-e515-4aa9-a177-faa2686f8a54,glm-5.1,True,14,False,,False,False,Terminal & Coding,Terminal Tasks,lambda/hermes-agent-reasoning-traces:glm-5.1:train:1025,ok,
hermes:glm-5.1:e139c2b1-9ed1-43db-93d6-8eb27b79abf8,e139c2b1-9ed1-43db-93d6-8eb27b79abf8,glm-5.1,True,14,False,,False,False,Terminal & Coding,Terminal Tasks,lambda/hermes-agent-reasoning-traces:glm-5.1:train:338,ok,
hermes:glm-5.1:e147db74-7d41-4340-8b4d-583078987f12,e147db74-7d41-4340-8b4d-583078987f12,glm-5.1,True,14,False,,False,False,Browser Automation,Browser Tasks,lambda/hermes-agent-reasoning-traces:glm-5.1:train:2522,ok,
hermes:glm-5.1:e1520d1c-9f47-40f4-9c1c-bf5f7886361c,e1520d1c-9f47-40f4-9c1c-bf5f7886361c,glm-5.1,True,12,False,,False,False,Browser Automation,Browser Tasks,lambda/hermes-agent-reasoning-traces:glm-5.1:train:2635,ok,
hermes:glm-5.1:e166b194-773a-4f25-925d-93b3b17ea7e6,e166b194-773a-4f25-925d-93b3b17ea7e6,glm-5.1,True,16,False,,False,False,Terminal & Coding,Terminal Tasks,lambda/hermes-agent-reasoning-traces:glm-5.1:train:2405,ok,
hermes:glm-5.1:e16de4ed-fcca-4354-bcb6-42e7dced1911,e16de4ed-fcca-4354-bcb6-42e7dced1911,glm-5.1,True,27,False,,False,False,Terminal & Coding,Terminal Tasks,lambda/hermes-agent-reasoning-traces:glm-5.1:train:108,ok,
hermes:glm-5.1:e17b27b6-2cd2-4332-a8a1-09b4c89c953a,e17b27b6-2cd2-4332-a8a1-09b4c89c953a,glm-5.1,True,13,False,,False,False,Planning & Organization,Planning Tasks,lambda/hermes-agent-reasoning-traces:glm-5.1:train:2012,ok,
hermes:glm-5.1:e1840fdb-26b3-4b52-aa6c-acb743f392c6,e1840fdb-26b3-4b52-aa6c-acb743f392c6,glm-5.1,True,12,False,,False,False,Terminal & Coding,Terminal Tasks,lambda/hermes-agent-reasoning-traces:glm-5.1:train:1653,ok,
hermes:glm-5.1:e19d6e3c-8d89-4d85-89cf-788e11ce08c7,e19d6e3c-8d89-4d85-89cf-788e11ce08c7,glm-5.1,True,31,False,,False,False,Terminal & Coding,Terminal Tasks,lambda/hermes-agent-reasoning-traces:glm-5.1:train:1097,ok,
hermes:glm-5.1:e1bf861a-f34b-4f56-b26a-6420b6d6b9f2,e1bf861a-f34b-4f56-b26a-6420b6d6b9f2,glm-5.1,True,10,False,,False,False,Terminal & Coding,Terminal Tasks,lambda/hermes-agent-reasoning-traces:glm-5.1:train:2005,ok,
hermes:glm-5.1:e1c9a92f-50be-480c-9bcb-f64d5b533787,e1c9a92f-50be-480c-9bcb-f64d5b533787,glm-5.1,True,29,False,,False,False,Browser Automation,Browser Tasks,lambda/hermes-agent-reasoning-traces:glm-5.1:train:2930,ok,
hermes:glm-5.1:e1c9d5d5-2f11-446e-a3f2-9d1721f40f62,e1c9d5d5-2f11-446e-a3f2-9d1721f40f62,glm-5.1,True,31,False,,False,False,Terminal & Coding,Terminal Tasks,lambda/hermes-agent-reasoning-traces:glm-5.1:train:79,ok,
hermes:glm-5.1:e2118aeb-bd5d-487a-91ff-8c5480d01a6a,e2118aeb-bd5d-487a-91ff-8c5480d01a6a,glm-5.1,True,21,False,,False,False,Terminal & Coding,Terminal Tasks,lambda/hermes-agent-reasoning-traces:glm-5.1:train:883,ok,
hermes:glm-5.1:e219b45c-5e12-4857-ae73-b55a8a04d22b,e219b45c-5e12-4857-ae73-b55a8a04d22b,glm-5.1,True,29,False,,False,False,Terminal & Coding,Terminal Tasks,lambda/hermes-agent-reasoning-traces:glm-5.1:train:1969,ok,
hermes:glm-5.1:e2210700-b59c-4e9e-b63c-a06f39fcf00d,e2210700-b59c-4e9e-b63c-a06f39fcf00d,glm-5.1,True,16,False,,False,False,Terminal & Coding,Terminal Tasks,lambda/hermes-agent-reasoning-traces:glm-5.1:train:2100,ok,
hermes:glm-5.1:e23b11af-fe49-4688-a8f0-36ca1a7c15d4,e23b11af-fe49-4688-a8f0-36ca1a7c15d4,glm-5.1,True,23,False,,False,False,Terminal & Coding,Terminal Tasks,lambda/hermes-agent-reasoning-traces:glm-5.1:train:421,ok,
hermes:glm-5.1:e2499fd7-0f5a-4ddf-8b80-a926f6bd9926,e2499fd7-0f5a-4ddf-8b80-a926f6bd9926,glm-5.1,True,14,False,,False,False,Terminal & Coding,Terminal Tasks,lambda/hermes-agent-reasoning-traces:glm-5.1:train:1268,ok,
hermes:glm-5.1:e24a02ef-af80-4e63-845c-6c88507ce36c,e24a02ef-af80-4e63-845c-6c88507ce36c,glm-5.1,True,14,False,,False,False,Terminal & Coding,Terminal Tasks,lambda/hermes-agent-reasoning-traces:glm-5.1:train:1287,ok,
hermes:glm-5.1:e24c1669-069e-43aa-adad-3f965ffdebf2,e24c1669-069e-43aa-adad-3f965ffdebf2,glm-5.1,True,20,False,,False,False,Terminal & Coding,Terminal Tasks,lambda/hermes-agent-reasoning-traces:glm-5.1:train:1332,ok,
hermes:glm-5.1:e252fdd2-f7e5-46eb-86e4-64fab29403cc,e252fdd2-f7e5-46eb-86e4-64fab29403cc,glm-5.1,True,12,False,,False,False,Terminal & Coding,Terminal Tasks,lambda/hermes-agent-reasoning-traces:glm-5.1:train:1958,ok,
hermes:glm-5.1:e2530eb1-8935-42be-b4f4-31c48df1ffdf,e2530eb1-8935-42be-b4f4-31c48df1ffdf,glm-5.1,True,22,False,,False,False,Scheduling,Cron Jobs,lambda/hermes-agent-reasoning-traces:glm-5.1:train:1582,ok,
hermes:glm-5.1:e260ad47-86ae-493a-a53a-0529021e659d,e260ad47-86ae-493a-a53a-0529021e659d,glm-5.1,True,14,False,,False,False,Terminal & Coding,Terminal Tasks,lambda/hermes-agent-reasoning-traces:glm-5.1:train:1841,ok,
hermes:glm-5.1:e26bba54-9ff5-42c7-ad11-701961f12c58,e26bba54-9ff5-42c7-ad11-701961f12c58,glm-5.1,True,14,False,,False,False,Planning & Organization,Planning Tasks,lambda/hermes-agent-reasoning-traces:glm-5.1:train:1616,ok,
hermes:glm-5.1:e2733489-ea5c-4382-8a42-321d634ee564,e2733489-ea5c-4382-8a42-321d634ee564,glm-5.1,True,10,False,,False,False,Planning & Organization,Planning Tasks,lambda/hermes-agent-reasoning-traces:glm-5.1:train:2443,ok,
hermes:glm-5.1:e297ae5b-0c06-4295-a0c9-ccef7bafd623,e297ae5b-0c06-4295-a0c9-ccef7bafd623,glm-5.1,True,10,False,,False,False,Terminal & Coding,Terminal Tasks,lambda/hermes-agent-reasoning-traces:glm-5.1:train:888,ok,
hermes:glm-5.1:e29b96db-ab21-4810-a2cc-d068bb86c5cf,e29b96db-ab21-4810-a2cc-d068bb86c5cf,glm-5.1,True,29,False,,False,False,Browser Automation,Browser Tasks,lambda/hermes-agent-reasoning-traces:glm-5.1:train:2770,ok,
hermes:glm-5.1:e2a7ec14-a832-44e5-abdb-f9bd770465fe,e2a7ec14-a832-44e5-abdb-f9bd770465fe,glm-5.1,True,23,False,,False,False,File Operations,File Tasks,lambda/hermes-agent-reasoning-traces:glm-5.1:train:2318,ok,
hermes:glm-5.1:e2ca0cec-4b72-446b-a808-82b5caad7a1e,e2ca0cec-4b72-446b-a808-82b5caad7a1e,glm-5.1,True,17,False,,False,False,Terminal & Coding,Terminal Tasks,lambda/hermes-agent-reasoning-traces:glm-5.1:train:2034,ok,
hermes:glm-5.1:e31c5d0a-0a99-4c54-a4d4-a8dbc27bfcd6,e31c5d0a-0a99-4c54-a4d4-a8dbc27bfcd6,glm-5.1,True,29,False,,False,False,Terminal & Coding,Terminal Tasks,lambda/hermes-agent-reasoning-traces:glm-5.1:train:123,ok,
hermes:glm-5.1:e349f72d-305f-499a-92b8-3d4c425c5a01,e349f72d-305f-499a-92b8-3d4c425c5a01,glm-5.1,True,25,False,,False,False,Agent Tools,Background Processes,lambda/hermes-agent-reasoning-traces:glm-5.1:train:290,ok,
hermes:glm-5.1:e34ababb-1080-4b25-8b1a-f468dcda75c8,e34ababb-1080-4b25-8b1a-f468dcda75c8,glm-5.1,True,18,False,,False,False,Terminal & Coding,Terminal Tasks,lambda/hermes-agent-reasoning-traces:glm-5.1:train:780,ok,
hermes:glm-5.1:e34aea1d-317a-45cd-b35c-c243ce90c5e4,e34aea1d-317a-45cd-b35c-c243ce90c5e4,glm-5.1,True,25,False,,False,False,Terminal & Coding,Terminal Tasks,lambda/hermes-agent-reasoning-traces:glm-5.1:train:937,ok,
hermes:glm-5.1:e34b2ab6-166e-4da7-b811-6e96960aa46e,e34b2ab6-166e-4da7-b811-6e96960aa46e,glm-5.1,True,12,False,,False,False,Terminal & Coding,Terminal Tasks,lambda/hermes-agent-reasoning-traces:glm-5.1:train:1193,ok,
hermes:glm-5.1:e34fc358-1cea-456e-ba0d-51cfbd1a488b,e34fc358-1cea-456e-ba0d-51cfbd1a488b,glm-5.1,True,18,False,,False,False,File Operations,File Tasks,lambda/hermes-agent-reasoning-traces:glm-5.1:train:2376,ok,
hermes:glm-5.1:e37154d4-4c20-4215-aeae-edfa92f4ea77,e37154d4-4c20-4215-aeae-edfa92f4ea77,glm-5.1,True,15,False,,False,False,Terminal & Coding,Terminal Tasks,lambda/hermes-agent-reasoning-traces:glm-5.1:train:814,ok,
hermes:glm-5.1:e38c799e-04ad-4138-9221-b63fb22009df,e38c799e-04ad-4138-9221-b63fb22009df,glm-5.1,True,21,False,,False,False,Browser Automation,Browser Tasks,lambda/hermes-agent-reasoning-traces:glm-5.1:train:2828,ok,
hermes:glm-5.1:e38f9635-4532-4b57-ba43-de43c397744f,e38f9635-4532-4b57-ba43-de43c397744f,glm-5.1,True,14,False,,False,False,Terminal & Coding,Terminal Tasks,lambda/hermes-agent-reasoning-traces:glm-5.1:train:687,ok,
hermes:glm-5.1:e399ca29-0313-4fa7-b23d-70b72573f96a,e399ca29-0313-4fa7-b23d-70b72573f96a,glm-5.1,True,12,False,,False,False,Terminal & Coding,Terminal Tasks,lambda/hermes-agent-reasoning-traces:glm-5.1:train:1578,ok,
hermes:glm-5.1:e3f9cba8-6f87-4503-9d58-538766a6d68f,e3f9cba8-6f87-4503-9d58-538766a6d68f,glm-5.1,True,15,False,,False,False,Scheduling,Cron Jobs,lambda/hermes-agent-reasoning-traces:glm-5.1:train:129,ok,
hermes:glm-5.1:e425e1b0-e6f2-49fa-ab5e-a9b6b48cdf23,e425e1b0-e6f2-49fa-ab5e-a9b6b48cdf23,glm-5.1,True,18,False,,False,False,Terminal & Coding,Terminal Tasks,lambda/hermes-agent-reasoning-traces:glm-5.1:train:1482,ok,
hermes:glm-5.1:e44154b9-1e3d-4954-8fa3-b9769a880780,e44154b9-1e3d-4954-8fa3-b9769a880780,glm-5.1,True,25,False,,False,False,Terminal & Coding,Terminal Tasks,lambda/hermes-agent-reasoning-traces:glm-5.1:train:1555,ok,
hermes:glm-5.1:e44d5860-35b6-49d5-98ec-3a32823eb496,e44d5860-35b6-49d5-98ec-3a32823eb496,glm-5.1,True,27,False,,False,False,Browser Automation,Browser Tasks,lambda/hermes-agent-reasoning-traces:glm-5.1:train:2628,ok,
hermes:glm-5.1:e45ca833-8598-49b7-8cd0-72151c7d8345,e45ca833-8598-49b7-8cd0-72151c7d8345,glm-5.1,True,16,False,,False,False,Terminal & Coding,Terminal Tasks,lambda/hermes-agent-reasoning-traces:glm-5.1:train:709,ok,
hermes:glm-5.1:e46ad698-f7e9-4176-ae22-0e417552d55c,e46ad698-f7e9-4176-ae22-0e417552d55c,glm-5.1,True,9,False,,False,False,Browser Automation,Browser Tasks,lambda/hermes-agent-reasoning-traces:glm-5.1:train:2528,ok,
hermes:glm-5.1:e48b4957-6644-4c7b-ad2c-70d0b1d388fd,e48b4957-6644-4c7b-ad2c-70d0b1d388fd,glm-5.1,True,25,False,,False,False,Terminal & Coding,Terminal Tasks,lambda/hermes-agent-reasoning-traces:glm-5.1:train:2059,ok,
hermes:glm-5.1:e49f6ad5-07af-4e8a-97a2-dc7468ccd22f,e49f6ad5-07af-4e8a-97a2-dc7468ccd22f,glm-5.1,True,21,False,,False,False,Terminal & Coding,Terminal Tasks,lambda/hermes-agent-reasoning-traces:glm-5.1:train:2290,ok,
hermes:glm-5.1:e4a858a3-1765-475f-9652-350dc3999e51,e4a858a3-1765-475f-9652-350dc3999e51,glm-5.1,True,12,False,,False,False,Terminal & Coding,Terminal Tasks,lambda/hermes-agent-reasoning-traces:glm-5.1:train:2445,ok,
hermes:glm-5.1:e4b22133-2c4b-4d26-925b-4d66df9016dd,e4b22133-2c4b-4d26-925b-4d66df9016dd,glm-5.1,True,20,False,,False,False,Terminal & Coding,Terminal Tasks,lambda/hermes-agent-reasoning-traces:glm-5.1:train:1642,ok,
hermes:glm-5.1:e4b2da05-984c-40bd-9d34-1c407613f930,e4b2da05-984c-40bd-9d34-1c407613f930,glm-5.1,True,21,False,,False,False,Browser Automation,Browser Tasks,lambda/hermes-agent-reasoning-traces:glm-5.1:train:2712,ok,
hermes:glm-5.1:e4c8aad4-8a4f-403f-8cbb-908e435d9ff2,e4c8aad4-8a4f-403f-8cbb-908e435d9ff2,glm-5.1,True,33,False,,False,False,Terminal & Coding,Terminal Tasks,lambda/hermes-agent-reasoning-traces:glm-5.1:train:1902,ok,
hermes:glm-5.1:e4e24741-83f7-4c51-90c3-0052c164bb91,e4e24741-83f7-4c51-90c3-0052c164bb91,glm-5.1,True,21,False,,False,False,Browser Automation,Browser Tasks,lambda/hermes-agent-reasoning-traces:glm-5.1:train:2851,ok,
hermes:glm-5.1:e4e4507d-5d50-42fa-b8c5-2f5b7ade1de3,e4e4507d-5d50-42fa-b8c5-2f5b7ade1de3,glm-5.1,True,19,False,,False,False,Scheduling,Cron Jobs,lambda/hermes-agent-reasoning-traces:glm-5.1:train:1484,ok,
hermes:glm-5.1:e4e71b8b-a2ef-4bee-ab94-e53d3a87a82f,e4e71b8b-a2ef-4bee-ab94-e53d3a87a82f,glm-5.1,True,23,False,,False,False,Terminal & Coding,Terminal Tasks,lambda/hermes-agent-reasoning-traces:glm-5.1:train:907,ok,
hermes:glm-5.1:e5009c07-6f56-445b-8304-3c2b2d722668,e5009c07-6f56-445b-8304-3c2b2d722668,glm-5.1,True,12,False,,False,False,Terminal & Coding,Terminal Tasks,lambda/hermes-agent-reasoning-traces:glm-5.1:train:2432,ok,
hermes:glm-5.1:e50b9961-5906-48df-bb67-0b7619995487,e50b9961-5906-48df-bb67-0b7619995487,glm-5.1,True,13,False,,False,False,Terminal & Coding,Terminal Tasks,lambda/hermes-agent-reasoning-traces:glm-5.1:train:296,ok,
hermes:glm-5.1:e52edd8b-57ae-4c52-9068-b55c2857374f,e52edd8b-57ae-4c52-9068-b55c2857374f,glm-5.1,True,29,False,,False,False,Terminal & Coding,Terminal Tasks,lambda/hermes-agent-reasoning-traces:glm-5.1:train:2346,ok,
hermes:glm-5.1:e53581c4-968b-4ff2-b962-2d0453f1ef39,e53581c4-968b-4ff2-b962-2d0453f1ef39,glm-5.1,True,25,False,,False,False,Terminal & Coding,Terminal Tasks,lambda/hermes-agent-reasoning-traces:glm-5.1:train:1274,ok,
hermes:glm-5.1:e5b5e4b9-d170-4009-a772-bb85c21866d3,e5b5e4b9-d170-4009-a772-bb85c21866d3,glm-5.1,True,23,False,,False,False,Browser Automation,Browser Tasks,lambda/hermes-agent-reasoning-traces:glm-5.1:train:2733,ok,
hermes:glm-5.1:e5b8fe23-db83-4882-9322-ffb98c79ed7b,e5b8fe23-db83-4882-9322-ffb98c79ed7b,glm-5.1,True,16,False,,False,False,Terminal & Coding,Terminal Tasks,lambda/hermes-agent-reasoning-traces:glm-5.1:train:2309,ok,
hermes:glm-5.1:e5c9622a-70c6-49ae-8ae6-f1165360fd09,e5c9622a-70c6-49ae-8ae6-f1165360fd09,glm-5.1,True,29,False,,False,False,Terminal & Coding,Terminal Tasks,lambda/hermes-agent-reasoning-traces:glm-5.1:train:584,ok,
hermes:glm-5.1:e5cc3d51-63c4-423e-87cc-7076f1004d06,e5cc3d51-63c4-423e-87cc-7076f1004d06,glm-5.1,True,9,False,,False,False,Terminal & Coding,Terminal Tasks,lambda/hermes-agent-reasoning-traces:glm-5.1:train:1713,ok,
hermes:glm-5.1:e5ef7697-90c1-4ca9-8e51-d1d0d43fd593,e5ef7697-90c1-4ca9-8e51-d1d0d43fd593,glm-5.1,True,22,False,,False,False,Terminal & Coding,Terminal Tasks,lambda/hermes-agent-reasoning-traces:glm-5.1:train:1416,ok,
hermes:glm-5.1:e5fee61d-948c-441c-9e06-5b14757c377b,e5fee61d-948c-441c-9e06-5b14757c377b,glm-5.1,True,10,False,,False,False,Terminal & Coding,Terminal Tasks,lambda/hermes-agent-reasoning-traces:glm-5.1:train:753,ok,
hermes:glm-5.1:e5ff10a5-ccb4-47c0-9f29-a181b187a202,e5ff10a5-ccb4-47c0-9f29-a181b187a202,glm-5.1,True,17,False,,False,False,Terminal & Coding,Terminal Tasks,lambda/hermes-agent-reasoning-traces:glm-5.1:train:406,ok,
hermes:glm-5.1:e60776ad-888d-4edd-a985-a053efc2b900,e60776ad-888d-4edd-a985-a053efc2b900,glm-5.1,True,27,False,,False,False,Terminal & Coding,Terminal Tasks,lambda/hermes-agent-reasoning-traces:glm-5.1:train:647,ok,
hermes:glm-5.1:e6169669-fb07-46e9-88dd-70d7736b7dc2,e6169669-fb07-46e9-88dd-70d7736b7dc2,glm-5.1,True,14,False,,False,False,Terminal & Coding,Terminal Tasks,lambda/hermes-agent-reasoning-traces:glm-5.1:train:751,ok,
hermes:glm-5.1:e6235dbb-9e69-456f-893c-6e45cac06fc3,e6235dbb-9e69-456f-893c-6e45cac06fc3,glm-5.1,True,13,False,,False,False,Multi-Tool,Multi-Tool Tasks,lambda/hermes-agent-reasoning-traces:glm-5.1:train:630,ok,
hermes:glm-5.1:e62d35c9-3fb2-4f11-bd0b-b436fec19234,e62d35c9-3fb2-4f11-bd0b-b436fec19234,glm-5.1,True,29,False,,False,False,Browser Automation,Browser Tasks,lambda/hermes-agent-reasoning-traces:glm-5.1:train:2508,ok,
hermes:glm-5.1:e62e8e6d-e18d-4e02-ad8a-8a38e472c245,e62e8e6d-e18d-4e02-ad8a-8a38e472c245,glm-5.1,True,12,False,,False,False,Terminal & Coding,Terminal Tasks,lambda/hermes-agent-reasoning-traces:glm-5.1:train:403,ok,
hermes:glm-5.1:e631afde-c9ae-4d58-8cfd-2028a8fcdb70,e631afde-c9ae-4d58-8cfd-2028a8fcdb70,glm-5.1,True,12,False,,False,False,Terminal & Coding,Terminal Tasks,lambda/hermes-agent-reasoning-traces:glm-5.1:train:195,ok,
hermes:glm-5.1:e63325b8-945b-4d9d-8ae0-d634217b449d,e63325b8-945b-4d9d-8ae0-d634217b449d,glm-5.1,True,12,False,,False,False,Terminal & Coding,Terminal Tasks,lambda/hermes-agent-reasoning-traces:glm-5.1:train:2164,ok,
hermes:glm-5.1:e6383cd0-58c4-4728-9ba2-b0a91d607757,e6383cd0-58c4-4728-9ba2-b0a91d607757,glm-5.1,True,27,False,,False,False,Terminal & Coding,Terminal Tasks,lambda/hermes-agent-reasoning-traces:glm-5.1:train:515,ok,
hermes:glm-5.1:e69bdf47-7434-4d9a-859e-a25b8f78bd9c,e69bdf47-7434-4d9a-859e-a25b8f78bd9c,glm-5.1,True,23,False,,False,False,Terminal & Coding,Terminal Tasks,lambda/hermes-agent-reasoning-traces:glm-5.1:train:2217,ok,
hermes:glm-5.1:e7046746-5b69-465d-85d3-f61ee831fa8a,e7046746-5b69-465d-85d3-f61ee831fa8a,glm-5.1,True,27,False,,False,False,Terminal & Coding,Terminal Tasks,lambda/hermes-agent-reasoning-traces:glm-5.1:train:2323,ok,
hermes:glm-5.1:e709ee4b-ebd4-44b4-b2c0-c88101254514,e709ee4b-ebd4-44b4-b2c0-c88101254514,glm-5.1,True,20,False,,False,False,Browser Automation,Browser Tasks,lambda/hermes-agent-reasoning-traces:glm-5.1:train:2876,ok,
hermes:glm-5.1:e71377bd-6c8d-4ed3-8fb0-969a66534bdb,e71377bd-6c8d-4ed3-8fb0-969a66534bdb,glm-5.1,True,12,False,,False,False,Terminal & Coding,Terminal Tasks,lambda/hermes-agent-reasoning-traces:glm-5.1:train:700,ok,
hermes:glm-5.1:e72951ba-043c-4f9c-a263-0fb0dabd1b70,e72951ba-043c-4f9c-a263-0fb0dabd1b70,glm-5.1,True,19,False,,False,False,Terminal & Coding,Terminal Tasks,lambda/hermes-agent-reasoning-traces:glm-5.1:train:1216,ok,
hermes:glm-5.1:e75d3ba2-1b9e-4d52-8098-f46a44f5ea2d,e75d3ba2-1b9e-4d52-8098-f46a44f5ea2d,glm-5.1,True,14,False,,False,False,File Operations,File Tasks,lambda/hermes-agent-reasoning-traces:glm-5.1:train:1252,ok,
hermes:glm-5.1:e76361d1-f956-430c-b9ac-a8ee64d49c14,e76361d1-f956-430c-b9ac-a8ee64d49c14,glm-5.1,True,25,False,,False,False,Terminal & Coding,Terminal Tasks,lambda/hermes-agent-reasoning-traces:glm-5.1:train:2255,ok,
hermes:glm-5.1:e76e42b2-6388-43b1-a111-6060eb4c22b7,e76e42b2-6388-43b1-a111-6060eb4c22b7,glm-5.1,True,18,False,,False,False,Terminal & Coding,Terminal Tasks,lambda/hermes-agent-reasoning-traces:glm-5.1:train:1572,ok,
hermes:glm-5.1:e773baad-a1cc-4b23-bc43-94f1a4959242,e773baad-a1cc-4b23-bc43-94f1a4959242,glm-5.1,True,14,False,,False,False,Terminal & Coding,Terminal Tasks,lambda/hermes-agent-reasoning-traces:glm-5.1:train:1172,ok,
hermes:glm-5.1:e79fdc3b-3afb-48cb-8b00-12cc8a9250c1,e79fdc3b-3afb-48cb-8b00-12cc8a9250c1,glm-5.1,True,14,False,,False,False,Terminal & Coding,Terminal Tasks,lambda/hermes-agent-reasoning-traces:glm-5.1:train:1483,ok,
hermes:glm-5.1:e7c39b2b-d649-44e8-9507-75a7ca2348fb,e7c39b2b-d649-44e8-9507-75a7ca2348fb,glm-5.1,True,18,False,,False,False,Terminal & Coding,Terminal Tasks,lambda/hermes-agent-reasoning-traces:glm-5.1:train:1943,ok,
hermes:glm-5.1:e7d8a051-6309-458f-aab9-5fe76b3ba25a,e7d8a051-6309-458f-aab9-5fe76b3ba25a,glm-5.1,True,19,False,,False,False,File Operations,File Tasks,lambda/hermes-agent-reasoning-traces:glm-5.1:train:390,ok,
hermes:glm-5.1:e7ebd3ea-192e-4048-8c5d-300a29c4d929,e7ebd3ea-192e-4048-8c5d-300a29c4d929,glm-5.1,True,14,False,,False,False,Scheduling,Cron Jobs,lambda/hermes-agent-reasoning-traces:glm-5.1:train:1730,ok,
hermes:glm-5.1:e801dcbe-2a0e-4f3d-9a24-49b027b7daf4,e801dcbe-2a0e-4f3d-9a24-49b027b7daf4,glm-5.1,True,10,False,,False,False,Terminal & Coding,Terminal Tasks,lambda/hermes-agent-reasoning-traces:glm-5.1:train:2162,ok,
hermes:glm-5.1:e805017a-9109-455e-a623-525ac4d6723d,e805017a-9109-455e-a623-525ac4d6723d,glm-5.1,True,10,False,,False,False,Terminal & Coding,Terminal Tasks,lambda/hermes-agent-reasoning-traces:glm-5.1:train:1091,ok,
hermes:glm-5.1:e815c64b-6be0-4e60-b7b6-cbdb682957b4,e815c64b-6be0-4e60-b7b6-cbdb682957b4,glm-5.1,True,14,False,,False,False,Terminal & Coding,Terminal Tasks,lambda/hermes-agent-reasoning-traces:glm-5.1:train:2488,ok,
hermes:glm-5.1:e81d982b-7daa-4abc-8734-fcc276842537,e81d982b-7daa-4abc-8734-fcc276842537,glm-5.1,True,25,False,,False,False,Browser Automation,Browser Tasks,lambda/hermes-agent-reasoning-traces:glm-5.1:train:2646,ok,
hermes:glm-5.1:e8645b1e-052d-416c-89f7-798a9f412a87,e8645b1e-052d-416c-89f7-798a9f412a87,glm-5.1,True,21,False,,False,False,Terminal & Coding,Terminal Tasks,lambda/hermes-agent-reasoning-traces:glm-5.1:train:2424,ok,
hermes:glm-5.1:e88a0176-dc07-4a9f-8647-59b8e73aac01,e88a0176-dc07-4a9f-8647-59b8e73aac01,glm-5.1,True,14,False,,False,False,Terminal & Coding,Terminal Tasks,lambda/hermes-agent-reasoning-traces:glm-5.1:train:1048,ok,
hermes:glm-5.1:e89389b9-cf42-4129-a029-0dd8c85d532c,e89389b9-cf42-4129-a029-0dd8c85d532c,glm-5.1,True,25,False,,False,False,Terminal & Coding,Terminal Tasks,lambda/hermes-agent-reasoning-traces:glm-5.1:train:1813,ok,
hermes:glm-5.1:e895ec1d-e02e-4b03-b111-ddbdb2a7181b,e895ec1d-e02e-4b03-b111-ddbdb2a7181b,glm-5.1,True,18,False,,False,False,Scheduling,Cron Jobs,lambda/hermes-agent-reasoning-traces:glm-5.1:train:1042,ok,
hermes:glm-5.1:e8c4ab8d-42c7-4c30-b249-adde1cee4b4c,e8c4ab8d-42c7-4c30-b249-adde1cee4b4c,glm-5.1,True,33,False,,False,False,Terminal & Coding,Terminal Tasks,lambda/hermes-agent-reasoning-traces:glm-5.1:train:2,ok,
hermes:glm-5.1:e8d0973f-56a1-4ce6-9d22-55f2c4e3151a,e8d0973f-56a1-4ce6-9d22-55f2c4e3151a,glm-5.1,True,10,False,,False,False,Terminal & Coding,Terminal Tasks,lambda/hermes-agent-reasoning-traces:glm-5.1:train:1210,ok,
hermes:glm-5.1:e8fe580f-0c77-401a-8dfe-ac0767eb68c5,e8fe580f-0c77-401a-8dfe-ac0767eb68c5,glm-5.1,True,27,False,,False,False,Terminal & Coding,Terminal Tasks,lambda/hermes-agent-reasoning-traces:glm-5.1:train:53,ok,
hermes:glm-5.1:e8ffef5d-6bce-44d6-96aa-bd7596c1e585,e8ffef5d-6bce-44d6-96aa-bd7596c1e585,glm-5.1,True,27,False,,False,False,Browser Automation,Browser Tasks,lambda/hermes-agent-reasoning-traces:glm-5.1:train:2855,ok,
hermes:glm-5.1:e926593d-8373-4178-9dad-46699ddc1f95,e926593d-8373-4178-9dad-46699ddc1f95,glm-5.1,True,18,False,,False,False,Terminal & Coding,Terminal Tasks,lambda/hermes-agent-reasoning-traces:glm-5.1:train:1747,ok,
hermes:glm-5.1:e931b3d4-b151-4544-a29c-658db654a2a0,e931b3d4-b151-4544-a29c-658db654a2a0,glm-5.1,True,22,False,,False,False,Browser Automation,Browser Tasks,lambda/hermes-agent-reasoning-traces:glm-5.1:train:2511,ok,
hermes:glm-5.1:e93bb773-3162-465e-95b0-dbdda597cf70,e93bb773-3162-465e-95b0-dbdda597cf70,glm-5.1,True,10,False,,False,False,File Operations,File Tasks,lambda/hermes-agent-reasoning-traces:glm-5.1:train:1998,ok,
hermes:glm-5.1:e958899a-da05-4c3f-b991-78657f2a51ff,e958899a-da05-4c3f-b991-78657f2a51ff,glm-5.1,True,10,False,,False,False,Terminal & Coding,Terminal Tasks,lambda/hermes-agent-reasoning-traces:glm-5.1:train:2043,ok,
hermes:glm-5.1:e95d28cd-6c5d-408d-b971-3601ba11b5f3,e95d28cd-6c5d-408d-b971-3601ba11b5f3,glm-5.1,True,29,False,,False,False,Browser Automation,Browser Tasks,lambda/hermes-agent-reasoning-traces:glm-5.1:train:2810,ok,
hermes:glm-5.1:e96af5a4-9e67-422a-bb99-10a7147a496a,e96af5a4-9e67-422a-bb99-10a7147a496a,glm-5.1,True,10,False,,False,False,Terminal & Coding,Terminal Tasks,lambda/hermes-agent-reasoning-traces:glm-5.1:train:840,ok,
hermes:glm-5.1:e96e17e0-ec7b-403b-ab81-0c6c75ed886a,e96e17e0-ec7b-403b-ab81-0c6c75ed886a,glm-5.1,True,22,False,,False,False,Planning & Organization,Planning Tasks,lambda/hermes-agent-reasoning-traces:glm-5.1:train:1174,ok,
hermes:glm-5.1:e9772f33-fade-4462-8396-aeaedcfc9b22,e9772f33-fade-4462-8396-aeaedcfc9b22,glm-5.1,True,12,False,,False,False,Terminal & Coding,Terminal Tasks,lambda/hermes-agent-reasoning-traces:glm-5.1:train:1651,ok,
hermes:glm-5.1:e97c8e81-a67c-4e90-9dd7-a17f7a3a4868,e97c8e81-a67c-4e90-9dd7-a17f7a3a4868,glm-5.1,True,23,False,,False,False,Planning & Organization,Planning Tasks,lambda/hermes-agent-reasoning-traces:glm-5.1:train:1984,ok,
hermes:glm-5.1:e993f217-b06f-4ef6-a116-ccf8be298182,e993f217-b06f-4ef6-a116-ccf8be298182,glm-5.1,True,12,False,,False,False,Terminal & Coding,Terminal Tasks,lambda/hermes-agent-reasoning-traces:glm-5.1:train:2113,ok,
hermes:glm-5.1:e99e2d49-e5b9-4850-916a-ecbd77e7a1a1,e99e2d49-e5b9-4850-916a-ecbd77e7a1a1,glm-5.1,True,23,False,,False,False,Terminal & Coding,Terminal Tasks,lambda/hermes-agent-reasoning-traces:glm-5.1:train:143,ok,
hermes:glm-5.1:e9ab4c08-9372-4020-84dd-e624ec19610c,e9ab4c08-9372-4020-84dd-e624ec19610c,glm-5.1,True,14,False,,False,False,Terminal & Coding,Terminal Tasks,lambda/hermes-agent-reasoning-traces:glm-5.1:train:2026,ok,
hermes:glm-5.1:e9d203ef-b8e7-4b87-91ec-08c791513c5c,e9d203ef-b8e7-4b87-91ec-08c791513c5c,glm-5.1,True,12,False,,False,False,Terminal & Coding,Terminal Tasks,lambda/hermes-agent-reasoning-traces:glm-5.1:train:2003,ok,
hermes:glm-5.1:e9d685fd-b970-46f4-9beb-efc6fb908a3a,e9d685fd-b970-46f4-9beb-efc6fb908a3a,glm-5.1,True,15,False,,False,False,Terminal & Coding,Terminal Tasks,lambda/hermes-agent-reasoning-traces:glm-5.1:train:2170,ok,
hermes:glm-5.1:e9ec2eba-e231-4891-b772-7bc4897a9681,e9ec2eba-e231-4891-b772-7bc4897a9681,glm-5.1,True,12,False,,False,False,File Operations,File Tasks,lambda/hermes-agent-reasoning-traces:glm-5.1:train:62,ok,
hermes:glm-5.1:e9f5c571-df1a-4713-bbc8-d7cb237846e4,e9f5c571-df1a-4713-bbc8-d7cb237846e4,glm-5.1,True,10,False,,False,False,Terminal & Coding,Terminal Tasks,lambda/hermes-agent-reasoning-traces:glm-5.1:train:1569,ok,
hermes:glm-5.1:e9f5d350-6d3b-464f-9d5d-6f9c536285ae,e9f5d350-6d3b-464f-9d5d-6f9c536285ae,glm-5.1,True,21,False,,False,False,Browser Automation,Browser Tasks,lambda/hermes-agent-reasoning-traces:glm-5.1:train:2845,ok,
hermes:glm-5.1:ea1c6107-49d9-441d-82b2-bf448a988017,ea1c6107-49d9-441d-82b2-bf448a988017,glm-5.1,True,16,False,,False,False,Terminal & Coding,Terminal Tasks,lambda/hermes-agent-reasoning-traces:glm-5.1:train:2328,ok,
hermes:glm-5.1:ea2ec6d0-330c-40ee-aaa9-9b708f0e1349,ea2ec6d0-330c-40ee-aaa9-9b708f0e1349,glm-5.1,True,31,False,,False,False,Terminal & Coding,Terminal Tasks,lambda/hermes-agent-reasoning-traces:glm-5.1:train:2077,ok,
hermes:glm-5.1:ea3e63c2-02d8-49d9-bed4-7b27b9da38f7,ea3e63c2-02d8-49d9-bed4-7b27b9da38f7,glm-5.1,True,25,False,,False,False,File Operations,File Tasks,lambda/hermes-agent-reasoning-traces:glm-5.1:train:1666,ok,
hermes:glm-5.1:ea547415-ff22-4621-80af-26c25ea42de4,ea547415-ff22-4621-80af-26c25ea42de4,glm-5.1,True,29,False,,False,False,Browser Automation,Browser Tasks,lambda/hermes-agent-reasoning-traces:glm-5.1:train:2817,ok,
hermes:glm-5.1:ea56a2b2-71d2-43fd-beeb-4e75d500c6b7,ea56a2b2-71d2-43fd-beeb-4e75d500c6b7,glm-5.1,True,25,False,,False,False,Agent Tools,Background Processes,lambda/hermes-agent-reasoning-traces:glm-5.1:train:1053,ok,
hermes:glm-5.1:ea5c6509-89a5-4a68-8f24-40aeea9f51e9,ea5c6509-89a5-4a68-8f24-40aeea9f51e9,glm-5.1,True,12,False,,False,False,Agent Tools,Background Processes,lambda/hermes-agent-reasoning-traces:glm-5.1:train:1690,ok,
hermes:glm-5.1:ea5f1c0f-b92e-42aa-81c4-1731655b9699,ea5f1c0f-b92e-42aa-81c4-1731655b9699,glm-5.1,True,10,False,,False,False,Terminal & Coding,Terminal Tasks,lambda/hermes-agent-reasoning-traces:glm-5.1:train:1480,ok,
hermes:glm-5.1:ea9ae2c5-7cea-4568-a8eb-da6d6e466069,ea9ae2c5-7cea-4568-a8eb-da6d6e466069,glm-5.1,True,25,False,,False,False,Terminal & Coding,Terminal Tasks,lambda/hermes-agent-reasoning-traces:glm-5.1:train:303,ok,
hermes:glm-5.1:eaa1b7a6-de41-4532-b188-05bada5dad14,eaa1b7a6-de41-4532-b188-05bada5dad14,glm-5.1,True,27,False,,False,False,Browser Automation,Browser Tasks,lambda/hermes-agent-reasoning-traces:glm-5.1:train:2963,ok,
hermes:glm-5.1:eaa5d5a8-9651-4c17-963e-c5ffa1123d1f,eaa5d5a8-9651-4c17-963e-c5ffa1123d1f,glm-5.1,True,16,False,,False,False,Terminal & Coding,Terminal Tasks,lambda/hermes-agent-reasoning-traces:glm-5.1:train:557,ok,
hermes:glm-5.1:eab981fe-bab0-444e-8c9a-2534433dddd3,eab981fe-bab0-444e-8c9a-2534433dddd3,glm-5.1,True,27,False,,False,False,File Operations,File Tasks,lambda/hermes-agent-reasoning-traces:glm-5.1:train:487,ok,
hermes:glm-5.1:ead5c0a5-9757-489f-a478-77e1fd279570,ead5c0a5-9757-489f-a478-77e1fd279570,glm-5.1,True,25,False,,False,False,Browser Automation,Browser Tasks,lambda/hermes-agent-reasoning-traces:glm-5.1:train:2510,ok,
hermes:glm-5.1:ead60a1b-c819-4b27-8cf1-168e1d802547,ead60a1b-c819-4b27-8cf1-168e1d802547,glm-5.1,True,23,False,,False,False,Terminal & Coding,Terminal Tasks,lambda/hermes-agent-reasoning-traces:glm-5.1:train:1670,ok,
hermes:glm-5.1:eae3945d-2edb-4f6d-9a5e-8cd0bca244e7,eae3945d-2edb-4f6d-9a5e-8cd0bca244e7,glm-5.1,True,17,False,,False,False,Terminal & Coding,Terminal Tasks,lambda/hermes-agent-reasoning-traces:glm-5.1:train:1924,ok,
hermes:glm-5.1:eb04031c-02df-44ba-b288-747dfcedd17d,eb04031c-02df-44ba-b288-747dfcedd17d,glm-5.1,True,18,False,,False,False,Browser Automation,Browser Tasks,lambda/hermes-agent-reasoning-traces:glm-5.1:train:2655,ok,
hermes:glm-5.1:eb3bae76-4548-4475-ac07-2f7e218d6d94,eb3bae76-4548-4475-ac07-2f7e218d6d94,glm-5.1,True,21,False,,False,False,Terminal & Coding,Terminal Tasks,lambda/hermes-agent-reasoning-traces:glm-5.1:train:1772,ok,
hermes:glm-5.1:eb547e25-86e9-4f6d-b528-c6263181176f,eb547e25-86e9-4f6d-b528-c6263181176f,glm-5.1,True,12,False,,False,False,Scheduling,Cron Jobs,lambda/hermes-agent-reasoning-traces:glm-5.1:train:1022,ok,
hermes:glm-5.1:eb8aea94-98d7-49bf-aaf7-c1dcb11e8647,eb8aea94-98d7-49bf-aaf7-c1dcb11e8647,glm-5.1,True,17,False,,False,False,Repository Tasks,General,lambda/hermes-agent-reasoning-traces:glm-5.1:train:1246,ok,
hermes:glm-5.1:eba29145-8cdb-4e53-a0d0-f068fc8d10dd,eba29145-8cdb-4e53-a0d0-f068fc8d10dd,glm-5.1,True,31,False,,False,False,Browser Automation,Browser Tasks,lambda/hermes-agent-reasoning-traces:glm-5.1:train:2848,ok,
hermes:glm-5.1:ebacbda3-5d14-44dc-82e7-3d99a0d0b6c0,ebacbda3-5d14-44dc-82e7-3d99a0d0b6c0,glm-5.1,True,10,False,,False,False,Terminal & Coding,Terminal Tasks,lambda/hermes-agent-reasoning-traces:glm-5.1:train:1413,ok,
hermes:glm-5.1:ebb5651b-1955-43ea-a906-4aa6e1bdee7d,ebb5651b-1955-43ea-a906-4aa6e1bdee7d,glm-5.1,True,14,False,,False,False,Terminal & Coding,Terminal Tasks,lambda/hermes-agent-reasoning-traces:glm-5.1:train:961,ok,
hermes:glm-5.1:ebc69ebc-91c0-46bc-95fc-4090e1fa8f1f,ebc69ebc-91c0-46bc-95fc-4090e1fa8f1f,glm-5.1,True,27,False,,False,False,Browser Automation,Browser Tasks,lambda/hermes-agent-reasoning-traces:glm-5.1:train:2562,ok,
hermes:glm-5.1:ebccfddb-5423-4feb-9002-f0a7c37cb1cc,ebccfddb-5423-4feb-9002-f0a7c37cb1cc,glm-5.1,True,27,False,,False,False,Terminal & Coding,Terminal Tasks,lambda/hermes-agent-reasoning-traces:glm-5.1:train:2289,ok,
hermes:glm-5.1:ebfbbc73-8b1c-47ce-9d6f-c83d7f8c035e,ebfbbc73-8b1c-47ce-9d6f-c83d7f8c035e,glm-5.1,True,19,False,,False,False,Terminal & Coding,Terminal Tasks,lambda/hermes-agent-reasoning-traces:glm-5.1:train:267,ok,
hermes:glm-5.1:ec065f6f-e63f-4347-9bfd-aeda31e55c43,ec065f6f-e63f-4347-9bfd-aeda31e55c43,glm-5.1,True,13,False,,False,False,Terminal & Coding,Terminal Tasks,lambda/hermes-agent-reasoning-traces:glm-5.1:train:728,ok,
hermes:glm-5.1:ec0cc781-7654-4675-83d9-8026c87b5ca8,ec0cc781-7654-4675-83d9-8026c87b5ca8,glm-5.1,True,21,False,,False,False,Browser Automation,Browser Tasks,lambda/hermes-agent-reasoning-traces:glm-5.1:train:2580,ok,
hermes:glm-5.1:ec18d1a8-12d2-4bbb-8ec8-c42a475b119f,ec18d1a8-12d2-4bbb-8ec8-c42a475b119f,glm-5.1,True,12,False,,False,False,Terminal & Coding,Terminal Tasks,lambda/hermes-agent-reasoning-traces:glm-5.1:train:2110,ok,
hermes:glm-5.1:ec6e26d8-23d6-4ab0-818f-74223f259cfc,ec6e26d8-23d6-4ab0-818f-74223f259cfc,glm-5.1,True,24,False,,False,False,Scheduling,Cron Jobs,lambda/hermes-agent-reasoning-traces:glm-5.1:train:200,ok,
hermes:glm-5.1:ec81af99-79f6-4c45-952a-367e9f74dfb0,ec81af99-79f6-4c45-952a-367e9f74dfb0,glm-5.1,True,12,False,,False,False,Terminal & Coding,Terminal Tasks,lambda/hermes-agent-reasoning-traces:glm-5.1:train:1896,ok,
hermes:glm-5.1:ecb0a4a3-3748-47c1-9943-5e9b94bcb88e,ecb0a4a3-3748-47c1-9943-5e9b94bcb88e,glm-5.1,True,23,False,,False,False,Browser Automation,Browser Tasks,lambda/hermes-agent-reasoning-traces:glm-5.1:train:2587,ok,
hermes:glm-5.1:ecebdbaf-1d31-421d-b940-bc69a02a5bd7,ecebdbaf-1d31-421d-b940-bc69a02a5bd7,glm-5.1,True,12,False,,False,False,Planning & Organization,Planning Tasks,lambda/hermes-agent-reasoning-traces:glm-5.1:train:2081,ok,
hermes:glm-5.1:ecf50f8c-b2af-43cd-a16c-a63b37e61bc1,ecf50f8c-b2af-43cd-a16c-a63b37e61bc1,glm-5.1,True,12,False,,False,False,Terminal & Coding,Terminal Tasks,lambda/hermes-agent-reasoning-traces:glm-5.1:train:1304,ok,
hermes:glm-5.1:ed07a278-5a20-4b55-81dc-befd2caa8ee4,ed07a278-5a20-4b55-81dc-befd2caa8ee4,glm-5.1,True,22,False,,False,False,Browser Automation,Browser Tasks,lambda/hermes-agent-reasoning-traces:glm-5.1:train:2666,ok,
hermes:glm-5.1:ed08ee5f-bde4-4bdb-b73e-295b2de8cccd,ed08ee5f-bde4-4bdb-b73e-295b2de8cccd,glm-5.1,True,21,False,,False,False,Terminal & Coding,Terminal Tasks,lambda/hermes-agent-reasoning-traces:glm-5.1:train:1469,ok,
hermes:glm-5.1:ed0eea34-07d9-4237-95d3-1527a75a7a32,ed0eea34-07d9-4237-95d3-1527a75a7a32,glm-5.1,True,14,False,,False,False,Terminal & Coding,Terminal Tasks,lambda/hermes-agent-reasoning-traces:glm-5.1:train:1465,ok,
hermes:glm-5.1:ed17e6c1-51ff-46cb-b62f-bb7cf273e11f,ed17e6c1-51ff-46cb-b62f-bb7cf273e11f,glm-5.1,True,17,False,,False,False,Terminal & Coding,Terminal Tasks,lambda/hermes-agent-reasoning-traces:glm-5.1:train:797,ok,
hermes:glm-5.1:ed1d48f0-ed60-496c-b89b-57cb6963be63,ed1d48f0-ed60-496c-b89b-57cb6963be63,glm-5.1,True,20,False,,False,False,Browser Automation,Browser Tasks,lambda/hermes-agent-reasoning-traces:glm-5.1:train:2937,ok,
hermes:glm-5.1:ed5a0000-e519-4750-88c1-df0b77fc1879,ed5a0000-e519-4750-88c1-df0b77fc1879,glm-5.1,True,18,False,,False,False,Terminal & Coding,Terminal Tasks,lambda/hermes-agent-reasoning-traces:glm-5.1:train:2461,ok,
hermes:glm-5.1:ed741b14-0def-4c62-81fc-36365a5672b2,ed741b14-0def-4c62-81fc-36365a5672b2,glm-5.1,True,12,False,,False,False,Terminal & Coding,Terminal Tasks,lambda/hermes-agent-reasoning-traces:glm-5.1:train:1146,ok,
hermes:glm-5.1:ed799917-6784-4fc3-8602-0b864b38b640,ed799917-6784-4fc3-8602-0b864b38b640,glm-5.1,True,10,False,,False,False,Terminal & Coding,Terminal Tasks,lambda/hermes-agent-reasoning-traces:glm-5.1:train:1305,ok,
hermes:glm-5.1:ed7bb4cd-22bd-44fb-bc2f-be8e7763d9a3,ed7bb4cd-22bd-44fb-bc2f-be8e7763d9a3,glm-5.1,True,25,False,,False,False,Terminal & Coding,Terminal Tasks,lambda/hermes-agent-reasoning-traces:glm-5.1:train:1122,ok,
hermes:glm-5.1:ed7f7072-efff-48d2-b167-11d9b20a0452,ed7f7072-efff-48d2-b167-11d9b20a0452,glm-5.1,True,14,False,,False,False,Terminal & Coding,Terminal Tasks,lambda/hermes-agent-reasoning-traces:glm-5.1:train:2019,ok,
hermes:glm-5.1:ed84761f-2d92-4e41-b45c-9d45a452d6d3,ed84761f-2d92-4e41-b45c-9d45a452d6d3,glm-5.1,True,19,False,,False,False,Terminal & Coding,Terminal Tasks,lambda/hermes-agent-reasoning-traces:glm-5.1:train:1219,ok,
hermes:glm-5.1:ed85a489-5fb4-4c1f-abf5-53d7b181b07c,ed85a489-5fb4-4c1f-abf5-53d7b181b07c,glm-5.1,True,21,False,,False,False,Terminal & Coding,Terminal Tasks,lambda/hermes-agent-reasoning-traces:glm-5.1:train:2410,ok,
hermes:glm-5.1:edaf6b57-2e70-4d88-958d-3fac49b3f4f2,edaf6b57-2e70-4d88-958d-3fac49b3f4f2,glm-5.1,True,23,False,,False,False,Terminal & Coding,Terminal Tasks,lambda/hermes-agent-reasoning-traces:glm-5.1:train:1154,ok,
hermes:glm-5.1:edb5d019-268d-4282-98c1-a6a5297b4789,edb5d019-268d-4282-98c1-a6a5297b4789,glm-5.1,True,14,False,,False,False,Terminal & Coding,Terminal Tasks,lambda/hermes-agent-reasoning-traces:glm-5.1:train:131,ok,
hermes:glm-5.1:edb83355-3532-49c8-86de-caa9e4ec5cda,edb83355-3532-49c8-86de-caa9e4ec5cda,glm-5.1,True,12,False,,False,False,Terminal & Coding,Terminal Tasks,lambda/hermes-agent-reasoning-traces:glm-5.1:train:2420,ok,
hermes:glm-5.1:edbe6542-75fe-4500-bc11-54c96bfb01d8,edbe6542-75fe-4500-bc11-54c96bfb01d8,glm-5.1,True,14,False,,False,False,Terminal & Coding,Terminal Tasks,lambda/hermes-agent-reasoning-traces:glm-5.1:train:1133,ok,
hermes:glm-5.1:edc3baf6-39de-4833-9d74-2594bc824794,edc3baf6-39de-4833-9d74-2594bc824794,glm-5.1,True,12,False,,False,False,Terminal & Coding,Terminal Tasks,lambda/hermes-agent-reasoning-traces:glm-5.1:train:1162,ok,
hermes:glm-5.1:edc76386-e78b-45fc-9d2c-8547f06d5f67,edc76386-e78b-45fc-9d2c-8547f06d5f67,glm-5.1,True,25,False,,False,False,File Operations,File Tasks,lambda/hermes-agent-reasoning-traces:glm-5.1:train:1888,ok,
hermes:glm-5.1:edca7197-20e3-400d-a21e-9e7329a83cf1,edca7197-20e3-400d-a21e-9e7329a83cf1,glm-5.1,True,9,False,,False,False,Terminal & Coding,Terminal Tasks,lambda/hermes-agent-reasoning-traces:glm-5.1:train:1570,ok,
hermes:glm-5.1:edcdad00-8f86-4b9a-9a1f-192e4fa993e8,edcdad00-8f86-4b9a-9a1f-192e4fa993e8,glm-5.1,True,27,False,,False,False,Browser Automation,Browser Tasks,lambda/hermes-agent-reasoning-traces:glm-5.1:train:2823,ok,
hermes:glm-5.1:eddc01d5-0e82-443c-8ac9-6c408ac256e2,eddc01d5-0e82-443c-8ac9-6c408ac256e2,glm-5.1,True,18,False,,False,False,Terminal & Coding,Terminal Tasks,lambda/hermes-agent-reasoning-traces:glm-5.1:train:520,ok,
hermes:glm-5.1:edde706d-ee56-47a6-a99b-6281ee7a994e,edde706d-ee56-47a6-a99b-6281ee7a994e,glm-5.1,True,10,False,,False,False,Terminal & Coding,Terminal Tasks,lambda/hermes-agent-reasoning-traces:glm-5.1:train:375,ok,
hermes:glm-5.1:ede26735-d5ca-49a7-bc79-0656931c1fca,ede26735-d5ca-49a7-bc79-0656931c1fca,glm-5.1,True,29,False,,False,False,Terminal & Coding,Terminal Tasks,lambda/hermes-agent-reasoning-traces:glm-5.1:train:398,ok,
hermes:glm-5.1:ede61c9f-6637-442b-9c16-8a4b9e022ae9,ede61c9f-6637-442b-9c16-8a4b9e022ae9,glm-5.1,True,18,False,,False,False,Terminal & Coding,Terminal Tasks,lambda/hermes-agent-reasoning-traces:glm-5.1:train:441,ok,
hermes:glm-5.1:ee190f22-cbe9-4820-80b8-82180d08d9b8,ee190f22-cbe9-4820-80b8-82180d08d9b8,glm-5.1,True,18,False,,False,False,Terminal & Coding,Terminal Tasks,lambda/hermes-agent-reasoning-traces:glm-5.1:train:283,ok,
hermes:glm-5.1:ee1d3312-cad3-4743-a859-f38c09df6e31,ee1d3312-cad3-4743-a859-f38c09df6e31,glm-5.1,True,18,False,,False,False,Terminal & Coding,Terminal Tasks,lambda/hermes-agent-reasoning-traces:glm-5.1:train:1864,ok,
hermes:glm-5.1:ee2cbd25-8df9-4d87-95d9-8d105467c4a7,ee2cbd25-8df9-4d87-95d9-8d105467c4a7,glm-5.1,True,25,False,,False,False,Browser Automation,Browser Tasks,lambda/hermes-agent-reasoning-traces:glm-5.1:train:2754,ok,
hermes:glm-5.1:ee37e8d4-314a-4f78-9a68-a4c619fdee78,ee37e8d4-314a-4f78-9a68-a4c619fdee78,glm-5.1,True,14,False,,False,False,Terminal & Coding,Terminal Tasks,lambda/hermes-agent-reasoning-traces:glm-5.1:train:2441,ok,
hermes:glm-5.1:ee3a9ac5-4d24-4898-b73c-866ab4287c22,ee3a9ac5-4d24-4898-b73c-866ab4287c22,glm-5.1,True,14,False,,False,False,Multi-Tool,Multi-Tool Tasks,lambda/hermes-agent-reasoning-traces:glm-5.1:train:2285,ok,
hermes:glm-5.1:ee4c33db-74b3-42f4-8721-19a0934d04ce,ee4c33db-74b3-42f4-8721-19a0934d04ce,glm-5.1,True,12,False,,False,False,Terminal & Coding,Terminal Tasks,lambda/hermes-agent-reasoning-traces:glm-5.1:train:1964,ok,
hermes:glm-5.1:ee66da9c-8c7c-479f-9f4f-bb399e4fe980,ee66da9c-8c7c-479f-9f4f-bb399e4fe980,glm-5.1,True,29,False,,False,False,Terminal & Coding,Terminal Tasks,lambda/hermes-agent-reasoning-traces:glm-5.1:train:1921,ok,
hermes:glm-5.1:ee76c7cc-d804-4a86-946d-622118a8b7c6,ee76c7cc-d804-4a86-946d-622118a8b7c6,glm-5.1,True,12,False,,False,False,Terminal & Coding,Terminal Tasks,lambda/hermes-agent-reasoning-traces:glm-5.1:train:615,ok,
hermes:glm-5.1:ee83c7c9-360d-44a8-a529-24162f568ee7,ee83c7c9-360d-44a8-a529-24162f568ee7,glm-5.1,True,29,False,,False,False,Terminal & Coding,Terminal Tasks,lambda/hermes-agent-reasoning-traces:glm-5.1:train:263,ok,
hermes:glm-5.1:ee9afbb6-1c8f-4ff8-8cc4-5f3cdc1e6b96,ee9afbb6-1c8f-4ff8-8cc4-5f3cdc1e6b96,glm-5.1,True,12,False,,False,False,File Operations,File Tasks,lambda/hermes-agent-reasoning-traces:glm-5.1:train:1899,ok,
hermes:glm-5.1:eea01cca-6ece-43aa-87dd-57f172cd1893,eea01cca-6ece-43aa-87dd-57f172cd1893,glm-5.1,True,10,False,,False,False,Terminal & Coding,Terminal Tasks,lambda/hermes-agent-reasoning-traces:glm-5.1:train:1198,ok,
hermes:glm-5.1:eeb1cea7-eb93-4a6d-bd8c-f86bd6b913b4,eeb1cea7-eb93-4a6d-bd8c-f86bd6b913b4,glm-5.1,True,14,False,,False,False,Terminal & Coding,Terminal Tasks,lambda/hermes-agent-reasoning-traces:glm-5.1:train:1981,ok,
hermes:glm-5.1:eeb530d6-3fde-439c-936d-b1a8574d54b8,eeb530d6-3fde-439c-936d-b1a8574d54b8,glm-5.1,True,11,False,,False,False,Terminal & Coding,Terminal Tasks,lambda/hermes-agent-reasoning-traces:glm-5.1:train:2487,ok,
hermes:glm-5.1:ef08794b-171d-4a7a-b1dd-871396288631,ef08794b-171d-4a7a-b1dd-871396288631,glm-5.1,True,18,False,,False,False,Terminal & Coding,Terminal Tasks,lambda/hermes-agent-reasoning-traces:glm-5.1:train:498,ok,
hermes:glm-5.1:ef236530-ecd5-4c04-afd7-37a0d6973e61,ef236530-ecd5-4c04-afd7-37a0d6973e61,glm-5.1,True,12,False,,False,False,Terminal & Coding,Terminal Tasks,lambda/hermes-agent-reasoning-traces:glm-5.1:train:858,ok,
hermes:glm-5.1:ef35cbe2-7def-479e-b98f-a5696b56941a,ef35cbe2-7def-479e-b98f-a5696b56941a,glm-5.1,True,13,False,,False,False,Terminal & Coding,Terminal Tasks,lambda/hermes-agent-reasoning-traces:glm-5.1:train:920,ok,
hermes:glm-5.1:ef3f3bc0-d85e-4ad3-bdb3-8fdf613699b1,ef3f3bc0-d85e-4ad3-bdb3-8fdf613699b1,glm-5.1,True,14,False,,False,False,Terminal & Coding,Terminal Tasks,lambda/hermes-agent-reasoning-traces:glm-5.1:train:1024,ok,
hermes:glm-5.1:ef4ac93c-2fed-4469-bd6a-1afee6fa542e,ef4ac93c-2fed-4469-bd6a-1afee6fa542e,glm-5.1,True,16,False,,False,False,Scheduling,Cron Jobs,lambda/hermes-agent-reasoning-traces:glm-5.1:train:551,ok,
hermes:glm-5.1:ef4fab7b-0267-4efd-8a6e-9b328b406c36,ef4fab7b-0267-4efd-8a6e-9b328b406c36,glm-5.1,True,16,False,,False,False,Browser Automation,Browser Tasks,lambda/hermes-agent-reasoning-traces:glm-5.1:train:2649,ok,
hermes:glm-5.1:ef5d0ca8-d72f-41bd-a9b3-4d721803fed0,ef5d0ca8-d72f-41bd-a9b3-4d721803fed0,glm-5.1,True,19,False,,False,False,Terminal & Coding,Terminal Tasks,lambda/hermes-agent-reasoning-traces:glm-5.1:train:171,ok,
hermes:glm-5.1:ef5dbd06-d8c2-4337-ae6a-fa85d33eb6f5,ef5dbd06-d8c2-4337-ae6a-fa85d33eb6f5,glm-5.1,True,21,False,,False,False,Terminal & Coding,Terminal Tasks,lambda/hermes-agent-reasoning-traces:glm-5.1:train:297,ok,
hermes:glm-5.1:ef85ad1c-dc6e-4a21-bd89-9374c0a246e5,ef85ad1c-dc6e-4a21-bd89-9374c0a246e5,glm-5.1,True,10,False,,False,False,Terminal & Coding,Terminal Tasks,lambda/hermes-agent-reasoning-traces:glm-5.1:train:519,ok,
hermes:glm-5.1:ef8bd642-bc9a-4fe6-9bee-758bb40fb5dd,ef8bd642-bc9a-4fe6-9bee-758bb40fb5dd,glm-5.1,True,29,False,,False,False,Terminal & Coding,Terminal Tasks,lambda/hermes-agent-reasoning-traces:glm-5.1:train:1979,ok,
hermes:glm-5.1:ef973fc6-b83c-4017-a818-90e44b4117ad,ef973fc6-b83c-4017-a818-90e44b4117ad,glm-5.1,True,31,False,,False,False,Terminal & Coding,Terminal Tasks,lambda/hermes-agent-reasoning-traces:glm-5.1:train:2258,ok,
hermes:glm-5.1:ef97b781-4af2-4a81-8898-6a23418e9570,ef97b781-4af2-4a81-8898-6a23418e9570,glm-5.1,True,11,False,,False,False,Terminal & Coding,Terminal Tasks,lambda/hermes-agent-reasoning-traces:glm-5.1:train:376,ok,
hermes:glm-5.1:efb5fc52-a0bb-4e97-89de-21e769f86ec1,efb5fc52-a0bb-4e97-89de-21e769f86ec1,glm-5.1,True,12,False,,False,False,Terminal & Coding,Terminal Tasks,lambda/hermes-agent-reasoning-traces:glm-5.1:train:249,ok,
hermes:glm-5.1:efd31134-8d9a-4a05-9a1d-a7438df6b020,efd31134-8d9a-4a05-9a1d-a7438df6b020,glm-5.1,True,14,False,,False,False,Terminal & Coding,Terminal Tasks,lambda/hermes-agent-reasoning-traces:glm-5.1:train:972,ok,
hermes:glm-5.1:efd63dfa-8db8-4bf5-b484-6923191c665b,efd63dfa-8db8-4bf5-b484-6923191c665b,glm-5.1,True,23,False,,False,False,Terminal & Coding,Terminal Tasks,lambda/hermes-agent-reasoning-traces:glm-5.1:train:1987,ok,
hermes:glm-5.1:efd71f14-a001-4ff5-93be-534693332f58,efd71f14-a001-4ff5-93be-534693332f58,glm-5.1,True,18,False,,False,False,Planning & Organization,Planning Tasks,lambda/hermes-agent-reasoning-traces:glm-5.1:train:2482,ok,
hermes:glm-5.1:effb3f0a-e81a-41e2-93c0-e71c3b2268c9,effb3f0a-e81a-41e2-93c0-e71c3b2268c9,glm-5.1,True,10,False,,False,False,Terminal & Coding,Terminal Tasks,lambda/hermes-agent-reasoning-traces:glm-5.1:train:1149,ok,
hermes:glm-5.1:effc6096-1f78-4bf4-aba9-d9bf56ba3e7c,effc6096-1f78-4bf4-aba9-d9bf56ba3e7c,glm-5.1,True,14,False,,False,False,Terminal & Coding,Terminal Tasks,lambda/hermes-agent-reasoning-traces:glm-5.1:train:664,ok,
hermes:glm-5.1:f009c216-b8ce-49cc-944b-62646ec8c7ca,f009c216-b8ce-49cc-944b-62646ec8c7ca,glm-5.1,True,12,False,,False,False,Terminal & Coding,Terminal Tasks,lambda/hermes-agent-reasoning-traces:glm-5.1:train:2380,ok,
hermes:glm-5.1:f0184f11-43c6-42f0-8618-d9d53987aa18,f0184f11-43c6-42f0-8618-d9d53987aa18,glm-5.1,True,16,False,,False,False,Terminal & Coding,Terminal Tasks,lambda/hermes-agent-reasoning-traces:glm-5.1:train:17,ok,
hermes:glm-5.1:f02444a3-5e0c-4dd9-b52a-d60c1f4d8242,f02444a3-5e0c-4dd9-b52a-d60c1f4d8242,glm-5.1,True,18,False,,False,False,Terminal & Coding,Terminal Tasks,lambda/hermes-agent-reasoning-traces:glm-5.1:train:413,ok,
hermes:glm-5.1:f070eafa-8c0f-4879-a0e7-54efe12a461a,f070eafa-8c0f-4879-a0e7-54efe12a461a,glm-5.1,True,23,False,,False,False,Terminal & Coding,Terminal Tasks,lambda/hermes-agent-reasoning-traces:glm-5.1:train:1157,ok,
hermes:glm-5.1:f0990538-8d92-451d-a97f-876f7aa4ac6c,f0990538-8d92-451d-a97f-876f7aa4ac6c,glm-5.1,True,19,False,,False,False,Multi-Tool,Multi-Tool Tasks,lambda/hermes-agent-reasoning-traces:glm-5.1:train:882,ok,
hermes:glm-5.1:f0db0b63-7473-403e-8658-784f24746ac9,f0db0b63-7473-403e-8658-784f24746ac9,glm-5.1,True,18,False,,False,False,Terminal & Coding,Terminal Tasks,lambda/hermes-agent-reasoning-traces:glm-5.1:train:268,ok,
hermes:glm-5.1:f0f04d6a-d278-41f8-8da1-6fa3398d4087,f0f04d6a-d278-41f8-8da1-6fa3398d4087,glm-5.1,True,23,False,,False,False,Terminal & Coding,Terminal Tasks,lambda/hermes-agent-reasoning-traces:glm-5.1:train:915,ok,
hermes:glm-5.1:f0f62562-471d-41fb-8403-7def96ab8ee7,f0f62562-471d-41fb-8403-7def96ab8ee7,glm-5.1,True,27,False,,False,False,Browser Automation,Browser Tasks,lambda/hermes-agent-reasoning-traces:glm-5.1:train:2728,ok,
hermes:glm-5.1:f102371c-b0f5-4246-a55b-9988aa488043,f102371c-b0f5-4246-a55b-9988aa488043,glm-5.1,True,12,False,,False,False,Terminal & Coding,Terminal Tasks,lambda/hermes-agent-reasoning-traces:glm-5.1:train:96,ok,
hermes:glm-5.1:f10b53ea-2ee2-44e2-929b-bafd97ae5a10,f10b53ea-2ee2-44e2-929b-bafd97ae5a10,glm-5.1,True,16,False,,False,False,Terminal & Coding,Terminal Tasks,lambda/hermes-agent-reasoning-traces:glm-5.1:train:2245,ok,
hermes:glm-5.1:f11718fe-96fe-4fb6-aa79-fdadf3f7c7fd,f11718fe-96fe-4fb6-aa79-fdadf3f7c7fd,glm-5.1,True,10,False,,False,False,Terminal & Coding,Terminal Tasks,lambda/hermes-agent-reasoning-traces:glm-5.1:train:117,ok,
hermes:glm-5.1:f15175a4-ff40-4f59-b723-91573aebc466,f15175a4-ff40-4f59-b723-91573aebc466,glm-5.1,True,27,False,,False,False,Browser Automation,Browser Tasks,lambda/hermes-agent-reasoning-traces:glm-5.1:train:2678,ok,
hermes:glm-5.1:f154f99f-97f8-4ef5-9a82-545b3706bd93,f154f99f-97f8-4ef5-9a82-545b3706bd93,glm-5.1,True,14,False,,False,False,Terminal & Coding,Terminal Tasks,lambda/hermes-agent-reasoning-traces:glm-5.1:train:1671,ok,
hermes:glm-5.1:f19013e6-e000-42d1-9e0f-0645af9809d3,f19013e6-e000-42d1-9e0f-0645af9809d3,glm-5.1,True,12,False,,False,False,Terminal & Coding,Terminal Tasks,lambda/hermes-agent-reasoning-traces:glm-5.1:train:2378,ok,
hermes:glm-5.1:f1907242-62d6-4786-b9c6-f61b2e413984,f1907242-62d6-4786-b9c6-f61b2e413984,glm-5.1,True,25,False,,False,False,Browser Automation,Browser Tasks,lambda/hermes-agent-reasoning-traces:glm-5.1:train:2671,ok,
hermes:glm-5.1:f1991c0e-1921-4fab-8f47-628193fa8680,f1991c0e-1921-4fab-8f47-628193fa8680,glm-5.1,True,23,False,,False,False,Terminal & Coding,Terminal Tasks,lambda/hermes-agent-reasoning-traces:glm-5.1:train:918,ok,
hermes:glm-5.1:f1c4774a-ce4a-467f-b423-4b283de38fab,f1c4774a-ce4a-467f-b423-4b283de38fab,glm-5.1,True,20,False,,False,False,Terminal & Coding,Terminal Tasks,lambda/hermes-agent-reasoning-traces:glm-5.1:train:2068,ok,
hermes:glm-5.1:f1c764fc-085e-4283-b7fe-38e0e76379b1,f1c764fc-085e-4283-b7fe-38e0e76379b1,glm-5.1,True,15,False,,False,False,Terminal & Coding,Terminal Tasks,lambda/hermes-agent-reasoning-traces:glm-5.1:train:281,ok,
hermes:glm-5.1:f1c882b7-c405-4f8f-a896-082754f70890,f1c882b7-c405-4f8f-a896-082754f70890,glm-5.1,True,19,False,,False,False,Terminal & Coding,Terminal Tasks,lambda/hermes-agent-reasoning-traces:glm-5.1:train:1470,ok,
hermes:glm-5.1:f1e325db-cef0-4504-b752-3ccf147fc0e6,f1e325db-cef0-4504-b752-3ccf147fc0e6,glm-5.1,True,25,False,,False,False,Terminal & Coding,Terminal Tasks,lambda/hermes-agent-reasoning-traces:glm-5.1:train:1536,ok,
hermes:glm-5.1:f2164233-5d8c-4e62-86f0-f6debdfd702e,f2164233-5d8c-4e62-86f0-f6debdfd702e,glm-5.1,True,23,False,,False,False,Terminal & Coding,Terminal Tasks,lambda/hermes-agent-reasoning-traces:glm-5.1:train:945,ok,
hermes:glm-5.1:f2488416-856a-4df9-ba77-07c3969d5c67,f2488416-856a-4df9-ba77-07c3969d5c67,glm-5.1,True,9,False,,False,False,Terminal & Coding,Terminal Tasks,lambda/hermes-agent-reasoning-traces:glm-5.1:train:582,ok,
hermes:glm-5.1:f25c318a-257a-4556-81ca-51dd896ba52c,f25c318a-257a-4556-81ca-51dd896ba52c,glm-5.1,True,13,False,,False,False,Terminal & Coding,Terminal Tasks,lambda/hermes-agent-reasoning-traces:glm-5.1:train:1226,ok,
hermes:glm-5.1:f2604e83-77ef-4bf4-9386-bb06d691af70,f2604e83-77ef-4bf4-9386-bb06d691af70,glm-5.1,True,23,False,,False,False,File Operations,File Tasks,lambda/hermes-agent-reasoning-traces:glm-5.1:train:1875,ok,
hermes:glm-5.1:f269d9aa-6672-42e5-b11d-c4a442403cc6,f269d9aa-6672-42e5-b11d-c4a442403cc6,glm-5.1,True,16,False,,False,False,File Operations,File Tasks,lambda/hermes-agent-reasoning-traces:glm-5.1:train:1580,ok,
hermes:glm-5.1:f2723c9d-5edd-40ec-aafe-d3ba0d0ccade,f2723c9d-5edd-40ec-aafe-d3ba0d0ccade,glm-5.1,True,31,False,,False,False,Terminal & Coding,Terminal Tasks,lambda/hermes-agent-reasoning-traces:glm-5.1:train:466,ok,
hermes:glm-5.1:f276d794-d7a4-4ec8-9a59-0ffc1299a170,f276d794-d7a4-4ec8-9a59-0ffc1299a170,glm-5.1,True,25,False,,False,False,Terminal & Coding,Terminal Tasks,lambda/hermes-agent-reasoning-traces:glm-5.1:train:1528,ok,
hermes:glm-5.1:f279083e-7476-42f7-99d2-88bb2815432a,f279083e-7476-42f7-99d2-88bb2815432a,glm-5.1,True,21,False,,False,False,Terminal & Coding,Terminal Tasks,lambda/hermes-agent-reasoning-traces:glm-5.1:train:223,ok,
hermes:glm-5.1:f27a7392-b11d-4b00-a87c-4e7402e008a7,f27a7392-b11d-4b00-a87c-4e7402e008a7,glm-5.1,True,19,False,,False,False,Terminal & Coding,Terminal Tasks,lambda/hermes-agent-reasoning-traces:glm-5.1:train:1184,ok,
hermes:glm-5.1:f293657f-5491-491d-97b1-66aa7e0f14b1,f293657f-5491-491d-97b1-66aa7e0f14b1,glm-5.1,True,14,False,,False,False,Terminal & Coding,Terminal Tasks,lambda/hermes-agent-reasoning-traces:glm-5.1:train:1351,ok,
hermes:glm-5.1:f294f11e-69a7-4aa5-bf04-5855c1d0d521,f294f11e-69a7-4aa5-bf04-5855c1d0d521,glm-5.1,True,20,False,,False,False,Terminal & Coding,Terminal Tasks,lambda/hermes-agent-reasoning-traces:glm-5.1:train:1648,ok,
hermes:glm-5.1:f2a2964e-c04c-4e3b-9abf-15bc93552b22,f2a2964e-c04c-4e3b-9abf-15bc93552b22,glm-5.1,True,13,False,,False,False,Terminal & Coding,Terminal Tasks,lambda/hermes-agent-reasoning-traces:glm-5.1:train:699,ok,
hermes:glm-5.1:f2c705f5-b59c-4e48-a357-a1351a2b78be,f2c705f5-b59c-4e48-a357-a1351a2b78be,glm-5.1,True,27,False,,False,False,Browser Automation,Browser Tasks,lambda/hermes-agent-reasoning-traces:glm-5.1:train:2541,ok,
hermes:glm-5.1:f2f75e14-abe3-49ae-8cb7-c34f1ab362ac,f2f75e14-abe3-49ae-8cb7-c34f1ab362ac,glm-5.1,True,31,False,,False,False,Browser Automation,Browser Tasks,lambda/hermes-agent-reasoning-traces:glm-5.1:train:2623,ok,
hermes:glm-5.1:f305da95-66a8-46ac-9b90-818ece8acef9,f305da95-66a8-46ac-9b90-818ece8acef9,glm-5.1,True,13,False,,False,False,Terminal & Coding,Terminal Tasks,lambda/hermes-agent-reasoning-traces:glm-5.1:train:1368,ok,
hermes:glm-5.1:f30b78ab-0306-4a28-9daf-5d363108899f,f30b78ab-0306-4a28-9daf-5d363108899f,glm-5.1,True,27,False,,False,False,Browser Automation,Browser Tasks,lambda/hermes-agent-reasoning-traces:glm-5.1:train:2731,ok,
hermes:glm-5.1:f30d8956-83d9-4758-8f4b-be47e04fe2b7,f30d8956-83d9-4758-8f4b-be47e04fe2b7,glm-5.1,True,14,False,,False,False,Terminal & Coding,Terminal Tasks,lambda/hermes-agent-reasoning-traces:glm-5.1:train:622,ok,
hermes:glm-5.1:f316f09e-e26f-4afb-a8b5-683b175606d7,f316f09e-e26f-4afb-a8b5-683b175606d7,glm-5.1,True,16,False,,False,False,Planning & Organization,Planning Tasks,lambda/hermes-agent-reasoning-traces:glm-5.1:train:889,ok,
hermes:glm-5.1:f31c2cc9-e232-4d7c-bce2-a76e5002e19a,f31c2cc9-e232-4d7c-bce2-a76e5002e19a,glm-5.1,True,21,False,,False,False,Terminal & Coding,Terminal Tasks,lambda/hermes-agent-reasoning-traces:glm-5.1:train:1295,ok,
hermes:glm-5.1:f31f7c29-a48a-46df-85c0-27b9ff350d40,f31f7c29-a48a-46df-85c0-27b9ff350d40,glm-5.1,True,31,False,,False,False,Terminal & Coding,Terminal Tasks,lambda/hermes-agent-reasoning-traces:glm-5.1:train:320,ok,
hermes:glm-5.1:f3210d0b-ed0f-44f6-851a-e5db0a831f1c,f3210d0b-ed0f-44f6-851a-e5db0a831f1c,glm-5.1,True,33,False,,False,False,Terminal & Coding,Terminal Tasks,lambda/hermes-agent-reasoning-traces:glm-5.1:train:1817,ok,
hermes:glm-5.1:f338f5cd-2958-4d8f-88cc-e18d50696dcf,f338f5cd-2958-4d8f-88cc-e18d50696dcf,glm-5.1,True,16,False,,False,False,Terminal & Coding,Terminal Tasks,lambda/hermes-agent-reasoning-traces:glm-5.1:train:2247,ok,
hermes:glm-5.1:f33e4248-aa61-4d38-800b-1bd86f9caa76,f33e4248-aa61-4d38-800b-1bd86f9caa76,glm-5.1,True,25,False,,False,False,Terminal & Coding,Terminal Tasks,lambda/hermes-agent-reasoning-traces:glm-5.1:train:1079,ok,
hermes:glm-5.1:f34dd955-30ad-4e66-9f52-2c57839a4ed8,f34dd955-30ad-4e66-9f52-2c57839a4ed8,glm-5.1,True,25,False,,False,False,Terminal & Coding,Terminal Tasks,lambda/hermes-agent-reasoning-traces:glm-5.1:train:2136,ok,
hermes:glm-5.1:f353793e-5971-4bfa-9288-f75bb748c19b,f353793e-5971-4bfa-9288-f75bb748c19b,glm-5.1,True,18,False,,False,False,Terminal & Coding,Terminal Tasks,lambda/hermes-agent-reasoning-traces:glm-5.1:train:1891,ok,
hermes:glm-5.1:f368833b-c5c8-4cd1-946e-2bf0b4e2b973,f368833b-c5c8-4cd1-946e-2bf0b4e2b973,glm-5.1,True,14,False,,False,False,Planning & Organization,Planning Tasks,lambda/hermes-agent-reasoning-traces:glm-5.1:train:341,ok,
hermes:glm-5.1:f38102f8-e72b-4d3a-8b9c-a96db42733db,f38102f8-e72b-4d3a-8b9c-a96db42733db,glm-5.1,True,21,False,,False,False,Terminal & Coding,Terminal Tasks,lambda/hermes-agent-reasoning-traces:glm-5.1:train:160,ok,
hermes:glm-5.1:f3fd94c3-b60a-4e7d-8de4-5f577fbe67aa,f3fd94c3-b60a-4e7d-8de4-5f577fbe67aa,glm-5.1,True,14,False,,False,False,Terminal & Coding,Terminal Tasks,lambda/hermes-agent-reasoning-traces:glm-5.1:train:1040,ok,
hermes:glm-5.1:f4470072-99d3-49b4-803c-c12f1749eda3,f4470072-99d3-49b4-803c-c12f1749eda3,glm-5.1,True,27,False,,False,False,Browser Automation,Browser Tasks,lambda/hermes-agent-reasoning-traces:glm-5.1:train:2506,ok,
hermes:glm-5.1:f4531183-4dda-4eb2-9449-aaec5947d4e8,f4531183-4dda-4eb2-9449-aaec5947d4e8,glm-5.1,True,17,False,,False,False,Terminal & Coding,Terminal Tasks,lambda/hermes-agent-reasoning-traces:glm-5.1:train:61,ok,
hermes:glm-5.1:f4665e48-8fee-4255-a755-fd9d6f5fdaa4,f4665e48-8fee-4255-a755-fd9d6f5fdaa4,glm-5.1,True,21,False,,False,False,Browser Automation,Browser Tasks,lambda/hermes-agent-reasoning-traces:glm-5.1:train:2546,ok,
hermes:glm-5.1:f4698930-06c8-4e71-9faa-42cefa1a2e9d,f4698930-06c8-4e71-9faa-42cefa1a2e9d,glm-5.1,True,12,False,,False,False,Terminal & Coding,Terminal Tasks,lambda/hermes-agent-reasoning-traces:glm-5.1:train:1407,ok,
hermes:glm-5.1:f4713980-71ec-4e97-a85f-6ec7e698a626,f4713980-71ec-4e97-a85f-6ec7e698a626,glm-5.1,True,17,False,,False,False,Terminal & Coding,Terminal Tasks,lambda/hermes-agent-reasoning-traces:glm-5.1:train:2314,ok,
hermes:glm-5.1:f4869fcb-aee5-4fd1-b88d-aff172ae290e,f4869fcb-aee5-4fd1-b88d-aff172ae290e,glm-5.1,True,22,False,,False,False,Browser Automation,Browser Tasks,lambda/hermes-agent-reasoning-traces:glm-5.1:train:2672,ok,
hermes:glm-5.1:f48c0734-54c9-4508-903c-3e101af92a69,f48c0734-54c9-4508-903c-3e101af92a69,glm-5.1,True,19,False,,False,False,Terminal & Coding,Terminal Tasks,lambda/hermes-agent-reasoning-traces:glm-5.1:train:1675,ok,
hermes:glm-5.1:f49a583d-fd0a-40a0-8871-62b3ccde21be,f49a583d-fd0a-40a0-8871-62b3ccde21be,glm-5.1,True,21,False,,False,False,Terminal & Coding,Terminal Tasks,lambda/hermes-agent-reasoning-traces:glm-5.1:train:1181,ok,
hermes:glm-5.1:f4a84f4f-45bc-4f92-8843-f791bcf737d7,f4a84f4f-45bc-4f92-8843-f791bcf737d7,glm-5.1,True,10,False,,False,False,Terminal & Coding,Terminal Tasks,lambda/hermes-agent-reasoning-traces:glm-5.1:train:1338,ok,
hermes:glm-5.1:f4bf2015-d998-40a3-8a59-3e7756aaa0f6,f4bf2015-d998-40a3-8a59-3e7756aaa0f6,glm-5.1,True,25,False,,False,False,Browser Automation,Browser Tasks,lambda/hermes-agent-reasoning-traces:glm-5.1:train:2834,ok,
hermes:glm-5.1:f4c3c5e0-391a-471f-afa7-75c59a26e091,f4c3c5e0-391a-471f-afa7-75c59a26e091,glm-5.1,True,24,False,,False,False,Browser Automation,Browser Tasks,lambda/hermes-agent-reasoning-traces:glm-5.1:train:2809,ok,
hermes:glm-5.1:f4ceb831-57d5-4ae0-b4be-986bb64eccec,f4ceb831-57d5-4ae0-b4be-986bb64eccec,glm-5.1,True,16,False,,False,False,Terminal & Coding,Terminal Tasks,lambda/hermes-agent-reasoning-traces:glm-5.1:train:471,ok,
hermes:glm-5.1:f4d2ba36-7d04-4fbb-92f2-e7c5c4b95ea9,f4d2ba36-7d04-4fbb-92f2-e7c5c4b95ea9,glm-5.1,True,14,False,,False,False,Terminal & Coding,Terminal Tasks,lambda/hermes-agent-reasoning-traces:glm-5.1:train:148,ok,
hermes:glm-5.1:f4e2e4e4-c819-4fb0-8728-8ff1bbadbc11,f4e2e4e4-c819-4fb0-8728-8ff1bbadbc11,glm-5.1,True,22,False,,False,False,Browser Automation,Browser Tasks,lambda/hermes-agent-reasoning-traces:glm-5.1:train:2651,ok,
hermes:glm-5.1:f5059491-7e72-4536-939d-951a9412e193,f5059491-7e72-4536-939d-951a9412e193,glm-5.1,True,20,False,,False,False,Terminal & Coding,Terminal Tasks,lambda/hermes-agent-reasoning-traces:glm-5.1:train:759,ok,
hermes:glm-5.1:f50aa74b-d002-4cec-afee-5e30cf930938,f50aa74b-d002-4cec-afee-5e30cf930938,glm-5.1,True,10,False,,False,False,Terminal & Coding,Terminal Tasks,lambda/hermes-agent-reasoning-traces:glm-5.1:train:533,ok,
hermes:glm-5.1:f50d8b31-4e59-4ab6-95a8-110d1101fdbe,f50d8b31-4e59-4ab6-95a8-110d1101fdbe,glm-5.1,True,31,False,,False,False,Browser Automation,Browser Tasks,lambda/hermes-agent-reasoning-traces:glm-5.1:train:2842,ok,
hermes:glm-5.1:f50f7c25-7975-4ba7-be93-ea385b2b2f65,f50f7c25-7975-4ba7-be93-ea385b2b2f65,glm-5.1,True,9,False,,False,False,Planning & Organization,Planning Tasks,lambda/hermes-agent-reasoning-traces:glm-5.1:train:2176,ok,
hermes:glm-5.1:f513ac60-f9ff-4dc3-8c6d-6eec5158cb45,f513ac60-f9ff-4dc3-8c6d-6eec5158cb45,glm-5.1,True,14,False,,False,False,Terminal & Coding,Terminal Tasks,lambda/hermes-agent-reasoning-traces:glm-5.1:train:1084,ok,
hermes:glm-5.1:f514ce01-eac1-4f4a-b35b-d480cf5ad82f,f514ce01-eac1-4f4a-b35b-d480cf5ad82f,glm-5.1,True,11,False,,False,False,Terminal & Coding,Terminal Tasks,lambda/hermes-agent-reasoning-traces:glm-5.1:train:2105,ok,
hermes:glm-5.1:f519da70-e649-4586-a7da-18462a2fb481,f519da70-e649-4586-a7da-18462a2fb481,glm-5.1,True,18,False,,False,False,Agent Tools,Background Processes,lambda/hermes-agent-reasoning-traces:glm-5.1:train:481,ok,
hermes:glm-5.1:f51de045-a124-49d4-a73a-9517335fcbcf,f51de045-a124-49d4-a73a-9517335fcbcf,glm-5.1,True,19,False,,False,False,Terminal & Coding,Terminal Tasks,lambda/hermes-agent-reasoning-traces:glm-5.1:train:2080,ok,
hermes:glm-5.1:f538bf4c-f33b-417b-9b63-bbef2c13b8c1,f538bf4c-f33b-417b-9b63-bbef2c13b8c1,glm-5.1,True,15,False,,False,False,Terminal & Coding,Terminal Tasks,lambda/hermes-agent-reasoning-traces:glm-5.1:train:1445,ok,
hermes:glm-5.1:f5436882-749f-4b43-8c15-a0272b67d74f,f5436882-749f-4b43-8c15-a0272b67d74f,glm-5.1,True,23,False,,False,False,Terminal & Coding,Terminal Tasks,lambda/hermes-agent-reasoning-traces:glm-5.1:train:325,ok,
hermes:glm-5.1:f55de781-6d88-4462-a6b1-859cffd558ea,f55de781-6d88-4462-a6b1-859cffd558ea,glm-5.1,True,18,False,,False,False,Terminal & Coding,Terminal Tasks,lambda/hermes-agent-reasoning-traces:glm-5.1:train:27,ok,
hermes:glm-5.1:f59636f8-bf37-4c44-a23d-e1ed85697c9e,f59636f8-bf37-4c44-a23d-e1ed85697c9e,glm-5.1,True,12,False,,False,False,Terminal & Coding,Terminal Tasks,lambda/hermes-agent-reasoning-traces:glm-5.1:train:1660,ok,
hermes:glm-5.1:f59d3687-d28e-4311-980f-63fb42ce2ad3,f59d3687-d28e-4311-980f-63fb42ce2ad3,glm-5.1,True,18,False,,False,False,Browser Automation,Browser Tasks,lambda/hermes-agent-reasoning-traces:glm-5.1:train:2914,ok,
hermes:glm-5.1:f59d59b2-00a9-4e90-95e7-5818c7946d68,f59d59b2-00a9-4e90-95e7-5818c7946d68,glm-5.1,True,23,False,,False,False,Browser Automation,Browser Tasks,lambda/hermes-agent-reasoning-traces:glm-5.1:train:2874,ok,
hermes:glm-5.1:f5cf2a6d-6c77-4ffe-ace3-bfd540f6a341,f5cf2a6d-6c77-4ffe-ace3-bfd540f6a341,glm-5.1,True,10,False,,False,False,Terminal & Coding,Terminal Tasks,lambda/hermes-agent-reasoning-traces:glm-5.1:train:1205,ok,
hermes:glm-5.1:f5dbc67f-e192-4a90-a4a5-d5fda808fb95,f5dbc67f-e192-4a90-a4a5-d5fda808fb95,glm-5.1,True,16,False,,False,False,Scheduling,Cron Jobs,lambda/hermes-agent-reasoning-traces:glm-5.1:train:2368,ok,
hermes:glm-5.1:f5df9ce5-0ad7-4c43-8856-f4d2397b6462,f5df9ce5-0ad7-4c43-8856-f4d2397b6462,glm-5.1,True,27,False,,False,False,File Operations,File Tasks,lambda/hermes-agent-reasoning-traces:glm-5.1:train:1678,ok,
hermes:glm-5.1:f5e95ba4-06a6-455f-a304-167c00d51937,f5e95ba4-06a6-455f-a304-167c00d51937,glm-5.1,True,18,False,,False,False,Terminal & Coding,Terminal Tasks,lambda/hermes-agent-reasoning-traces:glm-5.1:train:902,ok,
hermes:glm-5.1:f6084373-b0e8-4892-8682-19161edd1c14,f6084373-b0e8-4892-8682-19161edd1c14,glm-5.1,True,19,False,,False,False,Terminal & Coding,Terminal Tasks,lambda/hermes-agent-reasoning-traces:glm-5.1:train:156,ok,
hermes:glm-5.1:f633327b-7c5a-4666-b7f3-3eb59e9e4835,f633327b-7c5a-4666-b7f3-3eb59e9e4835,glm-5.1,True,23,False,,False,False,Terminal & Coding,Terminal Tasks,lambda/hermes-agent-reasoning-traces:glm-5.1:train:1385,ok,
hermes:glm-5.1:f63e4465-9600-43af-b711-efc9cafc6cec,f63e4465-9600-43af-b711-efc9cafc6cec,glm-5.1,True,10,False,,False,False,Terminal & Coding,Terminal Tasks,lambda/hermes-agent-reasoning-traces:glm-5.1:train:1749,ok,
hermes:glm-5.1:f67439dc-1b3c-46d7-9dd2-d960266a9ce6,f67439dc-1b3c-46d7-9dd2-d960266a9ce6,glm-5.1,True,14,False,,False,False,Terminal & Coding,Terminal Tasks,lambda/hermes-agent-reasoning-traces:glm-5.1:train:1989,ok,
hermes:glm-5.1:f68f3cdd-1544-4c8d-9e6d-7d0a0f9a857a,f68f3cdd-1544-4c8d-9e6d-7d0a0f9a857a,glm-5.1,True,18,False,,False,False,Terminal & Coding,Terminal Tasks,lambda/hermes-agent-reasoning-traces:glm-5.1:train:1925,ok,
hermes:glm-5.1:f697cf97-a779-4518-974f-f61ba4b46dd8,f697cf97-a779-4518-974f-f61ba4b46dd8,glm-5.1,True,27,False,,False,False,Browser Automation,Browser Tasks,lambda/hermes-agent-reasoning-traces:glm-5.1:train:2895,ok,
hermes:glm-5.1:f699674e-5b11-4985-8d85-40a891b2fdf1,f699674e-5b11-4985-8d85-40a891b2fdf1,glm-5.1,True,13,False,,False,False,Terminal & Coding,Terminal Tasks,lambda/hermes-agent-reasoning-traces:glm-5.1:train:1014,ok,
hermes:glm-5.1:f69e151c-e99e-4074-b866-9a04c0b46162,f69e151c-e99e-4074-b866-9a04c0b46162,glm-5.1,True,14,False,,False,False,Terminal & Coding,Terminal Tasks,lambda/hermes-agent-reasoning-traces:glm-5.1:train:238,ok,
hermes:glm-5.1:f6c9311e-5324-478f-9477-576efee50c53,f6c9311e-5324-478f-9477-576efee50c53,glm-5.1,True,12,False,,False,False,Terminal & Coding,Terminal Tasks,lambda/hermes-agent-reasoning-traces:glm-5.1:train:2119,ok,
hermes:glm-5.1:f6d70642-a1a9-4133-901f-18253de9bcb3,f6d70642-a1a9-4133-901f-18253de9bcb3,glm-5.1,True,14,False,,False,False,Terminal & Coding,Terminal Tasks,lambda/hermes-agent-reasoning-traces:glm-5.1:train:710,ok,
hermes:glm-5.1:f6db6677-ef75-4992-a219-c1e32d80bab9,f6db6677-ef75-4992-a219-c1e32d80bab9,glm-5.1,True,12,False,,False,False,Terminal & Coding,Terminal Tasks,lambda/hermes-agent-reasoning-traces:glm-5.1:train:1195,ok,
hermes:glm-5.1:f6df0a15-2c57-4991-bc3a-0ec320ddbc24,f6df0a15-2c57-4991-bc3a-0ec320ddbc24,glm-5.1,True,12,False,,False,False,Terminal & Coding,Terminal Tasks,lambda/hermes-agent-reasoning-traces:glm-5.1:train:743,ok,
hermes:glm-5.1:f6e8bcd5-bba5-4c20-b02b-57d374de8181,f6e8bcd5-bba5-4c20-b02b-57d374de8181,glm-5.1,True,12,False,,False,False,Terminal & Coding,Terminal Tasks,lambda/hermes-agent-reasoning-traces:glm-5.1:train:1432,ok,
hermes:glm-5.1:f6fce600-d9c0-4c7b-8494-da6e5eed7414,f6fce600-d9c0-4c7b-8494-da6e5eed7414,glm-5.1,True,12,False,,False,False,Terminal & Coding,Terminal Tasks,lambda/hermes-agent-reasoning-traces:glm-5.1:train:457,ok,
hermes:glm-5.1:f703f366-8163-4ee0-954b-4b0a669ea42f,f703f366-8163-4ee0-954b-4b0a669ea42f,glm-5.1,True,12,False,,False,False,Repository Tasks,Testing,lambda/hermes-agent-reasoning-traces:glm-5.1:train:2139,ok,
hermes:glm-5.1:f71ac561-106e-45e2-bab8-96d8331f8c72,f71ac561-106e-45e2-bab8-96d8331f8c72,glm-5.1,True,12,False,,False,False,Terminal & Coding,Terminal Tasks,lambda/hermes-agent-reasoning-traces:glm-5.1:train:2237,ok,
hermes:glm-5.1:f7273b75-0f02-43ff-860e-58f383bd9129,f7273b75-0f02-43ff-860e-58f383bd9129,glm-5.1,True,18,False,,False,False,Scheduling,Cron Jobs,lambda/hermes-agent-reasoning-traces:glm-5.1:train:1746,ok,
hermes:glm-5.1:f7327034-8224-4c36-a6b8-798d38359050,f7327034-8224-4c36-a6b8-798d38359050,glm-5.1,True,10,False,,False,False,Terminal & Coding,Terminal Tasks,lambda/hermes-agent-reasoning-traces:glm-5.1:train:761,ok,
hermes:glm-5.1:f7348f36-6b87-4017-aa18-6d730128aaa9,f7348f36-6b87-4017-aa18-6d730128aaa9,glm-5.1,True,14,False,,False,False,Terminal & Coding,Terminal Tasks,lambda/hermes-agent-reasoning-traces:glm-5.1:train:404,ok,
hermes:glm-5.1:f746a1ca-f288-4b65-b7c6-dce16116cda6,f746a1ca-f288-4b65-b7c6-dce16116cda6,glm-5.1,True,12,False,,False,False,Terminal & Coding,Terminal Tasks,lambda/hermes-agent-reasoning-traces:glm-5.1:train:1878,ok,
hermes:glm-5.1:f7493428-cbc0-4e53-96bf-38b92947d8ba,f7493428-cbc0-4e53-96bf-38b92947d8ba,glm-5.1,True,12,False,,False,False,Terminal & Coding,Terminal Tasks,lambda/hermes-agent-reasoning-traces:glm-5.1:train:77,ok,
hermes:glm-5.1:f75207d3-aaeb-4278-8a22-2d1b1034e9d7,f75207d3-aaeb-4278-8a22-2d1b1034e9d7,glm-5.1,True,12,False,,False,False,Terminal & Coding,Terminal Tasks,lambda/hermes-agent-reasoning-traces:glm-5.1:train:600,ok,
hermes:glm-5.1:f79a139d-2a2f-4a88-a083-1f0e5667d1b7,f79a139d-2a2f-4a88-a083-1f0e5667d1b7,glm-5.1,True,14,False,,False,False,Multi-Tool,Multi-Tool Tasks,lambda/hermes-agent-reasoning-traces:glm-5.1:train:48,ok,
hermes:glm-5.1:f79a3e79-4b77-463d-a27d-b9c38cebce93,f79a3e79-4b77-463d-a27d-b9c38cebce93,glm-5.1,True,17,False,,False,False,Scheduling,Cron Jobs,lambda/hermes-agent-reasoning-traces:glm-5.1:train:1027,ok,
hermes:glm-5.1:f79e474b-28df-4b2e-8fba-c857e7122440,f79e474b-28df-4b2e-8fba-c857e7122440,glm-5.1,True,10,False,,False,False,Terminal & Coding,Terminal Tasks,lambda/hermes-agent-reasoning-traces:glm-5.1:train:346,ok,
hermes:glm-5.1:f7b2930d-ac99-418a-a5e2-770bb911c5d2,f7b2930d-ac99-418a-a5e2-770bb911c5d2,glm-5.1,True,33,False,,False,False,Terminal & Coding,Terminal Tasks,lambda/hermes-agent-reasoning-traces:glm-5.1:train:1992,ok,
hermes:glm-5.1:f7cee355-ebf6-492f-89e4-38c06d8ca791,f7cee355-ebf6-492f-89e4-38c06d8ca791,glm-5.1,True,12,False,,False,False,Terminal & Coding,Terminal Tasks,lambda/hermes-agent-reasoning-traces:glm-5.1:train:213,ok,
hermes:glm-5.1:f7ef6408-1d5b-4c2a-830e-0f208dfea10f,f7ef6408-1d5b-4c2a-830e-0f208dfea10f,glm-5.1,True,29,False,,False,False,Terminal & Coding,Terminal Tasks,lambda/hermes-agent-reasoning-traces:glm-5.1:train:456,ok,
hermes:glm-5.1:f7fb408b-de56-4196-9028-e22f72d50717,f7fb408b-de56-4196-9028-e22f72d50717,glm-5.1,True,29,False,,False,False,Terminal & Coding,Terminal Tasks,lambda/hermes-agent-reasoning-traces:glm-5.1:train:1503,ok,
hermes:glm-5.1:f7ff43d0-0964-462c-93f6-d1cbb3f90d70,f7ff43d0-0964-462c-93f6-d1cbb3f90d70,glm-5.1,True,27,False,,False,False,Terminal & Coding,Terminal Tasks,lambda/hermes-agent-reasoning-traces:glm-5.1:train:140,ok,
hermes:glm-5.1:f80f985f-b7c6-43e5-9e91-15e096d29f51,f80f985f-b7c6-43e5-9e91-15e096d29f51,glm-5.1,True,29,False,,False,False,Browser Automation,Browser Tasks,lambda/hermes-agent-reasoning-traces:glm-5.1:train:2825,ok,
hermes:glm-5.1:f83c8106-8341-4f8e-95b5-40b08e14f71e,f83c8106-8341-4f8e-95b5-40b08e14f71e,glm-5.1,True,18,False,,False,False,Terminal & Coding,Terminal Tasks,lambda/hermes-agent-reasoning-traces:glm-5.1:train:1957,ok,
hermes:glm-5.1:f8657d99-ddf0-4aeb-bbac-5be8148f7f24,f8657d99-ddf0-4aeb-bbac-5be8148f7f24,glm-5.1,True,10,False,,False,False,Terminal & Coding,Terminal Tasks,lambda/hermes-agent-reasoning-traces:glm-5.1:train:1417,ok,
hermes:glm-5.1:f89bafad-9593-4f04-bd8b-057dad21b785,f89bafad-9593-4f04-bd8b-057dad21b785,glm-5.1,True,10,False,,False,False,Terminal & Coding,Terminal Tasks,lambda/hermes-agent-reasoning-traces:glm-5.1:train:931,ok,
hermes:glm-5.1:f8a86836-963a-44ec-b26f-a944d3098962,f8a86836-963a-44ec-b26f-a944d3098962,glm-5.1,True,14,False,,False,False,Terminal & Coding,Terminal Tasks,lambda/hermes-agent-reasoning-traces:glm-5.1:train:2173,ok,
hermes:glm-5.1:f90fb0b4-56dd-4246-a748-16fcad9e1de1,f90fb0b4-56dd-4246-a748-16fcad9e1de1,glm-5.1,True,29,False,,False,False,Terminal & Coding,Terminal Tasks,lambda/hermes-agent-reasoning-traces:glm-5.1:train:2356,ok,
hermes:glm-5.1:f91c8890-a343-4ac0-8467-625f79197815,f91c8890-a343-4ac0-8467-625f79197815,glm-5.1,True,22,False,,False,False,Terminal & Coding,Terminal Tasks,lambda/hermes-agent-reasoning-traces:glm-5.1:train:24,ok,
hermes:glm-5.1:f93a404d-42be-4cb6-a277-4fdfa2cfc5a8,f93a404d-42be-4cb6-a277-4fdfa2cfc5a8,glm-5.1,True,21,False,,False,False,Terminal & Coding,Terminal Tasks,lambda/hermes-agent-reasoning-traces:glm-5.1:train:118,ok,
hermes:glm-5.1:f943e429-1c79-4343-b075-5e471166b9af,f943e429-1c79-4343-b075-5e471166b9af,glm-5.1,True,20,False,,False,False,Terminal & Coding,Terminal Tasks,lambda/hermes-agent-reasoning-traces:glm-5.1:train:566,ok,
hermes:glm-5.1:f95c60fb-744a-4756-b064-e895711d1d4e,f95c60fb-744a-4756-b064-e895711d1d4e,glm-5.1,True,9,False,,False,False,Terminal & Coding,Terminal Tasks,lambda/hermes-agent-reasoning-traces:glm-5.1:train:632,ok,
hermes:glm-5.1:f9604513-e176-40c6-93b4-3a3302f8d07e,f9604513-e176-40c6-93b4-3a3302f8d07e,glm-5.1,True,12,False,,False,False,Terminal & Coding,Terminal Tasks,lambda/hermes-agent-reasoning-traces:glm-5.1:train:1945,ok,
hermes:glm-5.1:f96b5b94-528b-42fd-8180-0cdddba00f63,f96b5b94-528b-42fd-8180-0cdddba00f63,glm-5.1,True,18,False,,False,False,Terminal & Coding,Terminal Tasks,lambda/hermes-agent-reasoning-traces:glm-5.1:train:1410,ok,
hermes:glm-5.1:f9bc917e-55f6-4dae-a4d8-0fbe66bf8c37,f9bc917e-55f6-4dae-a4d8-0fbe66bf8c37,glm-5.1,True,16,False,,False,False,Terminal & Coding,Terminal Tasks,lambda/hermes-agent-reasoning-traces:glm-5.1:train:1595,ok,
hermes:glm-5.1:f9d1c522-cce2-4870-88ae-995b49c23a06,f9d1c522-cce2-4870-88ae-995b49c23a06,glm-5.1,True,22,False,,False,False,Terminal & Coding,Terminal Tasks,lambda/hermes-agent-reasoning-traces:glm-5.1:train:2426,ok,
hermes:glm-5.1:fa1796ee-7605-49a6-bb63-b42c6d029b47,fa1796ee-7605-49a6-bb63-b42c6d029b47,glm-5.1,True,18,False,,False,False,Terminal & Coding,Terminal Tasks,lambda/hermes-agent-reasoning-traces:glm-5.1:train:981,ok,
hermes:glm-5.1:fa1b4c27-2891-4b92-9de7-5d0681ab9cbe,fa1b4c27-2891-4b92-9de7-5d0681ab9cbe,glm-5.1,True,9,False,,False,False,Terminal & Coding,Terminal Tasks,lambda/hermes-agent-reasoning-traces:glm-5.1:train:1630,ok,
hermes:glm-5.1:fa227cbc-6a51-429f-a75b-e4db1f78776e,fa227cbc-6a51-429f-a75b-e4db1f78776e,glm-5.1,True,17,False,,False,False,Planning & Organization,Planning Tasks,lambda/hermes-agent-reasoning-traces:glm-5.1:train:1834,ok,
hermes:glm-5.1:fa323e8f-e7d0-4ada-9d71-ac9b9a5f0bbc,fa323e8f-e7d0-4ada-9d71-ac9b9a5f0bbc,glm-5.1,True,23,False,,False,False,Terminal & Coding,Terminal Tasks,lambda/hermes-agent-reasoning-traces:glm-5.1:train:788,ok,
hermes:glm-5.1:fa405b0e-fb8f-4310-812a-435003859f7e,fa405b0e-fb8f-4310-812a-435003859f7e,glm-5.1,True,16,False,,False,False,Browser Automation,Browser Tasks,lambda/hermes-agent-reasoning-traces:glm-5.1:train:2863,ok,
hermes:glm-5.1:fa650589-9eda-48b2-9b0e-56cd8020282a,fa650589-9eda-48b2-9b0e-56cd8020282a,glm-5.1,True,12,False,,False,False,Terminal & Coding,Terminal Tasks,lambda/hermes-agent-reasoning-traces:glm-5.1:train:1831,ok,
hermes:glm-5.1:fa9be0b5-d51e-4326-8103-481b5e8bc2c1,fa9be0b5-d51e-4326-8103-481b5e8bc2c1,glm-5.1,True,18,False,,False,False,Terminal & Coding,Terminal Tasks,lambda/hermes-agent-reasoning-traces:glm-5.1:train:2458,ok,
hermes:glm-5.1:fac1c6ce-1003-45be-9c86-35dc1ff17c87,fac1c6ce-1003-45be-9c86-35dc1ff17c87,glm-5.1,True,14,False,,False,False,Terminal & Coding,Terminal Tasks,lambda/hermes-agent-reasoning-traces:glm-5.1:train:1914,ok,
hermes:glm-5.1:fac92908-5608-4c14-8e8b-3ad0323c9557,fac92908-5608-4c14-8e8b-3ad0323c9557,glm-5.1,True,12,False,,False,False,Terminal & Coding,Terminal Tasks,lambda/hermes-agent-reasoning-traces:glm-5.1:train:1190,ok,
hermes:glm-5.1:fad37c2a-ed38-4161-bf8f-eb52cf9fa5a1,fad37c2a-ed38-4161-bf8f-eb52cf9fa5a1,glm-5.1,True,19,False,,False,False,Terminal & Coding,Terminal Tasks,lambda/hermes-agent-reasoning-traces:glm-5.1:train:2235,ok,
hermes:glm-5.1:fae15bac-1989-4b6a-a596-2cd659de130a,fae15bac-1989-4b6a-a596-2cd659de130a,glm-5.1,True,27,False,,False,False,Terminal & Coding,Terminal Tasks,lambda/hermes-agent-reasoning-traces:glm-5.1:train:1903,ok,
hermes:glm-5.1:faf5be5e-72bd-4365-bf7f-e025ac637f4a,faf5be5e-72bd-4365-bf7f-e025ac637f4a,glm-5.1,True,26,False,,False,False,Browser Automation,Browser Tasks,lambda/hermes-agent-reasoning-traces:glm-5.1:train:2811,ok,
hermes:glm-5.1:fb08e67f-50b8-422e-98d3-1b65ddd9a3e0,fb08e67f-50b8-422e-98d3-1b65ddd9a3e0,glm-5.1,True,31,False,,False,False,Browser Automation,Browser Tasks,lambda/hermes-agent-reasoning-traces:glm-5.1:train:2907,ok,
hermes:glm-5.1:fb0d368a-bc60-4572-9250-ebec94ebd2d6,fb0d368a-bc60-4572-9250-ebec94ebd2d6,glm-5.1,True,20,False,,False,False,Browser Automation,Browser Tasks,lambda/hermes-agent-reasoning-traces:glm-5.1:train:2706,ok,
hermes:glm-5.1:fb11ef25-484e-4647-abd5-0bb4242b6ab3,fb11ef25-484e-4647-abd5-0bb4242b6ab3,glm-5.1,True,10,False,,False,False,Terminal & Coding,Terminal Tasks,lambda/hermes-agent-reasoning-traces:glm-5.1:train:1571,ok,
hermes:glm-5.1:fb45ac1a-a6ec-4236-a42f-d1dba4a354be,fb45ac1a-a6ec-4236-a42f-d1dba4a354be,glm-5.1,True,23,False,,False,False,Terminal & Coding,Terminal Tasks,lambda/hermes-agent-reasoning-traces:glm-5.1:train:2352,ok,
hermes:glm-5.1:fb74a3ce-4845-4aec-9f2f-7fea9520ecad,fb74a3ce-4845-4aec-9f2f-7fea9520ecad,glm-5.1,True,9,False,,False,False,Terminal & Coding,Terminal Tasks,lambda/hermes-agent-reasoning-traces:glm-5.1:train:2183,ok,
hermes:glm-5.1:fb93b35a-4e01-474d-8e92-631e0e5a3dd4,fb93b35a-4e01-474d-8e92-631e0e5a3dd4,glm-5.1,True,9,False,,False,False,Terminal & Coding,Terminal Tasks,lambda/hermes-agent-reasoning-traces:glm-5.1:train:1912,ok,
hermes:glm-5.1:fb988d41-d870-413d-a60b-c40ae8486bde,fb988d41-d870-413d-a60b-c40ae8486bde,glm-5.1,True,10,False,,False,False,Terminal & Coding,Terminal Tasks,lambda/hermes-agent-reasoning-traces:glm-5.1:train:1732,ok,
hermes:glm-5.1:fba2b922-f18c-44b2-b4a2-0a055eb06e90,fba2b922-f18c-44b2-b4a2-0a055eb06e90,glm-5.1,True,9,False,,False,False,Terminal & Coding,Terminal Tasks,lambda/hermes-agent-reasoning-traces:glm-5.1:train:2275,ok,
hermes:glm-5.1:fbc712e8-1855-4974-8452-a2658f4e603b,fbc712e8-1855-4974-8452-a2658f4e603b,glm-5.1,True,25,False,,False,False,Planning & Organization,Planning Tasks,lambda/hermes-agent-reasoning-traces:glm-5.1:train:32,ok,
hermes:glm-5.1:fbca0d92-06f8-4787-b575-142a6e2176c3,fbca0d92-06f8-4787-b575-142a6e2176c3,glm-5.1,True,14,False,,False,False,Multi-Tool,Multi-Tool Tasks,lambda/hermes-agent-reasoning-traces:glm-5.1:train:726,ok,
hermes:glm-5.1:fbcee50c-d93f-476c-a755-10f158262d73,fbcee50c-d93f-476c-a755-10f158262d73,glm-5.1,True,12,False,,False,False,Terminal & Coding,Terminal Tasks,lambda/hermes-agent-reasoning-traces:glm-5.1:train:1344,ok,
hermes:glm-5.1:fbe82277-c85a-422e-a8d9-5a4ded3b2980,fbe82277-c85a-422e-a8d9-5a4ded3b2980,glm-5.1,True,14,False,,False,False,Multi-Tool,Multi-Tool Tasks,lambda/hermes-agent-reasoning-traces:glm-5.1:train:757,ok,
hermes:glm-5.1:fbf3248b-5380-478b-8b41-22aba0ef503e,fbf3248b-5380-478b-8b41-22aba0ef503e,glm-5.1,True,31,False,,False,False,Browser Automation,Browser Tasks,lambda/hermes-agent-reasoning-traces:glm-5.1:train:2778,ok,
hermes:glm-5.1:fbf66400-90dc-4554-98fd-de524f19a1f1,fbf66400-90dc-4554-98fd-de524f19a1f1,glm-5.1,True,23,False,,False,False,File Operations,File Tasks,lambda/hermes-agent-reasoning-traces:glm-5.1:train:1591,ok,
hermes:glm-5.1:fbffe4b9-f887-4094-bf0d-9ce29e9ef9fe,fbffe4b9-f887-4094-bf0d-9ce29e9ef9fe,glm-5.1,True,14,False,,False,False,Terminal & Coding,Terminal Tasks,lambda/hermes-agent-reasoning-traces:glm-5.1:train:959,ok,
hermes:glm-5.1:fc01907b-cd77-446c-8844-62e2c051a35a,fc01907b-cd77-446c-8844-62e2c051a35a,glm-5.1,True,9,False,,False,False,Planning & Organization,Planning Tasks,lambda/hermes-agent-reasoning-traces:glm-5.1:train:2499,ok,
hermes:glm-5.1:fc058ab4-3a3f-4f49-a8de-98a580902a29,fc058ab4-3a3f-4f49-a8de-98a580902a29,glm-5.1,True,16,False,,False,False,Terminal & Coding,Terminal Tasks,lambda/hermes-agent-reasoning-traces:glm-5.1:train:2300,ok,
hermes:glm-5.1:fc1ec0d2-7783-4c37-b04c-9fb02c7838f9,fc1ec0d2-7783-4c37-b04c-9fb02c7838f9,glm-5.1,True,9,False,,False,False,Terminal & Coding,Terminal Tasks,lambda/hermes-agent-reasoning-traces:glm-5.1:train:1735,ok,
hermes:glm-5.1:fc35feda-d4ad-4303-b1cd-368922b1d536,fc35feda-d4ad-4303-b1cd-368922b1d536,glm-5.1,True,10,False,,False,False,Terminal & Coding,Terminal Tasks,lambda/hermes-agent-reasoning-traces:glm-5.1:train:1166,ok,
hermes:glm-5.1:fc38b55e-8d53-4433-877b-9d99406b9c2d,fc38b55e-8d53-4433-877b-9d99406b9c2d,glm-5.1,True,25,False,,False,False,Browser Automation,Browser Tasks,lambda/hermes-agent-reasoning-traces:glm-5.1:train:2536,ok,
hermes:glm-5.1:fc3a8848-eb1c-4e9c-b023-d8ad4549ad39,fc3a8848-eb1c-4e9c-b023-d8ad4549ad39,glm-5.1,True,25,False,,False,False,Browser Automation,Browser Tasks,lambda/hermes-agent-reasoning-traces:glm-5.1:train:2965,ok,
hermes:glm-5.1:fc4a3342-bb54-452c-8126-c6874405470e,fc4a3342-bb54-452c-8126-c6874405470e,glm-5.1,True,9,False,,False,False,Terminal & Coding,Terminal Tasks,lambda/hermes-agent-reasoning-traces:glm-5.1:train:2212,ok,
hermes:glm-5.1:fc525053-3082-49f7-b12f-315f9b781834,fc525053-3082-49f7-b12f-315f9b781834,glm-5.1,True,20,False,,False,False,Browser Automation,Browser Tasks,lambda/hermes-agent-reasoning-traces:glm-5.1:train:2692,ok,
hermes:glm-5.1:fc55b069-eb0e-4d38-bb7e-8d014c5de025,fc55b069-eb0e-4d38-bb7e-8d014c5de025,glm-5.1,True,11,False,,False,False,Browser Automation,Browser Tasks,lambda/hermes-agent-reasoning-traces:glm-5.1:train:2952,ok,
hermes:glm-5.1:fc5937f2-5f46-42a6-a4d5-c910d219b6ca,fc5937f2-5f46-42a6-a4d5-c910d219b6ca,glm-5.1,True,13,False,,False,False,Terminal & Coding,Terminal Tasks,lambda/hermes-agent-reasoning-traces:glm-5.1:train:244,ok,
hermes:glm-5.1:fc81976d-d0cd-4ec9-923d-098ae2369067,fc81976d-d0cd-4ec9-923d-098ae2369067,glm-5.1,True,14,False,,False,False,Terminal & Coding,Terminal Tasks,lambda/hermes-agent-reasoning-traces:glm-5.1:train:1395,ok,
hermes:glm-5.1:fc9687ef-5b86-43e8-9423-5d58f06f80fc,fc9687ef-5b86-43e8-9423-5d58f06f80fc,glm-5.1,True,14,False,,False,False,Terminal & Coding,Terminal Tasks,lambda/hermes-agent-reasoning-traces:glm-5.1:train:2305,ok,
hermes:glm-5.1:fc98fc5c-2eda-4e8d-b032-256b57d66958,fc98fc5c-2eda-4e8d-b032-256b57d66958,glm-5.1,True,14,False,,False,False,Scheduling,Cron Jobs,lambda/hermes-agent-reasoning-traces:glm-5.1:train:2389,ok,
hermes:glm-5.1:fca06b4c-fbe4-44c4-8813-15ad3241d309,fca06b4c-fbe4-44c4-8813-15ad3241d309,glm-5.1,True,12,False,,False,False,Planning & Organization,Planning Tasks,lambda/hermes-agent-reasoning-traces:glm-5.1:train:462,ok,
hermes:glm-5.1:fcb08c04-f021-4e25-b883-3de8347db879,fcb08c04-f021-4e25-b883-3de8347db879,glm-5.1,True,19,False,,False,False,Terminal & Coding,Terminal Tasks,lambda/hermes-agent-reasoning-traces:glm-5.1:train:1251,ok,
hermes:glm-5.1:fcb7ab27-6bdf-4b7d-b0fe-3b4bb3f3a66a,fcb7ab27-6bdf-4b7d-b0fe-3b4bb3f3a66a,glm-5.1,True,21,False,,False,False,Terminal & Coding,Terminal Tasks,lambda/hermes-agent-reasoning-traces:glm-5.1:train:2383,ok,
hermes:glm-5.1:fcbf6df6-cfd8-4a10-99ef-3975d524a339,fcbf6df6-cfd8-4a10-99ef-3975d524a339,glm-5.1,True,29,False,,False,False,Terminal & Coding,Terminal Tasks,lambda/hermes-agent-reasoning-traces:glm-5.1:train:1919,ok,
hermes:glm-5.1:fcc1da7e-5bf9-4b4d-b696-0edad7388c6f,fcc1da7e-5bf9-4b4d-b696-0edad7388c6f,glm-5.1,True,9,False,,False,False,Terminal & Coding,Terminal Tasks,lambda/hermes-agent-reasoning-traces:glm-5.1:train:940,ok,
hermes:glm-5.1:fcd9026e-dda6-40bc-99a4-513f2a25d6c8,fcd9026e-dda6-40bc-99a4-513f2a25d6c8,glm-5.1,True,12,False,,False,False,Terminal & Coding,Terminal Tasks,lambda/hermes-agent-reasoning-traces:glm-5.1:train:1518,ok,
hermes:glm-5.1:fcd96324-6ad0-4d81-abaf-bd992875ca32,fcd96324-6ad0-4d81-abaf-bd992875ca32,glm-5.1,True,20,False,,False,False,Terminal & Coding,Terminal Tasks,lambda/hermes-agent-reasoning-traces:glm-5.1:train:1512,ok,
hermes:glm-5.1:fce3f477-cf48-4394-8778-0a49fbb9ddd3,fce3f477-cf48-4394-8778-0a49fbb9ddd3,glm-5.1,True,14,False,,False,False,Terminal & Coding,Terminal Tasks,lambda/hermes-agent-reasoning-traces:glm-5.1:train:2496,ok,
hermes:glm-5.1:fd044b7e-3b2e-454a-bbf0-a90f58de1189,fd044b7e-3b2e-454a-bbf0-a90f58de1189,glm-5.1,True,10,False,,False,False,File Operations,File Tasks,lambda/hermes-agent-reasoning-traces:glm-5.1:train:2422,ok,
hermes:glm-5.1:fd0a92a9-6de7-465f-aceb-0be4054bd256,fd0a92a9-6de7-465f-aceb-0be4054bd256,glm-5.1,True,12,False,,False,False,Multi-Tool,Multi-Tool Tasks,lambda/hermes-agent-reasoning-traces:glm-5.1:train:1222,ok,
hermes:glm-5.1:fd47e9df-bd2b-47fc-8f5e-86d74b1bbe5a,fd47e9df-bd2b-47fc-8f5e-86d74b1bbe5a,glm-5.1,True,25,False,,False,False,Scheduling,Cron Jobs,lambda/hermes-agent-reasoning-traces:glm-5.1:train:572,ok,
hermes:glm-5.1:fd55d10c-2612-4ad1-8d9b-737bc73616fe,fd55d10c-2612-4ad1-8d9b-737bc73616fe,glm-5.1,True,10,False,,False,False,Terminal & Coding,Terminal Tasks,lambda/hermes-agent-reasoning-traces:glm-5.1:train:2485,ok,
hermes:glm-5.1:fd576907-02aa-4094-a510-b7e1ba9283c9,fd576907-02aa-4094-a510-b7e1ba9283c9,glm-5.1,True,18,False,,False,False,Scheduling,Cron Jobs,lambda/hermes-agent-reasoning-traces:glm-5.1:train:1206,ok,
hermes:glm-5.1:fd657cbc-d751-4ac5-b767-f9d7cf7014f8,fd657cbc-d751-4ac5-b767-f9d7cf7014f8,glm-5.1,True,16,False,,False,False,Terminal & Coding,Terminal Tasks,lambda/hermes-agent-reasoning-traces:glm-5.1:train:1218,ok,
hermes:glm-5.1:fd8083df-8ff3-4d4f-8969-ab5e206f9d31,fd8083df-8ff3-4d4f-8969-ab5e206f9d31,glm-5.1,True,10,False,,False,False,Terminal & Coding,Terminal Tasks,lambda/hermes-agent-reasoning-traces:glm-5.1:train:1444,ok,
hermes:glm-5.1:fd8213a1-7e8e-4b85-ba2b-21a47a068696,fd8213a1-7e8e-4b85-ba2b-21a47a068696,glm-5.1,True,14,False,,False,False,Terminal & Coding,Terminal Tasks,lambda/hermes-agent-reasoning-traces:glm-5.1:train:419,ok,
hermes:glm-5.1:fd943df4-7a1a-4744-a6e6-968b923119f2,fd943df4-7a1a-4744-a6e6-968b923119f2,glm-5.1,True,14,False,,False,False,Multi-Tool,Multi-Tool Tasks,lambda/hermes-agent-reasoning-traces:glm-5.1:train:1342,ok,
hermes:glm-5.1:fdbd9696-4c46-4a9e-a93a-6105cc42a421,fdbd9696-4c46-4a9e-a93a-6105cc42a421,glm-5.1,True,12,False,,False,False,Terminal & Coding,Terminal Tasks,lambda/hermes-agent-reasoning-traces:glm-5.1:train:2306,ok,
hermes:glm-5.1:fdd32f30-8956-43ab-ba1f-e5b3d784c720,fdd32f30-8956-43ab-ba1f-e5b3d784c720,glm-5.1,True,20,False,,False,False,Terminal & Coding,Terminal Tasks,lambda/hermes-agent-reasoning-traces:glm-5.1:train:1794,ok,
hermes:glm-5.1:fde160e3-dda1-49ee-ae5c-635af46afd3c,fde160e3-dda1-49ee-ae5c-635af46afd3c,glm-5.1,True,18,False,,False,False,Terminal & Coding,Terminal Tasks,lambda/hermes-agent-reasoning-traces:glm-5.1:train:1448,ok,
hermes:glm-5.1:fded07d7-1139-44a6-b8b8-0df28ecc8902,fded07d7-1139-44a6-b8b8-0df28ecc8902,glm-5.1,True,10,False,,False,False,Planning & Organization,Planning Tasks,lambda/hermes-agent-reasoning-traces:glm-5.1:train:1238,ok,
hermes:glm-5.1:fdf76f8d-c828-4ead-af2b-b83d94ac87fb,fdf76f8d-c828-4ead-af2b-b83d94ac87fb,glm-5.1,True,10,False,,False,False,Terminal & Coding,Terminal Tasks,lambda/hermes-agent-reasoning-traces:glm-5.1:train:2338,ok,
hermes:glm-5.1:fe04b11e-c324-4344-8c50-76e0fc3e06bd,fe04b11e-c324-4344-8c50-76e0fc3e06bd,glm-5.1,True,17,False,,False,False,Terminal & Coding,Terminal Tasks,lambda/hermes-agent-reasoning-traces:glm-5.1:train:885,ok,
hermes:glm-5.1:fe2349e6-fde8-432d-be2f-2a0c47aa5dd8,fe2349e6-fde8-432d-be2f-2a0c47aa5dd8,glm-5.1,True,10,False,,False,False,Terminal & Coding,Terminal Tasks,lambda/hermes-agent-reasoning-traces:glm-5.1:train:1988,ok,
hermes:glm-5.1:fe47051e-20e1-4511-9fca-5e5271675140,fe47051e-20e1-4511-9fca-5e5271675140,glm-5.1,True,21,False,,False,False,Terminal & Coding,Terminal Tasks,lambda/hermes-agent-reasoning-traces:glm-5.1:train:2201,ok,
hermes:glm-5.1:fe5317ef-5287-4fe4-8958-abde9f503a5a,fe5317ef-5287-4fe4-8958-abde9f503a5a,glm-5.1,True,20,False,,False,False,Browser Automation,Browser Tasks,lambda/hermes-agent-reasoning-traces:glm-5.1:train:2604,ok,
hermes:glm-5.1:fe66a853-8d18-4502-a3bc-db3eddcfde6b,fe66a853-8d18-4502-a3bc-db3eddcfde6b,glm-5.1,True,14,False,,False,False,Terminal & Coding,Terminal Tasks,lambda/hermes-agent-reasoning-traces:glm-5.1:train:1328,ok,
hermes:glm-5.1:fe8ea70d-8241-4032-837d-b36897f6a624,fe8ea70d-8241-4032-837d-b36897f6a624,glm-5.1,True,21,False,,False,False,Agent Tools,Background Processes,lambda/hermes-agent-reasoning-traces:glm-5.1:train:676,ok,
hermes:glm-5.1:fea57b15-ed76-483d-b6a1-6c924d74da25,fea57b15-ed76-483d-b6a1-6c924d74da25,glm-5.1,True,16,False,,False,False,Terminal & Coding,Terminal Tasks,lambda/hermes-agent-reasoning-traces:glm-5.1:train:126,ok,
hermes:glm-5.1:fec944d1-b3cb-46fb-9ffe-22b794065367,fec944d1-b3cb-46fb-9ffe-22b794065367,glm-5.1,True,15,False,,False,False,Terminal & Coding,Terminal Tasks,lambda/hermes-agent-reasoning-traces:glm-5.1:train:453,ok,
hermes:glm-5.1:feef0142-77b0-408d-8f12-5619f86db563,feef0142-77b0-408d-8f12-5619f86db563,glm-5.1,True,25,False,,False,False,Terminal & Coding,Terminal Tasks,lambda/hermes-agent-reasoning-traces:glm-5.1:train:482,ok,
hermes:glm-5.1:ff1caf5f-0394-45e4-b311-7f1eafb76a93,ff1caf5f-0394-45e4-b311-7f1eafb76a93,glm-5.1,True,20,False,,False,False,Browser Automation,Browser Tasks,lambda/hermes-agent-reasoning-traces:glm-5.1:train:2894,ok,
hermes:glm-5.1:ff32cb70-01c9-4ef1-95e7-85d05828a14f,ff32cb70-01c9-4ef1-95e7-85d05828a14f,glm-5.1,True,12,False,,False,False,Multi-Tool,Multi-Tool Tasks,lambda/hermes-agent-reasoning-traces:glm-5.1:train:2008,ok,
hermes:glm-5.1:ff3b8a13-a4e3-4d54-b6b6-f28edd8a38b9,ff3b8a13-a4e3-4d54-b6b6-f28edd8a38b9,glm-5.1,True,18,False,,False,False,Terminal & Coding,Terminal Tasks,lambda/hermes-agent-reasoning-traces:glm-5.1:train:182,ok,
hermes:glm-5.1:ff4baf61-c769-4a2f-8de1-deb0182d7b26,ff4baf61-c769-4a2f-8de1-deb0182d7b26,glm-5.1,True,29,False,,False,False,Terminal & Coding,Terminal Tasks,lambda/hermes-agent-reasoning-traces:glm-5.1:train:783,ok,
hermes:glm-5.1:ff55202a-b3e0-47cd-b3ba-a9b8f18ce52f,ff55202a-b3e0-47cd-b3ba-a9b8f18ce52f,glm-5.1,True,14,False,,False,False,Terminal & Coding,Terminal Tasks,lambda/hermes-agent-reasoning-traces:glm-5.1:train:638,ok,
hermes:glm-5.1:ff646c96-2fab-46b1-bfa0-b0c69b9532d0,ff646c96-2fab-46b1-bfa0-b0c69b9532d0,glm-5.1,True,24,False,,False,False,Browser Automation,Browser Tasks,lambda/hermes-agent-reasoning-traces:glm-5.1:train:2860,ok,
hermes:glm-5.1:ff729771-80cc-4513-a609-d4becc16480a,ff729771-80cc-4513-a609-d4becc16480a,glm-5.1,True,16,False,,False,False,Terminal & Coding,Terminal Tasks,lambda/hermes-agent-reasoning-traces:glm-5.1:train:1890,ok,
hermes:glm-5.1:ff753879-46ae-4432-99d3-036597d19cd9,ff753879-46ae-4432-99d3-036597d19cd9,glm-5.1,True,27,False,,False,False,Browser Automation,Browser Tasks,lambda/hermes-agent-reasoning-traces:glm-5.1:train:2745,ok,
hermes:glm-5.1:ff7d3ae2-ff2b-492b-9b18-80d0de7fe2f2,ff7d3ae2-ff2b-492b-9b18-80d0de7fe2f2,glm-5.1,True,14,False,,False,False,Terminal & Coding,Terminal Tasks,lambda/hermes-agent-reasoning-traces:glm-5.1:train:1916,ok,
hermes:glm-5.1:ff81f60b-e97e-46f6-bfbc-ed9e2bc40c47,ff81f60b-e97e-46f6-bfbc-ed9e2bc40c47,glm-5.1,True,14,False,,False,False,Terminal & Coding,Terminal Tasks,lambda/hermes-agent-reasoning-traces:glm-5.1:train:2429,ok,
hermes:glm-5.1:ff85074a-e99c-44d1-b997-ae7fb590b396,ff85074a-e99c-44d1-b997-ae7fb590b396,glm-5.1,True,9,False,,False,False,Terminal & Coding,Terminal Tasks,lambda/hermes-agent-reasoning-traces:glm-5.1:train:923,ok,
hermes:glm-5.1:ff87bad7-76d5-4eb3-bb95-c65a7e37b2d0,ff87bad7-76d5-4eb3-bb95-c65a7e37b2d0,glm-5.1,True,21,False,,False,False,Terminal & Coding,Terminal Tasks,lambda/hermes-agent-reasoning-traces:glm-5.1:train:502,ok,
hermes:glm-5.1:ff88e411-2750-4af6-9301-ab34ef4ef0d4,ff88e411-2750-4af6-9301-ab34ef4ef0d4,glm-5.1,True,23,False,,False,False,Terminal & Coding,Terminal Tasks,lambda/hermes-agent-reasoning-traces:glm-5.1:train:1098,ok,
hermes:glm-5.1:ff9461e0-3e5b-4e8c-ac7f-709ab53ae370,ff9461e0-3e5b-4e8c-ac7f-709ab53ae370,glm-5.1,True,10,False,,False,False,Terminal & Coding,Terminal Tasks,lambda/hermes-agent-reasoning-traces:glm-5.1:train:1075,ok,
hermes:glm-5.1:ff9c0680-a53a-497f-8dd4-ac47c19aede3,ff9c0680-a53a-497f-8dd4-ac47c19aede3,glm-5.1,True,18,False,,False,False,Scheduling,Cron Jobs,lambda/hermes-agent-reasoning-traces:glm-5.1:train:740,ok,
hermes:glm-5.1:ffc7d8d3-a369-4fc3-8b93-cd9f59e495af,ffc7d8d3-a369-4fc3-8b93-cd9f59e495af,glm-5.1,True,18,False,,False,False,Terminal & Coding,Terminal Tasks,lambda/hermes-agent-reasoning-traces:glm-5.1:train:1010,ok,
hermes:glm-5.1:ffcb340d-e488-496c-8e8a-807a7cad2e1b,ffcb340d-e488-496c-8e8a-807a7cad2e1b,glm-5.1,True,17,False,,False,False,Terminal & Coding,Terminal Tasks,lambda/hermes-agent-reasoning-traces:glm-5.1:train:1538,ok,
hermes:glm-5.1:ffe06ca7-3f1d-4cc6-830b-97bfea89985b,ffe06ca7-3f1d-4cc6-830b-97bfea89985b,glm-5.1,True,20,False,,False,False,Terminal & Coding,Terminal Tasks,lambda/hermes-agent-reasoning-traces:glm-5.1:train:2116,ok,
