source_id,instance_id,model_name,trajectory_available,trajectory_length,final_success_available,final_success,patch_available,eval_log_available,category,subcategory,raw_path_or_dataset_index,parse_status,parse_error
hermes:kimi:000c570b-c2c8-4407-8e93-a3832e373fc0,000c570b-c2c8-4407-8e93-a3832e373fc0,kimi,True,7,False,,False,False,Agent Tools,Memory & Context,lambda/hermes-agent-reasoning-traces:kimi:train:433,ok,
hermes:kimi:00495b40-c7e2-44d0-8d37-39a2fc9ece49,00495b40-c7e2-44d0-8d37-39a2fc9ece49,kimi,True,34,False,,False,False,Agent Tools,Todo & Planning,lambda/hermes-agent-reasoning-traces:kimi:train:466,ok,
hermes:kimi:010b5f5c-0db3-401f-975d-31bcbd5b232b,010b5f5c-0db3-401f-975d-31bcbd5b232b,kimi,True,54,False,,False,False,Repository Tasks,Environment Setup,lambda/hermes-agent-reasoning-traces:kimi:train:858,ok,
hermes:kimi:013867b0-172c-459c-a1d1-f502cb649307,013867b0-172c-459c-a1d1-f502cb649307,kimi,True,7,False,,False,False,Agent Tools,Todo & Planning,lambda/hermes-agent-reasoning-traces:kimi:train:316,ok,
hermes:kimi:013f3531-9d14-4ac5-b9b0-6a41e75e2b28,013f3531-9d14-4ac5-b9b0-6a41e75e2b28,kimi,True,45,False,,False,False,Repository Tasks,Environment Setup,lambda/hermes-agent-reasoning-traces:kimi:train:1227,ok,
hermes:kimi:013fc1a3-e3b2-4bfe-a07a-049ae6935a21,013fc1a3-e3b2-4bfe-a07a-049ae6935a21,kimi,True,54,False,,False,False,Repository Tasks,Environment Setup,lambda/hermes-agent-reasoning-traces:kimi:train:1358,ok,
hermes:kimi:014ab01e-5b5c-4df4-a9b6-82750f59d165,014ab01e-5b5c-4df4-a9b6-82750f59d165,kimi,True,8,False,,False,False,Agent Tools,Skill Invocation,lambda/hermes-agent-reasoning-traces:kimi:train:415,ok,
hermes:kimi:014ef60d-a666-40db-af8b-a262bab7342a,014ef60d-a666-40db-af8b-a262bab7342a,kimi,True,49,False,,False,False,Repository Tasks,Codebase Exploration,lambda/hermes-agent-reasoning-traces:kimi:train:934,ok,
hermes:kimi:01532f99-2a3d-4b64-b75f-aebc78a8b083,01532f99-2a3d-4b64-b75f-aebc78a8b083,kimi,True,54,False,,False,False,Repository Tasks,Testing,lambda/hermes-agent-reasoning-traces:kimi:train:1376,ok,
hermes:kimi:0153dc97-dd82-45f8-85fd-62beaf28c8be,0153dc97-dd82-45f8-85fd-62beaf28c8be,kimi,True,54,False,,False,False,Repository Tasks,Codebase Exploration,lambda/hermes-agent-reasoning-traces:kimi:train:538,ok,
hermes:kimi:01695515-7295-4228-913d-47f90d128341,01695515-7295-4228-913d-47f90d128341,kimi,True,54,False,,False,False,Repository Tasks,Bug Fix,lambda/hermes-agent-reasoning-traces:kimi:train:1455,ok,
hermes:kimi:01bc419e-d581-44f8-b3d1-5a51870f0508,01bc419e-d581-44f8-b3d1-5a51870f0508,kimi,True,54,False,,False,False,Repository Tasks,Feature Implementation,lambda/hermes-agent-reasoning-traces:kimi:train:641,ok,
hermes:kimi:01e7d5d8-280e-408a-9e76-1bcfd8482808,01e7d5d8-280e-408a-9e76-1bcfd8482808,kimi,True,54,False,,False,False,Repository Tasks,Feature Implementation,lambda/hermes-agent-reasoning-traces:kimi:train:625,ok,
hermes:kimi:01fe8cec-5bfc-45cd-9163-6d8c64c7496b,01fe8cec-5bfc-45cd-9163-6d8c64c7496b,kimi,True,13,False,,False,False,Agent Tools,Session & Memory,lambda/hermes-agent-reasoning-traces:kimi:train:261,ok,
hermes:kimi:021c53f8-f90c-41de-8289-bf0e3ea0bfda,021c53f8-f90c-41de-8289-bf0e3ea0bfda,kimi,True,29,False,,False,False,Repository Tasks,Codebase Exploration,lambda/hermes-agent-reasoning-traces:kimi:train:1085,ok,
hermes:kimi:027664f1-361b-4018-9291-bd77543b2b6f,027664f1-361b-4018-9291-bd77543b2b6f,kimi,True,15,False,,False,False,Agent Tools,Memory & Context,lambda/hermes-agent-reasoning-traces:kimi:train:194,ok,
hermes:kimi:027e9163-648d-40ab-be5a-eb9a959d4d63,027e9163-648d-40ab-be5a-eb9a959d4d63,kimi,True,49,False,,False,False,Repository Tasks,Codebase Exploration,lambda/hermes-agent-reasoning-traces:kimi:train:1456,ok,
hermes:kimi:0292579d-4612-4593-bd26-3d0229d0ce1a,0292579d-4612-4593-bd26-3d0229d0ce1a,kimi,True,17,False,,False,False,Agent Tools,Background Processes,lambda/hermes-agent-reasoning-traces:kimi:train:325,ok,
hermes:kimi:02cba7aa-ff20-4c9c-abae-2e1fbce31832,02cba7aa-ff20-4c9c-abae-2e1fbce31832,kimi,True,9,False,,False,False,Agent Tools,Skill Invocation,lambda/hermes-agent-reasoning-traces:kimi:train:515,ok,
hermes:kimi:02ecb038-3620-4c4c-b32a-52ceeaabc0cf,02ecb038-3620-4c4c-b32a-52ceeaabc0cf,kimi,True,5,False,,False,False,Agent Tools,Sandbox Execution,lambda/hermes-agent-reasoning-traces:kimi:train:199,ok,
hermes:kimi:02f1387c-1637-4a2e-a2d8-0ec25cb1f45b,02f1387c-1637-4a2e-a2d8-0ec25cb1f45b,kimi,True,54,False,,False,False,Repository Tasks,Bug Fix,lambda/hermes-agent-reasoning-traces:kimi:train:536,ok,
hermes:kimi:0335f3a0-ad5f-4052-b401-510bc18bdca4,0335f3a0-ad5f-4052-b401-510bc18bdca4,kimi,True,49,False,,False,False,Repository Tasks,Bug Fix,lambda/hermes-agent-reasoning-traces:kimi:train:728,ok,
hermes:kimi:034bcc4f-8072-4581-b4c8-02b7d9639733,034bcc4f-8072-4581-b4c8-02b7d9639733,kimi,True,54,False,,False,False,Repository Tasks,Codebase Exploration,lambda/hermes-agent-reasoning-traces:kimi:train:1276,ok,
hermes:kimi:038868a7-aff5-4be7-a2aa-987e9fbeb2d4,038868a7-aff5-4be7-a2aa-987e9fbeb2d4,kimi,True,13,False,,False,False,Agent Tools,Delegation,lambda/hermes-agent-reasoning-traces:kimi:train:160,ok,
hermes:kimi:04035325-99b9-4ea0-bb8c-ad09d88ab985,04035325-99b9-4ea0-bb8c-ad09d88ab985,kimi,True,47,False,,False,False,Repository Tasks,Codebase Exploration,lambda/hermes-agent-reasoning-traces:kimi:train:833,ok,
hermes:kimi:04105339-6bf0-4f18-a409-4fc05a17edd7,04105339-6bf0-4f18-a409-4fc05a17edd7,kimi,True,51,False,,False,False,Repository Tasks,Codebase Exploration,lambda/hermes-agent-reasoning-traces:kimi:train:974,ok,
hermes:kimi:04f42b06-b33c-4231-a3af-db2fdeb45b42,04f42b06-b33c-4231-a3af-db2fdeb45b42,kimi,True,27,False,,False,False,Repository Tasks,Codebase Exploration,lambda/hermes-agent-reasoning-traces:kimi:train:1331,ok,
hermes:kimi:058602bb-6b3c-46fb-a19d-5dd53938ff31,058602bb-6b3c-46fb-a19d-5dd53938ff31,kimi,True,51,False,,False,False,Repository Tasks,Feature Implementation,lambda/hermes-agent-reasoning-traces:kimi:train:1082,ok,
hermes:kimi:05ac4705-47e0-4c8a-a2d6-8a268ee5bbc7,05ac4705-47e0-4c8a-a2d6-8a268ee5bbc7,kimi,True,6,False,,False,False,Agent Tools,Delegation,lambda/hermes-agent-reasoning-traces:kimi:train:50,ok,
hermes:kimi:05b5a918-31c8-4f53-9680-b348ddc65c29,05b5a918-31c8-4f53-9680-b348ddc65c29,kimi,True,41,False,,False,False,Repository Tasks,Documentation,lambda/hermes-agent-reasoning-traces:kimi:train:671,ok,
hermes:kimi:05f7bc53-9d44-4e9a-a93c-a00c96f9a05b,05f7bc53-9d44-4e9a-a93c-a00c96f9a05b,kimi,True,9,False,,False,False,Agent Tools,Skill Invocation,lambda/hermes-agent-reasoning-traces:kimi:train:157,ok,
hermes:kimi:05fd8ccf-3ae3-47e4-935c-4233e4fbb36b,05fd8ccf-3ae3-47e4-935c-4233e4fbb36b,kimi,True,52,False,,False,False,Repository Tasks,Documentation,lambda/hermes-agent-reasoning-traces:kimi:train:1056,ok,
hermes:kimi:060d3906-fb43-4b6a-9f84-a3103381e614,060d3906-fb43-4b6a-9f84-a3103381e614,kimi,True,6,False,,False,False,Agent Tools,Session & Memory,lambda/hermes-agent-reasoning-traces:kimi:train:51,ok,
hermes:kimi:0617dd7a-884e-43e7-b548-4b98f5d57391,0617dd7a-884e-43e7-b548-4b98f5d57391,kimi,True,34,False,,False,False,Agent Tools,Skill Invocation,lambda/hermes-agent-reasoning-traces:kimi:train:251,ok,
hermes:kimi:0678d8b6-b682-4a7d-9253-9258e4507ef4,0678d8b6-b682-4a7d-9253-9258e4507ef4,kimi,True,27,False,,False,False,Agent Tools,Delegation,lambda/hermes-agent-reasoning-traces:kimi:train:293,ok,
hermes:kimi:06964eef-c34b-4e91-8c62-eed954e79ca8,06964eef-c34b-4e91-8c62-eed954e79ca8,kimi,True,54,False,,False,False,Repository Tasks,Bug Fix,lambda/hermes-agent-reasoning-traces:kimi:train:667,ok,
hermes:kimi:06b6544b-bcc8-468d-a08d-b95172249144,06b6544b-bcc8-468d-a08d-b95172249144,kimi,True,32,False,,False,False,Agent Tools,Testing & CI,lambda/hermes-agent-reasoning-traces:kimi:train:216,ok,
hermes:kimi:06b6d478-d4dc-4ef3-9023-3eeb97087205,06b6d478-d4dc-4ef3-9023-3eeb97087205,kimi,True,15,False,,False,False,Planning & Organization,Planning Tasks,lambda/hermes-agent-reasoning-traces:kimi:train:214,ok,
hermes:kimi:06c024c9-9ac2-4f54-b90c-99f9f690ff4a,06c024c9-9ac2-4f54-b90c-99f9f690ff4a,kimi,True,41,False,,False,False,Repository Tasks,Codebase Exploration,lambda/hermes-agent-reasoning-traces:kimi:train:645,ok,
hermes:kimi:06d7b3d1-fd94-4f49-9f59-b6a579d8bb6b,06d7b3d1-fd94-4f49-9f59-b6a579d8bb6b,kimi,True,49,False,,False,False,Repository Tasks,Bug Fix,lambda/hermes-agent-reasoning-traces:kimi:train:610,ok,
hermes:kimi:06dd1c74-5154-4b62-9ad6-65c9c69334a7,06dd1c74-5154-4b62-9ad6-65c9c69334a7,kimi,True,31,False,,False,False,Agent Tools,Background Processes,lambda/hermes-agent-reasoning-traces:kimi:train:243,ok,
hermes:kimi:07098e4c-96bb-4712-9bb1-3f520bc6fc1d,07098e4c-96bb-4712-9bb1-3f520bc6fc1d,kimi,True,49,False,,False,False,Repository Tasks,Maintenance,lambda/hermes-agent-reasoning-traces:kimi:train:1114,ok,
hermes:kimi:07194f9e-b636-4710-baab-784d654d3635,07194f9e-b636-4710-baab-784d654d3635,kimi,True,51,False,,False,False,Repository Tasks,Documentation,lambda/hermes-agent-reasoning-traces:kimi:train:912,ok,
hermes:kimi:07670746-1001-4f6a-afbd-25280406f5df,07670746-1001-4f6a-afbd-25280406f5df,kimi,True,34,False,,False,False,Agent Tools,Session & Memory,lambda/hermes-agent-reasoning-traces:kimi:train:211,ok,
hermes:kimi:07e9e6ef-f8f3-4358-a15b-90972d78424c,07e9e6ef-f8f3-4358-a15b-90972d78424c,kimi,True,45,False,,False,False,Repository Tasks,Bug Fix,lambda/hermes-agent-reasoning-traces:kimi:train:719,ok,
hermes:kimi:080852fc-12f9-4ab7-bd4c-3703dfca6f89,080852fc-12f9-4ab7-bd4c-3703dfca6f89,kimi,True,48,False,,False,False,Repository Tasks,Environment Setup,lambda/hermes-agent-reasoning-traces:kimi:train:880,ok,
hermes:kimi:0808ea08-e8b8-462f-acc2-861ca9ed8a3a,0808ea08-e8b8-462f-acc2-861ca9ed8a3a,kimi,True,54,False,,False,False,Repository Tasks,Feature Implementation,lambda/hermes-agent-reasoning-traces:kimi:train:1054,ok,
hermes:kimi:0823103b-0701-4423-9df7-d69161206364,0823103b-0701-4423-9df7-d69161206364,kimi,True,9,False,,False,False,Agent Tools,Clarification,lambda/hermes-agent-reasoning-traces:kimi:train:131,ok,
hermes:kimi:085c8288-b6d6-4e7f-a44f-c9d2b4dbc026,085c8288-b6d6-4e7f-a44f-c9d2b4dbc026,kimi,True,26,False,,False,False,Terminal & Coding,Terminal Tasks,lambda/hermes-agent-reasoning-traces:kimi:train:260,ok,
hermes:kimi:086bfe69-0049-4d6c-882d-2de0dfaa4361,086bfe69-0049-4d6c-882d-2de0dfaa4361,kimi,True,5,False,,False,False,Planning & Organization,Planning Tasks,lambda/hermes-agent-reasoning-traces:kimi:train:502,ok,
hermes:kimi:0889111b-c169-45f9-8fc3-134c3c9ffb42,0889111b-c169-45f9-8fc3-134c3c9ffb42,kimi,True,34,False,,False,False,Agent Tools,Delegation,lambda/hermes-agent-reasoning-traces:kimi:train:469,ok,
hermes:kimi:088a3083-09b1-4d2c-b53a-abd3b2064c31,088a3083-09b1-4d2c-b53a-abd3b2064c31,kimi,True,27,False,,False,False,Repository Tasks,Codebase Exploration,lambda/hermes-agent-reasoning-traces:kimi:train:1382,ok,
hermes:kimi:08f26c63-968d-4351-aa89-732975d0f189,08f26c63-968d-4351-aa89-732975d0f189,kimi,True,15,False,,False,False,Agent Tools,Delegation,lambda/hermes-agent-reasoning-traces:kimi:train:118,ok,
hermes:kimi:0906aa3d-02d8-445f-a05c-8f9fd75c04f1,0906aa3d-02d8-445f-a05c-8f9fd75c04f1,kimi,True,49,False,,False,False,Repository Tasks,Codebase Exploration,lambda/hermes-agent-reasoning-traces:kimi:train:842,ok,
hermes:kimi:0982b09c-5f09-416d-8d63-9694f4e8fec8,0982b09c-5f09-416d-8d63-9694f4e8fec8,kimi,True,22,False,,False,False,Agent Tools,Skill Invocation,lambda/hermes-agent-reasoning-traces:kimi:train:496,ok,
hermes:kimi:098a1680-a814-46b4-b4f3-80dfe0870119,098a1680-a814-46b4-b4f3-80dfe0870119,kimi,True,50,False,,False,False,Repository Tasks,Bug Fix,lambda/hermes-agent-reasoning-traces:kimi:train:670,ok,
hermes:kimi:09d50d10-10c8-4c83-a3c9-bac6f01c57a6,09d50d10-10c8-4c83-a3c9-bac6f01c57a6,kimi,True,17,False,,False,False,Repository Tasks,Maintenance,lambda/hermes-agent-reasoning-traces:kimi:train:870,ok,
hermes:kimi:0a3944de-5cbb-45f9-982a-51c0a640cdd3,0a3944de-5cbb-45f9-982a-51c0a640cdd3,kimi,True,7,False,,False,False,Agent Tools,Skill Invocation,lambda/hermes-agent-reasoning-traces:kimi:train:320,ok,
hermes:kimi:0a510680-9adf-4328-b853-d7b9ef41ebb9,0a510680-9adf-4328-b853-d7b9ef41ebb9,kimi,True,54,False,,False,False,Repository Tasks,Testing,lambda/hermes-agent-reasoning-traces:kimi:train:1134,ok,
hermes:kimi:0a8001a4-4158-4b42-bc12-d0c72620d783,0a8001a4-4158-4b42-bc12-d0c72620d783,kimi,True,51,False,,False,False,Repository Tasks,Feature Implementation,lambda/hermes-agent-reasoning-traces:kimi:train:1183,ok,
hermes:kimi:0aace1f5-f64d-48d0-a8c1-e545ad277667,0aace1f5-f64d-48d0-a8c1-e545ad277667,kimi,True,7,False,,False,False,Agent Tools,Delegation,lambda/hermes-agent-reasoning-traces:kimi:train:54,ok,
hermes:kimi:0ab93915-4def-47a0-90c3-440c39ec4a54,0ab93915-4def-47a0-90c3-440c39ec4a54,kimi,True,49,False,,False,False,Repository Tasks,Environment Setup,lambda/hermes-agent-reasoning-traces:kimi:train:956,ok,
hermes:kimi:0acfb7dc-a252-4bf2-a99a-32f6dfec3da0,0acfb7dc-a252-4bf2-a99a-32f6dfec3da0,kimi,True,49,False,,False,False,Repository Tasks,Codebase Exploration,lambda/hermes-agent-reasoning-traces:kimi:train:1035,ok,
hermes:kimi:0b3b3b9c-0ad7-4de8-8379-0da0a841b94d,0b3b3b9c-0ad7-4de8-8379-0da0a841b94d,kimi,True,20,False,,False,False,Agent Tools,Delegation,lambda/hermes-agent-reasoning-traces:kimi:train:381,ok,
hermes:kimi:0b518f9d-2909-43d2-a93e-c6482e0ccb13,0b518f9d-2909-43d2-a93e-c6482e0ccb13,kimi,True,15,False,,False,False,Repository Tasks,Codebase Exploration,lambda/hermes-agent-reasoning-traces:kimi:train:1264,ok,
hermes:kimi:0b564ac4-a54c-44f9-a443-f8c4f9d84c04,0b564ac4-a54c-44f9-a443-f8c4f9d84c04,kimi,True,54,False,,False,False,Repository Tasks,Feature Implementation,lambda/hermes-agent-reasoning-traces:kimi:train:951,ok,
hermes:kimi:0b6f4a9b-459b-4a6a-8526-cf044dbd4aca,0b6f4a9b-459b-4a6a-8526-cf044dbd4aca,kimi,True,34,False,,False,False,Agent Tools,Skill Invocation,lambda/hermes-agent-reasoning-traces:kimi:train:377,ok,
hermes:kimi:0b8081be-e7f2-421d-8c96-148df3d1677b,0b8081be-e7f2-421d-8c96-148df3d1677b,kimi,True,34,False,,False,False,Agent Tools,Background Processes,lambda/hermes-agent-reasoning-traces:kimi:train:350,ok,
hermes:kimi:0b8c9830-b0e3-4961-97ee-bb1780000cda,0b8c9830-b0e3-4961-97ee-bb1780000cda,kimi,True,54,False,,False,False,Repository Tasks,Testing,lambda/hermes-agent-reasoning-traces:kimi:train:920,ok,
hermes:kimi:0b91f114-5794-4ecc-bbb0-59c3017a055b,0b91f114-5794-4ecc-bbb0-59c3017a055b,kimi,True,54,False,,False,False,Repository Tasks,Documentation,lambda/hermes-agent-reasoning-traces:kimi:train:941,ok,
hermes:kimi:0bd56be7-76e5-4c5f-8f8d-0a0abf70fc1c,0bd56be7-76e5-4c5f-8f8d-0a0abf70fc1c,kimi,True,45,False,,False,False,Repository Tasks,Codebase Exploration,lambda/hermes-agent-reasoning-traces:kimi:train:681,ok,
hermes:kimi:0c082354-fa8a-491d-aa69-f31716080171,0c082354-fa8a-491d-aa69-f31716080171,kimi,True,34,False,,False,False,Agent Tools,Session & Memory,lambda/hermes-agent-reasoning-traces:kimi:train:62,ok,
hermes:kimi:0c0fe2a9-a844-4df7-8d49-919052ffa092,0c0fe2a9-a844-4df7-8d49-919052ffa092,kimi,True,7,False,,False,False,Agent Tools,Skill Invocation,lambda/hermes-agent-reasoning-traces:kimi:train:426,ok,
hermes:kimi:0c159a4c-a004-4bb3-999a-45d85d4f364b,0c159a4c-a004-4bb3-999a-45d85d4f364b,kimi,True,54,False,,False,False,Repository Tasks,Environment Setup,lambda/hermes-agent-reasoning-traces:kimi:train:944,ok,
hermes:kimi:0c699abf-bc77-454a-8197-d56a2294098a,0c699abf-bc77-454a-8197-d56a2294098a,kimi,True,13,False,,False,False,Agent Tools,Memory & Context,lambda/hermes-agent-reasoning-traces:kimi:train:0,ok,
hermes:kimi:0c8f10e5-e892-46ad-aa4e-69cd79d92cec,0c8f10e5-e892-46ad-aa4e-69cd79d92cec,kimi,True,54,False,,False,False,Repository Tasks,Feature Implementation,lambda/hermes-agent-reasoning-traces:kimi:train:896,ok,
hermes:kimi:0ca22d1e-191c-468f-b695-764f4146c52c,0ca22d1e-191c-468f-b695-764f4146c52c,kimi,True,9,False,,False,False,Agent Tools,Skill Invocation,lambda/hermes-agent-reasoning-traces:kimi:train:229,ok,
hermes:kimi:0ccda2ac-2d3a-4497-96b7-4e3385c01ca8,0ccda2ac-2d3a-4497-96b7-4e3385c01ca8,kimi,True,51,False,,False,False,Repository Tasks,Feature Implementation,lambda/hermes-agent-reasoning-traces:kimi:train:669,ok,
hermes:kimi:0d7a7e1d-bcc9-4846-9348-e1d08eae4d20,0d7a7e1d-bcc9-4846-9348-e1d08eae4d20,kimi,True,51,False,,False,False,Repository Tasks,Testing,lambda/hermes-agent-reasoning-traces:kimi:train:1002,ok,
hermes:kimi:0d7cf6e8-7900-4d61-9264-a83e6ed084ac,0d7cf6e8-7900-4d61-9264-a83e6ed084ac,kimi,True,17,False,,False,False,Agent Tools,Todo & Planning,lambda/hermes-agent-reasoning-traces:kimi:train:220,ok,
hermes:kimi:0db92d74-5d3c-465e-a2e1-08887bb47973,0db92d74-5d3c-465e-a2e1-08887bb47973,kimi,True,9,False,,False,False,Agent Tools,Clarification,lambda/hermes-agent-reasoning-traces:kimi:train:159,ok,
hermes:kimi:0eaaac78-6293-42f7-87b5-437a5e9eac36,0eaaac78-6293-42f7-87b5-437a5e9eac36,kimi,True,54,False,,False,False,Repository Tasks,Feature Implementation,lambda/hermes-agent-reasoning-traces:kimi:train:1325,ok,
hermes:kimi:0ecf99b9-7147-45ee-a8a8-276938eb0707,0ecf99b9-7147-45ee-a8a8-276938eb0707,kimi,True,54,False,,False,False,Repository Tasks,Documentation,lambda/hermes-agent-reasoning-traces:kimi:train:551,ok,
hermes:kimi:0ed8f643-fc81-49af-a0d7-e961e8bb4403,0ed8f643-fc81-49af-a0d7-e961e8bb4403,kimi,True,49,False,,False,False,Repository Tasks,Environment Setup,lambda/hermes-agent-reasoning-traces:kimi:train:1434,ok,
hermes:kimi:0f4de388-ecac-4ddc-b705-b36bf087b6d6,0f4de388-ecac-4ddc-b705-b36bf087b6d6,kimi,True,54,False,,False,False,Repository Tasks,Feature Implementation,lambda/hermes-agent-reasoning-traces:kimi:train:717,ok,
hermes:kimi:0fa5f4a7-d7cf-4b52-a997-e093d016bf21,0fa5f4a7-d7cf-4b52-a997-e093d016bf21,kimi,True,31,False,,False,False,Agent Tools,Todo & Planning,lambda/hermes-agent-reasoning-traces:kimi:train:121,ok,
hermes:kimi:0fe45f75-fa2a-4fb4-be8a-ed68d9b3f20f,0fe45f75-fa2a-4fb4-be8a-ed68d9b3f20f,kimi,True,54,False,,False,False,Repository Tasks,Bug Fix,lambda/hermes-agent-reasoning-traces:kimi:train:1167,ok,
hermes:kimi:0ff7d5a4-66ba-4dfa-afe8-229a4ca91584,0ff7d5a4-66ba-4dfa-afe8-229a4ca91584,kimi,True,41,False,,False,False,Repository Tasks,Feature Implementation,lambda/hermes-agent-reasoning-traces:kimi:train:841,ok,
hermes:kimi:10281719-7bc5-404c-b1bb-3e929a3c8340,10281719-7bc5-404c-b1bb-3e929a3c8340,kimi,True,54,False,,False,False,Repository Tasks,Feature Implementation,lambda/hermes-agent-reasoning-traces:kimi:train:1209,ok,
hermes:kimi:10289b6f-6f1c-49a8-86fc-5b3a74e2e272,10289b6f-6f1c-49a8-86fc-5b3a74e2e272,kimi,True,51,False,,False,False,Repository Tasks,Bug Fix,lambda/hermes-agent-reasoning-traces:kimi:train:1481,ok,
hermes:kimi:105e3b58-8396-4ab1-bbc9-17f44b8075b6,105e3b58-8396-4ab1-bbc9-17f44b8075b6,kimi,True,34,False,,False,False,Agent Tools,Skill Invocation,lambda/hermes-agent-reasoning-traces:kimi:train:201,ok,
hermes:kimi:108c70a4-7e0a-4683-830e-e772f4040505,108c70a4-7e0a-4683-830e-e772f4040505,kimi,True,54,False,,False,False,Repository Tasks,Bug Fix,lambda/hermes-agent-reasoning-traces:kimi:train:652,ok,
hermes:kimi:10b065c9-b8a8-47d4-8232-272c52ab3d35,10b065c9-b8a8-47d4-8232-272c52ab3d35,kimi,True,51,False,,False,False,Repository Tasks,Bug Fix,lambda/hermes-agent-reasoning-traces:kimi:train:864,ok,
hermes:kimi:10d6fb5f-f8b2-40b5-b6f5-ce5aa3943628,10d6fb5f-f8b2-40b5-b6f5-ce5aa3943628,kimi,True,54,False,,False,False,Repository Tasks,Environment Setup,lambda/hermes-agent-reasoning-traces:kimi:train:548,ok,
hermes:kimi:10d99308-2ae5-4889-8084-6b3b5538e327,10d99308-2ae5-4889-8084-6b3b5538e327,kimi,True,23,False,,False,False,Repository Tasks,Codebase Exploration,lambda/hermes-agent-reasoning-traces:kimi:train:743,ok,
hermes:kimi:10fc2943-e91d-4f01-801f-cceb2e200f59,10fc2943-e91d-4f01-801f-cceb2e200f59,kimi,True,51,False,,False,False,Repository Tasks,Feature Implementation,lambda/hermes-agent-reasoning-traces:kimi:train:1117,ok,
hermes:kimi:117a5dee-25ef-4482-964f-ab2b9783f85d,117a5dee-25ef-4482-964f-ab2b9783f85d,kimi,True,50,False,,False,False,Repository Tasks,Environment Setup,lambda/hermes-agent-reasoning-traces:kimi:train:1255,ok,
hermes:kimi:11ae1c47-3069-4cac-8618-ca3e4537760a,11ae1c47-3069-4cac-8618-ca3e4537760a,kimi,True,54,False,,False,False,Repository Tasks,Bug Fix,lambda/hermes-agent-reasoning-traces:kimi:train:1378,ok,
hermes:kimi:11e7d208-e472-4f57-af27-e0ae1dc403a2,11e7d208-e472-4f57-af27-e0ae1dc403a2,kimi,True,21,False,,False,False,Agent Tools,Testing & CI,lambda/hermes-agent-reasoning-traces:kimi:train:307,ok,
hermes:kimi:11fc2513-5902-4700-83c8-5685683379da,11fc2513-5902-4700-83c8-5685683379da,kimi,True,54,False,,False,False,Repository Tasks,Testing,lambda/hermes-agent-reasoning-traces:kimi:train:1069,ok,
hermes:kimi:12493345-2ba2-4884-bc17-30a1002e8ff9,12493345-2ba2-4884-bc17-30a1002e8ff9,kimi,True,13,False,,False,False,Agent Tools,Skill Invocation,lambda/hermes-agent-reasoning-traces:kimi:train:427,ok,
hermes:kimi:124d033b-21fb-4e7a-a86e-5a363d0c344d,124d033b-21fb-4e7a-a86e-5a363d0c344d,kimi,True,54,False,,False,False,Repository Tasks,Codebase Exploration,lambda/hermes-agent-reasoning-traces:kimi:train:1070,ok,
hermes:kimi:12bdec67-8cf1-42ce-803c-5178180d177e,12bdec67-8cf1-42ce-803c-5178180d177e,kimi,True,23,False,,False,False,Repository Tasks,Codebase Exploration,lambda/hermes-agent-reasoning-traces:kimi:train:620,ok,
hermes:kimi:12f0d6ff-3080-4b98-bef1-421afb037148,12f0d6ff-3080-4b98-bef1-421afb037148,kimi,True,8,False,,False,False,Agent Tools,Skill Invocation,lambda/hermes-agent-reasoning-traces:kimi:train:458,ok,
hermes:kimi:132b964b-4225-4d50-a264-51c6ec56870c,132b964b-4225-4d50-a264-51c6ec56870c,kimi,True,29,False,,False,False,Repository Tasks,Codebase Exploration,lambda/hermes-agent-reasoning-traces:kimi:train:1015,ok,
hermes:kimi:1354daea-2bbc-4ed9-81a1-48e5acb3937d,1354daea-2bbc-4ed9-81a1-48e5acb3937d,kimi,True,54,False,,False,False,Repository Tasks,Testing,lambda/hermes-agent-reasoning-traces:kimi:train:1322,ok,
hermes:kimi:13742f00-97b6-499a-8c31-f2744f362635,13742f00-97b6-499a-8c31-f2744f362635,kimi,True,43,False,,False,False,Repository Tasks,Bug Fix,lambda/hermes-agent-reasoning-traces:kimi:train:723,ok,
hermes:kimi:1396b3b3-e5bf-4b4f-81d8-b5640a71f23e,1396b3b3-e5bf-4b4f-81d8-b5640a71f23e,kimi,True,9,False,,False,False,Agent Tools,Memory & Context,lambda/hermes-agent-reasoning-traces:kimi:train:442,ok,
hermes:kimi:13973d03-5a8f-4f26-9a22-b210e96c3e5c,13973d03-5a8f-4f26-9a22-b210e96c3e5c,kimi,True,29,False,,False,False,Agent Tools,Background Processes,lambda/hermes-agent-reasoning-traces:kimi:train:174,ok,
hermes:kimi:13da1413-a244-4aed-9d13-8160a79b0b7c,13da1413-a244-4aed-9d13-8160a79b0b7c,kimi,True,41,False,,False,False,Repository Tasks,Codebase Exploration,lambda/hermes-agent-reasoning-traces:kimi:train:1406,ok,
hermes:kimi:13e2693f-1118-4dcf-a597-f08c6820e43a,13e2693f-1118-4dcf-a597-f08c6820e43a,kimi,True,54,False,,False,False,Repository Tasks,Bug Fix,lambda/hermes-agent-reasoning-traces:kimi:train:683,ok,
hermes:kimi:142c7139-bcf2-4743-a3b5-006e67fa29e4,142c7139-bcf2-4743-a3b5-006e67fa29e4,kimi,True,11,False,,False,False,Agent Tools,Delegation,lambda/hermes-agent-reasoning-traces:kimi:train:382,ok,
hermes:kimi:148363f8-4271-454a-8ed3-a36cb89af627,148363f8-4271-454a-8ed3-a36cb89af627,kimi,True,54,False,,False,False,Repository Tasks,Codebase Exploration,lambda/hermes-agent-reasoning-traces:kimi:train:777,ok,
hermes:kimi:149fb65c-437e-403b-a0e3-2c7cfd4d361b,149fb65c-437e-403b-a0e3-2c7cfd4d361b,kimi,True,54,False,,False,False,Repository Tasks,Feature Implementation,lambda/hermes-agent-reasoning-traces:kimi:train:1013,ok,
hermes:kimi:152e40fb-2083-4b02-846d-61d4dc36854c,152e40fb-2083-4b02-846d-61d4dc36854c,kimi,True,34,False,,False,False,Agent Tools,Background Processes,lambda/hermes-agent-reasoning-traces:kimi:train:107,ok,
hermes:kimi:1568f32b-9aad-44e1-97d9-6e5795824956,1568f32b-9aad-44e1-97d9-6e5795824956,kimi,True,54,False,,False,False,Repository Tasks,Bug Fix,lambda/hermes-agent-reasoning-traces:kimi:train:768,ok,
hermes:kimi:156d4b68-85a0-40d5-89fd-98d21d28e636,156d4b68-85a0-40d5-89fd-98d21d28e636,kimi,True,54,False,,False,False,Repository Tasks,Bug Fix,lambda/hermes-agent-reasoning-traces:kimi:train:674,ok,
hermes:kimi:15a7ed65-16bc-4cb1-ab81-cd6d0b8c7454,15a7ed65-16bc-4cb1-ab81-cd6d0b8c7454,kimi,True,29,False,,False,False,Repository Tasks,Codebase Exploration,lambda/hermes-agent-reasoning-traces:kimi:train:1293,ok,
hermes:kimi:15bd6e47-5923-4e73-bdf6-43e83e62cf60,15bd6e47-5923-4e73-bdf6-43e83e62cf60,kimi,True,50,False,,False,False,Repository Tasks,Environment Setup,lambda/hermes-agent-reasoning-traces:kimi:train:1150,ok,
hermes:kimi:15d4c967-4c18-4ca7-80b0-64229ce6a401,15d4c967-4c18-4ca7-80b0-64229ce6a401,kimi,True,51,False,,False,False,Repository Tasks,Codebase Exploration,lambda/hermes-agent-reasoning-traces:kimi:train:800,ok,
hermes:kimi:160e4415-2d30-4bd8-a01d-9a2e15afe5e8,160e4415-2d30-4bd8-a01d-9a2e15afe5e8,kimi,True,48,False,,False,False,Repository Tasks,Feature Implementation,lambda/hermes-agent-reasoning-traces:kimi:train:1165,ok,
hermes:kimi:163128e2-4da8-4365-afd7-4adbb58e13a8,163128e2-4da8-4365-afd7-4adbb58e13a8,kimi,True,29,False,,False,False,Agent Tools,Background Processes,lambda/hermes-agent-reasoning-traces:kimi:train:221,ok,
hermes:kimi:164f3abe-0e28-4b80-97a1-3092578e52bd,164f3abe-0e28-4b80-97a1-3092578e52bd,kimi,True,9,False,,False,False,Agent Tools,Delegation,lambda/hermes-agent-reasoning-traces:kimi:train:197,ok,
hermes:kimi:169775d5-d57c-48cd-9656-174a62750f62,169775d5-d57c-48cd-9656-174a62750f62,kimi,True,54,False,,False,False,Repository Tasks,Testing,lambda/hermes-agent-reasoning-traces:kimi:train:1368,ok,
hermes:kimi:16a21085-af9f-41f7-8bae-dccb384cde54,16a21085-af9f-41f7-8bae-dccb384cde54,kimi,True,7,False,,False,False,Agent Tools,Sandbox Execution,lambda/hermes-agent-reasoning-traces:kimi:train:493,ok,
hermes:kimi:16a44b57-509e-46a2-a2a5-59bf16ed0021,16a44b57-509e-46a2-a2a5-59bf16ed0021,kimi,True,54,False,,False,False,Repository Tasks,Bug Fix,lambda/hermes-agent-reasoning-traces:kimi:train:1233,ok,
hermes:kimi:16bbe6b2-423b-456d-b85f-d173581fe3f6,16bbe6b2-423b-456d-b85f-d173581fe3f6,kimi,True,11,False,,False,False,Agent Tools,Sandbox Execution,lambda/hermes-agent-reasoning-traces:kimi:train:445,ok,
hermes:kimi:1723f258-6662-4b06-800f-c7df5afc390d,1723f258-6662-4b06-800f-c7df5afc390d,kimi,True,51,False,,False,False,Repository Tasks,Bug Fix,lambda/hermes-agent-reasoning-traces:kimi:train:1340,ok,
hermes:kimi:17437d82-df9e-455d-8952-ecbd499da023,17437d82-df9e-455d-8952-ecbd499da023,kimi,True,54,False,,False,False,Repository Tasks,Codebase Exploration,lambda/hermes-agent-reasoning-traces:kimi:train:867,ok,
hermes:kimi:1745d81b-b5b8-4fae-a602-1262d7e53b05,1745d81b-b5b8-4fae-a602-1262d7e53b05,kimi,True,5,False,,False,False,Agent Tools,Delegation,lambda/hermes-agent-reasoning-traces:kimi:train:195,ok,
hermes:kimi:1750168a-9399-4640-8a4f-ed7775ba9886,1750168a-9399-4640-8a4f-ed7775ba9886,kimi,True,51,False,,False,False,Repository Tasks,Feature Implementation,lambda/hermes-agent-reasoning-traces:kimi:train:1074,ok,
hermes:kimi:1783ca21-f868-4787-a6e8-fb86d630d6f4,1783ca21-f868-4787-a6e8-fb86d630d6f4,kimi,True,49,False,,False,False,Repository Tasks,Environment Setup,lambda/hermes-agent-reasoning-traces:kimi:train:1184,ok,
hermes:kimi:17873fb9-9b0f-445a-bf67-9bb8999d670e,17873fb9-9b0f-445a-bf67-9bb8999d670e,kimi,True,51,False,,False,False,Repository Tasks,Documentation,lambda/hermes-agent-reasoning-traces:kimi:train:1246,ok,
hermes:kimi:178da812-1487-42ba-b2e7-325ec4ff100e,178da812-1487-42ba-b2e7-325ec4ff100e,kimi,True,13,False,,False,False,Agent Tools,Skill Invocation,lambda/hermes-agent-reasoning-traces:kimi:train:276,ok,
hermes:kimi:17a15fda-9fa4-40d1-ad76-72ec0723d5fa,17a15fda-9fa4-40d1-ad76-72ec0723d5fa,kimi,True,54,False,,False,False,Repository Tasks,Testing,lambda/hermes-agent-reasoning-traces:kimi:train:1281,ok,
hermes:kimi:17b0c8f3-72cf-456a-9f3f-b52d1eab17f1,17b0c8f3-72cf-456a-9f3f-b52d1eab17f1,kimi,True,51,False,,False,False,Repository Tasks,Bug Fix,lambda/hermes-agent-reasoning-traces:kimi:train:1118,ok,
hermes:kimi:17f8e2be-af44-415a-bd89-9572b4fc8881,17f8e2be-af44-415a-bd89-9572b4fc8881,kimi,True,21,False,,False,False,Repository Tasks,Codebase Exploration,lambda/hermes-agent-reasoning-traces:kimi:train:618,ok,
hermes:kimi:181ba10e-88c5-46d4-8b26-63089078a3d6,181ba10e-88c5-46d4-8b26-63089078a3d6,kimi,True,26,False,,False,False,Agent Tools,Skill Invocation,lambda/hermes-agent-reasoning-traces:kimi:train:408,ok,
hermes:kimi:181f4290-ca0a-4502-8291-f2bf9e5604e1,181f4290-ca0a-4502-8291-f2bf9e5604e1,kimi,True,11,False,,False,False,Agent Tools,Memory & Context,lambda/hermes-agent-reasoning-traces:kimi:train:420,ok,
hermes:kimi:1824eecf-b631-4df6-8a2b-9dbb75d0b74a,1824eecf-b631-4df6-8a2b-9dbb75d0b74a,kimi,True,39,False,,False,False,Repository Tasks,Codebase Exploration,lambda/hermes-agent-reasoning-traces:kimi:train:658,ok,
hermes:kimi:18a1bb51-f00f-4079-9595-b3e0843caeb1,18a1bb51-f00f-4079-9595-b3e0843caeb1,kimi,True,54,False,,False,False,Repository Tasks,Environment Setup,lambda/hermes-agent-reasoning-traces:kimi:train:1336,ok,
hermes:kimi:18afed26-90de-4f82-a09d-c8df1024df2e,18afed26-90de-4f82-a09d-c8df1024df2e,kimi,True,29,False,,False,False,Agent Tools,Background Processes,lambda/hermes-agent-reasoning-traces:kimi:train:495,ok,
hermes:kimi:18eb89a8-501e-414e-81e5-9ce5ed3cabab,18eb89a8-501e-414e-81e5-9ce5ed3cabab,kimi,True,19,False,,False,False,Repository Tasks,Codebase Exploration,lambda/hermes-agent-reasoning-traces:kimi:train:531,ok,
hermes:kimi:195bc443-e071-429e-97f7-c6d96c7a08fc,195bc443-e071-429e-97f7-c6d96c7a08fc,kimi,True,51,False,,False,False,Repository Tasks,Codebase Exploration,lambda/hermes-agent-reasoning-traces:kimi:train:911,ok,
hermes:kimi:19753001-1c71-44b4-85c8-90fddb7e4469,19753001-1c71-44b4-85c8-90fddb7e4469,kimi,True,44,False,,False,False,Repository Tasks,Feature Implementation,lambda/hermes-agent-reasoning-traces:kimi:train:968,ok,
hermes:kimi:199323de-05b2-403c-b215-d1a93f2cada5,199323de-05b2-403c-b215-d1a93f2cada5,kimi,True,54,False,,False,False,Repository Tasks,Feature Implementation,lambda/hermes-agent-reasoning-traces:kimi:train:623,ok,
hermes:kimi:19a7f381-4132-423c-bc9d-d33f461ba385,19a7f381-4132-423c-bc9d-d33f461ba385,kimi,True,54,False,,False,False,Repository Tasks,Bug Fix,lambda/hermes-agent-reasoning-traces:kimi:train:1164,ok,
hermes:kimi:19be0b4f-b8d3-48f9-af88-6d22eda39812,19be0b4f-b8d3-48f9-af88-6d22eda39812,kimi,True,17,False,,False,False,Agent Tools,Skill Invocation,lambda/hermes-agent-reasoning-traces:kimi:train:18,ok,
hermes:kimi:19c6b610-7c70-44fb-9287-97a25fa9ce44,19c6b610-7c70-44fb-9287-97a25fa9ce44,kimi,True,51,False,,False,False,Repository Tasks,Documentation,lambda/hermes-agent-reasoning-traces:kimi:train:1492,ok,
hermes:kimi:19f7d7bc-ae17-4df5-8c51-1fc2375ef020,19f7d7bc-ae17-4df5-8c51-1fc2375ef020,kimi,True,13,False,,False,False,Agent Tools,Background Processes,lambda/hermes-agent-reasoning-traces:kimi:train:483,ok,
hermes:kimi:1a2a12a6-0353-4326-9590-d8a5b5e56de5,1a2a12a6-0353-4326-9590-d8a5b5e56de5,kimi,True,34,False,,False,False,Agent Tools,Skill Invocation,lambda/hermes-agent-reasoning-traces:kimi:train:16,ok,
hermes:kimi:1a2b58af-9a81-4ddb-a063-b42268ad8980,1a2b58af-9a81-4ddb-a063-b42268ad8980,kimi,True,15,False,,False,False,Agent Tools,Delegation,lambda/hermes-agent-reasoning-traces:kimi:train:473,ok,
hermes:kimi:1a9e6f92-540d-4397-a79b-d23b75dd15f4,1a9e6f92-540d-4397-a79b-d23b75dd15f4,kimi,True,49,False,,False,False,Repository Tasks,Bug Fix,lambda/hermes-agent-reasoning-traces:kimi:train:1158,ok,
hermes:kimi:1aca0797-087b-42b8-83bd-c7002d8d4647,1aca0797-087b-42b8-83bd-c7002d8d4647,kimi,True,43,False,,False,False,Repository Tasks,Bug Fix,lambda/hermes-agent-reasoning-traces:kimi:train:707,ok,
hermes:kimi:1acffd58-404d-4a93-be45-61c83d6b4403,1acffd58-404d-4a93-be45-61c83d6b4403,kimi,True,51,False,,False,False,Repository Tasks,Bug Fix,lambda/hermes-agent-reasoning-traces:kimi:train:1083,ok,
hermes:kimi:1ae05cab-a1d7-4921-a2bd-a2b370e77763,1ae05cab-a1d7-4921-a2bd-a2b370e77763,kimi,True,54,False,,False,False,Repository Tasks,Bug Fix,lambda/hermes-agent-reasoning-traces:kimi:train:609,ok,
hermes:kimi:1ae8ed47-9366-41f8-ad38-5097d2de86d5,1ae8ed47-9366-41f8-ad38-5097d2de86d5,kimi,True,43,False,,False,False,Repository Tasks,Codebase Exploration,lambda/hermes-agent-reasoning-traces:kimi:train:1099,ok,
hermes:kimi:1b0ff8c8-882f-4d41-a8d0-b9b305d2f68c,1b0ff8c8-882f-4d41-a8d0-b9b305d2f68c,kimi,True,23,False,,False,False,Repository Tasks,Codebase Exploration,lambda/hermes-agent-reasoning-traces:kimi:train:537,ok,
hermes:kimi:1b1652a1-87e2-4f62-b590-360a13d8d3c8,1b1652a1-87e2-4f62-b590-360a13d8d3c8,kimi,True,54,False,,False,False,Repository Tasks,Bug Fix,lambda/hermes-agent-reasoning-traces:kimi:train:1311,ok,
hermes:kimi:1bab22d7-39f7-4f86-82ac-420db3a53d39,1bab22d7-39f7-4f86-82ac-420db3a53d39,kimi,True,9,False,,False,False,Agent Tools,Skill Invocation,lambda/hermes-agent-reasoning-traces:kimi:train:27,ok,
hermes:kimi:1bd435fb-78fe-4b08-aab9-ab9c4088d518,1bd435fb-78fe-4b08-aab9-ab9c4088d518,kimi,True,29,False,,False,False,Repository Tasks,Environment Setup,lambda/hermes-agent-reasoning-traces:kimi:train:1050,ok,
hermes:kimi:1c381eb6-4d16-4f9b-a564-364a6f1f5bb0,1c381eb6-4d16-4f9b-a564-364a6f1f5bb0,kimi,True,13,False,,False,False,Agent Tools,Sandbox Execution,lambda/hermes-agent-reasoning-traces:kimi:train:446,ok,
hermes:kimi:1c4ddbe4-33f6-4e2a-8dc0-f2ff5cb7a046,1c4ddbe4-33f6-4e2a-8dc0-f2ff5cb7a046,kimi,True,54,False,,False,False,Repository Tasks,Environment Setup,lambda/hermes-agent-reasoning-traces:kimi:train:861,ok,
hermes:kimi:1cb97cfa-a048-4b88-88d3-f06710a9de2f,1cb97cfa-a048-4b88-88d3-f06710a9de2f,kimi,True,7,False,,False,False,Agent Tools,Session & Memory,lambda/hermes-agent-reasoning-traces:kimi:train:429,ok,
hermes:kimi:1ce551b3-79ac-4fa6-8544-5a4cd35c7b8f,1ce551b3-79ac-4fa6-8544-5a4cd35c7b8f,kimi,True,12,False,,False,False,Agent Tools,Background Processes,lambda/hermes-agent-reasoning-traces:kimi:train:82,ok,
hermes:kimi:1d0724f2-58df-4bcb-9094-546865f7cf4e,1d0724f2-58df-4bcb-9094-546865f7cf4e,kimi,True,39,False,,False,False,Repository Tasks,Codebase Exploration,lambda/hermes-agent-reasoning-traces:kimi:train:971,ok,
hermes:kimi:1d45322c-9611-4f4c-bc2e-c06a6c306a8b,1d45322c-9611-4f4c-bc2e-c06a6c306a8b,kimi,True,51,False,,False,False,Repository Tasks,Feature Implementation,lambda/hermes-agent-reasoning-traces:kimi:train:665,ok,
hermes:kimi:1d65dfef-49ca-4543-8307-bc947f211b52,1d65dfef-49ca-4543-8307-bc947f211b52,kimi,True,51,False,,False,False,Repository Tasks,Bug Fix,lambda/hermes-agent-reasoning-traces:kimi:train:875,ok,
hermes:kimi:1daef3e1-cc60-45f2-bfd0-33a20cad80ca,1daef3e1-cc60-45f2-bfd0-33a20cad80ca,kimi,True,50,False,,False,False,Repository Tasks,Environment Setup,lambda/hermes-agent-reasoning-traces:kimi:train:1237,ok,
hermes:kimi:1dc0831d-b62c-4fe3-86e1-dd31b1bece7a,1dc0831d-b62c-4fe3-86e1-dd31b1bece7a,kimi,True,31,False,,False,False,Agent Tools,Todo & Planning,lambda/hermes-agent-reasoning-traces:kimi:train:189,ok,
hermes:kimi:1dd650a9-50b2-447b-92df-cee37a2acd2b,1dd650a9-50b2-447b-92df-cee37a2acd2b,kimi,True,7,False,,False,False,Agent Tools,Clarification,lambda/hermes-agent-reasoning-traces:kimi:train:32,ok,
hermes:kimi:1e07b9d1-e30e-4488-bd6f-073e580541e0,1e07b9d1-e30e-4488-bd6f-073e580541e0,kimi,True,7,False,,False,False,Agent Tools,Session & Memory,lambda/hermes-agent-reasoning-traces:kimi:train:498,ok,
hermes:kimi:1e2baad3-4154-438e-9a32-a076be6e4603,1e2baad3-4154-438e-9a32-a076be6e4603,kimi,True,54,False,,False,False,Repository Tasks,Bug Fix,lambda/hermes-agent-reasoning-traces:kimi:train:1003,ok,
hermes:kimi:1e2d85f0-dd78-4650-abf1-2fc191c33e40,1e2d85f0-dd78-4650-abf1-2fc191c33e40,kimi,True,54,False,,False,False,Repository Tasks,Testing,lambda/hermes-agent-reasoning-traces:kimi:train:1391,ok,
hermes:kimi:1e3773f7-00e9-48aa-81c5-615f0f669a75,1e3773f7-00e9-48aa-81c5-615f0f669a75,kimi,True,51,False,,False,False,Repository Tasks,Environment Setup,lambda/hermes-agent-reasoning-traces:kimi:train:592,ok,
hermes:kimi:1e6fb847-9601-4ac2-a763-77eacad962b6,1e6fb847-9601-4ac2-a763-77eacad962b6,kimi,True,49,False,,False,False,Repository Tasks,Feature Implementation,lambda/hermes-agent-reasoning-traces:kimi:train:966,ok,
hermes:kimi:1ee0d71b-9240-4054-b7cf-2a6fabebf0b3,1ee0d71b-9240-4054-b7cf-2a6fabebf0b3,kimi,True,47,False,,False,False,Repository Tasks,Environment Setup,lambda/hermes-agent-reasoning-traces:kimi:train:1473,ok,
hermes:kimi:1f6fddff-3929-4a5b-8212-7996a749b303,1f6fddff-3929-4a5b-8212-7996a749b303,kimi,True,34,False,,False,False,Agent Tools,Memory & Context,lambda/hermes-agent-reasoning-traces:kimi:train:61,ok,
hermes:kimi:1f788429-e239-41b2-8651-8b797620a333,1f788429-e239-41b2-8651-8b797620a333,kimi,True,54,False,,False,False,Repository Tasks,Feature Implementation,lambda/hermes-agent-reasoning-traces:kimi:train:694,ok,
hermes:kimi:1fe0be0c-ee97-4331-914e-67ab715c0759,1fe0be0c-ee97-4331-914e-67ab715c0759,kimi,True,54,False,,False,False,Repository Tasks,Environment Setup,lambda/hermes-agent-reasoning-traces:kimi:train:1171,ok,
hermes:kimi:1fe4ef6b-3838-47d5-9880-13749bf5f05f,1fe4ef6b-3838-47d5-9880-13749bf5f05f,kimi,True,51,False,,False,False,Repository Tasks,Bug Fix,lambda/hermes-agent-reasoning-traces:kimi:train:1168,ok,
hermes:kimi:1fea8654-6887-4175-a2a6-0dc04c7e3975,1fea8654-6887-4175-a2a6-0dc04c7e3975,kimi,True,17,False,,False,False,Agent Tools,Background Processes,lambda/hermes-agent-reasoning-traces:kimi:train:449,ok,
hermes:kimi:1ff7e928-22f4-4ee6-b18c-b9d763f7f98e,1ff7e928-22f4-4ee6-b18c-b9d763f7f98e,kimi,True,5,False,,False,False,Agent Tools,Clarification,lambda/hermes-agent-reasoning-traces:kimi:train:366,ok,
hermes:kimi:200e10ee-588c-43e1-af85-af8dad8db21b,200e10ee-588c-43e1-af85-af8dad8db21b,kimi,True,54,False,,False,False,Repository Tasks,Bug Fix,lambda/hermes-agent-reasoning-traces:kimi:train:1464,ok,
hermes:kimi:20282c02-0f4e-417e-b0e8-cb861fe375fe,20282c02-0f4e-417e-b0e8-cb861fe375fe,kimi,True,31,False,,False,False,Repository Tasks,Codebase Exploration,lambda/hermes-agent-reasoning-traces:kimi:train:812,ok,
hermes:kimi:2042f6a2-45ed-4290-9d01-c103019c261f,2042f6a2-45ed-4290-9d01-c103019c261f,kimi,True,34,False,,False,False,Agent Tools,Deployment,lambda/hermes-agent-reasoning-traces:kimi:train:183,ok,
hermes:kimi:204ce869-0b35-4c33-8059-3f4074567450,204ce869-0b35-4c33-8059-3f4074567450,kimi,True,7,False,,False,False,Agent Tools,Deployment,lambda/hermes-agent-reasoning-traces:kimi:train:347,ok,
hermes:kimi:205e612d-c76d-4326-b488-d97fb307e030,205e612d-c76d-4326-b488-d97fb307e030,kimi,True,54,False,,False,False,Repository Tasks,General,lambda/hermes-agent-reasoning-traces:kimi:train:1273,ok,
hermes:kimi:206a476d-db11-4a8a-9975-c6cb4940974c,206a476d-db11-4a8a-9975-c6cb4940974c,kimi,True,50,False,,False,False,Repository Tasks,Bug Fix,lambda/hermes-agent-reasoning-traces:kimi:train:1354,ok,
hermes:kimi:20e33395-1842-4b17-a289-293c82c4bf22,20e33395-1842-4b17-a289-293c82c4bf22,kimi,True,26,False,,False,False,Agent Tools,Sandbox Execution,lambda/hermes-agent-reasoning-traces:kimi:train:90,ok,
hermes:kimi:20f41619-4326-4c3c-9154-f83b28e65509,20f41619-4326-4c3c-9154-f83b28e65509,kimi,True,7,False,,False,False,Agent Tools,Skill Invocation,lambda/hermes-agent-reasoning-traces:kimi:train:437,ok,
hermes:kimi:20f7568c-0efe-473b-8a22-e3048fca1ebd,20f7568c-0efe-473b-8a22-e3048fca1ebd,kimi,True,7,False,,False,False,Agent Tools,Session & Memory,lambda/hermes-agent-reasoning-traces:kimi:train:372,ok,
hermes:kimi:2108e10c-c890-465b-9f30-a130b1649308,2108e10c-c890-465b-9f30-a130b1649308,kimi,True,54,False,,False,False,Repository Tasks,Bug Fix,lambda/hermes-agent-reasoning-traces:kimi:train:1430,ok,
hermes:kimi:211f1a68-60a4-4077-8360-a43d64dcb800,211f1a68-60a4-4077-8360-a43d64dcb800,kimi,True,31,False,,False,False,Repository Tasks,Codebase Exploration,lambda/hermes-agent-reasoning-traces:kimi:train:1420,ok,
hermes:kimi:2127e006-a978-4693-bfef-c58bdca3bc6e,2127e006-a978-4693-bfef-c58bdca3bc6e,kimi,True,29,False,,False,False,Agent Tools,Background Processes,lambda/hermes-agent-reasoning-traces:kimi:train:71,ok,
hermes:kimi:216a7c9b-254f-49fa-9b08-d4f203bbbb99,216a7c9b-254f-49fa-9b08-d4f203bbbb99,kimi,True,49,False,,False,False,Repository Tasks,Environment Setup,lambda/hermes-agent-reasoning-traces:kimi:train:1077,ok,
hermes:kimi:2172316d-52b1-489a-bb33-421688486fd3,2172316d-52b1-489a-bb33-421688486fd3,kimi,True,54,False,,False,False,Repository Tasks,Feature Implementation,lambda/hermes-agent-reasoning-traces:kimi:train:565,ok,
hermes:kimi:2195b686-7eef-4282-b470-565dcfddd732,2195b686-7eef-4282-b470-565dcfddd732,kimi,True,51,False,,False,False,Repository Tasks,Feature Implementation,lambda/hermes-agent-reasoning-traces:kimi:train:1451,ok,
hermes:kimi:219d1596-6945-4e84-8022-12c657650499,219d1596-6945-4e84-8022-12c657650499,kimi,True,54,False,,False,False,Repository Tasks,Testing,lambda/hermes-agent-reasoning-traces:kimi:train:1248,ok,
hermes:kimi:21afdc4e-6c1a-4c80-9e3a-7f058d08aa50,21afdc4e-6c1a-4c80-9e3a-7f058d08aa50,kimi,True,51,False,,False,False,Repository Tasks,Testing,lambda/hermes-agent-reasoning-traces:kimi:train:1157,ok,
hermes:kimi:21d3616a-2282-4f29-a807-1a6024648ad5,21d3616a-2282-4f29-a807-1a6024648ad5,kimi,True,19,False,,False,False,Agent Tools,Skill Invocation,lambda/hermes-agent-reasoning-traces:kimi:train:340,ok,
hermes:kimi:21e48a1f-4586-477f-8710-ee6045e27767,21e48a1f-4586-477f-8710-ee6045e27767,kimi,True,51,False,,False,False,Repository Tasks,Feature Implementation,lambda/hermes-agent-reasoning-traces:kimi:train:1038,ok,
hermes:kimi:21e71c1c-8616-4fa4-b9ae-c4f48f88079d,21e71c1c-8616-4fa4-b9ae-c4f48f88079d,kimi,True,34,False,,False,False,Agent Tools,Todo & Planning,lambda/hermes-agent-reasoning-traces:kimi:train:23,ok,
hermes:kimi:21ed27e8-7482-4479-85ef-bf14b303889d,21ed27e8-7482-4479-85ef-bf14b303889d,kimi,True,54,False,,False,False,Repository Tasks,General,lambda/hermes-agent-reasoning-traces:kimi:train:710,ok,
hermes:kimi:22d0549f-d2a0-4b84-b65e-17ab55f5a6de,22d0549f-d2a0-4b84-b65e-17ab55f5a6de,kimi,True,13,False,,False,False,Agent Tools,Skill Invocation,lambda/hermes-agent-reasoning-traces:kimi:train:452,ok,
hermes:kimi:22d5e0a0-6e5d-4356-b623-417cc0978a1d,22d5e0a0-6e5d-4356-b623-417cc0978a1d,kimi,True,54,False,,False,False,Repository Tasks,Testing,lambda/hermes-agent-reasoning-traces:kimi:train:689,ok,
hermes:kimi:232a8727-9485-4ac4-bbb1-8e64ea64e39d,232a8727-9485-4ac4-bbb1-8e64ea64e39d,kimi,True,23,False,,False,False,Repository Tasks,Environment Setup,lambda/hermes-agent-reasoning-traces:kimi:train:1203,ok,
hermes:kimi:235205de-b365-492c-a278-14058d137e47,235205de-b365-492c-a278-14058d137e47,kimi,True,44,False,,False,False,Repository Tasks,Environment Setup,lambda/hermes-agent-reasoning-traces:kimi:train:1116,ok,
hermes:kimi:2367e754-2966-46c8-8719-536f15ebd189,2367e754-2966-46c8-8719-536f15ebd189,kimi,True,6,False,,False,False,Agent Tools,Skill Invocation,lambda/hermes-agent-reasoning-traces:kimi:train:269,ok,
hermes:kimi:2386d70d-8ea7-4221-902a-e62f09a5c07e,2386d70d-8ea7-4221-902a-e62f09a5c07e,kimi,True,50,False,,False,False,Repository Tasks,Environment Setup,lambda/hermes-agent-reasoning-traces:kimi:train:530,ok,
hermes:kimi:2398081b-3637-4f28-a2da-37b2b454f415,2398081b-3637-4f28-a2da-37b2b454f415,kimi,True,27,False,,False,False,Agent Tools,Sandbox Execution,lambda/hermes-agent-reasoning-traces:kimi:train:294,ok,
hermes:kimi:23c2c0aa-1b3b-42cf-bfba-a487fad22c26,23c2c0aa-1b3b-42cf-bfba-a487fad22c26,kimi,True,54,False,,False,False,Repository Tasks,Environment Setup,lambda/hermes-agent-reasoning-traces:kimi:train:1022,ok,
hermes:kimi:23d91a80-0784-4844-8eac-c591f5f466ae,23d91a80-0784-4844-8eac-c591f5f466ae,kimi,True,5,False,,False,False,Agent Tools,Clarification,lambda/hermes-agent-reasoning-traces:kimi:train:411,ok,
hermes:kimi:23f26183-3988-496a-a27e-45317ecc0a54,23f26183-3988-496a-a27e-45317ecc0a54,kimi,True,51,False,,False,False,Repository Tasks,Codebase Exploration,lambda/hermes-agent-reasoning-traces:kimi:train:877,ok,
hermes:kimi:24141f29-caf8-499a-bd84-a9f58af7f58f,24141f29-caf8-499a-bd84-a9f58af7f58f,kimi,True,47,False,,False,False,Repository Tasks,Maintenance,lambda/hermes-agent-reasoning-traces:kimi:train:1461,ok,
hermes:kimi:24230249-fd86-4b5b-ac5d-8f0fc90c548e,24230249-fd86-4b5b-ac5d-8f0fc90c548e,kimi,True,54,False,,False,False,Repository Tasks,Testing,lambda/hermes-agent-reasoning-traces:kimi:train:1479,ok,
hermes:kimi:2458103f-6faa-4349-8186-4d208fc4021e,2458103f-6faa-4349-8186-4d208fc4021e,kimi,True,21,False,,False,False,Agent Tools,Delegation,lambda/hermes-agent-reasoning-traces:kimi:train:283,ok,
hermes:kimi:24708ecf-08fd-4cb5-bbfe-04014c72bf47,24708ecf-08fd-4cb5-bbfe-04014c72bf47,kimi,True,54,False,,False,False,Repository Tasks,Bug Fix,lambda/hermes-agent-reasoning-traces:kimi:train:1392,ok,
hermes:kimi:252080e6-92af-412f-bba5-6a511468eace,252080e6-92af-412f-bba5-6a511468eace,kimi,True,5,False,,False,False,Agent Tools,Clarification,lambda/hermes-agent-reasoning-traces:kimi:train:448,ok,
hermes:kimi:25326a45-bdcf-4f07-aba7-eace1ad10f88,25326a45-bdcf-4f07-aba7-eace1ad10f88,kimi,True,52,False,,False,False,Repository Tasks,Bug Fix,lambda/hermes-agent-reasoning-traces:kimi:train:648,ok,
hermes:kimi:259941ff-dacb-4b84-ba78-8b1407cad4a9,259941ff-dacb-4b84-ba78-8b1407cad4a9,kimi,True,49,False,,False,False,Repository Tasks,Bug Fix,lambda/hermes-agent-reasoning-traces:kimi:train:1339,ok,
hermes:kimi:25fa28ff-91ff-432f-8934-efe437bc51db,25fa28ff-91ff-432f-8934-efe437bc51db,kimi,True,54,False,,False,False,Repository Tasks,Bug Fix,lambda/hermes-agent-reasoning-traces:kimi:train:1091,ok,
hermes:kimi:260f662e-b712-464c-ac08-685a6729645e,260f662e-b712-464c-ac08-685a6729645e,kimi,True,54,False,,False,False,Repository Tasks,Feature Implementation,lambda/hermes-agent-reasoning-traces:kimi:train:856,ok,
hermes:kimi:262a4de4-fa98-4dc9-b3fc-fcbdb7523678,262a4de4-fa98-4dc9-b3fc-fcbdb7523678,kimi,True,48,False,,False,False,Repository Tasks,Feature Implementation,lambda/hermes-agent-reasoning-traces:kimi:train:1090,ok,
hermes:kimi:262b40c8-0dd4-4b3e-a91e-2ca8d9066ac2,262b40c8-0dd4-4b3e-a91e-2ca8d9066ac2,kimi,True,34,False,,False,False,Agent Tools,Skill Invocation,lambda/hermes-agent-reasoning-traces:kimi:train:55,ok,
hermes:kimi:26678cfb-31e6-485e-8778-6e8e9e18c9da,26678cfb-31e6-485e-8778-6e8e9e18c9da,kimi,True,5,False,,False,False,Agent Tools,Todo & Planning,lambda/hermes-agent-reasoning-traces:kimi:train:481,ok,
hermes:kimi:266988f5-ca42-470d-af96-d263a852428c,266988f5-ca42-470d-af96-d263a852428c,kimi,True,5,False,,False,False,Agent Tools,Sandbox Execution,lambda/hermes-agent-reasoning-traces:kimi:train:398,ok,
hermes:kimi:26798675-f4eb-4449-b97d-25eb3ee8841c,26798675-f4eb-4449-b97d-25eb3ee8841c,kimi,True,54,False,,False,False,Repository Tasks,Bug Fix,lambda/hermes-agent-reasoning-traces:kimi:train:853,ok,
hermes:kimi:2689d797-4323-483c-8631-a8c9916d4799,2689d797-4323-483c-8631-a8c9916d4799,kimi,True,54,False,,False,False,Repository Tasks,Bug Fix,lambda/hermes-agent-reasoning-traces:kimi:train:1106,ok,
hermes:kimi:268a8715-aca4-4edd-908c-60feff040be7,268a8715-aca4-4edd-908c-60feff040be7,kimi,True,16,False,,False,False,Agent Tools,Sandbox Execution,lambda/hermes-agent-reasoning-traces:kimi:train:26,ok,
hermes:kimi:269fd547-d829-4ed0-a9ee-91ac20cafb48,269fd547-d829-4ed0-a9ee-91ac20cafb48,kimi,True,17,False,,False,False,Agent Tools,Delegation,lambda/hermes-agent-reasoning-traces:kimi:train:271,ok,
hermes:kimi:26cf31c5-2b0b-4149-815e-281083d373af,26cf31c5-2b0b-4149-815e-281083d373af,kimi,True,18,False,,False,False,Agent Tools,Memory & Context,lambda/hermes-agent-reasoning-traces:kimi:train:488,ok,
hermes:kimi:26d4a494-fd86-4a27-bdd2-b19bf92ec1e5,26d4a494-fd86-4a27-bdd2-b19bf92ec1e5,kimi,True,33,False,,False,False,Repository Tasks,Codebase Exploration,lambda/hermes-agent-reasoning-traces:kimi:train:1431,ok,
hermes:kimi:272b8564-3543-4592-bcd8-594d9c6053cb,272b8564-3543-4592-bcd8-594d9c6053cb,kimi,True,34,False,,False,False,Planning & Organization,Planning Tasks,lambda/hermes-agent-reasoning-traces:kimi:train:81,ok,
hermes:kimi:278a4f4a-784f-4322-8a27-74e200d969ec,278a4f4a-784f-4322-8a27-74e200d969ec,kimi,True,47,False,,False,False,Repository Tasks,Testing,lambda/hermes-agent-reasoning-traces:kimi:train:782,ok,
hermes:kimi:27c6c000-68b3-4283-a21d-0fd07b0f80f2,27c6c000-68b3-4283-a21d-0fd07b0f80f2,kimi,True,34,False,,False,False,Planning & Organization,Planning Tasks,lambda/hermes-agent-reasoning-traces:kimi:train:255,ok,
hermes:kimi:27e34980-baf6-4595-b801-4b784ff3efb5,27e34980-baf6-4595-b801-4b784ff3efb5,kimi,True,34,False,,False,False,Agent Tools,Session & Memory,lambda/hermes-agent-reasoning-traces:kimi:train:114,ok,
hermes:kimi:27f46800-52e1-4da9-a2cb-bc3f57603a8a,27f46800-52e1-4da9-a2cb-bc3f57603a8a,kimi,True,47,False,,False,False,Repository Tasks,Environment Setup,lambda/hermes-agent-reasoning-traces:kimi:train:734,ok,
hermes:kimi:27f73965-71fe-44e9-bc12-2708115ba451,27f73965-71fe-44e9-bc12-2708115ba451,kimi,True,23,False,,False,False,Agent Tools,Skill Invocation,lambda/hermes-agent-reasoning-traces:kimi:train:96,ok,
hermes:kimi:27fff042-f396-4ea0-9a74-60552a18269f,27fff042-f396-4ea0-9a74-60552a18269f,kimi,True,15,False,,False,False,Agent Tools,Skill Invocation,lambda/hermes-agent-reasoning-traces:kimi:train:402,ok,
hermes:kimi:285fbb12-de44-4b52-a537-9138ff5c01a5,285fbb12-de44-4b52-a537-9138ff5c01a5,kimi,True,49,False,,False,False,Repository Tasks,Testing,lambda/hermes-agent-reasoning-traces:kimi:train:1253,ok,
hermes:kimi:287b813f-4545-4fc2-a0d0-479ba9db90cd,287b813f-4545-4fc2-a0d0-479ba9db90cd,kimi,True,51,False,,False,False,Repository Tasks,Bug Fix,lambda/hermes-agent-reasoning-traces:kimi:train:1066,ok,
hermes:kimi:288cbdb4-05aa-484b-a955-a4c57ee66bc5,288cbdb4-05aa-484b-a955-a4c57ee66bc5,kimi,True,54,False,,False,False,Repository Tasks,Bug Fix,lambda/hermes-agent-reasoning-traces:kimi:train:606,ok,
hermes:kimi:289eec60-6047-442e-8b75-cdd439e2545c,289eec60-6047-442e-8b75-cdd439e2545c,kimi,True,54,False,,False,False,Repository Tasks,Testing,lambda/hermes-agent-reasoning-traces:kimi:train:797,ok,
hermes:kimi:2924140d-23bd-4d33-83ac-8e7ecacb3942,2924140d-23bd-4d33-83ac-8e7ecacb3942,kimi,True,45,False,,False,False,Repository Tasks,Environment Setup,lambda/hermes-agent-reasoning-traces:kimi:train:722,ok,
hermes:kimi:295628df-624d-4486-99be-faf685c8784e,295628df-624d-4486-99be-faf685c8784e,kimi,True,54,False,,False,False,Repository Tasks,Feature Implementation,lambda/hermes-agent-reasoning-traces:kimi:train:700,ok,
hermes:kimi:2961eab5-6a21-4477-baea-51c4b796691a,2961eab5-6a21-4477-baea-51c4b796691a,kimi,True,45,False,,False,False,Repository Tasks,Codebase Exploration,lambda/hermes-agent-reasoning-traces:kimi:train:1401,ok,
hermes:kimi:2a648394-4263-474b-95a5-267af5a66275,2a648394-4263-474b-95a5-267af5a66275,kimi,True,21,False,,False,False,Agent Tools,Sandbox Execution,lambda/hermes-agent-reasoning-traces:kimi:train:484,ok,
hermes:kimi:2a74c247-b95d-4d81-bb0f-d5e2028af318,2a74c247-b95d-4d81-bb0f-d5e2028af318,kimi,True,28,False,,False,False,Planning & Organization,Planning Tasks,lambda/hermes-agent-reasoning-traces:kimi:train:368,ok,
hermes:kimi:2a9e3ed5-ada0-43c0-a398-135d174111d8,2a9e3ed5-ada0-43c0-a398-135d174111d8,kimi,True,17,False,,False,False,Agent Tools,Sandbox Execution,lambda/hermes-agent-reasoning-traces:kimi:train:69,ok,
hermes:kimi:2acc68c2-c312-44e3-9124-6d200c113ddf,2acc68c2-c312-44e3-9124-6d200c113ddf,kimi,True,18,False,,False,False,Agent Tools,Testing & CI,lambda/hermes-agent-reasoning-traces:kimi:train:171,ok,
hermes:kimi:2ae7e588-db30-4ac1-aa73-8ec42c1e4e99,2ae7e588-db30-4ac1-aa73-8ec42c1e4e99,kimi,True,54,False,,False,False,Repository Tasks,Bug Fix,lambda/hermes-agent-reasoning-traces:kimi:train:1048,ok,
hermes:kimi:2b0993c4-8b6c-40cc-845d-bbc21b661594,2b0993c4-8b6c-40cc-845d-bbc21b661594,kimi,True,25,False,,False,False,Terminal & Coding,Terminal Tasks,lambda/hermes-agent-reasoning-traces:kimi:train:501,ok,
hermes:kimi:2b173e3b-47d4-488c-979c-17937a6cfd74,2b173e3b-47d4-488c-979c-17937a6cfd74,kimi,True,20,False,,False,False,Agent Tools,Background Processes,lambda/hermes-agent-reasoning-traces:kimi:train:471,ok,
hermes:kimi:2b23490d-2ed5-477b-b698-494ac7e4d0b4,2b23490d-2ed5-477b-b698-494ac7e4d0b4,kimi,True,54,False,,False,False,Repository Tasks,Bug Fix,lambda/hermes-agent-reasoning-traces:kimi:train:1093,ok,
hermes:kimi:2b97c73b-77ba-4a26-aa17-bf2eb42ead77,2b97c73b-77ba-4a26-aa17-bf2eb42ead77,kimi,True,31,False,,False,False,Repository Tasks,Environment Setup,lambda/hermes-agent-reasoning-traces:kimi:train:686,ok,
hermes:kimi:2bdd9094-250b-4011-9d22-ecf6d2c9abef,2bdd9094-250b-4011-9d22-ecf6d2c9abef,kimi,True,54,False,,False,False,Repository Tasks,Feature Implementation,lambda/hermes-agent-reasoning-traces:kimi:train:1131,ok,
hermes:kimi:2c0bfdd2-3118-4066-9e94-acaab7bc501a,2c0bfdd2-3118-4066-9e94-acaab7bc501a,kimi,True,54,False,,False,False,Repository Tasks,Bug Fix,lambda/hermes-agent-reasoning-traces:kimi:train:806,ok,
hermes:kimi:2c0f9618-d7df-45a7-b4e3-f0aca4d53499,2c0f9618-d7df-45a7-b4e3-f0aca4d53499,kimi,True,54,False,,False,False,Repository Tasks,Bug Fix,lambda/hermes-agent-reasoning-traces:kimi:train:830,ok,
hermes:kimi:2c936d7b-50e2-49be-b010-3d22cb0b0fe3,2c936d7b-50e2-49be-b010-3d22cb0b0fe3,kimi,True,54,False,,False,False,Repository Tasks,Testing,lambda/hermes-agent-reasoning-traces:kimi:train:664,ok,
hermes:kimi:2d03c54c-c327-4ecd-9eb4-8967c328900c,2d03c54c-c327-4ecd-9eb4-8967c328900c,kimi,True,7,False,,False,False,Agent Tools,Clarification,lambda/hermes-agent-reasoning-traces:kimi:train:378,ok,
hermes:kimi:2d16eb11-959c-412e-9962-12e06f6aae37,2d16eb11-959c-412e-9962-12e06f6aae37,kimi,True,49,False,,False,False,Repository Tasks,Bug Fix,lambda/hermes-agent-reasoning-traces:kimi:train:1463,ok,
hermes:kimi:2d51445b-70be-4cdf-8b51-31a17ac42c4c,2d51445b-70be-4cdf-8b51-31a17ac42c4c,kimi,True,51,False,,False,False,Repository Tasks,Codebase Exploration,lambda/hermes-agent-reasoning-traces:kimi:train:1244,ok,
hermes:kimi:2d52f48c-fa51-41f7-94d6-5b6f028cb493,2d52f48c-fa51-41f7-94d6-5b6f028cb493,kimi,True,49,False,,False,False,Repository Tasks,Bug Fix,lambda/hermes-agent-reasoning-traces:kimi:train:907,ok,
hermes:kimi:2d8bbc78-3294-4a55-aea4-02ab9282918b,2d8bbc78-3294-4a55-aea4-02ab9282918b,kimi,True,49,False,,False,False,Repository Tasks,Environment Setup,lambda/hermes-agent-reasoning-traces:kimi:train:1320,ok,
hermes:kimi:2e1224f8-29db-4471-9165-1c3ed72daf83,2e1224f8-29db-4471-9165-1c3ed72daf83,kimi,True,54,False,,False,False,Repository Tasks,Feature Implementation,lambda/hermes-agent-reasoning-traces:kimi:train:1191,ok,
hermes:kimi:2e33f565-07d5-4f76-8362-bcc95bf43bea,2e33f565-07d5-4f76-8362-bcc95bf43bea,kimi,True,7,False,,False,False,Agent Tools,Session & Memory,lambda/hermes-agent-reasoning-traces:kimi:train:403,ok,
hermes:kimi:2e382b44-eba7-49b5-8f05-bd76a0ae2c94,2e382b44-eba7-49b5-8f05-bd76a0ae2c94,kimi,True,13,False,,False,False,Agent Tools,Memory & Context,lambda/hermes-agent-reasoning-traces:kimi:train:222,ok,
hermes:kimi:2eb9533e-2694-47a8-ad6d-c346b83ec743,2eb9533e-2694-47a8-ad6d-c346b83ec743,kimi,True,51,False,,False,False,Repository Tasks,Testing,lambda/hermes-agent-reasoning-traces:kimi:train:602,ok,
hermes:kimi:2ec6d4bb-def7-4cdc-a770-71fdd3fb714f,2ec6d4bb-def7-4cdc-a770-71fdd3fb714f,kimi,True,49,False,,False,False,Repository Tasks,Feature Implementation,lambda/hermes-agent-reasoning-traces:kimi:train:1097,ok,
hermes:kimi:2ef48713-02d3-4be4-8e22-94a8137eb62e,2ef48713-02d3-4be4-8e22-94a8137eb62e,kimi,True,49,False,,False,False,Repository Tasks,Environment Setup,lambda/hermes-agent-reasoning-traces:kimi:train:826,ok,
hermes:kimi:2f1b41c5-6e8a-49f3-9495-2c69ace8dc2e,2f1b41c5-6e8a-49f3-9495-2c69ace8dc2e,kimi,True,54,False,,False,False,Repository Tasks,Environment Setup,lambda/hermes-agent-reasoning-traces:kimi:train:924,ok,
hermes:kimi:2f50a8e0-d884-4b23-bd90-abc45fbf3dd2,2f50a8e0-d884-4b23-bd90-abc45fbf3dd2,kimi,True,54,False,,False,False,Repository Tasks,Environment Setup,lambda/hermes-agent-reasoning-traces:kimi:train:1172,ok,
hermes:kimi:2f818025-9e40-488d-acb1-2ca8c8f10665,2f818025-9e40-488d-acb1-2ca8c8f10665,kimi,True,26,False,,False,False,Agent Tools,Background Processes,lambda/hermes-agent-reasoning-traces:kimi:train:178,ok,
hermes:kimi:2f943bdb-dde7-4e04-b374-79364fd91fb0,2f943bdb-dde7-4e04-b374-79364fd91fb0,kimi,True,33,False,,False,False,Repository Tasks,Environment Setup,lambda/hermes-agent-reasoning-traces:kimi:train:1245,ok,
hermes:kimi:3025b215-dd7a-4891-8136-ec1ab027c4de,3025b215-dd7a-4891-8136-ec1ab027c4de,kimi,True,25,False,,False,False,Agent Tools,Todo & Planning,lambda/hermes-agent-reasoning-traces:kimi:train:155,ok,
hermes:kimi:3026b1a7-5ab7-481c-bc3f-4abfff055948,3026b1a7-5ab7-481c-bc3f-4abfff055948,kimi,True,49,False,,False,False,Repository Tasks,Feature Implementation,lambda/hermes-agent-reasoning-traces:kimi:train:927,ok,
hermes:kimi:30a2f486-80b0-4c26-a695-18fde152cce0,30a2f486-80b0-4c26-a695-18fde152cce0,kimi,True,51,False,,False,False,Repository Tasks,Environment Setup,lambda/hermes-agent-reasoning-traces:kimi:train:591,ok,
hermes:kimi:30a3932d-1552-4906-883c-4e35704ef02f,30a3932d-1552-4906-883c-4e35704ef02f,kimi,True,9,False,,False,False,Agent Tools,Sandbox Execution,lambda/hermes-agent-reasoning-traces:kimi:train:168,ok,
hermes:kimi:30b9cb47-6096-4f82-a08d-89ffc43d2173,30b9cb47-6096-4f82-a08d-89ffc43d2173,kimi,True,34,False,,False,False,Agent Tools,Testing & CI,lambda/hermes-agent-reasoning-traces:kimi:train:135,ok,
hermes:kimi:30d09a6d-bbc2-4b2f-8acd-07e4783e52ee,30d09a6d-bbc2-4b2f-8acd-07e4783e52ee,kimi,True,46,False,,False,False,Repository Tasks,Environment Setup,lambda/hermes-agent-reasoning-traces:kimi:train:917,ok,
hermes:kimi:314a75b6-05a0-4189-a478-e6ced2735106,314a75b6-05a0-4189-a478-e6ced2735106,kimi,True,37,False,,False,False,Repository Tasks,Codebase Exploration,lambda/hermes-agent-reasoning-traces:kimi:train:1447,ok,
hermes:kimi:314deeed-47bf-4574-82ad-aefb11d2b7fe,314deeed-47bf-4574-82ad-aefb11d2b7fe,kimi,True,54,False,,False,False,Repository Tasks,Feature Implementation,lambda/hermes-agent-reasoning-traces:kimi:train:566,ok,
hermes:kimi:31566fb9-f2fa-45ca-bad1-fc7834e68fac,31566fb9-f2fa-45ca-bad1-fc7834e68fac,kimi,True,34,False,,False,False,Agent Tools,Skill Invocation,lambda/hermes-agent-reasoning-traces:kimi:train:353,ok,
hermes:kimi:315df6ce-356a-4e02-b8df-2a9f76f9252c,315df6ce-356a-4e02-b8df-2a9f76f9252c,kimi,True,9,False,,False,False,Agent Tools,Skill Invocation,lambda/hermes-agent-reasoning-traces:kimi:train:459,ok,
hermes:kimi:31a672d6-6b82-4c65-8347-804084268dc6,31a672d6-6b82-4c65-8347-804084268dc6,kimi,True,50,False,,False,False,Repository Tasks,Bug Fix,lambda/hermes-agent-reasoning-traces:kimi:train:822,ok,
hermes:kimi:31bfc6a8-f9ba-48c4-a3ff-703bb69fed61,31bfc6a8-f9ba-48c4-a3ff-703bb69fed61,kimi,True,54,False,,False,False,Repository Tasks,Feature Implementation,lambda/hermes-agent-reasoning-traces:kimi:train:696,ok,
hermes:kimi:31c575a7-8c8e-4b98-a071-b9a007701076,31c575a7-8c8e-4b98-a071-b9a007701076,kimi,True,49,False,,False,False,Repository Tasks,Bug Fix,lambda/hermes-agent-reasoning-traces:kimi:train:715,ok,
hermes:kimi:31e58c11-40e0-47b1-ae7c-b6596aadfa00,31e58c11-40e0-47b1-ae7c-b6596aadfa00,kimi,True,54,False,,False,False,Repository Tasks,Environment Setup,lambda/hermes-agent-reasoning-traces:kimi:train:1307,ok,
hermes:kimi:32365ba7-9c46-4c29-a25c-809e0177610a,32365ba7-9c46-4c29-a25c-809e0177610a,kimi,True,49,False,,False,False,Repository Tasks,Bug Fix,lambda/hermes-agent-reasoning-traces:kimi:train:647,ok,
hermes:kimi:3237c35a-9d49-45ff-939c-5be4bc86b315,3237c35a-9d49-45ff-939c-5be4bc86b315,kimi,True,54,False,,False,False,Repository Tasks,Bug Fix,lambda/hermes-agent-reasoning-traces:kimi:train:1135,ok,
hermes:kimi:326ba805-d299-4d7b-b75a-a89a6829b506,326ba805-d299-4d7b-b75a-a89a6829b506,kimi,True,54,False,,False,False,Repository Tasks,Bug Fix,lambda/hermes-agent-reasoning-traces:kimi:train:1380,ok,
hermes:kimi:329b4600-0fc9-4deb-af0b-6a9492932d32,329b4600-0fc9-4deb-af0b-6a9492932d32,kimi,True,37,False,,False,False,Repository Tasks,Environment Setup,lambda/hermes-agent-reasoning-traces:kimi:train:1414,ok,
hermes:kimi:329f154f-885d-4039-831e-892deb2a557a,329f154f-885d-4039-831e-892deb2a557a,kimi,True,34,False,,False,False,Planning & Organization,Planning Tasks,lambda/hermes-agent-reasoning-traces:kimi:train:369,ok,
hermes:kimi:32afa43a-7849-49db-b22b-234eaf236cec,32afa43a-7849-49db-b22b-234eaf236cec,kimi,True,54,False,,False,False,Repository Tasks,Environment Setup,lambda/hermes-agent-reasoning-traces:kimi:train:1303,ok,
hermes:kimi:32b8865b-c157-4675-8f3c-765f31230d1d,32b8865b-c157-4675-8f3c-765f31230d1d,kimi,True,51,False,,False,False,Repository Tasks,Environment Setup,lambda/hermes-agent-reasoning-traces:kimi:train:863,ok,
hermes:kimi:32e3aebb-8e2a-4ba3-89b2-9520e6bfacb4,32e3aebb-8e2a-4ba3-89b2-9520e6bfacb4,kimi,True,34,False,,False,False,Agent Tools,Testing & CI,lambda/hermes-agent-reasoning-traces:kimi:train:285,ok,
hermes:kimi:32f9dc00-7555-48eb-a22b-146e0d90a00c,32f9dc00-7555-48eb-a22b-146e0d90a00c,kimi,True,54,False,,False,False,Repository Tasks,Environment Setup,lambda/hermes-agent-reasoning-traces:kimi:train:1497,ok,
hermes:kimi:3320db5d-d0be-473e-a275-e3257155faf8,3320db5d-d0be-473e-a275-e3257155faf8,kimi,True,49,False,,False,False,Repository Tasks,Environment Setup,lambda/hermes-agent-reasoning-traces:kimi:train:1321,ok,
hermes:kimi:33455e96-a753-4ec6-993d-d03d80d60ac7,33455e96-a753-4ec6-993d-d03d80d60ac7,kimi,True,24,False,,False,False,Repository Tasks,Codebase Exploration,lambda/hermes-agent-reasoning-traces:kimi:train:587,ok,
hermes:kimi:338b707b-7fa4-4be9-80b8-a9c17d46dc1d,338b707b-7fa4-4be9-80b8-a9c17d46dc1d,kimi,True,11,False,,False,False,Agent Tools,Session & Memory,lambda/hermes-agent-reasoning-traces:kimi:train:389,ok,
hermes:kimi:33e3dec2-808e-4c4a-a566-25b399d35454,33e3dec2-808e-4c4a-a566-25b399d35454,kimi,True,7,False,,False,False,Agent Tools,Sandbox Execution,lambda/hermes-agent-reasoning-traces:kimi:train:191,ok,
hermes:kimi:33f00486-18af-4197-abf8-7b86f2f902d1,33f00486-18af-4197-abf8-7b86f2f902d1,kimi,True,54,False,,False,False,Repository Tasks,Bug Fix,lambda/hermes-agent-reasoning-traces:kimi:train:1225,ok,
hermes:kimi:34039708-3653-473f-9038-8483d9514b4a,34039708-3653-473f-9038-8483d9514b4a,kimi,True,43,False,,False,False,Repository Tasks,Codebase Exploration,lambda/hermes-agent-reasoning-traces:kimi:train:1123,ok,
hermes:kimi:340ec6c0-f6d2-427d-8271-d98ca52398a4,340ec6c0-f6d2-427d-8271-d98ca52398a4,kimi,True,54,False,,False,False,Repository Tasks,Bug Fix,lambda/hermes-agent-reasoning-traces:kimi:train:835,ok,
hermes:kimi:341242c6-a254-4d8d-b9b0-8d283bb51f9f,341242c6-a254-4d8d-b9b0-8d283bb51f9f,kimi,True,6,False,,False,False,Agent Tools,Skill Invocation,lambda/hermes-agent-reasoning-traces:kimi:train:407,ok,
hermes:kimi:34594f48-ed24-4d4d-8c8f-cefdb954d127,34594f48-ed24-4d4d-8c8f-cefdb954d127,kimi,True,54,False,,False,False,Repository Tasks,Feature Implementation,lambda/hermes-agent-reasoning-traces:kimi:train:1081,ok,
hermes:kimi:34de65bc-d7cd-4cc3-9f3e-04d9df9be3f0,34de65bc-d7cd-4cc3-9f3e-04d9df9be3f0,kimi,True,50,False,,False,False,Repository Tasks,Bug Fix,lambda/hermes-agent-reasoning-traces:kimi:train:851,ok,
hermes:kimi:34eab007-71b4-4736-a43e-fc085124e9a6,34eab007-71b4-4736-a43e-fc085124e9a6,kimi,True,34,False,,False,False,Planning & Organization,Planning Tasks,lambda/hermes-agent-reasoning-traces:kimi:train:100,ok,
hermes:kimi:35016f6b-1ed7-455b-af21-b6a5e6b8e3b8,35016f6b-1ed7-455b-af21-b6a5e6b8e3b8,kimi,True,6,False,,False,False,Agent Tools,Background Processes,lambda/hermes-agent-reasoning-traces:kimi:train:205,ok,
hermes:kimi:3509ff94-595c-462f-9333-bb35ff29f51a,3509ff94-595c-462f-9333-bb35ff29f51a,kimi,True,54,False,,False,False,Repository Tasks,Bug Fix,lambda/hermes-agent-reasoning-traces:kimi:train:1012,ok,
hermes:kimi:35195bfa-1730-4b92-97c7-e8d85f4fc2f4,35195bfa-1730-4b92-97c7-e8d85f4fc2f4,kimi,True,47,False,,False,False,Repository Tasks,Environment Setup,lambda/hermes-agent-reasoning-traces:kimi:train:970,ok,
hermes:kimi:354d6255-1d13-4030-ab75-5e9bd2c46318,354d6255-1d13-4030-ab75-5e9bd2c46318,kimi,True,29,False,,False,False,Repository Tasks,Codebase Exploration,lambda/hermes-agent-reasoning-traces:kimi:train:993,ok,
hermes:kimi:355c368b-031d-4a41-a8cd-f6829d9b9335,355c368b-031d-4a41-a8cd-f6829d9b9335,kimi,True,34,False,,False,False,Agent Tools,Todo & Planning,lambda/hermes-agent-reasoning-traces:kimi:train:284,ok,
hermes:kimi:35ae4ee2-968c-471b-9765-cad1ae0eed42,35ae4ee2-968c-471b-9765-cad1ae0eed42,kimi,True,50,False,,False,False,Repository Tasks,Environment Setup,lambda/hermes-agent-reasoning-traces:kimi:train:1042,ok,
hermes:kimi:35b747f9-caea-463c-b6bd-0b468dbf192d,35b747f9-caea-463c-b6bd-0b468dbf192d,kimi,True,54,False,,False,False,Repository Tasks,Testing,lambda/hermes-agent-reasoning-traces:kimi:train:784,ok,
hermes:kimi:35bea426-1ba7-40d4-b82d-b9e61e73d42f,35bea426-1ba7-40d4-b82d-b9e61e73d42f,kimi,True,7,False,,False,False,Agent Tools,Memory & Context,lambda/hermes-agent-reasoning-traces:kimi:train:38,ok,
hermes:kimi:35c877b8-5b89-49be-8be6-e8063f62df89,35c877b8-5b89-49be-8be6-e8063f62df89,kimi,True,54,False,,False,False,Repository Tasks,Codebase Exploration,lambda/hermes-agent-reasoning-traces:kimi:train:661,ok,
hermes:kimi:35cbb184-469a-486d-b669-58ff6fef36ef,35cbb184-469a-486d-b669-58ff6fef36ef,kimi,True,49,False,,False,False,Repository Tasks,Codebase Exploration,lambda/hermes-agent-reasoning-traces:kimi:train:1188,ok,
hermes:kimi:35d25ccc-9cb5-4c4e-8ae2-52ec6de3cf2b,35d25ccc-9cb5-4c4e-8ae2-52ec6de3cf2b,kimi,True,11,False,,False,False,Agent Tools,Delegation,lambda/hermes-agent-reasoning-traces:kimi:train:305,ok,
hermes:kimi:35f14098-f60a-4441-a451-424390e8c17d,35f14098-f60a-4441-a451-424390e8c17d,kimi,True,13,False,,False,False,Agent Tools,Memory & Context,lambda/hermes-agent-reasoning-traces:kimi:train:456,ok,
hermes:kimi:3608fbb6-d084-45de-9c79-7ad748f13b58,3608fbb6-d084-45de-9c79-7ad748f13b58,kimi,True,5,False,,False,False,Agent Tools,Todo & Planning,lambda/hermes-agent-reasoning-traces:kimi:train:317,ok,
hermes:kimi:367aead2-8c96-4952-99ad-03d1a6e8875d,367aead2-8c96-4952-99ad-03d1a6e8875d,kimi,True,34,False,,False,False,Agent Tools,Delegation,lambda/hermes-agent-reasoning-traces:kimi:train:172,ok,
hermes:kimi:36a79fd6-1be3-4634-85b6-d3221dace1c6,36a79fd6-1be3-4634-85b6-d3221dace1c6,kimi,True,54,False,,False,False,Repository Tasks,Bug Fix,lambda/hermes-agent-reasoning-traces:kimi:train:1008,ok,
hermes:kimi:36c3bd40-2491-4663-b1db-c6012cfa505f,36c3bd40-2491-4663-b1db-c6012cfa505f,kimi,True,5,False,,False,False,Agent Tools,Sandbox Execution,lambda/hermes-agent-reasoning-traces:kimi:train:142,ok,
hermes:kimi:36cfdfd7-1495-4635-99f9-804a19a5c907,36cfdfd7-1495-4635-99f9-804a19a5c907,kimi,True,54,False,,False,False,Repository Tasks,Environment Setup,lambda/hermes-agent-reasoning-traces:kimi:train:958,ok,
hermes:kimi:37038ef5-a91c-4b86-8097-2fa2764cbac1,37038ef5-a91c-4b86-8097-2fa2764cbac1,kimi,True,31,False,,False,False,Agent Tools,Memory & Context,lambda/hermes-agent-reasoning-traces:kimi:train:357,ok,
hermes:kimi:374700b4-3534-421b-a15a-6fbf594ccea8,374700b4-3534-421b-a15a-6fbf594ccea8,kimi,True,26,False,,False,False,Agent Tools,Todo & Planning,lambda/hermes-agent-reasoning-traces:kimi:train:520,ok,
hermes:kimi:37569ed1-ecb2-455d-8eac-1a595847e69a,37569ed1-ecb2-455d-8eac-1a595847e69a,kimi,True,11,False,,False,False,Agent Tools,Sandbox Execution,lambda/hermes-agent-reasoning-traces:kimi:train:227,ok,
hermes:kimi:37c4d342-17ac-4a05-9821-cd9924f01537,37c4d342-17ac-4a05-9821-cd9924f01537,kimi,True,49,False,,False,False,Repository Tasks,Feature Implementation,lambda/hermes-agent-reasoning-traces:kimi:train:1064,ok,
hermes:kimi:37d8fa33-8811-40a7-800c-811cc150e88c,37d8fa33-8811-40a7-800c-811cc150e88c,kimi,True,54,False,,False,False,Repository Tasks,Environment Setup,lambda/hermes-agent-reasoning-traces:kimi:train:712,ok,
hermes:kimi:38789543-3265-4293-b9dc-afb7e60047af,38789543-3265-4293-b9dc-afb7e60047af,kimi,True,34,False,,False,False,Agent Tools,Background Processes,lambda/hermes-agent-reasoning-traces:kimi:train:475,ok,
hermes:kimi:388282de-880e-4b97-b102-777a5b3742ac,388282de-880e-4b97-b102-777a5b3742ac,kimi,True,54,False,,False,False,Repository Tasks,Environment Setup,lambda/hermes-agent-reasoning-traces:kimi:train:761,ok,
hermes:kimi:3893cc09-47bb-46dd-98cd-c79f7d534860,3893cc09-47bb-46dd-98cd-c79f7d534860,kimi,True,54,False,,False,False,Repository Tasks,Bug Fix,lambda/hermes-agent-reasoning-traces:kimi:train:1201,ok,
hermes:kimi:38c267b0-9d2f-4a79-adbf-b6d9e8022c91,38c267b0-9d2f-4a79-adbf-b6d9e8022c91,kimi,True,41,False,,False,False,Repository Tasks,Environment Setup,lambda/hermes-agent-reasoning-traces:kimi:train:532,ok,
hermes:kimi:38fead6b-62ea-44d5-b61f-c66f88036a96,38fead6b-62ea-44d5-b61f-c66f88036a96,kimi,True,47,False,,False,False,Repository Tasks,Codebase Exploration,lambda/hermes-agent-reasoning-traces:kimi:train:1330,ok,
hermes:kimi:39199873-f40d-41d7-b904-23398a5eba68,39199873-f40d-41d7-b904-23398a5eba68,kimi,True,54,False,,False,False,Repository Tasks,Environment Setup,lambda/hermes-agent-reasoning-traces:kimi:train:630,ok,
hermes:kimi:395a2f50-4dec-42f2-9a5a-a372d09477dc,395a2f50-4dec-42f2-9a5a-a372d09477dc,kimi,True,49,False,,False,False,Repository Tasks,Testing,lambda/hermes-agent-reasoning-traces:kimi:train:1364,ok,
hermes:kimi:395b2d7d-5c87-4ac1-95ae-81f0b1cbcf8e,395b2d7d-5c87-4ac1-95ae-81f0b1cbcf8e,kimi,True,54,False,,False,False,Repository Tasks,Bug Fix,lambda/hermes-agent-reasoning-traces:kimi:train:904,ok,
hermes:kimi:395ba141-5018-4e61-8104-bfb03df47cd1,395ba141-5018-4e61-8104-bfb03df47cd1,kimi,True,31,False,,False,False,Agent Tools,Todo & Planning,lambda/hermes-agent-reasoning-traces:kimi:train:186,ok,
hermes:kimi:3994f614-6465-42e5-a246-68fec0ee2126,3994f614-6465-42e5-a246-68fec0ee2126,kimi,True,51,False,,False,False,Repository Tasks,Environment Setup,lambda/hermes-agent-reasoning-traces:kimi:train:780,ok,
hermes:kimi:39bfeebf-35ab-4f07-ad0a-7e0809103b58,39bfeebf-35ab-4f07-ad0a-7e0809103b58,kimi,True,23,False,,False,False,Agent Tools,Delegation,lambda/hermes-agent-reasoning-traces:kimi:train:98,ok,
hermes:kimi:39db2852-ef00-4daf-adc1-eb8f0751f3e9,39db2852-ef00-4daf-adc1-eb8f0751f3e9,kimi,True,25,False,,False,False,Agent Tools,Background Processes,lambda/hermes-agent-reasoning-traces:kimi:train:422,ok,
hermes:kimi:39de369d-6ce5-46cd-ad59-0f802bd2f135,39de369d-6ce5-46cd-ad59-0f802bd2f135,kimi,True,51,False,,False,False,Repository Tasks,Bug Fix,lambda/hermes-agent-reasoning-traces:kimi:train:1120,ok,
hermes:kimi:39e15c87-f887-4c5d-bc0b-5b481b64dbcf,39e15c87-f887-4c5d-bc0b-5b481b64dbcf,kimi,True,48,False,,False,False,Repository Tasks,Testing,lambda/hermes-agent-reasoning-traces:kimi:train:859,ok,
hermes:kimi:39e8f328-ab0d-41f3-8eb0-1c3528b24e60,39e8f328-ab0d-41f3-8eb0-1c3528b24e60,kimi,True,25,False,,False,False,Agent Tools,Session & Memory,lambda/hermes-agent-reasoning-traces:kimi:train:169,ok,
hermes:kimi:3a4522f5-39bb-4e7d-8305-a445b76d9c6a,3a4522f5-39bb-4e7d-8305-a445b76d9c6a,kimi,True,54,False,,False,False,Repository Tasks,Testing,lambda/hermes-agent-reasoning-traces:kimi:train:814,ok,
hermes:kimi:3ab00f64-81a9-45b3-b2df-7b90e9055c2c,3ab00f64-81a9-45b3-b2df-7b90e9055c2c,kimi,True,54,False,,False,False,Repository Tasks,Bug Fix,lambda/hermes-agent-reasoning-traces:kimi:train:1310,ok,
hermes:kimi:3ac5bb0a-a863-49c7-9ad7-dfcf6e62368a,3ac5bb0a-a863-49c7-9ad7-dfcf6e62368a,kimi,True,29,False,,False,False,Repository Tasks,Environment Setup,lambda/hermes-agent-reasoning-traces:kimi:train:793,ok,
hermes:kimi:3ac74c92-de98-4c1d-b70b-a2c7cae7edf5,3ac74c92-de98-4c1d-b70b-a2c7cae7edf5,kimi,True,54,False,,False,False,Repository Tasks,Feature Implementation,lambda/hermes-agent-reasoning-traces:kimi:train:1408,ok,
hermes:kimi:3acffb76-74e9-44b9-8e7a-da9194635f57,3acffb76-74e9-44b9-8e7a-da9194635f57,kimi,True,34,False,,False,False,Agent Tools,Todo & Planning,lambda/hermes-agent-reasoning-traces:kimi:train:313,ok,
hermes:kimi:3b17f9b4-9eee-4b6d-a03e-6acc59cf7cb1,3b17f9b4-9eee-4b6d-a03e-6acc59cf7cb1,kimi,True,31,False,,False,False,Agent Tools,Background Processes,lambda/hermes-agent-reasoning-traces:kimi:train:120,ok,
hermes:kimi:3b522891-6026-49ff-a978-45e77679bfd4,3b522891-6026-49ff-a978-45e77679bfd4,kimi,True,45,False,,False,False,Repository Tasks,Environment Setup,lambda/hermes-agent-reasoning-traces:kimi:train:636,ok,
hermes:kimi:3b560391-f54c-4dbe-9281-84e527d42e7f,3b560391-f54c-4dbe-9281-84e527d42e7f,kimi,True,39,False,,False,False,Repository Tasks,Environment Setup,lambda/hermes-agent-reasoning-traces:kimi:train:1037,ok,
hermes:kimi:3b613ff5-9f01-4cc9-b6bf-4caddeab7bf5,3b613ff5-9f01-4cc9-b6bf-4caddeab7bf5,kimi,True,51,False,,False,False,Repository Tasks,Environment Setup,lambda/hermes-agent-reasoning-traces:kimi:train:1088,ok,
hermes:kimi:3b85778c-3dc6-4b13-8c45-2987120f9980,3b85778c-3dc6-4b13-8c45-2987120f9980,kimi,True,7,False,,False,False,Agent Tools,Skill Invocation,lambda/hermes-agent-reasoning-traces:kimi:train:358,ok,
hermes:kimi:3ba305d7-7143-4dbf-b5c3-ad7eb1c2e2e9,3ba305d7-7143-4dbf-b5c3-ad7eb1c2e2e9,kimi,True,54,False,,False,False,Repository Tasks,Bug Fix,lambda/hermes-agent-reasoning-traces:kimi:train:577,ok,
hermes:kimi:3bbfa6d8-8fde-4106-a2aa-7cfdbf584e06,3bbfa6d8-8fde-4106-a2aa-7cfdbf584e06,kimi,True,34,False,,False,False,Agent Tools,Background Processes,lambda/hermes-agent-reasoning-traces:kimi:train:170,ok,
hermes:kimi:3bce139e-c5f8-4b56-9680-14f457f03cf6,3bce139e-c5f8-4b56-9680-14f457f03cf6,kimi,True,49,False,,False,False,Repository Tasks,Feature Implementation,lambda/hermes-agent-reasoning-traces:kimi:train:1454,ok,
hermes:kimi:3be408c4-1f97-423f-8521-bee7c4ccbf9f,3be408c4-1f97-423f-8521-bee7c4ccbf9f,kimi,True,54,False,,False,False,Repository Tasks,Testing,lambda/hermes-agent-reasoning-traces:kimi:train:1094,ok,
hermes:kimi:3bf6bd30-62c1-43b0-9bcb-2eb4d0a98272,3bf6bd30-62c1-43b0-9bcb-2eb4d0a98272,kimi,True,54,False,,False,False,Repository Tasks,Environment Setup,lambda/hermes-agent-reasoning-traces:kimi:train:653,ok,
hermes:kimi:3cb0489f-4416-4520-9224-526e36c99aa6,3cb0489f-4416-4520-9224-526e36c99aa6,kimi,True,13,False,,False,False,Agent Tools,Skill Invocation,lambda/hermes-agent-reasoning-traces:kimi:train:244,ok,
hermes:kimi:3ce4b651-0dff-4c0d-adae-0bcf8074bc0e,3ce4b651-0dff-4c0d-adae-0bcf8074bc0e,kimi,True,54,False,,False,False,Repository Tasks,Documentation,lambda/hermes-agent-reasoning-traces:kimi:train:983,ok,
hermes:kimi:3cf46788-5944-47d3-a969-5368f68558b5,3cf46788-5944-47d3-a969-5368f68558b5,kimi,True,34,False,,False,False,Planning & Organization,Planning Tasks,lambda/hermes-agent-reasoning-traces:kimi:train:105,ok,
hermes:kimi:3d06504f-e507-46fb-a0b1-370cfc3addad,3d06504f-e507-46fb-a0b1-370cfc3addad,kimi,True,51,False,,False,False,Repository Tasks,Feature Implementation,lambda/hermes-agent-reasoning-traces:kimi:train:963,ok,
hermes:kimi:3d2f9823-419a-4184-930d-719d09f6730f,3d2f9823-419a-4184-930d-719d09f6730f,kimi,True,54,False,,False,False,Repository Tasks,Feature Implementation,lambda/hermes-agent-reasoning-traces:kimi:train:541,ok,
hermes:kimi:3d3dfb4d-62e4-48dc-9f79-83bfa5d320dd,3d3dfb4d-62e4-48dc-9f79-83bfa5d320dd,kimi,True,41,False,,False,False,Repository Tasks,Codebase Exploration,lambda/hermes-agent-reasoning-traces:kimi:train:869,ok,
hermes:kimi:3d46b9b9-cc18-43a5-97c5-b1005a131009,3d46b9b9-cc18-43a5-97c5-b1005a131009,kimi,True,27,False,,False,False,Repository Tasks,Codebase Exploration,lambda/hermes-agent-reasoning-traces:kimi:train:733,ok,
hermes:kimi:3d50ac4e-b239-485b-b63e-163074b96ace,3d50ac4e-b239-485b-b63e-163074b96ace,kimi,True,51,False,,False,False,Repository Tasks,Environment Setup,lambda/hermes-agent-reasoning-traces:kimi:train:943,ok,
hermes:kimi:3d90ba15-fc6a-4e80-9aa9-fcf9ba91accc,3d90ba15-fc6a-4e80-9aa9-fcf9ba91accc,kimi,True,51,False,,False,False,Repository Tasks,General,lambda/hermes-agent-reasoning-traces:kimi:train:1080,ok,
hermes:kimi:3d99a801-1d17-4d3d-aad0-e126128e5a16,3d99a801-1d17-4d3d-aad0-e126128e5a16,kimi,True,54,False,,False,False,Repository Tasks,Environment Setup,lambda/hermes-agent-reasoning-traces:kimi:train:1360,ok,
hermes:kimi:3dacc0bf-b715-4a0e-bf37-643ede900945,3dacc0bf-b715-4a0e-bf37-643ede900945,kimi,True,54,False,,False,False,Repository Tasks,Feature Implementation,lambda/hermes-agent-reasoning-traces:kimi:train:1045,ok,
hermes:kimi:3dc61687-7742-47cb-b13b-925b74365a19,3dc61687-7742-47cb-b13b-925b74365a19,kimi,True,31,False,,False,False,Agent Tools,Session & Memory,lambda/hermes-agent-reasoning-traces:kimi:train:52,ok,
hermes:kimi:3e367e7c-e801-4b54-bcdf-308f4bd90d03,3e367e7c-e801-4b54-bcdf-308f4bd90d03,kimi,True,51,False,,False,False,Repository Tasks,Bug Fix,lambda/hermes-agent-reasoning-traces:kimi:train:825,ok,
hermes:kimi:3e395a69-3fa2-4009-acaf-8ec04f46b2ed,3e395a69-3fa2-4009-acaf-8ec04f46b2ed,kimi,True,9,False,,False,False,Agent Tools,Deployment,lambda/hermes-agent-reasoning-traces:kimi:train:203,ok,
hermes:kimi:3e91d541-f0eb-41f8-aead-1f7e83f4f24b,3e91d541-f0eb-41f8-aead-1f7e83f4f24b,kimi,True,54,False,,False,False,Repository Tasks,Feature Implementation,lambda/hermes-agent-reasoning-traces:kimi:train:758,ok,
hermes:kimi:3ec5a117-a48d-4ef3-a9ea-aa79d665e3f4,3ec5a117-a48d-4ef3-a9ea-aa79d665e3f4,kimi,True,51,False,,False,False,Repository Tasks,Bug Fix,lambda/hermes-agent-reasoning-traces:kimi:train:607,ok,
hermes:kimi:3f214e35-33e2-4e98-86b8-abe888257100,3f214e35-33e2-4e98-86b8-abe888257100,kimi,True,20,False,,False,False,Repository Tasks,Environment Setup,lambda/hermes-agent-reasoning-traces:kimi:train:581,ok,
hermes:kimi:3f4881bb-25b5-43fc-976b-a6a095ca6b5c,3f4881bb-25b5-43fc-976b-a6a095ca6b5c,kimi,True,15,False,,False,False,Agent Tools,Sandbox Execution,lambda/hermes-agent-reasoning-traces:kimi:train:461,ok,
hermes:kimi:3f4b79bf-7f27-48e9-b619-85f858dd59e2,3f4b79bf-7f27-48e9-b619-85f858dd59e2,kimi,True,34,False,,False,False,Agent Tools,Skill Invocation,lambda/hermes-agent-reasoning-traces:kimi:train:10,ok,
hermes:kimi:3f4f74e3-76f8-4758-91aa-f0ba2ede9968,3f4f74e3-76f8-4758-91aa-f0ba2ede9968,kimi,True,39,False,,False,False,Repository Tasks,Environment Setup,lambda/hermes-agent-reasoning-traces:kimi:train:1251,ok,
hermes:kimi:3f73864f-4acd-47a5-a3b8-a03f2bdf4dd5,3f73864f-4acd-47a5-a3b8-a03f2bdf4dd5,kimi,True,50,False,,False,False,Repository Tasks,Documentation,lambda/hermes-agent-reasoning-traces:kimi:train:1371,ok,
hermes:kimi:3fc8e87a-e47d-47bb-8464-38ebc4623760,3fc8e87a-e47d-47bb-8464-38ebc4623760,kimi,True,34,False,,False,False,Terminal & Coding,Terminal Tasks,lambda/hermes-agent-reasoning-traces:kimi:train:315,ok,
hermes:kimi:4034162e-9074-47e1-81fb-c453be993d98,4034162e-9074-47e1-81fb-c453be993d98,kimi,True,34,False,,False,False,Agent Tools,Testing & CI,lambda/hermes-agent-reasoning-traces:kimi:train:404,ok,
hermes:kimi:40906d41-ad41-4a9d-9502-3c173ae8c00c,40906d41-ad41-4a9d-9502-3c173ae8c00c,kimi,True,54,False,,False,False,Repository Tasks,Testing,lambda/hermes-agent-reasoning-traces:kimi:train:1388,ok,
hermes:kimi:40a6fc06-95bd-4970-bff8-cff7460ac8d9,40a6fc06-95bd-4970-bff8-cff7460ac8d9,kimi,True,34,False,,False,False,Agent Tools,Delegation,lambda/hermes-agent-reasoning-traces:kimi:train:104,ok,
hermes:kimi:40e8a13a-1bca-4118-8683-eb77f1b0b650,40e8a13a-1bca-4118-8683-eb77f1b0b650,kimi,True,54,False,,False,False,Repository Tasks,Bug Fix,lambda/hermes-agent-reasoning-traces:kimi:train:799,ok,
hermes:kimi:4120e513-810b-4d62-b75e-5eca7962a900,4120e513-810b-4d62-b75e-5eca7962a900,kimi,True,54,False,,False,False,Repository Tasks,Environment Setup,lambda/hermes-agent-reasoning-traces:kimi:train:757,ok,
hermes:kimi:4129e80b-a153-4b11-a3e7-ebc48f9860c7,4129e80b-a153-4b11-a3e7-ebc48f9860c7,kimi,True,54,False,,False,False,Repository Tasks,Bug Fix,lambda/hermes-agent-reasoning-traces:kimi:train:1195,ok,
hermes:kimi:41364111-63cd-4e4f-a068-9616907802c5,41364111-63cd-4e4f-a068-9616907802c5,kimi,True,31,False,,False,False,Agent Tools,Todo & Planning,lambda/hermes-agent-reasoning-traces:kimi:train:5,ok,
hermes:kimi:4143608f-6ca7-4f3b-af9c-63e2389306ae,4143608f-6ca7-4f3b-af9c-63e2389306ae,kimi,True,7,False,,False,False,Agent Tools,Todo & Planning,lambda/hermes-agent-reasoning-traces:kimi:train:17,ok,
hermes:kimi:41533bec-e68f-4235-8e86-6da478ba0579,41533bec-e68f-4235-8e86-6da478ba0579,kimi,True,5,False,,False,False,Agent Tools,Session & Memory,lambda/hermes-agent-reasoning-traces:kimi:train:68,ok,
hermes:kimi:4154c334-e5f7-4754-8ecd-00d4e861aca1,4154c334-e5f7-4754-8ecd-00d4e861aca1,kimi,True,54,False,,False,False,Repository Tasks,Feature Implementation,lambda/hermes-agent-reasoning-traces:kimi:train:1018,ok,
hermes:kimi:4176c822-4861-4299-8d1f-00b6cf36a64e,4176c822-4861-4299-8d1f-00b6cf36a64e,kimi,True,5,False,,False,False,Agent Tools,Sandbox Execution,lambda/hermes-agent-reasoning-traces:kimi:train:65,ok,
hermes:kimi:41797088-4d7d-4421-80ff-804f4f7cf1e6,41797088-4d7d-4421-80ff-804f4f7cf1e6,kimi,True,47,False,,False,False,Repository Tasks,Codebase Exploration,lambda/hermes-agent-reasoning-traces:kimi:train:1163,ok,
hermes:kimi:417a78ee-9a74-43d7-8e42-4368eac7d224,417a78ee-9a74-43d7-8e42-4368eac7d224,kimi,True,34,False,,False,False,Agent Tools,Testing & CI,lambda/hermes-agent-reasoning-traces:kimi:train:215,ok,
hermes:kimi:41a18d9a-a0e4-4ab8-8cc3-5fc50e8ae6f1,41a18d9a-a0e4-4ab8-8cc3-5fc50e8ae6f1,kimi,True,11,False,,False,False,Agent Tools,Background Processes,lambda/hermes-agent-reasoning-traces:kimi:train:388,ok,
hermes:kimi:4258f1e8-543b-4757-b867-5d798552a4a8,4258f1e8-543b-4757-b867-5d798552a4a8,kimi,True,54,False,,False,False,Repository Tasks,Bug Fix,lambda/hermes-agent-reasoning-traces:kimi:train:872,ok,
hermes:kimi:425ccb3c-24c2-46e8-913d-9cef9d34d98d,425ccb3c-24c2-46e8-913d-9cef9d34d98d,kimi,True,15,False,,False,False,Agent Tools,Background Processes,lambda/hermes-agent-reasoning-traces:kimi:train:99,ok,
hermes:kimi:4265f965-27a8-4122-a8ba-a810e9f87d4d,4265f965-27a8-4122-a8ba-a810e9f87d4d,kimi,True,5,False,,False,False,Agent Tools,Session & Memory,lambda/hermes-agent-reasoning-traces:kimi:train:164,ok,
hermes:kimi:42669e34-9154-4029-8210-2bd626c99f35,42669e34-9154-4029-8210-2bd626c99f35,kimi,True,51,False,,False,False,Repository Tasks,Environment Setup,lambda/hermes-agent-reasoning-traces:kimi:train:1269,ok,
hermes:kimi:430f5ad2-4bcc-41de-bdbc-69e52578e818,430f5ad2-4bcc-41de-bdbc-69e52578e818,kimi,True,51,False,,False,False,Repository Tasks,General,lambda/hermes-agent-reasoning-traces:kimi:train:1041,ok,
hermes:kimi:432300e4-9007-49c3-98d9-ab0609cceb60,432300e4-9007-49c3-98d9-ab0609cceb60,kimi,True,29,False,,False,False,Repository Tasks,Codebase Exploration,lambda/hermes-agent-reasoning-traces:kimi:train:748,ok,
hermes:kimi:43646b6b-0caa-401b-9f5e-69a7226e4b6d,43646b6b-0caa-401b-9f5e-69a7226e4b6d,kimi,True,42,False,,False,False,Repository Tasks,Maintenance,lambda/hermes-agent-reasoning-traces:kimi:train:843,ok,
hermes:kimi:436f7b08-6cac-48e4-8aae-4e2c7c456105,436f7b08-6cac-48e4-8aae-4e2c7c456105,kimi,True,54,False,,False,False,Repository Tasks,Bug Fix,lambda/hermes-agent-reasoning-traces:kimi:train:1308,ok,
hermes:kimi:4375060a-a136-4353-a0d2-d3c7e0d28952,4375060a-a136-4353-a0d2-d3c7e0d28952,kimi,True,23,False,,False,False,Agent Tools,Delegation,lambda/hermes-agent-reasoning-traces:kimi:train:22,ok,
hermes:kimi:43893726-6536-40b2-87e9-9eab1a8c93c7,43893726-6536-40b2-87e9-9eab1a8c93c7,kimi,True,5,False,,False,False,Agent Tools,Sandbox Execution,lambda/hermes-agent-reasoning-traces:kimi:train:346,ok,
hermes:kimi:43e50cd3-d27a-4ea3-93b1-95420b0f069d,43e50cd3-d27a-4ea3-93b1-95420b0f069d,kimi,True,11,False,,False,False,Agent Tools,Session & Memory,lambda/hermes-agent-reasoning-traces:kimi:train:224,ok,
hermes:kimi:43f27b98-b087-4625-a6a4-9782e8e3c00b,43f27b98-b087-4625-a6a4-9782e8e3c00b,kimi,True,51,False,,False,False,Repository Tasks,Feature Implementation,lambda/hermes-agent-reasoning-traces:kimi:train:1234,ok,
hermes:kimi:440ecc5a-a64b-4744-a3a9-93ebfb699af3,440ecc5a-a64b-4744-a3a9-93ebfb699af3,kimi,True,6,False,,False,False,Agent Tools,Skill Invocation,lambda/hermes-agent-reasoning-traces:kimi:train:525,ok,
hermes:kimi:4423ae69-25d6-455a-a5a8-40852729b822,4423ae69-25d6-455a-a5a8-40852729b822,kimi,True,49,False,,False,False,Repository Tasks,Documentation,lambda/hermes-agent-reasoning-traces:kimi:train:1279,ok,
hermes:kimi:44728b40-e12d-4621-bda3-952dd35f1122,44728b40-e12d-4621-bda3-952dd35f1122,kimi,True,9,False,,False,False,Agent Tools,Clarification,lambda/hermes-agent-reasoning-traces:kimi:train:192,ok,
hermes:kimi:4474e2a5-2038-456b-bbfd-360fa02d5cf4,4474e2a5-2038-456b-bbfd-360fa02d5cf4,kimi,True,49,False,,False,False,Repository Tasks,Bug Fix,lambda/hermes-agent-reasoning-traces:kimi:train:559,ok,
hermes:kimi:4480c7df-31b5-418b-87ac-44f7e1058778,4480c7df-31b5-418b-87ac-44f7e1058778,kimi,True,7,False,,False,False,Agent Tools,Sandbox Execution,lambda/hermes-agent-reasoning-traces:kimi:train:292,ok,
hermes:kimi:4553f1f0-4d5c-49c4-bf3a-f72b8df19a92,4553f1f0-4d5c-49c4-bf3a-f72b8df19a92,kimi,True,5,False,,False,False,Agent Tools,Delegation,lambda/hermes-agent-reasoning-traces:kimi:train:349,ok,
hermes:kimi:4570388a-f46e-4eca-8ee1-852d56fa5c4d,4570388a-f46e-4eca-8ee1-852d56fa5c4d,kimi,True,25,False,,False,False,Repository Tasks,Environment Setup,lambda/hermes-agent-reasoning-traces:kimi:train:1474,ok,
hermes:kimi:45994789-1f41-4784-9f24-f0f0d48e0411,45994789-1f41-4784-9f24-f0f0d48e0411,kimi,True,54,False,,False,False,Repository Tasks,Codebase Exploration,lambda/hermes-agent-reasoning-traces:kimi:train:1258,ok,
hermes:kimi:45e02489-90c1-4c50-be92-8f60ff720ea9,45e02489-90c1-4c50-be92-8f60ff720ea9,kimi,True,34,False,,False,False,Agent Tools,Testing & CI,lambda/hermes-agent-reasoning-traces:kimi:train:218,ok,
hermes:kimi:45e6baaa-38ae-459a-a435-f3a188ffcd84,45e6baaa-38ae-459a-a435-f3a188ffcd84,kimi,True,51,False,,False,False,Repository Tasks,General,lambda/hermes-agent-reasoning-traces:kimi:train:942,ok,
hermes:kimi:45f81b35-da33-4fa7-8c5a-85b5705363c1,45f81b35-da33-4fa7-8c5a-85b5705363c1,kimi,True,51,False,,False,False,Repository Tasks,Environment Setup,lambda/hermes-agent-reasoning-traces:kimi:train:726,ok,
hermes:kimi:4610ec72-355e-44cc-ad32-648b2e8284ea,4610ec72-355e-44cc-ad32-648b2e8284ea,kimi,True,52,False,,False,False,Repository Tasks,Testing,lambda/hermes-agent-reasoning-traces:kimi:train:913,ok,
hermes:kimi:4638f75b-261d-447a-9fee-56881530ddec,4638f75b-261d-447a-9fee-56881530ddec,kimi,True,9,False,,False,False,Agent Tools,Delegation,lambda/hermes-agent-reasoning-traces:kimi:train:416,ok,
hermes:kimi:463f274d-2c91-4029-b696-572c3f41bf74,463f274d-2c91-4029-b696-572c3f41bf74,kimi,True,7,False,,False,False,Agent Tools,Skill Invocation,lambda/hermes-agent-reasoning-traces:kimi:train:64,ok,
hermes:kimi:465861ed-5f60-49d5-a675-3f509d220663,465861ed-5f60-49d5-a675-3f509d220663,kimi,True,51,False,,False,False,Repository Tasks,Environment Setup,lambda/hermes-agent-reasoning-traces:kimi:train:916,ok,
hermes:kimi:46ded666-f991-4f51-8511-cd52d88dfba1,46ded666-f991-4f51-8511-cd52d88dfba1,kimi,True,48,False,,False,False,Repository Tasks,Codebase Exploration,lambda/hermes-agent-reasoning-traces:kimi:train:1449,ok,
hermes:kimi:46e849da-665f-4bac-88c8-db811198dfbb,46e849da-665f-4bac-88c8-db811198dfbb,kimi,True,6,False,,False,False,Agent Tools,Delegation,lambda/hermes-agent-reasoning-traces:kimi:train:180,ok,
hermes:kimi:46ffd1a8-2df7-44c9-ad6c-3363aa559d86,46ffd1a8-2df7-44c9-ad6c-3363aa559d86,kimi,True,28,False,,False,False,Repository Tasks,Environment Setup,lambda/hermes-agent-reasoning-traces:kimi:train:1353,ok,
hermes:kimi:47204ad8-77b0-4c38-b131-80626bd0cd65,47204ad8-77b0-4c38-b131-80626bd0cd65,kimi,True,54,False,,False,False,Repository Tasks,Bug Fix,lambda/hermes-agent-reasoning-traces:kimi:train:1435,ok,
hermes:kimi:4746829a-1d09-4bed-992d-ef37777a8d03,4746829a-1d09-4bed-992d-ef37777a8d03,kimi,True,28,False,,False,False,Agent Tools,Skill Invocation,lambda/hermes-agent-reasoning-traces:kimi:train:479,ok,
hermes:kimi:47485a88-8df9-4ea6-bbb2-37c17a854d21,47485a88-8df9-4ea6-bbb2-37c17a854d21,kimi,True,32,False,,False,False,Agent Tools,Testing & CI,lambda/hermes-agent-reasoning-traces:kimi:train:259,ok,
hermes:kimi:482e7f6e-ea13-4073-ab07-3a7e6abf359e,482e7f6e-ea13-4073-ab07-3a7e6abf359e,kimi,True,54,False,,False,False,Repository Tasks,Feature Implementation,lambda/hermes-agent-reasoning-traces:kimi:train:964,ok,
hermes:kimi:483c4807-7665-4730-9262-21736805990a,483c4807-7665-4730-9262-21736805990a,kimi,True,34,False,,False,False,Agent Tools,Delegation,lambda/hermes-agent-reasoning-traces:kimi:train:447,ok,
hermes:kimi:4859d4b0-e20a-4bd7-9869-727f5b56d947,4859d4b0-e20a-4bd7-9869-727f5b56d947,kimi,True,6,False,,False,False,Agent Tools,Session & Memory,lambda/hermes-agent-reasoning-traces:kimi:train:291,ok,
hermes:kimi:486d4a45-d63f-4bc5-917d-f20c6e6ab3fb,486d4a45-d63f-4bc5-917d-f20c6e6ab3fb,kimi,True,54,False,,False,False,Repository Tasks,Bug Fix,lambda/hermes-agent-reasoning-traces:kimi:train:562,ok,
hermes:kimi:48a3b984-ecdd-4090-9df0-261c47869b6a,48a3b984-ecdd-4090-9df0-261c47869b6a,kimi,True,49,False,,False,False,Repository Tasks,Bug Fix,lambda/hermes-agent-reasoning-traces:kimi:train:1205,ok,
hermes:kimi:48b83da9-0891-4bdb-bd22-32c2d1a5ab62,48b83da9-0891-4bdb-bd22-32c2d1a5ab62,kimi,True,54,False,,False,False,Repository Tasks,Bug Fix,lambda/hermes-agent-reasoning-traces:kimi:train:836,ok,
hermes:kimi:491faa40-8472-4c5a-81c8-51c8723d43d6,491faa40-8472-4c5a-81c8-51c8723d43d6,kimi,True,30,False,,False,False,Agent Tools,Memory & Context,lambda/hermes-agent-reasoning-traces:kimi:train:116,ok,
hermes:kimi:496857a2-fbf4-406e-8601-f6cfeed97df8,496857a2-fbf4-406e-8601-f6cfeed97df8,kimi,True,54,False,,False,False,Repository Tasks,Feature Implementation,lambda/hermes-agent-reasoning-traces:kimi:train:545,ok,
hermes:kimi:49c73255-28a1-4298-9f8e-74beb6c1146b,49c73255-28a1-4298-9f8e-74beb6c1146b,kimi,True,5,False,,False,False,Agent Tools,Delegation,lambda/hermes-agent-reasoning-traces:kimi:train:365,ok,
hermes:kimi:49f60c94-7481-4e47-9bcb-fd73ce243f39,49f60c94-7481-4e47-9bcb-fd73ce243f39,kimi,True,25,False,,False,False,Repository Tasks,Codebase Exploration,lambda/hermes-agent-reasoning-traces:kimi:train:656,ok,
hermes:kimi:49fc7fd7-7c7c-4018-bc5b-221bff16604b,49fc7fd7-7c7c-4018-bc5b-221bff16604b,kimi,True,13,False,,False,False,Agent Tools,Skill Invocation,lambda/hermes-agent-reasoning-traces:kimi:train:278,ok,
hermes:kimi:4a5c27c2-d079-4d1d-ada3-a9fe870aa3a0,4a5c27c2-d079-4d1d-ada3-a9fe870aa3a0,kimi,True,51,False,,False,False,Repository Tasks,Bug Fix,lambda/hermes-agent-reasoning-traces:kimi:train:811,ok,
hermes:kimi:4abb04cd-0f40-4f67-9c6e-db3a1417b863,4abb04cd-0f40-4f67-9c6e-db3a1417b863,kimi,True,54,False,,False,False,Repository Tasks,Testing,lambda/hermes-agent-reasoning-traces:kimi:train:692,ok,
hermes:kimi:4b460e42-4285-40c4-98d8-71f96467e7b1,4b460e42-4285-40c4-98d8-71f96467e7b1,kimi,True,34,False,,False,False,Agent Tools,Todo & Planning,lambda/hermes-agent-reasoning-traces:kimi:train:385,ok,
hermes:kimi:4b9a6334-d8d7-4a11-9b71-be060b518184,4b9a6334-d8d7-4a11-9b71-be060b518184,kimi,True,31,False,,False,False,Agent Tools,Session & Memory,lambda/hermes-agent-reasoning-traces:kimi:train:467,ok,
hermes:kimi:4c567168-7510-4883-b29d-11bfe129d353,4c567168-7510-4883-b29d-11bfe129d353,kimi,True,52,False,,False,False,Repository Tasks,Environment Setup,lambda/hermes-agent-reasoning-traces:kimi:train:605,ok,
hermes:kimi:4c9833f3-cfaf-4027-9ee9-d3ecc3115ba0,4c9833f3-cfaf-4027-9ee9-d3ecc3115ba0,kimi,True,7,False,,False,False,Agent Tools,Skill Invocation,lambda/hermes-agent-reasoning-traces:kimi:train:438,ok,
hermes:kimi:4d06d7a4-e7cc-4e51-8f7f-623c6976fdf6,4d06d7a4-e7cc-4e51-8f7f-623c6976fdf6,kimi,True,54,False,,False,False,Repository Tasks,Bug Fix,lambda/hermes-agent-reasoning-traces:kimi:train:1182,ok,
hermes:kimi:4d09a933-32ed-4ac9-ae4c-0ab6d5aa8d41,4d09a933-32ed-4ac9-ae4c-0ab6d5aa8d41,kimi,True,34,False,,False,False,Agent Tools,Background Processes,lambda/hermes-agent-reasoning-traces:kimi:train:176,ok,
hermes:kimi:4d0a25d9-bbde-4e01-b0d3-691d76ec2462,4d0a25d9-bbde-4e01-b0d3-691d76ec2462,kimi,True,51,False,,False,False,Repository Tasks,Environment Setup,lambda/hermes-agent-reasoning-traces:kimi:train:1011,ok,
hermes:kimi:4d2329c7-4e2a-4067-b4ee-451967d130e7,4d2329c7-4e2a-4067-b4ee-451967d130e7,kimi,True,34,False,,False,False,Agent Tools,Background Processes,lambda/hermes-agent-reasoning-traces:kimi:train:15,ok,
hermes:kimi:4d970add-e084-4d3d-ab6a-e2d17adf6293,4d970add-e084-4d3d-ab6a-e2d17adf6293,kimi,True,7,False,,False,False,Agent Tools,Sandbox Execution,lambda/hermes-agent-reasoning-traces:kimi:train:19,ok,
hermes:kimi:4da9ab5f-e604-4e07-88b9-7dd36cf501bd,4da9ab5f-e604-4e07-88b9-7dd36cf501bd,kimi,True,43,False,,False,False,Repository Tasks,Environment Setup,lambda/hermes-agent-reasoning-traces:kimi:train:1206,ok,
hermes:kimi:4dce30ac-15d9-48fb-979a-519ffadf7e47,4dce30ac-15d9-48fb-979a-519ffadf7e47,kimi,True,49,False,,False,False,Repository Tasks,Maintenance,lambda/hermes-agent-reasoning-traces:kimi:train:931,ok,
hermes:kimi:4dd425ce-fb15-4c27-a20c-c8754957def3,4dd425ce-fb15-4c27-a20c-c8754957def3,kimi,True,35,False,,False,False,Repository Tasks,Documentation,lambda/hermes-agent-reasoning-traces:kimi:train:1067,ok,
hermes:kimi:4e074982-49b2-406a-a5a5-6385c617cdfb,4e074982-49b2-406a-a5a5-6385c617cdfb,kimi,True,54,False,,False,False,Repository Tasks,Bug Fix,lambda/hermes-agent-reasoning-traces:kimi:train:762,ok,
hermes:kimi:4e179601-3c83-4212-9e77-321e9cf489bb,4e179601-3c83-4212-9e77-321e9cf489bb,kimi,True,11,False,,False,False,Agent Tools,Session & Memory,lambda/hermes-agent-reasoning-traces:kimi:train:202,ok,
hermes:kimi:4ed5a4b3-154d-4efb-a43d-1688eb7c0168,4ed5a4b3-154d-4efb-a43d-1688eb7c0168,kimi,True,41,False,,False,False,Repository Tasks,Environment Setup,lambda/hermes-agent-reasoning-traces:kimi:train:926,ok,
hermes:kimi:4ed7de07-cf27-4028-9453-12878ebee5ab,4ed7de07-cf27-4028-9453-12878ebee5ab,kimi,True,51,False,,False,False,Repository Tasks,Bug Fix,lambda/hermes-agent-reasoning-traces:kimi:train:1033,ok,
hermes:kimi:4eeb964f-89d8-4518-b6d8-06d2ed7e6759,4eeb964f-89d8-4518-b6d8-06d2ed7e6759,kimi,True,34,False,,False,False,Agent Tools,Background Processes,lambda/hermes-agent-reasoning-traces:kimi:train:477,ok,
hermes:kimi:4eed469d-cc15-44e9-aed7-890cea6716bb,4eed469d-cc15-44e9-aed7-890cea6716bb,kimi,True,35,False,,False,False,Repository Tasks,Codebase Exploration,lambda/hermes-agent-reasoning-traces:kimi:train:1189,ok,
hermes:kimi:4eedb497-5511-484a-ac78-7602afcfcdbd,4eedb497-5511-484a-ac78-7602afcfcdbd,kimi,True,54,False,,False,False,Repository Tasks,Feature Implementation,lambda/hermes-agent-reasoning-traces:kimi:train:1432,ok,
hermes:kimi:4f019b1c-445a-4483-a041-d6078e7652c0,4f019b1c-445a-4483-a041-d6078e7652c0,kimi,True,54,False,,False,False,Repository Tasks,Feature Implementation,lambda/hermes-agent-reasoning-traces:kimi:train:1324,ok,
hermes:kimi:4f99cb54-4260-49be-a6f5-ffdda5c53b2f,4f99cb54-4260-49be-a6f5-ffdda5c53b2f,kimi,True,50,False,,False,False,Repository Tasks,Maintenance,lambda/hermes-agent-reasoning-traces:kimi:train:1362,ok,
hermes:kimi:4fcdf347-4875-4b28-840f-4cbccc126157,4fcdf347-4875-4b28-840f-4cbccc126157,kimi,True,21,False,,False,False,Agent Tools,Memory & Context,lambda/hermes-agent-reasoning-traces:kimi:train:43,ok,
hermes:kimi:501f08f0-f6ff-4ead-b77b-23e68f09fcdc,501f08f0-f6ff-4ead-b77b-23e68f09fcdc,kimi,True,5,False,,False,False,Agent Tools,Sandbox Execution,lambda/hermes-agent-reasoning-traces:kimi:train:151,ok,
hermes:kimi:503428fe-4e58-47d2-9be2-d18d03a5ccaf,503428fe-4e58-47d2-9be2-d18d03a5ccaf,kimi,True,49,False,,False,False,Repository Tasks,Documentation,lambda/hermes-agent-reasoning-traces:kimi:train:808,ok,
hermes:kimi:5051dc2f-857e-45e2-a004-46417a53b7cb,5051dc2f-857e-45e2-a004-46417a53b7cb,kimi,True,51,False,,False,False,Repository Tasks,Bug Fix,lambda/hermes-agent-reasoning-traces:kimi:train:899,ok,
hermes:kimi:50522b47-610e-46db-a423-280a73f1de1c,50522b47-610e-46db-a423-280a73f1de1c,kimi,True,15,False,,False,False,Agent Tools,Memory & Context,lambda/hermes-agent-reasoning-traces:kimi:train:95,ok,
hermes:kimi:50a0d4b5-2e63-46c6-8034-8c9000813827,50a0d4b5-2e63-46c6-8034-8c9000813827,kimi,True,49,False,,False,False,Repository Tasks,Environment Setup,lambda/hermes-agent-reasoning-traces:kimi:train:1418,ok,
hermes:kimi:50dab1ab-ac91-432d-9887-70bc039db040,50dab1ab-ac91-432d-9887-70bc039db040,kimi,True,49,False,,False,False,Repository Tasks,Bug Fix,lambda/hermes-agent-reasoning-traces:kimi:train:1306,ok,
hermes:kimi:51054716-a0f9-4b1c-a035-5de89ebeaf48,51054716-a0f9-4b1c-a035-5de89ebeaf48,kimi,True,54,False,,False,False,Repository Tasks,Feature Implementation,lambda/hermes-agent-reasoning-traces:kimi:train:888,ok,
hermes:kimi:5111a434-2750-4785-a0c2-7e129bb2f479,5111a434-2750-4785-a0c2-7e129bb2f479,kimi,True,49,False,,False,False,Repository Tasks,Environment Setup,lambda/hermes-agent-reasoning-traces:kimi:train:1162,ok,
hermes:kimi:513d2f41-55c8-4dfa-a0da-7667a4862fb9,513d2f41-55c8-4dfa-a0da-7667a4862fb9,kimi,True,51,False,,False,False,Repository Tasks,Environment Setup,lambda/hermes-agent-reasoning-traces:kimi:train:735,ok,
hermes:kimi:515cb30e-ba3b-4916-8e9d-00b426c5eb76,515cb30e-ba3b-4916-8e9d-00b426c5eb76,kimi,True,54,False,,False,False,Repository Tasks,Feature Implementation,lambda/hermes-agent-reasoning-traces:kimi:train:662,ok,
hermes:kimi:515dea53-a55c-4467-82c6-d93cc99b8a57,515dea53-a55c-4467-82c6-d93cc99b8a57,kimi,True,54,False,,False,False,Repository Tasks,Testing,lambda/hermes-agent-reasoning-traces:kimi:train:785,ok,
hermes:kimi:51966d59-de82-46ba-9648-cfdf276b111e,51966d59-de82-46ba-9648-cfdf276b111e,kimi,True,25,False,,False,False,Repository Tasks,Codebase Exploration,lambda/hermes-agent-reasoning-traces:kimi:train:802,ok,
hermes:kimi:51c83727-0266-42e9-943f-f2186bc19e56,51c83727-0266-42e9-943f-f2186bc19e56,kimi,True,24,False,,False,False,Agent Tools,Delegation,lambda/hermes-agent-reasoning-traces:kimi:train:25,ok,
hermes:kimi:51cf323e-0661-4ade-b26d-eb6f8330380a,51cf323e-0661-4ade-b26d-eb6f8330380a,kimi,True,38,False,,False,False,Repository Tasks,Bug Fix,lambda/hermes-agent-reasoning-traces:kimi:train:772,ok,
hermes:kimi:51e051ca-16eb-4a77-8a78-666427ff7165,51e051ca-16eb-4a77-8a78-666427ff7165,kimi,True,41,False,,False,False,Repository Tasks,Codebase Exploration,lambda/hermes-agent-reasoning-traces:kimi:train:962,ok,
hermes:kimi:52007264-57ae-454c-98d2-3952a3312788,52007264-57ae-454c-98d2-3952a3312788,kimi,True,54,False,,False,False,Repository Tasks,Bug Fix,lambda/hermes-agent-reasoning-traces:kimi:train:690,ok,
hermes:kimi:5234efe9-32d6-4598-8f00-0ce4febb1fcb,5234efe9-32d6-4598-8f00-0ce4febb1fcb,kimi,True,27,False,,False,False,Repository Tasks,Codebase Exploration,lambda/hermes-agent-reasoning-traces:kimi:train:1316,ok,
hermes:kimi:523b228b-d3ee-4f1b-ae34-5bd8a3d0625d,523b228b-d3ee-4f1b-ae34-5bd8a3d0625d,kimi,True,9,False,,False,False,Agent Tools,Memory & Context,lambda/hermes-agent-reasoning-traces:kimi:train:393,ok,
hermes:kimi:523be57c-4469-4cd2-a55c-a240c7224e8a,523be57c-4469-4cd2-a55c-a240c7224e8a,kimi,True,41,False,,False,False,Repository Tasks,Bug Fix,lambda/hermes-agent-reasoning-traces:kimi:train:626,ok,
hermes:kimi:528dfea3-d577-4db6-ade4-3c9767647322,528dfea3-d577-4db6-ade4-3c9767647322,kimi,True,54,False,,False,False,Repository Tasks,Feature Implementation,lambda/hermes-agent-reasoning-traces:kimi:train:1487,ok,
hermes:kimi:52e060a4-0be1-4915-a7e1-e811ff479f3b,52e060a4-0be1-4915-a7e1-e811ff479f3b,kimi,True,54,False,,False,False,Repository Tasks,Testing,lambda/hermes-agent-reasoning-traces:kimi:train:959,ok,
hermes:kimi:53116bff-e593-4b51-8806-6e0e408d484d,53116bff-e593-4b51-8806-6e0e408d484d,kimi,True,54,False,,False,False,Repository Tasks,Bug Fix,lambda/hermes-agent-reasoning-traces:kimi:train:1100,ok,
hermes:kimi:53275c5f-263c-41eb-b592-207871d9da27,53275c5f-263c-41eb-b592-207871d9da27,kimi,True,34,False,,False,False,Agent Tools,Background Processes,lambda/hermes-agent-reasoning-traces:kimi:train:324,ok,
hermes:kimi:53646ca4-0720-4e0a-a756-29b6063c4bec,53646ca4-0720-4e0a-a756-29b6063c4bec,kimi,True,9,False,,False,False,Agent Tools,Skill Invocation,lambda/hermes-agent-reasoning-traces:kimi:train:371,ok,
hermes:kimi:5397cba8-d856-4991-a5a4-979f539b56f8,5397cba8-d856-4991-a5a4-979f539b56f8,kimi,True,50,False,,False,False,Repository Tasks,Environment Setup,lambda/hermes-agent-reasoning-traces:kimi:train:1021,ok,
hermes:kimi:53a97b03-da75-4b40-8cbb-72414edd6fb6,53a97b03-da75-4b40-8cbb-72414edd6fb6,kimi,True,54,False,,False,False,Repository Tasks,Testing,lambda/hermes-agent-reasoning-traces:kimi:train:1335,ok,
hermes:kimi:53e40488-8d46-4654-88a4-e9eedb7c4746,53e40488-8d46-4654-88a4-e9eedb7c4746,kimi,True,54,False,,False,False,Repository Tasks,Feature Implementation,lambda/hermes-agent-reasoning-traces:kimi:train:1477,ok,
hermes:kimi:541eb30d-71e7-4210-bb25-5146cce51415,541eb30d-71e7-4210-bb25-5146cce51415,kimi,True,54,False,,False,False,Repository Tasks,Feature Implementation,lambda/hermes-agent-reasoning-traces:kimi:train:961,ok,
hermes:kimi:544b22e0-8bac-4bc4-924e-f155742c7766,544b22e0-8bac-4bc4-924e-f155742c7766,kimi,True,29,False,,False,False,Agent Tools,Session & Memory,lambda/hermes-agent-reasoning-traces:kimi:train:497,ok,
hermes:kimi:549c9e44-88f9-4e68-b932-ed1c8c9920b7,549c9e44-88f9-4e68-b932-ed1c8c9920b7,kimi,True,54,False,,False,False,Repository Tasks,Bug Fix,lambda/hermes-agent-reasoning-traces:kimi:train:794,ok,
hermes:kimi:549f2b22-8d6c-49b5-bc82-419f40ac6ccd,549f2b22-8d6c-49b5-bc82-419f40ac6ccd,kimi,True,19,False,,False,False,Repository Tasks,Codebase Exploration,lambda/hermes-agent-reasoning-traces:kimi:train:720,ok,
hermes:kimi:54c4aaad-c42b-41e1-ae4c-b60e4b3ef74f,54c4aaad-c42b-41e1-ae4c-b60e4b3ef74f,kimi,True,6,False,,False,False,Agent Tools,Skill Invocation,lambda/hermes-agent-reasoning-traces:kimi:train:129,ok,
hermes:kimi:54d7359f-bc77-4da6-8dae-9ffacc465aa5,54d7359f-bc77-4da6-8dae-9ffacc465aa5,kimi,True,51,False,,False,False,Repository Tasks,Codebase Exploration,lambda/hermes-agent-reasoning-traces:kimi:train:1462,ok,
hermes:kimi:54f7ed00-dbab-4baf-9f88-e1576482e581,54f7ed00-dbab-4baf-9f88-e1576482e581,kimi,True,51,False,,False,False,Repository Tasks,Environment Setup,lambda/hermes-agent-reasoning-traces:kimi:train:1499,ok,
hermes:kimi:550f95c7-7d8f-4949-b346-c930b1776182,550f95c7-7d8f-4949-b346-c930b1776182,kimi,True,25,False,,False,False,Agent Tools,Background Processes,lambda/hermes-agent-reasoning-traces:kimi:train:272,ok,
hermes:kimi:558e39a4-31ce-4848-bf24-860ff9927bd4,558e39a4-31ce-4848-bf24-860ff9927bd4,kimi,True,49,False,,False,False,Repository Tasks,Maintenance,lambda/hermes-agent-reasoning-traces:kimi:train:1457,ok,
hermes:kimi:55ab0b42-25ff-4423-967b-23ed3d1573b0,55ab0b42-25ff-4423-967b-23ed3d1573b0,kimi,True,34,False,,False,False,Agent Tools,Background Processes,lambda/hermes-agent-reasoning-traces:kimi:train:332,ok,
hermes:kimi:5637bf07-4075-4167-a7fc-eb2f01ae0727,5637bf07-4075-4167-a7fc-eb2f01ae0727,kimi,True,54,False,,False,False,Repository Tasks,Bug Fix,lambda/hermes-agent-reasoning-traces:kimi:train:952,ok,
hermes:kimi:5674961d-3d15-4960-b743-53ab38958544,5674961d-3d15-4960-b743-53ab38958544,kimi,True,49,False,,False,False,Repository Tasks,Maintenance,lambda/hermes-agent-reasoning-traces:kimi:train:1489,ok,
hermes:kimi:56cd0528-213f-4504-86f1-2950ba08bd98,56cd0528-213f-4504-86f1-2950ba08bd98,kimi,True,51,False,,False,False,Repository Tasks,Codebase Exploration,lambda/hermes-agent-reasoning-traces:kimi:train:945,ok,
hermes:kimi:57065a4e-9a10-4190-a16f-8eaaac93cbd7,57065a4e-9a10-4190-a16f-8eaaac93cbd7,kimi,True,49,False,,False,False,Repository Tasks,Documentation,lambda/hermes-agent-reasoning-traces:kimi:train:1469,ok,
hermes:kimi:5750a64a-e7a0-439e-b545-fc946843501f,5750a64a-e7a0-439e-b545-fc946843501f,kimi,True,20,False,,False,False,Agent Tools,Skill Invocation,lambda/hermes-agent-reasoning-traces:kimi:train:102,ok,
hermes:kimi:576a611b-f5c6-4a55-85d2-504cc25c16b9,576a611b-f5c6-4a55-85d2-504cc25c16b9,kimi,True,54,False,,False,False,Repository Tasks,Feature Implementation,lambda/hermes-agent-reasoning-traces:kimi:train:1185,ok,
hermes:kimi:576f33df-34ba-4f6b-aabb-7c40790fb631,576f33df-34ba-4f6b-aabb-7c40790fb631,kimi,True,34,False,,False,False,Agent Tools,Skill Invocation,lambda/hermes-agent-reasoning-traces:kimi:train:240,ok,
hermes:kimi:5770f09c-d407-4647-ab23-bed942eac163,5770f09c-d407-4647-ab23-bed942eac163,kimi,True,17,False,,False,False,Agent Tools,Background Processes,lambda/hermes-agent-reasoning-traces:kimi:train:280,ok,
hermes:kimi:5770f94b-5111-4b23-be24-5fa32917cfc5,5770f94b-5111-4b23-be24-5fa32917cfc5,kimi,True,54,False,,False,False,Repository Tasks,Bug Fix,lambda/hermes-agent-reasoning-traces:kimi:train:1145,ok,
hermes:kimi:577bc694-d2c6-4189-90e4-71f9730beeda,577bc694-d2c6-4189-90e4-71f9730beeda,kimi,True,51,False,,False,False,Repository Tasks,Feature Implementation,lambda/hermes-agent-reasoning-traces:kimi:train:590,ok,
hermes:kimi:57d1862a-003a-4871-a28d-00717ab53276,57d1862a-003a-4871-a28d-00717ab53276,kimi,True,54,False,,False,False,Repository Tasks,Bug Fix,lambda/hermes-agent-reasoning-traces:kimi:train:1026,ok,
hermes:kimi:58159dae-cb2c-4327-9329-732ea43d89fb,58159dae-cb2c-4327-9329-732ea43d89fb,kimi,True,14,False,,False,False,Agent Tools,Background Processes,lambda/hermes-agent-reasoning-traces:kimi:train:480,ok,
hermes:kimi:583d177e-a800-4f7b-b359-dcf4f88bf92c,583d177e-a800-4f7b-b359-dcf4f88bf92c,kimi,True,25,False,,False,False,Repository Tasks,Codebase Exploration,lambda/hermes-agent-reasoning-traces:kimi:train:1047,ok,
hermes:kimi:5866b7d2-3ab9-419e-a997-2fbe7815321e,5866b7d2-3ab9-419e-a997-2fbe7815321e,kimi,True,54,False,,False,False,Repository Tasks,Environment Setup,lambda/hermes-agent-reasoning-traces:kimi:train:628,ok,
hermes:kimi:58871581-2828-46f7-8789-120ba414de06,58871581-2828-46f7-8789-120ba414de06,kimi,True,35,False,,False,False,Repository Tasks,Codebase Exploration,lambda/hermes-agent-reasoning-traces:kimi:train:666,ok,
hermes:kimi:5894609a-11c7-4b5e-b404-923807e63b3c,5894609a-11c7-4b5e-b404-923807e63b3c,kimi,True,44,False,,False,False,Repository Tasks,Environment Setup,lambda/hermes-agent-reasoning-traces:kimi:train:1495,ok,
hermes:kimi:58b54b35-f0c1-4ef9-8d4a-342ade360d3e,58b54b35-f0c1-4ef9-8d4a-342ade360d3e,kimi,True,54,False,,False,False,Repository Tasks,Environment Setup,lambda/hermes-agent-reasoning-traces:kimi:train:991,ok,
hermes:kimi:58cf72fe-90f8-4adc-bd05-b3d108566141,58cf72fe-90f8-4adc-bd05-b3d108566141,kimi,True,54,False,,False,False,Repository Tasks,Bug Fix,lambda/hermes-agent-reasoning-traces:kimi:train:1296,ok,
hermes:kimi:58d99131-b16d-4c6c-bab5-a23f5db3e5a1,58d99131-b16d-4c6c-bab5-a23f5db3e5a1,kimi,True,54,False,,False,False,Repository Tasks,Feature Implementation,lambda/hermes-agent-reasoning-traces:kimi:train:795,ok,
hermes:kimi:58f77d00-93a0-445e-a7d3-666e855a2370,58f77d00-93a0-445e-a7d3-666e855a2370,kimi,True,51,False,,False,False,Repository Tasks,Maintenance,lambda/hermes-agent-reasoning-traces:kimi:train:1425,ok,
hermes:kimi:591f7482-222e-4d99-b38d-d9f8a4a0dd79,591f7482-222e-4d99-b38d-d9f8a4a0dd79,kimi,True,15,False,,False,False,Agent Tools,Sandbox Execution,lambda/hermes-agent-reasoning-traces:kimi:train:287,ok,
hermes:kimi:5921efef-548c-455d-898a-673422202c70,5921efef-548c-455d-898a-673422202c70,kimi,True,54,False,,False,False,Repository Tasks,Testing,lambda/hermes-agent-reasoning-traces:kimi:train:663,ok,
hermes:kimi:5922406a-9000-42c0-8282-64d1ed2b0223,5922406a-9000-42c0-8282-64d1ed2b0223,kimi,True,54,False,,False,False,Repository Tasks,Environment Setup,lambda/hermes-agent-reasoning-traces:kimi:train:544,ok,
hermes:kimi:59257765-016e-4463-80fb-00c644544f4f,59257765-016e-4463-80fb-00c644544f4f,kimi,True,54,False,,False,False,Repository Tasks,Testing,lambda/hermes-agent-reasoning-traces:kimi:train:697,ok,
hermes:kimi:594de334-98ff-4419-be6a-789d648da847,594de334-98ff-4419-be6a-789d648da847,kimi,True,43,False,,False,False,Repository Tasks,Codebase Exploration,lambda/hermes-agent-reasoning-traces:kimi:train:567,ok,
hermes:kimi:59505192-7655-4b1c-9610-a01cc1fd2b4b,59505192-7655-4b1c-9610-a01cc1fd2b4b,kimi,True,54,False,,False,False,Repository Tasks,Bug Fix,lambda/hermes-agent-reasoning-traces:kimi:train:1493,ok,
hermes:kimi:59ddeaf9-0bcd-47b5-8847-f411db09f692,59ddeaf9-0bcd-47b5-8847-f411db09f692,kimi,True,13,False,,False,False,Agent Tools,Memory & Context,lambda/hermes-agent-reasoning-traces:kimi:train:4,ok,
hermes:kimi:59fefa04-85d4-4a66-93b0-c919c6687e0e,59fefa04-85d4-4a66-93b0-c919c6687e0e,kimi,True,51,False,,False,False,Repository Tasks,Environment Setup,lambda/hermes-agent-reasoning-traces:kimi:train:568,ok,
hermes:kimi:5a40197f-b8b7-431f-a819-bc65b2a49e28,5a40197f-b8b7-431f-a819-bc65b2a49e28,kimi,True,10,False,,False,False,Agent Tools,Delegation,lambda/hermes-agent-reasoning-traces:kimi:train:418,ok,
hermes:kimi:5a414443-ff5f-4da7-b245-5cf486d7a146,5a414443-ff5f-4da7-b245-5cf486d7a146,kimi,True,31,False,,False,False,Repository Tasks,Environment Setup,lambda/hermes-agent-reasoning-traces:kimi:train:1121,ok,
hermes:kimi:5aa4404c-70bd-4d32-8d20-f54138a219b1,5aa4404c-70bd-4d32-8d20-f54138a219b1,kimi,True,19,False,,False,False,Repository Tasks,Bug Fix,lambda/hermes-agent-reasoning-traces:kimi:train:1129,ok,
hermes:kimi:5aeb3873-1ca4-4aec-8549-390c5c5354dc,5aeb3873-1ca4-4aec-8549-390c5c5354dc,kimi,True,54,False,,False,False,Repository Tasks,Bug Fix,lambda/hermes-agent-reasoning-traces:kimi:train:862,ok,
hermes:kimi:5b036748-851d-4faa-90bc-e364b8c65e6c,5b036748-851d-4faa-90bc-e364b8c65e6c,kimi,True,15,False,,False,False,Agent Tools,Sandbox Execution,lambda/hermes-agent-reasoning-traces:kimi:train:341,ok,
hermes:kimi:5b29fb79-0263-4461-aca1-fe2b9e00ddbc,5b29fb79-0263-4461-aca1-fe2b9e00ddbc,kimi,True,54,False,,False,False,Repository Tasks,Environment Setup,lambda/hermes-agent-reasoning-traces:kimi:train:1398,ok,
hermes:kimi:5b6482b4-9c4a-40c1-b742-5bb06234d699,5b6482b4-9c4a-40c1-b742-5bb06234d699,kimi,True,48,False,,False,False,Repository Tasks,Environment Setup,lambda/hermes-agent-reasoning-traces:kimi:train:897,ok,
hermes:kimi:5bec0f5a-0380-430e-8e12-6715c2c52cf7,5bec0f5a-0380-430e-8e12-6715c2c52cf7,kimi,True,9,False,,False,False,Agent Tools,Memory & Context,lambda/hermes-agent-reasoning-traces:kimi:train:351,ok,
hermes:kimi:5bef5369-4623-413f-8883-0deee4ee2ace,5bef5369-4623-413f-8883-0deee4ee2ace,kimi,True,47,False,,False,False,Repository Tasks,Codebase Exploration,lambda/hermes-agent-reasoning-traces:kimi:train:957,ok,
hermes:kimi:5c34878a-e764-40ee-b672-fc293299533b,5c34878a-e764-40ee-b672-fc293299533b,kimi,True,54,False,,False,False,Repository Tasks,Bug Fix,lambda/hermes-agent-reasoning-traces:kimi:train:847,ok,
hermes:kimi:5c9993c5-ea5c-4c9d-a430-3bbed2ade515,5c9993c5-ea5c-4c9d-a430-3bbed2ade515,kimi,True,54,False,,False,False,Repository Tasks,Bug Fix,lambda/hermes-agent-reasoning-traces:kimi:train:1266,ok,
hermes:kimi:5ca4da07-424b-4260-bfba-4e40e3a7053c,5ca4da07-424b-4260-bfba-4e40e3a7053c,kimi,True,54,False,,False,False,Repository Tasks,Environment Setup,lambda/hermes-agent-reasoning-traces:kimi:train:1379,ok,
hermes:kimi:5ce8cbc1-9a38-4c30-8199-90e2c837a74c,5ce8cbc1-9a38-4c30-8199-90e2c837a74c,kimi,True,33,False,,False,False,Repository Tasks,Environment Setup,lambda/hermes-agent-reasoning-traces:kimi:train:1196,ok,
hermes:kimi:5d112b1f-46b3-47e6-801b-55f3a5043f08,5d112b1f-46b3-47e6-801b-55f3a5043f08,kimi,True,34,False,,False,False,Planning & Organization,Planning Tasks,lambda/hermes-agent-reasoning-traces:kimi:train:39,ok,
hermes:kimi:5d1fe8c4-1b12-4655-8275-97bb7775f13a,5d1fe8c4-1b12-4655-8275-97bb7775f13a,kimi,True,18,False,,False,False,Planning & Organization,Planning Tasks,lambda/hermes-agent-reasoning-traces:kimi:train:444,ok,
hermes:kimi:5d4c1b8c-bcaa-4cb8-868a-b50ccb5de9f4,5d4c1b8c-bcaa-4cb8-868a-b50ccb5de9f4,kimi,True,9,False,,False,False,Agent Tools,Sandbox Execution,lambda/hermes-agent-reasoning-traces:kimi:train:73,ok,
hermes:kimi:5d53edbb-fc81-47d2-b98a-b48d6c85d868,5d53edbb-fc81-47d2-b98a-b48d6c85d868,kimi,True,34,False,,False,False,Agent Tools,Skill Invocation,lambda/hermes-agent-reasoning-traces:kimi:train:248,ok,
hermes:kimi:5d59f2d8-466c-449a-8b90-a9175499a234,5d59f2d8-466c-449a-8b90-a9175499a234,kimi,True,54,False,,False,False,Repository Tasks,Feature Implementation,lambda/hermes-agent-reasoning-traces:kimi:train:995,ok,
hermes:kimi:5d725599-d297-4486-b55d-d5e93d9a2cc0,5d725599-d297-4486-b55d-d5e93d9a2cc0,kimi,True,49,False,,False,False,Repository Tasks,Bug Fix,lambda/hermes-agent-reasoning-traces:kimi:train:1370,ok,
hermes:kimi:5d833363-76a9-4c9b-9b6a-d18a96b02451,5d833363-76a9-4c9b-9b6a-d18a96b02451,kimi,True,17,False,,False,False,Agent Tools,Memory & Context,lambda/hermes-agent-reasoning-traces:kimi:train:198,ok,
hermes:kimi:5de50dd6-db8b-491f-a01d-85087bff91e3,5de50dd6-db8b-491f-a01d-85087bff91e3,kimi,True,54,False,,False,False,Repository Tasks,Testing,lambda/hermes-agent-reasoning-traces:kimi:train:1359,ok,
hermes:kimi:5dfcf035-7614-475d-b169-50b51c36ff4f,5dfcf035-7614-475d-b169-50b51c36ff4f,kimi,True,51,False,,False,False,Repository Tasks,Environment Setup,lambda/hermes-agent-reasoning-traces:kimi:train:1363,ok,
hermes:kimi:5e510fd6-9a68-4086-86bf-3d5ed07641ee,5e510fd6-9a68-4086-86bf-3d5ed07641ee,kimi,True,49,False,,False,False,Repository Tasks,Environment Setup,lambda/hermes-agent-reasoning-traces:kimi:train:706,ok,
hermes:kimi:5e602c9f-26dd-4bd1-9d03-7af875b3275c,5e602c9f-26dd-4bd1-9d03-7af875b3275c,kimi,True,54,False,,False,False,Repository Tasks,Bug Fix,lambda/hermes-agent-reasoning-traces:kimi:train:852,ok,
hermes:kimi:5e72c0c5-1c9c-4416-acd2-69c8b169596a,5e72c0c5-1c9c-4416-acd2-69c8b169596a,kimi,True,49,False,,False,False,Repository Tasks,Feature Implementation,lambda/hermes-agent-reasoning-traces:kimi:train:556,ok,
hermes:kimi:5e8231cf-e66a-41a6-b80a-a98a8e5ea22e,5e8231cf-e66a-41a6-b80a-a98a8e5ea22e,kimi,True,9,False,,False,False,Agent Tools,Todo & Planning,lambda/hermes-agent-reasoning-traces:kimi:train:204,ok,
hermes:kimi:5e9a078a-2489-411b-b85a-c06552790750,5e9a078a-2489-411b-b85a-c06552790750,kimi,True,54,False,,False,False,Repository Tasks,Feature Implementation,lambda/hermes-agent-reasoning-traces:kimi:train:617,ok,
hermes:kimi:5eb00aa9-91bf-4a16-8ea0-75ac7874851a,5eb00aa9-91bf-4a16-8ea0-75ac7874851a,kimi,True,51,False,,False,False,Repository Tasks,Environment Setup,lambda/hermes-agent-reasoning-traces:kimi:train:1373,ok,
hermes:kimi:5ed556fe-d8ba-4bff-a6bc-9e35f9be601a,5ed556fe-d8ba-4bff-a6bc-9e35f9be601a,kimi,True,29,False,,False,False,Repository Tasks,Bug Fix,lambda/hermes-agent-reasoning-traces:kimi:train:766,ok,
hermes:kimi:5f70b520-2dfa-4900-9709-dd2607a4a1fd,5f70b520-2dfa-4900-9709-dd2607a4a1fd,kimi,True,54,False,,False,False,Repository Tasks,Feature Implementation,lambda/hermes-agent-reasoning-traces:kimi:train:704,ok,
hermes:kimi:5f8250f1-b1ef-4f06-8099-ae0c637bc0b0,5f8250f1-b1ef-4f06-8099-ae0c637bc0b0,kimi,True,47,False,,False,False,Repository Tasks,General,lambda/hermes-agent-reasoning-traces:kimi:train:1122,ok,
hermes:kimi:5fe0d9bc-0bfe-477c-a98e-cd39660b240b,5fe0d9bc-0bfe-477c-a98e-cd39660b240b,kimi,True,50,False,,False,False,Repository Tasks,Bug Fix,lambda/hermes-agent-reasoning-traces:kimi:train:773,ok,
hermes:kimi:60c5c23b-6190-4c65-82b8-9e3360e14ad6,60c5c23b-6190-4c65-82b8-9e3360e14ad6,kimi,True,54,False,,False,False,Repository Tasks,Feature Implementation,lambda/hermes-agent-reasoning-traces:kimi:train:1393,ok,
hermes:kimi:60f44520-f590-4a4f-9821-08ef185e8553,60f44520-f590-4a4f-9821-08ef185e8553,kimi,True,49,False,,False,False,Repository Tasks,Environment Setup,lambda/hermes-agent-reasoning-traces:kimi:train:1236,ok,
hermes:kimi:617f8856-e524-4e9a-b479-ac83b6fd0c10,617f8856-e524-4e9a-b479-ac83b6fd0c10,kimi,True,53,False,,False,False,Repository Tasks,Bug Fix,lambda/hermes-agent-reasoning-traces:kimi:train:1275,ok,
hermes:kimi:61af1be3-98f8-4034-b38f-a72a9855454a,61af1be3-98f8-4034-b38f-a72a9855454a,kimi,True,41,False,,False,False,Repository Tasks,Bug Fix,lambda/hermes-agent-reasoning-traces:kimi:train:1424,ok,
hermes:kimi:61cf22ca-5869-4e34-9e6f-2eca4cf5e089,61cf22ca-5869-4e34-9e6f-2eca4cf5e089,kimi,True,49,False,,False,False,Repository Tasks,Environment Setup,lambda/hermes-agent-reasoning-traces:kimi:train:989,ok,
hermes:kimi:6215f6b9-4422-4cc3-830a-8d572827ced1,6215f6b9-4422-4cc3-830a-8d572827ced1,kimi,True,51,False,,False,False,Repository Tasks,Bug Fix,lambda/hermes-agent-reasoning-traces:kimi:train:1160,ok,
hermes:kimi:622ef036-bad7-4b75-942e-ead68be6a652,622ef036-bad7-4b75-942e-ead68be6a652,kimi,True,6,False,,False,False,Agent Tools,Skill Invocation,lambda/hermes-agent-reasoning-traces:kimi:train:275,ok,
hermes:kimi:624c8df5-d6cd-4c8f-8a68-24aa702ecd9d,624c8df5-d6cd-4c8f-8a68-24aa702ecd9d,kimi,True,19,False,,False,False,Agent Tools,Delegation,lambda/hermes-agent-reasoning-traces:kimi:train:48,ok,
hermes:kimi:62552870-a702-41b5-806c-899e7c94486c,62552870-a702-41b5-806c-899e7c94486c,kimi,True,54,False,,False,False,Repository Tasks,Feature Implementation,lambda/hermes-agent-reasoning-traces:kimi:train:711,ok,
hermes:kimi:6263372e-4874-4e92-a25d-266c1e8bdc78,6263372e-4874-4e92-a25d-266c1e8bdc78,kimi,True,54,False,,False,False,Repository Tasks,Feature Implementation,lambda/hermes-agent-reasoning-traces:kimi:train:1346,ok,
hermes:kimi:6275aabb-f1bb-47d9-9767-9032f14b43e6,6275aabb-f1bb-47d9-9767-9032f14b43e6,kimi,True,34,False,,False,False,Agent Tools,Testing & CI,lambda/hermes-agent-reasoning-traces:kimi:train:190,ok,
hermes:kimi:627caefd-4a13-4317-8f68-50283b79420d,627caefd-4a13-4317-8f68-50283b79420d,kimi,True,45,False,,False,False,Repository Tasks,Environment Setup,lambda/hermes-agent-reasoning-traces:kimi:train:1485,ok,
hermes:kimi:62915c6c-d5cb-4bae-8320-eafa9473496a,62915c6c-d5cb-4bae-8320-eafa9473496a,kimi,True,16,False,,False,False,Agent Tools,Delegation,lambda/hermes-agent-reasoning-traces:kimi:train:89,ok,
hermes:kimi:62a599d4-ead9-4e5d-95bc-a4f518da3869,62a599d4-ead9-4e5d-95bc-a4f518da3869,kimi,True,54,False,,False,False,Repository Tasks,Bug Fix,lambda/hermes-agent-reasoning-traces:kimi:train:881,ok,
hermes:kimi:62bda74b-6afb-460a-adfb-a3c1696f7819,62bda74b-6afb-460a-adfb-a3c1696f7819,kimi,True,51,False,,False,False,Repository Tasks,Testing,lambda/hermes-agent-reasoning-traces:kimi:train:1400,ok,
hermes:kimi:636016be-9618-43a8-99fa-0155702d9b7f,636016be-9618-43a8-99fa-0155702d9b7f,kimi,True,49,False,,False,False,Repository Tasks,Testing,lambda/hermes-agent-reasoning-traces:kimi:train:1396,ok,
hermes:kimi:637d6462-65e6-42a3-954d-3f5129f2a3b6,637d6462-65e6-42a3-954d-3f5129f2a3b6,kimi,True,31,False,,False,False,Agent Tools,Background Processes,lambda/hermes-agent-reasoning-traces:kimi:train:6,ok,
hermes:kimi:639af951-47a3-4567-89be-b659cde99953,639af951-47a3-4567-89be-b659cde99953,kimi,True,49,False,,False,False,Repository Tasks,Bug Fix,lambda/hermes-agent-reasoning-traces:kimi:train:1179,ok,
hermes:kimi:63a939e5-de6c-4441-b96f-7f58476ec9b0,63a939e5-de6c-4441-b96f-7f58476ec9b0,kimi,True,39,False,,False,False,Repository Tasks,Codebase Exploration,lambda/hermes-agent-reasoning-traces:kimi:train:988,ok,
hermes:kimi:63afb627-e3cb-4b73-8a32-13c8da73bfb1,63afb627-e3cb-4b73-8a32-13c8da73bfb1,kimi,True,51,False,,False,False,Repository Tasks,Feature Implementation,lambda/hermes-agent-reasoning-traces:kimi:train:575,ok,
hermes:kimi:642e40a3-855a-4a1c-93ec-cc5a6a101545,642e40a3-855a-4a1c-93ec-cc5a6a101545,kimi,True,51,False,,False,False,Repository Tasks,Bug Fix,lambda/hermes-agent-reasoning-traces:kimi:train:1190,ok,
hermes:kimi:645f8ab3-8c44-4752-94e0-a98be3b959f4,645f8ab3-8c44-4752-94e0-a98be3b959f4,kimi,True,6,False,,False,False,Agent Tools,Background Processes,lambda/hermes-agent-reasoning-traces:kimi:train:253,ok,
hermes:kimi:646d9533-4e39-4d37-acc3-41793ab24165,646d9533-4e39-4d37-acc3-41793ab24165,kimi,True,54,False,,False,False,Repository Tasks,Bug Fix,lambda/hermes-agent-reasoning-traces:kimi:train:1063,ok,
hermes:kimi:64899068-50b2-476a-8313-1ebc45c09e02,64899068-50b2-476a-8313-1ebc45c09e02,kimi,True,54,False,,False,False,Repository Tasks,Bug Fix,lambda/hermes-agent-reasoning-traces:kimi:train:732,ok,
hermes:kimi:64a271ff-966c-4818-abd5-08b5724a16c5,64a271ff-966c-4818-abd5-08b5724a16c5,kimi,True,31,False,,False,False,Agent Tools,Background Processes,lambda/hermes-agent-reasoning-traces:kimi:train:106,ok,
hermes:kimi:64ba37b3-7e4c-4019-b282-d835356d2d0a,64ba37b3-7e4c-4019-b282-d835356d2d0a,kimi,True,15,False,,False,False,Agent Tools,Clarification,lambda/hermes-agent-reasoning-traces:kimi:train:245,ok,
hermes:kimi:64f50b1d-ad0c-4528-9452-0188d60b4542,64f50b1d-ad0c-4528-9452-0188d60b4542,kimi,True,54,False,,False,False,Repository Tasks,Environment Setup,lambda/hermes-agent-reasoning-traces:kimi:train:1009,ok,
hermes:kimi:6518c67a-1e53-4053-ab1a-98a62c3a8b44,6518c67a-1e53-4053-ab1a-98a62c3a8b44,kimi,True,54,False,,False,False,Repository Tasks,Testing,lambda/hermes-agent-reasoning-traces:kimi:train:1079,ok,
hermes:kimi:652ffdc4-38ad-4381-8505-49183484f9bc,652ffdc4-38ad-4381-8505-49183484f9bc,kimi,True,51,False,,False,False,Repository Tasks,Environment Setup,lambda/hermes-agent-reasoning-traces:kimi:train:1263,ok,
hermes:kimi:6581c80e-7e77-4623-b133-8336c614ea3e,6581c80e-7e77-4623-b133-8336c614ea3e,kimi,True,45,False,,False,False,Repository Tasks,Environment Setup,lambda/hermes-agent-reasoning-traces:kimi:train:1169,ok,
hermes:kimi:65a844d0-ac48-47d7-acab-0a75e5f922a3,65a844d0-ac48-47d7-acab-0a75e5f922a3,kimi,True,34,False,,False,False,Agent Tools,Background Processes,lambda/hermes-agent-reasoning-traces:kimi:train:409,ok,
hermes:kimi:660dc0f6-5c61-4377-9c3e-a3c365081ac5,660dc0f6-5c61-4377-9c3e-a3c365081ac5,kimi,True,25,False,,False,False,Agent Tools,Background Processes,lambda/hermes-agent-reasoning-traces:kimi:train:322,ok,
hermes:kimi:6651cd7e-2deb-407b-a8ea-82a056a4e931,6651cd7e-2deb-407b-a8ea-82a056a4e931,kimi,True,51,False,,False,False,Repository Tasks,Codebase Exploration,lambda/hermes-agent-reasoning-traces:kimi:train:1181,ok,
hermes:kimi:665b24da-f63a-4a94-a4ca-8f54fb62db5f,665b24da-f63a-4a94-a4ca-8f54fb62db5f,kimi,True,50,False,,False,False,Repository Tasks,Feature Implementation,lambda/hermes-agent-reasoning-traces:kimi:train:1061,ok,
hermes:kimi:667249d4-9c32-497b-852d-5e153a14a9bf,667249d4-9c32-497b-852d-5e153a14a9bf,kimi,True,50,False,,False,False,Repository Tasks,Feature Implementation,lambda/hermes-agent-reasoning-traces:kimi:train:1241,ok,
hermes:kimi:66890ddc-faa5-4ca2-9f80-f751e2f8eed3,66890ddc-faa5-4ca2-9f80-f751e2f8eed3,kimi,True,19,False,,False,False,Agent Tools,Background Processes,lambda/hermes-agent-reasoning-traces:kimi:train:14,ok,
hermes:kimi:66913dec-6d87-4802-8a91-f2b5246cb7c3,66913dec-6d87-4802-8a91-f2b5246cb7c3,kimi,True,50,False,,False,False,Repository Tasks,Bug Fix,lambda/hermes-agent-reasoning-traces:kimi:train:1377,ok,
hermes:kimi:66e3f8e4-cf6f-4f0f-9900-9dd5f77e9c1c,66e3f8e4-cf6f-4f0f-9900-9dd5f77e9c1c,kimi,True,51,False,,False,False,Repository Tasks,Feature Implementation,lambda/hermes-agent-reasoning-traces:kimi:train:879,ok,
hermes:kimi:67481e93-ebfc-4b07-b898-1df5e47b84c0,67481e93-ebfc-4b07-b898-1df5e47b84c0,kimi,True,49,False,,False,False,Repository Tasks,Codebase Exploration,lambda/hermes-agent-reasoning-traces:kimi:train:918,ok,
hermes:kimi:67584368-7a5c-4d7a-b682-40ee44ff8c61,67584368-7a5c-4d7a-b682-40ee44ff8c61,kimi,True,5,False,,False,False,Agent Tools,Sandbox Execution,lambda/hermes-agent-reasoning-traces:kimi:train:1,ok,
hermes:kimi:679f47cf-259c-4235-bb69-e28d4f5b57ed,679f47cf-259c-4235-bb69-e28d4f5b57ed,kimi,True,54,False,,False,False,Repository Tasks,Testing,lambda/hermes-agent-reasoning-traces:kimi:train:832,ok,
hermes:kimi:67c2b53a-68be-4668-b6de-0a8e4dcb3963,67c2b53a-68be-4668-b6de-0a8e4dcb3963,kimi,True,54,False,,False,False,Repository Tasks,Testing,lambda/hermes-agent-reasoning-traces:kimi:train:977,ok,
hermes:kimi:67d9c856-7cdf-4ec6-97d1-def4ef5d225d,67d9c856-7cdf-4ec6-97d1-def4ef5d225d,kimi,True,54,False,,False,False,Repository Tasks,Feature Implementation,lambda/hermes-agent-reasoning-traces:kimi:train:949,ok,
hermes:kimi:68177e27-3e6c-4ddf-bf10-252319423915,68177e27-3e6c-4ddf-bf10-252319423915,kimi,True,19,False,,False,False,Agent Tools,Background Processes,lambda/hermes-agent-reasoning-traces:kimi:train:187,ok,
hermes:kimi:6829c44f-9214-4340-ae3c-74ec2a6fdbc8,6829c44f-9214-4340-ae3c-74ec2a6fdbc8,kimi,True,39,False,,False,False,Repository Tasks,Environment Setup,lambda/hermes-agent-reasoning-traces:kimi:train:1238,ok,
hermes:kimi:683f8406-984d-4335-8ddc-4af610ebc767,683f8406-984d-4335-8ddc-4af610ebc767,kimi,True,45,False,,False,False,Repository Tasks,Environment Setup,lambda/hermes-agent-reasoning-traces:kimi:train:921,ok,
hermes:kimi:68752e8c-6f93-4bff-b611-a85eabbde75f,68752e8c-6f93-4bff-b611-a85eabbde75f,kimi,True,34,False,,False,False,Agent Tools,Skill Invocation,lambda/hermes-agent-reasoning-traces:kimi:train:78,ok,
hermes:kimi:68f686d4-5d87-4c2a-8e1b-4bf474b2effa,68f686d4-5d87-4c2a-8e1b-4bf474b2effa,kimi,True,49,False,,False,False,Repository Tasks,Environment Setup,lambda/hermes-agent-reasoning-traces:kimi:train:1480,ok,
hermes:kimi:68f70d3c-f5d9-4669-8e89-af7821c04494,68f70d3c-f5d9-4669-8e89-af7821c04494,kimi,True,7,False,,False,False,Repository Tasks,Codebase Exploration,lambda/hermes-agent-reasoning-traces:kimi:train:1441,ok,
hermes:kimi:69451a2b-3386-4bba-870f-6a3338cb36bc,69451a2b-3386-4bba-870f-6a3338cb36bc,kimi,True,54,False,,False,False,Repository Tasks,Environment Setup,lambda/hermes-agent-reasoning-traces:kimi:train:1403,ok,
hermes:kimi:695068a8-a797-4e4c-8314-c574c522e1f2,695068a8-a797-4e4c-8314-c574c522e1f2,kimi,True,5,False,,False,False,Agent Tools,Delegation,lambda/hermes-agent-reasoning-traces:kimi:train:443,ok,
hermes:kimi:696d6010-70eb-45a1-bc2b-4983f21a926d,696d6010-70eb-45a1-bc2b-4983f21a926d,kimi,True,5,False,,False,False,Agent Tools,Skill Invocation,lambda/hermes-agent-reasoning-traces:kimi:train:262,ok,
hermes:kimi:69d1248d-237f-4bc4-9391-0cf8d4f5eed5,69d1248d-237f-4bc4-9391-0cf8d4f5eed5,kimi,True,54,False,,False,False,Repository Tasks,Bug Fix,lambda/hermes-agent-reasoning-traces:kimi:train:1127,ok,
hermes:kimi:6a89b531-ddab-4057-b52b-192528108418,6a89b531-ddab-4057-b52b-192528108418,kimi,True,49,False,,False,False,Repository Tasks,Documentation,lambda/hermes-agent-reasoning-traces:kimi:train:882,ok,
hermes:kimi:6afb4072-ee38-4f5f-b034-24672eb7771a,6afb4072-ee38-4f5f-b034-24672eb7771a,kimi,True,25,False,,False,False,Agent Tools,Background Processes,lambda/hermes-agent-reasoning-traces:kimi:train:29,ok,
hermes:kimi:6b062f7e-1668-49e5-b364-8e4ac8c6d149,6b062f7e-1668-49e5-b364-8e4ac8c6d149,kimi,True,5,False,,False,False,Planning & Organization,Planning Tasks,lambda/hermes-agent-reasoning-traces:kimi:train:21,ok,
hermes:kimi:6b183281-51e2-43a6-b6e9-3a36f194f1fe,6b183281-51e2-43a6-b6e9-3a36f194f1fe,kimi,True,34,False,,False,False,Planning & Organization,Planning Tasks,lambda/hermes-agent-reasoning-traces:kimi:train:111,ok,
hermes:kimi:6b352f31-48bf-49c3-b495-ab40e2671f03,6b352f31-48bf-49c3-b495-ab40e2671f03,kimi,True,54,False,,False,False,Repository Tasks,Environment Setup,lambda/hermes-agent-reasoning-traces:kimi:train:682,ok,
hermes:kimi:6b9f8caa-fe20-4dd5-9d57-1681035a05b4,6b9f8caa-fe20-4dd5-9d57-1681035a05b4,kimi,True,17,False,,False,False,Agent Tools,Sandbox Execution,lambda/hermes-agent-reasoning-traces:kimi:train:177,ok,
hermes:kimi:6bbf1cb9-9668-4f5b-ab3c-22a5dad59f43,6bbf1cb9-9668-4f5b-ab3c-22a5dad59f43,kimi,True,51,False,,False,False,Repository Tasks,Bug Fix,lambda/hermes-agent-reasoning-traces:kimi:train:1101,ok,
hermes:kimi:6bf54a52-5732-4b02-93c1-e22e8154c4c8,6bf54a52-5732-4b02-93c1-e22e8154c4c8,kimi,True,49,False,,False,False,Repository Tasks,Environment Setup,lambda/hermes-agent-reasoning-traces:kimi:train:1423,ok,
hermes:kimi:6bf6efda-cf42-4672-901a-df8fe394c3ff,6bf6efda-cf42-4672-901a-df8fe394c3ff,kimi,True,8,False,,False,False,Agent Tools,Skill Invocation,lambda/hermes-agent-reasoning-traces:kimi:train:146,ok,
hermes:kimi:6c1cff08-2dd4-4b80-bcdd-b9b9de1e5e53,6c1cff08-2dd4-4b80-bcdd-b9b9de1e5e53,kimi,True,28,False,,False,False,Repository Tasks,Environment Setup,lambda/hermes-agent-reasoning-traces:kimi:train:675,ok,
hermes:kimi:6c35cfff-c0a7-4619-ab8d-355e3b1a4001,6c35cfff-c0a7-4619-ab8d-355e3b1a4001,kimi,True,19,False,,False,False,Repository Tasks,Codebase Exploration,lambda/hermes-agent-reasoning-traces:kimi:train:819,ok,
hermes:kimi:6c4fe746-8911-4ecd-b1f5-7b8063f33648,6c4fe746-8911-4ecd-b1f5-7b8063f33648,kimi,True,21,False,,False,False,Agent Tools,Memory & Context,lambda/hermes-agent-reasoning-traces:kimi:train:144,ok,
hermes:kimi:6c61a01a-b4ee-415d-9606-20b5b3a0ab09,6c61a01a-b4ee-415d-9606-20b5b3a0ab09,kimi,True,51,False,,False,False,Repository Tasks,Bug Fix,lambda/hermes-agent-reasoning-traces:kimi:train:902,ok,
hermes:kimi:6c6f43ae-9286-48af-87e1-9a1ac9ac8c04,6c6f43ae-9286-48af-87e1-9a1ac9ac8c04,kimi,True,34,False,,False,False,Agent Tools,Skill Invocation,lambda/hermes-agent-reasoning-traces:kimi:train:132,ok,
hermes:kimi:6ca1bc27-2b83-4b74-a5b6-fa37e56ed100,6ca1bc27-2b83-4b74-a5b6-fa37e56ed100,kimi,True,54,False,,False,False,Repository Tasks,Feature Implementation,lambda/hermes-agent-reasoning-traces:kimi:train:1390,ok,
hermes:kimi:6d1bf5c1-f0de-44ef-a99b-eacf6a292e27,6d1bf5c1-f0de-44ef-a99b-eacf6a292e27,kimi,True,49,False,,False,False,Repository Tasks,Environment Setup,lambda/hermes-agent-reasoning-traces:kimi:train:948,ok,
hermes:kimi:6d899c60-14e6-4a1d-9d52-289768d756d9,6d899c60-14e6-4a1d-9d52-289768d756d9,kimi,True,54,False,,False,False,Repository Tasks,Testing,lambda/hermes-agent-reasoning-traces:kimi:train:1355,ok,
hermes:kimi:6da9af3d-2cdc-4352-84a0-bedb4856df40,6da9af3d-2cdc-4352-84a0-bedb4856df40,kimi,True,54,False,,False,False,Repository Tasks,Environment Setup,lambda/hermes-agent-reasoning-traces:kimi:train:569,ok,
hermes:kimi:6db1b03b-c839-4429-85e1-4440a507983b,6db1b03b-c839-4429-85e1-4440a507983b,kimi,True,51,False,,False,False,Repository Tasks,Feature Implementation,lambda/hermes-agent-reasoning-traces:kimi:train:1345,ok,
hermes:kimi:6dd44ae1-0af2-4a3f-bdd1-91630b720169,6dd44ae1-0af2-4a3f-bdd1-91630b720169,kimi,True,23,False,,False,False,Repository Tasks,Codebase Exploration,lambda/hermes-agent-reasoning-traces:kimi:train:1278,ok,
hermes:kimi:6dd697d4-99c5-48cc-9907-77d06caf3853,6dd697d4-99c5-48cc-9907-77d06caf3853,kimi,True,50,False,,False,False,Repository Tasks,Bug Fix,lambda/hermes-agent-reasoning-traces:kimi:train:1113,ok,
hermes:kimi:6df24c60-314d-425e-a921-aace85d04544,6df24c60-314d-425e-a921-aace85d04544,kimi,True,34,False,,False,False,Agent Tools,Delegation,lambda/hermes-agent-reasoning-traces:kimi:train:323,ok,
hermes:kimi:6e1f67d9-65cc-4216-b4b8-133a09935361,6e1f67d9-65cc-4216-b4b8-133a09935361,kimi,True,54,False,,False,False,Repository Tasks,Bug Fix,lambda/hermes-agent-reasoning-traces:kimi:train:1304,ok,
hermes:kimi:6e8d5de6-5159-4084-8548-6b0238949e99,6e8d5de6-5159-4084-8548-6b0238949e99,kimi,True,51,False,,False,False,Repository Tasks,Feature Implementation,lambda/hermes-agent-reasoning-traces:kimi:train:1139,ok,
hermes:kimi:6eac0ed2-209f-425c-940f-e6f2b8153e23,6eac0ed2-209f-425c-940f-e6f2b8153e23,kimi,True,49,False,,False,False,Repository Tasks,Maintenance,lambda/hermes-agent-reasoning-traces:kimi:train:528,ok,
hermes:kimi:6f3f4342-44a5-44a8-b1e2-14982c1dbb29,6f3f4342-44a5-44a8-b1e2-14982c1dbb29,kimi,True,51,False,,False,False,Repository Tasks,Codebase Exploration,lambda/hermes-agent-reasoning-traces:kimi:train:1416,ok,
hermes:kimi:6f828495-b1c0-4712-83cd-76dd2f2af8ea,6f828495-b1c0-4712-83cd-76dd2f2af8ea,kimi,True,50,False,,False,False,Repository Tasks,Bug Fix,lambda/hermes-agent-reasoning-traces:kimi:train:737,ok,
hermes:kimi:6fcc6b70-2c77-4be2-b7b5-71b3ab21403f,6fcc6b70-2c77-4be2-b7b5-71b3ab21403f,kimi,True,49,False,,False,False,Repository Tasks,Environment Setup,lambda/hermes-agent-reasoning-traces:kimi:train:874,ok,
hermes:kimi:6fdb5539-df1f-4caf-8d54-ded53fd9259d,6fdb5539-df1f-4caf-8d54-ded53fd9259d,kimi,True,54,False,,False,False,Repository Tasks,Bug Fix,lambda/hermes-agent-reasoning-traces:kimi:train:786,ok,
hermes:kimi:6ff68989-f79b-4763-9ece-4d0b00eea733,6ff68989-f79b-4763-9ece-4d0b00eea733,kimi,True,9,False,,False,False,Agent Tools,Session & Memory,lambda/hermes-agent-reasoning-traces:kimi:train:352,ok,
hermes:kimi:700f74ca-4f8b-4217-bb67-40aaa8d9bbe7,700f74ca-4f8b-4217-bb67-40aaa8d9bbe7,kimi,True,43,False,,False,False,Repository Tasks,Environment Setup,lambda/hermes-agent-reasoning-traces:kimi:train:906,ok,
hermes:kimi:701b72e0-5734-4478-9529-fe5444d58ef7,701b72e0-5734-4478-9529-fe5444d58ef7,kimi,True,51,False,,False,False,Repository Tasks,Environment Setup,lambda/hermes-agent-reasoning-traces:kimi:train:969,ok,
hermes:kimi:7044f6b0-e4c7-44c6-8c0d-3aed0bbc16ec,7044f6b0-e4c7-44c6-8c0d-3aed0bbc16ec,kimi,True,51,False,,False,False,Repository Tasks,Bug Fix,lambda/hermes-agent-reasoning-traces:kimi:train:705,ok,
hermes:kimi:705f3ec1-c7f0-4bb8-8705-8eeb03a15660,705f3ec1-c7f0-4bb8-8705-8eeb03a15660,kimi,True,54,False,,False,False,Repository Tasks,Feature Implementation,lambda/hermes-agent-reasoning-traces:kimi:train:744,ok,
hermes:kimi:709810ff-beaf-4232-8b48-ca8e10e5555c,709810ff-beaf-4232-8b48-ca8e10e5555c,kimi,True,51,False,,False,False,Repository Tasks,Bug Fix,lambda/hermes-agent-reasoning-traces:kimi:train:1024,ok,
hermes:kimi:709b298a-4bc8-4f28-a9a9-2b8955cf95bd,709b298a-4bc8-4f28-a9a9-2b8955cf95bd,kimi,True,54,False,,False,False,Repository Tasks,Testing,lambda/hermes-agent-reasoning-traces:kimi:train:1415,ok,
hermes:kimi:70f02ef9-41e9-4c74-b38b-7add96e089bb,70f02ef9-41e9-4c74-b38b-7add96e089bb,kimi,True,47,False,,False,False,Repository Tasks,Maintenance,lambda/hermes-agent-reasoning-traces:kimi:train:1342,ok,
hermes:kimi:7167c31b-1f5f-4adc-a701-f7a88ce8c077,7167c31b-1f5f-4adc-a701-f7a88ce8c077,kimi,True,5,False,,False,False,Agent Tools,Delegation,lambda/hermes-agent-reasoning-traces:kimi:train:254,ok,
hermes:kimi:71803b66-c895-4c04-b193-7b4abad81328,71803b66-c895-4c04-b193-7b4abad81328,kimi,True,54,False,,False,False,Repository Tasks,Bug Fix,lambda/hermes-agent-reasoning-traces:kimi:train:1023,ok,
hermes:kimi:719527f5-977c-4457-be5d-8f19ffc7e43b,719527f5-977c-4457-be5d-8f19ffc7e43b,kimi,True,54,False,,False,False,Repository Tasks,Bug Fix,lambda/hermes-agent-reasoning-traces:kimi:train:547,ok,
hermes:kimi:71a751d4-1ec3-4924-97ec-8566f80b4845,71a751d4-1ec3-4924-97ec-8566f80b4845,kimi,True,49,False,,False,False,Repository Tasks,Environment Setup,lambda/hermes-agent-reasoning-traces:kimi:train:557,ok,
hermes:kimi:71a7977e-ea0a-4bc9-aaa6-693d7559b84a,71a7977e-ea0a-4bc9-aaa6-693d7559b84a,kimi,True,11,False,,False,False,Agent Tools,Skill Invocation,lambda/hermes-agent-reasoning-traces:kimi:train:463,ok,
hermes:kimi:71b42ea8-8e55-4fa0-9432-94f7b8f63bd1,71b42ea8-8e55-4fa0-9432-94f7b8f63bd1,kimi,True,25,False,,False,False,Repository Tasks,Codebase Exploration,lambda/hermes-agent-reasoning-traces:kimi:train:798,ok,
hermes:kimi:71beb770-2c25-4376-b4db-0d2eaa7c2234,71beb770-2c25-4376-b4db-0d2eaa7c2234,kimi,True,13,False,,False,False,Agent Tools,Memory & Context,lambda/hermes-agent-reasoning-traces:kimi:train:2,ok,
hermes:kimi:71df6275-c038-44f3-9789-3788cd061909,71df6275-c038-44f3-9789-3788cd061909,kimi,True,54,False,,False,False,Repository Tasks,Bug Fix,lambda/hermes-agent-reasoning-traces:kimi:train:1043,ok,
hermes:kimi:72000049-c51c-4601-8af7-508f096cdb7d,72000049-c51c-4601-8af7-508f096cdb7d,kimi,True,54,False,,False,False,Repository Tasks,Feature Implementation,lambda/hermes-agent-reasoning-traces:kimi:train:1260,ok,
hermes:kimi:72239a3f-2063-4052-909b-bff5c5f0ce4f,72239a3f-2063-4052-909b-bff5c5f0ce4f,kimi,True,49,False,,False,False,Repository Tasks,Codebase Exploration,lambda/hermes-agent-reasoning-traces:kimi:train:838,ok,
hermes:kimi:725a599d-fee2-45f2-8c7d-98c79fa1d8c5,725a599d-fee2-45f2-8c7d-98c79fa1d8c5,kimi,True,54,False,,False,False,Repository Tasks,Feature Implementation,lambda/hermes-agent-reasoning-traces:kimi:train:1125,ok,
hermes:kimi:73eb718a-64ed-4a30-9ba4-fa51534dfa0b,73eb718a-64ed-4a30-9ba4-fa51534dfa0b,kimi,True,54,False,,False,False,Repository Tasks,Testing,lambda/hermes-agent-reasoning-traces:kimi:train:765,ok,
hermes:kimi:746fdecf-ed90-46b0-81f6-6f899dccfdb8,746fdecf-ed90-46b0-81f6-6f899dccfdb8,kimi,True,27,False,,False,False,Repository Tasks,Environment Setup,lambda/hermes-agent-reasoning-traces:kimi:train:1300,ok,
hermes:kimi:74d1f5f6-48a7-4e44-a5fe-817e13a69f51,74d1f5f6-48a7-4e44-a5fe-817e13a69f51,kimi,True,54,False,,False,False,Repository Tasks,Feature Implementation,lambda/hermes-agent-reasoning-traces:kimi:train:1149,ok,
hermes:kimi:7504ec6a-0974-446b-93f1-57ab0101e1ef,7504ec6a-0974-446b-93f1-57ab0101e1ef,kimi,True,34,False,,False,False,Agent Tools,Testing & CI,lambda/hermes-agent-reasoning-traces:kimi:train:359,ok,
hermes:kimi:7516deaf-d778-47a6-b72e-5da580335e01,7516deaf-d778-47a6-b72e-5da580335e01,kimi,True,7,False,,False,False,Agent Tools,Session & Memory,lambda/hermes-agent-reasoning-traces:kimi:train:225,ok,
hermes:kimi:7516e509-c8a7-42ef-a2b9-f58fd47e652a,7516e509-c8a7-42ef-a2b9-f58fd47e652a,kimi,True,48,False,,False,False,Repository Tasks,Bug Fix,lambda/hermes-agent-reasoning-traces:kimi:train:1111,ok,
hermes:kimi:753c9a8e-d6f5-4004-9bd3-6f50360f6d71,753c9a8e-d6f5-4004-9bd3-6f50360f6d71,kimi,True,54,False,,False,False,Repository Tasks,Feature Implementation,lambda/hermes-agent-reasoning-traces:kimi:train:895,ok,
hermes:kimi:7579a577-8b85-4c82-8f2f-fd7d06ab2504,7579a577-8b85-4c82-8f2f-fd7d06ab2504,kimi,True,34,False,,False,False,Agent Tools,Skill Invocation,lambda/hermes-agent-reasoning-traces:kimi:train:123,ok,
hermes:kimi:7586abdf-712d-48ba-9382-d64fcde3f113,7586abdf-712d-48ba-9382-d64fcde3f113,kimi,True,54,False,,False,False,Repository Tasks,Feature Implementation,lambda/hermes-agent-reasoning-traces:kimi:train:646,ok,
hermes:kimi:758dfe18-3c41-464e-8e39-3cf0d6a008e6,758dfe18-3c41-464e-8e39-3cf0d6a008e6,kimi,True,54,False,,False,False,Repository Tasks,Testing,lambda/hermes-agent-reasoning-traces:kimi:train:1381,ok,
hermes:kimi:75b665f4-4d13-49f2-afe5-ed1f8bc8d650,75b665f4-4d13-49f2-afe5-ed1f8bc8d650,kimi,True,23,False,,False,False,Repository Tasks,Codebase Exploration,lambda/hermes-agent-reasoning-traces:kimi:train:1482,ok,
hermes:kimi:7634f97c-f82c-4f32-ad55-f6b10e83f2d8,7634f97c-f82c-4f32-ad55-f6b10e83f2d8,kimi,True,54,False,,False,False,Repository Tasks,Bug Fix,lambda/hermes-agent-reasoning-traces:kimi:train:1078,ok,
hermes:kimi:76688c23-0cbb-43f2-a2fb-481e3a7b5215,76688c23-0cbb-43f2-a2fb-481e3a7b5215,kimi,True,45,False,,False,False,Repository Tasks,Documentation,lambda/hermes-agent-reasoning-traces:kimi:train:613,ok,
hermes:kimi:7678c3f7-2589-43fb-b05e-f3c95b0e30fa,7678c3f7-2589-43fb-b05e-f3c95b0e30fa,kimi,True,51,False,,False,False,Repository Tasks,Environment Setup,lambda/hermes-agent-reasoning-traces:kimi:train:873,ok,
hermes:kimi:76c547b2-66be-4b0e-9515-cd34acbda0b3,76c547b2-66be-4b0e-9515-cd34acbda0b3,kimi,True,49,False,,False,False,Repository Tasks,Environment Setup,lambda/hermes-agent-reasoning-traces:kimi:train:769,ok,
hermes:kimi:76e6994f-d48c-42ed-86a6-3e04ce80cfb4,76e6994f-d48c-42ed-86a6-3e04ce80cfb4,kimi,True,49,False,,False,False,Repository Tasks,Bug Fix,lambda/hermes-agent-reasoning-traces:kimi:train:1019,ok,
hermes:kimi:76fdd19a-0f4f-4860-904a-ef188f9216ed,76fdd19a-0f4f-4860-904a-ef188f9216ed,kimi,True,54,False,,False,False,Repository Tasks,Feature Implementation,lambda/hermes-agent-reasoning-traces:kimi:train:1250,ok,
hermes:kimi:773a62e2-ce4f-4bb5-bf32-7f1d854efdbd,773a62e2-ce4f-4bb5-bf32-7f1d854efdbd,kimi,True,15,False,,False,False,Agent Tools,Memory & Context,lambda/hermes-agent-reasoning-traces:kimi:train:450,ok,
hermes:kimi:775f2aac-c82d-45c0-9a36-35e7186224b2,775f2aac-c82d-45c0-9a36-35e7186224b2,kimi,True,54,False,,False,False,Repository Tasks,Feature Implementation,lambda/hermes-agent-reasoning-traces:kimi:train:1052,ok,
hermes:kimi:7782f26d-a2bf-4975-9dc8-524c2899db45,7782f26d-a2bf-4975-9dc8-524c2899db45,kimi,True,8,False,,False,False,Agent Tools,Background Processes,lambda/hermes-agent-reasoning-traces:kimi:train:288,ok,
hermes:kimi:778f8f8b-99bc-4141-9944-74bb3343a500,778f8f8b-99bc-4141-9944-74bb3343a500,kimi,True,34,False,,False,False,Agent Tools,Testing & CI,lambda/hermes-agent-reasoning-traces:kimi:train:326,ok,
hermes:kimi:7795e042-7905-40f0-9d2f-c35c1d60fb63,7795e042-7905-40f0-9d2f-c35c1d60fb63,kimi,True,54,False,,False,False,Repository Tasks,Feature Implementation,lambda/hermes-agent-reasoning-traces:kimi:train:1490,ok,
hermes:kimi:77c7be14-3a79-45dd-82ab-a02e2e624d8a,77c7be14-3a79-45dd-82ab-a02e2e624d8a,kimi,True,54,False,,False,False,Repository Tasks,Bug Fix,lambda/hermes-agent-reasoning-traces:kimi:train:817,ok,
hermes:kimi:77ffa7ed-3f9b-4a15-9199-49d1601b6e45,77ffa7ed-3f9b-4a15-9199-49d1601b6e45,kimi,True,48,False,,False,False,Repository Tasks,Feature Implementation,lambda/hermes-agent-reasoning-traces:kimi:train:764,ok,
hermes:kimi:7823c143-d65e-4628-af24-0340b9ff1e30,7823c143-d65e-4628-af24-0340b9ff1e30,kimi,True,54,False,,False,False,Repository Tasks,Environment Setup,lambda/hermes-agent-reasoning-traces:kimi:train:698,ok,
hermes:kimi:78240669-a840-423a-8871-5d3cd70c7fdc,78240669-a840-423a-8871-5d3cd70c7fdc,kimi,True,54,False,,False,False,Repository Tasks,Environment Setup,lambda/hermes-agent-reasoning-traces:kimi:train:1478,ok,
hermes:kimi:788d2eb5-eb22-4617-9488-8f7ceab3e873,788d2eb5-eb22-4617-9488-8f7ceab3e873,kimi,True,15,False,,False,False,Agent Tools,Delegation,lambda/hermes-agent-reasoning-traces:kimi:train:93,ok,
hermes:kimi:789183ad-0d8e-45f6-abbf-56f2de9ebe2d,789183ad-0d8e-45f6-abbf-56f2de9ebe2d,kimi,True,50,False,,False,False,Repository Tasks,Bug Fix,lambda/hermes-agent-reasoning-traces:kimi:train:908,ok,
hermes:kimi:78a590bd-eff1-486d-b115-c006830b291e,78a590bd-eff1-486d-b115-c006830b291e,kimi,True,34,False,,False,False,Agent Tools,Deployment,lambda/hermes-agent-reasoning-traces:kimi:train:150,ok,
hermes:kimi:78e0c232-6fdf-4f74-9e9c-3abf7292fc3c,78e0c232-6fdf-4f74-9e9c-3abf7292fc3c,kimi,True,50,False,,False,False,Repository Tasks,Bug Fix,lambda/hermes-agent-reasoning-traces:kimi:train:1208,ok,
hermes:kimi:78e15c5e-a14e-4252-8d81-3f65f5003e3a,78e15c5e-a14e-4252-8d81-3f65f5003e3a,kimi,True,34,False,,False,False,Agent Tools,Background Processes,lambda/hermes-agent-reasoning-traces:kimi:train:453,ok,
hermes:kimi:79466686-6893-4b28-b027-e9df0c5dc070,79466686-6893-4b28-b027-e9df0c5dc070,kimi,True,8,False,,False,False,Agent Tools,Delegation,lambda/hermes-agent-reasoning-traces:kimi:train:328,ok,
hermes:kimi:79b950f7-6fe4-4a8b-bada-db2293f585f3,79b950f7-6fe4-4a8b-bada-db2293f585f3,kimi,True,54,False,,False,False,Repository Tasks,Feature Implementation,lambda/hermes-agent-reasoning-traces:kimi:train:1467,ok,
hermes:kimi:79c1d7c2-8b76-4812-8ce4-b278cfa3616c,79c1d7c2-8b76-4812-8ce4-b278cfa3616c,kimi,True,15,False,,False,False,Agent Tools,Memory & Context,lambda/hermes-agent-reasoning-traces:kimi:train:424,ok,
hermes:kimi:79c3583f-2703-4fa0-9c85-156599859d2c,79c3583f-2703-4fa0-9c85-156599859d2c,kimi,True,51,False,,False,False,Repository Tasks,Bug Fix,lambda/hermes-agent-reasoning-traces:kimi:train:1176,ok,
hermes:kimi:79f43fbf-9607-45e0-a712-61a34849a101,79f43fbf-9607-45e0-a712-61a34849a101,kimi,True,34,False,,False,False,Planning & Organization,Planning Tasks,lambda/hermes-agent-reasoning-traces:kimi:train:208,ok,
hermes:kimi:7a16dcf3-895d-48e7-8679-fccf84cd213e,7a16dcf3-895d-48e7-8679-fccf84cd213e,kimi,True,51,False,,False,False,Repository Tasks,Environment Setup,lambda/hermes-agent-reasoning-traces:kimi:train:1124,ok,
hermes:kimi:7a4b5401-90b6-4586-8660-0e902d2b367d,7a4b5401-90b6-4586-8660-0e902d2b367d,kimi,True,33,False,,False,False,Repository Tasks,Environment Setup,lambda/hermes-agent-reasoning-traces:kimi:train:775,ok,
hermes:kimi:7a4bbc0e-0a3d-477e-8cc6-b7b6cdab7f53,7a4bbc0e-0a3d-477e-8cc6-b7b6cdab7f53,kimi,True,54,False,,False,False,Repository Tasks,Feature Implementation,lambda/hermes-agent-reasoning-traces:kimi:train:1262,ok,
hermes:kimi:7a4e02c1-6b6c-47d0-b4ba-8f796dab5ef2,7a4e02c1-6b6c-47d0-b4ba-8f796dab5ef2,kimi,True,26,False,,False,False,Agent Tools,Todo & Planning,lambda/hermes-agent-reasoning-traces:kimi:train:397,ok,
hermes:kimi:7a5d4682-52e3-4b05-9f42-03b3a76bf061,7a5d4682-52e3-4b05-9f42-03b3a76bf061,kimi,True,54,False,,False,False,Repository Tasks,Feature Implementation,lambda/hermes-agent-reasoning-traces:kimi:train:985,ok,
hermes:kimi:7a82eaa5-a9ef-45a2-877b-9c3d6e483c3f,7a82eaa5-a9ef-45a2-877b-9c3d6e483c3f,kimi,True,23,False,,False,False,Agent Tools,Delegation,lambda/hermes-agent-reasoning-traces:kimi:train:355,ok,
hermes:kimi:7a90d2be-9486-4903-b8cb-729ddd01a91b,7a90d2be-9486-4903-b8cb-729ddd01a91b,kimi,True,30,False,,False,False,Agent Tools,Todo & Planning,lambda/hermes-agent-reasoning-traces:kimi:train:87,ok,
hermes:kimi:7a9d7c36-03cc-4bc9-81e4-9e98f4ed9857,7a9d7c36-03cc-4bc9-81e4-9e98f4ed9857,kimi,True,29,False,,False,False,Agent Tools,Todo & Planning,lambda/hermes-agent-reasoning-traces:kimi:train:134,ok,
hermes:kimi:7af8798c-550e-4ef0-bb87-d51e2b6fd4a5,7af8798c-550e-4ef0-bb87-d51e2b6fd4a5,kimi,True,54,False,,False,False,Repository Tasks,Bug Fix,lambda/hermes-agent-reasoning-traces:kimi:train:1384,ok,
hermes:kimi:7b1c36fc-af17-49a6-afb2-deff55db4554,7b1c36fc-af17-49a6-afb2-deff55db4554,kimi,True,5,False,,False,False,Agent Tools,Session & Memory,lambda/hermes-agent-reasoning-traces:kimi:train:207,ok,
hermes:kimi:7b26c58e-f2e4-4526-a6eb-237b4a7bd731,7b26c58e-f2e4-4526-a6eb-237b4a7bd731,kimi,True,28,False,,False,False,Agent Tools,Testing & CI,lambda/hermes-agent-reasoning-traces:kimi:train:230,ok,
hermes:kimi:7b2d9ce2-d143-4d79-95a3-4bfa9b57e88a,7b2d9ce2-d143-4d79-95a3-4bfa9b57e88a,kimi,True,54,False,,False,False,Repository Tasks,Testing,lambda/hermes-agent-reasoning-traces:kimi:train:910,ok,
hermes:kimi:7b34a353-2297-4f9c-a681-9c8270114d91,7b34a353-2297-4f9c-a681-9c8270114d91,kimi,True,35,False,,False,False,Repository Tasks,Environment Setup,lambda/hermes-agent-reasoning-traces:kimi:train:1284,ok,
hermes:kimi:7b376972-ca04-483b-af7c-da334b3659ef,7b376972-ca04-483b-af7c-da334b3659ef,kimi,True,13,False,,False,False,Agent Tools,Sandbox Execution,lambda/hermes-agent-reasoning-traces:kimi:train:148,ok,
hermes:kimi:7b7810ce-6760-484e-a0e7-edf6c3c8b96b,7b7810ce-6760-484e-a0e7-edf6c3c8b96b,kimi,True,54,False,,False,False,Repository Tasks,Environment Setup,lambda/hermes-agent-reasoning-traces:kimi:train:631,ok,
hermes:kimi:7b9ae582-d1ad-4469-bde2-314f25067f73,7b9ae582-d1ad-4469-bde2-314f25067f73,kimi,True,7,False,,False,False,Agent Tools,Skill Invocation,lambda/hermes-agent-reasoning-traces:kimi:train:76,ok,
hermes:kimi:7bb66c90-9d10-4870-a6f1-f3dd4c8d3e75,7bb66c90-9d10-4870-a6f1-f3dd4c8d3e75,kimi,True,54,False,,False,False,Repository Tasks,Bug Fix,lambda/hermes-agent-reasoning-traces:kimi:train:760,ok,
hermes:kimi:7bfa85e8-91b4-4f6c-a70d-b8d0e789ef10,7bfa85e8-91b4-4f6c-a70d-b8d0e789ef10,kimi,True,47,False,,False,False,Repository Tasks,Bug Fix,lambda/hermes-agent-reasoning-traces:kimi:train:1399,ok,
hermes:kimi:7c03faa5-e22c-4484-b59f-1e1200b83771,7c03faa5-e22c-4484-b59f-1e1200b83771,kimi,True,50,False,,False,False,Repository Tasks,Environment Setup,lambda/hermes-agent-reasoning-traces:kimi:train:824,ok,
hermes:kimi:7c1d3f5a-dd10-4e3c-a0f1-a94bc2a010bd,7c1d3f5a-dd10-4e3c-a0f1-a94bc2a010bd,kimi,True,25,False,,False,False,Agent Tools,Todo & Planning,lambda/hermes-agent-reasoning-traces:kimi:train:8,ok,
hermes:kimi:7c3293fa-4322-4066-a432-375dac3200db,7c3293fa-4322-4066-a432-375dac3200db,kimi,True,21,False,,False,False,Agent Tools,Sandbox Execution,lambda/hermes-agent-reasoning-traces:kimi:train:249,ok,
hermes:kimi:7c3acfd1-3d12-420a-aad6-70b9a04b7cb1,7c3acfd1-3d12-420a-aad6-70b9a04b7cb1,kimi,True,54,False,,False,False,Repository Tasks,Feature Implementation,lambda/hermes-agent-reasoning-traces:kimi:train:614,ok,
hermes:kimi:7c5aa305-9cc8-4798-b8d9-cd7065116f3a,7c5aa305-9cc8-4798-b8d9-cd7065116f3a,kimi,True,54,False,,False,False,Repository Tasks,Testing,lambda/hermes-agent-reasoning-traces:kimi:train:809,ok,
hermes:kimi:7c6063ac-5a05-4143-ac6f-c2e846fbf547,7c6063ac-5a05-4143-ac6f-c2e846fbf547,kimi,True,27,False,,False,False,Repository Tasks,Codebase Exploration,lambda/hermes-agent-reasoning-traces:kimi:train:1073,ok,
hermes:kimi:7c804bdb-1a49-4117-ae4b-646d900649e9,7c804bdb-1a49-4117-ae4b-646d900649e9,kimi,True,54,False,,False,False,Repository Tasks,Feature Implementation,lambda/hermes-agent-reasoning-traces:kimi:train:1383,ok,
hermes:kimi:7d10b693-1cf4-43b8-add3-4592fe3f310f,7d10b693-1cf4-43b8-add3-4592fe3f310f,kimi,True,34,False,,False,False,Agent Tools,Delegation,lambda/hermes-agent-reasoning-traces:kimi:train:133,ok,
hermes:kimi:7d6a6d2d-22bd-4b1d-9bbd-e9191ce08d83,7d6a6d2d-22bd-4b1d-9bbd-e9191ce08d83,kimi,True,51,False,,False,False,Repository Tasks,Codebase Exploration,lambda/hermes-agent-reasoning-traces:kimi:train:1407,ok,
hermes:kimi:7d6ea6fa-2b54-40c6-8910-b91043c61e7c,7d6ea6fa-2b54-40c6-8910-b91043c61e7c,kimi,True,17,False,,False,False,Repository Tasks,Environment Setup,lambda/hermes-agent-reasoning-traces:kimi:train:1272,ok,
hermes:kimi:7db5969c-7a90-4e11-a3b7-34a6954a90ef,7db5969c-7a90-4e11-a3b7-34a6954a90ef,kimi,True,54,False,,False,False,Repository Tasks,Feature Implementation,lambda/hermes-agent-reasoning-traces:kimi:train:1108,ok,
hermes:kimi:7ddd9c71-9081-4d4a-bb54-9f0e3be93fb7,7ddd9c71-9081-4d4a-bb54-9f0e3be93fb7,kimi,True,5,False,,False,False,Planning & Organization,Planning Tasks,lambda/hermes-agent-reasoning-traces:kimi:train:274,ok,
hermes:kimi:7e09955c-cb82-439f-aea1-ead1bb4ac35d,7e09955c-cb82-439f-aea1-ead1bb4ac35d,kimi,True,21,False,,False,False,Repository Tasks,Codebase Exploration,lambda/hermes-agent-reasoning-traces:kimi:train:1267,ok,
hermes:kimi:7e34b62e-fcb8-4830-a25a-f9aec028f602,7e34b62e-fcb8-4830-a25a-f9aec028f602,kimi,True,41,False,,False,False,Repository Tasks,Bug Fix,lambda/hermes-agent-reasoning-traces:kimi:train:1327,ok,
hermes:kimi:7eb67032-b896-4a5e-9283-ebb7154d9de9,7eb67032-b896-4a5e-9283-ebb7154d9de9,kimi,True,54,False,,False,False,Repository Tasks,Bug Fix,lambda/hermes-agent-reasoning-traces:kimi:train:1084,ok,
hermes:kimi:7ede1c32-cb1c-4977-92b8-bcea0cc5503b,7ede1c32-cb1c-4977-92b8-bcea0cc5503b,kimi,True,54,False,,False,False,Repository Tasks,Feature Implementation,lambda/hermes-agent-reasoning-traces:kimi:train:1459,ok,
hermes:kimi:7f13f6a2-1393-48ae-8e57-462ab1ffb818,7f13f6a2-1393-48ae-8e57-462ab1ffb818,kimi,True,37,False,,False,False,Repository Tasks,Environment Setup,lambda/hermes-agent-reasoning-traces:kimi:train:1347,ok,
hermes:kimi:7f2d98d2-2fda-4152-8ac4-5d9fc003a251,7f2d98d2-2fda-4152-8ac4-5d9fc003a251,kimi,True,34,False,,False,False,Agent Tools,Skill Invocation,lambda/hermes-agent-reasoning-traces:kimi:train:454,ok,
hermes:kimi:7f4a2663-f3c3-4f91-95ee-eb1b2297d4c3,7f4a2663-f3c3-4f91-95ee-eb1b2297d4c3,kimi,True,5,False,,False,False,Agent Tools,Delegation,lambda/hermes-agent-reasoning-traces:kimi:train:59,ok,
hermes:kimi:7f4c1cc9-0334-4493-88b7-bec0d9ce3624,7f4c1cc9-0334-4493-88b7-bec0d9ce3624,kimi,True,54,False,,False,False,Repository Tasks,Feature Implementation,lambda/hermes-agent-reasoning-traces:kimi:train:1409,ok,
hermes:kimi:7f70e735-1674-4a60-a50c-0483e856c5e3,7f70e735-1674-4a60-a50c-0483e856c5e3,kimi,True,5,False,,False,False,Agent Tools,Session & Memory,lambda/hermes-agent-reasoning-traces:kimi:train:379,ok,
hermes:kimi:7f8669b5-7a66-4737-96d7-81f6ca33f79c,7f8669b5-7a66-4737-96d7-81f6ca33f79c,kimi,True,54,False,,False,False,Repository Tasks,Environment Setup,lambda/hermes-agent-reasoning-traces:kimi:train:1356,ok,
hermes:kimi:7f91069e-0010-4515-b0d2-e38936ad275a,7f91069e-0010-4515-b0d2-e38936ad275a,kimi,True,5,False,,False,False,Agent Tools,Memory & Context,lambda/hermes-agent-reasoning-traces:kimi:train:162,ok,
hermes:kimi:7fd156fb-3f83-4a78-8e78-dc4de078afca,7fd156fb-3f83-4a78-8e78-dc4de078afca,kimi,True,7,False,,False,False,Agent Tools,Sandbox Execution,lambda/hermes-agent-reasoning-traces:kimi:train:503,ok,
hermes:kimi:80054f55-a1ef-4540-ae10-c64d58f4e21f,80054f55-a1ef-4540-ae10-c64d58f4e21f,kimi,True,50,False,,False,False,Repository Tasks,Codebase Exploration,lambda/hermes-agent-reasoning-traces:kimi:train:1060,ok,
hermes:kimi:80187be1-d50d-449c-bea3-486a71189558,80187be1-d50d-449c-bea3-486a71189558,kimi,True,8,False,,False,False,Agent Tools,Sandbox Execution,lambda/hermes-agent-reasoning-traces:kimi:train:88,ok,
hermes:kimi:80297759-192e-46ed-8658-bd00b1a0525d,80297759-192e-46ed-8658-bd00b1a0525d,kimi,True,54,False,,False,False,Repository Tasks,Testing,lambda/hermes-agent-reasoning-traces:kimi:train:1323,ok,
hermes:kimi:80550bfd-c880-461d-9d68-9b568a6810ee,80550bfd-c880-461d-9d68-9b568a6810ee,kimi,True,5,False,,False,False,Agent Tools,Clarification,lambda/hermes-agent-reasoning-traces:kimi:train:196,ok,
hermes:kimi:805acf61-77f8-4ae2-a910-a98277fcd2e4,805acf61-77f8-4ae2-a910-a98277fcd2e4,kimi,True,50,False,,False,False,Repository Tasks,Environment Setup,lambda/hermes-agent-reasoning-traces:kimi:train:558,ok,
hermes:kimi:8063a0ba-5f98-4894-b3a3-85836926c302,8063a0ba-5f98-4894-b3a3-85836926c302,kimi,True,31,False,,False,False,Agent Tools,Todo & Planning,lambda/hermes-agent-reasoning-traces:kimi:train:273,ok,
hermes:kimi:807950de-aa8e-4735-9963-e5d0d120b91f,807950de-aa8e-4735-9963-e5d0d120b91f,kimi,True,54,False,,False,False,Repository Tasks,Bug Fix,lambda/hermes-agent-reasoning-traces:kimi:train:1450,ok,
hermes:kimi:80952144-91cf-4e02-afde-5f9c689cd004,80952144-91cf-4e02-afde-5f9c689cd004,kimi,True,54,False,,False,False,Repository Tasks,Feature Implementation,lambda/hermes-agent-reasoning-traces:kimi:train:1283,ok,
hermes:kimi:80bac657-ac72-428a-87ce-4154e04e5399,80bac657-ac72-428a-87ce-4154e04e5399,kimi,True,54,False,,False,False,Repository Tasks,Environment Setup,lambda/hermes-agent-reasoning-traces:kimi:train:938,ok,
hermes:kimi:80d83ba1-2417-4f59-833b-ea8c62831b51,80d83ba1-2417-4f59-833b-ea8c62831b51,kimi,True,54,False,,False,False,Repository Tasks,Feature Implementation,lambda/hermes-agent-reasoning-traces:kimi:train:1337,ok,
hermes:kimi:80e9dd7a-7fcb-4ac8-94df-6f08b9321c57,80e9dd7a-7fcb-4ac8-94df-6f08b9321c57,kimi,True,54,False,,False,False,Repository Tasks,Codebase Exploration,lambda/hermes-agent-reasoning-traces:kimi:train:546,ok,
hermes:kimi:80f67177-1289-4038-bd36-a187af3c2205,80f67177-1289-4038-bd36-a187af3c2205,kimi,True,34,False,,False,False,Agent Tools,Memory & Context,lambda/hermes-agent-reasoning-traces:kimi:train:175,ok,
hermes:kimi:80fa18e1-d78f-4e98-94f8-164334e1168e,80fa18e1-d78f-4e98-94f8-164334e1168e,kimi,True,51,False,,False,False,Repository Tasks,Codebase Exploration,lambda/hermes-agent-reasoning-traces:kimi:train:815,ok,
hermes:kimi:811c3af1-6070-49c3-b529-1c035c6f018a,811c3af1-6070-49c3-b529-1c035c6f018a,kimi,True,17,False,,False,False,Agent Tools,Delegation,lambda/hermes-agent-reasoning-traces:kimi:train:92,ok,
hermes:kimi:811efff9-08b8-4b58-807a-c93cd8c6f56e,811efff9-08b8-4b58-807a-c93cd8c6f56e,kimi,True,49,False,,False,False,Repository Tasks,Feature Implementation,lambda/hermes-agent-reasoning-traces:kimi:train:1332,ok,
hermes:kimi:8125fdd6-6ddc-4263-85b0-6ec812f92a7d,8125fdd6-6ddc-4263-85b0-6ec812f92a7d,kimi,True,5,False,,False,False,Agent Tools,Sandbox Execution,lambda/hermes-agent-reasoning-traces:kimi:train:514,ok,
hermes:kimi:81537704-a60b-4780-a262-fec42503ba57,81537704-a60b-4780-a262-fec42503ba57,kimi,True,51,False,,False,False,Repository Tasks,Testing,lambda/hermes-agent-reasoning-traces:kimi:train:998,ok,
hermes:kimi:81960fc1-b818-4ee4-8873-a705c1f55dd1,81960fc1-b818-4ee4-8873-a705c1f55dd1,kimi,True,24,False,,False,False,Agent Tools,Session & Memory,lambda/hermes-agent-reasoning-traces:kimi:train:267,ok,
hermes:kimi:819ff1d6-c870-4817-b680-de3ed5ec6bc5,819ff1d6-c870-4817-b680-de3ed5ec6bc5,kimi,True,10,False,,False,False,Agent Tools,Skill Invocation,lambda/hermes-agent-reasoning-traces:kimi:train:465,ok,
hermes:kimi:81bfbb82-f9cf-4f86-a80d-9f8eb22c6459,81bfbb82-f9cf-4f86-a80d-9f8eb22c6459,kimi,True,49,False,,False,False,Repository Tasks,Bug Fix,lambda/hermes-agent-reasoning-traces:kimi:train:1291,ok,
hermes:kimi:81f75b45-0328-4726-a02f-66a1cf301347,81f75b45-0328-4726-a02f-66a1cf301347,kimi,True,25,False,,False,False,Repository Tasks,Codebase Exploration,lambda/hermes-agent-reasoning-traces:kimi:train:1214,ok,
hermes:kimi:8217964b-84c4-461a-84f1-60f843cc4ebb,8217964b-84c4-461a-84f1-60f843cc4ebb,kimi,True,51,False,,False,False,Repository Tasks,Bug Fix,lambda/hermes-agent-reasoning-traces:kimi:train:889,ok,
hermes:kimi:8232c9f5-8293-4348-8145-6286e97ededd,8232c9f5-8293-4348-8145-6286e97ededd,kimi,True,37,False,,False,False,Repository Tasks,Environment Setup,lambda/hermes-agent-reasoning-traces:kimi:train:725,ok,
hermes:kimi:824e0e42-5cb1-40f6-96b3-ec6d15f148c7,824e0e42-5cb1-40f6-96b3-ec6d15f148c7,kimi,True,49,False,,False,False,Repository Tasks,Environment Setup,lambda/hermes-agent-reasoning-traces:kimi:train:778,ok,
hermes:kimi:82b60d1d-0049-4ee3-9dd1-68c65bd174f2,82b60d1d-0049-4ee3-9dd1-68c65bd174f2,kimi,True,51,False,,False,False,Repository Tasks,Feature Implementation,lambda/hermes-agent-reasoning-traces:kimi:train:608,ok,
hermes:kimi:82bf44c2-c5f9-4fdc-82ac-bab5c3b0d7c6,82bf44c2-c5f9-4fdc-82ac-bab5c3b0d7c6,kimi,True,54,False,,False,False,Repository Tasks,Feature Implementation,lambda/hermes-agent-reasoning-traces:kimi:train:1059,ok,
hermes:kimi:831b4a1b-423e-403e-84b0-f5a8af11c82b,831b4a1b-423e-403e-84b0-f5a8af11c82b,kimi,True,54,False,,False,False,Repository Tasks,Bug Fix,lambda/hermes-agent-reasoning-traces:kimi:train:1313,ok,
hermes:kimi:831b4d6d-2406-4889-8721-91279b56eba5,831b4d6d-2406-4889-8721-91279b56eba5,kimi,True,8,False,,False,False,Agent Tools,Delegation,lambda/hermes-agent-reasoning-traces:kimi:train:394,ok,
hermes:kimi:8321b2c9-6241-467c-889f-53ff79d2827a,8321b2c9-6241-467c-889f-53ff79d2827a,kimi,True,9,False,,False,False,Agent Tools,Sandbox Execution,lambda/hermes-agent-reasoning-traces:kimi:train:391,ok,
hermes:kimi:835d7635-aea6-48b4-96c4-206c5e95f083,835d7635-aea6-48b4-96c4-206c5e95f083,kimi,True,34,False,,False,False,Planning & Organization,Planning Tasks,lambda/hermes-agent-reasoning-traces:kimi:train:9,ok,
hermes:kimi:8360ae52-cd6c-4716-a508-34f5571337d9,8360ae52-cd6c-4716-a508-34f5571337d9,kimi,True,10,False,,False,False,Agent Tools,Delegation,lambda/hermes-agent-reasoning-traces:kimi:train:57,ok,
hermes:kimi:83872f60-2916-4a4c-a27e-c739f7aa7107,83872f60-2916-4a4c-a27e-c739f7aa7107,kimi,True,54,False,,False,False,Repository Tasks,Testing,lambda/hermes-agent-reasoning-traces:kimi:train:1230,ok,
hermes:kimi:8387e176-bff7-411a-ae5d-cdc2f897c0e9,8387e176-bff7-411a-ae5d-cdc2f897c0e9,kimi,True,51,False,,False,False,Repository Tasks,Environment Setup,lambda/hermes-agent-reasoning-traces:kimi:train:878,ok,
hermes:kimi:838ca626-1edf-442c-b24e-c4c50646aef6,838ca626-1edf-442c-b24e-c4c50646aef6,kimi,True,54,False,,False,False,Repository Tasks,Codebase Exploration,lambda/hermes-agent-reasoning-traces:kimi:train:1128,ok,
hermes:kimi:8398eb98-01fa-416c-aa00-ad4610d58bfc,8398eb98-01fa-416c-aa00-ad4610d58bfc,kimi,True,54,False,,False,False,Repository Tasks,Environment Setup,lambda/hermes-agent-reasoning-traces:kimi:train:1289,ok,
hermes:kimi:839d8abb-0a08-4308-8ec8-b23368764c49,839d8abb-0a08-4308-8ec8-b23368764c49,kimi,True,6,False,,False,False,Agent Tools,Skill Invocation,lambda/hermes-agent-reasoning-traces:kimi:train:376,ok,
hermes:kimi:83c5e8d5-0a5a-4e4a-a2e0-bfb34f4dfe34,83c5e8d5-0a5a-4e4a-a2e0-bfb34f4dfe34,kimi,True,16,False,,False,False,Agent Tools,Delegation,lambda/hermes-agent-reasoning-traces:kimi:train:482,ok,
hermes:kimi:83d0285b-f3f0-464a-a1fd-14705bb2551c,83d0285b-f3f0-464a-a1fd-14705bb2551c,kimi,True,5,False,,False,False,Agent Tools,Sandbox Execution,lambda/hermes-agent-reasoning-traces:kimi:train:396,ok,
hermes:kimi:844fb1db-6ca7-4127-97ba-5ef395c2351f,844fb1db-6ca7-4127-97ba-5ef395c2351f,kimi,True,27,False,,False,False,Repository Tasks,Codebase Exploration,lambda/hermes-agent-reasoning-traces:kimi:train:984,ok,
hermes:kimi:847b7462-95f9-4ef1-bb6d-254c150d91af,847b7462-95f9-4ef1-bb6d-254c150d91af,kimi,True,39,False,,False,False,Repository Tasks,Codebase Exploration,lambda/hermes-agent-reasoning-traces:kimi:train:1049,ok,
hermes:kimi:8492a91c-6aac-4f46-b4ed-03fbb9b04df0,8492a91c-6aac-4f46-b4ed-03fbb9b04df0,kimi,True,54,False,,False,False,Repository Tasks,Bug Fix,lambda/hermes-agent-reasoning-traces:kimi:train:579,ok,
hermes:kimi:84b3302e-966b-4ae2-adab-26cfe6a52094,84b3302e-966b-4ae2-adab-26cfe6a52094,kimi,True,41,False,,False,False,Repository Tasks,Bug Fix,lambda/hermes-agent-reasoning-traces:kimi:train:588,ok,
hermes:kimi:84d18f34-96f7-485d-a60a-e6354d097879,84d18f34-96f7-485d-a60a-e6354d097879,kimi,True,51,False,,False,False,Repository Tasks,Feature Implementation,lambda/hermes-agent-reasoning-traces:kimi:train:976,ok,
hermes:kimi:8536efca-0fef-4b5c-aa11-078ee46a8c17,8536efca-0fef-4b5c-aa11-078ee46a8c17,kimi,True,54,False,,False,False,Repository Tasks,Codebase Exploration,lambda/hermes-agent-reasoning-traces:kimi:train:816,ok,
hermes:kimi:8537d492-cb29-40f9-ac13-a269b59dd19a,8537d492-cb29-40f9-ac13-a269b59dd19a,kimi,True,34,False,,False,False,Agent Tools,Testing & CI,lambda/hermes-agent-reasoning-traces:kimi:train:241,ok,
hermes:kimi:85700953-5da8-4cd5-a6a8-f58d6ad230f2,85700953-5da8-4cd5-a6a8-f58d6ad230f2,kimi,True,41,False,,False,False,Repository Tasks,Environment Setup,lambda/hermes-agent-reasoning-traces:kimi:train:635,ok,
hermes:kimi:85bccd6b-3457-42e3-9801-5cf3354044d0,85bccd6b-3457-42e3-9801-5cf3354044d0,kimi,True,54,False,,False,False,Repository Tasks,Bug Fix,lambda/hermes-agent-reasoning-traces:kimi:train:1265,ok,
hermes:kimi:85cc0641-77dd-45fd-bf5b-cde97aca0435,85cc0641-77dd-45fd-bf5b-cde97aca0435,kimi,True,51,False,,False,False,Repository Tasks,Documentation,lambda/hermes-agent-reasoning-traces:kimi:train:972,ok,
hermes:kimi:85d533c9-0ddb-4e51-9ff9-b90c8a41a4f7,85d533c9-0ddb-4e51-9ff9-b90c8a41a4f7,kimi,True,54,False,,False,False,Repository Tasks,Feature Implementation,lambda/hermes-agent-reasoning-traces:kimi:train:1057,ok,
hermes:kimi:85dd6d6b-0fa5-47d5-892a-713da2b04503,85dd6d6b-0fa5-47d5-892a-713da2b04503,kimi,True,54,False,,False,False,Repository Tasks,Bug Fix,lambda/hermes-agent-reasoning-traces:kimi:train:1204,ok,
hermes:kimi:85e9f39b-618f-42b2-9597-4bbcff145150,85e9f39b-618f-42b2-9597-4bbcff145150,kimi,True,17,False,,False,False,Agent Tools,Sandbox Execution,lambda/hermes-agent-reasoning-traces:kimi:train:110,ok,
hermes:kimi:86253e59-7622-426c-9b80-576672a31dba,86253e59-7622-426c-9b80-576672a31dba,kimi,True,31,False,,False,False,Agent Tools,Testing & CI,lambda/hermes-agent-reasoning-traces:kimi:train:58,ok,
hermes:kimi:8632ef73-a63b-4164-94f1-2c6d3390a955,8632ef73-a63b-4164-94f1-2c6d3390a955,kimi,True,54,False,,False,False,Repository Tasks,Bug Fix,lambda/hermes-agent-reasoning-traces:kimi:train:1151,ok,
hermes:kimi:8636d1dc-81b3-4cd0-adf4-5959fda21d7a,8636d1dc-81b3-4cd0-adf4-5959fda21d7a,kimi,True,50,False,,False,False,Repository Tasks,Testing,lambda/hermes-agent-reasoning-traces:kimi:train:594,ok,
hermes:kimi:8648b73e-26d1-4557-8982-fc2b0b26d888,8648b73e-26d1-4557-8982-fc2b0b26d888,kimi,True,14,False,,False,False,Agent Tools,Delegation,lambda/hermes-agent-reasoning-traces:kimi:train:508,ok,
hermes:kimi:864f99e2-bce5-461a-b8dc-109b17c2543e,864f99e2-bce5-461a-b8dc-109b17c2543e,kimi,True,49,False,,False,False,Repository Tasks,Environment Setup,lambda/hermes-agent-reasoning-traces:kimi:train:1220,ok,
hermes:kimi:868523a6-8b4b-410f-908f-7fbb1691c0f1,868523a6-8b4b-410f-908f-7fbb1691c0f1,kimi,True,54,False,,False,False,Repository Tasks,Bug Fix,lambda/hermes-agent-reasoning-traces:kimi:train:703,ok,
hermes:kimi:86937e56-a297-4e8f-be47-8b5a11d04e9e,86937e56-a297-4e8f-be47-8b5a11d04e9e,kimi,True,11,False,,False,False,Agent Tools,Session & Memory,lambda/hermes-agent-reasoning-traces:kimi:train:526,ok,
hermes:kimi:86a29f34-76b2-42d9-a290-e6736031d48f,86a29f34-76b2-42d9-a290-e6736031d48f,kimi,True,54,False,,False,False,Repository Tasks,Codebase Exploration,lambda/hermes-agent-reasoning-traces:kimi:train:1034,ok,
hermes:kimi:86aba297-8766-48f4-b985-fd7b891cbce9,86aba297-8766-48f4-b985-fd7b891cbce9,kimi,True,49,False,,False,False,Repository Tasks,Environment Setup,lambda/hermes-agent-reasoning-traces:kimi:train:584,ok,
hermes:kimi:86c1da1f-93cb-4425-9840-8a17be29ae8e,86c1da1f-93cb-4425-9840-8a17be29ae8e,kimi,True,13,False,,False,False,Agent Tools,Sandbox Execution,lambda/hermes-agent-reasoning-traces:kimi:train:362,ok,
hermes:kimi:86e0df4b-6d09-41f8-b030-9e014dc8f869,86e0df4b-6d09-41f8-b030-9e014dc8f869,kimi,True,51,False,,False,False,Repository Tasks,Codebase Exploration,lambda/hermes-agent-reasoning-traces:kimi:train:1315,ok,
hermes:kimi:8713dde7-4698-48eb-9a6e-6636eceacc5c,8713dde7-4698-48eb-9a6e-6636eceacc5c,kimi,True,37,False,,False,False,Repository Tasks,Codebase Exploration,lambda/hermes-agent-reasoning-traces:kimi:train:1031,ok,
hermes:kimi:874e21a2-bd9a-414e-a60b-3b91a782ea63,874e21a2-bd9a-414e-a60b-3b91a782ea63,kimi,True,50,False,,False,False,Repository Tasks,Bug Fix,lambda/hermes-agent-reasoning-traces:kimi:train:866,ok,
hermes:kimi:876af0c7-896b-42eb-8500-5a3158612ef5,876af0c7-896b-42eb-8500-5a3158612ef5,kimi,True,25,False,,False,False,Agent Tools,Delegation,lambda/hermes-agent-reasoning-traces:kimi:train:375,ok,
hermes:kimi:877001f9-899d-4e95-98bc-646417c07509,877001f9-899d-4e95-98bc-646417c07509,kimi,True,24,False,,False,False,Agent Tools,Todo & Planning,lambda/hermes-agent-reasoning-traces:kimi:train:522,ok,
hermes:kimi:87718a60-c3cd-4368-b41b-06b63e21ebda,87718a60-c3cd-4368-b41b-06b63e21ebda,kimi,True,54,False,,False,False,Repository Tasks,Bug Fix,lambda/hermes-agent-reasoning-traces:kimi:train:857,ok,
hermes:kimi:877e7ee9-f3ea-40aa-9fde-240f9e298a0d,877e7ee9-f3ea-40aa-9fde-240f9e298a0d,kimi,True,54,False,,False,False,Repository Tasks,Testing,lambda/hermes-agent-reasoning-traces:kimi:train:554,ok,
hermes:kimi:87aad8a6-6d5c-4a95-a55a-821eb2853eb8,87aad8a6-6d5c-4a95-a55a-821eb2853eb8,kimi,True,51,False,,False,False,Repository Tasks,Environment Setup,lambda/hermes-agent-reasoning-traces:kimi:train:1329,ok,
hermes:kimi:87bea202-5401-4558-803a-18a5e6e70ab4,87bea202-5401-4558-803a-18a5e6e70ab4,kimi,True,51,False,,False,False,Repository Tasks,Environment Setup,lambda/hermes-agent-reasoning-traces:kimi:train:724,ok,
hermes:kimi:886f4bfb-ce74-4b48-8de0-4beb826de77f,886f4bfb-ce74-4b48-8de0-4beb826de77f,kimi,True,54,False,,False,False,Repository Tasks,Bug Fix,lambda/hermes-agent-reasoning-traces:kimi:train:1000,ok,
hermes:kimi:88b185c0-bbf3-4825-bd0f-166fa7e9e202,88b185c0-bbf3-4825-bd0f-166fa7e9e202,kimi,True,54,False,,False,False,Repository Tasks,Testing,lambda/hermes-agent-reasoning-traces:kimi:train:749,ok,
hermes:kimi:88cbea1c-e9c4-47b4-a4d7-306c4965391f,88cbea1c-e9c4-47b4-a4d7-306c4965391f,kimi,True,54,False,,False,False,Repository Tasks,Environment Setup,lambda/hermes-agent-reasoning-traces:kimi:train:533,ok,
hermes:kimi:894b270e-615d-40bf-8709-1a6d390926e7,894b270e-615d-40bf-8709-1a6d390926e7,kimi,True,54,False,,False,False,Repository Tasks,Testing,lambda/hermes-agent-reasoning-traces:kimi:train:1460,ok,
hermes:kimi:895bc558-3460-4926-ad66-82b98af4f75f,895bc558-3460-4926-ad66-82b98af4f75f,kimi,True,51,False,,False,False,Repository Tasks,Environment Setup,lambda/hermes-agent-reasoning-traces:kimi:train:571,ok,
hermes:kimi:8961adb4-87c4-4630-b0e4-5b279e4ed3ae,8961adb4-87c4-4630-b0e4-5b279e4ed3ae,kimi,True,54,False,,False,False,Repository Tasks,Feature Implementation,lambda/hermes-agent-reasoning-traces:kimi:train:731,ok,
hermes:kimi:8968a534-3b84-4089-ac24-4616dff513f4,8968a534-3b84-4089-ac24-4616dff513f4,kimi,True,31,False,,False,False,Agent Tools,Background Processes,lambda/hermes-agent-reasoning-traces:kimi:train:417,ok,
hermes:kimi:898c1399-c931-48e2-9a99-4f1c2be4d09f,898c1399-c931-48e2-9a99-4f1c2be4d09f,kimi,True,54,False,,False,False,Repository Tasks,Environment Setup,lambda/hermes-agent-reasoning-traces:kimi:train:1270,ok,
hermes:kimi:8992c53b-c622-42b6-9356-50d734611b15,8992c53b-c622-42b6-9356-50d734611b15,kimi,True,31,False,,False,False,Agent Tools,Skill Invocation,lambda/hermes-agent-reasoning-traces:kimi:train:304,ok,
hermes:kimi:89f00409-edc2-48ec-8774-6080cb79d28a,89f00409-edc2-48ec-8774-6080cb79d28a,kimi,True,5,False,,False,False,Agent Tools,Session & Memory,lambda/hermes-agent-reasoning-traces:kimi:train:28,ok,
hermes:kimi:8a0b15e4-46b1-47ce-b0e4-bc944e3e8852,8a0b15e4-46b1-47ce-b0e4-bc944e3e8852,kimi,True,54,False,,False,False,Repository Tasks,Bug Fix,lambda/hermes-agent-reasoning-traces:kimi:train:1351,ok,
hermes:kimi:8a3d61ff-d55f-47cc-9ffd-6ea4cb1c2ec5,8a3d61ff-d55f-47cc-9ffd-6ea4cb1c2ec5,kimi,True,51,False,,False,False,Repository Tasks,Bug Fix,lambda/hermes-agent-reasoning-traces:kimi:train:1092,ok,
hermes:kimi:8a44c61a-3560-44e5-a3d9-164e68ac0a2f,8a44c61a-3560-44e5-a3d9-164e68ac0a2f,kimi,True,54,False,,False,False,Repository Tasks,Codebase Exploration,lambda/hermes-agent-reasoning-traces:kimi:train:1219,ok,
hermes:kimi:8a4fc4c1-c9a9-42ed-9814-c72c662bf8f8,8a4fc4c1-c9a9-42ed-9814-c72c662bf8f8,kimi,True,54,False,,False,False,Repository Tasks,Bug Fix,lambda/hermes-agent-reasoning-traces:kimi:train:729,ok,
hermes:kimi:8a6067c6-fce2-44fa-80d5-7dd207f82024,8a6067c6-fce2-44fa-80d5-7dd207f82024,kimi,True,7,False,,False,False,Agent Tools,Session & Memory,lambda/hermes-agent-reasoning-traces:kimi:train:423,ok,
hermes:kimi:8a6ee85d-23be-4c0b-93fa-ee39d266f5d3,8a6ee85d-23be-4c0b-93fa-ee39d266f5d3,kimi,True,49,False,,False,False,Repository Tasks,Environment Setup,lambda/hermes-agent-reasoning-traces:kimi:train:1032,ok,
hermes:kimi:8ac21a91-f579-4d05-914e-2c686c5fb30e,8ac21a91-f579-4d05-914e-2c686c5fb30e,kimi,True,51,False,,False,False,Repository Tasks,Bug Fix,lambda/hermes-agent-reasoning-traces:kimi:train:1468,ok,
hermes:kimi:8b55b345-eac6-48e1-a702-5f9cda100eee,8b55b345-eac6-48e1-a702-5f9cda100eee,kimi,True,10,False,,False,False,Agent Tools,Skill Invocation,lambda/hermes-agent-reasoning-traces:kimi:train:510,ok,
hermes:kimi:8b5b53c1-cb9e-4596-a409-5cee3af3c1f2,8b5b53c1-cb9e-4596-a409-5cee3af3c1f2,kimi,True,50,False,,False,False,Repository Tasks,Environment Setup,lambda/hermes-agent-reasoning-traces:kimi:train:1161,ok,
hermes:kimi:8b81634f-7331-426f-9480-620fcb396106,8b81634f-7331-426f-9480-620fcb396106,kimi,True,22,False,,False,False,Agent Tools,Background Processes,lambda/hermes-agent-reasoning-traces:kimi:train:523,ok,
hermes:kimi:8c5845af-bb52-44bd-8edf-ebbd33fb57e1,8c5845af-bb52-44bd-8edf-ebbd33fb57e1,kimi,True,50,False,,False,False,Repository Tasks,Environment Setup,lambda/hermes-agent-reasoning-traces:kimi:train:839,ok,
hermes:kimi:8c733315-014b-471b-b25f-6900e6231f89,8c733315-014b-471b-b25f-6900e6231f89,kimi,True,54,False,,False,False,Repository Tasks,Feature Implementation,lambda/hermes-agent-reasoning-traces:kimi:train:1146,ok,
hermes:kimi:8cd830d1-42f2-42a0-a7e6-ac16ceebcf4d,8cd830d1-42f2-42a0-a7e6-ac16ceebcf4d,kimi,True,54,False,,False,False,Repository Tasks,Environment Setup,lambda/hermes-agent-reasoning-traces:kimi:train:919,ok,
hermes:kimi:8cf312d4-83fd-4849-bca8-5353c919eb62,8cf312d4-83fd-4849-bca8-5353c919eb62,kimi,True,49,False,,False,False,Repository Tasks,Environment Setup,lambda/hermes-agent-reasoning-traces:kimi:train:1036,ok,
hermes:kimi:8d3ac2dc-ba56-4e92-9837-fb9d2b9d336c,8d3ac2dc-ba56-4e92-9837-fb9d2b9d336c,kimi,True,21,False,,False,False,Agent Tools,Background Processes,lambda/hermes-agent-reasoning-traces:kimi:train:519,ok,
hermes:kimi:8d3efcad-beb7-4f64-b418-e47091a530b3,8d3efcad-beb7-4f64-b418-e47091a530b3,kimi,True,43,False,,False,False,Repository Tasks,Codebase Exploration,lambda/hermes-agent-reasoning-traces:kimi:train:1155,ok,
hermes:kimi:8d60376a-e95b-4cb9-a1c9-cdc7ce49e914,8d60376a-e95b-4cb9-a1c9-cdc7ce49e914,kimi,True,54,False,,False,False,Repository Tasks,Bug Fix,lambda/hermes-agent-reasoning-traces:kimi:train:932,ok,
hermes:kimi:8d796c49-e72d-46e9-821c-a378dc42678f,8d796c49-e72d-46e9-821c-a378dc42678f,kimi,True,8,False,,False,False,Agent Tools,Delegation,lambda/hermes-agent-reasoning-traces:kimi:train:153,ok,
hermes:kimi:8dc63bf7-d2a3-4341-a50f-fa0966188ddb,8dc63bf7-d2a3-4341-a50f-fa0966188ddb,kimi,True,5,False,,False,False,Agent Tools,Sandbox Execution,lambda/hermes-agent-reasoning-traces:kimi:train:395,ok,
hermes:kimi:8ddd5ced-1779-49ca-84fb-dab119188718,8ddd5ced-1779-49ca-84fb-dab119188718,kimi,True,43,False,,False,False,Repository Tasks,Environment Setup,lambda/hermes-agent-reasoning-traces:kimi:train:754,ok,
hermes:kimi:8de3fb6b-ef14-4c49-9f61-fea962bc0a36,8de3fb6b-ef14-4c49-9f61-fea962bc0a36,kimi,True,54,False,,False,False,Repository Tasks,Feature Implementation,lambda/hermes-agent-reasoning-traces:kimi:train:860,ok,
hermes:kimi:8dff77bf-42a5-4bbf-9f58-e364545e278e,8dff77bf-42a5-4bbf-9f58-e364545e278e,kimi,True,34,False,,False,False,Agent Tools,Deployment,lambda/hermes-agent-reasoning-traces:kimi:train:79,ok,
hermes:kimi:8e04c5a6-8d1a-4faf-9250-ab3a375732cc,8e04c5a6-8d1a-4faf-9250-ab3a375732cc,kimi,True,54,False,,False,False,Repository Tasks,Environment Setup,lambda/hermes-agent-reasoning-traces:kimi:train:1096,ok,
hermes:kimi:8e23646b-cc04-475a-a6a8-1ca290ea5582,8e23646b-cc04-475a-a6a8-1ca290ea5582,kimi,True,51,False,,False,False,Repository Tasks,Feature Implementation,lambda/hermes-agent-reasoning-traces:kimi:train:770,ok,
hermes:kimi:8e316c08-d36d-4857-94e1-7ba72e149f2b,8e316c08-d36d-4857-94e1-7ba72e149f2b,kimi,True,54,False,,False,False,Repository Tasks,Feature Implementation,lambda/hermes-agent-reasoning-traces:kimi:train:621,ok,
hermes:kimi:8e5931ff-aa81-4e55-819f-3cd8b75f2554,8e5931ff-aa81-4e55-819f-3cd8b75f2554,kimi,True,17,False,,False,False,Agent Tools,Session & Memory,lambda/hermes-agent-reasoning-traces:kimi:train:185,ok,
hermes:kimi:8e8efd39-5f11-484a-9b4d-3085f37058ad,8e8efd39-5f11-484a-9b4d-3085f37058ad,kimi,True,54,False,,False,False,Repository Tasks,Environment Setup,lambda/hermes-agent-reasoning-traces:kimi:train:585,ok,
hermes:kimi:8ef07970-d533-4467-8baf-95d505723e94,8ef07970-d533-4467-8baf-95d505723e94,kimi,True,16,False,,False,False,Planning & Organization,Planning Tasks,lambda/hermes-agent-reasoning-traces:kimi:train:330,ok,
hermes:kimi:8f26fffc-c348-4d49-9d93-7fd896c63883,8f26fffc-c348-4d49-9d93-7fd896c63883,kimi,True,5,False,,False,False,Agent Tools,Sandbox Execution,lambda/hermes-agent-reasoning-traces:kimi:train:125,ok,
hermes:kimi:8f5acf45-ba4e-4f82-a501-04b789329f78,8f5acf45-ba4e-4f82-a501-04b789329f78,kimi,True,49,False,,False,False,Repository Tasks,Documentation,lambda/hermes-agent-reasoning-traces:kimi:train:1017,ok,
hermes:kimi:8f8a5ee5-6135-4849-a11b-f9695214ad2f,8f8a5ee5-6135-4849-a11b-f9695214ad2f,kimi,True,51,False,,False,False,Repository Tasks,Feature Implementation,lambda/hermes-agent-reasoning-traces:kimi:train:1231,ok,
hermes:kimi:8f986656-5bb1-4626-b886-676b93580a0d,8f986656-5bb1-4626-b886-676b93580a0d,kimi,True,15,False,,False,False,Agent Tools,Skill Invocation,lambda/hermes-agent-reasoning-traces:kimi:train:414,ok,
hermes:kimi:8fe8fafd-b6b6-4e8c-b70b-b20c96cf6d22,8fe8fafd-b6b6-4e8c-b70b-b20c96cf6d22,kimi,True,54,False,,False,False,Repository Tasks,Bug Fix,lambda/hermes-agent-reasoning-traces:kimi:train:1216,ok,
hermes:kimi:8ffd06f9-f10f-4aeb-8ef2-57f8bb8f0f8e,8ffd06f9-f10f-4aeb-8ef2-57f8bb8f0f8e,kimi,True,13,False,,False,False,Agent Tools,Memory & Context,lambda/hermes-agent-reasoning-traces:kimi:train:3,ok,
hermes:kimi:901040e8-b9b0-423a-ba34-9cba4bec912f,901040e8-b9b0-423a-ba34-9cba4bec912f,kimi,True,47,False,,False,False,Repository Tasks,Environment Setup,lambda/hermes-agent-reasoning-traces:kimi:train:580,ok,
hermes:kimi:90194e6d-d3b1-4fe7-86dd-d531184d43c9,90194e6d-d3b1-4fe7-86dd-d531184d43c9,kimi,True,31,False,,False,False,Agent Tools,Testing & CI,lambda/hermes-agent-reasoning-traces:kimi:train:212,ok,
hermes:kimi:903bb83a-4a52-4850-8fa3-128c213d04d0,903bb83a-4a52-4850-8fa3-128c213d04d0,kimi,True,31,False,,False,False,Agent Tools,Skill Invocation,lambda/hermes-agent-reasoning-traces:kimi:train:30,ok,
hermes:kimi:90865afd-1eba-465e-a174-372eec845a4a,90865afd-1eba-465e-a174-372eec845a4a,kimi,True,54,False,,False,False,Repository Tasks,Feature Implementation,lambda/hermes-agent-reasoning-traces:kimi:train:1326,ok,
hermes:kimi:90f3a3b9-0838-44d9-a801-75b3381e22e8,90f3a3b9-0838-44d9-a801-75b3381e22e8,kimi,True,21,False,,False,False,Repository Tasks,Codebase Exploration,lambda/hermes-agent-reasoning-traces:kimi:train:1259,ok,
hermes:kimi:910bde99-4f40-458a-a586-1ada752cf8ea,910bde99-4f40-458a-a586-1ada752cf8ea,kimi,True,54,False,,False,False,Repository Tasks,Environment Setup,lambda/hermes-agent-reasoning-traces:kimi:train:783,ok,
hermes:kimi:91233634-bef1-4ad4-a4e8-f3377862ccc8,91233634-bef1-4ad4-a4e8-f3377862ccc8,kimi,True,9,False,,False,False,Repository Tasks,Codebase Exploration,lambda/hermes-agent-reasoning-traces:kimi:train:1341,ok,
hermes:kimi:9189c6c6-6f9b-43b0-b302-11494aca927f,9189c6c6-6f9b-43b0-b302-11494aca927f,kimi,True,20,False,,False,False,Agent Tools,Session & Memory,lambda/hermes-agent-reasoning-traces:kimi:train:521,ok,
hermes:kimi:91a1ee1e-1280-4fea-9a5c-eb16b3d71eed,91a1ee1e-1280-4fea-9a5c-eb16b3d71eed,kimi,True,13,False,,False,False,Agent Tools,Memory & Context,lambda/hermes-agent-reasoning-traces:kimi:train:500,ok,
hermes:kimi:91ac7a33-f316-4381-8b50-70b52e0c9ce3,91ac7a33-f316-4381-8b50-70b52e0c9ce3,kimi,True,9,False,,False,False,Agent Tools,Session & Memory,lambda/hermes-agent-reasoning-traces:kimi:train:35,ok,
hermes:kimi:91bfe1d9-d153-4115-b102-f8c3ca2b532d,91bfe1d9-d153-4115-b102-f8c3ca2b532d,kimi,True,34,False,,False,False,Agent Tools,Session & Memory,lambda/hermes-agent-reasoning-traces:kimi:train:327,ok,
hermes:kimi:91ef8d0a-9156-4371-8e9c-7bd5fe78f79a,91ef8d0a-9156-4371-8e9c-7bd5fe78f79a,kimi,True,47,False,,False,False,Repository Tasks,Codebase Exploration,lambda/hermes-agent-reasoning-traces:kimi:train:996,ok,
hermes:kimi:9233333f-90e3-49bc-b51f-72455c6030d8,9233333f-90e3-49bc-b51f-72455c6030d8,kimi,True,47,False,,False,False,Repository Tasks,Environment Setup,lambda/hermes-agent-reasoning-traces:kimi:train:555,ok,
hermes:kimi:92661a92-561d-4f4a-8dd4-9eedd776c143,92661a92-561d-4f4a-8dd4-9eedd776c143,kimi,True,5,False,,False,False,Agent Tools,Sandbox Execution,lambda/hermes-agent-reasoning-traces:kimi:train:80,ok,
hermes:kimi:927b29b2-5179-4e29-a9a1-f2dd280e1d1a,927b29b2-5179-4e29-a9a1-f2dd280e1d1a,kimi,True,39,False,,False,False,Repository Tasks,Environment Setup,lambda/hermes-agent-reasoning-traces:kimi:train:1143,ok,
hermes:kimi:92b32e74-5a0f-45f6-8f44-f334bb2d75a0,92b32e74-5a0f-45f6-8f44-f334bb2d75a0,kimi,True,54,False,,False,False,Repository Tasks,Testing,lambda/hermes-agent-reasoning-traces:kimi:train:583,ok,
hermes:kimi:92d3702a-e972-48c0-be1b-6b1b077e6f0c,92d3702a-e972-48c0-be1b-6b1b077e6f0c,kimi,True,54,False,,False,False,Repository Tasks,Bug Fix,lambda/hermes-agent-reasoning-traces:kimi:train:1243,ok,
hermes:kimi:92d97243-92b1-4d18-b2a2-261c5acc55d4,92d97243-92b1-4d18-b2a2-261c5acc55d4,kimi,True,34,False,,False,False,Agent Tools,Background Processes,lambda/hermes-agent-reasoning-traces:kimi:train:364,ok,
hermes:kimi:930977e3-cb4e-4bcd-8218-c717389c4c14,930977e3-cb4e-4bcd-8218-c717389c4c14,kimi,True,21,False,,False,False,Agent Tools,Sandbox Execution,lambda/hermes-agent-reasoning-traces:kimi:train:12,ok,
hermes:kimi:930d9826-0b4c-46d4-aa5f-17c065cbf656,930d9826-0b4c-46d4-aa5f-17c065cbf656,kimi,True,34,False,,False,False,Agent Tools,Todo & Planning,lambda/hermes-agent-reasoning-traces:kimi:train:342,ok,
hermes:kimi:931c0be0-9863-4b1e-bb2c-ab34ccfc3569,931c0be0-9863-4b1e-bb2c-ab34ccfc3569,kimi,True,54,False,,False,False,Repository Tasks,Bug Fix,lambda/hermes-agent-reasoning-traces:kimi:train:597,ok,
hermes:kimi:9334dafc-99fe-476f-8858-f30dacc6d7c1,9334dafc-99fe-476f-8858-f30dacc6d7c1,kimi,True,41,False,,False,False,Repository Tasks,Bug Fix,lambda/hermes-agent-reasoning-traces:kimi:train:1198,ok,
hermes:kimi:935db9cc-5da6-4869-9a5a-34df031cb409,935db9cc-5da6-4869-9a5a-34df031cb409,kimi,True,54,False,,False,False,Repository Tasks,Feature Implementation,lambda/hermes-agent-reasoning-traces:kimi:train:1498,ok,
hermes:kimi:93ad68a7-793d-4956-87ef-f515e6a8ad24,93ad68a7-793d-4956-87ef-f515e6a8ad24,kimi,True,54,False,,False,False,Repository Tasks,Testing,lambda/hermes-agent-reasoning-traces:kimi:train:586,ok,
hermes:kimi:93ca8465-0bcb-4f43-8999-5e45bf0a996d,93ca8465-0bcb-4f43-8999-5e45bf0a996d,kimi,True,51,False,,False,False,Repository Tasks,Maintenance,lambda/hermes-agent-reasoning-traces:kimi:train:876,ok,
hermes:kimi:93daafcc-9430-4d45-87ea-ac21afb2f76f,93daafcc-9430-4d45-87ea-ac21afb2f76f,kimi,True,9,False,,False,False,Agent Tools,Memory & Context,lambda/hermes-agent-reasoning-traces:kimi:train:112,ok,
hermes:kimi:9414e861-8077-48b9-b456-588d786c5f6a,9414e861-8077-48b9-b456-588d786c5f6a,kimi,True,34,False,,False,False,Agent Tools,Background Processes,lambda/hermes-agent-reasoning-traces:kimi:train:400,ok,
hermes:kimi:942b9879-9010-4ece-b459-9a7b02ba90e1,942b9879-9010-4ece-b459-9a7b02ba90e1,kimi,True,50,False,,False,False,Repository Tasks,Bug Fix,lambda/hermes-agent-reasoning-traces:kimi:train:828,ok,
hermes:kimi:946098b2-6018-4fec-a582-a7fc968571ae,946098b2-6018-4fec-a582-a7fc968571ae,kimi,True,54,False,,False,False,Repository Tasks,Feature Implementation,lambda/hermes-agent-reasoning-traces:kimi:train:679,ok,
hermes:kimi:946ce82d-3bb3-4254-8f9e-e49ed0a0a661,946ce82d-3bb3-4254-8f9e-e49ed0a0a661,kimi,True,50,False,,False,False,Repository Tasks,Bug Fix,lambda/hermes-agent-reasoning-traces:kimi:train:1350,ok,
hermes:kimi:946e57e0-588a-4fea-8706-55d3494484a4,946e57e0-588a-4fea-8706-55d3494484a4,kimi,True,34,False,,False,False,Agent Tools,Todo & Planning,lambda/hermes-agent-reasoning-traces:kimi:train:60,ok,
hermes:kimi:947d2076-fa53-406e-bda2-23ba5bdf4ebb,947d2076-fa53-406e-bda2-23ba5bdf4ebb,kimi,True,7,False,,False,False,Agent Tools,Clarification,lambda/hermes-agent-reasoning-traces:kimi:train:338,ok,
hermes:kimi:94e195a9-3eb8-41e8-a587-6ac9936a0ba1,94e195a9-3eb8-41e8-a587-6ac9936a0ba1,kimi,True,52,False,,False,False,Repository Tasks,Bug Fix,lambda/hermes-agent-reasoning-traces:kimi:train:599,ok,
hermes:kimi:951c0324-3147-4dd2-93bd-ce115e9c8f63,951c0324-3147-4dd2-93bd-ce115e9c8f63,kimi,True,27,False,,False,False,Agent Tools,Todo & Planning,lambda/hermes-agent-reasoning-traces:kimi:train:405,ok,
hermes:kimi:951c1db2-1b72-407d-84ec-70210f1981a6,951c1db2-1b72-407d-84ec-70210f1981a6,kimi,True,29,False,,False,False,Agent Tools,Memory & Context,lambda/hermes-agent-reasoning-traces:kimi:train:499,ok,
hermes:kimi:95206522-b356-42e2-bae1-24bd1216ebe3,95206522-b356-42e2-bae1-24bd1216ebe3,kimi,True,54,False,,False,False,Repository Tasks,Bug Fix,lambda/hermes-agent-reasoning-traces:kimi:train:1065,ok,
hermes:kimi:95299740-3286-4ed1-9fc7-068efb3beefe,95299740-3286-4ed1-9fc7-068efb3beefe,kimi,True,48,False,,False,False,Repository Tasks,Feature Implementation,lambda/hermes-agent-reasoning-traces:kimi:train:699,ok,
hermes:kimi:956b8949-2c22-4420-8481-924a54fb8e95,956b8949-2c22-4420-8481-924a54fb8e95,kimi,True,50,False,,False,False,Repository Tasks,Environment Setup,lambda/hermes-agent-reasoning-traces:kimi:train:1104,ok,
hermes:kimi:95964889-66a6-484f-af09-ac91da7a2a00,95964889-66a6-484f-af09-ac91da7a2a00,kimi,True,6,False,,False,False,Agent Tools,Todo & Planning,lambda/hermes-agent-reasoning-traces:kimi:train:36,ok,
hermes:kimi:959eca89-07f0-4d7e-99b1-37984b1b7772,959eca89-07f0-4d7e-99b1-37984b1b7772,kimi,True,49,False,,False,False,Repository Tasks,Environment Setup,lambda/hermes-agent-reasoning-traces:kimi:train:992,ok,
hermes:kimi:95a79e4b-3d7c-4ec4-b738-bd709e26e3bd,95a79e4b-3d7c-4ec4-b738-bd709e26e3bd,kimi,True,51,False,,False,False,Repository Tasks,Environment Setup,lambda/hermes-agent-reasoning-traces:kimi:train:1292,ok,
hermes:kimi:95af0360-07b4-49ba-8b46-4fda8fb38071,95af0360-07b4-49ba-8b46-4fda8fb38071,kimi,True,54,False,,False,False,Repository Tasks,Feature Implementation,lambda/hermes-agent-reasoning-traces:kimi:train:1126,ok,
hermes:kimi:95cc3676-ecda-404a-b043-adca25b2c77b,95cc3676-ecda-404a-b043-adca25b2c77b,kimi,True,15,False,,False,False,Agent Tools,Memory & Context,lambda/hermes-agent-reasoning-traces:kimi:train:127,ok,
hermes:kimi:95db53bf-9b34-453c-af49-8624499572a9,95db53bf-9b34-453c-af49-8624499572a9,kimi,True,6,False,,False,False,Agent Tools,Skill Invocation,lambda/hermes-agent-reasoning-traces:kimi:train:451,ok,
hermes:kimi:95ff6263-7264-45e1-b2ca-5d264d299c56,95ff6263-7264-45e1-b2ca-5d264d299c56,kimi,True,31,False,,False,False,Agent Tools,Todo & Planning,lambda/hermes-agent-reasoning-traces:kimi:train:518,ok,
hermes:kimi:9613ae7c-d2cf-4f3f-b1e2-27c70fa6827a,9613ae7c-d2cf-4f3f-b1e2-27c70fa6827a,kimi,True,54,False,,False,False,Repository Tasks,Feature Implementation,lambda/hermes-agent-reasoning-traces:kimi:train:1389,ok,
hermes:kimi:9633e34f-349d-460d-aff4-c12250ccf845,9633e34f-349d-460d-aff4-c12250ccf845,kimi,True,50,False,,False,False,Repository Tasks,Feature Implementation,lambda/hermes-agent-reasoning-traces:kimi:train:1488,ok,
hermes:kimi:964c49da-7743-4631-90dd-c3523e45cd13,964c49da-7743-4631-90dd-c3523e45cd13,kimi,True,31,False,,False,False,Planning & Organization,Planning Tasks,lambda/hermes-agent-reasoning-traces:kimi:train:223,ok,
hermes:kimi:96794a8b-15fb-45e1-a39a-e2530530ccc7,96794a8b-15fb-45e1-a39a-e2530530ccc7,kimi,True,21,False,,False,False,Agent Tools,Memory & Context,lambda/hermes-agent-reasoning-traces:kimi:train:485,ok,
hermes:kimi:96b80c19-01e4-4575-a6f0-7fccd745b754,96b80c19-01e4-4575-a6f0-7fccd745b754,kimi,True,45,False,,False,False,Repository Tasks,Environment Setup,lambda/hermes-agent-reasoning-traces:kimi:train:655,ok,
hermes:kimi:96bf734d-32c7-441d-87b2-1905069fed89,96bf734d-32c7-441d-87b2-1905069fed89,kimi,True,49,False,,False,False,Repository Tasks,Feature Implementation,lambda/hermes-agent-reasoning-traces:kimi:train:593,ok,
hermes:kimi:96c51ed8-87b9-4e55-8846-afec5ed8a7e8,96c51ed8-87b9-4e55-8846-afec5ed8a7e8,kimi,True,34,False,,False,False,Agent Tools,Skill Invocation,lambda/hermes-agent-reasoning-traces:kimi:train:295,ok,
hermes:kimi:96f1e6ca-f81d-4630-885b-f9e8ebb6f880,96f1e6ca-f81d-4630-885b-f9e8ebb6f880,kimi,True,54,False,,False,False,Repository Tasks,Feature Implementation,lambda/hermes-agent-reasoning-traces:kimi:train:1014,ok,
hermes:kimi:96f894bf-8d66-487e-b66d-534f28dba14b,96f894bf-8d66-487e-b66d-534f28dba14b,kimi,True,54,False,,False,False,Repository Tasks,Codebase Exploration,lambda/hermes-agent-reasoning-traces:kimi:train:1365,ok,
hermes:kimi:9830f7a4-1f0e-4e36-8d9a-2639beca66e6,9830f7a4-1f0e-4e36-8d9a-2639beca66e6,kimi,True,54,False,,False,False,Repository Tasks,Feature Implementation,lambda/hermes-agent-reasoning-traces:kimi:train:1166,ok,
hermes:kimi:98499c82-8b85-491b-a70b-2af69f26ce4b,98499c82-8b85-491b-a70b-2af69f26ce4b,kimi,True,27,False,,False,False,Agent Tools,Background Processes,lambda/hermes-agent-reasoning-traces:kimi:train:256,ok,
hermes:kimi:98bb2623-494d-46b6-9e46-01fb8fdd6c35,98bb2623-494d-46b6-9e46-01fb8fdd6c35,kimi,True,54,False,,False,False,Repository Tasks,Feature Implementation,lambda/hermes-agent-reasoning-traces:kimi:train:1317,ok,
hermes:kimi:98d8dbf3-5d87-4ce1-bea9-e2f77cb0a071,98d8dbf3-5d87-4ce1-bea9-e2f77cb0a071,kimi,True,48,False,,False,False,Repository Tasks,Codebase Exploration,lambda/hermes-agent-reasoning-traces:kimi:train:1197,ok,
hermes:kimi:98f75f81-3810-4b80-a020-700baf7fd612,98f75f81-3810-4b80-a020-700baf7fd612,kimi,True,54,False,,False,False,Repository Tasks,Testing,lambda/hermes-agent-reasoning-traces:kimi:train:759,ok,
hermes:kimi:990a83ac-4dcd-47de-bf06-bdc9893a5c73,990a83ac-4dcd-47de-bf06-bdc9893a5c73,kimi,True,54,False,,False,False,Repository Tasks,Environment Setup,lambda/hermes-agent-reasoning-traces:kimi:train:1413,ok,
hermes:kimi:9914b3c2-5a57-469d-8c8a-76c951bae306,9914b3c2-5a57-469d-8c8a-76c951bae306,kimi,True,9,False,,False,False,Agent Tools,Skill Invocation,lambda/hermes-agent-reasoning-traces:kimi:train:511,ok,
hermes:kimi:991b3941-c18d-4184-805c-3cd48e6011a8,991b3941-c18d-4184-805c-3cd48e6011a8,kimi,True,43,False,,False,False,Repository Tasks,Codebase Exploration,lambda/hermes-agent-reasoning-traces:kimi:train:1242,ok,
hermes:kimi:99b2905f-8c41-4104-adf5-6c7e022e24d7,99b2905f-8c41-4104-adf5-6c7e022e24d7,kimi,True,48,False,,False,False,Repository Tasks,Feature Implementation,lambda/hermes-agent-reasoning-traces:kimi:train:721,ok,
hermes:kimi:99d8d7ee-2da6-4990-93a4-67eb91cc1a25,99d8d7ee-2da6-4990-93a4-67eb91cc1a25,kimi,True,34,False,,False,False,Agent Tools,Delegation,lambda/hermes-agent-reasoning-traces:kimi:train:439,ok,
hermes:kimi:99f418e1-3efa-40de-8812-812457e7f8bb,99f418e1-3efa-40de-8812-812457e7f8bb,kimi,True,49,False,,False,False,Repository Tasks,Bug Fix,lambda/hermes-agent-reasoning-traces:kimi:train:687,ok,
hermes:kimi:99fd60d1-92d1-4415-bd91-e19a862dc091,99fd60d1-92d1-4415-bd91-e19a862dc091,kimi,True,29,False,,False,False,Repository Tasks,Codebase Exploration,lambda/hermes-agent-reasoning-traces:kimi:train:1180,ok,
hermes:kimi:9a23a3b9-6311-43d9-bebe-53fa2404270f,9a23a3b9-6311-43d9-bebe-53fa2404270f,kimi,True,49,False,,False,False,Repository Tasks,Codebase Exploration,lambda/hermes-agent-reasoning-traces:kimi:train:1429,ok,
hermes:kimi:9a54e030-7aea-4929-b84f-cbd3f2f4a692,9a54e030-7aea-4929-b84f-cbd3f2f4a692,kimi,True,54,False,,False,False,Repository Tasks,Bug Fix,lambda/hermes-agent-reasoning-traces:kimi:train:756,ok,
hermes:kimi:9a66803f-a870-4f89-8bb6-b348389869ae,9a66803f-a870-4f89-8bb6-b348389869ae,kimi,True,51,False,,False,False,Repository Tasks,Testing,lambda/hermes-agent-reasoning-traces:kimi:train:1319,ok,
hermes:kimi:9a77954a-185a-41bd-97eb-2f5d89630c24,9a77954a-185a-41bd-97eb-2f5d89630c24,kimi,True,51,False,,False,False,Repository Tasks,Environment Setup,lambda/hermes-agent-reasoning-traces:kimi:train:650,ok,
hermes:kimi:9a9f83f0-8780-4bb1-bf86-31a32b290dba,9a9f83f0-8780-4bb1-bf86-31a32b290dba,kimi,True,49,False,,False,False,Repository Tasks,Testing,lambda/hermes-agent-reasoning-traces:kimi:train:747,ok,
hermes:kimi:9aa90a45-0ec3-494d-a0ff-769a599a9fde,9aa90a45-0ec3-494d-a0ff-769a599a9fde,kimi,True,6,False,,False,False,Agent Tools,Todo & Planning,lambda/hermes-agent-reasoning-traces:kimi:train:289,ok,
hermes:kimi:9ac64f5c-f4d5-4c75-8e5d-d9c4127c60a4,9ac64f5c-f4d5-4c75-8e5d-d9c4127c60a4,kimi,True,34,False,,False,False,Planning & Organization,Planning Tasks,lambda/hermes-agent-reasoning-traces:kimi:train:40,ok,
hermes:kimi:9b101153-d76f-4beb-baad-1a9a7b667c78,9b101153-d76f-4beb-baad-1a9a7b667c78,kimi,True,51,False,,False,False,Repository Tasks,Codebase Exploration,lambda/hermes-agent-reasoning-traces:kimi:train:539,ok,
hermes:kimi:9b49458b-8008-4d02-888f-b2d1bae82cc4,9b49458b-8008-4d02-888f-b2d1bae82cc4,kimi,True,49,False,,False,False,Repository Tasks,Feature Implementation,lambda/hermes-agent-reasoning-traces:kimi:train:1053,ok,
hermes:kimi:9b500612-5780-4292-a7dd-87378b9ff745,9b500612-5780-4292-a7dd-87378b9ff745,kimi,True,34,False,,False,False,Agent Tools,Todo & Planning,lambda/hermes-agent-reasoning-traces:kimi:train:428,ok,
hermes:kimi:9b5cd16d-1dc7-4bda-8fa6-82d5186775fd,9b5cd16d-1dc7-4bda-8fa6-82d5186775fd,kimi,True,54,False,,False,False,Repository Tasks,Feature Implementation,lambda/hermes-agent-reasoning-traces:kimi:train:543,ok,
hermes:kimi:9b5e7a3a-4b19-4d55-8510-25a8f7aa82c1,9b5e7a3a-4b19-4d55-8510-25a8f7aa82c1,kimi,True,9,False,,False,False,Agent Tools,Sandbox Execution,lambda/hermes-agent-reasoning-traces:kimi:train:440,ok,
hermes:kimi:9be09cd3-384b-49ef-8601-ca4151988a37,9be09cd3-384b-49ef-8601-ca4151988a37,kimi,True,19,False,,False,False,Repository Tasks,Codebase Exploration,lambda/hermes-agent-reasoning-traces:kimi:train:742,ok,
hermes:kimi:9bfecf4f-df0f-4dba-95c2-6568c7a77f2e,9bfecf4f-df0f-4dba-95c2-6568c7a77f2e,kimi,True,35,False,,False,False,Repository Tasks,Bug Fix,lambda/hermes-agent-reasoning-traces:kimi:train:730,ok,
hermes:kimi:9c2b269b-9749-4ca7-a6d2-b3f560edf40e,9c2b269b-9749-4ca7-a6d2-b3f560edf40e,kimi,True,54,False,,False,False,Repository Tasks,Testing,lambda/hermes-agent-reasoning-traces:kimi:train:903,ok,
hermes:kimi:9c677ad6-96a3-4c38-8efa-7c9fc788cc5e,9c677ad6-96a3-4c38-8efa-7c9fc788cc5e,kimi,True,54,False,,False,False,Repository Tasks,Bug Fix,lambda/hermes-agent-reasoning-traces:kimi:train:1239,ok,
hermes:kimi:9c6f619e-b8d5-4c03-87dd-3d917a7b26b6,9c6f619e-b8d5-4c03-87dd-3d917a7b26b6,kimi,True,51,False,,False,False,Repository Tasks,Environment Setup,lambda/hermes-agent-reasoning-traces:kimi:train:1005,ok,
hermes:kimi:9c74299e-0dee-476f-b510-cc9e2970ff25,9c74299e-0dee-476f-b510-cc9e2970ff25,kimi,True,17,False,,False,False,Agent Tools,Testing & CI,lambda/hermes-agent-reasoning-traces:kimi:train:41,ok,
hermes:kimi:9cae3e63-33a1-44b1-b48d-ba16eba0a3e1,9cae3e63-33a1-44b1-b48d-ba16eba0a3e1,kimi,True,20,False,,False,False,Agent Tools,Memory & Context,lambda/hermes-agent-reasoning-traces:kimi:train:124,ok,
hermes:kimi:9cb893a2-37b1-469d-a4bc-ef9dadd83c4e,9cb893a2-37b1-469d-a4bc-ef9dadd83c4e,kimi,True,31,False,,False,False,Agent Tools,Skill Invocation,lambda/hermes-agent-reasoning-traces:kimi:train:460,ok,
hermes:kimi:9d0694e7-9aea-4d65-8abb-fc2403a5d616,9d0694e7-9aea-4d65-8abb-fc2403a5d616,kimi,True,6,False,,False,False,Agent Tools,Memory & Context,lambda/hermes-agent-reasoning-traces:kimi:train:419,ok,
hermes:kimi:9d32bfb7-31c5-4b21-92fa-8b0a31f0fdd9,9d32bfb7-31c5-4b21-92fa-8b0a31f0fdd9,kimi,True,34,False,,False,False,Agent Tools,Todo & Planning,lambda/hermes-agent-reasoning-traces:kimi:train:258,ok,
hermes:kimi:9d396be2-01ff-4c41-9d7a-eb8a4cba6e7e,9d396be2-01ff-4c41-9d7a-eb8a4cba6e7e,kimi,True,51,False,,False,False,Repository Tasks,Bug Fix,lambda/hermes-agent-reasoning-traces:kimi:train:702,ok,
hermes:kimi:9d39e748-568b-496e-bbca-55b27cbb44c7,9d39e748-568b-496e-bbca-55b27cbb44c7,kimi,True,7,False,,False,False,Agent Tools,Sandbox Execution,lambda/hermes-agent-reasoning-traces:kimi:train:242,ok,
hermes:kimi:9d68e581-fbce-4ac7-9b48-3ca7f0c02194,9d68e581-fbce-4ac7-9b48-3ca7f0c02194,kimi,True,34,False,,False,False,Agent Tools,Memory & Context,lambda/hermes-agent-reasoning-traces:kimi:train:47,ok,
hermes:kimi:9d69f437-7472-46ce-b070-2b4a55ad4a7f,9d69f437-7472-46ce-b070-2b4a55ad4a7f,kimi,True,12,False,,False,False,Agent Tools,Skill Invocation,lambda/hermes-agent-reasoning-traces:kimi:train:250,ok,
hermes:kimi:9d942548-0f61-4c5a-8b09-fa8c5c5f2940,9d942548-0f61-4c5a-8b09-fa8c5c5f2940,kimi,True,34,False,,False,False,Agent Tools,Skill Invocation,lambda/hermes-agent-reasoning-traces:kimi:train:263,ok,
hermes:kimi:9da1d1fb-a030-453b-b95d-5d191737a602,9da1d1fb-a030-453b-b95d-5d191737a602,kimi,True,51,False,,False,False,Repository Tasks,Environment Setup,lambda/hermes-agent-reasoning-traces:kimi:train:1402,ok,
hermes:kimi:9dc4d089-dafb-4423-a37f-c0b97b678c24,9dc4d089-dafb-4423-a37f-c0b97b678c24,kimi,True,5,False,,False,False,Agent Tools,Sandbox Execution,lambda/hermes-agent-reasoning-traces:kimi:train:37,ok,
hermes:kimi:9de2865c-c312-4fa0-b20a-1e0b8b0e7ccb,9de2865c-c312-4fa0-b20a-1e0b8b0e7ccb,kimi,True,7,False,,False,False,Agent Tools,Sandbox Execution,lambda/hermes-agent-reasoning-traces:kimi:train:247,ok,
hermes:kimi:9e3e1777-2861-4f50-9389-9289fc03ff9d,9e3e1777-2861-4f50-9389-9289fc03ff9d,kimi,True,45,False,,False,False,Repository Tasks,Codebase Exploration,lambda/hermes-agent-reasoning-traces:kimi:train:553,ok,
hermes:kimi:9e444c05-30c8-4d30-9a43-62a6722e5f9d,9e444c05-30c8-4d30-9a43-62a6722e5f9d,kimi,True,50,False,,False,False,Repository Tasks,Feature Implementation,lambda/hermes-agent-reasoning-traces:kimi:train:787,ok,
hermes:kimi:9e8932ed-ba44-42a6-a3a5-4a8f9652893a,9e8932ed-ba44-42a6-a3a5-4a8f9652893a,kimi,True,54,False,,False,False,Repository Tasks,Bug Fix,lambda/hermes-agent-reasoning-traces:kimi:train:1427,ok,
hermes:kimi:9ead98e1-7664-4a75-8184-49ad831a5ef7,9ead98e1-7664-4a75-8184-49ad831a5ef7,kimi,True,31,False,,False,False,Agent Tools,Skill Invocation,lambda/hermes-agent-reasoning-traces:kimi:train:299,ok,
hermes:kimi:9effafee-d08f-430a-aa91-544808de3bcd,9effafee-d08f-430a-aa91-544808de3bcd,kimi,True,50,False,,False,False,Repository Tasks,Environment Setup,lambda/hermes-agent-reasoning-traces:kimi:train:633,ok,
hermes:kimi:9f49939e-6374-4d57-8593-40b8eb37202a,9f49939e-6374-4d57-8593-40b8eb37202a,kimi,True,31,False,,False,False,Repository Tasks,Codebase Exploration,lambda/hermes-agent-reasoning-traces:kimi:train:695,ok,
hermes:kimi:9f4fb390-4202-4ec7-8915-a592f1056a83,9f4fb390-4202-4ec7-8915-a592f1056a83,kimi,True,51,False,,False,False,Repository Tasks,Bug Fix,lambda/hermes-agent-reasoning-traces:kimi:train:1224,ok,
hermes:kimi:9fada5aa-b896-44bc-b5a2-3d103f31b2d4,9fada5aa-b896-44bc-b5a2-3d103f31b2d4,kimi,True,49,False,,False,False,Repository Tasks,Environment Setup,lambda/hermes-agent-reasoning-traces:kimi:train:1444,ok,
hermes:kimi:9fe59cde-3bbd-4ce7-81e2-91f0acf59dbb,9fe59cde-3bbd-4ce7-81e2-91f0acf59dbb,kimi,True,37,False,,False,False,Repository Tasks,Environment Setup,lambda/hermes-agent-reasoning-traces:kimi:train:1254,ok,
hermes:kimi:a035ac92-b0d6-4490-9d82-e6eb02ba258c,a035ac92-b0d6-4490-9d82-e6eb02ba258c,kimi,True,21,False,,False,False,Agent Tools,Background Processes,lambda/hermes-agent-reasoning-traces:kimi:train:431,ok,
hermes:kimi:a04a3bd1-d892-41ea-b738-aebd109fe362,a04a3bd1-d892-41ea-b738-aebd109fe362,kimi,True,29,False,,False,False,Agent Tools,Background Processes,lambda/hermes-agent-reasoning-traces:kimi:train:156,ok,
hermes:kimi:a07c3d42-547d-4128-82ef-b4f15ca2f21f,a07c3d42-547d-4128-82ef-b4f15ca2f21f,kimi,True,11,False,,False,False,Agent Tools,Background Processes,lambda/hermes-agent-reasoning-traces:kimi:train:149,ok,
hermes:kimi:a0867af6-55b6-4b00-be0b-2e286c01ccbe,a0867af6-55b6-4b00-be0b-2e286c01ccbe,kimi,True,49,False,,False,False,Repository Tasks,Environment Setup,lambda/hermes-agent-reasoning-traces:kimi:train:1494,ok,
hermes:kimi:a0ab5b68-4f4a-4954-9ccf-2850915d0154,a0ab5b68-4f4a-4954-9ccf-2850915d0154,kimi,True,49,False,,False,False,Repository Tasks,Bug Fix,lambda/hermes-agent-reasoning-traces:kimi:train:615,ok,
hermes:kimi:a0d60aeb-3067-4394-b6ef-3bdced96e517,a0d60aeb-3067-4394-b6ef-3bdced96e517,kimi,True,54,False,,False,False,Repository Tasks,Codebase Exploration,lambda/hermes-agent-reasoning-traces:kimi:train:929,ok,
hermes:kimi:a1bd8063-8e17-4078-9a88-9ae661c223c6,a1bd8063-8e17-4078-9a88-9ae661c223c6,kimi,True,12,False,,False,False,Agent Tools,Skill Invocation,lambda/hermes-agent-reasoning-traces:kimi:train:524,ok,
hermes:kimi:a1dd345d-46c3-4ed0-8357-d3856b9fd47f,a1dd345d-46c3-4ed0-8357-d3856b9fd47f,kimi,True,54,False,,False,False,Repository Tasks,Testing,lambda/hermes-agent-reasoning-traces:kimi:train:1006,ok,
hermes:kimi:a1ecfd1c-4f36-4ba5-93ca-e9efcee50a00,a1ecfd1c-4f36-4ba5-93ca-e9efcee50a00,kimi,True,5,False,,False,False,Agent Tools,Todo & Planning,lambda/hermes-agent-reasoning-traces:kimi:train:217,ok,
hermes:kimi:a2121b3a-34ff-4d49-9dd0-c80a0370b9ca,a2121b3a-34ff-4d49-9dd0-c80a0370b9ca,kimi,True,47,False,,False,False,Repository Tasks,Bug Fix,lambda/hermes-agent-reasoning-traces:kimi:train:884,ok,
hermes:kimi:a2365981-50a9-4207-bcfe-7aca9fdcba50,a2365981-50a9-4207-bcfe-7aca9fdcba50,kimi,True,54,False,,False,False,Repository Tasks,Environment Setup,lambda/hermes-agent-reasoning-traces:kimi:train:763,ok,
hermes:kimi:a31fd65d-87c1-4dea-b2d7-257c5d7bff89,a31fd65d-87c1-4dea-b2d7-257c5d7bff89,kimi,True,54,False,,False,False,Repository Tasks,Feature Implementation,lambda/hermes-agent-reasoning-traces:kimi:train:1217,ok,
hermes:kimi:a3254ee0-6bcf-4d2b-a193-77ce358552a4,a3254ee0-6bcf-4d2b-a193-77ce358552a4,kimi,True,43,False,,False,False,Repository Tasks,Environment Setup,lambda/hermes-agent-reasoning-traces:kimi:train:1156,ok,
hermes:kimi:a3620946-10a6-47ac-b448-fe9e32aeb3df,a3620946-10a6-47ac-b448-fe9e32aeb3df,kimi,True,51,False,,False,False,Repository Tasks,Bug Fix,lambda/hermes-agent-reasoning-traces:kimi:train:1112,ok,
hermes:kimi:a3f56c7c-ec9a-4d44-be0b-61390394f6e0,a3f56c7c-ec9a-4d44-be0b-61390394f6e0,kimi,True,29,False,,False,False,Repository Tasks,Environment Setup,lambda/hermes-agent-reasoning-traces:kimi:train:845,ok,
hermes:kimi:a442ef21-63d9-4e7f-8e08-7ab418746c70,a442ef21-63d9-4e7f-8e08-7ab418746c70,kimi,True,50,False,,False,False,Repository Tasks,Environment Setup,lambda/hermes-agent-reasoning-traces:kimi:train:791,ok,
hermes:kimi:a4ab4a45-c238-4b53-90da-ec0e8118f483,a4ab4a45-c238-4b53-90da-ec0e8118f483,kimi,True,5,False,,False,False,Agent Tools,Delegation,lambda/hermes-agent-reasoning-traces:kimi:train:140,ok,
hermes:kimi:a4fb5417-e40e-4a17-8c21-6973219ecbcb,a4fb5417-e40e-4a17-8c21-6973219ecbcb,kimi,True,51,False,,False,False,Repository Tasks,Bug Fix,lambda/hermes-agent-reasoning-traces:kimi:train:1411,ok,
hermes:kimi:a53982f0-20c9-4e5e-9d91-76f9c19ec4ef,a53982f0-20c9-4e5e-9d91-76f9c19ec4ef,kimi,True,54,False,,False,False,Repository Tasks,Bug Fix,lambda/hermes-agent-reasoning-traces:kimi:train:1496,ok,
hermes:kimi:a54ccd68-c37a-4378-b742-c6e3eaa25528,a54ccd68-c37a-4378-b742-c6e3eaa25528,kimi,True,51,False,,False,False,Repository Tasks,Environment Setup,lambda/hermes-agent-reasoning-traces:kimi:train:789,ok,
hermes:kimi:a56013c8-eb65-47a3-9b20-b83140048421,a56013c8-eb65-47a3-9b20-b83140048421,kimi,True,40,False,,False,False,Repository Tasks,Codebase Exploration,lambda/hermes-agent-reasoning-traces:kimi:train:639,ok,
hermes:kimi:a570e345-4101-4a97-b149-650b46a89eba,a570e345-4101-4a97-b149-650b46a89eba,kimi,True,7,False,,False,False,Agent Tools,Skill Invocation,lambda/hermes-agent-reasoning-traces:kimi:train:234,ok,
hermes:kimi:a5815f22-be53-49db-9d61-3a2f7e892c80,a5815f22-be53-49db-9d61-3a2f7e892c80,kimi,True,25,False,,False,False,Repository Tasks,Codebase Exploration,lambda/hermes-agent-reasoning-traces:kimi:train:564,ok,
hermes:kimi:a5c094fc-f083-4b14-865c-b472ecff8905,a5c094fc-f083-4b14-865c-b472ecff8905,kimi,True,25,False,,False,False,Agent Tools,Todo & Planning,lambda/hermes-agent-reasoning-traces:kimi:train:45,ok,
hermes:kimi:a5c35156-d203-4bd7-b480-810e1f591e34,a5c35156-d203-4bd7-b480-810e1f591e34,kimi,True,54,False,,False,False,Repository Tasks,Testing,lambda/hermes-agent-reasoning-traces:kimi:train:982,ok,
hermes:kimi:a5d68fca-4ba5-4dc1-b57e-e1ae96f1ebda,a5d68fca-4ba5-4dc1-b57e-e1ae96f1ebda,kimi,True,54,False,,False,False,Repository Tasks,Bug Fix,lambda/hermes-agent-reasoning-traces:kimi:train:854,ok,
hermes:kimi:a5d6a8ca-8b24-4ff4-9f0b-f0eabb15dfc1,a5d6a8ca-8b24-4ff4-9f0b-f0eabb15dfc1,kimi,True,23,False,,False,False,Agent Tools,Skill Invocation,lambda/hermes-agent-reasoning-traces:kimi:train:491,ok,
hermes:kimi:a5d9ebdc-cdd3-4f36-8d05-1c80d4dba919,a5d9ebdc-cdd3-4f36-8d05-1c80d4dba919,kimi,True,54,False,,False,False,Repository Tasks,Environment Setup,lambda/hermes-agent-reasoning-traces:kimi:train:1445,ok,
hermes:kimi:a608a8c3-6ef5-432d-8e8d-643e1957f7a8,a608a8c3-6ef5-432d-8e8d-643e1957f7a8,kimi,True,34,False,,False,False,Agent Tools,Testing & CI,lambda/hermes-agent-reasoning-traces:kimi:train:462,ok,
hermes:kimi:a677c603-d1ba-4110-afb9-02b0b542afc5,a677c603-d1ba-4110-afb9-02b0b542afc5,kimi,True,28,False,,False,False,Agent Tools,Skill Invocation,lambda/hermes-agent-reasoning-traces:kimi:train:410,ok,
hermes:kimi:a6986f31-0cc1-47a7-8db1-38a4995534be,a6986f31-0cc1-47a7-8db1-38a4995534be,kimi,True,54,False,,False,False,Repository Tasks,Bug Fix,lambda/hermes-agent-reasoning-traces:kimi:train:865,ok,
hermes:kimi:a6ab5c0b-c122-480a-bf46-576d0b1b44e5,a6ab5c0b-c122-480a-bf46-576d0b1b44e5,kimi,True,9,False,,False,False,Agent Tools,Delegation,lambda/hermes-agent-reasoning-traces:kimi:train:268,ok,
hermes:kimi:a6c34143-d9d9-462c-bfa4-20fd21b3679c,a6c34143-d9d9-462c-bfa4-20fd21b3679c,kimi,True,54,False,,False,False,Repository Tasks,Testing,lambda/hermes-agent-reasoning-traces:kimi:train:1154,ok,
hermes:kimi:a6d2e744-fd7d-47f8-855d-674d14b51db1,a6d2e744-fd7d-47f8-855d-674d14b51db1,kimi,True,11,False,,False,False,Agent Tools,Testing & CI,lambda/hermes-agent-reasoning-traces:kimi:train:193,ok,
hermes:kimi:a6f07240-f81c-4194-97a7-39110d1899ce,a6f07240-f81c-4194-97a7-39110d1899ce,kimi,True,54,False,,False,False,Repository Tasks,Feature Implementation,lambda/hermes-agent-reasoning-traces:kimi:train:1086,ok,
hermes:kimi:a6fc68d6-9618-4166-836d-d2c86cf1c65f,a6fc68d6-9618-4166-836d-d2c86cf1c65f,kimi,True,54,False,,False,False,Repository Tasks,Bug Fix,lambda/hermes-agent-reasoning-traces:kimi:train:634,ok,
hermes:kimi:a7253fb9-864e-4a75-9a1d-08d523fe3470,a7253fb9-864e-4a75-9a1d-08d523fe3470,kimi,True,54,False,,False,False,Repository Tasks,Feature Implementation,lambda/hermes-agent-reasoning-traces:kimi:train:1071,ok,
hermes:kimi:a7371ae9-3493-4634-96c5-45ed4273f946,a7371ae9-3493-4634-96c5-45ed4273f946,kimi,True,54,False,,False,False,Repository Tasks,Feature Implementation,lambda/hermes-agent-reasoning-traces:kimi:train:642,ok,
hermes:kimi:a74b503d-f733-44fc-9d1d-97600d6e310c,a74b503d-f733-44fc-9d1d-97600d6e310c,kimi,True,51,False,,False,False,Repository Tasks,Testing,lambda/hermes-agent-reasoning-traces:kimi:train:1367,ok,
hermes:kimi:a7b87316-9896-4213-be41-e4dc930e9062,a7b87316-9896-4213-be41-e4dc930e9062,kimi,True,54,False,,False,False,Repository Tasks,Bug Fix,lambda/hermes-agent-reasoning-traces:kimi:train:840,ok,
hermes:kimi:a7c62592-bcca-4085-8fa4-6507ddea2de7,a7c62592-bcca-4085-8fa4-6507ddea2de7,kimi,True,5,False,,False,False,Agent Tools,Sandbox Execution,lambda/hermes-agent-reasoning-traces:kimi:train:363,ok,
hermes:kimi:a7d626a8-02de-46a7-822c-f7c6d0d61819,a7d626a8-02de-46a7-822c-f7c6d0d61819,kimi,True,54,False,,False,False,Repository Tasks,Environment Setup,lambda/hermes-agent-reasoning-traces:kimi:train:624,ok,
hermes:kimi:a7dbb639-c149-4857-8e8e-87f0af72bca2,a7dbb639-c149-4857-8e8e-87f0af72bca2,kimi,True,51,False,,False,False,Repository Tasks,Testing,lambda/hermes-agent-reasoning-traces:kimi:train:1187,ok,
hermes:kimi:a85a8b2a-5357-4b40-8dc7-4b8de8984868,a85a8b2a-5357-4b40-8dc7-4b8de8984868,kimi,True,54,False,,False,False,Repository Tasks,Bug Fix,lambda/hermes-agent-reasoning-traces:kimi:train:837,ok,
hermes:kimi:a8670557-c014-4bb2-a3b3-62a9e882c52e,a8670557-c014-4bb2-a3b3-62a9e882c52e,kimi,True,54,False,,False,False,Repository Tasks,General,lambda/hermes-agent-reasoning-traces:kimi:train:1028,ok,
hermes:kimi:a89d34e9-a352-48d7-9dfb-7c36b6cae7ba,a89d34e9-a352-48d7-9dfb-7c36b6cae7ba,kimi,True,49,False,,False,False,Repository Tasks,Maintenance,lambda/hermes-agent-reasoning-traces:kimi:train:813,ok,
hermes:kimi:a8f4a181-6bd3-4806-b643-d52139824fe8,a8f4a181-6bd3-4806-b643-d52139824fe8,kimi,True,11,False,,False,False,Agent Tools,Memory & Context,lambda/hermes-agent-reasoning-traces:kimi:train:126,ok,
hermes:kimi:a95293a9-7597-4481-b50c-17988acdce59,a95293a9-7597-4481-b50c-17988acdce59,kimi,True,54,False,,False,False,Repository Tasks,Feature Implementation,lambda/hermes-agent-reasoning-traces:kimi:train:1133,ok,
hermes:kimi:a956431a-7ed3-440f-856d-688f6d60b1d3,a956431a-7ed3-440f-856d-688f6d60b1d3,kimi,True,6,False,,False,False,Agent Tools,Session & Memory,lambda/hermes-agent-reasoning-traces:kimi:train:108,ok,
hermes:kimi:a9ec1332-46fd-4962-a0cc-ad4526f18cae,a9ec1332-46fd-4962-a0cc-ad4526f18cae,kimi,True,34,False,,False,False,Agent Tools,Background Processes,lambda/hermes-agent-reasoning-traces:kimi:train:49,ok,
hermes:kimi:aa00199b-1757-4c06-b483-7d344029c11a,aa00199b-1757-4c06-b483-7d344029c11a,kimi,True,46,False,,False,False,Repository Tasks,Environment Setup,lambda/hermes-agent-reasoning-traces:kimi:train:1298,ok,
hermes:kimi:aa1067ce-c947-49c6-808a-cfd4d3ac78dd,aa1067ce-c947-49c6-808a-cfd4d3ac78dd,kimi,True,54,False,,False,False,Repository Tasks,Environment Setup,lambda/hermes-agent-reasoning-traces:kimi:train:1194,ok,
hermes:kimi:aa421159-9f58-46b7-8644-359e74c6c978,aa421159-9f58-46b7-8644-359e74c6c978,kimi,True,6,False,,False,False,Agent Tools,Todo & Planning,lambda/hermes-agent-reasoning-traces:kimi:train:181,ok,
hermes:kimi:aa7a1571-4c70-4e4a-a90f-5a89766b90b7,aa7a1571-4c70-4e4a-a90f-5a89766b90b7,kimi,True,39,False,,False,False,Repository Tasks,Codebase Exploration,lambda/hermes-agent-reasoning-traces:kimi:train:979,ok,
hermes:kimi:aaeccdd3-cbe1-4804-b637-bbd2ecc4655f,aaeccdd3-cbe1-4804-b637-bbd2ecc4655f,kimi,True,54,False,,False,False,Repository Tasks,Bug Fix,lambda/hermes-agent-reasoning-traces:kimi:train:616,ok,
hermes:kimi:aaf09a9a-950d-4bf0-a21a-d7d10047d51c,aaf09a9a-950d-4bf0-a21a-d7d10047d51c,kimi,True,34,False,,False,False,Agent Tools,Todo & Planning,lambda/hermes-agent-reasoning-traces:kimi:train:7,ok,
hermes:kimi:aaf70cd9-abc5-444f-91a0-d5a3f3b149c3,aaf70cd9-abc5-444f-91a0-d5a3f3b149c3,kimi,True,9,False,,False,False,Agent Tools,Skill Invocation,lambda/hermes-agent-reasoning-traces:kimi:train:46,ok,
hermes:kimi:aaff464c-2e67-4015-839e-975edf9ca73f,aaff464c-2e67-4015-839e-975edf9ca73f,kimi,True,50,False,,False,False,Repository Tasks,Feature Implementation,lambda/hermes-agent-reasoning-traces:kimi:train:1226,ok,
hermes:kimi:ab1d3dcd-7026-4c89-8173-61931fb12087,ab1d3dcd-7026-4c89-8173-61931fb12087,kimi,True,54,False,,False,False,Repository Tasks,Feature Implementation,lambda/hermes-agent-reasoning-traces:kimi:train:752,ok,
hermes:kimi:ab3bfee9-b50f-4012-9412-2764ddbe593e,ab3bfee9-b50f-4012-9412-2764ddbe593e,kimi,True,30,False,,False,False,Agent Tools,Background Processes,lambda/hermes-agent-reasoning-traces:kimi:train:165,ok,
hermes:kimi:ab421e5d-a95e-4449-b0ee-25d770fcfe59,ab421e5d-a95e-4449-b0ee-25d770fcfe59,kimi,True,54,False,,False,False,Repository Tasks,Testing,lambda/hermes-agent-reasoning-traces:kimi:train:1200,ok,
hermes:kimi:ab493f77-cc44-40ad-aff7-4a08e91c52db,ab493f77-cc44-40ad-aff7-4a08e91c52db,kimi,True,5,False,,False,False,Agent Tools,Sandbox Execution,lambda/hermes-agent-reasoning-traces:kimi:train:161,ok,
hermes:kimi:ab51c34e-976f-4eb8-8732-0761c6e43daf,ab51c34e-976f-4eb8-8732-0761c6e43daf,kimi,True,15,False,,False,False,Agent Tools,Memory & Context,lambda/hermes-agent-reasoning-traces:kimi:train:301,ok,
hermes:kimi:ab836498-a14e-4355-a875-227edf5846bc,ab836498-a14e-4355-a875-227edf5846bc,kimi,True,54,False,,False,False,Repository Tasks,Feature Implementation,lambda/hermes-agent-reasoning-traces:kimi:train:1328,ok,
hermes:kimi:ab8d9c26-65a1-4c2a-9966-893c7bc9f2b0,ab8d9c26-65a1-4c2a-9966-893c7bc9f2b0,kimi,True,54,False,,False,False,Repository Tasks,Bug Fix,lambda/hermes-agent-reasoning-traces:kimi:train:1193,ok,
hermes:kimi:ab912839-99a2-45a7-bc46-aa024eab862f,ab912839-99a2-45a7-bc46-aa024eab862f,kimi,True,17,False,,False,False,Agent Tools,Memory & Context,lambda/hermes-agent-reasoning-traces:kimi:train:356,ok,
hermes:kimi:abd87fb4-b1d3-4743-afb2-0f2fc0f8534e,abd87fb4-b1d3-4743-afb2-0f2fc0f8534e,kimi,True,54,False,,False,False,Repository Tasks,Testing,lambda/hermes-agent-reasoning-traces:kimi:train:685,ok,
hermes:kimi:abdc86b8-950b-48ae-829a-1e7d7a498130,abdc86b8-950b-48ae-829a-1e7d7a498130,kimi,True,51,False,,False,False,Repository Tasks,Environment Setup,lambda/hermes-agent-reasoning-traces:kimi:train:939,ok,
hermes:kimi:abe6b1d1-d346-47ad-b174-946b200839b8,abe6b1d1-d346-47ad-b174-946b200839b8,kimi,True,54,False,,False,False,Repository Tasks,Bug Fix,lambda/hermes-agent-reasoning-traces:kimi:train:574,ok,
hermes:kimi:ac13e0dd-ed99-4c29-852a-607026175bbf,ac13e0dd-ed99-4c29-852a-607026175bbf,kimi,True,51,False,,False,False,Repository Tasks,Bug Fix,lambda/hermes-agent-reasoning-traces:kimi:train:891,ok,
hermes:kimi:ac6b5383-2b85-4e5d-8a6d-2eb709928168,ac6b5383-2b85-4e5d-8a6d-2eb709928168,kimi,True,54,False,,False,False,Repository Tasks,Codebase Exploration,lambda/hermes-agent-reasoning-traces:kimi:train:688,ok,
hermes:kimi:ac9ab909-ebf0-4db8-a54d-825967f01bd7,ac9ab909-ebf0-4db8-a54d-825967f01bd7,kimi,True,34,False,,False,False,Repository Tasks,Maintenance,lambda/hermes-agent-reasoning-traces:kimi:train:657,ok,
hermes:kimi:acb81089-a275-43a7-acab-92c206313644,acb81089-a275-43a7-acab-92c206313644,kimi,True,54,False,,False,False,Repository Tasks,Bug Fix,lambda/hermes-agent-reasoning-traces:kimi:train:1089,ok,
hermes:kimi:acfebb12-52cf-4083-81e7-70bc54a72d61,acfebb12-52cf-4083-81e7-70bc54a72d61,kimi,True,54,False,,False,False,Repository Tasks,Codebase Exploration,lambda/hermes-agent-reasoning-traces:kimi:train:1240,ok,
hermes:kimi:ad251fb7-3f10-442e-b23d-5053d0668786,ad251fb7-3f10-442e-b23d-5053d0668786,kimi,True,9,False,,False,False,Agent Tools,Session & Memory,lambda/hermes-agent-reasoning-traces:kimi:train:109,ok,
hermes:kimi:ad3b9808-a0ea-43b5-ba07-236d62d489dc,ad3b9808-a0ea-43b5-ba07-236d62d489dc,kimi,True,6,False,,False,False,Agent Tools,Skill Invocation,lambda/hermes-agent-reasoning-traces:kimi:train:319,ok,
hermes:kimi:ad5c7694-50b2-4500-9b7b-20bf64216884,ad5c7694-50b2-4500-9b7b-20bf64216884,kimi,True,54,False,,False,False,Repository Tasks,Testing,lambda/hermes-agent-reasoning-traces:kimi:train:1472,ok,
hermes:kimi:ad6ea258-3789-4e3e-a79f-812b4391fba4,ad6ea258-3789-4e3e-a79f-812b4391fba4,kimi,True,54,False,,False,False,Repository Tasks,Feature Implementation,lambda/hermes-agent-reasoning-traces:kimi:train:980,ok,
hermes:kimi:ad71374c-0f30-4708-aea2-97236df36247,ad71374c-0f30-4708-aea2-97236df36247,kimi,True,54,False,,False,False,Repository Tasks,Feature Implementation,lambda/hermes-agent-reasoning-traces:kimi:train:790,ok,
hermes:kimi:ada2ad16-0d26-4242-ab5b-e2cd352822aa,ada2ad16-0d26-4242-ab5b-e2cd352822aa,kimi,True,41,False,,False,False,Repository Tasks,Codebase Exploration,lambda/hermes-agent-reasoning-traces:kimi:train:1282,ok,
hermes:kimi:adafea8d-4da0-4aca-869b-0b83509c9e26,adafea8d-4da0-4aca-869b-0b83509c9e26,kimi,True,54,False,,False,False,Repository Tasks,Bug Fix,lambda/hermes-agent-reasoning-traces:kimi:train:1029,ok,
hermes:kimi:add3cb78-9c9f-4de2-9813-039f07f8c1bc,add3cb78-9c9f-4de2-9813-039f07f8c1bc,kimi,True,7,False,,False,False,Agent Tools,Sandbox Execution,lambda/hermes-agent-reasoning-traces:kimi:train:387,ok,
hermes:kimi:ae00cd1f-51c5-4680-9c3e-19f0fe1441aa,ae00cd1f-51c5-4680-9c3e-19f0fe1441aa,kimi,True,34,False,,False,False,Agent Tools,Todo & Planning,lambda/hermes-agent-reasoning-traces:kimi:train:182,ok,
hermes:kimi:ae13593e-7b36-4ac6-9172-b414c93cb838,ae13593e-7b36-4ac6-9172-b414c93cb838,kimi,True,18,False,,False,False,Agent Tools,Delegation,lambda/hermes-agent-reasoning-traces:kimi:train:117,ok,
hermes:kimi:ae22ba98-9b55-4e20-b5ee-1a4645e86f7f,ae22ba98-9b55-4e20-b5ee-1a4645e86f7f,kimi,True,51,False,,False,False,Repository Tasks,Environment Setup,lambda/hermes-agent-reasoning-traces:kimi:train:1334,ok,
hermes:kimi:ae6f0495-1669-4ae0-9a00-6ae6b4255c2f,ae6f0495-1669-4ae0-9a00-6ae6b4255c2f,kimi,True,34,False,,False,False,Planning & Organization,Planning Tasks,lambda/hermes-agent-reasoning-traces:kimi:train:339,ok,
hermes:kimi:ae7bc32d-05c9-4c2e-aefd-59a276b1fecc,ae7bc32d-05c9-4c2e-aefd-59a276b1fecc,kimi,True,7,False,,False,False,Agent Tools,Skill Invocation,lambda/hermes-agent-reasoning-traces:kimi:train:264,ok,
hermes:kimi:aeaa2102-8370-4b25-9425-995f85d780b0,aeaa2102-8370-4b25-9425-995f85d780b0,kimi,True,34,False,,False,False,Agent Tools,Testing & CI,lambda/hermes-agent-reasoning-traces:kimi:train:308,ok,
hermes:kimi:aef87d3f-6de4-4a69-87b5-e0ac3a51a427,aef87d3f-6de4-4a69-87b5-e0ac3a51a427,kimi,True,50,False,,False,False,Repository Tasks,Environment Setup,lambda/hermes-agent-reasoning-traces:kimi:train:1068,ok,
hermes:kimi:af09c638-deee-40ad-b57b-f13080ad77db,af09c638-deee-40ad-b57b-f13080ad77db,kimi,True,9,False,,False,False,Agent Tools,Skill Invocation,lambda/hermes-agent-reasoning-traces:kimi:train:231,ok,
hermes:kimi:af4f529f-32b9-4958-a828-c32502b199c3,af4f529f-32b9-4958-a828-c32502b199c3,kimi,True,54,False,,False,False,Repository Tasks,Feature Implementation,lambda/hermes-agent-reasoning-traces:kimi:train:922,ok,
hermes:kimi:af7f1b3d-c5cb-46e1-9c43-62a65d4f94de,af7f1b3d-c5cb-46e1-9c43-62a65d4f94de,kimi,True,49,False,,False,False,Repository Tasks,Codebase Exploration,lambda/hermes-agent-reasoning-traces:kimi:train:1087,ok,
hermes:kimi:afc4b251-a053-44c6-8a17-f7155dbce874,afc4b251-a053-44c6-8a17-f7155dbce874,kimi,True,54,False,,False,False,Repository Tasks,Testing,lambda/hermes-agent-reasoning-traces:kimi:train:887,ok,
hermes:kimi:afe86fd4-e90b-428d-9893-83d18810474f,afe86fd4-e90b-428d-9893-83d18810474f,kimi,True,15,False,,False,False,Agent Tools,Deployment,lambda/hermes-agent-reasoning-traces:kimi:train:152,ok,
hermes:kimi:b034fadf-f098-4d57-bc03-b4c3731dcbcf,b034fadf-f098-4d57-bc03-b4c3731dcbcf,kimi,True,54,False,,False,False,Repository Tasks,Bug Fix,lambda/hermes-agent-reasoning-traces:kimi:train:1178,ok,
hermes:kimi:b04bb021-eb5f-4250-be90-bdf460ba7fef,b04bb021-eb5f-4250-be90-bdf460ba7fef,kimi,True,51,False,,False,False,Repository Tasks,Testing,lambda/hermes-agent-reasoning-traces:kimi:train:638,ok,
hermes:kimi:b0676844-2540-48d0-a850-373acfaefdd7,b0676844-2540-48d0-a850-373acfaefdd7,kimi,True,54,False,,False,False,Repository Tasks,Environment Setup,lambda/hermes-agent-reasoning-traces:kimi:train:1039,ok,
hermes:kimi:b074acc9-ad56-47af-9d7f-7f22c2b5d6f2,b074acc9-ad56-47af-9d7f-7f22c2b5d6f2,kimi,True,38,False,,False,False,Repository Tasks,Environment Setup,lambda/hermes-agent-reasoning-traces:kimi:train:727,ok,
hermes:kimi:b08e79e4-0e7a-44c3-b5f0-e4abdcc86a71,b08e79e4-0e7a-44c3-b5f0-e4abdcc86a71,kimi,True,34,False,,False,False,Agent Tools,Skill Invocation,lambda/hermes-agent-reasoning-traces:kimi:train:494,ok,
hermes:kimi:b0c617f5-0a1e-42ae-842e-df89aa8b6914,b0c617f5-0a1e-42ae-842e-df89aa8b6914,kimi,True,50,False,,False,False,Repository Tasks,Environment Setup,lambda/hermes-agent-reasoning-traces:kimi:train:751,ok,
hermes:kimi:b0ecff44-3317-4355-8811-e9a98e568d61,b0ecff44-3317-4355-8811-e9a98e568d61,kimi,True,28,False,,False,False,Agent Tools,Skill Invocation,lambda/hermes-agent-reasoning-traces:kimi:train:505,ok,
hermes:kimi:b12bfc3d-6897-4a79-9c41-53759a2a9b8c,b12bfc3d-6897-4a79-9c41-53759a2a9b8c,kimi,True,54,False,,False,False,Repository Tasks,Codebase Exploration,lambda/hermes-agent-reasoning-traces:kimi:train:676,ok,
hermes:kimi:b1dafa7a-377d-4d99-b2bd-6f3852023031,b1dafa7a-377d-4d99-b2bd-6f3852023031,kimi,True,45,False,,False,False,Repository Tasks,Environment Setup,lambda/hermes-agent-reasoning-traces:kimi:train:1470,ok,
hermes:kimi:b1dfdb76-cf36-4c14-a4ae-ac83f5325a4f,b1dfdb76-cf36-4c14-a4ae-ac83f5325a4f,kimi,True,40,False,,False,False,Repository Tasks,Maintenance,lambda/hermes-agent-reasoning-traces:kimi:train:1366,ok,
hermes:kimi:b1f7b824-da55-4123-9f15-cac158b79455,b1f7b824-da55-4123-9f15-cac158b79455,kimi,True,54,False,,False,False,Repository Tasks,Documentation,lambda/hermes-agent-reasoning-traces:kimi:train:981,ok,
hermes:kimi:b21b0293-efcd-467e-bc32-6bb37d6cc4e8,b21b0293-efcd-467e-bc32-6bb37d6cc4e8,kimi,True,50,False,,False,False,Repository Tasks,Feature Implementation,lambda/hermes-agent-reasoning-traces:kimi:train:1192,ok,
hermes:kimi:b271c219-ea81-4271-a0d4-ee5e3652339d,b271c219-ea81-4271-a0d4-ee5e3652339d,kimi,True,54,False,,False,False,Repository Tasks,Feature Implementation,lambda/hermes-agent-reasoning-traces:kimi:train:818,ok,
hermes:kimi:b274c858-1ed1-48d6-a8cc-f3c5d5e051af,b274c858-1ed1-48d6-a8cc-f3c5d5e051af,kimi,True,41,False,,False,False,Repository Tasks,Documentation,lambda/hermes-agent-reasoning-traces:kimi:train:1438,ok,
hermes:kimi:b27c0438-3929-4ceb-8d8c-b91c86940032,b27c0438-3929-4ceb-8d8c-b91c86940032,kimi,True,29,False,,False,False,Agent Tools,Skill Invocation,lambda/hermes-agent-reasoning-traces:kimi:train:209,ok,
hermes:kimi:b27cab7a-5105-4ef9-89bb-c8c5f66d08cb,b27cab7a-5105-4ef9-89bb-c8c5f66d08cb,kimi,True,54,False,,False,False,Repository Tasks,Bug Fix,lambda/hermes-agent-reasoning-traces:kimi:train:644,ok,
hermes:kimi:b2e7f453-1f52-45d9-a66f-45b02aa6636b,b2e7f453-1f52-45d9-a66f-45b02aa6636b,kimi,True,50,False,,False,False,Repository Tasks,Feature Implementation,lambda/hermes-agent-reasoning-traces:kimi:train:713,ok,
hermes:kimi:b3110a8d-9e08-4b3f-8a8f-cd4e5b8e6e12,b3110a8d-9e08-4b3f-8a8f-cd4e5b8e6e12,kimi,True,11,False,,False,False,Agent Tools,Clarification,lambda/hermes-agent-reasoning-traces:kimi:train:401,ok,
hermes:kimi:b33da52f-15fb-4006-9667-6d5a1646446e,b33da52f-15fb-4006-9667-6d5a1646446e,kimi,True,54,False,,False,False,Repository Tasks,Bug Fix,lambda/hermes-agent-reasoning-traces:kimi:train:1222,ok,
hermes:kimi:b3a9277a-afa8-4fc1-8c11-c51f34b4cedf,b3a9277a-afa8-4fc1-8c11-c51f34b4cedf,kimi,True,8,False,,False,False,Agent Tools,Session & Memory,lambda/hermes-agent-reasoning-traces:kimi:train:163,ok,
hermes:kimi:b441c61d-24e4-4b5d-85ef-87653d3fe12b,b441c61d-24e4-4b5d-85ef-87653d3fe12b,kimi,True,25,False,,False,False,Repository Tasks,Codebase Exploration,lambda/hermes-agent-reasoning-traces:kimi:train:540,ok,
hermes:kimi:b4971e4c-08f2-453b-b187-6eaaeb21db00,b4971e4c-08f2-453b-b187-6eaaeb21db00,kimi,True,13,False,,False,False,Agent Tools,Memory & Context,lambda/hermes-agent-reasoning-traces:kimi:train:384,ok,
hermes:kimi:b4e4f312-d03a-4847-a4ac-0053ed5798af,b4e4f312-d03a-4847-a4ac-0053ed5798af,kimi,True,34,False,,False,False,Agent Tools,Skill Invocation,lambda/hermes-agent-reasoning-traces:kimi:train:337,ok,
hermes:kimi:b549d40b-923c-496d-873f-0d2bbc8ffb52,b549d40b-923c-496d-873f-0d2bbc8ffb52,kimi,True,17,False,,False,False,Agent Tools,Delegation,lambda/hermes-agent-reasoning-traces:kimi:train:277,ok,
hermes:kimi:b54a16fc-b9d8-4ebe-8983-c99b9b0a9b09,b54a16fc-b9d8-4ebe-8983-c99b9b0a9b09,kimi,True,49,False,,False,False,Repository Tasks,Codebase Exploration,lambda/hermes-agent-reasoning-traces:kimi:train:1095,ok,
hermes:kimi:b56ac570-8207-4d53-8b9e-9c004cfd9349,b56ac570-8207-4d53-8b9e-9c004cfd9349,kimi,True,5,False,,False,False,Agent Tools,Sandbox Execution,lambda/hermes-agent-reasoning-traces:kimi:train:486,ok,
hermes:kimi:b582d60f-7ba1-4b59-9f28-dbd9690e8d23,b582d60f-7ba1-4b59-9f28-dbd9690e8d23,kimi,True,11,False,,False,False,Agent Tools,Delegation,lambda/hermes-agent-reasoning-traces:kimi:train:63,ok,
hermes:kimi:b5bc2719-52f3-4449-b353-9283d26f8f38,b5bc2719-52f3-4449-b353-9283d26f8f38,kimi,True,39,False,,False,False,Repository Tasks,Environment Setup,lambda/hermes-agent-reasoning-traces:kimi:train:1159,ok,
hermes:kimi:b5bf5ddf-30cd-4e27-bb38-5d20c556f822,b5bf5ddf-30cd-4e27-bb38-5d20c556f822,kimi,True,5,False,,False,False,Agent Tools,Clarification,lambda/hermes-agent-reasoning-traces:kimi:train:412,ok,
hermes:kimi:b5ca7b6a-04e8-4db1-bec6-ed162b217b96,b5ca7b6a-04e8-4db1-bec6-ed162b217b96,kimi,True,54,False,,False,False,Repository Tasks,General,lambda/hermes-agent-reasoning-traces:kimi:train:673,ok,
hermes:kimi:b5fc3309-9e8c-47c0-bc2e-1157db32f111,b5fc3309-9e8c-47c0-bc2e-1157db32f111,kimi,True,51,False,,False,False,Repository Tasks,Environment Setup,lambda/hermes-agent-reasoning-traces:kimi:train:1417,ok,
hermes:kimi:b6097761-c1fb-4954-b269-8e29037d73fb,b6097761-c1fb-4954-b269-8e29037d73fb,kimi,True,15,False,,False,False,Agent Tools,Skill Invocation,lambda/hermes-agent-reasoning-traces:kimi:train:179,ok,
hermes:kimi:b630bd23-0c4a-48da-91d9-c3b74bde7bab,b630bd23-0c4a-48da-91d9-c3b74bde7bab,kimi,True,51,False,,False,False,Repository Tasks,Bug Fix,lambda/hermes-agent-reasoning-traces:kimi:train:1387,ok,
hermes:kimi:b69a8fe4-799e-4798-84c9-e83f32af31ef,b69a8fe4-799e-4798-84c9-e83f32af31ef,kimi,True,51,False,,False,False,Repository Tasks,Bug Fix,lambda/hermes-agent-reasoning-traces:kimi:train:1210,ok,
hermes:kimi:b6c1b531-fe88-4a8d-8dca-dd4a6a7fe673,b6c1b531-fe88-4a8d-8dca-dd4a6a7fe673,kimi,True,10,False,,False,False,Agent Tools,Delegation,lambda/hermes-agent-reasoning-traces:kimi:train:464,ok,
hermes:kimi:b6dd7def-34cb-417f-baed-be7b35a990d5,b6dd7def-34cb-417f-baed-be7b35a990d5,kimi,True,5,False,,False,False,Agent Tools,Sandbox Execution,lambda/hermes-agent-reasoning-traces:kimi:train:141,ok,
hermes:kimi:b6f8958a-b00d-4c24-ac54-29d374275381,b6f8958a-b00d-4c24-ac54-29d374275381,kimi,True,34,False,,False,False,Agent Tools,Skill Invocation,lambda/hermes-agent-reasoning-traces:kimi:train:281,ok,
hermes:kimi:b743fb11-5bc1-4915-b426-0f07fd6edf7f,b743fb11-5bc1-4915-b426-0f07fd6edf7f,kimi,True,54,False,,False,False,Repository Tasks,Feature Implementation,lambda/hermes-agent-reasoning-traces:kimi:train:709,ok,
hermes:kimi:b7afa4be-f6b3-42b9-9472-e1f24c2d9cf3,b7afa4be-f6b3-42b9-9472-e1f24c2d9cf3,kimi,True,54,False,,False,False,Repository Tasks,Bug Fix,lambda/hermes-agent-reasoning-traces:kimi:train:1484,ok,
hermes:kimi:b8543d93-7c0d-4973-88f5-931b3dcf352d,b8543d93-7c0d-4973-88f5-931b3dcf352d,kimi,True,49,False,,False,False,Repository Tasks,Environment Setup,lambda/hermes-agent-reasoning-traces:kimi:train:923,ok,
hermes:kimi:b8b0fc3c-4fc8-4661-98d5-2bac561b52af,b8b0fc3c-4fc8-4661-98d5-2bac561b52af,kimi,True,6,False,,False,False,Agent Tools,Sandbox Execution,lambda/hermes-agent-reasoning-traces:kimi:train:360,ok,
hermes:kimi:b8c5d0b1-f530-4230-9a9e-628e49e01386,b8c5d0b1-f530-4230-9a9e-628e49e01386,kimi,True,34,False,,False,False,Planning & Organization,Planning Tasks,lambda/hermes-agent-reasoning-traces:kimi:train:66,ok,
hermes:kimi:b8d0b159-87dc-4fa0-9064-fe44fcb0a025,b8d0b159-87dc-4fa0-9064-fe44fcb0a025,kimi,True,16,False,,False,False,Agent Tools,Delegation,lambda/hermes-agent-reasoning-traces:kimi:train:390,ok,
hermes:kimi:b8f5160b-415c-47c1-93a7-89c903b06680,b8f5160b-415c-47c1-93a7-89c903b06680,kimi,True,34,False,,False,False,Agent Tools,Clarification,lambda/hermes-agent-reasoning-traces:kimi:train:490,ok,
hermes:kimi:b8fba9bb-f69b-4a73-bb18-b8d10ba852bf,b8fba9bb-f69b-4a73-bb18-b8d10ba852bf,kimi,True,54,False,,False,False,Repository Tasks,Bug Fix,lambda/hermes-agent-reasoning-traces:kimi:train:745,ok,
hermes:kimi:b9036724-460b-45b6-963c-29010fe5709f,b9036724-460b-45b6-963c-29010fe5709f,kimi,True,50,False,,False,False,Repository Tasks,Codebase Exploration,lambda/hermes-agent-reasoning-traces:kimi:train:804,ok,
hermes:kimi:b9112b7e-d281-4896-8e81-96f956613c8f,b9112b7e-d281-4896-8e81-96f956613c8f,kimi,True,54,False,,False,False,Repository Tasks,Testing,lambda/hermes-agent-reasoning-traces:kimi:train:1440,ok,
hermes:kimi:b92eecfe-0cff-4746-ae98-986f2512c084,b92eecfe-0cff-4746-ae98-986f2512c084,kimi,True,34,False,,False,False,Agent Tools,Memory & Context,lambda/hermes-agent-reasoning-traces:kimi:train:11,ok,
hermes:kimi:b93e5c51-4750-4e24-964b-a5a5fa47a218,b93e5c51-4750-4e24-964b-a5a5fa47a218,kimi,True,37,False,,False,False,Repository Tasks,Codebase Exploration,lambda/hermes-agent-reasoning-traces:kimi:train:1247,ok,
hermes:kimi:b9430a0e-0ec9-4781-a7d9-a5563f029ed2,b9430a0e-0ec9-4781-a7d9-a5563f029ed2,kimi,True,54,False,,False,False,Repository Tasks,Environment Setup,lambda/hermes-agent-reasoning-traces:kimi:train:680,ok,
hermes:kimi:b97993f0-9e43-4116-9ad1-8ffd0159ae58,b97993f0-9e43-4116-9ad1-8ffd0159ae58,kimi,True,34,False,,False,False,Agent Tools,Todo & Planning,lambda/hermes-agent-reasoning-traces:kimi:train:399,ok,
hermes:kimi:b98777d3-409e-42e8-b68d-e72dbaa8063b,b98777d3-409e-42e8-b68d-e72dbaa8063b,kimi,True,43,False,,False,False,Repository Tasks,Environment Setup,lambda/hermes-agent-reasoning-traces:kimi:train:1010,ok,
hermes:kimi:b994d833-7479-4f5b-9f8a-ce207a6deee6,b994d833-7479-4f5b-9f8a-ce207a6deee6,kimi,True,34,False,,False,False,Agent Tools,Todo & Planning,lambda/hermes-agent-reasoning-traces:kimi:train:147,ok,
hermes:kimi:b9b5d402-8e7b-41bd-b968-2b697f287222,b9b5d402-8e7b-41bd-b968-2b697f287222,kimi,True,51,False,,False,False,Repository Tasks,Bug Fix,lambda/hermes-agent-reasoning-traces:kimi:train:750,ok,
hermes:kimi:b9e06ff2-ad08-4539-a8dd-d714d5bfb715,b9e06ff2-ad08-4539-a8dd-d714d5bfb715,kimi,True,50,False,,False,False,Repository Tasks,Feature Implementation,lambda/hermes-agent-reasoning-traces:kimi:train:1419,ok,
hermes:kimi:b9efd807-aaf9-4c8a-87c7-c6c00382e132,b9efd807-aaf9-4c8a-87c7-c6c00382e132,kimi,True,9,False,,False,False,Agent Tools,Memory & Context,lambda/hermes-agent-reasoning-traces:kimi:train:457,ok,
hermes:kimi:ba0fdb87-c853-4a38-b1dc-a43864ac3002,ba0fdb87-c853-4a38-b1dc-a43864ac3002,kimi,True,50,False,,False,False,Repository Tasks,Feature Implementation,lambda/hermes-agent-reasoning-traces:kimi:train:1343,ok,
hermes:kimi:ba269179-b925-4e01-9b6c-5cb0128ef00b,ba269179-b925-4e01-9b6c-5cb0128ef00b,kimi,True,6,False,,False,False,Agent Tools,Session & Memory,lambda/hermes-agent-reasoning-traces:kimi:train:34,ok,
hermes:kimi:ba331a3d-fa4f-4234-8aed-e0be2df47c6e,ba331a3d-fa4f-4234-8aed-e0be2df47c6e,kimi,True,34,False,,False,False,Planning & Organization,Planning Tasks,lambda/hermes-agent-reasoning-traces:kimi:train:421,ok,
hermes:kimi:ba7979dd-cdc5-4e74-bb6e-1b4279d03913,ba7979dd-cdc5-4e74-bb6e-1b4279d03913,kimi,True,31,False,,False,False,Repository Tasks,Codebase Exploration,lambda/hermes-agent-reasoning-traces:kimi:train:1386,ok,
hermes:kimi:bacd9afa-8709-4b43-8b43-6de54e0f949c,bacd9afa-8709-4b43-8b43-6de54e0f949c,kimi,True,41,False,,False,False,Repository Tasks,Codebase Exploration,lambda/hermes-agent-reasoning-traces:kimi:train:1448,ok,
hermes:kimi:bae73496-7859-43c5-aa7f-420f2d4f1ce5,bae73496-7859-43c5-aa7f-420f2d4f1ce5,kimi,True,5,False,,False,False,Agent Tools,Skill Invocation,lambda/hermes-agent-reasoning-traces:kimi:train:137,ok,
hermes:kimi:bafc5a24-6779-4dd1-9a33-801d0bd3bfb3,bafc5a24-6779-4dd1-9a33-801d0bd3bfb3,kimi,True,9,False,,False,False,Agent Tools,Delegation,lambda/hermes-agent-reasoning-traces:kimi:train:336,ok,
hermes:kimi:bb1ed8b4-19e2-4853-a049-42f2678a363e,bb1ed8b4-19e2-4853-a049-42f2678a363e,kimi,True,11,False,,False,False,Agent Tools,Sandbox Execution,lambda/hermes-agent-reasoning-traces:kimi:train:354,ok,
hermes:kimi:bb66ba82-801e-4f56-9404-86398bb49967,bb66ba82-801e-4f56-9404-86398bb49967,kimi,True,54,False,,False,False,Repository Tasks,Bug Fix,lambda/hermes-agent-reasoning-traces:kimi:train:1436,ok,
hermes:kimi:bb82e479-4af5-401a-bad2-2ebc54e7b740,bb82e479-4af5-401a-bad2-2ebc54e7b740,kimi,True,7,False,,False,False,Agent Tools,Sandbox Execution,lambda/hermes-agent-reasoning-traces:kimi:train:334,ok,
hermes:kimi:bbc1d58e-5e53-4c61-89de-bc388c693a4e,bbc1d58e-5e53-4c61-89de-bc388c693a4e,kimi,True,54,False,,False,False,Repository Tasks,Environment Setup,lambda/hermes-agent-reasoning-traces:kimi:train:1442,ok,
hermes:kimi:bc12beec-b495-4a96-92a3-8e72fc377181,bc12beec-b495-4a96-92a3-8e72fc377181,kimi,True,14,False,,False,False,Planning & Organization,Planning Tasks,lambda/hermes-agent-reasoning-traces:kimi:train:487,ok,
hermes:kimi:bc5f9e17-681b-4161-baaa-15151f678b53,bc5f9e17-681b-4161-baaa-15151f678b53,kimi,True,49,False,,False,False,Repository Tasks,Environment Setup,lambda/hermes-agent-reasoning-traces:kimi:train:849,ok,
hermes:kimi:bc61d29a-5249-4e47-a881-9c033fd66df5,bc61d29a-5249-4e47-a881-9c033fd66df5,kimi,True,47,False,,False,False,Repository Tasks,Environment Setup,lambda/hermes-agent-reasoning-traces:kimi:train:1404,ok,
hermes:kimi:bc95c70d-2c75-4e1d-81a6-bd772871b2c4,bc95c70d-2c75-4e1d-81a6-bd772871b2c4,kimi,True,54,False,,False,False,Repository Tasks,Feature Implementation,lambda/hermes-agent-reasoning-traces:kimi:train:1271,ok,
hermes:kimi:bc9cf9ac-3da5-444b-b8e6-0bf59181a8de,bc9cf9ac-3da5-444b-b8e6-0bf59181a8de,kimi,True,12,False,,False,False,Agent Tools,Memory & Context,lambda/hermes-agent-reasoning-traces:kimi:train:154,ok,
hermes:kimi:bcb1de66-b888-47b8-b75e-96d93dd89ad2,bcb1de66-b888-47b8-b75e-96d93dd89ad2,kimi,True,13,False,,False,False,Agent Tools,Skill Invocation,lambda/hermes-agent-reasoning-traces:kimi:train:343,ok,
hermes:kimi:bcc136dd-315d-4243-b69f-cebf1a997e4c,bcc136dd-315d-4243-b69f-cebf1a997e4c,kimi,True,54,False,,False,False,Repository Tasks,Bug Fix,lambda/hermes-agent-reasoning-traces:kimi:train:986,ok,
hermes:kimi:bcc750c3-10bf-43de-8aa5-08b314f7565e,bcc750c3-10bf-43de-8aa5-08b314f7565e,kimi,True,31,False,,False,False,Agent Tools,Clarification,lambda/hermes-agent-reasoning-traces:kimi:train:84,ok,
hermes:kimi:bd506c0a-496c-4500-afa8-2543dd687459,bd506c0a-496c-4500-afa8-2543dd687459,kimi,True,54,False,,False,False,Repository Tasks,Code Review & Refactoring,lambda/hermes-agent-reasoning-traces:kimi:train:1452,ok,
hermes:kimi:bd68c7ed-9a92-43ee-8056-58b13c967f30,bd68c7ed-9a92-43ee-8056-58b13c967f30,kimi,True,23,False,,False,False,Agent Tools,Background Processes,lambda/hermes-agent-reasoning-traces:kimi:train:219,ok,
hermes:kimi:bd72dd33-9aa5-45ab-8d88-e9ea973b2900,bd72dd33-9aa5-45ab-8d88-e9ea973b2900,kimi,True,9,False,,False,False,Repository Tasks,Codebase Exploration,lambda/hermes-agent-reasoning-traces:kimi:train:807,ok,
hermes:kimi:be3d27f2-6bfc-4d3b-9c2e-a93902878c7f,be3d27f2-6bfc-4d3b-9c2e-a93902878c7f,kimi,True,30,False,,False,False,Agent Tools,Background Processes,lambda/hermes-agent-reasoning-traces:kimi:train:474,ok,
hermes:kimi:be7f9686-a059-42ef-ab79-c1e7a7dd2e4e,be7f9686-a059-42ef-ab79-c1e7a7dd2e4e,kimi,True,54,False,,False,False,Repository Tasks,Feature Implementation,lambda/hermes-agent-reasoning-traces:kimi:train:660,ok,
hermes:kimi:bea3a814-1f5a-4ffe-8442-543e576410fe,bea3a814-1f5a-4ffe-8442-543e576410fe,kimi,True,51,False,,False,False,Repository Tasks,Codebase Exploration,lambda/hermes-agent-reasoning-traces:kimi:train:1051,ok,
hermes:kimi:bf284c1e-c1e3-4b4e-af1b-3e15e2482e26,bf284c1e-c1e3-4b4e-af1b-3e15e2482e26,kimi,True,54,False,,False,False,Repository Tasks,Bug Fix,lambda/hermes-agent-reasoning-traces:kimi:train:563,ok,
hermes:kimi:bf70833b-a0c3-4148-9c31-e25ac56a6a77,bf70833b-a0c3-4148-9c31-e25ac56a6a77,kimi,True,27,False,,False,False,Planning & Organization,Planning Tasks,lambda/hermes-agent-reasoning-traces:kimi:train:232,ok,
hermes:kimi:bfe6ffd0-f2d9-48f7-a74b-9d531b32f060,bfe6ffd0-f2d9-48f7-a74b-9d531b32f060,kimi,True,54,False,,False,False,Repository Tasks,Bug Fix,lambda/hermes-agent-reasoning-traces:kimi:train:1186,ok,
hermes:kimi:bfe95ab8-03c7-47ef-bbac-055a7c181a5a,bfe95ab8-03c7-47ef-bbac-055a7c181a5a,kimi,True,54,False,,False,False,Repository Tasks,Environment Setup,lambda/hermes-agent-reasoning-traces:kimi:train:1352,ok,
hermes:kimi:bfeebafe-0828-4206-a5d5-b868b84a8eea,bfeebafe-0828-4206-a5d5-b868b84a8eea,kimi,True,51,False,,False,False,Repository Tasks,Bug Fix,lambda/hermes-agent-reasoning-traces:kimi:train:1252,ok,
hermes:kimi:c009106b-74be-4c80-9ea4-6e371a8984ae,c009106b-74be-4c80-9ea4-6e371a8984ae,kimi,True,54,False,,False,False,Repository Tasks,Bug Fix,lambda/hermes-agent-reasoning-traces:kimi:train:1058,ok,
hermes:kimi:c00f87e1-6902-41db-92bd-70e3463cb739,c00f87e1-6902-41db-92bd-70e3463cb739,kimi,True,7,False,,False,False,Agent Tools,Session & Memory,lambda/hermes-agent-reasoning-traces:kimi:train:184,ok,
hermes:kimi:c1417163-894b-4846-8186-1502e1594abd,c1417163-894b-4846-8186-1502e1594abd,kimi,True,45,False,,False,False,Repository Tasks,Environment Setup,lambda/hermes-agent-reasoning-traces:kimi:train:619,ok,
hermes:kimi:c1620458-8f36-489f-87a5-e44429a4f25a,c1620458-8f36-489f-87a5-e44429a4f25a,kimi,True,54,False,,False,False,Repository Tasks,Bug Fix,lambda/hermes-agent-reasoning-traces:kimi:train:937,ok,
hermes:kimi:c168a0ed-1641-4f9a-b188-6043f139068c,c168a0ed-1641-4f9a-b188-6043f139068c,kimi,True,54,False,,False,False,Repository Tasks,Environment Setup,lambda/hermes-agent-reasoning-traces:kimi:train:1261,ok,
hermes:kimi:c18b11b6-2142-4cd8-bf73-df5928c2ad42,c18b11b6-2142-4cd8-bf73-df5928c2ad42,kimi,True,54,False,,False,False,Repository Tasks,Feature Implementation,lambda/hermes-agent-reasoning-traces:kimi:train:677,ok,
hermes:kimi:c1988b21-9fb3-4b43-88d6-a68b81259233,c1988b21-9fb3-4b43-88d6-a68b81259233,kimi,True,54,False,,False,False,Repository Tasks,Bug Fix,lambda/hermes-agent-reasoning-traces:kimi:train:550,ok,
hermes:kimi:c2031625-4020-4da0-9f4a-77a248215d3a,c2031625-4020-4da0-9f4a-77a248215d3a,kimi,True,49,False,,False,False,Repository Tasks,Feature Implementation,lambda/hermes-agent-reasoning-traces:kimi:train:886,ok,
hermes:kimi:c23e82ce-6081-4158-8596-dc0a3d120f88,c23e82ce-6081-4158-8596-dc0a3d120f88,kimi,True,54,False,,False,False,Repository Tasks,Bug Fix,lambda/hermes-agent-reasoning-traces:kimi:train:1221,ok,
hermes:kimi:c24b95f8-13f6-48c6-8151-2d4da11cd76e,c24b95f8-13f6-48c6-8151-2d4da11cd76e,kimi,True,16,False,,False,False,Agent Tools,Memory & Context,lambda/hermes-agent-reasoning-traces:kimi:train:314,ok,
hermes:kimi:c3007ba7-20ea-485c-96ea-9056abe5c731,c3007ba7-20ea-485c-96ea-9056abe5c731,kimi,True,49,False,,False,False,Repository Tasks,Testing,lambda/hermes-agent-reasoning-traces:kimi:train:954,ok,
hermes:kimi:c314e938-c17b-4fa6-ace9-18a0dab3b3e1,c314e938-c17b-4fa6-ace9-18a0dab3b3e1,kimi,True,50,False,,False,False,Repository Tasks,Bug Fix,lambda/hermes-agent-reasoning-traces:kimi:train:1249,ok,
hermes:kimi:c3157ee1-3e65-4f8d-878a-8e10881085d4,c3157ee1-3e65-4f8d-878a-8e10881085d4,kimi,True,54,False,,False,False,Repository Tasks,Testing,lambda/hermes-agent-reasoning-traces:kimi:train:601,ok,
hermes:kimi:c31ec5dc-d603-4aec-b0d6-1e00409c107e,c31ec5dc-d603-4aec-b0d6-1e00409c107e,kimi,True,6,False,,False,False,Agent Tools,Session & Memory,lambda/hermes-agent-reasoning-traces:kimi:train:282,ok,
hermes:kimi:c323ed96-f8f4-456a-9406-ddedae96fb1a,c323ed96-f8f4-456a-9406-ddedae96fb1a,kimi,True,52,False,,False,False,Repository Tasks,Testing,lambda/hermes-agent-reasoning-traces:kimi:train:967,ok,
hermes:kimi:c396bc84-72bd-4954-bdb5-f1671870e065,c396bc84-72bd-4954-bdb5-f1671870e065,kimi,True,25,False,,False,False,Terminal & Coding,Terminal Tasks,lambda/hermes-agent-reasoning-traces:kimi:train:128,ok,
hermes:kimi:c3fd4a3c-a3f2-4dbe-8a2f-849345ceae1f,c3fd4a3c-a3f2-4dbe-8a2f-849345ceae1f,kimi,True,34,False,,False,False,Agent Tools,Todo & Planning,lambda/hermes-agent-reasoning-traces:kimi:train:318,ok,
hermes:kimi:c43e4cd9-8705-4e86-b14e-d7fe99a644d6,c43e4cd9-8705-4e86-b14e-d7fe99a644d6,kimi,True,51,False,,False,False,Repository Tasks,Bug Fix,lambda/hermes-agent-reasoning-traces:kimi:train:1302,ok,
hermes:kimi:c44d74ae-856e-4e5b-9ddf-b87f4f4b5545,c44d74ae-856e-4e5b-9ddf-b87f4f4b5545,kimi,True,54,False,,False,False,Repository Tasks,Environment Setup,lambda/hermes-agent-reasoning-traces:kimi:train:1295,ok,
hermes:kimi:c451027e-11e0-4896-bc5e-025c10a0513a,c451027e-11e0-4896-bc5e-025c10a0513a,kimi,True,54,False,,False,False,Repository Tasks,Testing,lambda/hermes-agent-reasoning-traces:kimi:train:627,ok,
hermes:kimi:c4594b25-ed4d-478f-8730-05b80fe25254,c4594b25-ed4d-478f-8730-05b80fe25254,kimi,True,34,False,,False,False,Agent Tools,Skill Invocation,lambda/hermes-agent-reasoning-traces:kimi:train:252,ok,
hermes:kimi:c464a97d-653d-47a7-8b47-1b6cb419bbff,c464a97d-653d-47a7-8b47-1b6cb419bbff,kimi,True,34,False,,False,False,Agent Tools,Background Processes,lambda/hermes-agent-reasoning-traces:kimi:train:206,ok,
hermes:kimi:c47471af-2930-4136-9bf3-74314f4229f0,c47471af-2930-4136-9bf3-74314f4229f0,kimi,True,31,False,,False,False,Agent Tools,Session & Memory,lambda/hermes-agent-reasoning-traces:kimi:train:113,ok,
hermes:kimi:c4915afa-ef10-4ea0-bcd1-378f89f436ec,c4915afa-ef10-4ea0-bcd1-378f89f436ec,kimi,True,19,False,,False,False,Agent Tools,Memory & Context,lambda/hermes-agent-reasoning-traces:kimi:train:303,ok,
hermes:kimi:c4dfaf2f-0c81-40bc-b1da-9f4fd31e990d,c4dfaf2f-0c81-40bc-b1da-9f4fd31e990d,kimi,True,54,False,,False,False,Repository Tasks,Bug Fix,lambda/hermes-agent-reasoning-traces:kimi:train:1098,ok,
hermes:kimi:c5166292-b078-4f3e-a7ab-2cedf6c65e6e,c5166292-b078-4f3e-a7ab-2cedf6c65e6e,kimi,True,51,False,,False,False,Repository Tasks,Codebase Exploration,lambda/hermes-agent-reasoning-traces:kimi:train:1433,ok,
hermes:kimi:c5329c5e-84dc-48cd-9a6a-b806daf6bb31,c5329c5e-84dc-48cd-9a6a-b806daf6bb31,kimi,True,20,False,,False,False,Agent Tools,Testing & CI,lambda/hermes-agent-reasoning-traces:kimi:train:413,ok,
hermes:kimi:c54b723e-8cf7-40a6-bdfa-b98fa2319c9c,c54b723e-8cf7-40a6-bdfa-b98fa2319c9c,kimi,True,5,False,,False,False,Agent Tools,Delegation,lambda/hermes-agent-reasoning-traces:kimi:train:145,ok,
hermes:kimi:c613cbe8-9a70-4071-b342-b91d1993ff63,c613cbe8-9a70-4071-b342-b91d1993ff63,kimi,True,49,False,,False,False,Repository Tasks,Feature Implementation,lambda/hermes-agent-reasoning-traces:kimi:train:595,ok,
hermes:kimi:c695d0c7-6c9c-466d-bd18-e77a823a09ce,c695d0c7-6c9c-466d-bd18-e77a823a09ce,kimi,True,51,False,,False,False,Repository Tasks,Bug Fix,lambda/hermes-agent-reasoning-traces:kimi:train:1385,ok,
hermes:kimi:c6f62b9e-b33f-4118-b360-357099846a04,c6f62b9e-b33f-4118-b360-357099846a04,kimi,True,15,False,,False,False,Agent Tools,Skill Invocation,lambda/hermes-agent-reasoning-traces:kimi:train:130,ok,
hermes:kimi:c74d87a1-a628-4df4-9c19-61eecbfa35f5,c74d87a1-a628-4df4-9c19-61eecbfa35f5,kimi,True,37,False,,False,False,Repository Tasks,Environment Setup,lambda/hermes-agent-reasoning-traces:kimi:train:1044,ok,
hermes:kimi:c75e0405-0e5d-49cd-82cb-d964f675ae6b,c75e0405-0e5d-49cd-82cb-d964f675ae6b,kimi,True,21,False,,False,False,Repository Tasks,Codebase Exploration,lambda/hermes-agent-reasoning-traces:kimi:train:965,ok,
hermes:kimi:c78361de-d059-4aa0-b623-65916dea3fa3,c78361de-d059-4aa0-b623-65916dea3fa3,kimi,True,50,False,,False,False,Repository Tasks,Bug Fix,lambda/hermes-agent-reasoning-traces:kimi:train:1395,ok,
hermes:kimi:c7e23901-7275-471b-8170-810e1337c5a1,c7e23901-7275-471b-8170-810e1337c5a1,kimi,True,49,False,,False,False,Repository Tasks,Maintenance,lambda/hermes-agent-reasoning-traces:kimi:train:1294,ok,
hermes:kimi:c89acd4b-0cb1-4cbd-aacd-ca9fd2923c71,c89acd4b-0cb1-4cbd-aacd-ca9fd2923c71,kimi,True,31,False,,False,False,Agent Tools,Sandbox Execution,lambda/hermes-agent-reasoning-traces:kimi:train:361,ok,
hermes:kimi:c950cf55-e606-41ea-8df1-d4f80ae450a1,c950cf55-e606-41ea-8df1-d4f80ae450a1,kimi,True,25,False,,False,False,Repository Tasks,Codebase Exploration,lambda/hermes-agent-reasoning-traces:kimi:train:643,ok,
hermes:kimi:c993ac8f-d63a-4a82-bfee-327a3286c056,c993ac8f-d63a-4a82-bfee-327a3286c056,kimi,True,54,False,,False,False,Repository Tasks,Bug Fix,lambda/hermes-agent-reasoning-traces:kimi:train:1040,ok,
hermes:kimi:c9e1d996-203c-4381-af8b-45674b41d8c5,c9e1d996-203c-4381-af8b-45674b41d8c5,kimi,True,51,False,,False,False,Repository Tasks,Bug Fix,lambda/hermes-agent-reasoning-traces:kimi:train:1062,ok,
hermes:kimi:ca6a3c8e-3836-48f7-8de0-750a9eb27155,ca6a3c8e-3836-48f7-8de0-750a9eb27155,kimi,True,37,False,,False,False,Repository Tasks,Environment Setup,lambda/hermes-agent-reasoning-traces:kimi:train:1305,ok,
hermes:kimi:ca904f26-29ef-413d-98fe-631ba5030462,ca904f26-29ef-413d-98fe-631ba5030462,kimi,True,54,False,,False,False,Repository Tasks,Environment Setup,lambda/hermes-agent-reasoning-traces:kimi:train:1286,ok,
hermes:kimi:cb059adf-6860-4dfe-ad49-8a9f30ec4d67,cb059adf-6860-4dfe-ad49-8a9f30ec4d67,kimi,True,44,False,,False,False,Repository Tasks,Codebase Exploration,lambda/hermes-agent-reasoning-traces:kimi:train:999,ok,
hermes:kimi:cb127eb1-bdc5-4177-942d-1fd03486b898,cb127eb1-bdc5-4177-942d-1fd03486b898,kimi,True,54,False,,False,False,Repository Tasks,Feature Implementation,lambda/hermes-agent-reasoning-traces:kimi:train:578,ok,
hermes:kimi:cb4f5550-9c7b-4f26-b895-141a1d5d8276,cb4f5550-9c7b-4f26-b895-141a1d5d8276,kimi,True,5,False,,False,False,Agent Tools,Clarification,lambda/hermes-agent-reasoning-traces:kimi:train:311,ok,
hermes:kimi:cb715f0b-4f8b-4238-a8b3-67f35cf47753,cb715f0b-4f8b-4238-a8b3-67f35cf47753,kimi,True,54,False,,False,False,Repository Tasks,Bug Fix,lambda/hermes-agent-reasoning-traces:kimi:train:987,ok,
hermes:kimi:cbfc4ee6-3651-449c-a1b6-c9156b372dd0,cbfc4ee6-3651-449c-a1b6-c9156b372dd0,kimi,True,23,False,,False,False,Repository Tasks,Codebase Exploration,lambda/hermes-agent-reasoning-traces:kimi:train:1147,ok,
hermes:kimi:cc16bfeb-59aa-4b3f-85da-509a3e4922b5,cc16bfeb-59aa-4b3f-85da-509a3e4922b5,kimi,True,54,False,,False,False,Repository Tasks,Environment Setup,lambda/hermes-agent-reasoning-traces:kimi:train:1153,ok,
hermes:kimi:cc3f3852-f366-47c4-acfb-9790c62d7cdb,cc3f3852-f366-47c4-acfb-9790c62d7cdb,kimi,True,34,False,,False,False,Agent Tools,Testing & CI,lambda/hermes-agent-reasoning-traces:kimi:train:233,ok,
hermes:kimi:cc4c3806-3a93-40a1-8fda-02034b8737f5,cc4c3806-3a93-40a1-8fda-02034b8737f5,kimi,True,35,False,,False,False,Repository Tasks,Environment Setup,lambda/hermes-agent-reasoning-traces:kimi:train:774,ok,
hermes:kimi:cc7be937-895d-44bc-a28f-3230f029f3a1,cc7be937-895d-44bc-a28f-3230f029f3a1,kimi,True,51,False,,False,False,Repository Tasks,Bug Fix,lambda/hermes-agent-reasoning-traces:kimi:train:883,ok,
hermes:kimi:cca27460-9ab5-4db5-9ac4-dc2731a0e44f,cca27460-9ab5-4db5-9ac4-dc2731a0e44f,kimi,True,54,False,,False,False,Repository Tasks,Codebase Exploration,lambda/hermes-agent-reasoning-traces:kimi:train:1177,ok,
hermes:kimi:ccc7ee00-ab54-4443-9326-f509fbee1b1a,ccc7ee00-ab54-4443-9326-f509fbee1b1a,kimi,True,51,False,,False,False,Repository Tasks,Feature Implementation,lambda/hermes-agent-reasoning-traces:kimi:train:1277,ok,
hermes:kimi:cd0b3eff-352c-4b22-9061-8f7347c23257,cd0b3eff-352c-4b22-9061-8f7347c23257,kimi,True,34,False,,False,False,Agent Tools,Skill Invocation,lambda/hermes-agent-reasoning-traces:kimi:train:435,ok,
hermes:kimi:cd229052-437c-4b9a-a40c-516845005d92,cd229052-437c-4b9a-a40c-516845005d92,kimi,True,51,False,,False,False,Repository Tasks,Bug Fix,lambda/hermes-agent-reasoning-traces:kimi:train:611,ok,
hermes:kimi:cd513d0b-a6c4-42a0-86c0-56524a975b21,cd513d0b-a6c4-42a0-86c0-56524a975b21,kimi,True,37,False,,False,False,Repository Tasks,Codebase Exploration,lambda/hermes-agent-reasoning-traces:kimi:train:755,ok,
hermes:kimi:cd8c2584-2f9a-4b60-93a9-7a52eb192f85,cd8c2584-2f9a-4b60-93a9-7a52eb192f85,kimi,True,34,False,,False,False,Agent Tools,Skill Invocation,lambda/hermes-agent-reasoning-traces:kimi:train:85,ok,
hermes:kimi:cd9a616e-3c3a-4762-8740-072c0d13b0a1,cd9a616e-3c3a-4762-8740-072c0d13b0a1,kimi,True,21,False,,False,False,Agent Tools,Delegation,lambda/hermes-agent-reasoning-traces:kimi:train:167,ok,
hermes:kimi:cd9cf0df-4c43-4661-869d-394f0e33b320,cd9cf0df-4c43-4661-869d-394f0e33b320,kimi,True,54,False,,False,False,Repository Tasks,Bug Fix,lambda/hermes-agent-reasoning-traces:kimi:train:796,ok,
hermes:kimi:cdc33ffa-75c1-4168-a51f-d37f4b2cce34,cdc33ffa-75c1-4168-a51f-d37f4b2cce34,kimi,True,32,False,,False,False,Agent Tools,Skill Invocation,lambda/hermes-agent-reasoning-traces:kimi:train:101,ok,
hermes:kimi:cdd8d735-4153-4018-9c37-c19a4195aa05,cdd8d735-4153-4018-9c37-c19a4195aa05,kimi,True,47,False,,False,False,Repository Tasks,Environment Setup,lambda/hermes-agent-reasoning-traces:kimi:train:767,ok,
hermes:kimi:cdf4d3cf-a193-4878-918f-ade0339c96e9,cdf4d3cf-a193-4878-918f-ade0339c96e9,kimi,True,34,False,,False,False,Agent Tools,Delegation,lambda/hermes-agent-reasoning-traces:kimi:train:246,ok,
hermes:kimi:ce1ff744-ef21-490e-b81d-d362aacf9f71,ce1ff744-ef21-490e-b81d-d362aacf9f71,kimi,True,21,False,,False,False,Agent Tools,Background Processes,lambda/hermes-agent-reasoning-traces:kimi:train:492,ok,
hermes:kimi:ce3f4fbe-f245-4cc6-bd21-984c9ba4cbb7,ce3f4fbe-f245-4cc6-bd21-984c9ba4cbb7,kimi,True,54,False,,False,False,Repository Tasks,Feature Implementation,lambda/hermes-agent-reasoning-traces:kimi:train:596,ok,
hermes:kimi:ce507ba5-31aa-45a6-be11-0fe550d5e049,ce507ba5-31aa-45a6-be11-0fe550d5e049,kimi,True,49,False,,False,False,Repository Tasks,Environment Setup,lambda/hermes-agent-reasoning-traces:kimi:train:1173,ok,
hermes:kimi:ce979496-f19b-4e58-b20d-249bcc6e8050,ce979496-f19b-4e58-b20d-249bcc6e8050,kimi,True,54,False,,False,False,Repository Tasks,Bug Fix,lambda/hermes-agent-reasoning-traces:kimi:train:1030,ok,
hermes:kimi:cea6c7c6-cc6d-4196-931c-21ffc33da9c7,cea6c7c6-cc6d-4196-931c-21ffc33da9c7,kimi,True,54,False,,False,False,Repository Tasks,Bug Fix,lambda/hermes-agent-reasoning-traces:kimi:train:1055,ok,
hermes:kimi:cebc75d3-22d6-4da0-a048-cfd37f517fc9,cebc75d3-22d6-4da0-a048-cfd37f517fc9,kimi,True,34,False,,False,False,Agent Tools,Todo & Planning,lambda/hermes-agent-reasoning-traces:kimi:train:296,ok,
hermes:kimi:cede0f9c-e3f9-4f32-96f9-df53ad1045ab,cede0f9c-e3f9-4f32-96f9-df53ad1045ab,kimi,True,54,False,,False,False,Repository Tasks,Bug Fix,lambda/hermes-agent-reasoning-traces:kimi:train:1229,ok,
hermes:kimi:cee0f598-fa69-4c19-a400-0d20fd340cfd,cee0f598-fa69-4c19-a400-0d20fd340cfd,kimi,True,51,False,,False,False,Repository Tasks,Environment Setup,lambda/hermes-agent-reasoning-traces:kimi:train:1207,ok,
hermes:kimi:cee4a2c0-d24b-41b0-b308-10ed4d64e92a,cee4a2c0-d24b-41b0-b308-10ed4d64e92a,kimi,True,13,False,,False,False,Agent Tools,Skill Invocation,lambda/hermes-agent-reasoning-traces:kimi:train:509,ok,
hermes:kimi:cef2d9a6-0efa-40cd-b074-6190a638234b,cef2d9a6-0efa-40cd-b074-6190a638234b,kimi,True,54,False,,False,False,Repository Tasks,Feature Implementation,lambda/hermes-agent-reasoning-traces:kimi:train:1007,ok,
hermes:kimi:cf0c29a1-3c2c-49c0-8725-8b6ae01d4bd3,cf0c29a1-3c2c-49c0-8725-8b6ae01d4bd3,kimi,True,51,False,,False,False,Repository Tasks,Codebase Exploration,lambda/hermes-agent-reasoning-traces:kimi:train:1287,ok,
hermes:kimi:cf190326-0112-42d5-bef7-23aea6583f70,cf190326-0112-42d5-bef7-23aea6583f70,kimi,True,51,False,,False,False,Repository Tasks,Bug Fix,lambda/hermes-agent-reasoning-traces:kimi:train:885,ok,
hermes:kimi:cf79e3fb-cd17-4d18-aeda-64520e1a05ae,cf79e3fb-cd17-4d18-aeda-64520e1a05ae,kimi,True,34,False,,False,False,Agent Tools,Skill Invocation,lambda/hermes-agent-reasoning-traces:kimi:train:56,ok,
hermes:kimi:cfac325e-ee3a-425f-89e5-130d9754d0d7,cfac325e-ee3a-425f-89e5-130d9754d0d7,kimi,True,50,False,,False,False,Repository Tasks,Environment Setup,lambda/hermes-agent-reasoning-traces:kimi:train:1446,ok,
hermes:kimi:cfb2b443-e02c-4a29-b2e2-5e5fb8a1d202,cfb2b443-e02c-4a29-b2e2-5e5fb8a1d202,kimi,True,18,False,,False,False,Agent Tools,Sandbox Execution,lambda/hermes-agent-reasoning-traces:kimi:train:42,ok,
hermes:kimi:cfb52ab2-fdae-4730-b2e2-8a9e0c317479,cfb52ab2-fdae-4730-b2e2-8a9e0c317479,kimi,True,54,False,,False,False,Repository Tasks,Bug Fix,lambda/hermes-agent-reasoning-traces:kimi:train:901,ok,
hermes:kimi:cfce5ca0-03ea-4759-8397-1b5231f3736f,cfce5ca0-03ea-4759-8397-1b5231f3736f,kimi,True,49,False,,False,False,Repository Tasks,Codebase Exploration,lambda/hermes-agent-reasoning-traces:kimi:train:1199,ok,
hermes:kimi:d00f6b3d-b696-43ac-bee0-f099884dc7ad,d00f6b3d-b696-43ac-bee0-f099884dc7ad,kimi,True,54,False,,False,False,Repository Tasks,Environment Setup,lambda/hermes-agent-reasoning-traces:kimi:train:848,ok,
hermes:kimi:d092add3-22b7-481a-9dc0-3c454f3a6a2d,d092add3-22b7-481a-9dc0-3c454f3a6a2d,kimi,True,7,False,,False,False,Agent Tools,Session & Memory,lambda/hermes-agent-reasoning-traces:kimi:train:33,ok,
hermes:kimi:d0d53867-c4a6-4def-9211-c3e3617ec55e,d0d53867-c4a6-4def-9211-c3e3617ec55e,kimi,True,54,False,,False,False,Repository Tasks,Feature Implementation,lambda/hermes-agent-reasoning-traces:kimi:train:1075,ok,
hermes:kimi:d0dcada2-0dd0-40c5-8a29-dc8f133609e7,d0dcada2-0dd0-40c5-8a29-dc8f133609e7,kimi,True,51,False,,False,False,Repository Tasks,Bug Fix,lambda/hermes-agent-reasoning-traces:kimi:train:953,ok,
hermes:kimi:d11320ed-e90e-43e5-a40f-5d89b701ff07,d11320ed-e90e-43e5-a40f-5d89b701ff07,kimi,True,50,False,,False,False,Repository Tasks,Codebase Exploration,lambda/hermes-agent-reasoning-traces:kimi:train:1318,ok,
hermes:kimi:d13fc0f0-8f91-4bf1-8822-4d67c01ea520,d13fc0f0-8f91-4bf1-8822-4d67c01ea520,kimi,True,43,False,,False,False,Repository Tasks,Codebase Exploration,lambda/hermes-agent-reasoning-traces:kimi:train:855,ok,
hermes:kimi:d18171d7-0865-4d01-9711-6deefc8e1216,d18171d7-0865-4d01-9711-6deefc8e1216,kimi,True,30,False,,False,False,Agent Tools,Testing & CI,lambda/hermes-agent-reasoning-traces:kimi:train:236,ok,
hermes:kimi:d18eb1ab-7c1c-4318-84d8-a8adcde515e2,d18eb1ab-7c1c-4318-84d8-a8adcde515e2,kimi,True,54,False,,False,False,Repository Tasks,Bug Fix,lambda/hermes-agent-reasoning-traces:kimi:train:827,ok,
hermes:kimi:d19d9fc9-9c32-4c8e-99d6-a18ea43824cf,d19d9fc9-9c32-4c8e-99d6-a18ea43824cf,kimi,True,54,False,,False,False,Repository Tasks,Environment Setup,lambda/hermes-agent-reasoning-traces:kimi:train:978,ok,
hermes:kimi:d1b03b14-e735-4ca0-9e6c-7a742e35c65d,d1b03b14-e735-4ca0-9e6c-7a742e35c65d,kimi,True,22,False,,False,False,Repository Tasks,Feature Implementation,lambda/hermes-agent-reasoning-traces:kimi:train:1439,ok,
hermes:kimi:d1cbd1bb-89f7-4c2e-b424-977d2c2b7cba,d1cbd1bb-89f7-4c2e-b424-977d2c2b7cba,kimi,True,51,False,,False,False,Repository Tasks,Bug Fix,lambda/hermes-agent-reasoning-traces:kimi:train:542,ok,
hermes:kimi:d1e505f7-ffd9-4f7b-9832-8cfbda260812,d1e505f7-ffd9-4f7b-9832-8cfbda260812,kimi,True,54,False,,False,False,Repository Tasks,Testing,lambda/hermes-agent-reasoning-traces:kimi:train:1174,ok,
hermes:kimi:d20aa75b-9968-49f1-a7af-0e3f9f8a9c40,d20aa75b-9968-49f1-a7af-0e3f9f8a9c40,kimi,True,7,False,,False,False,Agent Tools,Sandbox Execution,lambda/hermes-agent-reasoning-traces:kimi:train:472,ok,
hermes:kimi:d22e934e-5c7d-4e9e-a28c-2f97fa37db11,d22e934e-5c7d-4e9e-a28c-2f97fa37db11,kimi,True,51,False,,False,False,Repository Tasks,Environment Setup,lambda/hermes-agent-reasoning-traces:kimi:train:1301,ok,
hermes:kimi:d253f1b1-c958-42fb-a912-d670c9d52cdf,d253f1b1-c958-42fb-a912-d670c9d52cdf,kimi,True,23,False,,False,False,Agent Tools,Skill Invocation,lambda/hermes-agent-reasoning-traces:kimi:train:517,ok,
hermes:kimi:d2806488-dc76-4aff-834e-297e47a8fd9b,d2806488-dc76-4aff-834e-297e47a8fd9b,kimi,True,49,False,,False,False,Repository Tasks,Bug Fix,lambda/hermes-agent-reasoning-traces:kimi:train:629,ok,
hermes:kimi:d2a3fa09-4972-4c91-8660-90819408b9ad,d2a3fa09-4972-4c91-8660-90819408b9ad,kimi,True,47,False,,False,False,Repository Tasks,Bug Fix,lambda/hermes-agent-reasoning-traces:kimi:train:1140,ok,
hermes:kimi:d2bf16b2-976a-4212-ba8f-6af78ca66e4d,d2bf16b2-976a-4212-ba8f-6af78ca66e4d,kimi,True,54,False,,False,False,Repository Tasks,Codebase Exploration,lambda/hermes-agent-reasoning-traces:kimi:train:640,ok,
hermes:kimi:d2d6834e-57ba-4d8d-bf65-e523e2cd3a45,d2d6834e-57ba-4d8d-bf65-e523e2cd3a45,kimi,True,43,False,,False,False,Repository Tasks,Maintenance,lambda/hermes-agent-reasoning-traces:kimi:train:622,ok,
hermes:kimi:d2f3b83f-53c3-4fff-8c14-d427e633463c,d2f3b83f-53c3-4fff-8c14-d427e633463c,kimi,True,47,False,,False,False,Repository Tasks,Environment Setup,lambda/hermes-agent-reasoning-traces:kimi:train:1285,ok,
hermes:kimi:d343455e-b884-4804-bd46-bfb8d24e3d03,d343455e-b884-4804-bd46-bfb8d24e3d03,kimi,True,54,False,,False,False,Repository Tasks,Feature Implementation,lambda/hermes-agent-reasoning-traces:kimi:train:1256,ok,
hermes:kimi:d34beda0-2a3d-40fd-9373-56267c6330a6,d34beda0-2a3d-40fd-9373-56267c6330a6,kimi,True,16,False,,False,False,Agent Tools,Sandbox Execution,lambda/hermes-agent-reasoning-traces:kimi:train:24,ok,
hermes:kimi:d3b9f36b-337c-4dc4-9363-d99d081983a7,d3b9f36b-337c-4dc4-9363-d99d081983a7,kimi,True,51,False,,False,False,Repository Tasks,Feature Implementation,lambda/hermes-agent-reasoning-traces:kimi:train:1142,ok,
hermes:kimi:d41a9035-e43e-4e81-9fe8-6a6da5b399a7,d41a9035-e43e-4e81-9fe8-6a6da5b399a7,kimi,True,34,False,,False,False,Agent Tools,Session & Memory,lambda/hermes-agent-reasoning-traces:kimi:train:235,ok,
hermes:kimi:d4282630-7fd2-4876-a18a-32d2c764610d,d4282630-7fd2-4876-a18a-32d2c764610d,kimi,True,49,False,,False,False,Repository Tasks,Environment Setup,lambda/hermes-agent-reasoning-traces:kimi:train:570,ok,
hermes:kimi:d45878e0-ca79-4618-acbc-15932d0f46b8,d45878e0-ca79-4618-acbc-15932d0f46b8,kimi,True,5,False,,False,False,Agent Tools,Sandbox Execution,lambda/hermes-agent-reasoning-traces:kimi:train:373,ok,
hermes:kimi:d458d41d-8d7b-4b8d-b081-7f7235b853b6,d458d41d-8d7b-4b8d-b081-7f7235b853b6,kimi,True,34,False,,False,False,Agent Tools,Todo & Planning,lambda/hermes-agent-reasoning-traces:kimi:train:321,ok,
hermes:kimi:d460ca62-cd6a-4dd1-93fe-f8d261c1d62a,d460ca62-cd6a-4dd1-93fe-f8d261c1d62a,kimi,True,51,False,,False,False,Repository Tasks,Environment Setup,lambda/hermes-agent-reasoning-traces:kimi:train:1136,ok,
hermes:kimi:d4a2b563-154a-48a8-a331-598a0031aff5,d4a2b563-154a-48a8-a331-598a0031aff5,kimi,True,54,False,,False,False,Repository Tasks,Codebase Exploration,lambda/hermes-agent-reasoning-traces:kimi:train:561,ok,
hermes:kimi:d4b6b46a-6ea8-4509-8929-9e415a2c0a4c,d4b6b46a-6ea8-4509-8929-9e415a2c0a4c,kimi,True,54,False,,False,False,Repository Tasks,Bug Fix,lambda/hermes-agent-reasoning-traces:kimi:train:1465,ok,
hermes:kimi:d4b8423f-0691-4dd9-9851-dd398ad73789,d4b8423f-0691-4dd9-9851-dd398ad73789,kimi,True,50,False,,False,False,Repository Tasks,Environment Setup,lambda/hermes-agent-reasoning-traces:kimi:train:1228,ok,
hermes:kimi:d4dc1397-b48b-43b3-bf9c-5ed6559379a3,d4dc1397-b48b-43b3-bf9c-5ed6559379a3,kimi,True,48,False,,False,False,Repository Tasks,Codebase Exploration,lambda/hermes-agent-reasoning-traces:kimi:train:746,ok,
hermes:kimi:d4f48dc2-fea9-422d-8879-331ab7de67ca,d4f48dc2-fea9-422d-8879-331ab7de67ca,kimi,True,7,False,,False,False,Planning & Organization,Planning Tasks,lambda/hermes-agent-reasoning-traces:kimi:train:166,ok,
hermes:kimi:d528f47a-d984-44d8-a7c9-eeb9d8f1870c,d528f47a-d984-44d8-a7c9-eeb9d8f1870c,kimi,True,11,False,,False,False,Agent Tools,Clarification,lambda/hermes-agent-reasoning-traces:kimi:train:97,ok,
hermes:kimi:d53d8cfb-0a9f-4ddb-a0de-7e6e66738d15,d53d8cfb-0a9f-4ddb-a0de-7e6e66738d15,kimi,True,32,False,,False,False,Repository Tasks,Codebase Exploration,lambda/hermes-agent-reasoning-traces:kimi:train:947,ok,
hermes:kimi:d57d15de-4faa-4ecf-babb-8b7e7dc3de2c,d57d15de-4faa-4ecf-babb-8b7e7dc3de2c,kimi,True,54,False,,False,False,Repository Tasks,Bug Fix,lambda/hermes-agent-reasoning-traces:kimi:train:1357,ok,
hermes:kimi:d57e5375-aebe-4bae-a122-8b0cc244a150,d57e5375-aebe-4bae-a122-8b0cc244a150,kimi,True,54,False,,False,False,Repository Tasks,Bug Fix,lambda/hermes-agent-reasoning-traces:kimi:train:1309,ok,
hermes:kimi:d5a13c63-c2b1-4dbf-8cea-c14f5ad512d7,d5a13c63-c2b1-4dbf-8cea-c14f5ad512d7,kimi,True,54,False,,False,False,Repository Tasks,Feature Implementation,lambda/hermes-agent-reasoning-traces:kimi:train:1369,ok,
hermes:kimi:d63b1919-5623-4df2-868d-5e51122ff34f,d63b1919-5623-4df2-868d-5e51122ff34f,kimi,True,31,False,,False,False,Repository Tasks,Environment Setup,lambda/hermes-agent-reasoning-traces:kimi:train:1443,ok,
hermes:kimi:d6576e5e-0264-486f-9e7c-6f2b6cafc7da,d6576e5e-0264-486f-9e7c-6f2b6cafc7da,kimi,True,13,False,,False,False,Agent Tools,Background Processes,lambda/hermes-agent-reasoning-traces:kimi:train:348,ok,
hermes:kimi:d69b7ff0-11aa-41fa-8c96-2fda272a6cd3,d69b7ff0-11aa-41fa-8c96-2fda272a6cd3,kimi,True,51,False,,False,False,Repository Tasks,Testing,lambda/hermes-agent-reasoning-traces:kimi:train:649,ok,
hermes:kimi:d6dee63d-1f03-4f77-9b1f-377259c99d66,d6dee63d-1f03-4f77-9b1f-377259c99d66,kimi,True,15,False,,False,False,Agent Tools,Background Processes,lambda/hermes-agent-reasoning-traces:kimi:train:72,ok,
hermes:kimi:d6f89d05-73f1-4d8a-b221-37c523357a38,d6f89d05-73f1-4d8a-b221-37c523357a38,kimi,True,50,False,,False,False,Repository Tasks,Bug Fix,lambda/hermes-agent-reasoning-traces:kimi:train:779,ok,
hermes:kimi:d716e9a8-8dd1-4c14-9449-b844d7827015,d716e9a8-8dd1-4c14-9449-b844d7827015,kimi,True,50,False,,False,False,Repository Tasks,Bug Fix,lambda/hermes-agent-reasoning-traces:kimi:train:598,ok,
hermes:kimi:d7513341-d98b-4204-ab7c-d8c1397f684c,d7513341-d98b-4204-ab7c-d8c1397f684c,kimi,True,32,False,,False,False,Agent Tools,Skill Invocation,lambda/hermes-agent-reasoning-traces:kimi:train:516,ok,
hermes:kimi:d75551fe-706e-4995-b887-c5dfb7aadfad,d75551fe-706e-4995-b887-c5dfb7aadfad,kimi,True,54,False,,False,False,Repository Tasks,Bug Fix,lambda/hermes-agent-reasoning-traces:kimi:train:1486,ok,
hermes:kimi:d797fd2a-8658-4e39-8072-b4c4cded152d,d797fd2a-8658-4e39-8072-b4c4cded152d,kimi,True,34,False,,False,False,Agent Tools,Testing & CI,lambda/hermes-agent-reasoning-traces:kimi:train:91,ok,
hermes:kimi:d7f2e088-56bc-472b-bd25-f22867e63734,d7f2e088-56bc-472b-bd25-f22867e63734,kimi,True,27,False,,False,False,Planning & Organization,Planning Tasks,lambda/hermes-agent-reasoning-traces:kimi:train:374,ok,
hermes:kimi:d8a332fa-a62d-4b50-baa9-dd72d21e4450,d8a332fa-a62d-4b50-baa9-dd72d21e4450,kimi,True,46,False,,False,False,Repository Tasks,Testing,lambda/hermes-agent-reasoning-traces:kimi:train:805,ok,
hermes:kimi:d8afc89a-969c-4d4e-b19e-eaf9eaf81053,d8afc89a-969c-4d4e-b19e-eaf9eaf81053,kimi,True,34,False,,False,False,Agent Tools,Background Processes,lambda/hermes-agent-reasoning-traces:kimi:train:20,ok,
hermes:kimi:d8e1d929-ad67-41ab-8e2e-6daad71a7f6b,d8e1d929-ad67-41ab-8e2e-6daad71a7f6b,kimi,True,34,False,,False,False,Agent Tools,Todo & Planning,lambda/hermes-agent-reasoning-traces:kimi:train:143,ok,
hermes:kimi:d8f03181-7749-4e14-8dea-01f1a0980a83,d8f03181-7749-4e14-8dea-01f1a0980a83,kimi,True,51,False,,False,False,Repository Tasks,Bug Fix,lambda/hermes-agent-reasoning-traces:kimi:train:1132,ok,
hermes:kimi:d90c1873-5d17-4891-b0aa-73b7f22f2138,d90c1873-5d17-4891-b0aa-73b7f22f2138,kimi,True,51,False,,False,False,Repository Tasks,Environment Setup,lambda/hermes-agent-reasoning-traces:kimi:train:1338,ok,
hermes:kimi:d91e91c0-36e9-4a07-859c-9e8647ab9fe1,d91e91c0-36e9-4a07-859c-9e8647ab9fe1,kimi,True,34,False,,False,False,Agent Tools,Background Processes,lambda/hermes-agent-reasoning-traces:kimi:train:344,ok,
hermes:kimi:d92ee59e-71da-495d-aba7-1a54e4fdac03,d92ee59e-71da-495d-aba7-1a54e4fdac03,kimi,True,28,False,,False,False,Repository Tasks,Environment Setup,lambda/hermes-agent-reasoning-traces:kimi:train:925,ok,
hermes:kimi:d93c1c5a-2883-4200-891f-7d1b61bcfbee,d93c1c5a-2883-4200-891f-7d1b61bcfbee,kimi,True,54,False,,False,False,Repository Tasks,Feature Implementation,lambda/hermes-agent-reasoning-traces:kimi:train:1141,ok,
hermes:kimi:d96c7a28-5457-43e0-8241-4e6399dd4644,d96c7a28-5457-43e0-8241-4e6399dd4644,kimi,True,49,False,,False,False,Repository Tasks,Testing,lambda/hermes-agent-reasoning-traces:kimi:train:1001,ok,
hermes:kimi:d99a6738-113d-46da-bdcf-f9440a622a3a,d99a6738-113d-46da-bdcf-f9440a622a3a,kimi,True,7,False,,False,False,Agent Tools,Delegation,lambda/hermes-agent-reasoning-traces:kimi:train:75,ok,
hermes:kimi:d9a346f1-6ac7-400d-80e1-c56f3d631468,d9a346f1-6ac7-400d-80e1-c56f3d631468,kimi,True,13,False,,False,False,Agent Tools,Deployment,lambda/hermes-agent-reasoning-traces:kimi:train:67,ok,
hermes:kimi:d9c4445e-6e66-4e90-9165-1bd5880060a2,d9c4445e-6e66-4e90-9165-1bd5880060a2,kimi,True,6,False,,False,False,Agent Tools,Session & Memory,lambda/hermes-agent-reasoning-traces:kimi:train:257,ok,
hermes:kimi:da64a5d2-3c12-43cf-ad90-90789769f76f,da64a5d2-3c12-43cf-ad90-90789769f76f,kimi,True,51,False,,False,False,Repository Tasks,Bug Fix,lambda/hermes-agent-reasoning-traces:kimi:train:1218,ok,
hermes:kimi:da652b20-6569-424d-9fce-3fa732b3bc6c,da652b20-6569-424d-9fce-3fa732b3bc6c,kimi,True,54,False,,False,False,Repository Tasks,Feature Implementation,lambda/hermes-agent-reasoning-traces:kimi:train:1333,ok,
hermes:kimi:da6ce242-edd7-4493-a496-951798cc810e,da6ce242-edd7-4493-a496-951798cc810e,kimi,True,35,False,,False,False,Repository Tasks,Codebase Exploration,lambda/hermes-agent-reasoning-traces:kimi:train:1027,ok,
hermes:kimi:db1b87d6-014d-4918-8a98-1b4d016e7bba,db1b87d6-014d-4918-8a98-1b4d016e7bba,kimi,True,34,False,,False,False,Repository Tasks,Environment Setup,lambda/hermes-agent-reasoning-traces:kimi:train:820,ok,
hermes:kimi:db2a31f4-f214-4700-8889-877f0fa790ab,db2a31f4-f214-4700-8889-877f0fa790ab,kimi,True,49,False,,False,False,Repository Tasks,Environment Setup,lambda/hermes-agent-reasoning-traces:kimi:train:1115,ok,
hermes:kimi:db766a1b-08ce-448d-97ae-c13cd5bcbf49,db766a1b-08ce-448d-97ae-c13cd5bcbf49,kimi,True,34,False,,False,False,Agent Tools,Background Processes,lambda/hermes-agent-reasoning-traces:kimi:train:345,ok,
hermes:kimi:dbf61ce6-7ae5-4da3-9d2c-ebc5026510ed,dbf61ce6-7ae5-4da3-9d2c-ebc5026510ed,kimi,True,34,False,,False,False,Agent Tools,Background Processes,lambda/hermes-agent-reasoning-traces:kimi:train:286,ok,
hermes:kimi:dc122573-57a0-4405-81ad-061fa3aeae99,dc122573-57a0-4405-81ad-061fa3aeae99,kimi,True,54,False,,False,False,Repository Tasks,Bug Fix,lambda/hermes-agent-reasoning-traces:kimi:train:535,ok,
hermes:kimi:dc167651-30aa-4fdf-ac0a-62a0651741c9,dc167651-30aa-4fdf-ac0a-62a0651741c9,kimi,True,54,False,,False,False,Repository Tasks,Feature Implementation,lambda/hermes-agent-reasoning-traces:kimi:train:803,ok,
hermes:kimi:dc371d6f-aca6-4e2c-8295-fb93989f74a8,dc371d6f-aca6-4e2c-8295-fb93989f74a8,kimi,True,54,False,,False,False,Repository Tasks,Codebase Exploration,lambda/hermes-agent-reasoning-traces:kimi:train:582,ok,
hermes:kimi:dc3dd30e-4700-4d86-bc6d-d5e1128dbd65,dc3dd30e-4700-4d86-bc6d-d5e1128dbd65,kimi,True,50,False,,False,False,Repository Tasks,Bug Fix,lambda/hermes-agent-reasoning-traces:kimi:train:1361,ok,
hermes:kimi:dc8a24e7-4b6a-45a3-97ac-2fdf8ee7ecec,dc8a24e7-4b6a-45a3-97ac-2fdf8ee7ecec,kimi,True,51,False,,False,False,Repository Tasks,Bug Fix,lambda/hermes-agent-reasoning-traces:kimi:train:894,ok,
hermes:kimi:dcc4fd6e-fc51-457f-9944-2c3be24216ef,dcc4fd6e-fc51-457f-9944-2c3be24216ef,kimi,True,54,False,,False,False,Repository Tasks,Bug Fix,lambda/hermes-agent-reasoning-traces:kimi:train:801,ok,
hermes:kimi:dcd9560d-8d66-4442-85cf-2b50d25f56e4,dcd9560d-8d66-4442-85cf-2b50d25f56e4,kimi,True,34,False,,False,False,Agent Tools,Memory & Context,lambda/hermes-agent-reasoning-traces:kimi:train:265,ok,
hermes:kimi:dce9a475-aea9-4d87-8a21-3b964309fd4b,dce9a475-aea9-4d87-8a21-3b964309fd4b,kimi,True,54,False,,False,False,Repository Tasks,Environment Setup,lambda/hermes-agent-reasoning-traces:kimi:train:933,ok,
hermes:kimi:dd201dd2-af6a-4238-aafd-e07c5080f3a8,dd201dd2-af6a-4238-aafd-e07c5080f3a8,kimi,True,34,False,,False,False,Agent Tools,Todo & Planning,lambda/hermes-agent-reasoning-traces:kimi:train:312,ok,
hermes:kimi:dd6358fe-2534-4c3b-ae46-e003b70d7c5e,dd6358fe-2534-4c3b-ae46-e003b70d7c5e,kimi,True,54,False,,False,False,Repository Tasks,Environment Setup,lambda/hermes-agent-reasoning-traces:kimi:train:990,ok,
hermes:kimi:ddb9d252-7359-4f37-97aa-e8c18b5e0a62,ddb9d252-7359-4f37-97aa-e8c18b5e0a62,kimi,True,54,False,,False,False,Repository Tasks,Codebase Exploration,lambda/hermes-agent-reasoning-traces:kimi:train:946,ok,
hermes:kimi:de0504c2-1d7a-4089-b6e7-055611eaa60d,de0504c2-1d7a-4089-b6e7-055611eaa60d,kimi,True,54,False,,False,False,Repository Tasks,Testing,lambda/hermes-agent-reasoning-traces:kimi:train:1268,ok,
hermes:kimi:de6142d2-87f7-47eb-a3dc-533d53cb6773,de6142d2-87f7-47eb-a3dc-533d53cb6773,kimi,True,47,False,,False,False,Repository Tasks,Codebase Exploration,lambda/hermes-agent-reasoning-traces:kimi:train:1119,ok,
hermes:kimi:de6be960-1965-4634-80fe-2ef5fcfd439c,de6be960-1965-4634-80fe-2ef5fcfd439c,kimi,True,34,False,,False,False,Agent Tools,Testing & CI,lambda/hermes-agent-reasoning-traces:kimi:train:86,ok,
hermes:kimi:de85ba25-3e93-4c7f-b561-bd9d11388c6e,de85ba25-3e93-4c7f-b561-bd9d11388c6e,kimi,True,10,False,,False,False,Agent Tools,Skill Invocation,lambda/hermes-agent-reasoning-traces:kimi:train:94,ok,
hermes:kimi:dea3d59f-9912-4940-93eb-167904fc583a,dea3d59f-9912-4940-93eb-167904fc583a,kimi,True,49,False,,False,False,Repository Tasks,Environment Setup,lambda/hermes-agent-reasoning-traces:kimi:train:821,ok,
hermes:kimi:deca8b65-9862-4948-a034-cd9ded553977,deca8b65-9862-4948-a034-cd9ded553977,kimi,True,13,False,,False,False,Agent Tools,Skill Invocation,lambda/hermes-agent-reasoning-traces:kimi:train:188,ok,
hermes:kimi:dee0ef42-063b-4b39-a395-39e9a5a5d242,dee0ef42-063b-4b39-a395-39e9a5a5d242,kimi,True,30,False,,False,False,Agent Tools,Testing & CI,lambda/hermes-agent-reasoning-traces:kimi:train:53,ok,
hermes:kimi:dee63223-90e0-4051-85ca-cf8ab63e61d0,dee63223-90e0-4051-85ca-cf8ab63e61d0,kimi,True,49,False,,False,False,Repository Tasks,Codebase Exploration,lambda/hermes-agent-reasoning-traces:kimi:train:1372,ok,
hermes:kimi:df6c27e3-840c-4763-992f-c5884cb5bda9,df6c27e3-840c-4763-992f-c5884cb5bda9,kimi,True,54,False,,False,False,Repository Tasks,Testing,lambda/hermes-agent-reasoning-traces:kimi:train:905,ok,
hermes:kimi:e0153180-96c8-4dd4-aa56-fddbdc53cb39,e0153180-96c8-4dd4-aa56-fddbdc53cb39,kimi,True,54,False,,False,False,Repository Tasks,Testing,lambda/hermes-agent-reasoning-traces:kimi:train:753,ok,
hermes:kimi:e02fece8-4e61-489d-838e-05383ae4ee7b,e02fece8-4e61-489d-838e-05383ae4ee7b,kimi,True,51,False,,False,False,Repository Tasks,Environment Setup,lambda/hermes-agent-reasoning-traces:kimi:train:1375,ok,
hermes:kimi:e07476d6-f513-46d8-9012-3c02daef8665,e07476d6-f513-46d8-9012-3c02daef8665,kimi,True,47,False,,False,False,Repository Tasks,Codebase Exploration,lambda/hermes-agent-reasoning-traces:kimi:train:1349,ok,
hermes:kimi:e09f431a-d088-4d17-b387-6f690257f328,e09f431a-d088-4d17-b387-6f690257f328,kimi,True,49,False,,False,False,Repository Tasks,Documentation,lambda/hermes-agent-reasoning-traces:kimi:train:576,ok,
hermes:kimi:e0e55622-a1ff-4296-abb9-6ef3ff997298,e0e55622-a1ff-4296-abb9-6ef3ff997298,kimi,True,5,False,,False,False,Agent Tools,Delegation,lambda/hermes-agent-reasoning-traces:kimi:train:302,ok,
hermes:kimi:e0eadf29-fd03-4519-aff1-da73699cee29,e0eadf29-fd03-4519-aff1-da73699cee29,kimi,True,51,False,,False,False,Repository Tasks,Feature Implementation,lambda/hermes-agent-reasoning-traces:kimi:train:1405,ok,
hermes:kimi:e0eb78d1-c0c6-434a-a141-7fdd2ffe1ed4,e0eb78d1-c0c6-434a-a141-7fdd2ffe1ed4,kimi,True,22,False,,False,False,Terminal & Coding,Terminal Tasks,lambda/hermes-agent-reasoning-traces:kimi:train:115,ok,
hermes:kimi:e0faf24b-e135-412f-b89d-c90b263e677b,e0faf24b-e135-412f-b89d-c90b263e677b,kimi,True,10,False,,False,False,Agent Tools,Session & Memory,lambda/hermes-agent-reasoning-traces:kimi:train:13,ok,
hermes:kimi:e13cb9b7-d642-4e3e-a34d-64c716c6a43b,e13cb9b7-d642-4e3e-a34d-64c716c6a43b,kimi,True,34,False,,False,False,Agent Tools,Background Processes,lambda/hermes-agent-reasoning-traces:kimi:train:31,ok,
hermes:kimi:e15446ef-c105-40ef-986d-aa5cf52adfd6,e15446ef-c105-40ef-986d-aa5cf52adfd6,kimi,True,37,False,,False,False,Repository Tasks,Documentation,lambda/hermes-agent-reasoning-traces:kimi:train:1004,ok,
hermes:kimi:e169bb0a-97fb-45f9-b2fd-b3d35bb2d898,e169bb0a-97fb-45f9-b2fd-b3d35bb2d898,kimi,True,54,False,,False,False,Repository Tasks,Bug Fix,lambda/hermes-agent-reasoning-traces:kimi:train:1437,ok,
hermes:kimi:e1d3808a-5165-4777-8b88-07bbb0a540c6,e1d3808a-5165-4777-8b88-07bbb0a540c6,kimi,True,52,False,,False,False,Repository Tasks,Testing,lambda/hermes-agent-reasoning-traces:kimi:train:1344,ok,
hermes:kimi:e2748287-db7b-4396-b92a-71680f6af34f,e2748287-db7b-4396-b92a-71680f6af34f,kimi,True,44,False,,False,False,Repository Tasks,Bug Fix,lambda/hermes-agent-reasoning-traces:kimi:train:975,ok,
hermes:kimi:e2c9fb0e-de8c-45dc-b302-631c972763a9,e2c9fb0e-de8c-45dc-b302-631c972763a9,kimi,True,5,False,,False,False,Planning & Organization,Planning Tasks,lambda/hermes-agent-reasoning-traces:kimi:train:173,ok,
hermes:kimi:e2da24d3-8fa1-46dc-89d5-1be63355da82,e2da24d3-8fa1-46dc-89d5-1be63355da82,kimi,True,9,False,,False,False,Agent Tools,Delegation,lambda/hermes-agent-reasoning-traces:kimi:train:228,ok,
hermes:kimi:e2dd5105-6dd9-4e5f-901f-84d25856f837,e2dd5105-6dd9-4e5f-901f-84d25856f837,kimi,True,23,False,,False,False,Agent Tools,Delegation,lambda/hermes-agent-reasoning-traces:kimi:train:331,ok,
hermes:kimi:e30f6eb3-27b7-49e5-952c-fc43fe92cba5,e30f6eb3-27b7-49e5-952c-fc43fe92cba5,kimi,True,49,False,,False,False,Repository Tasks,Bug Fix,lambda/hermes-agent-reasoning-traces:kimi:train:1483,ok,
hermes:kimi:e322c960-9319-40cd-a562-beaa540cf571,e322c960-9319-40cd-a562-beaa540cf571,kimi,True,51,False,,False,False,Repository Tasks,Testing,lambda/hermes-agent-reasoning-traces:kimi:train:960,ok,
hermes:kimi:e32d8f63-172f-482d-99ef-b180ee359dd5,e32d8f63-172f-482d-99ef-b180ee359dd5,kimi,True,5,False,,False,False,Agent Tools,Session & Memory,lambda/hermes-agent-reasoning-traces:kimi:train:290,ok,
hermes:kimi:e34c2c13-4e01-4fd7-9056-ef7dfa96f356,e34c2c13-4e01-4fd7-9056-ef7dfa96f356,kimi,True,33,False,,False,False,Repository Tasks,Environment Setup,lambda/hermes-agent-reasoning-traces:kimi:train:994,ok,
hermes:kimi:e362695e-1009-4fba-8cb9-3c2d6cd383ab,e362695e-1009-4fba-8cb9-3c2d6cd383ab,kimi,True,21,False,,False,False,Agent Tools,Memory & Context,lambda/hermes-agent-reasoning-traces:kimi:train:383,ok,
hermes:kimi:e371c722-2093-43fc-97bf-99b945989e27,e371c722-2093-43fc-97bf-99b945989e27,kimi,True,51,False,,False,False,Repository Tasks,Codebase Exploration,lambda/hermes-agent-reasoning-traces:kimi:train:1103,ok,
hermes:kimi:e39bc972-c7a8-4819-8efb-062b0bc4babc,e39bc972-c7a8-4819-8efb-062b0bc4babc,kimi,True,54,False,,False,False,Repository Tasks,Feature Implementation,lambda/hermes-agent-reasoning-traces:kimi:train:1274,ok,
hermes:kimi:e3be5f6f-5b6b-4c54-841b-8baf5e5fe8b4,e3be5f6f-5b6b-4c54-841b-8baf5e5fe8b4,kimi,True,7,False,,False,False,Planning & Organization,Planning Tasks,lambda/hermes-agent-reasoning-traces:kimi:train:74,ok,
hermes:kimi:e3c20d07-2210-4681-b975-ed57f6c93974,e3c20d07-2210-4681-b975-ed57f6c93974,kimi,True,23,False,,False,False,Agent Tools,Sandbox Execution,lambda/hermes-agent-reasoning-traces:kimi:train:77,ok,
hermes:kimi:e3cd2fd0-c44c-4953-aa35-978b36e3743e,e3cd2fd0-c44c-4953-aa35-978b36e3743e,kimi,True,6,False,,False,False,Agent Tools,Skill Invocation,lambda/hermes-agent-reasoning-traces:kimi:train:136,ok,
hermes:kimi:e3cd99e1-f35f-48a9-bb9c-a709d8719839,e3cd99e1-f35f-48a9-bb9c-a709d8719839,kimi,True,31,False,,False,False,Agent Tools,Background Processes,lambda/hermes-agent-reasoning-traces:kimi:train:213,ok,
hermes:kimi:e402687d-4868-411e-8984-ba8b01fc7dbe,e402687d-4868-411e-8984-ba8b01fc7dbe,kimi,True,34,False,,False,False,Agent Tools,Memory & Context,lambda/hermes-agent-reasoning-traces:kimi:train:335,ok,
hermes:kimi:e432feae-8dc0-434e-b1ea-3d1bb3f98dac,e432feae-8dc0-434e-b1ea-3d1bb3f98dac,kimi,True,5,False,,False,False,Agent Tools,Sandbox Execution,lambda/hermes-agent-reasoning-traces:kimi:train:425,ok,
hermes:kimi:e4704eb3-3885-40a5-a130-82c68e95ad20,e4704eb3-3885-40a5-a130-82c68e95ad20,kimi,True,51,False,,False,False,Repository Tasks,Environment Setup,lambda/hermes-agent-reasoning-traces:kimi:train:834,ok,
hermes:kimi:e490cca8-ee32-40c8-8c96-acd1a6eae8a6,e490cca8-ee32-40c8-8c96-acd1a6eae8a6,kimi,True,54,False,,False,False,Repository Tasks,Bug Fix,lambda/hermes-agent-reasoning-traces:kimi:train:1394,ok,
hermes:kimi:e542b930-bbba-43c2-be2e-a6532c0ab3af,e542b930-bbba-43c2-be2e-a6532c0ab3af,kimi,True,51,False,,False,False,Repository Tasks,Codebase Exploration,lambda/hermes-agent-reasoning-traces:kimi:train:1312,ok,
hermes:kimi:e56333ba-03a8-46ec-b97c-d5219cab0427,e56333ba-03a8-46ec-b97c-d5219cab0427,kimi,True,45,False,,False,False,Repository Tasks,Bug Fix,lambda/hermes-agent-reasoning-traces:kimi:train:914,ok,
hermes:kimi:e570e1cb-8dbd-46b7-b10a-db437fe74e79,e570e1cb-8dbd-46b7-b10a-db437fe74e79,kimi,True,49,False,,False,False,Repository Tasks,Codebase Exploration,lambda/hermes-agent-reasoning-traces:kimi:train:651,ok,
hermes:kimi:e5776884-acd3-4878-aa70-b96b41864a2f,e5776884-acd3-4878-aa70-b96b41864a2f,kimi,True,54,False,,False,False,Repository Tasks,Testing,lambda/hermes-agent-reasoning-traces:kimi:train:1476,ok,
hermes:kimi:e57c0b6d-a877-4476-95cc-0d416479d4b9,e57c0b6d-a877-4476-95cc-0d416479d4b9,kimi,True,54,False,,False,False,Repository Tasks,Testing,lambda/hermes-agent-reasoning-traces:kimi:train:632,ok,
hermes:kimi:e58365b5-acc5-4616-8816-f4049d47dd3d,e58365b5-acc5-4616-8816-f4049d47dd3d,kimi,True,49,False,,False,False,Repository Tasks,Codebase Exploration,lambda/hermes-agent-reasoning-traces:kimi:train:1105,ok,
hermes:kimi:e58c86fe-55c2-475e-b3c7-e771fa586278,e58c86fe-55c2-475e-b3c7-e771fa586278,kimi,True,54,False,,False,False,Repository Tasks,Testing,lambda/hermes-agent-reasoning-traces:kimi:train:1170,ok,
hermes:kimi:e5a53d08-85b7-43d1-a67c-3b30caf56bde,e5a53d08-85b7-43d1-a67c-3b30caf56bde,kimi,True,47,False,,False,False,Repository Tasks,Codebase Exploration,lambda/hermes-agent-reasoning-traces:kimi:train:850,ok,
hermes:kimi:e5a8694a-27cc-4ca5-b506-315d701af9ae,e5a8694a-27cc-4ca5-b506-315d701af9ae,kimi,True,54,False,,False,False,Repository Tasks,Testing,lambda/hermes-agent-reasoning-traces:kimi:train:701,ok,
hermes:kimi:e5b4655a-a28d-4c79-9635-1b9db7ae53f3,e5b4655a-a28d-4c79-9635-1b9db7ae53f3,kimi,True,51,False,,False,False,Repository Tasks,Bug Fix,lambda/hermes-agent-reasoning-traces:kimi:train:1109,ok,
hermes:kimi:e5fa4e1f-3edf-4a2c-a23e-52d2c9416b16,e5fa4e1f-3edf-4a2c-a23e-52d2c9416b16,kimi,True,54,False,,False,False,Repository Tasks,Environment Setup,lambda/hermes-agent-reasoning-traces:kimi:train:1130,ok,
hermes:kimi:e6305136-af76-4269-a60e-fb2c259c9b22,e6305136-af76-4269-a60e-fb2c259c9b22,kimi,True,49,False,,False,False,Repository Tasks,Environment Setup,lambda/hermes-agent-reasoning-traces:kimi:train:603,ok,
hermes:kimi:e66fc507-ce44-4fd5-aaff-67e5e9616d12,e66fc507-ce44-4fd5-aaff-67e5e9616d12,kimi,True,51,False,,False,False,Repository Tasks,Environment Setup,lambda/hermes-agent-reasoning-traces:kimi:train:612,ok,
hermes:kimi:e6a92fb9-e840-4fe6-a5b9-f2d2458445d5,e6a92fb9-e840-4fe6-a5b9-f2d2458445d5,kimi,True,54,False,,False,False,Repository Tasks,Codebase Exploration,lambda/hermes-agent-reasoning-traces:kimi:train:668,ok,
hermes:kimi:e6aa6dfc-8a43-4314-bbb8-6886b6e8fa41,e6aa6dfc-8a43-4314-bbb8-6886b6e8fa41,kimi,True,5,False,,False,False,Agent Tools,Sandbox Execution,lambda/hermes-agent-reasoning-traces:kimi:train:83,ok,
hermes:kimi:e6d030e7-8267-4201-bbab-fb5bca3154a0,e6d030e7-8267-4201-bbab-fb5bca3154a0,kimi,True,20,False,,False,False,Planning & Organization,Planning Tasks,lambda/hermes-agent-reasoning-traces:kimi:train:441,ok,
hermes:kimi:e6d0c851-dd71-41e2-8ac7-c3186eadf526,e6d0c851-dd71-41e2-8ac7-c3186eadf526,kimi,True,5,False,,False,False,Agent Tools,Sandbox Execution,lambda/hermes-agent-reasoning-traces:kimi:train:44,ok,
hermes:kimi:e6f592b8-9e73-4a14-9631-595f47090002,e6f592b8-9e73-4a14-9631-595f47090002,kimi,True,27,False,,False,False,Repository Tasks,Codebase Exploration,lambda/hermes-agent-reasoning-traces:kimi:train:1288,ok,
hermes:kimi:e72600c4-203a-4bd5-a380-96d99b55e715,e72600c4-203a-4bd5-a380-96d99b55e715,kimi,True,51,False,,False,False,Repository Tasks,Bug Fix,lambda/hermes-agent-reasoning-traces:kimi:train:1144,ok,
hermes:kimi:e7271aba-f79f-4f9c-bc42-11a8ac3d199a,e7271aba-f79f-4f9c-bc42-11a8ac3d199a,kimi,True,54,False,,False,False,Repository Tasks,Environment Setup,lambda/hermes-agent-reasoning-traces:kimi:train:527,ok,
hermes:kimi:e7ba4c46-fa6c-4314-9597-0a47ea3a7933,e7ba4c46-fa6c-4314-9597-0a47ea3a7933,kimi,True,45,False,,False,False,Repository Tasks,Environment Setup,lambda/hermes-agent-reasoning-traces:kimi:train:846,ok,
hermes:kimi:e7c4c23c-6f3d-4394-a6c8-1341db87b2ea,e7c4c23c-6f3d-4394-a6c8-1341db87b2ea,kimi,True,21,False,,False,False,Repository Tasks,Codebase Exploration,lambda/hermes-agent-reasoning-traces:kimi:train:1110,ok,
hermes:kimi:e7db26f6-cdb4-4dc2-9165-dfc3f5051032,e7db26f6-cdb4-4dc2-9165-dfc3f5051032,kimi,True,7,False,,False,False,Agent Tools,Clarification,lambda/hermes-agent-reasoning-traces:kimi:train:506,ok,
hermes:kimi:e82075f8-0906-4b42-bd49-d32c02dd2846,e82075f8-0906-4b42-bd49-d32c02dd2846,kimi,True,54,False,,False,False,Repository Tasks,Feature Implementation,lambda/hermes-agent-reasoning-traces:kimi:train:950,ok,
hermes:kimi:e84cf4a1-9d46-456a-8d24-9b0a211fc112,e84cf4a1-9d46-456a-8d24-9b0a211fc112,kimi,True,21,False,,False,False,Repository Tasks,Bug Fix,lambda/hermes-agent-reasoning-traces:kimi:train:844,ok,
hermes:kimi:e84f4641-1e66-489c-9823-746d206d11db,e84f4641-1e66-489c-9823-746d206d11db,kimi,True,51,False,,False,False,Repository Tasks,Bug Fix,lambda/hermes-agent-reasoning-traces:kimi:train:1215,ok,
hermes:kimi:e85153af-fcc9-4168-bfd4-5a5583eee720,e85153af-fcc9-4168-bfd4-5a5583eee720,kimi,True,54,False,,False,False,Repository Tasks,Bug Fix,lambda/hermes-agent-reasoning-traces:kimi:train:928,ok,
hermes:kimi:e8a897ec-6e45-4600-8fcd-1d4d54f05ead,e8a897ec-6e45-4600-8fcd-1d4d54f05ead,kimi,True,54,False,,False,False,Repository Tasks,Environment Setup,lambda/hermes-agent-reasoning-traces:kimi:train:1235,ok,
hermes:kimi:e8cc3347-c0d5-49db-a6f4-500a0b107bf4,e8cc3347-c0d5-49db-a6f4-500a0b107bf4,kimi,True,30,False,,False,False,Agent Tools,Background Processes,lambda/hermes-agent-reasoning-traces:kimi:train:310,ok,
hermes:kimi:e8dec9a3-6bcb-4ccf-80b3-f3bc93d80e36,e8dec9a3-6bcb-4ccf-80b3-f3bc93d80e36,kimi,True,54,False,,False,False,Repository Tasks,Feature Implementation,lambda/hermes-agent-reasoning-traces:kimi:train:776,ok,
hermes:kimi:e9338916-3bf9-46be-b894-8cdf3ef909ec,e9338916-3bf9-46be-b894-8cdf3ef909ec,kimi,True,51,False,,False,False,Repository Tasks,Feature Implementation,lambda/hermes-agent-reasoning-traces:kimi:train:771,ok,
hermes:kimi:e93576ee-8247-435d-a5a6-5adc548d680a,e93576ee-8247-435d-a5a6-5adc548d680a,kimi,True,54,False,,False,False,Repository Tasks,Feature Implementation,lambda/hermes-agent-reasoning-traces:kimi:train:1223,ok,
hermes:kimi:e9838a8c-713f-430d-b93b-6214a5986b1b,e9838a8c-713f-430d-b93b-6214a5986b1b,kimi,True,54,False,,False,False,Repository Tasks,Environment Setup,lambda/hermes-agent-reasoning-traces:kimi:train:738,ok,
hermes:kimi:e98abb8f-a9bd-4484-ac5c-5e4b4744e9cf,e98abb8f-a9bd-4484-ac5c-5e4b4744e9cf,kimi,True,54,False,,False,False,Repository Tasks,Environment Setup,lambda/hermes-agent-reasoning-traces:kimi:train:1410,ok,
hermes:kimi:e99043c9-3e4e-4242-bbac-22d74f3b1e00,e99043c9-3e4e-4242-bbac-22d74f3b1e00,kimi,True,54,False,,False,False,Repository Tasks,Codebase Exploration,lambda/hermes-agent-reasoning-traces:kimi:train:1466,ok,
hermes:kimi:ea3f7fa7-3642-4ef6-8967-b71845ca220f,ea3f7fa7-3642-4ef6-8967-b71845ca220f,kimi,True,34,False,,False,False,Planning & Organization,Planning Tasks,lambda/hermes-agent-reasoning-traces:kimi:train:367,ok,
hermes:kimi:ea7d6070-5f06-46f0-ae4a-2e645a214db8,ea7d6070-5f06-46f0-ae4a-2e645a214db8,kimi,True,10,False,,False,False,Agent Tools,Todo & Planning,lambda/hermes-agent-reasoning-traces:kimi:train:238,ok,
hermes:kimi:ea86dbe4-8ac1-4acf-9fe4-2d83da34112a,ea86dbe4-8ac1-4acf-9fe4-2d83da34112a,kimi,True,54,False,,False,False,Repository Tasks,General,lambda/hermes-agent-reasoning-traces:kimi:train:572,ok,
hermes:kimi:eab1faae-184a-4ffd-ae92-3eb478b3a9f0,eab1faae-184a-4ffd-ae92-3eb478b3a9f0,kimi,True,49,False,,False,False,Repository Tasks,Environment Setup,lambda/hermes-agent-reasoning-traces:kimi:train:1412,ok,
hermes:kimi:eae79266-295c-42bd-8635-42052c091230,eae79266-295c-42bd-8635-42052c091230,kimi,True,16,False,,False,False,Agent Tools,Memory & Context,lambda/hermes-agent-reasoning-traces:kimi:train:436,ok,
hermes:kimi:eb19ae06-5541-4826-83c1-bf19c9b93dfe,eb19ae06-5541-4826-83c1-bf19c9b93dfe,kimi,True,54,False,,False,False,Repository Tasks,Feature Implementation,lambda/hermes-agent-reasoning-traces:kimi:train:788,ok,
hermes:kimi:eb6aa8c5-2c7e-406a-a4a0-ff5ac0fd1f3e,eb6aa8c5-2c7e-406a-a4a0-ff5ac0fd1f3e,kimi,True,46,False,,False,False,Repository Tasks,Environment Setup,lambda/hermes-agent-reasoning-traces:kimi:train:534,ok,
hermes:kimi:eb90c689-e926-49c0-91b4-28cc25dcdd55,eb90c689-e926-49c0-91b4-28cc25dcdd55,kimi,True,11,False,,False,False,Agent Tools,Deployment,lambda/hermes-agent-reasoning-traces:kimi:train:138,ok,
hermes:kimi:eba92cee-1a6b-41f4-aa39-a7aa7a1f0039,eba92cee-1a6b-41f4-aa39-a7aa7a1f0039,kimi,True,34,False,,False,False,Agent Tools,Todo & Planning,lambda/hermes-agent-reasoning-traces:kimi:train:432,ok,
hermes:kimi:ebbf7642-59db-446a-9ce4-76da0d201f10,ebbf7642-59db-446a-9ce4-76da0d201f10,kimi,True,54,False,,False,False,Repository Tasks,Environment Setup,lambda/hermes-agent-reasoning-traces:kimi:train:1348,ok,
hermes:kimi:ebc39010-cee1-4645-b581-470f6bab107e,ebc39010-cee1-4645-b581-470f6bab107e,kimi,True,54,False,,False,False,Repository Tasks,Bug Fix,lambda/hermes-agent-reasoning-traces:kimi:train:659,ok,
hermes:kimi:ebd59d4d-1fb6-479e-90e3-c5b82e0d51db,ebd59d4d-1fb6-479e-90e3-c5b82e0d51db,kimi,True,13,False,,False,False,Agent Tools,Delegation,lambda/hermes-agent-reasoning-traces:kimi:train:380,ok,
hermes:kimi:ebdd8f25-fb88-4a5f-ae18-f0628b0cce0e,ebdd8f25-fb88-4a5f-ae18-f0628b0cce0e,kimi,True,54,False,,False,False,Repository Tasks,Environment Setup,lambda/hermes-agent-reasoning-traces:kimi:train:955,ok,
hermes:kimi:ebe39f8f-0bf0-457e-b7bd-5f1ccc8f07fd,ebe39f8f-0bf0-457e-b7bd-5f1ccc8f07fd,kimi,True,50,False,,False,False,Repository Tasks,Environment Setup,lambda/hermes-agent-reasoning-traces:kimi:train:714,ok,
hermes:kimi:ec70bef8-71a5-4974-b5ae-e723212e8fa9,ec70bef8-71a5-4974-b5ae-e723212e8fa9,kimi,True,29,False,,False,False,Repository Tasks,Documentation,lambda/hermes-agent-reasoning-traces:kimi:train:684,ok,
hermes:kimi:ec764c73-5ed3-46cf-91ca-88d491b5b944,ec764c73-5ed3-46cf-91ca-88d491b5b944,kimi,True,54,False,,False,False,Repository Tasks,Feature Implementation,lambda/hermes-agent-reasoning-traces:kimi:train:810,ok,
hermes:kimi:ec95f9f0-7432-4b37-939e-fe6328901980,ec95f9f0-7432-4b37-939e-fe6328901980,kimi,True,28,False,,False,False,Agent Tools,Memory & Context,lambda/hermes-agent-reasoning-traces:kimi:train:507,ok,
hermes:kimi:ecb04c6c-29c7-491b-b4c8-e223138a7745,ecb04c6c-29c7-491b-b4c8-e223138a7745,kimi,True,54,False,,False,False,Repository Tasks,Feature Implementation,lambda/hermes-agent-reasoning-traces:kimi:train:893,ok,
hermes:kimi:ecc5b293-660e-4755-97b3-0d97a161c5a8,ecc5b293-660e-4755-97b3-0d97a161c5a8,kimi,True,54,False,,False,False,Repository Tasks,Testing,lambda/hermes-agent-reasoning-traces:kimi:train:973,ok,
hermes:kimi:ecfccb62-feb6-420e-a80f-b453a23888a2,ecfccb62-feb6-420e-a80f-b453a23888a2,kimi,True,54,False,,False,False,Repository Tasks,Bug Fix,lambda/hermes-agent-reasoning-traces:kimi:train:1072,ok,
hermes:kimi:ed06bf47-a185-41c2-9b9f-03b4dd573fb9,ed06bf47-a185-41c2-9b9f-03b4dd573fb9,kimi,True,54,False,,False,False,Repository Tasks,Feature Implementation,lambda/hermes-agent-reasoning-traces:kimi:train:831,ok,
hermes:kimi:ed3422c4-4621-40a1-9666-147646be72ad,ed3422c4-4621-40a1-9666-147646be72ad,kimi,True,5,False,,False,False,Agent Tools,Sandbox Execution,lambda/hermes-agent-reasoning-traces:kimi:train:306,ok,
hermes:kimi:ed5d4d9e-d82a-4dfd-8295-dafe1e8a4fbc,ed5d4d9e-d82a-4dfd-8295-dafe1e8a4fbc,kimi,True,49,False,,False,False,Repository Tasks,Bug Fix,lambda/hermes-agent-reasoning-traces:kimi:train:552,ok,
hermes:kimi:ed6f014f-4f9f-4e63-9965-dbb38454a5ff,ed6f014f-4f9f-4e63-9965-dbb38454a5ff,kimi,True,33,False,,False,False,Repository Tasks,General,lambda/hermes-agent-reasoning-traces:kimi:train:1137,ok,
hermes:kimi:ed881baf-d80a-4f04-b588-0d38195a5917,ed881baf-d80a-4f04-b588-0d38195a5917,kimi,True,51,False,,False,False,Repository Tasks,Environment Setup,lambda/hermes-agent-reasoning-traces:kimi:train:1426,ok,
hermes:kimi:eda10e5d-0701-4af8-8cc5-bac8437383f4,eda10e5d-0701-4af8-8cc5-bac8437383f4,kimi,True,54,False,,False,False,Repository Tasks,Bug Fix,lambda/hermes-agent-reasoning-traces:kimi:train:1213,ok,
hermes:kimi:edc170d6-1586-4ad9-9a61-8b3e309f8e73,edc170d6-1586-4ad9-9a61-8b3e309f8e73,kimi,True,34,False,,False,False,Agent Tools,Skill Invocation,lambda/hermes-agent-reasoning-traces:kimi:train:119,ok,
hermes:kimi:ee37b514-9afc-49ef-b3fd-d08e81fcec61,ee37b514-9afc-49ef-b3fd-d08e81fcec61,kimi,True,6,False,,False,False,Agent Tools,Skill Invocation,lambda/hermes-agent-reasoning-traces:kimi:train:298,ok,
hermes:kimi:ee44e125-dc5c-49ae-b0ed-8ffce5c41525,ee44e125-dc5c-49ae-b0ed-8ffce5c41525,kimi,True,34,False,,False,False,Agent Tools,Testing & CI,lambda/hermes-agent-reasoning-traces:kimi:train:329,ok,
hermes:kimi:ee5b0bcb-c317-4ced-b425-01a8b0e9f47d,ee5b0bcb-c317-4ced-b425-01a8b0e9f47d,kimi,True,54,False,,False,False,Repository Tasks,Environment Setup,lambda/hermes-agent-reasoning-traces:kimi:train:600,ok,
hermes:kimi:eec97914-3222-454d-a7c8-e6338d729008,eec97914-3222-454d-a7c8-e6338d729008,kimi,True,34,False,,False,False,Agent Tools,Background Processes,lambda/hermes-agent-reasoning-traces:kimi:train:300,ok,
hermes:kimi:eef98752-ca1e-4f02-a1ff-97d682eba0d1,eef98752-ca1e-4f02-a1ff-97d682eba0d1,kimi,True,9,False,,False,False,Repository Tasks,Codebase Exploration,lambda/hermes-agent-reasoning-traces:kimi:train:1212,ok,
hermes:kimi:ef70f80f-9ead-4378-9329-8a808d6cc99b,ef70f80f-9ead-4378-9329-8a808d6cc99b,kimi,True,18,False,,False,False,Agent Tools,Sandbox Execution,lambda/hermes-agent-reasoning-traces:kimi:train:468,ok,
hermes:kimi:efbc38eb-fdca-4ce4-a981-f2e78abfb75a,efbc38eb-fdca-4ce4-a981-f2e78abfb75a,kimi,True,7,False,,False,False,Agent Tools,Todo & Planning,lambda/hermes-agent-reasoning-traces:kimi:train:455,ok,
hermes:kimi:efd73b39-6417-4740-9e3c-8e4c3ed512f6,efd73b39-6417-4740-9e3c-8e4c3ed512f6,kimi,True,11,False,,False,False,Agent Tools,Memory & Context,lambda/hermes-agent-reasoning-traces:kimi:train:122,ok,
hermes:kimi:f02a8bc2-7597-4939-b30c-91b7ee9d15b6,f02a8bc2-7597-4939-b30c-91b7ee9d15b6,kimi,True,49,False,,False,False,Repository Tasks,Codebase Exploration,lambda/hermes-agent-reasoning-traces:kimi:train:997,ok,
hermes:kimi:f03444c3-1f77-4480-9dc7-a7004ef5779c,f03444c3-1f77-4480-9dc7-a7004ef5779c,kimi,True,54,False,,False,False,Repository Tasks,Environment Setup,lambda/hermes-agent-reasoning-traces:kimi:train:718,ok,
hermes:kimi:f03b262a-3d4d-40af-8321-31052f401bca,f03b262a-3d4d-40af-8321-31052f401bca,kimi,True,51,False,,False,False,Repository Tasks,Bug Fix,lambda/hermes-agent-reasoning-traces:kimi:train:560,ok,
hermes:kimi:f075df0c-d67a-4fb3-9e35-52241a35585f,f075df0c-d67a-4fb3-9e35-52241a35585f,kimi,True,33,False,,False,False,Repository Tasks,Documentation,lambda/hermes-agent-reasoning-traces:kimi:train:1297,ok,
hermes:kimi:f081ba64-4b29-4086-b0d3-513988f89cbe,f081ba64-4b29-4086-b0d3-513988f89cbe,kimi,True,51,False,,False,False,Repository Tasks,Environment Setup,lambda/hermes-agent-reasoning-traces:kimi:train:1299,ok,
hermes:kimi:f0a4e72f-eda6-4cb0-a973-4937970184de,f0a4e72f-eda6-4cb0-a973-4937970184de,kimi,True,49,False,,False,False,Repository Tasks,Bug Fix,lambda/hermes-agent-reasoning-traces:kimi:train:868,ok,
hermes:kimi:f0b0a404-bc8b-4c89-ae77-31ecb67c8cc5,f0b0a404-bc8b-4c89-ae77-31ecb67c8cc5,kimi,True,31,False,,False,False,Agent Tools,Todo & Planning,lambda/hermes-agent-reasoning-traces:kimi:train:309,ok,
hermes:kimi:f0b20f2a-8dde-492e-bd04-33b99463aae6,f0b20f2a-8dde-492e-bd04-33b99463aae6,kimi,True,15,False,,False,False,Agent Tools,Skill Invocation,lambda/hermes-agent-reasoning-traces:kimi:train:270,ok,
hermes:kimi:f0ee354c-3c3b-4620-9d74-b65c9911339a,f0ee354c-3c3b-4620-9d74-b65c9911339a,kimi,True,51,False,,False,False,Repository Tasks,Environment Setup,lambda/hermes-agent-reasoning-traces:kimi:train:589,ok,
hermes:kimi:f11e4b18-9090-4cc4-a72f-765b158664f0,f11e4b18-9090-4cc4-a72f-765b158664f0,kimi,True,24,False,,False,False,Repository Tasks,Environment Setup,lambda/hermes-agent-reasoning-traces:kimi:train:1175,ok,
hermes:kimi:f138abef-c1e0-48dd-9bea-9ffdf70f92bb,f138abef-c1e0-48dd-9bea-9ffdf70f92bb,kimi,True,34,False,,False,False,Agent Tools,Background Processes,lambda/hermes-agent-reasoning-traces:kimi:train:210,ok,
hermes:kimi:f1632862-e02e-417b-a6bb-63c8368ac545,f1632862-e02e-417b-a6bb-63c8368ac545,kimi,True,34,False,,False,False,Agent Tools,Memory & Context,lambda/hermes-agent-reasoning-traces:kimi:train:386,ok,
hermes:kimi:f18a0a91-6cd8-4661-8914-df60b8de9cfb,f18a0a91-6cd8-4661-8914-df60b8de9cfb,kimi,True,31,False,,False,False,Agent Tools,Skill Invocation,lambda/hermes-agent-reasoning-traces:kimi:train:470,ok,
hermes:kimi:f19e3f64-f301-4475-bbfa-ae3e12f7a49a,f19e3f64-f301-4475-bbfa-ae3e12f7a49a,kimi,True,50,False,,False,False,Repository Tasks,Bug Fix,lambda/hermes-agent-reasoning-traces:kimi:train:1046,ok,
hermes:kimi:f1dfe647-dccb-48fd-a022-5d925bad985b,f1dfe647-dccb-48fd-a022-5d925bad985b,kimi,True,54,False,,False,False,Repository Tasks,Testing,lambda/hermes-agent-reasoning-traces:kimi:train:781,ok,
hermes:kimi:f1e6cae5-047e-4b6b-8fe5-8b2245c97b26,f1e6cae5-047e-4b6b-8fe5-8b2245c97b26,kimi,True,34,False,,False,False,Repository Tasks,Environment Setup,lambda/hermes-agent-reasoning-traces:kimi:train:1290,ok,
hermes:kimi:f1f0571e-66b9-4a79-9f99-e84e1312f483,f1f0571e-66b9-4a79-9f99-e84e1312f483,kimi,True,13,False,,False,False,Agent Tools,Clarification,lambda/hermes-agent-reasoning-traces:kimi:train:430,ok,
hermes:kimi:f2151779-df34-4e3a-ad5b-eae698e39484,f2151779-df34-4e3a-ad5b-eae698e39484,kimi,True,54,False,,False,False,Repository Tasks,Feature Implementation,lambda/hermes-agent-reasoning-traces:kimi:train:1453,ok,
hermes:kimi:f21f09df-2fc3-4d2d-931a-7f25eba4d804,f21f09df-2fc3-4d2d-931a-7f25eba4d804,kimi,True,54,False,,False,False,Repository Tasks,Bug Fix,lambda/hermes-agent-reasoning-traces:kimi:train:1202,ok,
hermes:kimi:f239b0e7-8987-4fc9-ac2d-c712ded4722e,f239b0e7-8987-4fc9-ac2d-c712ded4722e,kimi,True,51,False,,False,False,Repository Tasks,Codebase Exploration,lambda/hermes-agent-reasoning-traces:kimi:train:1138,ok,
hermes:kimi:f298fedb-b8a5-4a45-b67f-6a155f010e3c,f298fedb-b8a5-4a45-b67f-6a155f010e3c,kimi,True,54,False,,False,False,Repository Tasks,Environment Setup,lambda/hermes-agent-reasoning-traces:kimi:train:708,ok,
hermes:kimi:f2c06679-ff99-4200-8417-2906f781c9e4,f2c06679-ff99-4200-8417-2906f781c9e4,kimi,True,20,False,,False,False,Agent Tools,Skill Invocation,lambda/hermes-agent-reasoning-traces:kimi:train:478,ok,
hermes:kimi:f2e557f1-68a3-4194-81de-f4e95361a7a0,f2e557f1-68a3-4194-81de-f4e95361a7a0,kimi,True,54,False,,False,False,Repository Tasks,Bug Fix,lambda/hermes-agent-reasoning-traces:kimi:train:898,ok,
hermes:kimi:f2f99198-c85e-4d64-a9a3-02e7e270d3e8,f2f99198-c85e-4d64-a9a3-02e7e270d3e8,kimi,True,54,False,,False,False,Repository Tasks,Bug Fix,lambda/hermes-agent-reasoning-traces:kimi:train:1016,ok,
hermes:kimi:f36cd02c-9cb7-4e33-8c6a-1eee2d423b88,f36cd02c-9cb7-4e33-8c6a-1eee2d423b88,kimi,True,34,False,,False,False,Agent Tools,Memory & Context,lambda/hermes-agent-reasoning-traces:kimi:train:434,ok,
hermes:kimi:f38451d3-31e0-4bec-9c98-dd2a03965760,f38451d3-31e0-4bec-9c98-dd2a03965760,kimi,True,49,False,,False,False,Repository Tasks,Feature Implementation,lambda/hermes-agent-reasoning-traces:kimi:train:716,ok,
hermes:kimi:f3876d7d-53c7-4490-8dab-31be2c26cbc0,f3876d7d-53c7-4490-8dab-31be2c26cbc0,kimi,True,12,False,,False,False,Agent Tools,Memory & Context,lambda/hermes-agent-reasoning-traces:kimi:train:333,ok,
hermes:kimi:f39228fa-d92c-455b-94bf-28b3e2f55b48,f39228fa-d92c-455b-94bf-28b3e2f55b48,kimi,True,43,False,,False,False,Repository Tasks,Codebase Exploration,lambda/hermes-agent-reasoning-traces:kimi:train:871,ok,
hermes:kimi:f3ab6b4e-e1d2-46db-a37b-3c2d9aeb3759,f3ab6b4e-e1d2-46db-a37b-3c2d9aeb3759,kimi,True,54,False,,False,False,Repository Tasks,Bug Fix,lambda/hermes-agent-reasoning-traces:kimi:train:573,ok,
hermes:kimi:f3c673e4-59ac-4270-abd1-80a7ee3ca09c,f3c673e4-59ac-4270-abd1-80a7ee3ca09c,kimi,True,5,False,,False,False,Agent Tools,Sandbox Execution,lambda/hermes-agent-reasoning-traces:kimi:train:226,ok,
hermes:kimi:f3e9f742-1e93-4d06-810a-1f26eea486e1,f3e9f742-1e93-4d06-810a-1f26eea486e1,kimi,True,51,False,,False,False,Repository Tasks,Codebase Exploration,lambda/hermes-agent-reasoning-traces:kimi:train:900,ok,
hermes:kimi:f40c0db8-0d41-4cff-8cdf-fed9e053ab07,f40c0db8-0d41-4cff-8cdf-fed9e053ab07,kimi,True,24,False,,False,False,Agent Tools,Delegation,lambda/hermes-agent-reasoning-traces:kimi:train:370,ok,
hermes:kimi:f4769805-31a2-4d40-92e5-a65f0d501cf1,f4769805-31a2-4d40-92e5-a65f0d501cf1,kimi,True,24,False,,False,False,Agent Tools,Testing & CI,lambda/hermes-agent-reasoning-traces:kimi:train:476,ok,
hermes:kimi:f48c6a01-039b-4643-9510-5347b6c0f647,f48c6a01-039b-4643-9510-5347b6c0f647,kimi,True,54,False,,False,False,Repository Tasks,Environment Setup,lambda/hermes-agent-reasoning-traces:kimi:train:935,ok,
hermes:kimi:f49193a8-54c5-4e2f-9cd0-090fd80483a3,f49193a8-54c5-4e2f-9cd0-090fd80483a3,kimi,True,49,False,,False,False,Repository Tasks,Bug Fix,lambda/hermes-agent-reasoning-traces:kimi:train:890,ok,
hermes:kimi:f4d3b535-3d6d-42bf-9b68-ed69586769af,f4d3b535-3d6d-42bf-9b68-ed69586769af,kimi,True,47,False,,False,False,Repository Tasks,Environment Setup,lambda/hermes-agent-reasoning-traces:kimi:train:1076,ok,
hermes:kimi:f4f130e3-092b-4a22-8db9-1c1ac4087a0b,f4f130e3-092b-4a22-8db9-1c1ac4087a0b,kimi,True,54,False,,False,False,Repository Tasks,Environment Setup,lambda/hermes-agent-reasoning-traces:kimi:train:1280,ok,
hermes:kimi:f5045189-0902-4b7b-8cdd-c4f11346b95a,f5045189-0902-4b7b-8cdd-c4f11346b95a,kimi,True,31,False,,False,False,Repository Tasks,Codebase Exploration,lambda/hermes-agent-reasoning-traces:kimi:train:549,ok,
hermes:kimi:f5141f66-4497-406d-ac7e-0df4c9c359ed,f5141f66-4497-406d-ac7e-0df4c9c359ed,kimi,True,54,False,,False,False,Repository Tasks,Feature Implementation,lambda/hermes-agent-reasoning-traces:kimi:train:936,ok,
hermes:kimi:f5cb7452-0361-489e-a237-f08758820b28,f5cb7452-0361-489e-a237-f08758820b28,kimi,True,31,False,,False,False,Repository Tasks,Documentation,lambda/hermes-agent-reasoning-traces:kimi:train:915,ok,
hermes:kimi:f5d35c37-fa76-42b1-82a7-df120b49e728,f5d35c37-fa76-42b1-82a7-df120b49e728,kimi,True,54,False,,False,False,Repository Tasks,Documentation,lambda/hermes-agent-reasoning-traces:kimi:train:1421,ok,
hermes:kimi:f5e200c7-96f0-4a74-ad30-bcdabc7600a1,f5e200c7-96f0-4a74-ad30-bcdabc7600a1,kimi,True,51,False,,False,False,Repository Tasks,Environment Setup,lambda/hermes-agent-reasoning-traces:kimi:train:1211,ok,
hermes:kimi:f611f7b1-ade0-4609-8ad1-8aab8e8939fd,f611f7b1-ade0-4609-8ad1-8aab8e8939fd,kimi,True,54,False,,False,False,Repository Tasks,Bug Fix,lambda/hermes-agent-reasoning-traces:kimi:train:1397,ok,
hermes:kimi:f66d774d-6f62-468b-8b03-e38aa9fbafb7,f66d774d-6f62-468b-8b03-e38aa9fbafb7,kimi,True,31,False,,False,False,Repository Tasks,Documentation,lambda/hermes-agent-reasoning-traces:kimi:train:1374,ok,
hermes:kimi:f6a573f9-37d6-4ab8-a04f-73cd1145ac0d,f6a573f9-37d6-4ab8-a04f-73cd1145ac0d,kimi,True,49,False,,False,False,Repository Tasks,Environment Setup,lambda/hermes-agent-reasoning-traces:kimi:train:1458,ok,
hermes:kimi:f704b176-230c-44b7-a546-760dd470fa7a,f704b176-230c-44b7-a546-760dd470fa7a,kimi,True,54,False,,False,False,Repository Tasks,Environment Setup,lambda/hermes-agent-reasoning-traces:kimi:train:1152,ok,
hermes:kimi:f72646f2-0533-42e3-8629-1085a674824c,f72646f2-0533-42e3-8629-1085a674824c,kimi,True,31,False,,False,False,Agent Tools,Todo & Planning,lambda/hermes-agent-reasoning-traces:kimi:train:103,ok,
hermes:kimi:f7799d96-43a8-4c6d-a77f-5365f3d4ac5e,f7799d96-43a8-4c6d-a77f-5365f3d4ac5e,kimi,True,54,False,,False,False,Repository Tasks,Environment Setup,lambda/hermes-agent-reasoning-traces:kimi:train:1257,ok,
hermes:kimi:f7b67bd3-31da-4125-827e-8c5f8ac1d14a,f7b67bd3-31da-4125-827e-8c5f8ac1d14a,kimi,True,54,False,,False,False,Repository Tasks,Feature Implementation,lambda/hermes-agent-reasoning-traces:kimi:train:1422,ok,
hermes:kimi:f81bd784-7476-457d-83a7-955663a40ce4,f81bd784-7476-457d-83a7-955663a40ce4,kimi,True,47,False,,False,False,Repository Tasks,Codebase Exploration,lambda/hermes-agent-reasoning-traces:kimi:train:637,ok,
hermes:kimi:f8392641-08b0-4476-8ae0-931f075ff9ff,f8392641-08b0-4476-8ae0-931f075ff9ff,kimi,True,31,False,,False,False,Agent Tools,Deployment,lambda/hermes-agent-reasoning-traces:kimi:train:70,ok,
hermes:kimi:f899c413-453e-452a-93b5-eecf5dc15cc1,f899c413-453e-452a-93b5-eecf5dc15cc1,kimi,True,54,False,,False,False,Repository Tasks,Bug Fix,lambda/hermes-agent-reasoning-traces:kimi:train:909,ok,
hermes:kimi:f8e2fe85-81fe-4a05-817a-e73e5143b8b5,f8e2fe85-81fe-4a05-817a-e73e5143b8b5,kimi,True,23,False,,False,False,Agent Tools,Session & Memory,lambda/hermes-agent-reasoning-traces:kimi:train:512,ok,
hermes:kimi:f8eae64b-8aed-45cd-88c6-e285a9146813,f8eae64b-8aed-45cd-88c6-e285a9146813,kimi,True,54,False,,False,False,Repository Tasks,General,lambda/hermes-agent-reasoning-traces:kimi:train:1025,ok,
hermes:kimi:f93b5129-9359-4757-b401-8e534d9bb20f,f93b5129-9359-4757-b401-8e534d9bb20f,kimi,True,54,False,,False,False,Repository Tasks,Feature Implementation,lambda/hermes-agent-reasoning-traces:kimi:train:930,ok,
hermes:kimi:f940d6bd-dec6-4a40-b381-8ed703b4f189,f940d6bd-dec6-4a40-b381-8ed703b4f189,kimi,True,54,False,,False,False,Repository Tasks,Environment Setup,lambda/hermes-agent-reasoning-traces:kimi:train:654,ok,
hermes:kimi:f965c25c-04c8-4d56-87e8-ec8e5fa0de87,f965c25c-04c8-4d56-87e8-ec8e5fa0de87,kimi,True,54,False,,False,False,Repository Tasks,Bug Fix,lambda/hermes-agent-reasoning-traces:kimi:train:1020,ok,
hermes:kimi:f9af4eb1-5628-4eba-bbee-720afbcbf174,f9af4eb1-5628-4eba-bbee-720afbcbf174,kimi,True,54,False,,False,False,Repository Tasks,Documentation,lambda/hermes-agent-reasoning-traces:kimi:train:1314,ok,
hermes:kimi:f9ca5770-6dc3-4c19-bb09-9d3ae0091b8d,f9ca5770-6dc3-4c19-bb09-9d3ae0091b8d,kimi,True,5,False,,False,False,Planning & Organization,Planning Tasks,lambda/hermes-agent-reasoning-traces:kimi:train:266,ok,
hermes:kimi:f9cd9f63-99de-4b85-8791-545288157940,f9cd9f63-99de-4b85-8791-545288157940,kimi,True,54,False,,False,False,Repository Tasks,Codebase Exploration,lambda/hermes-agent-reasoning-traces:kimi:train:529,ok,
hermes:kimi:fa0bf8c6-c5ae-43fa-a595-bb686f169070,fa0bf8c6-c5ae-43fa-a595-bb686f169070,kimi,True,51,False,,False,False,Repository Tasks,Codebase Exploration,lambda/hermes-agent-reasoning-traces:kimi:train:604,ok,
hermes:kimi:fa82dccb-5a3e-4798-afd0-b97e0d05f534,fa82dccb-5a3e-4798-afd0-b97e0d05f534,kimi,True,29,False,,False,False,Planning & Organization,Planning Tasks,lambda/hermes-agent-reasoning-traces:kimi:train:513,ok,
hermes:kimi:faa69778-51a1-4879-bc7b-014dafcbc5f3,faa69778-51a1-4879-bc7b-014dafcbc5f3,kimi,True,34,False,,False,False,Agent Tools,Testing & CI,lambda/hermes-agent-reasoning-traces:kimi:train:279,ok,
hermes:kimi:fabbd23d-189a-478e-8030-df62ae1932da,fabbd23d-189a-478e-8030-df62ae1932da,kimi,True,23,False,,False,False,Repository Tasks,Codebase Exploration,lambda/hermes-agent-reasoning-traces:kimi:train:940,ok,
hermes:kimi:faef8f54-6c0d-4a6f-be2d-aa421821ea82,faef8f54-6c0d-4a6f-be2d-aa421821ea82,kimi,True,49,False,,False,False,Repository Tasks,Testing,lambda/hermes-agent-reasoning-traces:kimi:train:678,ok,
hermes:kimi:fb3df4e0-1fc8-4fba-812e-52365c7bcafd,fb3df4e0-1fc8-4fba-812e-52365c7bcafd,kimi,True,49,False,,False,False,Repository Tasks,Bug Fix,lambda/hermes-agent-reasoning-traces:kimi:train:792,ok,
hermes:kimi:fb40448f-75d9-48c0-b182-1bb6bf2a3d4f,fb40448f-75d9-48c0-b182-1bb6bf2a3d4f,kimi,True,31,False,,False,False,Agent Tools,Background Processes,lambda/hermes-agent-reasoning-traces:kimi:train:158,ok,
hermes:kimi:fb7fe580-6beb-42f1-9ff3-48d716948a2a,fb7fe580-6beb-42f1-9ff3-48d716948a2a,kimi,True,7,False,,False,False,Agent Tools,Delegation,lambda/hermes-agent-reasoning-traces:kimi:train:139,ok,
hermes:kimi:fba9c04e-0191-49bd-858d-c5c7ba0b4ed0,fba9c04e-0191-49bd-858d-c5c7ba0b4ed0,kimi,True,19,False,,False,False,Agent Tools,Background Processes,lambda/hermes-agent-reasoning-traces:kimi:train:297,ok,
hermes:kimi:fc00f7a7-612f-4539-87b8-5acd6773373c,fc00f7a7-612f-4539-87b8-5acd6773373c,kimi,True,39,False,,False,False,Repository Tasks,Codebase Exploration,lambda/hermes-agent-reasoning-traces:kimi:train:1475,ok,
hermes:kimi:fc1a6799-7f3b-47d7-9a86-12ba33c4eb8b,fc1a6799-7f3b-47d7-9a86-12ba33c4eb8b,kimi,True,43,False,,False,False,Repository Tasks,Environment Setup,lambda/hermes-agent-reasoning-traces:kimi:train:823,ok,
hermes:kimi:fc2b0bec-0186-4e50-b358-9c47e29527c6,fc2b0bec-0186-4e50-b358-9c47e29527c6,kimi,True,51,False,,False,False,Repository Tasks,Bug Fix,lambda/hermes-agent-reasoning-traces:kimi:train:1102,ok,
hermes:kimi:fc2c9c73-25f6-488d-bad7-5520fa05ea2b,fc2c9c73-25f6-488d-bad7-5520fa05ea2b,kimi,True,54,False,,False,False,Repository Tasks,Bug Fix,lambda/hermes-agent-reasoning-traces:kimi:train:1471,ok,
hermes:kimi:fc4ce471-8188-4d2e-a606-035068c79e50,fc4ce471-8188-4d2e-a606-035068c79e50,kimi,True,53,False,,False,False,Repository Tasks,Testing,lambda/hermes-agent-reasoning-traces:kimi:train:1107,ok,
hermes:kimi:fc51174c-7859-4c8f-9abd-d12649080c3a,fc51174c-7859-4c8f-9abd-d12649080c3a,kimi,True,5,False,,False,False,Agent Tools,Delegation,lambda/hermes-agent-reasoning-traces:kimi:train:392,ok,
hermes:kimi:fc8b00fc-cfd9-4be7-b650-90b122d14323,fc8b00fc-cfd9-4be7-b650-90b122d14323,kimi,True,28,False,,False,False,Agent Tools,Delegation,lambda/hermes-agent-reasoning-traces:kimi:train:237,ok,
hermes:kimi:fc8f0a1b-35b1-4240-9f85-4fc6e756bf08,fc8f0a1b-35b1-4240-9f85-4fc6e756bf08,kimi,True,54,False,,False,False,Repository Tasks,Codebase Exploration,lambda/hermes-agent-reasoning-traces:kimi:train:1428,ok,
hermes:kimi:fcbd80b3-17d9-40dd-bdcd-82182c737ebb,fcbd80b3-17d9-40dd-bdcd-82182c737ebb,kimi,True,35,False,,False,False,Repository Tasks,Environment Setup,lambda/hermes-agent-reasoning-traces:kimi:train:740,ok,
hermes:kimi:fce8abb6-70db-4eb6-aaae-6bc2f04d9975,fce8abb6-70db-4eb6-aaae-6bc2f04d9975,kimi,True,54,False,,False,False,Repository Tasks,Bug Fix,lambda/hermes-agent-reasoning-traces:kimi:train:736,ok,
hermes:kimi:fcfb1e22-1d21-42df-b292-acf02e1d1c17,fcfb1e22-1d21-42df-b292-acf02e1d1c17,kimi,True,51,False,,False,False,Repository Tasks,Environment Setup,lambda/hermes-agent-reasoning-traces:kimi:train:741,ok,
hermes:kimi:fd1c948b-e0bb-49e9-9584-88f0dd5e2cef,fd1c948b-e0bb-49e9-9584-88f0dd5e2cef,kimi,True,41,False,,False,False,Repository Tasks,Documentation,lambda/hermes-agent-reasoning-traces:kimi:train:691,ok,
hermes:kimi:fd689714-a21e-400a-afc8-395a74fbf58c,fd689714-a21e-400a-afc8-395a74fbf58c,kimi,True,49,False,,False,False,Repository Tasks,Documentation,lambda/hermes-agent-reasoning-traces:kimi:train:829,ok,
hermes:kimi:fdb3fc47-b53b-4ae1-9a69-1b4465f0e57d,fdb3fc47-b53b-4ae1-9a69-1b4465f0e57d,kimi,True,54,False,,False,False,Repository Tasks,Feature Implementation,lambda/hermes-agent-reasoning-traces:kimi:train:892,ok,
hermes:kimi:fdc13e7d-1d5b-4a89-8143-855979aaf6d0,fdc13e7d-1d5b-4a89-8143-855979aaf6d0,kimi,True,54,False,,False,False,Repository Tasks,Bug Fix,lambda/hermes-agent-reasoning-traces:kimi:train:1148,ok,
hermes:kimi:fde383b9-e264-4641-9951-6a2924a765af,fde383b9-e264-4641-9951-6a2924a765af,kimi,True,11,False,,False,False,Agent Tools,Session & Memory,lambda/hermes-agent-reasoning-traces:kimi:train:200,ok,
hermes:kimi:fe288a97-180a-418b-a703-77dd5b8a0200,fe288a97-180a-418b-a703-77dd5b8a0200,kimi,True,34,False,,False,False,Agent Tools,Testing & CI,lambda/hermes-agent-reasoning-traces:kimi:train:489,ok,
hermes:kimi:fe50bcef-748b-4132-a21e-3c6ca4e3c7f2,fe50bcef-748b-4132-a21e-3c6ca4e3c7f2,kimi,True,44,False,,False,False,Repository Tasks,Bug Fix,lambda/hermes-agent-reasoning-traces:kimi:train:739,ok,
hermes:kimi:fe59d3c3-d1cd-412a-9bdd-d1bccb03d07d,fe59d3c3-d1cd-412a-9bdd-d1bccb03d07d,kimi,True,54,False,,False,False,Repository Tasks,Environment Setup,lambda/hermes-agent-reasoning-traces:kimi:train:672,ok,
hermes:kimi:feba9669-cafb-476a-9dea-b1722a04d3e9,feba9669-cafb-476a-9dea-b1722a04d3e9,kimi,True,49,False,,False,False,Repository Tasks,Codebase Exploration,lambda/hermes-agent-reasoning-traces:kimi:train:693,ok,
hermes:kimi:fef204ec-8d5c-4aba-ac2a-2aa20c0cf784,fef204ec-8d5c-4aba-ac2a-2aa20c0cf784,kimi,True,54,False,,False,False,Repository Tasks,Bug Fix,lambda/hermes-agent-reasoning-traces:kimi:train:1232,ok,
hermes:kimi:fef33867-96c1-41d1-ae6c-aae92e8c39af,fef33867-96c1-41d1-ae6c-aae92e8c39af,kimi,True,16,False,,False,False,Agent Tools,Skill Invocation,lambda/hermes-agent-reasoning-traces:kimi:train:504,ok,
hermes:kimi:ff1f5fe2-5493-4ffa-92c8-d1d910c3bc1c,ff1f5fe2-5493-4ffa-92c8-d1d910c3bc1c,kimi,True,54,False,,False,False,Repository Tasks,Environment Setup,lambda/hermes-agent-reasoning-traces:kimi:train:1491,ok,
hermes:kimi:ff2c4c0e-a0de-4103-8088-a5a0be1cd988,ff2c4c0e-a0de-4103-8088-a5a0be1cd988,kimi,True,22,False,,False,False,Terminal & Coding,Terminal Tasks,lambda/hermes-agent-reasoning-traces:kimi:train:406,ok,
hermes:kimi:ff54d88b-7166-42fe-8609-67b5307aa6b5,ff54d88b-7166-42fe-8609-67b5307aa6b5,kimi,True,10,False,,False,False,Agent Tools,Todo & Planning,lambda/hermes-agent-reasoning-traces:kimi:train:239,ok,
