run_id,step,event_index,event_type,subtask_id,coding_progress,overall_progress,active_coding_weight,completed_coding_weight,active_overall_weight,completed_overall_weight,active_coding_leaves,completed_coding_leaves,active_overall_leaves,completed_overall_leaves,num_splits_so_far,num_reopens_so_far,num_invalidations_so_far,delta_coding_progress,delta_overall_progress,coding_drop_source,overall_drop_source,final_success,final_success_source,native_coding_progress,native_overall_progress,native_active_coding_weight,native_completed_coding_weight,native_active_overall_weight,native_completed_overall_weight,native_active_coding_leaves,native_completed_coding_leaves,native_active_overall_leaves,native_completed_overall_leaves,native_delta_coding_progress,native_delta_overall_progress,native_coding_drop_source,native_overall_drop_source,category_resolution_mode,category_overrides_applied,product_progress,validation_progress,investigation_progress,step_added_subtasks,step_split_events,step_reopen_events,step_invalidation_events,step_product_completes,step_validation_completes,step_investigation_completes,step_strong_completions,step_manual_only_completions,steps_since_progress_increase,steps_since_completion,steps_since_subtask_added,cum_strong_completions,cum_manual_only_completions,elapsed_seconds,seconds_since_last_event,seconds_since_progress_increase,events_per_minute
hermes_pilot_h5_001,0,0,init,,0.0,0.0,0,0,0,0,0,0,0,0,0,0,0,0.0,0.0,none,none,,unknown,0.0,0.0,0,0,0,0,0,0,0,0,0.0,0.0,none,none,native,0,0.0,0.0,0.0,0,0,0,0,0,0,0,0,0,0,0,0,0,0,,,,
hermes_pilot_h5_001,2,1,add_subtask,S1,0.0,0.0,1.0,0,1.0,0,1,0,1,0,0,0,0,0.0,0.0,none,none,,unknown,0.0,0.0,1.0,0,1.0,0,1,0,1,0,0.0,0.0,none,none,native,0,0.0,0.0,0.0,0,0,0,0,0,0,0,0,0,0,0,0,0,0,0.0,0.0,0.0,
hermes_pilot_h5_001,19,2,update_status,S1,1.0,1.0,1.0,1.0,1.0,1.0,1,1,1,1,0,0,0,1.0,1.0,none,none,,unknown,1.0,1.0,1.0,1.0,1.0,1.0,1,1,1,1,1.0,1.0,none,none,native,0,1.0,0.0,0.0,0,0,0,0,0,0,0,0,0,0,0,0,0,0,0.000789,0.000789,0.0,152091.25475285173
hermes_pilot_h5_002,0,0,init,,0.0,0.0,0,0,0,0,0,0,0,0,0,0,0,0.0,0.0,none,none,,unknown,0.0,0.0,0,0,0,0,0,0,0,0,0.0,0.0,none,none,native,0,0.0,0.0,0.0,0,0,0,0,0,0,0,0,0,0,0,0,0,0,,,,
hermes_pilot_h5_002,2,1,add_subtask,S1,0.0,0.0,1.0,0,1.0,0,1,0,1,0,0,0,0,0.0,0.0,none,none,,unknown,0.0,0.0,1.0,0,1.0,0,1,0,1,0,0.0,0.0,none,none,native,0,0.0,0.0,0.0,0,0,0,0,0,0,0,0,0,0,0,0,0,0,0.0,0.0,0.0,
hermes_pilot_h5_002,13,2,update_status,S1,1.0,1.0,1.0,1.0,1.0,1.0,1,1,1,1,0,0,0,1.0,1.0,none,none,,unknown,1.0,1.0,1.0,1.0,1.0,1.0,1,1,1,1,1.0,1.0,none,none,native,0,0.0,0.0,1.0,0,0,0,0,0,0,0,0,0,0,0,0,0,0,0.000334,0.000334,0.0,359281.43712574855
hermes_pilot_h5_002,14,3,add_subtask,S2,0.5,0.5,2.0,1.0,2.0,1.0,2,1,2,1,0,0,0,-0.5,-0.5,validation,validation,,unknown,0.5,0.5,2.0,1.0,2.0,1.0,2,1,2,1,-0.5,-0.5,validation,validation,native,0,0.0,0.0,1.0,0,0,0,0,0,0,0,0,0,0,0,0,0,0,0.000349,1.5e-05,1.5e-05,515759.31232091686
hermes_pilot_h5_002,15,4,update_status,S2,1.0,1.0,2.0,2.0,2.0,2.0,2,2,2,2,0,0,0,0.5,0.5,none,none,,unknown,1.0,1.0,2.0,2.0,2.0,2.0,2,2,2,2,0.5,0.5,none,none,native,0,0.0,1.0,1.0,0,0,0,0,0,0,0,0,0,0,0,0,0,0,0.00037,2.1e-05,0.0,648648.6486486486
hermes_pilot_h5_003,0,0,init,,0.0,0.0,0,0,0,0,0,0,0,0,0,0,0,0.0,0.0,none,none,,unknown,0.0,0.0,0,0,0,0,0,0,0,0,0.0,0.0,none,none,native,0,0.0,0.0,0.0,0,0,0,0,0,0,0,0,0,0,0,0,0,0,,,,
hermes_pilot_h5_003,2,1,add_subtask,S1,0.0,0.0,1.0,0,1.0,0,1,0,1,0,0,0,0,0.0,0.0,none,none,,unknown,0.0,0.0,1.0,0,1.0,0,1,0,1,0,0.0,0.0,none,none,native,0,0.0,0.0,0.0,0,0,0,0,0,0,0,0,0,0,0,0,0,0,0.0,0.0,0.0,
hermes_pilot_h5_003,3,2,update_status,S1,1.0,1.0,1.0,1.0,1.0,1.0,1,1,1,1,0,0,0,1.0,1.0,none,none,,unknown,1.0,1.0,1.0,1.0,1.0,1.0,1,1,1,1,1.0,1.0,none,none,native,0,0.0,1.0,0.0,0,0,0,0,0,0,0,0,0,0,0,0,0,0,5.4e-05,5.4e-05,0.0,2222222.2222222225
hermes_pilot_h5_003,6,3,add_subtask,S2,0.5,0.5,2.0,1.0,2.0,1.0,2,1,2,1,0,0,0,-0.5,-0.5,investigation,investigation,,unknown,0.5,0.5,2.0,1.0,2.0,1.0,2,1,2,1,-0.5,-0.5,investigation,investigation,native,0,0.0,1.0,0.0,0,0,0,0,0,0,0,0,0,0,0,0,0,0,6.5e-05,1.1e-05,1.1e-05,2769230.7692307695
hermes_pilot_h5_003,7,4,update_status,S2,1.0,1.0,2.0,2.0,2.0,2.0,2,2,2,2,0,0,0,0.5,0.5,none,none,,unknown,1.0,1.0,2.0,2.0,2.0,2.0,2,2,2,2,0.5,0.5,none,none,native,0,0.0,1.0,1.0,0,0,0,0,0,0,0,0,0,0,0,0,0,0,8.9e-05,2.4e-05,0.0,2696629.2134831464
hermes_pilot_h5_003,8,5,add_subtask,S3,0.6666666666666666,0.6666666666666666,3.0,2.0,3.0,2.0,3,2,3,2,0,0,0,-0.33333333333333337,-0.33333333333333337,validation,validation,,unknown,0.6666666666666666,0.6666666666666666,3.0,2.0,3.0,2.0,3,2,3,2,-0.33333333333333337,-0.33333333333333337,validation,validation,native,0,0.0,0.5,1.0,0,0,0,0,0,0,0,0,0,0,0,0,0,0,9.7e-05,8e-06,8e-06,3092783.505154639
hermes_pilot_h5_003,11,6,update_status,S3,1.0,1.0,3.0,3.0,3.0,3.0,3,3,3,3,0,0,0,0.33333333333333337,0.33333333333333337,none,none,,unknown,1.0,1.0,3.0,3.0,3.0,3.0,3,3,3,3,0.33333333333333337,0.33333333333333337,none,none,native,0,0.0,1.0,1.0,0,0,0,0,0,0,0,0,0,0,0,0,0,0,0.000128,3.1e-05,0.0,4054054.054054054
hermes_pilot_h5_003,12,7,add_subtask,S4,0.75,0.75,4.0,3.0,4.0,3.0,4,3,4,3,0,0,0,-0.25,-0.25,investigation,investigation,,unknown,0.75,0.75,4.0,3.0,4.0,3.0,4,3,4,3,-0.25,-0.25,investigation,investigation,native,0,0.0,1.0,0.5,0,0,0,0,0,0,0,0,0,0,0,0,0,0,0.000135,7e-06,7e-06,4285714.285714286
hermes_pilot_h5_003,29,8,update_status,S4,1.0,1.0,4.0,4.0,4.0,4.0,4,4,4,4,0,0,0,0.25,0.25,none,none,,unknown,1.0,1.0,4.0,4.0,4.0,4.0,4,4,4,4,0.25,0.25,none,none,native,0,0.0,1.0,1.0,0,0,0,0,0,0,0,0,0,0,0,0,0,0,0.000434,0.000299,0.0,869565.2173913043
hermes_pilot_h5_003,30,9,add_subtask,S5,0.8,0.8,5.0,4.0,5.0,4.0,5,4,5,4,0,0,0,-0.19999999999999996,-0.19999999999999996,validation,validation,,unknown,0.8,0.8,5.0,4.0,5.0,4.0,5,4,5,4,-0.19999999999999996,-0.19999999999999996,validation,validation,native,0,0.0,0.6666666666666666,1.0,0,0,0,0,0,0,0,0,0,0,0,0,0,0,0.000443,9e-06,9e-06,867052.0231213872
hermes_pilot_h5_003,33,10,update_status,S5,1.0,1.0,5.0,5.0,5.0,5.0,5,5,5,5,0,0,0,0.19999999999999996,0.19999999999999996,none,none,,unknown,1.0,1.0,5.0,5.0,5.0,5.0,5,5,5,5,0.19999999999999996,0.19999999999999996,none,none,native,0,0.0,1.0,1.0,0,0,0,0,0,0,0,0,0,0,0,0,0,0,0.000468,2.5e-05,0.0,882352.9411764706
hermes_pilot_h5_003,34,11,add_subtask,S6,0.8333333333333334,0.8333333333333334,6.0,5.0,6.0,5.0,6,5,6,5,0,0,0,-0.16666666666666663,-0.16666666666666663,investigation,investigation,,unknown,0.8333333333333334,0.8333333333333334,6.0,5.0,6.0,5.0,6,5,6,5,-0.16666666666666663,-0.16666666666666663,investigation,investigation,native,0,0.0,1.0,0.6666666666666666,0,0,0,0,0,0,0,0,0,0,0,0,0,0,0.000475,7e-06,7e-06,882352.9411764706
hermes_pilot_h5_003,35,12,update_status,S6,1.0,1.0,6.0,6.0,6.0,6.0,6,6,6,6,0,0,0,0.16666666666666663,0.16666666666666663,none,none,,unknown,1.0,1.0,6.0,6.0,6.0,6.0,6,6,6,6,0.16666666666666663,0.16666666666666663,none,none,native,0,0.0,1.0,1.0,0,0,0,0,0,0,0,0,0,0,0,0,0,0,0.000491,1.6e-05,0.0,5263157.894736842
hermes_pilot_h5_003,36,13,add_subtask,S7,0.8571428571428571,0.8571428571428571,7.0,6.0,7.0,6.0,7,6,7,6,0,0,0,-0.1428571428571429,-0.1428571428571429,validation,validation,,unknown,0.8571428571428571,0.8571428571428571,7.0,6.0,7.0,6.0,7,6,7,6,-0.1428571428571429,-0.1428571428571429,validation,validation,native,0,0.0,0.75,1.0,0,0,0,0,0,0,0,0,0,0,0,0,0,0,0.000498,7e-06,7e-06,5454545.454545454
hermes_pilot_h5_003,39,14,update_status,S7,1.0,1.0,7.0,7.0,7.0,7.0,7,7,7,7,0,0,0,0.1428571428571429,0.1428571428571429,none,none,,unknown,1.0,1.0,7.0,7.0,7.0,7.0,7,7,7,7,0.1428571428571429,0.1428571428571429,none,none,native,0,0.0,1.0,1.0,0,0,0,0,0,0,0,0,0,0,0,0,0,0,0.000553,5.5e-05,0.0,3529411.7647058824
hermes_pilot_h5_003,40,15,add_subtask,S8,0.875,0.875,8.0,7.0,8.0,7.0,8,7,8,7,0,0,0,-0.125,-0.125,product,product,,unknown,0.875,0.875,8.0,7.0,8.0,7.0,8,7,8,7,-0.125,-0.125,product,product,native,0,0.0,1.0,1.0,0,0,0,0,0,0,0,0,0,0,0,0,0,0,0.000561,8e-06,8e-06,3488372.093023256
hermes_pilot_h5_003,51,16,update_status,S8,1.0,1.0,8.0,8.0,8.0,8.0,8,8,8,8,0,0,0,0.125,0.125,none,none,,unknown,1.0,1.0,8.0,8.0,8.0,8.0,8,8,8,8,0.125,0.125,none,none,native,0,1.0,1.0,1.0,0,0,0,0,0,0,0,0,0,0,0,0,0,0,0.000675,0.000114,0.0,1630434.7826086956
hermes_pilot_h5_004,0,0,init,,0.0,0.0,0,0,0,0,0,0,0,0,0,0,0,0.0,0.0,none,none,,unknown,0.0,0.0,0,0,0,0,0,0,0,0,0.0,0.0,none,none,native,0,0.0,0.0,0.0,0,0,0,0,0,0,0,0,0,0,0,0,0,0,,,,
hermes_pilot_h5_004,2,1,add_subtask,S1,0.0,0.0,1.0,0,1.0,0,1,0,1,0,0,0,0,0.0,0.0,none,none,,unknown,0.0,0.0,1.0,0,1.0,0,1,0,1,0,0.0,0.0,none,none,native,0,0.0,0.0,0.0,0,0,0,0,0,0,0,0,0,0,0,0,0,0,0.0,0.0,0.0,
hermes_pilot_h5_004,9,2,update_status,S1,1.0,1.0,1.0,1.0,1.0,1.0,1,1,1,1,0,0,0,1.0,1.0,none,none,,unknown,1.0,1.0,1.0,1.0,1.0,1.0,1,1,1,1,1.0,1.0,none,none,native,0,1.0,0.0,0.0,0,0,0,0,0,0,0,0,0,0,0,0,0,0,0.000156,0.000156,0.0,769230.7692307692
hermes_pilot_h5_004,10,3,add_subtask,S2,0.5,0.5,2.0,1.0,2.0,1.0,2,1,2,1,0,0,0,-0.5,-0.5,validation,validation,,unknown,0.5,0.5,2.0,1.0,2.0,1.0,2,1,2,1,-0.5,-0.5,validation,validation,native,0,1.0,0.0,0.0,0,0,0,0,0,0,0,0,0,0,0,0,0,0,0.000168,1.2e-05,1.2e-05,1071428.5714285714
hermes_pilot_h5_004,11,4,update_status,S2,1.0,1.0,2.0,2.0,2.0,2.0,2,2,2,2,0,0,0,0.5,0.5,none,none,,unknown,1.0,1.0,2.0,2.0,2.0,2.0,2,2,2,2,0.5,0.5,none,none,native,0,1.0,1.0,0.0,0,0,0,0,0,0,0,0,0,0,0,0,0,0,0.000197,2.9e-05,0.0,1218274.111675127
hermes_pilot_h5_004,12,5,add_subtask,S3,0.6666666666666666,0.6666666666666666,3.0,2.0,3.0,2.0,3,2,3,2,0,0,0,-0.33333333333333337,-0.33333333333333337,product,product,,unknown,0.6666666666666666,0.6666666666666666,3.0,2.0,3.0,2.0,3,2,3,2,-0.33333333333333337,-0.33333333333333337,product,product,native,0,0.5,1.0,0.0,0,0,0,0,0,0,0,0,0,0,0,0,0,0,0.000205,8e-06,8e-06,1463414.6341463416
hermes_pilot_h5_004,15,6,update_status,S3,1.0,1.0,3.0,3.0,3.0,3.0,3,3,3,3,0,0,0,0.33333333333333337,0.33333333333333337,none,none,,unknown,1.0,1.0,3.0,3.0,3.0,3.0,3,3,3,3,0.33333333333333337,0.33333333333333337,none,none,native,0,1.0,1.0,0.0,0,0,0,0,0,0,0,0,0,0,0,0,0,0,0.000237,3.2e-05,0.0,3703703.703703704
hermes_pilot_h5_004,16,7,add_subtask,S4,0.75,0.75,4.0,3.0,4.0,3.0,4,3,4,3,0,0,0,-0.25,-0.25,investigation,investigation,,unknown,0.75,0.75,4.0,3.0,4.0,3.0,4,3,4,3,-0.25,-0.25,investigation,investigation,native,0,1.0,1.0,0.0,0,0,0,0,0,0,0,0,0,0,0,0,0,0,0.000245,8e-06,8e-06,3896103.896103896
hermes_pilot_h5_004,25,8,update_status,S4,1.0,1.0,4.0,4.0,4.0,4.0,4,4,4,4,0,0,0,0.25,0.25,none,none,,unknown,1.0,1.0,4.0,4.0,4.0,4.0,4,4,4,4,0.25,0.25,none,none,native,0,1.0,1.0,1.0,0,0,0,0,0,0,0,0,0,0,0,0,0,0,0.000441,0.000196,0.0,1229508.1967213114
hermes_pilot_h5_005,0,0,init,,0.0,0.0,0,0,0,0,0,0,0,0,0,0,0,0.0,0.0,none,none,,unknown,0.0,0.0,0,0,0,0,0,0,0,0,0.0,0.0,none,none,native,0,0.0,0.0,0.0,0,0,0,0,0,0,0,0,0,0,0,0,0,0,,,,
hermes_pilot_h5_005,2,1,add_subtask,S1,0.0,0.0,1.0,0,1.0,0,1,0,1,0,0,0,0,0.0,0.0,none,none,,unknown,0.0,0.0,1.0,0,1.0,0,1,0,1,0,0.0,0.0,none,none,native,0,0.0,0.0,0.0,0,0,0,0,0,0,0,0,0,0,0,0,0,0,0.0,0.0,0.0,
hermes_pilot_h5_005,5,2,update_status,S1,1.0,1.0,1.0,1.0,1.0,1.0,1,1,1,1,0,0,0,1.0,1.0,none,none,,unknown,1.0,1.0,1.0,1.0,1.0,1.0,1,1,1,1,1.0,1.0,none,none,native,0,1.0,0.0,0.0,0,0,0,0,0,0,0,0,0,0,0,0,0,0,0.0001,0.0001,0.0,1200000.0
hermes_pilot_h5_005,6,3,add_subtask,S2,0.5,0.5,2.0,1.0,2.0,1.0,2,1,2,1,0,0,0,-0.5,-0.5,validation,validation,,unknown,0.5,0.5,2.0,1.0,2.0,1.0,2,1,2,1,-0.5,-0.5,validation,validation,native,0,1.0,0.0,0.0,0,0,0,0,0,0,0,0,0,0,0,0,0,0,0.000111,1.1e-05,1.1e-05,1621621.6216216215
hermes_pilot_h5_005,8,4,add_subtask,S3,0.3333333333333333,0.3333333333333333,3.0,1.0,3.0,1.0,3,1,3,1,0,0,0,-0.16666666666666669,-0.16666666666666669,investigation,investigation,,unknown,0.3333333333333333,0.3333333333333333,3.0,1.0,3.0,1.0,3,1,3,1,-0.16666666666666669,-0.16666666666666669,investigation,investigation,native,0,1.0,0.0,0.0,0,0,0,0,0,0,0,0,0,0,0,0,0,0,0.000124,1.3e-05,2.4e-05,1935483.870967742
hermes_pilot_h5_005,9,5,update_status,S3,0.6666666666666666,0.6666666666666666,3.0,2.0,3.0,2.0,3,2,3,2,0,0,0,0.3333333333333333,0.3333333333333333,none,none,,unknown,0.6666666666666666,0.6666666666666666,3.0,2.0,3.0,2.0,3,2,3,2,0.3333333333333333,0.3333333333333333,none,none,native,0,1.0,0.0,1.0,0,0,0,0,0,0,0,0,0,0,0,0,0,0,0.000149,2.5e-05,0.0,2013422.8187919466
hermes_pilot_h5_005,10,6,add_subtask,S4,0.5,0.5,4.0,2.0,4.0,2.0,4,2,4,2,0,0,0,-0.16666666666666663,-0.16666666666666663,validation,validation,,unknown,0.5,0.5,4.0,2.0,4.0,2.0,4,2,4,2,-0.16666666666666663,-0.16666666666666663,validation,validation,native,0,1.0,0.0,1.0,0,0,0,0,0,0,0,0,0,0,0,0,0,0,0.000156,7e-06,7e-06,5357142.857142857
hermes_pilot_h5_005,17,7,update_status,S4,0.75,0.75,4.0,3.0,4.0,3.0,4,3,4,3,0,0,0,0.25,0.25,none,none,,unknown,0.75,0.75,4.0,3.0,4.0,3.0,4,3,4,3,0.25,0.25,none,none,native,0,1.0,0.5,1.0,0,0,0,0,0,0,0,0,0,0,0,0,0,0,0.000218,6.2e-05,0.0,2803738.3177570095
hermes_pilot_h5_005,18,8,add_subtask,S5,0.75,0.6,4.0,3.0,5.0,3.0,4,3,5,3,0,0,0,0.0,-0.15000000000000002,none,artifact,,unknown,0.75,0.6,4.0,3.0,5.0,3.0,4,3,5,3,0.0,-0.15000000000000002,none,artifact,native,0,1.0,0.5,1.0,0,0,0,0,0,0,0,0,0,0,0,0,0,0,0.000236,1.8e-05,1.8e-05,2678571.4285714286
hermes_pilot_h5_005,25,9,update_status,S5,0.75,0.8,4.0,3.0,5.0,4.0,4,3,5,4,0,0,0,0.0,0.20000000000000007,none,none,,unknown,0.75,0.8,4.0,3.0,5.0,4.0,4,3,5,4,0.0,0.20000000000000007,none,none,native,0,1.0,0.5,1.0,0,0,0,0,0,0,0,0,0,0,0,0,0,0,0.000337,0.000101,0.000119,1595744.680851064
hermes_pilot_h5_006,0,0,init,,0.0,0.0,0,0,0,0,0,0,0,0,0,0,0,0.0,0.0,none,none,,unknown,0.0,0.0,0,0,0,0,0,0,0,0,0.0,0.0,none,none,native,0,0.0,0.0,0.0,0,0,0,0,0,0,0,0,0,0,0,0,0,0,,,,
hermes_pilot_h5_006,2,1,add_subtask,S1,0.0,0.0,1.0,0,1.0,0,1,0,1,0,0,0,0,0.0,0.0,none,none,,unknown,0.0,0.0,1.0,0,1.0,0,1,0,1,0,0.0,0.0,none,none,native,0,0.0,0.0,0.0,0,0,0,0,0,0,0,0,0,0,0,0,0,0,0.0,0.0,0.0,
hermes_pilot_h5_006,13,2,update_status,S1,1.0,1.0,1.0,1.0,1.0,1.0,1,1,1,1,0,0,0,1.0,1.0,none,none,,unknown,1.0,1.0,1.0,1.0,1.0,1.0,1,1,1,1,1.0,1.0,none,none,native,0,1.0,0.0,0.0,0,0,0,0,0,0,0,0,0,0,0,0,0,0,0.000148,0.000148,0.0,810810.8108108108
hermes_pilot_h5_007,0,0,init,,0.0,0.0,0,0,0,0,0,0,0,0,0,0,0,0.0,0.0,none,none,,unknown,0.0,0.0,0,0,0,0,0,0,0,0,0.0,0.0,none,none,native,0,0.0,0.0,0.0,0,0,0,0,0,0,0,0,0,0,0,0,0,0,,,,
hermes_pilot_h5_007,2,1,add_subtask,S1,0.0,0.0,1.0,0,1.0,0,1,0,1,0,0,0,0,0.0,0.0,none,none,,unknown,0.0,0.0,1.0,0,1.0,0,1,0,1,0,0.0,0.0,none,none,native,0,0.0,0.0,0.0,0,0,0,0,0,0,0,0,0,0,0,0,0,0,0.0,0.0,0.0,
hermes_pilot_h5_007,15,2,update_status,S1,1.0,1.0,1.0,1.0,1.0,1.0,1,1,1,1,0,0,0,1.0,1.0,none,none,,unknown,1.0,1.0,1.0,1.0,1.0,1.0,1,1,1,1,1.0,1.0,none,none,native,0,0.0,0.0,1.0,0,0,0,0,0,0,0,0,0,0,0,0,0,0,0.000478,0.000478,0.0,251046.02510460248
hermes_pilot_h5_007,16,3,add_subtask,S2,0.5,0.5,2.0,1.0,2.0,1.0,2,1,2,1,0,0,0,-0.5,-0.5,validation,validation,,unknown,0.5,0.5,2.0,1.0,2.0,1.0,2,1,2,1,-0.5,-0.5,validation,validation,native,0,0.0,0.0,1.0,0,0,0,0,0,0,0,0,0,0,0,0,0,0,0.00049,1.2e-05,1.2e-05,367346.93877551024
hermes_pilot_h5_007,17,4,update_status,S2,1.0,1.0,2.0,2.0,2.0,2.0,2,2,2,2,0,0,0,0.5,0.5,none,none,,unknown,1.0,1.0,2.0,2.0,2.0,2.0,2,2,2,2,0.5,0.5,none,none,native,0,0.0,1.0,1.0,0,0,0,0,0,0,0,0,0,0,0,0,0,0,0.000503,1.3e-05,0.0,477137.1769383698
hermes_pilot_h5_007,18,5,add_subtask,S3,0.6666666666666666,0.6666666666666666,3.0,2.0,3.0,2.0,3,2,3,2,0,0,0,-0.33333333333333337,-0.33333333333333337,investigation,investigation,,unknown,0.6666666666666666,0.6666666666666666,3.0,2.0,3.0,2.0,3,2,3,2,-0.33333333333333337,-0.33333333333333337,investigation,investigation,native,0,0.0,1.0,0.5,0,0,0,0,0,0,0,0,0,0,0,0,0,0,0.000511,8e-06,8e-06,587084.1487279844
hermes_pilot_h5_007,23,6,update_status,S3,1.0,1.0,3.0,3.0,3.0,3.0,3,3,3,3,0,0,0,0.33333333333333337,0.33333333333333337,none,none,,unknown,1.0,1.0,3.0,3.0,3.0,3.0,3,3,3,3,0.33333333333333337,0.33333333333333337,none,none,native,0,0.0,1.0,1.0,0,0,0,0,0,0,0,0,0,0,0,0,0,0,0.000641,0.00013,0.0,1840490.797546012
hermes_pilot_h5_007,24,7,add_subtask,S4,0.75,0.75,4.0,3.0,4.0,3.0,4,3,4,3,0,0,0,-0.25,-0.25,validation,validation,,unknown,0.75,0.75,4.0,3.0,4.0,3.0,4,3,4,3,-0.25,-0.25,validation,validation,native,0,0.0,0.5,1.0,0,0,0,0,0,0,0,0,0,0,0,0,0,0,0.000651,1e-05,1e-05,1863354.0372670805
hermes_pilot_h5_007,25,8,update_status,S4,1.0,1.0,4.0,4.0,4.0,4.0,4,4,4,4,0,0,0,0.25,0.25,none,none,,unknown,1.0,1.0,4.0,4.0,4.0,4.0,4,4,4,4,0.25,0.25,none,none,native,0,0.0,1.0,1.0,0,0,0,0,0,0,0,0,0,0,0,0,0,0,0.000664,1.3e-05,0.0,1863354.0372670805
hermes_pilot_h5_007,26,9,add_subtask,S5,0.8,0.8,5.0,4.0,5.0,4.0,5,4,5,4,0,0,0,-0.19999999999999996,-0.19999999999999996,investigation,investigation,,unknown,0.8,0.8,5.0,4.0,5.0,4.0,5,4,5,4,-0.19999999999999996,-0.19999999999999996,investigation,investigation,native,0,0.0,1.0,0.6666666666666666,0,0,0,0,0,0,0,0,0,0,0,0,0,0,0.000674,1e-05,1e-05,1840490.797546012
hermes_pilot_h5_007,29,10,update_status,S5,1.0,1.0,5.0,5.0,5.0,5.0,5,5,5,5,0,0,0,0.19999999999999996,0.19999999999999996,none,none,,unknown,1.0,1.0,5.0,5.0,5.0,5.0,5,5,5,5,0.19999999999999996,0.19999999999999996,none,none,native,0,0.0,1.0,1.0,0,0,0,0,0,0,0,0,0,0,0,0,0,0,0.000717,4.3e-05,0.0,3947368.4210526315
hermes_pilot_h5_008,0,0,init,,0.0,0.0,0,0,0,0,0,0,0,0,0,0,0,0.0,0.0,none,none,,unknown,0.0,0.0,0,0,0,0,0,0,0,0,0.0,0.0,none,none,native,0,0.0,0.0,0.0,0,0,0,0,0,0,0,0,0,0,0,0,0,0,,,,
hermes_pilot_h5_008,2,1,add_subtask,S1,0.0,0.0,1.0,0,1.0,0,1,0,1,0,0,0,0,0.0,0.0,none,none,,unknown,0.0,0.0,1.0,0,1.0,0,1,0,1,0,0.0,0.0,none,none,native,0,0.0,0.0,0.0,0,0,0,0,0,0,0,0,0,0,0,0,0,0,0.0,0.0,0.0,
hermes_pilot_h5_008,3,2,update_status,S1,1.0,1.0,1.0,1.0,1.0,1.0,1,1,1,1,0,0,0,1.0,1.0,none,none,,unknown,1.0,1.0,1.0,1.0,1.0,1.0,1,1,1,1,1.0,1.0,none,none,native,0,0.0,1.0,0.0,0,0,0,0,0,0,0,0,0,0,0,0,0,0,4.2e-05,4.2e-05,0.0,2857142.8571428573
hermes_pilot_h5_008,4,3,add_subtask,S2,0.5,0.5,2.0,1.0,2.0,1.0,2,1,2,1,0,0,0,-0.5,-0.5,investigation,investigation,,unknown,0.5,0.5,2.0,1.0,2.0,1.0,2,1,2,1,-0.5,-0.5,investigation,investigation,native,0,0.0,1.0,0.0,0,0,0,0,0,0,0,0,0,0,0,0,0,0,5.4e-05,1.2e-05,1.2e-05,3333333.3333333335
hermes_pilot_h5_008,5,4,update_status,S2,1.0,1.0,2.0,2.0,2.0,2.0,2,2,2,2,0,0,0,0.5,0.5,none,none,,unknown,1.0,1.0,2.0,2.0,2.0,2.0,2,2,2,2,0.5,0.5,none,none,native,0,0.0,1.0,1.0,0,0,0,0,0,0,0,0,0,0,0,0,0,0,8.6e-05,3.2e-05,0.0,2790697.674418605
hermes_pilot_h5_008,6,5,add_subtask,S3,0.6666666666666666,0.6666666666666666,3.0,2.0,3.0,2.0,3,2,3,2,0,0,0,-0.33333333333333337,-0.33333333333333337,validation,validation,,unknown,0.6666666666666666,0.6666666666666666,3.0,2.0,3.0,2.0,3,2,3,2,-0.33333333333333337,-0.33333333333333337,validation,validation,native,0,0.0,0.5,1.0,0,0,0,0,0,0,0,0,0,0,0,0,0,0,9.4e-05,8e-06,8e-06,3191489.361702128
hermes_pilot_h5_008,8,6,add_subtask,S4,0.5,0.5,4.0,2.0,4.0,2.0,4,2,4,2,0,0,0,-0.16666666666666663,-0.16666666666666663,investigation,investigation,,unknown,0.5,0.5,4.0,2.0,4.0,2.0,4,2,4,2,-0.16666666666666663,-0.16666666666666663,investigation,investigation,native,0,0.0,0.5,0.5,0,0,0,0,0,0,0,0,0,0,0,0,0,0,0.000106,1.2e-05,2e-05,4687500.0
hermes_pilot_h5_008,11,7,update_status,S4,0.75,0.75,4.0,3.0,4.0,3.0,4,3,4,3,0,0,0,0.25,0.25,none,none,,unknown,0.75,0.75,4.0,3.0,4.0,3.0,4,3,4,3,0.25,0.25,none,none,native,0,0.0,0.5,1.0,0,0,0,0,0,0,0,0,0,0,0,0,0,0,0.000126,2e-05,0.0,4166666.666666667
hermes_pilot_h5_008,12,8,add_subtask,S5,0.6,0.6,5.0,3.0,5.0,3.0,5,3,5,3,0,0,0,-0.15000000000000002,-0.15000000000000002,validation,validation,,unknown,0.6,0.6,5.0,3.0,5.0,3.0,5,3,5,3,-0.15000000000000002,-0.15000000000000002,validation,validation,native,0,0.0,0.3333333333333333,1.0,0,0,0,0,0,0,0,0,0,0,0,0,0,0,0.000133,7e-06,7e-06,6382978.723404256
hermes_pilot_h5_008,14,9,add_subtask,S6,0.5,0.5,6.0,3.0,6.0,3.0,6,3,6,3,0,0,0,-0.09999999999999998,-0.09999999999999998,investigation,investigation,,unknown,0.5,0.5,6.0,3.0,6.0,3.0,6,3,6,3,-0.09999999999999998,-0.09999999999999998,investigation,investigation,native,0,0.0,0.3333333333333333,0.6666666666666666,0,0,0,0,0,0,0,0,0,0,0,0,0,0,0.000145,1.2e-05,1.9e-05,5882352.94117647
hermes_pilot_h5_008,15,10,update_status,S6,0.6666666666666666,0.6666666666666666,6.0,4.0,6.0,4.0,6,4,6,4,0,0,0,0.16666666666666663,0.16666666666666663,none,none,,unknown,0.6666666666666666,0.6666666666666666,6.0,4.0,6.0,4.0,6,4,6,4,0.16666666666666663,0.16666666666666663,none,none,native,0,0.0,0.3333333333333333,1.0,0,0,0,0,0,0,0,0,0,0,0,0,0,0,0.000268,0.000123,0.0,1851851.851851852
hermes_pilot_h5_008,16,11,add_subtask,S7,0.5714285714285714,0.5714285714285714,7.0,4.0,7.0,4.0,7,4,7,4,0,0,0,-0.09523809523809523,-0.09523809523809523,validation,validation,,unknown,0.5714285714285714,0.5714285714285714,7.0,4.0,7.0,4.0,7,4,7,4,-0.09523809523809523,-0.09523809523809523,validation,validation,native,0,0.0,0.25,1.0,0,0,0,0,0,0,0,0,0,0,0,0,0,0,0.000277,9e-06,9e-06,1986754.966887417
hermes_pilot_h5_008,17,12,update_status,S7,0.7142857142857143,0.7142857142857143,7.0,5.0,7.0,5.0,7,5,7,5,0,0,0,0.1428571428571429,0.1428571428571429,none,none,,unknown,0.7142857142857143,0.7142857142857143,7.0,5.0,7.0,5.0,7,5,7,5,0.1428571428571429,0.1428571428571429,none,none,native,0,0.0,0.5,1.0,0,0,0,0,0,0,0,0,0,0,0,0,0,0,0.000293,1.6e-05,0.0,1875000.0
hermes_pilot_h5_008,18,13,add_subtask,S8,0.625,0.625,8.0,5.0,8.0,5.0,8,5,8,5,0,0,0,-0.0892857142857143,-0.0892857142857143,investigation,investigation,,unknown,0.625,0.625,8.0,5.0,8.0,5.0,8,5,8,5,-0.0892857142857143,-0.0892857142857143,investigation,investigation,native,0,0.0,0.5,0.75,0,0,0,0,0,0,0,0,0,0,0,0,0,0,0.0003,7e-06,7e-06,1935483.870967742
hermes_pilot_h5_008,29,14,update_status,S8,0.75,0.75,8.0,6.0,8.0,6.0,8,6,8,6,0,0,0,0.125,0.125,none,none,,unknown,0.75,0.75,8.0,6.0,8.0,6.0,8,6,8,6,0.125,0.125,none,none,native,0,0.0,0.5,1.0,0,0,0,0,0,0,0,0,0,0,0,0,0,0,0.000503,0.000203,0.0,1276595.744680851
hermes_pilot_h5_008,30,15,add_subtask,S9,0.6666666666666666,0.6666666666666666,9.0,6.0,9.0,6.0,9,6,9,6,0,0,0,-0.08333333333333337,-0.08333333333333337,product,product,,unknown,0.6666666666666666,0.6666666666666666,9.0,6.0,9.0,6.0,9,6,9,6,-0.08333333333333337,-0.08333333333333337,product,product,native,0,0.0,0.5,1.0,0,0,0,0,0,0,0,0,0,0,0,0,0,0,0.00051,7e-06,7e-06,1287553.6480686695
hermes_pilot_h5_008,32,16,update_status,S9,0.7777777777777778,0.7777777777777778,9.0,7.0,9.0,7.0,9,7,9,7,0,0,0,0.11111111111111116,0.11111111111111116,none,none,,unknown,0.7777777777777778,0.7777777777777778,9.0,7.0,9.0,7.0,9,7,9,7,0.11111111111111116,0.11111111111111116,none,none,native,0,1.0,0.5,1.0,0,0,0,0,0,0,0,0,0,0,0,0,0,0,0.000529,1.9e-05,0.0,1271186.440677966
hermes_pilot_h5_008,31,17,add_subtask,S10,0.7,0.7,10.0,7.0,10.0,7.0,10,7,10,7,0,0,0,-0.07777777777777783,-0.07777777777777783,investigation,investigation,,unknown,0.7,0.7,10.0,7.0,10.0,7.0,10,7,10,7,-0.07777777777777783,-0.07777777777777783,investigation,investigation,native,0,1.0,0.5,0.8,0,0,0,0,0,0,0,0,0,0,0,0,0,0,0.000537,8e-06,8e-06,1265822.7848101268
hermes_pilot_h5_008,35,18,update_status,S10,0.8,0.8,10.0,8.0,10.0,8.0,10,8,10,8,0,0,0,0.10000000000000009,0.10000000000000009,none,none,,unknown,0.8,0.8,10.0,8.0,10.0,8.0,10,8,10,8,0.10000000000000009,0.10000000000000009,none,none,native,0,1.0,0.5,1.0,0,0,0,0,0,0,0,0,0,0,0,0,0,0,0.000557,2e-05,0.0,5555555.555555556
hermes_pilot_h5_008,36,19,add_subtask,S11,0.8,0.7272727272727273,10.0,8.0,11.0,8.0,10,8,11,8,0,0,0,0.0,-0.07272727272727275,none,environment,,unknown,0.8,0.7272727272727273,10.0,8.0,11.0,8.0,10,8,11,8,0.0,-0.07272727272727275,none,environment,native,0,1.0,0.5,1.0,0,0,0,0,0,0,0,0,0,0,0,0,0,0,0.000565,8e-06,8e-06,5454545.454545454
hermes_pilot_h5_008,37,20,update_status,S11,0.8,0.8181818181818182,10.0,8.0,11.0,9.0,10,8,11,9,0,0,0,0.0,0.09090909090909094,none,none,,unknown,0.8,0.8181818181818182,10.0,8.0,11.0,9.0,10,8,11,9,0.0,0.09090909090909094,none,none,native,0,1.0,0.5,1.0,0,0,0,0,0,0,0,0,0,0,0,0,0,0,0.00058,1.5e-05,2.3e-05,5882352.94117647
hermes_pilot_h5_008,38,21,add_subtask,S12,0.7272727272727273,0.75,11.0,8.0,12.0,9.0,11,8,12,9,0,0,0,-0.07272727272727275,-0.06818181818181823,validation,validation,,unknown,0.7272727272727273,0.75,11.0,8.0,12.0,9.0,11,8,12,9,-0.07272727272727275,-0.06818181818181823,validation,validation,native,0,1.0,0.4,1.0,0,0,0,0,0,0,0,0,0,0,0,0,0,0,0.000587,7e-06,3e-05,6000000.0
hermes_pilot_h5_008,41,22,update_status,S12,0.8181818181818182,0.8333333333333334,11.0,9.0,12.0,10.0,11,9,12,10,0,0,0,0.09090909090909094,0.08333333333333337,none,none,,unknown,0.8181818181818182,0.8333333333333334,11.0,9.0,12.0,10.0,11,9,12,10,0.09090909090909094,0.08333333333333337,none,none,native,0,1.0,0.6,1.0,0,0,0,0,0,0,0,0,0,0,0,0,0,0,0.000607,2e-05,0.0,6000000.0
hermes_pilot_h5_008,42,23,add_subtask,S13,0.75,0.7692307692307693,12.0,9.0,13.0,10.0,12,9,13,10,0,0,0,-0.06818181818181823,-0.0641025641025641,investigation,investigation,,unknown,0.75,0.7692307692307693,12.0,9.0,13.0,10.0,12,9,13,10,-0.06818181818181823,-0.0641025641025641,investigation,investigation,native,0,1.0,0.6,0.8333333333333334,0,0,0,0,0,0,0,0,0,0,0,0,0,0,0.000614,7e-06,7e-06,6122448.979591837
hermes_pilot_h5_008,45,24,update_status,S13,0.8333333333333334,0.8461538461538461,12.0,10.0,13.0,11.0,12,10,13,11,0,0,0,0.08333333333333337,0.07692307692307687,none,none,,unknown,0.8333333333333334,0.8461538461538461,12.0,10.0,13.0,11.0,12,10,13,11,0.08333333333333337,0.07692307692307687,none,none,native,0,1.0,0.6,1.0,0,0,0,0,0,0,0,0,0,0,0,0,0,0,0.000656,4.2e-05,0.0,3947368.4210526315
hermes_pilot_h5_008,46,25,add_subtask,S14,0.7692307692307693,0.7857142857142857,13.0,10.0,14.0,11.0,13,10,14,11,0,0,0,-0.0641025641025641,-0.06043956043956045,validation,validation,,unknown,0.7692307692307693,0.7857142857142857,13.0,10.0,14.0,11.0,13,10,14,11,-0.0641025641025641,-0.06043956043956045,validation,validation,native,0,1.0,0.5,1.0,0,0,0,0,0,0,0,0,0,0,0,0,0,0,0.000663,7e-06,7e-06,3947368.4210526315
hermes_pilot_h5_008,48,26,add_subtask,S15,0.7142857142857143,0.7333333333333333,14.0,10.0,15.0,11.0,14,10,15,11,0,0,0,-0.05494505494505497,-0.05238095238095242,product,product,,unknown,0.7142857142857143,0.7333333333333333,14.0,10.0,15.0,11.0,14,10,15,11,-0.05494505494505497,-0.05238095238095242,product,product,native,0,0.5,0.5,1.0,0,0,0,0,0,0,0,0,0,0,0,0,0,0,0.000755,9.2e-05,9.9e-05,2027027.027027027
hermes_pilot_h5_009,0,0,init,,0.0,0.0,0,0,0,0,0,0,0,0,0,0,0,0.0,0.0,none,none,,unknown,0.0,0.0,0,0,0,0,0,0,0,0,0.0,0.0,none,none,native,0,0.0,0.0,0.0,0,0,0,0,0,0,0,0,0,0,0,0,0,0,,,,
hermes_pilot_h5_009,2,1,add_subtask,S1,0.0,0.0,1.0,0,1.0,0,1,0,1,0,0,0,0,0.0,0.0,none,none,,unknown,0.0,0.0,1.0,0,1.0,0,1,0,1,0,0.0,0.0,none,none,native,0,0.0,0.0,0.0,0,0,0,0,0,0,0,0,0,0,0,0,0,0,0.0,0.0,0.0,
hermes_pilot_h5_009,4,2,update_status,S1,1.0,1.0,1.0,1.0,1.0,1.0,1,1,1,1,0,0,0,1.0,1.0,none,none,,unknown,1.0,1.0,1.0,1.0,1.0,1.0,1,1,1,1,1.0,1.0,none,none,native,0,0.0,0.0,1.0,0,0,0,0,0,0,0,0,0,0,0,0,0,0,5.1e-05,5.1e-05,0.0,2352941.1764705884
hermes_pilot_h5_009,6,3,add_subtask,S2,1.0,0.5,1.0,1.0,2.0,1.0,1,1,2,1,0,0,0,0.0,-0.5,none,environment,,unknown,1.0,0.5,1.0,1.0,2.0,1.0,1,1,2,1,0.0,-0.5,none,environment,native,0,0.0,0.0,1.0,0,0,0,0,0,0,0,0,0,0,0,0,0,0,6.2e-05,1.1e-05,1.1e-05,2903225.806451613
hermes_pilot_h5_009,8,4,update_status,S2,1.0,1.0,1.0,1.0,2.0,2.0,1,1,2,2,0,0,0,0.0,0.5,none,none,,unknown,1.0,1.0,1.0,1.0,2.0,2.0,1,1,2,2,0.0,0.5,none,none,native,0,0.0,0.0,1.0,0,0,0,0,0,0,0,0,0,0,0,0,0,0,7.9e-05,1.7e-05,2.8e-05,3037974.6835443038
hermes_pilot_h5_009,7,5,add_subtask,S3,0.5,0.6666666666666666,2.0,1.0,3.0,2.0,2,1,3,2,0,0,0,-0.5,-0.33333333333333337,investigation,investigation,,unknown,0.5,0.6666666666666666,2.0,1.0,3.0,2.0,2,1,3,2,-0.5,-0.33333333333333337,investigation,investigation,native,0,0.0,0.0,0.5,0,0,0,0,0,0,0,0,0,0,0,0,0,0,8.6e-05,7e-06,3.5e-05,3488372.093023256
hermes_pilot_h5_009,9,6,update_status,S3,1.0,1.0,2.0,2.0,3.0,3.0,2,2,3,3,0,0,0,0.5,0.33333333333333337,none,none,,unknown,1.0,1.0,2.0,2.0,3.0,3.0,2,2,3,3,0.5,0.33333333333333337,none,none,native,0,0.0,0.0,1.0,0,0,0,0,0,0,0,0,0,0,0,0,0,0,9.9e-05,1.3e-05,0.0,6249999.999999999
hermes_pilot_h5_009,10,7,add_subtask,S4,0.6666666666666666,0.75,3.0,2.0,4.0,3.0,3,2,4,3,0,0,0,-0.33333333333333337,-0.25,product,product,,unknown,0.6666666666666666,0.75,3.0,2.0,4.0,3.0,3,2,4,3,-0.33333333333333337,-0.25,product,product,native,0,0.0,0.0,1.0,0,0,0,0,0,0,0,0,0,0,0,0,0,0,0.000106,7e-06,7e-06,6818181.818181818
hermes_pilot_h5_009,11,8,update_status,S4,1.0,1.0,3.0,3.0,4.0,4.0,3,3,4,4,0,0,0,0.33333333333333337,0.25,none,none,,unknown,1.0,1.0,3.0,3.0,4.0,4.0,3,3,4,4,0.33333333333333337,0.25,none,none,native,0,1.0,0.0,1.0,0,0,0,0,0,0,0,0,0,0,0,0,0,0,0.000118,1.2e-05,0.0,7692307.692307692
hermes_pilot_h5_009,12,9,add_subtask,S5,0.75,0.8,4.0,3.0,5.0,4.0,4,3,5,4,0,0,0,-0.25,-0.19999999999999996,investigation,investigation,,unknown,0.75,0.8,4.0,3.0,5.0,4.0,4,3,5,4,-0.25,-0.19999999999999996,investigation,investigation,native,0,1.0,0.0,0.6666666666666666,0,0,0,0,0,0,0,0,0,0,0,0,0,0,0.000125,7e-06,7e-06,7692307.692307692
hermes_pilot_h5_009,13,10,update_status,S5,1.0,1.0,4.0,4.0,5.0,5.0,4,4,5,5,0,0,0,0.25,0.19999999999999996,none,none,,unknown,1.0,1.0,4.0,4.0,5.0,5.0,4,4,5,5,0.25,0.19999999999999996,none,none,native,0,1.0,0.0,1.0,0,0,0,0,0,0,0,0,0,0,0,0,0,0,0.000139,1.4e-05,0.0,7500000.0
hermes_pilot_h5_009,14,11,add_subtask,S6,0.8,0.8333333333333334,5.0,4.0,6.0,5.0,5,4,6,5,0,0,0,-0.19999999999999996,-0.16666666666666663,product,product,,unknown,0.8,0.8333333333333334,5.0,4.0,6.0,5.0,5,4,6,5,-0.19999999999999996,-0.16666666666666663,product,product,native,0,0.5,0.0,1.0,0,0,0,0,0,0,0,0,0,0,0,0,0,0,0.000146,7e-06,7e-06,7500000.0
hermes_pilot_h5_009,17,12,update_status,S6,1.0,1.0,5.0,5.0,6.0,6.0,5,5,6,6,0,0,0,0.19999999999999996,0.16666666666666663,none,none,,unknown,1.0,1.0,5.0,5.0,6.0,6.0,5,5,6,6,0.19999999999999996,0.16666666666666663,none,none,native,0,1.0,0.0,1.0,0,0,0,0,0,0,0,0,0,0,0,0,0,0,0.000166,2e-05,0.0,6249999.999999999
hermes_pilot_h5_009,18,13,add_subtask,S7,0.8333333333333334,0.8571428571428571,6.0,5.0,7.0,6.0,6,5,7,6,0,0,0,-0.16666666666666663,-0.1428571428571429,validation,validation,,unknown,0.8333333333333334,0.8571428571428571,6.0,5.0,7.0,6.0,6,5,7,6,-0.16666666666666663,-0.1428571428571429,validation,validation,native,0,1.0,0.0,1.0,0,0,0,0,0,0,0,0,0,0,0,0,0,0,0.000173,7e-06,7e-06,6249999.999999999
hermes_pilot_h5_009,21,14,update_status,S7,1.0,1.0,6.0,6.0,7.0,7.0,6,6,7,7,0,0,0,0.16666666666666663,0.1428571428571429,none,none,,unknown,1.0,1.0,6.0,6.0,7.0,7.0,6,6,7,7,0.16666666666666663,0.1428571428571429,none,none,native,0,1.0,1.0,1.0,0,0,0,0,0,0,0,0,0,0,0,0,0,0,0.000205,3.2e-05,0.0,4545454.545454545
hermes_pilot_h5_010,0,0,init,,0.0,0.0,0,0,0,0,0,0,0,0,0,0,0,0.0,0.0,none,none,,unknown,0.0,0.0,0,0,0,0,0,0,0,0,0.0,0.0,none,none,native,0,0.0,0.0,0.0,0,0,0,0,0,0,0,0,0,0,0,0,0,0,,,,
hermes_pilot_h5_010,2,1,add_subtask,S1,0.0,0.0,1.0,0,1.0,0,1,0,1,0,0,0,0,0.0,0.0,none,none,,unknown,0.0,0.0,1.0,0,1.0,0,1,0,1,0,0.0,0.0,none,none,native,0,0.0,0.0,0.0,0,0,0,0,0,0,0,0,0,0,0,0,0,0,0.0,0.0,0.0,
hermes_pilot_h5_010,3,2,update_status,S1,1.0,1.0,1.0,1.0,1.0,1.0,1,1,1,1,0,0,0,1.0,1.0,none,none,,unknown,1.0,1.0,1.0,1.0,1.0,1.0,1,1,1,1,1.0,1.0,none,none,native,0,1.0,0.0,0.0,0,0,0,0,0,0,0,0,0,0,0,0,0,0,7.9e-05,7.9e-05,0.0,1518987.3417721519
hermes_pilot_h5_010,4,3,add_subtask,S2,0.5,0.5,2.0,1.0,2.0,1.0,2,1,2,1,0,0,0,-0.5,-0.5,validation,validation,,unknown,0.5,0.5,2.0,1.0,2.0,1.0,2,1,2,1,-0.5,-0.5,validation,validation,native,0,1.0,0.0,0.0,0,0,0,0,0,0,0,0,0,0,0,0,0,0,9e-05,1.1e-05,1.1e-05,2000000.0
hermes_pilot_h5_010,6,4,add_subtask,S3,0.3333333333333333,0.3333333333333333,3.0,1.0,3.0,1.0,3,1,3,1,0,0,0,-0.16666666666666669,-0.16666666666666669,product,product,,unknown,0.3333333333333333,0.3333333333333333,3.0,1.0,3.0,1.0,3,1,3,1,-0.16666666666666669,-0.16666666666666669,product,product,native,0,0.5,0.0,0.0,0,0,0,0,0,0,0,0,0,0,0,0,0,0,0.000109,1.9e-05,3e-05,2201834.862385321
hermes_pilot_h5_010,7,5,update_status,S3,0.6666666666666666,0.6666666666666666,3.0,2.0,3.0,2.0,3,2,3,2,0,0,0,0.3333333333333333,0.3333333333333333,none,none,,unknown,0.6666666666666666,0.6666666666666666,3.0,2.0,3.0,2.0,3,2,3,2,0.3333333333333333,0.3333333333333333,none,none,native,0,1.0,0.0,0.0,0,0,0,0,0,0,0,0,0,0,0,0,0,0,0.000141,3.2e-05,0.0,2127659.5744680846
hermes_pilot_h5_010,8,6,add_subtask,S4,0.5,0.5,4.0,2.0,4.0,2.0,4,2,4,2,0,0,0,-0.16666666666666663,-0.16666666666666663,investigation,investigation,,unknown,0.5,0.5,4.0,2.0,4.0,2.0,4,2,4,2,-0.16666666666666663,-0.16666666666666663,investigation,investigation,native,0,1.0,0.0,0.0,0,0,0,0,0,0,0,0,0,0,0,0,0,0,0.000149,8e-06,8e-06,4285714.285714286
hermes_pilot_h5_010,9,7,update_status,S4,0.75,0.75,4.0,3.0,4.0,3.0,4,3,4,3,0,0,0,0.25,0.25,none,none,,unknown,0.75,0.75,4.0,3.0,4.0,3.0,4,3,4,3,0.25,0.25,none,none,native,0,1.0,0.0,1.0,0,0,0,0,0,0,0,0,0,0,0,0,0,0,0.000229,8e-05,0.0,2158273.3812949643
hermes_pilot_h5_010,10,8,add_subtask,S5,0.6,0.6,5.0,3.0,5.0,3.0,5,3,5,3,0,0,0,-0.15000000000000002,-0.15000000000000002,product,product,,unknown,0.6,0.6,5.0,3.0,5.0,3.0,5,3,5,3,-0.15000000000000002,-0.15000000000000002,product,product,native,0,0.6666666666666666,0.0,1.0,0,0,0,0,0,0,0,0,0,0,0,0,0,0,0.000263,3.4e-05,3.4e-05,1948051.948051948
hermes_pilot_h5_010,11,9,update_status,S5,0.8,0.8,5.0,4.0,5.0,4.0,5,4,5,4,0,0,0,0.20000000000000007,0.20000000000000007,none,none,,unknown,0.8,0.8,5.0,4.0,5.0,4.0,5,4,5,4,0.20000000000000007,0.20000000000000007,none,none,native,0,1.0,0.0,1.0,0,0,0,0,0,0,0,0,0,0,0,0,0,0,0.000303,4e-05,0.0,1851851.851851852
hermes_pilot_h5_010,12,10,add_subtask,S6,0.6666666666666666,0.6666666666666666,6.0,4.0,6.0,4.0,6,4,6,4,0,0,0,-0.13333333333333341,-0.13333333333333341,validation,validation,,unknown,0.6666666666666666,0.6666666666666666,6.0,4.0,6.0,4.0,6,4,6,4,-0.13333333333333341,-0.13333333333333341,validation,validation,native,0,1.0,0.0,1.0,0,0,0,0,0,0,0,0,0,0,0,0,0,0,0.000311,8e-06,8e-06,1851851.851851852
hermes_pilot_h5_010,13,11,update_status,S6,0.8333333333333334,0.8333333333333334,6.0,5.0,6.0,5.0,6,5,6,5,0,0,0,0.16666666666666674,0.16666666666666674,none,none,,unknown,0.8333333333333334,0.8333333333333334,6.0,5.0,6.0,5.0,6,5,6,5,0.16666666666666674,0.16666666666666674,none,none,native,0,1.0,0.5,1.0,0,0,0,0,0,0,0,0,0,0,0,0,0,0,0.000328,1.7e-05,0.0,3030303.0303030307
hermes_pilot_h5_010,14,12,add_subtask,S7,0.8333333333333334,0.7142857142857143,6.0,5.0,7.0,5.0,6,5,7,5,0,0,0,0.0,-0.11904761904761907,none,artifact,,unknown,0.8333333333333334,0.7142857142857143,6.0,5.0,7.0,5.0,6,5,7,5,0.0,-0.11904761904761907,none,artifact,native,0,1.0,0.5,1.0,0,0,0,0,0,0,0,0,0,0,0,0,0,0,0.000358,3e-05,3e-05,3157894.736842105
hermes_pilot_h5_010,23,13,update_status,S7,0.8333333333333334,0.8571428571428571,6.0,5.0,7.0,6.0,6,5,7,6,0,0,0,0.0,0.1428571428571428,none,none,,unknown,0.8333333333333334,0.8571428571428571,6.0,5.0,7.0,6.0,6,5,7,6,0.0,0.1428571428571428,none,none,native,0,1.0,0.5,1.0,0,0,0,0,0,0,0,0,0,0,0,0,0,0,0.000471,0.000113,0.000143,1785714.2857142857
hermes_pilot_h5_011,0,0,init,,0.0,0.0,0,0,0,0,0,0,0,0,0,0,0,0.0,0.0,none,none,,unknown,0.0,0.0,0,0,0,0,0,0,0,0,0.0,0.0,none,none,native,0,0.0,0.0,0.0,0,0,0,0,0,0,0,0,0,0,0,0,0,0,,,,
hermes_pilot_h5_011,2,1,add_subtask,S1,0.0,0.0,1.0,0,1.0,0,1,0,1,0,0,0,0,0.0,0.0,none,none,,unknown,0.0,0.0,1.0,0,1.0,0,1,0,1,0,0.0,0.0,none,none,native,0,0.0,0.0,0.0,0,0,0,0,0,0,0,0,0,0,0,0,0,0,0.0,0.0,0.0,
hermes_pilot_h5_011,13,2,update_status,S1,1.0,1.0,1.0,1.0,1.0,1.0,1,1,1,1,0,0,0,1.0,1.0,none,none,,unknown,1.0,1.0,1.0,1.0,1.0,1.0,1,1,1,1,1.0,1.0,none,none,native,0,1.0,0.0,0.0,0,0,0,0,0,0,0,0,0,0,0,0,0,0,0.000161,0.000161,0.0,745341.6149068322
hermes_pilot_h5_011,14,3,add_subtask,S2,0.5,0.5,2.0,1.0,2.0,1.0,2,1,2,1,0,0,0,-0.5,-0.5,investigation,investigation,,unknown,0.5,0.5,2.0,1.0,2.0,1.0,2,1,2,1,-0.5,-0.5,investigation,investigation,native,0,1.0,0.0,0.0,0,0,0,0,0,0,0,0,0,0,0,0,0,0,0.000173,1.2e-05,1.2e-05,1040462.4277456647
hermes_pilot_h5_011,17,4,update_status,S2,1.0,1.0,2.0,2.0,2.0,2.0,2,2,2,2,0,0,0,0.5,0.5,none,none,,unknown,1.0,1.0,2.0,2.0,2.0,2.0,2,2,2,2,0.5,0.5,none,none,native,0,1.0,0.0,1.0,0,0,0,0,0,0,0,0,0,0,0,0,0,0,0.000211,3.8e-05,0.0,1137440.758293839
hermes_pilot_h5_012,0,0,init,,0.0,0.0,0,0,0,0,0,0,0,0,0,0,0,0.0,0.0,none,none,,unknown,0.0,0.0,0,0,0,0,0,0,0,0,0.0,0.0,none,none,native,0,0.0,0.0,0.0,0,0,0,0,0,0,0,0,0,0,0,0,0,0,,,,
hermes_pilot_h5_012,2,1,add_subtask,S1,0.0,0.0,1.0,0,1.0,0,1,0,1,0,0,0,0,0.0,0.0,none,none,,unknown,0.0,0.0,1.0,0,1.0,0,1,0,1,0,0.0,0.0,none,none,native,0,0.0,0.0,0.0,0,0,0,0,0,0,0,0,0,0,0,0,0,0,0.0,0.0,0.0,
hermes_pilot_h5_012,9,2,update_status,S1,1.0,1.0,1.0,1.0,1.0,1.0,1,1,1,1,0,0,0,1.0,1.0,none,none,,unknown,1.0,1.0,1.0,1.0,1.0,1.0,1,1,1,1,1.0,1.0,none,none,native,0,0.0,0.0,1.0,0,0,0,0,0,0,0,0,0,0,0,0,0,0,0.000338,0.000338,0.0,355029.5857988166
hermes_pilot_h5_012,10,3,add_subtask,S2,0.5,0.5,2.0,1.0,2.0,1.0,2,1,2,1,0,0,0,-0.5,-0.5,validation,validation,,unknown,0.5,0.5,2.0,1.0,2.0,1.0,2,1,2,1,-0.5,-0.5,validation,validation,native,0,0.0,0.0,1.0,0,0,0,0,0,0,0,0,0,0,0,0,0,0,0.00035,1.2e-05,1.2e-05,514285.7142857143
hermes_pilot_h5_012,11,4,update_status,S2,1.0,1.0,2.0,2.0,2.0,2.0,2,2,2,2,0,0,0,0.5,0.5,none,none,,unknown,1.0,1.0,2.0,2.0,2.0,2.0,2,2,2,2,0.5,0.5,none,none,native,0,0.0,1.0,1.0,0,0,0,0,0,0,0,0,0,0,0,0,0,0,0.000471,0.000121,0.0,509554.1401273886
hermes_pilot_h5_012,12,5,add_subtask,S3,0.6666666666666666,0.6666666666666666,3.0,2.0,3.0,2.0,3,2,3,2,0,0,0,-0.33333333333333337,-0.33333333333333337,investigation,investigation,,unknown,0.6666666666666666,0.6666666666666666,3.0,2.0,3.0,2.0,3,2,3,2,-0.33333333333333337,-0.33333333333333337,investigation,investigation,native,0,0.0,1.0,0.5,0,0,0,0,0,0,0,0,0,0,0,0,0,0,0.000479,8e-06,8e-06,626304.8016701461
hermes_pilot_h5_012,19,6,update_status,S3,1.0,1.0,3.0,3.0,3.0,3.0,3,3,3,3,0,0,0,0.33333333333333337,0.33333333333333337,none,none,,unknown,1.0,1.0,3.0,3.0,3.0,3.0,3,3,3,3,0.33333333333333337,0.33333333333333337,none,none,native,0,0.0,1.0,1.0,0,0,0,0,0,0,0,0,0,0,0,0,0,0,0.000784,0.000305,0.0,672645.739910314
hermes_pilot_h5_012,22,7,add_subtask,S4,0.75,0.75,4.0,3.0,4.0,3.0,4,3,4,3,0,0,0,-0.25,-0.25,validation,validation,,unknown,0.75,0.75,4.0,3.0,4.0,3.0,4,3,4,3,-0.25,-0.25,validation,validation,native,0,0.0,0.5,1.0,0,0,0,0,0,0,0,0,0,0,0,0,0,0,0.000793,9e-06,9e-06,677200.9029345373
hermes_pilot_h5_012,23,8,update_status,S4,1.0,1.0,4.0,4.0,4.0,4.0,4,4,4,4,0,0,0,0.25,0.25,none,none,,unknown,1.0,1.0,4.0,4.0,4.0,4.0,4,4,4,4,0.25,0.25,none,none,native,0,0.0,1.0,1.0,0,0,0,0,0,0,0,0,0,0,0,0,0,0,0.000909,0.000116,0.0,684931.506849315
hermes_pilot_h5_012,24,9,add_subtask,S5,0.8,0.8,5.0,4.0,5.0,4.0,5,4,5,4,0,0,0,-0.19999999999999996,-0.19999999999999996,investigation,investigation,,unknown,0.8,0.8,5.0,4.0,5.0,4.0,5,4,5,4,-0.19999999999999996,-0.19999999999999996,investigation,investigation,native,0,0.0,1.0,0.6666666666666666,0,0,0,0,0,0,0,0,0,0,0,0,0,0,0.000916,7e-06,7e-06,686498.8558352402
hermes_pilot_h5_012,25,10,update_status,S5,1.0,1.0,5.0,5.0,5.0,5.0,5,5,5,5,0,0,0,0.19999999999999996,0.19999999999999996,none,none,,unknown,1.0,1.0,5.0,5.0,5.0,5.0,5,5,5,5,0.19999999999999996,0.19999999999999996,none,none,native,0,0.0,1.0,1.0,0,0,0,0,0,0,0,0,0,0,0,0,0,0,0.001036,0.00012,0.0,1190476.1904761905
hermes_pilot_h5_013,0,0,init,,0.0,0.0,0,0,0,0,0,0,0,0,0,0,0,0.0,0.0,none,none,,unknown,0.0,0.0,0,0,0,0,0,0,0,0,0.0,0.0,none,none,native,0,0.0,0.0,0.0,0,0,0,0,0,0,0,0,0,0,0,0,0,0,,,,
hermes_pilot_h5_013,2,1,add_subtask,S1,0.0,0.0,1.0,0,1.0,0,1,0,1,0,0,0,0,0.0,0.0,none,none,,unknown,0.0,0.0,1.0,0,1.0,0,1,0,1,0,0.0,0.0,none,none,native,0,0.0,0.0,0.0,0,0,0,0,0,0,0,0,0,0,0,0,0,0,0.0,0.0,0.0,
hermes_pilot_h5_013,7,2,update_status,S1,1.0,1.0,1.0,1.0,1.0,1.0,1,1,1,1,0,0,0,1.0,1.0,none,none,,unknown,1.0,1.0,1.0,1.0,1.0,1.0,1,1,1,1,1.0,1.0,none,none,native,0,0.0,1.0,0.0,0,0,0,0,0,0,0,0,0,0,0,0,0,0,0.000209,0.000209,0.0,574162.6794258372
hermes_pilot_h5_013,8,3,add_subtask,S2,0.5,0.5,2.0,1.0,2.0,1.0,2,1,2,1,0,0,0,-0.5,-0.5,investigation,investigation,,unknown,0.5,0.5,2.0,1.0,2.0,1.0,2,1,2,1,-0.5,-0.5,investigation,investigation,native,0,0.0,1.0,0.0,0,0,0,0,0,0,0,0,0,0,0,0,0,0,0.00022,1.1e-05,1.1e-05,818181.8181818181
hermes_pilot_h5_013,10,4,update_status,S2,1.0,1.0,2.0,2.0,2.0,2.0,2,2,2,2,0,0,0,0.5,0.5,none,none,,unknown,1.0,1.0,2.0,2.0,2.0,2.0,2,2,2,2,0.5,0.5,none,none,native,0,0.0,1.0,1.0,0,0,0,0,0,0,0,0,0,0,0,0,0,0,0.00032,0.0001,0.0,750000.0
hermes_pilot_h5_013,12,5,add_subtask,S3,0.6666666666666666,0.6666666666666666,3.0,2.0,3.0,2.0,3,2,3,2,0,0,0,-0.33333333333333337,-0.33333333333333337,validation,validation,,unknown,0.6666666666666666,0.6666666666666666,3.0,2.0,3.0,2.0,3,2,3,2,-0.33333333333333337,-0.33333333333333337,validation,validation,native,0,0.0,0.5,1.0,0,0,0,0,0,0,0,0,0,0,0,0,0,0,0.000328,8e-06,8e-06,914634.1463414633
hermes_pilot_h5_013,21,6,update_status,S3,1.0,1.0,3.0,3.0,3.0,3.0,3,3,3,3,0,0,0,0.33333333333333337,0.33333333333333337,none,none,,unknown,1.0,1.0,3.0,3.0,3.0,3.0,3,3,3,3,0.33333333333333337,0.33333333333333337,none,none,native,0,0.0,1.0,1.0,0,0,0,0,0,0,0,0,0,0,0,0,0,0,0.000427,9.9e-05,0.0,1376146.7889908256
hermes_pilot_h5_013,22,7,add_subtask,S4,0.75,0.75,4.0,3.0,4.0,3.0,4,3,4,3,0,0,0,-0.25,-0.25,product,product,,unknown,0.75,0.75,4.0,3.0,4.0,3.0,4,3,4,3,-0.25,-0.25,product,product,native,0,0.0,1.0,1.0,0,0,0,0,0,0,0,0,0,0,0,0,0,0,0.000436,9e-06,9e-06,1388888.888888889
hermes_pilot_h5_013,29,8,update_status,S4,1.0,1.0,4.0,4.0,4.0,4.0,4,4,4,4,0,0,0,0.25,0.25,none,none,,unknown,1.0,1.0,4.0,4.0,4.0,4.0,4,4,4,4,0.25,0.25,none,none,native,0,1.0,1.0,1.0,0,0,0,0,0,0,0,0,0,0,0,0,0,0,0.000507,7.1e-05,0.0,1604278.0748663102
hermes_pilot_h5_013,30,9,add_subtask,S5,0.8,0.8,5.0,4.0,5.0,4.0,5,4,5,4,0,0,0,-0.19999999999999996,-0.19999999999999996,investigation,investigation,,unknown,0.8,0.8,5.0,4.0,5.0,4.0,5,4,5,4,-0.19999999999999996,-0.19999999999999996,investigation,investigation,native,0,1.0,1.0,0.5,0,0,0,0,0,0,0,0,0,0,0,0,0,0,0.000515,8e-06,8e-06,1604278.0748663102
hermes_pilot_h5_013,34,10,add_subtask,S6,0.6666666666666666,0.6666666666666666,6.0,4.0,6.0,4.0,6,4,6,4,0,0,0,-0.13333333333333341,-0.13333333333333341,validation,validation,,unknown,0.6666666666666666,0.6666666666666666,6.0,4.0,6.0,4.0,6,4,6,4,-0.13333333333333341,-0.13333333333333341,validation,validation,native,0,1.0,0.6666666666666666,0.5,0,0,0,0,0,0,0,0,0,0,0,0,0,0,0.000535,2e-05,2.8e-05,2777777.777777778
hermes_pilot_h5_013,35,11,update_status,S6,0.8333333333333334,0.8333333333333334,6.0,5.0,6.0,5.0,6,5,6,5,0,0,0,0.16666666666666674,0.16666666666666674,none,none,,unknown,0.8333333333333334,0.8333333333333334,6.0,5.0,6.0,5.0,6,5,6,5,0.16666666666666674,0.16666666666666674,none,none,native,0,1.0,1.0,0.5,0,0,0,0,0,0,0,0,0,0,0,0,0,0,0.000554,1.9e-05,0.0,2542372.881355932
hermes_pilot_h5_013,36,12,add_subtask,S7,0.7142857142857143,0.7142857142857143,7.0,5.0,7.0,5.0,7,5,7,5,0,0,0,-0.11904761904761907,-0.11904761904761907,product,product,,unknown,0.7142857142857143,0.7142857142857143,7.0,5.0,7.0,5.0,7,5,7,5,-0.11904761904761907,-0.11904761904761907,product,product,native,0,0.5,1.0,0.5,0,0,0,0,0,0,0,0,0,0,0,0,0,0,0.000561,7e-06,7e-06,5555555.555555556
hermes_pilot_h5_013,37,13,update_status,S7,0.8571428571428571,0.8571428571428571,7.0,6.0,7.0,6.0,7,6,7,6,0,0,0,0.1428571428571428,0.1428571428571428,none,none,,unknown,0.8571428571428571,0.8571428571428571,7.0,6.0,7.0,6.0,7,6,7,6,0.1428571428571428,0.1428571428571428,none,none,native,0,1.0,1.0,0.5,0,0,0,0,0,0,0,0,0,0,0,0,0,0,0.000588,2.7e-05,0.0,4109589.04109589
hermes_pilot_h5_013,38,14,add_subtask,S8,0.75,0.75,8.0,6.0,8.0,6.0,8,6,8,6,0,0,0,-0.1071428571428571,-0.1071428571428571,investigation,investigation,,unknown,0.75,0.75,8.0,6.0,8.0,6.0,8,6,8,6,-0.1071428571428571,-0.1071428571428571,investigation,investigation,native,0,1.0,1.0,0.3333333333333333,0,0,0,0,0,0,0,0,0,0,0,0,0,0,0.000595,7e-06,7e-06,5000000.0
hermes_pilot_h5_013,41,15,update_status,S8,0.875,0.875,8.0,7.0,8.0,7.0,8,7,8,7,0,0,0,0.125,0.125,none,none,,unknown,0.875,0.875,8.0,7.0,8.0,7.0,8,7,8,7,0.125,0.125,none,none,native,0,1.0,1.0,0.6666666666666666,0,0,0,0,0,0,0,0,0,0,0,0,0,0,0.000724,0.000129,0.0,1764705.8823529412
hermes_pilot_h5_013,42,16,add_subtask,S9,0.875,0.7777777777777778,8.0,7.0,9.0,7.0,8,7,9,7,0,0,0,0.0,-0.09722222222222221,none,environment,,unknown,0.875,0.7777777777777778,8.0,7.0,9.0,7.0,8,7,9,7,0.0,-0.09722222222222221,none,environment,native,0,1.0,1.0,0.6666666666666666,0,0,0,0,0,0,0,0,0,0,0,0,0,0,0.000732,8e-06,8e-06,1754385.9649122804
hermes_pilot_h5_013,43,17,update_status,S9,0.875,0.8888888888888888,8.0,7.0,9.0,8.0,8,7,9,8,0,0,0,0.0,0.11111111111111105,none,none,,unknown,0.875,0.8888888888888888,8.0,7.0,9.0,8.0,8,7,9,8,0.0,0.11111111111111105,none,none,native,0,1.0,1.0,0.6666666666666666,0,0,0,0,0,0,0,0,0,0,0,0,0,0,0.000757,2.5e-05,3.3e-05,1775147.9289940828
hermes_pilot_h5_013,44,18,add_subtask,S10,0.7777777777777778,0.8,9.0,7.0,10.0,8.0,9,7,10,8,0,0,0,-0.09722222222222221,-0.0888888888888888,product,product,,unknown,0.7777777777777778,0.8,9.0,7.0,10.0,8.0,9,7,10,8,-0.09722222222222221,-0.0888888888888888,product,product,native,0,0.6666666666666666,1.0,0.6666666666666666,0,0,0,0,0,0,0,0,0,0,0,0,0,0,0.000764,7e-06,4e-05,1775147.9289940828
hermes_pilot_h5_013,51,19,update_status,S10,0.8888888888888888,0.9,9.0,8.0,10.0,9.0,9,8,10,9,0,0,0,0.11111111111111105,0.09999999999999998,none,none,,unknown,0.8888888888888888,0.9,9.0,8.0,10.0,9.0,9,8,10,9,0.11111111111111105,0.09999999999999998,none,none,native,0,1.0,1.0,0.6666666666666666,0,0,0,0,0,0,0,0,0,0,0,0,0,0,0.000867,0.000103,0.0,2097902.0979020977
hermes_pilot_h5_013,52,20,add_subtask,S11,0.8,0.8181818181818182,10.0,8.0,11.0,9.0,10,8,11,9,0,0,0,-0.0888888888888888,-0.08181818181818179,validation,validation,,unknown,0.8,0.8181818181818182,10.0,8.0,11.0,9.0,10,8,11,9,-0.0888888888888888,-0.08181818181818179,validation,validation,native,0,1.0,0.75,0.6666666666666666,0,0,0,0,0,0,0,0,0,0,0,0,0,0,0.000877,1e-05,1e-05,2068965.5172413792
hermes_pilot_h5_013,54,21,add_subtask,S12,0.7272727272727273,0.75,11.0,8.0,12.0,9.0,11,8,12,9,0,0,0,-0.07272727272727275,-0.06818181818181823,investigation,investigation,,unknown,0.7272727272727273,0.75,11.0,8.0,12.0,9.0,11,8,12,9,-0.07272727272727275,-0.06818181818181823,investigation,investigation,native,0,1.0,0.75,0.5,0,0,0,0,0,0,0,0,0,0,0,0,0,0,0.000894,1.7e-05,2.7e-05,2189781.0218978105
hermes_pilot_h5_013,55,22,update_status,S12,0.8181818181818182,0.8333333333333334,11.0,9.0,12.0,10.0,11,9,12,10,0,0,0,0.09090909090909094,0.08333333333333337,none,none,,unknown,0.8181818181818182,0.8333333333333334,11.0,9.0,12.0,10.0,11,9,12,10,0.09090909090909094,0.08333333333333337,none,none,native,0,1.0,0.75,0.75,0,0,0,0,0,0,0,0,0,0,0,0,0,0,0.000929,3.5e-05,0.0,1818181.8181818181
hermes_pilot_h5_014,0,0,init,,0.0,0.0,0,0,0,0,0,0,0,0,0,0,0,0.0,0.0,none,none,,unknown,0.0,0.0,0,0,0,0,0,0,0,0,0.0,0.0,none,none,native,0,0.0,0.0,0.0,0,0,0,0,0,0,0,0,0,0,0,0,0,0,,,,
hermes_pilot_h5_014,2,1,add_subtask,S1,0.0,0.0,1.0,0,1.0,0,1,0,1,0,0,0,0,0.0,0.0,none,none,,unknown,0.0,0.0,1.0,0,1.0,0,1,0,1,0,0.0,0.0,none,none,native,0,0.0,0.0,0.0,0,0,0,0,0,0,0,0,0,0,0,0,0,0,0.0,0.0,0.0,
hermes_pilot_h5_014,3,2,update_status,S1,1.0,1.0,1.0,1.0,1.0,1.0,1,1,1,1,0,0,0,1.0,1.0,none,none,,unknown,1.0,1.0,1.0,1.0,1.0,1.0,1,1,1,1,1.0,1.0,none,none,native,0,1.0,0.0,0.0,0,0,0,0,0,0,0,0,0,0,0,0,0,0,8.7e-05,8.7e-05,0.0,1379310.344827586
hermes_pilot_h5_014,4,3,add_subtask,S2,0.5,0.5,2.0,1.0,2.0,1.0,2,1,2,1,0,0,0,-0.5,-0.5,validation,validation,,unknown,0.5,0.5,2.0,1.0,2.0,1.0,2,1,2,1,-0.5,-0.5,validation,validation,native,0,1.0,0.0,0.0,0,0,0,0,0,0,0,0,0,0,0,0,0,0,0.000101,1.4e-05,1.4e-05,1782178.217821782
hermes_pilot_h5_014,7,4,update_status,S2,1.0,1.0,2.0,2.0,2.0,2.0,2,2,2,2,0,0,0,0.5,0.5,none,none,,unknown,1.0,1.0,2.0,2.0,2.0,2.0,2,2,2,2,0.5,0.5,none,none,native,0,1.0,1.0,0.0,0,0,0,0,0,0,0,0,0,0,0,0,0,0,0.000133,3.2e-05,0.0,1804511.2781954885
hermes_pilot_h5_014,8,5,add_subtask,S3,0.6666666666666666,0.6666666666666666,3.0,2.0,3.0,2.0,3,2,3,2,0,0,0,-0.33333333333333337,-0.33333333333333337,product,product,,unknown,0.6666666666666666,0.6666666666666666,3.0,2.0,3.0,2.0,3,2,3,2,-0.33333333333333337,-0.33333333333333337,product,product,native,0,0.5,1.0,0.0,0,0,0,0,0,0,0,0,0,0,0,0,0,0,0.000144,1.1e-05,1.1e-05,2083333.3333333335
hermes_pilot_h5_014,10,6,add_subtask,S4,0.5,0.5,4.0,2.0,4.0,2.0,4,2,4,2,0,0,0,-0.16666666666666663,-0.16666666666666663,validation,validation,,unknown,0.5,0.5,4.0,2.0,4.0,2.0,4,2,4,2,-0.16666666666666663,-0.16666666666666663,validation,validation,native,0,0.5,0.5,0.0,0,0,0,0,0,0,0,0,0,0,0,0,0,0,0.00016,1.6e-05,2.7e-05,4109589.04109589
hermes_pilot_h5_014,11,7,update_status,S4,0.75,0.75,4.0,3.0,4.0,3.0,4,3,4,3,0,0,0,0.25,0.25,none,none,,unknown,0.75,0.75,4.0,3.0,4.0,3.0,4,3,4,3,0.25,0.25,none,none,native,0,0.5,1.0,0.0,0,0,0,0,0,0,0,0,0,0,0,0,0,0,0.000172,1.2e-05,0.0,4225352.112676056
hermes_pilot_h5_015,0,0,init,,0.0,0.0,0,0,0,0,0,0,0,0,0,0,0,0.0,0.0,none,none,,unknown,0.0,0.0,0,0,0,0,0,0,0,0,0.0,0.0,none,none,native,0,0.0,0.0,0.0,0,0,0,0,0,0,0,0,0,0,0,0,0,0,,,,
hermes_pilot_h5_015,2,1,add_subtask,S1,0.0,0.0,1.0,0,1.0,0,1,0,1,0,0,0,0,0.0,0.0,none,none,,unknown,0.0,0.0,1.0,0,1.0,0,1,0,1,0,0.0,0.0,none,none,native,0,0.0,0.0,0.0,0,0,0,0,0,0,0,0,0,0,0,0,0,0,0.0,0.0,0.0,
hermes_pilot_h5_015,5,2,update_status,S1,1.0,1.0,1.0,1.0,1.0,1.0,1,1,1,1,0,0,0,1.0,1.0,none,none,,unknown,1.0,1.0,1.0,1.0,1.0,1.0,1,1,1,1,1.0,1.0,none,none,native,0,1.0,0.0,0.0,0,0,0,0,0,0,0,0,0,0,0,0,0,0,0.000112,0.000112,0.0,1071428.5714285714
hermes_pilot_h5_015,6,3,add_subtask,S2,0.5,0.5,2.0,1.0,2.0,1.0,2,1,2,1,0,0,0,-0.5,-0.5,validation,validation,,unknown,0.5,0.5,2.0,1.0,2.0,1.0,2,1,2,1,-0.5,-0.5,validation,validation,native,0,1.0,0.0,0.0,0,0,0,0,0,0,0,0,0,0,0,0,0,0,0.000123,1.1e-05,1.1e-05,1463414.6341463414
hermes_pilot_h5_015,8,4,add_subtask,S3,0.3333333333333333,0.3333333333333333,3.0,1.0,3.0,1.0,3,1,3,1,0,0,0,-0.16666666666666669,-0.16666666666666669,investigation,investigation,,unknown,0.3333333333333333,0.3333333333333333,3.0,1.0,3.0,1.0,3,1,3,1,-0.16666666666666669,-0.16666666666666669,investigation,investigation,native,0,1.0,0.0,0.0,0,0,0,0,0,0,0,0,0,0,0,0,0,0,0.000136,1.3e-05,2.4e-05,1764705.882352941
hermes_pilot_h5_015,9,5,update_status,S3,0.6666666666666666,0.6666666666666666,3.0,2.0,3.0,2.0,3,2,3,2,0,0,0,0.3333333333333333,0.3333333333333333,none,none,,unknown,0.6666666666666666,0.6666666666666666,3.0,2.0,3.0,2.0,3,2,3,2,0.3333333333333333,0.3333333333333333,none,none,native,0,1.0,0.0,1.0,0,0,0,0,0,0,0,0,0,0,0,0,0,0,0.000169,3.3e-05,0.0,1775147.9289940828
hermes_pilot_h5_015,10,6,add_subtask,S4,0.5,0.5,4.0,2.0,4.0,2.0,4,2,4,2,0,0,0,-0.16666666666666663,-0.16666666666666663,validation,validation,,unknown,0.5,0.5,4.0,2.0,4.0,2.0,4,2,4,2,-0.16666666666666663,-0.16666666666666663,validation,validation,native,0,1.0,0.0,1.0,0,0,0,0,0,0,0,0,0,0,0,0,0,0,0.000176,7e-06,7e-06,4687500.0
hermes_pilot_h5_015,12,7,add_subtask,S5,0.4,0.4,5.0,2.0,5.0,2.0,5,2,5,2,0,0,0,-0.09999999999999998,-0.09999999999999998,product,product,,unknown,0.4,0.4,5.0,2.0,5.0,2.0,5,2,5,2,-0.09999999999999998,-0.09999999999999998,product,product,native,0,0.5,0.0,1.0,0,0,0,0,0,0,0,0,0,0,0,0,0,0,0.000191,1.5e-05,2.2e-05,4411764.705882353
hermes_pilot_h5_015,13,8,update_status,S5,0.6,0.6,5.0,3.0,5.0,3.0,5,3,5,3,0,0,0,0.19999999999999996,0.19999999999999996,none,none,,unknown,0.6,0.6,5.0,3.0,5.0,3.0,5,3,5,3,0.19999999999999996,0.19999999999999996,none,none,native,0,1.0,0.0,1.0,0,0,0,0,0,0,0,0,0,0,0,0,0,0,0.000213,2.2e-05,0.0,3896103.896103896
hermes_pilot_h5_015,14,9,add_subtask,S6,0.5,0.5,6.0,3.0,6.0,3.0,6,3,6,3,0,0,0,-0.09999999999999998,-0.09999999999999998,validation,validation,,unknown,0.5,0.5,6.0,3.0,6.0,3.0,6,3,6,3,-0.09999999999999998,-0.09999999999999998,validation,validation,native,0,1.0,0.0,1.0,0,0,0,0,0,0,0,0,0,0,0,0,0,0,0.000221,8e-06,8e-06,5769230.76923077
hermes_pilot_h5_015,17,10,update_status,S6,0.6666666666666666,0.6666666666666666,6.0,4.0,6.0,4.0,6,4,6,4,0,0,0,0.16666666666666663,0.16666666666666663,none,none,,unknown,0.6666666666666666,0.6666666666666666,6.0,4.0,6.0,4.0,6,4,6,4,0.16666666666666663,0.16666666666666663,none,none,native,0,1.0,0.3333333333333333,1.0,0,0,0,0,0,0,0,0,0,0,0,0,0,0,0.000243,2.2e-05,0.0,4477611.940298508
hermes_pilot_h5_015,18,11,add_subtask,S7,0.5714285714285714,0.5714285714285714,7.0,4.0,7.0,4.0,7,4,7,4,0,0,0,-0.09523809523809523,-0.09523809523809523,product,product,,unknown,0.5714285714285714,0.5714285714285714,7.0,4.0,7.0,4.0,7,4,7,4,-0.09523809523809523,-0.09523809523809523,product,product,native,0,0.6666666666666666,0.3333333333333333,1.0,0,0,0,0,0,0,0,0,0,0,0,0,0,0,0.000263,2e-05,2e-05,4166666.666666667
hermes_pilot_h5_015,19,12,update_status,S7,0.7142857142857143,0.7142857142857143,7.0,5.0,7.0,5.0,7,5,7,5,0,0,0,0.1428571428571429,0.1428571428571429,none,none,,unknown,0.7142857142857143,0.7142857142857143,7.0,5.0,7.0,5.0,7,5,7,5,0.1428571428571429,0.1428571428571429,none,none,native,0,1.0,0.3333333333333333,1.0,0,0,0,0,0,0,0,0,0,0,0,0,0,0,0.000288,2.5e-05,0.0,4000000.0000000005
hermes_pilot_h5_015,20,13,add_subtask,S8,0.625,0.625,8.0,5.0,8.0,5.0,8,5,8,5,0,0,0,-0.0892857142857143,-0.0892857142857143,validation,validation,,unknown,0.625,0.625,8.0,5.0,8.0,5.0,8,5,8,5,-0.0892857142857143,-0.0892857142857143,validation,validation,native,0,1.0,0.25,1.0,0,0,0,0,0,0,0,0,0,0,0,0,0,0,0.000295,7e-06,7e-06,4054054.054054054
hermes_pilot_h5_015,22,14,add_subtask,S9,0.5555555555555556,0.5555555555555556,9.0,5.0,9.0,5.0,9,5,9,5,0,0,0,-0.06944444444444442,-0.06944444444444442,product,product,,unknown,0.5555555555555556,0.5555555555555556,9.0,5.0,9.0,5.0,9,5,9,5,-0.06944444444444442,-0.06944444444444442,product,product,native,0,0.75,0.25,1.0,0,0,0,0,0,0,0,0,0,0,0,0,0,0,0.000322,2.7e-05,3.4e-05,3797468.35443038
hermes_pilot_h5_015,25,15,update_status,S9,0.6666666666666666,0.6666666666666666,9.0,6.0,9.0,6.0,9,6,9,6,0,0,0,0.11111111111111105,0.11111111111111105,none,none,,unknown,0.6666666666666666,0.6666666666666666,9.0,6.0,9.0,6.0,9,6,9,6,0.11111111111111105,0.11111111111111105,none,none,native,0,1.0,0.25,1.0,0,0,0,0,0,0,0,0,0,0,0,0,0,0,0.00038,5.8e-05,0.0,2564102.564102564
hermes_pilot_h5_015,26,16,add_subtask,S10,0.6,0.6,10.0,6.0,10.0,6.0,10,6,10,6,0,0,0,-0.06666666666666665,-0.06666666666666665,validation,validation,,unknown,0.6,0.6,10.0,6.0,10.0,6.0,10,6,10,6,-0.06666666666666665,-0.06666666666666665,validation,validation,native,0,1.0,0.2,1.0,0,0,0,0,0,0,0,0,0,0,0,0,0,0,0.000387,7e-06,7e-06,3030303.0303030307
hermes_pilot_h5_015,27,17,update_status,S10,0.7,0.7,10.0,7.0,10.0,7.0,10,7,10,7,0,0,0,0.09999999999999998,0.09999999999999998,none,none,,unknown,0.7,0.7,10.0,7.0,10.0,7.0,10,7,10,7,0.09999999999999998,0.09999999999999998,none,none,native,0,1.0,0.4,1.0,0,0,0,0,0,0,0,0,0,0,0,0,0,0,0.000408,2.1e-05,0.0,2654867.256637168
hermes_pilot_h5_015,28,18,add_subtask,S11,0.7,0.6363636363636364,10.0,7.0,11.0,7.0,10,7,11,7,0,0,0,0.0,-0.0636363636363636,none,artifact,,unknown,0.7,0.6363636363636364,10.0,7.0,11.0,7.0,10,7,11,7,0.0,-0.0636363636363636,none,artifact,native,0,1.0,0.4,1.0,0,0,0,0,0,0,0,0,0,0,0,0,0,0,0.000434,2.6e-05,2.6e-05,2678571.4285714286
hermes_pilot_h5_015,31,19,update_status,S11,0.7,0.7272727272727273,10.0,7.0,11.0,8.0,10,7,11,8,0,0,0,0.0,0.09090909090909094,none,none,,unknown,0.7,0.7272727272727273,10.0,7.0,11.0,8.0,10,7,11,8,0.0,0.09090909090909094,none,none,native,0,1.0,0.4,1.0,0,0,0,0,0,0,0,0,0,0,0,0,0,0,0.000473,3.9e-05,6.5e-05,3225806.4516129033
hermes_pilot_h5_016,0,0,init,,0.0,0.0,0,0,0,0,0,0,0,0,0,0,0,0.0,0.0,none,none,,unknown,0.0,0.0,0,0,0,0,0,0,0,0,0.0,0.0,none,none,native,0,0.0,0.0,0.0,0,0,0,0,0,0,0,0,0,0,0,0,0,0,,,,
hermes_pilot_h5_016,2,1,add_subtask,S1,0.0,0.0,1.0,0,1.0,0,1,0,1,0,0,0,0,0.0,0.0,none,none,,unknown,0.0,0.0,1.0,0,1.0,0,1,0,1,0,0.0,0.0,none,none,native,0,0.0,0.0,0.0,0,0,0,0,0,0,0,0,0,0,0,0,0,0,0.0,0.0,0.0,
hermes_pilot_h5_016,13,2,update_status,S1,1.0,1.0,1.0,1.0,1.0,1.0,1,1,1,1,0,0,0,1.0,1.0,none,none,,unknown,1.0,1.0,1.0,1.0,1.0,1.0,1,1,1,1,1.0,1.0,none,none,native,0,1.0,0.0,0.0,0,0,0,0,0,0,0,0,0,0,0,0,0,0,0.000148,0.000148,0.0,810810.8108108108
hermes_pilot_h5_017,0,0,init,,0.0,0.0,0,0,0,0,0,0,0,0,0,0,0,0.0,0.0,none,none,,unknown,0.0,0.0,0,0,0,0,0,0,0,0,0.0,0.0,none,none,native,0,0.0,0.0,0.0,0,0,0,0,0,0,0,0,0,0,0,0,0,0,,,,
hermes_pilot_h5_017,2,1,add_subtask,S1,0.0,0.0,1.0,0,1.0,0,1,0,1,0,0,0,0,0.0,0.0,none,none,,unknown,0.0,0.0,1.0,0,1.0,0,1,0,1,0,0.0,0.0,none,none,native,0,0.0,0.0,0.0,0,0,0,0,0,0,0,0,0,0,0,0,0,0,0.0,0.0,0.0,
hermes_pilot_h5_017,4,2,update_status,S1,1.0,1.0,1.0,1.0,1.0,1.0,1,1,1,1,0,0,0,1.0,1.0,none,none,,unknown,1.0,1.0,1.0,1.0,1.0,1.0,1,1,1,1,1.0,1.0,none,none,native,0,1.0,0.0,0.0,0,0,0,0,0,0,0,0,0,0,0,0,0,0,4.2e-05,4.2e-05,0.0,2857142.8571428573
hermes_pilot_h5_017,3,3,add_subtask,S2,0.5,0.5,2.0,1.0,2.0,1.0,2,1,2,1,0,0,0,-0.5,-0.5,investigation,investigation,,unknown,0.5,0.5,2.0,1.0,2.0,1.0,2,1,2,1,-0.5,-0.5,investigation,investigation,native,0,1.0,0.0,0.0,0,0,0,0,0,0,0,0,0,0,0,0,0,0,5.4e-05,1.2e-05,1.2e-05,3333333.3333333335
hermes_pilot_h5_017,9,4,update_status,S2,1.0,1.0,2.0,2.0,2.0,2.0,2,2,2,2,0,0,0,0.5,0.5,none,none,,unknown,1.0,1.0,2.0,2.0,2.0,2.0,2,2,2,2,0.5,0.5,none,none,native,0,1.0,0.0,1.0,0,0,0,0,0,0,0,0,0,0,0,0,0,0,9.3e-05,3.9e-05,0.0,2580645.1612903224
hermes_pilot_h5_017,10,5,add_subtask,S3,0.6666666666666666,0.6666666666666666,3.0,2.0,3.0,2.0,3,2,3,2,0,0,0,-0.33333333333333337,-0.33333333333333337,validation,validation,,unknown,0.6666666666666666,0.6666666666666666,3.0,2.0,3.0,2.0,3,2,3,2,-0.33333333333333337,-0.33333333333333337,validation,validation,native,0,1.0,0.0,1.0,0,0,0,0,0,0,0,0,0,0,0,0,0,0,0.000102,9e-06,9e-06,2941176.470588235
hermes_pilot_h5_017,11,6,update_status,S3,1.0,1.0,3.0,3.0,3.0,3.0,3,3,3,3,0,0,0,0.33333333333333337,0.33333333333333337,none,none,,unknown,1.0,1.0,3.0,3.0,3.0,3.0,3,3,3,3,0.33333333333333337,0.33333333333333337,none,none,native,0,1.0,1.0,1.0,0,0,0,0,0,0,0,0,0,0,0,0,0,0,0.000114,1.2e-05,0.0,4166666.666666667
hermes_pilot_h5_017,12,7,add_subtask,S4,0.75,0.75,4.0,3.0,4.0,3.0,4,3,4,3,0,0,0,-0.25,-0.25,investigation,investigation,,unknown,0.75,0.75,4.0,3.0,4.0,3.0,4,3,4,3,-0.25,-0.25,investigation,investigation,native,0,1.0,1.0,0.5,0,0,0,0,0,0,0,0,0,0,0,0,0,0,0.000121,7e-06,7e-06,4477611.940298508
hermes_pilot_h5_017,13,8,update_status,S4,1.0,1.0,4.0,4.0,4.0,4.0,4,4,4,4,0,0,0,0.25,0.25,none,none,,unknown,1.0,1.0,4.0,4.0,4.0,4.0,4,4,4,4,0.25,0.25,none,none,native,0,1.0,1.0,1.0,0,0,0,0,0,0,0,0,0,0,0,0,0,0,0.000281,0.00016,0.0,1595744.680851064
hermes_pilot_h5_017,18,9,add_subtask,S5,0.8,0.8,5.0,4.0,5.0,4.0,5,4,5,4,0,0,0,-0.19999999999999996,-0.19999999999999996,validation,validation,,unknown,0.8,0.8,5.0,4.0,5.0,4.0,5,4,5,4,-0.19999999999999996,-0.19999999999999996,validation,validation,native,0,1.0,0.5,1.0,0,0,0,0,0,0,0,0,0,0,0,0,0,0,0.000289,8e-06,8e-06,1604278.0748663102
hermes_pilot_h5_017,21,10,update_status,S5,1.0,1.0,5.0,5.0,5.0,5.0,5,5,5,5,0,0,0,0.19999999999999996,0.19999999999999996,none,none,,unknown,1.0,1.0,5.0,5.0,5.0,5.0,5,5,5,5,0.19999999999999996,0.19999999999999996,none,none,native,0,1.0,1.0,1.0,0,0,0,0,0,0,0,0,0,0,0,0,0,0,0.000415,0.000126,0.0,996677.7408637875
hermes_pilot_h5_018,0,0,init,,0.0,0.0,0,0,0,0,0,0,0,0,0,0,0,0.0,0.0,none,none,,unknown,0.0,0.0,0,0,0,0,0,0,0,0,0.0,0.0,none,none,native,0,0.0,0.0,0.0,0,0,0,0,0,0,0,0,0,0,0,0,0,0,,,,
hermes_pilot_h5_018,2,1,add_subtask,S1,0.0,0.0,1.0,0,1.0,0,1,0,1,0,0,0,0,0.0,0.0,none,none,,unknown,0.0,0.0,1.0,0,1.0,0,1,0,1,0,0.0,0.0,none,none,native,0,0.0,0.0,0.0,0,0,0,0,0,0,0,0,0,0,0,0,0,0,0.0,0.0,0.0,
hermes_pilot_h5_018,3,2,update_status,S1,1.0,1.0,1.0,1.0,1.0,1.0,1,1,1,1,0,0,0,1.0,1.0,none,none,,unknown,1.0,1.0,1.0,1.0,1.0,1.0,1,1,1,1,1.0,1.0,none,none,native,0,0.0,1.0,0.0,0,0,0,0,0,0,0,0,0,0,0,0,0,0,3.9e-05,3.9e-05,0.0,3076923.076923077
hermes_pilot_h5_018,4,3,add_subtask,S2,0.5,0.5,2.0,1.0,2.0,1.0,2,1,2,1,0,0,0,-0.5,-0.5,investigation,investigation,,unknown,0.5,0.5,2.0,1.0,2.0,1.0,2,1,2,1,-0.5,-0.5,investigation,investigation,native,0,0.0,1.0,0.0,0,0,0,0,0,0,0,0,0,0,0,0,0,0,5e-05,1.1e-05,1.1e-05,3600000.0
hermes_pilot_h5_018,5,4,update_status,S2,1.0,1.0,2.0,2.0,2.0,2.0,2,2,2,2,0,0,0,0.5,0.5,none,none,,unknown,1.0,1.0,2.0,2.0,2.0,2.0,2,2,2,2,0.5,0.5,none,none,native,0,0.0,1.0,1.0,0,0,0,0,0,0,0,0,0,0,0,0,0,0,0.000205,0.000155,0.0,1170731.7073170734
hermes_pilot_h5_018,6,5,add_subtask,S3,0.6666666666666666,0.6666666666666666,3.0,2.0,3.0,2.0,3,2,3,2,0,0,0,-0.33333333333333337,-0.33333333333333337,validation,validation,,unknown,0.6666666666666666,0.6666666666666666,3.0,2.0,3.0,2.0,3,2,3,2,-0.33333333333333337,-0.33333333333333337,validation,validation,native,0,0.0,0.5,1.0,0,0,0,0,0,0,0,0,0,0,0,0,0,0,0.000213,8e-06,8e-06,1408450.7042253523
hermes_pilot_h5_018,7,6,update_status,S3,1.0,1.0,3.0,3.0,3.0,3.0,3,3,3,3,0,0,0,0.33333333333333337,0.33333333333333337,none,none,,unknown,1.0,1.0,3.0,3.0,3.0,3.0,3,3,3,3,0.33333333333333337,0.33333333333333337,none,none,native,0,0.0,1.0,1.0,0,0,0,0,0,0,0,0,0,0,0,0,0,0,0.000235,2.2e-05,0.0,1530612.2448979593
hermes_pilot_h5_018,8,7,add_subtask,S4,0.75,0.75,4.0,3.0,4.0,3.0,4,3,4,3,0,0,0,-0.25,-0.25,investigation,investigation,,unknown,0.75,0.75,4.0,3.0,4.0,3.0,4,3,4,3,-0.25,-0.25,investigation,investigation,native,0,0.0,1.0,0.5,0,0,0,0,0,0,0,0,0,0,0,0,0,0,0.000245,1e-05,1e-05,1538461.5384615385
hermes_pilot_h5_018,10,8,add_subtask,S5,0.6,0.6,5.0,3.0,5.0,3.0,5,3,5,3,0,0,0,-0.15000000000000002,-0.15000000000000002,validation,validation,,unknown,0.6,0.6,5.0,3.0,5.0,3.0,5,3,5,3,-0.15000000000000002,-0.15000000000000002,validation,validation,native,0,0.0,0.6666666666666666,0.5,0,0,0,0,0,0,0,0,0,0,0,0,0,0,0.000257,1.2e-05,2.2e-05,5769230.76923077
hermes_pilot_h5_018,12,9,add_subtask,S6,0.5,0.5,6.0,3.0,6.0,3.0,6,3,6,3,0,0,0,-0.09999999999999998,-0.09999999999999998,investigation,investigation,,unknown,0.5,0.5,6.0,3.0,6.0,3.0,6,3,6,3,-0.09999999999999998,-0.09999999999999998,investigation,investigation,native,0,0.0,0.6666666666666666,0.3333333333333333,0,0,0,0,0,0,0,0,0,0,0,0,0,0,0.000269,1.2e-05,3.4e-05,5357142.857142857
hermes_pilot_h5_018,29,10,update_status,S6,0.6666666666666666,0.6666666666666666,6.0,4.0,6.0,4.0,6,4,6,4,0,0,0,0.16666666666666663,0.16666666666666663,none,none,,unknown,0.6666666666666666,0.6666666666666666,6.0,4.0,6.0,4.0,6,4,6,4,0.16666666666666663,0.16666666666666663,none,none,native,0,0.0,0.6666666666666666,0.6666666666666666,0,0,0,0,0,0,0,0,0,0,0,0,0,0,0.00047,0.000201,0.0,1276595.744680851
hermes_pilot_h5_018,30,11,add_subtask,S7,0.5714285714285714,0.5714285714285714,7.0,4.0,7.0,4.0,7,4,7,4,0,0,0,-0.09523809523809523,-0.09523809523809523,product,product,,unknown,0.5714285714285714,0.5714285714285714,7.0,4.0,7.0,4.0,7,4,7,4,-0.09523809523809523,-0.09523809523809523,product,product,native,0,0.0,0.6666666666666666,0.6666666666666666,0,0,0,0,0,0,0,0,0,0,0,0,0,0,0.000478,8e-06,8e-06,1287553.6480686695
hermes_pilot_h5_018,31,12,update_status,S7,0.7142857142857143,0.7142857142857143,7.0,5.0,7.0,5.0,7,5,7,5,0,0,0,0.1428571428571429,0.1428571428571429,none,none,,unknown,0.7142857142857143,0.7142857142857143,7.0,5.0,7.0,5.0,7,5,7,5,0.1428571428571429,0.1428571428571429,none,none,native,0,1.0,0.6666666666666666,0.6666666666666666,0,0,0,0,0,0,0,0,0,0,0,0,0,0,0.000492,1.4e-05,0.0,1276595.744680851
hermes_pilot_h5_018,32,13,add_subtask,S8,0.625,0.625,8.0,5.0,8.0,5.0,8,5,8,5,0,0,0,-0.0892857142857143,-0.0892857142857143,investigation,investigation,,unknown,0.625,0.625,8.0,5.0,8.0,5.0,8,5,8,5,-0.0892857142857143,-0.0892857142857143,investigation,investigation,native,0,1.0,0.6666666666666666,0.5,0,0,0,0,0,0,0,0,0,0,0,0,0,0,0.0005,8e-06,8e-06,1298701.2987012987
hermes_pilot_h5_018,47,14,update_status,S8,0.75,0.75,8.0,6.0,8.0,6.0,8,6,8,6,0,0,0,0.125,0.125,none,none,,unknown,0.75,0.75,8.0,6.0,8.0,6.0,8,6,8,6,0.125,0.125,none,none,native,0,1.0,0.6666666666666666,0.75,0,0,0,0,0,0,0,0,0,0,0,0,0,0,0.000647,0.000147,0.0,1694915.2542372884
hermes_pilot_h5_019,0,0,init,,0.0,0.0,0,0,0,0,0,0,0,0,0,0,0,0.0,0.0,none,none,,unknown,0.0,0.0,0,0,0,0,0,0,0,0,0.0,0.0,none,none,native,0,0.0,0.0,0.0,0,0,0,0,0,0,0,0,0,0,0,0,0,0,,,,
hermes_pilot_h5_019,2,1,add_subtask,S1,0.0,0.0,1.0,0,1.0,0,1,0,1,0,0,0,0,0.0,0.0,none,none,,unknown,0.0,0.0,1.0,0,1.0,0,1,0,1,0,0.0,0.0,none,none,native,0,0.0,0.0,0.0,0,0,0,0,0,0,0,0,0,0,0,0,0,0,0.0,0.0,0.0,
hermes_pilot_h5_019,11,2,update_status,S1,1.0,1.0,1.0,1.0,1.0,1.0,1,1,1,1,0,0,0,1.0,1.0,none,none,,unknown,1.0,1.0,1.0,1.0,1.0,1.0,1,1,1,1,1.0,1.0,none,none,native,0,1.0,0.0,0.0,0,0,0,0,0,0,0,0,0,0,0,0,0,0,0.000143,0.000143,0.0,839160.8391608391
hermes_pilot_h5_019,12,3,add_subtask,S2,1.0,0.5,1.0,1.0,2.0,1.0,1,1,2,1,0,0,0,0.0,-0.5,none,environment,,unknown,1.0,0.5,1.0,1.0,2.0,1.0,1,1,2,1,0.0,-0.5,none,environment,native,0,1.0,0.0,0.0,0,0,0,0,0,0,0,0,0,0,0,0,0,0,0.000155,1.2e-05,1.2e-05,1161290.322580645
hermes_pilot_h5_019,13,4,update_status,S2,1.0,1.0,1.0,1.0,2.0,2.0,1,1,2,2,0,0,0,0.0,0.5,none,none,,unknown,1.0,1.0,1.0,1.0,2.0,2.0,1,1,2,2,0.0,0.5,none,none,native,0,1.0,0.0,0.0,0,0,0,0,0,0,0,0,0,0,0,0,0,0,0.00017,1.5e-05,2.7e-05,1411764.7058823528
hermes_pilot_h5_019,14,5,add_subtask,S3,0.5,0.6666666666666666,2.0,1.0,3.0,2.0,2,1,3,2,0,0,0,-0.5,-0.33333333333333337,validation,validation,,unknown,0.5,0.6666666666666666,2.0,1.0,3.0,2.0,2,1,3,2,-0.5,-0.33333333333333337,validation,validation,native,0,1.0,0.0,0.0,0,0,0,0,0,0,0,0,0,0,0,0,0,0,0.000179,9e-06,3.6e-05,1675977.6536312848
hermes_pilot_h5_019,15,6,update_status,S3,1.0,1.0,2.0,2.0,3.0,3.0,2,2,3,3,0,0,0,0.5,0.33333333333333337,none,none,,unknown,1.0,1.0,2.0,2.0,3.0,3.0,2,2,3,3,0.5,0.33333333333333337,none,none,native,0,1.0,1.0,0.0,0,0,0,0,0,0,0,0,0,0,0,0,0,0,0.000196,1.7e-05,0.0,5660377.358490566
hermes_pilot_h5_019,16,7,add_subtask,S4,1.0,0.75,2.0,2.0,4.0,3.0,2,2,4,3,0,0,0,0.0,-0.25,none,environment,,unknown,1.0,0.75,2.0,2.0,4.0,3.0,2,2,4,3,0.0,-0.25,none,environment,native,0,1.0,1.0,0.0,0,0,0,0,0,0,0,0,0,0,0,0,0,0,0.00021,1.4e-05,1.4e-05,5454545.454545454
hermes_pilot_h5_019,17,8,update_status,S4,1.0,1.0,2.0,2.0,4.0,4.0,2,2,4,4,0,0,0,0.0,0.25,none,none,,unknown,1.0,1.0,2.0,2.0,4.0,4.0,2,2,4,4,0.0,0.25,none,none,native,0,1.0,1.0,0.0,0,0,0,0,0,0,0,0,0,0,0,0,0,0,0.000222,1.2e-05,2.6e-05,5769230.76923077
hermes_pilot_h5_019,18,9,add_subtask,S5,0.6666666666666666,0.8,3.0,2.0,5.0,4.0,3,2,5,4,0,0,0,-0.33333333333333337,-0.19999999999999996,validation,validation,,unknown,0.6666666666666666,0.8,3.0,2.0,5.0,4.0,3,2,5,4,-0.33333333333333337,-0.19999999999999996,validation,validation,native,0,1.0,0.5,0.0,0,0,0,0,0,0,0,0,0,0,0,0,0,0,0.000229,7e-06,3.3e-05,6000000.0
hermes_pilot_h5_019,21,10,update_status,S5,1.0,1.0,3.0,3.0,5.0,5.0,3,3,5,5,0,0,0,0.33333333333333337,0.19999999999999996,none,none,,unknown,1.0,1.0,3.0,3.0,5.0,5.0,3,3,5,5,0.33333333333333337,0.19999999999999996,none,none,native,0,1.0,1.0,0.0,0,0,0,0,0,0,0,0,0,0,0,0,0,0,0.000255,2.6e-05,0.0,5084745.762711864
hermes_pilot_h5_019,22,11,add_subtask,S6,1.0,0.8333333333333334,3.0,3.0,6.0,5.0,3,3,6,5,0,0,0,0.0,-0.16666666666666663,none,environment,,unknown,1.0,0.8333333333333334,3.0,3.0,6.0,5.0,3,3,6,5,0.0,-0.16666666666666663,none,environment,native,0,1.0,1.0,0.0,0,0,0,0,0,0,0,0,0,0,0,0,0,0,0.000262,7e-06,7e-06,5769230.76923077
hermes_pilot_h5_019,24,12,add_subtask,S7,0.75,0.7142857142857143,4.0,3.0,7.0,5.0,4,3,7,5,0,0,0,-0.25,-0.11904761904761907,validation,validation,,unknown,0.75,0.7142857142857143,4.0,3.0,7.0,5.0,4,3,7,5,-0.25,-0.11904761904761907,validation,validation,native,0,1.0,0.6666666666666666,0.0,0,0,0,0,0,0,0,0,0,0,0,0,0,0,0.000276,1.4e-05,2.1e-05,5555555.555555556
hermes_pilot_h5_019,26,13,add_subtask,S8,0.6,0.625,5.0,3.0,8.0,5.0,5,3,8,5,0,0,0,-0.15000000000000002,-0.0892857142857143,investigation,investigation,,unknown,0.6,0.625,5.0,3.0,8.0,5.0,5,3,8,5,-0.15000000000000002,-0.0892857142857143,investigation,investigation,native,0,1.0,0.6666666666666666,0.0,0,0,0,0,0,0,0,0,0,0,0,0,0,0,0.000289,1.3e-05,3.4e-05,5000000.0
hermes_pilot_h5_019,27,14,update_status,S8,0.8,0.75,5.0,4.0,8.0,6.0,5,4,8,6,0,0,0,0.20000000000000007,0.125,none,none,,unknown,0.8,0.75,5.0,4.0,8.0,6.0,5,4,8,6,0.20000000000000007,0.125,none,none,native,0,1.0,0.6666666666666666,1.0,0,0,0,0,0,0,0,0,0,0,0,0,0,0,0.000302,1.3e-05,0.0,6382978.723404256
hermes_pilot_h5_020,0,0,init,,0.0,0.0,0,0,0,0,0,0,0,0,0,0,0,0.0,0.0,none,none,,unknown,0.0,0.0,0,0,0,0,0,0,0,0,0.0,0.0,none,none,native,0,0.0,0.0,0.0,0,0,0,0,0,0,0,0,0,0,0,0,0,0,,,,
hermes_pilot_h5_020,2,1,add_subtask,S1,0.0,0.0,1.0,0,1.0,0,1,0,1,0,0,0,0,0.0,0.0,none,none,,unknown,0.0,0.0,1.0,0,1.0,0,1,0,1,0,0.0,0.0,none,none,native,0,0.0,0.0,0.0,0,0,0,0,0,0,0,0,0,0,0,0,0,0,0.0,0.0,0.0,
hermes_pilot_h5_020,5,2,update_status,S1,1.0,1.0,1.0,1.0,1.0,1.0,1,1,1,1,0,0,0,1.0,1.0,none,none,,unknown,1.0,1.0,1.0,1.0,1.0,1.0,1,1,1,1,1.0,1.0,none,none,native,0,1.0,0.0,0.0,0,0,0,0,0,0,0,0,0,0,0,0,0,0,9e-05,9e-05,0.0,1333333.3333333333
hermes_pilot_h5_020,6,3,add_subtask,S2,0.5,0.5,2.0,1.0,2.0,1.0,2,1,2,1,0,0,0,-0.5,-0.5,validation,validation,,unknown,0.5,0.5,2.0,1.0,2.0,1.0,2,1,2,1,-0.5,-0.5,validation,validation,native,0,1.0,0.0,0.0,0,0,0,0,0,0,0,0,0,0,0,0,0,0,0.000102,1.2e-05,1.2e-05,1764705.8823529412
hermes_pilot_h5_020,9,4,update_status,S2,1.0,1.0,2.0,2.0,2.0,2.0,2,2,2,2,0,0,0,0.5,0.5,none,none,,unknown,1.0,1.0,2.0,2.0,2.0,2.0,2,2,2,2,0.5,0.5,none,none,native,0,1.0,1.0,0.0,0,0,0,0,0,0,0,0,0,0,0,0,0,0,0.000143,4.1e-05,0.0,1678321.6783216782
hermes_pilot_h5_020,10,5,add_subtask,S3,1.0,0.6666666666666666,2.0,2.0,3.0,2.0,2,2,3,2,0,0,0,0.0,-0.33333333333333337,none,artifact,,unknown,1.0,0.6666666666666666,2.0,2.0,3.0,2.0,2,2,3,2,0.0,-0.33333333333333337,none,artifact,native,0,1.0,1.0,0.0,0,0,0,0,0,0,0,0,0,0,0,0,0,0,0.000157,1.4e-05,1.4e-05,1910828.0254777072
hermes_pilot_h5_020,13,6,update_status,S3,1.0,1.0,2.0,2.0,3.0,3.0,2,2,3,3,0,0,0,0.0,0.33333333333333337,none,none,,unknown,1.0,1.0,2.0,2.0,3.0,3.0,2,2,3,3,0.0,0.33333333333333337,none,none,native,0,1.0,1.0,0.0,0,0,0,0,0,0,0,0,0,0,0,0,0,0,0.000191,3.4e-05,4.8e-05,2970297.0297029703
hermes_pilot_h5_020,16,7,add_subtask,S4,0.6666666666666666,0.75,3.0,2.0,4.0,3.0,3,2,4,3,0,0,0,-0.33333333333333337,-0.25,investigation,investigation,,unknown,0.6666666666666666,0.75,3.0,2.0,4.0,3.0,3,2,4,3,-0.33333333333333337,-0.25,investigation,investigation,native,0,1.0,1.0,0.0,0,0,0,0,0,0,0,0,0,0,0,0,0,0,0.000199,8e-06,5.6e-05,3092783.505154639
hermes_pilot_h5_020,19,8,update_status,S4,1.0,1.0,3.0,3.0,4.0,4.0,3,3,4,4,0,0,0,0.33333333333333337,0.25,none,none,,unknown,1.0,1.0,3.0,3.0,4.0,4.0,3,3,4,4,0.33333333333333337,0.25,none,none,native,0,1.0,1.0,1.0,0,0,0,0,0,0,0,0,0,0,0,0,0,0,0.000357,0.000158,0.0,1401869.1588785048
hermes_pilot_h5_020,20,9,add_subtask,S5,1.0,0.8,3.0,3.0,5.0,4.0,3,3,5,4,0,0,0,0.0,-0.19999999999999996,none,artifact,,unknown,1.0,0.8,3.0,3.0,5.0,4.0,3,3,5,4,0.0,-0.19999999999999996,none,artifact,native,0,1.0,1.0,1.0,0,0,0,0,0,0,0,0,0,0,0,0,0,0,0.000392,3.5e-05,3.5e-05,1276595.744680851
hermes_pilot_h5_020,23,10,update_status,S5,1.0,1.0,3.0,3.0,5.0,5.0,3,3,5,5,0,0,0,0.0,0.19999999999999996,none,none,,unknown,1.0,1.0,3.0,3.0,5.0,5.0,3,3,5,5,0.0,0.19999999999999996,none,none,native,0,1.0,1.0,1.0,0,0,0,0,0,0,0,0,0,0,0,0,0,0,0.000449,5.7e-05,9.2e-05,1162790.6976744188
hermes_pilot_h5_021,0,0,init,,0.0,0.0,0,0,0,0,0,0,0,0,0,0,0,0.0,0.0,none,none,,unknown,0.0,0.0,0,0,0,0,0,0,0,0,0.0,0.0,none,none,native,0,0.0,0.0,0.0,0,0,0,0,0,0,0,0,0,0,0,0,0,0,,,,
hermes_pilot_h5_021,2,1,add_subtask,S1,0.0,0.0,1.0,0,1.0,0,1,0,1,0,0,0,0,0.0,0.0,none,none,,unknown,0.0,0.0,1.0,0,1.0,0,1,0,1,0,0.0,0.0,none,none,native,0,0.0,0.0,0.0,0,0,0,0,0,0,0,0,0,0,0,0,0,0,0.0,0.0,0.0,
hermes_pilot_h5_021,23,2,update_status,S1,1.0,1.0,1.0,1.0,1.0,1.0,1,1,1,1,0,0,0,1.0,1.0,none,none,,unknown,1.0,1.0,1.0,1.0,1.0,1.0,1,1,1,1,1.0,1.0,none,none,native,0,1.0,0.0,0.0,0,0,0,0,0,0,0,0,0,0,0,0,0,0,0.000318,0.000318,0.0,377358.49056603777
hermes_pilot_h5_022,0,0,init,,0.0,0.0,0,0,0,0,0,0,0,0,0,0,0,0.0,0.0,none,none,,unknown,0.0,0.0,0,0,0,0,0,0,0,0,0.0,0.0,none,none,native,0,0.0,0.0,0.0,0,0,0,0,0,0,0,0,0,0,0,0,0,0,,,,
hermes_pilot_h5_022,2,1,add_subtask,S1,0.0,0.0,1.0,0,1.0,0,1,0,1,0,0,0,0,0.0,0.0,none,none,,unknown,0.0,0.0,1.0,0,1.0,0,1,0,1,0,0.0,0.0,none,none,native,0,0.0,0.0,0.0,0,0,0,0,0,0,0,0,0,0,0,0,0,0,0.0,0.0,0.0,
hermes_pilot_h5_022,4,2,update_status,S1,1.0,1.0,1.0,1.0,1.0,1.0,1,1,1,1,0,0,0,1.0,1.0,none,none,,unknown,1.0,1.0,1.0,1.0,1.0,1.0,1,1,1,1,1.0,1.0,none,none,native,0,1.0,0.0,0.0,0,0,0,0,0,0,0,0,0,0,0,0,0,0,0.000205,0.000205,0.0,585365.8536585367
hermes_pilot_h5_022,6,3,add_subtask,S2,0.5,0.5,2.0,1.0,2.0,1.0,2,1,2,1,0,0,0,-0.5,-0.5,investigation,investigation,,unknown,0.5,0.5,2.0,1.0,2.0,1.0,2,1,2,1,-0.5,-0.5,investigation,investigation,native,0,1.0,0.0,0.0,0,0,0,0,0,0,0,0,0,0,0,0,0,0,0.000218,1.3e-05,1.3e-05,825688.0733944954
hermes_pilot_h5_022,9,4,update_status,S2,1.0,1.0,2.0,2.0,2.0,2.0,2,2,2,2,0,0,0,0.5,0.5,none,none,,unknown,1.0,1.0,2.0,2.0,2.0,2.0,2,2,2,2,0.5,0.5,none,none,native,0,1.0,0.0,1.0,0,0,0,0,0,0,0,0,0,0,0,0,0,0,0.000345,0.000127,0.0,695652.1739130435
hermes_pilot_h5_022,10,5,add_subtask,S3,0.6666666666666666,0.6666666666666666,3.0,2.0,3.0,2.0,3,2,3,2,0,0,0,-0.33333333333333337,-0.33333333333333337,validation,validation,,unknown,0.6666666666666666,0.6666666666666666,3.0,2.0,3.0,2.0,3,2,3,2,-0.33333333333333337,-0.33333333333333337,validation,validation,native,0,1.0,0.0,1.0,0,0,0,0,0,0,0,0,0,0,0,0,0,0,0.000352,7e-06,7e-06,852272.7272727273
hermes_pilot_h5_022,11,6,update_status,S3,1.0,1.0,3.0,3.0,3.0,3.0,3,3,3,3,0,0,0,0.33333333333333337,0.33333333333333337,none,none,,unknown,1.0,1.0,3.0,3.0,3.0,3.0,3,3,3,3,0.33333333333333337,0.33333333333333337,none,none,native,0,1.0,1.0,1.0,0,0,0,0,0,0,0,0,0,0,0,0,0,0,0.000363,1.1e-05,0.0,1898734.17721519
hermes_pilot_h5_022,12,7,add_subtask,S4,0.75,0.75,4.0,3.0,4.0,3.0,4,3,4,3,0,0,0,-0.25,-0.25,investigation,investigation,,unknown,0.75,0.75,4.0,3.0,4.0,3.0,4,3,4,3,-0.25,-0.25,investigation,investigation,native,0,1.0,1.0,0.5,0,0,0,0,0,0,0,0,0,0,0,0,0,0,0.00037,7e-06,7e-06,1973684.2105263157
hermes_pilot_h5_022,23,8,update_status,S4,1.0,1.0,4.0,4.0,4.0,4.0,4,4,4,4,0,0,0,0.25,0.25,none,none,,unknown,1.0,1.0,4.0,4.0,4.0,4.0,4,4,4,4,0.25,0.25,none,none,native,0,1.0,1.0,1.0,0,0,0,0,0,0,0,0,0,0,0,0,0,0,0.000648,0.000278,0.0,990099.0099009901
hermes_pilot_h5_023,0,0,init,,0.0,0.0,0,0,0,0,0,0,0,0,0,0,0,0.0,0.0,none,none,,unknown,0.0,0.0,0,0,0,0,0,0,0,0,0.0,0.0,none,none,native,0,0.0,0.0,0.0,0,0,0,0,0,0,0,0,0,0,0,0,0,0,,,,
hermes_pilot_h5_023,2,1,add_subtask,S1,0.0,0.0,1.0,0,1.0,0,1,0,1,0,0,0,0,0.0,0.0,none,none,,unknown,0.0,0.0,1.0,0,1.0,0,1,0,1,0,0.0,0.0,none,none,native,0,0.0,0.0,0.0,0,0,0,0,0,0,0,0,0,0,0,0,0,0,0.0,0.0,0.0,
hermes_pilot_h5_023,4,2,add_subtask,S2,0.0,0.0,2.0,0,2.0,0,2,0,2,0,0,0,0,0.0,0.0,none,none,,unknown,0.0,0.0,2.0,0,2.0,0,2,0,2,0,0.0,0.0,none,none,native,0,0.0,0.0,0.0,0,0,0,0,0,0,0,0,0,0,0,0,0,0,4.5e-05,4.5e-05,4.5e-05,2666666.6666666665
hermes_pilot_h5_023,13,3,update_status,S2,0.5,0.5,2.0,1.0,2.0,1.0,2,1,2,1,0,0,0,0.5,0.5,none,none,,unknown,0.5,0.5,2.0,1.0,2.0,1.0,2,1,2,1,0.5,0.5,none,none,native,0,0.0,0.0,1.0,0,0,0,0,0,0,0,0,0,0,0,0,0,0,0.000289,0.000244,0.0,622837.3702422145
hermes_pilot_h5_023,14,4,add_subtask,S3,0.3333333333333333,0.3333333333333333,3.0,1.0,3.0,1.0,3,1,3,1,0,0,0,-0.16666666666666669,-0.16666666666666669,product,product,,unknown,0.3333333333333333,0.3333333333333333,3.0,1.0,3.0,1.0,3,1,3,1,-0.16666666666666669,-0.16666666666666669,product,product,native,0,0.0,0.0,1.0,0,0,0,0,0,0,0,0,0,0,0,0,0,0,0.000299,1e-05,1e-05,802675.5852842809
hermes_pilot_h5_023,15,5,update_status,S3,0.6666666666666666,0.6666666666666666,3.0,2.0,3.0,2.0,3,2,3,2,0,0,0,0.3333333333333333,0.3333333333333333,none,none,,unknown,0.6666666666666666,0.6666666666666666,3.0,2.0,3.0,2.0,3,2,3,2,0.3333333333333333,0.3333333333333333,none,none,native,0,1.0,0.0,1.0,0,0,0,0,0,0,0,0,0,0,0,0,0,0,0.000312,1.3e-05,0.0,961538.4615384615
hermes_pilot_h5_023,16,6,add_subtask,S4,0.5,0.5,4.0,2.0,4.0,2.0,4,2,4,2,0,0,0,-0.16666666666666663,-0.16666666666666663,validation,validation,,unknown,0.5,0.5,4.0,2.0,4.0,2.0,4,2,4,2,-0.16666666666666663,-0.16666666666666663,validation,validation,native,0,1.0,0.0,1.0,0,0,0,0,0,0,0,0,0,0,0,0,0,0,0.000319,7e-06,7e-06,1094890.5109489053
hermes_pilot_h5_023,19,7,update_status,S4,0.75,0.75,4.0,3.0,4.0,3.0,4,3,4,3,0,0,0,0.25,0.25,none,none,,unknown,0.75,0.75,4.0,3.0,4.0,3.0,4,3,4,3,0.25,0.25,none,none,native,0,1.0,0.5,1.0,0,0,0,0,0,0,0,0,0,0,0,0,0,0,0.000346,2.7e-05,0.0,5263157.894736842
hermes_pilot_h5_023,20,8,add_subtask,S5,0.6,0.6,5.0,3.0,5.0,3.0,5,3,5,3,0,0,0,-0.15000000000000002,-0.15000000000000002,product,product,,unknown,0.6,0.6,5.0,3.0,5.0,3.0,5,3,5,3,-0.15000000000000002,-0.15000000000000002,product,product,native,0,0.5,0.5,1.0,0,0,0,0,0,0,0,0,0,0,0,0,0,0,0.000354,8e-06,8e-06,5454545.454545454
hermes_pilot_h5_023,21,9,update_status,S5,0.8,0.8,5.0,4.0,5.0,4.0,5,4,5,4,0,0,0,0.20000000000000007,0.20000000000000007,none,none,,unknown,0.8,0.8,5.0,4.0,5.0,4.0,5,4,5,4,0.20000000000000007,0.20000000000000007,none,none,native,0,1.0,0.5,1.0,0,0,0,0,0,0,0,0,0,0,0,0,0,0,0.000366,1.2e-05,0.0,5555555.555555556
hermes_pilot_h5_023,22,10,add_subtask,S6,0.6666666666666666,0.6666666666666666,6.0,4.0,6.0,4.0,6,4,6,4,0,0,0,-0.13333333333333341,-0.13333333333333341,investigation,investigation,,unknown,0.6666666666666666,0.6666666666666666,6.0,4.0,6.0,4.0,6,4,6,4,-0.13333333333333341,-0.13333333333333341,investigation,investigation,native,0,1.0,0.5,0.5,0,0,0,0,0,0,0,0,0,0,0,0,0,0,0.000375,9e-06,9e-06,5357142.857142857
hermes_pilot_h5_023,31,11,update_status,S6,0.8333333333333334,0.8333333333333334,6.0,5.0,6.0,5.0,6,5,6,5,0,0,0,0.16666666666666674,0.16666666666666674,none,none,,unknown,0.8333333333333334,0.8333333333333334,6.0,5.0,6.0,5.0,6,5,6,5,0.16666666666666674,0.16666666666666674,none,none,native,0,1.0,0.5,1.0,0,0,0,0,0,0,0,0,0,0,0,0,0,0,0.000418,4.3e-05,0.0,4166666.666666667
hermes_pilot_h5_023,32,12,add_subtask,S7,0.7142857142857143,0.7142857142857143,7.0,5.0,7.0,5.0,7,5,7,5,0,0,0,-0.11904761904761907,-0.11904761904761907,product,product,,unknown,0.7142857142857143,0.7142857142857143,7.0,5.0,7.0,5.0,7,5,7,5,-0.11904761904761907,-0.11904761904761907,product,product,native,0,0.6666666666666666,0.5,1.0,0,0,0,0,0,0,0,0,0,0,0,0,0,0,0.000426,8e-06,8e-06,4166666.666666667
hermes_pilot_h5_023,35,13,update_status,S7,0.8571428571428571,0.8571428571428571,7.0,6.0,7.0,6.0,7,6,7,6,0,0,0,0.1428571428571428,0.1428571428571428,none,none,,unknown,0.8571428571428571,0.8571428571428571,7.0,6.0,7.0,6.0,7,6,7,6,0.1428571428571428,0.1428571428571428,none,none,native,0,1.0,0.5,1.0,0,0,0,0,0,0,0,0,0,0,0,0,0,0,0.000444,1.8e-05,0.0,3846153.846153846
hermes_pilot_h5_023,36,14,add_subtask,S8,0.75,0.75,8.0,6.0,8.0,6.0,8,6,8,6,0,0,0,-0.1071428571428571,-0.1071428571428571,investigation,investigation,,unknown,0.75,0.75,8.0,6.0,8.0,6.0,8,6,8,6,-0.1071428571428571,-0.1071428571428571,investigation,investigation,native,0,1.0,0.5,0.6666666666666666,0,0,0,0,0,0,0,0,0,0,0,0,0,0,0.000451,7e-06,7e-06,3947368.4210526315
hermes_pilot_h5_023,37,15,update_status,S8,0.875,0.875,8.0,7.0,8.0,7.0,8,7,8,7,0,0,0,0.125,0.125,none,none,,unknown,0.875,0.875,8.0,7.0,8.0,7.0,8,7,8,7,0.125,0.125,none,none,native,0,1.0,0.5,1.0,0,0,0,0,0,0,0,0,0,0,0,0,0,0,0.000471,2e-05,0.0,5660377.358490566
hermes_pilot_h5_023,38,16,add_subtask,S9,0.7777777777777778,0.7777777777777778,9.0,7.0,9.0,7.0,9,7,9,7,0,0,0,-0.09722222222222221,-0.09722222222222221,product,product,,unknown,0.7777777777777778,0.7777777777777778,9.0,7.0,9.0,7.0,9,7,9,7,-0.09722222222222221,-0.09722222222222221,product,product,native,0,0.75,0.5,1.0,0,0,0,0,0,0,0,0,0,0,0,0,0,0,0.000479,8e-06,8e-06,5660377.358490566
hermes_pilot_h5_023,39,17,update_status,S9,0.8888888888888888,0.8888888888888888,9.0,8.0,9.0,8.0,9,8,9,8,0,0,0,0.11111111111111105,0.11111111111111105,none,none,,unknown,0.8888888888888888,0.8888888888888888,9.0,8.0,9.0,8.0,9,8,9,8,0.11111111111111105,0.11111111111111105,none,none,native,0,1.0,0.5,1.0,0,0,0,0,0,0,0,0,0,0,0,0,0,0,0.000493,1.4e-05,0.0,6122448.979591837
hermes_pilot_h5_023,40,18,add_subtask,S10,0.8,0.8,10.0,8.0,10.0,8.0,10,8,10,8,0,0,0,-0.0888888888888888,-0.0888888888888888,investigation,investigation,,unknown,0.8,0.8,10.0,8.0,10.0,8.0,10,8,10,8,-0.0888888888888888,-0.0888888888888888,investigation,investigation,native,0,1.0,0.5,0.75,0,0,0,0,0,0,0,0,0,0,0,0,0,0,0.0005,7e-06,7e-06,6122448.979591837
hermes_pilot_h5_023,49,19,update_status,S10,0.9,0.9,10.0,9.0,10.0,9.0,10,9,10,9,0,0,0,0.09999999999999998,0.09999999999999998,none,none,,unknown,0.9,0.9,10.0,9.0,10.0,9.0,10,9,10,9,0.09999999999999998,0.09999999999999998,none,none,native,0,1.0,0.5,1.0,0,0,0,0,0,0,0,0,0,0,0,0,0,0,0.000649,0.000149,0.0,1685393.2584269664
hermes_pilot_h5_023,50,20,add_subtask,S11,0.8181818181818182,0.8181818181818182,11.0,9.0,11.0,9.0,11,9,11,9,0,0,0,-0.08181818181818179,-0.08181818181818179,product,product,,unknown,0.8181818181818182,0.8181818181818182,11.0,9.0,11.0,9.0,11,9,11,9,-0.08181818181818179,-0.08181818181818179,product,product,native,0,0.8,0.5,1.0,0,0,0,0,0,0,0,0,0,0,0,0,0,0,0.000664,1.5e-05,1.5e-05,1621621.6216216218
hermes_pilot_h5_023,51,21,update_status,S11,0.9090909090909091,0.9090909090909091,11.0,10.0,11.0,10.0,11,10,11,10,0,0,0,0.09090909090909083,0.09090909090909083,none,none,,unknown,0.9090909090909091,0.9090909090909091,11.0,10.0,11.0,10.0,11,10,11,10,0.09090909090909083,0.09090909090909083,none,none,native,0,1.0,0.5,1.0,0,0,0,0,0,0,0,0,0,0,0,0,0,0,0.000692,2.8e-05,0.0,1507537.688442211
hermes_pilot_h5_024,0,0,init,,0.0,0.0,0,0,0,0,0,0,0,0,0,0,0,0.0,0.0,none,none,,unknown,0.0,0.0,0,0,0,0,0,0,0,0,0.0,0.0,none,none,native,0,0.0,0.0,0.0,0,0,0,0,0,0,0,0,0,0,0,0,0,0,,,,
hermes_pilot_h5_024,2,1,add_subtask,S1,0.0,0.0,0,0,1.0,0,0,0,1,0,0,0,0,0.0,0.0,none,none,,unknown,0.0,0.0,0,0,1.0,0,0,0,1,0,0.0,0.0,none,none,native,0,0.0,0.0,0.0,0,0,0,0,0,0,0,0,0,0,0,0,0,0,0.0,0.0,0.0,
hermes_pilot_h5_024,3,2,update_status,S1,0.0,1.0,0,0,1.0,1.0,0,0,1,1,0,0,0,0.0,1.0,none,none,,unknown,0.0,1.0,0,0,1.0,1.0,0,0,1,1,0.0,1.0,none,none,native,0,0.0,0.0,0.0,0,0,0,0,0,0,0,0,0,0,0,0,0,0,7.8e-05,7.8e-05,7.8e-05,1538461.5384615385
hermes_pilot_h5_024,4,3,add_subtask,S2,0.0,0.5,1.0,0,2.0,1.0,1,0,2,1,0,0,0,0.0,-0.5,none,product,,unknown,0.0,0.5,1.0,0,2.0,1.0,1,0,2,1,0.0,-0.5,none,product,native,0,0.0,0.0,0.0,0,0,0,0,0,0,0,0,0,0,0,0,0,0,0.000142,6.4e-05,0.000142,1267605.633802817
hermes_pilot_h5_024,5,4,update_status,S2,1.0,1.0,1.0,1.0,2.0,2.0,1,1,2,2,0,0,0,1.0,0.5,none,none,,unknown,1.0,1.0,1.0,1.0,2.0,2.0,1,1,2,2,1.0,0.5,none,none,native,0,1.0,0.0,0.0,0,0,0,0,0,0,0,0,0,0,0,0,0,0,0.000202,6e-05,0.0,1188118.811881188
hermes_pilot_h5_024,6,5,add_subtask,S3,0.5,0.6666666666666666,2.0,1.0,3.0,2.0,2,1,3,2,0,0,0,-0.5,-0.33333333333333337,validation,validation,,unknown,0.5,0.6666666666666666,2.0,1.0,3.0,2.0,2,1,3,2,-0.5,-0.33333333333333337,validation,validation,native,0,1.0,0.0,0.0,0,0,0,0,0,0,0,0,0,0,0,0,0,0,0.000213,1.1e-05,1.1e-05,1408450.7042253523
hermes_pilot_h5_024,8,6,add_subtask,S4,0.5,0.5,2.0,1.0,4.0,2.0,2,1,4,2,0,0,0,0.0,-0.16666666666666663,none,environment,,unknown,0.5,0.5,2.0,1.0,4.0,2.0,2,1,4,2,0.0,-0.16666666666666663,none,environment,native,0,1.0,0.0,0.0,0,0,0,0,0,0,0,0,0,0,0,0,0,0,0.000227,1.4e-05,2.5e-05,2013422.8187919466
hermes_pilot_h5_024,9,7,update_status,S4,0.5,0.75,2.0,1.0,4.0,3.0,2,1,4,3,0,0,0,0.0,0.25,none,none,,unknown,0.5,0.75,2.0,1.0,4.0,3.0,2,1,4,3,0.0,0.25,none,none,native,0,1.0,0.0,0.0,0,0,0,0,0,0,0,0,0,0,0,0,0,0,0.000241,1.4e-05,3.9e-05,3030303.0303030307
hermes_pilot_h5_024,10,8,add_subtask,S5,0.3333333333333333,0.6,3.0,1.0,5.0,3.0,3,1,5,3,0,0,0,-0.16666666666666669,-0.15000000000000002,validation,validation,,unknown,0.3333333333333333,0.6,3.0,1.0,5.0,3.0,3,1,5,3,-0.16666666666666669,-0.15000000000000002,validation,validation,native,0,1.0,0.0,0.0,0,0,0,0,0,0,0,0,0,0,0,0,0,0,0.000248,7e-06,4.6e-05,6521739.130434782
hermes_pilot_h5_024,12,9,add_subtask,S6,0.25,0.5,4.0,1.0,6.0,3.0,4,1,6,3,0,0,0,-0.08333333333333331,-0.09999999999999998,product,product,,unknown,0.25,0.5,4.0,1.0,6.0,3.0,4,1,6,3,-0.08333333333333331,-0.09999999999999998,product,product,native,0,0.5,0.0,0.0,0,0,0,0,0,0,0,0,0,0,0,0,0,0,0.00026,1.2e-05,5.8e-05,6382978.723404256
hermes_pilot_h5_024,15,10,update_status,S6,0.5,0.6666666666666666,4.0,2.0,6.0,4.0,4,2,6,4,0,0,0,0.25,0.16666666666666663,none,none,,unknown,0.5,0.6666666666666666,4.0,2.0,6.0,4.0,4,2,6,4,0.25,0.16666666666666663,none,none,native,0,1.0,0.0,0.0,0,0,0,0,0,0,0,0,0,0,0,0,0,0,0.000279,1.9e-05,0.0,5769230.76923077
hermes_pilot_h5_025,0,0,init,,0.0,0.0,0,0,0,0,0,0,0,0,0,0,0,0.0,0.0,none,none,,unknown,0.0,0.0,0,0,0,0,0,0,0,0,0.0,0.0,none,none,native,0,0.0,0.0,0.0,0,0,0,0,0,0,0,0,0,0,0,0,0,0,,,,
hermes_pilot_h5_025,2,1,add_subtask,S1,0.0,0.0,1.0,0,1.0,0,1,0,1,0,0,0,0,0.0,0.0,none,none,,unknown,0.0,0.0,1.0,0,1.0,0,1,0,1,0,0.0,0.0,none,none,native,0,0.0,0.0,0.0,0,0,0,0,0,0,0,0,0,0,0,0,0,0,0.0,0.0,0.0,
hermes_pilot_h5_025,4,2,add_subtask,S2,0.0,0.0,2.0,0,2.0,0,2,0,2,0,0,0,0,0.0,0.0,none,none,,unknown,0.0,0.0,2.0,0,2.0,0,2,0,2,0,0.0,0.0,none,none,native,0,0.0,0.0,0.0,0,0,0,0,0,0,0,0,0,0,0,0,0,0,5.9e-05,5.9e-05,5.9e-05,2033898.3050847456
hermes_pilot_h5_025,6,3,add_subtask,S3,0.0,0.0,3.0,0,3.0,0,3,0,3,0,0,0,0,0.0,0.0,none,none,,unknown,0.0,0.0,3.0,0,3.0,0,3,0,3,0,0.0,0.0,none,none,native,0,0.0,0.0,0.0,0,0,0,0,0,0,0,0,0,0,0,0,0,0,0.000129,7e-05,0.000129,1395348.8372093025
hermes_pilot_h5_025,9,4,update_status,S3,0.3333333333333333,0.3333333333333333,3.0,1.0,3.0,1.0,3,1,3,1,0,0,0,0.3333333333333333,0.3333333333333333,none,none,,unknown,0.3333333333333333,0.3333333333333333,3.0,1.0,3.0,1.0,3,1,3,1,0.3333333333333333,0.3333333333333333,none,none,native,0,0.5,0.0,0.0,0,0,0,0,0,0,0,0,0,0,0,0,0,0,0.000212,8.3e-05,0.0,1132075.4716981133
hermes_pilot_h5_025,10,5,add_subtask,S4,0.25,0.25,4.0,1.0,4.0,1.0,4,1,4,1,0,0,0,-0.08333333333333331,-0.08333333333333331,validation,validation,,unknown,0.25,0.25,4.0,1.0,4.0,1.0,4,1,4,1,-0.08333333333333331,-0.08333333333333331,validation,validation,native,0,0.5,0.0,0.0,0,0,0,0,0,0,0,0,0,0,0,0,0,0,0.000222,1e-05,1e-05,1351351.3513513512
hermes_pilot_h5_025,11,6,update_status,S4,0.5,0.5,4.0,2.0,4.0,2.0,4,2,4,2,0,0,0,0.25,0.25,none,none,,unknown,0.5,0.5,4.0,2.0,4.0,2.0,4,2,4,2,0.25,0.25,none,none,native,0,0.5,0.5,0.0,0,0,0,0,0,0,0,0,0,0,0,0,0,0,0.00025,2.8e-05,0.0,1570680.6282722512
hermes_pilot_h5_025,12,7,add_subtask,S5,0.4,0.4,5.0,2.0,5.0,2.0,5,2,5,2,0,0,0,-0.09999999999999998,-0.09999999999999998,product,product,,unknown,0.4,0.4,5.0,2.0,5.0,2.0,5,2,5,2,-0.09999999999999998,-0.09999999999999998,product,product,native,0,0.3333333333333333,0.5,0.0,0,0,0,0,0,0,0,0,0,0,0,0,0,0,0.00026,1e-05,1e-05,2290076.3358778623
hermes_pilot_h5_025,19,8,update_status,S5,0.6,0.6,5.0,3.0,5.0,3.0,5,3,5,3,0,0,0,0.19999999999999996,0.19999999999999996,none,none,,unknown,0.6,0.6,5.0,3.0,5.0,3.0,5,3,5,3,0.19999999999999996,0.19999999999999996,none,none,native,0,0.6666666666666666,0.5,0.0,0,0,0,0,0,0,0,0,0,0,0,0,0,0,0.000326,6.6e-05,0.0,2631578.947368421
hermes_pilot_h5_025,20,9,add_subtask,S6,0.6,0.5,5.0,3.0,6.0,3.0,5,3,6,3,0,0,0,0.0,-0.09999999999999998,none,artifact,,unknown,0.6,0.5,5.0,3.0,6.0,3.0,5,3,6,3,0.0,-0.09999999999999998,none,artifact,native,0,0.6666666666666666,0.5,0.0,0,0,0,0,0,0,0,0,0,0,0,0,0,0,0.000343,1.7e-05,1.7e-05,2479338.8429752067
hermes_pilot_h5_026,0,0,init,,0.0,0.0,0,0,0,0,0,0,0,0,0,0,0,0.0,0.0,none,none,,unknown,0.0,0.0,0,0,0,0,0,0,0,0,0.0,0.0,none,none,native,0,0.0,0.0,0.0,0,0,0,0,0,0,0,0,0,0,0,0,0,0,,,,
hermes_pilot_h5_026,2,1,add_subtask,S1,0.0,0.0,1.0,0,1.0,0,1,0,1,0,0,0,0,0.0,0.0,none,none,,unknown,0.0,0.0,1.0,0,1.0,0,1,0,1,0,0.0,0.0,none,none,native,0,0.0,0.0,0.0,0,0,0,0,0,0,0,0,0,0,0,0,0,0,0.0,0.0,0.0,
hermes_pilot_h5_026,21,2,update_status,S1,1.0,1.0,1.0,1.0,1.0,1.0,1,1,1,1,0,0,0,1.0,1.0,none,none,,unknown,1.0,1.0,1.0,1.0,1.0,1.0,1,1,1,1,1.0,1.0,none,none,native,0,1.0,0.0,0.0,0,0,0,0,0,0,0,0,0,0,0,0,0,0,0.000281,0.000281,0.0,427046.26334519574
hermes_pilot_h5_027,0,0,init,,0.0,0.0,0,0,0,0,0,0,0,0,0,0,0,0.0,0.0,none,none,,unknown,0.0,0.0,0,0,0,0,0,0,0,0,0.0,0.0,none,none,native,0,0.0,0.0,0.0,0,0,0,0,0,0,0,0,0,0,0,0,0,0,,,,
hermes_pilot_h5_027,2,1,add_subtask,S1,0.0,0.0,1.0,0,1.0,0,1,0,1,0,0,0,0,0.0,0.0,none,none,,unknown,0.0,0.0,1.0,0,1.0,0,1,0,1,0,0.0,0.0,none,none,native,0,0.0,0.0,0.0,0,0,0,0,0,0,0,0,0,0,0,0,0,0,0.0,0.0,0.0,
hermes_pilot_h5_027,7,2,update_status,S1,1.0,1.0,1.0,1.0,1.0,1.0,1,1,1,1,0,0,0,1.0,1.0,none,none,,unknown,1.0,1.0,1.0,1.0,1.0,1.0,1,1,1,1,1.0,1.0,none,none,native,0,0.0,0.0,1.0,0,0,0,0,0,0,0,0,0,0,0,0,0,0,0.000348,0.000348,0.0,344827.5862068965
hermes_pilot_h5_027,8,3,add_subtask,S2,0.5,0.5,2.0,1.0,2.0,1.0,2,1,2,1,0,0,0,-0.5,-0.5,product,product,,unknown,0.5,0.5,2.0,1.0,2.0,1.0,2,1,2,1,-0.5,-0.5,product,product,native,0,0.0,0.0,1.0,0,0,0,0,0,0,0,0,0,0,0,0,0,0,0.000361,1.3e-05,1.3e-05,498614.95844875346
hermes_pilot_h5_027,9,4,update_status,S2,1.0,1.0,2.0,2.0,2.0,2.0,2,2,2,2,0,0,0,0.5,0.5,none,none,,unknown,1.0,1.0,2.0,2.0,2.0,2.0,2,2,2,2,0.5,0.5,none,none,native,0,1.0,0.0,1.0,0,0,0,0,0,0,0,0,0,0,0,0,0,0,0.000387,2.6e-05,0.0,620155.03875969
hermes_pilot_h5_027,10,5,add_subtask,S3,0.6666666666666666,0.6666666666666666,3.0,2.0,3.0,2.0,3,2,3,2,0,0,0,-0.33333333333333337,-0.33333333333333337,investigation,investigation,,unknown,0.6666666666666666,0.6666666666666666,3.0,2.0,3.0,2.0,3,2,3,2,-0.33333333333333337,-0.33333333333333337,investigation,investigation,native,0,1.0,0.0,0.5,0,0,0,0,0,0,0,0,0,0,0,0,0,0,0.000394,7e-06,7e-06,761421.3197969543
hermes_pilot_h5_027,15,6,update_status,S3,1.0,1.0,3.0,3.0,3.0,3.0,3,3,3,3,0,0,0,0.33333333333333337,0.33333333333333337,none,none,,unknown,1.0,1.0,3.0,3.0,3.0,3.0,3,3,3,3,0.33333333333333337,0.33333333333333337,none,none,native,0,1.0,0.0,1.0,0,0,0,0,0,0,0,0,0,0,0,0,0,0,0.000528,0.000134,0.0,1666666.6666666665
hermes_pilot_h5_027,16,7,add_subtask,S4,0.75,0.75,4.0,3.0,4.0,3.0,4,3,4,3,0,0,0,-0.25,-0.25,validation,validation,,unknown,0.75,0.75,4.0,3.0,4.0,3.0,4,3,4,3,-0.25,-0.25,validation,validation,native,0,1.0,0.0,1.0,0,0,0,0,0,0,0,0,0,0,0,0,0,0,0.000545,1.7e-05,1.7e-05,1630434.7826086956
hermes_pilot_h5_027,17,8,update_status,S4,1.0,1.0,4.0,4.0,4.0,4.0,4,4,4,4,0,0,0,0.25,0.25,none,none,,unknown,1.0,1.0,4.0,4.0,4.0,4.0,4,4,4,4,0.25,0.25,none,none,native,0,1.0,1.0,1.0,0,0,0,0,0,0,0,0,0,0,0,0,0,0,0.000563,1.8e-05,0.0,1704545.4545454546
hermes_pilot_h5_028,0,0,init,,0.0,0.0,0,0,0,0,0,0,0,0,0,0,0,0.0,0.0,none,none,,unknown,0.0,0.0,0,0,0,0,0,0,0,0,0.0,0.0,none,none,native,0,0.0,0.0,0.0,0,0,0,0,0,0,0,0,0,0,0,0,0,0,,,,
hermes_pilot_h5_028,2,1,add_subtask,S1,0.0,0.0,1.0,0,1.0,0,1,0,1,0,0,0,0,0.0,0.0,none,none,,unknown,0.0,0.0,1.0,0,1.0,0,1,0,1,0,0.0,0.0,none,none,native,0,0.0,0.0,0.0,0,0,0,0,0,0,0,0,0,0,0,0,0,0,0.0,0.0,0.0,
hermes_pilot_h5_028,5,2,update_status,S1,1.0,1.0,1.0,1.0,1.0,1.0,1,1,1,1,0,0,0,1.0,1.0,none,none,,unknown,1.0,1.0,1.0,1.0,1.0,1.0,1,1,1,1,1.0,1.0,none,none,native,0,0.0,1.0,0.0,0,0,0,0,0,0,0,0,0,0,0,0,0,0,5.5e-05,5.5e-05,0.0,2181818.1818181816
hermes_pilot_h5_028,6,3,add_subtask,S2,0.5,0.5,2.0,1.0,2.0,1.0,2,1,2,1,0,0,0,-0.5,-0.5,investigation,investigation,,unknown,0.5,0.5,2.0,1.0,2.0,1.0,2,1,2,1,-0.5,-0.5,investigation,investigation,native,0,0.0,1.0,0.0,0,0,0,0,0,0,0,0,0,0,0,0,0,0,6.5e-05,1e-05,1e-05,2769230.7692307695
hermes_pilot_h5_028,7,4,update_status,S2,1.0,1.0,2.0,2.0,2.0,2.0,2,2,2,2,0,0,0,0.5,0.5,none,none,,unknown,1.0,1.0,2.0,2.0,2.0,2.0,2,2,2,2,0.5,0.5,none,none,native,0,0.0,1.0,1.0,0,0,0,0,0,0,0,0,0,0,0,0,0,0,7.7e-05,1.2e-05,0.0,3116883.1168831172
hermes_pilot_h5_028,8,5,add_subtask,S3,0.6666666666666666,0.6666666666666666,3.0,2.0,3.0,2.0,3,2,3,2,0,0,0,-0.33333333333333337,-0.33333333333333337,validation,validation,,unknown,0.6666666666666666,0.6666666666666666,3.0,2.0,3.0,2.0,3,2,3,2,-0.33333333333333337,-0.33333333333333337,validation,validation,native,0,0.0,0.5,1.0,0,0,0,0,0,0,0,0,0,0,0,0,0,0,8.4e-05,7e-06,7e-06,3571428.5714285714
hermes_pilot_h5_028,11,6,update_status,S3,1.0,1.0,3.0,3.0,3.0,3.0,3,3,3,3,0,0,0,0.33333333333333337,0.33333333333333337,none,none,,unknown,1.0,1.0,3.0,3.0,3.0,3.0,3,3,3,3,0.33333333333333337,0.33333333333333337,none,none,native,0,0.0,1.0,1.0,0,0,0,0,0,0,0,0,0,0,0,0,0,0,0.000106,2.2e-05,0.0,5882352.94117647
hermes_pilot_h5_028,12,7,add_subtask,S4,0.75,0.75,4.0,3.0,4.0,3.0,4,3,4,3,0,0,0,-0.25,-0.25,investigation,investigation,,unknown,0.75,0.75,4.0,3.0,4.0,3.0,4,3,4,3,-0.25,-0.25,investigation,investigation,native,0,0.0,1.0,0.5,0,0,0,0,0,0,0,0,0,0,0,0,0,0,0.000113,7e-06,7e-06,6249999.999999999
hermes_pilot_h5_028,19,8,update_status,S4,1.0,1.0,4.0,4.0,4.0,4.0,4,4,4,4,0,0,0,0.25,0.25,none,none,,unknown,1.0,1.0,4.0,4.0,4.0,4.0,4,4,4,4,0.25,0.25,none,none,native,0,0.0,1.0,1.0,0,0,0,0,0,0,0,0,0,0,0,0,0,0,0.000169,5.6e-05,0.0,3260869.565217391
hermes_pilot_h5_028,20,9,add_subtask,S5,0.8,0.8,5.0,4.0,5.0,4.0,5,4,5,4,0,0,0,-0.19999999999999996,-0.19999999999999996,validation,validation,,unknown,0.8,0.8,5.0,4.0,5.0,4.0,5,4,5,4,-0.19999999999999996,-0.19999999999999996,validation,validation,native,0,0.0,0.6666666666666666,1.0,0,0,0,0,0,0,0,0,0,0,0,0,0,0,0.000177,8e-06,8e-06,3225806.4516129033
hermes_pilot_h5_028,37,10,update_status,S5,0.8,0.8,5.0,4.0,5.0,4.0,5,4,5,4,0,0,0,0.0,0.0,none,none,,unknown,0.8,0.8,5.0,4.0,5.0,4.0,5,4,5,4,0.0,0.0,none,none,native,0,0.0,0.6666666666666666,1.0,0,0,0,0,0,0,0,0,0,0,0,0,0,0,0.000229,5.2e-05,6e-05,2439024.3902439023
hermes_pilot_h5_028,62,11,add_subtask,S6,0.6666666666666666,0.6666666666666666,6.0,4.0,6.0,4.0,6,4,6,4,0,0,0,-0.13333333333333341,-0.13333333333333341,product,product,,unknown,0.6666666666666666,0.6666666666666666,6.0,4.0,6.0,4.0,6,4,6,4,-0.13333333333333341,-0.13333333333333341,product,product,native,0,0.0,0.6666666666666666,1.0,0,0,0,0,0,0,0,0,0,0,0,0,0,0,0.000236,7e-06,6.7e-05,2439024.3902439023
hermes_pilot_h5_028,63,12,update_status,S6,0.8333333333333334,0.8333333333333334,6.0,5.0,6.0,5.0,6,5,6,5,0,0,0,0.16666666666666674,0.16666666666666674,none,none,,unknown,0.8333333333333334,0.8333333333333334,6.0,5.0,6.0,5.0,6,5,6,5,0.16666666666666674,0.16666666666666674,none,none,native,0,1.0,0.6666666666666666,1.0,0,0,0,0,0,0,0,0,0,0,0,0,0,0,0.000251,1.5e-05,0.0,3658536.5853658533
hermes_pilot_h5_028,64,13,add_subtask,S7,0.7142857142857143,0.7142857142857143,7.0,5.0,7.0,5.0,7,5,7,5,0,0,0,-0.11904761904761907,-0.11904761904761907,validation,validation,,unknown,0.7142857142857143,0.7142857142857143,7.0,5.0,7.0,5.0,7,5,7,5,-0.11904761904761907,-0.11904761904761907,validation,validation,native,0,1.0,0.5,1.0,0,0,0,0,0,0,0,0,0,0,0,0,0,0,0.000258,7e-06,7e-06,3703703.703703704
hermes_pilot_h5_028,67,14,update_status,S7,0.8571428571428571,0.8571428571428571,7.0,6.0,7.0,6.0,7,6,7,6,0,0,0,0.1428571428571428,0.1428571428571428,none,none,,unknown,0.8571428571428571,0.8571428571428571,7.0,6.0,7.0,6.0,7,6,7,6,0.1428571428571428,0.1428571428571428,none,none,native,0,1.0,0.75,1.0,0,0,0,0,0,0,0,0,0,0,0,0,0,0,0.000283,2.5e-05,0.0,5555555.555555556
hermes_pilot_h5_028,68,15,add_subtask,S8,0.75,0.75,8.0,6.0,8.0,6.0,8,6,8,6,0,0,0,-0.1071428571428571,-0.1071428571428571,product,product,,unknown,0.75,0.75,8.0,6.0,8.0,6.0,8,6,8,6,-0.1071428571428571,-0.1071428571428571,product,product,native,0,0.5,0.75,1.0,0,0,0,0,0,0,0,0,0,0,0,0,0,0,0.00029,7e-06,7e-06,5555555.555555556
hermes_pilot_h5_028,77,16,update_status,S8,0.75,0.75,8.0,6.0,8.0,6.0,8,6,8,6,0,0,0,0.0,0.0,none,none,,unknown,0.75,0.75,8.0,6.0,8.0,6.0,8,6,8,6,0.0,0.0,none,none,native,0,0.5,0.75,1.0,0,0,0,0,0,0,0,0,0,0,0,0,0,0,0.000336,4.6e-05,5.3e-05,3529411.7647058824
hermes_pilot_h5_028,82,17,add_subtask,S9,0.6666666666666666,0.6666666666666666,9.0,6.0,9.0,6.0,9,6,9,6,0,0,0,-0.08333333333333337,-0.08333333333333337,validation,validation,,unknown,0.6666666666666666,0.6666666666666666,9.0,6.0,9.0,6.0,9,6,9,6,-0.08333333333333337,-0.08333333333333337,validation,validation,native,0,0.5,0.6,1.0,0,0,0,0,0,0,0,0,0,0,0,0,0,0,0.000344,8e-06,6.1e-05,3488372.093023256
hermes_pilot_h5_028,85,18,update_status,S9,0.7777777777777778,0.7777777777777778,9.0,7.0,9.0,7.0,9,7,9,7,0,0,0,0.11111111111111116,0.11111111111111116,none,none,,unknown,0.7777777777777778,0.7777777777777778,9.0,7.0,9.0,7.0,9,7,9,7,0.11111111111111116,0.11111111111111116,none,none,native,0,0.5,0.8,1.0,0,0,0,0,0,0,0,0,0,0,0,0,0,0,0.000376,3.2e-05,0.0,3225806.4516129033
hermes_pilot_h5_029,0,0,init,,0.0,0.0,0,0,0,0,0,0,0,0,0,0,0,0.0,0.0,none,none,,unknown,0.0,0.0,0,0,0,0,0,0,0,0,0.0,0.0,none,none,native,0,0.0,0.0,0.0,0,0,0,0,0,0,0,0,0,0,0,0,0,0,,,,
hermes_pilot_h5_029,2,1,add_subtask,S1,0.0,0.0,1.0,0,1.0,0,1,0,1,0,0,0,0,0.0,0.0,none,none,,unknown,0.0,0.0,1.0,0,1.0,0,1,0,1,0,0.0,0.0,none,none,native,0,0.0,0.0,0.0,0,0,0,0,0,0,0,0,0,0,0,0,0,0,0.0,0.0,0.0,
hermes_pilot_h5_029,3,2,update_status,S1,1.0,1.0,1.0,1.0,1.0,1.0,1,1,1,1,0,0,0,1.0,1.0,none,none,,unknown,1.0,1.0,1.0,1.0,1.0,1.0,1,1,1,1,1.0,1.0,none,none,native,0,0.0,1.0,0.0,0,0,0,0,0,0,0,0,0,0,0,0,0,0,5.3e-05,5.3e-05,0.0,2264150.9433962265
hermes_pilot_h5_029,4,3,add_subtask,S2,0.5,0.5,2.0,1.0,2.0,1.0,2,1,2,1,0,0,0,-0.5,-0.5,product,product,,unknown,0.5,0.5,2.0,1.0,2.0,1.0,2,1,2,1,-0.5,-0.5,product,product,native,0,0.0,1.0,0.0,0,0,0,0,0,0,0,0,0,0,0,0,0,0,7.1e-05,1.8e-05,1.8e-05,2535211.267605634
hermes_pilot_h5_029,41,4,update_status,S2,1.0,1.0,2.0,2.0,2.0,2.0,2,2,2,2,0,0,0,0.5,0.5,none,none,,unknown,1.0,1.0,2.0,2.0,2.0,2.0,2,2,2,2,0.5,0.5,none,none,native,0,1.0,1.0,0.0,0,0,0,0,0,0,0,0,0,0,0,0,0,0,0.000358,0.000287,0.0,670391.061452514
hermes_pilot_h5_029,42,5,add_subtask,S3,0.6666666666666666,0.6666666666666666,3.0,2.0,3.0,2.0,3,2,3,2,0,0,0,-0.33333333333333337,-0.33333333333333337,validation,validation,,unknown,0.6666666666666666,0.6666666666666666,3.0,2.0,3.0,2.0,3,2,3,2,-0.33333333333333337,-0.33333333333333337,validation,validation,native,0,1.0,0.5,0.0,0,0,0,0,0,0,0,0,0,0,0,0,0,0,0.000368,1e-05,1e-05,815217.3913043478
hermes_pilot_h5_029,43,6,update_status,S3,1.0,1.0,3.0,3.0,3.0,3.0,3,3,3,3,0,0,0,0.33333333333333337,0.33333333333333337,none,none,,unknown,1.0,1.0,3.0,3.0,3.0,3.0,3,3,3,3,0.33333333333333337,0.33333333333333337,none,none,native,0,1.0,1.0,0.0,0,0,0,0,0,0,0,0,0,0,0,0,0,0,0.000385,1.7e-05,0.0,903614.4578313252
hermes_pilot_h5_029,44,7,add_subtask,S4,1.0,0.75,3.0,3.0,4.0,3.0,3,3,4,3,0,0,0,0.0,-0.25,none,environment,,unknown,1.0,0.75,3.0,3.0,4.0,3.0,3,3,4,3,0.0,-0.25,none,environment,native,0,1.0,1.0,0.0,0,0,0,0,0,0,0,0,0,0,0,0,0,0,0.000393,8e-06,8e-06,931677.0186335403
hermes_pilot_h5_029,45,8,update_status,S4,1.0,1.0,3.0,3.0,4.0,4.0,3,3,4,4,0,0,0,0.0,0.25,none,none,,unknown,1.0,1.0,3.0,3.0,4.0,4.0,3,3,4,4,0.0,0.25,none,none,native,0,1.0,1.0,0.0,0,0,0,0,0,0,0,0,0,0,0,0,0,0,0.000408,1.5e-05,2.3e-05,6000000.0
hermes_pilot_h5_029,46,9,add_subtask,S5,0.75,0.8,4.0,3.0,5.0,4.0,4,3,5,4,0,0,0,-0.25,-0.19999999999999996,validation,validation,,unknown,0.75,0.8,4.0,3.0,5.0,4.0,4,3,5,4,-0.25,-0.19999999999999996,validation,validation,native,0,1.0,0.6666666666666666,0.0,0,0,0,0,0,0,0,0,0,0,0,0,0,0,0.000415,7e-06,3e-05,6382978.723404256
hermes_pilot_h5_029,49,10,update_status,S5,1.0,1.0,4.0,4.0,5.0,5.0,4,4,5,5,0,0,0,0.25,0.19999999999999996,none,none,,unknown,1.0,1.0,4.0,4.0,5.0,5.0,4,4,5,5,0.25,0.19999999999999996,none,none,native,0,1.0,1.0,0.0,0,0,0,0,0,0,0,0,0,0,0,0,0,0,0.000514,9.9e-05,0.0,2325581.3953488376
hermes_pilot_h5_030,0,0,init,,0.0,0.0,0,0,0,0,0,0,0,0,0,0,0,0.0,0.0,none,none,,unknown,0.0,0.0,0,0,0,0,0,0,0,0,0.0,0.0,none,none,native,0,0.0,0.0,0.0,0,0,0,0,0,0,0,0,0,0,0,0,0,0,,,,
hermes_pilot_h5_030,2,1,add_subtask,S1,0.0,0.0,1.0,0,1.0,0,1,0,1,0,0,0,0,0.0,0.0,none,none,,unknown,0.0,0.0,1.0,0,1.0,0,1,0,1,0,0.0,0.0,none,none,native,0,0.0,0.0,0.0,0,0,0,0,0,0,0,0,0,0,0,0,0,0,0.0,0.0,0.0,
hermes_pilot_h5_030,5,2,update_status,S1,1.0,1.0,1.0,1.0,1.0,1.0,1,1,1,1,0,0,0,1.0,1.0,none,none,,unknown,1.0,1.0,1.0,1.0,1.0,1.0,1,1,1,1,1.0,1.0,none,none,native,0,0.0,0.0,1.0,0,0,0,0,0,0,0,0,0,0,0,0,0,0,9e-05,9e-05,0.0,1333333.3333333333
hermes_pilot_h5_030,6,3,add_subtask,S2,1.0,0.5,1.0,1.0,2.0,1.0,1,1,2,1,0,0,0,0.0,-0.5,none,artifact,,unknown,1.0,0.5,1.0,1.0,2.0,1.0,1,1,2,1,0.0,-0.5,none,artifact,native,0,0.0,0.0,1.0,0,0,0,0,0,0,0,0,0,0,0,0,0,0,0.000106,1.6e-05,1.6e-05,1698113.2075471696
hermes_pilot_h5_030,7,4,update_status,S2,1.0,1.0,1.0,1.0,2.0,2.0,1,1,2,2,0,0,0,0.0,0.5,none,none,,unknown,1.0,1.0,1.0,1.0,2.0,2.0,1,1,2,2,0.0,0.5,none,none,native,0,0.0,0.0,1.0,0,0,0,0,0,0,0,0,0,0,0,0,0,0,0.000164,5.8e-05,7.4e-05,1463414.6341463414
hermes_pilot_h5_030,8,5,add_subtask,S3,0.5,0.6666666666666666,2.0,1.0,3.0,2.0,2,1,3,2,0,0,0,-0.5,-0.33333333333333337,product,product,,unknown,0.5,0.6666666666666666,2.0,1.0,3.0,2.0,2,1,3,2,-0.5,-0.33333333333333337,product,product,native,0,0.0,0.0,1.0,0,0,0,0,0,0,0,0,0,0,0,0,0,0,0.000204,4e-05,0.000114,1470588.2352941176
hermes_pilot_h5_030,9,6,update_status,S3,1.0,1.0,2.0,2.0,3.0,3.0,2,2,3,3,0,0,0,0.5,0.33333333333333337,none,none,,unknown,1.0,1.0,2.0,2.0,3.0,3.0,2,2,3,3,0.5,0.33333333333333337,none,none,native,0,1.0,0.0,1.0,0,0,0,0,0,0,0,0,0,0,0,0,0,0,0.000249,4.5e-05,0.0,1886792.452830189
hermes_pilot_h5_030,10,7,add_subtask,S4,0.6666666666666666,0.75,3.0,2.0,4.0,3.0,3,2,4,3,0,0,0,-0.33333333333333337,-0.25,validation,validation,,unknown,0.6666666666666666,0.75,3.0,2.0,4.0,3.0,3,2,4,3,-0.33333333333333337,-0.25,validation,validation,native,0,1.0,0.0,1.0,0,0,0,0,0,0,0,0,0,0,0,0,0,0,0.000257,8e-06,8e-06,1986754.966887417
hermes_pilot_h5_030,13,8,update_status,S4,1.0,1.0,3.0,3.0,4.0,4.0,3,3,4,4,0,0,0,0.33333333333333337,0.25,none,none,,unknown,1.0,1.0,3.0,3.0,4.0,4.0,3,3,4,4,0.33333333333333337,0.25,none,none,native,0,1.0,1.0,1.0,0,0,0,0,0,0,0,0,0,0,0,0,0,0,0.00028,2.3e-05,0.0,2586206.8965517245
hermes_pilot_h5_030,14,9,add_subtask,S5,1.0,0.8,3.0,3.0,5.0,4.0,3,3,5,4,0,0,0,0.0,-0.19999999999999996,none,artifact,,unknown,1.0,0.8,3.0,3.0,5.0,4.0,3,3,5,4,0.0,-0.19999999999999996,none,artifact,native,0,1.0,1.0,1.0,0,0,0,0,0,0,0,0,0,0,0,0,0,0,0.0003,2e-05,2e-05,3124999.9999999995
hermes_pilot_h5_030,15,10,update_status,S5,1.0,1.0,3.0,3.0,5.0,5.0,3,3,5,5,0,0,0,0.0,0.19999999999999996,none,none,,unknown,1.0,1.0,3.0,3.0,5.0,5.0,3,3,5,5,0.0,0.19999999999999996,none,none,native,0,1.0,1.0,1.0,0,0,0,0,0,0,0,0,0,0,0,0,0,0,0.000325,2.5e-05,4.5e-05,3947368.4210526315
hermes_pilot_h5_030,16,11,add_subtask,S6,0.75,0.8333333333333334,4.0,3.0,6.0,5.0,4,3,6,5,0,0,0,-0.25,-0.16666666666666663,investigation,investigation,,unknown,0.75,0.8333333333333334,4.0,3.0,6.0,5.0,4,3,6,5,-0.25,-0.16666666666666663,investigation,investigation,native,0,1.0,1.0,0.5,0,0,0,0,0,0,0,0,0,0,0,0,0,0,0.000333,8e-06,5.3e-05,3947368.4210526315
hermes_pilot_h5_030,17,12,update_status,S6,1.0,1.0,4.0,4.0,6.0,6.0,4,4,6,6,0,0,0,0.25,0.16666666666666663,none,none,,unknown,1.0,1.0,4.0,4.0,6.0,6.0,4,4,6,6,0.25,0.16666666666666663,none,none,native,0,1.0,1.0,1.0,0,0,0,0,0,0,0,0,0,0,0,0,0,0,0.000371,3.8e-05,0.0,3296703.2967032967
hermes_pilot_h5_030,18,13,add_subtask,S7,1.0,0.8571428571428571,4.0,4.0,7.0,6.0,4,4,7,6,0,0,0,0.0,-0.1428571428571429,none,artifact,,unknown,1.0,0.8571428571428571,4.0,4.0,7.0,6.0,4,4,7,6,0.0,-0.1428571428571429,none,artifact,native,0,1.0,1.0,1.0,0,0,0,0,0,0,0,0,0,0,0,0,0,0,0.000401,3e-05,3e-05,2970297.0297029703
hermes_pilot_h5_030,23,14,update_status,S7,1.0,1.0,4.0,4.0,7.0,7.0,4,4,7,7,0,0,0,0.0,0.1428571428571429,none,none,,unknown,1.0,1.0,4.0,4.0,7.0,7.0,4,4,7,7,0.0,0.1428571428571429,none,none,native,0,1.0,1.0,1.0,0,0,0,0,0,0,0,0,0,0,0,0,0,0,0.000495,9.4e-05,0.000124,1764705.8823529412
