run_id,step,event_index,event_type,subtask_id,coding_progress,overall_progress,active_coding_weight,completed_coding_weight,active_overall_weight,completed_overall_weight,active_coding_leaves,completed_coding_leaves,active_overall_leaves,completed_overall_leaves,num_splits_so_far,num_reopens_so_far,num_invalidations_so_far,delta_coding_progress,delta_overall_progress,coding_drop_source,overall_drop_source,final_success,final_success_source,native_coding_progress,native_overall_progress,native_active_coding_weight,native_completed_coding_weight,native_active_overall_weight,native_completed_overall_weight,native_active_coding_leaves,native_completed_coding_leaves,native_active_overall_leaves,native_completed_overall_leaves,native_delta_coding_progress,native_delta_overall_progress,native_coding_drop_source,native_overall_drop_source,category_resolution_mode,category_overrides_applied,product_progress,validation_progress,investigation_progress,step_added_subtasks,step_split_events,step_reopen_events,step_invalidation_events,step_product_completes,step_validation_completes,step_investigation_completes,step_strong_completions,step_manual_only_completions,steps_since_progress_increase,steps_since_completion,steps_since_subtask_added,cum_strong_completions,cum_manual_only_completions,elapsed_seconds,seconds_since_last_event,seconds_since_progress_increase,events_per_minute
hermes_pilot_h5_001,0,0,init,,0.0,0.0,0,0,0,0,0,0,0,0,0,0,0,0.0,0.0,none,none,,unknown,0.0,0.0,0,0,0,0,0,0,0,0,0.0,0.0,none,none,native,0,0.0,0.0,0.0,0,0,0,0,0,0,0,0,0,0,0,0,0,0,,,,
hermes_pilot_h5_001,2,1,add_subtask,S1,0.0,0.0,1.0,0,1.0,0,1,0,1,0,0,0,0,0.0,0.0,none,none,,unknown,0.0,0.0,1.0,0,1.0,0,1,0,1,0,0.0,0.0,none,none,native,0,0.0,0.0,0.0,0,0,0,0,0,0,0,0,0,0,0,0,0,0,0.0,0.0,0.0,
hermes_pilot_h5_001,19,2,update_status,S1,1.0,1.0,1.0,1.0,1.0,1.0,1,1,1,1,0,0,0,1.0,1.0,none,none,,unknown,1.0,1.0,1.0,1.0,1.0,1.0,1,1,1,1,1.0,1.0,none,none,native,0,1.0,0.0,0.0,0,0,0,0,0,0,0,0,0,0,0,0,0,0,0.00039,0.00039,0.0,307692.3076923077
hermes_pilot_h5_002,0,0,init,,0.0,0.0,0,0,0,0,0,0,0,0,0,0,0,0.0,0.0,none,none,,unknown,0.0,0.0,0,0,0,0,0,0,0,0,0.0,0.0,none,none,native,0,0.0,0.0,0.0,0,0,0,0,0,0,0,0,0,0,0,0,0,0,,,,
hermes_pilot_h5_002,2,1,add_subtask,S1,0.0,0.0,1.0,0,1.0,0,1,0,1,0,0,0,0,0.0,0.0,none,none,,unknown,0.0,0.0,1.0,0,1.0,0,1,0,1,0,0.0,0.0,none,none,native,0,0.0,0.0,0.0,0,0,0,0,0,0,0,0,0,0,0,0,0,0,0.0,0.0,0.0,
hermes_pilot_h5_002,13,2,update_status,S1,1.0,1.0,1.0,1.0,1.0,1.0,1,1,1,1,0,0,0,1.0,1.0,none,none,,unknown,1.0,1.0,1.0,1.0,1.0,1.0,1,1,1,1,1.0,1.0,none,none,native,0,0.0,0.0,1.0,0,0,0,0,0,0,0,0,0,0,0,0,0,0,0.000392,0.000392,0.0,306122.44897959183
hermes_pilot_h5_002,14,3,add_subtask,S2,0.5,0.5,2.0,1.0,2.0,1.0,2,1,2,1,0,0,0,-0.5,-0.5,validation,validation,,unknown,0.5,0.5,2.0,1.0,2.0,1.0,2,1,2,1,-0.5,-0.5,validation,validation,native,0,0.0,0.0,1.0,0,0,0,0,0,0,0,0,0,0,0,0,0,0,0.00041,1.8e-05,1.8e-05,439024.39024390245
hermes_pilot_h5_002,15,4,update_status,S2,1.0,1.0,2.0,2.0,2.0,2.0,2,2,2,2,0,0,0,0.5,0.5,none,none,,unknown,1.0,1.0,2.0,2.0,2.0,2.0,2,2,2,2,0.5,0.5,none,none,native,0,0.0,1.0,1.0,0,0,0,0,0,0,0,0,0,0,0,0,0,0,0.000434,2.4e-05,0.0,552995.3917050691
hermes_pilot_h5_003,0,0,init,,0.0,0.0,0,0,0,0,0,0,0,0,0,0,0,0.0,0.0,none,none,,unknown,0.0,0.0,0,0,0,0,0,0,0,0,0.0,0.0,none,none,native,0,0.0,0.0,0.0,0,0,0,0,0,0,0,0,0,0,0,0,0,0,,,,
hermes_pilot_h5_003,2,1,add_subtask,S1,0.0,0.0,1.0,0,1.0,0,1,0,1,0,0,0,0,0.0,0.0,none,none,,unknown,0.0,0.0,1.0,0,1.0,0,1,0,1,0,0.0,0.0,none,none,native,0,0.0,0.0,0.0,0,0,0,0,0,0,0,0,0,0,0,0,0,0,0.0,0.0,0.0,
hermes_pilot_h5_003,5,2,update_status,S1,0.0,0.0,1.0,0,1.0,0,1,0,1,0,0,0,0,0.0,0.0,none,none,,unknown,0.0,0.0,1.0,0,1.0,0,1,0,1,0,0.0,0.0,none,none,native,0,0.0,0.0,0.0,0,0,0,0,0,0,0,0,0,0,0,0,0,0,5e-05,5e-05,5e-05,2400000.0
hermes_pilot_h5_003,6,3,add_subtask,S2,0.0,0.0,2.0,0,2.0,0,2,0,2,0,0,0,0,0.0,0.0,none,none,,unknown,0.0,0.0,2.0,0,2.0,0,2,0,2,0,0.0,0.0,none,none,native,0,0.0,0.0,0.0,0,0,0,0,0,0,0,0,0,0,0,0,0,0,6e-05,1e-05,6e-05,3000000.0
hermes_pilot_h5_003,7,4,update_status,S2,0.5,0.5,2.0,1.0,2.0,1.0,2,1,2,1,0,0,0,0.5,0.5,none,none,,unknown,0.5,0.5,2.0,1.0,2.0,1.0,2,1,2,1,0.5,0.5,none,none,native,0,0.0,0.0,1.0,0,0,0,0,0,0,0,0,0,0,0,0,0,0,8.5e-05,2.5e-05,0.0,2823529.4117647056
hermes_pilot_h5_003,8,5,add_subtask,S3,0.3333333333333333,0.3333333333333333,3.0,1.0,3.0,1.0,3,1,3,1,0,0,0,-0.16666666666666669,-0.16666666666666669,validation,validation,,unknown,0.3333333333333333,0.3333333333333333,3.0,1.0,3.0,1.0,3,1,3,1,-0.16666666666666669,-0.16666666666666669,validation,validation,native,0,0.0,0.0,1.0,0,0,0,0,0,0,0,0,0,0,0,0,0,0,9.3e-05,8e-06,8e-06,3225806.4516129033
hermes_pilot_h5_003,11,6,update_status,S3,0.6666666666666666,0.6666666666666666,3.0,2.0,3.0,2.0,3,2,3,2,0,0,0,0.3333333333333333,0.3333333333333333,none,none,,unknown,0.6666666666666666,0.6666666666666666,3.0,2.0,3.0,2.0,3,2,3,2,0.3333333333333333,0.3333333333333333,none,none,native,0,0.0,0.5,1.0,0,0,0,0,0,0,0,0,0,0,0,0,0,0,0.000124,3.1e-05,0.0,4054054.054054054
hermes_pilot_h5_003,12,7,add_subtask,S4,0.5,0.5,4.0,2.0,4.0,2.0,4,2,4,2,0,0,0,-0.16666666666666663,-0.16666666666666663,investigation,investigation,,unknown,0.5,0.5,4.0,2.0,4.0,2.0,4,2,4,2,-0.16666666666666663,-0.16666666666666663,investigation,investigation,native,0,0.0,0.5,0.5,0,0,0,0,0,0,0,0,0,0,0,0,0,0,0.000132,8e-06,8e-06,4166666.666666667
hermes_pilot_h5_003,25,8,update_status,S4,0.5,0.5,4.0,2.0,4.0,2.0,4,2,4,2,0,0,0,0.0,0.0,none,none,,unknown,0.5,0.5,4.0,2.0,4.0,2.0,4,2,4,2,0.0,0.0,none,none,native,0,0.0,0.5,0.5,0,0,0,0,0,0,0,0,0,0,0,0,0,0,0.000349,0.000217,0.000225,1136363.6363636362
hermes_pilot_h5_003,30,9,add_subtask,S5,0.4,0.4,5.0,2.0,5.0,2.0,5,2,5,2,0,0,0,-0.09999999999999998,-0.09999999999999998,validation,validation,,unknown,0.4,0.4,5.0,2.0,5.0,2.0,5,2,5,2,-0.09999999999999998,-0.09999999999999998,validation,validation,native,0,0.0,0.3333333333333333,0.5,0,0,0,0,0,0,0,0,0,0,0,0,0,0,0.000378,2.9e-05,0.000254,1052631.5789473685
hermes_pilot_h5_003,33,10,update_status,S5,0.6,0.6,5.0,3.0,5.0,3.0,5,3,5,3,0,0,0,0.19999999999999996,0.19999999999999996,none,none,,unknown,0.6,0.6,5.0,3.0,5.0,3.0,5,3,5,3,0.19999999999999996,0.19999999999999996,none,none,native,0,0.0,0.6666666666666666,0.5,0,0,0,0,0,0,0,0,0,0,0,0,0,0,0.000409,3.1e-05,0.0,1052631.5789473685
hermes_pilot_h5_003,34,11,add_subtask,S6,0.5,0.5,6.0,3.0,6.0,3.0,6,3,6,3,0,0,0,-0.09999999999999998,-0.09999999999999998,investigation,investigation,,unknown,0.5,0.5,6.0,3.0,6.0,3.0,6,3,6,3,-0.09999999999999998,-0.09999999999999998,investigation,investigation,native,0,0.0,0.6666666666666666,0.3333333333333333,0,0,0,0,0,0,0,0,0,0,0,0,0,0,0.000417,8e-06,8e-06,1052631.5789473685
hermes_pilot_h5_003,35,12,update_status,S6,0.6666666666666666,0.6666666666666666,6.0,4.0,6.0,4.0,6,4,6,4,0,0,0,0.16666666666666663,0.16666666666666663,none,none,,unknown,0.6666666666666666,0.6666666666666666,6.0,4.0,6.0,4.0,6,4,6,4,0.16666666666666663,0.16666666666666663,none,none,native,0,0.0,0.6666666666666666,0.6666666666666666,0,0,0,0,0,0,0,0,0,0,0,0,0,0,0.000435,1.8e-05,0.0,3488372.093023256
hermes_pilot_h5_003,36,13,add_subtask,S7,0.5714285714285714,0.5714285714285714,7.0,4.0,7.0,4.0,7,4,7,4,0,0,0,-0.09523809523809523,-0.09523809523809523,validation,validation,,unknown,0.5714285714285714,0.5714285714285714,7.0,4.0,7.0,4.0,7,4,7,4,-0.09523809523809523,-0.09523809523809523,validation,validation,native,0,0.0,0.5,0.6666666666666666,0,0,0,0,0,0,0,0,0,0,0,0,0,0,0.000443,8e-06,8e-06,4615384.615384616
hermes_pilot_h5_003,39,14,update_status,S7,0.7142857142857143,0.7142857142857143,7.0,5.0,7.0,5.0,7,5,7,5,0,0,0,0.1428571428571429,0.1428571428571429,none,none,,unknown,0.7142857142857143,0.7142857142857143,7.0,5.0,7.0,5.0,7,5,7,5,0.1428571428571429,0.1428571428571429,none,none,native,0,0.0,0.75,0.6666666666666666,0,0,0,0,0,0,0,0,0,0,0,0,0,0,0.000496,5.3e-05,0.0,3448275.862068965
hermes_pilot_h5_003,40,15,add_subtask,S8,0.625,0.625,8.0,5.0,8.0,5.0,8,5,8,5,0,0,0,-0.0892857142857143,-0.0892857142857143,product,product,,unknown,0.625,0.625,8.0,5.0,8.0,5.0,8,5,8,5,-0.0892857142857143,-0.0892857142857143,product,product,native,0,0.0,0.75,0.6666666666666666,0,0,0,0,0,0,0,0,0,0,0,0,0,0,0.000503,7e-06,7e-06,3488372.093023256
hermes_pilot_h5_003,51,16,update_status,S8,0.75,0.75,8.0,6.0,8.0,6.0,8,6,8,6,0,0,0,0.125,0.125,none,none,,unknown,0.75,0.75,8.0,6.0,8.0,6.0,8,6,8,6,0.125,0.125,none,none,native,0,1.0,0.75,0.6666666666666666,0,0,0,0,0,0,0,0,0,0,0,0,0,0,0.000622,0.000119,0.0,1604278.0748663102
hermes_pilot_h5_004,0,0,init,,0.0,0.0,0,0,0,0,0,0,0,0,0,0,0,0.0,0.0,none,none,,unknown,0.0,0.0,0,0,0,0,0,0,0,0,0.0,0.0,none,none,native,0,0.0,0.0,0.0,0,0,0,0,0,0,0,0,0,0,0,0,0,0,,,,
hermes_pilot_h5_004,2,1,add_subtask,S1,0.0,0.0,1.0,0,1.0,0,1,0,1,0,0,0,0,0.0,0.0,none,none,,unknown,0.0,0.0,1.0,0,1.0,0,1,0,1,0,0.0,0.0,none,none,native,0,0.0,0.0,0.0,0,0,0,0,0,0,0,0,0,0,0,0,0,0,0.0,0.0,0.0,
hermes_pilot_h5_004,9,2,update_status,S1,1.0,1.0,1.0,1.0,1.0,1.0,1,1,1,1,0,0,0,1.0,1.0,none,none,,unknown,1.0,1.0,1.0,1.0,1.0,1.0,1,1,1,1,1.0,1.0,none,none,native,0,1.0,0.0,0.0,0,0,0,0,0,0,0,0,0,0,0,0,0,0,0.000153,0.000153,0.0,784313.725490196
hermes_pilot_h5_004,10,3,add_subtask,S2,0.5,0.5,2.0,1.0,2.0,1.0,2,1,2,1,0,0,0,-0.5,-0.5,validation,validation,,unknown,0.5,0.5,2.0,1.0,2.0,1.0,2,1,2,1,-0.5,-0.5,validation,validation,native,0,1.0,0.0,0.0,0,0,0,0,0,0,0,0,0,0,0,0,0,0,0.000166,1.3e-05,1.3e-05,1084337.3493975904
hermes_pilot_h5_004,11,4,update_status,S2,1.0,1.0,2.0,2.0,2.0,2.0,2,2,2,2,0,0,0,0.5,0.5,none,none,,unknown,1.0,1.0,2.0,2.0,2.0,2.0,2,2,2,2,0.5,0.5,none,none,native,0,1.0,1.0,0.0,0,0,0,0,0,0,0,0,0,0,0,0,0,0,0.000194,2.8e-05,0.0,1237113.4020618557
hermes_pilot_h5_004,12,5,add_subtask,S3,0.6666666666666666,0.6666666666666666,3.0,2.0,3.0,2.0,3,2,3,2,0,0,0,-0.33333333333333337,-0.33333333333333337,product,product,,unknown,0.6666666666666666,0.6666666666666666,3.0,2.0,3.0,2.0,3,2,3,2,-0.33333333333333337,-0.33333333333333337,product,product,native,0,0.5,1.0,0.0,0,0,0,0,0,0,0,0,0,0,0,0,0,0,0.000202,8e-06,8e-06,1485148.5148514851
hermes_pilot_h5_004,15,6,update_status,S3,1.0,1.0,3.0,3.0,3.0,3.0,3,3,3,3,0,0,0,0.33333333333333337,0.33333333333333337,none,none,,unknown,1.0,1.0,3.0,3.0,3.0,3.0,3,3,3,3,0.33333333333333337,0.33333333333333337,none,none,native,0,1.0,1.0,0.0,0,0,0,0,0,0,0,0,0,0,0,0,0,0,0.000233,3.1e-05,0.0,3750000.0
hermes_pilot_h5_004,16,7,add_subtask,S4,0.75,0.75,4.0,3.0,4.0,3.0,4,3,4,3,0,0,0,-0.25,-0.25,investigation,investigation,,unknown,0.75,0.75,4.0,3.0,4.0,3.0,4,3,4,3,-0.25,-0.25,investigation,investigation,native,0,1.0,1.0,0.0,0,0,0,0,0,0,0,0,0,0,0,0,0,0,0.00024,7e-06,7e-06,4054054.054054054
hermes_pilot_h5_004,27,8,update_status,S4,0.75,0.75,4.0,3.0,4.0,3.0,4,3,4,3,0,0,0,0.0,0.0,none,none,,unknown,0.75,0.75,4.0,3.0,4.0,3.0,4,3,4,3,0.0,0.0,none,none,native,0,1.0,1.0,0.0,0,0,0,0,0,0,0,0,0,0,0,0,0,0,0.000407,0.000167,0.000174,1408450.7042253523
hermes_pilot_h5_005,0,0,init,,0.0,0.0,0,0,0,0,0,0,0,0,0,0,0,0.0,0.0,none,none,,unknown,0.0,0.0,0,0,0,0,0,0,0,0,0.0,0.0,none,none,native,0,0.0,0.0,0.0,0,0,0,0,0,0,0,0,0,0,0,0,0,0,,,,
hermes_pilot_h5_005,2,1,add_subtask,S1,0.0,0.0,1.0,0,1.0,0,1,0,1,0,0,0,0,0.0,0.0,none,none,,unknown,0.0,0.0,1.0,0,1.0,0,1,0,1,0,0.0,0.0,none,none,native,0,0.0,0.0,0.0,0,0,0,0,0,0,0,0,0,0,0,0,0,0,0.0,0.0,0.0,
hermes_pilot_h5_005,5,2,update_status,S1,1.0,1.0,1.0,1.0,1.0,1.0,1,1,1,1,0,0,0,1.0,1.0,none,none,,unknown,1.0,1.0,1.0,1.0,1.0,1.0,1,1,1,1,1.0,1.0,none,none,native,0,1.0,0.0,0.0,0,0,0,0,0,0,0,0,0,0,0,0,0,0,0.000105,0.000105,0.0,1142857.142857143
hermes_pilot_h5_005,6,3,add_subtask,S2,0.5,0.5,2.0,1.0,2.0,1.0,2,1,2,1,0,0,0,-0.5,-0.5,validation,validation,,unknown,0.5,0.5,2.0,1.0,2.0,1.0,2,1,2,1,-0.5,-0.5,validation,validation,native,0,1.0,0.0,0.0,0,0,0,0,0,0,0,0,0,0,0,0,0,0,0.000117,1.2e-05,1.2e-05,1538461.5384615385
hermes_pilot_h5_005,7,4,update_status,S2,0.5,0.5,2.0,1.0,2.0,1.0,2,1,2,1,0,0,0,0.0,0.0,none,none,,unknown,0.5,0.5,2.0,1.0,2.0,1.0,2,1,2,1,0.0,0.0,none,none,native,0,1.0,0.0,0.0,0,0,0,0,0,0,0,0,0,0,0,0,0,0,0.00013,1.3e-05,2.5e-05,1846153.8461538462
hermes_pilot_h5_005,8,5,add_subtask,S3,0.3333333333333333,0.3333333333333333,3.0,1.0,3.0,1.0,3,1,3,1,0,0,0,-0.16666666666666669,-0.16666666666666669,investigation,investigation,,unknown,0.3333333333333333,0.3333333333333333,3.0,1.0,3.0,1.0,3,1,3,1,-0.16666666666666669,-0.16666666666666669,investigation,investigation,native,0,1.0,0.0,0.0,0,0,0,0,0,0,0,0,0,0,0,0,0,0,0.000138,8e-06,3.3e-05,2173913.0434782607
hermes_pilot_h5_005,9,6,update_status,S3,0.6666666666666666,0.6666666666666666,3.0,2.0,3.0,2.0,3,2,3,2,0,0,0,0.3333333333333333,0.3333333333333333,none,none,,unknown,0.6666666666666666,0.6666666666666666,3.0,2.0,3.0,2.0,3,2,3,2,0.3333333333333333,0.3333333333333333,none,none,native,0,1.0,0.0,1.0,0,0,0,0,0,0,0,0,0,0,0,0,0,0,0.000162,2.4e-05,0.0,5263157.894736842
hermes_pilot_h5_005,10,7,add_subtask,S4,0.5,0.5,4.0,2.0,4.0,2.0,4,2,4,2,0,0,0,-0.16666666666666663,-0.16666666666666663,validation,validation,,unknown,0.5,0.5,4.0,2.0,4.0,2.0,4,2,4,2,-0.16666666666666663,-0.16666666666666663,validation,validation,native,0,1.0,0.0,1.0,0,0,0,0,0,0,0,0,0,0,0,0,0,0,0.000169,7e-06,7e-06,5769230.76923077
hermes_pilot_h5_005,17,8,update_status,S4,0.75,0.75,4.0,3.0,4.0,3.0,4,3,4,3,0,0,0,0.25,0.25,none,none,,unknown,0.75,0.75,4.0,3.0,4.0,3.0,4,3,4,3,0.25,0.25,none,none,native,0,1.0,0.5,1.0,0,0,0,0,0,0,0,0,0,0,0,0,0,0,0.000229,6e-05,0.0,3030303.0303030307
hermes_pilot_h5_005,18,9,add_subtask,S5,0.75,0.6,4.0,3.0,5.0,3.0,4,3,5,3,0,0,0,0.0,-0.15000000000000002,none,artifact,,unknown,0.75,0.6,4.0,3.0,5.0,3.0,4,3,5,3,0.0,-0.15000000000000002,none,artifact,native,0,1.0,0.5,1.0,0,0,0,0,0,0,0,0,0,0,0,0,0,0,0.000249,2e-05,2e-05,2702702.7027027025
hermes_pilot_h5_005,19,10,update_status,S5,0.75,0.6,4.0,3.0,5.0,3.0,4,3,5,3,0,0,0,0.0,0.0,none,none,,unknown,0.75,0.6,4.0,3.0,5.0,3.0,4,3,5,3,0.0,0.0,none,none,native,0,1.0,0.5,1.0,0,0,0,0,0,0,0,0,0,0,0,0,0,0,0.000275,2.6e-05,4.6e-05,2654867.256637168
hermes_pilot_h5_006,0,0,init,,0.0,0.0,0,0,0,0,0,0,0,0,0,0,0,0.0,0.0,none,none,,unknown,0.0,0.0,0,0,0,0,0,0,0,0,0.0,0.0,none,none,native,0,0.0,0.0,0.0,0,0,0,0,0,0,0,0,0,0,0,0,0,0,,,,
hermes_pilot_h5_006,2,1,add_subtask,S1,0.0,0.0,1.0,0,1.0,0,1,0,1,0,0,0,0,0.0,0.0,none,none,,unknown,0.0,0.0,1.0,0,1.0,0,1,0,1,0,0.0,0.0,none,none,native,0,0.0,0.0,0.0,0,0,0,0,0,0,0,0,0,0,0,0,0,0,0.0,0.0,0.0,
hermes_pilot_h5_006,13,2,update_status,S1,1.0,1.0,1.0,1.0,1.0,1.0,1,1,1,1,0,0,0,1.0,1.0,none,none,,unknown,1.0,1.0,1.0,1.0,1.0,1.0,1,1,1,1,1.0,1.0,none,none,native,0,1.0,0.0,0.0,0,0,0,0,0,0,0,0,0,0,0,0,0,0,0.000146,0.000146,0.0,821917.808219178
hermes_pilot_h5_007,0,0,init,,0.0,0.0,0,0,0,0,0,0,0,0,0,0,0,0.0,0.0,none,none,,unknown,0.0,0.0,0,0,0,0,0,0,0,0,0.0,0.0,none,none,native,0,0.0,0.0,0.0,0,0,0,0,0,0,0,0,0,0,0,0,0,0,,,,
hermes_pilot_h5_007,2,1,add_subtask,S1,0.0,0.0,1.0,0,1.0,0,1,0,1,0,0,0,0,0.0,0.0,none,none,,unknown,0.0,0.0,1.0,0,1.0,0,1,0,1,0,0.0,0.0,none,none,native,0,0.0,0.0,0.0,0,0,0,0,0,0,0,0,0,0,0,0,0,0,0.0,0.0,0.0,
hermes_pilot_h5_007,15,2,update_status,S1,1.0,1.0,1.0,1.0,1.0,1.0,1,1,1,1,0,0,0,1.0,1.0,none,none,,unknown,1.0,1.0,1.0,1.0,1.0,1.0,1,1,1,1,1.0,1.0,none,none,native,0,0.0,0.0,1.0,0,0,0,0,0,0,0,0,0,0,0,0,0,0,0.000488,0.000488,0.0,245901.63934426228
hermes_pilot_h5_007,16,3,add_subtask,S2,0.5,0.5,2.0,1.0,2.0,1.0,2,1,2,1,0,0,0,-0.5,-0.5,validation,validation,,unknown,0.5,0.5,2.0,1.0,2.0,1.0,2,1,2,1,-0.5,-0.5,validation,validation,native,0,0.0,0.0,1.0,0,0,0,0,0,0,0,0,0,0,0,0,0,0,0.000503,1.5e-05,1.5e-05,357852.88270377734
hermes_pilot_h5_007,17,4,update_status,S2,1.0,1.0,2.0,2.0,2.0,2.0,2,2,2,2,0,0,0,0.5,0.5,none,none,,unknown,1.0,1.0,2.0,2.0,2.0,2.0,2,2,2,2,0.5,0.5,none,none,native,0,0.0,1.0,1.0,0,0,0,0,0,0,0,0,0,0,0,0,0,0,0.000517,1.4e-05,0.0,464216.6344294004
hermes_pilot_h5_007,18,5,add_subtask,S3,0.6666666666666666,0.6666666666666666,3.0,2.0,3.0,2.0,3,2,3,2,0,0,0,-0.33333333333333337,-0.33333333333333337,investigation,investigation,,unknown,0.6666666666666666,0.6666666666666666,3.0,2.0,3.0,2.0,3,2,3,2,-0.33333333333333337,-0.33333333333333337,investigation,investigation,native,0,0.0,1.0,0.5,0,0,0,0,0,0,0,0,0,0,0,0,0,0,0.000525,8e-06,8e-06,571428.5714285715
hermes_pilot_h5_007,23,6,update_status,S3,1.0,1.0,3.0,3.0,3.0,3.0,3,3,3,3,0,0,0,0.33333333333333337,0.33333333333333337,none,none,,unknown,1.0,1.0,3.0,3.0,3.0,3.0,3,3,3,3,0.33333333333333337,0.33333333333333337,none,none,native,0,0.0,1.0,1.0,0,0,0,0,0,0,0,0,0,0,0,0,0,0,0.000674,0.000149,0.0,1612903.2258064516
hermes_pilot_h5_007,24,7,add_subtask,S4,0.75,0.75,4.0,3.0,4.0,3.0,4,3,4,3,0,0,0,-0.25,-0.25,validation,validation,,unknown,0.75,0.75,4.0,3.0,4.0,3.0,4,3,4,3,-0.25,-0.25,validation,validation,native,0,0.0,0.5,1.0,0,0,0,0,0,0,0,0,0,0,0,0,0,0,0.000683,9e-06,9e-06,1666666.6666666665
hermes_pilot_h5_007,25,8,update_status,S4,1.0,1.0,4.0,4.0,4.0,4.0,4,4,4,4,0,0,0,0.25,0.25,none,none,,unknown,1.0,1.0,4.0,4.0,4.0,4.0,4,4,4,4,0.25,0.25,none,none,native,0,0.0,1.0,1.0,0,0,0,0,0,0,0,0,0,0,0,0,0,0,0.000696,1.3e-05,0.0,1675977.6536312848
hermes_pilot_h5_007,26,9,add_subtask,S5,0.8,0.8,5.0,4.0,5.0,4.0,5,4,5,4,0,0,0,-0.19999999999999996,-0.19999999999999996,investigation,investigation,,unknown,0.8,0.8,5.0,4.0,5.0,4.0,5,4,5,4,-0.19999999999999996,-0.19999999999999996,investigation,investigation,native,0,0.0,1.0,0.6666666666666666,0,0,0,0,0,0,0,0,0,0,0,0,0,0,0.000708,1.2e-05,1.2e-05,1639344.262295082
hermes_pilot_h5_007,29,10,update_status,S5,1.0,1.0,5.0,5.0,5.0,5.0,5,5,5,5,0,0,0,0.19999999999999996,0.19999999999999996,none,none,,unknown,1.0,1.0,5.0,5.0,5.0,5.0,5,5,5,5,0.19999999999999996,0.19999999999999996,none,none,native,0,0.0,1.0,1.0,0,0,0,0,0,0,0,0,0,0,0,0,0,0,0.000753,4.5e-05,0.0,3797468.35443038
hermes_pilot_h5_008,0,0,init,,0.0,0.0,0,0,0,0,0,0,0,0,0,0,0,0.0,0.0,none,none,,unknown,0.0,0.0,0,0,0,0,0,0,0,0,0.0,0.0,none,none,native,0,0.0,0.0,0.0,0,0,0,0,0,0,0,0,0,0,0,0,0,0,,,,
hermes_pilot_h5_008,2,1,add_subtask,S1,0.0,0.0,1.0,0,1.0,0,1,0,1,0,0,0,0,0.0,0.0,none,none,,unknown,0.0,0.0,1.0,0,1.0,0,1,0,1,0,0.0,0.0,none,none,native,0,0.0,0.0,0.0,0,0,0,0,0,0,0,0,0,0,0,0,0,0,0.0,0.0,0.0,
hermes_pilot_h5_008,3,2,update_status,S1,1.0,1.0,1.0,1.0,1.0,1.0,1,1,1,1,0,0,0,1.0,1.0,none,none,,unknown,1.0,1.0,1.0,1.0,1.0,1.0,1,1,1,1,1.0,1.0,none,none,native,0,0.0,1.0,0.0,0,0,0,0,0,0,0,0,0,0,0,0,0,0,3.9e-05,3.9e-05,0.0,3076923.076923077
hermes_pilot_h5_008,4,3,add_subtask,S2,0.5,0.5,2.0,1.0,2.0,1.0,2,1,2,1,0,0,0,-0.5,-0.5,investigation,investigation,,unknown,0.5,0.5,2.0,1.0,2.0,1.0,2,1,2,1,-0.5,-0.5,investigation,investigation,native,0,0.0,1.0,0.0,0,0,0,0,0,0,0,0,0,0,0,0,0,0,5e-05,1.1e-05,1.1e-05,3600000.0
hermes_pilot_h5_008,5,4,update_status,S2,1.0,1.0,2.0,2.0,2.0,2.0,2,2,2,2,0,0,0,0.5,0.5,none,none,,unknown,1.0,1.0,2.0,2.0,2.0,2.0,2,2,2,2,0.5,0.5,none,none,native,0,0.0,1.0,1.0,0,0,0,0,0,0,0,0,0,0,0,0,0,0,8e-05,3e-05,0.0,3000000.0
hermes_pilot_h5_008,6,5,add_subtask,S3,0.6666666666666666,0.6666666666666666,3.0,2.0,3.0,2.0,3,2,3,2,0,0,0,-0.33333333333333337,-0.33333333333333337,validation,validation,,unknown,0.6666666666666666,0.6666666666666666,3.0,2.0,3.0,2.0,3,2,3,2,-0.33333333333333337,-0.33333333333333337,validation,validation,native,0,0.0,0.5,1.0,0,0,0,0,0,0,0,0,0,0,0,0,0,0,8.7e-05,7e-06,7e-06,3448275.862068965
hermes_pilot_h5_008,7,6,update_status,S3,0.6666666666666666,0.6666666666666666,3.0,2.0,3.0,2.0,3,2,3,2,0,0,0,0.0,0.0,none,none,,unknown,0.6666666666666666,0.6666666666666666,3.0,2.0,3.0,2.0,3,2,3,2,0.0,0.0,none,none,native,0,0.0,0.5,1.0,0,0,0,0,0,0,0,0,0,0,0,0,0,0,9.9e-05,1.2e-05,1.9e-05,5000000.0
hermes_pilot_h5_008,8,7,add_subtask,S4,0.5,0.5,4.0,2.0,4.0,2.0,4,2,4,2,0,0,0,-0.16666666666666663,-0.16666666666666663,investigation,investigation,,unknown,0.5,0.5,4.0,2.0,4.0,2.0,4,2,4,2,-0.16666666666666663,-0.16666666666666663,investigation,investigation,native,0,0.0,0.5,0.5,0,0,0,0,0,0,0,0,0,0,0,0,0,0,0.000108,9e-06,2.8e-05,5172413.793103449
hermes_pilot_h5_008,9,8,update_status,S4,0.5,0.5,4.0,2.0,4.0,2.0,4,2,4,2,0,0,0,0.0,0.0,none,none,,unknown,0.5,0.5,4.0,2.0,4.0,2.0,4,2,4,2,0.0,0.0,none,none,native,0,0.0,0.5,0.5,0,0,0,0,0,0,0,0,0,0,0,0,0,0,0.000121,1.3e-05,4.1e-05,7317073.170731707
hermes_pilot_h5_008,12,9,add_subtask,S5,0.4,0.4,5.0,2.0,5.0,2.0,5,2,5,2,0,0,0,-0.09999999999999998,-0.09999999999999998,validation,validation,,unknown,0.4,0.4,5.0,2.0,5.0,2.0,5,2,5,2,-0.09999999999999998,-0.09999999999999998,validation,validation,native,0,0.0,0.3333333333333333,0.5,0,0,0,0,0,0,0,0,0,0,0,0,0,0,0.000129,8e-06,4.9e-05,7142857.142857143
hermes_pilot_h5_008,13,10,update_status,S5,0.4,0.4,5.0,2.0,5.0,2.0,5,2,5,2,0,0,0,0.0,0.0,none,none,,unknown,0.4,0.4,5.0,2.0,5.0,2.0,5,2,5,2,0.0,0.0,none,none,native,0,0.0,0.3333333333333333,0.5,0,0,0,0,0,0,0,0,0,0,0,0,0,0,0.000139,1e-05,5.9e-05,7500000.0
hermes_pilot_h5_008,14,11,add_subtask,S6,0.3333333333333333,0.3333333333333333,6.0,2.0,6.0,2.0,6,2,6,2,0,0,0,-0.06666666666666671,-0.06666666666666671,investigation,investigation,,unknown,0.3333333333333333,0.3333333333333333,6.0,2.0,6.0,2.0,6,2,6,2,-0.06666666666666671,-0.06666666666666671,investigation,investigation,native,0,0.0,0.3333333333333333,0.3333333333333333,0,0,0,0,0,0,0,0,0,0,0,0,0,0,0.000146,7e-06,6.6e-05,7894736.842105263
hermes_pilot_h5_008,15,12,update_status,S6,0.5,0.5,6.0,3.0,6.0,3.0,6,3,6,3,0,0,0,0.16666666666666669,0.16666666666666669,none,none,,unknown,0.5,0.5,6.0,3.0,6.0,3.0,6,3,6,3,0.16666666666666669,0.16666666666666669,none,none,native,0,0.0,0.3333333333333333,0.6666666666666666,0,0,0,0,0,0,0,0,0,0,0,0,0,0,0.000269,0.000123,0.0,2027027.027027027
hermes_pilot_h5_008,16,13,add_subtask,S7,0.42857142857142855,0.42857142857142855,7.0,3.0,7.0,3.0,7,3,7,3,0,0,0,-0.07142857142857145,-0.07142857142857145,validation,validation,,unknown,0.42857142857142855,0.42857142857142855,7.0,3.0,7.0,3.0,7,3,7,3,-0.07142857142857145,-0.07142857142857145,validation,validation,native,0,0.0,0.25,0.6666666666666666,0,0,0,0,0,0,0,0,0,0,0,0,0,0,0.000277,8e-06,8e-06,2027027.027027027
hermes_pilot_h5_008,17,14,update_status,S7,0.5714285714285714,0.5714285714285714,7.0,4.0,7.0,4.0,7,4,7,4,0,0,0,0.14285714285714285,0.14285714285714285,none,none,,unknown,0.5714285714285714,0.5714285714285714,7.0,4.0,7.0,4.0,7,4,7,4,0.14285714285714285,0.14285714285714285,none,none,native,0,0.0,0.5,0.6666666666666666,0,0,0,0,0,0,0,0,0,0,0,0,0,0,0.000292,1.5e-05,0.0,1960784.3137254901
hermes_pilot_h5_008,18,15,add_subtask,S8,0.5,0.5,8.0,4.0,8.0,4.0,8,4,8,4,0,0,0,-0.0714285714285714,-0.0714285714285714,investigation,investigation,,unknown,0.5,0.5,8.0,4.0,8.0,4.0,8,4,8,4,-0.0714285714285714,-0.0714285714285714,investigation,investigation,native,0,0.0,0.5,0.5,0,0,0,0,0,0,0,0,0,0,0,0,0,0,0.000299,7e-06,7e-06,1960784.3137254901
hermes_pilot_h5_008,29,16,update_status,S8,0.625,0.625,8.0,5.0,8.0,5.0,8,5,8,5,0,0,0,0.125,0.125,none,none,,unknown,0.625,0.625,8.0,5.0,8.0,5.0,8,5,8,5,0.125,0.125,none,none,native,0,0.0,0.5,0.75,0,0,0,0,0,0,0,0,0,0,0,0,0,0,0.000484,0.000185,0.0,1395348.8372093025
hermes_pilot_h5_008,30,17,add_subtask,S9,0.5555555555555556,0.5555555555555556,9.0,5.0,9.0,5.0,9,5,9,5,0,0,0,-0.06944444444444442,-0.06944444444444442,product,product,,unknown,0.5555555555555556,0.5555555555555556,9.0,5.0,9.0,5.0,9,5,9,5,-0.06944444444444442,-0.06944444444444442,product,product,native,0,0.0,0.5,0.75,0,0,0,0,0,0,0,0,0,0,0,0,0,0,0.000493,9e-06,9e-06,1388888.888888889
hermes_pilot_h5_008,32,18,update_status,S9,0.6666666666666666,0.6666666666666666,9.0,6.0,9.0,6.0,9,6,9,6,0,0,0,0.11111111111111105,0.11111111111111105,none,none,,unknown,0.6666666666666666,0.6666666666666666,9.0,6.0,9.0,6.0,9,6,9,6,0.11111111111111105,0.11111111111111105,none,none,native,0,1.0,0.5,0.75,0,0,0,0,0,0,0,0,0,0,0,0,0,0,0.000511,1.8e-05,0.0,1369863.01369863
hermes_pilot_h5_008,31,19,add_subtask,S10,0.6,0.6,10.0,6.0,10.0,6.0,10,6,10,6,0,0,0,-0.06666666666666665,-0.06666666666666665,investigation,investigation,,unknown,0.6,0.6,10.0,6.0,10.0,6.0,10,6,10,6,-0.06666666666666665,-0.06666666666666665,investigation,investigation,native,0,1.0,0.5,0.6,0,0,0,0,0,0,0,0,0,0,0,0,0,0,0.000518,7e-06,7e-06,1369863.01369863
hermes_pilot_h5_008,33,20,update_status,S10,0.6,0.6,10.0,6.0,10.0,6.0,10,6,10,6,0,0,0,0.0,0.0,none,none,,unknown,0.6,0.6,10.0,6.0,10.0,6.0,10,6,10,6,0.0,0.0,none,none,native,0,1.0,0.5,0.6,0,0,0,0,0,0,0,0,0,0,0,0,0,0,0.000531,1.3e-05,2e-05,6382978.723404256
hermes_pilot_h5_008,36,21,add_subtask,S11,0.6,0.5454545454545454,10.0,6.0,11.0,6.0,10,6,11,6,0,0,0,0.0,-0.054545454545454564,none,environment,,unknown,0.6,0.5454545454545454,10.0,6.0,11.0,6.0,10,6,11,6,0.0,-0.054545454545454564,none,environment,native,0,1.0,0.5,0.6,0,0,0,0,0,0,0,0,0,0,0,0,0,0,0.000538,7e-06,2.7e-05,6666666.666666666
hermes_pilot_h5_008,37,22,update_status,S11,0.6,0.6363636363636364,10.0,6.0,11.0,7.0,10,6,11,7,0,0,0,0.0,0.09090909090909094,none,none,,unknown,0.6,0.6363636363636364,10.0,6.0,11.0,7.0,10,6,11,7,0.0,0.09090909090909094,none,none,native,0,1.0,0.5,0.6,0,0,0,0,0,0,0,0,0,0,0,0,0,0,0.000552,1.4e-05,4.1e-05,7317073.170731707
hermes_pilot_h5_008,38,23,add_subtask,S12,0.5454545454545454,0.5833333333333334,11.0,6.0,12.0,7.0,11,6,12,7,0,0,0,-0.054545454545454564,-0.05303030303030298,validation,validation,,unknown,0.5454545454545454,0.5833333333333334,11.0,6.0,12.0,7.0,11,6,12,7,-0.054545454545454564,-0.05303030303030298,validation,validation,native,0,1.0,0.4,0.6,0,0,0,0,0,0,0,0,0,0,0,0,0,0,0.000558,6e-06,4.7e-05,7500000.0
hermes_pilot_h5_008,39,24,update_status,S12,0.5454545454545454,0.5833333333333334,11.0,6.0,12.0,7.0,11,6,12,7,0,0,0,0.0,0.0,none,none,,unknown,0.5454545454545454,0.5833333333333334,11.0,6.0,12.0,7.0,11,6,12,7,0.0,0.0,none,none,native,0,1.0,0.4,0.6,0,0,0,0,0,0,0,0,0,0,0,0,0,0,0.000572,1.4e-05,6.1e-05,7317073.170731707
hermes_pilot_h5_008,42,25,add_subtask,S13,0.5,0.5384615384615384,12.0,6.0,13.0,7.0,12,6,13,7,0,0,0,-0.045454545454545414,-0.044871794871794934,investigation,investigation,,unknown,0.5,0.5384615384615384,12.0,6.0,13.0,7.0,12,6,13,7,-0.045454545454545414,-0.044871794871794934,investigation,investigation,native,0,1.0,0.4,0.5,0,0,0,0,0,0,0,0,0,0,0,0,0,0,0.000579,7e-06,6.8e-05,7317073.170731707
hermes_pilot_h5_008,45,26,update_status,S13,0.5833333333333334,0.6153846153846154,12.0,7.0,13.0,8.0,12,7,13,8,0,0,0,0.08333333333333337,0.07692307692307698,none,none,,unknown,0.5833333333333334,0.6153846153846154,12.0,7.0,13.0,8.0,12,7,13,8,0.08333333333333337,0.07692307692307698,none,none,native,0,1.0,0.4,0.6666666666666666,0,0,0,0,0,0,0,0,0,0,0,0,0,0,0.000618,3.9e-05,0.0,4545454.545454545
hermes_pilot_h5_008,46,27,add_subtask,S14,0.5384615384615384,0.5714285714285714,13.0,7.0,14.0,8.0,13,7,14,8,0,0,0,-0.044871794871794934,-0.04395604395604402,validation,validation,,unknown,0.5384615384615384,0.5714285714285714,13.0,7.0,14.0,8.0,13,7,14,8,-0.044871794871794934,-0.04395604395604402,validation,validation,native,0,1.0,0.3333333333333333,0.6666666666666666,0,0,0,0,0,0,0,0,0,0,0,0,0,0,0.000625,7e-06,7e-06,4477611.940298508
hermes_pilot_h5_008,47,28,update_status,S14,0.5384615384615384,0.5714285714285714,13.0,7.0,14.0,8.0,13,7,14,8,0,0,0,0.0,0.0,none,none,,unknown,0.5384615384615384,0.5714285714285714,13.0,7.0,14.0,8.0,13,7,14,8,0.0,0.0,none,none,native,0,1.0,0.3333333333333333,0.6666666666666666,0,0,0,0,0,0,0,0,0,0,0,0,0,0,0.000702,7.7e-05,8.4e-05,2307692.307692308
hermes_pilot_h5_008,48,29,add_subtask,S15,0.5,0.5333333333333333,14.0,7.0,15.0,8.0,14,7,15,8,0,0,0,-0.038461538461538436,-0.03809523809523807,product,product,,unknown,0.5,0.5333333333333333,14.0,7.0,15.0,8.0,14,7,15,8,-0.038461538461538436,-0.03809523809523807,product,product,native,0,0.5,0.3333333333333333,0.6666666666666666,0,0,0,0,0,0,0,0,0,0,0,0,0,0,0.000709,7e-06,9.1e-05,2307692.307692308
hermes_pilot_h5_008,49,30,update_status,S15,0.5,0.5333333333333333,14.0,7.0,15.0,8.0,14,7,15,8,0,0,0,0.0,0.0,none,none,,unknown,0.5,0.5333333333333333,14.0,7.0,15.0,8.0,14,7,15,8,0.0,0.0,none,none,native,0,0.5,0.3333333333333333,0.6666666666666666,0,0,0,0,0,0,0,0,0,0,0,0,0,0,0.000724,1.5e-05,0.000106,2830188.679245283
hermes_pilot_h5_009,0,0,init,,0.0,0.0,0,0,0,0,0,0,0,0,0,0,0,0.0,0.0,none,none,,unknown,0.0,0.0,0,0,0,0,0,0,0,0,0.0,0.0,none,none,native,0,0.0,0.0,0.0,0,0,0,0,0,0,0,0,0,0,0,0,0,0,,,,
hermes_pilot_h5_009,2,1,add_subtask,S1,0.0,0.0,1.0,0,1.0,0,1,0,1,0,0,0,0,0.0,0.0,none,none,,unknown,0.0,0.0,1.0,0,1.0,0,1,0,1,0,0.0,0.0,none,none,native,0,0.0,0.0,0.0,0,0,0,0,0,0,0,0,0,0,0,0,0,0,0.0,0.0,0.0,
hermes_pilot_h5_009,5,2,update_status,S1,0.0,0.0,1.0,0,1.0,0,1,0,1,0,0,0,0,0.0,0.0,none,none,,unknown,0.0,0.0,1.0,0,1.0,0,1,0,1,0,0.0,0.0,none,none,native,0,0.0,0.0,0.0,0,0,0,0,0,0,0,0,0,0,0,0,0,0,5.9e-05,5.9e-05,5.9e-05,2033898.3050847456
hermes_pilot_h5_009,6,3,add_subtask,S2,0.0,0.0,1.0,0,2.0,0,1,0,2,0,0,0,0,0.0,0.0,none,none,,unknown,0.0,0.0,1.0,0,2.0,0,1,0,2,0,0.0,0.0,none,none,native,0,0.0,0.0,0.0,0,0,0,0,0,0,0,0,0,0,0,0,0,0,7.1e-05,1.2e-05,7.1e-05,2535211.267605634
hermes_pilot_h5_009,8,4,update_status,S2,0.0,0.5,1.0,0,2.0,1.0,1,0,2,1,0,0,0,0.0,0.5,none,none,,unknown,0.0,0.5,1.0,0,2.0,1.0,1,0,2,1,0.0,0.5,none,none,native,0,0.0,0.0,0.0,0,0,0,0,0,0,0,0,0,0,0,0,0,0,9.1e-05,2e-05,9.1e-05,2637362.6373626376
hermes_pilot_h5_009,7,5,add_subtask,S3,0.0,0.3333333333333333,2.0,0,3.0,1.0,2,0,3,1,0,0,0,0.0,-0.16666666666666669,none,investigation,,unknown,0.0,0.3333333333333333,2.0,0,3.0,1.0,2,0,3,1,0.0,-0.16666666666666669,none,investigation,native,0,0.0,0.0,0.0,0,0,0,0,0,0,0,0,0,0,0,0,0,0,9.9e-05,8e-06,9.9e-05,3030303.0303030307
hermes_pilot_h5_009,9,6,update_status,S3,0.5,0.6666666666666666,2.0,1.0,3.0,2.0,2,1,3,2,0,0,0,0.5,0.3333333333333333,none,none,,unknown,0.5,0.6666666666666666,2.0,1.0,3.0,2.0,2,1,3,2,0.5,0.3333333333333333,none,none,native,0,0.0,0.0,0.5,0,0,0,0,0,0,0,0,0,0,0,0,0,0,0.000113,1.4e-05,0.0,5555555.555555556
hermes_pilot_h5_009,10,7,add_subtask,S4,0.3333333333333333,0.5,3.0,1.0,4.0,2.0,3,1,4,2,0,0,0,-0.16666666666666669,-0.16666666666666663,product,product,,unknown,0.3333333333333333,0.5,3.0,1.0,4.0,2.0,3,1,4,2,-0.16666666666666669,-0.16666666666666663,product,product,native,0,0.0,0.0,0.5,0,0,0,0,0,0,0,0,0,0,0,0,0,0,0.00012,7e-06,7e-06,6122448.979591837
hermes_pilot_h5_009,11,8,update_status,S4,0.6666666666666666,0.75,3.0,2.0,4.0,3.0,3,2,4,3,0,0,0,0.3333333333333333,0.25,none,none,,unknown,0.6666666666666666,0.75,3.0,2.0,4.0,3.0,3,2,4,3,0.3333333333333333,0.25,none,none,native,0,1.0,0.0,0.5,0,0,0,0,0,0,0,0,0,0,0,0,0,0,0.000132,1.2e-05,0.0,7317073.170731707
hermes_pilot_h5_009,12,9,add_subtask,S5,0.5,0.6,4.0,2.0,5.0,3.0,4,2,5,3,0,0,0,-0.16666666666666663,-0.15000000000000002,investigation,investigation,,unknown,0.5,0.6,4.0,2.0,5.0,3.0,4,2,5,3,-0.16666666666666663,-0.15000000000000002,investigation,investigation,native,0,1.0,0.0,0.3333333333333333,0,0,0,0,0,0,0,0,0,0,0,0,0,0,0.000139,7e-06,7e-06,7500000.0
hermes_pilot_h5_009,13,10,update_status,S5,0.75,0.8,4.0,3.0,5.0,4.0,4,3,5,4,0,0,0,0.25,0.20000000000000007,none,none,,unknown,0.75,0.8,4.0,3.0,5.0,4.0,4,3,5,4,0.25,0.20000000000000007,none,none,native,0,1.0,0.0,0.6666666666666666,0,0,0,0,0,0,0,0,0,0,0,0,0,0,0.000153,1.4e-05,0.0,7500000.0
hermes_pilot_h5_009,14,11,add_subtask,S6,0.6,0.6666666666666666,5.0,3.0,6.0,4.0,5,3,6,4,0,0,0,-0.15000000000000002,-0.13333333333333341,product,product,,unknown,0.6,0.6666666666666666,5.0,3.0,6.0,4.0,5,3,6,4,-0.15000000000000002,-0.13333333333333341,product,product,native,0,0.5,0.0,0.6666666666666666,0,0,0,0,0,0,0,0,0,0,0,0,0,0,0.00016,7e-06,7e-06,7500000.0
hermes_pilot_h5_009,17,12,update_status,S6,0.8,0.8333333333333334,5.0,4.0,6.0,5.0,5,4,6,5,0,0,0,0.20000000000000007,0.16666666666666674,none,none,,unknown,0.8,0.8333333333333334,5.0,4.0,6.0,5.0,5,4,6,5,0.20000000000000007,0.16666666666666674,none,none,native,0,1.0,0.0,0.6666666666666666,0,0,0,0,0,0,0,0,0,0,0,0,0,0,0.00018,2e-05,0.0,6249999.999999999
hermes_pilot_h5_009,18,13,add_subtask,S7,0.6666666666666666,0.7142857142857143,6.0,4.0,7.0,5.0,6,4,7,5,0,0,0,-0.13333333333333341,-0.11904761904761907,validation,validation,,unknown,0.6666666666666666,0.7142857142857143,6.0,4.0,7.0,5.0,6,4,7,5,-0.13333333333333341,-0.11904761904761907,validation,validation,native,0,1.0,0.0,0.6666666666666666,0,0,0,0,0,0,0,0,0,0,0,0,0,0,0.000187,7e-06,7e-06,6249999.999999999
hermes_pilot_h5_009,21,14,update_status,S7,0.8333333333333334,0.8571428571428571,6.0,5.0,7.0,6.0,6,5,7,6,0,0,0,0.16666666666666674,0.1428571428571428,none,none,,unknown,0.8333333333333334,0.8571428571428571,6.0,5.0,7.0,6.0,6,5,7,6,0.16666666666666674,0.1428571428571428,none,none,native,0,1.0,1.0,0.6666666666666666,0,0,0,0,0,0,0,0,0,0,0,0,0,0,0.000218,3.1e-05,0.0,4615384.615384616
hermes_pilot_h5_010,0,0,init,,0.0,0.0,0,0,0,0,0,0,0,0,0,0,0,0.0,0.0,none,none,,unknown,0.0,0.0,0,0,0,0,0,0,0,0,0.0,0.0,none,none,native,0,0.0,0.0,0.0,0,0,0,0,0,0,0,0,0,0,0,0,0,0,,,,
hermes_pilot_h5_010,2,1,add_subtask,S1,0.0,0.0,1.0,0,1.0,0,1,0,1,0,0,0,0,0.0,0.0,none,none,,unknown,0.0,0.0,1.0,0,1.0,0,1,0,1,0,0.0,0.0,none,none,native,0,0.0,0.0,0.0,0,0,0,0,0,0,0,0,0,0,0,0,0,0,0.0,0.0,0.0,
hermes_pilot_h5_010,3,2,update_status,S1,1.0,1.0,1.0,1.0,1.0,1.0,1,1,1,1,0,0,0,1.0,1.0,none,none,,unknown,1.0,1.0,1.0,1.0,1.0,1.0,1,1,1,1,1.0,1.0,none,none,native,0,1.0,0.0,0.0,0,0,0,0,0,0,0,0,0,0,0,0,0,0,7.6e-05,7.6e-05,0.0,1578947.3684210526
hermes_pilot_h5_010,4,3,add_subtask,S2,0.5,0.5,2.0,1.0,2.0,1.0,2,1,2,1,0,0,0,-0.5,-0.5,validation,validation,,unknown,0.5,0.5,2.0,1.0,2.0,1.0,2,1,2,1,-0.5,-0.5,validation,validation,native,0,1.0,0.0,0.0,0,0,0,0,0,0,0,0,0,0,0,0,0,0,8.7e-05,1.1e-05,1.1e-05,2068965.5172413792
hermes_pilot_h5_010,5,4,update_status,S2,0.5,0.5,2.0,1.0,2.0,1.0,2,1,2,1,0,0,0,0.0,0.0,none,none,,unknown,0.5,0.5,2.0,1.0,2.0,1.0,2,1,2,1,0.0,0.0,none,none,native,0,1.0,0.0,0.0,0,0,0,0,0,0,0,0,0,0,0,0,0,0,0.000103,1.6e-05,2.7e-05,2330097.0873786407
hermes_pilot_h5_010,6,5,add_subtask,S3,0.3333333333333333,0.3333333333333333,3.0,1.0,3.0,1.0,3,1,3,1,0,0,0,-0.16666666666666669,-0.16666666666666669,product,product,,unknown,0.3333333333333333,0.3333333333333333,3.0,1.0,3.0,1.0,3,1,3,1,-0.16666666666666669,-0.16666666666666669,product,product,native,0,0.5,0.0,0.0,0,0,0,0,0,0,0,0,0,0,0,0,0,0,0.000117,1.4e-05,4.1e-05,2564102.564102564
hermes_pilot_h5_010,7,6,update_status,S3,0.6666666666666666,0.6666666666666666,3.0,2.0,3.0,2.0,3,2,3,2,0,0,0,0.3333333333333333,0.3333333333333333,none,none,,unknown,0.6666666666666666,0.6666666666666666,3.0,2.0,3.0,2.0,3,2,3,2,0.3333333333333333,0.3333333333333333,none,none,native,0,1.0,0.0,0.0,0,0,0,0,0,0,0,0,0,0,0,0,0,0,0.00015,3.3e-05,0.0,4054054.054054054
hermes_pilot_h5_010,8,7,add_subtask,S4,0.5,0.5,4.0,2.0,4.0,2.0,4,2,4,2,0,0,0,-0.16666666666666663,-0.16666666666666663,investigation,investigation,,unknown,0.5,0.5,4.0,2.0,4.0,2.0,4,2,4,2,-0.16666666666666663,-0.16666666666666663,investigation,investigation,native,0,1.0,0.0,0.0,0,0,0,0,0,0,0,0,0,0,0,0,0,0,0.000157,7e-06,7e-06,4285714.285714286
hermes_pilot_h5_010,9,8,update_status,S4,0.75,0.75,4.0,3.0,4.0,3.0,4,3,4,3,0,0,0,0.25,0.25,none,none,,unknown,0.75,0.75,4.0,3.0,4.0,3.0,4,3,4,3,0.25,0.25,none,none,native,0,1.0,0.0,1.0,0,0,0,0,0,0,0,0,0,0,0,0,0,0,0.000233,7.6e-05,0.0,2307692.307692308
hermes_pilot_h5_010,10,9,add_subtask,S5,0.6,0.6,5.0,3.0,5.0,3.0,5,3,5,3,0,0,0,-0.15000000000000002,-0.15000000000000002,product,product,,unknown,0.6,0.6,5.0,3.0,5.0,3.0,5,3,5,3,-0.15000000000000002,-0.15000000000000002,product,product,native,0,0.6666666666666666,0.0,1.0,0,0,0,0,0,0,0,0,0,0,0,0,0,0,0.000266,3.3e-05,3.3e-05,2013422.8187919466
hermes_pilot_h5_010,11,10,update_status,S5,0.8,0.8,5.0,4.0,5.0,4.0,5,4,5,4,0,0,0,0.20000000000000007,0.20000000000000007,none,none,,unknown,0.8,0.8,5.0,4.0,5.0,4.0,5,4,5,4,0.20000000000000007,0.20000000000000007,none,none,native,0,1.0,0.0,1.0,0,0,0,0,0,0,0,0,0,0,0,0,0,0,0.000305,3.9e-05,0.0,1935483.870967742
hermes_pilot_h5_010,12,11,add_subtask,S6,0.6666666666666666,0.6666666666666666,6.0,4.0,6.0,4.0,6,4,6,4,0,0,0,-0.13333333333333341,-0.13333333333333341,validation,validation,,unknown,0.6666666666666666,0.6666666666666666,6.0,4.0,6.0,4.0,6,4,6,4,-0.13333333333333341,-0.13333333333333341,validation,validation,native,0,1.0,0.0,1.0,0,0,0,0,0,0,0,0,0,0,0,0,0,0,0.000312,7e-06,7e-06,1935483.870967742
hermes_pilot_h5_010,13,12,update_status,S6,0.8333333333333334,0.8333333333333334,6.0,5.0,6.0,5.0,6,5,6,5,0,0,0,0.16666666666666674,0.16666666666666674,none,none,,unknown,0.8333333333333334,0.8333333333333334,6.0,5.0,6.0,5.0,6,5,6,5,0.16666666666666674,0.16666666666666674,none,none,native,0,1.0,0.5,1.0,0,0,0,0,0,0,0,0,0,0,0,0,0,0,0.000329,1.7e-05,0.0,3124999.9999999995
hermes_pilot_h5_010,14,13,add_subtask,S7,0.8333333333333334,0.7142857142857143,6.0,5.0,7.0,5.0,6,5,7,5,0,0,0,0.0,-0.11904761904761907,none,artifact,,unknown,0.8333333333333334,0.7142857142857143,6.0,5.0,7.0,5.0,6,5,7,5,0.0,-0.11904761904761907,none,artifact,native,0,1.0,0.5,1.0,0,0,0,0,0,0,0,0,0,0,0,0,0,0,0.000359,3e-05,3e-05,3225806.4516129033
hermes_pilot_h5_010,15,14,update_status,S7,0.8333333333333334,0.7142857142857143,6.0,5.0,7.0,5.0,6,5,7,5,0,0,0,0.0,0.0,none,none,,unknown,0.8333333333333334,0.7142857142857143,6.0,5.0,7.0,5.0,6,5,7,5,0.0,0.0,none,none,native,0,1.0,0.5,1.0,0,0,0,0,0,0,0,0,0,0,0,0,0,0,0.000394,3.5e-05,6.5e-05,3370786.5168539328
hermes_pilot_h5_011,0,0,init,,0.0,0.0,0,0,0,0,0,0,0,0,0,0,0,0.0,0.0,none,none,,unknown,0.0,0.0,0,0,0,0,0,0,0,0,0.0,0.0,none,none,native,0,0.0,0.0,0.0,0,0,0,0,0,0,0,0,0,0,0,0,0,0,,,,
hermes_pilot_h5_011,2,1,add_subtask,S1,0.0,0.0,1.0,0,1.0,0,1,0,1,0,0,0,0,0.0,0.0,none,none,,unknown,0.0,0.0,1.0,0,1.0,0,1,0,1,0,0.0,0.0,none,none,native,0,0.0,0.0,0.0,0,0,0,0,0,0,0,0,0,0,0,0,0,0,0.0,0.0,0.0,
hermes_pilot_h5_011,13,2,update_status,S1,1.0,1.0,1.0,1.0,1.0,1.0,1,1,1,1,0,0,0,1.0,1.0,none,none,,unknown,1.0,1.0,1.0,1.0,1.0,1.0,1,1,1,1,1.0,1.0,none,none,native,0,1.0,0.0,0.0,0,0,0,0,0,0,0,0,0,0,0,0,0,0,0.000143,0.000143,0.0,839160.8391608391
hermes_pilot_h5_011,14,3,add_subtask,S2,0.5,0.5,2.0,1.0,2.0,1.0,2,1,2,1,0,0,0,-0.5,-0.5,investigation,investigation,,unknown,0.5,0.5,2.0,1.0,2.0,1.0,2,1,2,1,-0.5,-0.5,investigation,investigation,native,0,1.0,0.0,0.0,0,0,0,0,0,0,0,0,0,0,0,0,0,0,0.000154,1.1e-05,1.1e-05,1168831.168831169
hermes_pilot_h5_011,17,4,update_status,S2,1.0,1.0,2.0,2.0,2.0,2.0,2,2,2,2,0,0,0,0.5,0.5,none,none,,unknown,1.0,1.0,2.0,2.0,2.0,2.0,2,2,2,2,0.5,0.5,none,none,native,0,1.0,0.0,1.0,0,0,0,0,0,0,0,0,0,0,0,0,0,0,0.000185,3.1e-05,0.0,1297297.2972972973
hermes_pilot_h5_012,0,0,init,,0.0,0.0,0,0,0,0,0,0,0,0,0,0,0,0.0,0.0,none,none,,unknown,0.0,0.0,0,0,0,0,0,0,0,0,0.0,0.0,none,none,native,0,0.0,0.0,0.0,0,0,0,0,0,0,0,0,0,0,0,0,0,0,,,,
hermes_pilot_h5_012,2,1,add_subtask,S1,0.0,0.0,1.0,0,1.0,0,1,0,1,0,0,0,0,0.0,0.0,none,none,,unknown,0.0,0.0,1.0,0,1.0,0,1,0,1,0,0.0,0.0,none,none,native,0,0.0,0.0,0.0,0,0,0,0,0,0,0,0,0,0,0,0,0,0,0.0,0.0,0.0,
hermes_pilot_h5_012,9,2,update_status,S1,1.0,1.0,1.0,1.0,1.0,1.0,1,1,1,1,0,0,0,1.0,1.0,none,none,,unknown,1.0,1.0,1.0,1.0,1.0,1.0,1,1,1,1,1.0,1.0,none,none,native,0,0.0,0.0,1.0,0,0,0,0,0,0,0,0,0,0,0,0,0,0,0.000324,0.000324,0.0,370370.3703703704
hermes_pilot_h5_012,10,3,add_subtask,S2,0.5,0.5,2.0,1.0,2.0,1.0,2,1,2,1,0,0,0,-0.5,-0.5,validation,validation,,unknown,0.5,0.5,2.0,1.0,2.0,1.0,2,1,2,1,-0.5,-0.5,validation,validation,native,0,0.0,0.0,1.0,0,0,0,0,0,0,0,0,0,0,0,0,0,0,0.000335,1.1e-05,1.1e-05,537313.4328358208
hermes_pilot_h5_012,11,4,update_status,S2,1.0,1.0,2.0,2.0,2.0,2.0,2,2,2,2,0,0,0,0.5,0.5,none,none,,unknown,1.0,1.0,2.0,2.0,2.0,2.0,2,2,2,2,0.5,0.5,none,none,native,0,0.0,1.0,1.0,0,0,0,0,0,0,0,0,0,0,0,0,0,0,0.000454,0.000119,0.0,528634.3612334802
hermes_pilot_h5_012,12,5,add_subtask,S3,0.6666666666666666,0.6666666666666666,3.0,2.0,3.0,2.0,3,2,3,2,0,0,0,-0.33333333333333337,-0.33333333333333337,investigation,investigation,,unknown,0.6666666666666666,0.6666666666666666,3.0,2.0,3.0,2.0,3,2,3,2,-0.33333333333333337,-0.33333333333333337,investigation,investigation,native,0,0.0,1.0,0.5,0,0,0,0,0,0,0,0,0,0,0,0,0,0,0.000462,8e-06,8e-06,649350.6493506493
hermes_pilot_h5_012,21,6,update_status,S3,0.6666666666666666,0.6666666666666666,3.0,2.0,3.0,2.0,3,2,3,2,0,0,0,0.0,0.0,none,none,,unknown,0.6666666666666666,0.6666666666666666,3.0,2.0,3.0,2.0,3,2,3,2,0.0,0.0,none,none,native,0,0.0,1.0,0.5,0,0,0,0,0,0,0,0,0,0,0,0,0,0,0.000762,0.0003,0.000308,684931.506849315
hermes_pilot_h5_012,22,7,add_subtask,S4,0.5,0.5,4.0,2.0,4.0,2.0,4,2,4,2,0,0,0,-0.16666666666666663,-0.16666666666666663,validation,validation,,unknown,0.5,0.5,4.0,2.0,4.0,2.0,4,2,4,2,-0.16666666666666663,-0.16666666666666663,validation,validation,native,0,0.0,0.5,0.5,0,0,0,0,0,0,0,0,0,0,0,0,0,0,0.000769,7e-06,0.000315,691244.2396313364
hermes_pilot_h5_012,23,8,update_status,S4,0.75,0.75,4.0,3.0,4.0,3.0,4,3,4,3,0,0,0,0.25,0.25,none,none,,unknown,0.75,0.75,4.0,3.0,4.0,3.0,4,3,4,3,0.25,0.25,none,none,native,0,0.0,1.0,0.5,0,0,0,0,0,0,0,0,0,0,0,0,0,0,0.000879,0.00011,0.0,705882.3529411765
hermes_pilot_h5_012,24,9,add_subtask,S5,0.6,0.6,5.0,3.0,5.0,3.0,5,3,5,3,0,0,0,-0.15000000000000002,-0.15000000000000002,investigation,investigation,,unknown,0.6,0.6,5.0,3.0,5.0,3.0,5,3,5,3,-0.15000000000000002,-0.15000000000000002,investigation,investigation,native,0,0.0,1.0,0.3333333333333333,0,0,0,0,0,0,0,0,0,0,0,0,0,0,0.000886,7e-06,7e-06,707547.1698113207
hermes_pilot_h5_012,25,10,update_status,S5,0.8,0.8,5.0,4.0,5.0,4.0,5,4,5,4,0,0,0,0.20000000000000007,0.20000000000000007,none,none,,unknown,0.8,0.8,5.0,4.0,5.0,4.0,5,4,5,4,0.20000000000000007,0.20000000000000007,none,none,native,0,0.0,1.0,0.6666666666666666,0,0,0,0,0,0,0,0,0,0,0,0,0,0,0.001001,0.000115,0.0,1255230.1255230124
hermes_pilot_h5_013,0,0,init,,0.0,0.0,0,0,0,0,0,0,0,0,0,0,0,0.0,0.0,none,none,,unknown,0.0,0.0,0,0,0,0,0,0,0,0,0.0,0.0,none,none,native,0,0.0,0.0,0.0,0,0,0,0,0,0,0,0,0,0,0,0,0,0,,,,
hermes_pilot_h5_013,2,1,add_subtask,S1,0.0,0.0,1.0,0,1.0,0,1,0,1,0,0,0,0,0.0,0.0,none,none,,unknown,0.0,0.0,1.0,0,1.0,0,1,0,1,0,0.0,0.0,none,none,native,0,0.0,0.0,0.0,0,0,0,0,0,0,0,0,0,0,0,0,0,0,0.0,0.0,0.0,
hermes_pilot_h5_013,7,2,update_status,S1,1.0,1.0,1.0,1.0,1.0,1.0,1,1,1,1,0,0,0,1.0,1.0,none,none,,unknown,1.0,1.0,1.0,1.0,1.0,1.0,1,1,1,1,1.0,1.0,none,none,native,0,0.0,1.0,0.0,0,0,0,0,0,0,0,0,0,0,0,0,0,0,0.0002,0.0002,0.0,600000.0
hermes_pilot_h5_013,8,3,add_subtask,S2,0.5,0.5,2.0,1.0,2.0,1.0,2,1,2,1,0,0,0,-0.5,-0.5,investigation,investigation,,unknown,0.5,0.5,2.0,1.0,2.0,1.0,2,1,2,1,-0.5,-0.5,investigation,investigation,native,0,0.0,1.0,0.0,0,0,0,0,0,0,0,0,0,0,0,0,0,0,0.000211,1.1e-05,1.1e-05,853080.5687203791
hermes_pilot_h5_013,11,4,update_status,S2,0.5,0.5,2.0,1.0,2.0,1.0,2,1,2,1,0,0,0,0.0,0.0,none,none,,unknown,0.5,0.5,2.0,1.0,2.0,1.0,2,1,2,1,0.0,0.0,none,none,native,0,0.0,1.0,0.0,0,0,0,0,0,0,0,0,0,0,0,0,0,0,0.000308,9.7e-05,0.000108,779220.7792207793
hermes_pilot_h5_013,12,5,add_subtask,S3,0.3333333333333333,0.3333333333333333,3.0,1.0,3.0,1.0,3,1,3,1,0,0,0,-0.16666666666666669,-0.16666666666666669,validation,validation,,unknown,0.3333333333333333,0.3333333333333333,3.0,1.0,3.0,1.0,3,1,3,1,-0.16666666666666669,-0.16666666666666669,validation,validation,native,0,0.0,0.5,0.0,0,0,0,0,0,0,0,0,0,0,0,0,0,0,0.000316,8e-06,0.000116,949367.088607595
hermes_pilot_h5_013,17,6,update_status,S3,0.3333333333333333,0.3333333333333333,3.0,1.0,3.0,1.0,3,1,3,1,0,0,0,0.0,0.0,none,none,,unknown,0.3333333333333333,0.3333333333333333,3.0,1.0,3.0,1.0,3,1,3,1,0.0,0.0,none,none,native,0,0.0,0.5,0.0,0,0,0,0,0,0,0,0,0,0,0,0,0,0,0.000347,3.1e-05,0.000147,2040816.3265306123
hermes_pilot_h5_013,22,7,add_subtask,S4,0.25,0.25,4.0,1.0,4.0,1.0,4,1,4,1,0,0,0,-0.08333333333333331,-0.08333333333333331,product,product,,unknown,0.25,0.25,4.0,1.0,4.0,1.0,4,1,4,1,-0.08333333333333331,-0.08333333333333331,product,product,native,0,0.0,0.5,0.0,0,0,0,0,0,0,0,0,0,0,0,0,0,0,0.000354,7e-06,0.000154,2097902.0979020977
hermes_pilot_h5_013,29,8,update_status,S4,0.5,0.5,4.0,2.0,4.0,2.0,4,2,4,2,0,0,0,0.25,0.25,none,none,,unknown,0.5,0.5,4.0,2.0,4.0,2.0,4,2,4,2,0.25,0.25,none,none,native,0,1.0,0.5,0.0,0,0,0,0,0,0,0,0,0,0,0,0,0,0,0.000417,6.3e-05,0.0,2752293.5779816513
hermes_pilot_h5_013,30,9,add_subtask,S5,0.4,0.4,5.0,2.0,5.0,2.0,5,2,5,2,0,0,0,-0.09999999999999998,-0.09999999999999998,investigation,investigation,,unknown,0.4,0.4,5.0,2.0,5.0,2.0,5,2,5,2,-0.09999999999999998,-0.09999999999999998,investigation,investigation,native,0,1.0,0.5,0.0,0,0,0,0,0,0,0,0,0,0,0,0,0,0,0.000425,8e-06,8e-06,2752293.5779816513
hermes_pilot_h5_013,32,10,update_status,S5,0.4,0.4,5.0,2.0,5.0,2.0,5,2,5,2,0,0,0,0.0,0.0,none,none,,unknown,0.4,0.4,5.0,2.0,5.0,2.0,5,2,5,2,0.0,0.0,none,none,native,0,1.0,0.5,0.0,0,0,0,0,0,0,0,0,0,0,0,0,0,0,0.000438,1.3e-05,2.1e-05,3296703.2967032967
hermes_pilot_h5_013,34,11,add_subtask,S6,0.3333333333333333,0.3333333333333333,6.0,2.0,6.0,2.0,6,2,6,2,0,0,0,-0.06666666666666671,-0.06666666666666671,validation,validation,,unknown,0.3333333333333333,0.3333333333333333,6.0,2.0,6.0,2.0,6,2,6,2,-0.06666666666666671,-0.06666666666666671,validation,validation,native,0,1.0,0.3333333333333333,0.0,0,0,0,0,0,0,0,0,0,0,0,0,0,0,0.000445,7e-06,2.8e-05,3296703.2967032967
hermes_pilot_h5_013,35,12,update_status,S6,0.5,0.5,6.0,3.0,6.0,3.0,6,3,6,3,0,0,0,0.16666666666666669,0.16666666666666669,none,none,,unknown,0.5,0.5,6.0,3.0,6.0,3.0,6,3,6,3,0.16666666666666669,0.16666666666666669,none,none,native,0,1.0,0.6666666666666666,0.0,0,0,0,0,0,0,0,0,0,0,0,0,0,0,0.000462,1.7e-05,0.0,6666666.666666666
hermes_pilot_h5_013,36,13,add_subtask,S7,0.42857142857142855,0.42857142857142855,7.0,3.0,7.0,3.0,7,3,7,3,0,0,0,-0.07142857142857145,-0.07142857142857145,product,product,,unknown,0.42857142857142855,0.42857142857142855,7.0,3.0,7.0,3.0,7,3,7,3,-0.07142857142857145,-0.07142857142857145,product,product,native,0,0.5,0.6666666666666666,0.0,0,0,0,0,0,0,0,0,0,0,0,0,0,0,0.000468,6e-06,6e-06,6976744.186046512
hermes_pilot_h5_013,37,14,update_status,S7,0.5714285714285714,0.5714285714285714,7.0,4.0,7.0,4.0,7,4,7,4,0,0,0,0.14285714285714285,0.14285714285714285,none,none,,unknown,0.5714285714285714,0.5714285714285714,7.0,4.0,7.0,4.0,7,4,7,4,0.14285714285714285,0.14285714285714285,none,none,native,0,1.0,0.6666666666666666,0.0,0,0,0,0,0,0,0,0,0,0,0,0,0,0,0.000493,2.5e-05,0.0,5454545.454545454
hermes_pilot_h5_013,38,15,add_subtask,S8,0.5,0.5,8.0,4.0,8.0,4.0,8,4,8,4,0,0,0,-0.0714285714285714,-0.0714285714285714,investigation,investigation,,unknown,0.5,0.5,8.0,4.0,8.0,4.0,8,4,8,4,-0.0714285714285714,-0.0714285714285714,investigation,investigation,native,0,1.0,0.6666666666666666,0.0,0,0,0,0,0,0,0,0,0,0,0,0,0,0,0.0005,7e-06,7e-06,5454545.454545454
hermes_pilot_h5_013,41,16,update_status,S8,0.625,0.625,8.0,5.0,8.0,5.0,8,5,8,5,0,0,0,0.125,0.125,none,none,,unknown,0.625,0.625,8.0,5.0,8.0,5.0,8,5,8,5,0.125,0.125,none,none,native,0,1.0,0.6666666666666666,0.3333333333333333,0,0,0,0,0,0,0,0,0,0,0,0,0,0,0.000625,0.000125,0.0,1840490.797546012
hermes_pilot_h5_013,42,17,add_subtask,S9,0.625,0.5555555555555556,8.0,5.0,9.0,5.0,8,5,9,5,0,0,0,0.0,-0.06944444444444442,none,environment,,unknown,0.625,0.5555555555555556,8.0,5.0,9.0,5.0,8,5,9,5,0.0,-0.06944444444444442,none,environment,native,0,1.0,0.6666666666666666,0.3333333333333333,0,0,0,0,0,0,0,0,0,0,0,0,0,0,0.000631,6e-06,6e-06,1840490.797546012
hermes_pilot_h5_013,43,18,update_status,S9,0.625,0.6666666666666666,8.0,5.0,9.0,6.0,8,5,9,6,0,0,0,0.0,0.11111111111111105,none,none,,unknown,0.625,0.6666666666666666,8.0,5.0,9.0,6.0,8,5,9,6,0.0,0.11111111111111105,none,none,native,0,1.0,0.6666666666666666,0.3333333333333333,0,0,0,0,0,0,0,0,0,0,0,0,0,0,0.000685,5.4e-05,6e-05,1562499.9999999998
hermes_pilot_h5_013,44,19,add_subtask,S10,0.5555555555555556,0.6,9.0,5.0,10.0,6.0,9,5,10,6,0,0,0,-0.06944444444444442,-0.06666666666666665,product,product,,unknown,0.5555555555555556,0.6,9.0,5.0,10.0,6.0,9,5,10,6,-0.06944444444444442,-0.06666666666666665,product,product,native,0,0.6666666666666666,0.6666666666666666,0.3333333333333333,0,0,0,0,0,0,0,0,0,0,0,0,0,0,0.000693,8e-06,6.8e-05,1554404.1450777203
hermes_pilot_h5_013,51,20,update_status,S10,0.6666666666666666,0.7,9.0,6.0,10.0,7.0,9,6,10,7,0,0,0,0.11111111111111105,0.09999999999999998,none,none,,unknown,0.6666666666666666,0.7,9.0,6.0,10.0,7.0,9,6,10,7,0.11111111111111105,0.09999999999999998,none,none,native,0,1.0,0.6666666666666666,0.3333333333333333,0,0,0,0,0,0,0,0,0,0,0,0,0,0,0.000744,5.1e-05,0.0,2521008.4033613442
hermes_pilot_h5_013,52,21,add_subtask,S11,0.6,0.6363636363636364,10.0,6.0,11.0,7.0,10,6,11,7,0,0,0,-0.06666666666666665,-0.0636363636363636,validation,validation,,unknown,0.6,0.6363636363636364,10.0,6.0,11.0,7.0,10,6,11,7,-0.06666666666666665,-0.0636363636363636,validation,validation,native,0,1.0,0.5,0.3333333333333333,0,0,0,0,0,0,0,0,0,0,0,0,0,0,0.000751,7e-06,7e-06,2500000.0
hermes_pilot_h5_013,53,22,update_status,S11,0.6,0.6363636363636364,10.0,6.0,11.0,7.0,10,6,11,7,0,0,0,0.0,0.0,none,none,,unknown,0.6,0.6363636363636364,10.0,6.0,11.0,7.0,10,6,11,7,0.0,0.0,none,none,native,0,1.0,0.5,0.3333333333333333,0,0,0,0,0,0,0,0,0,0,0,0,0,0,0.000765,1.4e-05,2.1e-05,3750000.0
hermes_pilot_h5_013,54,23,add_subtask,S12,0.5454545454545454,0.5833333333333334,11.0,6.0,12.0,7.0,11,6,12,7,0,0,0,-0.054545454545454564,-0.05303030303030298,investigation,investigation,,unknown,0.5454545454545454,0.5833333333333334,11.0,6.0,12.0,7.0,11,6,12,7,-0.054545454545454564,-0.05303030303030298,investigation,investigation,native,0,1.0,0.5,0.25,0,0,0,0,0,0,0,0,0,0,0,0,0,0,0.000773,8e-06,2.9e-05,3750000.0
hermes_pilot_h5_013,57,24,update_status,S12,0.5454545454545454,0.5833333333333334,11.0,6.0,12.0,7.0,11,6,12,7,0,0,0,0.0,0.0,none,none,,unknown,0.5454545454545454,0.5833333333333334,11.0,6.0,12.0,7.0,11,6,12,7,0.0,0.0,none,none,native,0,1.0,0.5,0.25,0,0,0,0,0,0,0,0,0,0,0,0,0,0,0.000805,3.2e-05,6.1e-05,4918032.786885246
hermes_pilot_h5_014,0,0,init,,0.0,0.0,0,0,0,0,0,0,0,0,0,0,0,0.0,0.0,none,none,,unknown,0.0,0.0,0,0,0,0,0,0,0,0,0.0,0.0,none,none,native,0,0.0,0.0,0.0,0,0,0,0,0,0,0,0,0,0,0,0,0,0,,,,
hermes_pilot_h5_014,2,1,add_subtask,S1,0.0,0.0,1.0,0,1.0,0,1,0,1,0,0,0,0,0.0,0.0,none,none,,unknown,0.0,0.0,1.0,0,1.0,0,1,0,1,0,0.0,0.0,none,none,native,0,0.0,0.0,0.0,0,0,0,0,0,0,0,0,0,0,0,0,0,0,0.0,0.0,0.0,
hermes_pilot_h5_014,3,2,update_status,S1,1.0,1.0,1.0,1.0,1.0,1.0,1,1,1,1,0,0,0,1.0,1.0,none,none,,unknown,1.0,1.0,1.0,1.0,1.0,1.0,1,1,1,1,1.0,1.0,none,none,native,0,1.0,0.0,0.0,0,0,0,0,0,0,0,0,0,0,0,0,0,0,7.7e-05,7.7e-05,0.0,1558441.5584415586
hermes_pilot_h5_014,4,3,add_subtask,S2,0.5,0.5,2.0,1.0,2.0,1.0,2,1,2,1,0,0,0,-0.5,-0.5,validation,validation,,unknown,0.5,0.5,2.0,1.0,2.0,1.0,2,1,2,1,-0.5,-0.5,validation,validation,native,0,1.0,0.0,0.0,0,0,0,0,0,0,0,0,0,0,0,0,0,0,8.9e-05,1.2e-05,1.2e-05,2022471.9101123596
hermes_pilot_h5_014,7,4,update_status,S2,1.0,1.0,2.0,2.0,2.0,2.0,2,2,2,2,0,0,0,0.5,0.5,none,none,,unknown,1.0,1.0,2.0,2.0,2.0,2.0,2,2,2,2,0.5,0.5,none,none,native,0,1.0,1.0,0.0,0,0,0,0,0,0,0,0,0,0,0,0,0,0,0.000118,2.9e-05,0.0,2033898.3050847456
hermes_pilot_h5_014,8,5,add_subtask,S3,0.6666666666666666,0.6666666666666666,3.0,2.0,3.0,2.0,3,2,3,2,0,0,0,-0.33333333333333337,-0.33333333333333337,product,product,,unknown,0.6666666666666666,0.6666666666666666,3.0,2.0,3.0,2.0,3,2,3,2,-0.33333333333333337,-0.33333333333333337,product,product,native,0,0.5,1.0,0.0,0,0,0,0,0,0,0,0,0,0,0,0,0,0,0.000129,1.1e-05,1.1e-05,2325581.3953488376
hermes_pilot_h5_014,9,6,update_status,S3,0.6666666666666666,0.6666666666666666,3.0,2.0,3.0,2.0,3,2,3,2,0,0,0,0.0,0.0,none,none,,unknown,0.6666666666666666,0.6666666666666666,3.0,2.0,3.0,2.0,3,2,3,2,0.0,0.0,none,none,native,0,0.5,1.0,0.0,0,0,0,0,0,0,0,0,0,0,0,0,0,0,0.000145,1.6e-05,2.7e-05,4411764.705882353
hermes_pilot_h5_014,10,7,add_subtask,S4,0.5,0.5,4.0,2.0,4.0,2.0,4,2,4,2,0,0,0,-0.16666666666666663,-0.16666666666666663,validation,validation,,unknown,0.5,0.5,4.0,2.0,4.0,2.0,4,2,4,2,-0.16666666666666663,-0.16666666666666663,validation,validation,native,0,0.5,0.5,0.0,0,0,0,0,0,0,0,0,0,0,0,0,0,0,0.000152,7e-06,3.4e-05,4761904.761904762
hermes_pilot_h5_014,11,8,update_status,S4,0.75,0.75,4.0,3.0,4.0,3.0,4,3,4,3,0,0,0,0.25,0.25,none,none,,unknown,0.75,0.75,4.0,3.0,4.0,3.0,4,3,4,3,0.25,0.25,none,none,native,0,0.5,1.0,0.0,0,0,0,0,0,0,0,0,0,0,0,0,0,0,0.000163,1.1e-05,0.0,6666666.666666666
hermes_pilot_h5_015,0,0,init,,0.0,0.0,0,0,0,0,0,0,0,0,0,0,0,0.0,0.0,none,none,,unknown,0.0,0.0,0,0,0,0,0,0,0,0,0.0,0.0,none,none,native,0,0.0,0.0,0.0,0,0,0,0,0,0,0,0,0,0,0,0,0,0,,,,
hermes_pilot_h5_015,2,1,add_subtask,S1,0.0,0.0,1.0,0,1.0,0,1,0,1,0,0,0,0,0.0,0.0,none,none,,unknown,0.0,0.0,1.0,0,1.0,0,1,0,1,0,0.0,0.0,none,none,native,0,0.0,0.0,0.0,0,0,0,0,0,0,0,0,0,0,0,0,0,0,0.0,0.0,0.0,
hermes_pilot_h5_015,5,2,update_status,S1,1.0,1.0,1.0,1.0,1.0,1.0,1,1,1,1,0,0,0,1.0,1.0,none,none,,unknown,1.0,1.0,1.0,1.0,1.0,1.0,1,1,1,1,1.0,1.0,none,none,native,0,1.0,0.0,0.0,0,0,0,0,0,0,0,0,0,0,0,0,0,0,0.00011,0.00011,0.0,1090909.0909090908
hermes_pilot_h5_015,6,3,add_subtask,S2,0.5,0.5,2.0,1.0,2.0,1.0,2,1,2,1,0,0,0,-0.5,-0.5,validation,validation,,unknown,0.5,0.5,2.0,1.0,2.0,1.0,2,1,2,1,-0.5,-0.5,validation,validation,native,0,1.0,0.0,0.0,0,0,0,0,0,0,0,0,0,0,0,0,0,0,0.000121,1.1e-05,1.1e-05,1487603.305785124
hermes_pilot_h5_015,7,4,update_status,S2,0.5,0.5,2.0,1.0,2.0,1.0,2,1,2,1,0,0,0,0.0,0.0,none,none,,unknown,0.5,0.5,2.0,1.0,2.0,1.0,2,1,2,1,0.0,0.0,none,none,native,0,1.0,0.0,0.0,0,0,0,0,0,0,0,0,0,0,0,0,0,0,0.000134,1.3e-05,2.4e-05,1791044.776119403
hermes_pilot_h5_015,8,5,add_subtask,S3,0.3333333333333333,0.3333333333333333,3.0,1.0,3.0,1.0,3,1,3,1,0,0,0,-0.16666666666666669,-0.16666666666666669,investigation,investigation,,unknown,0.3333333333333333,0.3333333333333333,3.0,1.0,3.0,1.0,3,1,3,1,-0.16666666666666669,-0.16666666666666669,investigation,investigation,native,0,1.0,0.0,0.0,0,0,0,0,0,0,0,0,0,0,0,0,0,0,0.000141,7e-06,3.1e-05,2127659.5744680846
hermes_pilot_h5_015,9,6,update_status,S3,0.6666666666666666,0.6666666666666666,3.0,2.0,3.0,2.0,3,2,3,2,0,0,0,0.3333333333333333,0.3333333333333333,none,none,,unknown,0.6666666666666666,0.6666666666666666,3.0,2.0,3.0,2.0,3,2,3,2,0.3333333333333333,0.3333333333333333,none,none,native,0,1.0,0.0,1.0,0,0,0,0,0,0,0,0,0,0,0,0,0,0,0.000175,3.4e-05,0.0,4615384.615384616
hermes_pilot_h5_015,10,7,add_subtask,S4,0.5,0.5,4.0,2.0,4.0,2.0,4,2,4,2,0,0,0,-0.16666666666666663,-0.16666666666666663,validation,validation,,unknown,0.5,0.5,4.0,2.0,4.0,2.0,4,2,4,2,-0.16666666666666663,-0.16666666666666663,validation,validation,native,0,1.0,0.0,1.0,0,0,0,0,0,0,0,0,0,0,0,0,0,0,0.000182,7e-06,7e-06,4918032.786885246
hermes_pilot_h5_015,11,8,update_status,S4,0.5,0.5,4.0,2.0,4.0,2.0,4,2,4,2,0,0,0,0.0,0.0,none,none,,unknown,0.5,0.5,4.0,2.0,4.0,2.0,4,2,4,2,0.0,0.0,none,none,native,0,1.0,0.0,1.0,0,0,0,0,0,0,0,0,0,0,0,0,0,0,0.000194,1.2e-05,1.9e-05,5000000.0
hermes_pilot_h5_015,12,9,add_subtask,S5,0.4,0.4,5.0,2.0,5.0,2.0,5,2,5,2,0,0,0,-0.09999999999999998,-0.09999999999999998,product,product,,unknown,0.4,0.4,5.0,2.0,5.0,2.0,5,2,5,2,-0.09999999999999998,-0.09999999999999998,product,product,native,0,0.5,0.0,1.0,0,0,0,0,0,0,0,0,0,0,0,0,0,0,0.000202,8e-06,2.7e-05,4918032.786885246
hermes_pilot_h5_015,13,10,update_status,S5,0.6,0.6,5.0,3.0,5.0,3.0,5,3,5,3,0,0,0,0.19999999999999996,0.19999999999999996,none,none,,unknown,0.6,0.6,5.0,3.0,5.0,3.0,5,3,5,3,0.19999999999999996,0.19999999999999996,none,none,native,0,1.0,0.0,1.0,0,0,0,0,0,0,0,0,0,0,0,0,0,0,0.000224,2.2e-05,0.0,6122448.979591837
hermes_pilot_h5_015,14,11,add_subtask,S6,0.5,0.5,6.0,3.0,6.0,3.0,6,3,6,3,0,0,0,-0.09999999999999998,-0.09999999999999998,validation,validation,,unknown,0.5,0.5,6.0,3.0,6.0,3.0,6,3,6,3,-0.09999999999999998,-0.09999999999999998,validation,validation,native,0,1.0,0.0,1.0,0,0,0,0,0,0,0,0,0,0,0,0,0,0,0.000231,7e-06,7e-06,6122448.979591837
hermes_pilot_h5_015,17,12,update_status,S6,0.6666666666666666,0.6666666666666666,6.0,4.0,6.0,4.0,6,4,6,4,0,0,0,0.16666666666666663,0.16666666666666663,none,none,,unknown,0.6666666666666666,0.6666666666666666,6.0,4.0,6.0,4.0,6,4,6,4,0.16666666666666663,0.16666666666666663,none,none,native,0,1.0,0.3333333333333333,1.0,0,0,0,0,0,0,0,0,0,0,0,0,0,0,0.000254,2.3e-05,0.0,5000000.0
hermes_pilot_h5_015,18,13,add_subtask,S7,0.5714285714285714,0.5714285714285714,7.0,4.0,7.0,4.0,7,4,7,4,0,0,0,-0.09523809523809523,-0.09523809523809523,product,product,,unknown,0.5714285714285714,0.5714285714285714,7.0,4.0,7.0,4.0,7,4,7,4,-0.09523809523809523,-0.09523809523809523,product,product,native,0,0.6666666666666666,0.3333333333333333,1.0,0,0,0,0,0,0,0,0,0,0,0,0,0,0,0.000273,1.9e-05,1.9e-05,4225352.112676056
hermes_pilot_h5_015,19,14,update_status,S7,0.7142857142857143,0.7142857142857143,7.0,5.0,7.0,5.0,7,5,7,5,0,0,0,0.1428571428571429,0.1428571428571429,none,none,,unknown,0.7142857142857143,0.7142857142857143,7.0,5.0,7.0,5.0,7,5,7,5,0.1428571428571429,0.1428571428571429,none,none,native,0,1.0,0.3333333333333333,1.0,0,0,0,0,0,0,0,0,0,0,0,0,0,0,0.000297,2.4e-05,0.0,4109589.04109589
hermes_pilot_h5_015,20,15,add_subtask,S8,0.625,0.625,8.0,5.0,8.0,5.0,8,5,8,5,0,0,0,-0.0892857142857143,-0.0892857142857143,validation,validation,,unknown,0.625,0.625,8.0,5.0,8.0,5.0,8,5,8,5,-0.0892857142857143,-0.0892857142857143,validation,validation,native,0,1.0,0.25,1.0,0,0,0,0,0,0,0,0,0,0,0,0,0,0,0.000304,7e-06,7e-06,4109589.04109589
hermes_pilot_h5_015,21,16,update_status,S8,0.625,0.625,8.0,5.0,8.0,5.0,8,5,8,5,0,0,0,0.0,0.0,none,none,,unknown,0.625,0.625,8.0,5.0,8.0,5.0,8,5,8,5,0.0,0.0,none,none,native,0,1.0,0.25,1.0,0,0,0,0,0,0,0,0,0,0,0,0,0,0,0.000325,2.1e-05,2.8e-05,4225352.112676056
hermes_pilot_h5_015,22,17,add_subtask,S9,0.5555555555555556,0.5555555555555556,9.0,5.0,9.0,5.0,9,5,9,5,0,0,0,-0.06944444444444442,-0.06944444444444442,product,product,,unknown,0.5555555555555556,0.5555555555555556,9.0,5.0,9.0,5.0,9,5,9,5,-0.06944444444444442,-0.06944444444444442,product,product,native,0,0.75,0.25,1.0,0,0,0,0,0,0,0,0,0,0,0,0,0,0,0.000338,1.3e-05,4.1e-05,4615384.615384616
hermes_pilot_h5_015,25,18,update_status,S9,0.6666666666666666,0.6666666666666666,9.0,6.0,9.0,6.0,9,6,9,6,0,0,0,0.11111111111111105,0.11111111111111105,none,none,,unknown,0.6666666666666666,0.6666666666666666,9.0,6.0,9.0,6.0,9,6,9,6,0.11111111111111105,0.11111111111111105,none,none,native,0,1.0,0.25,1.0,0,0,0,0,0,0,0,0,0,0,0,0,0,0,0.000393,5.5e-05,0.0,3124999.9999999995
hermes_pilot_h5_015,26,19,add_subtask,S10,0.6,0.6,10.0,6.0,10.0,6.0,10,6,10,6,0,0,0,-0.06666666666666665,-0.06666666666666665,validation,validation,,unknown,0.6,0.6,10.0,6.0,10.0,6.0,10,6,10,6,-0.06666666666666665,-0.06666666666666665,validation,validation,native,0,1.0,0.2,1.0,0,0,0,0,0,0,0,0,0,0,0,0,0,0,0.0004,7e-06,7e-06,3124999.9999999995
hermes_pilot_h5_015,27,20,update_status,S10,0.7,0.7,10.0,7.0,10.0,7.0,10,7,10,7,0,0,0,0.09999999999999998,0.09999999999999998,none,none,,unknown,0.7,0.7,10.0,7.0,10.0,7.0,10,7,10,7,0.09999999999999998,0.09999999999999998,none,none,native,0,1.0,0.4,1.0,0,0,0,0,0,0,0,0,0,0,0,0,0,0,0.000421,2.1e-05,0.0,3124999.9999999995
hermes_pilot_h5_015,28,21,add_subtask,S11,0.7,0.6363636363636364,10.0,7.0,11.0,7.0,10,7,11,7,0,0,0,0.0,-0.0636363636363636,none,artifact,,unknown,0.7,0.6363636363636364,10.0,7.0,11.0,7.0,10,7,11,7,0.0,-0.0636363636363636,none,artifact,native,0,1.0,0.4,1.0,0,0,0,0,0,0,0,0,0,0,0,0,0,0,0.000445,2.4e-05,2.4e-05,2803738.3177570095
hermes_pilot_h5_015,29,22,update_status,S11,0.7,0.6363636363636364,10.0,7.0,11.0,7.0,10,7,11,7,0,0,0,0.0,0.0,none,none,,unknown,0.7,0.6363636363636364,10.0,7.0,11.0,7.0,10,7,11,7,0.0,0.0,none,none,native,0,1.0,0.4,1.0,0,0,0,0,0,0,0,0,0,0,0,0,0,0,0.000478,3.3e-05,5.7e-05,3529411.7647058824
hermes_pilot_h5_016,0,0,init,,0.0,0.0,0,0,0,0,0,0,0,0,0,0,0,0.0,0.0,none,none,,unknown,0.0,0.0,0,0,0,0,0,0,0,0,0.0,0.0,none,none,native,0,0.0,0.0,0.0,0,0,0,0,0,0,0,0,0,0,0,0,0,0,,,,
hermes_pilot_h5_016,2,1,add_subtask,S1,0.0,0.0,1.0,0,1.0,0,1,0,1,0,0,0,0,0.0,0.0,none,none,,unknown,0.0,0.0,1.0,0,1.0,0,1,0,1,0,0.0,0.0,none,none,native,0,0.0,0.0,0.0,0,0,0,0,0,0,0,0,0,0,0,0,0,0,0.0,0.0,0.0,
hermes_pilot_h5_016,13,2,update_status,S1,1.0,1.0,1.0,1.0,1.0,1.0,1,1,1,1,0,0,0,1.0,1.0,none,none,,unknown,1.0,1.0,1.0,1.0,1.0,1.0,1,1,1,1,1.0,1.0,none,none,native,0,1.0,0.0,0.0,0,0,0,0,0,0,0,0,0,0,0,0,0,0,0.00015,0.00015,0.0,800000.0000000001
hermes_pilot_h5_017,0,0,init,,0.0,0.0,0,0,0,0,0,0,0,0,0,0,0,0.0,0.0,none,none,,unknown,0.0,0.0,0,0,0,0,0,0,0,0,0.0,0.0,none,none,native,0,0.0,0.0,0.0,0,0,0,0,0,0,0,0,0,0,0,0,0,0,,,,
hermes_pilot_h5_017,2,1,add_subtask,S1,0.0,0.0,1.0,0,1.0,0,1,0,1,0,0,0,0,0.0,0.0,none,none,,unknown,0.0,0.0,1.0,0,1.0,0,1,0,1,0,0.0,0.0,none,none,native,0,0.0,0.0,0.0,0,0,0,0,0,0,0,0,0,0,0,0,0,0,0.0,0.0,0.0,
hermes_pilot_h5_017,4,2,update_status,S1,1.0,1.0,1.0,1.0,1.0,1.0,1,1,1,1,0,0,0,1.0,1.0,none,none,,unknown,1.0,1.0,1.0,1.0,1.0,1.0,1,1,1,1,1.0,1.0,none,none,native,0,1.0,0.0,0.0,0,0,0,0,0,0,0,0,0,0,0,0,0,0,4e-05,4e-05,0.0,3000000.0
hermes_pilot_h5_017,3,3,add_subtask,S2,0.5,0.5,2.0,1.0,2.0,1.0,2,1,2,1,0,0,0,-0.5,-0.5,investigation,investigation,,unknown,0.5,0.5,2.0,1.0,2.0,1.0,2,1,2,1,-0.5,-0.5,investigation,investigation,native,0,1.0,0.0,0.0,0,0,0,0,0,0,0,0,0,0,0,0,0,0,5e-05,1e-05,1e-05,3600000.0
hermes_pilot_h5_017,9,4,update_status,S2,1.0,1.0,2.0,2.0,2.0,2.0,2,2,2,2,0,0,0,0.5,0.5,none,none,,unknown,1.0,1.0,2.0,2.0,2.0,2.0,2,2,2,2,0.5,0.5,none,none,native,0,1.0,0.0,1.0,0,0,0,0,0,0,0,0,0,0,0,0,0,0,8.7e-05,3.7e-05,0.0,2758620.689655172
hermes_pilot_h5_017,10,5,add_subtask,S3,0.6666666666666666,0.6666666666666666,3.0,2.0,3.0,2.0,3,2,3,2,0,0,0,-0.33333333333333337,-0.33333333333333337,validation,validation,,unknown,0.6666666666666666,0.6666666666666666,3.0,2.0,3.0,2.0,3,2,3,2,-0.33333333333333337,-0.33333333333333337,validation,validation,native,0,1.0,0.0,1.0,0,0,0,0,0,0,0,0,0,0,0,0,0,0,9.4e-05,7e-06,7e-06,3191489.361702128
hermes_pilot_h5_017,11,6,update_status,S3,1.0,1.0,3.0,3.0,3.0,3.0,3,3,3,3,0,0,0,0.33333333333333337,0.33333333333333337,none,none,,unknown,1.0,1.0,3.0,3.0,3.0,3.0,3,3,3,3,0.33333333333333337,0.33333333333333337,none,none,native,0,1.0,1.0,1.0,0,0,0,0,0,0,0,0,0,0,0,0,0,0,0.000106,1.2e-05,0.0,4545454.545454545
hermes_pilot_h5_017,12,7,add_subtask,S4,0.75,0.75,4.0,3.0,4.0,3.0,4,3,4,3,0,0,0,-0.25,-0.25,investigation,investigation,,unknown,0.75,0.75,4.0,3.0,4.0,3.0,4,3,4,3,-0.25,-0.25,investigation,investigation,native,0,1.0,1.0,0.5,0,0,0,0,0,0,0,0,0,0,0,0,0,0,0.000112,6e-06,6e-06,4838709.677419355
hermes_pilot_h5_017,15,8,update_status,S4,0.75,0.75,4.0,3.0,4.0,3.0,4,3,4,3,0,0,0,0.0,0.0,none,none,,unknown,0.75,0.75,4.0,3.0,4.0,3.0,4,3,4,3,0.0,0.0,none,none,native,0,1.0,1.0,0.5,0,0,0,0,0,0,0,0,0,0,0,0,0,0,0.000241,0.000129,0.000135,1948051.948051948
hermes_pilot_h5_017,18,9,add_subtask,S5,0.6,0.6,5.0,3.0,5.0,3.0,5,3,5,3,0,0,0,-0.15000000000000002,-0.15000000000000002,validation,validation,,unknown,0.6,0.6,5.0,3.0,5.0,3.0,5,3,5,3,-0.15000000000000002,-0.15000000000000002,validation,validation,native,0,1.0,0.5,0.5,0,0,0,0,0,0,0,0,0,0,0,0,0,0,0.000248,7e-06,0.000142,1948051.948051948
hermes_pilot_h5_017,21,10,update_status,S5,0.8,0.8,5.0,4.0,5.0,4.0,5,4,5,4,0,0,0,0.20000000000000007,0.20000000000000007,none,none,,unknown,0.8,0.8,5.0,4.0,5.0,4.0,5,4,5,4,0.20000000000000007,0.20000000000000007,none,none,native,0,1.0,1.0,0.5,0,0,0,0,0,0,0,0,0,0,0,0,0,0,0.000371,0.000123,0.0,1132075.4716981133
hermes_pilot_h5_018,0,0,init,,0.0,0.0,0,0,0,0,0,0,0,0,0,0,0,0.0,0.0,none,none,,unknown,0.0,0.0,0,0,0,0,0,0,0,0,0.0,0.0,none,none,native,0,0.0,0.0,0.0,0,0,0,0,0,0,0,0,0,0,0,0,0,0,,,,
hermes_pilot_h5_018,2,1,add_subtask,S1,0.0,0.0,1.0,0,1.0,0,1,0,1,0,0,0,0,0.0,0.0,none,none,,unknown,0.0,0.0,1.0,0,1.0,0,1,0,1,0,0.0,0.0,none,none,native,0,0.0,0.0,0.0,0,0,0,0,0,0,0,0,0,0,0,0,0,0,0.0,0.0,0.0,
hermes_pilot_h5_018,3,2,update_status,S1,1.0,1.0,1.0,1.0,1.0,1.0,1,1,1,1,0,0,0,1.0,1.0,none,none,,unknown,1.0,1.0,1.0,1.0,1.0,1.0,1,1,1,1,1.0,1.0,none,none,native,0,0.0,1.0,0.0,0,0,0,0,0,0,0,0,0,0,0,0,0,0,3.7e-05,3.7e-05,0.0,3243243.243243243
hermes_pilot_h5_018,4,3,add_subtask,S2,0.5,0.5,2.0,1.0,2.0,1.0,2,1,2,1,0,0,0,-0.5,-0.5,investigation,investigation,,unknown,0.5,0.5,2.0,1.0,2.0,1.0,2,1,2,1,-0.5,-0.5,investigation,investigation,native,0,0.0,1.0,0.0,0,0,0,0,0,0,0,0,0,0,0,0,0,0,4.7e-05,1e-05,1e-05,3829787.234042553
hermes_pilot_h5_018,5,4,update_status,S2,1.0,1.0,2.0,2.0,2.0,2.0,2,2,2,2,0,0,0,0.5,0.5,none,none,,unknown,1.0,1.0,2.0,2.0,2.0,2.0,2,2,2,2,0.5,0.5,none,none,native,0,0.0,1.0,1.0,0,0,0,0,0,0,0,0,0,0,0,0,0,0,0.000158,0.000111,0.0,1518987.3417721519
hermes_pilot_h5_018,6,5,add_subtask,S3,0.6666666666666666,0.6666666666666666,3.0,2.0,3.0,2.0,3,2,3,2,0,0,0,-0.33333333333333337,-0.33333333333333337,validation,validation,,unknown,0.6666666666666666,0.6666666666666666,3.0,2.0,3.0,2.0,3,2,3,2,-0.33333333333333337,-0.33333333333333337,validation,validation,native,0,0.0,0.5,1.0,0,0,0,0,0,0,0,0,0,0,0,0,0,0,0.000167,9e-06,9e-06,1796407.1856287427
hermes_pilot_h5_018,7,6,update_status,S3,1.0,1.0,3.0,3.0,3.0,3.0,3,3,3,3,0,0,0,0.33333333333333337,0.33333333333333337,none,none,,unknown,1.0,1.0,3.0,3.0,3.0,3.0,3,3,3,3,0.33333333333333337,0.33333333333333337,none,none,native,0,0.0,1.0,1.0,0,0,0,0,0,0,0,0,0,0,0,0,0,0,0.000187,2e-05,0.0,2000000.0000000002
hermes_pilot_h5_018,8,7,add_subtask,S4,0.75,0.75,4.0,3.0,4.0,3.0,4,3,4,3,0,0,0,-0.25,-0.25,investigation,investigation,,unknown,0.75,0.75,4.0,3.0,4.0,3.0,4,3,4,3,-0.25,-0.25,investigation,investigation,native,0,0.0,1.0,0.5,0,0,0,0,0,0,0,0,0,0,0,0,0,0,0.000194,7e-06,7e-06,2040816.3265306123
hermes_pilot_h5_018,9,8,update_status,S4,0.75,0.75,4.0,3.0,4.0,3.0,4,3,4,3,0,0,0,0.0,0.0,none,none,,unknown,0.75,0.75,4.0,3.0,4.0,3.0,4,3,4,3,0.0,0.0,none,none,native,0,0.0,1.0,0.5,0,0,0,0,0,0,0,0,0,0,0,0,0,0,0.000206,1.2e-05,1.9e-05,6249999.999999999
hermes_pilot_h5_018,10,9,add_subtask,S5,0.6,0.6,5.0,3.0,5.0,3.0,5,3,5,3,0,0,0,-0.15000000000000002,-0.15000000000000002,validation,validation,,unknown,0.6,0.6,5.0,3.0,5.0,3.0,5,3,5,3,-0.15000000000000002,-0.15000000000000002,validation,validation,native,0,0.0,0.6666666666666666,0.5,0,0,0,0,0,0,0,0,0,0,0,0,0,0,0.000216,1e-05,2.9e-05,6122448.979591837
hermes_pilot_h5_018,11,10,update_status,S5,0.6,0.6,5.0,3.0,5.0,3.0,5,3,5,3,0,0,0,0.0,0.0,none,none,,unknown,0.6,0.6,5.0,3.0,5.0,3.0,5,3,5,3,0.0,0.0,none,none,native,0,0.0,0.6666666666666666,0.5,0,0,0,0,0,0,0,0,0,0,0,0,0,0,0.000228,1.2e-05,4.1e-05,7317073.170731707
hermes_pilot_h5_018,12,11,add_subtask,S6,0.5,0.5,6.0,3.0,6.0,3.0,6,3,6,3,0,0,0,-0.09999999999999998,-0.09999999999999998,investigation,investigation,,unknown,0.5,0.5,6.0,3.0,6.0,3.0,6,3,6,3,-0.09999999999999998,-0.09999999999999998,investigation,investigation,native,0,0.0,0.6666666666666666,0.3333333333333333,0,0,0,0,0,0,0,0,0,0,0,0,0,0,0.000235,7e-06,4.8e-05,7317073.170731707
hermes_pilot_h5_018,23,12,update_status,S6,0.5,0.5,6.0,3.0,6.0,3.0,6,3,6,3,0,0,0,0.0,0.0,none,none,,unknown,0.5,0.5,6.0,3.0,6.0,3.0,6,3,6,3,0.0,0.0,none,none,native,0,0.0,0.6666666666666666,0.3333333333333333,0,0,0,0,0,0,0,0,0,0,0,0,0,0,0.000396,0.000161,0.000209,1578947.3684210526
hermes_pilot_h5_018,30,13,add_subtask,S7,0.42857142857142855,0.42857142857142855,7.0,3.0,7.0,3.0,7,3,7,3,0,0,0,-0.07142857142857145,-0.07142857142857145,product,product,,unknown,0.42857142857142855,0.42857142857142855,7.0,3.0,7.0,3.0,7,3,7,3,-0.07142857142857145,-0.07142857142857145,product,product,native,0,0.0,0.6666666666666666,0.3333333333333333,0,0,0,0,0,0,0,0,0,0,0,0,0,0,0.000404,8e-06,0.000217,1595744.680851064
hermes_pilot_h5_018,31,14,update_status,S7,0.5714285714285714,0.5714285714285714,7.0,4.0,7.0,4.0,7,4,7,4,0,0,0,0.14285714285714285,0.14285714285714285,none,none,,unknown,0.5714285714285714,0.5714285714285714,7.0,4.0,7.0,4.0,7,4,7,4,0.14285714285714285,0.14285714285714285,none,none,native,0,1.0,0.6666666666666666,0.3333333333333333,0,0,0,0,0,0,0,0,0,0,0,0,0,0,0.000417,1.3e-05,0.0,1587301.5873015872
hermes_pilot_h5_018,32,15,add_subtask,S8,0.5,0.5,8.0,4.0,8.0,4.0,8,4,8,4,0,0,0,-0.0714285714285714,-0.0714285714285714,investigation,investigation,,unknown,0.5,0.5,8.0,4.0,8.0,4.0,8,4,8,4,-0.0714285714285714,-0.0714285714285714,investigation,investigation,native,0,1.0,0.6666666666666666,0.25,0,0,0,0,0,0,0,0,0,0,0,0,0,0,0.000425,8e-06,8e-06,1578947.3684210526
hermes_pilot_h5_018,43,16,update_status,S8,0.5,0.5,8.0,4.0,8.0,4.0,8,4,8,4,0,0,0,0.0,0.0,none,none,,unknown,0.5,0.5,8.0,4.0,8.0,4.0,8,4,8,4,0.0,0.0,none,none,native,0,1.0,0.6666666666666666,0.25,0,0,0,0,0,0,0,0,0,0,0,0,0,0,0.000483,5.8e-05,6.6e-05,3448275.862068965
hermes_pilot_h5_019,0,0,init,,0.0,0.0,0,0,0,0,0,0,0,0,0,0,0,0.0,0.0,none,none,,unknown,0.0,0.0,0,0,0,0,0,0,0,0,0.0,0.0,none,none,native,0,0.0,0.0,0.0,0,0,0,0,0,0,0,0,0,0,0,0,0,0,,,,
hermes_pilot_h5_019,2,1,add_subtask,S1,0.0,0.0,1.0,0,1.0,0,1,0,1,0,0,0,0,0.0,0.0,none,none,,unknown,0.0,0.0,1.0,0,1.0,0,1,0,1,0,0.0,0.0,none,none,native,0,0.0,0.0,0.0,0,0,0,0,0,0,0,0,0,0,0,0,0,0,0.0,0.0,0.0,
hermes_pilot_h5_019,11,2,update_status,S1,1.0,1.0,1.0,1.0,1.0,1.0,1,1,1,1,0,0,0,1.0,1.0,none,none,,unknown,1.0,1.0,1.0,1.0,1.0,1.0,1,1,1,1,1.0,1.0,none,none,native,0,1.0,0.0,0.0,0,0,0,0,0,0,0,0,0,0,0,0,0,0,0.000138,0.000138,0.0,869565.2173913043
hermes_pilot_h5_019,12,3,add_subtask,S2,1.0,0.5,1.0,1.0,2.0,1.0,1,1,2,1,0,0,0,0.0,-0.5,none,environment,,unknown,1.0,0.5,1.0,1.0,2.0,1.0,1,1,2,1,0.0,-0.5,none,environment,native,0,1.0,0.0,0.0,0,0,0,0,0,0,0,0,0,0,0,0,0,0,0.000149,1.1e-05,1.1e-05,1208053.691275168
hermes_pilot_h5_019,13,4,update_status,S2,1.0,1.0,1.0,1.0,2.0,2.0,1,1,2,2,0,0,0,0.0,0.5,none,none,,unknown,1.0,1.0,1.0,1.0,2.0,2.0,1,1,2,2,0.0,0.5,none,none,native,0,1.0,0.0,0.0,0,0,0,0,0,0,0,0,0,0,0,0,0,0,0.000164,1.5e-05,2.6e-05,1463414.6341463414
hermes_pilot_h5_019,14,5,add_subtask,S3,0.5,0.6666666666666666,2.0,1.0,3.0,2.0,2,1,3,2,0,0,0,-0.5,-0.33333333333333337,validation,validation,,unknown,0.5,0.6666666666666666,2.0,1.0,3.0,2.0,2,1,3,2,-0.5,-0.33333333333333337,validation,validation,native,0,1.0,0.0,0.0,0,0,0,0,0,0,0,0,0,0,0,0,0,0,0.000172,8e-06,3.4e-05,1744186.046511628
hermes_pilot_h5_019,15,6,update_status,S3,1.0,1.0,2.0,2.0,3.0,3.0,2,2,3,3,0,0,0,0.5,0.33333333333333337,none,none,,unknown,1.0,1.0,2.0,2.0,3.0,3.0,2,2,3,3,0.5,0.33333333333333337,none,none,native,0,1.0,1.0,0.0,0,0,0,0,0,0,0,0,0,0,0,0,0,0,0.000187,1.5e-05,0.0,6122448.979591837
hermes_pilot_h5_019,16,7,add_subtask,S4,1.0,0.75,2.0,2.0,4.0,3.0,2,2,4,3,0,0,0,0.0,-0.25,none,environment,,unknown,1.0,0.75,2.0,2.0,4.0,3.0,2,2,4,3,0.0,-0.25,none,environment,native,0,1.0,1.0,0.0,0,0,0,0,0,0,0,0,0,0,0,0,0,0,0.000194,7e-06,7e-06,6666666.666666666
hermes_pilot_h5_019,17,8,update_status,S4,1.0,1.0,2.0,2.0,4.0,4.0,2,2,4,4,0,0,0,0.0,0.25,none,none,,unknown,1.0,1.0,2.0,2.0,4.0,4.0,2,2,4,4,0.0,0.25,none,none,native,0,1.0,1.0,0.0,0,0,0,0,0,0,0,0,0,0,0,0,0,0,0.000205,1.1e-05,1.8e-05,7317073.170731707
hermes_pilot_h5_019,18,9,add_subtask,S5,0.6666666666666666,0.8,3.0,2.0,5.0,4.0,3,2,5,4,0,0,0,-0.33333333333333337,-0.19999999999999996,validation,validation,,unknown,0.6666666666666666,0.8,3.0,2.0,5.0,4.0,3,2,5,4,-0.33333333333333337,-0.19999999999999996,validation,validation,native,0,1.0,0.5,0.0,0,0,0,0,0,0,0,0,0,0,0,0,0,0,0.000212,7e-06,2.5e-05,7500000.0
hermes_pilot_h5_019,21,10,update_status,S5,1.0,1.0,3.0,3.0,5.0,5.0,3,3,5,5,0,0,0,0.33333333333333337,0.19999999999999996,none,none,,unknown,1.0,1.0,3.0,3.0,5.0,5.0,3,3,5,5,0.33333333333333337,0.19999999999999996,none,none,native,0,1.0,1.0,0.0,0,0,0,0,0,0,0,0,0,0,0,0,0,0,0.000237,2.5e-05,0.0,6000000.0
hermes_pilot_h5_019,22,11,add_subtask,S6,1.0,0.8333333333333334,3.0,3.0,6.0,5.0,3,3,6,5,0,0,0,0.0,-0.16666666666666663,none,environment,,unknown,1.0,0.8333333333333334,3.0,3.0,6.0,5.0,3,3,6,5,0.0,-0.16666666666666663,none,environment,native,0,1.0,1.0,0.0,0,0,0,0,0,0,0,0,0,0,0,0,0,0,0.000243,6e-06,6e-06,6122448.979591837
hermes_pilot_h5_019,23,12,update_status,S6,1.0,0.8333333333333334,3.0,3.0,6.0,5.0,3,3,6,5,0,0,0,0.0,0.0,none,none,,unknown,1.0,0.8333333333333334,3.0,3.0,6.0,5.0,3,3,6,5,0.0,0.0,none,none,native,0,1.0,1.0,0.0,0,0,0,0,0,0,0,0,0,0,0,0,0,0,0.000256,1.3e-05,1.9e-05,5882352.94117647
hermes_pilot_h5_019,24,13,add_subtask,S7,0.75,0.7142857142857143,4.0,3.0,7.0,5.0,4,3,7,5,0,0,0,-0.25,-0.11904761904761907,validation,validation,,unknown,0.75,0.7142857142857143,4.0,3.0,7.0,5.0,4,3,7,5,-0.25,-0.11904761904761907,validation,validation,native,0,1.0,0.6666666666666666,0.0,0,0,0,0,0,0,0,0,0,0,0,0,0,0,0.000262,6e-06,2.5e-05,6000000.0
hermes_pilot_h5_019,25,14,update_status,S7,0.75,0.7142857142857143,4.0,3.0,7.0,5.0,4,3,7,5,0,0,0,0.0,0.0,none,none,,unknown,0.75,0.7142857142857143,4.0,3.0,7.0,5.0,4,3,7,5,0.0,0.0,none,none,native,0,1.0,0.6666666666666666,0.0,0,0,0,0,0,0,0,0,0,0,0,0,0,0,0.000274,1.2e-05,3.7e-05,8108108.108108108
hermes_pilot_h5_019,26,15,add_subtask,S8,0.6,0.625,5.0,3.0,8.0,5.0,5,3,8,5,0,0,0,-0.15000000000000002,-0.0892857142857143,investigation,investigation,,unknown,0.6,0.625,5.0,3.0,8.0,5.0,5,3,8,5,-0.15000000000000002,-0.0892857142857143,investigation,investigation,native,0,1.0,0.6666666666666666,0.0,0,0,0,0,0,0,0,0,0,0,0,0,0,0,0.000281,7e-06,4.4e-05,7894736.842105263
hermes_pilot_h5_019,27,16,update_status,S8,0.8,0.75,5.0,4.0,8.0,6.0,5,4,8,6,0,0,0,0.20000000000000007,0.125,none,none,,unknown,0.8,0.75,5.0,4.0,8.0,6.0,5,4,8,6,0.20000000000000007,0.125,none,none,native,0,1.0,0.6666666666666666,1.0,0,0,0,0,0,0,0,0,0,0,0,0,0,0,0.000292,1.1e-05,0.0,8333333.333333334
hermes_pilot_h5_020,0,0,init,,0.0,0.0,0,0,0,0,0,0,0,0,0,0,0,0.0,0.0,none,none,,unknown,0.0,0.0,0,0,0,0,0,0,0,0,0.0,0.0,none,none,native,0,0.0,0.0,0.0,0,0,0,0,0,0,0,0,0,0,0,0,0,0,,,,
hermes_pilot_h5_020,2,1,add_subtask,S1,0.0,0.0,1.0,0,1.0,0,1,0,1,0,0,0,0,0.0,0.0,none,none,,unknown,0.0,0.0,1.0,0,1.0,0,1,0,1,0,0.0,0.0,none,none,native,0,0.0,0.0,0.0,0,0,0,0,0,0,0,0,0,0,0,0,0,0,0.0,0.0,0.0,
hermes_pilot_h5_020,5,2,update_status,S1,1.0,1.0,1.0,1.0,1.0,1.0,1,1,1,1,0,0,0,1.0,1.0,none,none,,unknown,1.0,1.0,1.0,1.0,1.0,1.0,1,1,1,1,1.0,1.0,none,none,native,0,1.0,0.0,0.0,0,0,0,0,0,0,0,0,0,0,0,0,0,0,8.4e-05,8.4e-05,0.0,1428571.4285714286
hermes_pilot_h5_020,6,3,add_subtask,S2,0.5,0.5,2.0,1.0,2.0,1.0,2,1,2,1,0,0,0,-0.5,-0.5,validation,validation,,unknown,0.5,0.5,2.0,1.0,2.0,1.0,2,1,2,1,-0.5,-0.5,validation,validation,native,0,1.0,0.0,0.0,0,0,0,0,0,0,0,0,0,0,0,0,0,0,9.5e-05,1.1e-05,1.1e-05,1894736.8421052631
hermes_pilot_h5_020,9,4,update_status,S2,1.0,1.0,2.0,2.0,2.0,2.0,2,2,2,2,0,0,0,0.5,0.5,none,none,,unknown,1.0,1.0,2.0,2.0,2.0,2.0,2,2,2,2,0.5,0.5,none,none,native,0,1.0,1.0,0.0,0,0,0,0,0,0,0,0,0,0,0,0,0,0,0.000133,3.8e-05,0.0,1804511.2781954885
hermes_pilot_h5_020,10,5,add_subtask,S3,1.0,0.6666666666666666,2.0,2.0,3.0,2.0,2,2,3,2,0,0,0,0.0,-0.33333333333333337,none,artifact,,unknown,1.0,0.6666666666666666,2.0,2.0,3.0,2.0,2,2,3,2,0.0,-0.33333333333333337,none,artifact,native,0,1.0,1.0,0.0,0,0,0,0,0,0,0,0,0,0,0,0,0,0,0.000147,1.4e-05,1.4e-05,2040816.3265306123
hermes_pilot_h5_020,11,6,update_status,S3,1.0,0.6666666666666666,2.0,2.0,3.0,2.0,2,2,3,2,0,0,0,0.0,0.0,none,none,,unknown,1.0,0.6666666666666666,2.0,2.0,3.0,2.0,2,2,3,2,0.0,0.0,none,none,native,0,1.0,1.0,0.0,0,0,0,0,0,0,0,0,0,0,0,0,0,0,0.000167,2e-05,3.4e-05,3614457.831325301
hermes_pilot_h5_020,16,7,add_subtask,S4,0.6666666666666666,0.5,3.0,2.0,4.0,2.0,3,2,4,2,0,0,0,-0.33333333333333337,-0.16666666666666663,investigation,investigation,,unknown,0.6666666666666666,0.5,3.0,2.0,4.0,2.0,3,2,4,2,-0.33333333333333337,-0.16666666666666663,investigation,investigation,native,0,1.0,1.0,0.0,0,0,0,0,0,0,0,0,0,0,0,0,0,0,0.000174,7e-06,4.1e-05,3797468.35443038
hermes_pilot_h5_020,19,8,update_status,S4,1.0,0.75,3.0,3.0,4.0,3.0,3,3,4,3,0,0,0,0.33333333333333337,0.25,none,none,,unknown,1.0,0.75,3.0,3.0,4.0,3.0,3,3,4,3,0.33333333333333337,0.25,none,none,native,0,1.0,1.0,1.0,0,0,0,0,0,0,0,0,0,0,0,0,0,0,0.000318,0.000144,0.0,1621621.6216216218
hermes_pilot_h5_020,20,9,add_subtask,S5,1.0,0.6,3.0,3.0,5.0,3.0,3,3,5,3,0,0,0,0.0,-0.15000000000000002,none,artifact,,unknown,1.0,0.6,3.0,3.0,5.0,3.0,3,3,5,3,0.0,-0.15000000000000002,none,artifact,native,0,1.0,1.0,1.0,0,0,0,0,0,0,0,0,0,0,0,0,0,0,0.000352,3.4e-05,3.4e-05,1463414.6341463416
hermes_pilot_h5_020,23,10,update_status,S5,1.0,0.8,3.0,3.0,5.0,4.0,3,3,5,4,0,0,0,0.0,0.20000000000000007,none,none,,unknown,1.0,0.8,3.0,3.0,5.0,4.0,3,3,5,4,0.0,0.20000000000000007,none,none,native,0,1.0,1.0,1.0,0,0,0,0,0,0,0,0,0,0,0,0,0,0,0.00041,5.8e-05,9.2e-05,1234567.9012345679
hermes_pilot_h5_021,0,0,init,,0.0,0.0,0,0,0,0,0,0,0,0,0,0,0,0.0,0.0,none,none,,unknown,0.0,0.0,0,0,0,0,0,0,0,0,0.0,0.0,none,none,native,0,0.0,0.0,0.0,0,0,0,0,0,0,0,0,0,0,0,0,0,0,,,,
hermes_pilot_h5_021,2,1,add_subtask,S1,0.0,0.0,1.0,0,1.0,0,1,0,1,0,0,0,0,0.0,0.0,none,none,,unknown,0.0,0.0,1.0,0,1.0,0,1,0,1,0,0.0,0.0,none,none,native,0,0.0,0.0,0.0,0,0,0,0,0,0,0,0,0,0,0,0,0,0,0.0,0.0,0.0,
hermes_pilot_h5_021,23,2,update_status,S1,1.0,1.0,1.0,1.0,1.0,1.0,1,1,1,1,0,0,0,1.0,1.0,none,none,,unknown,1.0,1.0,1.0,1.0,1.0,1.0,1,1,1,1,1.0,1.0,none,none,native,0,1.0,0.0,0.0,0,0,0,0,0,0,0,0,0,0,0,0,0,0,0.000349,0.000349,0.0,343839.5415472779
hermes_pilot_h5_022,0,0,init,,0.0,0.0,0,0,0,0,0,0,0,0,0,0,0,0.0,0.0,none,none,,unknown,0.0,0.0,0,0,0,0,0,0,0,0,0.0,0.0,none,none,native,0,0.0,0.0,0.0,0,0,0,0,0,0,0,0,0,0,0,0,0,0,,,,
hermes_pilot_h5_022,2,1,add_subtask,S1,0.0,0.0,1.0,0,1.0,0,1,0,1,0,0,0,0,0.0,0.0,none,none,,unknown,0.0,0.0,1.0,0,1.0,0,1,0,1,0,0.0,0.0,none,none,native,0,0.0,0.0,0.0,0,0,0,0,0,0,0,0,0,0,0,0,0,0,0.0,0.0,0.0,
hermes_pilot_h5_022,5,2,update_status,S1,0.0,0.0,1.0,0,1.0,0,1,0,1,0,0,0,0,0.0,0.0,none,none,,unknown,0.0,0.0,1.0,0,1.0,0,1,0,1,0,0.0,0.0,none,none,native,0,0.0,0.0,0.0,0,0,0,0,0,0,0,0,0,0,0,0,0,0,0.00023,0.00023,0.00023,521739.1304347826
hermes_pilot_h5_022,6,3,add_subtask,S2,0.0,0.0,2.0,0,2.0,0,2,0,2,0,0,0,0,0.0,0.0,none,none,,unknown,0.0,0.0,2.0,0,2.0,0,2,0,2,0,0.0,0.0,none,none,native,0,0.0,0.0,0.0,0,0,0,0,0,0,0,0,0,0,0,0,0,0,0.000241,1.1e-05,0.000241,746887.9668049793
hermes_pilot_h5_022,9,4,update_status,S2,0.5,0.5,2.0,1.0,2.0,1.0,2,1,2,1,0,0,0,0.5,0.5,none,none,,unknown,0.5,0.5,2.0,1.0,2.0,1.0,2,1,2,1,0.5,0.5,none,none,native,0,0.0,0.0,1.0,0,0,0,0,0,0,0,0,0,0,0,0,0,0,0.000378,0.000137,0.0,634920.6349206349
hermes_pilot_h5_022,10,5,add_subtask,S3,0.3333333333333333,0.3333333333333333,3.0,1.0,3.0,1.0,3,1,3,1,0,0,0,-0.16666666666666669,-0.16666666666666669,validation,validation,,unknown,0.3333333333333333,0.3333333333333333,3.0,1.0,3.0,1.0,3,1,3,1,-0.16666666666666669,-0.16666666666666669,validation,validation,native,0,0.0,0.0,1.0,0,0,0,0,0,0,0,0,0,0,0,0,0,0,0.000386,8e-06,8e-06,777202.0725388601
hermes_pilot_h5_022,11,6,update_status,S3,0.6666666666666666,0.6666666666666666,3.0,2.0,3.0,2.0,3,2,3,2,0,0,0,0.3333333333333333,0.3333333333333333,none,none,,unknown,0.6666666666666666,0.6666666666666666,3.0,2.0,3.0,2.0,3,2,3,2,0.3333333333333333,0.3333333333333333,none,none,native,0,0.0,1.0,1.0,0,0,0,0,0,0,0,0,0,0,0,0,0,0,0.000398,1.2e-05,0.0,1785714.2857142857
hermes_pilot_h5_022,12,7,add_subtask,S4,0.5,0.5,4.0,2.0,4.0,2.0,4,2,4,2,0,0,0,-0.16666666666666663,-0.16666666666666663,investigation,investigation,,unknown,0.5,0.5,4.0,2.0,4.0,2.0,4,2,4,2,-0.16666666666666663,-0.16666666666666663,investigation,investigation,native,0,0.0,1.0,0.5,0,0,0,0,0,0,0,0,0,0,0,0,0,0,0.000405,7e-06,7e-06,1829268.2926829266
hermes_pilot_h5_022,21,8,update_status,S4,0.5,0.5,4.0,2.0,4.0,2.0,4,2,4,2,0,0,0,0.0,0.0,none,none,,unknown,0.5,0.5,4.0,2.0,4.0,2.0,4,2,4,2,0.0,0.0,none,none,native,0,0.0,1.0,0.5,0,0,0,0,0,0,0,0,0,0,0,0,0,0,0.000713,0.000308,0.000315,895522.3880597014
hermes_pilot_h5_023,0,0,init,,0.0,0.0,0,0,0,0,0,0,0,0,0,0,0,0.0,0.0,none,none,,unknown,0.0,0.0,0,0,0,0,0,0,0,0,0.0,0.0,none,none,native,0,0.0,0.0,0.0,0,0,0,0,0,0,0,0,0,0,0,0,0,0,,,,
hermes_pilot_h5_023,2,1,add_subtask,S1,0.0,0.0,1.0,0,1.0,0,1,0,1,0,0,0,0,0.0,0.0,none,none,,unknown,0.0,0.0,1.0,0,1.0,0,1,0,1,0,0.0,0.0,none,none,native,0,0.0,0.0,0.0,0,0,0,0,0,0,0,0,0,0,0,0,0,0,0.0,0.0,0.0,
hermes_pilot_h5_023,3,2,update_status,S1,0.0,0.0,1.0,0,1.0,0,1,0,1,0,0,0,0,0.0,0.0,none,none,,unknown,0.0,0.0,1.0,0,1.0,0,1,0,1,0,0.0,0.0,none,none,native,0,0.0,0.0,0.0,0,0,0,0,0,0,0,0,0,0,0,0,0,0,4.6e-05,4.6e-05,4.6e-05,2608695.652173913
hermes_pilot_h5_023,4,3,add_subtask,S2,0.0,0.0,2.0,0,2.0,0,2,0,2,0,0,0,0,0.0,0.0,none,none,,unknown,0.0,0.0,2.0,0,2.0,0,2,0,2,0,0.0,0.0,none,none,native,0,0.0,0.0,0.0,0,0,0,0,0,0,0,0,0,0,0,0,0,0,5.6e-05,1e-05,5.6e-05,3214285.714285714
hermes_pilot_h5_023,13,4,update_status,S2,0.5,0.5,2.0,1.0,2.0,1.0,2,1,2,1,0,0,0,0.5,0.5,none,none,,unknown,0.5,0.5,2.0,1.0,2.0,1.0,2,1,2,1,0.5,0.5,none,none,native,0,0.0,0.0,1.0,0,0,0,0,0,0,0,0,0,0,0,0,0,0,0.000294,0.000238,0.0,816326.530612245
hermes_pilot_h5_023,14,5,add_subtask,S3,0.3333333333333333,0.3333333333333333,3.0,1.0,3.0,1.0,3,1,3,1,0,0,0,-0.16666666666666669,-0.16666666666666669,product,product,,unknown,0.3333333333333333,0.3333333333333333,3.0,1.0,3.0,1.0,3,1,3,1,-0.16666666666666669,-0.16666666666666669,product,product,native,0,0.0,0.0,1.0,0,0,0,0,0,0,0,0,0,0,0,0,0,0,0.000303,9e-06,9e-06,990099.0099009901
hermes_pilot_h5_023,15,6,update_status,S3,0.6666666666666666,0.6666666666666666,3.0,2.0,3.0,2.0,3,2,3,2,0,0,0,0.3333333333333333,0.3333333333333333,none,none,,unknown,0.6666666666666666,0.6666666666666666,3.0,2.0,3.0,2.0,3,2,3,2,0.3333333333333333,0.3333333333333333,none,none,native,0,1.0,0.0,1.0,0,0,0,0,0,0,0,0,0,0,0,0,0,0,0.000316,1.3e-05,0.0,1111111.111111111
hermes_pilot_h5_023,16,7,add_subtask,S4,0.5,0.5,4.0,2.0,4.0,2.0,4,2,4,2,0,0,0,-0.16666666666666663,-0.16666666666666663,validation,validation,,unknown,0.5,0.5,4.0,2.0,4.0,2.0,4,2,4,2,-0.16666666666666663,-0.16666666666666663,validation,validation,native,0,1.0,0.0,1.0,0,0,0,0,0,0,0,0,0,0,0,0,0,0,0.000323,7e-06,7e-06,1123595.5056179776
hermes_pilot_h5_023,19,8,update_status,S4,0.75,0.75,4.0,3.0,4.0,3.0,4,3,4,3,0,0,0,0.25,0.25,none,none,,unknown,0.75,0.75,4.0,3.0,4.0,3.0,4,3,4,3,0.25,0.25,none,none,native,0,1.0,0.5,1.0,0,0,0,0,0,0,0,0,0,0,0,0,0,0,0.00035,2.7e-05,0.0,5357142.857142857
hermes_pilot_h5_023,20,9,add_subtask,S5,0.6,0.6,5.0,3.0,5.0,3.0,5,3,5,3,0,0,0,-0.15000000000000002,-0.15000000000000002,product,product,,unknown,0.6,0.6,5.0,3.0,5.0,3.0,5,3,5,3,-0.15000000000000002,-0.15000000000000002,product,product,native,0,0.5,0.5,1.0,0,0,0,0,0,0,0,0,0,0,0,0,0,0,0.000357,7e-06,7e-06,5555555.555555556
hermes_pilot_h5_023,21,10,update_status,S5,0.8,0.8,5.0,4.0,5.0,4.0,5,4,5,4,0,0,0,0.20000000000000007,0.20000000000000007,none,none,,unknown,0.8,0.8,5.0,4.0,5.0,4.0,5,4,5,4,0.20000000000000007,0.20000000000000007,none,none,native,0,1.0,0.5,1.0,0,0,0,0,0,0,0,0,0,0,0,0,0,0,0.000368,1.1e-05,0.0,5769230.76923077
hermes_pilot_h5_023,22,11,add_subtask,S6,0.6666666666666666,0.6666666666666666,6.0,4.0,6.0,4.0,6,4,6,4,0,0,0,-0.13333333333333341,-0.13333333333333341,investigation,investigation,,unknown,0.6666666666666666,0.6666666666666666,6.0,4.0,6.0,4.0,6,4,6,4,-0.13333333333333341,-0.13333333333333341,investigation,investigation,native,0,1.0,0.5,0.5,0,0,0,0,0,0,0,0,0,0,0,0,0,0,0.000375,7e-06,7e-06,5769230.76923077
hermes_pilot_h5_023,31,12,update_status,S6,0.8333333333333334,0.8333333333333334,6.0,5.0,6.0,5.0,6,5,6,5,0,0,0,0.16666666666666674,0.16666666666666674,none,none,,unknown,0.8333333333333334,0.8333333333333334,6.0,5.0,6.0,5.0,6,5,6,5,0.16666666666666674,0.16666666666666674,none,none,native,0,1.0,0.5,1.0,0,0,0,0,0,0,0,0,0,0,0,0,0,0,0.000415,4e-05,0.0,4615384.615384616
hermes_pilot_h5_023,32,13,add_subtask,S7,0.7142857142857143,0.7142857142857143,7.0,5.0,7.0,5.0,7,5,7,5,0,0,0,-0.11904761904761907,-0.11904761904761907,product,product,,unknown,0.7142857142857143,0.7142857142857143,7.0,5.0,7.0,5.0,7,5,7,5,-0.11904761904761907,-0.11904761904761907,product,product,native,0,0.6666666666666666,0.5,1.0,0,0,0,0,0,0,0,0,0,0,0,0,0,0,0.000422,7e-06,7e-06,4615384.615384616
hermes_pilot_h5_023,33,14,update_status,S7,0.7142857142857143,0.7142857142857143,7.0,5.0,7.0,5.0,7,5,7,5,0,0,0,0.0,0.0,none,none,,unknown,0.7142857142857143,0.7142857142857143,7.0,5.0,7.0,5.0,7,5,7,5,0.0,0.0,none,none,native,0,0.6666666666666666,0.5,1.0,0,0,0,0,0,0,0,0,0,0,0,0,0,0,0.000435,1.3e-05,2e-05,4477611.940298508
hermes_pilot_h5_023,36,15,add_subtask,S8,0.625,0.625,8.0,5.0,8.0,5.0,8,5,8,5,0,0,0,-0.0892857142857143,-0.0892857142857143,investigation,investigation,,unknown,0.625,0.625,8.0,5.0,8.0,5.0,8,5,8,5,-0.0892857142857143,-0.0892857142857143,investigation,investigation,native,0,0.6666666666666666,0.5,0.6666666666666666,0,0,0,0,0,0,0,0,0,0,0,0,0,0,0.000441,6e-06,2.6e-05,4545454.545454545
hermes_pilot_h5_023,37,16,update_status,S8,0.75,0.75,8.0,6.0,8.0,6.0,8,6,8,6,0,0,0,0.125,0.125,none,none,,unknown,0.75,0.75,8.0,6.0,8.0,6.0,8,6,8,6,0.125,0.125,none,none,native,0,0.6666666666666666,0.5,1.0,0,0,0,0,0,0,0,0,0,0,0,0,0,0,0.00046,1.9e-05,0.0,6666666.666666666
hermes_pilot_h5_023,38,17,add_subtask,S9,0.6666666666666666,0.6666666666666666,9.0,6.0,9.0,6.0,9,6,9,6,0,0,0,-0.08333333333333337,-0.08333333333333337,product,product,,unknown,0.6666666666666666,0.6666666666666666,9.0,6.0,9.0,6.0,9,6,9,6,-0.08333333333333337,-0.08333333333333337,product,product,native,0,0.5,0.5,1.0,0,0,0,0,0,0,0,0,0,0,0,0,0,0,0.000468,8e-06,8e-06,6521739.130434782
hermes_pilot_h5_023,39,18,update_status,S9,0.7777777777777778,0.7777777777777778,9.0,7.0,9.0,7.0,9,7,9,7,0,0,0,0.11111111111111116,0.11111111111111116,none,none,,unknown,0.7777777777777778,0.7777777777777778,9.0,7.0,9.0,7.0,9,7,9,7,0.11111111111111116,0.11111111111111116,none,none,native,0,0.75,0.5,1.0,0,0,0,0,0,0,0,0,0,0,0,0,0,0,0.000481,1.3e-05,0.0,6521739.130434782
hermes_pilot_h5_023,40,19,add_subtask,S10,0.7,0.7,10.0,7.0,10.0,7.0,10,7,10,7,0,0,0,-0.07777777777777783,-0.07777777777777783,investigation,investigation,,unknown,0.7,0.7,10.0,7.0,10.0,7.0,10,7,10,7,-0.07777777777777783,-0.07777777777777783,investigation,investigation,native,0,0.75,0.5,0.75,0,0,0,0,0,0,0,0,0,0,0,0,0,0,0.000488,7e-06,7e-06,6382978.723404256
hermes_pilot_h5_023,49,20,update_status,S10,0.8,0.8,10.0,8.0,10.0,8.0,10,8,10,8,0,0,0,0.10000000000000009,0.10000000000000009,none,none,,unknown,0.8,0.8,10.0,8.0,10.0,8.0,10,8,10,8,0.10000000000000009,0.10000000000000009,none,none,native,0,0.75,0.5,1.0,0,0,0,0,0,0,0,0,0,0,0,0,0,0,0.00064,0.000152,0.0,1666666.6666666665
hermes_pilot_h5_023,50,21,add_subtask,S11,0.7272727272727273,0.7272727272727273,11.0,8.0,11.0,8.0,11,8,11,8,0,0,0,-0.07272727272727275,-0.07272727272727275,product,product,,unknown,0.7272727272727273,0.7272727272727273,11.0,8.0,11.0,8.0,11,8,11,8,-0.07272727272727275,-0.07272727272727275,product,product,native,0,0.6,0.5,1.0,0,0,0,0,0,0,0,0,0,0,0,0,0,0,0.000656,1.6e-05,1.6e-05,1595744.680851064
hermes_pilot_h5_023,51,22,update_status,S11,0.8181818181818182,0.8181818181818182,11.0,9.0,11.0,9.0,11,9,11,9,0,0,0,0.09090909090909094,0.09090909090909094,none,none,,unknown,0.8181818181818182,0.8181818181818182,11.0,9.0,11.0,9.0,11,9,11,9,0.09090909090909094,0.09090909090909094,none,none,native,0,0.8,0.5,1.0,0,0,0,0,0,0,0,0,0,0,0,0,0,0,0.000684,2.8e-05,0.0,1477832.512315271
hermes_pilot_h5_024,0,0,init,,0.0,0.0,0,0,0,0,0,0,0,0,0,0,0,0.0,0.0,none,none,,unknown,0.0,0.0,0,0,0,0,0,0,0,0,0.0,0.0,none,none,native,0,0.0,0.0,0.0,0,0,0,0,0,0,0,0,0,0,0,0,0,0,,,,
hermes_pilot_h5_024,2,1,add_subtask,S1,0.0,0.0,0,0,1.0,0,0,0,1,0,0,0,0,0.0,0.0,none,none,,unknown,0.0,0.0,0,0,1.0,0,0,0,1,0,0.0,0.0,none,none,native,0,0.0,0.0,0.0,0,0,0,0,0,0,0,0,0,0,0,0,0,0,0.0,0.0,0.0,
hermes_pilot_h5_024,3,2,update_status,S1,0.0,1.0,0,0,1.0,1.0,0,0,1,1,0,0,0,0.0,1.0,none,none,,unknown,0.0,1.0,0,0,1.0,1.0,0,0,1,1,0.0,1.0,none,none,native,0,0.0,0.0,0.0,0,0,0,0,0,0,0,0,0,0,0,0,0,0,4.5e-05,4.5e-05,4.5e-05,2666666.6666666665
hermes_pilot_h5_024,4,3,add_subtask,S2,0.0,0.5,1.0,0,2.0,1.0,1,0,2,1,0,0,0,0.0,-0.5,none,product,,unknown,0.0,0.5,1.0,0,2.0,1.0,1,0,2,1,0.0,-0.5,none,product,native,0,0.0,0.0,0.0,0,0,0,0,0,0,0,0,0,0,0,0,0,0,8.6e-05,4.1e-05,8.6e-05,2093023.2558139535
hermes_pilot_h5_024,5,4,update_status,S2,1.0,1.0,1.0,1.0,2.0,2.0,1,1,2,2,0,0,0,1.0,0.5,none,none,,unknown,1.0,1.0,1.0,1.0,2.0,2.0,1,1,2,2,1.0,0.5,none,none,native,0,1.0,0.0,0.0,0,0,0,0,0,0,0,0,0,0,0,0,0,0,0.000136,5e-05,0.0,1764705.882352941
hermes_pilot_h5_024,6,5,add_subtask,S3,0.5,0.6666666666666666,2.0,1.0,3.0,2.0,2,1,3,2,0,0,0,-0.5,-0.33333333333333337,validation,validation,,unknown,0.5,0.6666666666666666,2.0,1.0,3.0,2.0,2,1,3,2,-0.5,-0.33333333333333337,validation,validation,native,0,1.0,0.0,0.0,0,0,0,0,0,0,0,0,0,0,0,0,0,0,0.000145,9e-06,9e-06,2068965.5172413792
hermes_pilot_h5_024,7,6,update_status,S3,0.5,0.6666666666666666,2.0,1.0,3.0,2.0,2,1,3,2,0,0,0,0.0,0.0,none,none,,unknown,0.5,0.6666666666666666,2.0,1.0,3.0,2.0,2,1,3,2,0.0,0.0,none,none,native,0,1.0,0.0,0.0,0,0,0,0,0,0,0,0,0,0,0,0,0,0,0.000159,1.4e-05,2.3e-05,2631578.947368421
hermes_pilot_h5_024,8,7,add_subtask,S4,0.5,0.5,2.0,1.0,4.0,2.0,2,1,4,2,0,0,0,0.0,-0.16666666666666663,none,environment,,unknown,0.5,0.5,2.0,1.0,4.0,2.0,2,1,4,2,0.0,-0.16666666666666663,none,environment,native,0,1.0,0.0,0.0,0,0,0,0,0,0,0,0,0,0,0,0,0,0,0.000166,7e-06,3e-05,3750000.0
hermes_pilot_h5_024,9,8,update_status,S4,0.5,0.75,2.0,1.0,4.0,3.0,2,1,4,3,0,0,0,0.0,0.25,none,none,,unknown,0.5,0.75,2.0,1.0,4.0,3.0,2,1,4,3,0.0,0.25,none,none,native,0,1.0,0.0,0.0,0,0,0,0,0,0,0,0,0,0,0,0,0,0,0.000179,1.3e-05,4.3e-05,6976744.186046512
hermes_pilot_h5_024,10,9,add_subtask,S5,0.3333333333333333,0.6,3.0,1.0,5.0,3.0,3,1,5,3,0,0,0,-0.16666666666666669,-0.15000000000000002,validation,validation,,unknown,0.3333333333333333,0.6,3.0,1.0,5.0,3.0,3,1,5,3,-0.16666666666666669,-0.15000000000000002,validation,validation,native,0,1.0,0.0,0.0,0,0,0,0,0,0,0,0,0,0,0,0,0,0,0.000186,7e-06,5e-05,7317073.170731707
hermes_pilot_h5_024,11,10,update_status,S5,0.3333333333333333,0.6,3.0,1.0,5.0,3.0,3,1,5,3,0,0,0,0.0,0.0,none,none,,unknown,0.3333333333333333,0.6,3.0,1.0,5.0,3.0,3,1,5,3,0.0,0.0,none,none,native,0,1.0,0.0,0.0,0,0,0,0,0,0,0,0,0,0,0,0,0,0,0.000197,1.1e-05,6.1e-05,7894736.842105263
hermes_pilot_h5_024,12,11,add_subtask,S6,0.25,0.5,4.0,1.0,6.0,3.0,4,1,6,3,0,0,0,-0.08333333333333331,-0.09999999999999998,product,product,,unknown,0.25,0.5,4.0,1.0,6.0,3.0,4,1,6,3,-0.08333333333333331,-0.09999999999999998,product,product,native,0,0.5,0.0,0.0,0,0,0,0,0,0,0,0,0,0,0,0,0,0,0.000204,7e-06,6.8e-05,7894736.842105263
hermes_pilot_h5_024,15,12,update_status,S6,0.5,0.6666666666666666,4.0,2.0,6.0,4.0,4,2,6,4,0,0,0,0.25,0.16666666666666663,none,none,,unknown,0.5,0.6666666666666666,4.0,2.0,6.0,4.0,4,2,6,4,0.25,0.16666666666666663,none,none,native,0,1.0,0.0,0.0,0,0,0,0,0,0,0,0,0,0,0,0,0,0,0.000221,1.7e-05,0.0,7142857.142857143
hermes_pilot_h5_025,0,0,init,,0.0,0.0,0,0,0,0,0,0,0,0,0,0,0,0.0,0.0,none,none,,unknown,0.0,0.0,0,0,0,0,0,0,0,0,0.0,0.0,none,none,native,0,0.0,0.0,0.0,0,0,0,0,0,0,0,0,0,0,0,0,0,0,,,,
hermes_pilot_h5_025,2,1,add_subtask,S1,0.0,0.0,1.0,0,1.0,0,1,0,1,0,0,0,0,0.0,0.0,none,none,,unknown,0.0,0.0,1.0,0,1.0,0,1,0,1,0,0.0,0.0,none,none,native,0,0.0,0.0,0.0,0,0,0,0,0,0,0,0,0,0,0,0,0,0,0.0,0.0,0.0,
hermes_pilot_h5_025,3,2,update_status,S1,0.0,0.0,1.0,0,1.0,0,1,0,1,0,0,0,0,0.0,0.0,none,none,,unknown,0.0,0.0,1.0,0,1.0,0,1,0,1,0,0.0,0.0,none,none,native,0,0.0,0.0,0.0,0,0,0,0,0,0,0,0,0,0,0,0,0,0,0.000103,0.000103,0.000103,1165048.5436893203
hermes_pilot_h5_025,4,3,add_subtask,S2,0.0,0.0,2.0,0,2.0,0,2,0,2,0,0,0,0,0.0,0.0,none,none,,unknown,0.0,0.0,2.0,0,2.0,0,2,0,2,0,0.0,0.0,none,none,native,0,0.0,0.0,0.0,0,0,0,0,0,0,0,0,0,0,0,0,0,0,0.000114,1.1e-05,0.000114,1578947.3684210526
hermes_pilot_h5_025,5,4,update_status,S2,0.0,0.0,2.0,0,2.0,0,2,0,2,0,0,0,0,0.0,0.0,none,none,,unknown,0.0,0.0,2.0,0,2.0,0,2,0,2,0,0.0,0.0,none,none,native,0,0.0,0.0,0.0,0,0,0,0,0,0,0,0,0,0,0,0,0,0,0.000127,1.3e-05,0.000127,1889763.7795275592
hermes_pilot_h5_025,6,5,add_subtask,S3,0.0,0.0,3.0,0,3.0,0,3,0,3,0,0,0,0,0.0,0.0,none,none,,unknown,0.0,0.0,3.0,0,3.0,0,3,0,3,0,0.0,0.0,none,none,native,0,0.0,0.0,0.0,0,0,0,0,0,0,0,0,0,0,0,0,0,0,0.000185,5.8e-05,0.000185,1621621.6216216218
hermes_pilot_h5_025,9,6,update_status,S3,0.3333333333333333,0.3333333333333333,3.0,1.0,3.0,1.0,3,1,3,1,0,0,0,0.3333333333333333,0.3333333333333333,none,none,,unknown,0.3333333333333333,0.3333333333333333,3.0,1.0,3.0,1.0,3,1,3,1,0.3333333333333333,0.3333333333333333,none,none,native,0,0.5,0.0,0.0,0,0,0,0,0,0,0,0,0,0,0,0,0,0,0.000263,7.8e-05,0.0,1875000.0
hermes_pilot_h5_025,10,7,add_subtask,S4,0.25,0.25,4.0,1.0,4.0,1.0,4,1,4,1,0,0,0,-0.08333333333333331,-0.08333333333333331,validation,validation,,unknown,0.25,0.25,4.0,1.0,4.0,1.0,4,1,4,1,-0.08333333333333331,-0.08333333333333331,validation,validation,native,0,0.5,0.0,0.0,0,0,0,0,0,0,0,0,0,0,0,0,0,0,0.000271,8e-06,8e-06,1910828.0254777072
hermes_pilot_h5_025,11,8,update_status,S4,0.5,0.5,4.0,2.0,4.0,2.0,4,2,4,2,0,0,0,0.25,0.25,none,none,,unknown,0.5,0.5,4.0,2.0,4.0,2.0,4,2,4,2,0.25,0.25,none,none,native,0,0.5,0.5,0.0,0,0,0,0,0,0,0,0,0,0,0,0,0,0,0.000294,2.3e-05,0.0,1796407.1856287427
hermes_pilot_h5_025,12,9,add_subtask,S5,0.4,0.4,5.0,2.0,5.0,2.0,5,2,5,2,0,0,0,-0.09999999999999998,-0.09999999999999998,product,product,,unknown,0.4,0.4,5.0,2.0,5.0,2.0,5,2,5,2,-0.09999999999999998,-0.09999999999999998,product,product,native,0,0.3333333333333333,0.5,0.0,0,0,0,0,0,0,0,0,0,0,0,0,0,0,0.000304,1e-05,1e-05,2521008.4033613442
hermes_pilot_h5_025,19,10,update_status,S5,0.6,0.6,5.0,3.0,5.0,3.0,5,3,5,3,0,0,0,0.19999999999999996,0.19999999999999996,none,none,,unknown,0.6,0.6,5.0,3.0,5.0,3.0,5,3,5,3,0.19999999999999996,0.19999999999999996,none,none,native,0,0.6666666666666666,0.5,0.0,0,0,0,0,0,0,0,0,0,0,0,0,0,0,0.000361,5.7e-05,0.0,3061224.4897959186
hermes_pilot_h5_025,20,11,add_subtask,S6,0.6,0.5,5.0,3.0,6.0,3.0,5,3,6,3,0,0,0,0.0,-0.09999999999999998,none,artifact,,unknown,0.6,0.5,5.0,3.0,6.0,3.0,5,3,6,3,0.0,-0.09999999999999998,none,artifact,native,0,0.6666666666666666,0.5,0.0,0,0,0,0,0,0,0,0,0,0,0,0,0,0,0.000377,1.6e-05,1.6e-05,2830188.679245283
hermes_pilot_h5_025,21,12,update_status,S6,0.6,0.5,5.0,3.0,6.0,3.0,5,3,6,3,0,0,0,0.0,0.0,none,none,,unknown,0.6,0.5,5.0,3.0,6.0,3.0,5,3,6,3,0.0,0.0,none,none,native,0,0.6666666666666666,0.5,0.0,0,0,0,0,0,0,0,0,0,0,0,0,0,0,0.000398,2.1e-05,3.7e-05,2884615.384615385
hermes_pilot_h5_026,0,0,init,,0.0,0.0,0,0,0,0,0,0,0,0,0,0,0,0.0,0.0,none,none,,unknown,0.0,0.0,0,0,0,0,0,0,0,0,0.0,0.0,none,none,native,0,0.0,0.0,0.0,0,0,0,0,0,0,0,0,0,0,0,0,0,0,,,,
hermes_pilot_h5_026,2,1,add_subtask,S1,0.0,0.0,1.0,0,1.0,0,1,0,1,0,0,0,0,0.0,0.0,none,none,,unknown,0.0,0.0,1.0,0,1.0,0,1,0,1,0,0.0,0.0,none,none,native,0,0.0,0.0,0.0,0,0,0,0,0,0,0,0,0,0,0,0,0,0,0.0,0.0,0.0,
hermes_pilot_h5_026,21,2,update_status,S1,1.0,1.0,1.0,1.0,1.0,1.0,1,1,1,1,0,0,0,1.0,1.0,none,none,,unknown,1.0,1.0,1.0,1.0,1.0,1.0,1,1,1,1,1.0,1.0,none,none,native,0,1.0,0.0,0.0,0,0,0,0,0,0,0,0,0,0,0,0,0,0,0.00033,0.00033,0.0,363636.36363636365
hermes_pilot_h5_027,0,0,init,,0.0,0.0,0,0,0,0,0,0,0,0,0,0,0,0.0,0.0,none,none,,unknown,0.0,0.0,0,0,0,0,0,0,0,0,0.0,0.0,none,none,native,0,0.0,0.0,0.0,0,0,0,0,0,0,0,0,0,0,0,0,0,0,,,,
hermes_pilot_h5_027,2,1,add_subtask,S1,0.0,0.0,1.0,0,1.0,0,1,0,1,0,0,0,0,0.0,0.0,none,none,,unknown,0.0,0.0,1.0,0,1.0,0,1,0,1,0,0.0,0.0,none,none,native,0,0.0,0.0,0.0,0,0,0,0,0,0,0,0,0,0,0,0,0,0,0.0,0.0,0.0,
hermes_pilot_h5_027,7,2,update_status,S1,1.0,1.0,1.0,1.0,1.0,1.0,1,1,1,1,0,0,0,1.0,1.0,none,none,,unknown,1.0,1.0,1.0,1.0,1.0,1.0,1,1,1,1,1.0,1.0,none,none,native,0,0.0,0.0,1.0,0,0,0,0,0,0,0,0,0,0,0,0,0,0,0.000338,0.000338,0.0,355029.5857988166
hermes_pilot_h5_027,8,3,add_subtask,S2,0.5,0.5,2.0,1.0,2.0,1.0,2,1,2,1,0,0,0,-0.5,-0.5,product,product,,unknown,0.5,0.5,2.0,1.0,2.0,1.0,2,1,2,1,-0.5,-0.5,product,product,native,0,0.0,0.0,1.0,0,0,0,0,0,0,0,0,0,0,0,0,0,0,0.000349,1.1e-05,1.1e-05,515759.31232091686
hermes_pilot_h5_027,9,4,update_status,S2,1.0,1.0,2.0,2.0,2.0,2.0,2,2,2,2,0,0,0,0.5,0.5,none,none,,unknown,1.0,1.0,2.0,2.0,2.0,2.0,2,2,2,2,0.5,0.5,none,none,native,0,1.0,0.0,1.0,0,0,0,0,0,0,0,0,0,0,0,0,0,0,0.000373,2.4e-05,0.0,643431.63538874
hermes_pilot_h5_027,10,5,add_subtask,S3,0.6666666666666666,0.6666666666666666,3.0,2.0,3.0,2.0,3,2,3,2,0,0,0,-0.33333333333333337,-0.33333333333333337,investigation,investigation,,unknown,0.6666666666666666,0.6666666666666666,3.0,2.0,3.0,2.0,3,2,3,2,-0.33333333333333337,-0.33333333333333337,investigation,investigation,native,0,1.0,0.0,0.5,0,0,0,0,0,0,0,0,0,0,0,0,0,0,0.000381,8e-06,8e-06,787401.5748031496
hermes_pilot_h5_027,13,6,update_status,S3,0.6666666666666666,0.6666666666666666,3.0,2.0,3.0,2.0,3,2,3,2,0,0,0,0.0,0.0,none,none,,unknown,0.6666666666666666,0.6666666666666666,3.0,2.0,3.0,2.0,3,2,3,2,0.0,0.0,none,none,native,0,1.0,0.0,0.5,0,0,0,0,0,0,0,0,0,0,0,0,0,0,0.000505,0.000124,0.000132,1796407.1856287427
hermes_pilot_h5_027,16,7,add_subtask,S4,0.5,0.5,4.0,2.0,4.0,2.0,4,2,4,2,0,0,0,-0.16666666666666663,-0.16666666666666663,validation,validation,,unknown,0.5,0.5,4.0,2.0,4.0,2.0,4,2,4,2,-0.16666666666666663,-0.16666666666666663,validation,validation,native,0,1.0,0.0,0.5,0,0,0,0,0,0,0,0,0,0,0,0,0,0,0.000522,1.7e-05,0.000149,1734104.0462427745
hermes_pilot_h5_027,17,8,update_status,S4,0.75,0.75,4.0,3.0,4.0,3.0,4,3,4,3,0,0,0,0.25,0.25,none,none,,unknown,0.75,0.75,4.0,3.0,4.0,3.0,4,3,4,3,0.25,0.25,none,none,native,0,1.0,1.0,0.5,0,0,0,0,0,0,0,0,0,0,0,0,0,0,0.000539,1.7e-05,0.0,1807228.9156626505
hermes_pilot_h5_028,0,0,init,,0.0,0.0,0,0,0,0,0,0,0,0,0,0,0,0.0,0.0,none,none,,unknown,0.0,0.0,0,0,0,0,0,0,0,0,0.0,0.0,none,none,native,0,0.0,0.0,0.0,0,0,0,0,0,0,0,0,0,0,0,0,0,0,,,,
hermes_pilot_h5_028,2,1,add_subtask,S1,0.0,0.0,1.0,0,1.0,0,1,0,1,0,0,0,0,0.0,0.0,none,none,,unknown,0.0,0.0,1.0,0,1.0,0,1,0,1,0,0.0,0.0,none,none,native,0,0.0,0.0,0.0,0,0,0,0,0,0,0,0,0,0,0,0,0,0,0.0,0.0,0.0,
hermes_pilot_h5_028,5,2,update_status,S1,1.0,1.0,1.0,1.0,1.0,1.0,1,1,1,1,0,0,0,1.0,1.0,none,none,,unknown,1.0,1.0,1.0,1.0,1.0,1.0,1,1,1,1,1.0,1.0,none,none,native,0,0.0,1.0,0.0,0,0,0,0,0,0,0,0,0,0,0,0,0,0,5.4e-05,5.4e-05,0.0,2222222.2222222225
hermes_pilot_h5_028,6,3,add_subtask,S2,0.5,0.5,2.0,1.0,2.0,1.0,2,1,2,1,0,0,0,-0.5,-0.5,investigation,investigation,,unknown,0.5,0.5,2.0,1.0,2.0,1.0,2,1,2,1,-0.5,-0.5,investigation,investigation,native,0,0.0,1.0,0.0,0,0,0,0,0,0,0,0,0,0,0,0,0,0,6.4e-05,1e-05,1e-05,2812500.0
hermes_pilot_h5_028,7,4,update_status,S2,1.0,1.0,2.0,2.0,2.0,2.0,2,2,2,2,0,0,0,0.5,0.5,none,none,,unknown,1.0,1.0,2.0,2.0,2.0,2.0,2,2,2,2,0.5,0.5,none,none,native,0,0.0,1.0,1.0,0,0,0,0,0,0,0,0,0,0,0,0,0,0,7.6e-05,1.2e-05,0.0,3157894.736842105
hermes_pilot_h5_028,8,5,add_subtask,S3,0.6666666666666666,0.6666666666666666,3.0,2.0,3.0,2.0,3,2,3,2,0,0,0,-0.33333333333333337,-0.33333333333333337,validation,validation,,unknown,0.6666666666666666,0.6666666666666666,3.0,2.0,3.0,2.0,3,2,3,2,-0.33333333333333337,-0.33333333333333337,validation,validation,native,0,0.0,0.5,1.0,0,0,0,0,0,0,0,0,0,0,0,0,0,0,8.3e-05,7e-06,7e-06,3614457.831325301
hermes_pilot_h5_028,11,6,update_status,S3,1.0,1.0,3.0,3.0,3.0,3.0,3,3,3,3,0,0,0,0.33333333333333337,0.33333333333333337,none,none,,unknown,1.0,1.0,3.0,3.0,3.0,3.0,3,3,3,3,0.33333333333333337,0.33333333333333337,none,none,native,0,0.0,1.0,1.0,0,0,0,0,0,0,0,0,0,0,0,0,0,0,0.000105,2.2e-05,0.0,5882352.94117647
hermes_pilot_h5_028,12,7,add_subtask,S4,0.75,0.75,4.0,3.0,4.0,3.0,4,3,4,3,0,0,0,-0.25,-0.25,investigation,investigation,,unknown,0.75,0.75,4.0,3.0,4.0,3.0,4,3,4,3,-0.25,-0.25,investigation,investigation,native,0,0.0,1.0,0.5,0,0,0,0,0,0,0,0,0,0,0,0,0,0,0.000112,7e-06,7e-06,6249999.999999999
hermes_pilot_h5_028,19,8,update_status,S4,1.0,1.0,4.0,4.0,4.0,4.0,4,4,4,4,0,0,0,0.25,0.25,none,none,,unknown,1.0,1.0,4.0,4.0,4.0,4.0,4,4,4,4,0.25,0.25,none,none,native,0,0.0,1.0,1.0,0,0,0,0,0,0,0,0,0,0,0,0,0,0,0.000168,5.6e-05,0.0,3260869.565217391
hermes_pilot_h5_028,20,9,add_subtask,S5,0.8,0.8,5.0,4.0,5.0,4.0,5,4,5,4,0,0,0,-0.19999999999999996,-0.19999999999999996,validation,validation,,unknown,0.8,0.8,5.0,4.0,5.0,4.0,5,4,5,4,-0.19999999999999996,-0.19999999999999996,validation,validation,native,0,0.0,0.6666666666666666,1.0,0,0,0,0,0,0,0,0,0,0,0,0,0,0,0.000176,8e-06,8e-06,3225806.4516129033
hermes_pilot_h5_028,37,10,update_status,S5,0.8,0.8,5.0,4.0,5.0,4.0,5,4,5,4,0,0,0,0.0,0.0,none,none,,unknown,0.8,0.8,5.0,4.0,5.0,4.0,5,4,5,4,0.0,0.0,none,none,native,0,0.0,0.6666666666666666,1.0,0,0,0,0,0,0,0,0,0,0,0,0,0,0,0.000229,5.3e-05,6.1e-05,2419354.8387096776
hermes_pilot_h5_028,62,11,add_subtask,S6,0.6666666666666666,0.6666666666666666,6.0,4.0,6.0,4.0,6,4,6,4,0,0,0,-0.13333333333333341,-0.13333333333333341,product,product,,unknown,0.6666666666666666,0.6666666666666666,6.0,4.0,6.0,4.0,6,4,6,4,-0.13333333333333341,-0.13333333333333341,product,product,native,0,0.0,0.6666666666666666,1.0,0,0,0,0,0,0,0,0,0,0,0,0,0,0,0.000236,7e-06,6.8e-05,2419354.8387096776
hermes_pilot_h5_028,63,12,update_status,S6,0.8333333333333334,0.8333333333333334,6.0,5.0,6.0,5.0,6,5,6,5,0,0,0,0.16666666666666674,0.16666666666666674,none,none,,unknown,0.8333333333333334,0.8333333333333334,6.0,5.0,6.0,5.0,6,5,6,5,0.16666666666666674,0.16666666666666674,none,none,native,0,1.0,0.6666666666666666,1.0,0,0,0,0,0,0,0,0,0,0,0,0,0,0,0.000252,1.6e-05,0.0,3571428.5714285714
hermes_pilot_h5_028,64,13,add_subtask,S7,0.7142857142857143,0.7142857142857143,7.0,5.0,7.0,5.0,7,5,7,5,0,0,0,-0.11904761904761907,-0.11904761904761907,validation,validation,,unknown,0.7142857142857143,0.7142857142857143,7.0,5.0,7.0,5.0,7,5,7,5,-0.11904761904761907,-0.11904761904761907,validation,validation,native,0,1.0,0.5,1.0,0,0,0,0,0,0,0,0,0,0,0,0,0,0,0.000259,7e-06,7e-06,3614457.831325301
hermes_pilot_h5_028,67,14,update_status,S7,0.8571428571428571,0.8571428571428571,7.0,6.0,7.0,6.0,7,6,7,6,0,0,0,0.1428571428571428,0.1428571428571428,none,none,,unknown,0.8571428571428571,0.8571428571428571,7.0,6.0,7.0,6.0,7,6,7,6,0.1428571428571428,0.1428571428571428,none,none,native,0,1.0,0.75,1.0,0,0,0,0,0,0,0,0,0,0,0,0,0,0,0.000286,2.7e-05,0.0,5263157.894736842
hermes_pilot_h5_028,68,15,add_subtask,S8,0.75,0.75,8.0,6.0,8.0,6.0,8,6,8,6,0,0,0,-0.1071428571428571,-0.1071428571428571,product,product,,unknown,0.75,0.75,8.0,6.0,8.0,6.0,8,6,8,6,-0.1071428571428571,-0.1071428571428571,product,product,native,0,0.5,0.75,1.0,0,0,0,0,0,0,0,0,0,0,0,0,0,0,0.000294,8e-06,8e-06,5172413.793103449
hermes_pilot_h5_028,75,16,update_status,S8,0.75,0.75,8.0,6.0,8.0,6.0,8,6,8,6,0,0,0,0.0,0.0,none,none,,unknown,0.75,0.75,8.0,6.0,8.0,6.0,8,6,8,6,0.0,0.0,none,none,native,0,0.5,0.75,1.0,0,0,0,0,0,0,0,0,0,0,0,0,0,0,0.000321,2.7e-05,3.5e-05,4347826.0869565215
hermes_pilot_h5_028,82,17,add_subtask,S9,0.6666666666666666,0.6666666666666666,9.0,6.0,9.0,6.0,9,6,9,6,0,0,0,-0.08333333333333337,-0.08333333333333337,validation,validation,,unknown,0.6666666666666666,0.6666666666666666,9.0,6.0,9.0,6.0,9,6,9,6,-0.08333333333333337,-0.08333333333333337,validation,validation,native,0,0.5,0.6,1.0,0,0,0,0,0,0,0,0,0,0,0,0,0,0,0.000329,8e-06,4.3e-05,4285714.285714286
hermes_pilot_h5_028,85,18,update_status,S9,0.7777777777777778,0.7777777777777778,9.0,7.0,9.0,7.0,9,7,9,7,0,0,0,0.11111111111111116,0.11111111111111116,none,none,,unknown,0.7777777777777778,0.7777777777777778,9.0,7.0,9.0,7.0,9,7,9,7,0.11111111111111116,0.11111111111111116,none,none,native,0,0.5,0.8,1.0,0,0,0,0,0,0,0,0,0,0,0,0,0,0,0.000362,3.3e-05,0.0,3947368.4210526315
hermes_pilot_h5_029,0,0,init,,0.0,0.0,0,0,0,0,0,0,0,0,0,0,0,0.0,0.0,none,none,,unknown,0.0,0.0,0,0,0,0,0,0,0,0,0.0,0.0,none,none,native,0,0.0,0.0,0.0,0,0,0,0,0,0,0,0,0,0,0,0,0,0,,,,
hermes_pilot_h5_029,2,1,add_subtask,S1,0.0,0.0,1.0,0,1.0,0,1,0,1,0,0,0,0,0.0,0.0,none,none,,unknown,0.0,0.0,1.0,0,1.0,0,1,0,1,0,0.0,0.0,none,none,native,0,0.0,0.0,0.0,0,0,0,0,0,0,0,0,0,0,0,0,0,0,0.0,0.0,0.0,
hermes_pilot_h5_029,3,2,update_status,S1,1.0,1.0,1.0,1.0,1.0,1.0,1,1,1,1,0,0,0,1.0,1.0,none,none,,unknown,1.0,1.0,1.0,1.0,1.0,1.0,1,1,1,1,1.0,1.0,none,none,native,0,0.0,1.0,0.0,0,0,0,0,0,0,0,0,0,0,0,0,0,0,3.9e-05,3.9e-05,0.0,3076923.076923077
hermes_pilot_h5_029,4,3,add_subtask,S2,0.5,0.5,2.0,1.0,2.0,1.0,2,1,2,1,0,0,0,-0.5,-0.5,product,product,,unknown,0.5,0.5,2.0,1.0,2.0,1.0,2,1,2,1,-0.5,-0.5,product,product,native,0,0.0,1.0,0.0,0,0,0,0,0,0,0,0,0,0,0,0,0,0,5.6e-05,1.7e-05,1.7e-05,3214285.714285714
hermes_pilot_h5_029,41,4,update_status,S2,1.0,1.0,2.0,2.0,2.0,2.0,2,2,2,2,0,0,0,0.5,0.5,none,none,,unknown,1.0,1.0,2.0,2.0,2.0,2.0,2,2,2,2,0.5,0.5,none,none,native,0,1.0,1.0,0.0,0,0,0,0,0,0,0,0,0,0,0,0,0,0,0.000324,0.000268,0.0,740740.7407407408
hermes_pilot_h5_029,42,5,add_subtask,S3,0.6666666666666666,0.6666666666666666,3.0,2.0,3.0,2.0,3,2,3,2,0,0,0,-0.33333333333333337,-0.33333333333333337,validation,validation,,unknown,0.6666666666666666,0.6666666666666666,3.0,2.0,3.0,2.0,3,2,3,2,-0.33333333333333337,-0.33333333333333337,validation,validation,native,0,1.0,0.5,0.0,0,0,0,0,0,0,0,0,0,0,0,0,0,0,0.000332,8e-06,8e-06,903614.4578313252
hermes_pilot_h5_029,43,6,update_status,S3,1.0,1.0,3.0,3.0,3.0,3.0,3,3,3,3,0,0,0,0.33333333333333337,0.33333333333333337,none,none,,unknown,1.0,1.0,3.0,3.0,3.0,3.0,3,3,3,3,0.33333333333333337,0.33333333333333337,none,none,native,0,1.0,1.0,0.0,0,0,0,0,0,0,0,0,0,0,0,0,0,0,0.000348,1.6e-05,0.0,970873.786407767
hermes_pilot_h5_029,44,7,add_subtask,S4,1.0,0.75,3.0,3.0,4.0,3.0,3,3,4,3,0,0,0,0.0,-0.25,none,environment,,unknown,1.0,0.75,3.0,3.0,4.0,3.0,3,3,4,3,0.0,-0.25,none,environment,native,0,1.0,1.0,0.0,0,0,0,0,0,0,0,0,0,0,0,0,0,0,0.000355,7e-06,7e-06,1003344.4816053511
hermes_pilot_h5_029,45,8,update_status,S4,1.0,1.0,3.0,3.0,4.0,4.0,3,3,4,4,0,0,0,0.0,0.25,none,none,,unknown,1.0,1.0,3.0,3.0,4.0,4.0,3,3,4,4,0.0,0.25,none,none,native,0,1.0,1.0,0.0,0,0,0,0,0,0,0,0,0,0,0,0,0,0,0.00037,1.5e-05,2.2e-05,6521739.130434782
hermes_pilot_h5_029,46,9,add_subtask,S5,0.75,0.8,4.0,3.0,5.0,4.0,4,3,5,4,0,0,0,-0.25,-0.19999999999999996,validation,validation,,unknown,0.75,0.8,4.0,3.0,5.0,4.0,4,3,5,4,-0.25,-0.19999999999999996,validation,validation,native,0,1.0,0.6666666666666666,0.0,0,0,0,0,0,0,0,0,0,0,0,0,0,0,0.000376,6e-06,2.8e-05,6818181.818181818
hermes_pilot_h5_029,47,10,update_status,S5,0.75,0.8,4.0,3.0,5.0,4.0,4,3,5,4,0,0,0,0.0,0.0,none,none,,unknown,0.75,0.8,4.0,3.0,5.0,4.0,4,3,5,4,0.0,0.0,none,none,native,0,1.0,0.6666666666666666,0.0,0,0,0,0,0,0,0,0,0,0,0,0,0,0,0.000443,6.7e-05,9.5e-05,3157894.736842105
hermes_pilot_h5_030,0,0,init,,0.0,0.0,0,0,0,0,0,0,0,0,0,0,0,0.0,0.0,none,none,,unknown,0.0,0.0,0,0,0,0,0,0,0,0,0.0,0.0,none,none,native,0,0.0,0.0,0.0,0,0,0,0,0,0,0,0,0,0,0,0,0,0,,,,
hermes_pilot_h5_030,2,1,add_subtask,S1,0.0,0.0,1.0,0,1.0,0,1,0,1,0,0,0,0,0.0,0.0,none,none,,unknown,0.0,0.0,1.0,0,1.0,0,1,0,1,0,0.0,0.0,none,none,native,0,0.0,0.0,0.0,0,0,0,0,0,0,0,0,0,0,0,0,0,0,0.0,0.0,0.0,
hermes_pilot_h5_030,5,2,update_status,S1,1.0,1.0,1.0,1.0,1.0,1.0,1,1,1,1,0,0,0,1.0,1.0,none,none,,unknown,1.0,1.0,1.0,1.0,1.0,1.0,1,1,1,1,1.0,1.0,none,none,native,0,0.0,0.0,1.0,0,0,0,0,0,0,0,0,0,0,0,0,0,0,8.8e-05,8.8e-05,0.0,1363636.3636363635
hermes_pilot_h5_030,6,3,add_subtask,S2,1.0,0.5,1.0,1.0,2.0,1.0,1,1,2,1,0,0,0,0.0,-0.5,none,artifact,,unknown,1.0,0.5,1.0,1.0,2.0,1.0,1,1,2,1,0.0,-0.5,none,artifact,native,0,0.0,0.0,1.0,0,0,0,0,0,0,0,0,0,0,0,0,0,0,9.9e-05,1.1e-05,1.1e-05,1818181.8181818184
hermes_pilot_h5_030,7,4,update_status,S2,1.0,1.0,1.0,1.0,2.0,2.0,1,1,2,2,0,0,0,0.0,0.5,none,none,,unknown,1.0,1.0,1.0,1.0,2.0,2.0,1,1,2,2,0.0,0.5,none,none,native,0,0.0,0.0,1.0,0,0,0,0,0,0,0,0,0,0,0,0,0,0,0.000155,5.6e-05,6.7e-05,1548387.0967741935
hermes_pilot_h5_030,8,5,add_subtask,S3,0.5,0.6666666666666666,2.0,1.0,3.0,2.0,2,1,3,2,0,0,0,-0.5,-0.33333333333333337,product,product,,unknown,0.5,0.6666666666666666,2.0,1.0,3.0,2.0,2,1,3,2,-0.5,-0.33333333333333337,product,product,native,0,0.0,0.0,1.0,0,0,0,0,0,0,0,0,0,0,0,0,0,0,0.000192,3.7e-05,0.000104,1562499.9999999998
hermes_pilot_h5_030,9,6,update_status,S3,1.0,1.0,2.0,2.0,3.0,3.0,2,2,3,3,0,0,0,0.5,0.33333333333333337,none,none,,unknown,1.0,1.0,2.0,2.0,3.0,3.0,2,2,3,3,0.5,0.33333333333333337,none,none,native,0,1.0,0.0,1.0,0,0,0,0,0,0,0,0,0,0,0,0,0,0,0.000234,4.2e-05,0.0,2054794.520547945
hermes_pilot_h5_030,10,7,add_subtask,S4,0.6666666666666666,0.75,3.0,2.0,4.0,3.0,3,2,4,3,0,0,0,-0.33333333333333337,-0.25,validation,validation,,unknown,0.6666666666666666,0.75,3.0,2.0,4.0,3.0,3,2,4,3,-0.33333333333333337,-0.25,validation,validation,native,0,1.0,0.0,1.0,0,0,0,0,0,0,0,0,0,0,0,0,0,0,0.000244,1e-05,1e-05,2068965.5172413792
hermes_pilot_h5_030,11,8,update_status,S4,0.6666666666666666,0.75,3.0,2.0,4.0,3.0,3,2,4,3,0,0,0,0.0,0.0,none,none,,unknown,0.6666666666666666,0.75,3.0,2.0,4.0,3.0,3,2,4,3,0.0,0.0,none,none,native,0,1.0,0.0,1.0,0,0,0,0,0,0,0,0,0,0,0,0,0,0,0.000256,1.2e-05,2.2e-05,2970297.0297029703
hermes_pilot_h5_030,14,9,add_subtask,S5,0.6666666666666666,0.6,3.0,2.0,5.0,3.0,3,2,5,3,0,0,0,0.0,-0.15000000000000002,none,artifact,,unknown,0.6666666666666666,0.6,3.0,2.0,5.0,3.0,3,2,5,3,0.0,-0.15000000000000002,none,artifact,native,0,1.0,0.0,1.0,0,0,0,0,0,0,0,0,0,0,0,0,0,0,0.000275,1.9e-05,4.1e-05,3614457.831325301
hermes_pilot_h5_030,15,10,update_status,S5,0.6666666666666666,0.8,3.0,2.0,5.0,4.0,3,2,5,4,0,0,0,0.0,0.20000000000000007,none,none,,unknown,0.6666666666666666,0.8,3.0,2.0,5.0,4.0,3,2,5,4,0.0,0.20000000000000007,none,none,native,0,1.0,0.0,1.0,0,0,0,0,0,0,0,0,0,0,0,0,0,0,0.0003,2.5e-05,6.6e-05,4545454.545454545
hermes_pilot_h5_030,16,11,add_subtask,S6,0.5,0.6666666666666666,4.0,2.0,6.0,4.0,4,2,6,4,0,0,0,-0.16666666666666663,-0.13333333333333341,investigation,investigation,,unknown,0.5,0.6666666666666666,4.0,2.0,6.0,4.0,4,2,6,4,-0.16666666666666663,-0.13333333333333341,investigation,investigation,native,0,1.0,0.0,0.5,0,0,0,0,0,0,0,0,0,0,0,0,0,0,0.000307,7e-06,7.3e-05,4761904.761904762
hermes_pilot_h5_030,17,12,update_status,S6,0.75,0.8333333333333334,4.0,3.0,6.0,5.0,4,3,6,5,0,0,0,0.25,0.16666666666666674,none,none,,unknown,0.75,0.8333333333333334,4.0,3.0,6.0,5.0,4,3,6,5,0.25,0.16666666666666674,none,none,native,0,1.0,0.0,1.0,0,0,0,0,0,0,0,0,0,0,0,0,0,0,0.000342,3.5e-05,0.0,3488372.093023256
hermes_pilot_h5_030,18,13,add_subtask,S7,0.75,0.7142857142857143,4.0,3.0,7.0,5.0,4,3,7,5,0,0,0,0.0,-0.11904761904761907,none,artifact,,unknown,0.75,0.7142857142857143,4.0,3.0,7.0,5.0,4,3,7,5,0.0,-0.11904761904761907,none,artifact,native,0,1.0,0.0,1.0,0,0,0,0,0,0,0,0,0,0,0,0,0,0,0.00037,2.8e-05,2.8e-05,3157894.736842105
hermes_pilot_h5_030,23,14,update_status,S7,0.75,0.8571428571428571,4.0,3.0,7.0,6.0,4,3,7,6,0,0,0,0.0,0.1428571428571428,none,none,,unknown,0.75,0.8571428571428571,4.0,3.0,7.0,6.0,4,3,7,6,0.0,0.1428571428571428,none,none,native,0,1.0,0.0,1.0,0,0,0,0,0,0,0,0,0,0,0,0,0,0,0.00046,9e-05,0.000118,1875000.0
