run_id,step,event_index,event_type,subtask_id,coding_progress,overall_progress,active_coding_weight,completed_coding_weight,active_overall_weight,completed_overall_weight,active_coding_leaves,completed_coding_leaves,active_overall_leaves,completed_overall_leaves,num_splits_so_far,num_reopens_so_far,num_invalidations_so_far,delta_coding_progress,delta_overall_progress,coding_drop_source,overall_drop_source,final_success,final_success_source,native_coding_progress,native_overall_progress,native_active_coding_weight,native_completed_coding_weight,native_active_overall_weight,native_completed_overall_weight,native_active_coding_leaves,native_completed_coding_leaves,native_active_overall_leaves,native_completed_overall_leaves,native_delta_coding_progress,native_delta_overall_progress,native_coding_drop_source,native_overall_drop_source,category_resolution_mode,category_overrides_applied,product_progress,validation_progress,investigation_progress,step_added_subtasks,step_split_events,step_reopen_events,step_invalidation_events,step_product_completes,step_validation_completes,step_investigation_completes,step_strong_completions,step_manual_only_completions,steps_since_progress_increase,steps_since_completion,steps_since_subtask_added,cum_strong_completions,cum_manual_only_completions,elapsed_seconds,seconds_since_last_event,seconds_since_progress_increase,events_per_minute
Melevir__cognitive_complexity-15,0,0,init,,0.0,0.0,0,0,0,0,0,0,0,0,0,0,0,0.0,0.0,none,none,true,source_metadata.target,0.0,0.0,0,0,0,0,0,0,0,0,0.0,0.0,none,none,native,0,0.0,0.0,0.0,0,0,0,0,0,0,0,0,0,0,0,0,0,0,0.0,0.0,0.0,
Melevir__cognitive_complexity-15,2,1,add_subtask,SW2,0.0,0.0,1.0,0,1.0,0,1,0,1,0,0,0,0,0.0,0.0,none,none,true,source_metadata.target,0.0,0.0,1.0,0,1.0,0,1,0,1,0,0.0,0.0,none,none,native,0,0.0,0.0,0.0,0,0,0,0,0,0,0,0,0,0,0,0,0,0,0.0,0.0,0.0,
Melevir__cognitive_complexity-15,2,2,update_status,SW2,1.0,1.0,1.0,1.0,1.0,1.0,1,1,1,1,0,0,0,1.0,1.0,none,none,true,source_metadata.target,1.0,1.0,1.0,1.0,1.0,1.0,1,1,1,1,1.0,1.0,none,none,native,0,0.0,0.0,1.0,0,0,0,0,0,0,0,0,0,0,0,0,0,0,0.0,0.0,0.0,
Melevir__cognitive_complexity-15,4,3,add_subtask,SW4,0.5,0.5,2.0,1.0,2.0,1.0,2,1,2,1,0,0,0,-0.5,-0.5,investigation,investigation,true,source_metadata.target,0.5,0.5,2.0,1.0,2.0,1.0,2,1,2,1,-0.5,-0.5,investigation,investigation,native,0,0.0,0.0,0.5,0,0,0,0,0,0,0,0,0,0,0,0,0,0,30.0,30.0,30.0,8.0
Melevir__cognitive_complexity-15,4,4,update_status,SW4,1.0,1.0,2.0,2.0,2.0,2.0,2,2,2,2,0,0,0,0.5,0.5,none,none,true,source_metadata.target,1.0,1.0,2.0,2.0,2.0,2.0,2,2,2,2,0.5,0.5,none,none,native,0,0.0,0.0,1.0,0,0,0,0,0,0,0,0,0,0,0,0,0,0,30.0,0.0,0.0,10.0
Melevir__cognitive_complexity-15,6,5,add_subtask,SW6,0.6666666666666666,0.6666666666666666,3.0,2.0,3.0,2.0,3,2,3,2,0,0,0,-0.33333333333333337,-0.33333333333333337,investigation,investigation,true,source_metadata.target,0.6666666666666666,0.6666666666666666,3.0,2.0,3.0,2.0,3,2,3,2,-0.33333333333333337,-0.33333333333333337,investigation,investigation,native,0,0.0,0.0,0.6666666666666666,0,0,0,0,0,0,0,0,0,0,0,0,0,0,60.0,30.0,30.0,5.0
Melevir__cognitive_complexity-15,6,6,update_status,SW6,1.0,1.0,3.0,3.0,3.0,3.0,3,3,3,3,0,0,0,0.33333333333333337,0.33333333333333337,none,none,true,source_metadata.target,1.0,1.0,3.0,3.0,3.0,3.0,3,3,3,3,0.33333333333333337,0.33333333333333337,none,none,native,0,0.0,0.0,1.0,0,0,0,0,0,0,0,0,0,0,0,0,0,0,60.0,0.0,0.0,5.0
Melevir__cognitive_complexity-15,8,7,add_subtask,SW8,0.75,0.75,4.0,3.0,4.0,3.0,4,3,4,3,0,0,0,-0.25,-0.25,investigation,investigation,true,source_metadata.target,0.75,0.75,4.0,3.0,4.0,3.0,4,3,4,3,-0.25,-0.25,investigation,investigation,native,0,0.0,0.0,0.75,0,0,0,0,0,0,0,0,0,0,0,0,0,0,90.0,30.0,30.0,5.0
Melevir__cognitive_complexity-15,8,8,update_status,SW8,1.0,1.0,4.0,4.0,4.0,4.0,4,4,4,4,0,0,0,0.25,0.25,none,none,true,source_metadata.target,1.0,1.0,4.0,4.0,4.0,4.0,4,4,4,4,0.25,0.25,none,none,native,0,0.0,0.0,1.0,0,0,0,0,0,0,0,0,0,0,0,0,0,0,90.0,0.0,0.0,5.0
Melevir__cognitive_complexity-15,10,9,add_subtask,SW10,0.8,0.8,5.0,4.0,5.0,4.0,5,4,5,4,0,0,0,-0.19999999999999996,-0.19999999999999996,investigation,investigation,true,source_metadata.target,0.8,0.8,5.0,4.0,5.0,4.0,5,4,5,4,-0.19999999999999996,-0.19999999999999996,investigation,investigation,native,0,0.0,0.0,0.8,0,0,0,0,0,0,0,0,0,0,0,0,0,0,120.0,30.0,30.0,5.0
Melevir__cognitive_complexity-15,10,10,update_status,SW10,1.0,1.0,5.0,5.0,5.0,5.0,5,5,5,5,0,0,0,0.19999999999999996,0.19999999999999996,none,none,true,source_metadata.target,1.0,1.0,5.0,5.0,5.0,5.0,5,5,5,5,0.19999999999999996,0.19999999999999996,none,none,native,0,0.0,0.0,1.0,0,0,0,0,0,0,0,0,0,0,0,0,0,0,120.0,0.0,0.0,5.0
Melevir__cognitive_complexity-15,12,11,add_subtask,SW12,0.8333333333333334,0.8333333333333334,6.0,5.0,6.0,5.0,6,5,6,5,0,0,0,-0.16666666666666663,-0.16666666666666663,investigation,investigation,true,source_metadata.target,0.8333333333333334,0.8333333333333334,6.0,5.0,6.0,5.0,6,5,6,5,-0.16666666666666663,-0.16666666666666663,investigation,investigation,native,0,0.0,0.0,0.8333333333333334,0,0,0,0,0,0,0,0,0,0,0,0,0,0,150.0,30.0,30.0,5.0
Melevir__cognitive_complexity-15,12,12,update_status,SW12,1.0,1.0,6.0,6.0,6.0,6.0,6,6,6,6,0,0,0,0.16666666666666663,0.16666666666666663,none,none,true,source_metadata.target,1.0,1.0,6.0,6.0,6.0,6.0,6,6,6,6,0.16666666666666663,0.16666666666666663,none,none,native,0,0.0,0.0,1.0,0,0,0,0,0,0,0,0,0,0,0,0,0,0,150.0,0.0,0.0,5.0
Melevir__cognitive_complexity-15,14,13,add_subtask,SW14,0.8571428571428571,0.8571428571428571,7.0,6.0,7.0,6.0,7,6,7,6,0,0,0,-0.1428571428571429,-0.1428571428571429,investigation,investigation,true,source_metadata.target,0.8571428571428571,0.8571428571428571,7.0,6.0,7.0,6.0,7,6,7,6,-0.1428571428571429,-0.1428571428571429,investigation,investigation,native,0,0.0,0.0,0.8571428571428571,0,0,0,0,0,0,0,0,0,0,0,0,0,0,180.0,30.0,30.0,5.0
Melevir__cognitive_complexity-15,14,14,update_status,SW14,1.0,1.0,7.0,7.0,7.0,7.0,7,7,7,7,0,0,0,0.1428571428571429,0.1428571428571429,none,none,true,source_metadata.target,1.0,1.0,7.0,7.0,7.0,7.0,7,7,7,7,0.1428571428571429,0.1428571428571429,none,none,native,0,0.0,0.0,1.0,0,0,0,0,0,0,0,0,0,0,0,0,0,0,180.0,0.0,0.0,5.0
Melevir__cognitive_complexity-15,16,15,add_subtask,SW16,0.875,0.875,8.0,7.0,8.0,7.0,8,7,8,7,0,0,0,-0.125,-0.125,investigation,investigation,true,source_metadata.target,0.875,0.875,8.0,7.0,8.0,7.0,8,7,8,7,-0.125,-0.125,investigation,investigation,native,0,0.0,0.0,0.875,0,0,0,0,0,0,0,0,0,0,0,0,0,0,210.0,30.0,30.0,5.0
Melevir__cognitive_complexity-15,16,16,update_status,SW16,1.0,1.0,8.0,8.0,8.0,8.0,8,8,8,8,0,0,0,0.125,0.125,none,none,true,source_metadata.target,1.0,1.0,8.0,8.0,8.0,8.0,8,8,8,8,0.125,0.125,none,none,native,0,0.0,0.0,1.0,0,0,0,0,0,0,0,0,0,0,0,0,0,0,210.0,0.0,0.0,5.0
Melevir__cognitive_complexity-15,18,17,add_subtask,SW18,0.8888888888888888,0.8888888888888888,9.0,8.0,9.0,8.0,9,8,9,8,0,0,0,-0.11111111111111116,-0.11111111111111116,investigation,investigation,true,source_metadata.target,0.8888888888888888,0.8888888888888888,9.0,8.0,9.0,8.0,9,8,9,8,-0.11111111111111116,-0.11111111111111116,investigation,investigation,native,0,0.0,0.0,0.8888888888888888,0,0,0,0,0,0,0,0,0,0,0,0,0,0,240.0,30.0,30.0,5.0
Melevir__cognitive_complexity-15,18,18,update_status,SW18,1.0,1.0,9.0,9.0,9.0,9.0,9,9,9,9,0,0,0,0.11111111111111116,0.11111111111111116,none,none,true,source_metadata.target,1.0,1.0,9.0,9.0,9.0,9.0,9,9,9,9,0.11111111111111116,0.11111111111111116,none,none,native,0,0.0,0.0,1.0,0,0,0,0,0,0,0,0,0,0,0,0,0,0,240.0,0.0,0.0,5.0
Melevir__cognitive_complexity-15,20,19,add_subtask,SW20,0.9,0.9,10.0,9.0,10.0,9.0,10,9,10,9,0,0,0,-0.09999999999999998,-0.09999999999999998,investigation,investigation,true,source_metadata.target,0.9,0.9,10.0,9.0,10.0,9.0,10,9,10,9,-0.09999999999999998,-0.09999999999999998,investigation,investigation,native,0,0.0,0.0,0.9,0,0,0,0,0,0,0,0,0,0,0,0,0,0,270.0,30.0,30.0,5.0
Melevir__cognitive_complexity-15,20,20,update_status,SW20,1.0,1.0,10.0,10.0,10.0,10.0,10,10,10,10,0,0,0,0.09999999999999998,0.09999999999999998,none,none,true,source_metadata.target,1.0,1.0,10.0,10.0,10.0,10.0,10,10,10,10,0.09999999999999998,0.09999999999999998,none,none,native,0,0.0,0.0,1.0,0,0,0,0,0,0,0,0,0,0,0,0,0,0,270.0,0.0,0.0,5.0
Melevir__cognitive_complexity-15,22,21,add_subtask,SW22,0.9090909090909091,0.9090909090909091,11.0,10.0,11.0,10.0,11,10,11,10,0,0,0,-0.09090909090909094,-0.09090909090909094,investigation,investigation,true,source_metadata.target,0.9090909090909091,0.9090909090909091,11.0,10.0,11.0,10.0,11,10,11,10,-0.09090909090909094,-0.09090909090909094,investigation,investigation,native,0,0.0,0.0,0.9090909090909091,0,0,0,0,0,0,0,0,0,0,0,0,0,0,300.0,30.0,30.0,5.0
Melevir__cognitive_complexity-15,22,22,update_status,SW22,1.0,1.0,11.0,11.0,11.0,11.0,11,11,11,11,0,0,0,0.09090909090909094,0.09090909090909094,none,none,true,source_metadata.target,1.0,1.0,11.0,11.0,11.0,11.0,11,11,11,11,0.09090909090909094,0.09090909090909094,none,none,native,0,0.0,0.0,1.0,0,0,0,0,0,0,0,0,0,0,0,0,0,0,300.0,0.0,0.0,5.0
Melevir__cognitive_complexity-15,24,23,add_subtask,SW24,0.9166666666666666,0.9166666666666666,12.0,11.0,12.0,11.0,12,11,12,11,0,0,0,-0.08333333333333337,-0.08333333333333337,product,product,true,source_metadata.target,0.9166666666666666,0.9166666666666666,12.0,11.0,12.0,11.0,12,11,12,11,-0.08333333333333337,-0.08333333333333337,product,product,native,0,0.0,0.0,1.0,0,0,0,0,0,0,0,0,0,0,0,0,0,0,330.0,30.0,30.0,5.0
Melevir__cognitive_complexity-15,24,24,update_status,SW24,1.0,1.0,12.0,12.0,12.0,12.0,12,12,12,12,0,0,0,0.08333333333333337,0.08333333333333337,none,none,true,source_metadata.target,1.0,1.0,12.0,12.0,12.0,12.0,12,12,12,12,0.08333333333333337,0.08333333333333337,none,none,native,0,1.0,0.0,1.0,0,0,0,0,0,0,0,0,0,0,0,0,0,0,330.0,0.0,0.0,5.0
Melevir__cognitive_complexity-15,26,25,add_subtask,SW26,0.9230769230769231,0.9230769230769231,13.0,12.0,13.0,12.0,13,12,13,12,0,0,0,-0.07692307692307687,-0.07692307692307687,validation,validation,true,source_metadata.target,0.9230769230769231,0.9230769230769231,13.0,12.0,13.0,12.0,13,12,13,12,-0.07692307692307687,-0.07692307692307687,validation,validation,native,0,1.0,0.0,1.0,0,0,0,0,0,0,0,0,0,0,0,0,0,0,360.0,30.0,30.0,5.0
Melevir__cognitive_complexity-15,26,26,update_status,SW26,1.0,1.0,13.0,13.0,13.0,13.0,13,13,13,13,0,0,0,0.07692307692307687,0.07692307692307687,none,none,true,source_metadata.target,1.0,1.0,13.0,13.0,13.0,13.0,13,13,13,13,0.07692307692307687,0.07692307692307687,none,none,native,0,1.0,1.0,1.0,0,0,0,0,0,0,0,0,0,0,0,0,0,0,360.0,0.0,0.0,5.0
Melevir__cognitive_complexity-15,28,27,add_subtask,SW28,0.9285714285714286,0.9285714285714286,14.0,13.0,14.0,13.0,14,13,14,13,0,0,0,-0.0714285714285714,-0.0714285714285714,product,product,true,source_metadata.target,0.9285714285714286,0.9285714285714286,14.0,13.0,14.0,13.0,14,13,14,13,-0.0714285714285714,-0.0714285714285714,product,product,native,0,0.5,1.0,1.0,0,0,0,0,0,0,0,0,0,0,0,0,0,0,390.0,30.0,30.0,5.0
Melevir__cognitive_complexity-15,28,28,update_status,SW28,1.0,1.0,14.0,14.0,14.0,14.0,14,14,14,14,0,0,0,0.0714285714285714,0.0714285714285714,none,none,true,source_metadata.target,1.0,1.0,14.0,14.0,14.0,14.0,14,14,14,14,0.0714285714285714,0.0714285714285714,none,none,native,0,1.0,1.0,1.0,0,0,0,0,0,0,0,0,0,0,0,0,0,0,390.0,0.0,0.0,5.0
Melevir__cognitive_complexity-15,30,29,add_subtask,SW30,0.9333333333333333,0.9333333333333333,15.0,14.0,15.0,14.0,15,14,15,14,0,0,0,-0.06666666666666665,-0.06666666666666665,investigation,investigation,true,source_metadata.target,0.9333333333333333,0.9333333333333333,15.0,14.0,15.0,14.0,15,14,15,14,-0.06666666666666665,-0.06666666666666665,investigation,investigation,native,0,1.0,1.0,0.9166666666666666,0,0,0,0,0,0,0,0,0,0,0,0,0,0,420.0,30.0,30.0,5.0
Melevir__cognitive_complexity-15,30,30,update_status,SW30,1.0,1.0,15.0,15.0,15.0,15.0,15,15,15,15,0,0,0,0.06666666666666665,0.06666666666666665,none,none,true,source_metadata.target,1.0,1.0,15.0,15.0,15.0,15.0,15,15,15,15,0.06666666666666665,0.06666666666666665,none,none,native,0,1.0,1.0,1.0,0,0,0,0,0,0,0,0,0,0,0,0,0,0,420.0,0.0,0.0,5.0
Melevir__cognitive_complexity-15,32,31,add_subtask,SW32,0.9375,0.9375,16.0,15.0,16.0,15.0,16,15,16,15,0,0,0,-0.0625,-0.0625,investigation,investigation,true,source_metadata.target,0.9375,0.9375,16.0,15.0,16.0,15.0,16,15,16,15,-0.0625,-0.0625,investigation,investigation,native,0,1.0,1.0,0.9230769230769231,0,0,0,0,0,0,0,0,0,0,0,0,0,0,450.0,30.0,30.0,5.0
Melevir__cognitive_complexity-15,32,32,update_status,SW32,1.0,1.0,16.0,16.0,16.0,16.0,16,16,16,16,0,0,0,0.0625,0.0625,none,none,true,source_metadata.target,1.0,1.0,16.0,16.0,16.0,16.0,16,16,16,16,0.0625,0.0625,none,none,native,0,1.0,1.0,1.0,0,0,0,0,0,0,0,0,0,0,0,0,0,0,450.0,0.0,0.0,5.0
Melevir__cognitive_complexity-15,34,33,add_subtask,SW34,0.9411764705882353,0.9411764705882353,17.0,16.0,17.0,16.0,17,16,17,16,0,0,0,-0.05882352941176472,-0.05882352941176472,product,product,true,source_metadata.target,0.9411764705882353,0.9411764705882353,17.0,16.0,17.0,16.0,17,16,17,16,-0.05882352941176472,-0.05882352941176472,product,product,native,0,0.6666666666666666,1.0,1.0,0,0,0,0,0,0,0,0,0,0,0,0,0,0,480.0,30.0,30.0,5.0
Melevir__cognitive_complexity-15,34,34,update_status,SW34,1.0,1.0,17.0,17.0,17.0,17.0,17,17,17,17,0,0,0,0.05882352941176472,0.05882352941176472,none,none,true,source_metadata.target,1.0,1.0,17.0,17.0,17.0,17.0,17,17,17,17,0.05882352941176472,0.05882352941176472,none,none,native,0,1.0,1.0,1.0,0,0,0,0,0,0,0,0,0,0,0,0,0,0,480.0,0.0,0.0,5.0
Melevir__cognitive_complexity-15,36,35,add_subtask,SW36,0.9444444444444444,0.9444444444444444,18.0,17.0,18.0,17.0,18,17,18,17,0,0,0,-0.05555555555555558,-0.05555555555555558,investigation,investigation,true,source_metadata.target,0.9444444444444444,0.9444444444444444,18.0,17.0,18.0,17.0,18,17,18,17,-0.05555555555555558,-0.05555555555555558,investigation,investigation,native,0,1.0,1.0,0.9285714285714286,0,0,0,0,0,0,0,0,0,0,0,0,0,0,510.0,30.0,30.0,5.0
Melevir__cognitive_complexity-15,36,36,update_status,SW36,1.0,1.0,18.0,18.0,18.0,18.0,18,18,18,18,0,0,0,0.05555555555555558,0.05555555555555558,none,none,true,source_metadata.target,1.0,1.0,18.0,18.0,18.0,18.0,18,18,18,18,0.05555555555555558,0.05555555555555558,none,none,native,0,1.0,1.0,1.0,0,0,0,0,0,0,0,0,0,0,0,0,0,0,510.0,0.0,0.0,5.0
Melevir__cognitive_complexity-15,38,37,add_subtask,SW38,0.9473684210526315,0.9473684210526315,19.0,18.0,19.0,18.0,19,18,19,18,0,0,0,-0.052631578947368474,-0.052631578947368474,product,product,true,source_metadata.target,0.9473684210526315,0.9473684210526315,19.0,18.0,19.0,18.0,19,18,19,18,-0.052631578947368474,-0.052631578947368474,product,product,native,0,0.75,1.0,1.0,0,0,0,0,0,0,0,0,0,0,0,0,0,0,540.0,30.0,30.0,5.0
Melevir__cognitive_complexity-15,38,38,update_status,SW38,1.0,1.0,19.0,19.0,19.0,19.0,19,19,19,19,0,0,0,0.052631578947368474,0.052631578947368474,none,none,true,source_metadata.target,1.0,1.0,19.0,19.0,19.0,19.0,19,19,19,19,0.052631578947368474,0.052631578947368474,none,none,native,0,1.0,1.0,1.0,0,0,0,0,0,0,0,0,0,0,0,0,0,0,540.0,0.0,0.0,5.0
Melevir__cognitive_complexity-15,40,39,add_subtask,SW40,0.95,0.95,20.0,19.0,20.0,19.0,20,19,20,19,0,0,0,-0.050000000000000044,-0.050000000000000044,validation,validation,true,source_metadata.target,0.95,0.95,20.0,19.0,20.0,19.0,20,19,20,19,-0.050000000000000044,-0.050000000000000044,validation,validation,native,0,1.0,0.5,1.0,0,0,0,0,0,0,0,0,0,0,0,0,0,0,570.0,30.0,30.0,5.0
Melevir__cognitive_complexity-15,40,40,update_status,SW40,1.0,1.0,20.0,20.0,20.0,20.0,20,20,20,20,0,0,0,0.050000000000000044,0.050000000000000044,none,none,true,source_metadata.target,1.0,1.0,20.0,20.0,20.0,20.0,20,20,20,20,0.050000000000000044,0.050000000000000044,none,none,native,0,1.0,1.0,1.0,0,0,0,0,0,0,0,0,0,0,0,0,0,0,570.0,0.0,0.0,5.0
Melevir__cognitive_complexity-15,42,41,add_subtask,SW42,1.0,0.9523809523809523,20.0,20.0,21.0,20.0,20,20,21,20,0,0,0,0.0,-0.04761904761904767,none,artifact,true,source_metadata.target,1.0,0.9523809523809523,20.0,20.0,21.0,20.0,20,20,21,20,0.0,-0.04761904761904767,none,artifact,native,0,1.0,1.0,1.0,0,0,0,0,0,0,0,0,0,0,0,0,0,0,600.0,30.0,30.0,5.0
Melevir__cognitive_complexity-15,42,42,update_status,SW42,1.0,1.0,20.0,20.0,21.0,21.0,20,20,21,21,0,0,0,0.0,0.04761904761904767,none,none,true,source_metadata.target,1.0,1.0,20.0,20.0,21.0,21.0,20,20,21,21,0.0,0.04761904761904767,none,none,native,0,1.0,1.0,1.0,0,0,0,0,0,0,0,0,0,0,0,0,0,0,600.0,0.0,30.0,5.0
WIPACrepo__iceprod-339,0,0,init,,0.0,0.0,0,0,0,0,0,0,0,0,0,0,0,0.0,0.0,none,none,false,source_metadata.target,0.0,0.0,0,0,0,0,0,0,0,0,0.0,0.0,none,none,native,0,0.0,0.0,0.0,0,0,0,0,0,0,0,0,0,0,0,0,0,0,0.0,0.0,0.0,
WIPACrepo__iceprod-339,2,1,add_subtask,SW2,0.0,0.0,1.0,0,1.0,0,1,0,1,0,0,0,0,0.0,0.0,none,none,false,source_metadata.target,0.0,0.0,1.0,0,1.0,0,1,0,1,0,0.0,0.0,none,none,native,0,0.0,0.0,0.0,0,0,0,0,0,0,0,0,0,0,0,0,0,0,0.0,0.0,0.0,
WIPACrepo__iceprod-339,2,2,update_status,SW2,1.0,1.0,1.0,1.0,1.0,1.0,1,1,1,1,0,0,0,1.0,1.0,none,none,false,source_metadata.target,1.0,1.0,1.0,1.0,1.0,1.0,1,1,1,1,1.0,1.0,none,none,native,0,0.0,0.0,1.0,0,0,0,0,0,0,0,0,0,0,0,0,0,0,0.0,0.0,0.0,
WIPACrepo__iceprod-339,4,3,add_subtask,SW4,0.5,0.5,2.0,1.0,2.0,1.0,2,1,2,1,0,0,0,-0.5,-0.5,investigation,investigation,false,source_metadata.target,0.5,0.5,2.0,1.0,2.0,1.0,2,1,2,1,-0.5,-0.5,investigation,investigation,native,0,0.0,0.0,0.5,0,0,0,0,0,0,0,0,0,0,0,0,0,0,30.0,30.0,30.0,8.0
WIPACrepo__iceprod-339,4,4,update_status,SW4,1.0,1.0,2.0,2.0,2.0,2.0,2,2,2,2,0,0,0,0.5,0.5,none,none,false,source_metadata.target,1.0,1.0,2.0,2.0,2.0,2.0,2,2,2,2,0.5,0.5,none,none,native,0,0.0,0.0,1.0,0,0,0,0,0,0,0,0,0,0,0,0,0,0,30.0,0.0,0.0,10.0
WIPACrepo__iceprod-339,6,5,add_subtask,SW6,0.6666666666666666,0.6666666666666666,3.0,2.0,3.0,2.0,3,2,3,2,0,0,0,-0.33333333333333337,-0.33333333333333337,investigation,investigation,false,source_metadata.target,0.6666666666666666,0.6666666666666666,3.0,2.0,3.0,2.0,3,2,3,2,-0.33333333333333337,-0.33333333333333337,investigation,investigation,native,0,0.0,0.0,0.6666666666666666,0,0,0,0,0,0,0,0,0,0,0,0,0,0,60.0,30.0,30.0,5.0
WIPACrepo__iceprod-339,6,6,update_status,SW6,1.0,1.0,3.0,3.0,3.0,3.0,3,3,3,3,0,0,0,0.33333333333333337,0.33333333333333337,none,none,false,source_metadata.target,1.0,1.0,3.0,3.0,3.0,3.0,3,3,3,3,0.33333333333333337,0.33333333333333337,none,none,native,0,0.0,0.0,1.0,0,0,0,0,0,0,0,0,0,0,0,0,0,0,60.0,0.0,0.0,5.0
WIPACrepo__iceprod-339,8,7,add_subtask,SW8,0.75,0.75,4.0,3.0,4.0,3.0,4,3,4,3,0,0,0,-0.25,-0.25,investigation,investigation,false,source_metadata.target,0.75,0.75,4.0,3.0,4.0,3.0,4,3,4,3,-0.25,-0.25,investigation,investigation,native,0,0.0,0.0,0.75,0,0,0,0,0,0,0,0,0,0,0,0,0,0,90.0,30.0,30.0,5.0
WIPACrepo__iceprod-339,8,8,update_status,SW8,1.0,1.0,4.0,4.0,4.0,4.0,4,4,4,4,0,0,0,0.25,0.25,none,none,false,source_metadata.target,1.0,1.0,4.0,4.0,4.0,4.0,4,4,4,4,0.25,0.25,none,none,native,0,0.0,0.0,1.0,0,0,0,0,0,0,0,0,0,0,0,0,0,0,90.0,0.0,0.0,5.0
WIPACrepo__iceprod-339,10,9,add_subtask,SW10,0.8,0.8,5.0,4.0,5.0,4.0,5,4,5,4,0,0,0,-0.19999999999999996,-0.19999999999999996,investigation,investigation,false,source_metadata.target,0.8,0.8,5.0,4.0,5.0,4.0,5,4,5,4,-0.19999999999999996,-0.19999999999999996,investigation,investigation,native,0,0.0,0.0,0.8,0,0,0,0,0,0,0,0,0,0,0,0,0,0,120.0,30.0,30.0,5.0
WIPACrepo__iceprod-339,10,10,update_status,SW10,1.0,1.0,5.0,5.0,5.0,5.0,5,5,5,5,0,0,0,0.19999999999999996,0.19999999999999996,none,none,false,source_metadata.target,1.0,1.0,5.0,5.0,5.0,5.0,5,5,5,5,0.19999999999999996,0.19999999999999996,none,none,native,0,0.0,0.0,1.0,0,0,0,0,0,0,0,0,0,0,0,0,0,0,120.0,0.0,0.0,5.0
WIPACrepo__iceprod-339,12,11,add_subtask,SW12,0.8333333333333334,0.8333333333333334,6.0,5.0,6.0,5.0,6,5,6,5,0,0,0,-0.16666666666666663,-0.16666666666666663,investigation,investigation,false,source_metadata.target,0.8333333333333334,0.8333333333333334,6.0,5.0,6.0,5.0,6,5,6,5,-0.16666666666666663,-0.16666666666666663,investigation,investigation,native,0,0.0,0.0,0.8333333333333334,0,0,0,0,0,0,0,0,0,0,0,0,0,0,150.0,30.0,30.0,5.0
WIPACrepo__iceprod-339,12,12,update_status,SW12,1.0,1.0,6.0,6.0,6.0,6.0,6,6,6,6,0,0,0,0.16666666666666663,0.16666666666666663,none,none,false,source_metadata.target,1.0,1.0,6.0,6.0,6.0,6.0,6,6,6,6,0.16666666666666663,0.16666666666666663,none,none,native,0,0.0,0.0,1.0,0,0,0,0,0,0,0,0,0,0,0,0,0,0,150.0,0.0,0.0,5.0
WIPACrepo__iceprod-339,14,13,add_subtask,SW14,0.8571428571428571,0.8571428571428571,7.0,6.0,7.0,6.0,7,6,7,6,0,0,0,-0.1428571428571429,-0.1428571428571429,product,product,false,source_metadata.target,0.8571428571428571,0.8571428571428571,7.0,6.0,7.0,6.0,7,6,7,6,-0.1428571428571429,-0.1428571428571429,product,product,native,0,0.0,0.0,1.0,0,0,0,0,0,0,0,0,0,0,0,0,0,0,180.0,30.0,30.0,5.0
WIPACrepo__iceprod-339,14,14,update_status,SW14,1.0,1.0,7.0,7.0,7.0,7.0,7,7,7,7,0,0,0,0.1428571428571429,0.1428571428571429,none,none,false,source_metadata.target,1.0,1.0,7.0,7.0,7.0,7.0,7,7,7,7,0.1428571428571429,0.1428571428571429,none,none,native,0,1.0,0.0,1.0,0,0,0,0,0,0,0,0,0,0,0,0,0,0,180.0,0.0,0.0,5.0
WIPACrepo__iceprod-339,16,15,add_subtask,SW16,1.0,0.875,7.0,7.0,8.0,7.0,7,7,8,7,0,0,0,0.0,-0.125,none,artifact,false,source_metadata.target,1.0,0.875,7.0,7.0,8.0,7.0,7,7,8,7,0.0,-0.125,none,artifact,native,0,1.0,0.0,1.0,0,0,0,0,0,0,0,0,0,0,0,0,0,0,210.0,30.0,30.0,5.0
WIPACrepo__iceprod-339,16,16,update_status,SW16,1.0,1.0,7.0,7.0,8.0,8.0,7,7,8,8,0,0,0,0.0,0.125,none,none,false,source_metadata.target,1.0,1.0,7.0,7.0,8.0,8.0,7,7,8,8,0.0,0.125,none,none,native,0,1.0,0.0,1.0,0,0,0,0,0,0,0,0,0,0,0,0,0,0,210.0,0.0,30.0,5.0
asottile__pyupgrade-933,0,0,init,,0.0,0.0,0,0,0,0,0,0,0,0,0,0,0,0.0,0.0,none,none,false,source_metadata.target,0.0,0.0,0,0,0,0,0,0,0,0,0.0,0.0,none,none,native,0,0.0,0.0,0.0,0,0,0,0,0,0,0,0,0,0,0,0,0,0,0.0,0.0,0.0,
asottile__pyupgrade-933,2,1,add_subtask,SW2,0.0,0.0,1.0,0,1.0,0,1,0,1,0,0,0,0,0.0,0.0,none,none,false,source_metadata.target,0.0,0.0,1.0,0,1.0,0,1,0,1,0,0.0,0.0,none,none,native,0,0.0,0.0,0.0,0,0,0,0,0,0,0,0,0,0,0,0,0,0,0.0,0.0,0.0,
asottile__pyupgrade-933,2,2,update_status,SW2,1.0,1.0,1.0,1.0,1.0,1.0,1,1,1,1,0,0,0,1.0,1.0,none,none,false,source_metadata.target,1.0,1.0,1.0,1.0,1.0,1.0,1,1,1,1,1.0,1.0,none,none,native,0,1.0,0.0,0.0,0,0,0,0,0,0,0,0,0,0,0,0,0,0,0.0,0.0,0.0,
asottile__pyupgrade-933,4,3,add_subtask,SW4,0.5,0.5,2.0,1.0,2.0,1.0,2,1,2,1,0,0,0,-0.5,-0.5,product,product,false,source_metadata.target,0.5,0.5,2.0,1.0,2.0,1.0,2,1,2,1,-0.5,-0.5,product,product,native,0,0.5,0.0,0.0,0,0,0,0,0,0,0,0,0,0,0,0,0,0,30.0,30.0,30.0,8.0
asottile__pyupgrade-933,4,4,update_status,SW4,1.0,1.0,2.0,2.0,2.0,2.0,2,2,2,2,0,0,0,0.5,0.5,none,none,false,source_metadata.target,1.0,1.0,2.0,2.0,2.0,2.0,2,2,2,2,0.5,0.5,none,none,native,0,1.0,0.0,0.0,0,0,0,0,0,0,0,0,0,0,0,0,0,0,30.0,0.0,0.0,10.0
asottile__pyupgrade-933,6,5,add_subtask,SW6,1.0,0.6666666666666666,2.0,2.0,3.0,2.0,2,2,3,2,0,0,0,0.0,-0.33333333333333337,none,environment,false,source_metadata.target,1.0,0.6666666666666666,2.0,2.0,3.0,2.0,2,2,3,2,0.0,-0.33333333333333337,none,environment,native,0,1.0,0.0,0.0,0,0,0,0,0,0,0,0,0,0,0,0,0,0,60.0,30.0,30.0,5.0
asottile__pyupgrade-933,6,6,update_status,SW6,1.0,1.0,2.0,2.0,3.0,3.0,2,2,3,3,0,0,0,0.0,0.33333333333333337,none,none,false,source_metadata.target,1.0,1.0,2.0,2.0,3.0,3.0,2,2,3,3,0.0,0.33333333333333337,none,none,native,0,1.0,0.0,0.0,0,0,0,0,0,0,0,0,0,0,0,0,0,0,60.0,0.0,30.0,5.0
asottile__pyupgrade-933,8,7,add_subtask,SW8,0.6666666666666666,0.75,3.0,2.0,4.0,3.0,3,2,4,3,0,0,0,-0.33333333333333337,-0.25,product,product,false,source_metadata.target,0.6666666666666666,0.75,3.0,2.0,4.0,3.0,3,2,4,3,-0.33333333333333337,-0.25,product,product,native,0,0.6666666666666666,0.0,0.0,0,0,0,0,0,0,0,0,0,0,0,0,0,0,90.0,30.0,60.0,5.0
asottile__pyupgrade-933,8,8,update_status,SW8,1.0,1.0,3.0,3.0,4.0,4.0,3,3,4,4,0,0,0,0.33333333333333337,0.25,none,none,false,source_metadata.target,1.0,1.0,3.0,3.0,4.0,4.0,3,3,4,4,0.33333333333333337,0.25,none,none,native,0,1.0,0.0,0.0,0,0,0,0,0,0,0,0,0,0,0,0,0,0,90.0,0.0,0.0,5.0
asottile__pyupgrade-933,10,9,add_subtask,SW10,0.75,0.8,4.0,3.0,5.0,4.0,4,3,5,4,0,0,0,-0.25,-0.19999999999999996,investigation,investigation,false,source_metadata.target,0.75,0.8,4.0,3.0,5.0,4.0,4,3,5,4,-0.25,-0.19999999999999996,investigation,investigation,native,0,1.0,0.0,0.0,0,0,0,0,0,0,0,0,0,0,0,0,0,0,120.0,30.0,30.0,5.0
asottile__pyupgrade-933,10,10,update_status,SW10,1.0,1.0,4.0,4.0,5.0,5.0,4,4,5,5,0,0,0,0.25,0.19999999999999996,none,none,false,source_metadata.target,1.0,1.0,4.0,4.0,5.0,5.0,4,4,5,5,0.25,0.19999999999999996,none,none,native,0,1.0,0.0,1.0,0,0,0,0,0,0,0,0,0,0,0,0,0,0,120.0,0.0,0.0,5.0
asottile__pyupgrade-933,12,11,add_subtask,SW12,0.8,0.8333333333333334,5.0,4.0,6.0,5.0,5,4,6,5,0,0,0,-0.19999999999999996,-0.16666666666666663,investigation,investigation,false,source_metadata.target,0.8,0.8333333333333334,5.0,4.0,6.0,5.0,5,4,6,5,-0.19999999999999996,-0.16666666666666663,investigation,investigation,native,0,1.0,0.0,0.5,0,0,0,0,0,0,0,0,0,0,0,0,0,0,150.0,30.0,30.0,5.0
asottile__pyupgrade-933,12,12,update_status,SW12,1.0,1.0,5.0,5.0,6.0,6.0,5,5,6,6,0,0,0,0.19999999999999996,0.16666666666666663,none,none,false,source_metadata.target,1.0,1.0,5.0,5.0,6.0,6.0,5,5,6,6,0.19999999999999996,0.16666666666666663,none,none,native,0,1.0,0.0,1.0,0,0,0,0,0,0,0,0,0,0,0,0,0,0,150.0,0.0,0.0,5.0
asottile__pyupgrade-933,14,13,add_subtask,SW14,0.8333333333333334,0.8571428571428571,6.0,5.0,7.0,6.0,6,5,7,6,0,0,0,-0.16666666666666663,-0.1428571428571429,investigation,investigation,false,source_metadata.target,0.8333333333333334,0.8571428571428571,6.0,5.0,7.0,6.0,6,5,7,6,-0.16666666666666663,-0.1428571428571429,investigation,investigation,native,0,1.0,0.0,0.6666666666666666,0,0,0,0,0,0,0,0,0,0,0,0,0,0,180.0,30.0,30.0,5.0
asottile__pyupgrade-933,14,14,update_status,SW14,1.0,1.0,6.0,6.0,7.0,7.0,6,6,7,7,0,0,0,0.16666666666666663,0.1428571428571429,none,none,false,source_metadata.target,1.0,1.0,6.0,6.0,7.0,7.0,6,6,7,7,0.16666666666666663,0.1428571428571429,none,none,native,0,1.0,0.0,1.0,0,0,0,0,0,0,0,0,0,0,0,0,0,0,180.0,0.0,0.0,5.0
asottile__pyupgrade-933,16,15,add_subtask,SW16,0.8571428571428571,0.875,7.0,6.0,8.0,7.0,7,6,8,7,0,0,0,-0.1428571428571429,-0.125,investigation,investigation,false,source_metadata.target,0.8571428571428571,0.875,7.0,6.0,8.0,7.0,7,6,8,7,-0.1428571428571429,-0.125,investigation,investigation,native,0,1.0,0.0,0.75,0,0,0,0,0,0,0,0,0,0,0,0,0,0,210.0,30.0,30.0,5.0
asottile__pyupgrade-933,16,16,update_status,SW16,1.0,1.0,7.0,7.0,8.0,8.0,7,7,8,8,0,0,0,0.1428571428571429,0.125,none,none,false,source_metadata.target,1.0,1.0,7.0,7.0,8.0,8.0,7,7,8,8,0.1428571428571429,0.125,none,none,native,0,1.0,0.0,1.0,0,0,0,0,0,0,0,0,0,0,0,0,0,0,210.0,0.0,0.0,5.0
asottile__pyupgrade-933,18,17,add_subtask,SW18,0.875,0.8888888888888888,8.0,7.0,9.0,8.0,8,7,9,8,0,0,0,-0.125,-0.11111111111111116,investigation,investigation,false,source_metadata.target,0.875,0.8888888888888888,8.0,7.0,9.0,8.0,8,7,9,8,-0.125,-0.11111111111111116,investigation,investigation,native,0,1.0,0.0,0.8,0,0,0,0,0,0,0,0,0,0,0,0,0,0,240.0,30.0,30.0,5.0
asottile__pyupgrade-933,18,18,update_status,SW18,1.0,1.0,8.0,8.0,9.0,9.0,8,8,9,9,0,0,0,0.125,0.11111111111111116,none,none,false,source_metadata.target,1.0,1.0,8.0,8.0,9.0,9.0,8,8,9,9,0.125,0.11111111111111116,none,none,native,0,1.0,0.0,1.0,0,0,0,0,0,0,0,0,0,0,0,0,0,0,240.0,0.0,0.0,5.0
asottile__pyupgrade-933,20,19,add_subtask,SW20,0.8888888888888888,0.9,9.0,8.0,10.0,9.0,9,8,10,9,0,0,0,-0.11111111111111116,-0.09999999999999998,investigation,investigation,false,source_metadata.target,0.8888888888888888,0.9,9.0,8.0,10.0,9.0,9,8,10,9,-0.11111111111111116,-0.09999999999999998,investigation,investigation,native,0,1.0,0.0,0.8333333333333334,0,0,0,0,0,0,0,0,0,0,0,0,0,0,270.0,30.0,30.0,5.0
asottile__pyupgrade-933,20,20,update_status,SW20,1.0,1.0,9.0,9.0,10.0,10.0,9,9,10,10,0,0,0,0.11111111111111116,0.09999999999999998,none,none,false,source_metadata.target,1.0,1.0,9.0,9.0,10.0,10.0,9,9,10,10,0.11111111111111116,0.09999999999999998,none,none,native,0,1.0,0.0,1.0,0,0,0,0,0,0,0,0,0,0,0,0,0,0,270.0,0.0,0.0,5.0
asottile__pyupgrade-933,22,21,add_subtask,SW22,0.9,0.9090909090909091,10.0,9.0,11.0,10.0,10,9,11,10,0,0,0,-0.09999999999999998,-0.09090909090909094,investigation,investigation,false,source_metadata.target,0.9,0.9090909090909091,10.0,9.0,11.0,10.0,10,9,11,10,-0.09999999999999998,-0.09090909090909094,investigation,investigation,native,0,1.0,0.0,0.8571428571428571,0,0,0,0,0,0,0,0,0,0,0,0,0,0,300.0,30.0,30.0,5.0
asottile__pyupgrade-933,22,22,update_status,SW22,1.0,1.0,10.0,10.0,11.0,11.0,10,10,11,11,0,0,0,0.09999999999999998,0.09090909090909094,none,none,false,source_metadata.target,1.0,1.0,10.0,10.0,11.0,11.0,10,10,11,11,0.09999999999999998,0.09090909090909094,none,none,native,0,1.0,0.0,1.0,0,0,0,0,0,0,0,0,0,0,0,0,0,0,300.0,0.0,0.0,5.0
asottile__pyupgrade-933,24,23,add_subtask,SW24,0.9090909090909091,0.9166666666666666,11.0,10.0,12.0,11.0,11,10,12,11,0,0,0,-0.09090909090909094,-0.08333333333333337,investigation,investigation,false,source_metadata.target,0.9090909090909091,0.9166666666666666,11.0,10.0,12.0,11.0,11,10,12,11,-0.09090909090909094,-0.08333333333333337,investigation,investigation,native,0,1.0,0.0,0.875,0,0,0,0,0,0,0,0,0,0,0,0,0,0,330.0,30.0,30.0,5.0
asottile__pyupgrade-933,24,24,update_status,SW24,1.0,1.0,11.0,11.0,12.0,12.0,11,11,12,12,0,0,0,0.09090909090909094,0.08333333333333337,none,none,false,source_metadata.target,1.0,1.0,11.0,11.0,12.0,12.0,11,11,12,12,0.09090909090909094,0.08333333333333337,none,none,native,0,1.0,0.0,1.0,0,0,0,0,0,0,0,0,0,0,0,0,0,0,330.0,0.0,0.0,5.0
asottile__pyupgrade-933,26,25,add_subtask,SW26,0.9166666666666666,0.9230769230769231,12.0,11.0,13.0,12.0,12,11,13,12,0,0,0,-0.08333333333333337,-0.07692307692307687,investigation,investigation,false,source_metadata.target,0.9166666666666666,0.9230769230769231,12.0,11.0,13.0,12.0,12,11,13,12,-0.08333333333333337,-0.07692307692307687,investigation,investigation,native,0,1.0,0.0,0.8888888888888888,0,0,0,0,0,0,0,0,0,0,0,0,0,0,360.0,30.0,30.0,5.0
asottile__pyupgrade-933,26,26,update_status,SW26,1.0,1.0,12.0,12.0,13.0,13.0,12,12,13,13,0,0,0,0.08333333333333337,0.07692307692307687,none,none,false,source_metadata.target,1.0,1.0,12.0,12.0,13.0,13.0,12,12,13,13,0.08333333333333337,0.07692307692307687,none,none,native,0,1.0,0.0,1.0,0,0,0,0,0,0,0,0,0,0,0,0,0,0,360.0,0.0,0.0,5.0
asottile__pyupgrade-933,28,27,add_subtask,SW28,0.9230769230769231,0.9285714285714286,13.0,12.0,14.0,13.0,13,12,14,13,0,0,0,-0.07692307692307687,-0.0714285714285714,investigation,investigation,false,source_metadata.target,0.9230769230769231,0.9285714285714286,13.0,12.0,14.0,13.0,13,12,14,13,-0.07692307692307687,-0.0714285714285714,investigation,investigation,native,0,1.0,0.0,0.9,0,0,0,0,0,0,0,0,0,0,0,0,0,0,390.0,30.0,30.0,5.0
asottile__pyupgrade-933,28,28,update_status,SW28,1.0,1.0,13.0,13.0,14.0,14.0,13,13,14,14,0,0,0,0.07692307692307687,0.0714285714285714,none,none,false,source_metadata.target,1.0,1.0,13.0,13.0,14.0,14.0,13,13,14,14,0.07692307692307687,0.0714285714285714,none,none,native,0,1.0,0.0,1.0,0,0,0,0,0,0,0,0,0,0,0,0,0,0,390.0,0.0,0.0,5.0
asottile__pyupgrade-933,30,29,add_subtask,SW30,0.9285714285714286,0.9333333333333333,14.0,13.0,15.0,14.0,14,13,15,14,0,0,0,-0.0714285714285714,-0.06666666666666665,investigation,investigation,false,source_metadata.target,0.9285714285714286,0.9333333333333333,14.0,13.0,15.0,14.0,14,13,15,14,-0.0714285714285714,-0.06666666666666665,investigation,investigation,native,0,1.0,0.0,0.9090909090909091,0,0,0,0,0,0,0,0,0,0,0,0,0,0,420.0,30.0,30.0,5.0
asottile__pyupgrade-933,30,30,update_status,SW30,1.0,1.0,14.0,14.0,15.0,15.0,14,14,15,15,0,0,0,0.0714285714285714,0.06666666666666665,none,none,false,source_metadata.target,1.0,1.0,14.0,14.0,15.0,15.0,14,14,15,15,0.0714285714285714,0.06666666666666665,none,none,native,0,1.0,0.0,1.0,0,0,0,0,0,0,0,0,0,0,0,0,0,0,420.0,0.0,0.0,5.0
asottile__pyupgrade-933,32,31,add_subtask,SW32,0.9333333333333333,0.9375,15.0,14.0,16.0,15.0,15,14,16,15,0,0,0,-0.06666666666666665,-0.0625,investigation,investigation,false,source_metadata.target,0.9333333333333333,0.9375,15.0,14.0,16.0,15.0,15,14,16,15,-0.06666666666666665,-0.0625,investigation,investigation,native,0,1.0,0.0,0.9166666666666666,0,0,0,0,0,0,0,0,0,0,0,0,0,0,450.0,30.0,30.0,5.0
asottile__pyupgrade-933,32,32,update_status,SW32,1.0,1.0,15.0,15.0,16.0,16.0,15,15,16,16,0,0,0,0.06666666666666665,0.0625,none,none,false,source_metadata.target,1.0,1.0,15.0,15.0,16.0,16.0,15,15,16,16,0.06666666666666665,0.0625,none,none,native,0,1.0,0.0,1.0,0,0,0,0,0,0,0,0,0,0,0,0,0,0,450.0,0.0,0.0,5.0
asottile__pyupgrade-933,34,33,add_subtask,SW34,0.9375,0.9411764705882353,16.0,15.0,17.0,16.0,16,15,17,16,0,0,0,-0.0625,-0.05882352941176472,investigation,investigation,false,source_metadata.target,0.9375,0.9411764705882353,16.0,15.0,17.0,16.0,16,15,17,16,-0.0625,-0.05882352941176472,investigation,investigation,native,0,1.0,0.0,0.9230769230769231,0,0,0,0,0,0,0,0,0,0,0,0,0,0,480.0,30.0,30.0,5.0
asottile__pyupgrade-933,34,34,update_status,SW34,1.0,1.0,16.0,16.0,17.0,17.0,16,16,17,17,0,0,0,0.0625,0.05882352941176472,none,none,false,source_metadata.target,1.0,1.0,16.0,16.0,17.0,17.0,16,16,17,17,0.0625,0.05882352941176472,none,none,native,0,1.0,0.0,1.0,0,0,0,0,0,0,0,0,0,0,0,0,0,0,480.0,0.0,0.0,5.0
asottile__pyupgrade-933,36,35,add_subtask,SW36,0.9411764705882353,0.9444444444444444,17.0,16.0,18.0,17.0,17,16,18,17,0,0,0,-0.05882352941176472,-0.05555555555555558,investigation,investigation,false,source_metadata.target,0.9411764705882353,0.9444444444444444,17.0,16.0,18.0,17.0,17,16,18,17,-0.05882352941176472,-0.05555555555555558,investigation,investigation,native,0,1.0,0.0,0.9285714285714286,0,0,0,0,0,0,0,0,0,0,0,0,0,0,510.0,30.0,30.0,5.0
asottile__pyupgrade-933,36,36,update_status,SW36,1.0,1.0,17.0,17.0,18.0,18.0,17,17,18,18,0,0,0,0.05882352941176472,0.05555555555555558,none,none,false,source_metadata.target,1.0,1.0,17.0,17.0,18.0,18.0,17,17,18,18,0.05882352941176472,0.05555555555555558,none,none,native,0,1.0,0.0,1.0,0,0,0,0,0,0,0,0,0,0,0,0,0,0,510.0,0.0,0.0,5.0
asottile__pyupgrade-933,38,37,add_subtask,SW38,0.9444444444444444,0.9473684210526315,18.0,17.0,19.0,18.0,18,17,19,18,0,0,0,-0.05555555555555558,-0.052631578947368474,investigation,investigation,false,source_metadata.target,0.9444444444444444,0.9473684210526315,18.0,17.0,19.0,18.0,18,17,19,18,-0.05555555555555558,-0.052631578947368474,investigation,investigation,native,0,1.0,0.0,0.9333333333333333,0,0,0,0,0,0,0,0,0,0,0,0,0,0,540.0,30.0,30.0,5.0
asottile__pyupgrade-933,38,38,update_status,SW38,1.0,1.0,18.0,18.0,19.0,19.0,18,18,19,19,0,0,0,0.05555555555555558,0.052631578947368474,none,none,false,source_metadata.target,1.0,1.0,18.0,18.0,19.0,19.0,18,18,19,19,0.05555555555555558,0.052631578947368474,none,none,native,0,1.0,0.0,1.0,0,0,0,0,0,0,0,0,0,0,0,0,0,0,540.0,0.0,0.0,5.0
asottile__pyupgrade-933,40,39,add_subtask,SW40,0.9473684210526315,0.95,19.0,18.0,20.0,19.0,19,18,20,19,0,0,0,-0.052631578947368474,-0.050000000000000044,investigation,investigation,false,source_metadata.target,0.9473684210526315,0.95,19.0,18.0,20.0,19.0,19,18,20,19,-0.052631578947368474,-0.050000000000000044,investigation,investigation,native,0,1.0,0.0,0.9375,0,0,0,0,0,0,0,0,0,0,0,0,0,0,570.0,30.0,30.0,5.0
asottile__pyupgrade-933,40,40,update_status,SW40,1.0,1.0,19.0,19.0,20.0,20.0,19,19,20,20,0,0,0,0.052631578947368474,0.050000000000000044,none,none,false,source_metadata.target,1.0,1.0,19.0,19.0,20.0,20.0,19,19,20,20,0.052631578947368474,0.050000000000000044,none,none,native,0,1.0,0.0,1.0,0,0,0,0,0,0,0,0,0,0,0,0,0,0,570.0,0.0,0.0,5.0
asottile__pyupgrade-933,42,41,add_subtask,SW42,0.95,0.9523809523809523,20.0,19.0,21.0,20.0,20,19,21,20,0,0,0,-0.050000000000000044,-0.04761904761904767,investigation,investigation,false,source_metadata.target,0.95,0.9523809523809523,20.0,19.0,21.0,20.0,20,19,21,20,-0.050000000000000044,-0.04761904761904767,investigation,investigation,native,0,1.0,0.0,0.9411764705882353,0,0,0,0,0,0,0,0,0,0,0,0,0,0,600.0,30.0,30.0,5.0
asottile__pyupgrade-933,42,42,update_status,SW42,1.0,1.0,20.0,20.0,21.0,21.0,20,20,21,21,0,0,0,0.050000000000000044,0.04761904761904767,none,none,false,source_metadata.target,1.0,1.0,20.0,20.0,21.0,21.0,20,20,21,21,0.050000000000000044,0.04761904761904767,none,none,native,0,1.0,0.0,1.0,0,0,0,0,0,0,0,0,0,0,0,0,0,0,600.0,0.0,0.0,5.0
asottile__pyupgrade-933,44,43,add_subtask,SW44,0.9523809523809523,0.9545454545454546,21.0,20.0,22.0,21.0,21,20,22,21,0,0,0,-0.04761904761904767,-0.045454545454545414,investigation,investigation,false,source_metadata.target,0.9523809523809523,0.9545454545454546,21.0,20.0,22.0,21.0,21,20,22,21,-0.04761904761904767,-0.045454545454545414,investigation,investigation,native,0,1.0,0.0,0.9444444444444444,0,0,0,0,0,0,0,0,0,0,0,0,0,0,630.0,30.0,30.0,5.0
asottile__pyupgrade-933,44,44,update_status,SW44,1.0,1.0,21.0,21.0,22.0,22.0,21,21,22,22,0,0,0,0.04761904761904767,0.045454545454545414,none,none,false,source_metadata.target,1.0,1.0,21.0,21.0,22.0,22.0,21,21,22,22,0.04761904761904767,0.045454545454545414,none,none,native,0,1.0,0.0,1.0,0,0,0,0,0,0,0,0,0,0,0,0,0,0,630.0,0.0,0.0,5.0
asottile__pyupgrade-933,46,45,add_subtask,SW46,0.9545454545454546,0.9565217391304348,22.0,21.0,23.0,22.0,22,21,23,22,0,0,0,-0.045454545454545414,-0.04347826086956519,investigation,investigation,false,source_metadata.target,0.9545454545454546,0.9565217391304348,22.0,21.0,23.0,22.0,22,21,23,22,-0.045454545454545414,-0.04347826086956519,investigation,investigation,native,0,1.0,0.0,0.9473684210526315,0,0,0,0,0,0,0,0,0,0,0,0,0,0,660.0,30.0,30.0,5.0
asottile__pyupgrade-933,46,46,update_status,SW46,1.0,1.0,22.0,22.0,23.0,23.0,22,22,23,23,0,0,0,0.045454545454545414,0.04347826086956519,none,none,false,source_metadata.target,1.0,1.0,22.0,22.0,23.0,23.0,22,22,23,23,0.045454545454545414,0.04347826086956519,none,none,native,0,1.0,0.0,1.0,0,0,0,0,0,0,0,0,0,0,0,0,0,0,660.0,0.0,0.0,5.0
asottile__pyupgrade-933,48,47,add_subtask,SW48,0.9565217391304348,0.9583333333333334,23.0,22.0,24.0,23.0,23,22,24,23,0,0,0,-0.04347826086956519,-0.04166666666666663,investigation,investigation,false,source_metadata.target,0.9565217391304348,0.9583333333333334,23.0,22.0,24.0,23.0,23,22,24,23,-0.04347826086956519,-0.04166666666666663,investigation,investigation,native,0,1.0,0.0,0.95,0,0,0,0,0,0,0,0,0,0,0,0,0,0,690.0,30.0,30.0,5.0
asottile__pyupgrade-933,48,48,update_status,SW48,1.0,1.0,23.0,23.0,24.0,24.0,23,23,24,24,0,0,0,0.04347826086956519,0.04166666666666663,none,none,false,source_metadata.target,1.0,1.0,23.0,23.0,24.0,24.0,23,23,24,24,0.04347826086956519,0.04166666666666663,none,none,native,0,1.0,0.0,1.0,0,0,0,0,0,0,0,0,0,0,0,0,0,0,690.0,0.0,0.0,5.0
asottile__pyupgrade-933,50,49,add_subtask,SW50,0.9583333333333334,0.96,24.0,23.0,25.0,24.0,24,23,25,24,0,0,0,-0.04166666666666663,-0.040000000000000036,investigation,investigation,false,source_metadata.target,0.9583333333333334,0.96,24.0,23.0,25.0,24.0,24,23,25,24,-0.04166666666666663,-0.040000000000000036,investigation,investigation,native,0,1.0,0.0,0.9523809523809523,0,0,0,0,0,0,0,0,0,0,0,0,0,0,720.0,30.0,30.0,5.0
asottile__pyupgrade-933,50,50,update_status,SW50,1.0,1.0,24.0,24.0,25.0,25.0,24,24,25,25,0,0,0,0.04166666666666663,0.040000000000000036,none,none,false,source_metadata.target,1.0,1.0,24.0,24.0,25.0,25.0,24,24,25,25,0.04166666666666663,0.040000000000000036,none,none,native,0,1.0,0.0,1.0,0,0,0,0,0,0,0,0,0,0,0,0,0,0,720.0,0.0,0.0,5.0
asottile__pyupgrade-933,52,51,add_subtask,SW52,0.96,0.9615384615384616,25.0,24.0,26.0,25.0,25,24,26,25,0,0,0,-0.040000000000000036,-0.038461538461538436,investigation,investigation,false,source_metadata.target,0.96,0.9615384615384616,25.0,24.0,26.0,25.0,25,24,26,25,-0.040000000000000036,-0.038461538461538436,investigation,investigation,native,0,1.0,0.0,0.9545454545454546,0,0,0,0,0,0,0,0,0,0,0,0,0,0,750.0,30.0,30.0,5.0
asottile__pyupgrade-933,52,52,update_status,SW52,1.0,1.0,25.0,25.0,26.0,26.0,25,25,26,26,0,0,0,0.040000000000000036,0.038461538461538436,none,none,false,source_metadata.target,1.0,1.0,25.0,25.0,26.0,26.0,25,25,26,26,0.040000000000000036,0.038461538461538436,none,none,native,0,1.0,0.0,1.0,0,0,0,0,0,0,0,0,0,0,0,0,0,0,750.0,0.0,0.0,5.0
asottile__pyupgrade-933,54,53,add_subtask,SW54,0.9615384615384616,0.9629629629629629,26.0,25.0,27.0,26.0,26,25,27,26,0,0,0,-0.038461538461538436,-0.03703703703703709,investigation,investigation,false,source_metadata.target,0.9615384615384616,0.9629629629629629,26.0,25.0,27.0,26.0,26,25,27,26,-0.038461538461538436,-0.03703703703703709,investigation,investigation,native,0,1.0,0.0,0.9565217391304348,0,0,0,0,0,0,0,0,0,0,0,0,0,0,780.0,30.0,30.0,5.0
asottile__pyupgrade-933,54,54,update_status,SW54,1.0,1.0,26.0,26.0,27.0,27.0,26,26,27,27,0,0,0,0.038461538461538436,0.03703703703703709,none,none,false,source_metadata.target,1.0,1.0,26.0,26.0,27.0,27.0,26,26,27,27,0.038461538461538436,0.03703703703703709,none,none,native,0,1.0,0.0,1.0,0,0,0,0,0,0,0,0,0,0,0,0,0,0,780.0,0.0,0.0,5.0
asottile__pyupgrade-933,56,55,add_subtask,SW56,0.9629629629629629,0.9642857142857143,27.0,26.0,28.0,27.0,27,26,28,27,0,0,0,-0.03703703703703709,-0.0357142857142857,investigation,investigation,false,source_metadata.target,0.9629629629629629,0.9642857142857143,27.0,26.0,28.0,27.0,27,26,28,27,-0.03703703703703709,-0.0357142857142857,investigation,investigation,native,0,1.0,0.0,0.9583333333333334,0,0,0,0,0,0,0,0,0,0,0,0,0,0,810.0,30.0,30.0,5.0
asottile__pyupgrade-933,56,56,update_status,SW56,1.0,1.0,27.0,27.0,28.0,28.0,27,27,28,28,0,0,0,0.03703703703703709,0.0357142857142857,none,none,false,source_metadata.target,1.0,1.0,27.0,27.0,28.0,28.0,27,27,28,28,0.03703703703703709,0.0357142857142857,none,none,native,0,1.0,0.0,1.0,0,0,0,0,0,0,0,0,0,0,0,0,0,0,810.0,0.0,0.0,5.0
asottile__pyupgrade-933,58,57,add_subtask,SW58,0.9642857142857143,0.9655172413793104,28.0,27.0,29.0,28.0,28,27,29,28,0,0,0,-0.0357142857142857,-0.03448275862068961,investigation,investigation,false,source_metadata.target,0.9642857142857143,0.9655172413793104,28.0,27.0,29.0,28.0,28,27,29,28,-0.0357142857142857,-0.03448275862068961,investigation,investigation,native,0,1.0,0.0,0.96,0,0,0,0,0,0,0,0,0,0,0,0,0,0,840.0,30.0,30.0,5.0
asottile__pyupgrade-933,58,58,update_status,SW58,1.0,1.0,28.0,28.0,29.0,29.0,28,28,29,29,0,0,0,0.0357142857142857,0.03448275862068961,none,none,false,source_metadata.target,1.0,1.0,28.0,28.0,29.0,29.0,28,28,29,29,0.0357142857142857,0.03448275862068961,none,none,native,0,1.0,0.0,1.0,0,0,0,0,0,0,0,0,0,0,0,0,0,0,840.0,0.0,0.0,5.0
asottile__pyupgrade-933,60,59,add_subtask,SW60,0.9655172413793104,0.9666666666666667,29.0,28.0,30.0,29.0,29,28,30,29,0,0,0,-0.03448275862068961,-0.033333333333333326,investigation,investigation,false,source_metadata.target,0.9655172413793104,0.9666666666666667,29.0,28.0,30.0,29.0,29,28,30,29,-0.03448275862068961,-0.033333333333333326,investigation,investigation,native,0,1.0,0.0,0.9615384615384616,0,0,0,0,0,0,0,0,0,0,0,0,0,0,870.0,30.0,30.0,5.0
asottile__pyupgrade-933,60,60,update_status,SW60,1.0,1.0,29.0,29.0,30.0,30.0,29,29,30,30,0,0,0,0.03448275862068961,0.033333333333333326,none,none,false,source_metadata.target,1.0,1.0,29.0,29.0,30.0,30.0,29,29,30,30,0.03448275862068961,0.033333333333333326,none,none,native,0,1.0,0.0,1.0,0,0,0,0,0,0,0,0,0,0,0,0,0,0,870.0,0.0,0.0,5.0
asottile__pyupgrade-933,62,61,add_subtask,SW62,0.9666666666666667,0.967741935483871,30.0,29.0,31.0,30.0,30,29,31,30,0,0,0,-0.033333333333333326,-0.032258064516129004,investigation,investigation,false,source_metadata.target,0.9666666666666667,0.967741935483871,30.0,29.0,31.0,30.0,30,29,31,30,-0.033333333333333326,-0.032258064516129004,investigation,investigation,native,0,1.0,0.0,0.9629629629629629,0,0,0,0,0,0,0,0,0,0,0,0,0,0,900.0,30.0,30.0,5.0
asottile__pyupgrade-933,62,62,update_status,SW62,1.0,1.0,30.0,30.0,31.0,31.0,30,30,31,31,0,0,0,0.033333333333333326,0.032258064516129004,none,none,false,source_metadata.target,1.0,1.0,30.0,30.0,31.0,31.0,30,30,31,31,0.033333333333333326,0.032258064516129004,none,none,native,0,1.0,0.0,1.0,0,0,0,0,0,0,0,0,0,0,0,0,0,0,900.0,0.0,0.0,5.0
asottile__pyupgrade-933,64,63,add_subtask,SW64,0.967741935483871,0.96875,31.0,30.0,32.0,31.0,31,30,32,31,0,0,0,-0.032258064516129004,-0.03125,investigation,investigation,false,source_metadata.target,0.967741935483871,0.96875,31.0,30.0,32.0,31.0,31,30,32,31,-0.032258064516129004,-0.03125,investigation,investigation,native,0,1.0,0.0,0.9642857142857143,0,0,0,0,0,0,0,0,0,0,0,0,0,0,930.0,30.0,30.0,5.0
asottile__pyupgrade-933,64,64,update_status,SW64,1.0,1.0,31.0,31.0,32.0,32.0,31,31,32,32,0,0,0,0.032258064516129004,0.03125,none,none,false,source_metadata.target,1.0,1.0,31.0,31.0,32.0,32.0,31,31,32,32,0.032258064516129004,0.03125,none,none,native,0,1.0,0.0,1.0,0,0,0,0,0,0,0,0,0,0,0,0,0,0,930.0,0.0,0.0,5.0
asottile__pyupgrade-933,66,65,add_subtask,SW66,0.96875,0.9696969696969697,32.0,31.0,33.0,32.0,32,31,33,32,0,0,0,-0.03125,-0.030303030303030276,investigation,investigation,false,source_metadata.target,0.96875,0.9696969696969697,32.0,31.0,33.0,32.0,32,31,33,32,-0.03125,-0.030303030303030276,investigation,investigation,native,0,1.0,0.0,0.9655172413793104,0,0,0,0,0,0,0,0,0,0,0,0,0,0,960.0,30.0,30.0,5.0
asottile__pyupgrade-933,66,66,update_status,SW66,1.0,1.0,32.0,32.0,33.0,33.0,32,32,33,33,0,0,0,0.03125,0.030303030303030276,none,none,false,source_metadata.target,1.0,1.0,32.0,32.0,33.0,33.0,32,32,33,33,0.03125,0.030303030303030276,none,none,native,0,1.0,0.0,1.0,0,0,0,0,0,0,0,0,0,0,0,0,0,0,960.0,0.0,0.0,5.0
asottile__pyupgrade-933,68,67,add_subtask,SW68,0.9696969696969697,0.9705882352941176,33.0,32.0,34.0,33.0,33,32,34,33,0,0,0,-0.030303030303030276,-0.02941176470588236,investigation,investigation,false,source_metadata.target,0.9696969696969697,0.9705882352941176,33.0,32.0,34.0,33.0,33,32,34,33,-0.030303030303030276,-0.02941176470588236,investigation,investigation,native,0,1.0,0.0,0.9666666666666667,0,0,0,0,0,0,0,0,0,0,0,0,0,0,990.0,30.0,30.0,5.0
asottile__pyupgrade-933,68,68,update_status,SW68,1.0,1.0,33.0,33.0,34.0,34.0,33,33,34,34,0,0,0,0.030303030303030276,0.02941176470588236,none,none,false,source_metadata.target,1.0,1.0,33.0,33.0,34.0,34.0,33,33,34,34,0.030303030303030276,0.02941176470588236,none,none,native,0,1.0,0.0,1.0,0,0,0,0,0,0,0,0,0,0,0,0,0,0,990.0,0.0,0.0,5.0
asottile__pyupgrade-933,70,69,add_subtask,SW70,0.9705882352941176,0.9714285714285714,34.0,33.0,35.0,34.0,34,33,35,34,0,0,0,-0.02941176470588236,-0.02857142857142858,investigation,investigation,false,source_metadata.target,0.9705882352941176,0.9714285714285714,34.0,33.0,35.0,34.0,34,33,35,34,-0.02941176470588236,-0.02857142857142858,investigation,investigation,native,0,1.0,0.0,0.967741935483871,0,0,0,0,0,0,0,0,0,0,0,0,0,0,1020.0,30.0,30.0,5.0
asottile__pyupgrade-933,70,70,update_status,SW70,1.0,1.0,34.0,34.0,35.0,35.0,34,34,35,35,0,0,0,0.02941176470588236,0.02857142857142858,none,none,false,source_metadata.target,1.0,1.0,34.0,34.0,35.0,35.0,34,34,35,35,0.02941176470588236,0.02857142857142858,none,none,native,0,1.0,0.0,1.0,0,0,0,0,0,0,0,0,0,0,0,0,0,0,1020.0,0.0,0.0,5.0
asottile__pyupgrade-933,72,71,add_subtask,SW72,0.9714285714285714,0.9722222222222222,35.0,34.0,36.0,35.0,35,34,36,35,0,0,0,-0.02857142857142858,-0.02777777777777779,investigation,investigation,false,source_metadata.target,0.9714285714285714,0.9722222222222222,35.0,34.0,36.0,35.0,35,34,36,35,-0.02857142857142858,-0.02777777777777779,investigation,investigation,native,0,1.0,0.0,0.96875,0,0,0,0,0,0,0,0,0,0,0,0,0,0,1050.0,30.0,30.0,5.0
asottile__pyupgrade-933,72,72,update_status,SW72,1.0,1.0,35.0,35.0,36.0,36.0,35,35,36,36,0,0,0,0.02857142857142858,0.02777777777777779,none,none,false,source_metadata.target,1.0,1.0,35.0,35.0,36.0,36.0,35,35,36,36,0.02857142857142858,0.02777777777777779,none,none,native,0,1.0,0.0,1.0,0,0,0,0,0,0,0,0,0,0,0,0,0,0,1050.0,0.0,0.0,5.0
asottile__pyupgrade-933,74,73,add_subtask,SW74,0.9722222222222222,0.972972972972973,36.0,35.0,37.0,36.0,36,35,37,36,0,0,0,-0.02777777777777779,-0.027027027027026973,investigation,investigation,false,source_metadata.target,0.9722222222222222,0.972972972972973,36.0,35.0,37.0,36.0,36,35,37,36,-0.02777777777777779,-0.027027027027026973,investigation,investigation,native,0,1.0,0.0,0.9696969696969697,0,0,0,0,0,0,0,0,0,0,0,0,0,0,1080.0,30.0,30.0,5.0
asottile__pyupgrade-933,74,74,update_status,SW74,1.0,1.0,36.0,36.0,37.0,37.0,36,36,37,37,0,0,0,0.02777777777777779,0.027027027027026973,none,none,false,source_metadata.target,1.0,1.0,36.0,36.0,37.0,37.0,36,36,37,37,0.02777777777777779,0.027027027027026973,none,none,native,0,1.0,0.0,1.0,0,0,0,0,0,0,0,0,0,0,0,0,0,0,1080.0,0.0,0.0,5.0
asottile__pyupgrade-933,76,75,add_subtask,SW76,0.972972972972973,0.9736842105263158,37.0,36.0,38.0,37.0,37,36,38,37,0,0,0,-0.027027027027026973,-0.02631578947368418,investigation,investigation,false,source_metadata.target,0.972972972972973,0.9736842105263158,37.0,36.0,38.0,37.0,37,36,38,37,-0.027027027027026973,-0.02631578947368418,investigation,investigation,native,0,1.0,0.0,0.9705882352941176,0,0,0,0,0,0,0,0,0,0,0,0,0,0,1110.0,30.0,30.0,5.0
asottile__pyupgrade-933,76,76,update_status,SW76,1.0,1.0,37.0,37.0,38.0,38.0,37,37,38,38,0,0,0,0.027027027027026973,0.02631578947368418,none,none,false,source_metadata.target,1.0,1.0,37.0,37.0,38.0,38.0,37,37,38,38,0.027027027027026973,0.02631578947368418,none,none,native,0,1.0,0.0,1.0,0,0,0,0,0,0,0,0,0,0,0,0,0,0,1110.0,0.0,0.0,5.0
asottile__pyupgrade-933,78,77,add_subtask,SW78,0.9736842105263158,0.9743589743589743,38.0,37.0,39.0,38.0,38,37,39,38,0,0,0,-0.02631578947368418,-0.02564102564102566,investigation,investigation,false,source_metadata.target,0.9736842105263158,0.9743589743589743,38.0,37.0,39.0,38.0,38,37,39,38,-0.02631578947368418,-0.02564102564102566,investigation,investigation,native,0,1.0,0.0,0.9714285714285714,0,0,0,0,0,0,0,0,0,0,0,0,0,0,1140.0,30.0,30.0,5.0
asottile__pyupgrade-933,78,78,update_status,SW78,1.0,1.0,38.0,38.0,39.0,39.0,38,38,39,39,0,0,0,0.02631578947368418,0.02564102564102566,none,none,false,source_metadata.target,1.0,1.0,38.0,38.0,39.0,39.0,38,38,39,39,0.02631578947368418,0.02564102564102566,none,none,native,0,1.0,0.0,1.0,0,0,0,0,0,0,0,0,0,0,0,0,0,0,1140.0,0.0,0.0,5.0
asottile__pyupgrade-933,80,79,add_subtask,SW80,0.9743589743589743,0.975,39.0,38.0,40.0,39.0,39,38,40,39,0,0,0,-0.02564102564102566,-0.025000000000000022,investigation,investigation,false,source_metadata.target,0.9743589743589743,0.975,39.0,38.0,40.0,39.0,39,38,40,39,-0.02564102564102566,-0.025000000000000022,investigation,investigation,native,0,1.0,0.0,0.9722222222222222,0,0,0,0,0,0,0,0,0,0,0,0,0,0,1170.0,30.0,30.0,5.0
asottile__pyupgrade-933,80,80,update_status,SW80,1.0,1.0,39.0,39.0,40.0,40.0,39,39,40,40,0,0,0,0.02564102564102566,0.025000000000000022,none,none,false,source_metadata.target,1.0,1.0,39.0,39.0,40.0,40.0,39,39,40,40,0.02564102564102566,0.025000000000000022,none,none,native,0,1.0,0.0,1.0,0,0,0,0,0,0,0,0,0,0,0,0,0,0,1170.0,0.0,0.0,5.0
asottile__pyupgrade-933,82,81,add_subtask,SW82,0.975,0.975609756097561,40.0,39.0,41.0,40.0,40,39,41,40,0,0,0,-0.025000000000000022,-0.024390243902439046,investigation,investigation,false,source_metadata.target,0.975,0.975609756097561,40.0,39.0,41.0,40.0,40,39,41,40,-0.025000000000000022,-0.024390243902439046,investigation,investigation,native,0,1.0,0.0,0.972972972972973,0,0,0,0,0,0,0,0,0,0,0,0,0,0,1200.0,30.0,30.0,5.0
asottile__pyupgrade-933,82,82,update_status,SW82,1.0,1.0,40.0,40.0,41.0,41.0,40,40,41,41,0,0,0,0.025000000000000022,0.024390243902439046,none,none,false,source_metadata.target,1.0,1.0,40.0,40.0,41.0,41.0,40,40,41,41,0.025000000000000022,0.024390243902439046,none,none,native,0,1.0,0.0,1.0,0,0,0,0,0,0,0,0,0,0,0,0,0,0,1200.0,0.0,0.0,5.0
asottile__pyupgrade-933,84,83,add_subtask,SW84,0.975609756097561,0.9761904761904762,41.0,40.0,42.0,41.0,41,40,42,41,0,0,0,-0.024390243902439046,-0.023809523809523836,investigation,investigation,false,source_metadata.target,0.975609756097561,0.9761904761904762,41.0,40.0,42.0,41.0,41,40,42,41,-0.024390243902439046,-0.023809523809523836,investigation,investigation,native,0,1.0,0.0,0.9736842105263158,0,0,0,0,0,0,0,0,0,0,0,0,0,0,1230.0,30.0,30.0,5.0
asottile__pyupgrade-933,84,84,update_status,SW84,1.0,1.0,41.0,41.0,42.0,42.0,41,41,42,42,0,0,0,0.024390243902439046,0.023809523809523836,none,none,false,source_metadata.target,1.0,1.0,41.0,41.0,42.0,42.0,41,41,42,42,0.024390243902439046,0.023809523809523836,none,none,native,0,1.0,0.0,1.0,0,0,0,0,0,0,0,0,0,0,0,0,0,0,1230.0,0.0,0.0,5.0
asottile__pyupgrade-933,86,85,add_subtask,SW86,0.9761904761904762,0.9767441860465116,42.0,41.0,43.0,42.0,42,41,43,42,0,0,0,-0.023809523809523836,-0.023255813953488413,investigation,investigation,false,source_metadata.target,0.9761904761904762,0.9767441860465116,42.0,41.0,43.0,42.0,42,41,43,42,-0.023809523809523836,-0.023255813953488413,investigation,investigation,native,0,1.0,0.0,0.9743589743589743,0,0,0,0,0,0,0,0,0,0,0,0,0,0,1260.0,30.0,30.0,5.0
asottile__pyupgrade-933,86,86,update_status,SW86,1.0,1.0,42.0,42.0,43.0,43.0,42,42,43,43,0,0,0,0.023809523809523836,0.023255813953488413,none,none,false,source_metadata.target,1.0,1.0,42.0,42.0,43.0,43.0,42,42,43,43,0.023809523809523836,0.023255813953488413,none,none,native,0,1.0,0.0,1.0,0,0,0,0,0,0,0,0,0,0,0,0,0,0,1260.0,0.0,0.0,5.0
asottile__pyupgrade-933,88,87,add_subtask,SW88,0.9767441860465116,0.9772727272727273,43.0,42.0,44.0,43.0,43,42,44,43,0,0,0,-0.023255813953488413,-0.022727272727272707,investigation,investigation,false,source_metadata.target,0.9767441860465116,0.9772727272727273,43.0,42.0,44.0,43.0,43,42,44,43,-0.023255813953488413,-0.022727272727272707,investigation,investigation,native,0,1.0,0.0,0.975,0,0,0,0,0,0,0,0,0,0,0,0,0,0,1290.0,30.0,30.0,5.0
asottile__pyupgrade-933,88,88,update_status,SW88,1.0,1.0,43.0,43.0,44.0,44.0,43,43,44,44,0,0,0,0.023255813953488413,0.022727272727272707,none,none,false,source_metadata.target,1.0,1.0,43.0,43.0,44.0,44.0,43,43,44,44,0.023255813953488413,0.022727272727272707,none,none,native,0,1.0,0.0,1.0,0,0,0,0,0,0,0,0,0,0,0,0,0,0,1290.0,0.0,0.0,5.0
asottile__pyupgrade-933,90,89,add_subtask,SW90,0.9772727272727273,0.9777777777777777,44.0,43.0,45.0,44.0,44,43,45,44,0,0,0,-0.022727272727272707,-0.022222222222222254,investigation,investigation,false,source_metadata.target,0.9772727272727273,0.9777777777777777,44.0,43.0,45.0,44.0,44,43,45,44,-0.022727272727272707,-0.022222222222222254,investigation,investigation,native,0,1.0,0.0,0.975609756097561,0,0,0,0,0,0,0,0,0,0,0,0,0,0,1320.0,30.0,30.0,5.0
asottile__pyupgrade-933,90,90,update_status,SW90,1.0,1.0,44.0,44.0,45.0,45.0,44,44,45,45,0,0,0,0.022727272727272707,0.022222222222222254,none,none,false,source_metadata.target,1.0,1.0,44.0,44.0,45.0,45.0,44,44,45,45,0.022727272727272707,0.022222222222222254,none,none,native,0,1.0,0.0,1.0,0,0,0,0,0,0,0,0,0,0,0,0,0,0,1320.0,0.0,0.0,5.0
asottile__pyupgrade-933,92,91,add_subtask,SW92,0.9777777777777777,0.9782608695652174,45.0,44.0,46.0,45.0,45,44,46,45,0,0,0,-0.022222222222222254,-0.021739130434782594,investigation,investigation,false,source_metadata.target,0.9777777777777777,0.9782608695652174,45.0,44.0,46.0,45.0,45,44,46,45,-0.022222222222222254,-0.021739130434782594,investigation,investigation,native,0,1.0,0.0,0.9761904761904762,0,0,0,0,0,0,0,0,0,0,0,0,0,0,1350.0,30.0,30.0,5.0
asottile__pyupgrade-933,92,92,update_status,SW92,1.0,1.0,45.0,45.0,46.0,46.0,45,45,46,46,0,0,0,0.022222222222222254,0.021739130434782594,none,none,false,source_metadata.target,1.0,1.0,45.0,45.0,46.0,46.0,45,45,46,46,0.022222222222222254,0.021739130434782594,none,none,native,0,1.0,0.0,1.0,0,0,0,0,0,0,0,0,0,0,0,0,0,0,1350.0,0.0,0.0,5.0
asottile__pyupgrade-933,94,93,add_subtask,SW94,0.9782608695652174,0.9787234042553191,46.0,45.0,47.0,46.0,46,45,47,46,0,0,0,-0.021739130434782594,-0.021276595744680882,investigation,investigation,false,source_metadata.target,0.9782608695652174,0.9787234042553191,46.0,45.0,47.0,46.0,46,45,47,46,-0.021739130434782594,-0.021276595744680882,investigation,investigation,native,0,1.0,0.0,0.9767441860465116,0,0,0,0,0,0,0,0,0,0,0,0,0,0,1380.0,30.0,30.0,5.0
asottile__pyupgrade-933,94,94,update_status,SW94,1.0,1.0,46.0,46.0,47.0,47.0,46,46,47,47,0,0,0,0.021739130434782594,0.021276595744680882,none,none,false,source_metadata.target,1.0,1.0,46.0,46.0,47.0,47.0,46,46,47,47,0.021739130434782594,0.021276595744680882,none,none,native,0,1.0,0.0,1.0,0,0,0,0,0,0,0,0,0,0,0,0,0,0,1380.0,0.0,0.0,5.0
asottile__pyupgrade-933,96,95,add_subtask,SW96,0.9787234042553191,0.9791666666666666,47.0,46.0,48.0,47.0,47,46,48,47,0,0,0,-0.021276595744680882,-0.02083333333333337,investigation,investigation,false,source_metadata.target,0.9787234042553191,0.9791666666666666,47.0,46.0,48.0,47.0,47,46,48,47,-0.021276595744680882,-0.02083333333333337,investigation,investigation,native,0,1.0,0.0,0.9772727272727273,0,0,0,0,0,0,0,0,0,0,0,0,0,0,1410.0,30.0,30.0,5.0
asottile__pyupgrade-933,96,96,update_status,SW96,1.0,1.0,47.0,47.0,48.0,48.0,47,47,48,48,0,0,0,0.021276595744680882,0.02083333333333337,none,none,false,source_metadata.target,1.0,1.0,47.0,47.0,48.0,48.0,47,47,48,48,0.021276595744680882,0.02083333333333337,none,none,native,0,1.0,0.0,1.0,0,0,0,0,0,0,0,0,0,0,0,0,0,0,1410.0,0.0,0.0,5.0
asottile__pyupgrade-933,98,97,add_subtask,SW98,0.9791666666666666,0.9795918367346939,48.0,47.0,49.0,48.0,48,47,49,48,0,0,0,-0.02083333333333337,-0.020408163265306145,investigation,investigation,false,source_metadata.target,0.9791666666666666,0.9795918367346939,48.0,47.0,49.0,48.0,48,47,49,48,-0.02083333333333337,-0.020408163265306145,investigation,investigation,native,0,1.0,0.0,0.9777777777777777,0,0,0,0,0,0,0,0,0,0,0,0,0,0,1440.0,30.0,30.0,5.0
asottile__pyupgrade-933,98,98,update_status,SW98,1.0,1.0,48.0,48.0,49.0,49.0,48,48,49,49,0,0,0,0.02083333333333337,0.020408163265306145,none,none,false,source_metadata.target,1.0,1.0,48.0,48.0,49.0,49.0,48,48,49,49,0.02083333333333337,0.020408163265306145,none,none,native,0,1.0,0.0,1.0,0,0,0,0,0,0,0,0,0,0,0,0,0,0,1440.0,0.0,0.0,5.0
asottile__pyupgrade-933,100,99,add_subtask,SW100,0.9795918367346939,0.98,49.0,48.0,50.0,49.0,49,48,50,49,0,0,0,-0.020408163265306145,-0.020000000000000018,investigation,investigation,false,source_metadata.target,0.9795918367346939,0.98,49.0,48.0,50.0,49.0,49,48,50,49,-0.020408163265306145,-0.020000000000000018,investigation,investigation,native,0,1.0,0.0,0.9782608695652174,0,0,0,0,0,0,0,0,0,0,0,0,0,0,1470.0,30.0,30.0,5.0
asottile__pyupgrade-933,100,100,update_status,SW100,1.0,1.0,49.0,49.0,50.0,50.0,49,49,50,50,0,0,0,0.020408163265306145,0.020000000000000018,none,none,false,source_metadata.target,1.0,1.0,49.0,49.0,50.0,50.0,49,49,50,50,0.020408163265306145,0.020000000000000018,none,none,native,0,1.0,0.0,1.0,0,0,0,0,0,0,0,0,0,0,0,0,0,0,1470.0,0.0,0.0,5.0
asottile__pyupgrade-933,102,101,add_subtask,SW102,0.98,0.9803921568627451,50.0,49.0,51.0,50.0,50,49,51,50,0,0,0,-0.020000000000000018,-0.019607843137254943,investigation,investigation,false,source_metadata.target,0.98,0.9803921568627451,50.0,49.0,51.0,50.0,50,49,51,50,-0.020000000000000018,-0.019607843137254943,investigation,investigation,native,0,1.0,0.0,0.9787234042553191,0,0,0,0,0,0,0,0,0,0,0,0,0,0,1500.0,30.0,30.0,5.0
asottile__pyupgrade-933,102,102,update_status,SW102,1.0,1.0,50.0,50.0,51.0,51.0,50,50,51,51,0,0,0,0.020000000000000018,0.019607843137254943,none,none,false,source_metadata.target,1.0,1.0,50.0,50.0,51.0,51.0,50,50,51,51,0.020000000000000018,0.019607843137254943,none,none,native,0,1.0,0.0,1.0,0,0,0,0,0,0,0,0,0,0,0,0,0,0,1500.0,0.0,0.0,5.0
asottile__pyupgrade-933,104,103,add_subtask,SW104,0.9803921568627451,0.9807692307692307,51.0,50.0,52.0,51.0,51,50,52,51,0,0,0,-0.019607843137254943,-0.019230769230769273,investigation,investigation,false,source_metadata.target,0.9803921568627451,0.9807692307692307,51.0,50.0,52.0,51.0,51,50,52,51,-0.019607843137254943,-0.019230769230769273,investigation,investigation,native,0,1.0,0.0,0.9791666666666666,0,0,0,0,0,0,0,0,0,0,0,0,0,0,1530.0,30.0,30.0,5.0
asottile__pyupgrade-933,104,104,update_status,SW104,1.0,1.0,51.0,51.0,52.0,52.0,51,51,52,52,0,0,0,0.019607843137254943,0.019230769230769273,none,none,false,source_metadata.target,1.0,1.0,51.0,51.0,52.0,52.0,51,51,52,52,0.019607843137254943,0.019230769230769273,none,none,native,0,1.0,0.0,1.0,0,0,0,0,0,0,0,0,0,0,0,0,0,0,1530.0,0.0,0.0,5.0
asottile__pyupgrade-933,106,105,add_subtask,SW106,0.9807692307692307,0.9811320754716981,52.0,51.0,53.0,52.0,52,51,53,52,0,0,0,-0.019230769230769273,-0.018867924528301883,investigation,investigation,false,source_metadata.target,0.9807692307692307,0.9811320754716981,52.0,51.0,53.0,52.0,52,51,53,52,-0.019230769230769273,-0.018867924528301883,investigation,investigation,native,0,1.0,0.0,0.9795918367346939,0,0,0,0,0,0,0,0,0,0,0,0,0,0,1560.0,30.0,30.0,5.0
asottile__pyupgrade-933,106,106,update_status,SW106,1.0,1.0,52.0,52.0,53.0,53.0,52,52,53,53,0,0,0,0.019230769230769273,0.018867924528301883,none,none,false,source_metadata.target,1.0,1.0,52.0,52.0,53.0,53.0,52,52,53,53,0.019230769230769273,0.018867924528301883,none,none,native,0,1.0,0.0,1.0,0,0,0,0,0,0,0,0,0,0,0,0,0,0,1560.0,0.0,0.0,5.0
asottile__pyupgrade-933,108,107,add_subtask,SW108,0.9811320754716981,0.9814814814814815,53.0,52.0,54.0,53.0,53,52,54,53,0,0,0,-0.018867924528301883,-0.01851851851851849,investigation,investigation,false,source_metadata.target,0.9811320754716981,0.9814814814814815,53.0,52.0,54.0,53.0,53,52,54,53,-0.018867924528301883,-0.01851851851851849,investigation,investigation,native,0,1.0,0.0,0.98,0,0,0,0,0,0,0,0,0,0,0,0,0,0,1590.0,30.0,30.0,5.0
asottile__pyupgrade-933,108,108,update_status,SW108,1.0,1.0,53.0,53.0,54.0,54.0,53,53,54,54,0,0,0,0.018867924528301883,0.01851851851851849,none,none,false,source_metadata.target,1.0,1.0,53.0,53.0,54.0,54.0,53,53,54,54,0.018867924528301883,0.01851851851851849,none,none,native,0,1.0,0.0,1.0,0,0,0,0,0,0,0,0,0,0,0,0,0,0,1590.0,0.0,0.0,5.0
asottile__pyupgrade-933,110,109,add_subtask,SW110,0.9814814814814815,0.9818181818181818,54.0,53.0,55.0,54.0,54,53,55,54,0,0,0,-0.01851851851851849,-0.018181818181818188,investigation,investigation,false,source_metadata.target,0.9814814814814815,0.9818181818181818,54.0,53.0,55.0,54.0,54,53,55,54,-0.01851851851851849,-0.018181818181818188,investigation,investigation,native,0,1.0,0.0,0.9803921568627451,0,0,0,0,0,0,0,0,0,0,0,0,0,0,1620.0,30.0,30.0,5.0
asottile__pyupgrade-933,110,110,update_status,SW110,1.0,1.0,54.0,54.0,55.0,55.0,54,54,55,55,0,0,0,0.01851851851851849,0.018181818181818188,none,none,false,source_metadata.target,1.0,1.0,54.0,54.0,55.0,55.0,54,54,55,55,0.01851851851851849,0.018181818181818188,none,none,native,0,1.0,0.0,1.0,0,0,0,0,0,0,0,0,0,0,0,0,0,0,1620.0,0.0,0.0,5.0
asottile__pyupgrade-933,112,111,add_subtask,SW112,0.9818181818181818,0.9821428571428571,55.0,54.0,56.0,55.0,55,54,56,55,0,0,0,-0.018181818181818188,-0.017857142857142905,investigation,investigation,false,source_metadata.target,0.9818181818181818,0.9821428571428571,55.0,54.0,56.0,55.0,55,54,56,55,-0.018181818181818188,-0.017857142857142905,investigation,investigation,native,0,1.0,0.0,0.9807692307692307,0,0,0,0,0,0,0,0,0,0,0,0,0,0,1650.0,30.0,30.0,5.0
asottile__pyupgrade-933,112,112,update_status,SW112,1.0,1.0,55.0,55.0,56.0,56.0,55,55,56,56,0,0,0,0.018181818181818188,0.017857142857142905,none,none,false,source_metadata.target,1.0,1.0,55.0,55.0,56.0,56.0,55,55,56,56,0.018181818181818188,0.017857142857142905,none,none,native,0,1.0,0.0,1.0,0,0,0,0,0,0,0,0,0,0,0,0,0,0,1650.0,0.0,0.0,5.0
asottile__pyupgrade-933,114,113,add_subtask,SW114,0.9821428571428571,0.9824561403508771,56.0,55.0,57.0,56.0,56,55,57,56,0,0,0,-0.017857142857142905,-0.01754385964912286,investigation,investigation,false,source_metadata.target,0.9821428571428571,0.9824561403508771,56.0,55.0,57.0,56.0,56,55,57,56,-0.017857142857142905,-0.01754385964912286,investigation,investigation,native,0,1.0,0.0,0.9811320754716981,0,0,0,0,0,0,0,0,0,0,0,0,0,0,1680.0,30.0,30.0,5.0
asottile__pyupgrade-933,114,114,update_status,SW114,1.0,1.0,56.0,56.0,57.0,57.0,56,56,57,57,0,0,0,0.017857142857142905,0.01754385964912286,none,none,false,source_metadata.target,1.0,1.0,56.0,56.0,57.0,57.0,56,56,57,57,0.017857142857142905,0.01754385964912286,none,none,native,0,1.0,0.0,1.0,0,0,0,0,0,0,0,0,0,0,0,0,0,0,1680.0,0.0,0.0,5.0
asottile__pyupgrade-933,116,115,add_subtask,SW116,0.9824561403508771,0.9827586206896551,57.0,56.0,58.0,57.0,57,56,58,57,0,0,0,-0.01754385964912286,-0.017241379310344862,investigation,investigation,false,source_metadata.target,0.9824561403508771,0.9827586206896551,57.0,56.0,58.0,57.0,57,56,58,57,-0.01754385964912286,-0.017241379310344862,investigation,investigation,native,0,1.0,0.0,0.9814814814814815,0,0,0,0,0,0,0,0,0,0,0,0,0,0,1710.0,30.0,30.0,5.0
asottile__pyupgrade-933,116,116,update_status,SW116,1.0,1.0,57.0,57.0,58.0,58.0,57,57,58,58,0,0,0,0.01754385964912286,0.017241379310344862,none,none,false,source_metadata.target,1.0,1.0,57.0,57.0,58.0,58.0,57,57,58,58,0.01754385964912286,0.017241379310344862,none,none,native,0,1.0,0.0,1.0,0,0,0,0,0,0,0,0,0,0,0,0,0,0,1710.0,0.0,0.0,5.0
asottile__pyupgrade-933,118,117,add_subtask,SW118,0.9827586206896551,0.9830508474576272,58.0,57.0,59.0,58.0,58,57,59,58,0,0,0,-0.017241379310344862,-0.016949152542372836,investigation,investigation,false,source_metadata.target,0.9827586206896551,0.9830508474576272,58.0,57.0,59.0,58.0,58,57,59,58,-0.017241379310344862,-0.016949152542372836,investigation,investigation,native,0,1.0,0.0,0.9818181818181818,0,0,0,0,0,0,0,0,0,0,0,0,0,0,1740.0,30.0,30.0,5.0
asottile__pyupgrade-933,118,118,update_status,SW118,1.0,1.0,58.0,58.0,59.0,59.0,58,58,59,59,0,0,0,0.017241379310344862,0.016949152542372836,none,none,false,source_metadata.target,1.0,1.0,58.0,58.0,59.0,59.0,58,58,59,59,0.017241379310344862,0.016949152542372836,none,none,native,0,1.0,0.0,1.0,0,0,0,0,0,0,0,0,0,0,0,0,0,0,1740.0,0.0,0.0,5.0
asottile__pyupgrade-933,120,119,add_subtask,SW120,0.9830508474576272,0.9833333333333333,59.0,58.0,60.0,59.0,59,58,60,59,0,0,0,-0.016949152542372836,-0.01666666666666672,investigation,investigation,false,source_metadata.target,0.9830508474576272,0.9833333333333333,59.0,58.0,60.0,59.0,59,58,60,59,-0.016949152542372836,-0.01666666666666672,investigation,investigation,native,0,1.0,0.0,0.9821428571428571,0,0,0,0,0,0,0,0,0,0,0,0,0,0,1770.0,30.0,30.0,5.0
asottile__pyupgrade-933,120,120,update_status,SW120,1.0,1.0,59.0,59.0,60.0,60.0,59,59,60,60,0,0,0,0.016949152542372836,0.01666666666666672,none,none,false,source_metadata.target,1.0,1.0,59.0,59.0,60.0,60.0,59,59,60,60,0.016949152542372836,0.01666666666666672,none,none,native,0,1.0,0.0,1.0,0,0,0,0,0,0,0,0,0,0,0,0,0,0,1770.0,0.0,0.0,5.0
asottile__pyupgrade-933,122,121,add_subtask,SW122,0.9833333333333333,0.9836065573770492,60.0,59.0,61.0,60.0,60,59,61,60,0,0,0,-0.01666666666666672,-0.016393442622950838,investigation,investigation,false,source_metadata.target,0.9833333333333333,0.9836065573770492,60.0,59.0,61.0,60.0,60,59,61,60,-0.01666666666666672,-0.016393442622950838,investigation,investigation,native,0,1.0,0.0,0.9824561403508771,0,0,0,0,0,0,0,0,0,0,0,0,0,0,1800.0,30.0,30.0,5.0
asottile__pyupgrade-933,122,122,update_status,SW122,1.0,1.0,60.0,60.0,61.0,61.0,60,60,61,61,0,0,0,0.01666666666666672,0.016393442622950838,none,none,false,source_metadata.target,1.0,1.0,60.0,60.0,61.0,61.0,60,60,61,61,0.01666666666666672,0.016393442622950838,none,none,native,0,1.0,0.0,1.0,0,0,0,0,0,0,0,0,0,0,0,0,0,0,1800.0,0.0,0.0,5.0
asottile__pyupgrade-933,124,123,add_subtask,SW124,0.9836065573770492,0.9838709677419355,61.0,60.0,62.0,61.0,61,60,62,61,0,0,0,-0.016393442622950838,-0.016129032258064502,investigation,investigation,false,source_metadata.target,0.9836065573770492,0.9838709677419355,61.0,60.0,62.0,61.0,61,60,62,61,-0.016393442622950838,-0.016129032258064502,investigation,investigation,native,0,1.0,0.0,0.9827586206896551,0,0,0,0,0,0,0,0,0,0,0,0,0,0,1830.0,30.0,30.0,5.0
asottile__pyupgrade-933,124,124,update_status,SW124,1.0,1.0,61.0,61.0,62.0,62.0,61,61,62,62,0,0,0,0.016393442622950838,0.016129032258064502,none,none,false,source_metadata.target,1.0,1.0,61.0,61.0,62.0,62.0,61,61,62,62,0.016393442622950838,0.016129032258064502,none,none,native,0,1.0,0.0,1.0,0,0,0,0,0,0,0,0,0,0,0,0,0,0,1830.0,0.0,0.0,5.0
asottile__pyupgrade-933,126,125,add_subtask,SW126,0.9838709677419355,0.9841269841269841,62.0,61.0,63.0,62.0,62,61,63,62,0,0,0,-0.016129032258064502,-0.015873015873015928,investigation,investigation,false,source_metadata.target,0.9838709677419355,0.9841269841269841,62.0,61.0,63.0,62.0,62,61,63,62,-0.016129032258064502,-0.015873015873015928,investigation,investigation,native,0,1.0,0.0,0.9830508474576272,0,0,0,0,0,0,0,0,0,0,0,0,0,0,1860.0,30.0,30.0,5.0
asottile__pyupgrade-933,126,126,update_status,SW126,1.0,1.0,62.0,62.0,63.0,63.0,62,62,63,63,0,0,0,0.016129032258064502,0.015873015873015928,none,none,false,source_metadata.target,1.0,1.0,62.0,62.0,63.0,63.0,62,62,63,63,0.016129032258064502,0.015873015873015928,none,none,native,0,1.0,0.0,1.0,0,0,0,0,0,0,0,0,0,0,0,0,0,0,1860.0,0.0,0.0,5.0
asottile__pyupgrade-933,128,127,add_subtask,SW128,0.9841269841269841,0.984375,63.0,62.0,64.0,63.0,63,62,64,63,0,0,0,-0.015873015873015928,-0.015625,investigation,investigation,false,source_metadata.target,0.9841269841269841,0.984375,63.0,62.0,64.0,63.0,63,62,64,63,-0.015873015873015928,-0.015625,investigation,investigation,native,0,1.0,0.0,0.9833333333333333,0,0,0,0,0,0,0,0,0,0,0,0,0,0,1890.0,30.0,30.0,5.0
asottile__pyupgrade-933,128,128,update_status,SW128,1.0,1.0,63.0,63.0,64.0,64.0,63,63,64,64,0,0,0,0.015873015873015928,0.015625,none,none,false,source_metadata.target,1.0,1.0,63.0,63.0,64.0,64.0,63,63,64,64,0.015873015873015928,0.015625,none,none,native,0,1.0,0.0,1.0,0,0,0,0,0,0,0,0,0,0,0,0,0,0,1890.0,0.0,0.0,5.0
asottile__pyupgrade-933,130,129,add_subtask,SW130,0.984375,0.9846153846153847,64.0,63.0,65.0,64.0,64,63,65,64,0,0,0,-0.015625,-0.01538461538461533,investigation,investigation,false,source_metadata.target,0.984375,0.9846153846153847,64.0,63.0,65.0,64.0,64,63,65,64,-0.015625,-0.01538461538461533,investigation,investigation,native,0,1.0,0.0,0.9836065573770492,0,0,0,0,0,0,0,0,0,0,0,0,0,0,1920.0,30.0,30.0,5.0
asottile__pyupgrade-933,130,130,update_status,SW130,1.0,1.0,64.0,64.0,65.0,65.0,64,64,65,65,0,0,0,0.015625,0.01538461538461533,none,none,false,source_metadata.target,1.0,1.0,64.0,64.0,65.0,65.0,64,64,65,65,0.015625,0.01538461538461533,none,none,native,0,1.0,0.0,1.0,0,0,0,0,0,0,0,0,0,0,0,0,0,0,1920.0,0.0,0.0,5.0
asottile__pyupgrade-933,132,131,add_subtask,SW132,0.9846153846153847,0.9848484848484849,65.0,64.0,66.0,65.0,65,64,66,65,0,0,0,-0.01538461538461533,-0.015151515151515138,investigation,investigation,false,source_metadata.target,0.9846153846153847,0.9848484848484849,65.0,64.0,66.0,65.0,65,64,66,65,-0.01538461538461533,-0.015151515151515138,investigation,investigation,native,0,1.0,0.0,0.9838709677419355,0,0,0,0,0,0,0,0,0,0,0,0,0,0,1950.0,30.0,30.0,5.0
asottile__pyupgrade-933,132,132,update_status,SW132,1.0,1.0,65.0,65.0,66.0,66.0,65,65,66,66,0,0,0,0.01538461538461533,0.015151515151515138,none,none,false,source_metadata.target,1.0,1.0,65.0,65.0,66.0,66.0,65,65,66,66,0.01538461538461533,0.015151515151515138,none,none,native,0,1.0,0.0,1.0,0,0,0,0,0,0,0,0,0,0,0,0,0,0,1950.0,0.0,0.0,5.0
asottile__pyupgrade-933,134,133,add_subtask,SW134,0.9848484848484849,0.9850746268656716,66.0,65.0,67.0,66.0,66,65,67,66,0,0,0,-0.015151515151515138,-0.014925373134328401,investigation,investigation,false,source_metadata.target,0.9848484848484849,0.9850746268656716,66.0,65.0,67.0,66.0,66,65,67,66,-0.015151515151515138,-0.014925373134328401,investigation,investigation,native,0,1.0,0.0,0.9841269841269841,0,0,0,0,0,0,0,0,0,0,0,0,0,0,1980.0,30.0,30.0,5.0
asottile__pyupgrade-933,134,134,update_status,SW134,1.0,1.0,66.0,66.0,67.0,67.0,66,66,67,67,0,0,0,0.015151515151515138,0.014925373134328401,none,none,false,source_metadata.target,1.0,1.0,66.0,66.0,67.0,67.0,66,66,67,67,0.015151515151515138,0.014925373134328401,none,none,native,0,1.0,0.0,1.0,0,0,0,0,0,0,0,0,0,0,0,0,0,0,1980.0,0.0,0.0,5.0
asottile__pyupgrade-933,136,135,add_subtask,SW136,0.9850746268656716,0.9852941176470589,67.0,66.0,68.0,67.0,67,66,68,67,0,0,0,-0.014925373134328401,-0.014705882352941124,investigation,investigation,false,source_metadata.target,0.9850746268656716,0.9852941176470589,67.0,66.0,68.0,67.0,67,66,68,67,-0.014925373134328401,-0.014705882352941124,investigation,investigation,native,0,1.0,0.0,0.984375,0,0,0,0,0,0,0,0,0,0,0,0,0,0,2010.0,30.0,30.0,5.0
asottile__pyupgrade-933,136,136,update_status,SW136,1.0,1.0,67.0,67.0,68.0,68.0,67,67,68,68,0,0,0,0.014925373134328401,0.014705882352941124,none,none,false,source_metadata.target,1.0,1.0,67.0,67.0,68.0,68.0,67,67,68,68,0.014925373134328401,0.014705882352941124,none,none,native,0,1.0,0.0,1.0,0,0,0,0,0,0,0,0,0,0,0,0,0,0,2010.0,0.0,0.0,5.0
asottile__pyupgrade-933,138,137,add_subtask,SW138,0.9852941176470589,0.9855072463768116,68.0,67.0,69.0,68.0,68,67,69,68,0,0,0,-0.014705882352941124,-0.01449275362318836,investigation,investigation,false,source_metadata.target,0.9852941176470589,0.9855072463768116,68.0,67.0,69.0,68.0,68,67,69,68,-0.014705882352941124,-0.01449275362318836,investigation,investigation,native,0,1.0,0.0,0.9846153846153847,0,0,0,0,0,0,0,0,0,0,0,0,0,0,2040.0,30.0,30.0,5.0
asottile__pyupgrade-933,138,138,update_status,SW138,1.0,1.0,68.0,68.0,69.0,69.0,68,68,69,69,0,0,0,0.014705882352941124,0.01449275362318836,none,none,false,source_metadata.target,1.0,1.0,68.0,68.0,69.0,69.0,68,68,69,69,0.014705882352941124,0.01449275362318836,none,none,native,0,1.0,0.0,1.0,0,0,0,0,0,0,0,0,0,0,0,0,0,0,2040.0,0.0,0.0,5.0
asottile__pyupgrade-933,140,139,add_subtask,SW140,0.9855072463768116,0.9857142857142858,69.0,68.0,70.0,69.0,69,68,70,69,0,0,0,-0.01449275362318836,-0.014285714285714235,investigation,investigation,false,source_metadata.target,0.9855072463768116,0.9857142857142858,69.0,68.0,70.0,69.0,69,68,70,69,-0.01449275362318836,-0.014285714285714235,investigation,investigation,native,0,1.0,0.0,0.9848484848484849,0,0,0,0,0,0,0,0,0,0,0,0,0,0,2070.0,30.0,30.0,5.0
asottile__pyupgrade-933,140,140,update_status,SW140,1.0,1.0,69.0,69.0,70.0,70.0,69,69,70,70,0,0,0,0.01449275362318836,0.014285714285714235,none,none,false,source_metadata.target,1.0,1.0,69.0,69.0,70.0,70.0,69,69,70,70,0.01449275362318836,0.014285714285714235,none,none,native,0,1.0,0.0,1.0,0,0,0,0,0,0,0,0,0,0,0,0,0,0,2070.0,0.0,0.0,5.0
asottile__pyupgrade-933,142,141,add_subtask,SW142,0.9857142857142858,0.9859154929577465,70.0,69.0,71.0,70.0,70,69,71,70,0,0,0,-0.014285714285714235,-0.014084507042253502,investigation,investigation,false,source_metadata.target,0.9857142857142858,0.9859154929577465,70.0,69.0,71.0,70.0,70,69,71,70,-0.014285714285714235,-0.014084507042253502,investigation,investigation,native,0,1.0,0.0,0.9850746268656716,0,0,0,0,0,0,0,0,0,0,0,0,0,0,2100.0,30.0,30.0,5.0
asottile__pyupgrade-933,142,142,update_status,SW142,1.0,1.0,70.0,70.0,71.0,71.0,70,70,71,71,0,0,0,0.014285714285714235,0.014084507042253502,none,none,false,source_metadata.target,1.0,1.0,70.0,70.0,71.0,71.0,70,70,71,71,0.014285714285714235,0.014084507042253502,none,none,native,0,1.0,0.0,1.0,0,0,0,0,0,0,0,0,0,0,0,0,0,0,2100.0,0.0,0.0,5.0
asottile__pyupgrade-933,144,143,add_subtask,SW144,0.9859154929577465,0.9861111111111112,71.0,70.0,72.0,71.0,71,70,72,71,0,0,0,-0.014084507042253502,-0.01388888888888884,investigation,investigation,false,source_metadata.target,0.9859154929577465,0.9861111111111112,71.0,70.0,72.0,71.0,71,70,72,71,-0.014084507042253502,-0.01388888888888884,investigation,investigation,native,0,1.0,0.0,0.9852941176470589,0,0,0,0,0,0,0,0,0,0,0,0,0,0,2130.0,30.0,30.0,5.0
asottile__pyupgrade-933,144,144,update_status,SW144,1.0,1.0,71.0,71.0,72.0,72.0,71,71,72,72,0,0,0,0.014084507042253502,0.01388888888888884,none,none,false,source_metadata.target,1.0,1.0,71.0,71.0,72.0,72.0,71,71,72,72,0.014084507042253502,0.01388888888888884,none,none,native,0,1.0,0.0,1.0,0,0,0,0,0,0,0,0,0,0,0,0,0,0,2130.0,0.0,0.0,5.0
asottile__pyupgrade-933,146,145,add_subtask,SW146,0.9861111111111112,0.9863013698630136,72.0,71.0,73.0,72.0,72,71,73,72,0,0,0,-0.01388888888888884,-0.013698630136986356,investigation,investigation,false,source_metadata.target,0.9861111111111112,0.9863013698630136,72.0,71.0,73.0,72.0,72,71,73,72,-0.01388888888888884,-0.013698630136986356,investigation,investigation,native,0,1.0,0.0,0.9855072463768116,0,0,0,0,0,0,0,0,0,0,0,0,0,0,2160.0,30.0,30.0,5.0
asottile__pyupgrade-933,146,146,update_status,SW146,1.0,1.0,72.0,72.0,73.0,73.0,72,72,73,73,0,0,0,0.01388888888888884,0.013698630136986356,none,none,false,source_metadata.target,1.0,1.0,72.0,72.0,73.0,73.0,72,72,73,73,0.01388888888888884,0.013698630136986356,none,none,native,0,1.0,0.0,1.0,0,0,0,0,0,0,0,0,0,0,0,0,0,0,2160.0,0.0,0.0,5.0
asottile__pyupgrade-933,148,147,add_subtask,SW148,0.9863013698630136,0.9864864864864865,73.0,72.0,74.0,73.0,73,72,74,73,0,0,0,-0.013698630136986356,-0.013513513513513487,investigation,investigation,false,source_metadata.target,0.9863013698630136,0.9864864864864865,73.0,72.0,74.0,73.0,73,72,74,73,-0.013698630136986356,-0.013513513513513487,investigation,investigation,native,0,1.0,0.0,0.9857142857142858,0,0,0,0,0,0,0,0,0,0,0,0,0,0,2190.0,30.0,30.0,5.0
asottile__pyupgrade-933,148,148,update_status,SW148,1.0,1.0,73.0,73.0,74.0,74.0,73,73,74,74,0,0,0,0.013698630136986356,0.013513513513513487,none,none,false,source_metadata.target,1.0,1.0,73.0,73.0,74.0,74.0,73,73,74,74,0.013698630136986356,0.013513513513513487,none,none,native,0,1.0,0.0,1.0,0,0,0,0,0,0,0,0,0,0,0,0,0,0,2190.0,0.0,0.0,5.0
asottile__pyupgrade-933,150,149,add_subtask,SW150,0.9864864864864865,0.9866666666666667,74.0,73.0,75.0,74.0,74,73,75,74,0,0,0,-0.013513513513513487,-0.013333333333333308,investigation,investigation,false,source_metadata.target,0.9864864864864865,0.9866666666666667,74.0,73.0,75.0,74.0,74,73,75,74,-0.013513513513513487,-0.013333333333333308,investigation,investigation,native,0,1.0,0.0,0.9859154929577465,0,0,0,0,0,0,0,0,0,0,0,0,0,0,2220.0,30.0,30.0,5.0
asottile__pyupgrade-933,150,150,update_status,SW150,1.0,1.0,74.0,74.0,75.0,75.0,74,74,75,75,0,0,0,0.013513513513513487,0.013333333333333308,none,none,false,source_metadata.target,1.0,1.0,74.0,74.0,75.0,75.0,74,74,75,75,0.013513513513513487,0.013333333333333308,none,none,native,0,1.0,0.0,1.0,0,0,0,0,0,0,0,0,0,0,0,0,0,0,2220.0,0.0,0.0,5.0
asottile__pyupgrade-933,152,151,add_subtask,SW152,0.9866666666666667,0.9868421052631579,75.0,74.0,76.0,75.0,75,74,76,75,0,0,0,-0.013333333333333308,-0.013157894736842146,investigation,investigation,false,source_metadata.target,0.9866666666666667,0.9868421052631579,75.0,74.0,76.0,75.0,75,74,76,75,-0.013333333333333308,-0.013157894736842146,investigation,investigation,native,0,1.0,0.0,0.9861111111111112,0,0,0,0,0,0,0,0,0,0,0,0,0,0,2250.0,30.0,30.0,5.0
asottile__pyupgrade-933,152,152,update_status,SW152,1.0,1.0,75.0,75.0,76.0,76.0,75,75,76,76,0,0,0,0.013333333333333308,0.013157894736842146,none,none,false,source_metadata.target,1.0,1.0,75.0,75.0,76.0,76.0,75,75,76,76,0.013333333333333308,0.013157894736842146,none,none,native,0,1.0,0.0,1.0,0,0,0,0,0,0,0,0,0,0,0,0,0,0,2250.0,0.0,0.0,5.0
asottile__pyupgrade-933,154,153,add_subtask,SW154,0.9868421052631579,0.987012987012987,76.0,75.0,77.0,76.0,76,75,77,76,0,0,0,-0.013157894736842146,-0.012987012987012991,investigation,investigation,false,source_metadata.target,0.9868421052631579,0.987012987012987,76.0,75.0,77.0,76.0,76,75,77,76,-0.013157894736842146,-0.012987012987012991,investigation,investigation,native,0,1.0,0.0,0.9863013698630136,0,0,0,0,0,0,0,0,0,0,0,0,0,0,2280.0,30.0,30.0,5.0
asottile__pyupgrade-933,154,154,update_status,SW154,1.0,1.0,76.0,76.0,77.0,77.0,76,76,77,77,0,0,0,0.013157894736842146,0.012987012987012991,none,none,false,source_metadata.target,1.0,1.0,76.0,76.0,77.0,77.0,76,76,77,77,0.013157894736842146,0.012987012987012991,none,none,native,0,1.0,0.0,1.0,0,0,0,0,0,0,0,0,0,0,0,0,0,0,2280.0,0.0,0.0,5.0
asottile__pyupgrade-933,156,155,add_subtask,SW156,0.987012987012987,0.9871794871794872,77.0,76.0,78.0,77.0,77,76,78,77,0,0,0,-0.012987012987012991,-0.012820512820512775,investigation,investigation,false,source_metadata.target,0.987012987012987,0.9871794871794872,77.0,76.0,78.0,77.0,77,76,78,77,-0.012987012987012991,-0.012820512820512775,investigation,investigation,native,0,1.0,0.0,0.9864864864864865,0,0,0,0,0,0,0,0,0,0,0,0,0,0,2310.0,30.0,30.0,5.0
asottile__pyupgrade-933,156,156,update_status,SW156,1.0,1.0,77.0,77.0,78.0,78.0,77,77,78,78,0,0,0,0.012987012987012991,0.012820512820512775,none,none,false,source_metadata.target,1.0,1.0,77.0,77.0,78.0,78.0,77,77,78,78,0.012987012987012991,0.012820512820512775,none,none,native,0,1.0,0.0,1.0,0,0,0,0,0,0,0,0,0,0,0,0,0,0,2310.0,0.0,0.0,5.0
asottile__pyupgrade-933,158,157,add_subtask,SW158,0.9871794871794872,0.9873417721518988,78.0,77.0,79.0,78.0,78,77,79,78,0,0,0,-0.012820512820512775,-0.012658227848101222,investigation,investigation,false,source_metadata.target,0.9871794871794872,0.9873417721518988,78.0,77.0,79.0,78.0,78,77,79,78,-0.012820512820512775,-0.012658227848101222,investigation,investigation,native,0,1.0,0.0,0.9866666666666667,0,0,0,0,0,0,0,0,0,0,0,0,0,0,2340.0,30.0,30.0,5.0
asottile__pyupgrade-933,158,158,update_status,SW158,1.0,1.0,78.0,78.0,79.0,79.0,78,78,79,79,0,0,0,0.012820512820512775,0.012658227848101222,none,none,false,source_metadata.target,1.0,1.0,78.0,78.0,79.0,79.0,78,78,79,79,0.012820512820512775,0.012658227848101222,none,none,native,0,1.0,0.0,1.0,0,0,0,0,0,0,0,0,0,0,0,0,0,0,2340.0,0.0,0.0,5.0
asottile__pyupgrade-933,160,159,add_subtask,SW160,0.9873417721518988,0.9875,79.0,78.0,80.0,79.0,79,78,80,79,0,0,0,-0.012658227848101222,-0.012499999999999956,investigation,investigation,false,source_metadata.target,0.9873417721518988,0.9875,79.0,78.0,80.0,79.0,79,78,80,79,-0.012658227848101222,-0.012499999999999956,investigation,investigation,native,0,1.0,0.0,0.9868421052631579,0,0,0,0,0,0,0,0,0,0,0,0,0,0,2370.0,30.0,30.0,5.0
asottile__pyupgrade-933,160,160,update_status,SW160,1.0,1.0,79.0,79.0,80.0,80.0,79,79,80,80,0,0,0,0.012658227848101222,0.012499999999999956,none,none,false,source_metadata.target,1.0,1.0,79.0,79.0,80.0,80.0,79,79,80,80,0.012658227848101222,0.012499999999999956,none,none,native,0,1.0,0.0,1.0,0,0,0,0,0,0,0,0,0,0,0,0,0,0,2370.0,0.0,0.0,5.0
asottile__pyupgrade-933,162,161,add_subtask,SW162,0.9875,0.9876543209876543,80.0,79.0,81.0,80.0,80,79,81,80,0,0,0,-0.012499999999999956,-0.012345679012345734,investigation,investigation,false,source_metadata.target,0.9875,0.9876543209876543,80.0,79.0,81.0,80.0,80,79,81,80,-0.012499999999999956,-0.012345679012345734,investigation,investigation,native,0,1.0,0.0,0.987012987012987,0,0,0,0,0,0,0,0,0,0,0,0,0,0,2400.0,30.0,30.0,5.0
asottile__pyupgrade-933,162,162,update_status,SW162,1.0,1.0,80.0,80.0,81.0,81.0,80,80,81,81,0,0,0,0.012499999999999956,0.012345679012345734,none,none,false,source_metadata.target,1.0,1.0,80.0,80.0,81.0,81.0,80,80,81,81,0.012499999999999956,0.012345679012345734,none,none,native,0,1.0,0.0,1.0,0,0,0,0,0,0,0,0,0,0,0,0,0,0,2400.0,0.0,0.0,5.0
asottile__pyupgrade-933,164,163,add_subtask,SW164,0.9876543209876543,0.9878048780487805,81.0,80.0,82.0,81.0,81,80,82,81,0,0,0,-0.012345679012345734,-0.012195121951219523,investigation,investigation,false,source_metadata.target,0.9876543209876543,0.9878048780487805,81.0,80.0,82.0,81.0,81,80,82,81,-0.012345679012345734,-0.012195121951219523,investigation,investigation,native,0,1.0,0.0,0.9871794871794872,0,0,0,0,0,0,0,0,0,0,0,0,0,0,2430.0,30.0,30.0,5.0
asottile__pyupgrade-933,164,164,update_status,SW164,1.0,1.0,81.0,81.0,82.0,82.0,81,81,82,82,0,0,0,0.012345679012345734,0.012195121951219523,none,none,false,source_metadata.target,1.0,1.0,81.0,81.0,82.0,82.0,81,81,82,82,0.012345679012345734,0.012195121951219523,none,none,native,0,1.0,0.0,1.0,0,0,0,0,0,0,0,0,0,0,0,0,0,0,2430.0,0.0,0.0,5.0
asottile__pyupgrade-933,166,165,add_subtask,SW166,0.9878048780487805,0.9879518072289156,82.0,81.0,83.0,82.0,82,81,83,82,0,0,0,-0.012195121951219523,-0.012048192771084376,investigation,investigation,false,source_metadata.target,0.9878048780487805,0.9879518072289156,82.0,81.0,83.0,82.0,82,81,83,82,-0.012195121951219523,-0.012048192771084376,investigation,investigation,native,0,1.0,0.0,0.9873417721518988,0,0,0,0,0,0,0,0,0,0,0,0,0,0,2460.0,30.0,30.0,5.0
asottile__pyupgrade-933,166,166,update_status,SW166,1.0,1.0,82.0,82.0,83.0,83.0,82,82,83,83,0,0,0,0.012195121951219523,0.012048192771084376,none,none,false,source_metadata.target,1.0,1.0,82.0,82.0,83.0,83.0,82,82,83,83,0.012195121951219523,0.012048192771084376,none,none,native,0,1.0,0.0,1.0,0,0,0,0,0,0,0,0,0,0,0,0,0,0,2460.0,0.0,0.0,5.0
asottile__pyupgrade-933,168,167,add_subtask,SW168,0.9879518072289156,0.9880952380952381,83.0,82.0,84.0,83.0,83,82,84,83,0,0,0,-0.012048192771084376,-0.011904761904761862,investigation,investigation,false,source_metadata.target,0.9879518072289156,0.9880952380952381,83.0,82.0,84.0,83.0,83,82,84,83,-0.012048192771084376,-0.011904761904761862,investigation,investigation,native,0,1.0,0.0,0.9875,0,0,0,0,0,0,0,0,0,0,0,0,0,0,2490.0,30.0,30.0,5.0
asottile__pyupgrade-933,168,168,update_status,SW168,1.0,1.0,83.0,83.0,84.0,84.0,83,83,84,84,0,0,0,0.012048192771084376,0.011904761904761862,none,none,false,source_metadata.target,1.0,1.0,83.0,83.0,84.0,84.0,83,83,84,84,0.012048192771084376,0.011904761904761862,none,none,native,0,1.0,0.0,1.0,0,0,0,0,0,0,0,0,0,0,0,0,0,0,2490.0,0.0,0.0,5.0
asottile__pyupgrade-933,170,169,add_subtask,SW170,0.9880952380952381,0.9882352941176471,84.0,83.0,85.0,84.0,84,83,85,84,0,0,0,-0.011904761904761862,-0.0117647058823529,investigation,investigation,false,source_metadata.target,0.9880952380952381,0.9882352941176471,84.0,83.0,85.0,84.0,84,83,85,84,-0.011904761904761862,-0.0117647058823529,investigation,investigation,native,0,1.0,0.0,0.9876543209876543,0,0,0,0,0,0,0,0,0,0,0,0,0,0,2520.0,30.0,30.0,5.0
asottile__pyupgrade-933,170,170,update_status,SW170,1.0,1.0,84.0,84.0,85.0,85.0,84,84,85,85,0,0,0,0.011904761904761862,0.0117647058823529,none,none,false,source_metadata.target,1.0,1.0,84.0,84.0,85.0,85.0,84,84,85,85,0.011904761904761862,0.0117647058823529,none,none,native,0,1.0,0.0,1.0,0,0,0,0,0,0,0,0,0,0,0,0,0,0,2520.0,0.0,0.0,5.0
asottile__pyupgrade-933,172,171,add_subtask,SW172,0.9882352941176471,0.9883720930232558,85.0,84.0,86.0,85.0,85,84,86,85,0,0,0,-0.0117647058823529,-0.011627906976744207,investigation,investigation,false,source_metadata.target,0.9882352941176471,0.9883720930232558,85.0,84.0,86.0,85.0,85,84,86,85,-0.0117647058823529,-0.011627906976744207,investigation,investigation,native,0,1.0,0.0,0.9878048780487805,0,0,0,0,0,0,0,0,0,0,0,0,0,0,2550.0,30.0,30.0,5.0
asottile__pyupgrade-933,172,172,update_status,SW172,1.0,1.0,85.0,85.0,86.0,86.0,85,85,86,86,0,0,0,0.0117647058823529,0.011627906976744207,none,none,false,source_metadata.target,1.0,1.0,85.0,85.0,86.0,86.0,85,85,86,86,0.0117647058823529,0.011627906976744207,none,none,native,0,1.0,0.0,1.0,0,0,0,0,0,0,0,0,0,0,0,0,0,0,2550.0,0.0,0.0,5.0
asottile__pyupgrade-933,174,173,add_subtask,SW174,0.9883720930232558,0.9885057471264368,86.0,85.0,87.0,86.0,86,85,87,86,0,0,0,-0.011627906976744207,-0.011494252873563204,investigation,investigation,false,source_metadata.target,0.9883720930232558,0.9885057471264368,86.0,85.0,87.0,86.0,86,85,87,86,-0.011627906976744207,-0.011494252873563204,investigation,investigation,native,0,1.0,0.0,0.9879518072289156,0,0,0,0,0,0,0,0,0,0,0,0,0,0,2580.0,30.0,30.0,5.0
asottile__pyupgrade-933,174,174,update_status,SW174,1.0,1.0,86.0,86.0,87.0,87.0,86,86,87,87,0,0,0,0.011627906976744207,0.011494252873563204,none,none,false,source_metadata.target,1.0,1.0,86.0,86.0,87.0,87.0,86,86,87,87,0.011627906976744207,0.011494252873563204,none,none,native,0,1.0,0.0,1.0,0,0,0,0,0,0,0,0,0,0,0,0,0,0,2580.0,0.0,0.0,5.0
asottile__pyupgrade-933,176,175,add_subtask,SW176,0.9885057471264368,0.9886363636363636,87.0,86.0,88.0,87.0,87,86,88,87,0,0,0,-0.011494252873563204,-0.011363636363636354,investigation,investigation,false,source_metadata.target,0.9885057471264368,0.9886363636363636,87.0,86.0,88.0,87.0,87,86,88,87,-0.011494252873563204,-0.011363636363636354,investigation,investigation,native,0,1.0,0.0,0.9880952380952381,0,0,0,0,0,0,0,0,0,0,0,0,0,0,2610.0,30.0,30.0,5.0
asottile__pyupgrade-933,176,176,update_status,SW176,1.0,1.0,87.0,87.0,88.0,88.0,87,87,88,88,0,0,0,0.011494252873563204,0.011363636363636354,none,none,false,source_metadata.target,1.0,1.0,87.0,87.0,88.0,88.0,87,87,88,88,0.011494252873563204,0.011363636363636354,none,none,native,0,1.0,0.0,1.0,0,0,0,0,0,0,0,0,0,0,0,0,0,0,2610.0,0.0,0.0,5.0
asottile__pyupgrade-933,178,177,add_subtask,SW178,0.9886363636363636,0.9887640449438202,88.0,87.0,89.0,88.0,88,87,89,88,0,0,0,-0.011363636363636354,-0.011235955056179803,investigation,investigation,false,source_metadata.target,0.9886363636363636,0.9887640449438202,88.0,87.0,89.0,88.0,88,87,89,88,-0.011363636363636354,-0.011235955056179803,investigation,investigation,native,0,1.0,0.0,0.9882352941176471,0,0,0,0,0,0,0,0,0,0,0,0,0,0,2640.0,30.0,30.0,5.0
asottile__pyupgrade-933,178,178,update_status,SW178,1.0,1.0,88.0,88.0,89.0,89.0,88,88,89,89,0,0,0,0.011363636363636354,0.011235955056179803,none,none,false,source_metadata.target,1.0,1.0,88.0,88.0,89.0,89.0,88,88,89,89,0.011363636363636354,0.011235955056179803,none,none,native,0,1.0,0.0,1.0,0,0,0,0,0,0,0,0,0,0,0,0,0,0,2640.0,0.0,0.0,5.0
asottile__pyupgrade-933,180,179,add_subtask,SW180,0.9887640449438202,0.9888888888888889,89.0,88.0,90.0,89.0,89,88,90,89,0,0,0,-0.011235955056179803,-0.011111111111111072,investigation,investigation,false,source_metadata.target,0.9887640449438202,0.9888888888888889,89.0,88.0,90.0,89.0,89,88,90,89,-0.011235955056179803,-0.011111111111111072,investigation,investigation,native,0,1.0,0.0,0.9883720930232558,0,0,0,0,0,0,0,0,0,0,0,0,0,0,2670.0,30.0,30.0,5.0
asottile__pyupgrade-933,180,180,update_status,SW180,1.0,1.0,89.0,89.0,90.0,90.0,89,89,90,90,0,0,0,0.011235955056179803,0.011111111111111072,none,none,false,source_metadata.target,1.0,1.0,89.0,89.0,90.0,90.0,89,89,90,90,0.011235955056179803,0.011111111111111072,none,none,native,0,1.0,0.0,1.0,0,0,0,0,0,0,0,0,0,0,0,0,0,0,2670.0,0.0,0.0,5.0
asottile__pyupgrade-933,182,181,add_subtask,SW182,0.9888888888888889,0.989010989010989,90.0,89.0,91.0,90.0,90,89,91,90,0,0,0,-0.011111111111111072,-0.01098901098901095,investigation,investigation,false,source_metadata.target,0.9888888888888889,0.989010989010989,90.0,89.0,91.0,90.0,90,89,91,90,-0.011111111111111072,-0.01098901098901095,investigation,investigation,native,0,1.0,0.0,0.9885057471264368,0,0,0,0,0,0,0,0,0,0,0,0,0,0,2700.0,30.0,30.0,5.0
asottile__pyupgrade-933,182,182,update_status,SW182,1.0,1.0,90.0,90.0,91.0,91.0,90,90,91,91,0,0,0,0.011111111111111072,0.01098901098901095,none,none,false,source_metadata.target,1.0,1.0,90.0,90.0,91.0,91.0,90,90,91,91,0.011111111111111072,0.01098901098901095,none,none,native,0,1.0,0.0,1.0,0,0,0,0,0,0,0,0,0,0,0,0,0,0,2700.0,0.0,0.0,5.0
asottile__pyupgrade-933,184,183,add_subtask,SW184,0.989010989010989,0.9891304347826086,91.0,90.0,92.0,91.0,91,90,92,91,0,0,0,-0.01098901098901095,-0.010869565217391353,investigation,investigation,false,source_metadata.target,0.989010989010989,0.9891304347826086,91.0,90.0,92.0,91.0,91,90,92,91,-0.01098901098901095,-0.010869565217391353,investigation,investigation,native,0,1.0,0.0,0.9886363636363636,0,0,0,0,0,0,0,0,0,0,0,0,0,0,2730.0,30.0,30.0,5.0
asottile__pyupgrade-933,184,184,update_status,SW184,1.0,1.0,91.0,91.0,92.0,92.0,91,91,92,92,0,0,0,0.01098901098901095,0.010869565217391353,none,none,false,source_metadata.target,1.0,1.0,91.0,91.0,92.0,92.0,91,91,92,92,0.01098901098901095,0.010869565217391353,none,none,native,0,1.0,0.0,1.0,0,0,0,0,0,0,0,0,0,0,0,0,0,0,2730.0,0.0,0.0,5.0
asottile__pyupgrade-933,186,185,add_subtask,SW186,0.9891304347826086,0.989247311827957,92.0,91.0,93.0,92.0,92,91,93,92,0,0,0,-0.010869565217391353,-0.010752688172043001,investigation,investigation,false,source_metadata.target,0.9891304347826086,0.989247311827957,92.0,91.0,93.0,92.0,92,91,93,92,-0.010869565217391353,-0.010752688172043001,investigation,investigation,native,0,1.0,0.0,0.9887640449438202,0,0,0,0,0,0,0,0,0,0,0,0,0,0,2760.0,30.0,30.0,5.0
asottile__pyupgrade-933,186,186,update_status,SW186,1.0,1.0,92.0,92.0,93.0,93.0,92,92,93,93,0,0,0,0.010869565217391353,0.010752688172043001,none,none,false,source_metadata.target,1.0,1.0,92.0,92.0,93.0,93.0,92,92,93,93,0.010869565217391353,0.010752688172043001,none,none,native,0,1.0,0.0,1.0,0,0,0,0,0,0,0,0,0,0,0,0,0,0,2760.0,0.0,0.0,5.0
asottile__pyupgrade-933,188,187,add_subtask,SW188,0.989247311827957,0.9893617021276596,93.0,92.0,94.0,93.0,93,92,94,93,0,0,0,-0.010752688172043001,-0.010638297872340385,investigation,investigation,false,source_metadata.target,0.989247311827957,0.9893617021276596,93.0,92.0,94.0,93.0,93,92,94,93,-0.010752688172043001,-0.010638297872340385,investigation,investigation,native,0,1.0,0.0,0.9888888888888889,0,0,0,0,0,0,0,0,0,0,0,0,0,0,2790.0,30.0,30.0,5.0
asottile__pyupgrade-933,188,188,update_status,SW188,1.0,1.0,93.0,93.0,94.0,94.0,93,93,94,94,0,0,0,0.010752688172043001,0.010638297872340385,none,none,false,source_metadata.target,1.0,1.0,93.0,93.0,94.0,94.0,93,93,94,94,0.010752688172043001,0.010638297872340385,none,none,native,0,1.0,0.0,1.0,0,0,0,0,0,0,0,0,0,0,0,0,0,0,2790.0,0.0,0.0,5.0
asottile__pyupgrade-933,190,189,add_subtask,SW190,0.9893617021276596,0.9894736842105263,94.0,93.0,95.0,94.0,94,93,95,94,0,0,0,-0.010638297872340385,-0.010526315789473717,investigation,investigation,false,source_metadata.target,0.9893617021276596,0.9894736842105263,94.0,93.0,95.0,94.0,94,93,95,94,-0.010638297872340385,-0.010526315789473717,investigation,investigation,native,0,1.0,0.0,0.989010989010989,0,0,0,0,0,0,0,0,0,0,0,0,0,0,2820.0,30.0,30.0,5.0
asottile__pyupgrade-933,190,190,update_status,SW190,1.0,1.0,94.0,94.0,95.0,95.0,94,94,95,95,0,0,0,0.010638297872340385,0.010526315789473717,none,none,false,source_metadata.target,1.0,1.0,94.0,94.0,95.0,95.0,94,94,95,95,0.010638297872340385,0.010526315789473717,none,none,native,0,1.0,0.0,1.0,0,0,0,0,0,0,0,0,0,0,0,0,0,0,2820.0,0.0,0.0,5.0
asottile__pyupgrade-933,192,191,add_subtask,SW192,0.9894736842105263,0.9895833333333334,95.0,94.0,96.0,95.0,95,94,96,95,0,0,0,-0.010526315789473717,-0.01041666666666663,investigation,investigation,false,source_metadata.target,0.9894736842105263,0.9895833333333334,95.0,94.0,96.0,95.0,95,94,96,95,-0.010526315789473717,-0.01041666666666663,investigation,investigation,native,0,1.0,0.0,0.9891304347826086,0,0,0,0,0,0,0,0,0,0,0,0,0,0,2850.0,30.0,30.0,5.0
asottile__pyupgrade-933,192,192,update_status,SW192,1.0,1.0,95.0,95.0,96.0,96.0,95,95,96,96,0,0,0,0.010526315789473717,0.01041666666666663,none,none,false,source_metadata.target,1.0,1.0,95.0,95.0,96.0,96.0,95,95,96,96,0.010526315789473717,0.01041666666666663,none,none,native,0,1.0,0.0,1.0,0,0,0,0,0,0,0,0,0,0,0,0,0,0,2850.0,0.0,0.0,5.0
asottile__pyupgrade-933,194,193,add_subtask,SW194,0.9895833333333334,0.9896907216494846,96.0,95.0,97.0,96.0,96,95,97,96,0,0,0,-0.01041666666666663,-0.010309278350515427,investigation,investigation,false,source_metadata.target,0.9895833333333334,0.9896907216494846,96.0,95.0,97.0,96.0,96,95,97,96,-0.01041666666666663,-0.010309278350515427,investigation,investigation,native,0,1.0,0.0,0.989247311827957,0,0,0,0,0,0,0,0,0,0,0,0,0,0,2880.0,30.0,30.0,5.0
asottile__pyupgrade-933,194,194,update_status,SW194,1.0,1.0,96.0,96.0,97.0,97.0,96,96,97,97,0,0,0,0.01041666666666663,0.010309278350515427,none,none,false,source_metadata.target,1.0,1.0,96.0,96.0,97.0,97.0,96,96,97,97,0.01041666666666663,0.010309278350515427,none,none,native,0,1.0,0.0,1.0,0,0,0,0,0,0,0,0,0,0,0,0,0,0,2880.0,0.0,0.0,5.0
asottile__pyupgrade-933,196,195,add_subtask,SW196,0.9896907216494846,0.9897959183673469,97.0,96.0,98.0,97.0,97,96,98,97,0,0,0,-0.010309278350515427,-0.010204081632653073,investigation,investigation,false,source_metadata.target,0.9896907216494846,0.9897959183673469,97.0,96.0,98.0,97.0,97,96,98,97,-0.010309278350515427,-0.010204081632653073,investigation,investigation,native,0,1.0,0.0,0.9893617021276596,0,0,0,0,0,0,0,0,0,0,0,0,0,0,2910.0,30.0,30.0,5.0
asottile__pyupgrade-933,196,196,update_status,SW196,1.0,1.0,97.0,97.0,98.0,98.0,97,97,98,98,0,0,0,0.010309278350515427,0.010204081632653073,none,none,false,source_metadata.target,1.0,1.0,97.0,97.0,98.0,98.0,97,97,98,98,0.010309278350515427,0.010204081632653073,none,none,native,0,1.0,0.0,1.0,0,0,0,0,0,0,0,0,0,0,0,0,0,0,2910.0,0.0,0.0,5.0
asottile__pyupgrade-933,198,197,add_subtask,SW198,0.9897959183673469,0.98989898989899,98.0,97.0,99.0,98.0,98,97,99,98,0,0,0,-0.010204081632653073,-0.010101010101010055,investigation,investigation,false,source_metadata.target,0.9897959183673469,0.98989898989899,98.0,97.0,99.0,98.0,98,97,99,98,-0.010204081632653073,-0.010101010101010055,investigation,investigation,native,0,1.0,0.0,0.9894736842105263,0,0,0,0,0,0,0,0,0,0,0,0,0,0,2940.0,30.0,30.0,5.0
asottile__pyupgrade-933,198,198,update_status,SW198,1.0,1.0,98.0,98.0,99.0,99.0,98,98,99,99,0,0,0,0.010204081632653073,0.010101010101010055,none,none,false,source_metadata.target,1.0,1.0,98.0,98.0,99.0,99.0,98,98,99,99,0.010204081632653073,0.010101010101010055,none,none,native,0,1.0,0.0,1.0,0,0,0,0,0,0,0,0,0,0,0,0,0,0,2940.0,0.0,0.0,5.0
asottile__pyupgrade-933,200,199,add_subtask,SW200,0.98989898989899,0.99,99.0,98.0,100.0,99.0,99,98,100,99,0,0,0,-0.010101010101010055,-0.010000000000000009,investigation,investigation,false,source_metadata.target,0.98989898989899,0.99,99.0,98.0,100.0,99.0,99,98,100,99,-0.010101010101010055,-0.010000000000000009,investigation,investigation,native,0,1.0,0.0,0.9895833333333334,0,0,0,0,0,0,0,0,0,0,0,0,0,0,2970.0,30.0,30.0,5.0
asottile__pyupgrade-933,200,200,update_status,SW200,1.0,1.0,99.0,99.0,100.0,100.0,99,99,100,100,0,0,0,0.010101010101010055,0.010000000000000009,none,none,false,source_metadata.target,1.0,1.0,99.0,99.0,100.0,100.0,99,99,100,100,0.010101010101010055,0.010000000000000009,none,none,native,0,1.0,0.0,1.0,0,0,0,0,0,0,0,0,0,0,0,0,0,0,2970.0,0.0,0.0,5.0
asottile__pyupgrade-933,202,201,add_subtask,SW202,0.99,0.9900990099009901,100.0,99.0,101.0,100.0,100,99,101,100,0,0,0,-0.010000000000000009,-0.00990099009900991,investigation,investigation,false,source_metadata.target,0.99,0.9900990099009901,100.0,99.0,101.0,100.0,100,99,101,100,-0.010000000000000009,-0.00990099009900991,investigation,investigation,native,0,1.0,0.0,0.9896907216494846,0,0,0,0,0,0,0,0,0,0,0,0,0,0,3000.0,30.0,30.0,5.0
asottile__pyupgrade-933,202,202,update_status,SW202,1.0,1.0,100.0,100.0,101.0,101.0,100,100,101,101,0,0,0,0.010000000000000009,0.00990099009900991,none,none,false,source_metadata.target,1.0,1.0,100.0,100.0,101.0,101.0,100,100,101,101,0.010000000000000009,0.00990099009900991,none,none,native,0,1.0,0.0,1.0,0,0,0,0,0,0,0,0,0,0,0,0,0,0,3000.0,0.0,0.0,5.0
asottile__pyupgrade-933,204,203,add_subtask,SW204,0.9900990099009901,0.9901960784313726,101.0,100.0,102.0,101.0,101,100,102,101,0,0,0,-0.00990099009900991,-0.009803921568627416,investigation,investigation,false,source_metadata.target,0.9900990099009901,0.9901960784313726,101.0,100.0,102.0,101.0,101,100,102,101,-0.00990099009900991,-0.009803921568627416,investigation,investigation,native,0,1.0,0.0,0.9897959183673469,0,0,0,0,0,0,0,0,0,0,0,0,0,0,3030.0,30.0,30.0,5.0
asottile__pyupgrade-933,204,204,update_status,SW204,1.0,1.0,101.0,101.0,102.0,102.0,101,101,102,102,0,0,0,0.00990099009900991,0.009803921568627416,none,none,false,source_metadata.target,1.0,1.0,101.0,101.0,102.0,102.0,101,101,102,102,0.00990099009900991,0.009803921568627416,none,none,native,0,1.0,0.0,1.0,0,0,0,0,0,0,0,0,0,0,0,0,0,0,3030.0,0.0,0.0,5.0
asottile__pyupgrade-933,206,205,add_subtask,SW206,0.9901960784313726,0.9902912621359223,102.0,101.0,103.0,102.0,102,101,103,102,0,0,0,-0.009803921568627416,-0.009708737864077666,investigation,investigation,false,source_metadata.target,0.9901960784313726,0.9902912621359223,102.0,101.0,103.0,102.0,102,101,103,102,-0.009803921568627416,-0.009708737864077666,investigation,investigation,native,0,1.0,0.0,0.98989898989899,0,0,0,0,0,0,0,0,0,0,0,0,0,0,3060.0,30.0,30.0,5.0
asottile__pyupgrade-933,206,206,update_status,SW206,1.0,1.0,102.0,102.0,103.0,103.0,102,102,103,103,0,0,0,0.009803921568627416,0.009708737864077666,none,none,false,source_metadata.target,1.0,1.0,102.0,102.0,103.0,103.0,102,102,103,103,0.009803921568627416,0.009708737864077666,none,none,native,0,1.0,0.0,1.0,0,0,0,0,0,0,0,0,0,0,0,0,0,0,3060.0,0.0,0.0,5.0
asottile__pyupgrade-933,208,207,add_subtask,SW208,0.9902912621359223,0.9903846153846154,103.0,102.0,104.0,103.0,103,102,104,103,0,0,0,-0.009708737864077666,-0.009615384615384581,investigation,investigation,false,source_metadata.target,0.9902912621359223,0.9903846153846154,103.0,102.0,104.0,103.0,103,102,104,103,-0.009708737864077666,-0.009615384615384581,investigation,investigation,native,0,1.0,0.0,0.99,0,0,0,0,0,0,0,0,0,0,0,0,0,0,3090.0,30.0,30.0,5.0
asottile__pyupgrade-933,208,208,update_status,SW208,1.0,1.0,103.0,103.0,104.0,104.0,103,103,104,104,0,0,0,0.009708737864077666,0.009615384615384581,none,none,false,source_metadata.target,1.0,1.0,103.0,103.0,104.0,104.0,103,103,104,104,0.009708737864077666,0.009615384615384581,none,none,native,0,1.0,0.0,1.0,0,0,0,0,0,0,0,0,0,0,0,0,0,0,3090.0,0.0,0.0,5.0
asottile__pyupgrade-933,210,209,add_subtask,SW210,0.9903846153846154,0.9904761904761905,104.0,103.0,105.0,104.0,104,103,105,104,0,0,0,-0.009615384615384581,-0.00952380952380949,investigation,investigation,false,source_metadata.target,0.9903846153846154,0.9904761904761905,104.0,103.0,105.0,104.0,104,103,105,104,-0.009615384615384581,-0.00952380952380949,investigation,investigation,native,0,1.0,0.0,0.9900990099009901,0,0,0,0,0,0,0,0,0,0,0,0,0,0,3120.0,30.0,30.0,5.0
asottile__pyupgrade-933,210,210,update_status,SW210,1.0,1.0,104.0,104.0,105.0,105.0,104,104,105,105,0,0,0,0.009615384615384581,0.00952380952380949,none,none,false,source_metadata.target,1.0,1.0,104.0,104.0,105.0,105.0,104,104,105,105,0.009615384615384581,0.00952380952380949,none,none,native,0,1.0,0.0,1.0,0,0,0,0,0,0,0,0,0,0,0,0,0,0,3120.0,0.0,0.0,5.0
asottile__pyupgrade-933,212,211,add_subtask,SW212,0.9904761904761905,0.9905660377358491,105.0,104.0,106.0,105.0,105,104,106,105,0,0,0,-0.00952380952380949,-0.009433962264150941,investigation,investigation,false,source_metadata.target,0.9904761904761905,0.9905660377358491,105.0,104.0,106.0,105.0,105,104,106,105,-0.00952380952380949,-0.009433962264150941,investigation,investigation,native,0,1.0,0.0,0.9901960784313726,0,0,0,0,0,0,0,0,0,0,0,0,0,0,3150.0,30.0,30.0,5.0
asottile__pyupgrade-933,212,212,update_status,SW212,1.0,1.0,105.0,105.0,106.0,106.0,105,105,106,106,0,0,0,0.00952380952380949,0.009433962264150941,none,none,false,source_metadata.target,1.0,1.0,105.0,105.0,106.0,106.0,105,105,106,106,0.00952380952380949,0.009433962264150941,none,none,native,0,1.0,0.0,1.0,0,0,0,0,0,0,0,0,0,0,0,0,0,0,3150.0,0.0,0.0,5.0
asottile__pyupgrade-933,214,213,add_subtask,SW214,0.9905660377358491,0.9906542056074766,106.0,105.0,107.0,106.0,106,105,107,106,0,0,0,-0.009433962264150941,-0.009345794392523366,investigation,investigation,false,source_metadata.target,0.9905660377358491,0.9906542056074766,106.0,105.0,107.0,106.0,106,105,107,106,-0.009433962264150941,-0.009345794392523366,investigation,investigation,native,0,1.0,0.0,0.9902912621359223,0,0,0,0,0,0,0,0,0,0,0,0,0,0,3180.0,30.0,30.0,5.0
asottile__pyupgrade-933,214,214,update_status,SW214,1.0,1.0,106.0,106.0,107.0,107.0,106,106,107,107,0,0,0,0.009433962264150941,0.009345794392523366,none,none,false,source_metadata.target,1.0,1.0,106.0,106.0,107.0,107.0,106,106,107,107,0.009433962264150941,0.009345794392523366,none,none,native,0,1.0,0.0,1.0,0,0,0,0,0,0,0,0,0,0,0,0,0,0,3180.0,0.0,0.0,5.0
asottile__pyupgrade-933,216,215,add_subtask,SW216,0.9906542056074766,0.9907407407407407,107.0,106.0,108.0,107.0,107,106,108,107,0,0,0,-0.009345794392523366,-0.0092592592592593,investigation,investigation,false,source_metadata.target,0.9906542056074766,0.9907407407407407,107.0,106.0,108.0,107.0,107,106,108,107,-0.009345794392523366,-0.0092592592592593,investigation,investigation,native,0,1.0,0.0,0.9903846153846154,0,0,0,0,0,0,0,0,0,0,0,0,0,0,3210.0,30.0,30.0,5.0
asottile__pyupgrade-933,216,216,update_status,SW216,1.0,1.0,107.0,107.0,108.0,108.0,107,107,108,108,0,0,0,0.009345794392523366,0.0092592592592593,none,none,false,source_metadata.target,1.0,1.0,107.0,107.0,108.0,108.0,107,107,108,108,0.009345794392523366,0.0092592592592593,none,none,native,0,1.0,0.0,1.0,0,0,0,0,0,0,0,0,0,0,0,0,0,0,3210.0,0.0,0.0,5.0
asottile__pyupgrade-933,218,217,add_subtask,SW218,0.9907407407407407,0.9908256880733946,108.0,107.0,109.0,108.0,108,107,109,108,0,0,0,-0.0092592592592593,-0.00917431192660545,investigation,investigation,false,source_metadata.target,0.9907407407407407,0.9908256880733946,108.0,107.0,109.0,108.0,108,107,109,108,-0.0092592592592593,-0.00917431192660545,investigation,investigation,native,0,1.0,0.0,0.9904761904761905,0,0,0,0,0,0,0,0,0,0,0,0,0,0,3240.0,30.0,30.0,5.0
asottile__pyupgrade-933,218,218,update_status,SW218,1.0,1.0,108.0,108.0,109.0,109.0,108,108,109,109,0,0,0,0.0092592592592593,0.00917431192660545,none,none,false,source_metadata.target,1.0,1.0,108.0,108.0,109.0,109.0,108,108,109,109,0.0092592592592593,0.00917431192660545,none,none,native,0,1.0,0.0,1.0,0,0,0,0,0,0,0,0,0,0,0,0,0,0,3240.0,0.0,0.0,5.0
asottile__pyupgrade-933,220,219,add_subtask,SW220,0.9908256880733946,0.990909090909091,109.0,108.0,110.0,109.0,109,108,110,109,0,0,0,-0.00917431192660545,-0.009090909090909038,investigation,investigation,false,source_metadata.target,0.9908256880733946,0.990909090909091,109.0,108.0,110.0,109.0,109,108,110,109,-0.00917431192660545,-0.009090909090909038,investigation,investigation,native,0,1.0,0.0,0.9905660377358491,0,0,0,0,0,0,0,0,0,0,0,0,0,0,3270.0,30.0,30.0,5.0
asottile__pyupgrade-933,220,220,update_status,SW220,1.0,1.0,109.0,109.0,110.0,110.0,109,109,110,110,0,0,0,0.00917431192660545,0.009090909090909038,none,none,false,source_metadata.target,1.0,1.0,109.0,109.0,110.0,110.0,109,109,110,110,0.00917431192660545,0.009090909090909038,none,none,native,0,1.0,0.0,1.0,0,0,0,0,0,0,0,0,0,0,0,0,0,0,3270.0,0.0,0.0,5.0
asottile__pyupgrade-933,222,221,add_subtask,SW222,0.990909090909091,0.990990990990991,110.0,109.0,111.0,110.0,110,109,111,110,0,0,0,-0.009090909090909038,-0.009009009009009028,investigation,investigation,false,source_metadata.target,0.990909090909091,0.990990990990991,110.0,109.0,111.0,110.0,110,109,111,110,-0.009090909090909038,-0.009009009009009028,investigation,investigation,native,0,1.0,0.0,0.9906542056074766,0,0,0,0,0,0,0,0,0,0,0,0,0,0,3300.0,30.0,30.0,5.0
asottile__pyupgrade-933,222,222,update_status,SW222,1.0,1.0,110.0,110.0,111.0,111.0,110,110,111,111,0,0,0,0.009090909090909038,0.009009009009009028,none,none,false,source_metadata.target,1.0,1.0,110.0,110.0,111.0,111.0,110,110,111,111,0.009090909090909038,0.009009009009009028,none,none,native,0,1.0,0.0,1.0,0,0,0,0,0,0,0,0,0,0,0,0,0,0,3300.0,0.0,0.0,5.0
asottile__pyupgrade-933,224,223,add_subtask,SW224,0.990990990990991,0.9910714285714286,111.0,110.0,112.0,111.0,111,110,112,111,0,0,0,-0.009009009009009028,-0.008928571428571397,investigation,investigation,false,source_metadata.target,0.990990990990991,0.9910714285714286,111.0,110.0,112.0,111.0,111,110,112,111,-0.009009009009009028,-0.008928571428571397,investigation,investigation,native,0,1.0,0.0,0.9907407407407407,0,0,0,0,0,0,0,0,0,0,0,0,0,0,3330.0,30.0,30.0,5.0
asottile__pyupgrade-933,224,224,update_status,SW224,1.0,1.0,111.0,111.0,112.0,112.0,111,111,112,112,0,0,0,0.009009009009009028,0.008928571428571397,none,none,false,source_metadata.target,1.0,1.0,111.0,111.0,112.0,112.0,111,111,112,112,0.009009009009009028,0.008928571428571397,none,none,native,0,1.0,0.0,1.0,0,0,0,0,0,0,0,0,0,0,0,0,0,0,3330.0,0.0,0.0,5.0
asottile__pyupgrade-933,226,225,add_subtask,SW226,0.9910714285714286,0.9911504424778761,112.0,111.0,113.0,112.0,112,111,113,112,0,0,0,-0.008928571428571397,-0.008849557522123908,investigation,investigation,false,source_metadata.target,0.9910714285714286,0.9911504424778761,112.0,111.0,113.0,112.0,112,111,113,112,-0.008928571428571397,-0.008849557522123908,investigation,investigation,native,0,1.0,0.0,0.9908256880733946,0,0,0,0,0,0,0,0,0,0,0,0,0,0,3360.0,30.0,30.0,5.0
asottile__pyupgrade-933,226,226,update_status,SW226,1.0,1.0,112.0,112.0,113.0,113.0,112,112,113,113,0,0,0,0.008928571428571397,0.008849557522123908,none,none,false,source_metadata.target,1.0,1.0,112.0,112.0,113.0,113.0,112,112,113,113,0.008928571428571397,0.008849557522123908,none,none,native,0,1.0,0.0,1.0,0,0,0,0,0,0,0,0,0,0,0,0,0,0,3360.0,0.0,0.0,5.0
asottile__pyupgrade-933,228,227,add_subtask,SW228,0.9911504424778761,0.9912280701754386,113.0,112.0,114.0,113.0,113,112,114,113,0,0,0,-0.008849557522123908,-0.00877192982456143,investigation,investigation,false,source_metadata.target,0.9911504424778761,0.9912280701754386,113.0,112.0,114.0,113.0,113,112,114,113,-0.008849557522123908,-0.00877192982456143,investigation,investigation,native,0,1.0,0.0,0.990909090909091,0,0,0,0,0,0,0,0,0,0,0,0,0,0,3390.0,30.0,30.0,5.0
asottile__pyupgrade-933,228,228,update_status,SW228,1.0,1.0,113.0,113.0,114.0,114.0,113,113,114,114,0,0,0,0.008849557522123908,0.00877192982456143,none,none,false,source_metadata.target,1.0,1.0,113.0,113.0,114.0,114.0,113,113,114,114,0.008849557522123908,0.00877192982456143,none,none,native,0,1.0,0.0,1.0,0,0,0,0,0,0,0,0,0,0,0,0,0,0,3390.0,0.0,0.0,5.0
asottile__pyupgrade-933,230,229,add_subtask,SW230,0.9912280701754386,0.991304347826087,114.0,113.0,115.0,114.0,114,113,115,114,0,0,0,-0.00877192982456143,-0.008695652173912993,investigation,investigation,false,source_metadata.target,0.9912280701754386,0.991304347826087,114.0,113.0,115.0,114.0,114,113,115,114,-0.00877192982456143,-0.008695652173912993,investigation,investigation,native,0,1.0,0.0,0.990990990990991,0,0,0,0,0,0,0,0,0,0,0,0,0,0,3420.0,30.0,30.0,5.0
asottile__pyupgrade-933,230,230,update_status,SW230,1.0,1.0,114.0,114.0,115.0,115.0,114,114,115,115,0,0,0,0.00877192982456143,0.008695652173912993,none,none,false,source_metadata.target,1.0,1.0,114.0,114.0,115.0,115.0,114,114,115,115,0.00877192982456143,0.008695652173912993,none,none,native,0,1.0,0.0,1.0,0,0,0,0,0,0,0,0,0,0,0,0,0,0,3420.0,0.0,0.0,5.0
asottile__pyupgrade-933,232,231,add_subtask,SW232,0.991304347826087,0.9913793103448276,115.0,114.0,116.0,115.0,115,114,116,115,0,0,0,-0.008695652173912993,-0.008620689655172376,investigation,investigation,false,source_metadata.target,0.991304347826087,0.9913793103448276,115.0,114.0,116.0,115.0,115,114,116,115,-0.008695652173912993,-0.008620689655172376,investigation,investigation,native,0,1.0,0.0,0.9910714285714286,0,0,0,0,0,0,0,0,0,0,0,0,0,0,3450.0,30.0,30.0,5.0
asottile__pyupgrade-933,232,232,update_status,SW232,1.0,1.0,115.0,115.0,116.0,116.0,115,115,116,116,0,0,0,0.008695652173912993,0.008620689655172376,none,none,false,source_metadata.target,1.0,1.0,115.0,115.0,116.0,116.0,115,115,116,116,0.008695652173912993,0.008620689655172376,none,none,native,0,1.0,0.0,1.0,0,0,0,0,0,0,0,0,0,0,0,0,0,0,3450.0,0.0,0.0,5.0
asottile__pyupgrade-933,234,233,add_subtask,SW234,0.9913793103448276,0.9914529914529915,116.0,115.0,117.0,116.0,116,115,117,116,0,0,0,-0.008620689655172376,-0.008547008547008517,investigation,investigation,false,source_metadata.target,0.9913793103448276,0.9914529914529915,116.0,115.0,117.0,116.0,116,115,117,116,-0.008620689655172376,-0.008547008547008517,investigation,investigation,native,0,1.0,0.0,0.9911504424778761,0,0,0,0,0,0,0,0,0,0,0,0,0,0,3480.0,30.0,30.0,5.0
asottile__pyupgrade-933,234,234,update_status,SW234,1.0,1.0,116.0,116.0,117.0,117.0,116,116,117,117,0,0,0,0.008620689655172376,0.008547008547008517,none,none,false,source_metadata.target,1.0,1.0,116.0,116.0,117.0,117.0,116,116,117,117,0.008620689655172376,0.008547008547008517,none,none,native,0,1.0,0.0,1.0,0,0,0,0,0,0,0,0,0,0,0,0,0,0,3480.0,0.0,0.0,5.0
asottile__pyupgrade-933,236,235,add_subtask,SW236,0.9914529914529915,0.9915254237288136,117.0,116.0,118.0,117.0,117,116,118,117,0,0,0,-0.008547008547008517,-0.008474576271186418,investigation,investigation,false,source_metadata.target,0.9914529914529915,0.9915254237288136,117.0,116.0,118.0,117.0,117,116,118,117,-0.008547008547008517,-0.008474576271186418,investigation,investigation,native,0,1.0,0.0,0.9912280701754386,0,0,0,0,0,0,0,0,0,0,0,0,0,0,3510.0,30.0,30.0,5.0
asottile__pyupgrade-933,236,236,update_status,SW236,1.0,1.0,117.0,117.0,118.0,118.0,117,117,118,118,0,0,0,0.008547008547008517,0.008474576271186418,none,none,false,source_metadata.target,1.0,1.0,117.0,117.0,118.0,118.0,117,117,118,118,0.008547008547008517,0.008474576271186418,none,none,native,0,1.0,0.0,1.0,0,0,0,0,0,0,0,0,0,0,0,0,0,0,3510.0,0.0,0.0,5.0
asottile__pyupgrade-933,238,237,add_subtask,SW238,0.9915254237288136,0.9915966386554622,118.0,117.0,119.0,118.0,118,117,119,118,0,0,0,-0.008474576271186418,-0.008403361344537785,investigation,investigation,false,source_metadata.target,0.9915254237288136,0.9915966386554622,118.0,117.0,119.0,118.0,118,117,119,118,-0.008474576271186418,-0.008403361344537785,investigation,investigation,native,0,1.0,0.0,0.991304347826087,0,0,0,0,0,0,0,0,0,0,0,0,0,0,3540.0,30.0,30.0,5.0
asottile__pyupgrade-933,238,238,update_status,SW238,1.0,1.0,118.0,118.0,119.0,119.0,118,118,119,119,0,0,0,0.008474576271186418,0.008403361344537785,none,none,false,source_metadata.target,1.0,1.0,118.0,118.0,119.0,119.0,118,118,119,119,0.008474576271186418,0.008403361344537785,none,none,native,0,1.0,0.0,1.0,0,0,0,0,0,0,0,0,0,0,0,0,0,0,3540.0,0.0,0.0,5.0
asottile__pyupgrade-933,240,239,add_subtask,SW240,0.9915966386554622,0.9916666666666667,119.0,118.0,120.0,119.0,119,118,120,119,0,0,0,-0.008403361344537785,-0.008333333333333304,investigation,investigation,false,source_metadata.target,0.9915966386554622,0.9916666666666667,119.0,118.0,120.0,119.0,119,118,120,119,-0.008403361344537785,-0.008333333333333304,investigation,investigation,native,0,1.0,0.0,0.9913793103448276,0,0,0,0,0,0,0,0,0,0,0,0,0,0,3570.0,30.0,30.0,5.0
asottile__pyupgrade-933,240,240,update_status,SW240,1.0,1.0,119.0,119.0,120.0,120.0,119,119,120,120,0,0,0,0.008403361344537785,0.008333333333333304,none,none,false,source_metadata.target,1.0,1.0,119.0,119.0,120.0,120.0,119,119,120,120,0.008403361344537785,0.008333333333333304,none,none,native,0,1.0,0.0,1.0,0,0,0,0,0,0,0,0,0,0,0,0,0,0,3570.0,0.0,0.0,5.0
asottile__pyupgrade-933,242,241,add_subtask,SW242,0.9916666666666667,0.9917355371900827,120.0,119.0,121.0,120.0,120,119,121,120,0,0,0,-0.008333333333333304,-0.008264462809917328,investigation,investigation,false,source_metadata.target,0.9916666666666667,0.9917355371900827,120.0,119.0,121.0,120.0,120,119,121,120,-0.008333333333333304,-0.008264462809917328,investigation,investigation,native,0,1.0,0.0,0.9914529914529915,0,0,0,0,0,0,0,0,0,0,0,0,0,0,3600.0,30.0,30.0,5.0
asottile__pyupgrade-933,242,242,update_status,SW242,1.0,1.0,120.0,120.0,121.0,121.0,120,120,121,121,0,0,0,0.008333333333333304,0.008264462809917328,none,none,false,source_metadata.target,1.0,1.0,120.0,120.0,121.0,121.0,120,120,121,121,0.008333333333333304,0.008264462809917328,none,none,native,0,1.0,0.0,1.0,0,0,0,0,0,0,0,0,0,0,0,0,0,0,3600.0,0.0,0.0,5.0
asottile__pyupgrade-933,244,243,add_subtask,SW244,0.9917355371900827,0.9918032786885246,121.0,120.0,122.0,121.0,121,120,122,121,0,0,0,-0.008264462809917328,-0.008196721311475419,investigation,investigation,false,source_metadata.target,0.9917355371900827,0.9918032786885246,121.0,120.0,122.0,121.0,121,120,122,121,-0.008264462809917328,-0.008196721311475419,investigation,investigation,native,0,1.0,0.0,0.9915254237288136,0,0,0,0,0,0,0,0,0,0,0,0,0,0,3630.0,30.0,30.0,5.0
asottile__pyupgrade-933,244,244,update_status,SW244,1.0,1.0,121.0,121.0,122.0,122.0,121,121,122,122,0,0,0,0.008264462809917328,0.008196721311475419,none,none,false,source_metadata.target,1.0,1.0,121.0,121.0,122.0,122.0,121,121,122,122,0.008264462809917328,0.008196721311475419,none,none,native,0,1.0,0.0,1.0,0,0,0,0,0,0,0,0,0,0,0,0,0,0,3630.0,0.0,0.0,5.0
asottile__pyupgrade-933,246,245,add_subtask,SW246,0.9918032786885246,0.991869918699187,122.0,121.0,123.0,122.0,122,121,123,122,0,0,0,-0.008196721311475419,-0.008130081300813052,investigation,investigation,false,source_metadata.target,0.9918032786885246,0.991869918699187,122.0,121.0,123.0,122.0,122,121,123,122,-0.008196721311475419,-0.008130081300813052,investigation,investigation,native,0,1.0,0.0,0.9915966386554622,0,0,0,0,0,0,0,0,0,0,0,0,0,0,3660.0,30.0,30.0,5.0
asottile__pyupgrade-933,246,246,update_status,SW246,1.0,1.0,122.0,122.0,123.0,123.0,122,122,123,123,0,0,0,0.008196721311475419,0.008130081300813052,none,none,false,source_metadata.target,1.0,1.0,122.0,122.0,123.0,123.0,122,122,123,123,0.008196721311475419,0.008130081300813052,none,none,native,0,1.0,0.0,1.0,0,0,0,0,0,0,0,0,0,0,0,0,0,0,3660.0,0.0,0.0,5.0
asottile__pyupgrade-933,248,247,add_subtask,SW248,0.991869918699187,0.9919354838709677,123.0,122.0,124.0,123.0,123,122,124,123,0,0,0,-0.008130081300813052,-0.008064516129032251,investigation,investigation,false,source_metadata.target,0.991869918699187,0.9919354838709677,123.0,122.0,124.0,123.0,123,122,124,123,-0.008130081300813052,-0.008064516129032251,investigation,investigation,native,0,1.0,0.0,0.9916666666666667,0,0,0,0,0,0,0,0,0,0,0,0,0,0,3690.0,30.0,30.0,5.0
asottile__pyupgrade-933,248,248,update_status,SW248,1.0,1.0,123.0,123.0,124.0,124.0,123,123,124,124,0,0,0,0.008130081300813052,0.008064516129032251,none,none,false,source_metadata.target,1.0,1.0,123.0,123.0,124.0,124.0,123,123,124,124,0.008130081300813052,0.008064516129032251,none,none,native,0,1.0,0.0,1.0,0,0,0,0,0,0,0,0,0,0,0,0,0,0,3690.0,0.0,0.0,5.0
asottile__pyupgrade-933,250,249,add_subtask,SW250,0.9919354838709677,0.992,124.0,123.0,125.0,124.0,124,123,125,124,0,0,0,-0.008064516129032251,-0.008000000000000007,investigation,investigation,false,source_metadata.target,0.9919354838709677,0.992,124.0,123.0,125.0,124.0,124,123,125,124,-0.008064516129032251,-0.008000000000000007,investigation,investigation,native,0,1.0,0.0,0.9917355371900827,0,0,0,0,0,0,0,0,0,0,0,0,0,0,3720.0,30.0,30.0,5.0
asottile__pyupgrade-933,250,250,update_status,SW250,1.0,1.0,124.0,124.0,125.0,125.0,124,124,125,125,0,0,0,0.008064516129032251,0.008000000000000007,none,none,false,source_metadata.target,1.0,1.0,124.0,124.0,125.0,125.0,124,124,125,125,0.008064516129032251,0.008000000000000007,none,none,native,0,1.0,0.0,1.0,0,0,0,0,0,0,0,0,0,0,0,0,0,0,3720.0,0.0,0.0,5.0
asottile__pyupgrade-933,252,251,add_subtask,SW252,0.992,0.9920634920634921,125.0,124.0,126.0,125.0,125,124,126,125,0,0,0,-0.008000000000000007,-0.007936507936507908,investigation,investigation,false,source_metadata.target,0.992,0.9920634920634921,125.0,124.0,126.0,125.0,125,124,126,125,-0.008000000000000007,-0.007936507936507908,investigation,investigation,native,0,1.0,0.0,0.9918032786885246,0,0,0,0,0,0,0,0,0,0,0,0,0,0,3750.0,30.0,30.0,5.0
asottile__pyupgrade-933,252,252,update_status,SW252,1.0,1.0,125.0,125.0,126.0,126.0,125,125,126,126,0,0,0,0.008000000000000007,0.007936507936507908,none,none,false,source_metadata.target,1.0,1.0,125.0,125.0,126.0,126.0,125,125,126,126,0.008000000000000007,0.007936507936507908,none,none,native,0,1.0,0.0,1.0,0,0,0,0,0,0,0,0,0,0,0,0,0,0,3750.0,0.0,0.0,5.0
asottile__pyupgrade-933,254,253,add_subtask,SW254,0.9920634920634921,0.9921259842519685,126.0,125.0,127.0,126.0,126,125,127,126,0,0,0,-0.007936507936507908,-0.007874015748031482,investigation,investigation,false,source_metadata.target,0.9920634920634921,0.9921259842519685,126.0,125.0,127.0,126.0,126,125,127,126,-0.007936507936507908,-0.007874015748031482,investigation,investigation,native,0,1.0,0.0,0.991869918699187,0,0,0,0,0,0,0,0,0,0,0,0,0,0,3780.0,30.0,30.0,5.0
asottile__pyupgrade-933,254,254,update_status,SW254,1.0,1.0,126.0,126.0,127.0,127.0,126,126,127,127,0,0,0,0.007936507936507908,0.007874015748031482,none,none,false,source_metadata.target,1.0,1.0,126.0,126.0,127.0,127.0,126,126,127,127,0.007936507936507908,0.007874015748031482,none,none,native,0,1.0,0.0,1.0,0,0,0,0,0,0,0,0,0,0,0,0,0,0,3780.0,0.0,0.0,5.0
asottile__pyupgrade-933,256,255,add_subtask,SW256,0.9921259842519685,0.9921875,127.0,126.0,128.0,127.0,127,126,128,127,0,0,0,-0.007874015748031482,-0.0078125,investigation,investigation,false,source_metadata.target,0.9921259842519685,0.9921875,127.0,126.0,128.0,127.0,127,126,128,127,-0.007874015748031482,-0.0078125,investigation,investigation,native,0,1.0,0.0,0.9919354838709677,0,0,0,0,0,0,0,0,0,0,0,0,0,0,3810.0,30.0,30.0,5.0
asottile__pyupgrade-933,256,256,update_status,SW256,1.0,1.0,127.0,127.0,128.0,128.0,127,127,128,128,0,0,0,0.007874015748031482,0.0078125,none,none,false,source_metadata.target,1.0,1.0,127.0,127.0,128.0,128.0,127,127,128,128,0.007874015748031482,0.0078125,none,none,native,0,1.0,0.0,1.0,0,0,0,0,0,0,0,0,0,0,0,0,0,0,3810.0,0.0,0.0,5.0
asottile__pyupgrade-933,258,257,add_subtask,SW258,0.9921875,0.9922480620155039,128.0,127.0,129.0,128.0,128,127,129,128,0,0,0,-0.0078125,-0.007751937984496138,investigation,investigation,false,source_metadata.target,0.9921875,0.9922480620155039,128.0,127.0,129.0,128.0,128,127,129,128,-0.0078125,-0.007751937984496138,investigation,investigation,native,0,1.0,0.0,0.992,0,0,0,0,0,0,0,0,0,0,0,0,0,0,3840.0,30.0,30.0,5.0
asottile__pyupgrade-933,258,258,update_status,SW258,1.0,1.0,128.0,128.0,129.0,129.0,128,128,129,129,0,0,0,0.0078125,0.007751937984496138,none,none,false,source_metadata.target,1.0,1.0,128.0,128.0,129.0,129.0,128,128,129,129,0.0078125,0.007751937984496138,none,none,native,0,1.0,0.0,1.0,0,0,0,0,0,0,0,0,0,0,0,0,0,0,3840.0,0.0,0.0,5.0
asottile__pyupgrade-933,260,259,add_subtask,SW260,0.9922480620155039,0.9923076923076923,129.0,128.0,130.0,129.0,129,128,130,129,0,0,0,-0.007751937984496138,-0.007692307692307665,investigation,investigation,false,source_metadata.target,0.9922480620155039,0.9923076923076923,129.0,128.0,130.0,129.0,129,128,130,129,-0.007751937984496138,-0.007692307692307665,investigation,investigation,native,0,1.0,0.0,0.9920634920634921,0,0,0,0,0,0,0,0,0,0,0,0,0,0,3870.0,30.0,30.0,5.0
asottile__pyupgrade-933,260,260,update_status,SW260,1.0,1.0,129.0,129.0,130.0,130.0,129,129,130,130,0,0,0,0.007751937984496138,0.007692307692307665,none,none,false,source_metadata.target,1.0,1.0,129.0,129.0,130.0,130.0,129,129,130,130,0.007751937984496138,0.007692307692307665,none,none,native,0,1.0,0.0,1.0,0,0,0,0,0,0,0,0,0,0,0,0,0,0,3870.0,0.0,0.0,5.0
asottile__pyupgrade-933,262,261,add_subtask,SW262,0.9923076923076923,0.9923664122137404,130.0,129.0,131.0,130.0,130,129,131,130,0,0,0,-0.007692307692307665,-0.007633587786259555,investigation,investigation,false,source_metadata.target,0.9923076923076923,0.9923664122137404,130.0,129.0,131.0,130.0,130,129,131,130,-0.007692307692307665,-0.007633587786259555,investigation,investigation,native,0,1.0,0.0,0.9921259842519685,0,0,0,0,0,0,0,0,0,0,0,0,0,0,3900.0,30.0,30.0,5.0
asottile__pyupgrade-933,262,262,update_status,SW262,1.0,1.0,130.0,130.0,131.0,131.0,130,130,131,131,0,0,0,0.007692307692307665,0.007633587786259555,none,none,false,source_metadata.target,1.0,1.0,130.0,130.0,131.0,131.0,130,130,131,131,0.007692307692307665,0.007633587786259555,none,none,native,0,1.0,0.0,1.0,0,0,0,0,0,0,0,0,0,0,0,0,0,0,3900.0,0.0,0.0,5.0
asottile__pyupgrade-933,264,263,add_subtask,SW264,0.9923664122137404,0.9924242424242424,131.0,130.0,132.0,131.0,131,130,132,131,0,0,0,-0.007633587786259555,-0.007575757575757569,investigation,investigation,false,source_metadata.target,0.9923664122137404,0.9924242424242424,131.0,130.0,132.0,131.0,131,130,132,131,-0.007633587786259555,-0.007575757575757569,investigation,investigation,native,0,1.0,0.0,0.9921875,0,0,0,0,0,0,0,0,0,0,0,0,0,0,3930.0,30.0,30.0,5.0
asottile__pyupgrade-933,264,264,update_status,SW264,1.0,1.0,131.0,131.0,132.0,132.0,131,131,132,132,0,0,0,0.007633587786259555,0.007575757575757569,none,none,false,source_metadata.target,1.0,1.0,131.0,131.0,132.0,132.0,131,131,132,132,0.007633587786259555,0.007575757575757569,none,none,native,0,1.0,0.0,1.0,0,0,0,0,0,0,0,0,0,0,0,0,0,0,3930.0,0.0,0.0,5.0
asottile__pyupgrade-933,266,265,add_subtask,SW266,0.9924242424242424,0.9924812030075187,132.0,131.0,133.0,132.0,132,131,133,132,0,0,0,-0.007575757575757569,-0.007518796992481258,investigation,investigation,false,source_metadata.target,0.9924242424242424,0.9924812030075187,132.0,131.0,133.0,132.0,132,131,133,132,-0.007575757575757569,-0.007518796992481258,investigation,investigation,native,0,1.0,0.0,0.9922480620155039,0,0,0,0,0,0,0,0,0,0,0,0,0,0,3960.0,30.0,30.0,5.0
asottile__pyupgrade-933,266,266,update_status,SW266,1.0,1.0,132.0,132.0,133.0,133.0,132,132,133,133,0,0,0,0.007575757575757569,0.007518796992481258,none,none,false,source_metadata.target,1.0,1.0,132.0,132.0,133.0,133.0,132,132,133,133,0.007575757575757569,0.007518796992481258,none,none,native,0,1.0,0.0,1.0,0,0,0,0,0,0,0,0,0,0,0,0,0,0,3960.0,0.0,0.0,5.0
asottile__pyupgrade-933,268,267,add_subtask,SW268,0.9924812030075187,0.9925373134328358,133.0,132.0,134.0,133.0,133,132,134,133,0,0,0,-0.007518796992481258,-0.007462686567164201,investigation,investigation,false,source_metadata.target,0.9924812030075187,0.9925373134328358,133.0,132.0,134.0,133.0,133,132,134,133,-0.007518796992481258,-0.007462686567164201,investigation,investigation,native,0,1.0,0.0,0.9923076923076923,0,0,0,0,0,0,0,0,0,0,0,0,0,0,3990.0,30.0,30.0,5.0
asottile__pyupgrade-933,268,268,update_status,SW268,1.0,1.0,133.0,133.0,134.0,134.0,133,133,134,134,0,0,0,0.007518796992481258,0.007462686567164201,none,none,false,source_metadata.target,1.0,1.0,133.0,133.0,134.0,134.0,133,133,134,134,0.007518796992481258,0.007462686567164201,none,none,native,0,1.0,0.0,1.0,0,0,0,0,0,0,0,0,0,0,0,0,0,0,3990.0,0.0,0.0,5.0
asottile__pyupgrade-933,270,269,add_subtask,SW270,0.9925373134328358,0.9925925925925926,134.0,133.0,135.0,134.0,134,133,135,134,0,0,0,-0.007462686567164201,-0.007407407407407418,investigation,investigation,false,source_metadata.target,0.9925373134328358,0.9925925925925926,134.0,133.0,135.0,134.0,134,133,135,134,-0.007462686567164201,-0.007407407407407418,investigation,investigation,native,0,1.0,0.0,0.9923664122137404,0,0,0,0,0,0,0,0,0,0,0,0,0,0,4020.0,30.0,30.0,5.0
asottile__pyupgrade-933,270,270,update_status,SW270,1.0,1.0,134.0,134.0,135.0,135.0,134,134,135,135,0,0,0,0.007462686567164201,0.007407407407407418,none,none,false,source_metadata.target,1.0,1.0,134.0,134.0,135.0,135.0,134,134,135,135,0.007462686567164201,0.007407407407407418,none,none,native,0,1.0,0.0,1.0,0,0,0,0,0,0,0,0,0,0,0,0,0,0,4020.0,0.0,0.0,5.0
asottile__pyupgrade-933,272,271,add_subtask,SW272,0.9925925925925926,0.9926470588235294,135.0,134.0,136.0,135.0,135,134,136,135,0,0,0,-0.007407407407407418,-0.007352941176470562,investigation,investigation,false,source_metadata.target,0.9925925925925926,0.9926470588235294,135.0,134.0,136.0,135.0,135,134,136,135,-0.007407407407407418,-0.007352941176470562,investigation,investigation,native,0,1.0,0.0,0.9924242424242424,0,0,0,0,0,0,0,0,0,0,0,0,0,0,4050.0,30.0,30.0,5.0
asottile__pyupgrade-933,272,272,update_status,SW272,1.0,1.0,135.0,135.0,136.0,136.0,135,135,136,136,0,0,0,0.007407407407407418,0.007352941176470562,none,none,false,source_metadata.target,1.0,1.0,135.0,135.0,136.0,136.0,135,135,136,136,0.007407407407407418,0.007352941176470562,none,none,native,0,1.0,0.0,1.0,0,0,0,0,0,0,0,0,0,0,0,0,0,0,4050.0,0.0,0.0,5.0
asottile__pyupgrade-933,274,273,add_subtask,SW274,0.9926470588235294,0.9927007299270073,136.0,135.0,137.0,136.0,136,135,137,136,0,0,0,-0.007352941176470562,-0.007299270072992692,investigation,investigation,false,source_metadata.target,0.9926470588235294,0.9927007299270073,136.0,135.0,137.0,136.0,136,135,137,136,-0.007352941176470562,-0.007299270072992692,investigation,investigation,native,0,1.0,0.0,0.9924812030075187,0,0,0,0,0,0,0,0,0,0,0,0,0,0,4080.0,30.0,30.0,5.0
asottile__pyupgrade-933,274,274,update_status,SW274,1.0,1.0,136.0,136.0,137.0,137.0,136,136,137,137,0,0,0,0.007352941176470562,0.007299270072992692,none,none,false,source_metadata.target,1.0,1.0,136.0,136.0,137.0,137.0,136,136,137,137,0.007352941176470562,0.007299270072992692,none,none,native,0,1.0,0.0,1.0,0,0,0,0,0,0,0,0,0,0,0,0,0,0,4080.0,0.0,0.0,5.0
asottile__pyupgrade-933,276,275,add_subtask,SW276,0.9927007299270073,0.9927536231884058,137.0,136.0,138.0,137.0,137,136,138,137,0,0,0,-0.007299270072992692,-0.007246376811594235,investigation,investigation,false,source_metadata.target,0.9927007299270073,0.9927536231884058,137.0,136.0,138.0,137.0,137,136,138,137,-0.007299270072992692,-0.007246376811594235,investigation,investigation,native,0,1.0,0.0,0.9925373134328358,0,0,0,0,0,0,0,0,0,0,0,0,0,0,4110.0,30.0,30.0,5.0
asottile__pyupgrade-933,276,276,update_status,SW276,1.0,1.0,137.0,137.0,138.0,138.0,137,137,138,138,0,0,0,0.007299270072992692,0.007246376811594235,none,none,false,source_metadata.target,1.0,1.0,137.0,137.0,138.0,138.0,137,137,138,138,0.007299270072992692,0.007246376811594235,none,none,native,0,1.0,0.0,1.0,0,0,0,0,0,0,0,0,0,0,0,0,0,0,4110.0,0.0,0.0,5.0
asottile__pyupgrade-933,278,277,add_subtask,SW278,0.9927536231884058,0.9928057553956835,138.0,137.0,139.0,138.0,138,137,139,138,0,0,0,-0.007246376811594235,-0.007194244604316502,investigation,investigation,false,source_metadata.target,0.9927536231884058,0.9928057553956835,138.0,137.0,139.0,138.0,138,137,139,138,-0.007246376811594235,-0.007194244604316502,investigation,investigation,native,0,1.0,0.0,0.9925925925925926,0,0,0,0,0,0,0,0,0,0,0,0,0,0,4140.0,30.0,30.0,5.0
asottile__pyupgrade-933,278,278,update_status,SW278,1.0,1.0,138.0,138.0,139.0,139.0,138,138,139,139,0,0,0,0.007246376811594235,0.007194244604316502,none,none,false,source_metadata.target,1.0,1.0,138.0,138.0,139.0,139.0,138,138,139,139,0.007246376811594235,0.007194244604316502,none,none,native,0,1.0,0.0,1.0,0,0,0,0,0,0,0,0,0,0,0,0,0,0,4140.0,0.0,0.0,5.0
asottile__pyupgrade-933,280,279,add_subtask,SW280,0.9928057553956835,0.9928571428571429,139.0,138.0,140.0,139.0,139,138,140,139,0,0,0,-0.007194244604316502,-0.0071428571428571175,investigation,investigation,false,source_metadata.target,0.9928057553956835,0.9928571428571429,139.0,138.0,140.0,139.0,139,138,140,139,-0.007194244604316502,-0.0071428571428571175,investigation,investigation,native,0,1.0,0.0,0.9926470588235294,0,0,0,0,0,0,0,0,0,0,0,0,0,0,4170.0,30.0,30.0,5.0
asottile__pyupgrade-933,280,280,update_status,SW280,1.0,1.0,139.0,139.0,140.0,140.0,139,139,140,140,0,0,0,0.007194244604316502,0.0071428571428571175,none,none,false,source_metadata.target,1.0,1.0,139.0,139.0,140.0,140.0,139,139,140,140,0.007194244604316502,0.0071428571428571175,none,none,native,0,1.0,0.0,1.0,0,0,0,0,0,0,0,0,0,0,0,0,0,0,4170.0,0.0,0.0,5.0
asottile__pyupgrade-933,282,281,add_subtask,SW282,0.9928571428571429,0.9929078014184397,140.0,139.0,141.0,140.0,140,139,141,140,0,0,0,-0.0071428571428571175,-0.007092198581560294,investigation,investigation,false,source_metadata.target,0.9928571428571429,0.9929078014184397,140.0,139.0,141.0,140.0,140,139,141,140,-0.0071428571428571175,-0.007092198581560294,investigation,investigation,native,0,1.0,0.0,0.9927007299270073,0,0,0,0,0,0,0,0,0,0,0,0,0,0,4200.0,30.0,30.0,5.0
asottile__pyupgrade-933,282,282,update_status,SW282,1.0,1.0,140.0,140.0,141.0,141.0,140,140,141,141,0,0,0,0.0071428571428571175,0.007092198581560294,none,none,false,source_metadata.target,1.0,1.0,140.0,140.0,141.0,141.0,140,140,141,141,0.0071428571428571175,0.007092198581560294,none,none,native,0,1.0,0.0,1.0,0,0,0,0,0,0,0,0,0,0,0,0,0,0,4200.0,0.0,0.0,5.0
asottile__pyupgrade-933,284,283,add_subtask,SW284,0.9929078014184397,0.9929577464788732,141.0,140.0,142.0,141.0,141,140,142,141,0,0,0,-0.007092198581560294,-0.007042253521126751,investigation,investigation,false,source_metadata.target,0.9929078014184397,0.9929577464788732,141.0,140.0,142.0,141.0,141,140,142,141,-0.007092198581560294,-0.007042253521126751,investigation,investigation,native,0,1.0,0.0,0.9927536231884058,0,0,0,0,0,0,0,0,0,0,0,0,0,0,4230.0,30.0,30.0,5.0
asottile__pyupgrade-933,284,284,update_status,SW284,1.0,1.0,141.0,141.0,142.0,142.0,141,141,142,142,0,0,0,0.007092198581560294,0.007042253521126751,none,none,false,source_metadata.target,1.0,1.0,141.0,141.0,142.0,142.0,141,141,142,142,0.007092198581560294,0.007042253521126751,none,none,native,0,1.0,0.0,1.0,0,0,0,0,0,0,0,0,0,0,0,0,0,0,4230.0,0.0,0.0,5.0
asottile__pyupgrade-933,286,285,add_subtask,SW286,0.9929577464788732,0.993006993006993,142.0,141.0,143.0,142.0,142,141,143,142,0,0,0,-0.007042253521126751,-0.006993006993006978,investigation,investigation,false,source_metadata.target,0.9929577464788732,0.993006993006993,142.0,141.0,143.0,142.0,142,141,143,142,-0.007042253521126751,-0.006993006993006978,investigation,investigation,native,0,1.0,0.0,0.9928057553956835,0,0,0,0,0,0,0,0,0,0,0,0,0,0,4260.0,30.0,30.0,5.0
asottile__pyupgrade-933,286,286,update_status,SW286,1.0,1.0,142.0,142.0,143.0,143.0,142,142,143,143,0,0,0,0.007042253521126751,0.006993006993006978,none,none,false,source_metadata.target,1.0,1.0,142.0,142.0,143.0,143.0,142,142,143,143,0.007042253521126751,0.006993006993006978,none,none,native,0,1.0,0.0,1.0,0,0,0,0,0,0,0,0,0,0,0,0,0,0,4260.0,0.0,0.0,5.0
asottile__pyupgrade-933,288,287,add_subtask,SW288,0.993006993006993,0.9930555555555556,143.0,142.0,144.0,143.0,143,142,144,143,0,0,0,-0.006993006993006978,-0.00694444444444442,investigation,investigation,false,source_metadata.target,0.993006993006993,0.9930555555555556,143.0,142.0,144.0,143.0,143,142,144,143,-0.006993006993006978,-0.00694444444444442,investigation,investigation,native,0,1.0,0.0,0.9928571428571429,0,0,0,0,0,0,0,0,0,0,0,0,0,0,4290.0,30.0,30.0,5.0
asottile__pyupgrade-933,288,288,update_status,SW288,1.0,1.0,143.0,143.0,144.0,144.0,143,143,144,144,0,0,0,0.006993006993006978,0.00694444444444442,none,none,false,source_metadata.target,1.0,1.0,143.0,143.0,144.0,144.0,143,143,144,144,0.006993006993006978,0.00694444444444442,none,none,native,0,1.0,0.0,1.0,0,0,0,0,0,0,0,0,0,0,0,0,0,0,4290.0,0.0,0.0,5.0
asottile__pyupgrade-933,290,289,add_subtask,SW290,0.9930555555555556,0.993103448275862,144.0,143.0,145.0,144.0,144,143,145,144,0,0,0,-0.00694444444444442,-0.006896551724137945,investigation,investigation,false,source_metadata.target,0.9930555555555556,0.993103448275862,144.0,143.0,145.0,144.0,144,143,145,144,-0.00694444444444442,-0.006896551724137945,investigation,investigation,native,0,1.0,0.0,0.9929078014184397,0,0,0,0,0,0,0,0,0,0,0,0,0,0,4320.0,30.0,30.0,5.0
asottile__pyupgrade-933,290,290,update_status,SW290,1.0,1.0,144.0,144.0,145.0,145.0,144,144,145,145,0,0,0,0.00694444444444442,0.006896551724137945,none,none,false,source_metadata.target,1.0,1.0,144.0,144.0,145.0,145.0,144,144,145,145,0.00694444444444442,0.006896551724137945,none,none,native,0,1.0,0.0,1.0,0,0,0,0,0,0,0,0,0,0,0,0,0,0,4320.0,0.0,0.0,5.0
asottile__pyupgrade-933,292,291,add_subtask,SW292,0.993103448275862,0.9931506849315068,145.0,144.0,146.0,145.0,145,144,146,145,0,0,0,-0.006896551724137945,-0.006849315068493178,investigation,investigation,false,source_metadata.target,0.993103448275862,0.9931506849315068,145.0,144.0,146.0,145.0,145,144,146,145,-0.006896551724137945,-0.006849315068493178,investigation,investigation,native,0,1.0,0.0,0.9929577464788732,0,0,0,0,0,0,0,0,0,0,0,0,0,0,4350.0,30.0,30.0,5.0
asottile__pyupgrade-933,292,292,update_status,SW292,1.0,1.0,145.0,145.0,146.0,146.0,145,145,146,146,0,0,0,0.006896551724137945,0.006849315068493178,none,none,false,source_metadata.target,1.0,1.0,145.0,145.0,146.0,146.0,145,145,146,146,0.006896551724137945,0.006849315068493178,none,none,native,0,1.0,0.0,1.0,0,0,0,0,0,0,0,0,0,0,0,0,0,0,4350.0,0.0,0.0,5.0
asottile__pyupgrade-933,294,293,add_subtask,SW294,0.9931506849315068,0.9931972789115646,146.0,145.0,147.0,146.0,146,145,147,146,0,0,0,-0.006849315068493178,-0.006802721088435382,investigation,investigation,false,source_metadata.target,0.9931506849315068,0.9931972789115646,146.0,145.0,147.0,146.0,146,145,147,146,-0.006849315068493178,-0.006802721088435382,investigation,investigation,native,0,1.0,0.0,0.993006993006993,0,0,0,0,0,0,0,0,0,0,0,0,0,0,4380.0,30.0,30.0,5.0
asottile__pyupgrade-933,294,294,update_status,SW294,1.0,1.0,146.0,146.0,147.0,147.0,146,146,147,147,0,0,0,0.006849315068493178,0.006802721088435382,none,none,false,source_metadata.target,1.0,1.0,146.0,146.0,147.0,147.0,146,146,147,147,0.006849315068493178,0.006802721088435382,none,none,native,0,1.0,0.0,1.0,0,0,0,0,0,0,0,0,0,0,0,0,0,0,4380.0,0.0,0.0,5.0
asottile__pyupgrade-933,296,295,add_subtask,SW296,0.9931972789115646,0.9932432432432432,147.0,146.0,148.0,147.0,147,146,148,147,0,0,0,-0.006802721088435382,-0.006756756756756799,investigation,investigation,false,source_metadata.target,0.9931972789115646,0.9932432432432432,147.0,146.0,148.0,147.0,147,146,148,147,-0.006802721088435382,-0.006756756756756799,investigation,investigation,native,0,1.0,0.0,0.9930555555555556,0,0,0,0,0,0,0,0,0,0,0,0,0,0,4410.0,30.0,30.0,5.0
asottile__pyupgrade-933,296,296,update_status,SW296,1.0,1.0,147.0,147.0,148.0,148.0,147,147,148,148,0,0,0,0.006802721088435382,0.006756756756756799,none,none,false,source_metadata.target,1.0,1.0,147.0,147.0,148.0,148.0,147,147,148,148,0.006802721088435382,0.006756756756756799,none,none,native,0,1.0,0.0,1.0,0,0,0,0,0,0,0,0,0,0,0,0,0,0,4410.0,0.0,0.0,5.0
asottile__pyupgrade-933,298,297,add_subtask,SW298,0.9932432432432432,0.9932885906040269,148.0,147.0,149.0,148.0,148,147,149,148,0,0,0,-0.006756756756756799,-0.006711409395973145,investigation,investigation,false,source_metadata.target,0.9932432432432432,0.9932885906040269,148.0,147.0,149.0,148.0,148,147,149,148,-0.006756756756756799,-0.006711409395973145,investigation,investigation,native,0,1.0,0.0,0.993103448275862,0,0,0,0,0,0,0,0,0,0,0,0,0,0,4440.0,30.0,30.0,5.0
asottile__pyupgrade-933,298,298,update_status,SW298,1.0,1.0,148.0,148.0,149.0,149.0,148,148,149,149,0,0,0,0.006756756756756799,0.006711409395973145,none,none,false,source_metadata.target,1.0,1.0,148.0,148.0,149.0,149.0,148,148,149,149,0.006756756756756799,0.006711409395973145,none,none,native,0,1.0,0.0,1.0,0,0,0,0,0,0,0,0,0,0,0,0,0,0,4440.0,0.0,0.0,5.0
asottile__pyupgrade-933,300,299,add_subtask,SW300,0.9932885906040269,0.9933333333333333,149.0,148.0,150.0,149.0,149,148,150,149,0,0,0,-0.006711409395973145,-0.00666666666666671,investigation,investigation,false,source_metadata.target,0.9932885906040269,0.9933333333333333,149.0,148.0,150.0,149.0,149,148,150,149,-0.006711409395973145,-0.00666666666666671,investigation,investigation,native,0,1.0,0.0,0.9931506849315068,0,0,0,0,0,0,0,0,0,0,0,0,0,0,4470.0,30.0,30.0,5.0
asottile__pyupgrade-933,300,300,update_status,SW300,1.0,1.0,149.0,149.0,150.0,150.0,149,149,150,150,0,0,0,0.006711409395973145,0.00666666666666671,none,none,false,source_metadata.target,1.0,1.0,149.0,149.0,150.0,150.0,149,149,150,150,0.006711409395973145,0.00666666666666671,none,none,native,0,1.0,0.0,1.0,0,0,0,0,0,0,0,0,0,0,0,0,0,0,4470.0,0.0,0.0,5.0
asottile__pyupgrade-933,302,301,add_subtask,SW302,0.9933333333333333,0.9933774834437086,150.0,149.0,151.0,150.0,150,149,151,150,0,0,0,-0.00666666666666671,-0.0066225165562914245,investigation,investigation,false,source_metadata.target,0.9933333333333333,0.9933774834437086,150.0,149.0,151.0,150.0,150,149,151,150,-0.00666666666666671,-0.0066225165562914245,investigation,investigation,native,0,1.0,0.0,0.9931972789115646,0,0,0,0,0,0,0,0,0,0,0,0,0,0,4500.0,30.0,30.0,5.0
asottile__pyupgrade-933,302,302,update_status,SW302,1.0,1.0,150.0,150.0,151.0,151.0,150,150,151,151,0,0,0,0.00666666666666671,0.0066225165562914245,none,none,false,source_metadata.target,1.0,1.0,150.0,150.0,151.0,151.0,150,150,151,151,0.00666666666666671,0.0066225165562914245,none,none,native,0,1.0,0.0,1.0,0,0,0,0,0,0,0,0,0,0,0,0,0,0,4500.0,0.0,0.0,5.0
asottile__pyupgrade-933,304,303,add_subtask,SW304,0.9933774834437086,0.993421052631579,151.0,150.0,152.0,151.0,151,150,152,151,0,0,0,-0.0066225165562914245,-0.006578947368421018,investigation,investigation,false,source_metadata.target,0.9933774834437086,0.993421052631579,151.0,150.0,152.0,151.0,151,150,152,151,-0.0066225165562914245,-0.006578947368421018,investigation,investigation,native,0,1.0,0.0,0.9932432432432432,0,0,0,0,0,0,0,0,0,0,0,0,0,0,4530.0,30.0,30.0,5.0
asottile__pyupgrade-933,304,304,update_status,SW304,1.0,1.0,151.0,151.0,152.0,152.0,151,151,152,152,0,0,0,0.0066225165562914245,0.006578947368421018,none,none,false,source_metadata.target,1.0,1.0,151.0,151.0,152.0,152.0,151,151,152,152,0.0066225165562914245,0.006578947368421018,none,none,native,0,1.0,0.0,1.0,0,0,0,0,0,0,0,0,0,0,0,0,0,0,4530.0,0.0,0.0,5.0
asottile__pyupgrade-933,306,305,add_subtask,SW306,0.993421052631579,0.9934640522875817,152.0,151.0,153.0,152.0,152,151,153,152,0,0,0,-0.006578947368421018,-0.006535947712418277,investigation,investigation,false,source_metadata.target,0.993421052631579,0.9934640522875817,152.0,151.0,153.0,152.0,152,151,153,152,-0.006578947368421018,-0.006535947712418277,investigation,investigation,native,0,1.0,0.0,0.9932885906040269,0,0,0,0,0,0,0,0,0,0,0,0,0,0,4560.0,30.0,30.0,5.0
asottile__pyupgrade-933,306,306,update_status,SW306,1.0,1.0,152.0,152.0,153.0,153.0,152,152,153,153,0,0,0,0.006578947368421018,0.006535947712418277,none,none,false,source_metadata.target,1.0,1.0,152.0,152.0,153.0,153.0,152,152,153,153,0.006578947368421018,0.006535947712418277,none,none,native,0,1.0,0.0,1.0,0,0,0,0,0,0,0,0,0,0,0,0,0,0,4560.0,0.0,0.0,5.0
asottile__pyupgrade-933,308,307,add_subtask,SW308,0.9934640522875817,0.9935064935064936,153.0,152.0,154.0,153.0,153,152,154,153,0,0,0,-0.006535947712418277,-0.00649350649350644,investigation,investigation,false,source_metadata.target,0.9934640522875817,0.9935064935064936,153.0,152.0,154.0,153.0,153,152,154,153,-0.006535947712418277,-0.00649350649350644,investigation,investigation,native,0,1.0,0.0,0.9933333333333333,0,0,0,0,0,0,0,0,0,0,0,0,0,0,4590.0,30.0,30.0,5.0
asottile__pyupgrade-933,308,308,update_status,SW308,1.0,1.0,153.0,153.0,154.0,154.0,153,153,154,154,0,0,0,0.006535947712418277,0.00649350649350644,none,none,false,source_metadata.target,1.0,1.0,153.0,153.0,154.0,154.0,153,153,154,154,0.006535947712418277,0.00649350649350644,none,none,native,0,1.0,0.0,1.0,0,0,0,0,0,0,0,0,0,0,0,0,0,0,4590.0,0.0,0.0,5.0
asottile__pyupgrade-933,310,309,add_subtask,SW310,0.9935064935064936,0.9935483870967742,154.0,153.0,155.0,154.0,154,153,155,154,0,0,0,-0.00649350649350644,-0.006451612903225823,investigation,investigation,false,source_metadata.target,0.9935064935064936,0.9935483870967742,154.0,153.0,155.0,154.0,154,153,155,154,-0.00649350649350644,-0.006451612903225823,investigation,investigation,native,0,1.0,0.0,0.9933774834437086,0,0,0,0,0,0,0,0,0,0,0,0,0,0,4620.0,30.0,30.0,5.0
asottile__pyupgrade-933,310,310,update_status,SW310,1.0,1.0,154.0,154.0,155.0,155.0,154,154,155,155,0,0,0,0.00649350649350644,0.006451612903225823,none,none,false,source_metadata.target,1.0,1.0,154.0,154.0,155.0,155.0,154,154,155,155,0.00649350649350644,0.006451612903225823,none,none,native,0,1.0,0.0,1.0,0,0,0,0,0,0,0,0,0,0,0,0,0,0,4620.0,0.0,0.0,5.0
asottile__pyupgrade-933,312,311,add_subtask,SW312,0.9935483870967742,0.9935897435897436,155.0,154.0,156.0,155.0,155,154,156,155,0,0,0,-0.006451612903225823,-0.0064102564102563875,investigation,investigation,false,source_metadata.target,0.9935483870967742,0.9935897435897436,155.0,154.0,156.0,155.0,155,154,156,155,-0.006451612903225823,-0.0064102564102563875,investigation,investigation,native,0,1.0,0.0,0.993421052631579,0,0,0,0,0,0,0,0,0,0,0,0,0,0,4650.0,30.0,30.0,5.0
asottile__pyupgrade-933,312,312,update_status,SW312,1.0,1.0,155.0,155.0,156.0,156.0,155,155,156,156,0,0,0,0.006451612903225823,0.0064102564102563875,none,none,false,source_metadata.target,1.0,1.0,155.0,155.0,156.0,156.0,155,155,156,156,0.006451612903225823,0.0064102564102563875,none,none,native,0,1.0,0.0,1.0,0,0,0,0,0,0,0,0,0,0,0,0,0,0,4650.0,0.0,0.0,5.0
asottile__pyupgrade-933,314,313,add_subtask,SW314,0.9935897435897436,0.9936305732484076,156.0,155.0,157.0,156.0,156,155,157,156,0,0,0,-0.0064102564102563875,-0.006369426751592355,investigation,investigation,false,source_metadata.target,0.9935897435897436,0.9936305732484076,156.0,155.0,157.0,156.0,156,155,157,156,-0.0064102564102563875,-0.006369426751592355,investigation,investigation,native,0,1.0,0.0,0.9934640522875817,0,0,0,0,0,0,0,0,0,0,0,0,0,0,4680.0,30.0,30.0,5.0
asottile__pyupgrade-933,314,314,update_status,SW314,1.0,1.0,156.0,156.0,157.0,157.0,156,156,157,157,0,0,0,0.0064102564102563875,0.006369426751592355,none,none,false,source_metadata.target,1.0,1.0,156.0,156.0,157.0,157.0,156,156,157,157,0.0064102564102563875,0.006369426751592355,none,none,native,0,1.0,0.0,1.0,0,0,0,0,0,0,0,0,0,0,0,0,0,0,4680.0,0.0,0.0,5.0
asottile__pyupgrade-933,316,315,add_subtask,SW316,0.9936305732484076,0.9936708860759493,157.0,156.0,158.0,157.0,157,156,158,157,0,0,0,-0.006369426751592355,-0.006329113924050667,investigation,investigation,false,source_metadata.target,0.9936305732484076,0.9936708860759493,157.0,156.0,158.0,157.0,157,156,158,157,-0.006369426751592355,-0.006329113924050667,investigation,investigation,native,0,1.0,0.0,0.9935064935064936,0,0,0,0,0,0,0,0,0,0,0,0,0,0,4710.0,30.0,30.0,5.0
asottile__pyupgrade-933,316,316,update_status,SW316,1.0,1.0,157.0,157.0,158.0,158.0,157,157,158,158,0,0,0,0.006369426751592355,0.006329113924050667,none,none,false,source_metadata.target,1.0,1.0,157.0,157.0,158.0,158.0,157,157,158,158,0.006369426751592355,0.006329113924050667,none,none,native,0,1.0,0.0,1.0,0,0,0,0,0,0,0,0,0,0,0,0,0,0,4710.0,0.0,0.0,5.0
asottile__pyupgrade-933,318,317,add_subtask,SW318,0.9936708860759493,0.9937106918238994,158.0,157.0,159.0,158.0,158,157,159,158,0,0,0,-0.006329113924050667,-0.0062893081761006275,investigation,investigation,false,source_metadata.target,0.9936708860759493,0.9937106918238994,158.0,157.0,159.0,158.0,158,157,159,158,-0.006329113924050667,-0.0062893081761006275,investigation,investigation,native,0,1.0,0.0,0.9935483870967742,0,0,0,0,0,0,0,0,0,0,0,0,0,0,4740.0,30.0,30.0,5.0
asottile__pyupgrade-933,318,318,update_status,SW318,1.0,1.0,158.0,158.0,159.0,159.0,158,158,159,159,0,0,0,0.006329113924050667,0.0062893081761006275,none,none,false,source_metadata.target,1.0,1.0,158.0,158.0,159.0,159.0,158,158,159,159,0.006329113924050667,0.0062893081761006275,none,none,native,0,1.0,0.0,1.0,0,0,0,0,0,0,0,0,0,0,0,0,0,0,4740.0,0.0,0.0,5.0
asottile__pyupgrade-933,320,319,add_subtask,SW320,0.9937106918238994,0.99375,159.0,158.0,160.0,159.0,159,158,160,159,0,0,0,-0.0062893081761006275,-0.006249999999999978,investigation,investigation,false,source_metadata.target,0.9937106918238994,0.99375,159.0,158.0,160.0,159.0,159,158,160,159,-0.0062893081761006275,-0.006249999999999978,investigation,investigation,native,0,1.0,0.0,0.9935897435897436,0,0,0,0,0,0,0,0,0,0,0,0,0,0,4770.0,30.0,30.0,5.0
asottile__pyupgrade-933,320,320,update_status,SW320,1.0,1.0,159.0,159.0,160.0,160.0,159,159,160,160,0,0,0,0.0062893081761006275,0.006249999999999978,none,none,false,source_metadata.target,1.0,1.0,159.0,159.0,160.0,160.0,159,159,160,160,0.0062893081761006275,0.006249999999999978,none,none,native,0,1.0,0.0,1.0,0,0,0,0,0,0,0,0,0,0,0,0,0,0,4770.0,0.0,0.0,5.0
asottile__pyupgrade-933,322,321,add_subtask,SW322,0.99375,0.9937888198757764,160.0,159.0,161.0,160.0,160,159,161,160,0,0,0,-0.006249999999999978,-0.006211180124223614,investigation,investigation,false,source_metadata.target,0.99375,0.9937888198757764,160.0,159.0,161.0,160.0,160,159,161,160,-0.006249999999999978,-0.006211180124223614,investigation,investigation,native,0,1.0,0.0,0.9936305732484076,0,0,0,0,0,0,0,0,0,0,0,0,0,0,4800.0,30.0,30.0,5.0
asottile__pyupgrade-933,322,322,update_status,SW322,1.0,1.0,160.0,160.0,161.0,161.0,160,160,161,161,0,0,0,0.006249999999999978,0.006211180124223614,none,none,false,source_metadata.target,1.0,1.0,160.0,160.0,161.0,161.0,160,160,161,161,0.006249999999999978,0.006211180124223614,none,none,native,0,1.0,0.0,1.0,0,0,0,0,0,0,0,0,0,0,0,0,0,0,4800.0,0.0,0.0,5.0
asottile__pyupgrade-933,324,323,add_subtask,SW324,0.9937888198757764,0.9938271604938271,161.0,160.0,162.0,161.0,161,160,162,161,0,0,0,-0.006211180124223614,-0.006172839506172867,investigation,investigation,false,source_metadata.target,0.9937888198757764,0.9938271604938271,161.0,160.0,162.0,161.0,161,160,162,161,-0.006211180124223614,-0.006172839506172867,investigation,investigation,native,0,1.0,0.0,0.9936708860759493,0,0,0,0,0,0,0,0,0,0,0,0,0,0,4830.0,30.0,30.0,5.0
asottile__pyupgrade-933,324,324,update_status,SW324,1.0,1.0,161.0,161.0,162.0,162.0,161,161,162,162,0,0,0,0.006211180124223614,0.006172839506172867,none,none,false,source_metadata.target,1.0,1.0,161.0,161.0,162.0,162.0,161,161,162,162,0.006211180124223614,0.006172839506172867,none,none,native,0,1.0,0.0,1.0,0,0,0,0,0,0,0,0,0,0,0,0,0,0,4830.0,0.0,0.0,5.0
asottile__pyupgrade-933,326,325,add_subtask,SW326,0.9938271604938271,0.9938650306748467,162.0,161.0,163.0,162.0,162,161,163,162,0,0,0,-0.006172839506172867,-0.006134969325153339,investigation,investigation,false,source_metadata.target,0.9938271604938271,0.9938650306748467,162.0,161.0,163.0,162.0,162,161,163,162,-0.006172839506172867,-0.006134969325153339,investigation,investigation,native,0,1.0,0.0,0.9937106918238994,0,0,0,0,0,0,0,0,0,0,0,0,0,0,4860.0,30.0,30.0,5.0
asottile__pyupgrade-933,326,326,update_status,SW326,1.0,1.0,162.0,162.0,163.0,163.0,162,162,163,163,0,0,0,0.006172839506172867,0.006134969325153339,none,none,false,source_metadata.target,1.0,1.0,162.0,162.0,163.0,163.0,162,162,163,163,0.006172839506172867,0.006134969325153339,none,none,native,0,1.0,0.0,1.0,0,0,0,0,0,0,0,0,0,0,0,0,0,0,4860.0,0.0,0.0,5.0
asottile__pyupgrade-933,328,327,add_subtask,SW328,0.9938650306748467,0.9939024390243902,163.0,162.0,164.0,163.0,163,162,164,163,0,0,0,-0.006134969325153339,-0.0060975609756097615,investigation,investigation,false,source_metadata.target,0.9938650306748467,0.9939024390243902,163.0,162.0,164.0,163.0,163,162,164,163,-0.006134969325153339,-0.0060975609756097615,investigation,investigation,native,0,1.0,0.0,0.99375,0,0,0,0,0,0,0,0,0,0,0,0,0,0,4890.0,30.0,30.0,5.0
asottile__pyupgrade-933,328,328,update_status,SW328,1.0,1.0,163.0,163.0,164.0,164.0,163,163,164,164,0,0,0,0.006134969325153339,0.0060975609756097615,none,none,false,source_metadata.target,1.0,1.0,163.0,163.0,164.0,164.0,163,163,164,164,0.006134969325153339,0.0060975609756097615,none,none,native,0,1.0,0.0,1.0,0,0,0,0,0,0,0,0,0,0,0,0,0,0,4890.0,0.0,0.0,5.0
asottile__pyupgrade-933,330,329,add_subtask,SW330,0.9939024390243902,0.9939393939393939,164.0,163.0,165.0,164.0,164,163,165,164,0,0,0,-0.0060975609756097615,-0.0060606060606061,investigation,investigation,false,source_metadata.target,0.9939024390243902,0.9939393939393939,164.0,163.0,165.0,164.0,164,163,165,164,-0.0060975609756097615,-0.0060606060606061,investigation,investigation,native,0,1.0,0.0,0.9937888198757764,0,0,0,0,0,0,0,0,0,0,0,0,0,0,4920.0,30.0,30.0,5.0
asottile__pyupgrade-933,330,330,update_status,SW330,1.0,1.0,164.0,164.0,165.0,165.0,164,164,165,165,0,0,0,0.0060975609756097615,0.0060606060606061,none,none,false,source_metadata.target,1.0,1.0,164.0,164.0,165.0,165.0,164,164,165,165,0.0060975609756097615,0.0060606060606061,none,none,native,0,1.0,0.0,1.0,0,0,0,0,0,0,0,0,0,0,0,0,0,0,4920.0,0.0,0.0,5.0
asottile__pyupgrade-933,332,331,add_subtask,SW332,0.9939393939393939,0.9939759036144579,165.0,164.0,166.0,165.0,165,164,166,165,0,0,0,-0.0060606060606061,-0.0060240963855421326,investigation,investigation,false,source_metadata.target,0.9939393939393939,0.9939759036144579,165.0,164.0,166.0,165.0,165,164,166,165,-0.0060606060606061,-0.0060240963855421326,investigation,investigation,native,0,1.0,0.0,0.9938271604938271,0,0,0,0,0,0,0,0,0,0,0,0,0,0,4950.0,30.0,30.0,5.0
asottile__pyupgrade-933,332,332,update_status,SW332,1.0,1.0,165.0,165.0,166.0,166.0,165,165,166,166,0,0,0,0.0060606060606061,0.0060240963855421326,none,none,false,source_metadata.target,1.0,1.0,165.0,165.0,166.0,166.0,165,165,166,166,0.0060606060606061,0.0060240963855421326,none,none,native,0,1.0,0.0,1.0,0,0,0,0,0,0,0,0,0,0,0,0,0,0,4950.0,0.0,0.0,5.0
asottile__pyupgrade-933,334,333,add_subtask,SW334,0.9939759036144579,0.9940119760479041,166.0,165.0,167.0,166.0,166,165,167,166,0,0,0,-0.0060240963855421326,-0.005988023952095856,investigation,investigation,false,source_metadata.target,0.9939759036144579,0.9940119760479041,166.0,165.0,167.0,166.0,166,165,167,166,-0.0060240963855421326,-0.005988023952095856,investigation,investigation,native,0,1.0,0.0,0.9938650306748467,0,0,0,0,0,0,0,0,0,0,0,0,0,0,4980.0,30.0,30.0,5.0
asottile__pyupgrade-933,334,334,update_status,SW334,1.0,1.0,166.0,166.0,167.0,167.0,166,166,167,167,0,0,0,0.0060240963855421326,0.005988023952095856,none,none,false,source_metadata.target,1.0,1.0,166.0,166.0,167.0,167.0,166,166,167,167,0.0060240963855421326,0.005988023952095856,none,none,native,0,1.0,0.0,1.0,0,0,0,0,0,0,0,0,0,0,0,0,0,0,4980.0,0.0,0.0,5.0
asottile__pyupgrade-933,336,335,add_subtask,SW336,0.9940119760479041,0.9940476190476191,167.0,166.0,168.0,167.0,167,166,168,167,0,0,0,-0.005988023952095856,-0.005952380952380931,investigation,investigation,false,source_metadata.target,0.9940119760479041,0.9940476190476191,167.0,166.0,168.0,167.0,167,166,168,167,-0.005988023952095856,-0.005952380952380931,investigation,investigation,native,0,1.0,0.0,0.9939024390243902,0,0,0,0,0,0,0,0,0,0,0,0,0,0,5010.0,30.0,30.0,5.0
asottile__pyupgrade-933,336,336,update_status,SW336,1.0,1.0,167.0,167.0,168.0,168.0,167,167,168,168,0,0,0,0.005988023952095856,0.005952380952380931,none,none,false,source_metadata.target,1.0,1.0,167.0,167.0,168.0,168.0,167,167,168,168,0.005988023952095856,0.005952380952380931,none,none,native,0,1.0,0.0,1.0,0,0,0,0,0,0,0,0,0,0,0,0,0,0,5010.0,0.0,0.0,5.0
asottile__pyupgrade-933,338,337,add_subtask,SW338,0.9940476190476191,0.9940828402366864,168.0,167.0,169.0,168.0,168,167,169,168,0,0,0,-0.005952380952380931,-0.00591715976331364,investigation,investigation,false,source_metadata.target,0.9940476190476191,0.9940828402366864,168.0,167.0,169.0,168.0,168,167,169,168,-0.005952380952380931,-0.00591715976331364,investigation,investigation,native,0,1.0,0.0,0.9939393939393939,0,0,0,0,0,0,0,0,0,0,0,0,0,0,5040.0,30.0,30.0,5.0
asottile__pyupgrade-933,338,338,update_status,SW338,1.0,1.0,168.0,168.0,169.0,169.0,168,168,169,169,0,0,0,0.005952380952380931,0.00591715976331364,none,none,false,source_metadata.target,1.0,1.0,168.0,168.0,169.0,169.0,168,168,169,169,0.005952380952380931,0.00591715976331364,none,none,native,0,1.0,0.0,1.0,0,0,0,0,0,0,0,0,0,0,0,0,0,0,5040.0,0.0,0.0,5.0
asottile__pyupgrade-933,340,339,add_subtask,SW340,0.9940828402366864,0.9941176470588236,169.0,168.0,170.0,169.0,169,168,170,169,0,0,0,-0.00591715976331364,-0.00588235294117645,investigation,investigation,false,source_metadata.target,0.9940828402366864,0.9941176470588236,169.0,168.0,170.0,169.0,169,168,170,169,-0.00591715976331364,-0.00588235294117645,investigation,investigation,native,0,1.0,0.0,0.9939759036144579,0,0,0,0,0,0,0,0,0,0,0,0,0,0,5070.0,30.0,30.0,5.0
asottile__pyupgrade-933,340,340,update_status,SW340,1.0,1.0,169.0,169.0,170.0,170.0,169,169,170,170,0,0,0,0.00591715976331364,0.00588235294117645,none,none,false,source_metadata.target,1.0,1.0,169.0,169.0,170.0,170.0,169,169,170,170,0.00591715976331364,0.00588235294117645,none,none,native,0,1.0,0.0,1.0,0,0,0,0,0,0,0,0,0,0,0,0,0,0,5070.0,0.0,0.0,5.0
asottile__pyupgrade-933,342,341,add_subtask,SW342,0.9941176470588236,0.9941520467836257,170.0,169.0,171.0,170.0,170,169,171,170,0,0,0,-0.00588235294117645,-0.005847953216374324,investigation,investigation,false,source_metadata.target,0.9941176470588236,0.9941520467836257,170.0,169.0,171.0,170.0,170,169,171,170,-0.00588235294117645,-0.005847953216374324,investigation,investigation,native,0,1.0,0.0,0.9940119760479041,0,0,0,0,0,0,0,0,0,0,0,0,0,0,5100.0,30.0,30.0,5.0
asottile__pyupgrade-933,342,342,update_status,SW342,1.0,1.0,170.0,170.0,171.0,171.0,170,170,171,171,0,0,0,0.00588235294117645,0.005847953216374324,none,none,false,source_metadata.target,1.0,1.0,170.0,170.0,171.0,171.0,170,170,171,171,0.00588235294117645,0.005847953216374324,none,none,native,0,1.0,0.0,1.0,0,0,0,0,0,0,0,0,0,0,0,0,0,0,5100.0,0.0,0.0,5.0
asottile__pyupgrade-933,344,343,add_subtask,SW344,0.9941520467836257,0.9941860465116279,171.0,170.0,172.0,171.0,171,170,172,171,0,0,0,-0.005847953216374324,-0.005813953488372103,investigation,investigation,false,source_metadata.target,0.9941520467836257,0.9941860465116279,171.0,170.0,172.0,171.0,171,170,172,171,-0.005847953216374324,-0.005813953488372103,investigation,investigation,native,0,1.0,0.0,0.9940476190476191,0,0,0,0,0,0,0,0,0,0,0,0,0,0,5130.0,30.0,30.0,5.0
asottile__pyupgrade-933,344,344,update_status,SW344,1.0,1.0,171.0,171.0,172.0,172.0,171,171,172,172,0,0,0,0.005847953216374324,0.005813953488372103,none,none,false,source_metadata.target,1.0,1.0,171.0,171.0,172.0,172.0,171,171,172,172,0.005847953216374324,0.005813953488372103,none,none,native,0,1.0,0.0,1.0,0,0,0,0,0,0,0,0,0,0,0,0,0,0,5130.0,0.0,0.0,5.0
asottile__pyupgrade-933,346,345,add_subtask,SW346,0.9941860465116279,0.9942196531791907,172.0,171.0,173.0,172.0,172,171,173,172,0,0,0,-0.005813953488372103,-0.005780346820809301,investigation,investigation,false,source_metadata.target,0.9941860465116279,0.9942196531791907,172.0,171.0,173.0,172.0,172,171,173,172,-0.005813953488372103,-0.005780346820809301,investigation,investigation,native,0,1.0,0.0,0.9940828402366864,0,0,0,0,0,0,0,0,0,0,0,0,0,0,5160.0,30.0,30.0,5.0
asottile__pyupgrade-933,346,346,update_status,SW346,1.0,1.0,172.0,172.0,173.0,173.0,172,172,173,173,0,0,0,0.005813953488372103,0.005780346820809301,none,none,false,source_metadata.target,1.0,1.0,172.0,172.0,173.0,173.0,172,172,173,173,0.005813953488372103,0.005780346820809301,none,none,native,0,1.0,0.0,1.0,0,0,0,0,0,0,0,0,0,0,0,0,0,0,5160.0,0.0,0.0,5.0
asottile__pyupgrade-933,348,347,add_subtask,SW348,0.9942196531791907,0.9942528735632183,173.0,172.0,174.0,173.0,173,172,174,173,0,0,0,-0.005780346820809301,-0.005747126436781658,investigation,investigation,false,source_metadata.target,0.9942196531791907,0.9942528735632183,173.0,172.0,174.0,173.0,173,172,174,173,-0.005780346820809301,-0.005747126436781658,investigation,investigation,native,0,1.0,0.0,0.9941176470588236,0,0,0,0,0,0,0,0,0,0,0,0,0,0,5190.0,30.0,30.0,5.0
asottile__pyupgrade-933,348,348,update_status,SW348,1.0,1.0,173.0,173.0,174.0,174.0,173,173,174,174,0,0,0,0.005780346820809301,0.005747126436781658,none,none,false,source_metadata.target,1.0,1.0,173.0,173.0,174.0,174.0,173,173,174,174,0.005780346820809301,0.005747126436781658,none,none,native,0,1.0,0.0,1.0,0,0,0,0,0,0,0,0,0,0,0,0,0,0,5190.0,0.0,0.0,5.0
asottile__pyupgrade-933,350,349,add_subtask,SW350,0.9942528735632183,0.9942857142857143,174.0,173.0,175.0,174.0,174,173,175,174,0,0,0,-0.005747126436781658,-0.005714285714285672,investigation,investigation,false,source_metadata.target,0.9942528735632183,0.9942857142857143,174.0,173.0,175.0,174.0,174,173,175,174,-0.005747126436781658,-0.005714285714285672,investigation,investigation,native,0,1.0,0.0,0.9941520467836257,0,0,0,0,0,0,0,0,0,0,0,0,0,0,5220.0,30.0,30.0,5.0
asottile__pyupgrade-933,350,350,update_status,SW350,1.0,1.0,174.0,174.0,175.0,175.0,174,174,175,175,0,0,0,0.005747126436781658,0.005714285714285672,none,none,false,source_metadata.target,1.0,1.0,174.0,174.0,175.0,175.0,174,174,175,175,0.005747126436781658,0.005714285714285672,none,none,native,0,1.0,0.0,1.0,0,0,0,0,0,0,0,0,0,0,0,0,0,0,5220.0,0.0,0.0,5.0
asottile__pyupgrade-933,352,351,add_subtask,SW352,0.9942857142857143,0.9943181818181818,175.0,174.0,176.0,175.0,175,174,176,175,0,0,0,-0.005714285714285672,-0.005681818181818232,investigation,investigation,false,source_metadata.target,0.9942857142857143,0.9943181818181818,175.0,174.0,176.0,175.0,175,174,176,175,-0.005714285714285672,-0.005681818181818232,investigation,investigation,native,0,1.0,0.0,0.9941860465116279,0,0,0,0,0,0,0,0,0,0,0,0,0,0,5250.0,30.0,30.0,5.0
asottile__pyupgrade-933,352,352,update_status,SW352,1.0,1.0,175.0,175.0,176.0,176.0,175,175,176,176,0,0,0,0.005714285714285672,0.005681818181818232,none,none,false,source_metadata.target,1.0,1.0,175.0,175.0,176.0,176.0,175,175,176,176,0.005714285714285672,0.005681818181818232,none,none,native,0,1.0,0.0,1.0,0,0,0,0,0,0,0,0,0,0,0,0,0,0,5250.0,0.0,0.0,5.0
asottile__pyupgrade-933,354,353,add_subtask,SW354,0.9943181818181818,0.9943502824858758,176.0,175.0,177.0,176.0,176,175,177,176,0,0,0,-0.005681818181818232,-0.005649717514124242,investigation,investigation,false,source_metadata.target,0.9943181818181818,0.9943502824858758,176.0,175.0,177.0,176.0,176,175,177,176,-0.005681818181818232,-0.005649717514124242,investigation,investigation,native,0,1.0,0.0,0.9942196531791907,0,0,0,0,0,0,0,0,0,0,0,0,0,0,5280.0,30.0,30.0,5.0
asottile__pyupgrade-933,354,354,update_status,SW354,1.0,1.0,176.0,176.0,177.0,177.0,176,176,177,177,0,0,0,0.005681818181818232,0.005649717514124242,none,none,false,source_metadata.target,1.0,1.0,176.0,176.0,177.0,177.0,176,176,177,177,0.005681818181818232,0.005649717514124242,none,none,native,0,1.0,0.0,1.0,0,0,0,0,0,0,0,0,0,0,0,0,0,0,5280.0,0.0,0.0,5.0
asottile__pyupgrade-933,356,355,add_subtask,SW356,0.9943502824858758,0.9943820224719101,177.0,176.0,178.0,177.0,177,176,178,177,0,0,0,-0.005649717514124242,-0.005617977528089901,investigation,investigation,false,source_metadata.target,0.9943502824858758,0.9943820224719101,177.0,176.0,178.0,177.0,177,176,178,177,-0.005649717514124242,-0.005617977528089901,investigation,investigation,native,0,1.0,0.0,0.9942528735632183,0,0,0,0,0,0,0,0,0,0,0,0,0,0,5310.0,30.0,30.0,5.0
asottile__pyupgrade-933,356,356,update_status,SW356,1.0,1.0,177.0,177.0,178.0,178.0,177,177,178,178,0,0,0,0.005649717514124242,0.005617977528089901,none,none,false,source_metadata.target,1.0,1.0,177.0,177.0,178.0,178.0,177,177,178,178,0.005649717514124242,0.005617977528089901,none,none,native,0,1.0,0.0,1.0,0,0,0,0,0,0,0,0,0,0,0,0,0,0,5310.0,0.0,0.0,5.0
asottile__pyupgrade-933,358,357,add_subtask,SW358,0.9943820224719101,0.994413407821229,178.0,177.0,179.0,178.0,178,177,179,178,0,0,0,-0.005617977528089901,-0.005586592178770999,investigation,investigation,false,source_metadata.target,0.9943820224719101,0.994413407821229,178.0,177.0,179.0,178.0,178,177,179,178,-0.005617977528089901,-0.005586592178770999,investigation,investigation,native,0,1.0,0.0,0.9942857142857143,0,0,0,0,0,0,0,0,0,0,0,0,0,0,5340.0,30.0,30.0,5.0
asottile__pyupgrade-933,358,358,update_status,SW358,1.0,1.0,178.0,178.0,179.0,179.0,178,178,179,179,0,0,0,0.005617977528089901,0.005586592178770999,none,none,false,source_metadata.target,1.0,1.0,178.0,178.0,179.0,179.0,178,178,179,179,0.005617977528089901,0.005586592178770999,none,none,native,0,1.0,0.0,1.0,0,0,0,0,0,0,0,0,0,0,0,0,0,0,5340.0,0.0,0.0,5.0
asottile__pyupgrade-933,360,359,add_subtask,SW360,0.994413407821229,0.9944444444444445,179.0,178.0,180.0,179.0,179,178,180,179,0,0,0,-0.005586592178770999,-0.005555555555555536,investigation,investigation,false,source_metadata.target,0.994413407821229,0.9944444444444445,179.0,178.0,180.0,179.0,179,178,180,179,-0.005586592178770999,-0.005555555555555536,investigation,investigation,native,0,1.0,0.0,0.9943181818181818,0,0,0,0,0,0,0,0,0,0,0,0,0,0,5370.0,30.0,30.0,5.0
asottile__pyupgrade-933,360,360,update_status,SW360,1.0,1.0,179.0,179.0,180.0,180.0,179,179,180,180,0,0,0,0.005586592178770999,0.005555555555555536,none,none,false,source_metadata.target,1.0,1.0,179.0,179.0,180.0,180.0,179,179,180,180,0.005586592178770999,0.005555555555555536,none,none,native,0,1.0,0.0,1.0,0,0,0,0,0,0,0,0,0,0,0,0,0,0,5370.0,0.0,0.0,5.0
asottile__pyupgrade-933,362,361,add_subtask,SW362,0.9944444444444445,0.994475138121547,180.0,179.0,181.0,180.0,180,179,181,180,0,0,0,-0.005555555555555536,-0.0055248618784530246,investigation,investigation,false,source_metadata.target,0.9944444444444445,0.994475138121547,180.0,179.0,181.0,180.0,180,179,181,180,-0.005555555555555536,-0.0055248618784530246,investigation,investigation,native,0,1.0,0.0,0.9943502824858758,0,0,0,0,0,0,0,0,0,0,0,0,0,0,5400.0,30.0,30.0,5.0
asottile__pyupgrade-933,362,362,update_status,SW362,1.0,1.0,180.0,180.0,181.0,181.0,180,180,181,181,0,0,0,0.005555555555555536,0.0055248618784530246,none,none,false,source_metadata.target,1.0,1.0,180.0,180.0,181.0,181.0,180,180,181,181,0.005555555555555536,0.0055248618784530246,none,none,native,0,1.0,0.0,1.0,0,0,0,0,0,0,0,0,0,0,0,0,0,0,5400.0,0.0,0.0,5.0
asottile__pyupgrade-933,364,363,add_subtask,SW364,0.994475138121547,0.9945054945054945,181.0,180.0,182.0,181.0,181,180,182,181,0,0,0,-0.0055248618784530246,-0.005494505494505475,investigation,investigation,false,source_metadata.target,0.994475138121547,0.9945054945054945,181.0,180.0,182.0,181.0,181,180,182,181,-0.0055248618784530246,-0.005494505494505475,investigation,investigation,native,0,1.0,0.0,0.9943820224719101,0,0,0,0,0,0,0,0,0,0,0,0,0,0,5430.0,30.0,30.0,5.0
asottile__pyupgrade-933,364,364,update_status,SW364,1.0,1.0,181.0,181.0,182.0,182.0,181,181,182,182,0,0,0,0.0055248618784530246,0.005494505494505475,none,none,false,source_metadata.target,1.0,1.0,181.0,181.0,182.0,182.0,181,181,182,182,0.0055248618784530246,0.005494505494505475,none,none,native,0,1.0,0.0,1.0,0,0,0,0,0,0,0,0,0,0,0,0,0,0,5430.0,0.0,0.0,5.0
asottile__pyupgrade-933,366,365,add_subtask,SW366,0.9945054945054945,0.994535519125683,182.0,181.0,183.0,182.0,182,181,183,182,0,0,0,-0.005494505494505475,-0.005464480874316946,investigation,investigation,false,source_metadata.target,0.9945054945054945,0.994535519125683,182.0,181.0,183.0,182.0,182,181,183,182,-0.005494505494505475,-0.005464480874316946,investigation,investigation,native,0,1.0,0.0,0.994413407821229,0,0,0,0,0,0,0,0,0,0,0,0,0,0,5460.0,30.0,30.0,5.0
asottile__pyupgrade-933,366,366,update_status,SW366,1.0,1.0,182.0,182.0,183.0,183.0,182,182,183,183,0,0,0,0.005494505494505475,0.005464480874316946,none,none,false,source_metadata.target,1.0,1.0,182.0,182.0,183.0,183.0,182,182,183,183,0.005494505494505475,0.005464480874316946,none,none,native,0,1.0,0.0,1.0,0,0,0,0,0,0,0,0,0,0,0,0,0,0,5460.0,0.0,0.0,5.0
asottile__pyupgrade-933,368,367,add_subtask,SW368,0.994535519125683,0.9945652173913043,183.0,182.0,184.0,183.0,183,182,184,183,0,0,0,-0.005464480874316946,-0.005434782608695676,investigation,investigation,false,source_metadata.target,0.994535519125683,0.9945652173913043,183.0,182.0,184.0,183.0,183,182,184,183,-0.005464480874316946,-0.005434782608695676,investigation,investigation,native,0,1.0,0.0,0.9944444444444445,0,0,0,0,0,0,0,0,0,0,0,0,0,0,5490.0,30.0,30.0,5.0
asottile__pyupgrade-933,368,368,update_status,SW368,1.0,1.0,183.0,183.0,184.0,184.0,183,183,184,184,0,0,0,0.005464480874316946,0.005434782608695676,none,none,false,source_metadata.target,1.0,1.0,183.0,183.0,184.0,184.0,183,183,184,184,0.005464480874316946,0.005434782608695676,none,none,native,0,1.0,0.0,1.0,0,0,0,0,0,0,0,0,0,0,0,0,0,0,5490.0,0.0,0.0,5.0
asottile__pyupgrade-933,370,369,add_subtask,SW370,0.9945652173913043,0.9945945945945946,184.0,183.0,185.0,184.0,184,183,185,184,0,0,0,-0.005434782608695676,-0.00540540540540535,investigation,investigation,false,source_metadata.target,0.9945652173913043,0.9945945945945946,184.0,183.0,185.0,184.0,184,183,185,184,-0.005434782608695676,-0.00540540540540535,investigation,investigation,native,0,1.0,0.0,0.994475138121547,0,0,0,0,0,0,0,0,0,0,0,0,0,0,5520.0,30.0,30.0,5.0
asottile__pyupgrade-933,370,370,update_status,SW370,1.0,1.0,184.0,184.0,185.0,185.0,184,184,185,185,0,0,0,0.005434782608695676,0.00540540540540535,none,none,false,source_metadata.target,1.0,1.0,184.0,184.0,185.0,185.0,184,184,185,185,0.005434782608695676,0.00540540540540535,none,none,native,0,1.0,0.0,1.0,0,0,0,0,0,0,0,0,0,0,0,0,0,0,5520.0,0.0,0.0,5.0
asottile__pyupgrade-933,372,371,add_subtask,SW372,0.9945945945945946,0.9946236559139785,185.0,184.0,186.0,185.0,185,184,186,185,0,0,0,-0.00540540540540535,-0.005376344086021501,investigation,investigation,false,source_metadata.target,0.9945945945945946,0.9946236559139785,185.0,184.0,186.0,185.0,185,184,186,185,-0.00540540540540535,-0.005376344086021501,investigation,investigation,native,0,1.0,0.0,0.9945054945054945,0,0,0,0,0,0,0,0,0,0,0,0,0,0,5550.0,30.0,30.0,5.0
asottile__pyupgrade-933,372,372,update_status,SW372,1.0,1.0,185.0,185.0,186.0,186.0,185,185,186,186,0,0,0,0.00540540540540535,0.005376344086021501,none,none,false,source_metadata.target,1.0,1.0,185.0,185.0,186.0,186.0,185,185,186,186,0.00540540540540535,0.005376344086021501,none,none,native,0,1.0,0.0,1.0,0,0,0,0,0,0,0,0,0,0,0,0,0,0,5550.0,0.0,0.0,5.0
asottile__pyupgrade-933,374,373,add_subtask,SW374,0.9946236559139785,0.9946524064171123,186.0,185.0,187.0,186.0,186,185,187,186,0,0,0,-0.005376344086021501,-0.005347593582887722,investigation,investigation,false,source_metadata.target,0.9946236559139785,0.9946524064171123,186.0,185.0,187.0,186.0,186,185,187,186,-0.005376344086021501,-0.005347593582887722,investigation,investigation,native,0,1.0,0.0,0.994535519125683,0,0,0,0,0,0,0,0,0,0,0,0,0,0,5580.0,30.0,30.0,5.0
asottile__pyupgrade-933,374,374,update_status,SW374,1.0,1.0,186.0,186.0,187.0,187.0,186,186,187,187,0,0,0,0.005376344086021501,0.005347593582887722,none,none,false,source_metadata.target,1.0,1.0,186.0,186.0,187.0,187.0,186,186,187,187,0.005376344086021501,0.005347593582887722,none,none,native,0,1.0,0.0,1.0,0,0,0,0,0,0,0,0,0,0,0,0,0,0,5580.0,0.0,0.0,5.0
asottile__pyupgrade-933,376,375,add_subtask,SW376,0.9946524064171123,0.9946808510638298,187.0,186.0,188.0,187.0,187,186,188,187,0,0,0,-0.005347593582887722,-0.005319148936170248,investigation,investigation,false,source_metadata.target,0.9946524064171123,0.9946808510638298,187.0,186.0,188.0,187.0,187,186,188,187,-0.005347593582887722,-0.005319148936170248,investigation,investigation,native,0,1.0,0.0,0.9945652173913043,0,0,0,0,0,0,0,0,0,0,0,0,0,0,5610.0,30.0,30.0,5.0
asottile__pyupgrade-933,376,376,update_status,SW376,1.0,1.0,187.0,187.0,188.0,188.0,187,187,188,188,0,0,0,0.005347593582887722,0.005319148936170248,none,none,false,source_metadata.target,1.0,1.0,187.0,187.0,188.0,188.0,187,187,188,188,0.005347593582887722,0.005319148936170248,none,none,native,0,1.0,0.0,1.0,0,0,0,0,0,0,0,0,0,0,0,0,0,0,5610.0,0.0,0.0,5.0
asottile__pyupgrade-933,378,377,add_subtask,SW378,0.9946808510638298,0.9947089947089947,188.0,187.0,189.0,188.0,188,187,189,188,0,0,0,-0.005319148936170248,-0.005291005291005346,investigation,investigation,false,source_metadata.target,0.9946808510638298,0.9947089947089947,188.0,187.0,189.0,188.0,188,187,189,188,-0.005319148936170248,-0.005291005291005346,investigation,investigation,native,0,1.0,0.0,0.9945945945945946,0,0,0,0,0,0,0,0,0,0,0,0,0,0,5640.0,30.0,30.0,5.0
asottile__pyupgrade-933,378,378,update_status,SW378,1.0,1.0,188.0,188.0,189.0,189.0,188,188,189,189,0,0,0,0.005319148936170248,0.005291005291005346,none,none,false,source_metadata.target,1.0,1.0,188.0,188.0,189.0,189.0,188,188,189,189,0.005319148936170248,0.005291005291005346,none,none,native,0,1.0,0.0,1.0,0,0,0,0,0,0,0,0,0,0,0,0,0,0,5640.0,0.0,0.0,5.0
asottile__pyupgrade-933,380,379,add_subtask,SW380,0.9947089947089947,0.9947368421052631,189.0,188.0,190.0,189.0,189,188,190,189,0,0,0,-0.005291005291005346,-0.0052631578947368585,investigation,investigation,false,source_metadata.target,0.9947089947089947,0.9947368421052631,189.0,188.0,190.0,189.0,189,188,190,189,-0.005291005291005346,-0.0052631578947368585,investigation,investigation,native,0,1.0,0.0,0.9946236559139785,0,0,0,0,0,0,0,0,0,0,0,0,0,0,5670.0,30.0,30.0,5.0
asottile__pyupgrade-933,380,380,update_status,SW380,1.0,1.0,189.0,189.0,190.0,190.0,189,189,190,190,0,0,0,0.005291005291005346,0.0052631578947368585,none,none,false,source_metadata.target,1.0,1.0,189.0,189.0,190.0,190.0,189,189,190,190,0.005291005291005346,0.0052631578947368585,none,none,native,0,1.0,0.0,1.0,0,0,0,0,0,0,0,0,0,0,0,0,0,0,5670.0,0.0,0.0,5.0
asottile__pyupgrade-933,382,381,add_subtask,SW382,0.9947368421052631,0.9947643979057592,190.0,189.0,191.0,190.0,190,189,191,190,0,0,0,-0.0052631578947368585,-0.005235602094240788,investigation,investigation,false,source_metadata.target,0.9947368421052631,0.9947643979057592,190.0,189.0,191.0,190.0,190,189,191,190,-0.0052631578947368585,-0.005235602094240788,investigation,investigation,native,0,1.0,0.0,0.9946524064171123,0,0,0,0,0,0,0,0,0,0,0,0,0,0,5700.0,30.0,30.0,5.0
asottile__pyupgrade-933,382,382,update_status,SW382,1.0,1.0,190.0,190.0,191.0,191.0,190,190,191,191,0,0,0,0.0052631578947368585,0.005235602094240788,none,none,false,source_metadata.target,1.0,1.0,190.0,190.0,191.0,191.0,190,190,191,191,0.0052631578947368585,0.005235602094240788,none,none,native,0,1.0,0.0,1.0,0,0,0,0,0,0,0,0,0,0,0,0,0,0,5700.0,0.0,0.0,5.0
asottile__pyupgrade-933,384,383,add_subtask,SW384,0.9947643979057592,0.9947916666666666,191.0,190.0,192.0,191.0,191,190,192,191,0,0,0,-0.005235602094240788,-0.00520833333333337,investigation,investigation,false,source_metadata.target,0.9947643979057592,0.9947916666666666,191.0,190.0,192.0,191.0,191,190,192,191,-0.005235602094240788,-0.00520833333333337,investigation,investigation,native,0,1.0,0.0,0.9946808510638298,0,0,0,0,0,0,0,0,0,0,0,0,0,0,5730.0,30.0,30.0,5.0
asottile__pyupgrade-933,384,384,update_status,SW384,1.0,1.0,191.0,191.0,192.0,192.0,191,191,192,192,0,0,0,0.005235602094240788,0.00520833333333337,none,none,false,source_metadata.target,1.0,1.0,191.0,191.0,192.0,192.0,191,191,192,192,0.005235602094240788,0.00520833333333337,none,none,native,0,1.0,0.0,1.0,0,0,0,0,0,0,0,0,0,0,0,0,0,0,5730.0,0.0,0.0,5.0
asottile__pyupgrade-933,386,385,add_subtask,SW386,0.9947916666666666,0.9948186528497409,192.0,191.0,193.0,192.0,192,191,193,192,0,0,0,-0.00520833333333337,-0.005181347150259086,investigation,investigation,false,source_metadata.target,0.9947916666666666,0.9948186528497409,192.0,191.0,193.0,192.0,192,191,193,192,-0.00520833333333337,-0.005181347150259086,investigation,investigation,native,0,1.0,0.0,0.9947089947089947,0,0,0,0,0,0,0,0,0,0,0,0,0,0,5760.0,30.0,30.0,5.0
asottile__pyupgrade-933,386,386,update_status,SW386,1.0,1.0,192.0,192.0,193.0,193.0,192,192,193,193,0,0,0,0.00520833333333337,0.005181347150259086,none,none,false,source_metadata.target,1.0,1.0,192.0,192.0,193.0,193.0,192,192,193,193,0.00520833333333337,0.005181347150259086,none,none,native,0,1.0,0.0,1.0,0,0,0,0,0,0,0,0,0,0,0,0,0,0,5760.0,0.0,0.0,5.0
asottile__pyupgrade-933,388,387,add_subtask,SW388,0.9948186528497409,0.9948453608247423,193.0,192.0,194.0,193.0,193,192,194,193,0,0,0,-0.005181347150259086,-0.005154639175257714,investigation,investigation,false,source_metadata.target,0.9948186528497409,0.9948453608247423,193.0,192.0,194.0,193.0,193,192,194,193,-0.005181347150259086,-0.005154639175257714,investigation,investigation,native,0,1.0,0.0,0.9947368421052631,0,0,0,0,0,0,0,0,0,0,0,0,0,0,5790.0,30.0,30.0,5.0
asottile__pyupgrade-933,388,388,update_status,SW388,1.0,1.0,193.0,193.0,194.0,194.0,193,193,194,194,0,0,0,0.005181347150259086,0.005154639175257714,none,none,false,source_metadata.target,1.0,1.0,193.0,193.0,194.0,194.0,193,193,194,194,0.005181347150259086,0.005154639175257714,none,none,native,0,1.0,0.0,1.0,0,0,0,0,0,0,0,0,0,0,0,0,0,0,5790.0,0.0,0.0,5.0
asottile__pyupgrade-933,390,389,add_subtask,SW390,0.9948453608247423,0.9948717948717949,194.0,193.0,195.0,194.0,194,193,195,194,0,0,0,-0.005154639175257714,-0.00512820512820511,investigation,investigation,false,source_metadata.target,0.9948453608247423,0.9948717948717949,194.0,193.0,195.0,194.0,194,193,195,194,-0.005154639175257714,-0.00512820512820511,investigation,investigation,native,0,1.0,0.0,0.9947643979057592,0,0,0,0,0,0,0,0,0,0,0,0,0,0,5820.0,30.0,30.0,5.0
asottile__pyupgrade-933,390,390,update_status,SW390,1.0,1.0,194.0,194.0,195.0,195.0,194,194,195,195,0,0,0,0.005154639175257714,0.00512820512820511,none,none,false,source_metadata.target,1.0,1.0,194.0,194.0,195.0,195.0,194,194,195,195,0.005154639175257714,0.00512820512820511,none,none,native,0,1.0,0.0,1.0,0,0,0,0,0,0,0,0,0,0,0,0,0,0,5820.0,0.0,0.0,5.0
asottile__pyupgrade-933,392,391,add_subtask,SW392,0.9948717948717949,0.9948979591836735,195.0,194.0,196.0,195.0,195,194,196,195,0,0,0,-0.00512820512820511,-0.005102040816326481,investigation,investigation,false,source_metadata.target,0.9948717948717949,0.9948979591836735,195.0,194.0,196.0,195.0,195,194,196,195,-0.00512820512820511,-0.005102040816326481,investigation,investigation,native,0,1.0,0.0,0.9947916666666666,0,0,0,0,0,0,0,0,0,0,0,0,0,0,5850.0,30.0,30.0,5.0
asottile__pyupgrade-933,392,392,update_status,SW392,1.0,1.0,195.0,195.0,196.0,196.0,195,195,196,196,0,0,0,0.00512820512820511,0.005102040816326481,none,none,false,source_metadata.target,1.0,1.0,195.0,195.0,196.0,196.0,195,195,196,196,0.00512820512820511,0.005102040816326481,none,none,native,0,1.0,0.0,1.0,0,0,0,0,0,0,0,0,0,0,0,0,0,0,5850.0,0.0,0.0,5.0
asottile__pyupgrade-933,394,393,add_subtask,SW394,0.9948979591836735,0.9949238578680203,196.0,195.0,197.0,196.0,196,195,197,196,0,0,0,-0.005102040816326481,-0.005076142131979711,investigation,investigation,false,source_metadata.target,0.9948979591836735,0.9949238578680203,196.0,195.0,197.0,196.0,196,195,197,196,-0.005102040816326481,-0.005076142131979711,investigation,investigation,native,0,1.0,0.0,0.9948186528497409,0,0,0,0,0,0,0,0,0,0,0,0,0,0,5880.0,30.0,30.0,5.0
asottile__pyupgrade-933,394,394,update_status,SW394,1.0,1.0,196.0,196.0,197.0,197.0,196,196,197,197,0,0,0,0.005102040816326481,0.005076142131979711,none,none,false,source_metadata.target,1.0,1.0,196.0,196.0,197.0,197.0,196,196,197,197,0.005102040816326481,0.005076142131979711,none,none,native,0,1.0,0.0,1.0,0,0,0,0,0,0,0,0,0,0,0,0,0,0,5880.0,0.0,0.0,5.0
asottile__pyupgrade-933,396,395,add_subtask,SW396,0.9949238578680203,0.9949494949494949,197.0,196.0,198.0,197.0,197,196,198,197,0,0,0,-0.005076142131979711,-0.005050505050505083,investigation,investigation,false,source_metadata.target,0.9949238578680203,0.9949494949494949,197.0,196.0,198.0,197.0,197,196,198,197,-0.005076142131979711,-0.005050505050505083,investigation,investigation,native,0,1.0,0.0,0.9948453608247423,0,0,0,0,0,0,0,0,0,0,0,0,0,0,5910.0,30.0,30.0,5.0
asottile__pyupgrade-933,396,396,update_status,SW396,1.0,1.0,197.0,197.0,198.0,198.0,197,197,198,198,0,0,0,0.005076142131979711,0.005050505050505083,none,none,false,source_metadata.target,1.0,1.0,197.0,197.0,198.0,198.0,197,197,198,198,0.005076142131979711,0.005050505050505083,none,none,native,0,1.0,0.0,1.0,0,0,0,0,0,0,0,0,0,0,0,0,0,0,5910.0,0.0,0.0,5.0
asottile__pyupgrade-933,398,397,add_subtask,SW398,0.9949494949494949,0.9949748743718593,198.0,197.0,199.0,198.0,198,197,199,198,0,0,0,-0.005050505050505083,-0.005025125628140725,investigation,investigation,false,source_metadata.target,0.9949494949494949,0.9949748743718593,198.0,197.0,199.0,198.0,198,197,199,198,-0.005050505050505083,-0.005025125628140725,investigation,investigation,native,0,1.0,0.0,0.9948717948717949,0,0,0,0,0,0,0,0,0,0,0,0,0,0,5940.0,30.0,30.0,5.0
asottile__pyupgrade-933,398,398,update_status,SW398,1.0,1.0,198.0,198.0,199.0,199.0,198,198,199,199,0,0,0,0.005050505050505083,0.005025125628140725,none,none,false,source_metadata.target,1.0,1.0,198.0,198.0,199.0,199.0,198,198,199,199,0.005050505050505083,0.005025125628140725,none,none,native,0,1.0,0.0,1.0,0,0,0,0,0,0,0,0,0,0,0,0,0,0,5940.0,0.0,0.0,5.0
asottile__pyupgrade-933,400,399,add_subtask,SW400,0.9949748743718593,0.995,199.0,198.0,200.0,199.0,199,198,200,199,0,0,0,-0.005025125628140725,-0.0050000000000000044,investigation,investigation,false,source_metadata.target,0.9949748743718593,0.995,199.0,198.0,200.0,199.0,199,198,200,199,-0.005025125628140725,-0.0050000000000000044,investigation,investigation,native,0,1.0,0.0,0.9948979591836735,0,0,0,0,0,0,0,0,0,0,0,0,0,0,5970.0,30.0,30.0,5.0
asottile__pyupgrade-933,400,400,update_status,SW400,1.0,1.0,199.0,199.0,200.0,200.0,199,199,200,200,0,0,0,0.005025125628140725,0.0050000000000000044,none,none,false,source_metadata.target,1.0,1.0,199.0,199.0,200.0,200.0,199,199,200,200,0.005025125628140725,0.0050000000000000044,none,none,native,0,1.0,0.0,1.0,0,0,0,0,0,0,0,0,0,0,0,0,0,0,5970.0,0.0,0.0,5.0
asottile__pyupgrade-933,402,401,add_subtask,SW402,0.995,0.9950248756218906,200.0,199.0,201.0,200.0,200,199,201,200,0,0,0,-0.0050000000000000044,-0.00497512437810943,investigation,investigation,false,source_metadata.target,0.995,0.9950248756218906,200.0,199.0,201.0,200.0,200,199,201,200,-0.0050000000000000044,-0.00497512437810943,investigation,investigation,native,0,1.0,0.0,0.9949238578680203,0,0,0,0,0,0,0,0,0,0,0,0,0,0,6000.0,30.0,30.0,5.0
asottile__pyupgrade-933,402,402,update_status,SW402,1.0,1.0,200.0,200.0,201.0,201.0,200,200,201,201,0,0,0,0.0050000000000000044,0.00497512437810943,none,none,false,source_metadata.target,1.0,1.0,200.0,200.0,201.0,201.0,200,200,201,201,0.0050000000000000044,0.00497512437810943,none,none,native,0,1.0,0.0,1.0,0,0,0,0,0,0,0,0,0,0,0,0,0,0,6000.0,0.0,0.0,5.0
asottile__pyupgrade-933,404,403,add_subtask,SW404,0.9950248756218906,0.995049504950495,201.0,200.0,202.0,201.0,201,200,202,201,0,0,0,-0.00497512437810943,-0.004950495049504955,investigation,investigation,false,source_metadata.target,0.9950248756218906,0.995049504950495,201.0,200.0,202.0,201.0,201,200,202,201,-0.00497512437810943,-0.004950495049504955,investigation,investigation,native,0,1.0,0.0,0.9949494949494949,0,0,0,0,0,0,0,0,0,0,0,0,0,0,6030.0,30.0,30.0,5.0
asottile__pyupgrade-933,404,404,update_status,SW404,1.0,1.0,201.0,201.0,202.0,202.0,201,201,202,202,0,0,0,0.00497512437810943,0.004950495049504955,none,none,false,source_metadata.target,1.0,1.0,201.0,201.0,202.0,202.0,201,201,202,202,0.00497512437810943,0.004950495049504955,none,none,native,0,1.0,0.0,1.0,0,0,0,0,0,0,0,0,0,0,0,0,0,0,6030.0,0.0,0.0,5.0
asottile__pyupgrade-933,406,405,add_subtask,SW406,0.995049504950495,0.9950738916256158,202.0,201.0,203.0,202.0,202,201,203,202,0,0,0,-0.004950495049504955,-0.0049261083743842304,investigation,investigation,false,source_metadata.target,0.995049504950495,0.9950738916256158,202.0,201.0,203.0,202.0,202,201,203,202,-0.004950495049504955,-0.0049261083743842304,investigation,investigation,native,0,1.0,0.0,0.9949748743718593,0,0,0,0,0,0,0,0,0,0,0,0,0,0,6060.0,30.0,30.0,5.0
asottile__pyupgrade-933,406,406,update_status,SW406,1.0,1.0,202.0,202.0,203.0,203.0,202,202,203,203,0,0,0,0.004950495049504955,0.0049261083743842304,none,none,false,source_metadata.target,1.0,1.0,202.0,202.0,203.0,203.0,202,202,203,203,0.004950495049504955,0.0049261083743842304,none,none,native,0,1.0,0.0,1.0,0,0,0,0,0,0,0,0,0,0,0,0,0,0,6060.0,0.0,0.0,5.0
asottile__pyupgrade-933,408,407,add_subtask,SW408,0.9950738916256158,0.9950980392156863,203.0,202.0,204.0,203.0,203,202,204,203,0,0,0,-0.0049261083743842304,-0.004901960784313708,investigation,investigation,false,source_metadata.target,0.9950738916256158,0.9950980392156863,203.0,202.0,204.0,203.0,203,202,204,203,-0.0049261083743842304,-0.004901960784313708,investigation,investigation,native,0,1.0,0.0,0.995,0,0,0,0,0,0,0,0,0,0,0,0,0,0,6090.0,30.0,30.0,5.0
asottile__pyupgrade-933,408,408,update_status,SW408,1.0,1.0,203.0,203.0,204.0,204.0,203,203,204,204,0,0,0,0.0049261083743842304,0.004901960784313708,none,none,false,source_metadata.target,1.0,1.0,203.0,203.0,204.0,204.0,203,203,204,204,0.0049261083743842304,0.004901960784313708,none,none,native,0,1.0,0.0,1.0,0,0,0,0,0,0,0,0,0,0,0,0,0,0,6090.0,0.0,0.0,5.0
asottile__pyupgrade-933,410,409,add_subtask,SW410,0.9950980392156863,0.9951219512195122,204.0,203.0,205.0,204.0,204,203,205,204,0,0,0,-0.004901960784313708,-0.004878048780487809,investigation,investigation,false,source_metadata.target,0.9950980392156863,0.9951219512195122,204.0,203.0,205.0,204.0,204,203,205,204,-0.004901960784313708,-0.004878048780487809,investigation,investigation,native,0,1.0,0.0,0.9950248756218906,0,0,0,0,0,0,0,0,0,0,0,0,0,0,6120.0,30.0,30.0,5.0
asottile__pyupgrade-933,410,410,update_status,SW410,1.0,1.0,204.0,204.0,205.0,205.0,204,204,205,205,0,0,0,0.004901960784313708,0.004878048780487809,none,none,false,source_metadata.target,1.0,1.0,204.0,204.0,205.0,205.0,204,204,205,205,0.004901960784313708,0.004878048780487809,none,none,native,0,1.0,0.0,1.0,0,0,0,0,0,0,0,0,0,0,0,0,0,0,6120.0,0.0,0.0,5.0
asottile__pyupgrade-933,412,411,add_subtask,SW412,0.9951219512195122,0.9951456310679612,205.0,204.0,206.0,205.0,205,204,206,205,0,0,0,-0.004878048780487809,-0.004854368932038833,investigation,investigation,false,source_metadata.target,0.9951219512195122,0.9951456310679612,205.0,204.0,206.0,205.0,205,204,206,205,-0.004878048780487809,-0.004854368932038833,investigation,investigation,native,0,1.0,0.0,0.995049504950495,0,0,0,0,0,0,0,0,0,0,0,0,0,0,6150.0,30.0,30.0,5.0
asottile__pyupgrade-933,412,412,update_status,SW412,1.0,1.0,205.0,205.0,206.0,206.0,205,205,206,206,0,0,0,0.004878048780487809,0.004854368932038833,none,none,false,source_metadata.target,1.0,1.0,205.0,205.0,206.0,206.0,205,205,206,206,0.004878048780487809,0.004854368932038833,none,none,native,0,1.0,0.0,1.0,0,0,0,0,0,0,0,0,0,0,0,0,0,0,6150.0,0.0,0.0,5.0
asottile__pyupgrade-933,414,413,add_subtask,SW414,0.9951456310679612,0.9951690821256038,206.0,205.0,207.0,206.0,206,205,207,206,0,0,0,-0.004854368932038833,-0.004830917874396157,investigation,investigation,false,source_metadata.target,0.9951456310679612,0.9951690821256038,206.0,205.0,207.0,206.0,206,205,207,206,-0.004854368932038833,-0.004830917874396157,investigation,investigation,native,0,1.0,0.0,0.9950738916256158,0,0,0,0,0,0,0,0,0,0,0,0,0,0,6180.0,30.0,30.0,5.0
asottile__pyupgrade-933,414,414,update_status,SW414,1.0,1.0,206.0,206.0,207.0,207.0,206,206,207,207,0,0,0,0.004854368932038833,0.004830917874396157,none,none,false,source_metadata.target,1.0,1.0,206.0,206.0,207.0,207.0,206,206,207,207,0.004854368932038833,0.004830917874396157,none,none,native,0,1.0,0.0,1.0,0,0,0,0,0,0,0,0,0,0,0,0,0,0,6180.0,0.0,0.0,5.0
asottile__pyupgrade-933,416,415,add_subtask,SW416,0.9951690821256038,0.9951923076923077,207.0,206.0,208.0,207.0,207,206,208,207,0,0,0,-0.004830917874396157,-0.004807692307692291,investigation,investigation,false,source_metadata.target,0.9951690821256038,0.9951923076923077,207.0,206.0,208.0,207.0,207,206,208,207,-0.004830917874396157,-0.004807692307692291,investigation,investigation,native,0,1.0,0.0,0.9950980392156863,0,0,0,0,0,0,0,0,0,0,0,0,0,0,6210.0,30.0,30.0,5.0
asottile__pyupgrade-933,416,416,update_status,SW416,1.0,1.0,207.0,207.0,208.0,208.0,207,207,208,208,0,0,0,0.004830917874396157,0.004807692307692291,none,none,false,source_metadata.target,1.0,1.0,207.0,207.0,208.0,208.0,207,207,208,208,0.004830917874396157,0.004807692307692291,none,none,native,0,1.0,0.0,1.0,0,0,0,0,0,0,0,0,0,0,0,0,0,0,6210.0,0.0,0.0,5.0
asottile__pyupgrade-933,418,417,add_subtask,SW418,0.9951923076923077,0.9952153110047847,208.0,207.0,209.0,208.0,208,207,209,208,0,0,0,-0.004807692307692291,-0.004784688995215336,investigation,investigation,false,source_metadata.target,0.9951923076923077,0.9952153110047847,208.0,207.0,209.0,208.0,208,207,209,208,-0.004807692307692291,-0.004784688995215336,investigation,investigation,native,0,1.0,0.0,0.9951219512195122,0,0,0,0,0,0,0,0,0,0,0,0,0,0,6240.0,30.0,30.0,5.0
asottile__pyupgrade-933,418,418,update_status,SW418,1.0,1.0,208.0,208.0,209.0,209.0,208,208,209,209,0,0,0,0.004807692307692291,0.004784688995215336,none,none,false,source_metadata.target,1.0,1.0,208.0,208.0,209.0,209.0,208,208,209,209,0.004807692307692291,0.004784688995215336,none,none,native,0,1.0,0.0,1.0,0,0,0,0,0,0,0,0,0,0,0,0,0,0,6240.0,0.0,0.0,5.0
asottile__pyupgrade-933,420,419,add_subtask,SW420,0.9952153110047847,0.9952380952380953,209.0,208.0,210.0,209.0,209,208,210,209,0,0,0,-0.004784688995215336,-0.004761904761904745,investigation,investigation,false,source_metadata.target,0.9952153110047847,0.9952380952380953,209.0,208.0,210.0,209.0,209,208,210,209,-0.004784688995215336,-0.004761904761904745,investigation,investigation,native,0,1.0,0.0,0.9951456310679612,0,0,0,0,0,0,0,0,0,0,0,0,0,0,6270.0,30.0,30.0,5.0
asottile__pyupgrade-933,420,420,update_status,SW420,1.0,1.0,209.0,209.0,210.0,210.0,209,209,210,210,0,0,0,0.004784688995215336,0.004761904761904745,none,none,false,source_metadata.target,1.0,1.0,209.0,209.0,210.0,210.0,209,209,210,210,0.004784688995215336,0.004761904761904745,none,none,native,0,1.0,0.0,1.0,0,0,0,0,0,0,0,0,0,0,0,0,0,0,6270.0,0.0,0.0,5.0
asottile__pyupgrade-933,422,421,add_subtask,SW422,0.9952380952380953,0.995260663507109,210.0,209.0,211.0,210.0,210,209,211,210,0,0,0,-0.004761904761904745,-0.004739336492891044,investigation,investigation,false,source_metadata.target,0.9952380952380953,0.995260663507109,210.0,209.0,211.0,210.0,210,209,211,210,-0.004761904761904745,-0.004739336492891044,investigation,investigation,native,0,1.0,0.0,0.9951690821256038,0,0,0,0,0,0,0,0,0,0,0,0,0,0,6300.0,30.0,30.0,5.0
asottile__pyupgrade-933,422,422,update_status,SW422,1.0,1.0,210.0,210.0,211.0,211.0,210,210,211,211,0,0,0,0.004761904761904745,0.004739336492891044,none,none,false,source_metadata.target,1.0,1.0,210.0,210.0,211.0,211.0,210,210,211,211,0.004761904761904745,0.004739336492891044,none,none,native,0,1.0,0.0,1.0,0,0,0,0,0,0,0,0,0,0,0,0,0,0,6300.0,0.0,0.0,5.0
asottile__pyupgrade-933,424,423,add_subtask,SW424,0.995260663507109,0.9952830188679245,211.0,210.0,212.0,211.0,211,210,212,211,0,0,0,-0.004739336492891044,-0.004716981132075526,investigation,investigation,false,source_metadata.target,0.995260663507109,0.9952830188679245,211.0,210.0,212.0,211.0,211,210,212,211,-0.004739336492891044,-0.004716981132075526,investigation,investigation,native,0,1.0,0.0,0.9951923076923077,0,0,0,0,0,0,0,0,0,0,0,0,0,0,6330.0,30.0,30.0,5.0
asottile__pyupgrade-933,424,424,update_status,SW424,1.0,1.0,211.0,211.0,212.0,212.0,211,211,212,212,0,0,0,0.004739336492891044,0.004716981132075526,none,none,false,source_metadata.target,1.0,1.0,211.0,211.0,212.0,212.0,211,211,212,212,0.004739336492891044,0.004716981132075526,none,none,native,0,1.0,0.0,1.0,0,0,0,0,0,0,0,0,0,0,0,0,0,0,6330.0,0.0,0.0,5.0
asottile__pyupgrade-933,426,425,add_subtask,SW426,0.9952830188679245,0.9953051643192489,212.0,211.0,213.0,212.0,212,211,213,212,0,0,0,-0.004716981132075526,-0.0046948356807511304,investigation,investigation,false,source_metadata.target,0.9952830188679245,0.9953051643192489,212.0,211.0,213.0,212.0,212,211,213,212,-0.004716981132075526,-0.0046948356807511304,investigation,investigation,native,0,1.0,0.0,0.9952153110047847,0,0,0,0,0,0,0,0,0,0,0,0,0,0,6360.0,30.0,30.0,5.0
asottile__pyupgrade-933,426,426,update_status,SW426,1.0,1.0,212.0,212.0,213.0,213.0,212,212,213,213,0,0,0,0.004716981132075526,0.0046948356807511304,none,none,false,source_metadata.target,1.0,1.0,212.0,212.0,213.0,213.0,212,212,213,213,0.004716981132075526,0.0046948356807511304,none,none,native,0,1.0,0.0,1.0,0,0,0,0,0,0,0,0,0,0,0,0,0,0,6360.0,0.0,0.0,5.0
asottile__pyupgrade-933,428,427,add_subtask,SW428,0.9953051643192489,0.9953271028037384,213.0,212.0,214.0,213.0,213,212,214,213,0,0,0,-0.0046948356807511304,-0.004672897196261627,investigation,investigation,false,source_metadata.target,0.9953051643192489,0.9953271028037384,213.0,212.0,214.0,213.0,213,212,214,213,-0.0046948356807511304,-0.004672897196261627,investigation,investigation,native,0,1.0,0.0,0.9952380952380953,0,0,0,0,0,0,0,0,0,0,0,0,0,0,6390.0,30.0,30.0,5.0
asottile__pyupgrade-933,428,428,update_status,SW428,1.0,1.0,213.0,213.0,214.0,214.0,213,213,214,214,0,0,0,0.0046948356807511304,0.004672897196261627,none,none,false,source_metadata.target,1.0,1.0,213.0,213.0,214.0,214.0,213,213,214,214,0.0046948356807511304,0.004672897196261627,none,none,native,0,1.0,0.0,1.0,0,0,0,0,0,0,0,0,0,0,0,0,0,0,6390.0,0.0,0.0,5.0
asottile__pyupgrade-933,430,429,add_subtask,SW430,0.9953271028037384,0.9953488372093023,214.0,213.0,215.0,214.0,214,213,215,214,0,0,0,-0.004672897196261627,-0.0046511627906976605,investigation,investigation,false,source_metadata.target,0.9953271028037384,0.9953488372093023,214.0,213.0,215.0,214.0,214,213,215,214,-0.004672897196261627,-0.0046511627906976605,investigation,investigation,native,0,1.0,0.0,0.995260663507109,0,0,0,0,0,0,0,0,0,0,0,0,0,0,6420.0,30.0,30.0,5.0
asottile__pyupgrade-933,430,430,update_status,SW430,1.0,1.0,214.0,214.0,215.0,215.0,214,214,215,215,0,0,0,0.004672897196261627,0.0046511627906976605,none,none,false,source_metadata.target,1.0,1.0,214.0,214.0,215.0,215.0,214,214,215,215,0.004672897196261627,0.0046511627906976605,none,none,native,0,1.0,0.0,1.0,0,0,0,0,0,0,0,0,0,0,0,0,0,0,6420.0,0.0,0.0,5.0
asottile__pyupgrade-933,432,431,add_subtask,SW432,0.9953488372093023,0.9953703703703703,215.0,214.0,216.0,215.0,215,214,216,215,0,0,0,-0.0046511627906976605,-0.00462962962962965,investigation,investigation,false,source_metadata.target,0.9953488372093023,0.9953703703703703,215.0,214.0,216.0,215.0,215,214,216,215,-0.0046511627906976605,-0.00462962962962965,investigation,investigation,native,0,1.0,0.0,0.9952830188679245,0,0,0,0,0,0,0,0,0,0,0,0,0,0,6450.0,30.0,30.0,5.0
asottile__pyupgrade-933,432,432,update_status,SW432,1.0,1.0,215.0,215.0,216.0,216.0,215,215,216,216,0,0,0,0.0046511627906976605,0.00462962962962965,none,none,false,source_metadata.target,1.0,1.0,215.0,215.0,216.0,216.0,215,215,216,216,0.0046511627906976605,0.00462962962962965,none,none,native,0,1.0,0.0,1.0,0,0,0,0,0,0,0,0,0,0,0,0,0,0,6450.0,0.0,0.0,5.0
asottile__pyupgrade-933,434,433,add_subtask,SW434,0.9953703703703703,0.9953917050691244,216.0,215.0,217.0,216.0,216,215,217,216,0,0,0,-0.00462962962962965,-0.004608294930875556,investigation,investigation,false,source_metadata.target,0.9953703703703703,0.9953917050691244,216.0,215.0,217.0,216.0,216,215,217,216,-0.00462962962962965,-0.004608294930875556,investigation,investigation,native,0,1.0,0.0,0.9953051643192489,0,0,0,0,0,0,0,0,0,0,0,0,0,0,6480.0,30.0,30.0,5.0
asottile__pyupgrade-933,434,434,update_status,SW434,1.0,1.0,216.0,216.0,217.0,217.0,216,216,217,217,0,0,0,0.00462962962962965,0.004608294930875556,none,none,false,source_metadata.target,1.0,1.0,216.0,216.0,217.0,217.0,216,216,217,217,0.00462962962962965,0.004608294930875556,none,none,native,0,1.0,0.0,1.0,0,0,0,0,0,0,0,0,0,0,0,0,0,0,6480.0,0.0,0.0,5.0
asottile__pyupgrade-933,436,435,add_subtask,SW436,0.9953917050691244,0.9954128440366973,217.0,216.0,218.0,217.0,217,216,218,217,0,0,0,-0.004608294930875556,-0.004587155963302725,investigation,investigation,false,source_metadata.target,0.9953917050691244,0.9954128440366973,217.0,216.0,218.0,217.0,217,216,218,217,-0.004608294930875556,-0.004587155963302725,investigation,investigation,native,0,1.0,0.0,0.9953271028037384,0,0,0,0,0,0,0,0,0,0,0,0,0,0,6510.0,30.0,30.0,5.0
asottile__pyupgrade-933,436,436,update_status,SW436,1.0,1.0,217.0,217.0,218.0,218.0,217,217,218,218,0,0,0,0.004608294930875556,0.004587155963302725,none,none,false,source_metadata.target,1.0,1.0,217.0,217.0,218.0,218.0,217,217,218,218,0.004608294930875556,0.004587155963302725,none,none,native,0,1.0,0.0,1.0,0,0,0,0,0,0,0,0,0,0,0,0,0,0,6510.0,0.0,0.0,5.0
asottile__pyupgrade-933,438,437,add_subtask,SW438,0.9954128440366973,0.9954337899543378,218.0,217.0,219.0,218.0,218,217,219,218,0,0,0,-0.004587155963302725,-0.004566210045662156,investigation,investigation,false,source_metadata.target,0.9954128440366973,0.9954337899543378,218.0,217.0,219.0,218.0,218,217,219,218,-0.004587155963302725,-0.004566210045662156,investigation,investigation,native,0,1.0,0.0,0.9953488372093023,0,0,0,0,0,0,0,0,0,0,0,0,0,0,6540.0,30.0,30.0,5.0
asottile__pyupgrade-933,438,438,update_status,SW438,1.0,1.0,218.0,218.0,219.0,219.0,218,218,219,219,0,0,0,0.004587155963302725,0.004566210045662156,none,none,false,source_metadata.target,1.0,1.0,218.0,218.0,219.0,219.0,218,218,219,219,0.004587155963302725,0.004566210045662156,none,none,native,0,1.0,0.0,1.0,0,0,0,0,0,0,0,0,0,0,0,0,0,0,6540.0,0.0,0.0,5.0
asottile__pyupgrade-933,440,439,add_subtask,SW440,0.9954337899543378,0.9954545454545455,219.0,218.0,220.0,219.0,219,218,220,219,0,0,0,-0.004566210045662156,-0.004545454545454519,investigation,investigation,false,source_metadata.target,0.9954337899543378,0.9954545454545455,219.0,218.0,220.0,219.0,219,218,220,219,-0.004566210045662156,-0.004545454545454519,investigation,investigation,native,0,1.0,0.0,0.9953703703703703,0,0,0,0,0,0,0,0,0,0,0,0,0,0,6570.0,30.0,30.0,5.0
asottile__pyupgrade-933,440,440,update_status,SW440,1.0,1.0,219.0,219.0,220.0,220.0,219,219,220,220,0,0,0,0.004566210045662156,0.004545454545454519,none,none,false,source_metadata.target,1.0,1.0,219.0,219.0,220.0,220.0,219,219,220,220,0.004566210045662156,0.004545454545454519,none,none,native,0,1.0,0.0,1.0,0,0,0,0,0,0,0,0,0,0,0,0,0,0,6570.0,0.0,0.0,5.0
asottile__pyupgrade-933,442,441,add_subtask,SW442,0.9954545454545455,0.995475113122172,220.0,219.0,221.0,220.0,220,219,221,220,0,0,0,-0.004545454545454519,-0.004524886877828038,investigation,investigation,false,source_metadata.target,0.9954545454545455,0.995475113122172,220.0,219.0,221.0,220.0,220,219,221,220,-0.004545454545454519,-0.004524886877828038,investigation,investigation,native,0,1.0,0.0,0.9953917050691244,0,0,0,0,0,0,0,0,0,0,0,0,0,0,6600.0,30.0,30.0,5.0
asottile__pyupgrade-933,442,442,update_status,SW442,1.0,1.0,220.0,220.0,221.0,221.0,220,220,221,221,0,0,0,0.004545454545454519,0.004524886877828038,none,none,false,source_metadata.target,1.0,1.0,220.0,220.0,221.0,221.0,220,220,221,221,0.004545454545454519,0.004524886877828038,none,none,native,0,1.0,0.0,1.0,0,0,0,0,0,0,0,0,0,0,0,0,0,0,6600.0,0.0,0.0,5.0
asottile__pyupgrade-933,444,443,add_subtask,SW444,0.995475113122172,0.9954954954954955,221.0,220.0,222.0,221.0,221,220,222,221,0,0,0,-0.004524886877828038,-0.0045045045045044585,investigation,investigation,false,source_metadata.target,0.995475113122172,0.9954954954954955,221.0,220.0,222.0,221.0,221,220,222,221,-0.004524886877828038,-0.0045045045045044585,investigation,investigation,native,0,1.0,0.0,0.9954128440366973,0,0,0,0,0,0,0,0,0,0,0,0,0,0,6630.0,30.0,30.0,5.0
asottile__pyupgrade-933,444,444,update_status,SW444,1.0,1.0,221.0,221.0,222.0,222.0,221,221,222,222,0,0,0,0.004524886877828038,0.0045045045045044585,none,none,false,source_metadata.target,1.0,1.0,221.0,221.0,222.0,222.0,221,221,222,222,0.004524886877828038,0.0045045045045044585,none,none,native,0,1.0,0.0,1.0,0,0,0,0,0,0,0,0,0,0,0,0,0,0,6630.0,0.0,0.0,5.0
asottile__pyupgrade-933,446,445,add_subtask,SW446,0.9954954954954955,0.9955156950672646,222.0,221.0,223.0,222.0,222,221,223,222,0,0,0,-0.0045045045045044585,-0.004484304932735439,investigation,investigation,false,source_metadata.target,0.9954954954954955,0.9955156950672646,222.0,221.0,223.0,222.0,222,221,223,222,-0.0045045045045044585,-0.004484304932735439,investigation,investigation,native,0,1.0,0.0,0.9954337899543378,0,0,0,0,0,0,0,0,0,0,0,0,0,0,6660.0,30.0,30.0,5.0
asottile__pyupgrade-933,446,446,update_status,SW446,1.0,1.0,222.0,222.0,223.0,223.0,222,222,223,223,0,0,0,0.0045045045045044585,0.004484304932735439,none,none,false,source_metadata.target,1.0,1.0,222.0,222.0,223.0,223.0,222,222,223,223,0.0045045045045044585,0.004484304932735439,none,none,native,0,1.0,0.0,1.0,0,0,0,0,0,0,0,0,0,0,0,0,0,0,6660.0,0.0,0.0,5.0
asottile__pyupgrade-933,448,447,add_subtask,SW448,0.9955156950672646,0.9955357142857143,223.0,222.0,224.0,223.0,223,222,224,223,0,0,0,-0.004484304932735439,-0.004464285714285698,investigation,investigation,false,source_metadata.target,0.9955156950672646,0.9955357142857143,223.0,222.0,224.0,223.0,223,222,224,223,-0.004484304932735439,-0.004464285714285698,investigation,investigation,native,0,1.0,0.0,0.9954545454545455,0,0,0,0,0,0,0,0,0,0,0,0,0,0,6690.0,30.0,30.0,5.0
asottile__pyupgrade-933,448,448,update_status,SW448,1.0,1.0,223.0,223.0,224.0,224.0,223,223,224,224,0,0,0,0.004484304932735439,0.004464285714285698,none,none,false,source_metadata.target,1.0,1.0,223.0,223.0,224.0,224.0,223,223,224,224,0.004484304932735439,0.004464285714285698,none,none,native,0,1.0,0.0,1.0,0,0,0,0,0,0,0,0,0,0,0,0,0,0,6690.0,0.0,0.0,5.0
asottile__pyupgrade-933,450,449,add_subtask,SW450,0.9955357142857143,0.9955555555555555,224.0,223.0,225.0,224.0,224,223,225,224,0,0,0,-0.004464285714285698,-0.004444444444444473,investigation,investigation,false,source_metadata.target,0.9955357142857143,0.9955555555555555,224.0,223.0,225.0,224.0,224,223,225,224,-0.004464285714285698,-0.004444444444444473,investigation,investigation,native,0,1.0,0.0,0.995475113122172,0,0,0,0,0,0,0,0,0,0,0,0,0,0,6720.0,30.0,30.0,5.0
asottile__pyupgrade-933,450,450,update_status,SW450,1.0,1.0,224.0,224.0,225.0,225.0,224,224,225,225,0,0,0,0.004464285714285698,0.004444444444444473,none,none,false,source_metadata.target,1.0,1.0,224.0,224.0,225.0,225.0,224,224,225,225,0.004464285714285698,0.004444444444444473,none,none,native,0,1.0,0.0,1.0,0,0,0,0,0,0,0,0,0,0,0,0,0,0,6720.0,0.0,0.0,5.0
asottile__pyupgrade-933,452,451,add_subtask,SW452,0.9955555555555555,0.995575221238938,225.0,224.0,226.0,225.0,225,224,226,225,0,0,0,-0.004444444444444473,-0.004424778761061954,investigation,investigation,false,source_metadata.target,0.9955555555555555,0.995575221238938,225.0,224.0,226.0,225.0,225,224,226,225,-0.004444444444444473,-0.004424778761061954,investigation,investigation,native,0,1.0,0.0,0.9954954954954955,0,0,0,0,0,0,0,0,0,0,0,0,0,0,6750.0,30.0,30.0,5.0
asottile__pyupgrade-933,452,452,update_status,SW452,1.0,1.0,225.0,225.0,226.0,226.0,225,225,226,226,0,0,0,0.004444444444444473,0.004424778761061954,none,none,false,source_metadata.target,1.0,1.0,225.0,225.0,226.0,226.0,225,225,226,226,0.004444444444444473,0.004424778761061954,none,none,native,0,1.0,0.0,1.0,0,0,0,0,0,0,0,0,0,0,0,0,0,0,6750.0,0.0,0.0,5.0
asottile__pyupgrade-933,454,453,add_subtask,SW454,0.995575221238938,0.9955947136563876,226.0,225.0,227.0,226.0,226,225,227,226,0,0,0,-0.004424778761061954,-0.004405286343612369,investigation,investigation,false,source_metadata.target,0.995575221238938,0.9955947136563876,226.0,225.0,227.0,226.0,226,225,227,226,-0.004424778761061954,-0.004405286343612369,investigation,investigation,native,0,1.0,0.0,0.9955156950672646,0,0,0,0,0,0,0,0,0,0,0,0,0,0,6780.0,30.0,30.0,5.0
asottile__pyupgrade-933,454,454,update_status,SW454,1.0,1.0,226.0,226.0,227.0,227.0,226,226,227,227,0,0,0,0.004424778761061954,0.004405286343612369,none,none,false,source_metadata.target,1.0,1.0,226.0,226.0,227.0,227.0,226,226,227,227,0.004424778761061954,0.004405286343612369,none,none,native,0,1.0,0.0,1.0,0,0,0,0,0,0,0,0,0,0,0,0,0,0,6780.0,0.0,0.0,5.0
asottile__pyupgrade-933,456,455,add_subtask,SW456,0.9955947136563876,0.9956140350877193,227.0,226.0,228.0,227.0,227,226,228,227,0,0,0,-0.004405286343612369,-0.004385964912280715,investigation,investigation,false,source_metadata.target,0.9955947136563876,0.9956140350877193,227.0,226.0,228.0,227.0,227,226,228,227,-0.004405286343612369,-0.004385964912280715,investigation,investigation,native,0,1.0,0.0,0.9955357142857143,0,0,0,0,0,0,0,0,0,0,0,0,0,0,6810.0,30.0,30.0,5.0
asottile__pyupgrade-933,456,456,update_status,SW456,1.0,1.0,227.0,227.0,228.0,228.0,227,227,228,228,0,0,0,0.004405286343612369,0.004385964912280715,none,none,false,source_metadata.target,1.0,1.0,227.0,227.0,228.0,228.0,227,227,228,228,0.004405286343612369,0.004385964912280715,none,none,native,0,1.0,0.0,1.0,0,0,0,0,0,0,0,0,0,0,0,0,0,0,6810.0,0.0,0.0,5.0
asottile__pyupgrade-933,458,457,add_subtask,SW458,0.9956140350877193,0.9956331877729258,228.0,227.0,229.0,228.0,228,227,229,228,0,0,0,-0.004385964912280715,-0.004366812227074246,investigation,investigation,false,source_metadata.target,0.9956140350877193,0.9956331877729258,228.0,227.0,229.0,228.0,228,227,229,228,-0.004385964912280715,-0.004366812227074246,investigation,investigation,native,0,1.0,0.0,0.9955555555555555,0,0,0,0,0,0,0,0,0,0,0,0,0,0,6840.0,30.0,30.0,5.0
asottile__pyupgrade-933,458,458,update_status,SW458,1.0,1.0,228.0,228.0,229.0,229.0,228,228,229,229,0,0,0,0.004385964912280715,0.004366812227074246,none,none,false,source_metadata.target,1.0,1.0,228.0,228.0,229.0,229.0,228,228,229,229,0.004385964912280715,0.004366812227074246,none,none,native,0,1.0,0.0,1.0,0,0,0,0,0,0,0,0,0,0,0,0,0,0,6840.0,0.0,0.0,5.0
asottile__pyupgrade-933,460,459,add_subtask,SW460,0.9956331877729258,0.9956521739130435,229.0,228.0,230.0,229.0,229,228,230,229,0,0,0,-0.004366812227074246,-0.004347826086956497,investigation,investigation,false,source_metadata.target,0.9956331877729258,0.9956521739130435,229.0,228.0,230.0,229.0,229,228,230,229,-0.004366812227074246,-0.004347826086956497,investigation,investigation,native,0,1.0,0.0,0.995575221238938,0,0,0,0,0,0,0,0,0,0,0,0,0,0,6870.0,30.0,30.0,5.0
asottile__pyupgrade-933,460,460,update_status,SW460,1.0,1.0,229.0,229.0,230.0,230.0,229,229,230,230,0,0,0,0.004366812227074246,0.004347826086956497,none,none,false,source_metadata.target,1.0,1.0,229.0,229.0,230.0,230.0,229,229,230,230,0.004366812227074246,0.004347826086956497,none,none,native,0,1.0,0.0,1.0,0,0,0,0,0,0,0,0,0,0,0,0,0,0,6870.0,0.0,0.0,5.0
asottile__pyupgrade-933,462,461,add_subtask,SW462,0.9956521739130435,0.9956709956709957,230.0,229.0,231.0,230.0,230,229,231,230,0,0,0,-0.004347826086956497,-0.0043290043290042934,investigation,investigation,false,source_metadata.target,0.9956521739130435,0.9956709956709957,230.0,229.0,231.0,230.0,230,229,231,230,-0.004347826086956497,-0.0043290043290042934,investigation,investigation,native,0,1.0,0.0,0.9955947136563876,0,0,0,0,0,0,0,0,0,0,0,0,0,0,6900.0,30.0,30.0,5.0
asottile__pyupgrade-933,462,462,update_status,SW462,1.0,1.0,230.0,230.0,231.0,231.0,230,230,231,231,0,0,0,0.004347826086956497,0.0043290043290042934,none,none,false,source_metadata.target,1.0,1.0,230.0,230.0,231.0,231.0,230,230,231,231,0.004347826086956497,0.0043290043290042934,none,none,native,0,1.0,0.0,1.0,0,0,0,0,0,0,0,0,0,0,0,0,0,0,6900.0,0.0,0.0,5.0
asottile__pyupgrade-933,464,463,add_subtask,SW464,0.9956709956709957,0.9956896551724138,231.0,230.0,232.0,231.0,231,230,232,231,0,0,0,-0.0043290043290042934,-0.004310344827586188,investigation,investigation,false,source_metadata.target,0.9956709956709957,0.9956896551724138,231.0,230.0,232.0,231.0,231,230,232,231,-0.0043290043290042934,-0.004310344827586188,investigation,investigation,native,0,1.0,0.0,0.9956140350877193,0,0,0,0,0,0,0,0,0,0,0,0,0,0,6930.0,30.0,30.0,5.0
asottile__pyupgrade-933,464,464,update_status,SW464,1.0,1.0,231.0,231.0,232.0,232.0,231,231,232,232,0,0,0,0.0043290043290042934,0.004310344827586188,none,none,false,source_metadata.target,1.0,1.0,231.0,231.0,232.0,232.0,231,231,232,232,0.0043290043290042934,0.004310344827586188,none,none,native,0,1.0,0.0,1.0,0,0,0,0,0,0,0,0,0,0,0,0,0,0,6930.0,0.0,0.0,5.0
asottile__pyupgrade-933,466,465,add_subtask,SW466,0.9956896551724138,0.9957081545064378,232.0,231.0,233.0,232.0,232,231,233,232,0,0,0,-0.004310344827586188,-0.0042918454935622075,investigation,investigation,false,source_metadata.target,0.9956896551724138,0.9957081545064378,232.0,231.0,233.0,232.0,232,231,233,232,-0.004310344827586188,-0.0042918454935622075,investigation,investigation,native,0,1.0,0.0,0.9956331877729258,0,0,0,0,0,0,0,0,0,0,0,0,0,0,6960.0,30.0,30.0,5.0
asottile__pyupgrade-933,466,466,update_status,SW466,1.0,1.0,232.0,232.0,233.0,233.0,232,232,233,233,0,0,0,0.004310344827586188,0.0042918454935622075,none,none,false,source_metadata.target,1.0,1.0,232.0,232.0,233.0,233.0,232,232,233,233,0.004310344827586188,0.0042918454935622075,none,none,native,0,1.0,0.0,1.0,0,0,0,0,0,0,0,0,0,0,0,0,0,0,6960.0,0.0,0.0,5.0
asottile__pyupgrade-933,468,467,add_subtask,SW468,0.9957081545064378,0.9957264957264957,233.0,232.0,234.0,233.0,233,232,234,233,0,0,0,-0.0042918454935622075,-0.004273504273504258,investigation,investigation,false,source_metadata.target,0.9957081545064378,0.9957264957264957,233.0,232.0,234.0,233.0,233,232,234,233,-0.0042918454935622075,-0.004273504273504258,investigation,investigation,native,0,1.0,0.0,0.9956521739130435,0,0,0,0,0,0,0,0,0,0,0,0,0,0,6990.0,30.0,30.0,5.0
asottile__pyupgrade-933,468,468,update_status,SW468,1.0,1.0,233.0,233.0,234.0,234.0,233,233,234,234,0,0,0,0.0042918454935622075,0.004273504273504258,none,none,false,source_metadata.target,1.0,1.0,233.0,233.0,234.0,234.0,233,233,234,234,0.0042918454935622075,0.004273504273504258,none,none,native,0,1.0,0.0,1.0,0,0,0,0,0,0,0,0,0,0,0,0,0,0,6990.0,0.0,0.0,5.0
asottile__pyupgrade-933,470,469,add_subtask,SW470,0.9957264957264957,0.9957446808510638,234.0,233.0,235.0,234.0,234,233,235,234,0,0,0,-0.004273504273504258,-0.004255319148936176,investigation,investigation,false,source_metadata.target,0.9957264957264957,0.9957446808510638,234.0,233.0,235.0,234.0,234,233,235,234,-0.004273504273504258,-0.004255319148936176,investigation,investigation,native,0,1.0,0.0,0.9956709956709957,0,0,0,0,0,0,0,0,0,0,0,0,0,0,7020.0,30.0,30.0,5.0
asottile__pyupgrade-933,470,470,update_status,SW470,1.0,1.0,234.0,234.0,235.0,235.0,234,234,235,235,0,0,0,0.004273504273504258,0.004255319148936176,none,none,false,source_metadata.target,1.0,1.0,234.0,234.0,235.0,235.0,234,234,235,235,0.004273504273504258,0.004255319148936176,none,none,native,0,1.0,0.0,1.0,0,0,0,0,0,0,0,0,0,0,0,0,0,0,7020.0,0.0,0.0,5.0
asottile__pyupgrade-933,472,471,add_subtask,SW472,0.9957446808510638,0.9957627118644068,235.0,234.0,236.0,235.0,235,234,236,235,0,0,0,-0.004255319148936176,-0.004237288135593209,investigation,investigation,false,source_metadata.target,0.9957446808510638,0.9957627118644068,235.0,234.0,236.0,235.0,235,234,236,235,-0.004255319148936176,-0.004237288135593209,investigation,investigation,native,0,1.0,0.0,0.9956896551724138,0,0,0,0,0,0,0,0,0,0,0,0,0,0,7050.0,30.0,30.0,5.0
asottile__pyupgrade-933,472,472,update_status,SW472,1.0,1.0,235.0,235.0,236.0,236.0,235,235,236,236,0,0,0,0.004255319148936176,0.004237288135593209,none,none,false,source_metadata.target,1.0,1.0,235.0,235.0,236.0,236.0,235,235,236,236,0.004255319148936176,0.004237288135593209,none,none,native,0,1.0,0.0,1.0,0,0,0,0,0,0,0,0,0,0,0,0,0,0,7050.0,0.0,0.0,5.0
asottile__pyupgrade-933,474,473,add_subtask,SW474,0.9957627118644068,0.9957805907172996,236.0,235.0,237.0,236.0,236,235,237,236,0,0,0,-0.004237288135593209,-0.00421940928270037,investigation,investigation,false,source_metadata.target,0.9957627118644068,0.9957805907172996,236.0,235.0,237.0,236.0,236,235,237,236,-0.004237288135593209,-0.00421940928270037,investigation,investigation,native,0,1.0,0.0,0.9957081545064378,0,0,0,0,0,0,0,0,0,0,0,0,0,0,7080.0,30.0,30.0,5.0
asottile__pyupgrade-933,474,474,update_status,SW474,1.0,1.0,236.0,236.0,237.0,237.0,236,236,237,237,0,0,0,0.004237288135593209,0.00421940928270037,none,none,false,source_metadata.target,1.0,1.0,236.0,236.0,237.0,237.0,236,236,237,237,0.004237288135593209,0.00421940928270037,none,none,native,0,1.0,0.0,1.0,0,0,0,0,0,0,0,0,0,0,0,0,0,0,7080.0,0.0,0.0,5.0
asottile__pyupgrade-933,476,475,add_subtask,SW476,0.9957805907172996,0.9957983193277311,237.0,236.0,238.0,237.0,237,236,238,237,0,0,0,-0.00421940928270037,-0.004201680672268893,investigation,investigation,false,source_metadata.target,0.9957805907172996,0.9957983193277311,237.0,236.0,238.0,237.0,237,236,238,237,-0.00421940928270037,-0.004201680672268893,investigation,investigation,native,0,1.0,0.0,0.9957264957264957,0,0,0,0,0,0,0,0,0,0,0,0,0,0,7110.0,30.0,30.0,5.0
asottile__pyupgrade-933,476,476,update_status,SW476,1.0,1.0,237.0,237.0,238.0,238.0,237,237,238,238,0,0,0,0.00421940928270037,0.004201680672268893,none,none,false,source_metadata.target,1.0,1.0,237.0,237.0,238.0,238.0,237,237,238,238,0.00421940928270037,0.004201680672268893,none,none,native,0,1.0,0.0,1.0,0,0,0,0,0,0,0,0,0,0,0,0,0,0,7110.0,0.0,0.0,5.0
asottile__pyupgrade-933,478,477,add_subtask,SW478,0.9957983193277311,0.99581589958159,238.0,237.0,239.0,238.0,238,237,239,238,0,0,0,-0.004201680672268893,-0.004184100418409997,investigation,investigation,false,source_metadata.target,0.9957983193277311,0.99581589958159,238.0,237.0,239.0,238.0,238,237,239,238,-0.004201680672268893,-0.004184100418409997,investigation,investigation,native,0,1.0,0.0,0.9957446808510638,0,0,0,0,0,0,0,0,0,0,0,0,0,0,7140.0,30.0,30.0,5.0
asottile__pyupgrade-933,478,478,update_status,SW478,1.0,1.0,238.0,238.0,239.0,239.0,238,238,239,239,0,0,0,0.004201680672268893,0.004184100418409997,none,none,false,source_metadata.target,1.0,1.0,238.0,238.0,239.0,239.0,238,238,239,239,0.004201680672268893,0.004184100418409997,none,none,native,0,1.0,0.0,1.0,0,0,0,0,0,0,0,0,0,0,0,0,0,0,7140.0,0.0,0.0,5.0
asottile__pyupgrade-933,480,479,add_subtask,SW480,0.99581589958159,0.9958333333333333,239.0,238.0,240.0,239.0,239,238,240,239,0,0,0,-0.004184100418409997,-0.004166666666666652,investigation,investigation,false,source_metadata.target,0.99581589958159,0.9958333333333333,239.0,238.0,240.0,239.0,239,238,240,239,-0.004184100418409997,-0.004166666666666652,investigation,investigation,native,0,1.0,0.0,0.9957627118644068,0,0,0,0,0,0,0,0,0,0,0,0,0,0,7170.0,30.0,30.0,5.0
asottile__pyupgrade-933,480,480,update_status,SW480,1.0,1.0,239.0,239.0,240.0,240.0,239,239,240,240,0,0,0,0.004184100418409997,0.004166666666666652,none,none,false,source_metadata.target,1.0,1.0,239.0,239.0,240.0,240.0,239,239,240,240,0.004184100418409997,0.004166666666666652,none,none,native,0,1.0,0.0,1.0,0,0,0,0,0,0,0,0,0,0,0,0,0,0,7170.0,0.0,0.0,5.0
asottile__pyupgrade-933,482,481,add_subtask,SW482,0.9958333333333333,0.995850622406639,240.0,239.0,241.0,240.0,240,239,241,240,0,0,0,-0.004166666666666652,-0.004149377593360981,investigation,investigation,false,source_metadata.target,0.9958333333333333,0.995850622406639,240.0,239.0,241.0,240.0,240,239,241,240,-0.004166666666666652,-0.004149377593360981,investigation,investigation,native,0,1.0,0.0,0.9957805907172996,0,0,0,0,0,0,0,0,0,0,0,0,0,0,7200.0,30.0,30.0,5.0
asottile__pyupgrade-933,482,482,update_status,SW482,1.0,1.0,240.0,240.0,241.0,241.0,240,240,241,241,0,0,0,0.004166666666666652,0.004149377593360981,none,none,false,source_metadata.target,1.0,1.0,240.0,240.0,241.0,241.0,240,240,241,241,0.004166666666666652,0.004149377593360981,none,none,native,0,1.0,0.0,1.0,0,0,0,0,0,0,0,0,0,0,0,0,0,0,7200.0,0.0,0.0,5.0
asottile__pyupgrade-933,484,483,add_subtask,SW484,0.995850622406639,0.9958677685950413,241.0,240.0,242.0,241.0,241,240,242,241,0,0,0,-0.004149377593360981,-0.004132231404958664,investigation,investigation,false,source_metadata.target,0.995850622406639,0.9958677685950413,241.0,240.0,242.0,241.0,241,240,242,241,-0.004149377593360981,-0.004132231404958664,investigation,investigation,native,0,1.0,0.0,0.9957983193277311,0,0,0,0,0,0,0,0,0,0,0,0,0,0,7230.0,30.0,30.0,5.0
asottile__pyupgrade-933,484,484,update_status,SW484,1.0,1.0,241.0,241.0,242.0,242.0,241,241,242,242,0,0,0,0.004149377593360981,0.004132231404958664,none,none,false,source_metadata.target,1.0,1.0,241.0,241.0,242.0,242.0,241,241,242,242,0.004149377593360981,0.004132231404958664,none,none,native,0,1.0,0.0,1.0,0,0,0,0,0,0,0,0,0,0,0,0,0,0,7230.0,0.0,0.0,5.0
asottile__pyupgrade-933,486,485,add_subtask,SW486,0.9958677685950413,0.9958847736625515,242.0,241.0,243.0,242.0,242,241,243,242,0,0,0,-0.004132231404958664,-0.004115226337448541,investigation,investigation,false,source_metadata.target,0.9958677685950413,0.9958847736625515,242.0,241.0,243.0,242.0,242,241,243,242,-0.004132231404958664,-0.004115226337448541,investigation,investigation,native,0,1.0,0.0,0.99581589958159,0,0,0,0,0,0,0,0,0,0,0,0,0,0,7260.0,30.0,30.0,5.0
asottile__pyupgrade-933,486,486,update_status,SW486,1.0,1.0,242.0,242.0,243.0,243.0,242,242,243,243,0,0,0,0.004132231404958664,0.004115226337448541,none,none,false,source_metadata.target,1.0,1.0,242.0,242.0,243.0,243.0,242,242,243,243,0.004132231404958664,0.004115226337448541,none,none,native,0,1.0,0.0,1.0,0,0,0,0,0,0,0,0,0,0,0,0,0,0,7260.0,0.0,0.0,5.0
asottile__pyupgrade-933,488,487,add_subtask,SW488,0.9958847736625515,0.9959016393442623,243.0,242.0,244.0,243.0,243,242,244,243,0,0,0,-0.004115226337448541,-0.004098360655737654,investigation,investigation,false,source_metadata.target,0.9958847736625515,0.9959016393442623,243.0,242.0,244.0,243.0,243,242,244,243,-0.004115226337448541,-0.004098360655737654,investigation,investigation,native,0,1.0,0.0,0.9958333333333333,0,0,0,0,0,0,0,0,0,0,0,0,0,0,7290.0,30.0,30.0,5.0
asottile__pyupgrade-933,488,488,update_status,SW488,1.0,1.0,243.0,243.0,244.0,244.0,243,243,244,244,0,0,0,0.004115226337448541,0.004098360655737654,none,none,false,source_metadata.target,1.0,1.0,243.0,243.0,244.0,244.0,243,243,244,244,0.004115226337448541,0.004098360655737654,none,none,native,0,1.0,0.0,1.0,0,0,0,0,0,0,0,0,0,0,0,0,0,0,7290.0,0.0,0.0,5.0
asottile__pyupgrade-933,490,489,add_subtask,SW490,0.9959016393442623,0.9959183673469387,244.0,243.0,245.0,244.0,244,243,245,244,0,0,0,-0.004098360655737654,-0.004081632653061273,investigation,investigation,false,source_metadata.target,0.9959016393442623,0.9959183673469387,244.0,243.0,245.0,244.0,244,243,245,244,-0.004098360655737654,-0.004081632653061273,investigation,investigation,native,0,1.0,0.0,0.995850622406639,0,0,0,0,0,0,0,0,0,0,0,0,0,0,7320.0,30.0,30.0,5.0
asottile__pyupgrade-933,490,490,update_status,SW490,1.0,1.0,244.0,244.0,245.0,245.0,244,244,245,245,0,0,0,0.004098360655737654,0.004081632653061273,none,none,false,source_metadata.target,1.0,1.0,244.0,244.0,245.0,245.0,244,244,245,245,0.004098360655737654,0.004081632653061273,none,none,native,0,1.0,0.0,1.0,0,0,0,0,0,0,0,0,0,0,0,0,0,0,7320.0,0.0,0.0,5.0
asottile__pyupgrade-933,492,491,add_subtask,SW492,0.9959183673469387,0.9959349593495935,245.0,244.0,246.0,245.0,245,244,246,245,0,0,0,-0.004081632653061273,-0.004065040650406471,investigation,investigation,false,source_metadata.target,0.9959183673469387,0.9959349593495935,245.0,244.0,246.0,245.0,245,244,246,245,-0.004081632653061273,-0.004065040650406471,investigation,investigation,native,0,1.0,0.0,0.9958677685950413,0,0,0,0,0,0,0,0,0,0,0,0,0,0,7350.0,30.0,30.0,5.0
asottile__pyupgrade-933,492,492,update_status,SW492,1.0,1.0,245.0,245.0,246.0,246.0,245,245,246,246,0,0,0,0.004081632653061273,0.004065040650406471,none,none,false,source_metadata.target,1.0,1.0,245.0,245.0,246.0,246.0,245,245,246,246,0.004081632653061273,0.004065040650406471,none,none,native,0,1.0,0.0,1.0,0,0,0,0,0,0,0,0,0,0,0,0,0,0,7350.0,0.0,0.0,5.0
asottile__pyupgrade-933,494,493,add_subtask,SW494,0.9959349593495935,0.9959514170040485,246.0,245.0,247.0,246.0,246,245,247,246,0,0,0,-0.004065040650406471,-0.004048582995951455,investigation,investigation,false,source_metadata.target,0.9959349593495935,0.9959514170040485,246.0,245.0,247.0,246.0,246,245,247,246,-0.004065040650406471,-0.004048582995951455,investigation,investigation,native,0,1.0,0.0,0.9958847736625515,0,0,0,0,0,0,0,0,0,0,0,0,0,0,7380.0,30.0,30.0,5.0
asottile__pyupgrade-933,494,494,update_status,SW494,1.0,1.0,246.0,246.0,247.0,247.0,246,246,247,247,0,0,0,0.004065040650406471,0.004048582995951455,none,none,false,source_metadata.target,1.0,1.0,246.0,246.0,247.0,247.0,246,246,247,247,0.004065040650406471,0.004048582995951455,none,none,native,0,1.0,0.0,1.0,0,0,0,0,0,0,0,0,0,0,0,0,0,0,7380.0,0.0,0.0,5.0
asottile__pyupgrade-933,496,495,add_subtask,SW496,0.9959514170040485,0.9959677419354839,247.0,246.0,248.0,247.0,247,246,248,247,0,0,0,-0.004048582995951455,-0.0040322580645161255,investigation,investigation,false,source_metadata.target,0.9959514170040485,0.9959677419354839,247.0,246.0,248.0,247.0,247,246,248,247,-0.004048582995951455,-0.0040322580645161255,investigation,investigation,native,0,1.0,0.0,0.9959016393442623,0,0,0,0,0,0,0,0,0,0,0,0,0,0,7410.0,30.0,30.0,5.0
asottile__pyupgrade-933,496,496,update_status,SW496,1.0,1.0,247.0,247.0,248.0,248.0,247,247,248,248,0,0,0,0.004048582995951455,0.0040322580645161255,none,none,false,source_metadata.target,1.0,1.0,247.0,247.0,248.0,248.0,247,247,248,248,0.004048582995951455,0.0040322580645161255,none,none,native,0,1.0,0.0,1.0,0,0,0,0,0,0,0,0,0,0,0,0,0,0,7410.0,0.0,0.0,5.0
asottile__pyupgrade-933,498,497,add_subtask,SW498,0.9959677419354839,0.9959839357429718,248.0,247.0,249.0,248.0,248,247,249,248,0,0,0,-0.0040322580645161255,-0.004016064257028162,investigation,investigation,false,source_metadata.target,0.9959677419354839,0.9959839357429718,248.0,247.0,249.0,248.0,248,247,249,248,-0.0040322580645161255,-0.004016064257028162,investigation,investigation,native,0,1.0,0.0,0.9959183673469387,0,0,0,0,0,0,0,0,0,0,0,0,0,0,7440.0,30.0,30.0,5.0
asottile__pyupgrade-933,498,498,update_status,SW498,1.0,1.0,248.0,248.0,249.0,249.0,248,248,249,249,0,0,0,0.0040322580645161255,0.004016064257028162,none,none,false,source_metadata.target,1.0,1.0,248.0,248.0,249.0,249.0,248,248,249,249,0.0040322580645161255,0.004016064257028162,none,none,native,0,1.0,0.0,1.0,0,0,0,0,0,0,0,0,0,0,0,0,0,0,7440.0,0.0,0.0,5.0
asottile__pyupgrade-933,500,499,add_subtask,SW500,0.9959839357429718,0.996,249.0,248.0,250.0,249.0,249,248,250,249,0,0,0,-0.004016064257028162,-0.0040000000000000036,investigation,investigation,false,source_metadata.target,0.9959839357429718,0.996,249.0,248.0,250.0,249.0,249,248,250,249,-0.004016064257028162,-0.0040000000000000036,investigation,investigation,native,0,1.0,0.0,0.9959349593495935,0,0,0,0,0,0,0,0,0,0,0,0,0,0,7470.0,30.0,30.0,5.0
asottile__pyupgrade-933,500,500,update_status,SW500,1.0,1.0,249.0,249.0,250.0,250.0,249,249,250,250,0,0,0,0.004016064257028162,0.0040000000000000036,none,none,false,source_metadata.target,1.0,1.0,249.0,249.0,250.0,250.0,249,249,250,250,0.004016064257028162,0.0040000000000000036,none,none,native,0,1.0,0.0,1.0,0,0,0,0,0,0,0,0,0,0,0,0,0,0,7470.0,0.0,0.0,5.0
asottile__pyupgrade-933,502,501,add_subtask,SW502,0.996,0.9960159362549801,250.0,249.0,251.0,250.0,250,249,251,250,0,0,0,-0.0040000000000000036,-0.003984063745019917,investigation,investigation,false,source_metadata.target,0.996,0.9960159362549801,250.0,249.0,251.0,250.0,250,249,251,250,-0.0040000000000000036,-0.003984063745019917,investigation,investigation,native,0,1.0,0.0,0.9959514170040485,0,0,0,0,0,0,0,0,0,0,0,0,0,0,7500.0,30.0,30.0,5.0
asottile__pyupgrade-933,502,502,update_status,SW502,1.0,1.0,250.0,250.0,251.0,251.0,250,250,251,251,0,0,0,0.0040000000000000036,0.003984063745019917,none,none,false,source_metadata.target,1.0,1.0,250.0,250.0,251.0,251.0,250,250,251,251,0.0040000000000000036,0.003984063745019917,none,none,native,0,1.0,0.0,1.0,0,0,0,0,0,0,0,0,0,0,0,0,0,0,7500.0,0.0,0.0,5.0
asottile__pyupgrade-933,504,503,add_subtask,SW504,0.9960159362549801,0.996031746031746,251.0,250.0,252.0,251.0,251,250,252,251,0,0,0,-0.003984063745019917,-0.003968253968253954,investigation,investigation,false,source_metadata.target,0.9960159362549801,0.996031746031746,251.0,250.0,252.0,251.0,251,250,252,251,-0.003984063745019917,-0.003968253968253954,investigation,investigation,native,0,1.0,0.0,0.9959677419354839,0,0,0,0,0,0,0,0,0,0,0,0,0,0,7530.0,30.0,30.0,5.0
asottile__pyupgrade-933,504,504,update_status,SW504,1.0,1.0,251.0,251.0,252.0,252.0,251,251,252,252,0,0,0,0.003984063745019917,0.003968253968253954,none,none,false,source_metadata.target,1.0,1.0,251.0,251.0,252.0,252.0,251,251,252,252,0.003984063745019917,0.003968253968253954,none,none,native,0,1.0,0.0,1.0,0,0,0,0,0,0,0,0,0,0,0,0,0,0,7530.0,0.0,0.0,5.0
asottile__pyupgrade-933,506,505,add_subtask,SW506,0.996031746031746,0.9960474308300395,252.0,251.0,253.0,252.0,252,251,253,252,0,0,0,-0.003968253968253954,-0.0039525691699604515,investigation,investigation,false,source_metadata.target,0.996031746031746,0.9960474308300395,252.0,251.0,253.0,252.0,252,251,253,252,-0.003968253968253954,-0.0039525691699604515,investigation,investigation,native,0,1.0,0.0,0.9959839357429718,0,0,0,0,0,0,0,0,0,0,0,0,0,0,7560.0,30.0,30.0,5.0
asottile__pyupgrade-933,506,506,update_status,SW506,1.0,1.0,252.0,252.0,253.0,253.0,252,252,253,253,0,0,0,0.003968253968253954,0.0039525691699604515,none,none,false,source_metadata.target,1.0,1.0,252.0,252.0,253.0,253.0,252,252,253,253,0.003968253968253954,0.0039525691699604515,none,none,native,0,1.0,0.0,1.0,0,0,0,0,0,0,0,0,0,0,0,0,0,0,7560.0,0.0,0.0,5.0
asottile__pyupgrade-933,508,507,add_subtask,SW508,0.9960474308300395,0.9960629921259843,253.0,252.0,254.0,253.0,253,252,254,253,0,0,0,-0.0039525691699604515,-0.003937007874015741,investigation,investigation,false,source_metadata.target,0.9960474308300395,0.9960629921259843,253.0,252.0,254.0,253.0,253,252,254,253,-0.0039525691699604515,-0.003937007874015741,investigation,investigation,native,0,1.0,0.0,0.996,0,0,0,0,0,0,0,0,0,0,0,0,0,0,7590.0,30.0,30.0,5.0
asottile__pyupgrade-933,508,508,update_status,SW508,0.9960474308300395,0.9960629921259843,253.0,252.0,254.0,253.0,253,252,254,253,0,0,0,0.0,0.0,none,none,false,source_metadata.target,0.9960474308300395,0.9960629921259843,253.0,252.0,254.0,253.0,253,252,254,253,0.0,0.0,none,none,native,0,1.0,0.0,0.996,0,0,0,0,0,0,0,0,0,0,0,0,0,0,7590.0,0.0,30.0,5.0
asottile__setup-cfg-fmt-132,0,0,init,,0.0,0.0,0,0,0,0,0,0,0,0,0,0,0,0.0,0.0,none,none,false,source_metadata.target,0.0,0.0,0,0,0,0,0,0,0,0,0.0,0.0,none,none,native,0,0.0,0.0,0.0,0,0,0,0,0,0,0,0,0,0,0,0,0,0,0.0,0.0,0.0,
asottile__setup-cfg-fmt-132,2,1,add_subtask,SW2,0.0,0.0,1.0,0,1.0,0,1,0,1,0,0,0,0,0.0,0.0,none,none,false,source_metadata.target,0.0,0.0,1.0,0,1.0,0,1,0,1,0,0.0,0.0,none,none,native,0,0.0,0.0,0.0,0,0,0,0,0,0,0,0,0,0,0,0,0,0,0.0,0.0,0.0,
asottile__setup-cfg-fmt-132,2,2,update_status,SW2,1.0,1.0,1.0,1.0,1.0,1.0,1,1,1,1,0,0,0,1.0,1.0,none,none,false,source_metadata.target,1.0,1.0,1.0,1.0,1.0,1.0,1,1,1,1,1.0,1.0,none,none,native,0,1.0,0.0,0.0,0,0,0,0,0,0,0,0,0,0,0,0,0,0,0.0,0.0,0.0,
asottile__setup-cfg-fmt-132,4,3,add_subtask,SW4,0.5,0.5,2.0,1.0,2.0,1.0,2,1,2,1,0,0,0,-0.5,-0.5,product,product,false,source_metadata.target,0.5,0.5,2.0,1.0,2.0,1.0,2,1,2,1,-0.5,-0.5,product,product,native,0,0.5,0.0,0.0,0,0,0,0,0,0,0,0,0,0,0,0,0,0,30.0,30.0,30.0,8.0
asottile__setup-cfg-fmt-132,4,4,update_status,SW4,1.0,1.0,2.0,2.0,2.0,2.0,2,2,2,2,0,0,0,0.5,0.5,none,none,false,source_metadata.target,1.0,1.0,2.0,2.0,2.0,2.0,2,2,2,2,0.5,0.5,none,none,native,0,1.0,0.0,0.0,0,0,0,0,0,0,0,0,0,0,0,0,0,0,30.0,0.0,0.0,10.0
asottile__setup-cfg-fmt-132,6,5,add_subtask,SW6,0.6666666666666666,0.6666666666666666,3.0,2.0,3.0,2.0,3,2,3,2,0,0,0,-0.33333333333333337,-0.33333333333333337,validation,validation,false,source_metadata.target,0.6666666666666666,0.6666666666666666,3.0,2.0,3.0,2.0,3,2,3,2,-0.33333333333333337,-0.33333333333333337,validation,validation,native,0,1.0,0.0,0.0,0,0,0,0,0,0,0,0,0,0,0,0,0,0,60.0,30.0,30.0,5.0
asottile__setup-cfg-fmt-132,6,6,update_status,SW6,1.0,1.0,3.0,3.0,3.0,3.0,3,3,3,3,0,0,0,0.33333333333333337,0.33333333333333337,none,none,false,source_metadata.target,1.0,1.0,3.0,3.0,3.0,3.0,3,3,3,3,0.33333333333333337,0.33333333333333337,none,none,native,0,1.0,1.0,0.0,0,0,0,0,0,0,0,0,0,0,0,0,0,0,60.0,0.0,0.0,5.0
asottile__setup-cfg-fmt-132,8,7,add_subtask,SW8,0.75,0.75,4.0,3.0,4.0,3.0,4,3,4,3,0,0,0,-0.25,-0.25,product,product,false,source_metadata.target,0.75,0.75,4.0,3.0,4.0,3.0,4,3,4,3,-0.25,-0.25,product,product,native,0,0.6666666666666666,1.0,0.0,0,0,0,0,0,0,0,0,0,0,0,0,0,0,90.0,30.0,30.0,5.0
asottile__setup-cfg-fmt-132,8,8,update_status,SW8,1.0,1.0,4.0,4.0,4.0,4.0,4,4,4,4,0,0,0,0.25,0.25,none,none,false,source_metadata.target,1.0,1.0,4.0,4.0,4.0,4.0,4,4,4,4,0.25,0.25,none,none,native,0,1.0,1.0,0.0,0,0,0,0,0,0,0,0,0,0,0,0,0,0,90.0,0.0,0.0,5.0
asottile__setup-cfg-fmt-132,10,9,add_subtask,SW10,0.8,0.8,5.0,4.0,5.0,4.0,5,4,5,4,0,0,0,-0.19999999999999996,-0.19999999999999996,investigation,investigation,false,source_metadata.target,0.8,0.8,5.0,4.0,5.0,4.0,5,4,5,4,-0.19999999999999996,-0.19999999999999996,investigation,investigation,native,0,1.0,1.0,0.0,0,0,0,0,0,0,0,0,0,0,0,0,0,0,120.0,30.0,30.0,5.0
asottile__setup-cfg-fmt-132,10,10,update_status,SW10,1.0,1.0,5.0,5.0,5.0,5.0,5,5,5,5,0,0,0,0.19999999999999996,0.19999999999999996,none,none,false,source_metadata.target,1.0,1.0,5.0,5.0,5.0,5.0,5,5,5,5,0.19999999999999996,0.19999999999999996,none,none,native,0,1.0,1.0,1.0,0,0,0,0,0,0,0,0,0,0,0,0,0,0,120.0,0.0,0.0,5.0
asottile__setup-cfg-fmt-132,12,11,add_subtask,SW12,0.8333333333333334,0.8333333333333334,6.0,5.0,6.0,5.0,6,5,6,5,0,0,0,-0.16666666666666663,-0.16666666666666663,investigation,investigation,false,source_metadata.target,0.8333333333333334,0.8333333333333334,6.0,5.0,6.0,5.0,6,5,6,5,-0.16666666666666663,-0.16666666666666663,investigation,investigation,native,0,1.0,1.0,0.5,0,0,0,0,0,0,0,0,0,0,0,0,0,0,150.0,30.0,30.0,5.0
asottile__setup-cfg-fmt-132,12,12,update_status,SW12,1.0,1.0,6.0,6.0,6.0,6.0,6,6,6,6,0,0,0,0.16666666666666663,0.16666666666666663,none,none,false,source_metadata.target,1.0,1.0,6.0,6.0,6.0,6.0,6,6,6,6,0.16666666666666663,0.16666666666666663,none,none,native,0,1.0,1.0,1.0,0,0,0,0,0,0,0,0,0,0,0,0,0,0,150.0,0.0,0.0,5.0
asottile__setup-cfg-fmt-132,14,13,add_subtask,SW14,0.8571428571428571,0.8571428571428571,7.0,6.0,7.0,6.0,7,6,7,6,0,0,0,-0.1428571428571429,-0.1428571428571429,investigation,investigation,false,source_metadata.target,0.8571428571428571,0.8571428571428571,7.0,6.0,7.0,6.0,7,6,7,6,-0.1428571428571429,-0.1428571428571429,investigation,investigation,native,0,1.0,1.0,0.6666666666666666,0,0,0,0,0,0,0,0,0,0,0,0,0,0,180.0,30.0,30.0,5.0
asottile__setup-cfg-fmt-132,14,14,update_status,SW14,1.0,1.0,7.0,7.0,7.0,7.0,7,7,7,7,0,0,0,0.1428571428571429,0.1428571428571429,none,none,false,source_metadata.target,1.0,1.0,7.0,7.0,7.0,7.0,7,7,7,7,0.1428571428571429,0.1428571428571429,none,none,native,0,1.0,1.0,1.0,0,0,0,0,0,0,0,0,0,0,0,0,0,0,180.0,0.0,0.0,5.0
asottile__setup-cfg-fmt-132,16,15,add_subtask,SW16,0.875,0.875,8.0,7.0,8.0,7.0,8,7,8,7,0,0,0,-0.125,-0.125,investigation,investigation,false,source_metadata.target,0.875,0.875,8.0,7.0,8.0,7.0,8,7,8,7,-0.125,-0.125,investigation,investigation,native,0,1.0,1.0,0.75,0,0,0,0,0,0,0,0,0,0,0,0,0,0,210.0,30.0,30.0,5.0
asottile__setup-cfg-fmt-132,16,16,update_status,SW16,1.0,1.0,8.0,8.0,8.0,8.0,8,8,8,8,0,0,0,0.125,0.125,none,none,false,source_metadata.target,1.0,1.0,8.0,8.0,8.0,8.0,8,8,8,8,0.125,0.125,none,none,native,0,1.0,1.0,1.0,0,0,0,0,0,0,0,0,0,0,0,0,0,0,210.0,0.0,0.0,5.0
asottile__setup-cfg-fmt-132,18,17,add_subtask,SW18,0.8888888888888888,0.8888888888888888,9.0,8.0,9.0,8.0,9,8,9,8,0,0,0,-0.11111111111111116,-0.11111111111111116,investigation,investigation,false,source_metadata.target,0.8888888888888888,0.8888888888888888,9.0,8.0,9.0,8.0,9,8,9,8,-0.11111111111111116,-0.11111111111111116,investigation,investigation,native,0,1.0,1.0,0.8,0,0,0,0,0,0,0,0,0,0,0,0,0,0,240.0,30.0,30.0,5.0
asottile__setup-cfg-fmt-132,18,18,update_status,SW18,1.0,1.0,9.0,9.0,9.0,9.0,9,9,9,9,0,0,0,0.11111111111111116,0.11111111111111116,none,none,false,source_metadata.target,1.0,1.0,9.0,9.0,9.0,9.0,9,9,9,9,0.11111111111111116,0.11111111111111116,none,none,native,0,1.0,1.0,1.0,0,0,0,0,0,0,0,0,0,0,0,0,0,0,240.0,0.0,0.0,5.0
asottile__setup-cfg-fmt-132,20,19,add_subtask,SW20,0.9,0.9,10.0,9.0,10.0,9.0,10,9,10,9,0,0,0,-0.09999999999999998,-0.09999999999999998,investigation,investigation,false,source_metadata.target,0.9,0.9,10.0,9.0,10.0,9.0,10,9,10,9,-0.09999999999999998,-0.09999999999999998,investigation,investigation,native,0,1.0,1.0,0.8333333333333334,0,0,0,0,0,0,0,0,0,0,0,0,0,0,270.0,30.0,30.0,5.0
asottile__setup-cfg-fmt-132,20,20,update_status,SW20,1.0,1.0,10.0,10.0,10.0,10.0,10,10,10,10,0,0,0,0.09999999999999998,0.09999999999999998,none,none,false,source_metadata.target,1.0,1.0,10.0,10.0,10.0,10.0,10,10,10,10,0.09999999999999998,0.09999999999999998,none,none,native,0,1.0,1.0,1.0,0,0,0,0,0,0,0,0,0,0,0,0,0,0,270.0,0.0,0.0,5.0
asottile__setup-cfg-fmt-132,22,21,add_subtask,SW22,0.9090909090909091,0.9090909090909091,11.0,10.0,11.0,10.0,11,10,11,10,0,0,0,-0.09090909090909094,-0.09090909090909094,investigation,investigation,false,source_metadata.target,0.9090909090909091,0.9090909090909091,11.0,10.0,11.0,10.0,11,10,11,10,-0.09090909090909094,-0.09090909090909094,investigation,investigation,native,0,1.0,1.0,0.8571428571428571,0,0,0,0,0,0,0,0,0,0,0,0,0,0,300.0,30.0,30.0,5.0
asottile__setup-cfg-fmt-132,22,22,update_status,SW22,1.0,1.0,11.0,11.0,11.0,11.0,11,11,11,11,0,0,0,0.09090909090909094,0.09090909090909094,none,none,false,source_metadata.target,1.0,1.0,11.0,11.0,11.0,11.0,11,11,11,11,0.09090909090909094,0.09090909090909094,none,none,native,0,1.0,1.0,1.0,0,0,0,0,0,0,0,0,0,0,0,0,0,0,300.0,0.0,0.0,5.0
asottile__setup-cfg-fmt-132,24,23,add_subtask,SW24,0.9166666666666666,0.9166666666666666,12.0,11.0,12.0,11.0,12,11,12,11,0,0,0,-0.08333333333333337,-0.08333333333333337,investigation,investigation,false,source_metadata.target,0.9166666666666666,0.9166666666666666,12.0,11.0,12.0,11.0,12,11,12,11,-0.08333333333333337,-0.08333333333333337,investigation,investigation,native,0,1.0,1.0,0.875,0,0,0,0,0,0,0,0,0,0,0,0,0,0,330.0,30.0,30.0,5.0
asottile__setup-cfg-fmt-132,24,24,update_status,SW24,1.0,1.0,12.0,12.0,12.0,12.0,12,12,12,12,0,0,0,0.08333333333333337,0.08333333333333337,none,none,false,source_metadata.target,1.0,1.0,12.0,12.0,12.0,12.0,12,12,12,12,0.08333333333333337,0.08333333333333337,none,none,native,0,1.0,1.0,1.0,0,0,0,0,0,0,0,0,0,0,0,0,0,0,330.0,0.0,0.0,5.0
asottile__setup-cfg-fmt-132,26,25,add_subtask,SW26,0.9230769230769231,0.9230769230769231,13.0,12.0,13.0,12.0,13,12,13,12,0,0,0,-0.07692307692307687,-0.07692307692307687,investigation,investigation,false,source_metadata.target,0.9230769230769231,0.9230769230769231,13.0,12.0,13.0,12.0,13,12,13,12,-0.07692307692307687,-0.07692307692307687,investigation,investigation,native,0,1.0,1.0,0.8888888888888888,0,0,0,0,0,0,0,0,0,0,0,0,0,0,360.0,30.0,30.0,5.0
asottile__setup-cfg-fmt-132,26,26,update_status,SW26,1.0,1.0,13.0,13.0,13.0,13.0,13,13,13,13,0,0,0,0.07692307692307687,0.07692307692307687,none,none,false,source_metadata.target,1.0,1.0,13.0,13.0,13.0,13.0,13,13,13,13,0.07692307692307687,0.07692307692307687,none,none,native,0,1.0,1.0,1.0,0,0,0,0,0,0,0,0,0,0,0,0,0,0,360.0,0.0,0.0,5.0
asottile__setup-cfg-fmt-132,28,27,add_subtask,SW28,0.9285714285714286,0.9285714285714286,14.0,13.0,14.0,13.0,14,13,14,13,0,0,0,-0.0714285714285714,-0.0714285714285714,investigation,investigation,false,source_metadata.target,0.9285714285714286,0.9285714285714286,14.0,13.0,14.0,13.0,14,13,14,13,-0.0714285714285714,-0.0714285714285714,investigation,investigation,native,0,1.0,1.0,0.9,0,0,0,0,0,0,0,0,0,0,0,0,0,0,390.0,30.0,30.0,5.0
asottile__setup-cfg-fmt-132,28,28,update_status,SW28,1.0,1.0,14.0,14.0,14.0,14.0,14,14,14,14,0,0,0,0.0714285714285714,0.0714285714285714,none,none,false,source_metadata.target,1.0,1.0,14.0,14.0,14.0,14.0,14,14,14,14,0.0714285714285714,0.0714285714285714,none,none,native,0,1.0,1.0,1.0,0,0,0,0,0,0,0,0,0,0,0,0,0,0,390.0,0.0,0.0,5.0
asottile__setup-cfg-fmt-132,30,29,add_subtask,SW30,0.9333333333333333,0.9333333333333333,15.0,14.0,15.0,14.0,15,14,15,14,0,0,0,-0.06666666666666665,-0.06666666666666665,investigation,investigation,false,source_metadata.target,0.9333333333333333,0.9333333333333333,15.0,14.0,15.0,14.0,15,14,15,14,-0.06666666666666665,-0.06666666666666665,investigation,investigation,native,0,1.0,1.0,0.9090909090909091,0,0,0,0,0,0,0,0,0,0,0,0,0,0,420.0,30.0,30.0,5.0
asottile__setup-cfg-fmt-132,30,30,update_status,SW30,1.0,1.0,15.0,15.0,15.0,15.0,15,15,15,15,0,0,0,0.06666666666666665,0.06666666666666665,none,none,false,source_metadata.target,1.0,1.0,15.0,15.0,15.0,15.0,15,15,15,15,0.06666666666666665,0.06666666666666665,none,none,native,0,1.0,1.0,1.0,0,0,0,0,0,0,0,0,0,0,0,0,0,0,420.0,0.0,0.0,5.0
asottile__setup-cfg-fmt-132,32,31,add_subtask,SW32,0.9375,0.9375,16.0,15.0,16.0,15.0,16,15,16,15,0,0,0,-0.0625,-0.0625,investigation,investigation,false,source_metadata.target,0.9375,0.9375,16.0,15.0,16.0,15.0,16,15,16,15,-0.0625,-0.0625,investigation,investigation,native,0,1.0,1.0,0.9166666666666666,0,0,0,0,0,0,0,0,0,0,0,0,0,0,450.0,30.0,30.0,5.0
asottile__setup-cfg-fmt-132,32,32,update_status,SW32,1.0,1.0,16.0,16.0,16.0,16.0,16,16,16,16,0,0,0,0.0625,0.0625,none,none,false,source_metadata.target,1.0,1.0,16.0,16.0,16.0,16.0,16,16,16,16,0.0625,0.0625,none,none,native,0,1.0,1.0,1.0,0,0,0,0,0,0,0,0,0,0,0,0,0,0,450.0,0.0,0.0,5.0
asottile__setup-cfg-fmt-132,34,33,add_subtask,SW34,0.9411764705882353,0.9411764705882353,17.0,16.0,17.0,16.0,17,16,17,16,0,0,0,-0.05882352941176472,-0.05882352941176472,investigation,investigation,false,source_metadata.target,0.9411764705882353,0.9411764705882353,17.0,16.0,17.0,16.0,17,16,17,16,-0.05882352941176472,-0.05882352941176472,investigation,investigation,native,0,1.0,1.0,0.9230769230769231,0,0,0,0,0,0,0,0,0,0,0,0,0,0,480.0,30.0,30.0,5.0
asottile__setup-cfg-fmt-132,34,34,update_status,SW34,1.0,1.0,17.0,17.0,17.0,17.0,17,17,17,17,0,0,0,0.05882352941176472,0.05882352941176472,none,none,false,source_metadata.target,1.0,1.0,17.0,17.0,17.0,17.0,17,17,17,17,0.05882352941176472,0.05882352941176472,none,none,native,0,1.0,1.0,1.0,0,0,0,0,0,0,0,0,0,0,0,0,0,0,480.0,0.0,0.0,5.0
asottile__setup-cfg-fmt-132,36,35,add_subtask,SW36,0.9444444444444444,0.9444444444444444,18.0,17.0,18.0,17.0,18,17,18,17,0,0,0,-0.05555555555555558,-0.05555555555555558,investigation,investigation,false,source_metadata.target,0.9444444444444444,0.9444444444444444,18.0,17.0,18.0,17.0,18,17,18,17,-0.05555555555555558,-0.05555555555555558,investigation,investigation,native,0,1.0,1.0,0.9285714285714286,0,0,0,0,0,0,0,0,0,0,0,0,0,0,510.0,30.0,30.0,5.0
asottile__setup-cfg-fmt-132,36,36,update_status,SW36,1.0,1.0,18.0,18.0,18.0,18.0,18,18,18,18,0,0,0,0.05555555555555558,0.05555555555555558,none,none,false,source_metadata.target,1.0,1.0,18.0,18.0,18.0,18.0,18,18,18,18,0.05555555555555558,0.05555555555555558,none,none,native,0,1.0,1.0,1.0,0,0,0,0,0,0,0,0,0,0,0,0,0,0,510.0,0.0,0.0,5.0
asottile__setup-cfg-fmt-132,38,37,add_subtask,SW38,0.9473684210526315,0.9473684210526315,19.0,18.0,19.0,18.0,19,18,19,18,0,0,0,-0.052631578947368474,-0.052631578947368474,investigation,investigation,false,source_metadata.target,0.9473684210526315,0.9473684210526315,19.0,18.0,19.0,18.0,19,18,19,18,-0.052631578947368474,-0.052631578947368474,investigation,investigation,native,0,1.0,1.0,0.9333333333333333,0,0,0,0,0,0,0,0,0,0,0,0,0,0,540.0,30.0,30.0,5.0
asottile__setup-cfg-fmt-132,38,38,update_status,SW38,1.0,1.0,19.0,19.0,19.0,19.0,19,19,19,19,0,0,0,0.052631578947368474,0.052631578947368474,none,none,false,source_metadata.target,1.0,1.0,19.0,19.0,19.0,19.0,19,19,19,19,0.052631578947368474,0.052631578947368474,none,none,native,0,1.0,1.0,1.0,0,0,0,0,0,0,0,0,0,0,0,0,0,0,540.0,0.0,0.0,5.0
asottile__setup-cfg-fmt-132,40,39,add_subtask,SW40,0.95,0.95,20.0,19.0,20.0,19.0,20,19,20,19,0,0,0,-0.050000000000000044,-0.050000000000000044,investigation,investigation,false,source_metadata.target,0.95,0.95,20.0,19.0,20.0,19.0,20,19,20,19,-0.050000000000000044,-0.050000000000000044,investigation,investigation,native,0,1.0,1.0,0.9375,0,0,0,0,0,0,0,0,0,0,0,0,0,0,570.0,30.0,30.0,5.0
asottile__setup-cfg-fmt-132,40,40,update_status,SW40,1.0,1.0,20.0,20.0,20.0,20.0,20,20,20,20,0,0,0,0.050000000000000044,0.050000000000000044,none,none,false,source_metadata.target,1.0,1.0,20.0,20.0,20.0,20.0,20,20,20,20,0.050000000000000044,0.050000000000000044,none,none,native,0,1.0,1.0,1.0,0,0,0,0,0,0,0,0,0,0,0,0,0,0,570.0,0.0,0.0,5.0
asottile__setup-cfg-fmt-132,42,41,add_subtask,SW42,0.9523809523809523,0.9523809523809523,21.0,20.0,21.0,20.0,21,20,21,20,0,0,0,-0.04761904761904767,-0.04761904761904767,investigation,investigation,false,source_metadata.target,0.9523809523809523,0.9523809523809523,21.0,20.0,21.0,20.0,21,20,21,20,-0.04761904761904767,-0.04761904761904767,investigation,investigation,native,0,1.0,1.0,0.9411764705882353,0,0,0,0,0,0,0,0,0,0,0,0,0,0,600.0,30.0,30.0,5.0
asottile__setup-cfg-fmt-132,42,42,update_status,SW42,1.0,1.0,21.0,21.0,21.0,21.0,21,21,21,21,0,0,0,0.04761904761904767,0.04761904761904767,none,none,false,source_metadata.target,1.0,1.0,21.0,21.0,21.0,21.0,21,21,21,21,0.04761904761904767,0.04761904761904767,none,none,native,0,1.0,1.0,1.0,0,0,0,0,0,0,0,0,0,0,0,0,0,0,600.0,0.0,0.0,5.0
asottile__setup-cfg-fmt-132,44,43,add_subtask,SW44,0.9545454545454546,0.9545454545454546,22.0,21.0,22.0,21.0,22,21,22,21,0,0,0,-0.045454545454545414,-0.045454545454545414,investigation,investigation,false,source_metadata.target,0.9545454545454546,0.9545454545454546,22.0,21.0,22.0,21.0,22,21,22,21,-0.045454545454545414,-0.045454545454545414,investigation,investigation,native,0,1.0,1.0,0.9444444444444444,0,0,0,0,0,0,0,0,0,0,0,0,0,0,630.0,30.0,30.0,5.0
asottile__setup-cfg-fmt-132,44,44,update_status,SW44,1.0,1.0,22.0,22.0,22.0,22.0,22,22,22,22,0,0,0,0.045454545454545414,0.045454545454545414,none,none,false,source_metadata.target,1.0,1.0,22.0,22.0,22.0,22.0,22,22,22,22,0.045454545454545414,0.045454545454545414,none,none,native,0,1.0,1.0,1.0,0,0,0,0,0,0,0,0,0,0,0,0,0,0,630.0,0.0,0.0,5.0
asottile__setup-cfg-fmt-132,46,45,add_subtask,SW46,0.9565217391304348,0.9565217391304348,23.0,22.0,23.0,22.0,23,22,23,22,0,0,0,-0.04347826086956519,-0.04347826086956519,investigation,investigation,false,source_metadata.target,0.9565217391304348,0.9565217391304348,23.0,22.0,23.0,22.0,23,22,23,22,-0.04347826086956519,-0.04347826086956519,investigation,investigation,native,0,1.0,1.0,0.9473684210526315,0,0,0,0,0,0,0,0,0,0,0,0,0,0,660.0,30.0,30.0,5.0
asottile__setup-cfg-fmt-132,46,46,update_status,SW46,1.0,1.0,23.0,23.0,23.0,23.0,23,23,23,23,0,0,0,0.04347826086956519,0.04347826086956519,none,none,false,source_metadata.target,1.0,1.0,23.0,23.0,23.0,23.0,23,23,23,23,0.04347826086956519,0.04347826086956519,none,none,native,0,1.0,1.0,1.0,0,0,0,0,0,0,0,0,0,0,0,0,0,0,660.0,0.0,0.0,5.0
asottile__setup-cfg-fmt-132,48,47,add_subtask,SW48,0.9583333333333334,0.9583333333333334,24.0,23.0,24.0,23.0,24,23,24,23,0,0,0,-0.04166666666666663,-0.04166666666666663,investigation,investigation,false,source_metadata.target,0.9583333333333334,0.9583333333333334,24.0,23.0,24.0,23.0,24,23,24,23,-0.04166666666666663,-0.04166666666666663,investigation,investigation,native,0,1.0,1.0,0.95,0,0,0,0,0,0,0,0,0,0,0,0,0,0,690.0,30.0,30.0,5.0
asottile__setup-cfg-fmt-132,48,48,update_status,SW48,1.0,1.0,24.0,24.0,24.0,24.0,24,24,24,24,0,0,0,0.04166666666666663,0.04166666666666663,none,none,false,source_metadata.target,1.0,1.0,24.0,24.0,24.0,24.0,24,24,24,24,0.04166666666666663,0.04166666666666663,none,none,native,0,1.0,1.0,1.0,0,0,0,0,0,0,0,0,0,0,0,0,0,0,690.0,0.0,0.0,5.0
asottile__setup-cfg-fmt-132,50,49,add_subtask,SW50,0.96,0.96,25.0,24.0,25.0,24.0,25,24,25,24,0,0,0,-0.040000000000000036,-0.040000000000000036,investigation,investigation,false,source_metadata.target,0.96,0.96,25.0,24.0,25.0,24.0,25,24,25,24,-0.040000000000000036,-0.040000000000000036,investigation,investigation,native,0,1.0,1.0,0.9523809523809523,0,0,0,0,0,0,0,0,0,0,0,0,0,0,720.0,30.0,30.0,5.0
asottile__setup-cfg-fmt-132,50,50,update_status,SW50,1.0,1.0,25.0,25.0,25.0,25.0,25,25,25,25,0,0,0,0.040000000000000036,0.040000000000000036,none,none,false,source_metadata.target,1.0,1.0,25.0,25.0,25.0,25.0,25,25,25,25,0.040000000000000036,0.040000000000000036,none,none,native,0,1.0,1.0,1.0,0,0,0,0,0,0,0,0,0,0,0,0,0,0,720.0,0.0,0.0,5.0
asottile__setup-cfg-fmt-132,52,51,add_subtask,SW52,0.9615384615384616,0.9615384615384616,26.0,25.0,26.0,25.0,26,25,26,25,0,0,0,-0.038461538461538436,-0.038461538461538436,investigation,investigation,false,source_metadata.target,0.9615384615384616,0.9615384615384616,26.0,25.0,26.0,25.0,26,25,26,25,-0.038461538461538436,-0.038461538461538436,investigation,investigation,native,0,1.0,1.0,0.9545454545454546,0,0,0,0,0,0,0,0,0,0,0,0,0,0,750.0,30.0,30.0,5.0
asottile__setup-cfg-fmt-132,52,52,update_status,SW52,1.0,1.0,26.0,26.0,26.0,26.0,26,26,26,26,0,0,0,0.038461538461538436,0.038461538461538436,none,none,false,source_metadata.target,1.0,1.0,26.0,26.0,26.0,26.0,26,26,26,26,0.038461538461538436,0.038461538461538436,none,none,native,0,1.0,1.0,1.0,0,0,0,0,0,0,0,0,0,0,0,0,0,0,750.0,0.0,0.0,5.0
asottile__setup-cfg-fmt-132,54,53,add_subtask,SW54,0.9629629629629629,0.9629629629629629,27.0,26.0,27.0,26.0,27,26,27,26,0,0,0,-0.03703703703703709,-0.03703703703703709,investigation,investigation,false,source_metadata.target,0.9629629629629629,0.9629629629629629,27.0,26.0,27.0,26.0,27,26,27,26,-0.03703703703703709,-0.03703703703703709,investigation,investigation,native,0,1.0,1.0,0.9565217391304348,0,0,0,0,0,0,0,0,0,0,0,0,0,0,780.0,30.0,30.0,5.0
asottile__setup-cfg-fmt-132,54,54,update_status,SW54,1.0,1.0,27.0,27.0,27.0,27.0,27,27,27,27,0,0,0,0.03703703703703709,0.03703703703703709,none,none,false,source_metadata.target,1.0,1.0,27.0,27.0,27.0,27.0,27,27,27,27,0.03703703703703709,0.03703703703703709,none,none,native,0,1.0,1.0,1.0,0,0,0,0,0,0,0,0,0,0,0,0,0,0,780.0,0.0,0.0,5.0
asottile__setup-cfg-fmt-132,56,55,add_subtask,SW56,0.9642857142857143,0.9642857142857143,28.0,27.0,28.0,27.0,28,27,28,27,0,0,0,-0.0357142857142857,-0.0357142857142857,investigation,investigation,false,source_metadata.target,0.9642857142857143,0.9642857142857143,28.0,27.0,28.0,27.0,28,27,28,27,-0.0357142857142857,-0.0357142857142857,investigation,investigation,native,0,1.0,1.0,0.9583333333333334,0,0,0,0,0,0,0,0,0,0,0,0,0,0,810.0,30.0,30.0,5.0
asottile__setup-cfg-fmt-132,56,56,update_status,SW56,1.0,1.0,28.0,28.0,28.0,28.0,28,28,28,28,0,0,0,0.0357142857142857,0.0357142857142857,none,none,false,source_metadata.target,1.0,1.0,28.0,28.0,28.0,28.0,28,28,28,28,0.0357142857142857,0.0357142857142857,none,none,native,0,1.0,1.0,1.0,0,0,0,0,0,0,0,0,0,0,0,0,0,0,810.0,0.0,0.0,5.0
asottile__setup-cfg-fmt-132,58,57,add_subtask,SW58,0.9655172413793104,0.9655172413793104,29.0,28.0,29.0,28.0,29,28,29,28,0,0,0,-0.03448275862068961,-0.03448275862068961,investigation,investigation,false,source_metadata.target,0.9655172413793104,0.9655172413793104,29.0,28.0,29.0,28.0,29,28,29,28,-0.03448275862068961,-0.03448275862068961,investigation,investigation,native,0,1.0,1.0,0.96,0,0,0,0,0,0,0,0,0,0,0,0,0,0,840.0,30.0,30.0,5.0
asottile__setup-cfg-fmt-132,58,58,update_status,SW58,1.0,1.0,29.0,29.0,29.0,29.0,29,29,29,29,0,0,0,0.03448275862068961,0.03448275862068961,none,none,false,source_metadata.target,1.0,1.0,29.0,29.0,29.0,29.0,29,29,29,29,0.03448275862068961,0.03448275862068961,none,none,native,0,1.0,1.0,1.0,0,0,0,0,0,0,0,0,0,0,0,0,0,0,840.0,0.0,0.0,5.0
asottile__setup-cfg-fmt-132,60,59,add_subtask,SW60,0.9666666666666667,0.9666666666666667,30.0,29.0,30.0,29.0,30,29,30,29,0,0,0,-0.033333333333333326,-0.033333333333333326,investigation,investigation,false,source_metadata.target,0.9666666666666667,0.9666666666666667,30.0,29.0,30.0,29.0,30,29,30,29,-0.033333333333333326,-0.033333333333333326,investigation,investigation,native,0,1.0,1.0,0.9615384615384616,0,0,0,0,0,0,0,0,0,0,0,0,0,0,870.0,30.0,30.0,5.0
asottile__setup-cfg-fmt-132,60,60,update_status,SW60,1.0,1.0,30.0,30.0,30.0,30.0,30,30,30,30,0,0,0,0.033333333333333326,0.033333333333333326,none,none,false,source_metadata.target,1.0,1.0,30.0,30.0,30.0,30.0,30,30,30,30,0.033333333333333326,0.033333333333333326,none,none,native,0,1.0,1.0,1.0,0,0,0,0,0,0,0,0,0,0,0,0,0,0,870.0,0.0,0.0,5.0
asottile__setup-cfg-fmt-132,62,61,add_subtask,SW62,0.967741935483871,0.967741935483871,31.0,30.0,31.0,30.0,31,30,31,30,0,0,0,-0.032258064516129004,-0.032258064516129004,investigation,investigation,false,source_metadata.target,0.967741935483871,0.967741935483871,31.0,30.0,31.0,30.0,31,30,31,30,-0.032258064516129004,-0.032258064516129004,investigation,investigation,native,0,1.0,1.0,0.9629629629629629,0,0,0,0,0,0,0,0,0,0,0,0,0,0,900.0,30.0,30.0,5.0
asottile__setup-cfg-fmt-132,62,62,update_status,SW62,1.0,1.0,31.0,31.0,31.0,31.0,31,31,31,31,0,0,0,0.032258064516129004,0.032258064516129004,none,none,false,source_metadata.target,1.0,1.0,31.0,31.0,31.0,31.0,31,31,31,31,0.032258064516129004,0.032258064516129004,none,none,native,0,1.0,1.0,1.0,0,0,0,0,0,0,0,0,0,0,0,0,0,0,900.0,0.0,0.0,5.0
asottile__setup-cfg-fmt-132,64,63,add_subtask,SW64,0.96875,0.96875,32.0,31.0,32.0,31.0,32,31,32,31,0,0,0,-0.03125,-0.03125,investigation,investigation,false,source_metadata.target,0.96875,0.96875,32.0,31.0,32.0,31.0,32,31,32,31,-0.03125,-0.03125,investigation,investigation,native,0,1.0,1.0,0.9642857142857143,0,0,0,0,0,0,0,0,0,0,0,0,0,0,930.0,30.0,30.0,5.0
asottile__setup-cfg-fmt-132,64,64,update_status,SW64,1.0,1.0,32.0,32.0,32.0,32.0,32,32,32,32,0,0,0,0.03125,0.03125,none,none,false,source_metadata.target,1.0,1.0,32.0,32.0,32.0,32.0,32,32,32,32,0.03125,0.03125,none,none,native,0,1.0,1.0,1.0,0,0,0,0,0,0,0,0,0,0,0,0,0,0,930.0,0.0,0.0,5.0
asottile__setup-cfg-fmt-132,66,65,add_subtask,SW66,0.9696969696969697,0.9696969696969697,33.0,32.0,33.0,32.0,33,32,33,32,0,0,0,-0.030303030303030276,-0.030303030303030276,investigation,investigation,false,source_metadata.target,0.9696969696969697,0.9696969696969697,33.0,32.0,33.0,32.0,33,32,33,32,-0.030303030303030276,-0.030303030303030276,investigation,investigation,native,0,1.0,1.0,0.9655172413793104,0,0,0,0,0,0,0,0,0,0,0,0,0,0,960.0,30.0,30.0,5.0
asottile__setup-cfg-fmt-132,66,66,update_status,SW66,1.0,1.0,33.0,33.0,33.0,33.0,33,33,33,33,0,0,0,0.030303030303030276,0.030303030303030276,none,none,false,source_metadata.target,1.0,1.0,33.0,33.0,33.0,33.0,33,33,33,33,0.030303030303030276,0.030303030303030276,none,none,native,0,1.0,1.0,1.0,0,0,0,0,0,0,0,0,0,0,0,0,0,0,960.0,0.0,0.0,5.0
asottile__setup-cfg-fmt-132,68,67,add_subtask,SW68,0.9705882352941176,0.9705882352941176,34.0,33.0,34.0,33.0,34,33,34,33,0,0,0,-0.02941176470588236,-0.02941176470588236,investigation,investigation,false,source_metadata.target,0.9705882352941176,0.9705882352941176,34.0,33.0,34.0,33.0,34,33,34,33,-0.02941176470588236,-0.02941176470588236,investigation,investigation,native,0,1.0,1.0,0.9666666666666667,0,0,0,0,0,0,0,0,0,0,0,0,0,0,990.0,30.0,30.0,5.0
asottile__setup-cfg-fmt-132,68,68,update_status,SW68,1.0,1.0,34.0,34.0,34.0,34.0,34,34,34,34,0,0,0,0.02941176470588236,0.02941176470588236,none,none,false,source_metadata.target,1.0,1.0,34.0,34.0,34.0,34.0,34,34,34,34,0.02941176470588236,0.02941176470588236,none,none,native,0,1.0,1.0,1.0,0,0,0,0,0,0,0,0,0,0,0,0,0,0,990.0,0.0,0.0,5.0
asottile__setup-cfg-fmt-132,70,69,add_subtask,SW70,0.9714285714285714,0.9714285714285714,35.0,34.0,35.0,34.0,35,34,35,34,0,0,0,-0.02857142857142858,-0.02857142857142858,investigation,investigation,false,source_metadata.target,0.9714285714285714,0.9714285714285714,35.0,34.0,35.0,34.0,35,34,35,34,-0.02857142857142858,-0.02857142857142858,investigation,investigation,native,0,1.0,1.0,0.967741935483871,0,0,0,0,0,0,0,0,0,0,0,0,0,0,1020.0,30.0,30.0,5.0
asottile__setup-cfg-fmt-132,70,70,update_status,SW70,1.0,1.0,35.0,35.0,35.0,35.0,35,35,35,35,0,0,0,0.02857142857142858,0.02857142857142858,none,none,false,source_metadata.target,1.0,1.0,35.0,35.0,35.0,35.0,35,35,35,35,0.02857142857142858,0.02857142857142858,none,none,native,0,1.0,1.0,1.0,0,0,0,0,0,0,0,0,0,0,0,0,0,0,1020.0,0.0,0.0,5.0
asottile__setup-cfg-fmt-132,72,71,add_subtask,SW72,0.9722222222222222,0.9722222222222222,36.0,35.0,36.0,35.0,36,35,36,35,0,0,0,-0.02777777777777779,-0.02777777777777779,investigation,investigation,false,source_metadata.target,0.9722222222222222,0.9722222222222222,36.0,35.0,36.0,35.0,36,35,36,35,-0.02777777777777779,-0.02777777777777779,investigation,investigation,native,0,1.0,1.0,0.96875,0,0,0,0,0,0,0,0,0,0,0,0,0,0,1050.0,30.0,30.0,5.0
asottile__setup-cfg-fmt-132,72,72,update_status,SW72,1.0,1.0,36.0,36.0,36.0,36.0,36,36,36,36,0,0,0,0.02777777777777779,0.02777777777777779,none,none,false,source_metadata.target,1.0,1.0,36.0,36.0,36.0,36.0,36,36,36,36,0.02777777777777779,0.02777777777777779,none,none,native,0,1.0,1.0,1.0,0,0,0,0,0,0,0,0,0,0,0,0,0,0,1050.0,0.0,0.0,5.0
asottile__setup-cfg-fmt-132,74,73,add_subtask,SW74,0.972972972972973,0.972972972972973,37.0,36.0,37.0,36.0,37,36,37,36,0,0,0,-0.027027027027026973,-0.027027027027026973,investigation,investigation,false,source_metadata.target,0.972972972972973,0.972972972972973,37.0,36.0,37.0,36.0,37,36,37,36,-0.027027027027026973,-0.027027027027026973,investigation,investigation,native,0,1.0,1.0,0.9696969696969697,0,0,0,0,0,0,0,0,0,0,0,0,0,0,1080.0,30.0,30.0,5.0
asottile__setup-cfg-fmt-132,74,74,update_status,SW74,1.0,1.0,37.0,37.0,37.0,37.0,37,37,37,37,0,0,0,0.027027027027026973,0.027027027027026973,none,none,false,source_metadata.target,1.0,1.0,37.0,37.0,37.0,37.0,37,37,37,37,0.027027027027026973,0.027027027027026973,none,none,native,0,1.0,1.0,1.0,0,0,0,0,0,0,0,0,0,0,0,0,0,0,1080.0,0.0,0.0,5.0
asottile__setup-cfg-fmt-132,76,75,add_subtask,SW76,0.9736842105263158,0.9736842105263158,38.0,37.0,38.0,37.0,38,37,38,37,0,0,0,-0.02631578947368418,-0.02631578947368418,investigation,investigation,false,source_metadata.target,0.9736842105263158,0.9736842105263158,38.0,37.0,38.0,37.0,38,37,38,37,-0.02631578947368418,-0.02631578947368418,investigation,investigation,native,0,1.0,1.0,0.9705882352941176,0,0,0,0,0,0,0,0,0,0,0,0,0,0,1110.0,30.0,30.0,5.0
asottile__setup-cfg-fmt-132,76,76,update_status,SW76,1.0,1.0,38.0,38.0,38.0,38.0,38,38,38,38,0,0,0,0.02631578947368418,0.02631578947368418,none,none,false,source_metadata.target,1.0,1.0,38.0,38.0,38.0,38.0,38,38,38,38,0.02631578947368418,0.02631578947368418,none,none,native,0,1.0,1.0,1.0,0,0,0,0,0,0,0,0,0,0,0,0,0,0,1110.0,0.0,0.0,5.0
asottile__setup-cfg-fmt-132,78,77,add_subtask,SW78,0.9743589743589743,0.9743589743589743,39.0,38.0,39.0,38.0,39,38,39,38,0,0,0,-0.02564102564102566,-0.02564102564102566,investigation,investigation,false,source_metadata.target,0.9743589743589743,0.9743589743589743,39.0,38.0,39.0,38.0,39,38,39,38,-0.02564102564102566,-0.02564102564102566,investigation,investigation,native,0,1.0,1.0,0.9714285714285714,0,0,0,0,0,0,0,0,0,0,0,0,0,0,1140.0,30.0,30.0,5.0
asottile__setup-cfg-fmt-132,78,78,update_status,SW78,1.0,1.0,39.0,39.0,39.0,39.0,39,39,39,39,0,0,0,0.02564102564102566,0.02564102564102566,none,none,false,source_metadata.target,1.0,1.0,39.0,39.0,39.0,39.0,39,39,39,39,0.02564102564102566,0.02564102564102566,none,none,native,0,1.0,1.0,1.0,0,0,0,0,0,0,0,0,0,0,0,0,0,0,1140.0,0.0,0.0,5.0
asottile__setup-cfg-fmt-132,80,79,add_subtask,SW80,0.975,0.975,40.0,39.0,40.0,39.0,40,39,40,39,0,0,0,-0.025000000000000022,-0.025000000000000022,investigation,investigation,false,source_metadata.target,0.975,0.975,40.0,39.0,40.0,39.0,40,39,40,39,-0.025000000000000022,-0.025000000000000022,investigation,investigation,native,0,1.0,1.0,0.9722222222222222,0,0,0,0,0,0,0,0,0,0,0,0,0,0,1170.0,30.0,30.0,5.0
asottile__setup-cfg-fmt-132,80,80,update_status,SW80,1.0,1.0,40.0,40.0,40.0,40.0,40,40,40,40,0,0,0,0.025000000000000022,0.025000000000000022,none,none,false,source_metadata.target,1.0,1.0,40.0,40.0,40.0,40.0,40,40,40,40,0.025000000000000022,0.025000000000000022,none,none,native,0,1.0,1.0,1.0,0,0,0,0,0,0,0,0,0,0,0,0,0,0,1170.0,0.0,0.0,5.0
asottile__setup-cfg-fmt-132,82,81,add_subtask,SW82,0.975609756097561,0.975609756097561,41.0,40.0,41.0,40.0,41,40,41,40,0,0,0,-0.024390243902439046,-0.024390243902439046,investigation,investigation,false,source_metadata.target,0.975609756097561,0.975609756097561,41.0,40.0,41.0,40.0,41,40,41,40,-0.024390243902439046,-0.024390243902439046,investigation,investigation,native,0,1.0,1.0,0.972972972972973,0,0,0,0,0,0,0,0,0,0,0,0,0,0,1200.0,30.0,30.0,5.0
asottile__setup-cfg-fmt-132,82,82,update_status,SW82,1.0,1.0,41.0,41.0,41.0,41.0,41,41,41,41,0,0,0,0.024390243902439046,0.024390243902439046,none,none,false,source_metadata.target,1.0,1.0,41.0,41.0,41.0,41.0,41,41,41,41,0.024390243902439046,0.024390243902439046,none,none,native,0,1.0,1.0,1.0,0,0,0,0,0,0,0,0,0,0,0,0,0,0,1200.0,0.0,0.0,5.0
asottile__setup-cfg-fmt-132,84,83,add_subtask,SW84,0.9761904761904762,0.9761904761904762,42.0,41.0,42.0,41.0,42,41,42,41,0,0,0,-0.023809523809523836,-0.023809523809523836,investigation,investigation,false,source_metadata.target,0.9761904761904762,0.9761904761904762,42.0,41.0,42.0,41.0,42,41,42,41,-0.023809523809523836,-0.023809523809523836,investigation,investigation,native,0,1.0,1.0,0.9736842105263158,0,0,0,0,0,0,0,0,0,0,0,0,0,0,1230.0,30.0,30.0,5.0
asottile__setup-cfg-fmt-132,84,84,update_status,SW84,1.0,1.0,42.0,42.0,42.0,42.0,42,42,42,42,0,0,0,0.023809523809523836,0.023809523809523836,none,none,false,source_metadata.target,1.0,1.0,42.0,42.0,42.0,42.0,42,42,42,42,0.023809523809523836,0.023809523809523836,none,none,native,0,1.0,1.0,1.0,0,0,0,0,0,0,0,0,0,0,0,0,0,0,1230.0,0.0,0.0,5.0
asottile__setup-cfg-fmt-132,86,85,add_subtask,SW86,0.9767441860465116,0.9767441860465116,43.0,42.0,43.0,42.0,43,42,43,42,0,0,0,-0.023255813953488413,-0.023255813953488413,investigation,investigation,false,source_metadata.target,0.9767441860465116,0.9767441860465116,43.0,42.0,43.0,42.0,43,42,43,42,-0.023255813953488413,-0.023255813953488413,investigation,investigation,native,0,1.0,1.0,0.9743589743589743,0,0,0,0,0,0,0,0,0,0,0,0,0,0,1260.0,30.0,30.0,5.0
asottile__setup-cfg-fmt-132,86,86,update_status,SW86,1.0,1.0,43.0,43.0,43.0,43.0,43,43,43,43,0,0,0,0.023255813953488413,0.023255813953488413,none,none,false,source_metadata.target,1.0,1.0,43.0,43.0,43.0,43.0,43,43,43,43,0.023255813953488413,0.023255813953488413,none,none,native,0,1.0,1.0,1.0,0,0,0,0,0,0,0,0,0,0,0,0,0,0,1260.0,0.0,0.0,5.0
asottile__setup-cfg-fmt-132,88,87,add_subtask,SW88,0.9772727272727273,0.9772727272727273,44.0,43.0,44.0,43.0,44,43,44,43,0,0,0,-0.022727272727272707,-0.022727272727272707,investigation,investigation,false,source_metadata.target,0.9772727272727273,0.9772727272727273,44.0,43.0,44.0,43.0,44,43,44,43,-0.022727272727272707,-0.022727272727272707,investigation,investigation,native,0,1.0,1.0,0.975,0,0,0,0,0,0,0,0,0,0,0,0,0,0,1290.0,30.0,30.0,5.0
asottile__setup-cfg-fmt-132,88,88,update_status,SW88,1.0,1.0,44.0,44.0,44.0,44.0,44,44,44,44,0,0,0,0.022727272727272707,0.022727272727272707,none,none,false,source_metadata.target,1.0,1.0,44.0,44.0,44.0,44.0,44,44,44,44,0.022727272727272707,0.022727272727272707,none,none,native,0,1.0,1.0,1.0,0,0,0,0,0,0,0,0,0,0,0,0,0,0,1290.0,0.0,0.0,5.0
asottile__setup-cfg-fmt-132,90,89,add_subtask,SW90,0.9777777777777777,0.9777777777777777,45.0,44.0,45.0,44.0,45,44,45,44,0,0,0,-0.022222222222222254,-0.022222222222222254,investigation,investigation,false,source_metadata.target,0.9777777777777777,0.9777777777777777,45.0,44.0,45.0,44.0,45,44,45,44,-0.022222222222222254,-0.022222222222222254,investigation,investigation,native,0,1.0,1.0,0.975609756097561,0,0,0,0,0,0,0,0,0,0,0,0,0,0,1320.0,30.0,30.0,5.0
asottile__setup-cfg-fmt-132,90,90,update_status,SW90,1.0,1.0,45.0,45.0,45.0,45.0,45,45,45,45,0,0,0,0.022222222222222254,0.022222222222222254,none,none,false,source_metadata.target,1.0,1.0,45.0,45.0,45.0,45.0,45,45,45,45,0.022222222222222254,0.022222222222222254,none,none,native,0,1.0,1.0,1.0,0,0,0,0,0,0,0,0,0,0,0,0,0,0,1320.0,0.0,0.0,5.0
asottile__setup-cfg-fmt-132,92,91,add_subtask,SW92,0.9782608695652174,0.9782608695652174,46.0,45.0,46.0,45.0,46,45,46,45,0,0,0,-0.021739130434782594,-0.021739130434782594,investigation,investigation,false,source_metadata.target,0.9782608695652174,0.9782608695652174,46.0,45.0,46.0,45.0,46,45,46,45,-0.021739130434782594,-0.021739130434782594,investigation,investigation,native,0,1.0,1.0,0.9761904761904762,0,0,0,0,0,0,0,0,0,0,0,0,0,0,1350.0,30.0,30.0,5.0
asottile__setup-cfg-fmt-132,92,92,update_status,SW92,1.0,1.0,46.0,46.0,46.0,46.0,46,46,46,46,0,0,0,0.021739130434782594,0.021739130434782594,none,none,false,source_metadata.target,1.0,1.0,46.0,46.0,46.0,46.0,46,46,46,46,0.021739130434782594,0.021739130434782594,none,none,native,0,1.0,1.0,1.0,0,0,0,0,0,0,0,0,0,0,0,0,0,0,1350.0,0.0,0.0,5.0
asottile__setup-cfg-fmt-132,94,93,add_subtask,SW94,0.9787234042553191,0.9787234042553191,47.0,46.0,47.0,46.0,47,46,47,46,0,0,0,-0.021276595744680882,-0.021276595744680882,investigation,investigation,false,source_metadata.target,0.9787234042553191,0.9787234042553191,47.0,46.0,47.0,46.0,47,46,47,46,-0.021276595744680882,-0.021276595744680882,investigation,investigation,native,0,1.0,1.0,0.9767441860465116,0,0,0,0,0,0,0,0,0,0,0,0,0,0,1380.0,30.0,30.0,5.0
asottile__setup-cfg-fmt-132,94,94,update_status,SW94,1.0,1.0,47.0,47.0,47.0,47.0,47,47,47,47,0,0,0,0.021276595744680882,0.021276595744680882,none,none,false,source_metadata.target,1.0,1.0,47.0,47.0,47.0,47.0,47,47,47,47,0.021276595744680882,0.021276595744680882,none,none,native,0,1.0,1.0,1.0,0,0,0,0,0,0,0,0,0,0,0,0,0,0,1380.0,0.0,0.0,5.0
asottile__setup-cfg-fmt-132,96,95,add_subtask,SW96,0.9791666666666666,0.9791666666666666,48.0,47.0,48.0,47.0,48,47,48,47,0,0,0,-0.02083333333333337,-0.02083333333333337,investigation,investigation,false,source_metadata.target,0.9791666666666666,0.9791666666666666,48.0,47.0,48.0,47.0,48,47,48,47,-0.02083333333333337,-0.02083333333333337,investigation,investigation,native,0,1.0,1.0,0.9772727272727273,0,0,0,0,0,0,0,0,0,0,0,0,0,0,1410.0,30.0,30.0,5.0
asottile__setup-cfg-fmt-132,96,96,update_status,SW96,1.0,1.0,48.0,48.0,48.0,48.0,48,48,48,48,0,0,0,0.02083333333333337,0.02083333333333337,none,none,false,source_metadata.target,1.0,1.0,48.0,48.0,48.0,48.0,48,48,48,48,0.02083333333333337,0.02083333333333337,none,none,native,0,1.0,1.0,1.0,0,0,0,0,0,0,0,0,0,0,0,0,0,0,1410.0,0.0,0.0,5.0
asottile__setup-cfg-fmt-132,98,97,add_subtask,SW98,0.9795918367346939,0.9795918367346939,49.0,48.0,49.0,48.0,49,48,49,48,0,0,0,-0.020408163265306145,-0.020408163265306145,investigation,investigation,false,source_metadata.target,0.9795918367346939,0.9795918367346939,49.0,48.0,49.0,48.0,49,48,49,48,-0.020408163265306145,-0.020408163265306145,investigation,investigation,native,0,1.0,1.0,0.9777777777777777,0,0,0,0,0,0,0,0,0,0,0,0,0,0,1440.0,30.0,30.0,5.0
asottile__setup-cfg-fmt-132,98,98,update_status,SW98,1.0,1.0,49.0,49.0,49.0,49.0,49,49,49,49,0,0,0,0.020408163265306145,0.020408163265306145,none,none,false,source_metadata.target,1.0,1.0,49.0,49.0,49.0,49.0,49,49,49,49,0.020408163265306145,0.020408163265306145,none,none,native,0,1.0,1.0,1.0,0,0,0,0,0,0,0,0,0,0,0,0,0,0,1440.0,0.0,0.0,5.0
asottile__setup-cfg-fmt-132,100,99,add_subtask,SW100,0.98,0.98,50.0,49.0,50.0,49.0,50,49,50,49,0,0,0,-0.020000000000000018,-0.020000000000000018,investigation,investigation,false,source_metadata.target,0.98,0.98,50.0,49.0,50.0,49.0,50,49,50,49,-0.020000000000000018,-0.020000000000000018,investigation,investigation,native,0,1.0,1.0,0.9782608695652174,0,0,0,0,0,0,0,0,0,0,0,0,0,0,1470.0,30.0,30.0,5.0
asottile__setup-cfg-fmt-132,100,100,update_status,SW100,1.0,1.0,50.0,50.0,50.0,50.0,50,50,50,50,0,0,0,0.020000000000000018,0.020000000000000018,none,none,false,source_metadata.target,1.0,1.0,50.0,50.0,50.0,50.0,50,50,50,50,0.020000000000000018,0.020000000000000018,none,none,native,0,1.0,1.0,1.0,0,0,0,0,0,0,0,0,0,0,0,0,0,0,1470.0,0.0,0.0,5.0
asottile__setup-cfg-fmt-132,102,101,add_subtask,SW102,0.9803921568627451,0.9803921568627451,51.0,50.0,51.0,50.0,51,50,51,50,0,0,0,-0.019607843137254943,-0.019607843137254943,investigation,investigation,false,source_metadata.target,0.9803921568627451,0.9803921568627451,51.0,50.0,51.0,50.0,51,50,51,50,-0.019607843137254943,-0.019607843137254943,investigation,investigation,native,0,1.0,1.0,0.9787234042553191,0,0,0,0,0,0,0,0,0,0,0,0,0,0,1500.0,30.0,30.0,5.0
asottile__setup-cfg-fmt-132,102,102,update_status,SW102,1.0,1.0,51.0,51.0,51.0,51.0,51,51,51,51,0,0,0,0.019607843137254943,0.019607843137254943,none,none,false,source_metadata.target,1.0,1.0,51.0,51.0,51.0,51.0,51,51,51,51,0.019607843137254943,0.019607843137254943,none,none,native,0,1.0,1.0,1.0,0,0,0,0,0,0,0,0,0,0,0,0,0,0,1500.0,0.0,0.0,5.0
asottile__setup-cfg-fmt-132,104,103,add_subtask,SW104,0.9807692307692307,0.9807692307692307,52.0,51.0,52.0,51.0,52,51,52,51,0,0,0,-0.019230769230769273,-0.019230769230769273,investigation,investigation,false,source_metadata.target,0.9807692307692307,0.9807692307692307,52.0,51.0,52.0,51.0,52,51,52,51,-0.019230769230769273,-0.019230769230769273,investigation,investigation,native,0,1.0,1.0,0.9791666666666666,0,0,0,0,0,0,0,0,0,0,0,0,0,0,1530.0,30.0,30.0,5.0
asottile__setup-cfg-fmt-132,104,104,update_status,SW104,1.0,1.0,52.0,52.0,52.0,52.0,52,52,52,52,0,0,0,0.019230769230769273,0.019230769230769273,none,none,false,source_metadata.target,1.0,1.0,52.0,52.0,52.0,52.0,52,52,52,52,0.019230769230769273,0.019230769230769273,none,none,native,0,1.0,1.0,1.0,0,0,0,0,0,0,0,0,0,0,0,0,0,0,1530.0,0.0,0.0,5.0
asottile__setup-cfg-fmt-132,106,105,add_subtask,SW106,0.9811320754716981,0.9811320754716981,53.0,52.0,53.0,52.0,53,52,53,52,0,0,0,-0.018867924528301883,-0.018867924528301883,investigation,investigation,false,source_metadata.target,0.9811320754716981,0.9811320754716981,53.0,52.0,53.0,52.0,53,52,53,52,-0.018867924528301883,-0.018867924528301883,investigation,investigation,native,0,1.0,1.0,0.9795918367346939,0,0,0,0,0,0,0,0,0,0,0,0,0,0,1560.0,30.0,30.0,5.0
asottile__setup-cfg-fmt-132,106,106,update_status,SW106,1.0,1.0,53.0,53.0,53.0,53.0,53,53,53,53,0,0,0,0.018867924528301883,0.018867924528301883,none,none,false,source_metadata.target,1.0,1.0,53.0,53.0,53.0,53.0,53,53,53,53,0.018867924528301883,0.018867924528301883,none,none,native,0,1.0,1.0,1.0,0,0,0,0,0,0,0,0,0,0,0,0,0,0,1560.0,0.0,0.0,5.0
asottile__setup-cfg-fmt-132,108,107,add_subtask,SW108,0.9814814814814815,0.9814814814814815,54.0,53.0,54.0,53.0,54,53,54,53,0,0,0,-0.01851851851851849,-0.01851851851851849,investigation,investigation,false,source_metadata.target,0.9814814814814815,0.9814814814814815,54.0,53.0,54.0,53.0,54,53,54,53,-0.01851851851851849,-0.01851851851851849,investigation,investigation,native,0,1.0,1.0,0.98,0,0,0,0,0,0,0,0,0,0,0,0,0,0,1590.0,30.0,30.0,5.0
asottile__setup-cfg-fmt-132,108,108,update_status,SW108,1.0,1.0,54.0,54.0,54.0,54.0,54,54,54,54,0,0,0,0.01851851851851849,0.01851851851851849,none,none,false,source_metadata.target,1.0,1.0,54.0,54.0,54.0,54.0,54,54,54,54,0.01851851851851849,0.01851851851851849,none,none,native,0,1.0,1.0,1.0,0,0,0,0,0,0,0,0,0,0,0,0,0,0,1590.0,0.0,0.0,5.0
asottile__setup-cfg-fmt-132,110,109,add_subtask,SW110,0.9818181818181818,0.9818181818181818,55.0,54.0,55.0,54.0,55,54,55,54,0,0,0,-0.018181818181818188,-0.018181818181818188,investigation,investigation,false,source_metadata.target,0.9818181818181818,0.9818181818181818,55.0,54.0,55.0,54.0,55,54,55,54,-0.018181818181818188,-0.018181818181818188,investigation,investigation,native,0,1.0,1.0,0.9803921568627451,0,0,0,0,0,0,0,0,0,0,0,0,0,0,1620.0,30.0,30.0,5.0
asottile__setup-cfg-fmt-132,110,110,update_status,SW110,1.0,1.0,55.0,55.0,55.0,55.0,55,55,55,55,0,0,0,0.018181818181818188,0.018181818181818188,none,none,false,source_metadata.target,1.0,1.0,55.0,55.0,55.0,55.0,55,55,55,55,0.018181818181818188,0.018181818181818188,none,none,native,0,1.0,1.0,1.0,0,0,0,0,0,0,0,0,0,0,0,0,0,0,1620.0,0.0,0.0,5.0
asottile__setup-cfg-fmt-132,112,111,add_subtask,SW112,0.9821428571428571,0.9821428571428571,56.0,55.0,56.0,55.0,56,55,56,55,0,0,0,-0.017857142857142905,-0.017857142857142905,investigation,investigation,false,source_metadata.target,0.9821428571428571,0.9821428571428571,56.0,55.0,56.0,55.0,56,55,56,55,-0.017857142857142905,-0.017857142857142905,investigation,investigation,native,0,1.0,1.0,0.9807692307692307,0,0,0,0,0,0,0,0,0,0,0,0,0,0,1650.0,30.0,30.0,5.0
asottile__setup-cfg-fmt-132,112,112,update_status,SW112,0.9821428571428571,0.9821428571428571,56.0,55.0,56.0,55.0,56,55,56,55,0,0,0,0.0,0.0,none,none,false,source_metadata.target,0.9821428571428571,0.9821428571428571,56.0,55.0,56.0,55.0,56,55,56,55,0.0,0.0,none,none,native,0,1.0,1.0,0.9807692307692307,0,0,0,0,0,0,0,0,0,0,0,0,0,0,1650.0,0.0,30.0,5.0
dfm__emcee-510,0,0,init,,0.0,0.0,0,0,0,0,0,0,0,0,0,0,0,0.0,0.0,none,none,false,source_metadata.target,0.0,0.0,0,0,0,0,0,0,0,0,0.0,0.0,none,none,native,0,0.0,0.0,0.0,0,0,0,0,0,0,0,0,0,0,0,0,0,0,0.0,0.0,0.0,
dfm__emcee-510,2,1,add_subtask,SW2,0.0,0.0,1.0,0,1.0,0,1,0,1,0,0,0,0,0.0,0.0,none,none,false,source_metadata.target,0.0,0.0,1.0,0,1.0,0,1,0,1,0,0.0,0.0,none,none,native,0,0.0,0.0,0.0,0,0,0,0,0,0,0,0,0,0,0,0,0,0,0.0,0.0,0.0,
dfm__emcee-510,2,2,update_status,SW2,1.0,1.0,1.0,1.0,1.0,1.0,1,1,1,1,0,0,0,1.0,1.0,none,none,false,source_metadata.target,1.0,1.0,1.0,1.0,1.0,1.0,1,1,1,1,1.0,1.0,none,none,native,0,0.0,0.0,1.0,0,0,0,0,0,0,0,0,0,0,0,0,0,0,0.0,0.0,0.0,
dfm__emcee-510,4,3,add_subtask,SW4,0.5,0.5,2.0,1.0,2.0,1.0,2,1,2,1,0,0,0,-0.5,-0.5,investigation,investigation,false,source_metadata.target,0.5,0.5,2.0,1.0,2.0,1.0,2,1,2,1,-0.5,-0.5,investigation,investigation,native,0,0.0,0.0,0.5,0,0,0,0,0,0,0,0,0,0,0,0,0,0,30.0,30.0,30.0,8.0
dfm__emcee-510,4,4,update_status,SW4,1.0,1.0,2.0,2.0,2.0,2.0,2,2,2,2,0,0,0,0.5,0.5,none,none,false,source_metadata.target,1.0,1.0,2.0,2.0,2.0,2.0,2,2,2,2,0.5,0.5,none,none,native,0,0.0,0.0,1.0,0,0,0,0,0,0,0,0,0,0,0,0,0,0,30.0,0.0,0.0,10.0
dfm__emcee-510,6,5,add_subtask,SW6,0.6666666666666666,0.6666666666666666,3.0,2.0,3.0,2.0,3,2,3,2,0,0,0,-0.33333333333333337,-0.33333333333333337,investigation,investigation,false,source_metadata.target,0.6666666666666666,0.6666666666666666,3.0,2.0,3.0,2.0,3,2,3,2,-0.33333333333333337,-0.33333333333333337,investigation,investigation,native,0,0.0,0.0,0.6666666666666666,0,0,0,0,0,0,0,0,0,0,0,0,0,0,60.0,30.0,30.0,5.0
dfm__emcee-510,6,6,update_status,SW6,1.0,1.0,3.0,3.0,3.0,3.0,3,3,3,3,0,0,0,0.33333333333333337,0.33333333333333337,none,none,false,source_metadata.target,1.0,1.0,3.0,3.0,3.0,3.0,3,3,3,3,0.33333333333333337,0.33333333333333337,none,none,native,0,0.0,0.0,1.0,0,0,0,0,0,0,0,0,0,0,0,0,0,0,60.0,0.0,0.0,5.0
dfm__emcee-510,8,7,add_subtask,SW8,0.75,0.75,4.0,3.0,4.0,3.0,4,3,4,3,0,0,0,-0.25,-0.25,investigation,investigation,false,source_metadata.target,0.75,0.75,4.0,3.0,4.0,3.0,4,3,4,3,-0.25,-0.25,investigation,investigation,native,0,0.0,0.0,0.75,0,0,0,0,0,0,0,0,0,0,0,0,0,0,90.0,30.0,30.0,5.0
dfm__emcee-510,8,8,update_status,SW8,1.0,1.0,4.0,4.0,4.0,4.0,4,4,4,4,0,0,0,0.25,0.25,none,none,false,source_metadata.target,1.0,1.0,4.0,4.0,4.0,4.0,4,4,4,4,0.25,0.25,none,none,native,0,0.0,0.0,1.0,0,0,0,0,0,0,0,0,0,0,0,0,0,0,90.0,0.0,0.0,5.0
dfm__emcee-510,10,9,add_subtask,SW10,0.8,0.8,5.0,4.0,5.0,4.0,5,4,5,4,0,0,0,-0.19999999999999996,-0.19999999999999996,investigation,investigation,false,source_metadata.target,0.8,0.8,5.0,4.0,5.0,4.0,5,4,5,4,-0.19999999999999996,-0.19999999999999996,investigation,investigation,native,0,0.0,0.0,0.8,0,0,0,0,0,0,0,0,0,0,0,0,0,0,120.0,30.0,30.0,5.0
dfm__emcee-510,10,10,update_status,SW10,1.0,1.0,5.0,5.0,5.0,5.0,5,5,5,5,0,0,0,0.19999999999999996,0.19999999999999996,none,none,false,source_metadata.target,1.0,1.0,5.0,5.0,5.0,5.0,5,5,5,5,0.19999999999999996,0.19999999999999996,none,none,native,0,0.0,0.0,1.0,0,0,0,0,0,0,0,0,0,0,0,0,0,0,120.0,0.0,0.0,5.0
dfm__emcee-510,12,11,add_subtask,SW12,0.8333333333333334,0.8333333333333334,6.0,5.0,6.0,5.0,6,5,6,5,0,0,0,-0.16666666666666663,-0.16666666666666663,product,product,false,source_metadata.target,0.8333333333333334,0.8333333333333334,6.0,5.0,6.0,5.0,6,5,6,5,-0.16666666666666663,-0.16666666666666663,product,product,native,0,0.0,0.0,1.0,0,0,0,0,0,0,0,0,0,0,0,0,0,0,150.0,30.0,30.0,5.0
dfm__emcee-510,12,12,update_status,SW12,1.0,1.0,6.0,6.0,6.0,6.0,6,6,6,6,0,0,0,0.16666666666666663,0.16666666666666663,none,none,false,source_metadata.target,1.0,1.0,6.0,6.0,6.0,6.0,6,6,6,6,0.16666666666666663,0.16666666666666663,none,none,native,0,1.0,0.0,1.0,0,0,0,0,0,0,0,0,0,0,0,0,0,0,150.0,0.0,0.0,5.0
dfm__emcee-510,14,13,add_subtask,SW14,0.8571428571428571,0.8571428571428571,7.0,6.0,7.0,6.0,7,6,7,6,0,0,0,-0.1428571428571429,-0.1428571428571429,product,product,false,source_metadata.target,0.8571428571428571,0.8571428571428571,7.0,6.0,7.0,6.0,7,6,7,6,-0.1428571428571429,-0.1428571428571429,product,product,native,0,0.5,0.0,1.0,0,0,0,0,0,0,0,0,0,0,0,0,0,0,180.0,30.0,30.0,5.0
dfm__emcee-510,14,14,update_status,SW14,1.0,1.0,7.0,7.0,7.0,7.0,7,7,7,7,0,0,0,0.1428571428571429,0.1428571428571429,none,none,false,source_metadata.target,1.0,1.0,7.0,7.0,7.0,7.0,7,7,7,7,0.1428571428571429,0.1428571428571429,none,none,native,0,1.0,0.0,1.0,0,0,0,0,0,0,0,0,0,0,0,0,0,0,180.0,0.0,0.0,5.0
dfm__emcee-510,16,15,add_subtask,SW16,0.875,0.875,8.0,7.0,8.0,7.0,8,7,8,7,0,0,0,-0.125,-0.125,product,product,false,source_metadata.target,0.875,0.875,8.0,7.0,8.0,7.0,8,7,8,7,-0.125,-0.125,product,product,native,0,0.6666666666666666,0.0,1.0,0,0,0,0,0,0,0,0,0,0,0,0,0,0,210.0,30.0,30.0,5.0
dfm__emcee-510,16,16,update_status,SW16,1.0,1.0,8.0,8.0,8.0,8.0,8,8,8,8,0,0,0,0.125,0.125,none,none,false,source_metadata.target,1.0,1.0,8.0,8.0,8.0,8.0,8,8,8,8,0.125,0.125,none,none,native,0,1.0,0.0,1.0,0,0,0,0,0,0,0,0,0,0,0,0,0,0,210.0,0.0,0.0,5.0
dfm__emcee-510,18,17,add_subtask,SW18,1.0,0.8888888888888888,8.0,8.0,9.0,8.0,8,8,9,8,0,0,0,0.0,-0.11111111111111116,none,artifact,false,source_metadata.target,1.0,0.8888888888888888,8.0,8.0,9.0,8.0,8,8,9,8,0.0,-0.11111111111111116,none,artifact,native,0,1.0,0.0,1.0,0,0,0,0,0,0,0,0,0,0,0,0,0,0,240.0,30.0,30.0,5.0
dfm__emcee-510,18,18,update_status,SW18,1.0,1.0,8.0,8.0,9.0,9.0,8,8,9,9,0,0,0,0.0,0.11111111111111116,none,none,false,source_metadata.target,1.0,1.0,8.0,8.0,9.0,9.0,8,8,9,9,0.0,0.11111111111111116,none,none,native,0,1.0,0.0,1.0,0,0,0,0,0,0,0,0,0,0,0,0,0,0,240.0,0.0,30.0,5.0
fairlearn__fairlearn-967,0,0,init,,0.0,0.0,0,0,0,0,0,0,0,0,0,0,0,0.0,0.0,none,none,false,source_metadata.target,0.0,0.0,0,0,0,0,0,0,0,0,0.0,0.0,none,none,native,0,0.0,0.0,0.0,0,0,0,0,0,0,0,0,0,0,0,0,0,0,0.0,0.0,0.0,
fairlearn__fairlearn-967,2,1,add_subtask,SW2,0.0,0.0,1.0,0,1.0,0,1,0,1,0,0,0,0,0.0,0.0,none,none,false,source_metadata.target,0.0,0.0,1.0,0,1.0,0,1,0,1,0,0.0,0.0,none,none,native,0,0.0,0.0,0.0,0,0,0,0,0,0,0,0,0,0,0,0,0,0,0.0,0.0,0.0,
fairlearn__fairlearn-967,2,2,update_status,SW2,1.0,1.0,1.0,1.0,1.0,1.0,1,1,1,1,0,0,0,1.0,1.0,none,none,false,source_metadata.target,1.0,1.0,1.0,1.0,1.0,1.0,1,1,1,1,1.0,1.0,none,none,native,0,0.0,1.0,0.0,0,0,0,0,0,0,0,0,0,0,0,0,0,0,0.0,0.0,0.0,
fairlearn__fairlearn-967,4,3,add_subtask,SW4,0.5,0.5,2.0,1.0,2.0,1.0,2,1,2,1,0,0,0,-0.5,-0.5,investigation,investigation,false,source_metadata.target,0.5,0.5,2.0,1.0,2.0,1.0,2,1,2,1,-0.5,-0.5,investigation,investigation,native,0,0.0,1.0,0.0,0,0,0,0,0,0,0,0,0,0,0,0,0,0,30.0,30.0,30.0,8.0
fairlearn__fairlearn-967,4,4,update_status,SW4,1.0,1.0,2.0,2.0,2.0,2.0,2,2,2,2,0,0,0,0.5,0.5,none,none,false,source_metadata.target,1.0,1.0,2.0,2.0,2.0,2.0,2,2,2,2,0.5,0.5,none,none,native,0,0.0,1.0,1.0,0,0,0,0,0,0,0,0,0,0,0,0,0,0,30.0,0.0,0.0,10.0
fairlearn__fairlearn-967,6,5,add_subtask,SW6,0.6666666666666666,0.6666666666666666,3.0,2.0,3.0,2.0,3,2,3,2,0,0,0,-0.33333333333333337,-0.33333333333333337,investigation,investigation,false,source_metadata.target,0.6666666666666666,0.6666666666666666,3.0,2.0,3.0,2.0,3,2,3,2,-0.33333333333333337,-0.33333333333333337,investigation,investigation,native,0,0.0,1.0,0.5,0,0,0,0,0,0,0,0,0,0,0,0,0,0,60.0,30.0,30.0,5.0
fairlearn__fairlearn-967,6,6,update_status,SW6,1.0,1.0,3.0,3.0,3.0,3.0,3,3,3,3,0,0,0,0.33333333333333337,0.33333333333333337,none,none,false,source_metadata.target,1.0,1.0,3.0,3.0,3.0,3.0,3,3,3,3,0.33333333333333337,0.33333333333333337,none,none,native,0,0.0,1.0,1.0,0,0,0,0,0,0,0,0,0,0,0,0,0,0,60.0,0.0,0.0,5.0
fairlearn__fairlearn-967,8,7,add_subtask,SW8,0.75,0.75,4.0,3.0,4.0,3.0,4,3,4,3,0,0,0,-0.25,-0.25,investigation,investigation,false,source_metadata.target,0.75,0.75,4.0,3.0,4.0,3.0,4,3,4,3,-0.25,-0.25,investigation,investigation,native,0,0.0,1.0,0.6666666666666666,0,0,0,0,0,0,0,0,0,0,0,0,0,0,90.0,30.0,30.0,5.0
fairlearn__fairlearn-967,8,8,update_status,SW8,1.0,1.0,4.0,4.0,4.0,4.0,4,4,4,4,0,0,0,0.25,0.25,none,none,false,source_metadata.target,1.0,1.0,4.0,4.0,4.0,4.0,4,4,4,4,0.25,0.25,none,none,native,0,0.0,1.0,1.0,0,0,0,0,0,0,0,0,0,0,0,0,0,0,90.0,0.0,0.0,5.0
fairlearn__fairlearn-967,10,9,add_subtask,SW10,0.8,0.8,5.0,4.0,5.0,4.0,5,4,5,4,0,0,0,-0.19999999999999996,-0.19999999999999996,investigation,investigation,false,source_metadata.target,0.8,0.8,5.0,4.0,5.0,4.0,5,4,5,4,-0.19999999999999996,-0.19999999999999996,investigation,investigation,native,0,0.0,1.0,0.75,0,0,0,0,0,0,0,0,0,0,0,0,0,0,120.0,30.0,30.0,5.0
fairlearn__fairlearn-967,10,10,update_status,SW10,1.0,1.0,5.0,5.0,5.0,5.0,5,5,5,5,0,0,0,0.19999999999999996,0.19999999999999996,none,none,false,source_metadata.target,1.0,1.0,5.0,5.0,5.0,5.0,5,5,5,5,0.19999999999999996,0.19999999999999996,none,none,native,0,0.0,1.0,1.0,0,0,0,0,0,0,0,0,0,0,0,0,0,0,120.0,0.0,0.0,5.0
fairlearn__fairlearn-967,12,11,add_subtask,SW12,0.8333333333333334,0.8333333333333334,6.0,5.0,6.0,5.0,6,5,6,5,0,0,0,-0.16666666666666663,-0.16666666666666663,validation,validation,false,source_metadata.target,0.8333333333333334,0.8333333333333334,6.0,5.0,6.0,5.0,6,5,6,5,-0.16666666666666663,-0.16666666666666663,validation,validation,native,0,0.0,0.5,1.0,0,0,0,0,0,0,0,0,0,0,0,0,0,0,150.0,30.0,30.0,5.0
fairlearn__fairlearn-967,12,12,update_status,SW12,1.0,1.0,6.0,6.0,6.0,6.0,6,6,6,6,0,0,0,0.16666666666666663,0.16666666666666663,none,none,false,source_metadata.target,1.0,1.0,6.0,6.0,6.0,6.0,6,6,6,6,0.16666666666666663,0.16666666666666663,none,none,native,0,0.0,1.0,1.0,0,0,0,0,0,0,0,0,0,0,0,0,0,0,150.0,0.0,0.0,5.0
fairlearn__fairlearn-967,14,13,add_subtask,SW14,0.8571428571428571,0.8571428571428571,7.0,6.0,7.0,6.0,7,6,7,6,0,0,0,-0.1428571428571429,-0.1428571428571429,product,product,false,source_metadata.target,0.8571428571428571,0.8571428571428571,7.0,6.0,7.0,6.0,7,6,7,6,-0.1428571428571429,-0.1428571428571429,product,product,native,0,0.0,1.0,1.0,0,0,0,0,0,0,0,0,0,0,0,0,0,0,180.0,30.0,30.0,5.0
fairlearn__fairlearn-967,14,14,update_status,SW14,1.0,1.0,7.0,7.0,7.0,7.0,7,7,7,7,0,0,0,0.1428571428571429,0.1428571428571429,none,none,false,source_metadata.target,1.0,1.0,7.0,7.0,7.0,7.0,7,7,7,7,0.1428571428571429,0.1428571428571429,none,none,native,0,1.0,1.0,1.0,0,0,0,0,0,0,0,0,0,0,0,0,0,0,180.0,0.0,0.0,5.0
fairlearn__fairlearn-967,16,15,add_subtask,SW16,0.875,0.875,8.0,7.0,8.0,7.0,8,7,8,7,0,0,0,-0.125,-0.125,validation,validation,false,source_metadata.target,0.875,0.875,8.0,7.0,8.0,7.0,8,7,8,7,-0.125,-0.125,validation,validation,native,0,1.0,0.6666666666666666,1.0,0,0,0,0,0,0,0,0,0,0,0,0,0,0,210.0,30.0,30.0,5.0
fairlearn__fairlearn-967,16,16,update_status,SW16,1.0,1.0,8.0,8.0,8.0,8.0,8,8,8,8,0,0,0,0.125,0.125,none,none,false,source_metadata.target,1.0,1.0,8.0,8.0,8.0,8.0,8,8,8,8,0.125,0.125,none,none,native,0,1.0,1.0,1.0,0,0,0,0,0,0,0,0,0,0,0,0,0,0,210.0,0.0,0.0,5.0
fairlearn__fairlearn-967,18,17,add_subtask,SW18,0.8888888888888888,0.8888888888888888,9.0,8.0,9.0,8.0,9,8,9,8,0,0,0,-0.11111111111111116,-0.11111111111111116,investigation,investigation,false,source_metadata.target,0.8888888888888888,0.8888888888888888,9.0,8.0,9.0,8.0,9,8,9,8,-0.11111111111111116,-0.11111111111111116,investigation,investigation,native,0,1.0,1.0,0.8,0,0,0,0,0,0,0,0,0,0,0,0,0,0,240.0,30.0,30.0,5.0
fairlearn__fairlearn-967,18,18,update_status,SW18,1.0,1.0,9.0,9.0,9.0,9.0,9,9,9,9,0,0,0,0.11111111111111116,0.11111111111111116,none,none,false,source_metadata.target,1.0,1.0,9.0,9.0,9.0,9.0,9,9,9,9,0.11111111111111116,0.11111111111111116,none,none,native,0,1.0,1.0,1.0,0,0,0,0,0,0,0,0,0,0,0,0,0,0,240.0,0.0,0.0,5.0
fairlearn__fairlearn-967,20,19,add_subtask,SW20,0.9,0.9,10.0,9.0,10.0,9.0,10,9,10,9,0,0,0,-0.09999999999999998,-0.09999999999999998,investigation,investigation,false,source_metadata.target,0.9,0.9,10.0,9.0,10.0,9.0,10,9,10,9,-0.09999999999999998,-0.09999999999999998,investigation,investigation,native,0,1.0,1.0,0.8333333333333334,0,0,0,0,0,0,0,0,0,0,0,0,0,0,270.0,30.0,30.0,5.0
fairlearn__fairlearn-967,20,20,update_status,SW20,1.0,1.0,10.0,10.0,10.0,10.0,10,10,10,10,0,0,0,0.09999999999999998,0.09999999999999998,none,none,false,source_metadata.target,1.0,1.0,10.0,10.0,10.0,10.0,10,10,10,10,0.09999999999999998,0.09999999999999998,none,none,native,0,1.0,1.0,1.0,0,0,0,0,0,0,0,0,0,0,0,0,0,0,270.0,0.0,0.0,5.0
fairlearn__fairlearn-967,22,21,add_subtask,SW22,0.9090909090909091,0.9090909090909091,11.0,10.0,11.0,10.0,11,10,11,10,0,0,0,-0.09090909090909094,-0.09090909090909094,product,product,false,source_metadata.target,0.9090909090909091,0.9090909090909091,11.0,10.0,11.0,10.0,11,10,11,10,-0.09090909090909094,-0.09090909090909094,product,product,native,0,0.5,1.0,1.0,0,0,0,0,0,0,0,0,0,0,0,0,0,0,300.0,30.0,30.0,5.0
fairlearn__fairlearn-967,22,22,update_status,SW22,1.0,1.0,11.0,11.0,11.0,11.0,11,11,11,11,0,0,0,0.09090909090909094,0.09090909090909094,none,none,false,source_metadata.target,1.0,1.0,11.0,11.0,11.0,11.0,11,11,11,11,0.09090909090909094,0.09090909090909094,none,none,native,0,1.0,1.0,1.0,0,0,0,0,0,0,0,0,0,0,0,0,0,0,300.0,0.0,0.0,5.0
fairlearn__fairlearn-967,24,23,add_subtask,SW24,0.9166666666666666,0.9166666666666666,12.0,11.0,12.0,11.0,12,11,12,11,0,0,0,-0.08333333333333337,-0.08333333333333337,validation,validation,false,source_metadata.target,0.9166666666666666,0.9166666666666666,12.0,11.0,12.0,11.0,12,11,12,11,-0.08333333333333337,-0.08333333333333337,validation,validation,native,0,1.0,0.75,1.0,0,0,0,0,0,0,0,0,0,0,0,0,0,0,330.0,30.0,30.0,5.0
fairlearn__fairlearn-967,24,24,update_status,SW24,1.0,1.0,12.0,12.0,12.0,12.0,12,12,12,12,0,0,0,0.08333333333333337,0.08333333333333337,none,none,false,source_metadata.target,1.0,1.0,12.0,12.0,12.0,12.0,12,12,12,12,0.08333333333333337,0.08333333333333337,none,none,native,0,1.0,1.0,1.0,0,0,0,0,0,0,0,0,0,0,0,0,0,0,330.0,0.0,0.0,5.0
fairlearn__fairlearn-967,26,25,add_subtask,SW26,0.9230769230769231,0.9230769230769231,13.0,12.0,13.0,12.0,13,12,13,12,0,0,0,-0.07692307692307687,-0.07692307692307687,product,product,false,source_metadata.target,0.9230769230769231,0.9230769230769231,13.0,12.0,13.0,12.0,13,12,13,12,-0.07692307692307687,-0.07692307692307687,product,product,native,0,0.6666666666666666,1.0,1.0,0,0,0,0,0,0,0,0,0,0,0,0,0,0,360.0,30.0,30.0,5.0
fairlearn__fairlearn-967,26,26,update_status,SW26,1.0,1.0,13.0,13.0,13.0,13.0,13,13,13,13,0,0,0,0.07692307692307687,0.07692307692307687,none,none,false,source_metadata.target,1.0,1.0,13.0,13.0,13.0,13.0,13,13,13,13,0.07692307692307687,0.07692307692307687,none,none,native,0,1.0,1.0,1.0,0,0,0,0,0,0,0,0,0,0,0,0,0,0,360.0,0.0,0.0,5.0
fairlearn__fairlearn-967,28,27,add_subtask,SW28,0.9285714285714286,0.9285714285714286,14.0,13.0,14.0,13.0,14,13,14,13,0,0,0,-0.0714285714285714,-0.0714285714285714,product,product,false,source_metadata.target,0.9285714285714286,0.9285714285714286,14.0,13.0,14.0,13.0,14,13,14,13,-0.0714285714285714,-0.0714285714285714,product,product,native,0,0.75,1.0,1.0,0,0,0,0,0,0,0,0,0,0,0,0,0,0,390.0,30.0,30.0,5.0
fairlearn__fairlearn-967,28,28,update_status,SW28,1.0,1.0,14.0,14.0,14.0,14.0,14,14,14,14,0,0,0,0.0714285714285714,0.0714285714285714,none,none,false,source_metadata.target,1.0,1.0,14.0,14.0,14.0,14.0,14,14,14,14,0.0714285714285714,0.0714285714285714,none,none,native,0,1.0,1.0,1.0,0,0,0,0,0,0,0,0,0,0,0,0,0,0,390.0,0.0,0.0,5.0
fairlearn__fairlearn-967,30,29,add_subtask,SW30,0.9333333333333333,0.9333333333333333,15.0,14.0,15.0,14.0,15,14,15,14,0,0,0,-0.06666666666666665,-0.06666666666666665,validation,validation,false,source_metadata.target,0.9333333333333333,0.9333333333333333,15.0,14.0,15.0,14.0,15,14,15,14,-0.06666666666666665,-0.06666666666666665,validation,validation,native,0,1.0,0.8,1.0,0,0,0,0,0,0,0,0,0,0,0,0,0,0,420.0,30.0,30.0,5.0
fairlearn__fairlearn-967,30,30,update_status,SW30,1.0,1.0,15.0,15.0,15.0,15.0,15,15,15,15,0,0,0,0.06666666666666665,0.06666666666666665,none,none,false,source_metadata.target,1.0,1.0,15.0,15.0,15.0,15.0,15,15,15,15,0.06666666666666665,0.06666666666666665,none,none,native,0,1.0,1.0,1.0,0,0,0,0,0,0,0,0,0,0,0,0,0,0,420.0,0.0,0.0,5.0
fairlearn__fairlearn-967,32,31,add_subtask,SW32,0.9375,0.9375,16.0,15.0,16.0,15.0,16,15,16,15,0,0,0,-0.0625,-0.0625,product,product,false,source_metadata.target,0.9375,0.9375,16.0,15.0,16.0,15.0,16,15,16,15,-0.0625,-0.0625,product,product,native,0,0.8,1.0,1.0,0,0,0,0,0,0,0,0,0,0,0,0,0,0,450.0,30.0,30.0,5.0
fairlearn__fairlearn-967,32,32,update_status,SW32,1.0,1.0,16.0,16.0,16.0,16.0,16,16,16,16,0,0,0,0.0625,0.0625,none,none,false,source_metadata.target,1.0,1.0,16.0,16.0,16.0,16.0,16,16,16,16,0.0625,0.0625,none,none,native,0,1.0,1.0,1.0,0,0,0,0,0,0,0,0,0,0,0,0,0,0,450.0,0.0,0.0,5.0
fairlearn__fairlearn-967,34,33,add_subtask,SW34,0.9411764705882353,0.9411764705882353,17.0,16.0,17.0,16.0,17,16,17,16,0,0,0,-0.05882352941176472,-0.05882352941176472,product,product,false,source_metadata.target,0.9411764705882353,0.9411764705882353,17.0,16.0,17.0,16.0,17,16,17,16,-0.05882352941176472,-0.05882352941176472,product,product,native,0,0.8333333333333334,1.0,1.0,0,0,0,0,0,0,0,0,0,0,0,0,0,0,480.0,30.0,30.0,5.0
fairlearn__fairlearn-967,34,34,update_status,SW34,0.9411764705882353,0.9411764705882353,17.0,16.0,17.0,16.0,17,16,17,16,0,0,0,0.0,0.0,none,none,false,source_metadata.target,0.9411764705882353,0.9411764705882353,17.0,16.0,17.0,16.0,17,16,17,16,0.0,0.0,none,none,native,0,0.8333333333333334,1.0,1.0,0,0,0,0,0,0,0,0,0,0,0,0,0,0,480.0,0.0,30.0,5.0
geomet__geomet-101,0,0,init,,0.0,0.0,0,0,0,0,0,0,0,0,0,0,0,0.0,0.0,none,none,true,source_metadata.target,0.0,0.0,0,0,0,0,0,0,0,0,0.0,0.0,none,none,native,0,0.0,0.0,0.0,0,0,0,0,0,0,0,0,0,0,0,0,0,0,0.0,0.0,0.0,
geomet__geomet-101,2,1,add_subtask,SW2,0.0,0.0,1.0,0,1.0,0,1,0,1,0,0,0,0,0.0,0.0,none,none,true,source_metadata.target,0.0,0.0,1.0,0,1.0,0,1,0,1,0,0.0,0.0,none,none,native,0,0.0,0.0,0.0,0,0,0,0,0,0,0,0,0,0,0,0,0,0,0.0,0.0,0.0,
geomet__geomet-101,2,2,update_status,SW2,1.0,1.0,1.0,1.0,1.0,1.0,1,1,1,1,0,0,0,1.0,1.0,none,none,true,source_metadata.target,1.0,1.0,1.0,1.0,1.0,1.0,1,1,1,1,1.0,1.0,none,none,native,0,1.0,0.0,0.0,0,0,0,0,0,0,0,0,0,0,0,0,0,0,0.0,0.0,0.0,
geomet__geomet-101,4,3,add_subtask,SW4,0.5,0.5,2.0,1.0,2.0,1.0,2,1,2,1,0,0,0,-0.5,-0.5,product,product,true,source_metadata.target,0.5,0.5,2.0,1.0,2.0,1.0,2,1,2,1,-0.5,-0.5,product,product,native,0,0.5,0.0,0.0,0,0,0,0,0,0,0,0,0,0,0,0,0,0,30.0,30.0,30.0,8.0
geomet__geomet-101,4,4,update_status,SW4,1.0,1.0,2.0,2.0,2.0,2.0,2,2,2,2,0,0,0,0.5,0.5,none,none,true,source_metadata.target,1.0,1.0,2.0,2.0,2.0,2.0,2,2,2,2,0.5,0.5,none,none,native,0,1.0,0.0,0.0,0,0,0,0,0,0,0,0,0,0,0,0,0,0,30.0,0.0,0.0,10.0
geomet__geomet-101,6,5,add_subtask,SW6,0.6666666666666666,0.6666666666666666,3.0,2.0,3.0,2.0,3,2,3,2,0,0,0,-0.33333333333333337,-0.33333333333333337,validation,validation,true,source_metadata.target,0.6666666666666666,0.6666666666666666,3.0,2.0,3.0,2.0,3,2,3,2,-0.33333333333333337,-0.33333333333333337,validation,validation,native,0,1.0,0.0,0.0,0,0,0,0,0,0,0,0,0,0,0,0,0,0,60.0,30.0,30.0,5.0
geomet__geomet-101,6,6,update_status,SW6,1.0,1.0,3.0,3.0,3.0,3.0,3,3,3,3,0,0,0,0.33333333333333337,0.33333333333333337,none,none,true,source_metadata.target,1.0,1.0,3.0,3.0,3.0,3.0,3,3,3,3,0.33333333333333337,0.33333333333333337,none,none,native,0,1.0,1.0,0.0,0,0,0,0,0,0,0,0,0,0,0,0,0,0,60.0,0.0,0.0,5.0
geomet__geomet-101,8,7,add_subtask,SW8,0.75,0.75,4.0,3.0,4.0,3.0,4,3,4,3,0,0,0,-0.25,-0.25,investigation,investigation,true,source_metadata.target,0.75,0.75,4.0,3.0,4.0,3.0,4,3,4,3,-0.25,-0.25,investigation,investigation,native,0,1.0,1.0,0.0,0,0,0,0,0,0,0,0,0,0,0,0,0,0,90.0,30.0,30.0,5.0
geomet__geomet-101,8,8,update_status,SW8,1.0,1.0,4.0,4.0,4.0,4.0,4,4,4,4,0,0,0,0.25,0.25,none,none,true,source_metadata.target,1.0,1.0,4.0,4.0,4.0,4.0,4,4,4,4,0.25,0.25,none,none,native,0,1.0,1.0,1.0,0,0,0,0,0,0,0,0,0,0,0,0,0,0,90.0,0.0,0.0,5.0
geomet__geomet-101,10,9,add_subtask,SW10,0.8,0.8,5.0,4.0,5.0,4.0,5,4,5,4,0,0,0,-0.19999999999999996,-0.19999999999999996,investigation,investigation,true,source_metadata.target,0.8,0.8,5.0,4.0,5.0,4.0,5,4,5,4,-0.19999999999999996,-0.19999999999999996,investigation,investigation,native,0,1.0,1.0,0.5,0,0,0,0,0,0,0,0,0,0,0,0,0,0,120.0,30.0,30.0,5.0
geomet__geomet-101,10,10,update_status,SW10,1.0,1.0,5.0,5.0,5.0,5.0,5,5,5,5,0,0,0,0.19999999999999996,0.19999999999999996,none,none,true,source_metadata.target,1.0,1.0,5.0,5.0,5.0,5.0,5,5,5,5,0.19999999999999996,0.19999999999999996,none,none,native,0,1.0,1.0,1.0,0,0,0,0,0,0,0,0,0,0,0,0,0,0,120.0,0.0,0.0,5.0
geomet__geomet-101,12,11,add_subtask,SW12,0.8333333333333334,0.8333333333333334,6.0,5.0,6.0,5.0,6,5,6,5,0,0,0,-0.16666666666666663,-0.16666666666666663,product,product,true,source_metadata.target,0.8333333333333334,0.8333333333333334,6.0,5.0,6.0,5.0,6,5,6,5,-0.16666666666666663,-0.16666666666666663,product,product,native,0,0.6666666666666666,1.0,1.0,0,0,0,0,0,0,0,0,0,0,0,0,0,0,150.0,30.0,30.0,5.0
geomet__geomet-101,12,12,update_status,SW12,1.0,1.0,6.0,6.0,6.0,6.0,6,6,6,6,0,0,0,0.16666666666666663,0.16666666666666663,none,none,true,source_metadata.target,1.0,1.0,6.0,6.0,6.0,6.0,6,6,6,6,0.16666666666666663,0.16666666666666663,none,none,native,0,1.0,1.0,1.0,0,0,0,0,0,0,0,0,0,0,0,0,0,0,150.0,0.0,0.0,5.0
geomet__geomet-101,14,13,add_subtask,SW14,0.8571428571428571,0.8571428571428571,7.0,6.0,7.0,6.0,7,6,7,6,0,0,0,-0.1428571428571429,-0.1428571428571429,product,product,true,source_metadata.target,0.8571428571428571,0.8571428571428571,7.0,6.0,7.0,6.0,7,6,7,6,-0.1428571428571429,-0.1428571428571429,product,product,native,0,0.75,1.0,1.0,0,0,0,0,0,0,0,0,0,0,0,0,0,0,180.0,30.0,30.0,5.0
geomet__geomet-101,14,14,update_status,SW14,1.0,1.0,7.0,7.0,7.0,7.0,7,7,7,7,0,0,0,0.1428571428571429,0.1428571428571429,none,none,true,source_metadata.target,1.0,1.0,7.0,7.0,7.0,7.0,7,7,7,7,0.1428571428571429,0.1428571428571429,none,none,native,0,1.0,1.0,1.0,0,0,0,0,0,0,0,0,0,0,0,0,0,0,180.0,0.0,0.0,5.0
geomet__geomet-101,16,15,add_subtask,SW16,0.875,0.875,8.0,7.0,8.0,7.0,8,7,8,7,0,0,0,-0.125,-0.125,product,product,true,source_metadata.target,0.875,0.875,8.0,7.0,8.0,7.0,8,7,8,7,-0.125,-0.125,product,product,native,0,0.8,1.0,1.0,0,0,0,0,0,0,0,0,0,0,0,0,0,0,210.0,30.0,30.0,5.0
geomet__geomet-101,16,16,update_status,SW16,1.0,1.0,8.0,8.0,8.0,8.0,8,8,8,8,0,0,0,0.125,0.125,none,none,true,source_metadata.target,1.0,1.0,8.0,8.0,8.0,8.0,8,8,8,8,0.125,0.125,none,none,native,0,1.0,1.0,1.0,0,0,0,0,0,0,0,0,0,0,0,0,0,0,210.0,0.0,0.0,5.0
geomet__geomet-101,18,17,add_subtask,SW18,0.8888888888888888,0.8888888888888888,9.0,8.0,9.0,8.0,9,8,9,8,0,0,0,-0.11111111111111116,-0.11111111111111116,product,product,true,source_metadata.target,0.8888888888888888,0.8888888888888888,9.0,8.0,9.0,8.0,9,8,9,8,-0.11111111111111116,-0.11111111111111116,product,product,native,0,0.8333333333333334,1.0,1.0,0,0,0,0,0,0,0,0,0,0,0,0,0,0,240.0,30.0,30.0,5.0
geomet__geomet-101,18,18,update_status,SW18,1.0,1.0,9.0,9.0,9.0,9.0,9,9,9,9,0,0,0,0.11111111111111116,0.11111111111111116,none,none,true,source_metadata.target,1.0,1.0,9.0,9.0,9.0,9.0,9,9,9,9,0.11111111111111116,0.11111111111111116,none,none,native,0,1.0,1.0,1.0,0,0,0,0,0,0,0,0,0,0,0,0,0,0,240.0,0.0,0.0,5.0
geomet__geomet-101,20,19,add_subtask,SW20,0.9,0.9,10.0,9.0,10.0,9.0,10,9,10,9,0,0,0,-0.09999999999999998,-0.09999999999999998,product,product,true,source_metadata.target,0.9,0.9,10.0,9.0,10.0,9.0,10,9,10,9,-0.09999999999999998,-0.09999999999999998,product,product,native,0,0.8571428571428571,1.0,1.0,0,0,0,0,0,0,0,0,0,0,0,0,0,0,270.0,30.0,30.0,5.0
geomet__geomet-101,20,20,update_status,SW20,1.0,1.0,10.0,10.0,10.0,10.0,10,10,10,10,0,0,0,0.09999999999999998,0.09999999999999998,none,none,true,source_metadata.target,1.0,1.0,10.0,10.0,10.0,10.0,10,10,10,10,0.09999999999999998,0.09999999999999998,none,none,native,0,1.0,1.0,1.0,0,0,0,0,0,0,0,0,0,0,0,0,0,0,270.0,0.0,0.0,5.0
geomet__geomet-101,22,21,add_subtask,SW22,0.9090909090909091,0.9090909090909091,11.0,10.0,11.0,10.0,11,10,11,10,0,0,0,-0.09090909090909094,-0.09090909090909094,validation,validation,true,source_metadata.target,0.9090909090909091,0.9090909090909091,11.0,10.0,11.0,10.0,11,10,11,10,-0.09090909090909094,-0.09090909090909094,validation,validation,native,0,1.0,0.5,1.0,0,0,0,0,0,0,0,0,0,0,0,0,0,0,300.0,30.0,30.0,5.0
geomet__geomet-101,22,22,update_status,SW22,1.0,1.0,11.0,11.0,11.0,11.0,11,11,11,11,0,0,0,0.09090909090909094,0.09090909090909094,none,none,true,source_metadata.target,1.0,1.0,11.0,11.0,11.0,11.0,11,11,11,11,0.09090909090909094,0.09090909090909094,none,none,native,0,1.0,1.0,1.0,0,0,0,0,0,0,0,0,0,0,0,0,0,0,300.0,0.0,0.0,5.0
geomet__geomet-101,24,23,add_subtask,SW24,0.9166666666666666,0.9166666666666666,12.0,11.0,12.0,11.0,12,11,12,11,0,0,0,-0.08333333333333337,-0.08333333333333337,product,product,true,source_metadata.target,0.9166666666666666,0.9166666666666666,12.0,11.0,12.0,11.0,12,11,12,11,-0.08333333333333337,-0.08333333333333337,product,product,native,0,0.875,1.0,1.0,0,0,0,0,0,0,0,0,0,0,0,0,0,0,330.0,30.0,30.0,5.0
geomet__geomet-101,24,24,update_status,SW24,1.0,1.0,12.0,12.0,12.0,12.0,12,12,12,12,0,0,0,0.08333333333333337,0.08333333333333337,none,none,true,source_metadata.target,1.0,1.0,12.0,12.0,12.0,12.0,12,12,12,12,0.08333333333333337,0.08333333333333337,none,none,native,0,1.0,1.0,1.0,0,0,0,0,0,0,0,0,0,0,0,0,0,0,330.0,0.0,0.0,5.0
geomet__geomet-101,26,25,add_subtask,SW26,1.0,0.9230769230769231,12.0,12.0,13.0,12.0,12,12,13,12,0,0,0,0.0,-0.07692307692307687,none,artifact,true,source_metadata.target,1.0,0.9230769230769231,12.0,12.0,13.0,12.0,12,12,13,12,0.0,-0.07692307692307687,none,artifact,native,0,1.0,1.0,1.0,0,0,0,0,0,0,0,0,0,0,0,0,0,0,360.0,30.0,30.0,5.0
geomet__geomet-101,26,26,update_status,SW26,1.0,1.0,12.0,12.0,13.0,13.0,12,12,13,13,0,0,0,0.0,0.07692307692307687,none,none,true,source_metadata.target,1.0,1.0,12.0,12.0,13.0,13.0,12,12,13,13,0.0,0.07692307692307687,none,none,native,0,1.0,1.0,1.0,0,0,0,0,0,0,0,0,0,0,0,0,0,0,360.0,0.0,30.0,5.0
googleapis__python-spanner-317,0,0,init,,0.0,0.0,0,0,0,0,0,0,0,0,0,0,0,0.0,0.0,none,none,false,source_metadata.target,0.0,0.0,0,0,0,0,0,0,0,0,0.0,0.0,none,none,native,0,0.0,0.0,0.0,0,0,0,0,0,0,0,0,0,0,0,0,0,0,0.0,0.0,0.0,
googleapis__python-spanner-317,2,1,add_subtask,SW2,0.0,0.0,1.0,0,1.0,0,1,0,1,0,0,0,0,0.0,0.0,none,none,false,source_metadata.target,0.0,0.0,1.0,0,1.0,0,1,0,1,0,0.0,0.0,none,none,native,0,0.0,0.0,0.0,0,0,0,0,0,0,0,0,0,0,0,0,0,0,0.0,0.0,0.0,
googleapis__python-spanner-317,2,2,update_status,SW2,1.0,1.0,1.0,1.0,1.0,1.0,1,1,1,1,0,0,0,1.0,1.0,none,none,false,source_metadata.target,1.0,1.0,1.0,1.0,1.0,1.0,1,1,1,1,1.0,1.0,none,none,native,0,1.0,0.0,0.0,0,0,0,0,0,0,0,0,0,0,0,0,0,0,0.0,0.0,0.0,
googleapis__python-spanner-317,4,3,add_subtask,SW4,0.5,0.5,2.0,1.0,2.0,1.0,2,1,2,1,0,0,0,-0.5,-0.5,product,product,false,source_metadata.target,0.5,0.5,2.0,1.0,2.0,1.0,2,1,2,1,-0.5,-0.5,product,product,native,0,0.5,0.0,0.0,0,0,0,0,0,0,0,0,0,0,0,0,0,0,30.0,30.0,30.0,8.0
googleapis__python-spanner-317,4,4,update_status,SW4,1.0,1.0,2.0,2.0,2.0,2.0,2,2,2,2,0,0,0,0.5,0.5,none,none,false,source_metadata.target,1.0,1.0,2.0,2.0,2.0,2.0,2,2,2,2,0.5,0.5,none,none,native,0,1.0,0.0,0.0,0,0,0,0,0,0,0,0,0,0,0,0,0,0,30.0,0.0,0.0,10.0
googleapis__python-spanner-317,6,5,add_subtask,SW6,0.6666666666666666,0.6666666666666666,3.0,2.0,3.0,2.0,3,2,3,2,0,0,0,-0.33333333333333337,-0.33333333333333337,validation,validation,false,source_metadata.target,0.6666666666666666,0.6666666666666666,3.0,2.0,3.0,2.0,3,2,3,2,-0.33333333333333337,-0.33333333333333337,validation,validation,native,0,1.0,0.0,0.0,0,0,0,0,0,0,0,0,0,0,0,0,0,0,60.0,30.0,30.0,5.0
googleapis__python-spanner-317,6,6,update_status,SW6,1.0,1.0,3.0,3.0,3.0,3.0,3,3,3,3,0,0,0,0.33333333333333337,0.33333333333333337,none,none,false,source_metadata.target,1.0,1.0,3.0,3.0,3.0,3.0,3,3,3,3,0.33333333333333337,0.33333333333333337,none,none,native,0,1.0,1.0,0.0,0,0,0,0,0,0,0,0,0,0,0,0,0,0,60.0,0.0,0.0,5.0
googleapis__python-spanner-317,8,7,add_subtask,SW8,0.75,0.75,4.0,3.0,4.0,3.0,4,3,4,3,0,0,0,-0.25,-0.25,investigation,investigation,false,source_metadata.target,0.75,0.75,4.0,3.0,4.0,3.0,4,3,4,3,-0.25,-0.25,investigation,investigation,native,0,1.0,1.0,0.0,0,0,0,0,0,0,0,0,0,0,0,0,0,0,90.0,30.0,30.0,5.0
googleapis__python-spanner-317,8,8,update_status,SW8,1.0,1.0,4.0,4.0,4.0,4.0,4,4,4,4,0,0,0,0.25,0.25,none,none,false,source_metadata.target,1.0,1.0,4.0,4.0,4.0,4.0,4,4,4,4,0.25,0.25,none,none,native,0,1.0,1.0,1.0,0,0,0,0,0,0,0,0,0,0,0,0,0,0,90.0,0.0,0.0,5.0
googleapis__python-spanner-317,10,9,add_subtask,SW10,0.8,0.8,5.0,4.0,5.0,4.0,5,4,5,4,0,0,0,-0.19999999999999996,-0.19999999999999996,investigation,investigation,false,source_metadata.target,0.8,0.8,5.0,4.0,5.0,4.0,5,4,5,4,-0.19999999999999996,-0.19999999999999996,investigation,investigation,native,0,1.0,1.0,0.5,0,0,0,0,0,0,0,0,0,0,0,0,0,0,120.0,30.0,30.0,5.0
googleapis__python-spanner-317,10,10,update_status,SW10,1.0,1.0,5.0,5.0,5.0,5.0,5,5,5,5,0,0,0,0.19999999999999996,0.19999999999999996,none,none,false,source_metadata.target,1.0,1.0,5.0,5.0,5.0,5.0,5,5,5,5,0.19999999999999996,0.19999999999999996,none,none,native,0,1.0,1.0,1.0,0,0,0,0,0,0,0,0,0,0,0,0,0,0,120.0,0.0,0.0,5.0
googleapis__python-spanner-317,12,11,add_subtask,SW12,0.8333333333333334,0.8333333333333334,6.0,5.0,6.0,5.0,6,5,6,5,0,0,0,-0.16666666666666663,-0.16666666666666663,investigation,investigation,false,source_metadata.target,0.8333333333333334,0.8333333333333334,6.0,5.0,6.0,5.0,6,5,6,5,-0.16666666666666663,-0.16666666666666663,investigation,investigation,native,0,1.0,1.0,0.6666666666666666,0,0,0,0,0,0,0,0,0,0,0,0,0,0,150.0,30.0,30.0,5.0
googleapis__python-spanner-317,12,12,update_status,SW12,1.0,1.0,6.0,6.0,6.0,6.0,6,6,6,6,0,0,0,0.16666666666666663,0.16666666666666663,none,none,false,source_metadata.target,1.0,1.0,6.0,6.0,6.0,6.0,6,6,6,6,0.16666666666666663,0.16666666666666663,none,none,native,0,1.0,1.0,1.0,0,0,0,0,0,0,0,0,0,0,0,0,0,0,150.0,0.0,0.0,5.0
googleapis__python-spanner-317,14,13,add_subtask,SW14,0.8571428571428571,0.8571428571428571,7.0,6.0,7.0,6.0,7,6,7,6,0,0,0,-0.1428571428571429,-0.1428571428571429,investigation,investigation,false,source_metadata.target,0.8571428571428571,0.8571428571428571,7.0,6.0,7.0,6.0,7,6,7,6,-0.1428571428571429,-0.1428571428571429,investigation,investigation,native,0,1.0,1.0,0.75,0,0,0,0,0,0,0,0,0,0,0,0,0,0,180.0,30.0,30.0,5.0
googleapis__python-spanner-317,14,14,update_status,SW14,1.0,1.0,7.0,7.0,7.0,7.0,7,7,7,7,0,0,0,0.1428571428571429,0.1428571428571429,none,none,false,source_metadata.target,1.0,1.0,7.0,7.0,7.0,7.0,7,7,7,7,0.1428571428571429,0.1428571428571429,none,none,native,0,1.0,1.0,1.0,0,0,0,0,0,0,0,0,0,0,0,0,0,0,180.0,0.0,0.0,5.0
googleapis__python-spanner-317,16,15,add_subtask,SW16,0.875,0.875,8.0,7.0,8.0,7.0,8,7,8,7,0,0,0,-0.125,-0.125,investigation,investigation,false,source_metadata.target,0.875,0.875,8.0,7.0,8.0,7.0,8,7,8,7,-0.125,-0.125,investigation,investigation,native,0,1.0,1.0,0.8,0,0,0,0,0,0,0,0,0,0,0,0,0,0,210.0,30.0,30.0,5.0
googleapis__python-spanner-317,16,16,update_status,SW16,1.0,1.0,8.0,8.0,8.0,8.0,8,8,8,8,0,0,0,0.125,0.125,none,none,false,source_metadata.target,1.0,1.0,8.0,8.0,8.0,8.0,8,8,8,8,0.125,0.125,none,none,native,0,1.0,1.0,1.0,0,0,0,0,0,0,0,0,0,0,0,0,0,0,210.0,0.0,0.0,5.0
googleapis__python-spanner-317,18,17,add_subtask,SW18,0.8888888888888888,0.8888888888888888,9.0,8.0,9.0,8.0,9,8,9,8,0,0,0,-0.11111111111111116,-0.11111111111111116,investigation,investigation,false,source_metadata.target,0.8888888888888888,0.8888888888888888,9.0,8.0,9.0,8.0,9,8,9,8,-0.11111111111111116,-0.11111111111111116,investigation,investigation,native,0,1.0,1.0,0.8333333333333334,0,0,0,0,0,0,0,0,0,0,0,0,0,0,240.0,30.0,30.0,5.0
googleapis__python-spanner-317,18,18,update_status,SW18,1.0,1.0,9.0,9.0,9.0,9.0,9,9,9,9,0,0,0,0.11111111111111116,0.11111111111111116,none,none,false,source_metadata.target,1.0,1.0,9.0,9.0,9.0,9.0,9,9,9,9,0.11111111111111116,0.11111111111111116,none,none,native,0,1.0,1.0,1.0,0,0,0,0,0,0,0,0,0,0,0,0,0,0,240.0,0.0,0.0,5.0
googleapis__python-spanner-317,20,19,add_subtask,SW20,0.9,0.9,10.0,9.0,10.0,9.0,10,9,10,9,0,0,0,-0.09999999999999998,-0.09999999999999998,investigation,investigation,false,source_metadata.target,0.9,0.9,10.0,9.0,10.0,9.0,10,9,10,9,-0.09999999999999998,-0.09999999999999998,investigation,investigation,native,0,1.0,1.0,0.8571428571428571,0,0,0,0,0,0,0,0,0,0,0,0,0,0,270.0,30.0,30.0,5.0
googleapis__python-spanner-317,20,20,update_status,SW20,1.0,1.0,10.0,10.0,10.0,10.0,10,10,10,10,0,0,0,0.09999999999999998,0.09999999999999998,none,none,false,source_metadata.target,1.0,1.0,10.0,10.0,10.0,10.0,10,10,10,10,0.09999999999999998,0.09999999999999998,none,none,native,0,1.0,1.0,1.0,0,0,0,0,0,0,0,0,0,0,0,0,0,0,270.0,0.0,0.0,5.0
googleapis__python-spanner-317,22,21,add_subtask,SW22,0.9090909090909091,0.9090909090909091,11.0,10.0,11.0,10.0,11,10,11,10,0,0,0,-0.09090909090909094,-0.09090909090909094,investigation,investigation,false,source_metadata.target,0.9090909090909091,0.9090909090909091,11.0,10.0,11.0,10.0,11,10,11,10,-0.09090909090909094,-0.09090909090909094,investigation,investigation,native,0,1.0,1.0,0.875,0,0,0,0,0,0,0,0,0,0,0,0,0,0,300.0,30.0,30.0,5.0
googleapis__python-spanner-317,22,22,update_status,SW22,1.0,1.0,11.0,11.0,11.0,11.0,11,11,11,11,0,0,0,0.09090909090909094,0.09090909090909094,none,none,false,source_metadata.target,1.0,1.0,11.0,11.0,11.0,11.0,11,11,11,11,0.09090909090909094,0.09090909090909094,none,none,native,0,1.0,1.0,1.0,0,0,0,0,0,0,0,0,0,0,0,0,0,0,300.0,0.0,0.0,5.0
googleapis__python-spanner-317,24,23,add_subtask,SW24,0.9166666666666666,0.9166666666666666,12.0,11.0,12.0,11.0,12,11,12,11,0,0,0,-0.08333333333333337,-0.08333333333333337,investigation,investigation,false,source_metadata.target,0.9166666666666666,0.9166666666666666,12.0,11.0,12.0,11.0,12,11,12,11,-0.08333333333333337,-0.08333333333333337,investigation,investigation,native,0,1.0,1.0,0.8888888888888888,0,0,0,0,0,0,0,0,0,0,0,0,0,0,330.0,30.0,30.0,5.0
googleapis__python-spanner-317,24,24,update_status,SW24,1.0,1.0,12.0,12.0,12.0,12.0,12,12,12,12,0,0,0,0.08333333333333337,0.08333333333333337,none,none,false,source_metadata.target,1.0,1.0,12.0,12.0,12.0,12.0,12,12,12,12,0.08333333333333337,0.08333333333333337,none,none,native,0,1.0,1.0,1.0,0,0,0,0,0,0,0,0,0,0,0,0,0,0,330.0,0.0,0.0,5.0
googleapis__python-spanner-317,26,25,add_subtask,SW26,0.9230769230769231,0.9230769230769231,13.0,12.0,13.0,12.0,13,12,13,12,0,0,0,-0.07692307692307687,-0.07692307692307687,product,product,false,source_metadata.target,0.9230769230769231,0.9230769230769231,13.0,12.0,13.0,12.0,13,12,13,12,-0.07692307692307687,-0.07692307692307687,product,product,native,0,0.6666666666666666,1.0,1.0,0,0,0,0,0,0,0,0,0,0,0,0,0,0,360.0,30.0,30.0,5.0
googleapis__python-spanner-317,26,26,update_status,SW26,1.0,1.0,13.0,13.0,13.0,13.0,13,13,13,13,0,0,0,0.07692307692307687,0.07692307692307687,none,none,false,source_metadata.target,1.0,1.0,13.0,13.0,13.0,13.0,13,13,13,13,0.07692307692307687,0.07692307692307687,none,none,native,0,1.0,1.0,1.0,0,0,0,0,0,0,0,0,0,0,0,0,0,0,360.0,0.0,0.0,5.0
googleapis__python-spanner-317,28,27,add_subtask,SW28,0.9285714285714286,0.9285714285714286,14.0,13.0,14.0,13.0,14,13,14,13,0,0,0,-0.0714285714285714,-0.0714285714285714,validation,validation,false,source_metadata.target,0.9285714285714286,0.9285714285714286,14.0,13.0,14.0,13.0,14,13,14,13,-0.0714285714285714,-0.0714285714285714,validation,validation,native,0,1.0,0.5,1.0,0,0,0,0,0,0,0,0,0,0,0,0,0,0,390.0,30.0,30.0,5.0
googleapis__python-spanner-317,28,28,update_status,SW28,1.0,1.0,14.0,14.0,14.0,14.0,14,14,14,14,0,0,0,0.0714285714285714,0.0714285714285714,none,none,false,source_metadata.target,1.0,1.0,14.0,14.0,14.0,14.0,14,14,14,14,0.0714285714285714,0.0714285714285714,none,none,native,0,1.0,1.0,1.0,0,0,0,0,0,0,0,0,0,0,0,0,0,0,390.0,0.0,0.0,5.0
googleapis__python-spanner-317,30,29,add_subtask,SW30,0.9333333333333333,0.9333333333333333,15.0,14.0,15.0,14.0,15,14,15,14,0,0,0,-0.06666666666666665,-0.06666666666666665,product,product,false,source_metadata.target,0.9333333333333333,0.9333333333333333,15.0,14.0,15.0,14.0,15,14,15,14,-0.06666666666666665,-0.06666666666666665,product,product,native,0,0.75,1.0,1.0,0,0,0,0,0,0,0,0,0,0,0,0,0,0,420.0,30.0,30.0,5.0
googleapis__python-spanner-317,30,30,update_status,SW30,1.0,1.0,15.0,15.0,15.0,15.0,15,15,15,15,0,0,0,0.06666666666666665,0.06666666666666665,none,none,false,source_metadata.target,1.0,1.0,15.0,15.0,15.0,15.0,15,15,15,15,0.06666666666666665,0.06666666666666665,none,none,native,0,1.0,1.0,1.0,0,0,0,0,0,0,0,0,0,0,0,0,0,0,420.0,0.0,0.0,5.0
googleapis__python-spanner-317,32,31,add_subtask,SW32,1.0,0.9375,15.0,15.0,16.0,15.0,15,15,16,15,0,0,0,0.0,-0.0625,none,artifact,false,source_metadata.target,1.0,0.9375,15.0,15.0,16.0,15.0,15,15,16,15,0.0,-0.0625,none,artifact,native,0,1.0,1.0,1.0,0,0,0,0,0,0,0,0,0,0,0,0,0,0,450.0,30.0,30.0,5.0
googleapis__python-spanner-317,32,32,update_status,SW32,1.0,1.0,15.0,15.0,16.0,16.0,15,15,16,16,0,0,0,0.0,0.0625,none,none,false,source_metadata.target,1.0,1.0,15.0,15.0,16.0,16.0,15,15,16,16,0.0,0.0625,none,none,native,0,1.0,1.0,1.0,0,0,0,0,0,0,0,0,0,0,0,0,0,0,450.0,0.0,30.0,5.0
hsahovic__poke-env-68,0,0,init,,0.0,0.0,0,0,0,0,0,0,0,0,0,0,0,0.0,0.0,none,none,true,source_metadata.target,0.0,0.0,0,0,0,0,0,0,0,0,0.0,0.0,none,none,native,0,0.0,0.0,0.0,0,0,0,0,0,0,0,0,0,0,0,0,0,0,0.0,0.0,0.0,
hsahovic__poke-env-68,2,1,add_subtask,SW2,0.0,0.0,1.0,0,1.0,0,1,0,1,0,0,0,0,0.0,0.0,none,none,true,source_metadata.target,0.0,0.0,1.0,0,1.0,0,1,0,1,0,0.0,0.0,none,none,native,0,0.0,0.0,0.0,0,0,0,0,0,0,0,0,0,0,0,0,0,0,0.0,0.0,0.0,
hsahovic__poke-env-68,2,2,update_status,SW2,1.0,1.0,1.0,1.0,1.0,1.0,1,1,1,1,0,0,0,1.0,1.0,none,none,true,source_metadata.target,1.0,1.0,1.0,1.0,1.0,1.0,1,1,1,1,1.0,1.0,none,none,native,0,1.0,0.0,0.0,0,0,0,0,0,0,0,0,0,0,0,0,0,0,0.0,0.0,0.0,
hsahovic__poke-env-68,4,3,add_subtask,SW4,0.5,0.5,2.0,1.0,2.0,1.0,2,1,2,1,0,0,0,-0.5,-0.5,product,product,true,source_metadata.target,0.5,0.5,2.0,1.0,2.0,1.0,2,1,2,1,-0.5,-0.5,product,product,native,0,0.5,0.0,0.0,0,0,0,0,0,0,0,0,0,0,0,0,0,0,30.0,30.0,30.0,8.0
hsahovic__poke-env-68,4,4,update_status,SW4,1.0,1.0,2.0,2.0,2.0,2.0,2,2,2,2,0,0,0,0.5,0.5,none,none,true,source_metadata.target,1.0,1.0,2.0,2.0,2.0,2.0,2,2,2,2,0.5,0.5,none,none,native,0,1.0,0.0,0.0,0,0,0,0,0,0,0,0,0,0,0,0,0,0,30.0,0.0,0.0,10.0
hsahovic__poke-env-68,6,5,add_subtask,SW6,0.6666666666666666,0.6666666666666666,3.0,2.0,3.0,2.0,3,2,3,2,0,0,0,-0.33333333333333337,-0.33333333333333337,product,product,true,source_metadata.target,0.6666666666666666,0.6666666666666666,3.0,2.0,3.0,2.0,3,2,3,2,-0.33333333333333337,-0.33333333333333337,product,product,native,0,0.6666666666666666,0.0,0.0,0,0,0,0,0,0,0,0,0,0,0,0,0,0,60.0,30.0,30.0,5.0
hsahovic__poke-env-68,6,6,update_status,SW6,1.0,1.0,3.0,3.0,3.0,3.0,3,3,3,3,0,0,0,0.33333333333333337,0.33333333333333337,none,none,true,source_metadata.target,1.0,1.0,3.0,3.0,3.0,3.0,3,3,3,3,0.33333333333333337,0.33333333333333337,none,none,native,0,1.0,0.0,0.0,0,0,0,0,0,0,0,0,0,0,0,0,0,0,60.0,0.0,0.0,5.0
hsahovic__poke-env-68,8,7,add_subtask,SW8,0.75,0.75,4.0,3.0,4.0,3.0,4,3,4,3,0,0,0,-0.25,-0.25,validation,validation,true,source_metadata.target,0.75,0.75,4.0,3.0,4.0,3.0,4,3,4,3,-0.25,-0.25,validation,validation,native,0,1.0,0.0,0.0,0,0,0,0,0,0,0,0,0,0,0,0,0,0,90.0,30.0,30.0,5.0
hsahovic__poke-env-68,8,8,update_status,SW8,1.0,1.0,4.0,4.0,4.0,4.0,4,4,4,4,0,0,0,0.25,0.25,none,none,true,source_metadata.target,1.0,1.0,4.0,4.0,4.0,4.0,4,4,4,4,0.25,0.25,none,none,native,0,1.0,1.0,0.0,0,0,0,0,0,0,0,0,0,0,0,0,0,0,90.0,0.0,0.0,5.0
hsahovic__poke-env-68,10,9,add_subtask,SW10,0.8,0.8,5.0,4.0,5.0,4.0,5,4,5,4,0,0,0,-0.19999999999999996,-0.19999999999999996,investigation,investigation,true,source_metadata.target,0.8,0.8,5.0,4.0,5.0,4.0,5,4,5,4,-0.19999999999999996,-0.19999999999999996,investigation,investigation,native,0,1.0,1.0,0.0,0,0,0,0,0,0,0,0,0,0,0,0,0,0,120.0,30.0,30.0,5.0
hsahovic__poke-env-68,10,10,update_status,SW10,1.0,1.0,5.0,5.0,5.0,5.0,5,5,5,5,0,0,0,0.19999999999999996,0.19999999999999996,none,none,true,source_metadata.target,1.0,1.0,5.0,5.0,5.0,5.0,5,5,5,5,0.19999999999999996,0.19999999999999996,none,none,native,0,1.0,1.0,1.0,0,0,0,0,0,0,0,0,0,0,0,0,0,0,120.0,0.0,0.0,5.0
hsahovic__poke-env-68,12,11,add_subtask,SW12,0.8333333333333334,0.8333333333333334,6.0,5.0,6.0,5.0,6,5,6,5,0,0,0,-0.16666666666666663,-0.16666666666666663,investigation,investigation,true,source_metadata.target,0.8333333333333334,0.8333333333333334,6.0,5.0,6.0,5.0,6,5,6,5,-0.16666666666666663,-0.16666666666666663,investigation,investigation,native,0,1.0,1.0,0.5,0,0,0,0,0,0,0,0,0,0,0,0,0,0,150.0,30.0,30.0,5.0
hsahovic__poke-env-68,12,12,update_status,SW12,1.0,1.0,6.0,6.0,6.0,6.0,6,6,6,6,0,0,0,0.16666666666666663,0.16666666666666663,none,none,true,source_metadata.target,1.0,1.0,6.0,6.0,6.0,6.0,6,6,6,6,0.16666666666666663,0.16666666666666663,none,none,native,0,1.0,1.0,1.0,0,0,0,0,0,0,0,0,0,0,0,0,0,0,150.0,0.0,0.0,5.0
hsahovic__poke-env-68,14,13,add_subtask,SW14,0.8571428571428571,0.8571428571428571,7.0,6.0,7.0,6.0,7,6,7,6,0,0,0,-0.1428571428571429,-0.1428571428571429,investigation,investigation,true,source_metadata.target,0.8571428571428571,0.8571428571428571,7.0,6.0,7.0,6.0,7,6,7,6,-0.1428571428571429,-0.1428571428571429,investigation,investigation,native,0,1.0,1.0,0.6666666666666666,0,0,0,0,0,0,0,0,0,0,0,0,0,0,180.0,30.0,30.0,5.0
hsahovic__poke-env-68,14,14,update_status,SW14,1.0,1.0,7.0,7.0,7.0,7.0,7,7,7,7,0,0,0,0.1428571428571429,0.1428571428571429,none,none,true,source_metadata.target,1.0,1.0,7.0,7.0,7.0,7.0,7,7,7,7,0.1428571428571429,0.1428571428571429,none,none,native,0,1.0,1.0,1.0,0,0,0,0,0,0,0,0,0,0,0,0,0,0,180.0,0.0,0.0,5.0
hsahovic__poke-env-68,16,15,add_subtask,SW16,0.875,0.875,8.0,7.0,8.0,7.0,8,7,8,7,0,0,0,-0.125,-0.125,investigation,investigation,true,source_metadata.target,0.875,0.875,8.0,7.0,8.0,7.0,8,7,8,7,-0.125,-0.125,investigation,investigation,native,0,1.0,1.0,0.75,0,0,0,0,0,0,0,0,0,0,0,0,0,0,210.0,30.0,30.0,5.0
hsahovic__poke-env-68,16,16,update_status,SW16,1.0,1.0,8.0,8.0,8.0,8.0,8,8,8,8,0,0,0,0.125,0.125,none,none,true,source_metadata.target,1.0,1.0,8.0,8.0,8.0,8.0,8,8,8,8,0.125,0.125,none,none,native,0,1.0,1.0,1.0,0,0,0,0,0,0,0,0,0,0,0,0,0,0,210.0,0.0,0.0,5.0
hsahovic__poke-env-68,18,17,add_subtask,SW18,0.8888888888888888,0.8888888888888888,9.0,8.0,9.0,8.0,9,8,9,8,0,0,0,-0.11111111111111116,-0.11111111111111116,product,product,true,source_metadata.target,0.8888888888888888,0.8888888888888888,9.0,8.0,9.0,8.0,9,8,9,8,-0.11111111111111116,-0.11111111111111116,product,product,native,0,0.75,1.0,1.0,0,0,0,0,0,0,0,0,0,0,0,0,0,0,240.0,30.0,30.0,5.0
hsahovic__poke-env-68,18,18,update_status,SW18,1.0,1.0,9.0,9.0,9.0,9.0,9,9,9,9,0,0,0,0.11111111111111116,0.11111111111111116,none,none,true,source_metadata.target,1.0,1.0,9.0,9.0,9.0,9.0,9,9,9,9,0.11111111111111116,0.11111111111111116,none,none,native,0,1.0,1.0,1.0,0,0,0,0,0,0,0,0,0,0,0,0,0,0,240.0,0.0,0.0,5.0
hsahovic__poke-env-68,20,19,add_subtask,SW20,0.9,0.9,10.0,9.0,10.0,9.0,10,9,10,9,0,0,0,-0.09999999999999998,-0.09999999999999998,validation,validation,true,source_metadata.target,0.9,0.9,10.0,9.0,10.0,9.0,10,9,10,9,-0.09999999999999998,-0.09999999999999998,validation,validation,native,0,1.0,0.5,1.0,0,0,0,0,0,0,0,0,0,0,0,0,0,0,270.0,30.0,30.0,5.0
hsahovic__poke-env-68,20,20,update_status,SW20,1.0,1.0,10.0,10.0,10.0,10.0,10,10,10,10,0,0,0,0.09999999999999998,0.09999999999999998,none,none,true,source_metadata.target,1.0,1.0,10.0,10.0,10.0,10.0,10,10,10,10,0.09999999999999998,0.09999999999999998,none,none,native,0,1.0,1.0,1.0,0,0,0,0,0,0,0,0,0,0,0,0,0,0,270.0,0.0,0.0,5.0
hsahovic__poke-env-68,22,21,add_subtask,SW22,0.9090909090909091,0.9090909090909091,11.0,10.0,11.0,10.0,11,10,11,10,0,0,0,-0.09090909090909094,-0.09090909090909094,investigation,investigation,true,source_metadata.target,0.9090909090909091,0.9090909090909091,11.0,10.0,11.0,10.0,11,10,11,10,-0.09090909090909094,-0.09090909090909094,investigation,investigation,native,0,1.0,1.0,0.8,0,0,0,0,0,0,0,0,0,0,0,0,0,0,300.0,30.0,30.0,5.0
hsahovic__poke-env-68,22,22,update_status,SW22,1.0,1.0,11.0,11.0,11.0,11.0,11,11,11,11,0,0,0,0.09090909090909094,0.09090909090909094,none,none,true,source_metadata.target,1.0,1.0,11.0,11.0,11.0,11.0,11,11,11,11,0.09090909090909094,0.09090909090909094,none,none,native,0,1.0,1.0,1.0,0,0,0,0,0,0,0,0,0,0,0,0,0,0,300.0,0.0,0.0,5.0
hsahovic__poke-env-68,24,23,add_subtask,SW24,0.9166666666666666,0.9166666666666666,12.0,11.0,12.0,11.0,12,11,12,11,0,0,0,-0.08333333333333337,-0.08333333333333337,investigation,investigation,true,source_metadata.target,0.9166666666666666,0.9166666666666666,12.0,11.0,12.0,11.0,12,11,12,11,-0.08333333333333337,-0.08333333333333337,investigation,investigation,native,0,1.0,1.0,0.8333333333333334,0,0,0,0,0,0,0,0,0,0,0,0,0,0,330.0,30.0,30.0,5.0
hsahovic__poke-env-68,24,24,update_status,SW24,1.0,1.0,12.0,12.0,12.0,12.0,12,12,12,12,0,0,0,0.08333333333333337,0.08333333333333337,none,none,true,source_metadata.target,1.0,1.0,12.0,12.0,12.0,12.0,12,12,12,12,0.08333333333333337,0.08333333333333337,none,none,native,0,1.0,1.0,1.0,0,0,0,0,0,0,0,0,0,0,0,0,0,0,330.0,0.0,0.0,5.0
hsahovic__poke-env-68,26,25,add_subtask,SW26,0.9230769230769231,0.9230769230769231,13.0,12.0,13.0,12.0,13,12,13,12,0,0,0,-0.07692307692307687,-0.07692307692307687,product,product,true,source_metadata.target,0.9230769230769231,0.9230769230769231,13.0,12.0,13.0,12.0,13,12,13,12,-0.07692307692307687,-0.07692307692307687,product,product,native,0,0.8,1.0,1.0,0,0,0,0,0,0,0,0,0,0,0,0,0,0,360.0,30.0,30.0,5.0
hsahovic__poke-env-68,26,26,update_status,SW26,1.0,1.0,13.0,13.0,13.0,13.0,13,13,13,13,0,0,0,0.07692307692307687,0.07692307692307687,none,none,true,source_metadata.target,1.0,1.0,13.0,13.0,13.0,13.0,13,13,13,13,0.07692307692307687,0.07692307692307687,none,none,native,0,1.0,1.0,1.0,0,0,0,0,0,0,0,0,0,0,0,0,0,0,360.0,0.0,0.0,5.0
hsahovic__poke-env-68,28,27,add_subtask,SW28,0.9285714285714286,0.9285714285714286,14.0,13.0,14.0,13.0,14,13,14,13,0,0,0,-0.0714285714285714,-0.0714285714285714,validation,validation,true,source_metadata.target,0.9285714285714286,0.9285714285714286,14.0,13.0,14.0,13.0,14,13,14,13,-0.0714285714285714,-0.0714285714285714,validation,validation,native,0,1.0,0.6666666666666666,1.0,0,0,0,0,0,0,0,0,0,0,0,0,0,0,390.0,30.0,30.0,5.0
hsahovic__poke-env-68,28,28,update_status,SW28,1.0,1.0,14.0,14.0,14.0,14.0,14,14,14,14,0,0,0,0.0714285714285714,0.0714285714285714,none,none,true,source_metadata.target,1.0,1.0,14.0,14.0,14.0,14.0,14,14,14,14,0.0714285714285714,0.0714285714285714,none,none,native,0,1.0,1.0,1.0,0,0,0,0,0,0,0,0,0,0,0,0,0,0,390.0,0.0,0.0,5.0
hsahovic__poke-env-68,30,29,add_subtask,SW30,0.9333333333333333,0.9333333333333333,15.0,14.0,15.0,14.0,15,14,15,14,0,0,0,-0.06666666666666665,-0.06666666666666665,investigation,investigation,true,source_metadata.target,0.9333333333333333,0.9333333333333333,15.0,14.0,15.0,14.0,15,14,15,14,-0.06666666666666665,-0.06666666666666665,investigation,investigation,native,0,1.0,1.0,0.8571428571428571,0,0,0,0,0,0,0,0,0,0,0,0,0,0,420.0,30.0,30.0,5.0
hsahovic__poke-env-68,30,30,update_status,SW30,1.0,1.0,15.0,15.0,15.0,15.0,15,15,15,15,0,0,0,0.06666666666666665,0.06666666666666665,none,none,true,source_metadata.target,1.0,1.0,15.0,15.0,15.0,15.0,15,15,15,15,0.06666666666666665,0.06666666666666665,none,none,native,0,1.0,1.0,1.0,0,0,0,0,0,0,0,0,0,0,0,0,0,0,420.0,0.0,0.0,5.0
hsahovic__poke-env-68,32,31,add_subtask,SW32,0.9375,0.9375,16.0,15.0,16.0,15.0,16,15,16,15,0,0,0,-0.0625,-0.0625,product,product,true,source_metadata.target,0.9375,0.9375,16.0,15.0,16.0,15.0,16,15,16,15,-0.0625,-0.0625,product,product,native,0,0.8333333333333334,1.0,1.0,0,0,0,0,0,0,0,0,0,0,0,0,0,0,450.0,30.0,30.0,5.0
hsahovic__poke-env-68,32,32,update_status,SW32,1.0,1.0,16.0,16.0,16.0,16.0,16,16,16,16,0,0,0,0.0625,0.0625,none,none,true,source_metadata.target,1.0,1.0,16.0,16.0,16.0,16.0,16,16,16,16,0.0625,0.0625,none,none,native,0,1.0,1.0,1.0,0,0,0,0,0,0,0,0,0,0,0,0,0,0,450.0,0.0,0.0,5.0
hsahovic__poke-env-68,34,33,add_subtask,SW34,0.9411764705882353,0.9411764705882353,17.0,16.0,17.0,16.0,17,16,17,16,0,0,0,-0.05882352941176472,-0.05882352941176472,validation,validation,true,source_metadata.target,0.9411764705882353,0.9411764705882353,17.0,16.0,17.0,16.0,17,16,17,16,-0.05882352941176472,-0.05882352941176472,validation,validation,native,0,1.0,0.75,1.0,0,0,0,0,0,0,0,0,0,0,0,0,0,0,480.0,30.0,30.0,5.0
hsahovic__poke-env-68,34,34,update_status,SW34,1.0,1.0,17.0,17.0,17.0,17.0,17,17,17,17,0,0,0,0.05882352941176472,0.05882352941176472,none,none,true,source_metadata.target,1.0,1.0,17.0,17.0,17.0,17.0,17,17,17,17,0.05882352941176472,0.05882352941176472,none,none,native,0,1.0,1.0,1.0,0,0,0,0,0,0,0,0,0,0,0,0,0,0,480.0,0.0,0.0,5.0
hsahovic__poke-env-68,36,35,add_subtask,SW36,1.0,0.9444444444444444,17.0,17.0,18.0,17.0,17,17,18,17,0,0,0,0.0,-0.05555555555555558,none,artifact,true,source_metadata.target,1.0,0.9444444444444444,17.0,17.0,18.0,17.0,17,17,18,17,0.0,-0.05555555555555558,none,artifact,native,0,1.0,1.0,1.0,0,0,0,0,0,0,0,0,0,0,0,0,0,0,510.0,30.0,30.0,5.0
hsahovic__poke-env-68,36,36,update_status,SW36,1.0,1.0,17.0,17.0,18.0,18.0,17,17,18,18,0,0,0,0.0,0.05555555555555558,none,none,true,source_metadata.target,1.0,1.0,17.0,17.0,18.0,18.0,17,17,18,18,0.0,0.05555555555555558,none,none,native,0,1.0,1.0,1.0,0,0,0,0,0,0,0,0,0,0,0,0,0,0,510.0,0.0,30.0,5.0
joke2k__django-environ-174,0,0,init,,0.0,0.0,0,0,0,0,0,0,0,0,0,0,0,0.0,0.0,none,none,true,source_metadata.target,0.0,0.0,0,0,0,0,0,0,0,0,0.0,0.0,none,none,native,0,0.0,0.0,0.0,0,0,0,0,0,0,0,0,0,0,0,0,0,0,0.0,0.0,0.0,
joke2k__django-environ-174,2,1,add_subtask,SW2,0.0,0.0,1.0,0,1.0,0,1,0,1,0,0,0,0,0.0,0.0,none,none,true,source_metadata.target,0.0,0.0,1.0,0,1.0,0,1,0,1,0,0.0,0.0,none,none,native,0,0.0,0.0,0.0,0,0,0,0,0,0,0,0,0,0,0,0,0,0,0.0,0.0,0.0,
joke2k__django-environ-174,2,2,update_status,SW2,1.0,1.0,1.0,1.0,1.0,1.0,1,1,1,1,0,0,0,1.0,1.0,none,none,true,source_metadata.target,1.0,1.0,1.0,1.0,1.0,1.0,1,1,1,1,1.0,1.0,none,none,native,0,0.0,0.0,1.0,0,0,0,0,0,0,0,0,0,0,0,0,0,0,0.0,0.0,0.0,
joke2k__django-environ-174,4,3,add_subtask,SW4,0.5,0.5,2.0,1.0,2.0,1.0,2,1,2,1,0,0,0,-0.5,-0.5,investigation,investigation,true,source_metadata.target,0.5,0.5,2.0,1.0,2.0,1.0,2,1,2,1,-0.5,-0.5,investigation,investigation,native,0,0.0,0.0,0.5,0,0,0,0,0,0,0,0,0,0,0,0,0,0,30.0,30.0,30.0,8.0
joke2k__django-environ-174,4,4,update_status,SW4,1.0,1.0,2.0,2.0,2.0,2.0,2,2,2,2,0,0,0,0.5,0.5,none,none,true,source_metadata.target,1.0,1.0,2.0,2.0,2.0,2.0,2,2,2,2,0.5,0.5,none,none,native,0,0.0,0.0,1.0,0,0,0,0,0,0,0,0,0,0,0,0,0,0,30.0,0.0,0.0,10.0
joke2k__django-environ-174,6,5,add_subtask,SW6,0.6666666666666666,0.6666666666666666,3.0,2.0,3.0,2.0,3,2,3,2,0,0,0,-0.33333333333333337,-0.33333333333333337,investigation,investigation,true,source_metadata.target,0.6666666666666666,0.6666666666666666,3.0,2.0,3.0,2.0,3,2,3,2,-0.33333333333333337,-0.33333333333333337,investigation,investigation,native,0,0.0,0.0,0.6666666666666666,0,0,0,0,0,0,0,0,0,0,0,0,0,0,60.0,30.0,30.0,5.0
joke2k__django-environ-174,6,6,update_status,SW6,1.0,1.0,3.0,3.0,3.0,3.0,3,3,3,3,0,0,0,0.33333333333333337,0.33333333333333337,none,none,true,source_metadata.target,1.0,1.0,3.0,3.0,3.0,3.0,3,3,3,3,0.33333333333333337,0.33333333333333337,none,none,native,0,0.0,0.0,1.0,0,0,0,0,0,0,0,0,0,0,0,0,0,0,60.0,0.0,0.0,5.0
joke2k__django-environ-174,8,7,add_subtask,SW8,0.75,0.75,4.0,3.0,4.0,3.0,4,3,4,3,0,0,0,-0.25,-0.25,investigation,investigation,true,source_metadata.target,0.75,0.75,4.0,3.0,4.0,3.0,4,3,4,3,-0.25,-0.25,investigation,investigation,native,0,0.0,0.0,0.75,0,0,0,0,0,0,0,0,0,0,0,0,0,0,90.0,30.0,30.0,5.0
joke2k__django-environ-174,8,8,update_status,SW8,1.0,1.0,4.0,4.0,4.0,4.0,4,4,4,4,0,0,0,0.25,0.25,none,none,true,source_metadata.target,1.0,1.0,4.0,4.0,4.0,4.0,4,4,4,4,0.25,0.25,none,none,native,0,0.0,0.0,1.0,0,0,0,0,0,0,0,0,0,0,0,0,0,0,90.0,0.0,0.0,5.0
joke2k__django-environ-174,10,9,add_subtask,SW10,0.8,0.8,5.0,4.0,5.0,4.0,5,4,5,4,0,0,0,-0.19999999999999996,-0.19999999999999996,investigation,investigation,true,source_metadata.target,0.8,0.8,5.0,4.0,5.0,4.0,5,4,5,4,-0.19999999999999996,-0.19999999999999996,investigation,investigation,native,0,0.0,0.0,0.8,0,0,0,0,0,0,0,0,0,0,0,0,0,0,120.0,30.0,30.0,5.0
joke2k__django-environ-174,10,10,update_status,SW10,1.0,1.0,5.0,5.0,5.0,5.0,5,5,5,5,0,0,0,0.19999999999999996,0.19999999999999996,none,none,true,source_metadata.target,1.0,1.0,5.0,5.0,5.0,5.0,5,5,5,5,0.19999999999999996,0.19999999999999996,none,none,native,0,0.0,0.0,1.0,0,0,0,0,0,0,0,0,0,0,0,0,0,0,120.0,0.0,0.0,5.0
joke2k__django-environ-174,12,11,add_subtask,SW12,0.8333333333333334,0.8333333333333334,6.0,5.0,6.0,5.0,6,5,6,5,0,0,0,-0.16666666666666663,-0.16666666666666663,investigation,investigation,true,source_metadata.target,0.8333333333333334,0.8333333333333334,6.0,5.0,6.0,5.0,6,5,6,5,-0.16666666666666663,-0.16666666666666663,investigation,investigation,native,0,0.0,0.0,0.8333333333333334,0,0,0,0,0,0,0,0,0,0,0,0,0,0,150.0,30.0,30.0,5.0
joke2k__django-environ-174,12,12,update_status,SW12,1.0,1.0,6.0,6.0,6.0,6.0,6,6,6,6,0,0,0,0.16666666666666663,0.16666666666666663,none,none,true,source_metadata.target,1.0,1.0,6.0,6.0,6.0,6.0,6,6,6,6,0.16666666666666663,0.16666666666666663,none,none,native,0,0.0,0.0,1.0,0,0,0,0,0,0,0,0,0,0,0,0,0,0,150.0,0.0,0.0,5.0
joke2k__django-environ-174,14,13,add_subtask,SW14,0.8571428571428571,0.8571428571428571,7.0,6.0,7.0,6.0,7,6,7,6,0,0,0,-0.1428571428571429,-0.1428571428571429,product,product,true,source_metadata.target,0.8571428571428571,0.8571428571428571,7.0,6.0,7.0,6.0,7,6,7,6,-0.1428571428571429,-0.1428571428571429,product,product,native,0,0.0,0.0,1.0,0,0,0,0,0,0,0,0,0,0,0,0,0,0,180.0,30.0,30.0,5.0
joke2k__django-environ-174,14,14,update_status,SW14,1.0,1.0,7.0,7.0,7.0,7.0,7,7,7,7,0,0,0,0.1428571428571429,0.1428571428571429,none,none,true,source_metadata.target,1.0,1.0,7.0,7.0,7.0,7.0,7,7,7,7,0.1428571428571429,0.1428571428571429,none,none,native,0,1.0,0.0,1.0,0,0,0,0,0,0,0,0,0,0,0,0,0,0,180.0,0.0,0.0,5.0
joke2k__django-environ-174,16,15,add_subtask,SW16,1.0,0.875,7.0,7.0,8.0,7.0,7,7,8,7,0,0,0,0.0,-0.125,none,artifact,true,source_metadata.target,1.0,0.875,7.0,7.0,8.0,7.0,7,7,8,7,0.0,-0.125,none,artifact,native,0,1.0,0.0,1.0,0,0,0,0,0,0,0,0,0,0,0,0,0,0,210.0,30.0,30.0,5.0
joke2k__django-environ-174,16,16,update_status,SW16,1.0,1.0,7.0,7.0,8.0,8.0,7,7,8,8,0,0,0,0.0,0.125,none,none,true,source_metadata.target,1.0,1.0,7.0,7.0,8.0,8.0,7,7,8,8,0.0,0.125,none,none,native,0,1.0,0.0,1.0,0,0,0,0,0,0,0,0,0,0,0,0,0,0,210.0,0.0,30.0,5.0
lidatong__dataclasses-json-394,0,0,init,,0.0,0.0,0,0,0,0,0,0,0,0,0,0,0,0.0,0.0,none,none,true,source_metadata.target,0.0,0.0,0,0,0,0,0,0,0,0,0.0,0.0,none,none,native,0,0.0,0.0,0.0,0,0,0,0,0,0,0,0,0,0,0,0,0,0,0.0,0.0,0.0,
lidatong__dataclasses-json-394,2,1,add_subtask,SW2,0.0,0.0,1.0,0,1.0,0,1,0,1,0,0,0,0,0.0,0.0,none,none,true,source_metadata.target,0.0,0.0,1.0,0,1.0,0,1,0,1,0,0.0,0.0,none,none,native,0,0.0,0.0,0.0,0,0,0,0,0,0,0,0,0,0,0,0,0,0,0.0,0.0,0.0,
lidatong__dataclasses-json-394,2,2,update_status,SW2,1.0,1.0,1.0,1.0,1.0,1.0,1,1,1,1,0,0,0,1.0,1.0,none,none,true,source_metadata.target,1.0,1.0,1.0,1.0,1.0,1.0,1,1,1,1,1.0,1.0,none,none,native,0,1.0,0.0,0.0,0,0,0,0,0,0,0,0,0,0,0,0,0,0,0.0,0.0,0.0,
lidatong__dataclasses-json-394,4,3,add_subtask,SW4,0.5,0.5,2.0,1.0,2.0,1.0,2,1,2,1,0,0,0,-0.5,-0.5,product,product,true,source_metadata.target,0.5,0.5,2.0,1.0,2.0,1.0,2,1,2,1,-0.5,-0.5,product,product,native,0,0.5,0.0,0.0,0,0,0,0,0,0,0,0,0,0,0,0,0,0,30.0,30.0,30.0,8.0
lidatong__dataclasses-json-394,4,4,update_status,SW4,1.0,1.0,2.0,2.0,2.0,2.0,2,2,2,2,0,0,0,0.5,0.5,none,none,true,source_metadata.target,1.0,1.0,2.0,2.0,2.0,2.0,2,2,2,2,0.5,0.5,none,none,native,0,1.0,0.0,0.0,0,0,0,0,0,0,0,0,0,0,0,0,0,0,30.0,0.0,0.0,10.0
lidatong__dataclasses-json-394,6,5,add_subtask,SW6,0.6666666666666666,0.6666666666666666,3.0,2.0,3.0,2.0,3,2,3,2,0,0,0,-0.33333333333333337,-0.33333333333333337,validation,validation,true,source_metadata.target,0.6666666666666666,0.6666666666666666,3.0,2.0,3.0,2.0,3,2,3,2,-0.33333333333333337,-0.33333333333333337,validation,validation,native,0,1.0,0.0,0.0,0,0,0,0,0,0,0,0,0,0,0,0,0,0,60.0,30.0,30.0,5.0
lidatong__dataclasses-json-394,6,6,update_status,SW6,1.0,1.0,3.0,3.0,3.0,3.0,3,3,3,3,0,0,0,0.33333333333333337,0.33333333333333337,none,none,true,source_metadata.target,1.0,1.0,3.0,3.0,3.0,3.0,3,3,3,3,0.33333333333333337,0.33333333333333337,none,none,native,0,1.0,1.0,0.0,0,0,0,0,0,0,0,0,0,0,0,0,0,0,60.0,0.0,0.0,5.0
lidatong__dataclasses-json-394,8,7,add_subtask,SW8,0.75,0.75,4.0,3.0,4.0,3.0,4,3,4,3,0,0,0,-0.25,-0.25,investigation,investigation,true,source_metadata.target,0.75,0.75,4.0,3.0,4.0,3.0,4,3,4,3,-0.25,-0.25,investigation,investigation,native,0,1.0,1.0,0.0,0,0,0,0,0,0,0,0,0,0,0,0,0,0,90.0,30.0,30.0,5.0
lidatong__dataclasses-json-394,8,8,update_status,SW8,1.0,1.0,4.0,4.0,4.0,4.0,4,4,4,4,0,0,0,0.25,0.25,none,none,true,source_metadata.target,1.0,1.0,4.0,4.0,4.0,4.0,4,4,4,4,0.25,0.25,none,none,native,0,1.0,1.0,1.0,0,0,0,0,0,0,0,0,0,0,0,0,0,0,90.0,0.0,0.0,5.0
lidatong__dataclasses-json-394,10,9,add_subtask,SW10,0.8,0.8,5.0,4.0,5.0,4.0,5,4,5,4,0,0,0,-0.19999999999999996,-0.19999999999999996,investigation,investigation,true,source_metadata.target,0.8,0.8,5.0,4.0,5.0,4.0,5,4,5,4,-0.19999999999999996,-0.19999999999999996,investigation,investigation,native,0,1.0,1.0,0.5,0,0,0,0,0,0,0,0,0,0,0,0,0,0,120.0,30.0,30.0,5.0
lidatong__dataclasses-json-394,10,10,update_status,SW10,1.0,1.0,5.0,5.0,5.0,5.0,5,5,5,5,0,0,0,0.19999999999999996,0.19999999999999996,none,none,true,source_metadata.target,1.0,1.0,5.0,5.0,5.0,5.0,5,5,5,5,0.19999999999999996,0.19999999999999996,none,none,native,0,1.0,1.0,1.0,0,0,0,0,0,0,0,0,0,0,0,0,0,0,120.0,0.0,0.0,5.0
lidatong__dataclasses-json-394,12,11,add_subtask,SW12,0.8333333333333334,0.8333333333333334,6.0,5.0,6.0,5.0,6,5,6,5,0,0,0,-0.16666666666666663,-0.16666666666666663,investigation,investigation,true,source_metadata.target,0.8333333333333334,0.8333333333333334,6.0,5.0,6.0,5.0,6,5,6,5,-0.16666666666666663,-0.16666666666666663,investigation,investigation,native,0,1.0,1.0,0.6666666666666666,0,0,0,0,0,0,0,0,0,0,0,0,0,0,150.0,30.0,30.0,5.0
lidatong__dataclasses-json-394,12,12,update_status,SW12,1.0,1.0,6.0,6.0,6.0,6.0,6,6,6,6,0,0,0,0.16666666666666663,0.16666666666666663,none,none,true,source_metadata.target,1.0,1.0,6.0,6.0,6.0,6.0,6,6,6,6,0.16666666666666663,0.16666666666666663,none,none,native,0,1.0,1.0,1.0,0,0,0,0,0,0,0,0,0,0,0,0,0,0,150.0,0.0,0.0,5.0
lidatong__dataclasses-json-394,14,13,add_subtask,SW14,0.8571428571428571,0.8571428571428571,7.0,6.0,7.0,6.0,7,6,7,6,0,0,0,-0.1428571428571429,-0.1428571428571429,investigation,investigation,true,source_metadata.target,0.8571428571428571,0.8571428571428571,7.0,6.0,7.0,6.0,7,6,7,6,-0.1428571428571429,-0.1428571428571429,investigation,investigation,native,0,1.0,1.0,0.75,0,0,0,0,0,0,0,0,0,0,0,0,0,0,180.0,30.0,30.0,5.0
lidatong__dataclasses-json-394,14,14,update_status,SW14,1.0,1.0,7.0,7.0,7.0,7.0,7,7,7,7,0,0,0,0.1428571428571429,0.1428571428571429,none,none,true,source_metadata.target,1.0,1.0,7.0,7.0,7.0,7.0,7,7,7,7,0.1428571428571429,0.1428571428571429,none,none,native,0,1.0,1.0,1.0,0,0,0,0,0,0,0,0,0,0,0,0,0,0,180.0,0.0,0.0,5.0
lidatong__dataclasses-json-394,16,15,add_subtask,SW16,0.875,0.875,8.0,7.0,8.0,7.0,8,7,8,7,0,0,0,-0.125,-0.125,investigation,investigation,true,source_metadata.target,0.875,0.875,8.0,7.0,8.0,7.0,8,7,8,7,-0.125,-0.125,investigation,investigation,native,0,1.0,1.0,0.8,0,0,0,0,0,0,0,0,0,0,0,0,0,0,210.0,30.0,30.0,5.0
lidatong__dataclasses-json-394,16,16,update_status,SW16,1.0,1.0,8.0,8.0,8.0,8.0,8,8,8,8,0,0,0,0.125,0.125,none,none,true,source_metadata.target,1.0,1.0,8.0,8.0,8.0,8.0,8,8,8,8,0.125,0.125,none,none,native,0,1.0,1.0,1.0,0,0,0,0,0,0,0,0,0,0,0,0,0,0,210.0,0.0,0.0,5.0
lidatong__dataclasses-json-394,18,17,add_subtask,SW18,0.8888888888888888,0.8888888888888888,9.0,8.0,9.0,8.0,9,8,9,8,0,0,0,-0.11111111111111116,-0.11111111111111116,investigation,investigation,true,source_metadata.target,0.8888888888888888,0.8888888888888888,9.0,8.0,9.0,8.0,9,8,9,8,-0.11111111111111116,-0.11111111111111116,investigation,investigation,native,0,1.0,1.0,0.8333333333333334,0,0,0,0,0,0,0,0,0,0,0,0,0,0,240.0,30.0,30.0,5.0
lidatong__dataclasses-json-394,18,18,update_status,SW18,1.0,1.0,9.0,9.0,9.0,9.0,9,9,9,9,0,0,0,0.11111111111111116,0.11111111111111116,none,none,true,source_metadata.target,1.0,1.0,9.0,9.0,9.0,9.0,9,9,9,9,0.11111111111111116,0.11111111111111116,none,none,native,0,1.0,1.0,1.0,0,0,0,0,0,0,0,0,0,0,0,0,0,0,240.0,0.0,0.0,5.0
lidatong__dataclasses-json-394,20,19,add_subtask,SW20,0.9,0.9,10.0,9.0,10.0,9.0,10,9,10,9,0,0,0,-0.09999999999999998,-0.09999999999999998,investigation,investigation,true,source_metadata.target,0.9,0.9,10.0,9.0,10.0,9.0,10,9,10,9,-0.09999999999999998,-0.09999999999999998,investigation,investigation,native,0,1.0,1.0,0.8571428571428571,0,0,0,0,0,0,0,0,0,0,0,0,0,0,270.0,30.0,30.0,5.0
lidatong__dataclasses-json-394,20,20,update_status,SW20,1.0,1.0,10.0,10.0,10.0,10.0,10,10,10,10,0,0,0,0.09999999999999998,0.09999999999999998,none,none,true,source_metadata.target,1.0,1.0,10.0,10.0,10.0,10.0,10,10,10,10,0.09999999999999998,0.09999999999999998,none,none,native,0,1.0,1.0,1.0,0,0,0,0,0,0,0,0,0,0,0,0,0,0,270.0,0.0,0.0,5.0
lidatong__dataclasses-json-394,22,21,add_subtask,SW22,0.9090909090909091,0.9090909090909091,11.0,10.0,11.0,10.0,11,10,11,10,0,0,0,-0.09090909090909094,-0.09090909090909094,product,product,true,source_metadata.target,0.9090909090909091,0.9090909090909091,11.0,10.0,11.0,10.0,11,10,11,10,-0.09090909090909094,-0.09090909090909094,product,product,native,0,0.6666666666666666,1.0,1.0,0,0,0,0,0,0,0,0,0,0,0,0,0,0,300.0,30.0,30.0,5.0
lidatong__dataclasses-json-394,22,22,update_status,SW22,1.0,1.0,11.0,11.0,11.0,11.0,11,11,11,11,0,0,0,0.09090909090909094,0.09090909090909094,none,none,true,source_metadata.target,1.0,1.0,11.0,11.0,11.0,11.0,11,11,11,11,0.09090909090909094,0.09090909090909094,none,none,native,0,1.0,1.0,1.0,0,0,0,0,0,0,0,0,0,0,0,0,0,0,300.0,0.0,0.0,5.0
lidatong__dataclasses-json-394,24,23,add_subtask,SW24,0.9166666666666666,0.9166666666666666,12.0,11.0,12.0,11.0,12,11,12,11,0,0,0,-0.08333333333333337,-0.08333333333333337,validation,validation,true,source_metadata.target,0.9166666666666666,0.9166666666666666,12.0,11.0,12.0,11.0,12,11,12,11,-0.08333333333333337,-0.08333333333333337,validation,validation,native,0,1.0,0.5,1.0,0,0,0,0,0,0,0,0,0,0,0,0,0,0,330.0,30.0,30.0,5.0
lidatong__dataclasses-json-394,24,24,update_status,SW24,1.0,1.0,12.0,12.0,12.0,12.0,12,12,12,12,0,0,0,0.08333333333333337,0.08333333333333337,none,none,true,source_metadata.target,1.0,1.0,12.0,12.0,12.0,12.0,12,12,12,12,0.08333333333333337,0.08333333333333337,none,none,native,0,1.0,1.0,1.0,0,0,0,0,0,0,0,0,0,0,0,0,0,0,330.0,0.0,0.0,5.0
lidatong__dataclasses-json-394,26,25,add_subtask,SW26,0.9230769230769231,0.9230769230769231,13.0,12.0,13.0,12.0,13,12,13,12,0,0,0,-0.07692307692307687,-0.07692307692307687,product,product,true,source_metadata.target,0.9230769230769231,0.9230769230769231,13.0,12.0,13.0,12.0,13,12,13,12,-0.07692307692307687,-0.07692307692307687,product,product,native,0,0.75,1.0,1.0,0,0,0,0,0,0,0,0,0,0,0,0,0,0,360.0,30.0,30.0,5.0
lidatong__dataclasses-json-394,26,26,update_status,SW26,1.0,1.0,13.0,13.0,13.0,13.0,13,13,13,13,0,0,0,0.07692307692307687,0.07692307692307687,none,none,true,source_metadata.target,1.0,1.0,13.0,13.0,13.0,13.0,13,13,13,13,0.07692307692307687,0.07692307692307687,none,none,native,0,1.0,1.0,1.0,0,0,0,0,0,0,0,0,0,0,0,0,0,0,360.0,0.0,0.0,5.0
lidatong__dataclasses-json-394,28,27,add_subtask,SW28,0.9285714285714286,0.9285714285714286,14.0,13.0,14.0,13.0,14,13,14,13,0,0,0,-0.0714285714285714,-0.0714285714285714,validation,validation,true,source_metadata.target,0.9285714285714286,0.9285714285714286,14.0,13.0,14.0,13.0,14,13,14,13,-0.0714285714285714,-0.0714285714285714,validation,validation,native,0,1.0,0.6666666666666666,1.0,0,0,0,0,0,0,0,0,0,0,0,0,0,0,390.0,30.0,30.0,5.0
lidatong__dataclasses-json-394,28,28,update_status,SW28,1.0,1.0,14.0,14.0,14.0,14.0,14,14,14,14,0,0,0,0.0714285714285714,0.0714285714285714,none,none,true,source_metadata.target,1.0,1.0,14.0,14.0,14.0,14.0,14,14,14,14,0.0714285714285714,0.0714285714285714,none,none,native,0,1.0,1.0,1.0,0,0,0,0,0,0,0,0,0,0,0,0,0,0,390.0,0.0,0.0,5.0
lidatong__dataclasses-json-394,30,29,add_subtask,SW30,0.9333333333333333,0.9333333333333333,15.0,14.0,15.0,14.0,15,14,15,14,0,0,0,-0.06666666666666665,-0.06666666666666665,product,product,true,source_metadata.target,0.9333333333333333,0.9333333333333333,15.0,14.0,15.0,14.0,15,14,15,14,-0.06666666666666665,-0.06666666666666665,product,product,native,0,0.8,1.0,1.0,0,0,0,0,0,0,0,0,0,0,0,0,0,0,420.0,30.0,30.0,5.0
lidatong__dataclasses-json-394,30,30,update_status,SW30,1.0,1.0,15.0,15.0,15.0,15.0,15,15,15,15,0,0,0,0.06666666666666665,0.06666666666666665,none,none,true,source_metadata.target,1.0,1.0,15.0,15.0,15.0,15.0,15,15,15,15,0.06666666666666665,0.06666666666666665,none,none,native,0,1.0,1.0,1.0,0,0,0,0,0,0,0,0,0,0,0,0,0,0,420.0,0.0,0.0,5.0
lidatong__dataclasses-json-394,32,31,add_subtask,SW32,1.0,0.9375,15.0,15.0,16.0,15.0,15,15,16,15,0,0,0,0.0,-0.0625,none,artifact,true,source_metadata.target,1.0,0.9375,15.0,15.0,16.0,15.0,15,15,16,15,0.0,-0.0625,none,artifact,native,0,1.0,1.0,1.0,0,0,0,0,0,0,0,0,0,0,0,0,0,0,450.0,30.0,30.0,5.0
lidatong__dataclasses-json-394,32,32,update_status,SW32,1.0,1.0,15.0,15.0,16.0,16.0,15,15,16,16,0,0,0,0.0,0.0625,none,none,true,source_metadata.target,1.0,1.0,15.0,15.0,16.0,16.0,15,15,16,16,0.0,0.0625,none,none,native,0,1.0,1.0,1.0,0,0,0,0,0,0,0,0,0,0,0,0,0,0,450.0,0.0,30.0,5.0
mahmoud__boltons-298,0,0,init,,0.0,0.0,0,0,0,0,0,0,0,0,0,0,0,0.0,0.0,none,none,true,source_metadata.target,0.0,0.0,0,0,0,0,0,0,0,0,0.0,0.0,none,none,native,0,0.0,0.0,0.0,0,0,0,0,0,0,0,0,0,0,0,0,0,0,0.0,0.0,0.0,
mahmoud__boltons-298,2,1,add_subtask,SW2,0.0,0.0,1.0,0,1.0,0,1,0,1,0,0,0,0,0.0,0.0,none,none,true,source_metadata.target,0.0,0.0,1.0,0,1.0,0,1,0,1,0,0.0,0.0,none,none,native,0,0.0,0.0,0.0,0,0,0,0,0,0,0,0,0,0,0,0,0,0,0.0,0.0,0.0,
mahmoud__boltons-298,2,2,update_status,SW2,1.0,1.0,1.0,1.0,1.0,1.0,1,1,1,1,0,0,0,1.0,1.0,none,none,true,source_metadata.target,1.0,1.0,1.0,1.0,1.0,1.0,1,1,1,1,1.0,1.0,none,none,native,0,1.0,0.0,0.0,0,0,0,0,0,0,0,0,0,0,0,0,0,0,0.0,0.0,0.0,
mahmoud__boltons-298,4,3,add_subtask,SW4,0.5,0.5,2.0,1.0,2.0,1.0,2,1,2,1,0,0,0,-0.5,-0.5,product,product,true,source_metadata.target,0.5,0.5,2.0,1.0,2.0,1.0,2,1,2,1,-0.5,-0.5,product,product,native,0,0.5,0.0,0.0,0,0,0,0,0,0,0,0,0,0,0,0,0,0,30.0,30.0,30.0,8.0
mahmoud__boltons-298,4,4,update_status,SW4,1.0,1.0,2.0,2.0,2.0,2.0,2,2,2,2,0,0,0,0.5,0.5,none,none,true,source_metadata.target,1.0,1.0,2.0,2.0,2.0,2.0,2,2,2,2,0.5,0.5,none,none,native,0,1.0,0.0,0.0,0,0,0,0,0,0,0,0,0,0,0,0,0,0,30.0,0.0,0.0,10.0
mahmoud__boltons-298,6,5,add_subtask,SW6,0.6666666666666666,0.6666666666666666,3.0,2.0,3.0,2.0,3,2,3,2,0,0,0,-0.33333333333333337,-0.33333333333333337,validation,validation,true,source_metadata.target,0.6666666666666666,0.6666666666666666,3.0,2.0,3.0,2.0,3,2,3,2,-0.33333333333333337,-0.33333333333333337,validation,validation,native,0,1.0,0.0,0.0,0,0,0,0,0,0,0,0,0,0,0,0,0,0,60.0,30.0,30.0,5.0
mahmoud__boltons-298,6,6,update_status,SW6,1.0,1.0,3.0,3.0,3.0,3.0,3,3,3,3,0,0,0,0.33333333333333337,0.33333333333333337,none,none,true,source_metadata.target,1.0,1.0,3.0,3.0,3.0,3.0,3,3,3,3,0.33333333333333337,0.33333333333333337,none,none,native,0,1.0,1.0,0.0,0,0,0,0,0,0,0,0,0,0,0,0,0,0,60.0,0.0,0.0,5.0
mahmoud__boltons-298,8,7,add_subtask,SW8,0.75,0.75,4.0,3.0,4.0,3.0,4,3,4,3,0,0,0,-0.25,-0.25,investigation,investigation,true,source_metadata.target,0.75,0.75,4.0,3.0,4.0,3.0,4,3,4,3,-0.25,-0.25,investigation,investigation,native,0,1.0,1.0,0.0,0,0,0,0,0,0,0,0,0,0,0,0,0,0,90.0,30.0,30.0,5.0
mahmoud__boltons-298,8,8,update_status,SW8,1.0,1.0,4.0,4.0,4.0,4.0,4,4,4,4,0,0,0,0.25,0.25,none,none,true,source_metadata.target,1.0,1.0,4.0,4.0,4.0,4.0,4,4,4,4,0.25,0.25,none,none,native,0,1.0,1.0,1.0,0,0,0,0,0,0,0,0,0,0,0,0,0,0,90.0,0.0,0.0,5.0
mahmoud__boltons-298,10,9,add_subtask,SW10,0.8,0.8,5.0,4.0,5.0,4.0,5,4,5,4,0,0,0,-0.19999999999999996,-0.19999999999999996,investigation,investigation,true,source_metadata.target,0.8,0.8,5.0,4.0,5.0,4.0,5,4,5,4,-0.19999999999999996,-0.19999999999999996,investigation,investigation,native,0,1.0,1.0,0.5,0,0,0,0,0,0,0,0,0,0,0,0,0,0,120.0,30.0,30.0,5.0
mahmoud__boltons-298,10,10,update_status,SW10,1.0,1.0,5.0,5.0,5.0,5.0,5,5,5,5,0,0,0,0.19999999999999996,0.19999999999999996,none,none,true,source_metadata.target,1.0,1.0,5.0,5.0,5.0,5.0,5,5,5,5,0.19999999999999996,0.19999999999999996,none,none,native,0,1.0,1.0,1.0,0,0,0,0,0,0,0,0,0,0,0,0,0,0,120.0,0.0,0.0,5.0
mahmoud__boltons-298,12,11,add_subtask,SW12,0.8333333333333334,0.8333333333333334,6.0,5.0,6.0,5.0,6,5,6,5,0,0,0,-0.16666666666666663,-0.16666666666666663,investigation,investigation,true,source_metadata.target,0.8333333333333334,0.8333333333333334,6.0,5.0,6.0,5.0,6,5,6,5,-0.16666666666666663,-0.16666666666666663,investigation,investigation,native,0,1.0,1.0,0.6666666666666666,0,0,0,0,0,0,0,0,0,0,0,0,0,0,150.0,30.0,30.0,5.0
mahmoud__boltons-298,12,12,update_status,SW12,1.0,1.0,6.0,6.0,6.0,6.0,6,6,6,6,0,0,0,0.16666666666666663,0.16666666666666663,none,none,true,source_metadata.target,1.0,1.0,6.0,6.0,6.0,6.0,6,6,6,6,0.16666666666666663,0.16666666666666663,none,none,native,0,1.0,1.0,1.0,0,0,0,0,0,0,0,0,0,0,0,0,0,0,150.0,0.0,0.0,5.0
mahmoud__boltons-298,14,13,add_subtask,SW14,0.8571428571428571,0.8571428571428571,7.0,6.0,7.0,6.0,7,6,7,6,0,0,0,-0.1428571428571429,-0.1428571428571429,investigation,investigation,true,source_metadata.target,0.8571428571428571,0.8571428571428571,7.0,6.0,7.0,6.0,7,6,7,6,-0.1428571428571429,-0.1428571428571429,investigation,investigation,native,0,1.0,1.0,0.75,0,0,0,0,0,0,0,0,0,0,0,0,0,0,180.0,30.0,30.0,5.0
mahmoud__boltons-298,14,14,update_status,SW14,1.0,1.0,7.0,7.0,7.0,7.0,7,7,7,7,0,0,0,0.1428571428571429,0.1428571428571429,none,none,true,source_metadata.target,1.0,1.0,7.0,7.0,7.0,7.0,7,7,7,7,0.1428571428571429,0.1428571428571429,none,none,native,0,1.0,1.0,1.0,0,0,0,0,0,0,0,0,0,0,0,0,0,0,180.0,0.0,0.0,5.0
mahmoud__boltons-298,16,15,add_subtask,SW16,0.875,0.875,8.0,7.0,8.0,7.0,8,7,8,7,0,0,0,-0.125,-0.125,investigation,investigation,true,source_metadata.target,0.875,0.875,8.0,7.0,8.0,7.0,8,7,8,7,-0.125,-0.125,investigation,investigation,native,0,1.0,1.0,0.8,0,0,0,0,0,0,0,0,0,0,0,0,0,0,210.0,30.0,30.0,5.0
mahmoud__boltons-298,16,16,update_status,SW16,1.0,1.0,8.0,8.0,8.0,8.0,8,8,8,8,0,0,0,0.125,0.125,none,none,true,source_metadata.target,1.0,1.0,8.0,8.0,8.0,8.0,8,8,8,8,0.125,0.125,none,none,native,0,1.0,1.0,1.0,0,0,0,0,0,0,0,0,0,0,0,0,0,0,210.0,0.0,0.0,5.0
mahmoud__boltons-298,18,17,add_subtask,SW18,0.8888888888888888,0.8888888888888888,9.0,8.0,9.0,8.0,9,8,9,8,0,0,0,-0.11111111111111116,-0.11111111111111116,investigation,investigation,true,source_metadata.target,0.8888888888888888,0.8888888888888888,9.0,8.0,9.0,8.0,9,8,9,8,-0.11111111111111116,-0.11111111111111116,investigation,investigation,native,0,1.0,1.0,0.8333333333333334,0,0,0,0,0,0,0,0,0,0,0,0,0,0,240.0,30.0,30.0,5.0
mahmoud__boltons-298,18,18,update_status,SW18,1.0,1.0,9.0,9.0,9.0,9.0,9,9,9,9,0,0,0,0.11111111111111116,0.11111111111111116,none,none,true,source_metadata.target,1.0,1.0,9.0,9.0,9.0,9.0,9,9,9,9,0.11111111111111116,0.11111111111111116,none,none,native,0,1.0,1.0,1.0,0,0,0,0,0,0,0,0,0,0,0,0,0,0,240.0,0.0,0.0,5.0
mahmoud__boltons-298,20,19,add_subtask,SW20,0.9,0.9,10.0,9.0,10.0,9.0,10,9,10,9,0,0,0,-0.09999999999999998,-0.09999999999999998,investigation,investigation,true,source_metadata.target,0.9,0.9,10.0,9.0,10.0,9.0,10,9,10,9,-0.09999999999999998,-0.09999999999999998,investigation,investigation,native,0,1.0,1.0,0.8571428571428571,0,0,0,0,0,0,0,0,0,0,0,0,0,0,270.0,30.0,30.0,5.0
mahmoud__boltons-298,20,20,update_status,SW20,1.0,1.0,10.0,10.0,10.0,10.0,10,10,10,10,0,0,0,0.09999999999999998,0.09999999999999998,none,none,true,source_metadata.target,1.0,1.0,10.0,10.0,10.0,10.0,10,10,10,10,0.09999999999999998,0.09999999999999998,none,none,native,0,1.0,1.0,1.0,0,0,0,0,0,0,0,0,0,0,0,0,0,0,270.0,0.0,0.0,5.0
mahmoud__boltons-298,22,21,add_subtask,SW22,0.9090909090909091,0.9090909090909091,11.0,10.0,11.0,10.0,11,10,11,10,0,0,0,-0.09090909090909094,-0.09090909090909094,product,product,true,source_metadata.target,0.9090909090909091,0.9090909090909091,11.0,10.0,11.0,10.0,11,10,11,10,-0.09090909090909094,-0.09090909090909094,product,product,native,0,0.6666666666666666,1.0,1.0,0,0,0,0,0,0,0,0,0,0,0,0,0,0,300.0,30.0,30.0,5.0
mahmoud__boltons-298,22,22,update_status,SW22,1.0,1.0,11.0,11.0,11.0,11.0,11,11,11,11,0,0,0,0.09090909090909094,0.09090909090909094,none,none,true,source_metadata.target,1.0,1.0,11.0,11.0,11.0,11.0,11,11,11,11,0.09090909090909094,0.09090909090909094,none,none,native,0,1.0,1.0,1.0,0,0,0,0,0,0,0,0,0,0,0,0,0,0,300.0,0.0,0.0,5.0
mahmoud__boltons-298,24,23,add_subtask,SW24,0.9166666666666666,0.9166666666666666,12.0,11.0,12.0,11.0,12,11,12,11,0,0,0,-0.08333333333333337,-0.08333333333333337,validation,validation,true,source_metadata.target,0.9166666666666666,0.9166666666666666,12.0,11.0,12.0,11.0,12,11,12,11,-0.08333333333333337,-0.08333333333333337,validation,validation,native,0,1.0,0.5,1.0,0,0,0,0,0,0,0,0,0,0,0,0,0,0,330.0,30.0,30.0,5.0
mahmoud__boltons-298,24,24,update_status,SW24,1.0,1.0,12.0,12.0,12.0,12.0,12,12,12,12,0,0,0,0.08333333333333337,0.08333333333333337,none,none,true,source_metadata.target,1.0,1.0,12.0,12.0,12.0,12.0,12,12,12,12,0.08333333333333337,0.08333333333333337,none,none,native,0,1.0,1.0,1.0,0,0,0,0,0,0,0,0,0,0,0,0,0,0,330.0,0.0,0.0,5.0
mahmoud__boltons-298,26,25,add_subtask,SW26,0.9230769230769231,0.9230769230769231,13.0,12.0,13.0,12.0,13,12,13,12,0,0,0,-0.07692307692307687,-0.07692307692307687,product,product,true,source_metadata.target,0.9230769230769231,0.9230769230769231,13.0,12.0,13.0,12.0,13,12,13,12,-0.07692307692307687,-0.07692307692307687,product,product,native,0,0.75,1.0,1.0,0,0,0,0,0,0,0,0,0,0,0,0,0,0,360.0,30.0,30.0,5.0
mahmoud__boltons-298,26,26,update_status,SW26,1.0,1.0,13.0,13.0,13.0,13.0,13,13,13,13,0,0,0,0.07692307692307687,0.07692307692307687,none,none,true,source_metadata.target,1.0,1.0,13.0,13.0,13.0,13.0,13,13,13,13,0.07692307692307687,0.07692307692307687,none,none,native,0,1.0,1.0,1.0,0,0,0,0,0,0,0,0,0,0,0,0,0,0,360.0,0.0,0.0,5.0
mahmoud__boltons-298,28,27,add_subtask,SW28,1.0,0.9285714285714286,13.0,13.0,14.0,13.0,13,13,14,13,0,0,0,0.0,-0.0714285714285714,none,artifact,true,source_metadata.target,1.0,0.9285714285714286,13.0,13.0,14.0,13.0,13,13,14,13,0.0,-0.0714285714285714,none,artifact,native,0,1.0,1.0,1.0,0,0,0,0,0,0,0,0,0,0,0,0,0,0,390.0,30.0,30.0,5.0
mahmoud__boltons-298,28,28,update_status,SW28,1.0,1.0,13.0,13.0,14.0,14.0,13,13,14,14,0,0,0,0.0,0.0714285714285714,none,none,true,source_metadata.target,1.0,1.0,13.0,13.0,14.0,14.0,13,13,14,14,0.0,0.0714285714285714,none,none,native,0,1.0,1.0,1.0,0,0,0,0,0,0,0,0,0,0,0,0,0,0,390.0,0.0,30.0,5.0
mc706__changelog-cli-34,0,0,init,,0.0,0.0,0,0,0,0,0,0,0,0,0,0,0,0.0,0.0,none,none,true,source_metadata.target,0.0,0.0,0,0,0,0,0,0,0,0,0.0,0.0,none,none,native,0,0.0,0.0,0.0,0,0,0,0,0,0,0,0,0,0,0,0,0,0,0.0,0.0,0.0,
mc706__changelog-cli-34,2,1,add_subtask,SW2,0.0,0.0,1.0,0,1.0,0,1,0,1,0,0,0,0,0.0,0.0,none,none,true,source_metadata.target,0.0,0.0,1.0,0,1.0,0,1,0,1,0,0.0,0.0,none,none,native,0,0.0,0.0,0.0,0,0,0,0,0,0,0,0,0,0,0,0,0,0,0.0,0.0,0.0,
mc706__changelog-cli-34,2,2,update_status,SW2,1.0,1.0,1.0,1.0,1.0,1.0,1,1,1,1,0,0,0,1.0,1.0,none,none,true,source_metadata.target,1.0,1.0,1.0,1.0,1.0,1.0,1,1,1,1,1.0,1.0,none,none,native,0,1.0,0.0,0.0,0,0,0,0,0,0,0,0,0,0,0,0,0,0,0.0,0.0,0.0,
mc706__changelog-cli-34,4,3,add_subtask,SW4,0.5,0.5,2.0,1.0,2.0,1.0,2,1,2,1,0,0,0,-0.5,-0.5,product,product,true,source_metadata.target,0.5,0.5,2.0,1.0,2.0,1.0,2,1,2,1,-0.5,-0.5,product,product,native,0,0.5,0.0,0.0,0,0,0,0,0,0,0,0,0,0,0,0,0,0,30.0,30.0,30.0,8.0
mc706__changelog-cli-34,4,4,update_status,SW4,1.0,1.0,2.0,2.0,2.0,2.0,2,2,2,2,0,0,0,0.5,0.5,none,none,true,source_metadata.target,1.0,1.0,2.0,2.0,2.0,2.0,2,2,2,2,0.5,0.5,none,none,native,0,1.0,0.0,0.0,0,0,0,0,0,0,0,0,0,0,0,0,0,0,30.0,0.0,0.0,10.0
mc706__changelog-cli-34,6,5,add_subtask,SW6,0.6666666666666666,0.6666666666666666,3.0,2.0,3.0,2.0,3,2,3,2,0,0,0,-0.33333333333333337,-0.33333333333333337,product,product,true,source_metadata.target,0.6666666666666666,0.6666666666666666,3.0,2.0,3.0,2.0,3,2,3,2,-0.33333333333333337,-0.33333333333333337,product,product,native,0,0.6666666666666666,0.0,0.0,0,0,0,0,0,0,0,0,0,0,0,0,0,0,60.0,30.0,30.0,5.0
mc706__changelog-cli-34,6,6,update_status,SW6,1.0,1.0,3.0,3.0,3.0,3.0,3,3,3,3,0,0,0,0.33333333333333337,0.33333333333333337,none,none,true,source_metadata.target,1.0,1.0,3.0,3.0,3.0,3.0,3,3,3,3,0.33333333333333337,0.33333333333333337,none,none,native,0,1.0,0.0,0.0,0,0,0,0,0,0,0,0,0,0,0,0,0,0,60.0,0.0,0.0,5.0
mc706__changelog-cli-34,8,7,add_subtask,SW8,0.75,0.75,4.0,3.0,4.0,3.0,4,3,4,3,0,0,0,-0.25,-0.25,investigation,investigation,true,source_metadata.target,0.75,0.75,4.0,3.0,4.0,3.0,4,3,4,3,-0.25,-0.25,investigation,investigation,native,0,1.0,0.0,0.0,0,0,0,0,0,0,0,0,0,0,0,0,0,0,90.0,30.0,30.0,5.0
mc706__changelog-cli-34,8,8,update_status,SW8,1.0,1.0,4.0,4.0,4.0,4.0,4,4,4,4,0,0,0,0.25,0.25,none,none,true,source_metadata.target,1.0,1.0,4.0,4.0,4.0,4.0,4,4,4,4,0.25,0.25,none,none,native,0,1.0,0.0,1.0,0,0,0,0,0,0,0,0,0,0,0,0,0,0,90.0,0.0,0.0,5.0
mc706__changelog-cli-34,10,9,add_subtask,SW10,0.8,0.8,5.0,4.0,5.0,4.0,5,4,5,4,0,0,0,-0.19999999999999996,-0.19999999999999996,investigation,investigation,true,source_metadata.target,0.8,0.8,5.0,4.0,5.0,4.0,5,4,5,4,-0.19999999999999996,-0.19999999999999996,investigation,investigation,native,0,1.0,0.0,0.5,0,0,0,0,0,0,0,0,0,0,0,0,0,0,120.0,30.0,30.0,5.0
mc706__changelog-cli-34,10,10,update_status,SW10,1.0,1.0,5.0,5.0,5.0,5.0,5,5,5,5,0,0,0,0.19999999999999996,0.19999999999999996,none,none,true,source_metadata.target,1.0,1.0,5.0,5.0,5.0,5.0,5,5,5,5,0.19999999999999996,0.19999999999999996,none,none,native,0,1.0,0.0,1.0,0,0,0,0,0,0,0,0,0,0,0,0,0,0,120.0,0.0,0.0,5.0
mc706__changelog-cli-34,12,11,add_subtask,SW12,0.8333333333333334,0.8333333333333334,6.0,5.0,6.0,5.0,6,5,6,5,0,0,0,-0.16666666666666663,-0.16666666666666663,product,product,true,source_metadata.target,0.8333333333333334,0.8333333333333334,6.0,5.0,6.0,5.0,6,5,6,5,-0.16666666666666663,-0.16666666666666663,product,product,native,0,0.75,0.0,1.0,0,0,0,0,0,0,0,0,0,0,0,0,0,0,150.0,30.0,30.0,5.0
mc706__changelog-cli-34,12,12,update_status,SW12,1.0,1.0,6.0,6.0,6.0,6.0,6,6,6,6,0,0,0,0.16666666666666663,0.16666666666666663,none,none,true,source_metadata.target,1.0,1.0,6.0,6.0,6.0,6.0,6,6,6,6,0.16666666666666663,0.16666666666666663,none,none,native,0,1.0,0.0,1.0,0,0,0,0,0,0,0,0,0,0,0,0,0,0,150.0,0.0,0.0,5.0
mc706__changelog-cli-34,14,13,add_subtask,SW14,0.8571428571428571,0.8571428571428571,7.0,6.0,7.0,6.0,7,6,7,6,0,0,0,-0.1428571428571429,-0.1428571428571429,product,product,true,source_metadata.target,0.8571428571428571,0.8571428571428571,7.0,6.0,7.0,6.0,7,6,7,6,-0.1428571428571429,-0.1428571428571429,product,product,native,0,0.8,0.0,1.0,0,0,0,0,0,0,0,0,0,0,0,0,0,0,180.0,30.0,30.0,5.0
mc706__changelog-cli-34,14,14,update_status,SW14,1.0,1.0,7.0,7.0,7.0,7.0,7,7,7,7,0,0,0,0.1428571428571429,0.1428571428571429,none,none,true,source_metadata.target,1.0,1.0,7.0,7.0,7.0,7.0,7,7,7,7,0.1428571428571429,0.1428571428571429,none,none,native,0,1.0,0.0,1.0,0,0,0,0,0,0,0,0,0,0,0,0,0,0,180.0,0.0,0.0,5.0
mc706__changelog-cli-34,16,15,add_subtask,SW16,0.875,0.875,8.0,7.0,8.0,7.0,8,7,8,7,0,0,0,-0.125,-0.125,product,product,true,source_metadata.target,0.875,0.875,8.0,7.0,8.0,7.0,8,7,8,7,-0.125,-0.125,product,product,native,0,0.8333333333333334,0.0,1.0,0,0,0,0,0,0,0,0,0,0,0,0,0,0,210.0,30.0,30.0,5.0
mc706__changelog-cli-34,16,16,update_status,SW16,1.0,1.0,8.0,8.0,8.0,8.0,8,8,8,8,0,0,0,0.125,0.125,none,none,true,source_metadata.target,1.0,1.0,8.0,8.0,8.0,8.0,8,8,8,8,0.125,0.125,none,none,native,0,1.0,0.0,1.0,0,0,0,0,0,0,0,0,0,0,0,0,0,0,210.0,0.0,0.0,5.0
mc706__changelog-cli-34,18,17,add_subtask,SW18,0.8888888888888888,0.8888888888888888,9.0,8.0,9.0,8.0,9,8,9,8,0,0,0,-0.11111111111111116,-0.11111111111111116,product,product,true,source_metadata.target,0.8888888888888888,0.8888888888888888,9.0,8.0,9.0,8.0,9,8,9,8,-0.11111111111111116,-0.11111111111111116,product,product,native,0,0.8571428571428571,0.0,1.0,0,0,0,0,0,0,0,0,0,0,0,0,0,0,240.0,30.0,30.0,5.0
mc706__changelog-cli-34,18,18,update_status,SW18,1.0,1.0,9.0,9.0,9.0,9.0,9,9,9,9,0,0,0,0.11111111111111116,0.11111111111111116,none,none,true,source_metadata.target,1.0,1.0,9.0,9.0,9.0,9.0,9,9,9,9,0.11111111111111116,0.11111111111111116,none,none,native,0,1.0,0.0,1.0,0,0,0,0,0,0,0,0,0,0,0,0,0,0,240.0,0.0,0.0,5.0
mc706__changelog-cli-34,20,19,add_subtask,SW20,0.9,0.9,10.0,9.0,10.0,9.0,10,9,10,9,0,0,0,-0.09999999999999998,-0.09999999999999998,product,product,true,source_metadata.target,0.9,0.9,10.0,9.0,10.0,9.0,10,9,10,9,-0.09999999999999998,-0.09999999999999998,product,product,native,0,0.875,0.0,1.0,0,0,0,0,0,0,0,0,0,0,0,0,0,0,270.0,30.0,30.0,5.0
mc706__changelog-cli-34,20,20,update_status,SW20,1.0,1.0,10.0,10.0,10.0,10.0,10,10,10,10,0,0,0,0.09999999999999998,0.09999999999999998,none,none,true,source_metadata.target,1.0,1.0,10.0,10.0,10.0,10.0,10,10,10,10,0.09999999999999998,0.09999999999999998,none,none,native,0,1.0,0.0,1.0,0,0,0,0,0,0,0,0,0,0,0,0,0,0,270.0,0.0,0.0,5.0
mc706__changelog-cli-34,22,21,add_subtask,SW22,1.0,0.9090909090909091,10.0,10.0,11.0,10.0,10,10,11,10,0,0,0,0.0,-0.09090909090909094,none,artifact,true,source_metadata.target,1.0,0.9090909090909091,10.0,10.0,11.0,10.0,10,10,11,10,0.0,-0.09090909090909094,none,artifact,native,0,1.0,0.0,1.0,0,0,0,0,0,0,0,0,0,0,0,0,0,0,300.0,30.0,30.0,5.0
mc706__changelog-cli-34,22,22,update_status,SW22,1.0,1.0,10.0,10.0,11.0,11.0,10,10,11,11,0,0,0,0.0,0.09090909090909094,none,none,true,source_metadata.target,1.0,1.0,10.0,10.0,11.0,11.0,10,10,11,11,0.0,0.09090909090909094,none,none,native,0,1.0,0.0,1.0,0,0,0,0,0,0,0,0,0,0,0,0,0,0,300.0,0.0,30.0,5.0
oasis-open__cti-taxii-client-11,0,0,init,,0.0,0.0,0,0,0,0,0,0,0,0,0,0,0,0.0,0.0,none,none,true,source_metadata.target,0.0,0.0,0,0,0,0,0,0,0,0,0.0,0.0,none,none,native,0,0.0,0.0,0.0,0,0,0,0,0,0,0,0,0,0,0,0,0,0,0.0,0.0,0.0,
oasis-open__cti-taxii-client-11,2,1,add_subtask,SW2,0.0,0.0,1.0,0,1.0,0,1,0,1,0,0,0,0,0.0,0.0,none,none,true,source_metadata.target,0.0,0.0,1.0,0,1.0,0,1,0,1,0,0.0,0.0,none,none,native,0,0.0,0.0,0.0,0,0,0,0,0,0,0,0,0,0,0,0,0,0,0.0,0.0,0.0,
oasis-open__cti-taxii-client-11,2,2,update_status,SW2,1.0,1.0,1.0,1.0,1.0,1.0,1,1,1,1,0,0,0,1.0,1.0,none,none,true,source_metadata.target,1.0,1.0,1.0,1.0,1.0,1.0,1,1,1,1,1.0,1.0,none,none,native,0,0.0,0.0,1.0,0,0,0,0,0,0,0,0,0,0,0,0,0,0,0.0,0.0,0.0,
oasis-open__cti-taxii-client-11,4,3,add_subtask,SW4,0.5,0.5,2.0,1.0,2.0,1.0,2,1,2,1,0,0,0,-0.5,-0.5,product,product,true,source_metadata.target,0.5,0.5,2.0,1.0,2.0,1.0,2,1,2,1,-0.5,-0.5,product,product,native,0,0.0,0.0,1.0,0,0,0,0,0,0,0,0,0,0,0,0,0,0,30.0,30.0,30.0,8.0
oasis-open__cti-taxii-client-11,4,4,update_status,SW4,1.0,1.0,2.0,2.0,2.0,2.0,2,2,2,2,0,0,0,0.5,0.5,none,none,true,source_metadata.target,1.0,1.0,2.0,2.0,2.0,2.0,2,2,2,2,0.5,0.5,none,none,native,0,1.0,0.0,1.0,0,0,0,0,0,0,0,0,0,0,0,0,0,0,30.0,0.0,0.0,10.0
oasis-open__cti-taxii-client-11,6,5,add_subtask,SW6,0.6666666666666666,0.6666666666666666,3.0,2.0,3.0,2.0,3,2,3,2,0,0,0,-0.33333333333333337,-0.33333333333333337,product,product,true,source_metadata.target,0.6666666666666666,0.6666666666666666,3.0,2.0,3.0,2.0,3,2,3,2,-0.33333333333333337,-0.33333333333333337,product,product,native,0,0.5,0.0,1.0,0,0,0,0,0,0,0,0,0,0,0,0,0,0,60.0,30.0,30.0,5.0
oasis-open__cti-taxii-client-11,6,6,update_status,SW6,1.0,1.0,3.0,3.0,3.0,3.0,3,3,3,3,0,0,0,0.33333333333333337,0.33333333333333337,none,none,true,source_metadata.target,1.0,1.0,3.0,3.0,3.0,3.0,3,3,3,3,0.33333333333333337,0.33333333333333337,none,none,native,0,1.0,0.0,1.0,0,0,0,0,0,0,0,0,0,0,0,0,0,0,60.0,0.0,0.0,5.0
oasis-open__cti-taxii-client-11,8,7,add_subtask,SW8,0.75,0.75,4.0,3.0,4.0,3.0,4,3,4,3,0,0,0,-0.25,-0.25,product,product,true,source_metadata.target,0.75,0.75,4.0,3.0,4.0,3.0,4,3,4,3,-0.25,-0.25,product,product,native,0,0.6666666666666666,0.0,1.0,0,0,0,0,0,0,0,0,0,0,0,0,0,0,90.0,30.0,30.0,5.0
oasis-open__cti-taxii-client-11,8,8,update_status,SW8,1.0,1.0,4.0,4.0,4.0,4.0,4,4,4,4,0,0,0,0.25,0.25,none,none,true,source_metadata.target,1.0,1.0,4.0,4.0,4.0,4.0,4,4,4,4,0.25,0.25,none,none,native,0,1.0,0.0,1.0,0,0,0,0,0,0,0,0,0,0,0,0,0,0,90.0,0.0,0.0,5.0
oasis-open__cti-taxii-client-11,10,9,add_subtask,SW10,0.8,0.8,5.0,4.0,5.0,4.0,5,4,5,4,0,0,0,-0.19999999999999996,-0.19999999999999996,validation,validation,true,source_metadata.target,0.8,0.8,5.0,4.0,5.0,4.0,5,4,5,4,-0.19999999999999996,-0.19999999999999996,validation,validation,native,0,1.0,0.0,1.0,0,0,0,0,0,0,0,0,0,0,0,0,0,0,120.0,30.0,30.0,5.0
oasis-open__cti-taxii-client-11,10,10,update_status,SW10,1.0,1.0,5.0,5.0,5.0,5.0,5,5,5,5,0,0,0,0.19999999999999996,0.19999999999999996,none,none,true,source_metadata.target,1.0,1.0,5.0,5.0,5.0,5.0,5,5,5,5,0.19999999999999996,0.19999999999999996,none,none,native,0,1.0,1.0,1.0,0,0,0,0,0,0,0,0,0,0,0,0,0,0,120.0,0.0,0.0,5.0
oasis-open__cti-taxii-client-11,12,11,add_subtask,SW12,0.8333333333333334,0.8333333333333334,6.0,5.0,6.0,5.0,6,5,6,5,0,0,0,-0.16666666666666663,-0.16666666666666663,product,product,true,source_metadata.target,0.8333333333333334,0.8333333333333334,6.0,5.0,6.0,5.0,6,5,6,5,-0.16666666666666663,-0.16666666666666663,product,product,native,0,0.75,1.0,1.0,0,0,0,0,0,0,0,0,0,0,0,0,0,0,150.0,30.0,30.0,5.0
oasis-open__cti-taxii-client-11,12,12,update_status,SW12,1.0,1.0,6.0,6.0,6.0,6.0,6,6,6,6,0,0,0,0.16666666666666663,0.16666666666666663,none,none,true,source_metadata.target,1.0,1.0,6.0,6.0,6.0,6.0,6,6,6,6,0.16666666666666663,0.16666666666666663,none,none,native,0,1.0,1.0,1.0,0,0,0,0,0,0,0,0,0,0,0,0,0,0,150.0,0.0,0.0,5.0
oasis-open__cti-taxii-client-11,14,13,add_subtask,SW14,0.8571428571428571,0.8571428571428571,7.0,6.0,7.0,6.0,7,6,7,6,0,0,0,-0.1428571428571429,-0.1428571428571429,product,product,true,source_metadata.target,0.8571428571428571,0.8571428571428571,7.0,6.0,7.0,6.0,7,6,7,6,-0.1428571428571429,-0.1428571428571429,product,product,native,0,0.8,1.0,1.0,0,0,0,0,0,0,0,0,0,0,0,0,0,0,180.0,30.0,30.0,5.0
oasis-open__cti-taxii-client-11,14,14,update_status,SW14,1.0,1.0,7.0,7.0,7.0,7.0,7,7,7,7,0,0,0,0.1428571428571429,0.1428571428571429,none,none,true,source_metadata.target,1.0,1.0,7.0,7.0,7.0,7.0,7,7,7,7,0.1428571428571429,0.1428571428571429,none,none,native,0,1.0,1.0,1.0,0,0,0,0,0,0,0,0,0,0,0,0,0,0,180.0,0.0,0.0,5.0
oasis-open__cti-taxii-client-11,16,15,add_subtask,SW16,0.875,0.875,8.0,7.0,8.0,7.0,8,7,8,7,0,0,0,-0.125,-0.125,product,product,true,source_metadata.target,0.875,0.875,8.0,7.0,8.0,7.0,8,7,8,7,-0.125,-0.125,product,product,native,0,0.8333333333333334,1.0,1.0,0,0,0,0,0,0,0,0,0,0,0,0,0,0,210.0,30.0,30.0,5.0
oasis-open__cti-taxii-client-11,16,16,update_status,SW16,1.0,1.0,8.0,8.0,8.0,8.0,8,8,8,8,0,0,0,0.125,0.125,none,none,true,source_metadata.target,1.0,1.0,8.0,8.0,8.0,8.0,8,8,8,8,0.125,0.125,none,none,native,0,1.0,1.0,1.0,0,0,0,0,0,0,0,0,0,0,0,0,0,0,210.0,0.0,0.0,5.0
oasis-open__cti-taxii-client-11,18,17,add_subtask,SW18,0.8888888888888888,0.8888888888888888,9.0,8.0,9.0,8.0,9,8,9,8,0,0,0,-0.11111111111111116,-0.11111111111111116,validation,validation,true,source_metadata.target,0.8888888888888888,0.8888888888888888,9.0,8.0,9.0,8.0,9,8,9,8,-0.11111111111111116,-0.11111111111111116,validation,validation,native,0,1.0,0.5,1.0,0,0,0,0,0,0,0,0,0,0,0,0,0,0,240.0,30.0,30.0,5.0
oasis-open__cti-taxii-client-11,18,18,update_status,SW18,1.0,1.0,9.0,9.0,9.0,9.0,9,9,9,9,0,0,0,0.11111111111111116,0.11111111111111116,none,none,true,source_metadata.target,1.0,1.0,9.0,9.0,9.0,9.0,9,9,9,9,0.11111111111111116,0.11111111111111116,none,none,native,0,1.0,1.0,1.0,0,0,0,0,0,0,0,0,0,0,0,0,0,0,240.0,0.0,0.0,5.0
oasis-open__cti-taxii-client-11,20,19,add_subtask,SW20,0.9,0.9,10.0,9.0,10.0,9.0,10,9,10,9,0,0,0,-0.09999999999999998,-0.09999999999999998,product,product,true,source_metadata.target,0.9,0.9,10.0,9.0,10.0,9.0,10,9,10,9,-0.09999999999999998,-0.09999999999999998,product,product,native,0,0.8571428571428571,1.0,1.0,0,0,0,0,0,0,0,0,0,0,0,0,0,0,270.0,30.0,30.0,5.0
oasis-open__cti-taxii-client-11,20,20,update_status,SW20,1.0,1.0,10.0,10.0,10.0,10.0,10,10,10,10,0,0,0,0.09999999999999998,0.09999999999999998,none,none,true,source_metadata.target,1.0,1.0,10.0,10.0,10.0,10.0,10,10,10,10,0.09999999999999998,0.09999999999999998,none,none,native,0,1.0,1.0,1.0,0,0,0,0,0,0,0,0,0,0,0,0,0,0,270.0,0.0,0.0,5.0
oasis-open__cti-taxii-client-11,22,21,add_subtask,SW22,0.9090909090909091,0.9090909090909091,11.0,10.0,11.0,10.0,11,10,11,10,0,0,0,-0.09090909090909094,-0.09090909090909094,validation,validation,true,source_metadata.target,0.9090909090909091,0.9090909090909091,11.0,10.0,11.0,10.0,11,10,11,10,-0.09090909090909094,-0.09090909090909094,validation,validation,native,0,1.0,0.6666666666666666,1.0,0,0,0,0,0,0,0,0,0,0,0,0,0,0,300.0,30.0,30.0,5.0
oasis-open__cti-taxii-client-11,22,22,update_status,SW22,1.0,1.0,11.0,11.0,11.0,11.0,11,11,11,11,0,0,0,0.09090909090909094,0.09090909090909094,none,none,true,source_metadata.target,1.0,1.0,11.0,11.0,11.0,11.0,11,11,11,11,0.09090909090909094,0.09090909090909094,none,none,native,0,1.0,1.0,1.0,0,0,0,0,0,0,0,0,0,0,0,0,0,0,300.0,0.0,0.0,5.0
oasis-open__cti-taxii-client-11,24,23,add_subtask,SW24,0.9166666666666666,0.9166666666666666,12.0,11.0,12.0,11.0,12,11,12,11,0,0,0,-0.08333333333333337,-0.08333333333333337,product,product,true,source_metadata.target,0.9166666666666666,0.9166666666666666,12.0,11.0,12.0,11.0,12,11,12,11,-0.08333333333333337,-0.08333333333333337,product,product,native,0,0.875,1.0,1.0,0,0,0,0,0,0,0,0,0,0,0,0,0,0,330.0,30.0,30.0,5.0
oasis-open__cti-taxii-client-11,24,24,update_status,SW24,1.0,1.0,12.0,12.0,12.0,12.0,12,12,12,12,0,0,0,0.08333333333333337,0.08333333333333337,none,none,true,source_metadata.target,1.0,1.0,12.0,12.0,12.0,12.0,12,12,12,12,0.08333333333333337,0.08333333333333337,none,none,native,0,1.0,1.0,1.0,0,0,0,0,0,0,0,0,0,0,0,0,0,0,330.0,0.0,0.0,5.0
oasis-open__cti-taxii-client-11,26,25,add_subtask,SW26,0.9230769230769231,0.9230769230769231,13.0,12.0,13.0,12.0,13,12,13,12,0,0,0,-0.07692307692307687,-0.07692307692307687,investigation,investigation,true,source_metadata.target,0.9230769230769231,0.9230769230769231,13.0,12.0,13.0,12.0,13,12,13,12,-0.07692307692307687,-0.07692307692307687,investigation,investigation,native,0,1.0,1.0,0.5,0,0,0,0,0,0,0,0,0,0,0,0,0,0,360.0,30.0,30.0,5.0
oasis-open__cti-taxii-client-11,26,26,update_status,SW26,1.0,1.0,13.0,13.0,13.0,13.0,13,13,13,13,0,0,0,0.07692307692307687,0.07692307692307687,none,none,true,source_metadata.target,1.0,1.0,13.0,13.0,13.0,13.0,13,13,13,13,0.07692307692307687,0.07692307692307687,none,none,native,0,1.0,1.0,1.0,0,0,0,0,0,0,0,0,0,0,0,0,0,0,360.0,0.0,0.0,5.0
oasis-open__cti-taxii-client-11,28,27,add_subtask,SW28,1.0,0.9285714285714286,13.0,13.0,14.0,13.0,13,13,14,13,0,0,0,0.0,-0.0714285714285714,none,artifact,true,source_metadata.target,1.0,0.9285714285714286,13.0,13.0,14.0,13.0,13,13,14,13,0.0,-0.0714285714285714,none,artifact,native,0,1.0,1.0,1.0,0,0,0,0,0,0,0,0,0,0,0,0,0,0,390.0,30.0,30.0,5.0
oasis-open__cti-taxii-client-11,28,28,update_status,SW28,1.0,1.0,13.0,13.0,14.0,14.0,13,13,14,14,0,0,0,0.0,0.0714285714285714,none,none,true,source_metadata.target,1.0,1.0,13.0,13.0,14.0,14.0,13,13,14,14,0.0,0.0714285714285714,none,none,native,0,1.0,1.0,1.0,0,0,0,0,0,0,0,0,0,0,0,0,0,0,390.0,0.0,30.0,5.0
omni-us__jsonargparse-370,0,0,init,,0.0,0.0,0,0,0,0,0,0,0,0,0,0,0,0.0,0.0,none,none,true,source_metadata.target,0.0,0.0,0,0,0,0,0,0,0,0,0.0,0.0,none,none,native,0,0.0,0.0,0.0,0,0,0,0,0,0,0,0,0,0,0,0,0,0,0.0,0.0,0.0,
omni-us__jsonargparse-370,2,1,add_subtask,SW2,0.0,0.0,1.0,0,1.0,0,1,0,1,0,0,0,0,0.0,0.0,none,none,true,source_metadata.target,0.0,0.0,1.0,0,1.0,0,1,0,1,0,0.0,0.0,none,none,native,0,0.0,0.0,0.0,0,0,0,0,0,0,0,0,0,0,0,0,0,0,0.0,0.0,0.0,
omni-us__jsonargparse-370,2,2,update_status,SW2,1.0,1.0,1.0,1.0,1.0,1.0,1,1,1,1,0,0,0,1.0,1.0,none,none,true,source_metadata.target,1.0,1.0,1.0,1.0,1.0,1.0,1,1,1,1,1.0,1.0,none,none,native,0,1.0,0.0,0.0,0,0,0,0,0,0,0,0,0,0,0,0,0,0,0.0,0.0,0.0,
omni-us__jsonargparse-370,4,3,add_subtask,SW4,0.5,0.5,2.0,1.0,2.0,1.0,2,1,2,1,0,0,0,-0.5,-0.5,product,product,true,source_metadata.target,0.5,0.5,2.0,1.0,2.0,1.0,2,1,2,1,-0.5,-0.5,product,product,native,0,0.5,0.0,0.0,0,0,0,0,0,0,0,0,0,0,0,0,0,0,30.0,30.0,30.0,8.0
omni-us__jsonargparse-370,4,4,update_status,SW4,1.0,1.0,2.0,2.0,2.0,2.0,2,2,2,2,0,0,0,0.5,0.5,none,none,true,source_metadata.target,1.0,1.0,2.0,2.0,2.0,2.0,2,2,2,2,0.5,0.5,none,none,native,0,1.0,0.0,0.0,0,0,0,0,0,0,0,0,0,0,0,0,0,0,30.0,0.0,0.0,10.0
omni-us__jsonargparse-370,6,5,add_subtask,SW6,0.6666666666666666,0.6666666666666666,3.0,2.0,3.0,2.0,3,2,3,2,0,0,0,-0.33333333333333337,-0.33333333333333337,product,product,true,source_metadata.target,0.6666666666666666,0.6666666666666666,3.0,2.0,3.0,2.0,3,2,3,2,-0.33333333333333337,-0.33333333333333337,product,product,native,0,0.6666666666666666,0.0,0.0,0,0,0,0,0,0,0,0,0,0,0,0,0,0,60.0,30.0,30.0,5.0
omni-us__jsonargparse-370,6,6,update_status,SW6,1.0,1.0,3.0,3.0,3.0,3.0,3,3,3,3,0,0,0,0.33333333333333337,0.33333333333333337,none,none,true,source_metadata.target,1.0,1.0,3.0,3.0,3.0,3.0,3,3,3,3,0.33333333333333337,0.33333333333333337,none,none,native,0,1.0,0.0,0.0,0,0,0,0,0,0,0,0,0,0,0,0,0,0,60.0,0.0,0.0,5.0
omni-us__jsonargparse-370,8,7,add_subtask,SW8,0.75,0.75,4.0,3.0,4.0,3.0,4,3,4,3,0,0,0,-0.25,-0.25,validation,validation,true,source_metadata.target,0.75,0.75,4.0,3.0,4.0,3.0,4,3,4,3,-0.25,-0.25,validation,validation,native,0,1.0,0.0,0.0,0,0,0,0,0,0,0,0,0,0,0,0,0,0,90.0,30.0,30.0,5.0
omni-us__jsonargparse-370,8,8,update_status,SW8,1.0,1.0,4.0,4.0,4.0,4.0,4,4,4,4,0,0,0,0.25,0.25,none,none,true,source_metadata.target,1.0,1.0,4.0,4.0,4.0,4.0,4,4,4,4,0.25,0.25,none,none,native,0,1.0,1.0,0.0,0,0,0,0,0,0,0,0,0,0,0,0,0,0,90.0,0.0,0.0,5.0
omni-us__jsonargparse-370,10,9,add_subtask,SW10,0.8,0.8,5.0,4.0,5.0,4.0,5,4,5,4,0,0,0,-0.19999999999999996,-0.19999999999999996,investigation,investigation,true,source_metadata.target,0.8,0.8,5.0,4.0,5.0,4.0,5,4,5,4,-0.19999999999999996,-0.19999999999999996,investigation,investigation,native,0,1.0,1.0,0.0,0,0,0,0,0,0,0,0,0,0,0,0,0,0,120.0,30.0,30.0,5.0
omni-us__jsonargparse-370,10,10,update_status,SW10,1.0,1.0,5.0,5.0,5.0,5.0,5,5,5,5,0,0,0,0.19999999999999996,0.19999999999999996,none,none,true,source_metadata.target,1.0,1.0,5.0,5.0,5.0,5.0,5,5,5,5,0.19999999999999996,0.19999999999999996,none,none,native,0,1.0,1.0,1.0,0,0,0,0,0,0,0,0,0,0,0,0,0,0,120.0,0.0,0.0,5.0
omni-us__jsonargparse-370,12,11,add_subtask,SW12,0.8333333333333334,0.8333333333333334,6.0,5.0,6.0,5.0,6,5,6,5,0,0,0,-0.16666666666666663,-0.16666666666666663,product,product,true,source_metadata.target,0.8333333333333334,0.8333333333333334,6.0,5.0,6.0,5.0,6,5,6,5,-0.16666666666666663,-0.16666666666666663,product,product,native,0,0.75,1.0,1.0,0,0,0,0,0,0,0,0,0,0,0,0,0,0,150.0,30.0,30.0,5.0
omni-us__jsonargparse-370,12,12,update_status,SW12,1.0,1.0,6.0,6.0,6.0,6.0,6,6,6,6,0,0,0,0.16666666666666663,0.16666666666666663,none,none,true,source_metadata.target,1.0,1.0,6.0,6.0,6.0,6.0,6,6,6,6,0.16666666666666663,0.16666666666666663,none,none,native,0,1.0,1.0,1.0,0,0,0,0,0,0,0,0,0,0,0,0,0,0,150.0,0.0,0.0,5.0
omni-us__jsonargparse-370,14,13,add_subtask,SW14,0.8571428571428571,0.8571428571428571,7.0,6.0,7.0,6.0,7,6,7,6,0,0,0,-0.1428571428571429,-0.1428571428571429,validation,validation,true,source_metadata.target,0.8571428571428571,0.8571428571428571,7.0,6.0,7.0,6.0,7,6,7,6,-0.1428571428571429,-0.1428571428571429,validation,validation,native,0,1.0,0.5,1.0,0,0,0,0,0,0,0,0,0,0,0,0,0,0,180.0,30.0,30.0,5.0
omni-us__jsonargparse-370,14,14,update_status,SW14,1.0,1.0,7.0,7.0,7.0,7.0,7,7,7,7,0,0,0,0.1428571428571429,0.1428571428571429,none,none,true,source_metadata.target,1.0,1.0,7.0,7.0,7.0,7.0,7,7,7,7,0.1428571428571429,0.1428571428571429,none,none,native,0,1.0,1.0,1.0,0,0,0,0,0,0,0,0,0,0,0,0,0,0,180.0,0.0,0.0,5.0
omni-us__jsonargparse-370,16,15,add_subtask,SW16,0.875,0.875,8.0,7.0,8.0,7.0,8,7,8,7,0,0,0,-0.125,-0.125,product,product,true,source_metadata.target,0.875,0.875,8.0,7.0,8.0,7.0,8,7,8,7,-0.125,-0.125,product,product,native,0,0.8,1.0,1.0,0,0,0,0,0,0,0,0,0,0,0,0,0,0,210.0,30.0,30.0,5.0
omni-us__jsonargparse-370,16,16,update_status,SW16,1.0,1.0,8.0,8.0,8.0,8.0,8,8,8,8,0,0,0,0.125,0.125,none,none,true,source_metadata.target,1.0,1.0,8.0,8.0,8.0,8.0,8,8,8,8,0.125,0.125,none,none,native,0,1.0,1.0,1.0,0,0,0,0,0,0,0,0,0,0,0,0,0,0,210.0,0.0,0.0,5.0
omni-us__jsonargparse-370,18,17,add_subtask,SW18,1.0,0.8888888888888888,8.0,8.0,9.0,8.0,8,8,9,8,0,0,0,0.0,-0.11111111111111116,none,artifact,true,source_metadata.target,1.0,0.8888888888888888,8.0,8.0,9.0,8.0,8,8,9,8,0.0,-0.11111111111111116,none,artifact,native,0,1.0,1.0,1.0,0,0,0,0,0,0,0,0,0,0,0,0,0,0,240.0,30.0,30.0,5.0
omni-us__jsonargparse-370,18,18,update_status,SW18,1.0,1.0,8.0,8.0,9.0,9.0,8,8,9,9,0,0,0,0.0,0.11111111111111116,none,none,true,source_metadata.target,1.0,1.0,8.0,8.0,9.0,9.0,8,8,9,9,0.0,0.11111111111111116,none,none,native,0,1.0,1.0,1.0,0,0,0,0,0,0,0,0,0,0,0,0,0,0,240.0,0.0,30.0,5.0
openstack-charmers__zaza-36,0,0,init,,0.0,0.0,0,0,0,0,0,0,0,0,0,0,0,0.0,0.0,none,none,false,source_metadata.target,0.0,0.0,0,0,0,0,0,0,0,0,0.0,0.0,none,none,native,0,0.0,0.0,0.0,0,0,0,0,0,0,0,0,0,0,0,0,0,0,0.0,0.0,0.0,
openstack-charmers__zaza-36,2,1,add_subtask,SW2,0.0,0.0,1.0,0,1.0,0,1,0,1,0,0,0,0,0.0,0.0,none,none,false,source_metadata.target,0.0,0.0,1.0,0,1.0,0,1,0,1,0,0.0,0.0,none,none,native,0,0.0,0.0,0.0,0,0,0,0,0,0,0,0,0,0,0,0,0,0,0.0,0.0,0.0,
openstack-charmers__zaza-36,2,2,update_status,SW2,1.0,1.0,1.0,1.0,1.0,1.0,1,1,1,1,0,0,0,1.0,1.0,none,none,false,source_metadata.target,1.0,1.0,1.0,1.0,1.0,1.0,1,1,1,1,1.0,1.0,none,none,native,0,0.0,0.0,1.0,0,0,0,0,0,0,0,0,0,0,0,0,0,0,0.0,0.0,0.0,
openstack-charmers__zaza-36,4,3,add_subtask,SW4,0.5,0.5,2.0,1.0,2.0,1.0,2,1,2,1,0,0,0,-0.5,-0.5,investigation,investigation,false,source_metadata.target,0.5,0.5,2.0,1.0,2.0,1.0,2,1,2,1,-0.5,-0.5,investigation,investigation,native,0,0.0,0.0,0.5,0,0,0,0,0,0,0,0,0,0,0,0,0,0,30.0,30.0,30.0,8.0
openstack-charmers__zaza-36,4,4,update_status,SW4,1.0,1.0,2.0,2.0,2.0,2.0,2,2,2,2,0,0,0,0.5,0.5,none,none,false,source_metadata.target,1.0,1.0,2.0,2.0,2.0,2.0,2,2,2,2,0.5,0.5,none,none,native,0,0.0,0.0,1.0,0,0,0,0,0,0,0,0,0,0,0,0,0,0,30.0,0.0,0.0,10.0
openstack-charmers__zaza-36,6,5,add_subtask,SW6,0.6666666666666666,0.6666666666666666,3.0,2.0,3.0,2.0,3,2,3,2,0,0,0,-0.33333333333333337,-0.33333333333333337,investigation,investigation,false,source_metadata.target,0.6666666666666666,0.6666666666666666,3.0,2.0,3.0,2.0,3,2,3,2,-0.33333333333333337,-0.33333333333333337,investigation,investigation,native,0,0.0,0.0,0.6666666666666666,0,0,0,0,0,0,0,0,0,0,0,0,0,0,60.0,30.0,30.0,5.0
openstack-charmers__zaza-36,6,6,update_status,SW6,1.0,1.0,3.0,3.0,3.0,3.0,3,3,3,3,0,0,0,0.33333333333333337,0.33333333333333337,none,none,false,source_metadata.target,1.0,1.0,3.0,3.0,3.0,3.0,3,3,3,3,0.33333333333333337,0.33333333333333337,none,none,native,0,0.0,0.0,1.0,0,0,0,0,0,0,0,0,0,0,0,0,0,0,60.0,0.0,0.0,5.0
openstack-charmers__zaza-36,8,7,add_subtask,SW8,0.75,0.75,4.0,3.0,4.0,3.0,4,3,4,3,0,0,0,-0.25,-0.25,investigation,investigation,false,source_metadata.target,0.75,0.75,4.0,3.0,4.0,3.0,4,3,4,3,-0.25,-0.25,investigation,investigation,native,0,0.0,0.0,0.75,0,0,0,0,0,0,0,0,0,0,0,0,0,0,90.0,30.0,30.0,5.0
openstack-charmers__zaza-36,8,8,update_status,SW8,1.0,1.0,4.0,4.0,4.0,4.0,4,4,4,4,0,0,0,0.25,0.25,none,none,false,source_metadata.target,1.0,1.0,4.0,4.0,4.0,4.0,4,4,4,4,0.25,0.25,none,none,native,0,0.0,0.0,1.0,0,0,0,0,0,0,0,0,0,0,0,0,0,0,90.0,0.0,0.0,5.0
openstack-charmers__zaza-36,10,9,add_subtask,SW10,0.8,0.8,5.0,4.0,5.0,4.0,5,4,5,4,0,0,0,-0.19999999999999996,-0.19999999999999996,investigation,investigation,false,source_metadata.target,0.8,0.8,5.0,4.0,5.0,4.0,5,4,5,4,-0.19999999999999996,-0.19999999999999996,investigation,investigation,native,0,0.0,0.0,0.8,0,0,0,0,0,0,0,0,0,0,0,0,0,0,120.0,30.0,30.0,5.0
openstack-charmers__zaza-36,10,10,update_status,SW10,1.0,1.0,5.0,5.0,5.0,5.0,5,5,5,5,0,0,0,0.19999999999999996,0.19999999999999996,none,none,false,source_metadata.target,1.0,1.0,5.0,5.0,5.0,5.0,5,5,5,5,0.19999999999999996,0.19999999999999996,none,none,native,0,0.0,0.0,1.0,0,0,0,0,0,0,0,0,0,0,0,0,0,0,120.0,0.0,0.0,5.0
openstack-charmers__zaza-36,12,11,add_subtask,SW12,0.8333333333333334,0.8333333333333334,6.0,5.0,6.0,5.0,6,5,6,5,0,0,0,-0.16666666666666663,-0.16666666666666663,investigation,investigation,false,source_metadata.target,0.8333333333333334,0.8333333333333334,6.0,5.0,6.0,5.0,6,5,6,5,-0.16666666666666663,-0.16666666666666663,investigation,investigation,native,0,0.0,0.0,0.8333333333333334,0,0,0,0,0,0,0,0,0,0,0,0,0,0,150.0,30.0,30.0,5.0
openstack-charmers__zaza-36,12,12,update_status,SW12,1.0,1.0,6.0,6.0,6.0,6.0,6,6,6,6,0,0,0,0.16666666666666663,0.16666666666666663,none,none,false,source_metadata.target,1.0,1.0,6.0,6.0,6.0,6.0,6,6,6,6,0.16666666666666663,0.16666666666666663,none,none,native,0,0.0,0.0,1.0,0,0,0,0,0,0,0,0,0,0,0,0,0,0,150.0,0.0,0.0,5.0
openstack-charmers__zaza-36,14,13,add_subtask,SW14,0.8571428571428571,0.8571428571428571,7.0,6.0,7.0,6.0,7,6,7,6,0,0,0,-0.1428571428571429,-0.1428571428571429,investigation,investigation,false,source_metadata.target,0.8571428571428571,0.8571428571428571,7.0,6.0,7.0,6.0,7,6,7,6,-0.1428571428571429,-0.1428571428571429,investigation,investigation,native,0,0.0,0.0,0.8571428571428571,0,0,0,0,0,0,0,0,0,0,0,0,0,0,180.0,30.0,30.0,5.0
openstack-charmers__zaza-36,14,14,update_status,SW14,1.0,1.0,7.0,7.0,7.0,7.0,7,7,7,7,0,0,0,0.1428571428571429,0.1428571428571429,none,none,false,source_metadata.target,1.0,1.0,7.0,7.0,7.0,7.0,7,7,7,7,0.1428571428571429,0.1428571428571429,none,none,native,0,0.0,0.0,1.0,0,0,0,0,0,0,0,0,0,0,0,0,0,0,180.0,0.0,0.0,5.0
openstack-charmers__zaza-36,16,15,add_subtask,SW16,0.875,0.875,8.0,7.0,8.0,7.0,8,7,8,7,0,0,0,-0.125,-0.125,product,product,false,source_metadata.target,0.875,0.875,8.0,7.0,8.0,7.0,8,7,8,7,-0.125,-0.125,product,product,native,0,0.0,0.0,1.0,0,0,0,0,0,0,0,0,0,0,0,0,0,0,210.0,30.0,30.0,5.0
openstack-charmers__zaza-36,16,16,update_status,SW16,1.0,1.0,8.0,8.0,8.0,8.0,8,8,8,8,0,0,0,0.125,0.125,none,none,false,source_metadata.target,1.0,1.0,8.0,8.0,8.0,8.0,8,8,8,8,0.125,0.125,none,none,native,0,1.0,0.0,1.0,0,0,0,0,0,0,0,0,0,0,0,0,0,0,210.0,0.0,0.0,5.0
openstack-charmers__zaza-36,18,17,add_subtask,SW18,0.8888888888888888,0.8888888888888888,9.0,8.0,9.0,8.0,9,8,9,8,0,0,0,-0.11111111111111116,-0.11111111111111116,product,product,false,source_metadata.target,0.8888888888888888,0.8888888888888888,9.0,8.0,9.0,8.0,9,8,9,8,-0.11111111111111116,-0.11111111111111116,product,product,native,0,0.5,0.0,1.0,0,0,0,0,0,0,0,0,0,0,0,0,0,0,240.0,30.0,30.0,5.0
openstack-charmers__zaza-36,18,18,update_status,SW18,1.0,1.0,9.0,9.0,9.0,9.0,9,9,9,9,0,0,0,0.11111111111111116,0.11111111111111116,none,none,false,source_metadata.target,1.0,1.0,9.0,9.0,9.0,9.0,9,9,9,9,0.11111111111111116,0.11111111111111116,none,none,native,0,1.0,0.0,1.0,0,0,0,0,0,0,0,0,0,0,0,0,0,0,240.0,0.0,0.0,5.0
openstack-charmers__zaza-36,20,19,add_subtask,SW20,0.9,0.9,10.0,9.0,10.0,9.0,10,9,10,9,0,0,0,-0.09999999999999998,-0.09999999999999998,product,product,false,source_metadata.target,0.9,0.9,10.0,9.0,10.0,9.0,10,9,10,9,-0.09999999999999998,-0.09999999999999998,product,product,native,0,0.6666666666666666,0.0,1.0,0,0,0,0,0,0,0,0,0,0,0,0,0,0,270.0,30.0,30.0,5.0
openstack-charmers__zaza-36,20,20,update_status,SW20,1.0,1.0,10.0,10.0,10.0,10.0,10,10,10,10,0,0,0,0.09999999999999998,0.09999999999999998,none,none,false,source_metadata.target,1.0,1.0,10.0,10.0,10.0,10.0,10,10,10,10,0.09999999999999998,0.09999999999999998,none,none,native,0,1.0,0.0,1.0,0,0,0,0,0,0,0,0,0,0,0,0,0,0,270.0,0.0,0.0,5.0
openstack-charmers__zaza-36,22,21,add_subtask,SW22,0.9090909090909091,0.9090909090909091,11.0,10.0,11.0,10.0,11,10,11,10,0,0,0,-0.09090909090909094,-0.09090909090909094,validation,validation,false,source_metadata.target,0.9090909090909091,0.9090909090909091,11.0,10.0,11.0,10.0,11,10,11,10,-0.09090909090909094,-0.09090909090909094,validation,validation,native,0,1.0,0.0,1.0,0,0,0,0,0,0,0,0,0,0,0,0,0,0,300.0,30.0,30.0,5.0
openstack-charmers__zaza-36,22,22,update_status,SW22,1.0,1.0,11.0,11.0,11.0,11.0,11,11,11,11,0,0,0,0.09090909090909094,0.09090909090909094,none,none,false,source_metadata.target,1.0,1.0,11.0,11.0,11.0,11.0,11,11,11,11,0.09090909090909094,0.09090909090909094,none,none,native,0,1.0,1.0,1.0,0,0,0,0,0,0,0,0,0,0,0,0,0,0,300.0,0.0,0.0,5.0
openstack-charmers__zaza-36,24,23,add_subtask,SW24,0.9166666666666666,0.9166666666666666,12.0,11.0,12.0,11.0,12,11,12,11,0,0,0,-0.08333333333333337,-0.08333333333333337,product,product,false,source_metadata.target,0.9166666666666666,0.9166666666666666,12.0,11.0,12.0,11.0,12,11,12,11,-0.08333333333333337,-0.08333333333333337,product,product,native,0,0.75,1.0,1.0,0,0,0,0,0,0,0,0,0,0,0,0,0,0,330.0,30.0,30.0,5.0
openstack-charmers__zaza-36,24,24,update_status,SW24,1.0,1.0,12.0,12.0,12.0,12.0,12,12,12,12,0,0,0,0.08333333333333337,0.08333333333333337,none,none,false,source_metadata.target,1.0,1.0,12.0,12.0,12.0,12.0,12,12,12,12,0.08333333333333337,0.08333333333333337,none,none,native,0,1.0,1.0,1.0,0,0,0,0,0,0,0,0,0,0,0,0,0,0,330.0,0.0,0.0,5.0
openstack-charmers__zaza-36,26,25,add_subtask,SW26,0.9230769230769231,0.9230769230769231,13.0,12.0,13.0,12.0,13,12,13,12,0,0,0,-0.07692307692307687,-0.07692307692307687,validation,validation,false,source_metadata.target,0.9230769230769231,0.9230769230769231,13.0,12.0,13.0,12.0,13,12,13,12,-0.07692307692307687,-0.07692307692307687,validation,validation,native,0,1.0,0.5,1.0,0,0,0,0,0,0,0,0,0,0,0,0,0,0,360.0,30.0,30.0,5.0
openstack-charmers__zaza-36,26,26,update_status,SW26,1.0,1.0,13.0,13.0,13.0,13.0,13,13,13,13,0,0,0,0.07692307692307687,0.07692307692307687,none,none,false,source_metadata.target,1.0,1.0,13.0,13.0,13.0,13.0,13,13,13,13,0.07692307692307687,0.07692307692307687,none,none,native,0,1.0,1.0,1.0,0,0,0,0,0,0,0,0,0,0,0,0,0,0,360.0,0.0,0.0,5.0
openstack-charmers__zaza-36,28,27,add_subtask,SW28,0.9285714285714286,0.9285714285714286,14.0,13.0,14.0,13.0,14,13,14,13,0,0,0,-0.0714285714285714,-0.0714285714285714,product,product,false,source_metadata.target,0.9285714285714286,0.9285714285714286,14.0,13.0,14.0,13.0,14,13,14,13,-0.0714285714285714,-0.0714285714285714,product,product,native,0,0.8,1.0,1.0,0,0,0,0,0,0,0,0,0,0,0,0,0,0,390.0,30.0,30.0,5.0
openstack-charmers__zaza-36,28,28,update_status,SW28,1.0,1.0,14.0,14.0,14.0,14.0,14,14,14,14,0,0,0,0.0714285714285714,0.0714285714285714,none,none,false,source_metadata.target,1.0,1.0,14.0,14.0,14.0,14.0,14,14,14,14,0.0714285714285714,0.0714285714285714,none,none,native,0,1.0,1.0,1.0,0,0,0,0,0,0,0,0,0,0,0,0,0,0,390.0,0.0,0.0,5.0
openstack-charmers__zaza-36,30,29,add_subtask,SW30,0.9333333333333333,0.9333333333333333,15.0,14.0,15.0,14.0,15,14,15,14,0,0,0,-0.06666666666666665,-0.06666666666666665,product,product,false,source_metadata.target,0.9333333333333333,0.9333333333333333,15.0,14.0,15.0,14.0,15,14,15,14,-0.06666666666666665,-0.06666666666666665,product,product,native,0,0.8333333333333334,1.0,1.0,0,0,0,0,0,0,0,0,0,0,0,0,0,0,420.0,30.0,30.0,5.0
openstack-charmers__zaza-36,30,30,update_status,SW30,1.0,1.0,15.0,15.0,15.0,15.0,15,15,15,15,0,0,0,0.06666666666666665,0.06666666666666665,none,none,false,source_metadata.target,1.0,1.0,15.0,15.0,15.0,15.0,15,15,15,15,0.06666666666666665,0.06666666666666665,none,none,native,0,1.0,1.0,1.0,0,0,0,0,0,0,0,0,0,0,0,0,0,0,420.0,0.0,0.0,5.0
openstack-charmers__zaza-36,32,31,add_subtask,SW32,0.9375,0.9375,16.0,15.0,16.0,15.0,16,15,16,15,0,0,0,-0.0625,-0.0625,product,product,false,source_metadata.target,0.9375,0.9375,16.0,15.0,16.0,15.0,16,15,16,15,-0.0625,-0.0625,product,product,native,0,0.8571428571428571,1.0,1.0,0,0,0,0,0,0,0,0,0,0,0,0,0,0,450.0,30.0,30.0,5.0
openstack-charmers__zaza-36,32,32,update_status,SW32,1.0,1.0,16.0,16.0,16.0,16.0,16,16,16,16,0,0,0,0.0625,0.0625,none,none,false,source_metadata.target,1.0,1.0,16.0,16.0,16.0,16.0,16,16,16,16,0.0625,0.0625,none,none,native,0,1.0,1.0,1.0,0,0,0,0,0,0,0,0,0,0,0,0,0,0,450.0,0.0,0.0,5.0
openstack-charmers__zaza-36,34,33,add_subtask,SW34,0.9411764705882353,0.9411764705882353,17.0,16.0,17.0,16.0,17,16,17,16,0,0,0,-0.05882352941176472,-0.05882352941176472,investigation,investigation,false,source_metadata.target,0.9411764705882353,0.9411764705882353,17.0,16.0,17.0,16.0,17,16,17,16,-0.05882352941176472,-0.05882352941176472,investigation,investigation,native,0,1.0,1.0,0.875,0,0,0,0,0,0,0,0,0,0,0,0,0,0,480.0,30.0,30.0,5.0
openstack-charmers__zaza-36,34,34,update_status,SW34,1.0,1.0,17.0,17.0,17.0,17.0,17,17,17,17,0,0,0,0.05882352941176472,0.05882352941176472,none,none,false,source_metadata.target,1.0,1.0,17.0,17.0,17.0,17.0,17,17,17,17,0.05882352941176472,0.05882352941176472,none,none,native,0,1.0,1.0,1.0,0,0,0,0,0,0,0,0,0,0,0,0,0,0,480.0,0.0,0.0,5.0
openstack-charmers__zaza-36,36,35,add_subtask,SW36,0.9444444444444444,0.9444444444444444,18.0,17.0,18.0,17.0,18,17,18,17,0,0,0,-0.05555555555555558,-0.05555555555555558,product,product,false,source_metadata.target,0.9444444444444444,0.9444444444444444,18.0,17.0,18.0,17.0,18,17,18,17,-0.05555555555555558,-0.05555555555555558,product,product,native,0,0.875,1.0,1.0,0,0,0,0,0,0,0,0,0,0,0,0,0,0,510.0,30.0,30.0,5.0
openstack-charmers__zaza-36,36,36,update_status,SW36,1.0,1.0,18.0,18.0,18.0,18.0,18,18,18,18,0,0,0,0.05555555555555558,0.05555555555555558,none,none,false,source_metadata.target,1.0,1.0,18.0,18.0,18.0,18.0,18,18,18,18,0.05555555555555558,0.05555555555555558,none,none,native,0,1.0,1.0,1.0,0,0,0,0,0,0,0,0,0,0,0,0,0,0,510.0,0.0,0.0,5.0
openstack-charmers__zaza-36,38,37,add_subtask,SW38,0.9473684210526315,0.9473684210526315,19.0,18.0,19.0,18.0,19,18,19,18,0,0,0,-0.052631578947368474,-0.052631578947368474,product,product,false,source_metadata.target,0.9473684210526315,0.9473684210526315,19.0,18.0,19.0,18.0,19,18,19,18,-0.052631578947368474,-0.052631578947368474,product,product,native,0,0.8888888888888888,1.0,1.0,0,0,0,0,0,0,0,0,0,0,0,0,0,0,540.0,30.0,30.0,5.0
openstack-charmers__zaza-36,38,38,update_status,SW38,1.0,1.0,19.0,19.0,19.0,19.0,19,19,19,19,0,0,0,0.052631578947368474,0.052631578947368474,none,none,false,source_metadata.target,1.0,1.0,19.0,19.0,19.0,19.0,19,19,19,19,0.052631578947368474,0.052631578947368474,none,none,native,0,1.0,1.0,1.0,0,0,0,0,0,0,0,0,0,0,0,0,0,0,540.0,0.0,0.0,5.0
openstack-charmers__zaza-36,40,39,add_subtask,SW40,0.95,0.95,20.0,19.0,20.0,19.0,20,19,20,19,0,0,0,-0.050000000000000044,-0.050000000000000044,product,product,false,source_metadata.target,0.95,0.95,20.0,19.0,20.0,19.0,20,19,20,19,-0.050000000000000044,-0.050000000000000044,product,product,native,0,0.9,1.0,1.0,0,0,0,0,0,0,0,0,0,0,0,0,0,0,570.0,30.0,30.0,5.0
openstack-charmers__zaza-36,40,40,update_status,SW40,1.0,1.0,20.0,20.0,20.0,20.0,20,20,20,20,0,0,0,0.050000000000000044,0.050000000000000044,none,none,false,source_metadata.target,1.0,1.0,20.0,20.0,20.0,20.0,20,20,20,20,0.050000000000000044,0.050000000000000044,none,none,native,0,1.0,1.0,1.0,0,0,0,0,0,0,0,0,0,0,0,0,0,0,570.0,0.0,0.0,5.0
openstack-charmers__zaza-36,42,41,add_subtask,SW42,0.9523809523809523,0.9523809523809523,21.0,20.0,21.0,20.0,21,20,21,20,0,0,0,-0.04761904761904767,-0.04761904761904767,product,product,false,source_metadata.target,0.9523809523809523,0.9523809523809523,21.0,20.0,21.0,20.0,21,20,21,20,-0.04761904761904767,-0.04761904761904767,product,product,native,0,0.9090909090909091,1.0,1.0,0,0,0,0,0,0,0,0,0,0,0,0,0,0,600.0,30.0,30.0,5.0
openstack-charmers__zaza-36,42,42,update_status,SW42,1.0,1.0,21.0,21.0,21.0,21.0,21,21,21,21,0,0,0,0.04761904761904767,0.04761904761904767,none,none,false,source_metadata.target,1.0,1.0,21.0,21.0,21.0,21.0,21,21,21,21,0.04761904761904767,0.04761904761904767,none,none,native,0,1.0,1.0,1.0,0,0,0,0,0,0,0,0,0,0,0,0,0,0,600.0,0.0,0.0,5.0
openstack-charmers__zaza-36,44,43,add_subtask,SW44,0.9545454545454546,0.9545454545454546,22.0,21.0,22.0,21.0,22,21,22,21,0,0,0,-0.045454545454545414,-0.045454545454545414,product,product,false,source_metadata.target,0.9545454545454546,0.9545454545454546,22.0,21.0,22.0,21.0,22,21,22,21,-0.045454545454545414,-0.045454545454545414,product,product,native,0,0.9166666666666666,1.0,1.0,0,0,0,0,0,0,0,0,0,0,0,0,0,0,630.0,30.0,30.0,5.0
openstack-charmers__zaza-36,44,44,update_status,SW44,1.0,1.0,22.0,22.0,22.0,22.0,22,22,22,22,0,0,0,0.045454545454545414,0.045454545454545414,none,none,false,source_metadata.target,1.0,1.0,22.0,22.0,22.0,22.0,22,22,22,22,0.045454545454545414,0.045454545454545414,none,none,native,0,1.0,1.0,1.0,0,0,0,0,0,0,0,0,0,0,0,0,0,0,630.0,0.0,0.0,5.0
openstack-charmers__zaza-36,46,45,add_subtask,SW46,0.9565217391304348,0.9565217391304348,23.0,22.0,23.0,22.0,23,22,23,22,0,0,0,-0.04347826086956519,-0.04347826086956519,product,product,false,source_metadata.target,0.9565217391304348,0.9565217391304348,23.0,22.0,23.0,22.0,23,22,23,22,-0.04347826086956519,-0.04347826086956519,product,product,native,0,0.9230769230769231,1.0,1.0,0,0,0,0,0,0,0,0,0,0,0,0,0,0,660.0,30.0,30.0,5.0
openstack-charmers__zaza-36,46,46,update_status,SW46,1.0,1.0,23.0,23.0,23.0,23.0,23,23,23,23,0,0,0,0.04347826086956519,0.04347826086956519,none,none,false,source_metadata.target,1.0,1.0,23.0,23.0,23.0,23.0,23,23,23,23,0.04347826086956519,0.04347826086956519,none,none,native,0,1.0,1.0,1.0,0,0,0,0,0,0,0,0,0,0,0,0,0,0,660.0,0.0,0.0,5.0
openstack-charmers__zaza-36,48,47,add_subtask,SW48,0.9583333333333334,0.9583333333333334,24.0,23.0,24.0,23.0,24,23,24,23,0,0,0,-0.04166666666666663,-0.04166666666666663,validation,validation,false,source_metadata.target,0.9583333333333334,0.9583333333333334,24.0,23.0,24.0,23.0,24,23,24,23,-0.04166666666666663,-0.04166666666666663,validation,validation,native,0,1.0,0.6666666666666666,1.0,0,0,0,0,0,0,0,0,0,0,0,0,0,0,690.0,30.0,30.0,5.0
openstack-charmers__zaza-36,48,48,update_status,SW48,1.0,1.0,24.0,24.0,24.0,24.0,24,24,24,24,0,0,0,0.04166666666666663,0.04166666666666663,none,none,false,source_metadata.target,1.0,1.0,24.0,24.0,24.0,24.0,24,24,24,24,0.04166666666666663,0.04166666666666663,none,none,native,0,1.0,1.0,1.0,0,0,0,0,0,0,0,0,0,0,0,0,0,0,690.0,0.0,0.0,5.0
openstack-charmers__zaza-36,50,49,add_subtask,SW50,0.96,0.96,25.0,24.0,25.0,24.0,25,24,25,24,0,0,0,-0.040000000000000036,-0.040000000000000036,product,product,false,source_metadata.target,0.96,0.96,25.0,24.0,25.0,24.0,25,24,25,24,-0.040000000000000036,-0.040000000000000036,product,product,native,0,0.9285714285714286,1.0,1.0,0,0,0,0,0,0,0,0,0,0,0,0,0,0,720.0,30.0,30.0,5.0
openstack-charmers__zaza-36,50,50,update_status,SW50,1.0,1.0,25.0,25.0,25.0,25.0,25,25,25,25,0,0,0,0.040000000000000036,0.040000000000000036,none,none,false,source_metadata.target,1.0,1.0,25.0,25.0,25.0,25.0,25,25,25,25,0.040000000000000036,0.040000000000000036,none,none,native,0,1.0,1.0,1.0,0,0,0,0,0,0,0,0,0,0,0,0,0,0,720.0,0.0,0.0,5.0
openstack-charmers__zaza-36,52,51,add_subtask,SW52,0.9615384615384616,0.9615384615384616,26.0,25.0,26.0,25.0,26,25,26,25,0,0,0,-0.038461538461538436,-0.038461538461538436,product,product,false,source_metadata.target,0.9615384615384616,0.9615384615384616,26.0,25.0,26.0,25.0,26,25,26,25,-0.038461538461538436,-0.038461538461538436,product,product,native,0,0.9333333333333333,1.0,1.0,0,0,0,0,0,0,0,0,0,0,0,0,0,0,750.0,30.0,30.0,5.0
openstack-charmers__zaza-36,52,52,update_status,SW52,1.0,1.0,26.0,26.0,26.0,26.0,26,26,26,26,0,0,0,0.038461538461538436,0.038461538461538436,none,none,false,source_metadata.target,1.0,1.0,26.0,26.0,26.0,26.0,26,26,26,26,0.038461538461538436,0.038461538461538436,none,none,native,0,1.0,1.0,1.0,0,0,0,0,0,0,0,0,0,0,0,0,0,0,750.0,0.0,0.0,5.0
openstack-charmers__zaza-36,54,53,add_subtask,SW54,0.9629629629629629,0.9629629629629629,27.0,26.0,27.0,26.0,27,26,27,26,0,0,0,-0.03703703703703709,-0.03703703703703709,validation,validation,false,source_metadata.target,0.9629629629629629,0.9629629629629629,27.0,26.0,27.0,26.0,27,26,27,26,-0.03703703703703709,-0.03703703703703709,validation,validation,native,0,1.0,0.75,1.0,0,0,0,0,0,0,0,0,0,0,0,0,0,0,780.0,30.0,30.0,5.0
openstack-charmers__zaza-36,54,54,update_status,SW54,1.0,1.0,27.0,27.0,27.0,27.0,27,27,27,27,0,0,0,0.03703703703703709,0.03703703703703709,none,none,false,source_metadata.target,1.0,1.0,27.0,27.0,27.0,27.0,27,27,27,27,0.03703703703703709,0.03703703703703709,none,none,native,0,1.0,1.0,1.0,0,0,0,0,0,0,0,0,0,0,0,0,0,0,780.0,0.0,0.0,5.0
openstack-charmers__zaza-36,56,55,add_subtask,SW56,0.9642857142857143,0.9642857142857143,28.0,27.0,28.0,27.0,28,27,28,27,0,0,0,-0.0357142857142857,-0.0357142857142857,product,product,false,source_metadata.target,0.9642857142857143,0.9642857142857143,28.0,27.0,28.0,27.0,28,27,28,27,-0.0357142857142857,-0.0357142857142857,product,product,native,0,0.9375,1.0,1.0,0,0,0,0,0,0,0,0,0,0,0,0,0,0,810.0,30.0,30.0,5.0
openstack-charmers__zaza-36,56,56,update_status,SW56,1.0,1.0,28.0,28.0,28.0,28.0,28,28,28,28,0,0,0,0.0357142857142857,0.0357142857142857,none,none,false,source_metadata.target,1.0,1.0,28.0,28.0,28.0,28.0,28,28,28,28,0.0357142857142857,0.0357142857142857,none,none,native,0,1.0,1.0,1.0,0,0,0,0,0,0,0,0,0,0,0,0,0,0,810.0,0.0,0.0,5.0
openstack-charmers__zaza-36,58,57,add_subtask,SW58,0.9655172413793104,0.9655172413793104,29.0,28.0,29.0,28.0,29,28,29,28,0,0,0,-0.03448275862068961,-0.03448275862068961,product,product,false,source_metadata.target,0.9655172413793104,0.9655172413793104,29.0,28.0,29.0,28.0,29,28,29,28,-0.03448275862068961,-0.03448275862068961,product,product,native,0,0.9411764705882353,1.0,1.0,0,0,0,0,0,0,0,0,0,0,0,0,0,0,840.0,30.0,30.0,5.0
openstack-charmers__zaza-36,58,58,update_status,SW58,1.0,1.0,29.0,29.0,29.0,29.0,29,29,29,29,0,0,0,0.03448275862068961,0.03448275862068961,none,none,false,source_metadata.target,1.0,1.0,29.0,29.0,29.0,29.0,29,29,29,29,0.03448275862068961,0.03448275862068961,none,none,native,0,1.0,1.0,1.0,0,0,0,0,0,0,0,0,0,0,0,0,0,0,840.0,0.0,0.0,5.0
openstack-charmers__zaza-36,60,59,add_subtask,SW60,0.9666666666666667,0.9666666666666667,30.0,29.0,30.0,29.0,30,29,30,29,0,0,0,-0.033333333333333326,-0.033333333333333326,validation,validation,false,source_metadata.target,0.9666666666666667,0.9666666666666667,30.0,29.0,30.0,29.0,30,29,30,29,-0.033333333333333326,-0.033333333333333326,validation,validation,native,0,1.0,0.8,1.0,0,0,0,0,0,0,0,0,0,0,0,0,0,0,870.0,30.0,30.0,5.0
openstack-charmers__zaza-36,60,60,update_status,SW60,1.0,1.0,30.0,30.0,30.0,30.0,30,30,30,30,0,0,0,0.033333333333333326,0.033333333333333326,none,none,false,source_metadata.target,1.0,1.0,30.0,30.0,30.0,30.0,30,30,30,30,0.033333333333333326,0.033333333333333326,none,none,native,0,1.0,1.0,1.0,0,0,0,0,0,0,0,0,0,0,0,0,0,0,870.0,0.0,0.0,5.0
openstack-charmers__zaza-36,62,61,add_subtask,SW62,0.967741935483871,0.967741935483871,31.0,30.0,31.0,30.0,31,30,31,30,0,0,0,-0.032258064516129004,-0.032258064516129004,product,product,false,source_metadata.target,0.967741935483871,0.967741935483871,31.0,30.0,31.0,30.0,31,30,31,30,-0.032258064516129004,-0.032258064516129004,product,product,native,0,0.9444444444444444,1.0,1.0,0,0,0,0,0,0,0,0,0,0,0,0,0,0,900.0,30.0,30.0,5.0
openstack-charmers__zaza-36,62,62,update_status,SW62,1.0,1.0,31.0,31.0,31.0,31.0,31,31,31,31,0,0,0,0.032258064516129004,0.032258064516129004,none,none,false,source_metadata.target,1.0,1.0,31.0,31.0,31.0,31.0,31,31,31,31,0.032258064516129004,0.032258064516129004,none,none,native,0,1.0,1.0,1.0,0,0,0,0,0,0,0,0,0,0,0,0,0,0,900.0,0.0,0.0,5.0
openstack-charmers__zaza-36,64,63,add_subtask,SW64,0.96875,0.96875,32.0,31.0,32.0,31.0,32,31,32,31,0,0,0,-0.03125,-0.03125,product,product,false,source_metadata.target,0.96875,0.96875,32.0,31.0,32.0,31.0,32,31,32,31,-0.03125,-0.03125,product,product,native,0,0.9473684210526315,1.0,1.0,0,0,0,0,0,0,0,0,0,0,0,0,0,0,930.0,30.0,30.0,5.0
openstack-charmers__zaza-36,64,64,update_status,SW64,1.0,1.0,32.0,32.0,32.0,32.0,32,32,32,32,0,0,0,0.03125,0.03125,none,none,false,source_metadata.target,1.0,1.0,32.0,32.0,32.0,32.0,32,32,32,32,0.03125,0.03125,none,none,native,0,1.0,1.0,1.0,0,0,0,0,0,0,0,0,0,0,0,0,0,0,930.0,0.0,0.0,5.0
openstack-charmers__zaza-36,66,65,add_subtask,SW66,0.9696969696969697,0.9696969696969697,33.0,32.0,33.0,32.0,33,32,33,32,0,0,0,-0.030303030303030276,-0.030303030303030276,product,product,false,source_metadata.target,0.9696969696969697,0.9696969696969697,33.0,32.0,33.0,32.0,33,32,33,32,-0.030303030303030276,-0.030303030303030276,product,product,native,0,0.95,1.0,1.0,0,0,0,0,0,0,0,0,0,0,0,0,0,0,960.0,30.0,30.0,5.0
openstack-charmers__zaza-36,66,66,update_status,SW66,1.0,1.0,33.0,33.0,33.0,33.0,33,33,33,33,0,0,0,0.030303030303030276,0.030303030303030276,none,none,false,source_metadata.target,1.0,1.0,33.0,33.0,33.0,33.0,33,33,33,33,0.030303030303030276,0.030303030303030276,none,none,native,0,1.0,1.0,1.0,0,0,0,0,0,0,0,0,0,0,0,0,0,0,960.0,0.0,0.0,5.0
openstack-charmers__zaza-36,68,67,add_subtask,SW68,0.9705882352941176,0.9705882352941176,34.0,33.0,34.0,33.0,34,33,34,33,0,0,0,-0.02941176470588236,-0.02941176470588236,validation,validation,false,source_metadata.target,0.9705882352941176,0.9705882352941176,34.0,33.0,34.0,33.0,34,33,34,33,-0.02941176470588236,-0.02941176470588236,validation,validation,native,0,1.0,0.8333333333333334,1.0,0,0,0,0,0,0,0,0,0,0,0,0,0,0,990.0,30.0,30.0,5.0
openstack-charmers__zaza-36,68,68,update_status,SW68,1.0,1.0,34.0,34.0,34.0,34.0,34,34,34,34,0,0,0,0.02941176470588236,0.02941176470588236,none,none,false,source_metadata.target,1.0,1.0,34.0,34.0,34.0,34.0,34,34,34,34,0.02941176470588236,0.02941176470588236,none,none,native,0,1.0,1.0,1.0,0,0,0,0,0,0,0,0,0,0,0,0,0,0,990.0,0.0,0.0,5.0
openstack-charmers__zaza-36,70,69,add_subtask,SW70,0.9714285714285714,0.9714285714285714,35.0,34.0,35.0,34.0,35,34,35,34,0,0,0,-0.02857142857142858,-0.02857142857142858,product,product,false,source_metadata.target,0.9714285714285714,0.9714285714285714,35.0,34.0,35.0,34.0,35,34,35,34,-0.02857142857142858,-0.02857142857142858,product,product,native,0,0.9523809523809523,1.0,1.0,0,0,0,0,0,0,0,0,0,0,0,0,0,0,1020.0,30.0,30.0,5.0
openstack-charmers__zaza-36,70,70,update_status,SW70,1.0,1.0,35.0,35.0,35.0,35.0,35,35,35,35,0,0,0,0.02857142857142858,0.02857142857142858,none,none,false,source_metadata.target,1.0,1.0,35.0,35.0,35.0,35.0,35,35,35,35,0.02857142857142858,0.02857142857142858,none,none,native,0,1.0,1.0,1.0,0,0,0,0,0,0,0,0,0,0,0,0,0,0,1020.0,0.0,0.0,5.0
openstack-charmers__zaza-36,72,71,add_subtask,SW72,0.9722222222222222,0.9722222222222222,36.0,35.0,36.0,35.0,36,35,36,35,0,0,0,-0.02777777777777779,-0.02777777777777779,product,product,false,source_metadata.target,0.9722222222222222,0.9722222222222222,36.0,35.0,36.0,35.0,36,35,36,35,-0.02777777777777779,-0.02777777777777779,product,product,native,0,0.9545454545454546,1.0,1.0,0,0,0,0,0,0,0,0,0,0,0,0,0,0,1050.0,30.0,30.0,5.0
openstack-charmers__zaza-36,72,72,update_status,SW72,1.0,1.0,36.0,36.0,36.0,36.0,36,36,36,36,0,0,0,0.02777777777777779,0.02777777777777779,none,none,false,source_metadata.target,1.0,1.0,36.0,36.0,36.0,36.0,36,36,36,36,0.02777777777777779,0.02777777777777779,none,none,native,0,1.0,1.0,1.0,0,0,0,0,0,0,0,0,0,0,0,0,0,0,1050.0,0.0,0.0,5.0
openstack-charmers__zaza-36,74,73,add_subtask,SW74,0.972972972972973,0.972972972972973,37.0,36.0,37.0,36.0,37,36,37,36,0,0,0,-0.027027027027026973,-0.027027027027026973,product,product,false,source_metadata.target,0.972972972972973,0.972972972972973,37.0,36.0,37.0,36.0,37,36,37,36,-0.027027027027026973,-0.027027027027026973,product,product,native,0,0.9565217391304348,1.0,1.0,0,0,0,0,0,0,0,0,0,0,0,0,0,0,1080.0,30.0,30.0,5.0
openstack-charmers__zaza-36,74,74,update_status,SW74,1.0,1.0,37.0,37.0,37.0,37.0,37,37,37,37,0,0,0,0.027027027027026973,0.027027027027026973,none,none,false,source_metadata.target,1.0,1.0,37.0,37.0,37.0,37.0,37,37,37,37,0.027027027027026973,0.027027027027026973,none,none,native,0,1.0,1.0,1.0,0,0,0,0,0,0,0,0,0,0,0,0,0,0,1080.0,0.0,0.0,5.0
openstack-charmers__zaza-36,76,75,add_subtask,SW76,0.9736842105263158,0.9736842105263158,38.0,37.0,38.0,37.0,38,37,38,37,0,0,0,-0.02631578947368418,-0.02631578947368418,product,product,false,source_metadata.target,0.9736842105263158,0.9736842105263158,38.0,37.0,38.0,37.0,38,37,38,37,-0.02631578947368418,-0.02631578947368418,product,product,native,0,0.9583333333333334,1.0,1.0,0,0,0,0,0,0,0,0,0,0,0,0,0,0,1110.0,30.0,30.0,5.0
openstack-charmers__zaza-36,76,76,update_status,SW76,1.0,1.0,38.0,38.0,38.0,38.0,38,38,38,38,0,0,0,0.02631578947368418,0.02631578947368418,none,none,false,source_metadata.target,1.0,1.0,38.0,38.0,38.0,38.0,38,38,38,38,0.02631578947368418,0.02631578947368418,none,none,native,0,1.0,1.0,1.0,0,0,0,0,0,0,0,0,0,0,0,0,0,0,1110.0,0.0,0.0,5.0
openstack-charmers__zaza-36,78,77,add_subtask,SW78,0.9743589743589743,0.9743589743589743,39.0,38.0,39.0,38.0,39,38,39,38,0,0,0,-0.02564102564102566,-0.02564102564102566,product,product,false,source_metadata.target,0.9743589743589743,0.9743589743589743,39.0,38.0,39.0,38.0,39,38,39,38,-0.02564102564102566,-0.02564102564102566,product,product,native,0,0.96,1.0,1.0,0,0,0,0,0,0,0,0,0,0,0,0,0,0,1140.0,30.0,30.0,5.0
openstack-charmers__zaza-36,78,78,update_status,SW78,1.0,1.0,39.0,39.0,39.0,39.0,39,39,39,39,0,0,0,0.02564102564102566,0.02564102564102566,none,none,false,source_metadata.target,1.0,1.0,39.0,39.0,39.0,39.0,39,39,39,39,0.02564102564102566,0.02564102564102566,none,none,native,0,1.0,1.0,1.0,0,0,0,0,0,0,0,0,0,0,0,0,0,0,1140.0,0.0,0.0,5.0
openstack-charmers__zaza-36,80,79,add_subtask,SW80,0.975,0.975,40.0,39.0,40.0,39.0,40,39,40,39,0,0,0,-0.025000000000000022,-0.025000000000000022,product,product,false,source_metadata.target,0.975,0.975,40.0,39.0,40.0,39.0,40,39,40,39,-0.025000000000000022,-0.025000000000000022,product,product,native,0,0.9615384615384616,1.0,1.0,0,0,0,0,0,0,0,0,0,0,0,0,0,0,1170.0,30.0,30.0,5.0
openstack-charmers__zaza-36,80,80,update_status,SW80,1.0,1.0,40.0,40.0,40.0,40.0,40,40,40,40,0,0,0,0.025000000000000022,0.025000000000000022,none,none,false,source_metadata.target,1.0,1.0,40.0,40.0,40.0,40.0,40,40,40,40,0.025000000000000022,0.025000000000000022,none,none,native,0,1.0,1.0,1.0,0,0,0,0,0,0,0,0,0,0,0,0,0,0,1170.0,0.0,0.0,5.0
openstack-charmers__zaza-36,82,81,add_subtask,SW82,0.975609756097561,0.975609756097561,41.0,40.0,41.0,40.0,41,40,41,40,0,0,0,-0.024390243902439046,-0.024390243902439046,product,product,false,source_metadata.target,0.975609756097561,0.975609756097561,41.0,40.0,41.0,40.0,41,40,41,40,-0.024390243902439046,-0.024390243902439046,product,product,native,0,0.9629629629629629,1.0,1.0,0,0,0,0,0,0,0,0,0,0,0,0,0,0,1200.0,30.0,30.0,5.0
openstack-charmers__zaza-36,82,82,update_status,SW82,1.0,1.0,41.0,41.0,41.0,41.0,41,41,41,41,0,0,0,0.024390243902439046,0.024390243902439046,none,none,false,source_metadata.target,1.0,1.0,41.0,41.0,41.0,41.0,41,41,41,41,0.024390243902439046,0.024390243902439046,none,none,native,0,1.0,1.0,1.0,0,0,0,0,0,0,0,0,0,0,0,0,0,0,1200.0,0.0,0.0,5.0
openstack-charmers__zaza-36,84,83,add_subtask,SW84,0.9761904761904762,0.9761904761904762,42.0,41.0,42.0,41.0,42,41,42,41,0,0,0,-0.023809523809523836,-0.023809523809523836,product,product,false,source_metadata.target,0.9761904761904762,0.9761904761904762,42.0,41.0,42.0,41.0,42,41,42,41,-0.023809523809523836,-0.023809523809523836,product,product,native,0,0.9642857142857143,1.0,1.0,0,0,0,0,0,0,0,0,0,0,0,0,0,0,1230.0,30.0,30.0,5.0
openstack-charmers__zaza-36,84,84,update_status,SW84,1.0,1.0,42.0,42.0,42.0,42.0,42,42,42,42,0,0,0,0.023809523809523836,0.023809523809523836,none,none,false,source_metadata.target,1.0,1.0,42.0,42.0,42.0,42.0,42,42,42,42,0.023809523809523836,0.023809523809523836,none,none,native,0,1.0,1.0,1.0,0,0,0,0,0,0,0,0,0,0,0,0,0,0,1230.0,0.0,0.0,5.0
openstack-charmers__zaza-36,86,85,add_subtask,SW86,0.9767441860465116,0.9767441860465116,43.0,42.0,43.0,42.0,43,42,43,42,0,0,0,-0.023255813953488413,-0.023255813953488413,product,product,false,source_metadata.target,0.9767441860465116,0.9767441860465116,43.0,42.0,43.0,42.0,43,42,43,42,-0.023255813953488413,-0.023255813953488413,product,product,native,0,0.9655172413793104,1.0,1.0,0,0,0,0,0,0,0,0,0,0,0,0,0,0,1260.0,30.0,30.0,5.0
openstack-charmers__zaza-36,86,86,update_status,SW86,1.0,1.0,43.0,43.0,43.0,43.0,43,43,43,43,0,0,0,0.023255813953488413,0.023255813953488413,none,none,false,source_metadata.target,1.0,1.0,43.0,43.0,43.0,43.0,43,43,43,43,0.023255813953488413,0.023255813953488413,none,none,native,0,1.0,1.0,1.0,0,0,0,0,0,0,0,0,0,0,0,0,0,0,1260.0,0.0,0.0,5.0
openstack-charmers__zaza-36,88,87,add_subtask,SW88,0.9772727272727273,0.9772727272727273,44.0,43.0,44.0,43.0,44,43,44,43,0,0,0,-0.022727272727272707,-0.022727272727272707,product,product,false,source_metadata.target,0.9772727272727273,0.9772727272727273,44.0,43.0,44.0,43.0,44,43,44,43,-0.022727272727272707,-0.022727272727272707,product,product,native,0,0.9666666666666667,1.0,1.0,0,0,0,0,0,0,0,0,0,0,0,0,0,0,1290.0,30.0,30.0,5.0
openstack-charmers__zaza-36,88,88,update_status,SW88,1.0,1.0,44.0,44.0,44.0,44.0,44,44,44,44,0,0,0,0.022727272727272707,0.022727272727272707,none,none,false,source_metadata.target,1.0,1.0,44.0,44.0,44.0,44.0,44,44,44,44,0.022727272727272707,0.022727272727272707,none,none,native,0,1.0,1.0,1.0,0,0,0,0,0,0,0,0,0,0,0,0,0,0,1290.0,0.0,0.0,5.0
openstack-charmers__zaza-36,90,89,add_subtask,SW90,0.9777777777777777,0.9777777777777777,45.0,44.0,45.0,44.0,45,44,45,44,0,0,0,-0.022222222222222254,-0.022222222222222254,product,product,false,source_metadata.target,0.9777777777777777,0.9777777777777777,45.0,44.0,45.0,44.0,45,44,45,44,-0.022222222222222254,-0.022222222222222254,product,product,native,0,0.967741935483871,1.0,1.0,0,0,0,0,0,0,0,0,0,0,0,0,0,0,1320.0,30.0,30.0,5.0
openstack-charmers__zaza-36,90,90,update_status,SW90,1.0,1.0,45.0,45.0,45.0,45.0,45,45,45,45,0,0,0,0.022222222222222254,0.022222222222222254,none,none,false,source_metadata.target,1.0,1.0,45.0,45.0,45.0,45.0,45,45,45,45,0.022222222222222254,0.022222222222222254,none,none,native,0,1.0,1.0,1.0,0,0,0,0,0,0,0,0,0,0,0,0,0,0,1320.0,0.0,0.0,5.0
openstack-charmers__zaza-36,92,91,add_subtask,SW92,0.9782608695652174,0.9782608695652174,46.0,45.0,46.0,45.0,46,45,46,45,0,0,0,-0.021739130434782594,-0.021739130434782594,product,product,false,source_metadata.target,0.9782608695652174,0.9782608695652174,46.0,45.0,46.0,45.0,46,45,46,45,-0.021739130434782594,-0.021739130434782594,product,product,native,0,0.96875,1.0,1.0,0,0,0,0,0,0,0,0,0,0,0,0,0,0,1350.0,30.0,30.0,5.0
openstack-charmers__zaza-36,92,92,update_status,SW92,1.0,1.0,46.0,46.0,46.0,46.0,46,46,46,46,0,0,0,0.021739130434782594,0.021739130434782594,none,none,false,source_metadata.target,1.0,1.0,46.0,46.0,46.0,46.0,46,46,46,46,0.021739130434782594,0.021739130434782594,none,none,native,0,1.0,1.0,1.0,0,0,0,0,0,0,0,0,0,0,0,0,0,0,1350.0,0.0,0.0,5.0
openstack-charmers__zaza-36,94,93,add_subtask,SW94,0.9787234042553191,0.9787234042553191,47.0,46.0,47.0,46.0,47,46,47,46,0,0,0,-0.021276595744680882,-0.021276595744680882,product,product,false,source_metadata.target,0.9787234042553191,0.9787234042553191,47.0,46.0,47.0,46.0,47,46,47,46,-0.021276595744680882,-0.021276595744680882,product,product,native,0,0.9696969696969697,1.0,1.0,0,0,0,0,0,0,0,0,0,0,0,0,0,0,1380.0,30.0,30.0,5.0
openstack-charmers__zaza-36,94,94,update_status,SW94,1.0,1.0,47.0,47.0,47.0,47.0,47,47,47,47,0,0,0,0.021276595744680882,0.021276595744680882,none,none,false,source_metadata.target,1.0,1.0,47.0,47.0,47.0,47.0,47,47,47,47,0.021276595744680882,0.021276595744680882,none,none,native,0,1.0,1.0,1.0,0,0,0,0,0,0,0,0,0,0,0,0,0,0,1380.0,0.0,0.0,5.0
openstack-charmers__zaza-36,96,95,add_subtask,SW96,0.9791666666666666,0.9791666666666666,48.0,47.0,48.0,47.0,48,47,48,47,0,0,0,-0.02083333333333337,-0.02083333333333337,product,product,false,source_metadata.target,0.9791666666666666,0.9791666666666666,48.0,47.0,48.0,47.0,48,47,48,47,-0.02083333333333337,-0.02083333333333337,product,product,native,0,0.9705882352941176,1.0,1.0,0,0,0,0,0,0,0,0,0,0,0,0,0,0,1410.0,30.0,30.0,5.0
openstack-charmers__zaza-36,96,96,update_status,SW96,1.0,1.0,48.0,48.0,48.0,48.0,48,48,48,48,0,0,0,0.02083333333333337,0.02083333333333337,none,none,false,source_metadata.target,1.0,1.0,48.0,48.0,48.0,48.0,48,48,48,48,0.02083333333333337,0.02083333333333337,none,none,native,0,1.0,1.0,1.0,0,0,0,0,0,0,0,0,0,0,0,0,0,0,1410.0,0.0,0.0,5.0
openstack-charmers__zaza-36,98,97,add_subtask,SW98,0.9795918367346939,0.9795918367346939,49.0,48.0,49.0,48.0,49,48,49,48,0,0,0,-0.020408163265306145,-0.020408163265306145,product,product,false,source_metadata.target,0.9795918367346939,0.9795918367346939,49.0,48.0,49.0,48.0,49,48,49,48,-0.020408163265306145,-0.020408163265306145,product,product,native,0,0.9714285714285714,1.0,1.0,0,0,0,0,0,0,0,0,0,0,0,0,0,0,1440.0,30.0,30.0,5.0
openstack-charmers__zaza-36,98,98,update_status,SW98,1.0,1.0,49.0,49.0,49.0,49.0,49,49,49,49,0,0,0,0.020408163265306145,0.020408163265306145,none,none,false,source_metadata.target,1.0,1.0,49.0,49.0,49.0,49.0,49,49,49,49,0.020408163265306145,0.020408163265306145,none,none,native,0,1.0,1.0,1.0,0,0,0,0,0,0,0,0,0,0,0,0,0,0,1440.0,0.0,0.0,5.0
openstack-charmers__zaza-36,100,99,add_subtask,SW100,0.98,0.98,50.0,49.0,50.0,49.0,50,49,50,49,0,0,0,-0.020000000000000018,-0.020000000000000018,product,product,false,source_metadata.target,0.98,0.98,50.0,49.0,50.0,49.0,50,49,50,49,-0.020000000000000018,-0.020000000000000018,product,product,native,0,0.9722222222222222,1.0,1.0,0,0,0,0,0,0,0,0,0,0,0,0,0,0,1470.0,30.0,30.0,5.0
openstack-charmers__zaza-36,100,100,update_status,SW100,1.0,1.0,50.0,50.0,50.0,50.0,50,50,50,50,0,0,0,0.020000000000000018,0.020000000000000018,none,none,false,source_metadata.target,1.0,1.0,50.0,50.0,50.0,50.0,50,50,50,50,0.020000000000000018,0.020000000000000018,none,none,native,0,1.0,1.0,1.0,0,0,0,0,0,0,0,0,0,0,0,0,0,0,1470.0,0.0,0.0,5.0
openstack-charmers__zaza-36,102,101,add_subtask,SW102,0.9803921568627451,0.9803921568627451,51.0,50.0,51.0,50.0,51,50,51,50,0,0,0,-0.019607843137254943,-0.019607843137254943,product,product,false,source_metadata.target,0.9803921568627451,0.9803921568627451,51.0,50.0,51.0,50.0,51,50,51,50,-0.019607843137254943,-0.019607843137254943,product,product,native,0,0.972972972972973,1.0,1.0,0,0,0,0,0,0,0,0,0,0,0,0,0,0,1500.0,30.0,30.0,5.0
openstack-charmers__zaza-36,102,102,update_status,SW102,1.0,1.0,51.0,51.0,51.0,51.0,51,51,51,51,0,0,0,0.019607843137254943,0.019607843137254943,none,none,false,source_metadata.target,1.0,1.0,51.0,51.0,51.0,51.0,51,51,51,51,0.019607843137254943,0.019607843137254943,none,none,native,0,1.0,1.0,1.0,0,0,0,0,0,0,0,0,0,0,0,0,0,0,1500.0,0.0,0.0,5.0
openstack-charmers__zaza-36,104,103,add_subtask,SW104,0.9807692307692307,0.9807692307692307,52.0,51.0,52.0,51.0,52,51,52,51,0,0,0,-0.019230769230769273,-0.019230769230769273,product,product,false,source_metadata.target,0.9807692307692307,0.9807692307692307,52.0,51.0,52.0,51.0,52,51,52,51,-0.019230769230769273,-0.019230769230769273,product,product,native,0,0.9736842105263158,1.0,1.0,0,0,0,0,0,0,0,0,0,0,0,0,0,0,1530.0,30.0,30.0,5.0
openstack-charmers__zaza-36,104,104,update_status,SW104,1.0,1.0,52.0,52.0,52.0,52.0,52,52,52,52,0,0,0,0.019230769230769273,0.019230769230769273,none,none,false,source_metadata.target,1.0,1.0,52.0,52.0,52.0,52.0,52,52,52,52,0.019230769230769273,0.019230769230769273,none,none,native,0,1.0,1.0,1.0,0,0,0,0,0,0,0,0,0,0,0,0,0,0,1530.0,0.0,0.0,5.0
openstack-charmers__zaza-36,106,105,add_subtask,SW106,0.9811320754716981,0.9811320754716981,53.0,52.0,53.0,52.0,53,52,53,52,0,0,0,-0.018867924528301883,-0.018867924528301883,product,product,false,source_metadata.target,0.9811320754716981,0.9811320754716981,53.0,52.0,53.0,52.0,53,52,53,52,-0.018867924528301883,-0.018867924528301883,product,product,native,0,0.9743589743589743,1.0,1.0,0,0,0,0,0,0,0,0,0,0,0,0,0,0,1560.0,30.0,30.0,5.0
openstack-charmers__zaza-36,106,106,update_status,SW106,1.0,1.0,53.0,53.0,53.0,53.0,53,53,53,53,0,0,0,0.018867924528301883,0.018867924528301883,none,none,false,source_metadata.target,1.0,1.0,53.0,53.0,53.0,53.0,53,53,53,53,0.018867924528301883,0.018867924528301883,none,none,native,0,1.0,1.0,1.0,0,0,0,0,0,0,0,0,0,0,0,0,0,0,1560.0,0.0,0.0,5.0
openstack-charmers__zaza-36,108,107,add_subtask,SW108,0.9814814814814815,0.9814814814814815,54.0,53.0,54.0,53.0,54,53,54,53,0,0,0,-0.01851851851851849,-0.01851851851851849,product,product,false,source_metadata.target,0.9814814814814815,0.9814814814814815,54.0,53.0,54.0,53.0,54,53,54,53,-0.01851851851851849,-0.01851851851851849,product,product,native,0,0.975,1.0,1.0,0,0,0,0,0,0,0,0,0,0,0,0,0,0,1590.0,30.0,30.0,5.0
openstack-charmers__zaza-36,108,108,update_status,SW108,1.0,1.0,54.0,54.0,54.0,54.0,54,54,54,54,0,0,0,0.01851851851851849,0.01851851851851849,none,none,false,source_metadata.target,1.0,1.0,54.0,54.0,54.0,54.0,54,54,54,54,0.01851851851851849,0.01851851851851849,none,none,native,0,1.0,1.0,1.0,0,0,0,0,0,0,0,0,0,0,0,0,0,0,1590.0,0.0,0.0,5.0
openstack-charmers__zaza-36,110,109,add_subtask,SW110,0.9818181818181818,0.9818181818181818,55.0,54.0,55.0,54.0,55,54,55,54,0,0,0,-0.018181818181818188,-0.018181818181818188,product,product,false,source_metadata.target,0.9818181818181818,0.9818181818181818,55.0,54.0,55.0,54.0,55,54,55,54,-0.018181818181818188,-0.018181818181818188,product,product,native,0,0.975609756097561,1.0,1.0,0,0,0,0,0,0,0,0,0,0,0,0,0,0,1620.0,30.0,30.0,5.0
openstack-charmers__zaza-36,110,110,update_status,SW110,1.0,1.0,55.0,55.0,55.0,55.0,55,55,55,55,0,0,0,0.018181818181818188,0.018181818181818188,none,none,false,source_metadata.target,1.0,1.0,55.0,55.0,55.0,55.0,55,55,55,55,0.018181818181818188,0.018181818181818188,none,none,native,0,1.0,1.0,1.0,0,0,0,0,0,0,0,0,0,0,0,0,0,0,1620.0,0.0,0.0,5.0
openstack-charmers__zaza-36,112,111,add_subtask,SW112,0.9821428571428571,0.9821428571428571,56.0,55.0,56.0,55.0,56,55,56,55,0,0,0,-0.017857142857142905,-0.017857142857142905,product,product,false,source_metadata.target,0.9821428571428571,0.9821428571428571,56.0,55.0,56.0,55.0,56,55,56,55,-0.017857142857142905,-0.017857142857142905,product,product,native,0,0.9761904761904762,1.0,1.0,0,0,0,0,0,0,0,0,0,0,0,0,0,0,1650.0,30.0,30.0,5.0
openstack-charmers__zaza-36,112,112,update_status,SW112,1.0,1.0,56.0,56.0,56.0,56.0,56,56,56,56,0,0,0,0.017857142857142905,0.017857142857142905,none,none,false,source_metadata.target,1.0,1.0,56.0,56.0,56.0,56.0,56,56,56,56,0.017857142857142905,0.017857142857142905,none,none,native,0,1.0,1.0,1.0,0,0,0,0,0,0,0,0,0,0,0,0,0,0,1650.0,0.0,0.0,5.0
openstack-charmers__zaza-36,114,113,add_subtask,SW114,0.9824561403508771,0.9824561403508771,57.0,56.0,57.0,56.0,57,56,57,56,0,0,0,-0.01754385964912286,-0.01754385964912286,product,product,false,source_metadata.target,0.9824561403508771,0.9824561403508771,57.0,56.0,57.0,56.0,57,56,57,56,-0.01754385964912286,-0.01754385964912286,product,product,native,0,0.9767441860465116,1.0,1.0,0,0,0,0,0,0,0,0,0,0,0,0,0,0,1680.0,30.0,30.0,5.0
openstack-charmers__zaza-36,114,114,update_status,SW114,1.0,1.0,57.0,57.0,57.0,57.0,57,57,57,57,0,0,0,0.01754385964912286,0.01754385964912286,none,none,false,source_metadata.target,1.0,1.0,57.0,57.0,57.0,57.0,57,57,57,57,0.01754385964912286,0.01754385964912286,none,none,native,0,1.0,1.0,1.0,0,0,0,0,0,0,0,0,0,0,0,0,0,0,1680.0,0.0,0.0,5.0
openstack-charmers__zaza-36,116,115,add_subtask,SW116,0.9827586206896551,0.9827586206896551,58.0,57.0,58.0,57.0,58,57,58,57,0,0,0,-0.017241379310344862,-0.017241379310344862,product,product,false,source_metadata.target,0.9827586206896551,0.9827586206896551,58.0,57.0,58.0,57.0,58,57,58,57,-0.017241379310344862,-0.017241379310344862,product,product,native,0,0.9772727272727273,1.0,1.0,0,0,0,0,0,0,0,0,0,0,0,0,0,0,1710.0,30.0,30.0,5.0
openstack-charmers__zaza-36,116,116,update_status,SW116,1.0,1.0,58.0,58.0,58.0,58.0,58,58,58,58,0,0,0,0.017241379310344862,0.017241379310344862,none,none,false,source_metadata.target,1.0,1.0,58.0,58.0,58.0,58.0,58,58,58,58,0.017241379310344862,0.017241379310344862,none,none,native,0,1.0,1.0,1.0,0,0,0,0,0,0,0,0,0,0,0,0,0,0,1710.0,0.0,0.0,5.0
openstack-charmers__zaza-36,118,117,add_subtask,SW118,0.9830508474576272,0.9830508474576272,59.0,58.0,59.0,58.0,59,58,59,58,0,0,0,-0.016949152542372836,-0.016949152542372836,product,product,false,source_metadata.target,0.9830508474576272,0.9830508474576272,59.0,58.0,59.0,58.0,59,58,59,58,-0.016949152542372836,-0.016949152542372836,product,product,native,0,0.9777777777777777,1.0,1.0,0,0,0,0,0,0,0,0,0,0,0,0,0,0,1740.0,30.0,30.0,5.0
openstack-charmers__zaza-36,118,118,update_status,SW118,1.0,1.0,59.0,59.0,59.0,59.0,59,59,59,59,0,0,0,0.016949152542372836,0.016949152542372836,none,none,false,source_metadata.target,1.0,1.0,59.0,59.0,59.0,59.0,59,59,59,59,0.016949152542372836,0.016949152542372836,none,none,native,0,1.0,1.0,1.0,0,0,0,0,0,0,0,0,0,0,0,0,0,0,1740.0,0.0,0.0,5.0
openstack-charmers__zaza-36,120,119,add_subtask,SW120,0.9833333333333333,0.9833333333333333,60.0,59.0,60.0,59.0,60,59,60,59,0,0,0,-0.01666666666666672,-0.01666666666666672,product,product,false,source_metadata.target,0.9833333333333333,0.9833333333333333,60.0,59.0,60.0,59.0,60,59,60,59,-0.01666666666666672,-0.01666666666666672,product,product,native,0,0.9782608695652174,1.0,1.0,0,0,0,0,0,0,0,0,0,0,0,0,0,0,1770.0,30.0,30.0,5.0
openstack-charmers__zaza-36,120,120,update_status,SW120,1.0,1.0,60.0,60.0,60.0,60.0,60,60,60,60,0,0,0,0.01666666666666672,0.01666666666666672,none,none,false,source_metadata.target,1.0,1.0,60.0,60.0,60.0,60.0,60,60,60,60,0.01666666666666672,0.01666666666666672,none,none,native,0,1.0,1.0,1.0,0,0,0,0,0,0,0,0,0,0,0,0,0,0,1770.0,0.0,0.0,5.0
openstack-charmers__zaza-36,122,121,add_subtask,SW122,0.9836065573770492,0.9836065573770492,61.0,60.0,61.0,60.0,61,60,61,60,0,0,0,-0.016393442622950838,-0.016393442622950838,product,product,false,source_metadata.target,0.9836065573770492,0.9836065573770492,61.0,60.0,61.0,60.0,61,60,61,60,-0.016393442622950838,-0.016393442622950838,product,product,native,0,0.9787234042553191,1.0,1.0,0,0,0,0,0,0,0,0,0,0,0,0,0,0,1800.0,30.0,30.0,5.0
openstack-charmers__zaza-36,122,122,update_status,SW122,1.0,1.0,61.0,61.0,61.0,61.0,61,61,61,61,0,0,0,0.016393442622950838,0.016393442622950838,none,none,false,source_metadata.target,1.0,1.0,61.0,61.0,61.0,61.0,61,61,61,61,0.016393442622950838,0.016393442622950838,none,none,native,0,1.0,1.0,1.0,0,0,0,0,0,0,0,0,0,0,0,0,0,0,1800.0,0.0,0.0,5.0
openstack-charmers__zaza-36,124,123,add_subtask,SW124,0.9838709677419355,0.9838709677419355,62.0,61.0,62.0,61.0,62,61,62,61,0,0,0,-0.016129032258064502,-0.016129032258064502,product,product,false,source_metadata.target,0.9838709677419355,0.9838709677419355,62.0,61.0,62.0,61.0,62,61,62,61,-0.016129032258064502,-0.016129032258064502,product,product,native,0,0.9791666666666666,1.0,1.0,0,0,0,0,0,0,0,0,0,0,0,0,0,0,1830.0,30.0,30.0,5.0
openstack-charmers__zaza-36,124,124,update_status,SW124,1.0,1.0,62.0,62.0,62.0,62.0,62,62,62,62,0,0,0,0.016129032258064502,0.016129032258064502,none,none,false,source_metadata.target,1.0,1.0,62.0,62.0,62.0,62.0,62,62,62,62,0.016129032258064502,0.016129032258064502,none,none,native,0,1.0,1.0,1.0,0,0,0,0,0,0,0,0,0,0,0,0,0,0,1830.0,0.0,0.0,5.0
openstack-charmers__zaza-36,126,125,add_subtask,SW126,0.9841269841269841,0.9841269841269841,63.0,62.0,63.0,62.0,63,62,63,62,0,0,0,-0.015873015873015928,-0.015873015873015928,product,product,false,source_metadata.target,0.9841269841269841,0.9841269841269841,63.0,62.0,63.0,62.0,63,62,63,62,-0.015873015873015928,-0.015873015873015928,product,product,native,0,0.9795918367346939,1.0,1.0,0,0,0,0,0,0,0,0,0,0,0,0,0,0,1860.0,30.0,30.0,5.0
openstack-charmers__zaza-36,126,126,update_status,SW126,1.0,1.0,63.0,63.0,63.0,63.0,63,63,63,63,0,0,0,0.015873015873015928,0.015873015873015928,none,none,false,source_metadata.target,1.0,1.0,63.0,63.0,63.0,63.0,63,63,63,63,0.015873015873015928,0.015873015873015928,none,none,native,0,1.0,1.0,1.0,0,0,0,0,0,0,0,0,0,0,0,0,0,0,1860.0,0.0,0.0,5.0
openstack-charmers__zaza-36,128,127,add_subtask,SW128,0.984375,0.984375,64.0,63.0,64.0,63.0,64,63,64,63,0,0,0,-0.015625,-0.015625,product,product,false,source_metadata.target,0.984375,0.984375,64.0,63.0,64.0,63.0,64,63,64,63,-0.015625,-0.015625,product,product,native,0,0.98,1.0,1.0,0,0,0,0,0,0,0,0,0,0,0,0,0,0,1890.0,30.0,30.0,5.0
openstack-charmers__zaza-36,128,128,update_status,SW128,1.0,1.0,64.0,64.0,64.0,64.0,64,64,64,64,0,0,0,0.015625,0.015625,none,none,false,source_metadata.target,1.0,1.0,64.0,64.0,64.0,64.0,64,64,64,64,0.015625,0.015625,none,none,native,0,1.0,1.0,1.0,0,0,0,0,0,0,0,0,0,0,0,0,0,0,1890.0,0.0,0.0,5.0
openstack-charmers__zaza-36,130,129,add_subtask,SW130,0.9846153846153847,0.9846153846153847,65.0,64.0,65.0,64.0,65,64,65,64,0,0,0,-0.01538461538461533,-0.01538461538461533,product,product,false,source_metadata.target,0.9846153846153847,0.9846153846153847,65.0,64.0,65.0,64.0,65,64,65,64,-0.01538461538461533,-0.01538461538461533,product,product,native,0,0.9803921568627451,1.0,1.0,0,0,0,0,0,0,0,0,0,0,0,0,0,0,1920.0,30.0,30.0,5.0
openstack-charmers__zaza-36,130,130,update_status,SW130,1.0,1.0,65.0,65.0,65.0,65.0,65,65,65,65,0,0,0,0.01538461538461533,0.01538461538461533,none,none,false,source_metadata.target,1.0,1.0,65.0,65.0,65.0,65.0,65,65,65,65,0.01538461538461533,0.01538461538461533,none,none,native,0,1.0,1.0,1.0,0,0,0,0,0,0,0,0,0,0,0,0,0,0,1920.0,0.0,0.0,5.0
openstack-charmers__zaza-36,132,131,add_subtask,SW132,0.9848484848484849,0.9848484848484849,66.0,65.0,66.0,65.0,66,65,66,65,0,0,0,-0.015151515151515138,-0.015151515151515138,product,product,false,source_metadata.target,0.9848484848484849,0.9848484848484849,66.0,65.0,66.0,65.0,66,65,66,65,-0.015151515151515138,-0.015151515151515138,product,product,native,0,0.9807692307692307,1.0,1.0,0,0,0,0,0,0,0,0,0,0,0,0,0,0,1950.0,30.0,30.0,5.0
openstack-charmers__zaza-36,132,132,update_status,SW132,1.0,1.0,66.0,66.0,66.0,66.0,66,66,66,66,0,0,0,0.015151515151515138,0.015151515151515138,none,none,false,source_metadata.target,1.0,1.0,66.0,66.0,66.0,66.0,66,66,66,66,0.015151515151515138,0.015151515151515138,none,none,native,0,1.0,1.0,1.0,0,0,0,0,0,0,0,0,0,0,0,0,0,0,1950.0,0.0,0.0,5.0
openstack-charmers__zaza-36,134,133,add_subtask,SW134,0.9850746268656716,0.9850746268656716,67.0,66.0,67.0,66.0,67,66,67,66,0,0,0,-0.014925373134328401,-0.014925373134328401,product,product,false,source_metadata.target,0.9850746268656716,0.9850746268656716,67.0,66.0,67.0,66.0,67,66,67,66,-0.014925373134328401,-0.014925373134328401,product,product,native,0,0.9811320754716981,1.0,1.0,0,0,0,0,0,0,0,0,0,0,0,0,0,0,1980.0,30.0,30.0,5.0
openstack-charmers__zaza-36,134,134,update_status,SW134,1.0,1.0,67.0,67.0,67.0,67.0,67,67,67,67,0,0,0,0.014925373134328401,0.014925373134328401,none,none,false,source_metadata.target,1.0,1.0,67.0,67.0,67.0,67.0,67,67,67,67,0.014925373134328401,0.014925373134328401,none,none,native,0,1.0,1.0,1.0,0,0,0,0,0,0,0,0,0,0,0,0,0,0,1980.0,0.0,0.0,5.0
openstack-charmers__zaza-36,136,135,add_subtask,SW136,0.9852941176470589,0.9852941176470589,68.0,67.0,68.0,67.0,68,67,68,67,0,0,0,-0.014705882352941124,-0.014705882352941124,product,product,false,source_metadata.target,0.9852941176470589,0.9852941176470589,68.0,67.0,68.0,67.0,68,67,68,67,-0.014705882352941124,-0.014705882352941124,product,product,native,0,0.9814814814814815,1.0,1.0,0,0,0,0,0,0,0,0,0,0,0,0,0,0,2010.0,30.0,30.0,5.0
openstack-charmers__zaza-36,136,136,update_status,SW136,1.0,1.0,68.0,68.0,68.0,68.0,68,68,68,68,0,0,0,0.014705882352941124,0.014705882352941124,none,none,false,source_metadata.target,1.0,1.0,68.0,68.0,68.0,68.0,68,68,68,68,0.014705882352941124,0.014705882352941124,none,none,native,0,1.0,1.0,1.0,0,0,0,0,0,0,0,0,0,0,0,0,0,0,2010.0,0.0,0.0,5.0
openstack-charmers__zaza-36,138,137,add_subtask,SW138,0.9855072463768116,0.9855072463768116,69.0,68.0,69.0,68.0,69,68,69,68,0,0,0,-0.01449275362318836,-0.01449275362318836,product,product,false,source_metadata.target,0.9855072463768116,0.9855072463768116,69.0,68.0,69.0,68.0,69,68,69,68,-0.01449275362318836,-0.01449275362318836,product,product,native,0,0.9818181818181818,1.0,1.0,0,0,0,0,0,0,0,0,0,0,0,0,0,0,2040.0,30.0,30.0,5.0
openstack-charmers__zaza-36,138,138,update_status,SW138,1.0,1.0,69.0,69.0,69.0,69.0,69,69,69,69,0,0,0,0.01449275362318836,0.01449275362318836,none,none,false,source_metadata.target,1.0,1.0,69.0,69.0,69.0,69.0,69,69,69,69,0.01449275362318836,0.01449275362318836,none,none,native,0,1.0,1.0,1.0,0,0,0,0,0,0,0,0,0,0,0,0,0,0,2040.0,0.0,0.0,5.0
openstack-charmers__zaza-36,140,139,add_subtask,SW140,0.9857142857142858,0.9857142857142858,70.0,69.0,70.0,69.0,70,69,70,69,0,0,0,-0.014285714285714235,-0.014285714285714235,product,product,false,source_metadata.target,0.9857142857142858,0.9857142857142858,70.0,69.0,70.0,69.0,70,69,70,69,-0.014285714285714235,-0.014285714285714235,product,product,native,0,0.9821428571428571,1.0,1.0,0,0,0,0,0,0,0,0,0,0,0,0,0,0,2070.0,30.0,30.0,5.0
openstack-charmers__zaza-36,140,140,update_status,SW140,1.0,1.0,70.0,70.0,70.0,70.0,70,70,70,70,0,0,0,0.014285714285714235,0.014285714285714235,none,none,false,source_metadata.target,1.0,1.0,70.0,70.0,70.0,70.0,70,70,70,70,0.014285714285714235,0.014285714285714235,none,none,native,0,1.0,1.0,1.0,0,0,0,0,0,0,0,0,0,0,0,0,0,0,2070.0,0.0,0.0,5.0
openstack-charmers__zaza-36,142,141,add_subtask,SW142,0.9859154929577465,0.9859154929577465,71.0,70.0,71.0,70.0,71,70,71,70,0,0,0,-0.014084507042253502,-0.014084507042253502,product,product,false,source_metadata.target,0.9859154929577465,0.9859154929577465,71.0,70.0,71.0,70.0,71,70,71,70,-0.014084507042253502,-0.014084507042253502,product,product,native,0,0.9824561403508771,1.0,1.0,0,0,0,0,0,0,0,0,0,0,0,0,0,0,2100.0,30.0,30.0,5.0
openstack-charmers__zaza-36,142,142,update_status,SW142,1.0,1.0,71.0,71.0,71.0,71.0,71,71,71,71,0,0,0,0.014084507042253502,0.014084507042253502,none,none,false,source_metadata.target,1.0,1.0,71.0,71.0,71.0,71.0,71,71,71,71,0.014084507042253502,0.014084507042253502,none,none,native,0,1.0,1.0,1.0,0,0,0,0,0,0,0,0,0,0,0,0,0,0,2100.0,0.0,0.0,5.0
openstack-charmers__zaza-36,144,143,add_subtask,SW144,0.9861111111111112,0.9861111111111112,72.0,71.0,72.0,71.0,72,71,72,71,0,0,0,-0.01388888888888884,-0.01388888888888884,product,product,false,source_metadata.target,0.9861111111111112,0.9861111111111112,72.0,71.0,72.0,71.0,72,71,72,71,-0.01388888888888884,-0.01388888888888884,product,product,native,0,0.9827586206896551,1.0,1.0,0,0,0,0,0,0,0,0,0,0,0,0,0,0,2130.0,30.0,30.0,5.0
openstack-charmers__zaza-36,144,144,update_status,SW144,1.0,1.0,72.0,72.0,72.0,72.0,72,72,72,72,0,0,0,0.01388888888888884,0.01388888888888884,none,none,false,source_metadata.target,1.0,1.0,72.0,72.0,72.0,72.0,72,72,72,72,0.01388888888888884,0.01388888888888884,none,none,native,0,1.0,1.0,1.0,0,0,0,0,0,0,0,0,0,0,0,0,0,0,2130.0,0.0,0.0,5.0
openstack-charmers__zaza-36,146,145,add_subtask,SW146,0.9863013698630136,0.9863013698630136,73.0,72.0,73.0,72.0,73,72,73,72,0,0,0,-0.013698630136986356,-0.013698630136986356,product,product,false,source_metadata.target,0.9863013698630136,0.9863013698630136,73.0,72.0,73.0,72.0,73,72,73,72,-0.013698630136986356,-0.013698630136986356,product,product,native,0,0.9830508474576272,1.0,1.0,0,0,0,0,0,0,0,0,0,0,0,0,0,0,2160.0,30.0,30.0,5.0
openstack-charmers__zaza-36,146,146,update_status,SW146,1.0,1.0,73.0,73.0,73.0,73.0,73,73,73,73,0,0,0,0.013698630136986356,0.013698630136986356,none,none,false,source_metadata.target,1.0,1.0,73.0,73.0,73.0,73.0,73,73,73,73,0.013698630136986356,0.013698630136986356,none,none,native,0,1.0,1.0,1.0,0,0,0,0,0,0,0,0,0,0,0,0,0,0,2160.0,0.0,0.0,5.0
openstack-charmers__zaza-36,148,147,add_subtask,SW148,0.9864864864864865,0.9864864864864865,74.0,73.0,74.0,73.0,74,73,74,73,0,0,0,-0.013513513513513487,-0.013513513513513487,product,product,false,source_metadata.target,0.9864864864864865,0.9864864864864865,74.0,73.0,74.0,73.0,74,73,74,73,-0.013513513513513487,-0.013513513513513487,product,product,native,0,0.9833333333333333,1.0,1.0,0,0,0,0,0,0,0,0,0,0,0,0,0,0,2190.0,30.0,30.0,5.0
openstack-charmers__zaza-36,148,148,update_status,SW148,1.0,1.0,74.0,74.0,74.0,74.0,74,74,74,74,0,0,0,0.013513513513513487,0.013513513513513487,none,none,false,source_metadata.target,1.0,1.0,74.0,74.0,74.0,74.0,74,74,74,74,0.013513513513513487,0.013513513513513487,none,none,native,0,1.0,1.0,1.0,0,0,0,0,0,0,0,0,0,0,0,0,0,0,2190.0,0.0,0.0,5.0
openstack-charmers__zaza-36,150,149,add_subtask,SW150,0.9866666666666667,0.9866666666666667,75.0,74.0,75.0,74.0,75,74,75,74,0,0,0,-0.013333333333333308,-0.013333333333333308,product,product,false,source_metadata.target,0.9866666666666667,0.9866666666666667,75.0,74.0,75.0,74.0,75,74,75,74,-0.013333333333333308,-0.013333333333333308,product,product,native,0,0.9836065573770492,1.0,1.0,0,0,0,0,0,0,0,0,0,0,0,0,0,0,2220.0,30.0,30.0,5.0
openstack-charmers__zaza-36,150,150,update_status,SW150,1.0,1.0,75.0,75.0,75.0,75.0,75,75,75,75,0,0,0,0.013333333333333308,0.013333333333333308,none,none,false,source_metadata.target,1.0,1.0,75.0,75.0,75.0,75.0,75,75,75,75,0.013333333333333308,0.013333333333333308,none,none,native,0,1.0,1.0,1.0,0,0,0,0,0,0,0,0,0,0,0,0,0,0,2220.0,0.0,0.0,5.0
openstack-charmers__zaza-36,152,151,add_subtask,SW152,0.9868421052631579,0.9868421052631579,76.0,75.0,76.0,75.0,76,75,76,75,0,0,0,-0.013157894736842146,-0.013157894736842146,product,product,false,source_metadata.target,0.9868421052631579,0.9868421052631579,76.0,75.0,76.0,75.0,76,75,76,75,-0.013157894736842146,-0.013157894736842146,product,product,native,0,0.9838709677419355,1.0,1.0,0,0,0,0,0,0,0,0,0,0,0,0,0,0,2250.0,30.0,30.0,5.0
openstack-charmers__zaza-36,152,152,update_status,SW152,1.0,1.0,76.0,76.0,76.0,76.0,76,76,76,76,0,0,0,0.013157894736842146,0.013157894736842146,none,none,false,source_metadata.target,1.0,1.0,76.0,76.0,76.0,76.0,76,76,76,76,0.013157894736842146,0.013157894736842146,none,none,native,0,1.0,1.0,1.0,0,0,0,0,0,0,0,0,0,0,0,0,0,0,2250.0,0.0,0.0,5.0
openstack-charmers__zaza-36,154,153,add_subtask,SW154,0.987012987012987,0.987012987012987,77.0,76.0,77.0,76.0,77,76,77,76,0,0,0,-0.012987012987012991,-0.012987012987012991,product,product,false,source_metadata.target,0.987012987012987,0.987012987012987,77.0,76.0,77.0,76.0,77,76,77,76,-0.012987012987012991,-0.012987012987012991,product,product,native,0,0.9841269841269841,1.0,1.0,0,0,0,0,0,0,0,0,0,0,0,0,0,0,2280.0,30.0,30.0,5.0
openstack-charmers__zaza-36,154,154,update_status,SW154,1.0,1.0,77.0,77.0,77.0,77.0,77,77,77,77,0,0,0,0.012987012987012991,0.012987012987012991,none,none,false,source_metadata.target,1.0,1.0,77.0,77.0,77.0,77.0,77,77,77,77,0.012987012987012991,0.012987012987012991,none,none,native,0,1.0,1.0,1.0,0,0,0,0,0,0,0,0,0,0,0,0,0,0,2280.0,0.0,0.0,5.0
openstack-charmers__zaza-36,156,155,add_subtask,SW156,0.9871794871794872,0.9871794871794872,78.0,77.0,78.0,77.0,78,77,78,77,0,0,0,-0.012820512820512775,-0.012820512820512775,product,product,false,source_metadata.target,0.9871794871794872,0.9871794871794872,78.0,77.0,78.0,77.0,78,77,78,77,-0.012820512820512775,-0.012820512820512775,product,product,native,0,0.984375,1.0,1.0,0,0,0,0,0,0,0,0,0,0,0,0,0,0,2310.0,30.0,30.0,5.0
openstack-charmers__zaza-36,156,156,update_status,SW156,1.0,1.0,78.0,78.0,78.0,78.0,78,78,78,78,0,0,0,0.012820512820512775,0.012820512820512775,none,none,false,source_metadata.target,1.0,1.0,78.0,78.0,78.0,78.0,78,78,78,78,0.012820512820512775,0.012820512820512775,none,none,native,0,1.0,1.0,1.0,0,0,0,0,0,0,0,0,0,0,0,0,0,0,2310.0,0.0,0.0,5.0
openstack-charmers__zaza-36,158,157,add_subtask,SW158,0.9873417721518988,0.9873417721518988,79.0,78.0,79.0,78.0,79,78,79,78,0,0,0,-0.012658227848101222,-0.012658227848101222,product,product,false,source_metadata.target,0.9873417721518988,0.9873417721518988,79.0,78.0,79.0,78.0,79,78,79,78,-0.012658227848101222,-0.012658227848101222,product,product,native,0,0.9846153846153847,1.0,1.0,0,0,0,0,0,0,0,0,0,0,0,0,0,0,2340.0,30.0,30.0,5.0
openstack-charmers__zaza-36,158,158,update_status,SW158,1.0,1.0,79.0,79.0,79.0,79.0,79,79,79,79,0,0,0,0.012658227848101222,0.012658227848101222,none,none,false,source_metadata.target,1.0,1.0,79.0,79.0,79.0,79.0,79,79,79,79,0.012658227848101222,0.012658227848101222,none,none,native,0,1.0,1.0,1.0,0,0,0,0,0,0,0,0,0,0,0,0,0,0,2340.0,0.0,0.0,5.0
openstack-charmers__zaza-36,160,159,add_subtask,SW160,0.9875,0.9875,80.0,79.0,80.0,79.0,80,79,80,79,0,0,0,-0.012499999999999956,-0.012499999999999956,product,product,false,source_metadata.target,0.9875,0.9875,80.0,79.0,80.0,79.0,80,79,80,79,-0.012499999999999956,-0.012499999999999956,product,product,native,0,0.9848484848484849,1.0,1.0,0,0,0,0,0,0,0,0,0,0,0,0,0,0,2370.0,30.0,30.0,5.0
openstack-charmers__zaza-36,160,160,update_status,SW160,1.0,1.0,80.0,80.0,80.0,80.0,80,80,80,80,0,0,0,0.012499999999999956,0.012499999999999956,none,none,false,source_metadata.target,1.0,1.0,80.0,80.0,80.0,80.0,80,80,80,80,0.012499999999999956,0.012499999999999956,none,none,native,0,1.0,1.0,1.0,0,0,0,0,0,0,0,0,0,0,0,0,0,0,2370.0,0.0,0.0,5.0
openstack-charmers__zaza-36,162,161,add_subtask,SW162,0.9876543209876543,0.9876543209876543,81.0,80.0,81.0,80.0,81,80,81,80,0,0,0,-0.012345679012345734,-0.012345679012345734,product,product,false,source_metadata.target,0.9876543209876543,0.9876543209876543,81.0,80.0,81.0,80.0,81,80,81,80,-0.012345679012345734,-0.012345679012345734,product,product,native,0,0.9850746268656716,1.0,1.0,0,0,0,0,0,0,0,0,0,0,0,0,0,0,2400.0,30.0,30.0,5.0
openstack-charmers__zaza-36,162,162,update_status,SW162,1.0,1.0,81.0,81.0,81.0,81.0,81,81,81,81,0,0,0,0.012345679012345734,0.012345679012345734,none,none,false,source_metadata.target,1.0,1.0,81.0,81.0,81.0,81.0,81,81,81,81,0.012345679012345734,0.012345679012345734,none,none,native,0,1.0,1.0,1.0,0,0,0,0,0,0,0,0,0,0,0,0,0,0,2400.0,0.0,0.0,5.0
openstack-charmers__zaza-36,164,163,add_subtask,SW164,0.9878048780487805,0.9878048780487805,82.0,81.0,82.0,81.0,82,81,82,81,0,0,0,-0.012195121951219523,-0.012195121951219523,product,product,false,source_metadata.target,0.9878048780487805,0.9878048780487805,82.0,81.0,82.0,81.0,82,81,82,81,-0.012195121951219523,-0.012195121951219523,product,product,native,0,0.9852941176470589,1.0,1.0,0,0,0,0,0,0,0,0,0,0,0,0,0,0,2430.0,30.0,30.0,5.0
openstack-charmers__zaza-36,164,164,update_status,SW164,1.0,1.0,82.0,82.0,82.0,82.0,82,82,82,82,0,0,0,0.012195121951219523,0.012195121951219523,none,none,false,source_metadata.target,1.0,1.0,82.0,82.0,82.0,82.0,82,82,82,82,0.012195121951219523,0.012195121951219523,none,none,native,0,1.0,1.0,1.0,0,0,0,0,0,0,0,0,0,0,0,0,0,0,2430.0,0.0,0.0,5.0
openstack-charmers__zaza-36,166,165,add_subtask,SW166,0.9879518072289156,0.9879518072289156,83.0,82.0,83.0,82.0,83,82,83,82,0,0,0,-0.012048192771084376,-0.012048192771084376,product,product,false,source_metadata.target,0.9879518072289156,0.9879518072289156,83.0,82.0,83.0,82.0,83,82,83,82,-0.012048192771084376,-0.012048192771084376,product,product,native,0,0.9855072463768116,1.0,1.0,0,0,0,0,0,0,0,0,0,0,0,0,0,0,2460.0,30.0,30.0,5.0
openstack-charmers__zaza-36,166,166,update_status,SW166,1.0,1.0,83.0,83.0,83.0,83.0,83,83,83,83,0,0,0,0.012048192771084376,0.012048192771084376,none,none,false,source_metadata.target,1.0,1.0,83.0,83.0,83.0,83.0,83,83,83,83,0.012048192771084376,0.012048192771084376,none,none,native,0,1.0,1.0,1.0,0,0,0,0,0,0,0,0,0,0,0,0,0,0,2460.0,0.0,0.0,5.0
openstack-charmers__zaza-36,168,167,add_subtask,SW168,0.9880952380952381,0.9880952380952381,84.0,83.0,84.0,83.0,84,83,84,83,0,0,0,-0.011904761904761862,-0.011904761904761862,product,product,false,source_metadata.target,0.9880952380952381,0.9880952380952381,84.0,83.0,84.0,83.0,84,83,84,83,-0.011904761904761862,-0.011904761904761862,product,product,native,0,0.9857142857142858,1.0,1.0,0,0,0,0,0,0,0,0,0,0,0,0,0,0,2490.0,30.0,30.0,5.0
openstack-charmers__zaza-36,168,168,update_status,SW168,1.0,1.0,84.0,84.0,84.0,84.0,84,84,84,84,0,0,0,0.011904761904761862,0.011904761904761862,none,none,false,source_metadata.target,1.0,1.0,84.0,84.0,84.0,84.0,84,84,84,84,0.011904761904761862,0.011904761904761862,none,none,native,0,1.0,1.0,1.0,0,0,0,0,0,0,0,0,0,0,0,0,0,0,2490.0,0.0,0.0,5.0
openstack-charmers__zaza-36,170,169,add_subtask,SW170,0.9882352941176471,0.9882352941176471,85.0,84.0,85.0,84.0,85,84,85,84,0,0,0,-0.0117647058823529,-0.0117647058823529,product,product,false,source_metadata.target,0.9882352941176471,0.9882352941176471,85.0,84.0,85.0,84.0,85,84,85,84,-0.0117647058823529,-0.0117647058823529,product,product,native,0,0.9859154929577465,1.0,1.0,0,0,0,0,0,0,0,0,0,0,0,0,0,0,2520.0,30.0,30.0,5.0
openstack-charmers__zaza-36,170,170,update_status,SW170,1.0,1.0,85.0,85.0,85.0,85.0,85,85,85,85,0,0,0,0.0117647058823529,0.0117647058823529,none,none,false,source_metadata.target,1.0,1.0,85.0,85.0,85.0,85.0,85,85,85,85,0.0117647058823529,0.0117647058823529,none,none,native,0,1.0,1.0,1.0,0,0,0,0,0,0,0,0,0,0,0,0,0,0,2520.0,0.0,0.0,5.0
openstack-charmers__zaza-36,172,171,add_subtask,SW172,0.9883720930232558,0.9883720930232558,86.0,85.0,86.0,85.0,86,85,86,85,0,0,0,-0.011627906976744207,-0.011627906976744207,product,product,false,source_metadata.target,0.9883720930232558,0.9883720930232558,86.0,85.0,86.0,85.0,86,85,86,85,-0.011627906976744207,-0.011627906976744207,product,product,native,0,0.9861111111111112,1.0,1.0,0,0,0,0,0,0,0,0,0,0,0,0,0,0,2550.0,30.0,30.0,5.0
openstack-charmers__zaza-36,172,172,update_status,SW172,1.0,1.0,86.0,86.0,86.0,86.0,86,86,86,86,0,0,0,0.011627906976744207,0.011627906976744207,none,none,false,source_metadata.target,1.0,1.0,86.0,86.0,86.0,86.0,86,86,86,86,0.011627906976744207,0.011627906976744207,none,none,native,0,1.0,1.0,1.0,0,0,0,0,0,0,0,0,0,0,0,0,0,0,2550.0,0.0,0.0,5.0
openstack-charmers__zaza-36,174,173,add_subtask,SW174,0.9885057471264368,0.9885057471264368,87.0,86.0,87.0,86.0,87,86,87,86,0,0,0,-0.011494252873563204,-0.011494252873563204,product,product,false,source_metadata.target,0.9885057471264368,0.9885057471264368,87.0,86.0,87.0,86.0,87,86,87,86,-0.011494252873563204,-0.011494252873563204,product,product,native,0,0.9863013698630136,1.0,1.0,0,0,0,0,0,0,0,0,0,0,0,0,0,0,2580.0,30.0,30.0,5.0
openstack-charmers__zaza-36,174,174,update_status,SW174,1.0,1.0,87.0,87.0,87.0,87.0,87,87,87,87,0,0,0,0.011494252873563204,0.011494252873563204,none,none,false,source_metadata.target,1.0,1.0,87.0,87.0,87.0,87.0,87,87,87,87,0.011494252873563204,0.011494252873563204,none,none,native,0,1.0,1.0,1.0,0,0,0,0,0,0,0,0,0,0,0,0,0,0,2580.0,0.0,0.0,5.0
openstack-charmers__zaza-36,176,175,add_subtask,SW176,0.9886363636363636,0.9886363636363636,88.0,87.0,88.0,87.0,88,87,88,87,0,0,0,-0.011363636363636354,-0.011363636363636354,product,product,false,source_metadata.target,0.9886363636363636,0.9886363636363636,88.0,87.0,88.0,87.0,88,87,88,87,-0.011363636363636354,-0.011363636363636354,product,product,native,0,0.9864864864864865,1.0,1.0,0,0,0,0,0,0,0,0,0,0,0,0,0,0,2610.0,30.0,30.0,5.0
openstack-charmers__zaza-36,176,176,update_status,SW176,1.0,1.0,88.0,88.0,88.0,88.0,88,88,88,88,0,0,0,0.011363636363636354,0.011363636363636354,none,none,false,source_metadata.target,1.0,1.0,88.0,88.0,88.0,88.0,88,88,88,88,0.011363636363636354,0.011363636363636354,none,none,native,0,1.0,1.0,1.0,0,0,0,0,0,0,0,0,0,0,0,0,0,0,2610.0,0.0,0.0,5.0
openstack-charmers__zaza-36,178,177,add_subtask,SW178,0.9887640449438202,0.9887640449438202,89.0,88.0,89.0,88.0,89,88,89,88,0,0,0,-0.011235955056179803,-0.011235955056179803,product,product,false,source_metadata.target,0.9887640449438202,0.9887640449438202,89.0,88.0,89.0,88.0,89,88,89,88,-0.011235955056179803,-0.011235955056179803,product,product,native,0,0.9866666666666667,1.0,1.0,0,0,0,0,0,0,0,0,0,0,0,0,0,0,2640.0,30.0,30.0,5.0
openstack-charmers__zaza-36,178,178,update_status,SW178,1.0,1.0,89.0,89.0,89.0,89.0,89,89,89,89,0,0,0,0.011235955056179803,0.011235955056179803,none,none,false,source_metadata.target,1.0,1.0,89.0,89.0,89.0,89.0,89,89,89,89,0.011235955056179803,0.011235955056179803,none,none,native,0,1.0,1.0,1.0,0,0,0,0,0,0,0,0,0,0,0,0,0,0,2640.0,0.0,0.0,5.0
openstack-charmers__zaza-36,180,179,add_subtask,SW180,0.9888888888888889,0.9888888888888889,90.0,89.0,90.0,89.0,90,89,90,89,0,0,0,-0.011111111111111072,-0.011111111111111072,product,product,false,source_metadata.target,0.9888888888888889,0.9888888888888889,90.0,89.0,90.0,89.0,90,89,90,89,-0.011111111111111072,-0.011111111111111072,product,product,native,0,0.9868421052631579,1.0,1.0,0,0,0,0,0,0,0,0,0,0,0,0,0,0,2670.0,30.0,30.0,5.0
openstack-charmers__zaza-36,180,180,update_status,SW180,1.0,1.0,90.0,90.0,90.0,90.0,90,90,90,90,0,0,0,0.011111111111111072,0.011111111111111072,none,none,false,source_metadata.target,1.0,1.0,90.0,90.0,90.0,90.0,90,90,90,90,0.011111111111111072,0.011111111111111072,none,none,native,0,1.0,1.0,1.0,0,0,0,0,0,0,0,0,0,0,0,0,0,0,2670.0,0.0,0.0,5.0
openstack-charmers__zaza-36,182,181,add_subtask,SW182,0.989010989010989,0.989010989010989,91.0,90.0,91.0,90.0,91,90,91,90,0,0,0,-0.01098901098901095,-0.01098901098901095,product,product,false,source_metadata.target,0.989010989010989,0.989010989010989,91.0,90.0,91.0,90.0,91,90,91,90,-0.01098901098901095,-0.01098901098901095,product,product,native,0,0.987012987012987,1.0,1.0,0,0,0,0,0,0,0,0,0,0,0,0,0,0,2700.0,30.0,30.0,5.0
openstack-charmers__zaza-36,182,182,update_status,SW182,0.989010989010989,0.989010989010989,91.0,90.0,91.0,90.0,91,90,91,90,0,0,0,0.0,0.0,none,none,false,source_metadata.target,0.989010989010989,0.989010989010989,91.0,90.0,91.0,90.0,91,90,91,90,0.0,0.0,none,none,native,0,0.987012987012987,1.0,1.0,0,0,0,0,0,0,0,0,0,0,0,0,0,0,2700.0,0.0,30.0,5.0
planetlabs__planet-client-python-389,0,0,init,,0.0,0.0,0,0,0,0,0,0,0,0,0,0,0,0.0,0.0,none,none,true,source_metadata.target,0.0,0.0,0,0,0,0,0,0,0,0,0.0,0.0,none,none,native,0,0.0,0.0,0.0,0,0,0,0,0,0,0,0,0,0,0,0,0,0,0.0,0.0,0.0,
planetlabs__planet-client-python-389,2,1,add_subtask,SW2,0.0,0.0,1.0,0,1.0,0,1,0,1,0,0,0,0,0.0,0.0,none,none,true,source_metadata.target,0.0,0.0,1.0,0,1.0,0,1,0,1,0,0.0,0.0,none,none,native,0,0.0,0.0,0.0,0,0,0,0,0,0,0,0,0,0,0,0,0,0,0.0,0.0,0.0,
planetlabs__planet-client-python-389,2,2,update_status,SW2,1.0,1.0,1.0,1.0,1.0,1.0,1,1,1,1,0,0,0,1.0,1.0,none,none,true,source_metadata.target,1.0,1.0,1.0,1.0,1.0,1.0,1,1,1,1,1.0,1.0,none,none,native,0,0.0,0.0,1.0,0,0,0,0,0,0,0,0,0,0,0,0,0,0,0.0,0.0,0.0,
planetlabs__planet-client-python-389,4,3,add_subtask,SW4,0.5,0.5,2.0,1.0,2.0,1.0,2,1,2,1,0,0,0,-0.5,-0.5,investigation,investigation,true,source_metadata.target,0.5,0.5,2.0,1.0,2.0,1.0,2,1,2,1,-0.5,-0.5,investigation,investigation,native,0,0.0,0.0,0.5,0,0,0,0,0,0,0,0,0,0,0,0,0,0,30.0,30.0,30.0,8.0
planetlabs__planet-client-python-389,4,4,update_status,SW4,1.0,1.0,2.0,2.0,2.0,2.0,2,2,2,2,0,0,0,0.5,0.5,none,none,true,source_metadata.target,1.0,1.0,2.0,2.0,2.0,2.0,2,2,2,2,0.5,0.5,none,none,native,0,0.0,0.0,1.0,0,0,0,0,0,0,0,0,0,0,0,0,0,0,30.0,0.0,0.0,10.0
planetlabs__planet-client-python-389,6,5,add_subtask,SW6,0.6666666666666666,0.6666666666666666,3.0,2.0,3.0,2.0,3,2,3,2,0,0,0,-0.33333333333333337,-0.33333333333333337,product,product,true,source_metadata.target,0.6666666666666666,0.6666666666666666,3.0,2.0,3.0,2.0,3,2,3,2,-0.33333333333333337,-0.33333333333333337,product,product,native,0,0.0,0.0,1.0,0,0,0,0,0,0,0,0,0,0,0,0,0,0,60.0,30.0,30.0,5.0
planetlabs__planet-client-python-389,6,6,update_status,SW6,1.0,1.0,3.0,3.0,3.0,3.0,3,3,3,3,0,0,0,0.33333333333333337,0.33333333333333337,none,none,true,source_metadata.target,1.0,1.0,3.0,3.0,3.0,3.0,3,3,3,3,0.33333333333333337,0.33333333333333337,none,none,native,0,1.0,0.0,1.0,0,0,0,0,0,0,0,0,0,0,0,0,0,0,60.0,0.0,0.0,5.0
planetlabs__planet-client-python-389,8,7,add_subtask,SW8,0.75,0.75,4.0,3.0,4.0,3.0,4,3,4,3,0,0,0,-0.25,-0.25,investigation,investigation,true,source_metadata.target,0.75,0.75,4.0,3.0,4.0,3.0,4,3,4,3,-0.25,-0.25,investigation,investigation,native,0,1.0,0.0,0.6666666666666666,0,0,0,0,0,0,0,0,0,0,0,0,0,0,90.0,30.0,30.0,5.0
planetlabs__planet-client-python-389,8,8,update_status,SW8,1.0,1.0,4.0,4.0,4.0,4.0,4,4,4,4,0,0,0,0.25,0.25,none,none,true,source_metadata.target,1.0,1.0,4.0,4.0,4.0,4.0,4,4,4,4,0.25,0.25,none,none,native,0,1.0,0.0,1.0,0,0,0,0,0,0,0,0,0,0,0,0,0,0,90.0,0.0,0.0,5.0
planetlabs__planet-client-python-389,10,9,add_subtask,SW10,0.8,0.8,5.0,4.0,5.0,4.0,5,4,5,4,0,0,0,-0.19999999999999996,-0.19999999999999996,investigation,investigation,true,source_metadata.target,0.8,0.8,5.0,4.0,5.0,4.0,5,4,5,4,-0.19999999999999996,-0.19999999999999996,investigation,investigation,native,0,1.0,0.0,0.75,0,0,0,0,0,0,0,0,0,0,0,0,0,0,120.0,30.0,30.0,5.0
planetlabs__planet-client-python-389,10,10,update_status,SW10,1.0,1.0,5.0,5.0,5.0,5.0,5,5,5,5,0,0,0,0.19999999999999996,0.19999999999999996,none,none,true,source_metadata.target,1.0,1.0,5.0,5.0,5.0,5.0,5,5,5,5,0.19999999999999996,0.19999999999999996,none,none,native,0,1.0,0.0,1.0,0,0,0,0,0,0,0,0,0,0,0,0,0,0,120.0,0.0,0.0,5.0
planetlabs__planet-client-python-389,12,11,add_subtask,SW12,0.8333333333333334,0.8333333333333334,6.0,5.0,6.0,5.0,6,5,6,5,0,0,0,-0.16666666666666663,-0.16666666666666663,investigation,investigation,true,source_metadata.target,0.8333333333333334,0.8333333333333334,6.0,5.0,6.0,5.0,6,5,6,5,-0.16666666666666663,-0.16666666666666663,investigation,investigation,native,0,1.0,0.0,0.8,0,0,0,0,0,0,0,0,0,0,0,0,0,0,150.0,30.0,30.0,5.0
planetlabs__planet-client-python-389,12,12,update_status,SW12,1.0,1.0,6.0,6.0,6.0,6.0,6,6,6,6,0,0,0,0.16666666666666663,0.16666666666666663,none,none,true,source_metadata.target,1.0,1.0,6.0,6.0,6.0,6.0,6,6,6,6,0.16666666666666663,0.16666666666666663,none,none,native,0,1.0,0.0,1.0,0,0,0,0,0,0,0,0,0,0,0,0,0,0,150.0,0.0,0.0,5.0
planetlabs__planet-client-python-389,14,13,add_subtask,SW14,0.8571428571428571,0.8571428571428571,7.0,6.0,7.0,6.0,7,6,7,6,0,0,0,-0.1428571428571429,-0.1428571428571429,product,product,true,source_metadata.target,0.8571428571428571,0.8571428571428571,7.0,6.0,7.0,6.0,7,6,7,6,-0.1428571428571429,-0.1428571428571429,product,product,native,0,0.5,0.0,1.0,0,0,0,0,0,0,0,0,0,0,0,0,0,0,180.0,30.0,30.0,5.0
planetlabs__planet-client-python-389,14,14,update_status,SW14,1.0,1.0,7.0,7.0,7.0,7.0,7,7,7,7,0,0,0,0.1428571428571429,0.1428571428571429,none,none,true,source_metadata.target,1.0,1.0,7.0,7.0,7.0,7.0,7,7,7,7,0.1428571428571429,0.1428571428571429,none,none,native,0,1.0,0.0,1.0,0,0,0,0,0,0,0,0,0,0,0,0,0,0,180.0,0.0,0.0,5.0
planetlabs__planet-client-python-389,16,15,add_subtask,SW16,0.875,0.875,8.0,7.0,8.0,7.0,8,7,8,7,0,0,0,-0.125,-0.125,validation,validation,true,source_metadata.target,0.875,0.875,8.0,7.0,8.0,7.0,8,7,8,7,-0.125,-0.125,validation,validation,native,0,1.0,0.0,1.0,0,0,0,0,0,0,0,0,0,0,0,0,0,0,210.0,30.0,30.0,5.0
planetlabs__planet-client-python-389,16,16,update_status,SW16,1.0,1.0,8.0,8.0,8.0,8.0,8,8,8,8,0,0,0,0.125,0.125,none,none,true,source_metadata.target,1.0,1.0,8.0,8.0,8.0,8.0,8,8,8,8,0.125,0.125,none,none,native,0,1.0,1.0,1.0,0,0,0,0,0,0,0,0,0,0,0,0,0,0,210.0,0.0,0.0,5.0
planetlabs__planet-client-python-389,18,17,add_subtask,SW18,0.8888888888888888,0.8888888888888888,9.0,8.0,9.0,8.0,9,8,9,8,0,0,0,-0.11111111111111116,-0.11111111111111116,product,product,true,source_metadata.target,0.8888888888888888,0.8888888888888888,9.0,8.0,9.0,8.0,9,8,9,8,-0.11111111111111116,-0.11111111111111116,product,product,native,0,0.6666666666666666,1.0,1.0,0,0,0,0,0,0,0,0,0,0,0,0,0,0,240.0,30.0,30.0,5.0
planetlabs__planet-client-python-389,18,18,update_status,SW18,1.0,1.0,9.0,9.0,9.0,9.0,9,9,9,9,0,0,0,0.11111111111111116,0.11111111111111116,none,none,true,source_metadata.target,1.0,1.0,9.0,9.0,9.0,9.0,9,9,9,9,0.11111111111111116,0.11111111111111116,none,none,native,0,1.0,1.0,1.0,0,0,0,0,0,0,0,0,0,0,0,0,0,0,240.0,0.0,0.0,5.0
planetlabs__planet-client-python-389,20,19,add_subtask,SW20,0.9,0.9,10.0,9.0,10.0,9.0,10,9,10,9,0,0,0,-0.09999999999999998,-0.09999999999999998,validation,validation,true,source_metadata.target,0.9,0.9,10.0,9.0,10.0,9.0,10,9,10,9,-0.09999999999999998,-0.09999999999999998,validation,validation,native,0,1.0,0.5,1.0,0,0,0,0,0,0,0,0,0,0,0,0,0,0,270.0,30.0,30.0,5.0
planetlabs__planet-client-python-389,20,20,update_status,SW20,1.0,1.0,10.0,10.0,10.0,10.0,10,10,10,10,0,0,0,0.09999999999999998,0.09999999999999998,none,none,true,source_metadata.target,1.0,1.0,10.0,10.0,10.0,10.0,10,10,10,10,0.09999999999999998,0.09999999999999998,none,none,native,0,1.0,1.0,1.0,0,0,0,0,0,0,0,0,0,0,0,0,0,0,270.0,0.0,0.0,5.0
planetlabs__planet-client-python-389,22,21,add_subtask,SW22,1.0,0.9090909090909091,10.0,10.0,11.0,10.0,10,10,11,10,0,0,0,0.0,-0.09090909090909094,none,artifact,true,source_metadata.target,1.0,0.9090909090909091,10.0,10.0,11.0,10.0,10,10,11,10,0.0,-0.09090909090909094,none,artifact,native,0,1.0,1.0,1.0,0,0,0,0,0,0,0,0,0,0,0,0,0,0,300.0,30.0,30.0,5.0
planetlabs__planet-client-python-389,22,22,update_status,SW22,1.0,1.0,10.0,10.0,11.0,11.0,10,10,11,11,0,0,0,0.0,0.09090909090909094,none,none,true,source_metadata.target,1.0,1.0,10.0,10.0,11.0,11.0,10,10,11,11,0.0,0.09090909090909094,none,none,native,0,1.0,1.0,1.0,0,0,0,0,0,0,0,0,0,0,0,0,0,0,300.0,0.0,30.0,5.0
pydantic__pydantic-740,0,0,init,,0.0,0.0,0,0,0,0,0,0,0,0,0,0,0,0.0,0.0,none,none,false,source_metadata.target,0.0,0.0,0,0,0,0,0,0,0,0,0.0,0.0,none,none,native,0,0.0,0.0,0.0,0,0,0,0,0,0,0,0,0,0,0,0,0,0,0.0,0.0,0.0,
pydantic__pydantic-740,2,1,add_subtask,SW2,0.0,0.0,1.0,0,1.0,0,1,0,1,0,0,0,0,0.0,0.0,none,none,false,source_metadata.target,0.0,0.0,1.0,0,1.0,0,1,0,1,0,0.0,0.0,none,none,native,0,0.0,0.0,0.0,0,0,0,0,0,0,0,0,0,0,0,0,0,0,0.0,0.0,0.0,
pydantic__pydantic-740,2,2,update_status,SW2,1.0,1.0,1.0,1.0,1.0,1.0,1,1,1,1,0,0,0,1.0,1.0,none,none,false,source_metadata.target,1.0,1.0,1.0,1.0,1.0,1.0,1,1,1,1,1.0,1.0,none,none,native,0,1.0,0.0,0.0,0,0,0,0,0,0,0,0,0,0,0,0,0,0,0.0,0.0,0.0,
pydantic__pydantic-740,4,3,add_subtask,SW4,0.5,0.5,2.0,1.0,2.0,1.0,2,1,2,1,0,0,0,-0.5,-0.5,product,product,false,source_metadata.target,0.5,0.5,2.0,1.0,2.0,1.0,2,1,2,1,-0.5,-0.5,product,product,native,0,0.5,0.0,0.0,0,0,0,0,0,0,0,0,0,0,0,0,0,0,30.0,30.0,30.0,8.0
pydantic__pydantic-740,4,4,update_status,SW4,1.0,1.0,2.0,2.0,2.0,2.0,2,2,2,2,0,0,0,0.5,0.5,none,none,false,source_metadata.target,1.0,1.0,2.0,2.0,2.0,2.0,2,2,2,2,0.5,0.5,none,none,native,0,1.0,0.0,0.0,0,0,0,0,0,0,0,0,0,0,0,0,0,0,30.0,0.0,0.0,10.0
pydantic__pydantic-740,6,5,add_subtask,SW6,0.6666666666666666,0.6666666666666666,3.0,2.0,3.0,2.0,3,2,3,2,0,0,0,-0.33333333333333337,-0.33333333333333337,validation,validation,false,source_metadata.target,0.6666666666666666,0.6666666666666666,3.0,2.0,3.0,2.0,3,2,3,2,-0.33333333333333337,-0.33333333333333337,validation,validation,native,0,1.0,0.0,0.0,0,0,0,0,0,0,0,0,0,0,0,0,0,0,60.0,30.0,30.0,5.0
pydantic__pydantic-740,6,6,update_status,SW6,1.0,1.0,3.0,3.0,3.0,3.0,3,3,3,3,0,0,0,0.33333333333333337,0.33333333333333337,none,none,false,source_metadata.target,1.0,1.0,3.0,3.0,3.0,3.0,3,3,3,3,0.33333333333333337,0.33333333333333337,none,none,native,0,1.0,1.0,0.0,0,0,0,0,0,0,0,0,0,0,0,0,0,0,60.0,0.0,0.0,5.0
pydantic__pydantic-740,8,7,add_subtask,SW8,0.75,0.75,4.0,3.0,4.0,3.0,4,3,4,3,0,0,0,-0.25,-0.25,product,product,false,source_metadata.target,0.75,0.75,4.0,3.0,4.0,3.0,4,3,4,3,-0.25,-0.25,product,product,native,0,0.6666666666666666,1.0,0.0,0,0,0,0,0,0,0,0,0,0,0,0,0,0,90.0,30.0,30.0,5.0
pydantic__pydantic-740,8,8,update_status,SW8,1.0,1.0,4.0,4.0,4.0,4.0,4,4,4,4,0,0,0,0.25,0.25,none,none,false,source_metadata.target,1.0,1.0,4.0,4.0,4.0,4.0,4,4,4,4,0.25,0.25,none,none,native,0,1.0,1.0,0.0,0,0,0,0,0,0,0,0,0,0,0,0,0,0,90.0,0.0,0.0,5.0
pydantic__pydantic-740,10,9,add_subtask,SW10,0.8,0.8,5.0,4.0,5.0,4.0,5,4,5,4,0,0,0,-0.19999999999999996,-0.19999999999999996,validation,validation,false,source_metadata.target,0.8,0.8,5.0,4.0,5.0,4.0,5,4,5,4,-0.19999999999999996,-0.19999999999999996,validation,validation,native,0,1.0,0.5,0.0,0,0,0,0,0,0,0,0,0,0,0,0,0,0,120.0,30.0,30.0,5.0
pydantic__pydantic-740,10,10,update_status,SW10,1.0,1.0,5.0,5.0,5.0,5.0,5,5,5,5,0,0,0,0.19999999999999996,0.19999999999999996,none,none,false,source_metadata.target,1.0,1.0,5.0,5.0,5.0,5.0,5,5,5,5,0.19999999999999996,0.19999999999999996,none,none,native,0,1.0,1.0,0.0,0,0,0,0,0,0,0,0,0,0,0,0,0,0,120.0,0.0,0.0,5.0
pydantic__pydantic-740,12,11,add_subtask,SW12,0.8333333333333334,0.8333333333333334,6.0,5.0,6.0,5.0,6,5,6,5,0,0,0,-0.16666666666666663,-0.16666666666666663,investigation,investigation,false,source_metadata.target,0.8333333333333334,0.8333333333333334,6.0,5.0,6.0,5.0,6,5,6,5,-0.16666666666666663,-0.16666666666666663,investigation,investigation,native,0,1.0,1.0,0.0,0,0,0,0,0,0,0,0,0,0,0,0,0,0,150.0,30.0,30.0,5.0
pydantic__pydantic-740,12,12,update_status,SW12,1.0,1.0,6.0,6.0,6.0,6.0,6,6,6,6,0,0,0,0.16666666666666663,0.16666666666666663,none,none,false,source_metadata.target,1.0,1.0,6.0,6.0,6.0,6.0,6,6,6,6,0.16666666666666663,0.16666666666666663,none,none,native,0,1.0,1.0,1.0,0,0,0,0,0,0,0,0,0,0,0,0,0,0,150.0,0.0,0.0,5.0
pydantic__pydantic-740,14,13,add_subtask,SW14,0.8571428571428571,0.8571428571428571,7.0,6.0,7.0,6.0,7,6,7,6,0,0,0,-0.1428571428571429,-0.1428571428571429,investigation,investigation,false,source_metadata.target,0.8571428571428571,0.8571428571428571,7.0,6.0,7.0,6.0,7,6,7,6,-0.1428571428571429,-0.1428571428571429,investigation,investigation,native,0,1.0,1.0,0.5,0,0,0,0,0,0,0,0,0,0,0,0,0,0,180.0,30.0,30.0,5.0
pydantic__pydantic-740,14,14,update_status,SW14,1.0,1.0,7.0,7.0,7.0,7.0,7,7,7,7,0,0,0,0.1428571428571429,0.1428571428571429,none,none,false,source_metadata.target,1.0,1.0,7.0,7.0,7.0,7.0,7,7,7,7,0.1428571428571429,0.1428571428571429,none,none,native,0,1.0,1.0,1.0,0,0,0,0,0,0,0,0,0,0,0,0,0,0,180.0,0.0,0.0,5.0
pydantic__pydantic-740,16,15,add_subtask,SW16,0.875,0.875,8.0,7.0,8.0,7.0,8,7,8,7,0,0,0,-0.125,-0.125,investigation,investigation,false,source_metadata.target,0.875,0.875,8.0,7.0,8.0,7.0,8,7,8,7,-0.125,-0.125,investigation,investigation,native,0,1.0,1.0,0.6666666666666666,0,0,0,0,0,0,0,0,0,0,0,0,0,0,210.0,30.0,30.0,5.0
pydantic__pydantic-740,16,16,update_status,SW16,1.0,1.0,8.0,8.0,8.0,8.0,8,8,8,8,0,0,0,0.125,0.125,none,none,false,source_metadata.target,1.0,1.0,8.0,8.0,8.0,8.0,8,8,8,8,0.125,0.125,none,none,native,0,1.0,1.0,1.0,0,0,0,0,0,0,0,0,0,0,0,0,0,0,210.0,0.0,0.0,5.0
pydantic__pydantic-740,18,17,add_subtask,SW18,0.8888888888888888,0.8888888888888888,9.0,8.0,9.0,8.0,9,8,9,8,0,0,0,-0.11111111111111116,-0.11111111111111116,investigation,investigation,false,source_metadata.target,0.8888888888888888,0.8888888888888888,9.0,8.0,9.0,8.0,9,8,9,8,-0.11111111111111116,-0.11111111111111116,investigation,investigation,native,0,1.0,1.0,0.75,0,0,0,0,0,0,0,0,0,0,0,0,0,0,240.0,30.0,30.0,5.0
pydantic__pydantic-740,18,18,update_status,SW18,1.0,1.0,9.0,9.0,9.0,9.0,9,9,9,9,0,0,0,0.11111111111111116,0.11111111111111116,none,none,false,source_metadata.target,1.0,1.0,9.0,9.0,9.0,9.0,9,9,9,9,0.11111111111111116,0.11111111111111116,none,none,native,0,1.0,1.0,1.0,0,0,0,0,0,0,0,0,0,0,0,0,0,0,240.0,0.0,0.0,5.0
pydantic__pydantic-740,20,19,add_subtask,SW20,0.9,0.9,10.0,9.0,10.0,9.0,10,9,10,9,0,0,0,-0.09999999999999998,-0.09999999999999998,investigation,investigation,false,source_metadata.target,0.9,0.9,10.0,9.0,10.0,9.0,10,9,10,9,-0.09999999999999998,-0.09999999999999998,investigation,investigation,native,0,1.0,1.0,0.8,0,0,0,0,0,0,0,0,0,0,0,0,0,0,270.0,30.0,30.0,5.0
pydantic__pydantic-740,20,20,update_status,SW20,1.0,1.0,10.0,10.0,10.0,10.0,10,10,10,10,0,0,0,0.09999999999999998,0.09999999999999998,none,none,false,source_metadata.target,1.0,1.0,10.0,10.0,10.0,10.0,10,10,10,10,0.09999999999999998,0.09999999999999998,none,none,native,0,1.0,1.0,1.0,0,0,0,0,0,0,0,0,0,0,0,0,0,0,270.0,0.0,0.0,5.0
pydantic__pydantic-740,22,21,add_subtask,SW22,0.9090909090909091,0.9090909090909091,11.0,10.0,11.0,10.0,11,10,11,10,0,0,0,-0.09090909090909094,-0.09090909090909094,investigation,investigation,false,source_metadata.target,0.9090909090909091,0.9090909090909091,11.0,10.0,11.0,10.0,11,10,11,10,-0.09090909090909094,-0.09090909090909094,investigation,investigation,native,0,1.0,1.0,0.8333333333333334,0,0,0,0,0,0,0,0,0,0,0,0,0,0,300.0,30.0,30.0,5.0
pydantic__pydantic-740,22,22,update_status,SW22,1.0,1.0,11.0,11.0,11.0,11.0,11,11,11,11,0,0,0,0.09090909090909094,0.09090909090909094,none,none,false,source_metadata.target,1.0,1.0,11.0,11.0,11.0,11.0,11,11,11,11,0.09090909090909094,0.09090909090909094,none,none,native,0,1.0,1.0,1.0,0,0,0,0,0,0,0,0,0,0,0,0,0,0,300.0,0.0,0.0,5.0
pydantic__pydantic-740,24,23,add_subtask,SW24,0.9166666666666666,0.9166666666666666,12.0,11.0,12.0,11.0,12,11,12,11,0,0,0,-0.08333333333333337,-0.08333333333333337,investigation,investigation,false,source_metadata.target,0.9166666666666666,0.9166666666666666,12.0,11.0,12.0,11.0,12,11,12,11,-0.08333333333333337,-0.08333333333333337,investigation,investigation,native,0,1.0,1.0,0.8571428571428571,0,0,0,0,0,0,0,0,0,0,0,0,0,0,330.0,30.0,30.0,5.0
pydantic__pydantic-740,24,24,update_status,SW24,1.0,1.0,12.0,12.0,12.0,12.0,12,12,12,12,0,0,0,0.08333333333333337,0.08333333333333337,none,none,false,source_metadata.target,1.0,1.0,12.0,12.0,12.0,12.0,12,12,12,12,0.08333333333333337,0.08333333333333337,none,none,native,0,1.0,1.0,1.0,0,0,0,0,0,0,0,0,0,0,0,0,0,0,330.0,0.0,0.0,5.0
pydantic__pydantic-740,26,25,add_subtask,SW26,0.9230769230769231,0.9230769230769231,13.0,12.0,13.0,12.0,13,12,13,12,0,0,0,-0.07692307692307687,-0.07692307692307687,investigation,investigation,false,source_metadata.target,0.9230769230769231,0.9230769230769231,13.0,12.0,13.0,12.0,13,12,13,12,-0.07692307692307687,-0.07692307692307687,investigation,investigation,native,0,1.0,1.0,0.875,0,0,0,0,0,0,0,0,0,0,0,0,0,0,360.0,30.0,30.0,5.0
pydantic__pydantic-740,26,26,update_status,SW26,1.0,1.0,13.0,13.0,13.0,13.0,13,13,13,13,0,0,0,0.07692307692307687,0.07692307692307687,none,none,false,source_metadata.target,1.0,1.0,13.0,13.0,13.0,13.0,13,13,13,13,0.07692307692307687,0.07692307692307687,none,none,native,0,1.0,1.0,1.0,0,0,0,0,0,0,0,0,0,0,0,0,0,0,360.0,0.0,0.0,5.0
pydantic__pydantic-740,28,27,add_subtask,SW28,0.9285714285714286,0.9285714285714286,14.0,13.0,14.0,13.0,14,13,14,13,0,0,0,-0.0714285714285714,-0.0714285714285714,product,product,false,source_metadata.target,0.9285714285714286,0.9285714285714286,14.0,13.0,14.0,13.0,14,13,14,13,-0.0714285714285714,-0.0714285714285714,product,product,native,0,0.75,1.0,1.0,0,0,0,0,0,0,0,0,0,0,0,0,0,0,390.0,30.0,30.0,5.0
pydantic__pydantic-740,28,28,update_status,SW28,1.0,1.0,14.0,14.0,14.0,14.0,14,14,14,14,0,0,0,0.0714285714285714,0.0714285714285714,none,none,false,source_metadata.target,1.0,1.0,14.0,14.0,14.0,14.0,14,14,14,14,0.0714285714285714,0.0714285714285714,none,none,native,0,1.0,1.0,1.0,0,0,0,0,0,0,0,0,0,0,0,0,0,0,390.0,0.0,0.0,5.0
pydantic__pydantic-740,30,29,add_subtask,SW30,0.9333333333333333,0.9333333333333333,15.0,14.0,15.0,14.0,15,14,15,14,0,0,0,-0.06666666666666665,-0.06666666666666665,validation,validation,false,source_metadata.target,0.9333333333333333,0.9333333333333333,15.0,14.0,15.0,14.0,15,14,15,14,-0.06666666666666665,-0.06666666666666665,validation,validation,native,0,1.0,0.6666666666666666,1.0,0,0,0,0,0,0,0,0,0,0,0,0,0,0,420.0,30.0,30.0,5.0
pydantic__pydantic-740,30,30,update_status,SW30,1.0,1.0,15.0,15.0,15.0,15.0,15,15,15,15,0,0,0,0.06666666666666665,0.06666666666666665,none,none,false,source_metadata.target,1.0,1.0,15.0,15.0,15.0,15.0,15,15,15,15,0.06666666666666665,0.06666666666666665,none,none,native,0,1.0,1.0,1.0,0,0,0,0,0,0,0,0,0,0,0,0,0,0,420.0,0.0,0.0,5.0
pydantic__pydantic-740,32,31,add_subtask,SW32,0.9375,0.9375,16.0,15.0,16.0,15.0,16,15,16,15,0,0,0,-0.0625,-0.0625,investigation,investigation,false,source_metadata.target,0.9375,0.9375,16.0,15.0,16.0,15.0,16,15,16,15,-0.0625,-0.0625,investigation,investigation,native,0,1.0,1.0,0.8888888888888888,0,0,0,0,0,0,0,0,0,0,0,0,0,0,450.0,30.0,30.0,5.0
pydantic__pydantic-740,32,32,update_status,SW32,1.0,1.0,16.0,16.0,16.0,16.0,16,16,16,16,0,0,0,0.0625,0.0625,none,none,false,source_metadata.target,1.0,1.0,16.0,16.0,16.0,16.0,16,16,16,16,0.0625,0.0625,none,none,native,0,1.0,1.0,1.0,0,0,0,0,0,0,0,0,0,0,0,0,0,0,450.0,0.0,0.0,5.0
pydantic__pydantic-740,34,33,add_subtask,SW34,0.9411764705882353,0.9411764705882353,17.0,16.0,17.0,16.0,17,16,17,16,0,0,0,-0.05882352941176472,-0.05882352941176472,investigation,investigation,false,source_metadata.target,0.9411764705882353,0.9411764705882353,17.0,16.0,17.0,16.0,17,16,17,16,-0.05882352941176472,-0.05882352941176472,investigation,investigation,native,0,1.0,1.0,0.9,0,0,0,0,0,0,0,0,0,0,0,0,0,0,480.0,30.0,30.0,5.0
pydantic__pydantic-740,34,34,update_status,SW34,1.0,1.0,17.0,17.0,17.0,17.0,17,17,17,17,0,0,0,0.05882352941176472,0.05882352941176472,none,none,false,source_metadata.target,1.0,1.0,17.0,17.0,17.0,17.0,17,17,17,17,0.05882352941176472,0.05882352941176472,none,none,native,0,1.0,1.0,1.0,0,0,0,0,0,0,0,0,0,0,0,0,0,0,480.0,0.0,0.0,5.0
pydantic__pydantic-740,36,35,add_subtask,SW36,0.9444444444444444,0.9444444444444444,18.0,17.0,18.0,17.0,18,17,18,17,0,0,0,-0.05555555555555558,-0.05555555555555558,investigation,investigation,false,source_metadata.target,0.9444444444444444,0.9444444444444444,18.0,17.0,18.0,17.0,18,17,18,17,-0.05555555555555558,-0.05555555555555558,investigation,investigation,native,0,1.0,1.0,0.9090909090909091,0,0,0,0,0,0,0,0,0,0,0,0,0,0,510.0,30.0,30.0,5.0
pydantic__pydantic-740,36,36,update_status,SW36,1.0,1.0,18.0,18.0,18.0,18.0,18,18,18,18,0,0,0,0.05555555555555558,0.05555555555555558,none,none,false,source_metadata.target,1.0,1.0,18.0,18.0,18.0,18.0,18,18,18,18,0.05555555555555558,0.05555555555555558,none,none,native,0,1.0,1.0,1.0,0,0,0,0,0,0,0,0,0,0,0,0,0,0,510.0,0.0,0.0,5.0
pydantic__pydantic-740,38,37,add_subtask,SW38,0.9473684210526315,0.9473684210526315,19.0,18.0,19.0,18.0,19,18,19,18,0,0,0,-0.052631578947368474,-0.052631578947368474,product,product,false,source_metadata.target,0.9473684210526315,0.9473684210526315,19.0,18.0,19.0,18.0,19,18,19,18,-0.052631578947368474,-0.052631578947368474,product,product,native,0,0.8,1.0,1.0,0,0,0,0,0,0,0,0,0,0,0,0,0,0,540.0,30.0,30.0,5.0
pydantic__pydantic-740,38,38,update_status,SW38,1.0,1.0,19.0,19.0,19.0,19.0,19,19,19,19,0,0,0,0.052631578947368474,0.052631578947368474,none,none,false,source_metadata.target,1.0,1.0,19.0,19.0,19.0,19.0,19,19,19,19,0.052631578947368474,0.052631578947368474,none,none,native,0,1.0,1.0,1.0,0,0,0,0,0,0,0,0,0,0,0,0,0,0,540.0,0.0,0.0,5.0
pydantic__pydantic-740,40,39,add_subtask,SW40,0.95,0.95,20.0,19.0,20.0,19.0,20,19,20,19,0,0,0,-0.050000000000000044,-0.050000000000000044,validation,validation,false,source_metadata.target,0.95,0.95,20.0,19.0,20.0,19.0,20,19,20,19,-0.050000000000000044,-0.050000000000000044,validation,validation,native,0,1.0,0.75,1.0,0,0,0,0,0,0,0,0,0,0,0,0,0,0,570.0,30.0,30.0,5.0
pydantic__pydantic-740,40,40,update_status,SW40,1.0,1.0,20.0,20.0,20.0,20.0,20,20,20,20,0,0,0,0.050000000000000044,0.050000000000000044,none,none,false,source_metadata.target,1.0,1.0,20.0,20.0,20.0,20.0,20,20,20,20,0.050000000000000044,0.050000000000000044,none,none,native,0,1.0,1.0,1.0,0,0,0,0,0,0,0,0,0,0,0,0,0,0,570.0,0.0,0.0,5.0
pydantic__pydantic-740,42,41,add_subtask,SW42,0.9523809523809523,0.9523809523809523,21.0,20.0,21.0,20.0,21,20,21,20,0,0,0,-0.04761904761904767,-0.04761904761904767,investigation,investigation,false,source_metadata.target,0.9523809523809523,0.9523809523809523,21.0,20.0,21.0,20.0,21,20,21,20,-0.04761904761904767,-0.04761904761904767,investigation,investigation,native,0,1.0,1.0,0.9166666666666666,0,0,0,0,0,0,0,0,0,0,0,0,0,0,600.0,30.0,30.0,5.0
pydantic__pydantic-740,42,42,update_status,SW42,1.0,1.0,21.0,21.0,21.0,21.0,21,21,21,21,0,0,0,0.04761904761904767,0.04761904761904767,none,none,false,source_metadata.target,1.0,1.0,21.0,21.0,21.0,21.0,21,21,21,21,0.04761904761904767,0.04761904761904767,none,none,native,0,1.0,1.0,1.0,0,0,0,0,0,0,0,0,0,0,0,0,0,0,600.0,0.0,0.0,5.0
pydantic__pydantic-740,44,43,add_subtask,SW44,0.9545454545454546,0.9545454545454546,22.0,21.0,22.0,21.0,22,21,22,21,0,0,0,-0.045454545454545414,-0.045454545454545414,investigation,investigation,false,source_metadata.target,0.9545454545454546,0.9545454545454546,22.0,21.0,22.0,21.0,22,21,22,21,-0.045454545454545414,-0.045454545454545414,investigation,investigation,native,0,1.0,1.0,0.9230769230769231,0,0,0,0,0,0,0,0,0,0,0,0,0,0,630.0,30.0,30.0,5.0
pydantic__pydantic-740,44,44,update_status,SW44,1.0,1.0,22.0,22.0,22.0,22.0,22,22,22,22,0,0,0,0.045454545454545414,0.045454545454545414,none,none,false,source_metadata.target,1.0,1.0,22.0,22.0,22.0,22.0,22,22,22,22,0.045454545454545414,0.045454545454545414,none,none,native,0,1.0,1.0,1.0,0,0,0,0,0,0,0,0,0,0,0,0,0,0,630.0,0.0,0.0,5.0
pydantic__pydantic-740,46,45,add_subtask,SW46,0.9565217391304348,0.9565217391304348,23.0,22.0,23.0,22.0,23,22,23,22,0,0,0,-0.04347826086956519,-0.04347826086956519,investigation,investigation,false,source_metadata.target,0.9565217391304348,0.9565217391304348,23.0,22.0,23.0,22.0,23,22,23,22,-0.04347826086956519,-0.04347826086956519,investigation,investigation,native,0,1.0,1.0,0.9285714285714286,0,0,0,0,0,0,0,0,0,0,0,0,0,0,660.0,30.0,30.0,5.0
pydantic__pydantic-740,46,46,update_status,SW46,1.0,1.0,23.0,23.0,23.0,23.0,23,23,23,23,0,0,0,0.04347826086956519,0.04347826086956519,none,none,false,source_metadata.target,1.0,1.0,23.0,23.0,23.0,23.0,23,23,23,23,0.04347826086956519,0.04347826086956519,none,none,native,0,1.0,1.0,1.0,0,0,0,0,0,0,0,0,0,0,0,0,0,0,660.0,0.0,0.0,5.0
pydantic__pydantic-740,48,47,add_subtask,SW48,0.9583333333333334,0.9583333333333334,24.0,23.0,24.0,23.0,24,23,24,23,0,0,0,-0.04166666666666663,-0.04166666666666663,product,product,false,source_metadata.target,0.9583333333333334,0.9583333333333334,24.0,23.0,24.0,23.0,24,23,24,23,-0.04166666666666663,-0.04166666666666663,product,product,native,0,0.8333333333333334,1.0,1.0,0,0,0,0,0,0,0,0,0,0,0,0,0,0,690.0,30.0,30.0,5.0
pydantic__pydantic-740,48,48,update_status,SW48,1.0,1.0,24.0,24.0,24.0,24.0,24,24,24,24,0,0,0,0.04166666666666663,0.04166666666666663,none,none,false,source_metadata.target,1.0,1.0,24.0,24.0,24.0,24.0,24,24,24,24,0.04166666666666663,0.04166666666666663,none,none,native,0,1.0,1.0,1.0,0,0,0,0,0,0,0,0,0,0,0,0,0,0,690.0,0.0,0.0,5.0
pydantic__pydantic-740,50,49,add_subtask,SW50,0.96,0.96,25.0,24.0,25.0,24.0,25,24,25,24,0,0,0,-0.040000000000000036,-0.040000000000000036,validation,validation,false,source_metadata.target,0.96,0.96,25.0,24.0,25.0,24.0,25,24,25,24,-0.040000000000000036,-0.040000000000000036,validation,validation,native,0,1.0,0.8,1.0,0,0,0,0,0,0,0,0,0,0,0,0,0,0,720.0,30.0,30.0,5.0
pydantic__pydantic-740,50,50,update_status,SW50,1.0,1.0,25.0,25.0,25.0,25.0,25,25,25,25,0,0,0,0.040000000000000036,0.040000000000000036,none,none,false,source_metadata.target,1.0,1.0,25.0,25.0,25.0,25.0,25,25,25,25,0.040000000000000036,0.040000000000000036,none,none,native,0,1.0,1.0,1.0,0,0,0,0,0,0,0,0,0,0,0,0,0,0,720.0,0.0,0.0,5.0
pydantic__pydantic-740,52,51,add_subtask,SW52,0.9615384615384616,0.9615384615384616,26.0,25.0,26.0,25.0,26,25,26,25,0,0,0,-0.038461538461538436,-0.038461538461538436,investigation,investigation,false,source_metadata.target,0.9615384615384616,0.9615384615384616,26.0,25.0,26.0,25.0,26,25,26,25,-0.038461538461538436,-0.038461538461538436,investigation,investigation,native,0,1.0,1.0,0.9333333333333333,0,0,0,0,0,0,0,0,0,0,0,0,0,0,750.0,30.0,30.0,5.0
pydantic__pydantic-740,52,52,update_status,SW52,1.0,1.0,26.0,26.0,26.0,26.0,26,26,26,26,0,0,0,0.038461538461538436,0.038461538461538436,none,none,false,source_metadata.target,1.0,1.0,26.0,26.0,26.0,26.0,26,26,26,26,0.038461538461538436,0.038461538461538436,none,none,native,0,1.0,1.0,1.0,0,0,0,0,0,0,0,0,0,0,0,0,0,0,750.0,0.0,0.0,5.0
pydantic__pydantic-740,54,53,add_subtask,SW54,0.9629629629629629,0.9629629629629629,27.0,26.0,27.0,26.0,27,26,27,26,0,0,0,-0.03703703703703709,-0.03703703703703709,product,product,false,source_metadata.target,0.9629629629629629,0.9629629629629629,27.0,26.0,27.0,26.0,27,26,27,26,-0.03703703703703709,-0.03703703703703709,product,product,native,0,0.8571428571428571,1.0,1.0,0,0,0,0,0,0,0,0,0,0,0,0,0,0,780.0,30.0,30.0,5.0
pydantic__pydantic-740,54,54,update_status,SW54,1.0,1.0,27.0,27.0,27.0,27.0,27,27,27,27,0,0,0,0.03703703703703709,0.03703703703703709,none,none,false,source_metadata.target,1.0,1.0,27.0,27.0,27.0,27.0,27,27,27,27,0.03703703703703709,0.03703703703703709,none,none,native,0,1.0,1.0,1.0,0,0,0,0,0,0,0,0,0,0,0,0,0,0,780.0,0.0,0.0,5.0
pydantic__pydantic-740,56,55,add_subtask,SW56,0.9642857142857143,0.9642857142857143,28.0,27.0,28.0,27.0,28,27,28,27,0,0,0,-0.0357142857142857,-0.0357142857142857,validation,validation,false,source_metadata.target,0.9642857142857143,0.9642857142857143,28.0,27.0,28.0,27.0,28,27,28,27,-0.0357142857142857,-0.0357142857142857,validation,validation,native,0,1.0,0.8333333333333334,1.0,0,0,0,0,0,0,0,0,0,0,0,0,0,0,810.0,30.0,30.0,5.0
pydantic__pydantic-740,56,56,update_status,SW56,1.0,1.0,28.0,28.0,28.0,28.0,28,28,28,28,0,0,0,0.0357142857142857,0.0357142857142857,none,none,false,source_metadata.target,1.0,1.0,28.0,28.0,28.0,28.0,28,28,28,28,0.0357142857142857,0.0357142857142857,none,none,native,0,1.0,1.0,1.0,0,0,0,0,0,0,0,0,0,0,0,0,0,0,810.0,0.0,0.0,5.0
pydantic__pydantic-740,58,57,add_subtask,SW58,0.9655172413793104,0.9655172413793104,29.0,28.0,29.0,28.0,29,28,29,28,0,0,0,-0.03448275862068961,-0.03448275862068961,investigation,investigation,false,source_metadata.target,0.9655172413793104,0.9655172413793104,29.0,28.0,29.0,28.0,29,28,29,28,-0.03448275862068961,-0.03448275862068961,investigation,investigation,native,0,1.0,1.0,0.9375,0,0,0,0,0,0,0,0,0,0,0,0,0,0,840.0,30.0,30.0,5.0
pydantic__pydantic-740,58,58,update_status,SW58,1.0,1.0,29.0,29.0,29.0,29.0,29,29,29,29,0,0,0,0.03448275862068961,0.03448275862068961,none,none,false,source_metadata.target,1.0,1.0,29.0,29.0,29.0,29.0,29,29,29,29,0.03448275862068961,0.03448275862068961,none,none,native,0,1.0,1.0,1.0,0,0,0,0,0,0,0,0,0,0,0,0,0,0,840.0,0.0,0.0,5.0
pydantic__pydantic-740,60,59,add_subtask,SW60,0.9666666666666667,0.9666666666666667,30.0,29.0,30.0,29.0,30,29,30,29,0,0,0,-0.033333333333333326,-0.033333333333333326,investigation,investigation,false,source_metadata.target,0.9666666666666667,0.9666666666666667,30.0,29.0,30.0,29.0,30,29,30,29,-0.033333333333333326,-0.033333333333333326,investigation,investigation,native,0,1.0,1.0,0.9411764705882353,0,0,0,0,0,0,0,0,0,0,0,0,0,0,870.0,30.0,30.0,5.0
pydantic__pydantic-740,60,60,update_status,SW60,1.0,1.0,30.0,30.0,30.0,30.0,30,30,30,30,0,0,0,0.033333333333333326,0.033333333333333326,none,none,false,source_metadata.target,1.0,1.0,30.0,30.0,30.0,30.0,30,30,30,30,0.033333333333333326,0.033333333333333326,none,none,native,0,1.0,1.0,1.0,0,0,0,0,0,0,0,0,0,0,0,0,0,0,870.0,0.0,0.0,5.0
pydantic__pydantic-740,62,61,add_subtask,SW62,0.967741935483871,0.967741935483871,31.0,30.0,31.0,30.0,31,30,31,30,0,0,0,-0.032258064516129004,-0.032258064516129004,investigation,investigation,false,source_metadata.target,0.967741935483871,0.967741935483871,31.0,30.0,31.0,30.0,31,30,31,30,-0.032258064516129004,-0.032258064516129004,investigation,investigation,native,0,1.0,1.0,0.9444444444444444,0,0,0,0,0,0,0,0,0,0,0,0,0,0,900.0,30.0,30.0,5.0
pydantic__pydantic-740,62,62,update_status,SW62,1.0,1.0,31.0,31.0,31.0,31.0,31,31,31,31,0,0,0,0.032258064516129004,0.032258064516129004,none,none,false,source_metadata.target,1.0,1.0,31.0,31.0,31.0,31.0,31,31,31,31,0.032258064516129004,0.032258064516129004,none,none,native,0,1.0,1.0,1.0,0,0,0,0,0,0,0,0,0,0,0,0,0,0,900.0,0.0,0.0,5.0
pydantic__pydantic-740,64,63,add_subtask,SW64,0.96875,0.96875,32.0,31.0,32.0,31.0,32,31,32,31,0,0,0,-0.03125,-0.03125,investigation,investigation,false,source_metadata.target,0.96875,0.96875,32.0,31.0,32.0,31.0,32,31,32,31,-0.03125,-0.03125,investigation,investigation,native,0,1.0,1.0,0.9473684210526315,0,0,0,0,0,0,0,0,0,0,0,0,0,0,930.0,30.0,30.0,5.0
pydantic__pydantic-740,64,64,update_status,SW64,1.0,1.0,32.0,32.0,32.0,32.0,32,32,32,32,0,0,0,0.03125,0.03125,none,none,false,source_metadata.target,1.0,1.0,32.0,32.0,32.0,32.0,32,32,32,32,0.03125,0.03125,none,none,native,0,1.0,1.0,1.0,0,0,0,0,0,0,0,0,0,0,0,0,0,0,930.0,0.0,0.0,5.0
pydantic__pydantic-740,66,65,add_subtask,SW66,0.9696969696969697,0.9696969696969697,33.0,32.0,33.0,32.0,33,32,33,32,0,0,0,-0.030303030303030276,-0.030303030303030276,investigation,investigation,false,source_metadata.target,0.9696969696969697,0.9696969696969697,33.0,32.0,33.0,32.0,33,32,33,32,-0.030303030303030276,-0.030303030303030276,investigation,investigation,native,0,1.0,1.0,0.95,0,0,0,0,0,0,0,0,0,0,0,0,0,0,960.0,30.0,30.0,5.0
pydantic__pydantic-740,66,66,update_status,SW66,1.0,1.0,33.0,33.0,33.0,33.0,33,33,33,33,0,0,0,0.030303030303030276,0.030303030303030276,none,none,false,source_metadata.target,1.0,1.0,33.0,33.0,33.0,33.0,33,33,33,33,0.030303030303030276,0.030303030303030276,none,none,native,0,1.0,1.0,1.0,0,0,0,0,0,0,0,0,0,0,0,0,0,0,960.0,0.0,0.0,5.0
pydantic__pydantic-740,68,67,add_subtask,SW68,0.9705882352941176,0.9705882352941176,34.0,33.0,34.0,33.0,34,33,34,33,0,0,0,-0.02941176470588236,-0.02941176470588236,investigation,investigation,false,source_metadata.target,0.9705882352941176,0.9705882352941176,34.0,33.0,34.0,33.0,34,33,34,33,-0.02941176470588236,-0.02941176470588236,investigation,investigation,native,0,1.0,1.0,0.9523809523809523,0,0,0,0,0,0,0,0,0,0,0,0,0,0,990.0,30.0,30.0,5.0
pydantic__pydantic-740,68,68,update_status,SW68,1.0,1.0,34.0,34.0,34.0,34.0,34,34,34,34,0,0,0,0.02941176470588236,0.02941176470588236,none,none,false,source_metadata.target,1.0,1.0,34.0,34.0,34.0,34.0,34,34,34,34,0.02941176470588236,0.02941176470588236,none,none,native,0,1.0,1.0,1.0,0,0,0,0,0,0,0,0,0,0,0,0,0,0,990.0,0.0,0.0,5.0
pydantic__pydantic-740,70,69,add_subtask,SW70,0.9714285714285714,0.9714285714285714,35.0,34.0,35.0,34.0,35,34,35,34,0,0,0,-0.02857142857142858,-0.02857142857142858,investigation,investigation,false,source_metadata.target,0.9714285714285714,0.9714285714285714,35.0,34.0,35.0,34.0,35,34,35,34,-0.02857142857142858,-0.02857142857142858,investigation,investigation,native,0,1.0,1.0,0.9545454545454546,0,0,0,0,0,0,0,0,0,0,0,0,0,0,1020.0,30.0,30.0,5.0
pydantic__pydantic-740,70,70,update_status,SW70,1.0,1.0,35.0,35.0,35.0,35.0,35,35,35,35,0,0,0,0.02857142857142858,0.02857142857142858,none,none,false,source_metadata.target,1.0,1.0,35.0,35.0,35.0,35.0,35,35,35,35,0.02857142857142858,0.02857142857142858,none,none,native,0,1.0,1.0,1.0,0,0,0,0,0,0,0,0,0,0,0,0,0,0,1020.0,0.0,0.0,5.0
pydantic__pydantic-740,72,71,add_subtask,SW72,0.9722222222222222,0.9722222222222222,36.0,35.0,36.0,35.0,36,35,36,35,0,0,0,-0.02777777777777779,-0.02777777777777779,investigation,investigation,false,source_metadata.target,0.9722222222222222,0.9722222222222222,36.0,35.0,36.0,35.0,36,35,36,35,-0.02777777777777779,-0.02777777777777779,investigation,investigation,native,0,1.0,1.0,0.9565217391304348,0,0,0,0,0,0,0,0,0,0,0,0,0,0,1050.0,30.0,30.0,5.0
pydantic__pydantic-740,72,72,update_status,SW72,1.0,1.0,36.0,36.0,36.0,36.0,36,36,36,36,0,0,0,0.02777777777777779,0.02777777777777779,none,none,false,source_metadata.target,1.0,1.0,36.0,36.0,36.0,36.0,36,36,36,36,0.02777777777777779,0.02777777777777779,none,none,native,0,1.0,1.0,1.0,0,0,0,0,0,0,0,0,0,0,0,0,0,0,1050.0,0.0,0.0,5.0
pydantic__pydantic-740,74,73,add_subtask,SW74,0.972972972972973,0.972972972972973,37.0,36.0,37.0,36.0,37,36,37,36,0,0,0,-0.027027027027026973,-0.027027027027026973,investigation,investigation,false,source_metadata.target,0.972972972972973,0.972972972972973,37.0,36.0,37.0,36.0,37,36,37,36,-0.027027027027026973,-0.027027027027026973,investigation,investigation,native,0,1.0,1.0,0.9583333333333334,0,0,0,0,0,0,0,0,0,0,0,0,0,0,1080.0,30.0,30.0,5.0
pydantic__pydantic-740,74,74,update_status,SW74,1.0,1.0,37.0,37.0,37.0,37.0,37,37,37,37,0,0,0,0.027027027027026973,0.027027027027026973,none,none,false,source_metadata.target,1.0,1.0,37.0,37.0,37.0,37.0,37,37,37,37,0.027027027027026973,0.027027027027026973,none,none,native,0,1.0,1.0,1.0,0,0,0,0,0,0,0,0,0,0,0,0,0,0,1080.0,0.0,0.0,5.0
pydantic__pydantic-740,76,75,add_subtask,SW76,0.9736842105263158,0.9736842105263158,38.0,37.0,38.0,37.0,38,37,38,37,0,0,0,-0.02631578947368418,-0.02631578947368418,investigation,investigation,false,source_metadata.target,0.9736842105263158,0.9736842105263158,38.0,37.0,38.0,37.0,38,37,38,37,-0.02631578947368418,-0.02631578947368418,investigation,investigation,native,0,1.0,1.0,0.96,0,0,0,0,0,0,0,0,0,0,0,0,0,0,1110.0,30.0,30.0,5.0
pydantic__pydantic-740,76,76,update_status,SW76,0.9736842105263158,0.9736842105263158,38.0,37.0,38.0,37.0,38,37,38,37,0,0,0,0.0,0.0,none,none,false,source_metadata.target,0.9736842105263158,0.9736842105263158,38.0,37.0,38.0,37.0,38,37,38,37,0.0,0.0,none,none,native,0,1.0,1.0,0.96,0,0,0,0,0,0,0,0,0,0,0,0,0,0,1110.0,0.0,30.0,5.0
python-cmd2__cmd2-681,0,0,init,,0.0,0.0,0,0,0,0,0,0,0,0,0,0,0,0.0,0.0,none,none,false,source_metadata.target,0.0,0.0,0,0,0,0,0,0,0,0,0.0,0.0,none,none,native,0,0.0,0.0,0.0,0,0,0,0,0,0,0,0,0,0,0,0,0,0,0.0,0.0,0.0,
python-cmd2__cmd2-681,2,1,add_subtask,SW2,0.0,0.0,1.0,0,1.0,0,1,0,1,0,0,0,0,0.0,0.0,none,none,false,source_metadata.target,0.0,0.0,1.0,0,1.0,0,1,0,1,0,0.0,0.0,none,none,native,0,0.0,0.0,0.0,0,0,0,0,0,0,0,0,0,0,0,0,0,0,0.0,0.0,0.0,
python-cmd2__cmd2-681,2,2,update_status,SW2,1.0,1.0,1.0,1.0,1.0,1.0,1,1,1,1,0,0,0,1.0,1.0,none,none,false,source_metadata.target,1.0,1.0,1.0,1.0,1.0,1.0,1,1,1,1,1.0,1.0,none,none,native,0,0.0,0.0,1.0,0,0,0,0,0,0,0,0,0,0,0,0,0,0,0.0,0.0,0.0,
python-cmd2__cmd2-681,4,3,add_subtask,SW4,0.5,0.5,2.0,1.0,2.0,1.0,2,1,2,1,0,0,0,-0.5,-0.5,investigation,investigation,false,source_metadata.target,0.5,0.5,2.0,1.0,2.0,1.0,2,1,2,1,-0.5,-0.5,investigation,investigation,native,0,0.0,0.0,0.5,0,0,0,0,0,0,0,0,0,0,0,0,0,0,30.0,30.0,30.0,8.0
python-cmd2__cmd2-681,4,4,update_status,SW4,1.0,1.0,2.0,2.0,2.0,2.0,2,2,2,2,0,0,0,0.5,0.5,none,none,false,source_metadata.target,1.0,1.0,2.0,2.0,2.0,2.0,2,2,2,2,0.5,0.5,none,none,native,0,0.0,0.0,1.0,0,0,0,0,0,0,0,0,0,0,0,0,0,0,30.0,0.0,0.0,10.0
python-cmd2__cmd2-681,6,5,add_subtask,SW6,0.6666666666666666,0.6666666666666666,3.0,2.0,3.0,2.0,3,2,3,2,0,0,0,-0.33333333333333337,-0.33333333333333337,investigation,investigation,false,source_metadata.target,0.6666666666666666,0.6666666666666666,3.0,2.0,3.0,2.0,3,2,3,2,-0.33333333333333337,-0.33333333333333337,investigation,investigation,native,0,0.0,0.0,0.6666666666666666,0,0,0,0,0,0,0,0,0,0,0,0,0,0,60.0,30.0,30.0,5.0
python-cmd2__cmd2-681,6,6,update_status,SW6,1.0,1.0,3.0,3.0,3.0,3.0,3,3,3,3,0,0,0,0.33333333333333337,0.33333333333333337,none,none,false,source_metadata.target,1.0,1.0,3.0,3.0,3.0,3.0,3,3,3,3,0.33333333333333337,0.33333333333333337,none,none,native,0,0.0,0.0,1.0,0,0,0,0,0,0,0,0,0,0,0,0,0,0,60.0,0.0,0.0,5.0
python-cmd2__cmd2-681,8,7,add_subtask,SW8,0.75,0.75,4.0,3.0,4.0,3.0,4,3,4,3,0,0,0,-0.25,-0.25,investigation,investigation,false,source_metadata.target,0.75,0.75,4.0,3.0,4.0,3.0,4,3,4,3,-0.25,-0.25,investigation,investigation,native,0,0.0,0.0,0.75,0,0,0,0,0,0,0,0,0,0,0,0,0,0,90.0,30.0,30.0,5.0
python-cmd2__cmd2-681,8,8,update_status,SW8,1.0,1.0,4.0,4.0,4.0,4.0,4,4,4,4,0,0,0,0.25,0.25,none,none,false,source_metadata.target,1.0,1.0,4.0,4.0,4.0,4.0,4,4,4,4,0.25,0.25,none,none,native,0,0.0,0.0,1.0,0,0,0,0,0,0,0,0,0,0,0,0,0,0,90.0,0.0,0.0,5.0
python-cmd2__cmd2-681,10,9,add_subtask,SW10,0.8,0.8,5.0,4.0,5.0,4.0,5,4,5,4,0,0,0,-0.19999999999999996,-0.19999999999999996,investigation,investigation,false,source_metadata.target,0.8,0.8,5.0,4.0,5.0,4.0,5,4,5,4,-0.19999999999999996,-0.19999999999999996,investigation,investigation,native,0,0.0,0.0,0.8,0,0,0,0,0,0,0,0,0,0,0,0,0,0,120.0,30.0,30.0,5.0
python-cmd2__cmd2-681,10,10,update_status,SW10,1.0,1.0,5.0,5.0,5.0,5.0,5,5,5,5,0,0,0,0.19999999999999996,0.19999999999999996,none,none,false,source_metadata.target,1.0,1.0,5.0,5.0,5.0,5.0,5,5,5,5,0.19999999999999996,0.19999999999999996,none,none,native,0,0.0,0.0,1.0,0,0,0,0,0,0,0,0,0,0,0,0,0,0,120.0,0.0,0.0,5.0
python-cmd2__cmd2-681,12,11,add_subtask,SW12,0.8333333333333334,0.8333333333333334,6.0,5.0,6.0,5.0,6,5,6,5,0,0,0,-0.16666666666666663,-0.16666666666666663,investigation,investigation,false,source_metadata.target,0.8333333333333334,0.8333333333333334,6.0,5.0,6.0,5.0,6,5,6,5,-0.16666666666666663,-0.16666666666666663,investigation,investigation,native,0,0.0,0.0,0.8333333333333334,0,0,0,0,0,0,0,0,0,0,0,0,0,0,150.0,30.0,30.0,5.0
python-cmd2__cmd2-681,12,12,update_status,SW12,1.0,1.0,6.0,6.0,6.0,6.0,6,6,6,6,0,0,0,0.16666666666666663,0.16666666666666663,none,none,false,source_metadata.target,1.0,1.0,6.0,6.0,6.0,6.0,6,6,6,6,0.16666666666666663,0.16666666666666663,none,none,native,0,0.0,0.0,1.0,0,0,0,0,0,0,0,0,0,0,0,0,0,0,150.0,0.0,0.0,5.0
python-cmd2__cmd2-681,14,13,add_subtask,SW14,0.8571428571428571,0.8571428571428571,7.0,6.0,7.0,6.0,7,6,7,6,0,0,0,-0.1428571428571429,-0.1428571428571429,investigation,investigation,false,source_metadata.target,0.8571428571428571,0.8571428571428571,7.0,6.0,7.0,6.0,7,6,7,6,-0.1428571428571429,-0.1428571428571429,investigation,investigation,native,0,0.0,0.0,0.8571428571428571,0,0,0,0,0,0,0,0,0,0,0,0,0,0,180.0,30.0,30.0,5.0
python-cmd2__cmd2-681,14,14,update_status,SW14,1.0,1.0,7.0,7.0,7.0,7.0,7,7,7,7,0,0,0,0.1428571428571429,0.1428571428571429,none,none,false,source_metadata.target,1.0,1.0,7.0,7.0,7.0,7.0,7,7,7,7,0.1428571428571429,0.1428571428571429,none,none,native,0,0.0,0.0,1.0,0,0,0,0,0,0,0,0,0,0,0,0,0,0,180.0,0.0,0.0,5.0
python-cmd2__cmd2-681,16,15,add_subtask,SW16,0.875,0.875,8.0,7.0,8.0,7.0,8,7,8,7,0,0,0,-0.125,-0.125,investigation,investigation,false,source_metadata.target,0.875,0.875,8.0,7.0,8.0,7.0,8,7,8,7,-0.125,-0.125,investigation,investigation,native,0,0.0,0.0,0.875,0,0,0,0,0,0,0,0,0,0,0,0,0,0,210.0,30.0,30.0,5.0
python-cmd2__cmd2-681,16,16,update_status,SW16,1.0,1.0,8.0,8.0,8.0,8.0,8,8,8,8,0,0,0,0.125,0.125,none,none,false,source_metadata.target,1.0,1.0,8.0,8.0,8.0,8.0,8,8,8,8,0.125,0.125,none,none,native,0,0.0,0.0,1.0,0,0,0,0,0,0,0,0,0,0,0,0,0,0,210.0,0.0,0.0,5.0
python-cmd2__cmd2-681,18,17,add_subtask,SW18,0.8888888888888888,0.8888888888888888,9.0,8.0,9.0,8.0,9,8,9,8,0,0,0,-0.11111111111111116,-0.11111111111111116,product,product,false,source_metadata.target,0.8888888888888888,0.8888888888888888,9.0,8.0,9.0,8.0,9,8,9,8,-0.11111111111111116,-0.11111111111111116,product,product,native,0,0.0,0.0,1.0,0,0,0,0,0,0,0,0,0,0,0,0,0,0,240.0,30.0,30.0,5.0
python-cmd2__cmd2-681,18,18,update_status,SW18,1.0,1.0,9.0,9.0,9.0,9.0,9,9,9,9,0,0,0,0.11111111111111116,0.11111111111111116,none,none,false,source_metadata.target,1.0,1.0,9.0,9.0,9.0,9.0,9,9,9,9,0.11111111111111116,0.11111111111111116,none,none,native,0,1.0,0.0,1.0,0,0,0,0,0,0,0,0,0,0,0,0,0,0,240.0,0.0,0.0,5.0
python-cmd2__cmd2-681,20,19,add_subtask,SW20,0.9,0.9,10.0,9.0,10.0,9.0,10,9,10,9,0,0,0,-0.09999999999999998,-0.09999999999999998,product,product,false,source_metadata.target,0.9,0.9,10.0,9.0,10.0,9.0,10,9,10,9,-0.09999999999999998,-0.09999999999999998,product,product,native,0,0.5,0.0,1.0,0,0,0,0,0,0,0,0,0,0,0,0,0,0,270.0,30.0,30.0,5.0
python-cmd2__cmd2-681,20,20,update_status,SW20,1.0,1.0,10.0,10.0,10.0,10.0,10,10,10,10,0,0,0,0.09999999999999998,0.09999999999999998,none,none,false,source_metadata.target,1.0,1.0,10.0,10.0,10.0,10.0,10,10,10,10,0.09999999999999998,0.09999999999999998,none,none,native,0,1.0,0.0,1.0,0,0,0,0,0,0,0,0,0,0,0,0,0,0,270.0,0.0,0.0,5.0
python-cmd2__cmd2-681,22,21,add_subtask,SW22,0.9090909090909091,0.9090909090909091,11.0,10.0,11.0,10.0,11,10,11,10,0,0,0,-0.09090909090909094,-0.09090909090909094,investigation,investigation,false,source_metadata.target,0.9090909090909091,0.9090909090909091,11.0,10.0,11.0,10.0,11,10,11,10,-0.09090909090909094,-0.09090909090909094,investigation,investigation,native,0,1.0,0.0,0.8888888888888888,0,0,0,0,0,0,0,0,0,0,0,0,0,0,300.0,30.0,30.0,5.0
python-cmd2__cmd2-681,22,22,update_status,SW22,1.0,1.0,11.0,11.0,11.0,11.0,11,11,11,11,0,0,0,0.09090909090909094,0.09090909090909094,none,none,false,source_metadata.target,1.0,1.0,11.0,11.0,11.0,11.0,11,11,11,11,0.09090909090909094,0.09090909090909094,none,none,native,0,1.0,0.0,1.0,0,0,0,0,0,0,0,0,0,0,0,0,0,0,300.0,0.0,0.0,5.0
python-cmd2__cmd2-681,24,23,add_subtask,SW24,0.9166666666666666,0.9166666666666666,12.0,11.0,12.0,11.0,12,11,12,11,0,0,0,-0.08333333333333337,-0.08333333333333337,investigation,investigation,false,source_metadata.target,0.9166666666666666,0.9166666666666666,12.0,11.0,12.0,11.0,12,11,12,11,-0.08333333333333337,-0.08333333333333337,investigation,investigation,native,0,1.0,0.0,0.9,0,0,0,0,0,0,0,0,0,0,0,0,0,0,330.0,30.0,30.0,5.0
python-cmd2__cmd2-681,24,24,update_status,SW24,1.0,1.0,12.0,12.0,12.0,12.0,12,12,12,12,0,0,0,0.08333333333333337,0.08333333333333337,none,none,false,source_metadata.target,1.0,1.0,12.0,12.0,12.0,12.0,12,12,12,12,0.08333333333333337,0.08333333333333337,none,none,native,0,1.0,0.0,1.0,0,0,0,0,0,0,0,0,0,0,0,0,0,0,330.0,0.0,0.0,5.0
python-cmd2__cmd2-681,26,25,add_subtask,SW26,0.9230769230769231,0.9230769230769231,13.0,12.0,13.0,12.0,13,12,13,12,0,0,0,-0.07692307692307687,-0.07692307692307687,product,product,false,source_metadata.target,0.9230769230769231,0.9230769230769231,13.0,12.0,13.0,12.0,13,12,13,12,-0.07692307692307687,-0.07692307692307687,product,product,native,0,0.6666666666666666,0.0,1.0,0,0,0,0,0,0,0,0,0,0,0,0,0,0,360.0,30.0,30.0,5.0
python-cmd2__cmd2-681,26,26,update_status,SW26,1.0,1.0,13.0,13.0,13.0,13.0,13,13,13,13,0,0,0,0.07692307692307687,0.07692307692307687,none,none,false,source_metadata.target,1.0,1.0,13.0,13.0,13.0,13.0,13,13,13,13,0.07692307692307687,0.07692307692307687,none,none,native,0,1.0,0.0,1.0,0,0,0,0,0,0,0,0,0,0,0,0,0,0,360.0,0.0,0.0,5.0
python-cmd2__cmd2-681,28,27,add_subtask,SW28,0.9285714285714286,0.9285714285714286,14.0,13.0,14.0,13.0,14,13,14,13,0,0,0,-0.0714285714285714,-0.0714285714285714,validation,validation,false,source_metadata.target,0.9285714285714286,0.9285714285714286,14.0,13.0,14.0,13.0,14,13,14,13,-0.0714285714285714,-0.0714285714285714,validation,validation,native,0,1.0,0.0,1.0,0,0,0,0,0,0,0,0,0,0,0,0,0,0,390.0,30.0,30.0,5.0
python-cmd2__cmd2-681,28,28,update_status,SW28,1.0,1.0,14.0,14.0,14.0,14.0,14,14,14,14,0,0,0,0.0714285714285714,0.0714285714285714,none,none,false,source_metadata.target,1.0,1.0,14.0,14.0,14.0,14.0,14,14,14,14,0.0714285714285714,0.0714285714285714,none,none,native,0,1.0,1.0,1.0,0,0,0,0,0,0,0,0,0,0,0,0,0,0,390.0,0.0,0.0,5.0
python-cmd2__cmd2-681,30,29,add_subtask,SW30,0.9333333333333333,0.9333333333333333,15.0,14.0,15.0,14.0,15,14,15,14,0,0,0,-0.06666666666666665,-0.06666666666666665,product,product,false,source_metadata.target,0.9333333333333333,0.9333333333333333,15.0,14.0,15.0,14.0,15,14,15,14,-0.06666666666666665,-0.06666666666666665,product,product,native,0,0.75,1.0,1.0,0,0,0,0,0,0,0,0,0,0,0,0,0,0,420.0,30.0,30.0,5.0
python-cmd2__cmd2-681,30,30,update_status,SW30,1.0,1.0,15.0,15.0,15.0,15.0,15,15,15,15,0,0,0,0.06666666666666665,0.06666666666666665,none,none,false,source_metadata.target,1.0,1.0,15.0,15.0,15.0,15.0,15,15,15,15,0.06666666666666665,0.06666666666666665,none,none,native,0,1.0,1.0,1.0,0,0,0,0,0,0,0,0,0,0,0,0,0,0,420.0,0.0,0.0,5.0
python-cmd2__cmd2-681,32,31,add_subtask,SW32,0.9375,0.9375,16.0,15.0,16.0,15.0,16,15,16,15,0,0,0,-0.0625,-0.0625,validation,validation,false,source_metadata.target,0.9375,0.9375,16.0,15.0,16.0,15.0,16,15,16,15,-0.0625,-0.0625,validation,validation,native,0,1.0,0.5,1.0,0,0,0,0,0,0,0,0,0,0,0,0,0,0,450.0,30.0,30.0,5.0
python-cmd2__cmd2-681,32,32,update_status,SW32,1.0,1.0,16.0,16.0,16.0,16.0,16,16,16,16,0,0,0,0.0625,0.0625,none,none,false,source_metadata.target,1.0,1.0,16.0,16.0,16.0,16.0,16,16,16,16,0.0625,0.0625,none,none,native,0,1.0,1.0,1.0,0,0,0,0,0,0,0,0,0,0,0,0,0,0,450.0,0.0,0.0,5.0
python-cmd2__cmd2-681,34,33,add_subtask,SW34,0.9411764705882353,0.9411764705882353,17.0,16.0,17.0,16.0,17,16,17,16,0,0,0,-0.05882352941176472,-0.05882352941176472,product,product,false,source_metadata.target,0.9411764705882353,0.9411764705882353,17.0,16.0,17.0,16.0,17,16,17,16,-0.05882352941176472,-0.05882352941176472,product,product,native,0,0.8,1.0,1.0,0,0,0,0,0,0,0,0,0,0,0,0,0,0,480.0,30.0,30.0,5.0
python-cmd2__cmd2-681,34,34,update_status,SW34,1.0,1.0,17.0,17.0,17.0,17.0,17,17,17,17,0,0,0,0.05882352941176472,0.05882352941176472,none,none,false,source_metadata.target,1.0,1.0,17.0,17.0,17.0,17.0,17,17,17,17,0.05882352941176472,0.05882352941176472,none,none,native,0,1.0,1.0,1.0,0,0,0,0,0,0,0,0,0,0,0,0,0,0,480.0,0.0,0.0,5.0
python-cmd2__cmd2-681,36,35,add_subtask,SW36,0.9444444444444444,0.9444444444444444,18.0,17.0,18.0,17.0,18,17,18,17,0,0,0,-0.05555555555555558,-0.05555555555555558,validation,validation,false,source_metadata.target,0.9444444444444444,0.9444444444444444,18.0,17.0,18.0,17.0,18,17,18,17,-0.05555555555555558,-0.05555555555555558,validation,validation,native,0,1.0,0.6666666666666666,1.0,0,0,0,0,0,0,0,0,0,0,0,0,0,0,510.0,30.0,30.0,5.0
python-cmd2__cmd2-681,36,36,update_status,SW36,1.0,1.0,18.0,18.0,18.0,18.0,18,18,18,18,0,0,0,0.05555555555555558,0.05555555555555558,none,none,false,source_metadata.target,1.0,1.0,18.0,18.0,18.0,18.0,18,18,18,18,0.05555555555555558,0.05555555555555558,none,none,native,0,1.0,1.0,1.0,0,0,0,0,0,0,0,0,0,0,0,0,0,0,510.0,0.0,0.0,5.0
python-cmd2__cmd2-681,38,37,add_subtask,SW38,0.9473684210526315,0.9473684210526315,19.0,18.0,19.0,18.0,19,18,19,18,0,0,0,-0.052631578947368474,-0.052631578947368474,product,product,false,source_metadata.target,0.9473684210526315,0.9473684210526315,19.0,18.0,19.0,18.0,19,18,19,18,-0.052631578947368474,-0.052631578947368474,product,product,native,0,0.8333333333333334,1.0,1.0,0,0,0,0,0,0,0,0,0,0,0,0,0,0,540.0,30.0,30.0,5.0
python-cmd2__cmd2-681,38,38,update_status,SW38,1.0,1.0,19.0,19.0,19.0,19.0,19,19,19,19,0,0,0,0.052631578947368474,0.052631578947368474,none,none,false,source_metadata.target,1.0,1.0,19.0,19.0,19.0,19.0,19,19,19,19,0.052631578947368474,0.052631578947368474,none,none,native,0,1.0,1.0,1.0,0,0,0,0,0,0,0,0,0,0,0,0,0,0,540.0,0.0,0.0,5.0
python-cmd2__cmd2-681,40,39,add_subtask,SW40,1.0,0.95,19.0,19.0,20.0,19.0,19,19,20,19,0,0,0,0.0,-0.050000000000000044,none,artifact,false,source_metadata.target,1.0,0.95,19.0,19.0,20.0,19.0,19,19,20,19,0.0,-0.050000000000000044,none,artifact,native,0,1.0,1.0,1.0,0,0,0,0,0,0,0,0,0,0,0,0,0,0,570.0,30.0,30.0,5.0
python-cmd2__cmd2-681,40,40,update_status,SW40,1.0,1.0,19.0,19.0,20.0,20.0,19,19,20,20,0,0,0,0.0,0.050000000000000044,none,none,false,source_metadata.target,1.0,1.0,19.0,19.0,20.0,20.0,19,19,20,20,0.0,0.050000000000000044,none,none,native,0,1.0,1.0,1.0,0,0,0,0,0,0,0,0,0,0,0,0,0,0,570.0,0.0,30.0,5.0
walles__px-50,0,0,init,,0.0,0.0,0,0,0,0,0,0,0,0,0,0,0,0.0,0.0,none,none,false,source_metadata.target,0.0,0.0,0,0,0,0,0,0,0,0,0.0,0.0,none,none,native,0,0.0,0.0,0.0,0,0,0,0,0,0,0,0,0,0,0,0,0,0,0.0,0.0,0.0,
walles__px-50,2,1,add_subtask,SW2,0.0,0.0,1.0,0,1.0,0,1,0,1,0,0,0,0,0.0,0.0,none,none,false,source_metadata.target,0.0,0.0,1.0,0,1.0,0,1,0,1,0,0.0,0.0,none,none,native,0,0.0,0.0,0.0,0,0,0,0,0,0,0,0,0,0,0,0,0,0,0.0,0.0,0.0,
walles__px-50,2,2,update_status,SW2,1.0,1.0,1.0,1.0,1.0,1.0,1,1,1,1,0,0,0,1.0,1.0,none,none,false,source_metadata.target,1.0,1.0,1.0,1.0,1.0,1.0,1,1,1,1,1.0,1.0,none,none,native,0,0.0,0.0,1.0,0,0,0,0,0,0,0,0,0,0,0,0,0,0,0.0,0.0,0.0,
walles__px-50,4,3,add_subtask,SW4,1.0,0.5,1.0,1.0,2.0,1.0,1,1,2,1,0,0,0,0.0,-0.5,none,documentation,false,source_metadata.target,1.0,0.5,1.0,1.0,2.0,1.0,1,1,2,1,0.0,-0.5,none,documentation,native,0,0.0,0.0,1.0,0,0,0,0,0,0,0,0,0,0,0,0,0,0,30.0,30.0,30.0,8.0
walles__px-50,4,4,update_status,SW4,1.0,1.0,1.0,1.0,2.0,2.0,1,1,2,2,0,0,0,0.0,0.5,none,none,false,source_metadata.target,1.0,1.0,1.0,1.0,2.0,2.0,1,1,2,2,0.0,0.5,none,none,native,0,0.0,0.0,1.0,0,0,0,0,0,0,0,0,0,0,0,0,0,0,30.0,0.0,30.0,10.0
walles__px-50,6,5,add_subtask,SW6,0.5,0.6666666666666666,2.0,1.0,3.0,2.0,2,1,3,2,0,0,0,-0.5,-0.33333333333333337,product,product,false,source_metadata.target,0.5,0.6666666666666666,2.0,1.0,3.0,2.0,2,1,3,2,-0.5,-0.33333333333333337,product,product,native,0,0.0,0.0,1.0,0,0,0,0,0,0,0,0,0,0,0,0,0,0,60.0,30.0,60.0,5.0
walles__px-50,6,6,update_status,SW6,1.0,1.0,2.0,2.0,3.0,3.0,2,2,3,3,0,0,0,0.5,0.33333333333333337,none,none,false,source_metadata.target,1.0,1.0,2.0,2.0,3.0,3.0,2,2,3,3,0.5,0.33333333333333337,none,none,native,0,1.0,0.0,1.0,0,0,0,0,0,0,0,0,0,0,0,0,0,0,60.0,0.0,0.0,5.0
walles__px-50,8,7,add_subtask,SW8,0.6666666666666666,0.75,3.0,2.0,4.0,3.0,3,2,4,3,0,0,0,-0.33333333333333337,-0.25,investigation,investigation,false,source_metadata.target,0.6666666666666666,0.75,3.0,2.0,4.0,3.0,3,2,4,3,-0.33333333333333337,-0.25,investigation,investigation,native,0,1.0,0.0,0.5,0,0,0,0,0,0,0,0,0,0,0,0,0,0,90.0,30.0,30.0,5.0
walles__px-50,8,8,update_status,SW8,1.0,1.0,3.0,3.0,4.0,4.0,3,3,4,4,0,0,0,0.33333333333333337,0.25,none,none,false,source_metadata.target,1.0,1.0,3.0,3.0,4.0,4.0,3,3,4,4,0.33333333333333337,0.25,none,none,native,0,1.0,0.0,1.0,0,0,0,0,0,0,0,0,0,0,0,0,0,0,90.0,0.0,0.0,5.0
walles__px-50,10,9,add_subtask,SW10,0.75,0.8,4.0,3.0,5.0,4.0,4,3,5,4,0,0,0,-0.25,-0.19999999999999996,product,product,false,source_metadata.target,0.75,0.8,4.0,3.0,5.0,4.0,4,3,5,4,-0.25,-0.19999999999999996,product,product,native,0,0.5,0.0,1.0,0,0,0,0,0,0,0,0,0,0,0,0,0,0,120.0,30.0,30.0,5.0
walles__px-50,10,10,update_status,SW10,1.0,1.0,4.0,4.0,5.0,5.0,4,4,5,5,0,0,0,0.25,0.19999999999999996,none,none,false,source_metadata.target,1.0,1.0,4.0,4.0,5.0,5.0,4,4,5,5,0.25,0.19999999999999996,none,none,native,0,1.0,0.0,1.0,0,0,0,0,0,0,0,0,0,0,0,0,0,0,120.0,0.0,0.0,5.0
walles__px-50,12,11,add_subtask,SW12,0.8,0.8333333333333334,5.0,4.0,6.0,5.0,5,4,6,5,0,0,0,-0.19999999999999996,-0.16666666666666663,investigation,investigation,false,source_metadata.target,0.8,0.8333333333333334,5.0,4.0,6.0,5.0,5,4,6,5,-0.19999999999999996,-0.16666666666666663,investigation,investigation,native,0,1.0,0.0,0.6666666666666666,0,0,0,0,0,0,0,0,0,0,0,0,0,0,150.0,30.0,30.0,5.0
walles__px-50,12,12,update_status,SW12,1.0,1.0,5.0,5.0,6.0,6.0,5,5,6,6,0,0,0,0.19999999999999996,0.16666666666666663,none,none,false,source_metadata.target,1.0,1.0,5.0,5.0,6.0,6.0,5,5,6,6,0.19999999999999996,0.16666666666666663,none,none,native,0,1.0,0.0,1.0,0,0,0,0,0,0,0,0,0,0,0,0,0,0,150.0,0.0,0.0,5.0
walles__px-50,14,13,add_subtask,SW14,0.8333333333333334,0.8571428571428571,6.0,5.0,7.0,6.0,6,5,7,6,0,0,0,-0.16666666666666663,-0.1428571428571429,investigation,investigation,false,source_metadata.target,0.8333333333333334,0.8571428571428571,6.0,5.0,7.0,6.0,6,5,7,6,-0.16666666666666663,-0.1428571428571429,investigation,investigation,native,0,1.0,0.0,0.75,0,0,0,0,0,0,0,0,0,0,0,0,0,0,180.0,30.0,30.0,5.0
walles__px-50,14,14,update_status,SW14,1.0,1.0,6.0,6.0,7.0,7.0,6,6,7,7,0,0,0,0.16666666666666663,0.1428571428571429,none,none,false,source_metadata.target,1.0,1.0,6.0,6.0,7.0,7.0,6,6,7,7,0.16666666666666663,0.1428571428571429,none,none,native,0,1.0,0.0,1.0,0,0,0,0,0,0,0,0,0,0,0,0,0,0,180.0,0.0,0.0,5.0
walles__px-50,16,15,add_subtask,SW16,0.8571428571428571,0.875,7.0,6.0,8.0,7.0,7,6,8,7,0,0,0,-0.1428571428571429,-0.125,investigation,investigation,false,source_metadata.target,0.8571428571428571,0.875,7.0,6.0,8.0,7.0,7,6,8,7,-0.1428571428571429,-0.125,investigation,investigation,native,0,1.0,0.0,0.8,0,0,0,0,0,0,0,0,0,0,0,0,0,0,210.0,30.0,30.0,5.0
walles__px-50,16,16,update_status,SW16,1.0,1.0,7.0,7.0,8.0,8.0,7,7,8,8,0,0,0,0.1428571428571429,0.125,none,none,false,source_metadata.target,1.0,1.0,7.0,7.0,8.0,8.0,7,7,8,8,0.1428571428571429,0.125,none,none,native,0,1.0,0.0,1.0,0,0,0,0,0,0,0,0,0,0,0,0,0,0,210.0,0.0,0.0,5.0
walles__px-50,18,17,add_subtask,SW18,0.875,0.8888888888888888,8.0,7.0,9.0,8.0,8,7,9,8,0,0,0,-0.125,-0.11111111111111116,investigation,investigation,false,source_metadata.target,0.875,0.8888888888888888,8.0,7.0,9.0,8.0,8,7,9,8,-0.125,-0.11111111111111116,investigation,investigation,native,0,1.0,0.0,0.8333333333333334,0,0,0,0,0,0,0,0,0,0,0,0,0,0,240.0,30.0,30.0,5.0
walles__px-50,18,18,update_status,SW18,1.0,1.0,8.0,8.0,9.0,9.0,8,8,9,9,0,0,0,0.125,0.11111111111111116,none,none,false,source_metadata.target,1.0,1.0,8.0,8.0,9.0,9.0,8,8,9,9,0.125,0.11111111111111116,none,none,native,0,1.0,0.0,1.0,0,0,0,0,0,0,0,0,0,0,0,0,0,0,240.0,0.0,0.0,5.0
walles__px-50,20,19,add_subtask,SW20,0.8888888888888888,0.9,9.0,8.0,10.0,9.0,9,8,10,9,0,0,0,-0.11111111111111116,-0.09999999999999998,investigation,investigation,false,source_metadata.target,0.8888888888888888,0.9,9.0,8.0,10.0,9.0,9,8,10,9,-0.11111111111111116,-0.09999999999999998,investigation,investigation,native,0,1.0,0.0,0.8571428571428571,0,0,0,0,0,0,0,0,0,0,0,0,0,0,270.0,30.0,30.0,5.0
walles__px-50,20,20,update_status,SW20,1.0,1.0,9.0,9.0,10.0,10.0,9,9,10,10,0,0,0,0.11111111111111116,0.09999999999999998,none,none,false,source_metadata.target,1.0,1.0,9.0,9.0,10.0,10.0,9,9,10,10,0.11111111111111116,0.09999999999999998,none,none,native,0,1.0,0.0,1.0,0,0,0,0,0,0,0,0,0,0,0,0,0,0,270.0,0.0,0.0,5.0
walles__px-50,22,21,add_subtask,SW22,0.9,0.9090909090909091,10.0,9.0,11.0,10.0,10,9,11,10,0,0,0,-0.09999999999999998,-0.09090909090909094,product,product,false,source_metadata.target,0.9,0.9090909090909091,10.0,9.0,11.0,10.0,10,9,11,10,-0.09999999999999998,-0.09090909090909094,product,product,native,0,0.6666666666666666,0.0,1.0,0,0,0,0,0,0,0,0,0,0,0,0,0,0,300.0,30.0,30.0,5.0
walles__px-50,22,22,update_status,SW22,1.0,1.0,10.0,10.0,11.0,11.0,10,10,11,11,0,0,0,0.09999999999999998,0.09090909090909094,none,none,false,source_metadata.target,1.0,1.0,10.0,10.0,11.0,11.0,10,10,11,11,0.09999999999999998,0.09090909090909094,none,none,native,0,1.0,0.0,1.0,0,0,0,0,0,0,0,0,0,0,0,0,0,0,300.0,0.0,0.0,5.0
walles__px-50,24,23,add_subtask,SW24,0.9090909090909091,0.9166666666666666,11.0,10.0,12.0,11.0,11,10,12,11,0,0,0,-0.09090909090909094,-0.08333333333333337,product,product,false,source_metadata.target,0.9090909090909091,0.9166666666666666,11.0,10.0,12.0,11.0,11,10,12,11,-0.09090909090909094,-0.08333333333333337,product,product,native,0,0.75,0.0,1.0,0,0,0,0,0,0,0,0,0,0,0,0,0,0,330.0,30.0,30.0,5.0
walles__px-50,24,24,update_status,SW24,1.0,1.0,11.0,11.0,12.0,12.0,11,11,12,12,0,0,0,0.09090909090909094,0.08333333333333337,none,none,false,source_metadata.target,1.0,1.0,11.0,11.0,12.0,12.0,11,11,12,12,0.09090909090909094,0.08333333333333337,none,none,native,0,1.0,0.0,1.0,0,0,0,0,0,0,0,0,0,0,0,0,0,0,330.0,0.0,0.0,5.0
walles__px-50,26,25,add_subtask,SW26,0.9166666666666666,0.9230769230769231,12.0,11.0,13.0,12.0,12,11,13,12,0,0,0,-0.08333333333333337,-0.07692307692307687,product,product,false,source_metadata.target,0.9166666666666666,0.9230769230769231,12.0,11.0,13.0,12.0,12,11,13,12,-0.08333333333333337,-0.07692307692307687,product,product,native,0,0.8,0.0,1.0,0,0,0,0,0,0,0,0,0,0,0,0,0,0,360.0,30.0,30.0,5.0
walles__px-50,26,26,update_status,SW26,1.0,1.0,12.0,12.0,13.0,13.0,12,12,13,13,0,0,0,0.08333333333333337,0.07692307692307687,none,none,false,source_metadata.target,1.0,1.0,12.0,12.0,13.0,13.0,12,12,13,13,0.08333333333333337,0.07692307692307687,none,none,native,0,1.0,0.0,1.0,0,0,0,0,0,0,0,0,0,0,0,0,0,0,360.0,0.0,0.0,5.0
walles__px-50,28,27,add_subtask,SW28,0.9230769230769231,0.9285714285714286,13.0,12.0,14.0,13.0,13,12,14,13,0,0,0,-0.07692307692307687,-0.0714285714285714,product,product,false,source_metadata.target,0.9230769230769231,0.9285714285714286,13.0,12.0,14.0,13.0,13,12,14,13,-0.07692307692307687,-0.0714285714285714,product,product,native,0,0.8333333333333334,0.0,1.0,0,0,0,0,0,0,0,0,0,0,0,0,0,0,390.0,30.0,30.0,5.0
walles__px-50,28,28,update_status,SW28,1.0,1.0,13.0,13.0,14.0,14.0,13,13,14,14,0,0,0,0.07692307692307687,0.0714285714285714,none,none,false,source_metadata.target,1.0,1.0,13.0,13.0,14.0,14.0,13,13,14,14,0.07692307692307687,0.0714285714285714,none,none,native,0,1.0,0.0,1.0,0,0,0,0,0,0,0,0,0,0,0,0,0,0,390.0,0.0,0.0,5.0
walles__px-50,30,29,add_subtask,SW30,0.9285714285714286,0.9333333333333333,14.0,13.0,15.0,14.0,14,13,15,14,0,0,0,-0.0714285714285714,-0.06666666666666665,product,product,false,source_metadata.target,0.9285714285714286,0.9333333333333333,14.0,13.0,15.0,14.0,14,13,15,14,-0.0714285714285714,-0.06666666666666665,product,product,native,0,0.8571428571428571,0.0,1.0,0,0,0,0,0,0,0,0,0,0,0,0,0,0,420.0,30.0,30.0,5.0
walles__px-50,30,30,update_status,SW30,1.0,1.0,14.0,14.0,15.0,15.0,14,14,15,15,0,0,0,0.0714285714285714,0.06666666666666665,none,none,false,source_metadata.target,1.0,1.0,14.0,14.0,15.0,15.0,14,14,15,15,0.0714285714285714,0.06666666666666665,none,none,native,0,1.0,0.0,1.0,0,0,0,0,0,0,0,0,0,0,0,0,0,0,420.0,0.0,0.0,5.0
walles__px-50,32,31,add_subtask,SW32,0.9333333333333333,0.9375,15.0,14.0,16.0,15.0,15,14,16,15,0,0,0,-0.06666666666666665,-0.0625,product,product,false,source_metadata.target,0.9333333333333333,0.9375,15.0,14.0,16.0,15.0,15,14,16,15,-0.06666666666666665,-0.0625,product,product,native,0,0.875,0.0,1.0,0,0,0,0,0,0,0,0,0,0,0,0,0,0,450.0,30.0,30.0,5.0
walles__px-50,32,32,update_status,SW32,1.0,1.0,15.0,15.0,16.0,16.0,15,15,16,16,0,0,0,0.06666666666666665,0.0625,none,none,false,source_metadata.target,1.0,1.0,15.0,15.0,16.0,16.0,15,15,16,16,0.06666666666666665,0.0625,none,none,native,0,1.0,0.0,1.0,0,0,0,0,0,0,0,0,0,0,0,0,0,0,450.0,0.0,0.0,5.0
walles__px-50,34,33,add_subtask,SW34,0.9375,0.9411764705882353,16.0,15.0,17.0,16.0,16,15,17,16,0,0,0,-0.0625,-0.05882352941176472,product,product,false,source_metadata.target,0.9375,0.9411764705882353,16.0,15.0,17.0,16.0,16,15,17,16,-0.0625,-0.05882352941176472,product,product,native,0,0.8888888888888888,0.0,1.0,0,0,0,0,0,0,0,0,0,0,0,0,0,0,480.0,30.0,30.0,5.0
walles__px-50,34,34,update_status,SW34,1.0,1.0,16.0,16.0,17.0,17.0,16,16,17,17,0,0,0,0.0625,0.05882352941176472,none,none,false,source_metadata.target,1.0,1.0,16.0,16.0,17.0,17.0,16,16,17,17,0.0625,0.05882352941176472,none,none,native,0,1.0,0.0,1.0,0,0,0,0,0,0,0,0,0,0,0,0,0,0,480.0,0.0,0.0,5.0
walles__px-50,36,35,add_subtask,SW36,0.9411764705882353,0.9444444444444444,17.0,16.0,18.0,17.0,17,16,18,17,0,0,0,-0.05882352941176472,-0.05555555555555558,product,product,false,source_metadata.target,0.9411764705882353,0.9444444444444444,17.0,16.0,18.0,17.0,17,16,18,17,-0.05882352941176472,-0.05555555555555558,product,product,native,0,0.9,0.0,1.0,0,0,0,0,0,0,0,0,0,0,0,0,0,0,510.0,30.0,30.0,5.0
walles__px-50,36,36,update_status,SW36,1.0,1.0,17.0,17.0,18.0,18.0,17,17,18,18,0,0,0,0.05882352941176472,0.05555555555555558,none,none,false,source_metadata.target,1.0,1.0,17.0,17.0,18.0,18.0,17,17,18,18,0.05882352941176472,0.05555555555555558,none,none,native,0,1.0,0.0,1.0,0,0,0,0,0,0,0,0,0,0,0,0,0,0,510.0,0.0,0.0,5.0
walles__px-50,38,37,add_subtask,SW38,0.9444444444444444,0.9473684210526315,18.0,17.0,19.0,18.0,18,17,19,18,0,0,0,-0.05555555555555558,-0.052631578947368474,product,product,false,source_metadata.target,0.9444444444444444,0.9473684210526315,18.0,17.0,19.0,18.0,18,17,19,18,-0.05555555555555558,-0.052631578947368474,product,product,native,0,0.9090909090909091,0.0,1.0,0,0,0,0,0,0,0,0,0,0,0,0,0,0,540.0,30.0,30.0,5.0
walles__px-50,38,38,update_status,SW38,1.0,1.0,18.0,18.0,19.0,19.0,18,18,19,19,0,0,0,0.05555555555555558,0.052631578947368474,none,none,false,source_metadata.target,1.0,1.0,18.0,18.0,19.0,19.0,18,18,19,19,0.05555555555555558,0.052631578947368474,none,none,native,0,1.0,0.0,1.0,0,0,0,0,0,0,0,0,0,0,0,0,0,0,540.0,0.0,0.0,5.0
walles__px-50,40,39,add_subtask,SW40,0.9473684210526315,0.95,19.0,18.0,20.0,19.0,19,18,20,19,0,0,0,-0.052631578947368474,-0.050000000000000044,product,product,false,source_metadata.target,0.9473684210526315,0.95,19.0,18.0,20.0,19.0,19,18,20,19,-0.052631578947368474,-0.050000000000000044,product,product,native,0,0.9166666666666666,0.0,1.0,0,0,0,0,0,0,0,0,0,0,0,0,0,0,570.0,30.0,30.0,5.0
walles__px-50,40,40,update_status,SW40,1.0,1.0,19.0,19.0,20.0,20.0,19,19,20,20,0,0,0,0.052631578947368474,0.050000000000000044,none,none,false,source_metadata.target,1.0,1.0,19.0,19.0,20.0,20.0,19,19,20,20,0.052631578947368474,0.050000000000000044,none,none,native,0,1.0,0.0,1.0,0,0,0,0,0,0,0,0,0,0,0,0,0,0,570.0,0.0,0.0,5.0
walles__px-50,42,41,add_subtask,SW42,0.95,0.9523809523809523,20.0,19.0,21.0,20.0,20,19,21,20,0,0,0,-0.050000000000000044,-0.04761904761904767,product,product,false,source_metadata.target,0.95,0.9523809523809523,20.0,19.0,21.0,20.0,20,19,21,20,-0.050000000000000044,-0.04761904761904767,product,product,native,0,0.9230769230769231,0.0,1.0,0,0,0,0,0,0,0,0,0,0,0,0,0,0,600.0,30.0,30.0,5.0
walles__px-50,42,42,update_status,SW42,1.0,1.0,20.0,20.0,21.0,21.0,20,20,21,21,0,0,0,0.050000000000000044,0.04761904761904767,none,none,false,source_metadata.target,1.0,1.0,20.0,20.0,21.0,21.0,20,20,21,21,0.050000000000000044,0.04761904761904767,none,none,native,0,1.0,0.0,1.0,0,0,0,0,0,0,0,0,0,0,0,0,0,0,600.0,0.0,0.0,5.0
walles__px-50,44,43,add_subtask,SW44,0.9523809523809523,0.9545454545454546,21.0,20.0,22.0,21.0,21,20,22,21,0,0,0,-0.04761904761904767,-0.045454545454545414,product,product,false,source_metadata.target,0.9523809523809523,0.9545454545454546,21.0,20.0,22.0,21.0,21,20,22,21,-0.04761904761904767,-0.045454545454545414,product,product,native,0,0.9285714285714286,0.0,1.0,0,0,0,0,0,0,0,0,0,0,0,0,0,0,630.0,30.0,30.0,5.0
walles__px-50,44,44,update_status,SW44,1.0,1.0,21.0,21.0,22.0,22.0,21,21,22,22,0,0,0,0.04761904761904767,0.045454545454545414,none,none,false,source_metadata.target,1.0,1.0,21.0,21.0,22.0,22.0,21,21,22,22,0.04761904761904767,0.045454545454545414,none,none,native,0,1.0,0.0,1.0,0,0,0,0,0,0,0,0,0,0,0,0,0,0,630.0,0.0,0.0,5.0
walles__px-50,46,45,add_subtask,SW46,0.9545454545454546,0.9565217391304348,22.0,21.0,23.0,22.0,22,21,23,22,0,0,0,-0.045454545454545414,-0.04347826086956519,product,product,false,source_metadata.target,0.9545454545454546,0.9565217391304348,22.0,21.0,23.0,22.0,22,21,23,22,-0.045454545454545414,-0.04347826086956519,product,product,native,0,0.9333333333333333,0.0,1.0,0,0,0,0,0,0,0,0,0,0,0,0,0,0,660.0,30.0,30.0,5.0
walles__px-50,46,46,update_status,SW46,1.0,1.0,22.0,22.0,23.0,23.0,22,22,23,23,0,0,0,0.045454545454545414,0.04347826086956519,none,none,false,source_metadata.target,1.0,1.0,22.0,22.0,23.0,23.0,22,22,23,23,0.045454545454545414,0.04347826086956519,none,none,native,0,1.0,0.0,1.0,0,0,0,0,0,0,0,0,0,0,0,0,0,0,660.0,0.0,0.0,5.0
walles__px-50,48,47,add_subtask,SW48,0.9565217391304348,0.9583333333333334,23.0,22.0,24.0,23.0,23,22,24,23,0,0,0,-0.04347826086956519,-0.04166666666666663,product,product,false,source_metadata.target,0.9565217391304348,0.9583333333333334,23.0,22.0,24.0,23.0,23,22,24,23,-0.04347826086956519,-0.04166666666666663,product,product,native,0,0.9375,0.0,1.0,0,0,0,0,0,0,0,0,0,0,0,0,0,0,690.0,30.0,30.0,5.0
walles__px-50,48,48,update_status,SW48,1.0,1.0,23.0,23.0,24.0,24.0,23,23,24,24,0,0,0,0.04347826086956519,0.04166666666666663,none,none,false,source_metadata.target,1.0,1.0,23.0,23.0,24.0,24.0,23,23,24,24,0.04347826086956519,0.04166666666666663,none,none,native,0,1.0,0.0,1.0,0,0,0,0,0,0,0,0,0,0,0,0,0,0,690.0,0.0,0.0,5.0
walles__px-50,50,49,add_subtask,SW50,0.9583333333333334,0.96,24.0,23.0,25.0,24.0,24,23,25,24,0,0,0,-0.04166666666666663,-0.040000000000000036,product,product,false,source_metadata.target,0.9583333333333334,0.96,24.0,23.0,25.0,24.0,24,23,25,24,-0.04166666666666663,-0.040000000000000036,product,product,native,0,0.9411764705882353,0.0,1.0,0,0,0,0,0,0,0,0,0,0,0,0,0,0,720.0,30.0,30.0,5.0
walles__px-50,50,50,update_status,SW50,1.0,1.0,24.0,24.0,25.0,25.0,24,24,25,25,0,0,0,0.04166666666666663,0.040000000000000036,none,none,false,source_metadata.target,1.0,1.0,24.0,24.0,25.0,25.0,24,24,25,25,0.04166666666666663,0.040000000000000036,none,none,native,0,1.0,0.0,1.0,0,0,0,0,0,0,0,0,0,0,0,0,0,0,720.0,0.0,0.0,5.0
walles__px-50,52,51,add_subtask,SW52,0.96,0.9615384615384616,25.0,24.0,26.0,25.0,25,24,26,25,0,0,0,-0.040000000000000036,-0.038461538461538436,product,product,false,source_metadata.target,0.96,0.9615384615384616,25.0,24.0,26.0,25.0,25,24,26,25,-0.040000000000000036,-0.038461538461538436,product,product,native,0,0.9444444444444444,0.0,1.0,0,0,0,0,0,0,0,0,0,0,0,0,0,0,750.0,30.0,30.0,5.0
walles__px-50,52,52,update_status,SW52,1.0,1.0,25.0,25.0,26.0,26.0,25,25,26,26,0,0,0,0.040000000000000036,0.038461538461538436,none,none,false,source_metadata.target,1.0,1.0,25.0,25.0,26.0,26.0,25,25,26,26,0.040000000000000036,0.038461538461538436,none,none,native,0,1.0,0.0,1.0,0,0,0,0,0,0,0,0,0,0,0,0,0,0,750.0,0.0,0.0,5.0
walles__px-50,54,53,add_subtask,SW54,0.9615384615384616,0.9629629629629629,26.0,25.0,27.0,26.0,26,25,27,26,0,0,0,-0.038461538461538436,-0.03703703703703709,product,product,false,source_metadata.target,0.9615384615384616,0.9629629629629629,26.0,25.0,27.0,26.0,26,25,27,26,-0.038461538461538436,-0.03703703703703709,product,product,native,0,0.9473684210526315,0.0,1.0,0,0,0,0,0,0,0,0,0,0,0,0,0,0,780.0,30.0,30.0,5.0
walles__px-50,54,54,update_status,SW54,1.0,1.0,26.0,26.0,27.0,27.0,26,26,27,27,0,0,0,0.038461538461538436,0.03703703703703709,none,none,false,source_metadata.target,1.0,1.0,26.0,26.0,27.0,27.0,26,26,27,27,0.038461538461538436,0.03703703703703709,none,none,native,0,1.0,0.0,1.0,0,0,0,0,0,0,0,0,0,0,0,0,0,0,780.0,0.0,0.0,5.0
walles__px-50,56,55,add_subtask,SW56,0.9629629629629629,0.9642857142857143,27.0,26.0,28.0,27.0,27,26,28,27,0,0,0,-0.03703703703703709,-0.0357142857142857,product,product,false,source_metadata.target,0.9629629629629629,0.9642857142857143,27.0,26.0,28.0,27.0,27,26,28,27,-0.03703703703703709,-0.0357142857142857,product,product,native,0,0.95,0.0,1.0,0,0,0,0,0,0,0,0,0,0,0,0,0,0,810.0,30.0,30.0,5.0
walles__px-50,56,56,update_status,SW56,1.0,1.0,27.0,27.0,28.0,28.0,27,27,28,28,0,0,0,0.03703703703703709,0.0357142857142857,none,none,false,source_metadata.target,1.0,1.0,27.0,27.0,28.0,28.0,27,27,28,28,0.03703703703703709,0.0357142857142857,none,none,native,0,1.0,0.0,1.0,0,0,0,0,0,0,0,0,0,0,0,0,0,0,810.0,0.0,0.0,5.0
walles__px-50,58,57,add_subtask,SW58,0.9642857142857143,0.9655172413793104,28.0,27.0,29.0,28.0,28,27,29,28,0,0,0,-0.0357142857142857,-0.03448275862068961,product,product,false,source_metadata.target,0.9642857142857143,0.9655172413793104,28.0,27.0,29.0,28.0,28,27,29,28,-0.0357142857142857,-0.03448275862068961,product,product,native,0,0.9523809523809523,0.0,1.0,0,0,0,0,0,0,0,0,0,0,0,0,0,0,840.0,30.0,30.0,5.0
walles__px-50,58,58,update_status,SW58,1.0,1.0,28.0,28.0,29.0,29.0,28,28,29,29,0,0,0,0.0357142857142857,0.03448275862068961,none,none,false,source_metadata.target,1.0,1.0,28.0,28.0,29.0,29.0,28,28,29,29,0.0357142857142857,0.03448275862068961,none,none,native,0,1.0,0.0,1.0,0,0,0,0,0,0,0,0,0,0,0,0,0,0,840.0,0.0,0.0,5.0
walles__px-50,60,59,add_subtask,SW60,0.9655172413793104,0.9666666666666667,29.0,28.0,30.0,29.0,29,28,30,29,0,0,0,-0.03448275862068961,-0.033333333333333326,product,product,false,source_metadata.target,0.9655172413793104,0.9666666666666667,29.0,28.0,30.0,29.0,29,28,30,29,-0.03448275862068961,-0.033333333333333326,product,product,native,0,0.9545454545454546,0.0,1.0,0,0,0,0,0,0,0,0,0,0,0,0,0,0,870.0,30.0,30.0,5.0
walles__px-50,60,60,update_status,SW60,1.0,1.0,29.0,29.0,30.0,30.0,29,29,30,30,0,0,0,0.03448275862068961,0.033333333333333326,none,none,false,source_metadata.target,1.0,1.0,29.0,29.0,30.0,30.0,29,29,30,30,0.03448275862068961,0.033333333333333326,none,none,native,0,1.0,0.0,1.0,0,0,0,0,0,0,0,0,0,0,0,0,0,0,870.0,0.0,0.0,5.0
walles__px-50,62,61,add_subtask,SW62,0.9666666666666667,0.967741935483871,30.0,29.0,31.0,30.0,30,29,31,30,0,0,0,-0.033333333333333326,-0.032258064516129004,product,product,false,source_metadata.target,0.9666666666666667,0.967741935483871,30.0,29.0,31.0,30.0,30,29,31,30,-0.033333333333333326,-0.032258064516129004,product,product,native,0,0.9565217391304348,0.0,1.0,0,0,0,0,0,0,0,0,0,0,0,0,0,0,900.0,30.0,30.0,5.0
walles__px-50,62,62,update_status,SW62,1.0,1.0,30.0,30.0,31.0,31.0,30,30,31,31,0,0,0,0.033333333333333326,0.032258064516129004,none,none,false,source_metadata.target,1.0,1.0,30.0,30.0,31.0,31.0,30,30,31,31,0.033333333333333326,0.032258064516129004,none,none,native,0,1.0,0.0,1.0,0,0,0,0,0,0,0,0,0,0,0,0,0,0,900.0,0.0,0.0,5.0
walles__px-50,64,63,add_subtask,SW64,0.967741935483871,0.96875,31.0,30.0,32.0,31.0,31,30,32,31,0,0,0,-0.032258064516129004,-0.03125,product,product,false,source_metadata.target,0.967741935483871,0.96875,31.0,30.0,32.0,31.0,31,30,32,31,-0.032258064516129004,-0.03125,product,product,native,0,0.9583333333333334,0.0,1.0,0,0,0,0,0,0,0,0,0,0,0,0,0,0,930.0,30.0,30.0,5.0
walles__px-50,64,64,update_status,SW64,1.0,1.0,31.0,31.0,32.0,32.0,31,31,32,32,0,0,0,0.032258064516129004,0.03125,none,none,false,source_metadata.target,1.0,1.0,31.0,31.0,32.0,32.0,31,31,32,32,0.032258064516129004,0.03125,none,none,native,0,1.0,0.0,1.0,0,0,0,0,0,0,0,0,0,0,0,0,0,0,930.0,0.0,0.0,5.0
walles__px-50,66,65,add_subtask,SW66,0.96875,0.9696969696969697,32.0,31.0,33.0,32.0,32,31,33,32,0,0,0,-0.03125,-0.030303030303030276,product,product,false,source_metadata.target,0.96875,0.9696969696969697,32.0,31.0,33.0,32.0,32,31,33,32,-0.03125,-0.030303030303030276,product,product,native,0,0.96,0.0,1.0,0,0,0,0,0,0,0,0,0,0,0,0,0,0,960.0,30.0,30.0,5.0
walles__px-50,66,66,update_status,SW66,1.0,1.0,32.0,32.0,33.0,33.0,32,32,33,33,0,0,0,0.03125,0.030303030303030276,none,none,false,source_metadata.target,1.0,1.0,32.0,32.0,33.0,33.0,32,32,33,33,0.03125,0.030303030303030276,none,none,native,0,1.0,0.0,1.0,0,0,0,0,0,0,0,0,0,0,0,0,0,0,960.0,0.0,0.0,5.0
walles__px-50,68,67,add_subtask,SW68,0.9696969696969697,0.9705882352941176,33.0,32.0,34.0,33.0,33,32,34,33,0,0,0,-0.030303030303030276,-0.02941176470588236,product,product,false,source_metadata.target,0.9696969696969697,0.9705882352941176,33.0,32.0,34.0,33.0,33,32,34,33,-0.030303030303030276,-0.02941176470588236,product,product,native,0,0.9615384615384616,0.0,1.0,0,0,0,0,0,0,0,0,0,0,0,0,0,0,990.0,30.0,30.0,5.0
walles__px-50,68,68,update_status,SW68,1.0,1.0,33.0,33.0,34.0,34.0,33,33,34,34,0,0,0,0.030303030303030276,0.02941176470588236,none,none,false,source_metadata.target,1.0,1.0,33.0,33.0,34.0,34.0,33,33,34,34,0.030303030303030276,0.02941176470588236,none,none,native,0,1.0,0.0,1.0,0,0,0,0,0,0,0,0,0,0,0,0,0,0,990.0,0.0,0.0,5.0
walles__px-50,70,69,add_subtask,SW70,0.9705882352941176,0.9714285714285714,34.0,33.0,35.0,34.0,34,33,35,34,0,0,0,-0.02941176470588236,-0.02857142857142858,product,product,false,source_metadata.target,0.9705882352941176,0.9714285714285714,34.0,33.0,35.0,34.0,34,33,35,34,-0.02941176470588236,-0.02857142857142858,product,product,native,0,0.9629629629629629,0.0,1.0,0,0,0,0,0,0,0,0,0,0,0,0,0,0,1020.0,30.0,30.0,5.0
walles__px-50,70,70,update_status,SW70,1.0,1.0,34.0,34.0,35.0,35.0,34,34,35,35,0,0,0,0.02941176470588236,0.02857142857142858,none,none,false,source_metadata.target,1.0,1.0,34.0,34.0,35.0,35.0,34,34,35,35,0.02941176470588236,0.02857142857142858,none,none,native,0,1.0,0.0,1.0,0,0,0,0,0,0,0,0,0,0,0,0,0,0,1020.0,0.0,0.0,5.0
walles__px-50,72,71,add_subtask,SW72,0.9714285714285714,0.9722222222222222,35.0,34.0,36.0,35.0,35,34,36,35,0,0,0,-0.02857142857142858,-0.02777777777777779,product,product,false,source_metadata.target,0.9714285714285714,0.9722222222222222,35.0,34.0,36.0,35.0,35,34,36,35,-0.02857142857142858,-0.02777777777777779,product,product,native,0,0.9642857142857143,0.0,1.0,0,0,0,0,0,0,0,0,0,0,0,0,0,0,1050.0,30.0,30.0,5.0
walles__px-50,72,72,update_status,SW72,1.0,1.0,35.0,35.0,36.0,36.0,35,35,36,36,0,0,0,0.02857142857142858,0.02777777777777779,none,none,false,source_metadata.target,1.0,1.0,35.0,35.0,36.0,36.0,35,35,36,36,0.02857142857142858,0.02777777777777779,none,none,native,0,1.0,0.0,1.0,0,0,0,0,0,0,0,0,0,0,0,0,0,0,1050.0,0.0,0.0,5.0
walles__px-50,74,73,add_subtask,SW74,0.9722222222222222,0.972972972972973,36.0,35.0,37.0,36.0,36,35,37,36,0,0,0,-0.02777777777777779,-0.027027027027026973,product,product,false,source_metadata.target,0.9722222222222222,0.972972972972973,36.0,35.0,37.0,36.0,36,35,37,36,-0.02777777777777779,-0.027027027027026973,product,product,native,0,0.9655172413793104,0.0,1.0,0,0,0,0,0,0,0,0,0,0,0,0,0,0,1080.0,30.0,30.0,5.0
walles__px-50,74,74,update_status,SW74,1.0,1.0,36.0,36.0,37.0,37.0,36,36,37,37,0,0,0,0.02777777777777779,0.027027027027026973,none,none,false,source_metadata.target,1.0,1.0,36.0,36.0,37.0,37.0,36,36,37,37,0.02777777777777779,0.027027027027026973,none,none,native,0,1.0,0.0,1.0,0,0,0,0,0,0,0,0,0,0,0,0,0,0,1080.0,0.0,0.0,5.0
walles__px-50,76,75,add_subtask,SW76,0.972972972972973,0.9736842105263158,37.0,36.0,38.0,37.0,37,36,38,37,0,0,0,-0.027027027027026973,-0.02631578947368418,product,product,false,source_metadata.target,0.972972972972973,0.9736842105263158,37.0,36.0,38.0,37.0,37,36,38,37,-0.027027027027026973,-0.02631578947368418,product,product,native,0,0.9666666666666667,0.0,1.0,0,0,0,0,0,0,0,0,0,0,0,0,0,0,1110.0,30.0,30.0,5.0
walles__px-50,76,76,update_status,SW76,1.0,1.0,37.0,37.0,38.0,38.0,37,37,38,38,0,0,0,0.027027027027026973,0.02631578947368418,none,none,false,source_metadata.target,1.0,1.0,37.0,37.0,38.0,38.0,37,37,38,38,0.027027027027026973,0.02631578947368418,none,none,native,0,1.0,0.0,1.0,0,0,0,0,0,0,0,0,0,0,0,0,0,0,1110.0,0.0,0.0,5.0
walles__px-50,78,77,add_subtask,SW78,0.9736842105263158,0.9743589743589743,38.0,37.0,39.0,38.0,38,37,39,38,0,0,0,-0.02631578947368418,-0.02564102564102566,product,product,false,source_metadata.target,0.9736842105263158,0.9743589743589743,38.0,37.0,39.0,38.0,38,37,39,38,-0.02631578947368418,-0.02564102564102566,product,product,native,0,0.967741935483871,0.0,1.0,0,0,0,0,0,0,0,0,0,0,0,0,0,0,1140.0,30.0,30.0,5.0
walles__px-50,78,78,update_status,SW78,1.0,1.0,38.0,38.0,39.0,39.0,38,38,39,39,0,0,0,0.02631578947368418,0.02564102564102566,none,none,false,source_metadata.target,1.0,1.0,38.0,38.0,39.0,39.0,38,38,39,39,0.02631578947368418,0.02564102564102566,none,none,native,0,1.0,0.0,1.0,0,0,0,0,0,0,0,0,0,0,0,0,0,0,1140.0,0.0,0.0,5.0
walles__px-50,80,79,add_subtask,SW80,0.9743589743589743,0.975,39.0,38.0,40.0,39.0,39,38,40,39,0,0,0,-0.02564102564102566,-0.025000000000000022,product,product,false,source_metadata.target,0.9743589743589743,0.975,39.0,38.0,40.0,39.0,39,38,40,39,-0.02564102564102566,-0.025000000000000022,product,product,native,0,0.96875,0.0,1.0,0,0,0,0,0,0,0,0,0,0,0,0,0,0,1170.0,30.0,30.0,5.0
walles__px-50,80,80,update_status,SW80,0.9743589743589743,0.975,39.0,38.0,40.0,39.0,39,38,40,39,0,0,0,0.0,0.0,none,none,false,source_metadata.target,0.9743589743589743,0.975,39.0,38.0,40.0,39.0,39,38,40,39,0.0,0.0,none,none,native,0,0.96875,0.0,1.0,0,0,0,0,0,0,0,0,0,0,0,0,0,0,1170.0,0.0,30.0,5.0
