trace_key,source,exit_status,first_stuck_step,total_turns,stuck_progress,continued_turns
swe-agent:000002:AnalogJ__lexicon-336,swe-agent,submitted (exit_context),24,59,0.4067796610169492,35
swe-agent:000023:Azure__azure-functions-python-worker-890,swe-agent,submitted,16,33,0.48484848484848486,17
swe-agent:000037:Melevir__cognitive_complexity-15,swe-agent,submitted,38,57,0.6666666666666666,19
swe-agent:000051:Melevir__cognitive_complexity-15,swe-agent,submitted (exit_context),50,89,0.5617977528089888,39
swe-agent:000059:Melevir__cognitive_complexity-15,swe-agent,submitted,34,45,0.7555555555555555,11
swe-agent:000060:Melevir__cognitive_complexity-15,swe-agent,submitted,18,43,0.4186046511627907,25
swe-agent:000063:Melevir__cognitive_complexity-15,swe-agent,submitted (exit_context),22,71,0.30985915492957744,49
swe-agent:000064:Melevir__cognitive_complexity-15,swe-agent,submitted,26,69,0.37681159420289856,43
swe-agent:000077:PyCQA__pyflakes-761,swe-agent,submitted,62,77,0.8051948051948052,15
swe-agent:000095:ShawHahnLab__igseq-2,swe-agent,submitted,62,65,0.9538461538461539,3
swe-agent:000101:ShawHahnLab__igseq-2,swe-agent,submitted (exit_context),42,51,0.8235294117647058,9
swe-agent:000105:ShawHahnLab__igseq-2,swe-agent,submitted (exit_context),52,53,0.9811320754716981,1
swe-agent:000113:TACC__agavepy-62,swe-agent,submitted (exit_context),16,117,0.13675213675213677,101
swe-agent:000119:TACC__agavepy-62,swe-agent,submitted,36,45,0.8,9
swe-agent:000120:TheFriendlyCoder__pyjen-113,swe-agent,submitted,24,45,0.5333333333333333,21
swe-agent:000154:airspeed-velocity__asv-702,swe-agent,submitted (exit_context),28,29,0.9655172413793104,1
swe-agent:000159:airspeed-velocity__asv-702,swe-agent,exit_context,16,175,0.09142857142857143,159
swe-agent:000160:airspeed-velocity__asv-702,swe-agent,submitted (exit_context),22,133,0.16541353383458646,111
swe-agent:000165:airspeed-velocity__asv-702,swe-agent,submitted,18,55,0.32727272727272727,37
swe-agent:000181:asottile__pyupgrade-142,swe-agent,submitted (exit_context),16,99,0.16161616161616163,83
swe-agent:000204:asottile__pyupgrade-142,swe-agent,exit_context,22,25,0.88,3
swe-agent:000218:asottile__pyupgrade-142,swe-agent,submitted (exit_context),32,65,0.49230769230769234,33
swe-agent:000237:asottile__pyupgrade-147,swe-agent,submitted (exit_context),40,397,0.10075566750629723,357
swe-agent:000244:asottile__pyupgrade-147,swe-agent,submitted,24,29,0.8275862068965517,5
swe-agent:000251:asottile__pyupgrade-147,swe-agent,submitted,24,35,0.6857142857142857,11
swe-agent:000288:auth0__auth0-python-477,swe-agent,submitted (exit_context),20,83,0.24096385542168675,63
swe-agent:000292:auth0__auth0-python-477,swe-agent,submitted (exit_context),20,91,0.21978021978021978,71
swe-agent:000295:aws-cloudformation__cloudformation-cli-python-plugin-236,swe-agent,submitted (exit_context),40,221,0.18099547511312217,181
swe-agent:000318:benjamincorcoran__sasdocs-41,swe-agent,submitted,30,41,0.7317073170731707,11
swe-agent:000355:casbin__pycasbin-53,swe-agent,submitted,24,41,0.5853658536585366,17
swe-agent:000357:casbin__pycasbin-53,swe-agent,exit_context,18,373,0.04825737265415549,355
swe-agent:000362:casbin__pycasbin-53,swe-agent,submitted,42,47,0.8936170212765957,5
swe-agent:000368:cytomining__pycytominer-62,swe-agent,submitted (exit_context),24,67,0.3582089552238806,43
swe-agent:000374:dask__dask-jobqueue-563,swe-agent,exit_context,26,49,0.5306122448979592,23
swe-agent:000382:dask__dask-jobqueue-563,swe-agent,submitted,24,39,0.6153846153846154,15
swe-agent:000386:dask__dask-jobqueue-563,swe-agent,submitted,14,39,0.358974358974359,25
swe-agent:000410:fairlearn__fairlearn-896,swe-agent,submitted,60,75,0.8,15
swe-agent:000424:geopandas__geopandas-3240,swe-agent,submitted (exit_context),36,55,0.6545454545454545,19
swe-agent:000434:google__latexify_py-67,swe-agent,submitted (exit_context),38,83,0.4578313253012048,45
swe-agent:000435:google__latexify_py-67,swe-agent,submitted (exit_context),28,49,0.5714285714285714,21
swe-agent:000450:google__mobly-472,swe-agent,exit_context,32,81,0.3950617283950617,49
swe-agent:000506:iris-hep__func_adl-116,swe-agent,submitted (exit_context),38,61,0.6229508196721312,23
swe-agent:000514:iterative__dvc-3462,swe-agent,submitted (exit_context),32,85,0.3764705882352941,53
swe-agent:000529:iterative__dvc-5785,swe-agent,exit_context,22,87,0.25287356321839083,65
swe-agent:000547:iterative__dvc-5785,swe-agent,submitted,22,35,0.6285714285714286,13
swe-agent:000551:iterative__dvc-5785,swe-agent,submitted,24,33,0.7272727272727273,9
swe-agent:000563:iterative__dvc-5785,swe-agent,submitted,32,75,0.4266666666666667,43
swe-agent:000569:iterative__dvc-5785,swe-agent,submitted,20,61,0.32786885245901637,41
swe-agent:000572:iterative__dvc-5785,swe-agent,submitted,42,67,0.6268656716417911,25
swe-agent:000574:iterative__dvc-6303,swe-agent,submitted (exit_context),30,93,0.3225806451612903,63
swe-agent:000586:iterative__dvc-6303,swe-agent,submitted,10,31,0.3225806451612903,21
swe-agent:000589:iterative__dvc-7205,swe-agent,submitted,38,41,0.926829268292683,3
swe-agent:000590:iterative__dvc-7205,swe-agent,submitted (exit_context),64,131,0.48854961832061067,67
swe-agent:000591:iterative__dvc-7205,swe-agent,submitted,18,29,0.6206896551724138,11
swe-agent:000592:iterative__dvc-7205,swe-agent,submitted (exit_context),42,123,0.34146341463414637,81
swe-agent:000593:iterative__dvc-7205,swe-agent,submitted,22,33,0.6666666666666666,11
swe-agent:000595:iterative__dvc-7205,swe-agent,submitted (exit_context),68,111,0.6126126126126126,43
swe-agent:000596:iterative__dvc-7205,swe-agent,submitted,30,41,0.7317073170731707,11
swe-agent:000598:iterative__dvc-7205,swe-agent,submitted (exit_context),52,63,0.8253968253968254,11
swe-agent:000599:iterative__dvc-7205,swe-agent,early_exit,56,293,0.19112627986348124,237
swe-agent:000602:iterative__dvc-7205,swe-agent,exit_context,14,17,0.8235294117647058,3
swe-agent:000603:iterative__dvc-7205,swe-agent,submitted (exit_context),44,123,0.35772357723577236,79
swe-agent:000604:iterative__dvc-7205,swe-agent,submitted (exit_context),56,89,0.6292134831460674,33
swe-agent:000623:just-work__fffw-100,swe-agent,submitted (exit_context),34,69,0.4927536231884058,35
swe-agent:000633:just-work__fffw-100,swe-agent,submitted,18,67,0.26865671641791045,49
swe-agent:000668:matchms__matchms-187,swe-agent,submitted (exit_context),20,79,0.25316455696202533,59
swe-agent:000674:matchms__matchms-187,swe-agent,submitted (exit_context),82,275,0.29818181818181816,193
swe-agent:000705:networkx__networkx-7024,swe-agent,submitted (exit_context),22,107,0.205607476635514,85
swe-agent:000711:networkx__networkx-7024,swe-agent,submitted (exit_context),22,91,0.24175824175824176,69
swe-agent:000727:networkx__networkx-7024,swe-agent,submitted (exit_context),18,85,0.21176470588235294,67
swe-agent:000736:networkx__networkx-7024,swe-agent,submitted (exit_context),26,89,0.29213483146067415,63
swe-agent:000740:networkx__networkx-7024,swe-agent,submitted (exit_context),34,55,0.6181818181818182,21
swe-agent:000747:networkx__networkx-7024,swe-agent,submitted (exit_context),38,91,0.4175824175824176,53
swe-agent:000766:networkx__networkx-7024,swe-agent,submitted,18,25,0.72,7
swe-agent:000780:networkx__networkx-7024,swe-agent,submitted (exit_context),44,101,0.43564356435643564,57
swe-agent:000795:nipy__nipype-2597,swe-agent,submitted (exit_context),32,47,0.6808510638297872,15
swe-agent:000804:nose-devs__nose2-472,swe-agent,submitted (exit_context),32,63,0.5079365079365079,31
swe-agent:000811:nose-devs__nose2-472,swe-agent,submitted (exit_context),48,49,0.9795918367346939,1
swe-agent:000812:nose-devs__nose2-472,swe-agent,submitted (exit_context),46,91,0.5054945054945055,45
swe-agent:000823:omni-us__jsonargparse-176,swe-agent,submitted (exit_context),60,63,0.9523809523809523,3
swe-agent:000827:omni-us__jsonargparse-176,swe-agent,submitted,22,65,0.3384615384615385,43
swe-agent:000838:omni-us__jsonargparse-176,swe-agent,submitted (exit_context),30,55,0.5454545454545454,25
swe-agent:000855:peterbe__premailer-218,swe-agent,exit_context,12,55,0.21818181818181817,43
swe-agent:000868:peterbe__premailer-218,swe-agent,submitted (exit_context),22,97,0.2268041237113402,75
swe-agent:000869:peterbe__premailer-218,swe-agent,submitted (exit_context),22,95,0.23157894736842105,73
swe-agent:000871:peterbe__premailer-218,swe-agent,submitted (exit_context),28,69,0.4057971014492754,41
swe-agent:000875:peterbe__premailer-218,swe-agent,submitted,10,15,0.6666666666666666,5
swe-agent:000877:peterbe__premailer-218,swe-agent,exit_context,24,67,0.3582089552238806,43
swe-agent:000884:peterbe__premailer-218,swe-agent,submitted,28,41,0.6829268292682927,13
swe-agent:000893:peterbe__premailer-218,swe-agent,exit_context,12,51,0.23529411764705882,39
swe-agent:000897:peterbe__premailer-218,swe-agent,submitted (exit_context),50,83,0.6024096385542169,33
swe-agent:000906:planetlabs__planet-client-python-621,swe-agent,submitted (exit_context),42,55,0.7636363636363637,13
swe-agent:000915:planetlabs__planet-client-python-621,swe-agent,submitted (exit_context),22,93,0.23655913978494625,71
swe-agent:000917:planetlabs__planet-client-python-621,swe-agent,exit_context,26,313,0.08306709265175719,287
swe-agent:000924:ppizarror__pygame-menu-357,swe-agent,submitted (exit_context),44,75,0.5866666666666667,31
swe-agent:000925:ppizarror__pygame-menu-357,swe-agent,submitted (exit_context),74,81,0.9135802469135802,7
swe-agent:000927:ppizarror__pygame-menu-357,swe-agent,submitted (exit_context),44,61,0.7213114754098361,17
swe-agent:000935:ppizarror__pygame-menu-357,swe-agent,submitted (exit_context),72,89,0.8089887640449438,17
swe-agent:000944:ppizarror__pygame-menu-357,swe-agent,submitted (exit_context),52,149,0.348993288590604,97
swe-agent:000949:ppizarror__pygame-menu-357,swe-agent,submitted (exit_context),28,67,0.417910447761194,39
swe-agent:000953:ppizarror__pygame-menu-357,swe-agent,submitted (exit_context),38,63,0.6031746031746031,25
swe-agent:000956:ppizarror__pygame-menu-357,swe-agent,submitted (exit_context),26,79,0.3291139240506329,53
swe-agent:000957:ppizarror__pygame-menu-357,swe-agent,submitted (exit_context),40,57,0.7017543859649122,17
swe-agent:000964:ppizarror__pygame-menu-357,swe-agent,submitted (exit_context),18,97,0.18556701030927836,79
swe-agent:000974:ppizarror__pygame-menu-357,swe-agent,submitted (exit_context),56,129,0.43410852713178294,73
swe-agent:000976:ppizarror__pygame-menu-357,swe-agent,submitted (exit_context),52,109,0.47706422018348627,57
swe-agent:000981:ppizarror__pygame-menu-357,swe-agent,submitted (exit_context),42,65,0.6461538461538462,23
swe-agent:000983:ppizarror__pygame-menu-357,swe-agent,submitted (exit_context),40,125,0.32,85
swe-agent:000986:ppizarror__pygame-menu-357,swe-agent,submitted (exit_context),38,169,0.22485207100591717,131
swe-agent:000989:ppizarror__pygame-menu-357,swe-agent,submitted (exit_context),26,169,0.15384615384615385,143
swe-agent:001001:ppizarror__pygame-menu-357,swe-agent,submitted (exit_context),46,73,0.6301369863013698,27
swe-agent:001010:pvlib__pvlib-python-1296,swe-agent,submitted (exit_context),70,77,0.9090909090909091,7
swe-agent:001022:pydantic__pydantic-1989,swe-agent,submitted,30,47,0.6382978723404256,17
swe-agent:001051:pydantic__pydantic-4350,swe-agent,submitted (exit_context),26,47,0.5531914893617021,21
swe-agent:001053:pydantic__pydantic-4350,swe-agent,exit_context,50,251,0.199203187250996,201
swe-agent:001076:pydantic__pydantic-4350,swe-agent,submitted,8,19,0.42105263157894735,11
swe-agent:001077:pydicom__pydicom-1555,swe-agent,submitted,98,107,0.9158878504672897,9
swe-agent:001108:python-visualization__folium-1633,swe-agent,submitted (exit_context),32,51,0.6274509803921569,19
swe-agent:001127:reata__sqllineage-17,swe-agent,submitted (exit_context),24,81,0.2962962962962963,57
swe-agent:001139:reata__sqllineage-17,swe-agent,submitted (exit_context),30,43,0.6976744186046512,13
swe-agent:001141:reata__sqllineage-17,swe-agent,submitted (exit_context),46,75,0.6133333333333333,29
swe-agent:001144:reata__sqllineage-17,swe-agent,exit_context,28,53,0.5283018867924528,25
swe-agent:001158:reata__sqllineage-17,swe-agent,submitted (exit_context),20,47,0.425531914893617,27
swe-agent:001163:reata__sqllineage-17,swe-agent,submitted (exit_context),48,73,0.6575342465753424,25
swe-agent:001166:reata__sqllineage-17,swe-agent,exit_context,16,69,0.2318840579710145,53
swe-agent:001167:reata__sqllineage-17,swe-agent,submitted (exit_context),26,41,0.6341463414634146,15
swe-agent:001175:reata__sqllineage-17,swe-agent,submitted (exit_context),34,41,0.8292682926829268,7
swe-agent:001178:reata__sqllineage-17,swe-agent,submitted (exit_context),26,65,0.4,39
swe-agent:001179:reata__sqllineage-17,swe-agent,submitted (exit_context),68,103,0.6601941747572816,35
swe-agent:001182:reata__sqllineage-17,swe-agent,submitted,48,67,0.7164179104477612,19
swe-agent:001183:reata__sqllineage-17,swe-agent,submitted (exit_context),38,55,0.6909090909090909,17
swe-agent:001185:reata__sqllineage-17,swe-agent,submitted (exit_context),36,61,0.5901639344262295,25
swe-agent:001196:robotpy__robotpy-cppheaderparser-28,swe-agent,submitted (exit_context),46,53,0.8679245283018868,7
swe-agent:001200:robotpy__robotpy-cppheaderparser-28,swe-agent,submitted (exit_context),32,295,0.10847457627118644,263
swe-agent:001220:scikit-hep__cabinetry-396,swe-agent,submitted,20,21,0.9523809523809523,1
swe-agent:001226:scikit-hep__cabinetry-396,swe-agent,submitted,18,39,0.46153846153846156,21
swe-agent:001240:scikit-hep__cabinetry-396,swe-agent,submitted (exit_context),44,107,0.411214953271028,63
swe-agent:001255:scikit-hep__cabinetry-396,swe-agent,submitted,20,29,0.6896551724137931,9
swe-agent:001267:scrapy__itemadapter-18,swe-agent,submitted,14,17,0.8235294117647058,3
swe-agent:001269:scrapy__itemadapter-18,swe-agent,submitted (exit_context),12,43,0.27906976744186046,31
swe-agent:001277:serge-sans-paille__beniget-70,swe-agent,submitted (exit_context),34,61,0.5573770491803278,27
swe-agent:001288:serge-sans-paille__gast-59,swe-agent,submitted,52,53,0.9811320754716981,1
swe-agent:001289:serge-sans-paille__gast-59,swe-agent,submitted (exit_context),42,81,0.5185185185185185,39
swe-agent:001291:serge-sans-paille__gast-59,swe-agent,submitted (exit_context),150,261,0.5747126436781609,111
swe-agent:001294:serge-sans-paille__gast-59,swe-agent,submitted (exit_context),36,59,0.6101694915254238,23
swe-agent:001297:serge-sans-paille__gast-59,swe-agent,submitted (exit_context),62,99,0.6262626262626263,37
swe-agent:001298:serge-sans-paille__gast-59,swe-agent,submitted (exit_context),58,91,0.6373626373626373,33
swe-agent:001300:serge-sans-paille__gast-59,swe-agent,submitted (exit_context),60,101,0.594059405940594,41
swe-agent:001302:serge-sans-paille__gast-59,swe-agent,submitted (exit_context),48,69,0.6956521739130435,21
swe-agent:001308:serge-sans-paille__gast-59,swe-agent,submitted (exit_context),30,97,0.30927835051546393,67
swe-agent:001309:serge-sans-paille__gast-59,swe-agent,submitted (exit_context),74,75,0.9866666666666667,1
swe-agent:001313:serge-sans-paille__gast-59,swe-agent,submitted (exit_context),38,113,0.336283185840708,75
swe-agent:001316:serge-sans-paille__gast-59,swe-agent,submitted (exit_context),42,91,0.46153846153846156,49
swe-agent:001317:serge-sans-paille__gast-59,swe-agent,submitted (exit_context),16,63,0.25396825396825395,47
swe-agent:001326:serge-sans-paille__gast-59,swe-agent,submitted,38,69,0.5507246376811594,31
swe-agent:001327:serge-sans-paille__gast-59,swe-agent,submitted (exit_context),54,77,0.7012987012987013,23
swe-agent:001331:sqlfluff__sqlfluff-3354,swe-agent,early_exit,28,187,0.1497326203208556,159
swe-agent:001332:sqlfluff__sqlfluff-3354,swe-agent,submitted (exit_context),58,113,0.5132743362831859,55
swe-agent:001346:tobymao__sqlglot-2582,swe-agent,submitted (exit_context),68,73,0.9315068493150684,5
swe-agent:001347:tobymao__sqlglot-2582,swe-agent,submitted (exit_context),88,107,0.822429906542056,19
swe-agent:001350:tobymao__sqlglot-2582,swe-agent,submitted (exit_context),48,125,0.384,77
swe-agent:001372:tobymao__sqlglot-2591,swe-agent,submitted,16,91,0.17582417582417584,75
swe-agent:001385:DCC-Lab__RayTracing-196,swe-agent,exit_context,16,83,0.1927710843373494,67
swe-agent:001386:DCC-Lab__RayTracing-196,swe-agent,submitted (exit_context),20,95,0.21052631578947367,75
swe-agent:001387:DCC-Lab__RayTracing-196,swe-agent,exit_context,20,93,0.21505376344086022,73
swe-agent:001388:DCC-Lab__RayTracing-196,swe-agent,submitted,22,45,0.4888888888888889,23
swe-agent:001389:DCC-Lab__RayTracing-196,swe-agent,submitted (exit_context),16,73,0.2191780821917808,57
swe-agent:001390:DCC-Lab__RayTracing-196,swe-agent,submitted (exit_context),16,97,0.16494845360824742,81
swe-agent:001391:DCC-Lab__RayTracing-196,swe-agent,exit_context,22,73,0.3013698630136986,51
swe-agent:001392:DCC-Lab__RayTracing-196,swe-agent,submitted,14,31,0.45161290322580644,17
swe-agent:001395:DCC-Lab__RayTracing-196,swe-agent,submitted (exit_context),22,83,0.26506024096385544,61
swe-agent:001397:DCC-Lab__RayTracing-196,swe-agent,early_exit,26,57,0.45614035087719296,31
swe-agent:001398:DCC-Lab__RayTracing-196,swe-agent,exit_context,18,63,0.2857142857142857,45
swe-agent:001407:J-CPelletier__webcomix-7,swe-agent,submitted (exit_context),56,93,0.6021505376344086,37
swe-agent:001409:J-CPelletier__webcomix-7,swe-agent,exit_context,28,265,0.10566037735849057,237
swe-agent:001410:J-CPelletier__webcomix-7,swe-agent,submitted (exit_context),46,101,0.45544554455445546,55
swe-agent:001428:PyCQA__pyflakes-729,swe-agent,submitted (exit_context),36,63,0.5714285714285714,27
swe-agent:001441:Shoobx__mypy-zope-88,swe-agent,submitted_no_patch,44,109,0.4036697247706422,65
swe-agent:001449:ameily__cincoconfig-40,swe-agent,submitted (exit_context),20,47,0.425531914893617,27
swe-agent:001464:andialbrecht__sqlparse-445,swe-agent,submitted (exit_context),52,71,0.7323943661971831,19
swe-agent:001470:andialbrecht__sqlparse-445,swe-agent,submitted (exit_context),26,59,0.4406779661016949,33
swe-agent:001477:andialbrecht__sqlparse-445,swe-agent,submitted (exit_context),48,61,0.7868852459016393,13
swe-agent:001484:andialbrecht__sqlparse-445,swe-agent,submitted (exit_context),52,75,0.6933333333333334,23
swe-agent:001485:andialbrecht__sqlparse-445,swe-agent,submitted (exit_context),42,61,0.6885245901639344,19
swe-agent:001491:andialbrecht__sqlparse-445,swe-agent,submitted (exit_context),38,63,0.6031746031746031,25
swe-agent:001509:andialbrecht__sqlparse-445,swe-agent,submitted (exit_context),20,213,0.09389671361502347,193
swe-agent:001519:asottile__pyupgrade-208,swe-agent,submitted (exit_context),30,55,0.5454545454545454,25
swe-agent:001552:asottile__pyupgrade-208,swe-agent,submitted (exit_context),68,79,0.8607594936708861,11
swe-agent:001554:asottile__pyupgrade-208,swe-agent,submitted (exit_context),70,73,0.958904109589041,3
swe-agent:001584:astarte-platform__astarte-device-sdk-python-98,swe-agent,submitted (exit_context),68,85,0.8,17
swe-agent:001619:astarte-platform__astarte-device-sdk-python-98,swe-agent,submitted (exit_context),48,139,0.34532374100719426,91
swe-agent:001631:auth0__auth0-python-500,swe-agent,submitted (exit_context),38,71,0.5352112676056338,33
swe-agent:001638:auth0__auth0-python-500,swe-agent,submitted (exit_context),36,47,0.7659574468085106,11
swe-agent:001685:cookiecutter__cookiecutter-839,swe-agent,exit_context,30,67,0.44776119402985076,37
swe-agent:001688:cookiecutter__cookiecutter-839,swe-agent,submitted (exit_context),130,213,0.6103286384976526,83
swe-agent:001702:dandi__dandi-cli-59,swe-agent,submitted (exit_context),54,97,0.5567010309278351,43
swe-agent:001722:datosgobar__pydatajson-212,swe-agent,submitted (exit_context),66,87,0.7586206896551724,21
swe-agent:001726:docker__docker-py-822,swe-agent,submitted,42,43,0.9767441860465116,1
swe-agent:001744:eEcoLiDAR__laserchicken-135,swe-agent,submitted (exit_context),20,101,0.19801980198019803,81
swe-agent:001761:ebroecker__canmatrix-470,swe-agent,submitted,48,59,0.8135593220338984,11
swe-agent:001774:facelessuser__pymdown-extensions-2039,swe-agent,submitted,10,41,0.24390243902439024,31
swe-agent:001784:facelessuser__pymdown-extensions-2039,swe-agent,submitted,10,43,0.23255813953488372,33
swe-agent:001785:facelessuser__pymdown-extensions-2039,swe-agent,submitted,18,25,0.72,7
swe-agent:001791:facelessuser__pymdown-extensions-2039,swe-agent,submitted (exit_context),10,77,0.12987012987012986,67
swe-agent:001795:facelessuser__pymdown-extensions-2039,swe-agent,submitted,12,37,0.32432432432432434,25
swe-agent:001799:facelessuser__pymdown-extensions-2039,swe-agent,submitted,10,19,0.5263157894736842,9
swe-agent:001802:facelessuser__pymdown-extensions-2039,swe-agent,submitted,10,23,0.43478260869565216,13
swe-agent:001803:facelessuser__pymdown-extensions-2039,swe-agent,submitted (exit_context),28,65,0.4307692307692308,37
swe-agent:001826:fair-workflows__nanopub-140,swe-agent,submitted (exit_context),48,59,0.8135593220338984,11
swe-agent:001831:fair-workflows__nanopub-140,swe-agent,submitted,16,21,0.7619047619047619,5
swe-agent:001876:fatiando__pooch-171,swe-agent,submitted,32,95,0.3368421052631579,63
swe-agent:001886:fatiando__pooch-171,swe-agent,submitted (exit_context),20,29,0.6896551724137931,9
swe-agent:001893:fatiando__pooch-171,swe-agent,exit_context,14,521,0.026871401151631478,507
swe-agent:001920:googleapis__python-api-core-546,swe-agent,submitted (exit_context),30,35,0.8571428571428571,5
swe-agent:001921:googleapis__python-api-core-546,swe-agent,submitted,34,45,0.7555555555555555,11
swe-agent:001964:iterative__dvc-2424,swe-agent,submitted,32,37,0.8648648648648649,5
swe-agent:001967:iterative__dvc-2424,swe-agent,submitted (exit_context),38,75,0.5066666666666667,37
swe-agent:001975:iterative__dvc-2424,swe-agent,submitted (exit_context),32,107,0.29906542056074764,75
swe-agent:001976:iterative__dvc-2424,swe-agent,submitted (exit_context),74,105,0.7047619047619048,31
swe-agent:001982:iterative__dvc-3349,swe-agent,submitted (exit_context),78,85,0.9176470588235294,7
swe-agent:001990:iterative__dvc-3349,swe-agent,submitted (exit_context),28,99,0.2828282828282828,71
swe-agent:001994:iterative__dvc-3349,swe-agent,submitted (exit_context),14,665,0.021052631578947368,651
swe-agent:001995:iterative__dvc-3349,swe-agent,early_exit,14,223,0.06278026905829596,209
swe-agent:001996:iterative__dvc-3349,swe-agent,early_exit,20,33,0.6060606060606061,13
swe-agent:002001:iterative__dvc-3534,swe-agent,submitted (exit_context),28,113,0.24778761061946902,85
swe-agent:002013:iterative__dvc-3726,swe-agent,submitted (exit_context),94,99,0.9494949494949495,5
swe-agent:002015:iterative__dvc-3726,swe-agent,submitted (exit_context),14,79,0.17721518987341772,65
swe-agent:002016:iterative__dvc-3726,swe-agent,submitted (exit_context),46,53,0.8679245283018868,7
swe-agent:002017:iterative__dvc-3726,swe-agent,submitted (exit_context),88,103,0.8543689320388349,15
swe-agent:002018:iterative__dvc-3726,swe-agent,submitted (exit_context),22,75,0.29333333333333333,53
swe-agent:002020:iterative__dvc-3726,swe-agent,submitted (exit_context),34,35,0.9714285714285714,1
swe-agent:002027:iterative__dvc-3726,swe-agent,submitted,38,65,0.5846153846153846,27
swe-agent:002028:iterative__dvc-3726,swe-agent,submitted (exit_context),22,51,0.43137254901960786,29
swe-agent:002033:iterative__dvc-8129,swe-agent,submitted (exit_context),28,93,0.3010752688172043,65
swe-agent:002037:iterative__dvc-8129,swe-agent,submitted (exit_context),24,83,0.2891566265060241,59
swe-agent:002039:iterative__dvc-8129,swe-agent,submitted,16,67,0.23880597014925373,51
swe-agent:002040:iterative__dvc-8129,swe-agent,exit_context,42,111,0.3783783783783784,69
swe-agent:002041:iterative__dvc-8129,swe-agent,submitted,10,39,0.2564102564102564,29
swe-agent:002047:iterative__dvc-8425,swe-agent,submitted (exit_context),80,107,0.7476635514018691,27
swe-agent:002066:iterative__dvc-9212,swe-agent,submitted (exit_context),38,139,0.2733812949640288,101
swe-agent:002067:iterative__dvc-9212,swe-agent,submitted (exit_context),40,113,0.35398230088495575,73
swe-agent:002069:iterative__dvc-9212,swe-agent,submitted (exit_context),30,139,0.2158273381294964,109
swe-agent:002072:iterative__dvc-9212,swe-agent,submitted (exit_context),40,73,0.547945205479452,33
swe-agent:002075:iterative__dvc-9212,swe-agent,exit_context,16,565,0.02831858407079646,549
swe-agent:002076:iterative__dvc-9212,swe-agent,submitted,54,113,0.4778761061946903,59
swe-agent:002090:joke2k__faker-828,swe-agent,submitted,28,45,0.6222222222222222,17
swe-agent:002104:joke2k__faker-828,swe-agent,submitted,30,73,0.410958904109589,43
swe-agent:002110:joke2k__faker-828,swe-agent,exit_context,24,65,0.36923076923076925,41
swe-agent:002222:package-url__packageurl-python-29,swe-agent,submitted (exit_context),36,93,0.3870967741935484,57
swe-agent:002243:package-url__packageurl-python-29,swe-agent,submitted (exit_context),96,97,0.9896907216494846,1
swe-agent:002250:package-url__packageurl-python-29,swe-agent,submitted,16,59,0.2711864406779661,43
swe-agent:002251:pimutils__khal-495,swe-agent,exit_context,44,49,0.8979591836734694,5
swe-agent:002273:pydantic__pydantic-2167,swe-agent,submitted (exit_context),76,107,0.7102803738317757,31
swe-agent:002274:pydantic__pydantic-2167,swe-agent,submitted,38,39,0.9743589743589743,1
swe-agent:002280:pydantic__pydantic-2167,swe-agent,submitted (exit_context),26,35,0.7428571428571429,9
swe-agent:002285:pydantic__pydantic-2167,swe-agent,submitted (exit_context),30,85,0.35294117647058826,55
swe-agent:002295:pydantic__pydantic-2167,swe-agent,submitted (exit_context),58,63,0.9206349206349206,5
swe-agent:002305:pylint-dev__astroid-1092,swe-agent,early_exit,34,185,0.1837837837837838,151
swe-agent:002309:pylint-dev__astroid-984,swe-agent,early_exit,42,193,0.21761658031088082,151
swe-agent:002340:rust-lang__highfive-249,swe-agent,submitted (exit_context),72,87,0.8275862068965517,15
swe-agent:002342:rust-lang__highfive-249,swe-agent,submitted (exit_context),26,67,0.3880597014925373,41
swe-agent:002346:rust-lang__highfive-249,swe-agent,submitted (exit_context),28,35,0.8,7
swe-agent:002349:rust-lang__highfive-249,swe-agent,submitted (exit_context),30,61,0.4918032786885246,31
swe-agent:002351:rust-lang__highfive-249,swe-agent,submitted (exit_context),44,67,0.6567164179104478,23
swe-agent:002355:rust-lang__highfive-249,swe-agent,submitted (exit_context),38,75,0.5066666666666667,37
swe-agent:002356:sqlfluff__sqlfluff-2625,swe-agent,submitted (exit_context),24,77,0.3116883116883117,53
swe-agent:002384:tempoCollaboration__OQuPy-74,swe-agent,submitted (exit_context),20,93,0.21505376344086022,73
swe-agent:002388:tempoCollaboration__OQuPy-74,swe-agent,submitted (exit_context),22,43,0.5116279069767442,21
swe-agent:002417:tobymao__sqlglot-3092,swe-agent,submitted (exit_context),12,375,0.032,363
swe-agent:002430:wireservice__agate-637,swe-agent,submitted (exit_context),76,131,0.5801526717557252,55
swe-agent:002434:wireservice__agate-637,swe-agent,early_exit,22,43,0.5116279069767442,21
swe-agent:002463:wireservice__agate-637,swe-agent,submitted,10,59,0.1694915254237288,49
swe-agent:002466:wireservice__agate-637,swe-agent,early_exit,16,21,0.7619047619047619,5
swe-agent:002510:NVIDIA__hpc-container-maker-221,swe-agent,submitted (exit_context),12,91,0.13186813186813187,79
swe-agent:002550:ResearchObject__runcrate-69,swe-agent,submitted (exit_context),26,47,0.5531914893617021,21
swe-agent:002556:ResearchObject__runcrate-69,swe-agent,submitted,68,69,0.9855072463768116,1
swe-agent:002589:adamchainz__ec2-metadata-350,swe-agent,submitted (exit_context),38,61,0.6229508196721312,23
swe-agent:002590:adamchainz__ec2-metadata-350,swe-agent,submitted,26,37,0.7027027027027027,11
swe-agent:002612:adbar__simplemma-114,swe-agent,submitted,20,27,0.7407407407407407,7
swe-agent:002613:adbar__simplemma-114,swe-agent,submitted (exit_context),46,69,0.6666666666666666,23
swe-agent:002621:adbar__simplemma-114,swe-agent,submitted,20,39,0.5128205128205128,19
swe-agent:002670:alexander-akhmetov__python-telegram-168,swe-agent,submitted (exit_context),32,77,0.4155844155844156,45
swe-agent:002676:alexander-akhmetov__python-telegram-168,swe-agent,submitted (exit_context),70,95,0.7368421052631579,25
swe-agent:002679:amplify-education__python-hcl2-73,swe-agent,exit_context,34,57,0.5964912280701754,23
swe-agent:002722:canonical__operator-823,swe-agent,submitted,18,25,0.72,7
swe-agent:002723:canonical__operator-823,swe-agent,submitted,10,23,0.43478260869565216,13
swe-agent:002727:canonical__operator-823,swe-agent,submitted,24,43,0.5581395348837209,19
swe-agent:002729:canonical__operator-823,swe-agent,submitted,30,45,0.6666666666666666,15
swe-agent:002772:devopshq__artifactory-439,swe-agent,submitted (exit_context),48,57,0.8421052631578947,9
swe-agent:002776:devopshq__artifactory-439,swe-agent,submitted,64,79,0.810126582278481,15
swe-agent:002787:devopshq__artifactory-439,swe-agent,submitted (exit_context),52,53,0.9811320754716981,1
swe-agent:002797:devopshq__artifactory-439,swe-agent,early_exit,66,75,0.88,9
swe-agent:002804:devopshq__artifactory-439,swe-agent,submitted (exit_context),42,49,0.8571428571428571,7
swe-agent:002813:devopshq__artifactory-439,swe-agent,submitted (exit_context),54,151,0.3576158940397351,97
swe-agent:002821:devopshq__artifactory-439,swe-agent,submitted (exit_context),56,61,0.9180327868852459,5
swe-agent:002826:devopshq__artifactory-439,swe-agent,submitted (exit_context),40,55,0.7272727272727273,15
swe-agent:002830:devopshq__artifactory-439,swe-agent,submitted (exit_context),28,55,0.509090909090909,27
swe-agent:002834:devopshq__artifactory-439,swe-agent,submitted (exit_context),56,125,0.448,69
swe-agent:002854:geomet__geomet-101,swe-agent,submitted (exit_context),18,111,0.16216216216216217,93
swe-agent:002856:geomet__geomet-101,swe-agent,submitted,20,47,0.425531914893617,27
swe-agent:002861:geomet__geomet-101,swe-agent,submitted (exit_context),20,79,0.25316455696202533,59
swe-agent:002866:geomet__geomet-101,swe-agent,submitted (exit_context),20,59,0.3389830508474576,39
swe-agent:002906:geomet__geomet-101,swe-agent,submitted (exit_context),18,85,0.21176470588235294,67
swe-agent:002945:glue-viz__glue-astronomy-25,swe-agent,exit_context,38,219,0.1735159817351598,181
swe-agent:002952:glue-viz__glue-astronomy-25,swe-agent,exit_context,14,393,0.035623409669211195,379
swe-agent:002964:google__docker-explorer-64,swe-agent,exit_context,12,159,0.07547169811320754,147
swe-agent:002970:google__docker-explorer-64,swe-agent,exit_context,12,15,0.8,3
swe-agent:002971:google__docker-explorer-64,swe-agent,submitted (exit_context),22,59,0.3728813559322034,37
swe-agent:002992:iterative__dvc-2815,swe-agent,submitted (exit_context),80,111,0.7207207207207207,31
swe-agent:002998:iterative__dvc-2815,swe-agent,submitted,50,77,0.6493506493506493,27
swe-agent:003001:iterative__dvc-2815,swe-agent,submitted (exit_context),20,63,0.31746031746031744,43
swe-agent:003012:iterative__dvc-3405,swe-agent,early_exit,24,153,0.1568627450980392,129
swe-agent:003015:iterative__dvc-3405,swe-agent,submitted (exit_context),56,81,0.691358024691358,25
swe-agent:003027:iterative__dvc-3493,swe-agent,submitted (exit_context),58,73,0.7945205479452054,15
swe-agent:003029:iterative__dvc-3493,swe-agent,submitted (exit_context),12,77,0.15584415584415584,65
swe-agent:003031:iterative__dvc-3493,swe-agent,submitted (exit_context),86,91,0.945054945054945,5
swe-agent:003033:iterative__dvc-3493,swe-agent,early_exit,12,41,0.2926829268292683,29
swe-agent:003034:iterative__dvc-3493,swe-agent,submitted,28,31,0.9032258064516129,3
swe-agent:003059:iterative__dvc-7497,swe-agent,early_exit,36,37,0.972972972972973,1
swe-agent:003064:iterative__dvc-7497,swe-agent,submitted,10,145,0.06896551724137931,135
swe-agent:003071:keras-team__keras-nlp-131,swe-agent,submitted (exit_context),44,53,0.8301886792452831,9
swe-agent:003074:keras-team__keras-nlp-131,swe-agent,submitted (exit_context),44,55,0.8,11
swe-agent:003076:keras-team__keras-nlp-131,swe-agent,submitted (exit_context),44,49,0.8979591836734694,5
swe-agent:003087:keras-team__keras-nlp-131,swe-agent,submitted (exit_context),30,73,0.410958904109589,43
swe-agent:003092:keras-team__keras-nlp-131,swe-agent,submitted (exit_context),48,51,0.9411764705882353,3
swe-agent:003093:keras-team__keras-nlp-131,swe-agent,submitted (exit_context),36,47,0.7659574468085106,11
swe-agent:003094:keras-team__keras-nlp-131,swe-agent,submitted (exit_context),42,49,0.8571428571428571,7
swe-agent:003100:keras-team__keras-nlp-131,swe-agent,submitted (exit_context),38,57,0.6666666666666666,19
swe-agent:003111:keras-team__keras-nlp-131,swe-agent,submitted (exit_context),34,47,0.723404255319149,13
swe-agent:003114:lightkurve__lightkurve-1392,swe-agent,submitted,22,31,0.7096774193548387,9
swe-agent:003116:lightkurve__lightkurve-1392,swe-agent,submitted (exit_context),22,43,0.5116279069767442,21
swe-agent:003120:lightkurve__lightkurve-1392,swe-agent,submitted (exit_context),24,37,0.6486486486486487,13
swe-agent:003186:oasis-open__cti-python-stix2-454,swe-agent,submitted (exit_context),44,65,0.676923076923077,21
swe-agent:003192:oasis-open__cti-python-stix2-454,swe-agent,submitted (exit_context),28,45,0.6222222222222222,17
swe-agent:003198:oasis-open__cti-python-stix2-454,swe-agent,submitted (exit_context),68,285,0.23859649122807017,217
swe-agent:003211:oasis-open__cti-python-stix2-454,swe-agent,submitted,28,57,0.49122807017543857,29
swe-agent:003216:oasis-open__cti-python-stix2-454,swe-agent,submitted (exit_context),48,95,0.5052631578947369,47
swe-agent:003220:oasis-open__cti-python-stix2-454,swe-agent,submitted (exit_context),26,93,0.27956989247311825,67
swe-agent:003228:oasis-open__cti-python-stix2-454,swe-agent,submitted (exit_context),44,101,0.43564356435643564,57
swe-agent:003229:oasis-open__cti-python-stix2-454,swe-agent,submitted (exit_context),32,101,0.31683168316831684,69
swe-agent:003241:pimutils__todoman-170,swe-agent,submitted (exit_context),84,133,0.631578947368421,49
swe-agent:003242:pimutils__todoman-170,swe-agent,submitted (exit_context),30,231,0.12987012987012986,201
swe-agent:003247:pior__pyramid_useragent-3,swe-agent,submitted (exit_context),56,83,0.6746987951807228,27
swe-agent:003251:pior__pyramid_useragent-3,swe-agent,submitted,60,65,0.9230769230769231,5
swe-agent:003258:pior__pyramid_useragent-3,swe-agent,submitted,30,49,0.6122448979591837,19
swe-agent:003286:pydantic__pydantic-3975,swe-agent,submitted (exit_context),40,47,0.851063829787234,7
swe-agent:003300:pydantic__pydantic-3975,swe-agent,submitted (exit_context),40,89,0.449438202247191,49
swe-agent:003305:pydantic__pydantic-3975,swe-agent,submitted (exit_context),24,227,0.10572687224669604,203
swe-agent:003312:pydantic__pydantic-3975,swe-agent,submitted (exit_context),30,31,0.967741935483871,1
swe-agent:003318:pydantic__pydantic-3975,swe-agent,submitted (exit_context),66,69,0.9565217391304348,3
swe-agent:003324:pydantic__pydantic-3975,swe-agent,submitted (exit_context),32,57,0.5614035087719298,25
swe-agent:003333:python-control__python-control-834,swe-agent,submitted,20,45,0.4444444444444444,25
swe-agent:003358:python-control__python-control-834,swe-agent,submitted,22,25,0.88,3
swe-agent:003370:radiasoft__pykern-349,swe-agent,submitted,16,23,0.6956521739130435,7
swe-agent:003397:simpeg__simpeg-1334,swe-agent,submitted (exit_context),14,453,0.03090507726269316,439
swe-agent:003399:simpeg__simpeg-1334,swe-agent,submitted (exit_context),72,87,0.8275862068965517,15
swe-agent:003414:singingwolfboy__flask-dance-107,swe-agent,submitted (exit_context),38,95,0.4,57
swe-agent:003433:sqlfluff__sqlfluff-4764,swe-agent,submitted,14,53,0.2641509433962264,39
swe-agent:003437:stitchfix__nodebook-18,swe-agent,submitted (exit_context),24,67,0.3582089552238806,43
swe-agent:003448:tech-teach__marshmallowjson-3,swe-agent,submitted (exit_context),30,187,0.16042780748663102,157
swe-agent:003451:tech-teach__marshmallowjson-3,swe-agent,submitted,10,23,0.43478260869565216,13
swe-agent:003458:tobymao__sqlglot-1841,swe-agent,submitted (exit_context),40,305,0.13114754098360656,265
swe-agent:003460:tobymao__sqlglot-1841,swe-agent,submitted (exit_context),48,57,0.8421052631578947,9
swe-agent:003461:tobymao__sqlglot-1841,swe-agent,submitted (exit_context),46,79,0.5822784810126582,33
swe-agent:003501:ttu__ruuvitag-sensor-41,swe-agent,submitted (exit_context),36,55,0.6545454545454545,19
swe-agent:003508:ttu__ruuvitag-sensor-41,swe-agent,submitted,22,35,0.6285714285714286,13
swe-agent:003528:valohai__valohai-cli-52,swe-agent,exit_context,28,75,0.37333333333333335,47
swe-agent:003537:wireservice__csvkit-800,swe-agent,submitted,18,27,0.6666666666666666,9
swe-agent:003539:wireservice__csvkit-800,swe-agent,submitted,16,31,0.5161290322580645,15
swe-agent:003548:wireservice__csvkit-800,swe-agent,submitted,26,37,0.7027027027027027,11
swe-agent:003556:wireservice__csvkit-800,swe-agent,submitted,20,43,0.46511627906976744,23
swe-agent:003559:wireservice__csvkit-800,swe-agent,submitted,16,35,0.45714285714285713,19
swe-agent:003561:wireservice__csvkit-800,swe-agent,submitted (exit_context),74,75,0.9866666666666667,1
swe-agent:003574:wireservice__csvkit-800,swe-agent,submitted,18,25,0.72,7
swe-agent:003575:wireservice__csvkit-800,swe-agent,submitted,46,47,0.9787234042553191,1
swe-agent:003576:EdinburghGenomics__EGCG-Core-88,swe-agent,exit_context,20,95,0.21052631578947367,75
swe-agent:003577:EdinburghGenomics__EGCG-Core-88,swe-agent,submitted (exit_context),38,79,0.4810126582278481,41
swe-agent:003581:EdinburghGenomics__EGCG-Core-88,swe-agent,exit_context,20,91,0.21978021978021978,71
swe-agent:003582:EdinburghGenomics__EGCG-Core-88,swe-agent,exit_context,12,95,0.12631578947368421,83
swe-agent:003583:EdinburghGenomics__EGCG-Core-88,swe-agent,exit_context,22,97,0.2268041237113402,75
swe-agent:003585:ICB-DCM__pyPESTO-676,swe-agent,submitted (exit_context),46,67,0.6865671641791045,21
swe-agent:003587:ICB-DCM__pyPESTO-676,swe-agent,submitted (exit_context),30,179,0.16759776536312848,149
swe-agent:003642:PyCQA__flake8-bugbear-284,swe-agent,submitted,24,39,0.6153846153846154,15
swe-agent:003645:Textualize__textual-3396,swe-agent,submitted (exit_context),22,61,0.36065573770491804,39
swe-agent:003654:asottile__pyupgrade-313,swe-agent,submitted (exit_context),30,51,0.5882352941176471,21
swe-agent:003655:asottile__pyupgrade-313,swe-agent,submitted (exit_context),40,51,0.7843137254901961,11
swe-agent:003733:datalad__datalad-5749,swe-agent,submitted,32,73,0.4383561643835616,41
swe-agent:003736:datalad__datalad-5749,swe-agent,submitted (exit_context),50,75,0.6666666666666666,25
swe-agent:003737:datalad__datalad-5749,swe-agent,submitted (exit_context),28,65,0.4307692307692308,37
swe-agent:003766:docker__docker-py-1167,swe-agent,submitted (exit_context),86,121,0.7107438016528925,35
swe-agent:003801:geopandas__geopandas-1336,swe-agent,submitted (exit_context),22,61,0.36065573770491804,39
swe-agent:003811:geopandas__geopandas-1336,swe-agent,submitted (exit_context),26,59,0.4406779661016949,33
swe-agent:003825:geopandas__geopandas-1336,swe-agent,submitted (exit_context),38,51,0.7450980392156863,13
swe-agent:003827:geopandas__geopandas-1336,swe-agent,submitted (exit_context),28,99,0.2828282828282828,71
swe-agent:003914:iterative__dvc-6471,swe-agent,submitted (exit_context),24,137,0.17518248175182483,113
swe-agent:003918:iterative__dvc-6471,swe-agent,submitted (exit_context),20,83,0.24096385542168675,63
swe-agent:003926:iterative__dvc-6633,swe-agent,submitted (exit_context),16,73,0.2191780821917808,57
swe-agent:003928:iterative__dvc-6633,swe-agent,submitted,28,43,0.6511627906976745,15
swe-agent:003930:iterative__dvc-6633,swe-agent,submitted (exit_context),122,171,0.7134502923976608,49
swe-agent:003931:iterative__dvc-6633,swe-agent,submitted (exit_context),32,99,0.32323232323232326,67
swe-agent:003934:iterative__dvc-6633,swe-agent,submitted (exit_context),90,171,0.5263157894736842,81
swe-agent:003936:iterative__dvc-6633,swe-agent,submitted (exit_context),84,97,0.865979381443299,13
swe-agent:003939:iterative__dvc-6633,swe-agent,submitted (exit_context),18,145,0.12413793103448276,127
swe-agent:003942:iterative__dvc-6633,swe-agent,early_exit,22,123,0.17886178861788618,101
swe-agent:003945:iterative__dvc-9000,swe-agent,submitted (exit_context),10,135,0.07407407407407407,125
swe-agent:003948:iterative__dvc-9000,swe-agent,exit_context,10,783,0.01277139208173691,773
swe-agent:003949:iterative__dvc-9000,swe-agent,submitted (exit_context),22,73,0.3013698630136986,51
swe-agent:003952:iterative__dvc-9000,swe-agent,submitted,74,85,0.8705882352941177,11
swe-agent:003954:iterative__dvc-9000,swe-agent,submitted (exit_context),64,89,0.7191011235955056,25
swe-agent:003956:iterative__dvc-9000,swe-agent,submitted (exit_context),34,75,0.4533333333333333,41
swe-agent:003958:iterative__dvc-9000,swe-agent,submitted (exit_context),52,133,0.39097744360902253,81
swe-agent:003964:ithaka__apiron-8,swe-agent,submitted,68,83,0.8192771084337349,15
swe-agent:003972:ithaka__apiron-8,swe-agent,submitted,28,37,0.7567567567567568,9
swe-agent:003975:ithaka__apiron-8,swe-agent,submitted,24,55,0.43636363636363634,31
swe-agent:003976:ithaka__apiron-8,swe-agent,submitted,36,57,0.631578947368421,21
swe-agent:003985:ithaka__apiron-8,swe-agent,submitted,54,103,0.5242718446601942,49
swe-agent:003987:ithaka__apiron-8,swe-agent,exit_context,24,33,0.7272727272727273,9
swe-agent:004012:jbradberry__universe-31,swe-agent,exit_context,28,253,0.11067193675889328,225
swe-agent:004016:jbradberry__universe-31,swe-agent,submitted,76,131,0.5801526717557252,55
swe-agent:004079:lbl-srg__BuildingsPy-249,swe-agent,exit_format,20,47,0.425531914893617,27
swe-agent:004086:lbl-srg__BuildingsPy-249,swe-agent,submitted,30,49,0.6122448979591837,19
swe-agent:004087:lbl-srg__BuildingsPy-249,swe-agent,submitted,36,45,0.8,9
swe-agent:004093:lbl-srg__BuildingsPy-249,swe-agent,submitted,46,47,0.9787234042553191,1
swe-agent:004132:lucidsushi__gs_pip_install-132,swe-agent,submitted,16,37,0.43243243243243246,21
swe-agent:004191:matthewwardrop__formulaic-166,swe-agent,submitted,48,59,0.8135593220338984,11
swe-agent:004197:matthewwardrop__formulaic-166,swe-agent,submitted (exit_context),28,47,0.5957446808510638,19
swe-agent:004198:matthewwardrop__formulaic-166,swe-agent,submitted (exit_context),56,225,0.24888888888888888,169
swe-agent:004205:matthewwardrop__formulaic-166,swe-agent,submitted (exit_context),48,59,0.8135593220338984,11
swe-agent:004213:mido__mido-474,swe-agent,submitted,18,63,0.2857142857142857,45
swe-agent:004224:mido__mido-474,swe-agent,submitted (exit_context),40,79,0.5063291139240507,39
swe-agent:004231:mps-gmbh__hl7-parser-24,swe-agent,submitted (exit_context),38,123,0.3089430894308943,85
swe-agent:004232:mps-gmbh__hl7-parser-24,swe-agent,submitted (exit_context),72,79,0.9113924050632911,7
swe-agent:004233:mps-gmbh__hl7-parser-24,swe-agent,submitted (exit_context),52,59,0.8813559322033898,7
swe-agent:004238:networkx__networkx-4125,swe-agent,submitted (exit_context),22,29,0.7586206896551724,7
swe-agent:004246:networkx__networkx-4125,swe-agent,submitted (exit_context),26,59,0.4406779661016949,33
swe-agent:004248:networkx__networkx-4125,swe-agent,submitted (exit_context),26,51,0.5098039215686274,25
swe-agent:004250:omaciel__fauxfactory-103,swe-agent,submitted,16,37,0.43243243243243246,21
swe-agent:004267:palantir__python-language-server-275,swe-agent,submitted (exit_context),20,45,0.4444444444444444,25
swe-agent:004283:palantir__python-language-server-754,swe-agent,submitted (exit_context),78,273,0.2857142857142857,195
swe-agent:004305:protolambda__remerkleable-2,swe-agent,submitted (exit_context),58,59,0.9830508474576272,1
swe-agent:004342:protolambda__remerkleable-2,swe-agent,submitted,40,69,0.5797101449275363,29
swe-agent:004344:pydantic__pydantic-2262,swe-agent,submitted,18,27,0.6666666666666666,9
swe-agent:004346:pydantic__pydantic-2262,swe-agent,submitted (exit_context),40,101,0.39603960396039606,61
swe-agent:004348:pydantic__pydantic-2262,swe-agent,submitted,46,105,0.4380952380952381,59
swe-agent:004353:pydantic__pydantic-2262,swe-agent,submitted (exit_context),32,59,0.5423728813559322,27
swe-agent:004355:pydantic__pydantic-2262,swe-agent,submitted (exit_context),54,71,0.7605633802816901,17
swe-agent:004356:pydantic__pydantic-2262,swe-agent,submitted (exit_context),34,35,0.9714285714285714,1
swe-agent:004357:pydantic__pydantic-2262,swe-agent,submitted (exit_context),50,79,0.6329113924050633,29
swe-agent:004366:pydantic__pydantic-2366,swe-agent,submitted,18,41,0.43902439024390244,23
swe-agent:004369:pydantic__pydantic-2366,swe-agent,early_exit,32,197,0.16243654822335024,165
swe-agent:004379:pypa__wheel-213,swe-agent,submitted (exit_context),32,93,0.34408602150537637,61
swe-agent:004386:pypa__wheel-213,swe-agent,submitted (exit_context),56,117,0.47863247863247865,61
swe-agent:004388:pypa__wheel-213,swe-agent,exit_context,22,89,0.24719101123595505,67
swe-agent:004392:pypa__wheel-213,swe-agent,submitted (exit_context),30,137,0.21897810218978103,107
swe-agent:004398:reata__sqllineage-38,swe-agent,submitted,32,47,0.6808510638297872,15
swe-agent:004408:reata__sqllineage-38,swe-agent,submitted,30,57,0.5263157894736842,27
swe-agent:004422:reata__sqllineage-38,swe-agent,submitted (exit_context),30,75,0.4,45
swe-agent:004445:sanic-org__sanic-2837,swe-agent,submitted,20,59,0.3389830508474576,39
swe-agent:004449:sanic-org__sanic-2837,swe-agent,submitted,12,31,0.3870967741935484,19
swe-agent:004450:sanic-org__sanic-2837,swe-agent,submitted,30,39,0.7692307692307693,9
swe-agent:004508:simonsobs__ocs-332,swe-agent,submitted (exit_context),52,99,0.5252525252525253,47
swe-agent:004517:simonsobs__ocs-332,swe-agent,submitted,36,61,0.5901639344262295,25
swe-agent:004530:simonsobs__ocs-332,swe-agent,submitted,42,53,0.7924528301886793,11
swe-agent:004544:tobymao__sqlglot-1765,swe-agent,submitted (exit_context),40,63,0.6349206349206349,23
swe-agent:004559:typesafehub__conductr-cli-339,swe-agent,submitted (exit_context),38,85,0.4470588235294118,47
swe-agent:004568:typesafehub__conductr-cli-339,swe-agent,submitted (exit_context),58,59,0.9830508474576272,1
swe-agent:004579:wandera__1password-client-16,swe-agent,submitted (exit_context),38,49,0.7755102040816326,11
swe-agent:004590:zamzterz__Flask-pyoidc-79,swe-agent,submitted (exit_context),28,55,0.509090909090909,27
swe-agent:004593:zamzterz__Flask-pyoidc-79,swe-agent,submitted (exit_context),42,53,0.7924528301886793,11
swe-agent:004608:AzureAD__azure-activedirectory-library-for-python-120,swe-agent,submitted (exit_context),74,77,0.961038961038961,3
swe-agent:004616:Azure__msrest-for-python-208,swe-agent,submitted (exit_context),36,89,0.4044943820224719,53
swe-agent:004630:Azure__msrest-for-python-208,swe-agent,submitted (exit_context),36,111,0.32432432432432434,75
swe-agent:004663:Azure__msrest-for-python-208,swe-agent,submitted (exit_context),30,89,0.33707865168539325,59
swe-agent:004688:Azure__msrest-for-python-208,swe-agent,submitted (exit_context),44,107,0.411214953271028,63
swe-agent:004694:Azure__msrest-for-python-208,swe-agent,submitted,10,47,0.2127659574468085,37
swe-agent:004703:Azure__msrest-for-python-208,swe-agent,submitted (exit_context),30,99,0.30303030303030304,69
swe-agent:004712:Azure__msrest-for-python-208,swe-agent,submitted (exit_context),24,95,0.25263157894736843,71
swe-agent:004771:EdinburghGenomics__EGCG-Core-11,swe-agent,submitted_no_patch,18,19,0.9473684210526315,1
swe-agent:004779:PEtab-dev__libpetab-python-136,swe-agent,exit_context,22,43,0.5116279069767442,21
swe-agent:004786:PyCQA__flake8-bugbear-316,swe-agent,submitted (exit_context),50,99,0.5050505050505051,49
swe-agent:004795:TheFriendlyCoder__friendlypins-93,swe-agent,submitted (exit_context),52,77,0.6753246753246753,25
swe-agent:004800:TheFriendlyCoder__friendlypins-93,swe-agent,submitted (exit_context),16,95,0.16842105263157894,79
swe-agent:004809:UC-Davis-molecular-computing__scadnano-python-package-288,swe-agent,submitted,28,53,0.5283018867924528,25
swe-agent:004847:airspeed-velocity__asv-734,swe-agent,submitted (exit_context),22,179,0.12290502793296089,157
swe-agent:004848:airspeed-velocity__asv-734,swe-agent,submitted,34,39,0.8717948717948718,5
swe-agent:004869:alvinwan__TexSoup-140,swe-agent,submitted (exit_context),28,51,0.5490196078431373,23
swe-agent:004871:alvinwan__TexSoup-140,swe-agent,submitted (exit_context),46,81,0.5679012345679012,35
swe-agent:004873:alvinwan__TexSoup-140,swe-agent,submitted (exit_context),18,83,0.21686746987951808,65
swe-agent:004875:alvinwan__TexSoup-140,swe-agent,submitted (exit_context),54,73,0.7397260273972602,19
swe-agent:004876:alvinwan__TexSoup-140,swe-agent,submitted (exit_context),56,87,0.6436781609195402,31
swe-agent:004883:alvinwan__TexSoup-140,swe-agent,submitted (exit_context),34,63,0.5396825396825397,29
swe-agent:004885:alvinwan__TexSoup-140,swe-agent,submitted_no_patch,40,45,0.8888888888888888,5
swe-agent:004886:alvinwan__TexSoup-140,swe-agent,submitted (exit_context),30,51,0.5882352941176471,21
swe-agent:004891:alvinwan__TexSoup-140,swe-agent,submitted (exit_context),20,87,0.22988505747126436,67
swe-agent:004892:alvinwan__TexSoup-140,swe-agent,submitted (exit_context),44,55,0.8,11
swe-agent:004894:alvinwan__TexSoup-140,swe-agent,submitted (exit_context),40,51,0.7843137254901961,11
swe-agent:004897:alvinwan__TexSoup-140,swe-agent,submitted (exit_context),44,57,0.7719298245614035,13
swe-agent:004898:alvinwan__TexSoup-140,swe-agent,submitted (exit_context),28,55,0.509090909090909,27
swe-agent:004902:alvinwan__TexSoup-140,swe-agent,submitted,32,55,0.5818181818181818,23
swe-agent:004907:alvinwan__TexSoup-140,swe-agent,submitted (exit_context),34,83,0.40963855421686746,49
swe-agent:004909:alvinwan__TexSoup-140,swe-agent,submitted (exit_context),26,65,0.4,39
swe-agent:004914:alvinwan__TexSoup-140,swe-agent,submitted (exit_context),46,49,0.9387755102040817,3
swe-agent:004916:alvinwan__TexSoup-140,swe-agent,submitted (exit_context),44,71,0.6197183098591549,27
swe-agent:004917:alvinwan__TexSoup-140,swe-agent,submitted (exit_context),42,79,0.5316455696202531,37
swe-agent:004919:alvinwan__TexSoup-140,swe-agent,submitted (exit_context),46,63,0.7301587301587301,17
swe-agent:004924:alvinwan__TexSoup-140,swe-agent,submitted (exit_context),54,55,0.9818181818181818,1
swe-agent:004926:alvinwan__TexSoup-140,swe-agent,submitted_no_patch,18,53,0.33962264150943394,35
swe-agent:004927:alvinwan__TexSoup-140,swe-agent,submitted (exit_context),60,67,0.8955223880597015,7
swe-agent:004974:asottile__pyupgrade-166,swe-agent,submitted (exit_context),60,215,0.27906976744186046,155
swe-agent:004978:asottile__pyupgrade-166,swe-agent,submitted (exit_context),28,93,0.3010752688172043,65
swe-agent:004989:asottile__pyupgrade-330,swe-agent,submitted (exit_context),24,155,0.15483870967741936,131
swe-agent:004992:asottile__pyupgrade-330,swe-agent,submitted (exit_context),40,93,0.43010752688172044,53
swe-agent:004993:asottile__pyupgrade-330,swe-agent,submitted,46,59,0.7796610169491526,13
swe-agent:005025:asottile__yesqa-44,swe-agent,submitted,14,27,0.5185185185185185,13
swe-agent:005046:astropenguin__pandas-dataclasses-120,swe-agent,submitted (exit_context),24,81,0.2962962962962963,57
swe-agent:005101:benmoran56__esper-81,swe-agent,submitted (exit_context),54,93,0.5806451612903226,39
swe-agent:005112:benmoran56__esper-81,swe-agent,submitted (exit_context),28,81,0.345679012345679,53
swe-agent:005115:benmoran56__esper-81,swe-agent,submitted,26,35,0.7428571428571429,9
swe-agent:005116:benmoran56__esper-81,swe-agent,submitted (exit_context),38,71,0.5352112676056338,33
swe-agent:005148:bids-standard__pybids-611,swe-agent,submitted (exit_context),68,77,0.8831168831168831,9
swe-agent:005149:bids-standard__pybids-611,swe-agent,submitted,10,17,0.5882352941176471,7
swe-agent:005152:bids-standard__pybids-611,swe-agent,submitted,18,23,0.782608695652174,5
swe-agent:005160:bids-standard__pybids-611,swe-agent,submitted,34,91,0.37362637362637363,57
swe-agent:005172:bids-standard__pybids-611,swe-agent,submitted,28,37,0.7567567567567568,9
swe-agent:005175:bids-standard__pybids-611,swe-agent,submitted (exit_context),20,69,0.2898550724637681,49
swe-agent:005177:canonical__charmcraft-802,swe-agent,submitted,44,61,0.7213114754098361,17
swe-agent:005189:canonical__charmcraft-802,swe-agent,submitted (exit_context),32,157,0.20382165605095542,125
swe-agent:005190:canonical__charmcraft-802,swe-agent,exit_context,38,43,0.8837209302325582,5
swe-agent:005229:datalad__datalad-next-257,swe-agent,submitted (exit_context),78,107,0.7289719626168224,29
swe-agent:005239:deardurham__ciprs-reader-38,swe-agent,exit_context,14,97,0.14432989690721648,83
swe-agent:005247:deardurham__ciprs-reader-38,swe-agent,submitted (exit_context),52,67,0.7761194029850746,15
swe-agent:005250:deardurham__ciprs-reader-38,swe-agent,submitted (exit_context),78,185,0.42162162162162165,107
swe-agent:005251:deardurham__ciprs-reader-38,swe-agent,submitted (exit_context),22,111,0.1981981981981982,89
swe-agent:005269:deardurham__ciprs-reader-38,swe-agent,submitted (exit_context),46,117,0.39316239316239315,71
swe-agent:005271:deardurham__ciprs-reader-38,swe-agent,submitted (exit_context),34,93,0.3655913978494624,59
swe-agent:005280:deardurham__ciprs-reader-38,swe-agent,submitted (exit_context),46,71,0.647887323943662,25
swe-agent:005282:deardurham__ciprs-reader-38,swe-agent,submitted (exit_context),30,107,0.2803738317757009,77
swe-agent:005287:deardurham__ciprs-reader-38,swe-agent,submitted (exit_context),18,101,0.1782178217821782,83
swe-agent:005293:deardurham__ciprs-reader-38,swe-agent,submitted (exit_context),38,77,0.4935064935064935,39
swe-agent:005295:deardurham__ciprs-reader-38,swe-agent,exit_context,50,487,0.1026694045174538,437
swe-agent:005299:deardurham__ciprs-reader-38,swe-agent,exit_context,12,107,0.11214953271028037,95
swe-agent:005301:deardurham__ciprs-reader-38,swe-agent,submitted (exit_context),26,95,0.2736842105263158,69
swe-agent:005304:deardurham__ciprs-reader-38,swe-agent,submitted (exit_context),14,155,0.09032258064516129,141
swe-agent:005309:deardurham__ciprs-reader-38,swe-agent,submitted (exit_context),30,105,0.2857142857142857,75
swe-agent:005311:deardurham__ciprs-reader-38,swe-agent,submitted (exit_context),64,145,0.4413793103448276,81
swe-agent:005317:deardurham__ciprs-reader-38,swe-agent,submitted (exit_context),32,105,0.3047619047619048,73
swe-agent:005326:dfm__emcee-295,swe-agent,submitted,20,79,0.25316455696202533,59
swe-agent:005332:dfm__emcee-295,swe-agent,submitted,22,37,0.5945945945945946,15
swe-agent:005333:dfm__emcee-295,swe-agent,submitted,18,59,0.3050847457627119,41
swe-agent:005334:dfm__emcee-295,swe-agent,submitted,20,47,0.425531914893617,27
swe-agent:005338:dfm__emcee-295,swe-agent,submitted,24,45,0.5333333333333333,21
swe-agent:005339:dfm__emcee-295,swe-agent,submitted (exit_context),46,65,0.7076923076923077,19
swe-agent:005340:dfm__emcee-295,swe-agent,submitted,18,77,0.23376623376623376,59
swe-agent:005342:dfm__emcee-295,swe-agent,submitted,20,85,0.23529411764705882,65
swe-agent:005343:dfm__emcee-295,swe-agent,submitted,20,47,0.425531914893617,27
swe-agent:005349:dfm__emcee-295,swe-agent,submitted,20,35,0.5714285714285714,15
swe-agent:005350:dfm__emcee-295,swe-agent,submitted (exit_context),16,71,0.22535211267605634,55
swe-agent:005351:dfm__emcee-295,swe-agent,submitted,32,71,0.4507042253521127,39
swe-agent:005352:dfm__emcee-295,swe-agent,submitted (exit_context),20,59,0.3389830508474576,39
swe-agent:005360:dfm__emcee-295,swe-agent,submitted,16,29,0.5517241379310345,13
swe-agent:005364:dfm__emcee-295,swe-agent,submitted,30,51,0.5882352941176471,21
swe-agent:005365:dfm__emcee-295,swe-agent,submitted,20,25,0.8,5
swe-agent:005366:dfm__emcee-295,swe-agent,submitted,24,37,0.6486486486486487,13
swe-agent:005376:dwavesystems__dwave-cloud-client-417,swe-agent,exit_context,18,19,0.9473684210526315,1
swe-agent:005390:dwavesystems__dwave-cloud-client-417,swe-agent,submitted (exit_context),34,35,0.9714285714285714,1
swe-agent:005393:dwavesystems__dwave-cloud-client-417,swe-agent,submitted (exit_context),42,63,0.6666666666666666,21
swe-agent:005394:dwavesystems__dwave-cloud-client-417,swe-agent,exit_context,16,21,0.7619047619047619,5
swe-agent:005398:dwavesystems__dwave-cloud-client-417,swe-agent,exit_context,34,63,0.5396825396825397,29
swe-agent:005400:dwavesystems__dwave-cloud-client-417,swe-agent,exit_context,16,23,0.6956521739130435,7
swe-agent:005404:dwavesystems__dwave-cloud-client-417,swe-agent,exit_context,38,45,0.8444444444444444,7
swe-agent:005426:fabiocaccamo__python-codicefiscale-24,swe-agent,early_exit,72,121,0.5950413223140496,49
swe-agent:005428:fabiocaccamo__python-codicefiscale-24,swe-agent,exit_context,26,95,0.2736842105263158,69
swe-agent:005435:fabiocaccamo__python-codicefiscale-24,swe-agent,exit_context,26,45,0.5777777777777777,19
swe-agent:005439:fabiocaccamo__python-codicefiscale-24,swe-agent,submitted (exit_context),38,63,0.6031746031746031,25
swe-agent:005448:fabiocaccamo__python-codicefiscale-24,swe-agent,submitted (exit_context),14,51,0.27450980392156865,37
swe-agent:005469:fabiocaccamo__python-codicefiscale-24,swe-agent,submitted (exit_context),26,63,0.4126984126984127,37
swe-agent:005470:fabiocaccamo__python-codicefiscale-24,swe-agent,submitted (exit_context),38,51,0.7450980392156863,13
swe-agent:005479:fabiocaccamo__python-codicefiscale-24,swe-agent,submitted (exit_context),56,95,0.5894736842105263,39
swe-agent:005481:fabiocaccamo__python-codicefiscale-24,swe-agent,submitted,20,51,0.39215686274509803,31
swe-agent:005491:facelessuser__pymdown-extensions-2362,swe-agent,submitted (exit_context),14,409,0.034229828850855744,395
swe-agent:005492:facelessuser__pymdown-extensions-2362,swe-agent,submitted (exit_context),12,327,0.03669724770642202,315
swe-agent:005503:geopandas__geopandas-2959,swe-agent,submitted (exit_context),16,51,0.3137254901960784,35
swe-agent:005514:getsentry__responses-291,swe-agent,submitted (exit_context),24,69,0.34782608695652173,45
swe-agent:005520:getsentry__responses-291,swe-agent,submitted (exit_context),34,93,0.3655913978494624,59
swe-agent:005521:getsentry__responses-291,swe-agent,submitted (exit_context),20,77,0.2597402597402597,57
swe-agent:005543:hamcrest__PyHamcrest-129,swe-agent,submitted (exit_context),20,65,0.3076923076923077,45
swe-agent:005548:hamcrest__PyHamcrest-129,swe-agent,submitted,14,43,0.32558139534883723,29
swe-agent:005550:hamcrest__PyHamcrest-129,swe-agent,submitted,18,33,0.5454545454545454,15
swe-agent:005552:hamcrest__PyHamcrest-129,swe-agent,submitted (exit_context),40,61,0.6557377049180327,21
swe-agent:005560:hhursev__recipe-scrapers-915,swe-agent,submitted,22,81,0.2716049382716049,59
swe-agent:005572:hhursev__recipe-scrapers-915,swe-agent,submitted,40,97,0.41237113402061853,57
swe-agent:005609:imageio__imageio-255,swe-agent,submitted (exit_context),56,95,0.5894736842105263,39
swe-agent:005610:imageio__imageio-255,swe-agent,submitted (exit_context),56,63,0.8888888888888888,7
swe-agent:005617:imageio__imageio-255,swe-agent,submitted (exit_context),124,231,0.5367965367965368,107
swe-agent:005622:iterative__dvc-2975,swe-agent,submitted (exit_context),36,527,0.0683111954459203,491
swe-agent:005625:iterative__dvc-2975,swe-agent,submitted,46,75,0.6133333333333333,29
swe-agent:005635:iterative__dvc-2975,swe-agent,submitted (exit_context),80,111,0.7207207207207207,31
swe-agent:005637:iterative__dvc-3428,swe-agent,early_exit,126,157,0.802547770700637,31
swe-agent:005638:iterative__dvc-3428,swe-agent,submitted,56,57,0.9824561403508771,1
swe-agent:005642:iterative__dvc-3428,swe-agent,submitted (exit_context),38,71,0.5352112676056338,33
swe-agent:005661:iterative__dvc-3709,swe-agent,submitted (exit_context),38,71,0.5352112676056338,33
swe-agent:005662:iterative__dvc-3709,swe-agent,submitted (exit_context),66,219,0.3013698630136986,153
swe-agent:005663:iterative__dvc-3709,swe-agent,submitted (exit_context),68,259,0.2625482625482625,191
swe-agent:005665:iterative__dvc-3709,swe-agent,submitted (exit_context),30,49,0.6122448979591837,19
swe-agent:005667:iterative__dvc-3709,swe-agent,submitted (exit_context),60,135,0.4444444444444444,75
swe-agent:005669:iterative__dvc-3709,swe-agent,submitted (exit_context),18,43,0.4186046511627907,25
swe-agent:005690:iterative__dvc-4623,swe-agent,submitted,16,45,0.35555555555555557,29
swe-agent:005715:iterative__dvc-5336,swe-agent,submitted (exit_context),32,63,0.5079365079365079,31
swe-agent:005718:jackdewinter__pyscan-12,swe-agent,submitted (exit_context),36,59,0.6101694915254238,23
swe-agent:005727:jackdewinter__pyscan-12,swe-agent,submitted,62,69,0.8985507246376812,7
swe-agent:005729:jackdewinter__pyscan-12,swe-agent,submitted (exit_context),20,149,0.1342281879194631,129
swe-agent:005732:jackdewinter__pyscan-12,swe-agent,submitted,14,63,0.2222222222222222,49
swe-agent:005741:joke2k__django-environ-419,swe-agent,submitted (exit_context),52,67,0.7761194029850746,15
swe-agent:005751:joweich__chat-miner-93,swe-agent,submitted,46,81,0.5679012345679012,35
swe-agent:005755:joweich__chat-miner-93,swe-agent,submitted (exit_context),48,79,0.6075949367088608,31
swe-agent:005772:kinnala__scikit-fem-634,swe-agent,submitted,16,37,0.43243243243243246,21
swe-agent:005776:kinnala__scikit-fem-634,swe-agent,submitted (exit_context),30,49,0.6122448979591837,19
swe-agent:005781:kinnala__scikit-fem-634,swe-agent,submitted,52,63,0.8253968253968254,11
swe-agent:005832:mapbox__rio-color-14,swe-agent,submitted,98,111,0.8828828828828829,13
swe-agent:005834:mapbox__rio-color-14,swe-agent,submitted (exit_context),28,93,0.3010752688172043,65
swe-agent:005835:mapbox__rio-color-14,swe-agent,exit_context,8,63,0.12698412698412698,55
swe-agent:005836:mapbox__rio-color-14,swe-agent,submitted (exit_context),46,79,0.5822784810126582,33
swe-agent:005850:marshmallow-code__webargs-463,swe-agent,submitted (exit_context),30,73,0.410958904109589,43
swe-agent:005856:matchms__matchms-493,swe-agent,submitted (exit_context),26,57,0.45614035087719296,31
swe-agent:005866:matchms__matchms-493,swe-agent,submitted (exit_context),36,117,0.3076923076923077,81
swe-agent:005869:matchms__matchms-493,swe-agent,submitted (exit_context),48,53,0.9056603773584906,5
swe-agent:005876:miguelgrinberg__python-engineio-108,swe-agent,submitted (exit_context),50,57,0.8771929824561403,7
swe-agent:005885:mplanchard__pydecor-20,swe-agent,submitted (exit_context),32,63,0.5079365079365079,31
swe-agent:005889:mplanchard__pydecor-20,swe-agent,submitted,40,75,0.5333333333333333,35
swe-agent:005892:mplanchard__pydecor-20,swe-agent,submitted (exit_context),58,69,0.8405797101449275,11
swe-agent:005898:mplanchard__pydecor-20,swe-agent,submitted,12,49,0.24489795918367346,37
swe-agent:005907:mtik00__yamicache-9,swe-agent,submitted (exit_context),26,47,0.5531914893617021,21
swe-agent:005908:mtik00__yamicache-9,swe-agent,submitted,24,49,0.4897959183673469,25
swe-agent:005909:nathandines__SPF2IP-3,swe-agent,exit_context,12,45,0.26666666666666666,33
swe-agent:005910:nathandines__SPF2IP-3,swe-agent,exit_context,12,287,0.041811846689895474,275
swe-agent:005911:nathandines__SPF2IP-3,swe-agent,exit_context,36,51,0.7058823529411765,15
swe-agent:005912:nathandines__SPF2IP-3,swe-agent,exit_context,22,41,0.5365853658536586,19
swe-agent:005913:nathandines__SPF2IP-3,swe-agent,exit_context,12,45,0.26666666666666666,33
swe-agent:005914:nathandines__SPF2IP-3,swe-agent,exit_context,18,63,0.2857142857142857,45
swe-agent:005915:netromdk__vermin-196,swe-agent,submitted (exit_context),20,75,0.26666666666666666,55
swe-agent:005916:netromdk__vermin-196,swe-agent,submitted (exit_context),38,57,0.6666666666666666,19
swe-agent:005917:netromdk__vermin-196,swe-agent,submitted (exit_context),48,49,0.9795918367346939,1
swe-agent:005925:netromdk__vermin-196,swe-agent,submitted (exit_context),44,49,0.8979591836734694,5
swe-agent:005928:netromdk__vermin-196,swe-agent,exit_context,36,45,0.8,9
swe-agent:005945:numpy__numpy-financial-54,swe-agent,submitted (exit_context),36,39,0.9230769230769231,3
swe-agent:005951:numpy__numpy-financial-54,swe-agent,submitted,34,51,0.6666666666666666,17
swe-agent:005953:numpy__numpy-financial-54,swe-agent,submitted,28,35,0.8,7
swe-agent:005969:numpy__numpy-financial-54,swe-agent,submitted (exit_context),28,67,0.417910447761194,39
swe-agent:005980:oasis-open__cti-python-stix2-342,swe-agent,submitted (exit_context),28,79,0.35443037974683544,51
swe-agent:006014:plotly__dash-bio-589,swe-agent,exit_context,18,25,0.72,7
swe-agent:006022:pvlib__pvlib-python-1048,swe-agent,submitted (exit_context),60,63,0.9523809523809523,3
swe-agent:006060:pydantic__pydantic-4399,swe-agent,submitted,50,61,0.819672131147541,11
swe-agent:006062:pydantic__pydantic-4399,swe-agent,submitted (exit_context),36,119,0.3025210084033613,83
swe-agent:006066:pydantic__pydantic-4399,swe-agent,submitted (exit_context),20,573,0.034904013961605584,553
swe-agent:006068:pydantic__pydantic-4399,swe-agent,submitted (exit_context),26,105,0.24761904761904763,79
swe-agent:006071:pydantic__pydantic-4399,swe-agent,submitted (exit_context),66,153,0.43137254901960786,87
swe-agent:006075:pydantic__pydantic-4399,swe-agent,submitted,20,43,0.46511627906976744,23
swe-agent:006079:pydantic__pydantic-4399,swe-agent,submitted,22,65,0.3384615384615385,43
swe-agent:006139:sciunto-org__python-bibtexparser-379,swe-agent,submitted (exit_context),40,55,0.7272727272727273,15
swe-agent:006142:sciunto-org__python-bibtexparser-379,swe-agent,submitted (exit_context),26,71,0.36619718309859156,45
swe-agent:006155:sciunto-org__python-bibtexparser-385,swe-agent,early_exit,20,193,0.10362694300518134,173
swe-agent:006156:sciunto-org__python-bibtexparser-385,swe-agent,submitted (exit_context),42,113,0.37168141592920356,71
swe-agent:006163:sciunto-org__python-bibtexparser-385,swe-agent,submitted (exit_context),88,93,0.946236559139785,5
swe-agent:006167:sciunto-org__python-bibtexparser-385,swe-agent,submitted_no_patch,38,51,0.7450980392156863,13
swe-agent:006170:sciunto-org__python-bibtexparser-385,swe-agent,submitted (exit_context),26,375,0.06933333333333333,349
swe-agent:006174:sciunto-org__python-bibtexparser-385,swe-agent,submitted (exit_context),50,59,0.847457627118644,9
swe-agent:006175:sciunto-org__python-bibtexparser-385,swe-agent,early_exit,18,241,0.07468879668049792,223
swe-agent:006190:sciunto-org__python-bibtexparser-385,swe-agent,submitted (exit_context),72,119,0.6050420168067226,47
swe-agent:006204:sciunto-org__python-bibtexparser-385,swe-agent,submitted (exit_context),20,47,0.425531914893617,27
swe-agent:006208:sciunto-org__python-bibtexparser-385,swe-agent,submitted (exit_context),72,79,0.9113924050632911,7
swe-agent:006224:serge-sans-paille__beniget-80,swe-agent,submitted,32,55,0.5818181818181818,23
swe-agent:006259:snowblink14__smatch-30,swe-agent,submitted,20,39,0.5128205128205128,19
swe-agent:006266:srsudar__eg-88,swe-agent,exit_context,38,65,0.5846153846153846,27
swe-agent:006267:srsudar__eg-88,swe-agent,exit_context,50,65,0.7692307692307693,15
swe-agent:006270:srsudar__eg-88,swe-agent,exit_context,20,45,0.4444444444444444,25
swe-agent:006273:srsudar__eg-88,swe-agent,submitted (exit_context),86,119,0.7226890756302521,33
swe-agent:006275:srsudar__eg-88,swe-agent,submitted,14,17,0.8235294117647058,3
swe-agent:006313:stfc__PSyclone-2191,swe-agent,submitted (exit_context),36,49,0.7346938775510204,13
swe-agent:006328:streamlink__streamlink-1696,swe-agent,submitted (exit_context),26,351,0.07407407407407407,325
swe-agent:006331:streamlink__streamlink-1696,swe-agent,exit_context,18,95,0.18947368421052632,77
swe-agent:006334:streamlink__streamlink-1696,swe-agent,submitted,36,49,0.7346938775510204,13
swe-agent:006346:streamlink__streamlink-1696,swe-agent,submitted (exit_context),64,65,0.9846153846153847,1
swe-agent:006352:streamlink__streamlink-1696,swe-agent,submitted (exit_context),26,91,0.2857142857142857,65
swe-agent:006358:streamlink__streamlink-1696,swe-agent,submitted,28,55,0.509090909090909,27
swe-agent:006362:streamlink__streamlink-1696,swe-agent,submitted (exit_context),74,123,0.6016260162601627,49
swe-agent:006398:streamlink__streamlink-1696,swe-agent,exit_context,14,87,0.16091954022988506,73
swe-agent:006436:tianocore__edk2-pytool-extensions-41,swe-agent,submitted (exit_context),52,65,0.8,13
swe-agent:006437:tianocore__edk2-pytool-extensions-41,swe-agent,submitted (exit_context),24,51,0.47058823529411764,27
swe-agent:006461:tianocore__edk2-pytool-extensions-41,swe-agent,submitted,36,39,0.9230769230769231,3
swe-agent:006474:tobymao__sqlglot-1726,swe-agent,submitted,38,57,0.6666666666666666,19
swe-agent:006478:tobymao__sqlglot-1889,swe-agent,submitted (exit_context),24,381,0.06299212598425197,357
swe-agent:006488:tobymao__sqlglot-1889,swe-agent,submitted (exit_context),102,117,0.8717948717948718,15
swe-agent:006536:wearewhys__magnivore-14,swe-agent,submitted (exit_context),30,79,0.379746835443038,49
swe-agent:006550:wearewhys__magnivore-14,swe-agent,submitted (exit_context),54,79,0.6835443037974683,25
swe-agent:006558:wearewhys__magnivore-14,swe-agent,submitted (exit_context),38,105,0.3619047619047619,67
swe-agent:006572:wearewhys__magnivore-14,swe-agent,submitted (exit_context),18,73,0.2465753424657534,55
swe-agent:006575:wearewhys__magnivore-14,swe-agent,early_exit,44,59,0.7457627118644068,15
swe-agent:006586:wearewhys__magnivore-14,swe-agent,submitted (exit_context),38,83,0.4578313253012048,45
swe-agent:006591:wearewhys__magnivore-14,swe-agent,submitted (exit_context),20,89,0.2247191011235955,69
swe-agent:006593:wearewhys__magnivore-14,swe-agent,submitted (exit_context),80,81,0.9876543209876543,1
swe-agent:006600:zalando-stups__senza-365,swe-agent,submitted (exit_context),46,63,0.7301587301587301,17
swe-agent:006610:ARMmbed__greentea-237,swe-agent,submitted,14,17,0.8235294117647058,3
swe-agent:006637:Erotemic__ubelt-64,swe-agent,submitted (exit_context),38,75,0.5066666666666667,37
swe-agent:006647:Erotemic__ubelt-64,swe-agent,submitted,8,55,0.14545454545454545,47
swe-agent:006688:European-XFEL__EXtra-data-257,swe-agent,early_exit,80,109,0.7339449541284404,29
swe-agent:006698:European-XFEL__EXtra-data-257,swe-agent,submitted (exit_context),20,77,0.2597402597402597,57
swe-agent:006725:MicroPyramid__forex-python-27,swe-agent,submitted (exit_context),16,97,0.16494845360824742,81
swe-agent:006727:MicroPyramid__forex-python-27,swe-agent,submitted (exit_context),32,85,0.3764705882352941,53
swe-agent:006749:MicroPyramid__forex-python-27,swe-agent,submitted (exit_context),52,395,0.13164556962025317,343
swe-agent:006750:MicroPyramid__forex-python-27,swe-agent,submitted (exit_context),24,87,0.27586206896551724,63
swe-agent:006753:MicroPyramid__forex-python-27,swe-agent,exit_context,18,89,0.20224719101123595,71
swe-agent:006759:MicroPyramid__forex-python-27,swe-agent,submitted (exit_context),18,97,0.18556701030927836,79
swe-agent:006764:MicroPyramid__forex-python-27,swe-agent,submitted (exit_context),62,99,0.6262626262626263,37
swe-agent:006768:MicroPyramid__forex-python-27,swe-agent,submitted (exit_context),20,57,0.3508771929824561,37
swe-agent:006775:MicroPyramid__forex-python-27,swe-agent,exit_context,16,83,0.1927710843373494,67
swe-agent:006778:MicroPyramid__forex-python-27,swe-agent,submitted (exit_context),28,103,0.27184466019417475,75
swe-agent:006780:MicroPyramid__forex-python-27,swe-agent,submitted (exit_context),30,83,0.3614457831325301,53
swe-agent:006782:MicroPyramid__forex-python-27,swe-agent,submitted (exit_cost),98,473,0.20718816067653276,375
swe-agent:006784:MicroPyramid__forex-python-27,swe-agent,submitted (exit_context),36,81,0.4444444444444444,45
swe-agent:006787:MicroPyramid__forex-python-27,swe-agent,submitted,22,43,0.5116279069767442,21
swe-agent:006794:NCAS-CMS__cfdm-158,swe-agent,submitted (exit_context),30,113,0.26548672566371684,83
swe-agent:006797:NCAS-CMS__cfdm-158,swe-agent,submitted (exit_context),36,55,0.6545454545454545,19
swe-agent:006801:NCAS-CMS__cfdm-158,swe-agent,submitted (exit_context),26,35,0.7428571428571429,9
swe-agent:006828:NCAS-CMS__cfdm-158,swe-agent,submitted,26,35,0.7428571428571429,9
swe-agent:006831:NCAS-CMS__cfdm-158,swe-agent,submitted,46,61,0.7540983606557377,15
swe-agent:006846:PyCQA__flake8-bugbear-346,swe-agent,submitted (exit_context),34,55,0.6181818181818182,21
swe-agent:006848:PyCQA__pyflakes-580,swe-agent,submitted (exit_context),38,75,0.5066666666666667,37
swe-agent:006852:PyCQA__pyflakes-580,swe-agent,submitted (exit_context),36,71,0.5070422535211268,35
swe-agent:006869:RDFLib__rdflib-2160,swe-agent,submitted,28,43,0.6511627906976745,15
swe-agent:006875:RDFLib__rdflib-2160,swe-agent,submitted,36,59,0.6101694915254238,23
swe-agent:006892:RDFLib__rdflib-2160,swe-agent,submitted (exit_context),102,105,0.9714285714285714,3
swe-agent:006895:RDFLib__rdflib-2160,swe-agent,submitted,68,79,0.8607594936708861,11
swe-agent:006914:alanmcruickshank__sqlfluff-188,swe-agent,submitted (exit_context),50,61,0.819672131147541,11
swe-agent:006922:asottile__add-trailing-comma-23,swe-agent,submitted (exit_context),74,119,0.6218487394957983,45
swe-agent:006925:asottile__add-trailing-comma-71,swe-agent,submitted (exit_context),26,91,0.2857142857142857,65
swe-agent:006926:asottile__add-trailing-comma-71,swe-agent,submitted,36,53,0.6792452830188679,17
swe-agent:006951:asottile__add-trailing-comma-71,swe-agent,submitted (exit_context),32,95,0.3368421052631579,63
swe-agent:006959:asottile__add-trailing-comma-71,swe-agent,exit_context,72,201,0.3582089552238806,129
swe-agent:006961:asottile__add-trailing-comma-71,swe-agent,submitted (exit_context),50,53,0.9433962264150944,3
swe-agent:006962:asottile__add-trailing-comma-71,swe-agent,exit_context,30,53,0.5660377358490566,23
swe-agent:006972:asottile__add-trailing-comma-71,swe-agent,submitted (exit_context),34,97,0.35051546391752575,63
swe-agent:006973:asottile__add-trailing-comma-71,swe-agent,exit_context,18,51,0.35294117647058826,33
swe-agent:006982:asottile__add-trailing-comma-71,swe-agent,submitted,36,45,0.8,9
swe-agent:006984:asottile__add-trailing-comma-71,swe-agent,exit_context,20,51,0.39215686274509803,31
swe-agent:006990:asottile__pyupgrade-125,swe-agent,submitted,10,21,0.47619047619047616,11
swe-agent:007017:awdeorio__mailmerge-95,swe-agent,exit_context,22,49,0.4489795918367347,27
swe-agent:007024:awdeorio__mailmerge-95,swe-agent,exit_context,28,51,0.5490196078431373,23
swe-agent:007026:awdeorio__mailmerge-95,swe-agent,exit_context,14,49,0.2857142857142857,35
swe-agent:007036:awdeorio__mailmerge-95,swe-agent,submitted (exit_context),18,77,0.23376623376623376,59
swe-agent:007064:awdeorio__mailmerge-95,swe-agent,submitted (exit_context),38,101,0.37623762376237624,63
swe-agent:007068:awdeorio__mailmerge-95,swe-agent,submitted (exit_context),54,93,0.5806451612903226,39
swe-agent:007088:benjamincorcoran__sasdocs-5,swe-agent,submitted (exit_context),58,79,0.7341772151898734,21
swe-agent:007092:benjamincorcoran__sasdocs-5,swe-agent,submitted (exit_context),28,59,0.4745762711864407,31
swe-agent:007105:cuthbertLab__music21-1027,swe-agent,submitted,44,51,0.8627450980392157,7
swe-agent:007159:dandi__dandi-cli-63,swe-agent,exit_context,28,49,0.5714285714285714,21
swe-agent:007161:dandi__dandi-cli-63,swe-agent,exit_context,26,47,0.5531914893617021,21
swe-agent:007163:dandi__dandi-cli-63,swe-agent,exit_context,24,79,0.3037974683544304,55
swe-agent:007166:dropbox__stone-72,swe-agent,submitted (exit_context),76,79,0.9620253164556962,3
swe-agent:007182:drvinceknight__nbchkr-14,swe-agent,submitted (exit_context),16,39,0.41025641025641024,23
swe-agent:007189:drvinceknight__nbchkr-14,swe-agent,submitted,28,57,0.49122807017543857,29
swe-agent:007190:drvinceknight__nbchkr-14,swe-agent,submitted,36,45,0.8,9
swe-agent:007247:duo-labs__parliament-185,swe-agent,submitted (exit_context),22,71,0.30985915492957744,49
swe-agent:007254:facebookincubator__ptr-109,swe-agent,submitted,34,43,0.7906976744186046,9
swe-agent:007302:goodmami__wn-174,swe-agent,submitted (exit_context),82,125,0.656,43
swe-agent:007303:goodmami__wn-174,swe-agent,submitted (exit_context),62,75,0.8266666666666667,13
swe-agent:007313:gorakhargosh__watchdog-515,swe-agent,submitted,32,65,0.49230769230769234,33
swe-agent:007318:gorakhargosh__watchdog-515,swe-agent,submitted (exit_context),94,207,0.45410628019323673,113
swe-agent:007321:gorakhargosh__watchdog-515,swe-agent,submitted,34,39,0.8717948717948718,5
swe-agent:007327:hylang__hy-2423,swe-agent,submitted (exit_context),92,95,0.968421052631579,3
swe-agent:007328:hylang__hy-2423,swe-agent,submitted (exit_context),28,81,0.345679012345679,53
swe-agent:007329:hylang__hy-2423,swe-agent,submitted (exit_context),32,81,0.3950617283950617,49
swe-agent:007330:hylang__hy-2423,swe-agent,submitted (exit_context),22,151,0.1456953642384106,129
swe-agent:007332:hylang__hy-2423,swe-agent,submitted (exit_context),26,63,0.4126984126984127,37
swe-agent:007335:hylang__hy-2423,swe-agent,submitted (exit_context),56,73,0.7671232876712328,17
swe-agent:007338:hylang__hy-2423,swe-agent,submitted (exit_context),24,137,0.17518248175182483,113
swe-agent:007342:hylang__hy-2423,swe-agent,submitted,24,37,0.6486486486486487,13
swe-agent:007343:hylang__hy-2423,swe-agent,submitted (exit_context),58,95,0.6105263157894737,37
swe-agent:007347:hylang__hy-2423,swe-agent,submitted (exit_context),34,85,0.4,51
swe-agent:007348:hylang__hy-2423,swe-agent,submitted,30,41,0.7317073170731707,11
swe-agent:007350:hylang__hy-2423,swe-agent,submitted (exit_context),36,85,0.4235294117647059,49
swe-agent:007351:hylang__hy-2423,swe-agent,submitted (exit_context),38,83,0.4578313253012048,45
swe-agent:007352:hylang__hy-2423,swe-agent,submitted (exit_context),38,83,0.4578313253012048,45
swe-agent:007355:hylang__hy-2423,swe-agent,submitted (exit_context),40,69,0.5797101449275363,29
swe-agent:007357:hylang__hy-2423,swe-agent,submitted (exit_context),62,77,0.8051948051948052,15
swe-agent:007362:hylang__hy-2423,swe-agent,submitted (exit_context),30,117,0.2564102564102564,87
swe-agent:007365:hylang__hy-2423,swe-agent,submitted,36,55,0.6545454545454545,19
swe-agent:007384:iterative__dvc-5872,swe-agent,early_exit,28,57,0.49122807017543857,29
swe-agent:007390:iterative__dvc-6565,swe-agent,submitted (exit_context),64,85,0.7529411764705882,21
swe-agent:007398:iterative__dvc-6565,swe-agent,submitted (exit_context),36,101,0.3564356435643564,65
swe-agent:007412:jamesoff__simplemonitor-487,swe-agent,submitted,24,43,0.5581395348837209,19
swe-agent:007420:jmcnamara__XlsxWriter-956,swe-agent,submitted (exit_context),36,57,0.631578947368421,21
swe-agent:007460:jupyterhub__kubespawner-38,swe-agent,exit_context,22,83,0.26506024096385544,61
swe-agent:007482:level12__morphi-6,swe-agent,submitted_no_patch,18,21,0.8571428571428571,3
swe-agent:007497:level12__morphi-6,swe-agent,submitted,20,35,0.5714285714285714,15
swe-agent:007501:level12__morphi-6,swe-agent,submitted (exit_context),22,61,0.36065573770491804,39
swe-agent:007504:level12__morphi-6,swe-agent,submitted (exit_context),44,95,0.4631578947368421,51
swe-agent:007517:level12__morphi-6,swe-agent,submitted (exit_context),36,75,0.48,39
swe-agent:007518:level12__morphi-6,swe-agent,submitted,20,57,0.3508771929824561,37
swe-agent:007520:level12__morphi-6,swe-agent,submitted,16,57,0.2807017543859649,41
swe-agent:007531:linkml__linkml-1795,swe-agent,submitted (exit_context),86,107,0.8037383177570093,21
swe-agent:007533:linkml__linkml-1795,swe-agent,submitted,18,31,0.5806451612903226,13
swe-agent:007562:mantidproject__mslice-848,swe-agent,submitted (exit_context),40,65,0.6153846153846154,25
swe-agent:007568:mantidproject__mslice-848,swe-agent,submitted,44,55,0.8,11
swe-agent:007587:matrix-org__matrix-synapse-ldap3-163,swe-agent,exit_context,26,71,0.36619718309859156,45
swe-agent:007607:mkdocs__mkdocs-2507,swe-agent,submitted,36,39,0.9230769230769231,3
swe-agent:007613:mkdocs__mkdocs-2507,swe-agent,submitted (exit_context),30,67,0.44776119402985076,37
swe-agent:007638:mkdocs__mkdocs-2507,swe-agent,exit_context,26,43,0.6046511627906976,17
swe-agent:007652:mkdocs__mkdocs-2507,swe-agent,submitted (exit_context),30,81,0.37037037037037035,51
swe-agent:007695:mkdocs__mkdocs-2916,swe-agent,submitted (exit_context),98,147,0.6666666666666666,49
swe-agent:007696:mkdocs__mkdocs-2916,swe-agent,submitted (exit_context),40,117,0.3418803418803419,77
swe-agent:007715:neogeny__TatSu-309,swe-agent,submitted (exit_context),16,69,0.2318840579710145,53
swe-agent:007721:neogeny__TatSu-309,swe-agent,submitted,20,65,0.3076923076923077,45
swe-agent:007725:neogeny__TatSu-309,swe-agent,submitted (exit_context),18,125,0.144,107
swe-agent:007739:nose-devs__nose2-410,swe-agent,submitted (exit_context),44,137,0.32116788321167883,93
swe-agent:007741:nose-devs__nose2-410,swe-agent,submitted (exit_context),46,57,0.8070175438596491,11
swe-agent:007759:palantir__python-language-server-211,swe-agent,submitted,10,27,0.37037037037037035,17
swe-agent:007788:palantir__python-language-server-211,swe-agent,submitted,10,17,0.5882352941176471,7
swe-agent:007814:pvlib__pvlib-python-1782,swe-agent,submitted,20,33,0.6060606060606061,13
swe-agent:007835:pydantic__pydantic-1581,swe-agent,submitted (exit_context),92,117,0.7863247863247863,25
swe-agent:007842:pydantic__pydantic-1581,swe-agent,exit_context,42,91,0.46153846153846156,49
swe-agent:007844:pydantic__pydantic-1581,swe-agent,submitted (exit_context),32,37,0.8648648648648649,5
swe-agent:007848:pydantic__pydantic-1581,swe-agent,submitted (exit_context),30,111,0.2702702702702703,81
swe-agent:007849:pydantic__pydantic-1678,swe-agent,submitted,20,25,0.8,5
swe-agent:007853:pydantic__pydantic-1678,swe-agent,submitted,10,49,0.20408163265306123,39
swe-agent:007855:pydantic__pydantic-1678,swe-agent,submitted,12,87,0.13793103448275862,75
swe-agent:007856:pydantic__pydantic-1678,swe-agent,submitted (exit_context),66,167,0.39520958083832336,101
swe-agent:007861:pydantic__pydantic-1678,swe-agent,submitted (exit_context),36,75,0.48,39
swe-agent:007864:pydantic__pydantic-1678,swe-agent,submitted (exit_context),18,145,0.12413793103448276,127
swe-agent:007865:pydantic__pydantic-1678,swe-agent,submitted (exit_context),16,247,0.06477732793522267,231
swe-agent:007866:pydantic__pydantic-2252,swe-agent,submitted,36,65,0.5538461538461539,29
swe-agent:007881:pydantic__pydantic-4361,swe-agent,submitted (exit_context),56,143,0.3916083916083916,87
swe-agent:007888:pydantic__pydantic-4361,swe-agent,submitted (exit_context),12,131,0.0916030534351145,119
swe-agent:007889:pydantic__pydantic-4361,swe-agent,submitted (exit_context),82,141,0.5815602836879432,59
swe-agent:007914:pydantic__pydantic-4361,swe-agent,submitted,22,53,0.41509433962264153,31
swe-agent:007918:pydantic__pydantic-4361,swe-agent,submitted (exit_context),30,205,0.14634146341463414,175
swe-agent:007931:pydantic__pydantic-4361,swe-agent,submitted (exit_context),14,161,0.08695652173913043,147
swe-agent:007949:pydantic__pydantic-4361,swe-agent,submitted (exit_context),58,145,0.4,87
swe-agent:007950:pydantic__pydantic-4361,swe-agent,early_exit,70,115,0.6086956521739131,45
swe-agent:007952:pydantic__pydantic-4361,swe-agent,submitted (exit_context),34,143,0.23776223776223776,109
swe-agent:007955:pydantic__pydantic-4361,swe-agent,submitted,10,55,0.18181818181818182,45
swe-agent:007973:pypa__cibuildwheel-1138,swe-agent,submitted,14,33,0.42424242424242425,19
swe-agent:008004:radiasoft__pykern-282,swe-agent,submitted (exit_context),60,65,0.9230769230769231,5
swe-agent:008009:reata__sqllineage-42,swe-agent,submitted,18,49,0.3673469387755102,31
swe-agent:008014:reata__sqllineage-42,swe-agent,submitted (exit_context),52,81,0.6419753086419753,29
swe-agent:008040:reata__sqllineage-42,swe-agent,submitted (exit_context),14,109,0.12844036697247707,95
swe-agent:008044:reata__sqllineage-42,swe-agent,submitted (exit_context),36,59,0.6101694915254238,23
swe-agent:008047:reata__sqllineage-42,swe-agent,submitted (exit_context),28,41,0.6829268292682927,13
swe-agent:008048:reata__sqllineage-42,swe-agent,submitted (exit_context),22,101,0.21782178217821782,79
swe-agent:008050:reata__sqllineage-42,swe-agent,submitted (exit_context),38,45,0.8444444444444444,7
swe-agent:008053:reata__sqllineage-42,swe-agent,submitted (exit_context),12,49,0.24489795918367346,37
swe-agent:008055:reata__sqllineage-42,swe-agent,submitted,14,25,0.56,11
swe-agent:008108:rueckstiess__mtools-637,swe-agent,submitted,14,19,0.7368421052631579,5
swe-agent:008109:rueckstiess__mtools-637,swe-agent,submitted,56,107,0.5233644859813084,51
swe-agent:008113:rueckstiess__mtools-637,swe-agent,submitted (exit_context),52,69,0.7536231884057971,17
swe-agent:008120:solegalli__feature_engine-266,swe-agent,submitted (exit_context),16,37,0.43243243243243246,21
swe-agent:008125:solegalli__feature_engine-266,swe-agent,submitted (exit_context),24,67,0.3582089552238806,43
swe-agent:008134:sqlfluff__sqlfluff-1625,swe-agent,submitted (exit_context),42,101,0.4158415841584158,59
swe-agent:008140:tensorflow__agents-913,swe-agent,submitted (exit_context),50,55,0.9090909090909091,5
swe-agent:008191:testing-cabal__systemfixtures-9,swe-agent,submitted (exit_context),52,385,0.13506493506493505,333
swe-agent:008198:testing-cabal__systemfixtures-9,swe-agent,submitted,28,57,0.49122807017543857,29
swe-agent:008200:testing-cabal__systemfixtures-9,swe-agent,submitted (exit_context),48,63,0.7619047619047619,15
swe-agent:008212:tobymao__sqlglot-3171,swe-agent,submitted (exit_context),26,61,0.4262295081967213,35
swe-agent:008213:tobymao__sqlglot-3171,swe-agent,submitted (exit_context),40,71,0.5633802816901409,31
swe-agent:008220:zalando-stups__pierone-cli-49,swe-agent,submitted (exit_context),28,231,0.12121212121212122,203
swe-agent:008221:zalando-stups__pierone-cli-49,swe-agent,submitted (exit_context),24,87,0.27586206896551724,63
swe-agent:008245:ASFHyP3__hyp3-sdk-71,swe-agent,submitted,56,69,0.8115942028985508,13
swe-agent:008268:AppImageCrafters__appimage-builder-98,swe-agent,submitted (exit_context),46,157,0.2929936305732484,111
swe-agent:008283:AppImageCrafters__appimage-builder-98,swe-agent,submitted,14,33,0.42424242424242425,19
swe-agent:008284:F5Networks__f5-icontrol-rest-python-115,swe-agent,exit_context,36,69,0.5217391304347826,33
swe-agent:008285:F5Networks__f5-icontrol-rest-python-115,swe-agent,exit_context,30,53,0.5660377358490566,23
swe-agent:008286:F5Networks__f5-icontrol-rest-python-115,swe-agent,exit_context,28,37,0.7567567567567568,9
swe-agent:008288:F5Networks__f5-icontrol-rest-python-115,swe-agent,exit_context,38,45,0.8444444444444444,7
swe-agent:008290:F5Networks__f5-icontrol-rest-python-115,swe-agent,exit_context,28,57,0.49122807017543857,29
swe-agent:008294:FactoryBoy__factory_boy-1045,swe-agent,submitted (exit_context),68,127,0.5354330708661418,59
swe-agent:008366:KyleJamesWalker__yamlsettings-36,swe-agent,submitted (exit_context),36,81,0.4444444444444444,45
swe-agent:008370:KyleJamesWalker__yamlsettings-36,swe-agent,submitted (exit_context),64,69,0.927536231884058,5
swe-agent:008390:Parquery__pyicontract-lint-25,swe-agent,submitted,22,27,0.8148148148148148,5
swe-agent:008444:adamchainz__apig-wsgi-290,swe-agent,submitted,62,77,0.8051948051948052,15
swe-agent:008466:adamchainz__apig-wsgi-290,swe-agent,submitted (exit_context),40,79,0.5063291139240507,39
swe-agent:008475:asottile__covdefaults-57,swe-agent,early_exit,14,27,0.5185185185185185,13
swe-agent:008481:asottile__pyupgrade-324,swe-agent,submitted (exit_context),32,83,0.3855421686746988,51
swe-agent:008523:bids-standard__pybids-492,swe-agent,submitted (exit_context),20,113,0.17699115044247787,93
swe-agent:008532:bids-standard__pybids-492,swe-agent,early_exit,30,47,0.6382978723404256,17
swe-agent:008536:bids-standard__pybids-492,swe-agent,submitted (exit_context),22,51,0.43137254901960786,29
swe-agent:008553:bids-standard__pybids-492,swe-agent,submitted,34,55,0.6181818181818182,21
swe-agent:008570:diogommartins__simple_json_logger-14,swe-agent,submitted,22,49,0.4489795918367347,27
swe-agent:008579:dirty-cat__dirty_cat-378,swe-agent,submitted (exit_context),50,97,0.5154639175257731,47
swe-agent:008585:dirty-cat__dirty_cat-378,swe-agent,submitted (exit_context),34,83,0.40963855421686746,49
swe-agent:008587:dirty-cat__dirty_cat-378,swe-agent,submitted,34,45,0.7555555555555555,11
swe-agent:008588:dirty-cat__dirty_cat-378,swe-agent,submitted (exit_context),30,75,0.4,45
swe-agent:008591:dirty-cat__dirty_cat-378,swe-agent,submitted (exit_context),26,63,0.4126984126984127,37
swe-agent:008594:dirty-cat__dirty_cat-378,swe-agent,submitted (exit_context),26,87,0.2988505747126437,61
swe-agent:008596:dirty-cat__dirty_cat-378,swe-agent,submitted,26,65,0.4,39
swe-agent:008597:dirty-cat__dirty_cat-378,swe-agent,submitted (exit_context),18,55,0.32727272727272727,37
swe-agent:008605:dirty-cat__dirty_cat-378,swe-agent,submitted,18,25,0.72,7
swe-agent:008614:dirty-cat__dirty_cat-378,swe-agent,submitted (exit_context),20,35,0.5714285714285714,15
swe-agent:008622:dirty-cat__dirty_cat-378,swe-agent,submitted (exit_context),18,109,0.1651376146788991,91
swe-agent:008628:dirty-cat__dirty_cat-378,swe-agent,submitted (exit_context),28,51,0.5490196078431373,23
swe-agent:008631:dirty-cat__dirty_cat-378,swe-agent,submitted (exit_context),18,111,0.16216216216216217,93
swe-agent:008644:disqus__python-phabricator-64,swe-agent,submitted,20,31,0.6451612903225806,11
swe-agent:008658:disqus__python-phabricator-64,swe-agent,submitted (exit_context),30,93,0.3225806451612903,63
swe-agent:008660:disqus__python-phabricator-64,swe-agent,submitted (exit_context),48,73,0.6575342465753424,25
swe-agent:008661:disqus__python-phabricator-64,swe-agent,submitted,16,27,0.5925925925925926,11
swe-agent:008667:disqus__python-phabricator-64,swe-agent,submitted (exit_context),62,73,0.8493150684931506,11
swe-agent:008669:disqus__python-phabricator-64,swe-agent,submitted (exit_context),42,47,0.8936170212765957,5
swe-agent:008674:disqus__python-phabricator-64,swe-agent,submitted (exit_context),56,65,0.8615384615384616,9
swe-agent:008676:disqus__python-phabricator-64,swe-agent,submitted,28,59,0.4745762711864407,31
swe-agent:008683:disqus__python-phabricator-64,swe-agent,submitted (exit_context),44,73,0.6027397260273972,29
swe-agent:008688:disqus__python-phabricator-64,swe-agent,submitted,32,43,0.7441860465116279,11
swe-agent:008717:fnl__syntok-17,swe-agent,submitted (exit_context),34,59,0.576271186440678,25
swe-agent:008734:fnl__syntok-17,swe-agent,submitted,28,35,0.8,7
swe-agent:008749:globocom__m3u8-125,swe-agent,exit_context,14,47,0.2978723404255319,33
swe-agent:008780:globocom__m3u8-125,swe-agent,exit_context,34,51,0.6666666666666666,17
swe-agent:008790:globocom__m3u8-125,swe-agent,submitted (exit_context),52,67,0.7761194029850746,15
swe-agent:008803:google__mobly-194,swe-agent,exit_context,18,51,0.35294117647058826,33
swe-agent:008804:google__mobly-194,swe-agent,exit_context,20,85,0.23529411764705882,65
swe-agent:008806:google__mobly-194,swe-agent,exit_context,32,79,0.4050632911392405,47
swe-agent:008813:google__mobly-194,swe-agent,exit_context,18,79,0.22784810126582278,61
swe-agent:008823:google__mobly-194,swe-agent,submitted,14,39,0.358974358974359,25
swe-agent:008840:google__mobly-194,swe-agent,submitted (exit_context),42,69,0.6086956521739131,27
swe-agent:008844:hgrecco__pint-pandas-204,swe-agent,submitted,22,45,0.4888888888888889,23
swe-agent:008892:iterative__dvc-2133,swe-agent,submitted,62,93,0.6666666666666666,31
swe-agent:008897:iterative__dvc-2133,swe-agent,early_exit,40,53,0.7547169811320755,13
swe-agent:008899:iterative__dvc-2133,swe-agent,submitted,32,45,0.7111111111111111,13
swe-agent:008902:iterative__dvc-4005,swe-agent,submitted,54,79,0.6835443037974683,25
swe-agent:008903:iterative__dvc-4005,swe-agent,submitted (exit_context),30,97,0.30927835051546393,67
swe-agent:008914:iterative__dvc-4005,swe-agent,submitted (exit_context),48,135,0.35555555555555557,87
swe-agent:008930:iterative__dvc-5078,swe-agent,exit_context,84,129,0.6511627906976745,45
swe-agent:008938:iterative__dvc-9783,swe-agent,submitted (exit_context),58,211,0.27488151658767773,153
swe-agent:008941:iterative__dvc-9783,swe-agent,submitted (exit_context),24,445,0.05393258426966292,421
swe-agent:008942:iterative__dvc-9783,swe-agent,exit_context,30,47,0.6382978723404256,17
swe-agent:008943:iterative__dvc-9783,swe-agent,submitted (exit_context),66,85,0.7764705882352941,19
swe-agent:008946:iterative__dvc-9783,swe-agent,exit_context,18,103,0.17475728155339806,85
swe-agent:008975:john-kurkowski__tldextract-258,swe-agent,submitted,12,27,0.4444444444444444,15
swe-agent:009003:joke2k__faker-1569,swe-agent,submitted (exit_context),36,63,0.5714285714285714,27
swe-agent:009032:kiorky__croniter-69,swe-agent,exit_context,36,51,0.7058823529411765,15
swe-agent:009045:kiorky__croniter-69,swe-agent,submitted (exit_context),34,59,0.576271186440678,25
swe-agent:009097:kiwicom__structlog-sentry-13,swe-agent,exit_context,8,121,0.06611570247933884,113
swe-agent:009098:kiwicom__structlog-sentry-13,swe-agent,exit_context,16,109,0.14678899082568808,93
swe-agent:009117:laterpay__laterpay-client-python-85,swe-agent,submitted (exit_context),86,103,0.8349514563106796,17
swe-agent:009120:laterpay__laterpay-client-python-85,swe-agent,submitted,28,37,0.7567567567567568,9
swe-agent:009128:laterpay__laterpay-client-python-85,swe-agent,submitted,38,55,0.6909090909090909,17
swe-agent:009145:lidatong__dataclasses-json-123,swe-agent,submitted (exit_context),58,111,0.5225225225225225,53
swe-agent:009148:lidatong__dataclasses-json-123,swe-agent,submitted (exit_context),78,435,0.1793103448275862,357
swe-agent:009161:lundberg__respx-259,swe-agent,submitted (exit_context),44,433,0.10161662817551963,389
swe-agent:009166:mapbox__untiler-28,swe-agent,submitted (exit_context),58,81,0.7160493827160493,23
swe-agent:009176:mapbox__untiler-28,swe-agent,exit_context,28,53,0.5283018867924528,25
swe-agent:009178:mapbox__untiler-28,swe-agent,submitted (exit_context),42,65,0.6461538461538462,23
swe-agent:009184:mapbox__untiler-28,swe-agent,submitted (exit_context),24,35,0.6857142857142857,11
swe-agent:009185:mapbox__untiler-28,swe-agent,submitted (exit_context),42,61,0.6885245901639344,19
swe-agent:009190:mapbox__untiler-28,swe-agent,exit_context,36,41,0.8780487804878049,5
swe-agent:009193:mapbox__untiler-28,swe-agent,submitted (exit_context),26,351,0.07407407407407407,325
swe-agent:009195:mapbox__untiler-28,swe-agent,submitted (exit_context),14,53,0.2641509433962264,39
swe-agent:009204:mapbox__untiler-28,swe-agent,submitted (exit_context),18,91,0.1978021978021978,73
swe-agent:009217:mapbox__untiler-28,swe-agent,exit_context,30,63,0.47619047619047616,33
swe-agent:009219:mapbox__untiler-28,swe-agent,exit_context,38,185,0.20540540540540542,147
swe-agent:009220:mapbox__untiler-28,swe-agent,exit_context,42,53,0.7924528301886793,11
swe-agent:009231:melexis__warnings-plugin-57,swe-agent,submitted,22,31,0.7096774193548387,9
swe-agent:009252:mozilla__bleach-410,swe-agent,submitted (exit_context),70,73,0.958904109589041,3
swe-agent:009264:onicagroup__runway-2013,swe-agent,submitted (exit_context),30,301,0.09966777408637874,271
swe-agent:009268:onicagroup__runway-2013,swe-agent,submitted (exit_context),54,91,0.5934065934065934,37
swe-agent:009276:openlawlibrary__pygls-252,swe-agent,submitted,18,19,0.9473684210526315,1
swe-agent:009287:openlawlibrary__pygls-252,swe-agent,submitted (exit_context),24,49,0.4897959183673469,25
swe-agent:009300:openlawlibrary__pygls-252,swe-agent,submitted,68,77,0.8831168831168831,9
swe-agent:009320:oxan__djangorestframework-dataclasses-80,swe-agent,submitted (exit_context),52,55,0.9454545454545454,3
swe-agent:009322:oxan__djangorestframework-dataclasses-80,swe-agent,submitted (exit_context),68,75,0.9066666666666666,7
swe-agent:009338:pika__pika-1041,swe-agent,submitted (exit_context),92,387,0.23772609819121446,295
swe-agent:009357:praw-dev__praw-1960,swe-agent,submitted (exit_context),34,179,0.18994413407821228,145
swe-agent:009385:pydantic__pydantic-2051,swe-agent,submitted (exit_context),34,227,0.14977973568281938,193
swe-agent:009386:pydantic__pydantic-2051,swe-agent,submitted (exit_context),14,135,0.1037037037037037,121
swe-agent:009387:pydantic__pydantic-2051,swe-agent,submitted (exit_context),10,139,0.07194244604316546,129
swe-agent:009388:pydantic__pydantic-2051,swe-agent,submitted (exit_context),10,93,0.10752688172043011,83
swe-agent:009389:pydantic__pydantic-2051,swe-agent,submitted,10,63,0.15873015873015872,53
swe-agent:009391:pydantic__pydantic-2051,swe-agent,submitted (exit_context),16,211,0.07582938388625593,195
swe-agent:009392:pydantic__pydantic-2051,swe-agent,submitted (exit_context),10,109,0.09174311926605505,99
swe-agent:009393:pydantic__pydantic-2051,swe-agent,submitted (exit_context),10,107,0.09345794392523364,97
swe-agent:009395:pydantic__pydantic-2051,swe-agent,submitted (exit_context),10,117,0.08547008547008547,107
swe-agent:009396:pydantic__pydantic-2051,swe-agent,submitted (exit_context),10,101,0.09900990099009901,91
swe-agent:009397:pydantic__pydantic-2051,swe-agent,submitted (exit_context),28,137,0.20437956204379562,109
swe-agent:009398:pydantic__pydantic-2051,swe-agent,submitted (exit_context),10,113,0.08849557522123894,103
swe-agent:009399:pydantic__pydantic-2051,swe-agent,submitted,10,33,0.30303030303030304,23
swe-agent:009400:pydantic__pydantic-2051,swe-agent,submitted (exit_context),10,135,0.07407407407407407,125
swe-agent:009404:pydantic__pydantic-2512,swe-agent,submitted (exit_context),74,85,0.8705882352941177,11
swe-agent:009406:pydantic__pydantic-2512,swe-agent,submitted (exit_context),24,69,0.34782608695652173,45
swe-agent:009407:pydantic__pydantic-2512,swe-agent,submitted (exit_context),42,79,0.5316455696202531,37
swe-agent:009409:pydantic__pydantic-2512,swe-agent,submitted (exit_context),60,63,0.9523809523809523,3
swe-agent:009410:pydantic__pydantic-2512,swe-agent,submitted,46,75,0.6133333333333333,29
swe-agent:009479:python__cherry-picker-110,swe-agent,submitted (exit_context),100,107,0.9345794392523364,7
swe-agent:009511:reframe-hpc__reframe-2788,swe-agent,submitted (exit_context),16,139,0.11510791366906475,123
swe-agent:009516:reframe-hpc__reframe-2788,swe-agent,submitted (exit_context),16,189,0.08465608465608465,173
swe-agent:009546:steemit__hivemind-255,swe-agent,submitted (exit_context),50,57,0.8771929824561403,7
swe-agent:009556:steemit__hivemind-255,swe-agent,submitted (exit_context),60,79,0.759493670886076,19
swe-agent:009562:tonioo__sievelib-82,swe-agent,submitted (exit_context),60,107,0.5607476635514018,47
swe-agent:009567:tonioo__sievelib-82,swe-agent,submitted (exit_context),44,69,0.6376811594202898,25
swe-agent:009571:unt-libraries__edtf-validate-29,swe-agent,submitted (exit_context),44,53,0.8301886792452831,9
swe-agent:009599:EdinburghGenomics__EGCG-Core-6,swe-agent,submitted (exit_context),58,107,0.5420560747663551,49
swe-agent:009606:Melevir__cognitive_complexity-17,swe-agent,submitted,18,25,0.72,7
swe-agent:009608:Melevir__cognitive_complexity-17,swe-agent,submitted (exit_context),90,119,0.7563025210084033,29
swe-agent:009613:Melevir__cognitive_complexity-17,swe-agent,submitted (exit_context),46,105,0.4380952380952381,59
swe-agent:009624:Melevir__cognitive_complexity-17,swe-agent,exit_context,14,59,0.23728813559322035,45
swe-agent:009635:Melevir__cognitive_complexity-17,swe-agent,exit_context,24,81,0.2962962962962963,57
swe-agent:009642:Melevir__cognitive_complexity-17,swe-agent,exit_context,16,61,0.26229508196721313,45
swe-agent:009647:Melevir__cognitive_complexity-17,swe-agent,exit_context,14,77,0.18181818181818182,63
swe-agent:009649:Melevir__cognitive_complexity-17,swe-agent,submitted (exit_context),50,105,0.47619047619047616,55
swe-agent:009650:Melevir__cognitive_complexity-17,swe-agent,exit_context,36,103,0.34951456310679613,67
swe-agent:009651:Melevir__cognitive_complexity-17,swe-agent,exit_context,20,85,0.23529411764705882,65
swe-agent:009659:Melevir__cognitive_complexity-17,swe-agent,exit_context,10,57,0.17543859649122806,47
swe-agent:009661:Melevir__cognitive_complexity-17,swe-agent,exit_context,10,91,0.10989010989010989,81
swe-agent:009664:Melevir__cognitive_complexity-17,swe-agent,exit_context,20,55,0.36363636363636365,35
swe-agent:009665:Melevir__cognitive_complexity-17,swe-agent,submitted,30,45,0.6666666666666666,15
swe-agent:009666:PyCQA__flake8-bugbear-129,swe-agent,early_exit,48,53,0.9056603773584906,5
swe-agent:009673:PyCQA__flake8-bugbear-129,swe-agent,submitted (exit_context),22,119,0.18487394957983194,97
swe-agent:009688:PyCQA__flake8-bugbear-129,swe-agent,submitted (exit_context),16,131,0.12213740458015267,115
swe-agent:009718:PyCQA__flake8-bugbear-129,swe-agent,submitted,18,23,0.782608695652174,5
swe-agent:009721:PyCQA__flake8-bugbear-129,swe-agent,exit_context,14,75,0.18666666666666668,61
swe-agent:009724:PyCQA__pyflakes-435,swe-agent,submitted (exit_context),60,73,0.821917808219178,13
swe-agent:009725:PyCQA__pyflakes-435,swe-agent,submitted (exit_context),40,87,0.45977011494252873,47
swe-agent:009726:PyCQA__pyflakes-435,swe-agent,submitted (exit_context),50,93,0.5376344086021505,43
swe-agent:009727:PyCQA__pyflakes-435,swe-agent,submitted (exit_context),48,83,0.5783132530120482,35
swe-agent:009728:PyCQA__pyflakes-435,swe-agent,submitted (exit_context),24,85,0.2823529411764706,61
swe-agent:009739:ResearchObject__ro-crate-py-170,swe-agent,submitted (exit_context),46,85,0.5411764705882353,39
swe-agent:009755:ResearchObject__ro-crate-py-170,swe-agent,submitted,22,45,0.4888888888888889,23
swe-agent:009763:ResearchObject__ro-crate-py-170,swe-agent,submitted (exit_context),54,113,0.4778761061946903,59
swe-agent:009783:alexander-akhmetov__python-telegram-73,swe-agent,submitted (exit_context),38,63,0.6031746031746031,25
swe-agent:009784:alexander-akhmetov__python-telegram-73,swe-agent,submitted (exit_context),38,67,0.5671641791044776,29
swe-agent:009826:asottile__pyupgrade-243,swe-agent,submitted (exit_context),26,67,0.3880597014925373,41
swe-agent:009827:asottile__pyupgrade-243,swe-agent,submitted (exit_context),16,67,0.23880597014925373,51
swe-agent:009832:asottile__pyupgrade-243,swe-agent,submitted (exit_context),26,67,0.3880597014925373,41
swe-agent:009835:asottile__pyupgrade-243,swe-agent,submitted,36,39,0.9230769230769231,3
swe-agent:009847:beetbox__beets-3868,swe-agent,submitted (exit_context),58,131,0.44274809160305345,73
swe-agent:009857:beetbox__beets-3868,swe-agent,submitted,26,37,0.7027027027027027,11
swe-agent:009909:canonical__charmcraft-916,swe-agent,exit_context,26,81,0.32098765432098764,55
swe-agent:009920:cdent__gabbi-292,swe-agent,submitted (exit_context),22,85,0.25882352941176473,63
swe-agent:009928:cdent__gabbi-292,swe-agent,submitted (exit_context),28,61,0.45901639344262296,33
swe-agent:009932:cdent__gabbi-292,swe-agent,submitted (exit_context),26,51,0.5098039215686274,25
swe-agent:009938:cdent__gabbi-292,swe-agent,submitted (exit_context),40,107,0.37383177570093457,67
swe-agent:009947:cdent__gabbi-292,swe-agent,submitted (exit_context),20,91,0.21978021978021978,71
swe-agent:009973:childsish__dynamic-yaml-18,swe-agent,submitted (exit_context),22,65,0.3384615384615385,43
swe-agent:009988:cloudtools__stacker-646,swe-agent,submitted (exit_context),76,205,0.37073170731707317,129
swe-agent:009990:cloudtools__stacker-646,swe-agent,submitted (exit_context),68,101,0.6732673267326733,33
swe-agent:009991:cloudtools__stacker-646,swe-agent,submitted,32,37,0.8648648648648649,5
swe-agent:009995:cloudtools__stacker-646,swe-agent,submitted,48,49,0.9795918367346939,1
swe-agent:009996:cloudtools__stacker-646,swe-agent,submitted,24,31,0.7741935483870968,7
swe-agent:009998:corteva__rioxarray-307,swe-agent,submitted,44,81,0.5432098765432098,37
swe-agent:010010:cunla__fakeredis-py-214,swe-agent,submitted (exit_context),38,73,0.5205479452054794,35
swe-agent:010024:dapr__python-sdk-272,swe-agent,submitted,22,49,0.4489795918367347,27
swe-agent:010025:dapr__python-sdk-272,swe-agent,submitted (exit_context),36,69,0.5217391304347826,33
swe-agent:010026:dapr__python-sdk-272,swe-agent,submitted (exit_context),34,115,0.2956521739130435,81
swe-agent:010036:dapr__python-sdk-272,swe-agent,exit_context,16,73,0.2191780821917808,57
swe-agent:010039:dapr__python-sdk-272,swe-agent,submitted (exit_context),16,75,0.21333333333333335,59
swe-agent:010041:dapr__python-sdk-272,swe-agent,submitted (exit_context),28,91,0.3076923076923077,63
swe-agent:010044:dapr__python-sdk-272,swe-agent,submitted (exit_context),52,167,0.31137724550898205,115
swe-agent:010045:dapr__python-sdk-272,swe-agent,submitted (exit_context),44,109,0.4036697247706422,65
swe-agent:010053:dapr__python-sdk-272,swe-agent,submitted,26,45,0.5777777777777777,19
swe-agent:010057:dapr__python-sdk-272,swe-agent,submitted (exit_context),46,403,0.1141439205955335,357
swe-agent:010061:dapr__python-sdk-272,swe-agent,submitted (exit_context),40,75,0.5333333333333333,35
swe-agent:010064:dapr__python-sdk-272,swe-agent,submitted (exit_context),28,63,0.4444444444444444,35
swe-agent:010066:dapr__python-sdk-272,swe-agent,submitted (exit_context),58,281,0.20640569395017794,223
swe-agent:010070:dapr__python-sdk-272,swe-agent,submitted (exit_context),44,163,0.26993865030674846,119
swe-agent:010078:dapr__python-sdk-272,swe-agent,submitted (exit_context),28,115,0.24347826086956523,87
swe-agent:010082:dapr__python-sdk-272,swe-agent,submitted (exit_context),26,409,0.06356968215158924,383
swe-agent:010087:dapr__python-sdk-272,swe-agent,submitted (exit_context),26,425,0.0611764705882353,399
swe-agent:010089:dapr__python-sdk-272,swe-agent,submitted (exit_context),32,139,0.2302158273381295,107
swe-agent:010093:dapr__python-sdk-272,swe-agent,submitted (exit_context),28,101,0.27722772277227725,73
swe-agent:010108:dapr__python-sdk-272,swe-agent,submitted (exit_context),32,79,0.4050632911392405,47
swe-agent:010112:dapr__python-sdk-272,swe-agent,submitted (exit_context),30,105,0.2857142857142857,75
swe-agent:010141:enowars__enochecker-82,swe-agent,submitted (exit_context),30,77,0.38961038961038963,47
swe-agent:010154:feature-engine__feature_engine-614,swe-agent,submitted (exit_context),24,49,0.4897959183673469,25
swe-agent:010173:feature-engine__feature_engine-614,swe-agent,submitted (exit_context),34,77,0.44155844155844154,43
swe-agent:010185:feature-engine__feature_engine-614,swe-agent,submitted (exit_context),28,59,0.4745762711864407,31
swe-agent:010189:feature-engine__feature_engine-614,swe-agent,submitted (exit_context),30,45,0.6666666666666666,15
swe-agent:010192:feature-engine__feature_engine-614,swe-agent,submitted (exit_context),54,61,0.8852459016393442,7
swe-agent:010195:feature-engine__feature_engine-614,swe-agent,submitted (exit_context),50,69,0.7246376811594203,19
swe-agent:010209:googleapis__google-resumable-media-python-343,swe-agent,submitted (exit_context),30,53,0.5660377358490566,23
swe-agent:010218:googleapis__google-resumable-media-python-343,swe-agent,submitted (exit_context),44,111,0.3963963963963964,67
swe-agent:010224:googleapis__google-resumable-media-python-343,swe-agent,submitted,20,37,0.5405405405405406,17
swe-agent:010232:iris-hep__qastle-52,swe-agent,submitted,48,105,0.45714285714285713,57
swe-agent:010239:iterative__dvc-2460,swe-agent,submitted (exit_context),56,77,0.7272727272727273,21
swe-agent:010242:iterative__dvc-2460,swe-agent,submitted (exit_context),64,75,0.8533333333333334,11
swe-agent:010245:iterative__dvc-2460,swe-agent,exit_context,32,95,0.3368421052631579,63
swe-agent:010247:iterative__dvc-2460,swe-agent,submitted (exit_context),62,93,0.6666666666666666,31
swe-agent:010248:iterative__dvc-2460,swe-agent,submitted (exit_context),38,61,0.6229508196721312,23
swe-agent:010253:iterative__dvc-3876,swe-agent,submitted (exit_context),148,153,0.9673202614379085,5
swe-agent:010255:iterative__dvc-3876,swe-agent,submitted (exit_context),36,93,0.3870967741935484,57
swe-agent:010256:iterative__dvc-3876,swe-agent,submitted (exit_context),34,103,0.3300970873786408,69
swe-agent:010258:iterative__dvc-3876,swe-agent,submitted (exit_context),44,63,0.6984126984126984,19
swe-agent:010263:iterative__dvc-3876,swe-agent,early_exit,24,35,0.6857142857142857,11
swe-agent:010264:iterative__dvc-3876,swe-agent,submitted (exit_context),114,127,0.8976377952755905,13
swe-agent:010270:iterative__dvc-8554,swe-agent,submitted,28,41,0.6829268292682927,13
swe-agent:010286:iterative__dvc-8554,swe-agent,submitted,20,39,0.5128205128205128,19
swe-agent:010295:iterative__dvc-8554,swe-agent,submitted,54,55,0.9818181818181818,1
swe-agent:010302:iterative__dvc-8554,swe-agent,submitted (exit_context),22,119,0.18487394957983194,97
swe-agent:010317:jameslamb__doppel-cli-121,swe-agent,submitted (exit_context),74,87,0.8505747126436781,13
swe-agent:010318:jameslamb__doppel-cli-121,swe-agent,submitted (exit_context),42,81,0.5185185185185185,39
swe-agent:010320:jameslamb__doppel-cli-121,swe-agent,submitted (exit_context),30,73,0.410958904109589,43
swe-agent:010357:lbl-srg__BuildingsPy-383,swe-agent,submitted (exit_context),70,91,0.7692307692307693,21
swe-agent:010372:macbre__sql-metadata-113,swe-agent,submitted (exit_context),24,83,0.2891566265060241,59
swe-agent:010381:macbre__sql-metadata-113,swe-agent,submitted (exit_context),28,63,0.4444444444444444,35
swe-agent:010386:macbre__sql-metadata-113,swe-agent,submitted (exit_context),40,55,0.7272727272727273,15
swe-agent:010387:macbre__sql-metadata-113,swe-agent,submitted (exit_context),36,49,0.7346938775510204,13
swe-agent:010391:macbre__sql-metadata-113,swe-agent,submitted (exit_context),20,57,0.3508771929824561,37
swe-agent:010394:macbre__sql-metadata-113,swe-agent,submitted (exit_context),68,69,0.9855072463768116,1
swe-agent:010395:macbre__sql-metadata-113,swe-agent,submitted (exit_context),28,53,0.5283018867924528,25
swe-agent:010397:macbre__sql-metadata-113,swe-agent,submitted (exit_context),38,43,0.8837209302325582,5
swe-agent:010401:macbre__sql-metadata-113,swe-agent,submitted (exit_context),34,103,0.3300970873786408,69
swe-agent:010405:macbre__sql-metadata-113,swe-agent,submitted (exit_context),32,61,0.5245901639344263,29
swe-agent:010412:macbre__sql-metadata-113,swe-agent,submitted (exit_context),46,59,0.7796610169491526,13
swe-agent:010413:macbre__sql-metadata-113,swe-agent,submitted (exit_context),56,85,0.6588235294117647,29
swe-agent:010416:macbre__sql-metadata-113,swe-agent,submitted (exit_context),32,63,0.5079365079365079,31
swe-agent:010420:macbre__sql-metadata-113,swe-agent,submitted (exit_context),46,69,0.6666666666666666,23
swe-agent:010421:macbre__sql-metadata-113,swe-agent,submitted (exit_context),36,61,0.5901639344262295,25
swe-agent:010423:macbre__sql-metadata-113,swe-agent,submitted (exit_context),34,99,0.3434343434343434,65
swe-agent:010427:macbre__sql-metadata-113,swe-agent,submitted (exit_context),42,61,0.6885245901639344,19
swe-agent:010429:macbre__sql-metadata-113,swe-agent,submitted (exit_context),50,69,0.7246376811594203,19
swe-agent:010433:magmax__python-inquirer-516,swe-agent,submitted (exit_context),82,83,0.9879518072289156,1
swe-agent:010435:magmax__python-inquirer-516,swe-agent,submitted,16,67,0.23880597014925373,51
swe-agent:010436:magmax__python-inquirer-516,swe-agent,submitted (exit_context),38,73,0.5205479452054794,35
swe-agent:010442:magmax__python-inquirer-516,swe-agent,submitted (exit_context),26,63,0.4126984126984127,37
swe-agent:010449:mhostetter__galois-393,swe-agent,submitted (exit_context),80,83,0.963855421686747,3
swe-agent:010455:mhostetter__galois-393,swe-agent,early_exit,44,155,0.2838709677419355,111
swe-agent:010456:mhostetter__galois-393,swe-agent,submitted,24,31,0.7741935483870968,7
swe-agent:010457:mhostetter__galois-393,swe-agent,early_exit,24,291,0.08247422680412371,267
swe-agent:010458:mhostetter__galois-393,swe-agent,exit_context,20,77,0.2597402597402597,57
swe-agent:010459:mhostetter__galois-393,swe-agent,submitted (exit_context),42,83,0.5060240963855421,41
swe-agent:010466:mhostetter__galois-393,swe-agent,early_exit,24,77,0.3116883116883117,53
swe-agent:010477:mhostetter__galois-393,swe-agent,submitted (exit_context),34,57,0.5964912280701754,23
swe-agent:010479:mhostetter__galois-393,swe-agent,exit_context,40,55,0.7272727272727273,15
swe-agent:010494:mhostetter__galois-393,swe-agent,submitted (exit_context),34,55,0.6181818181818182,21
swe-agent:010506:mhostetter__galois-393,swe-agent,submitted (exit_context),28,89,0.3146067415730337,61
swe-agent:010510:mhostetter__galois-393,swe-agent,submitted (exit_context),42,53,0.7924528301886793,11
swe-agent:010512:netaddr__netaddr-225,swe-agent,submitted (exit_context),30,91,0.32967032967032966,61
swe-agent:010513:netaddr__netaddr-225,swe-agent,submitted (exit_context),22,109,0.2018348623853211,87
swe-agent:010514:netaddr__netaddr-225,swe-agent,submitted (exit_context),20,59,0.3389830508474576,39
swe-agent:010518:nickstenning__honcho-218,swe-agent,submitted (exit_context),30,65,0.46153846153846156,35
swe-agent:010522:nickstenning__honcho-218,swe-agent,submitted (exit_context),60,429,0.13986013986013987,369
swe-agent:010524:nickstenning__honcho-218,swe-agent,submitted (exit_context),36,99,0.36363636363636365,63
swe-agent:010560:nickstenning__honcho-218,swe-agent,exit_context,16,55,0.2909090909090909,39
swe-agent:010561:nickstenning__honcho-218,swe-agent,submitted (exit_context),12,85,0.1411764705882353,73
swe-agent:010564:nickstenning__honcho-218,swe-agent,submitted (exit_context),50,95,0.5263157894736842,45
swe-agent:010599:pydantic__pydantic-2214,swe-agent,submitted,22,53,0.41509433962264153,31
swe-agent:010606:pydantic__pydantic-2214,swe-agent,submitted,70,85,0.8235294117647058,15
swe-agent:010654:rapidpro__rapidpro-python-38,swe-agent,submitted,76,95,0.8,19
swe-agent:010657:rapidpro__rapidpro-python-38,swe-agent,submitted,42,53,0.7924528301886793,11
swe-agent:010680:solegalli__feature_engine-249,swe-agent,submitted (exit_context),22,45,0.4888888888888889,23
swe-agent:010683:solegalli__feature_engine-249,swe-agent,exit_context,28,39,0.717948717948718,11
swe-agent:010688:solegalli__feature_engine-249,swe-agent,submitted (exit_context),24,87,0.27586206896551724,63
swe-agent:010699:spdx__tools-python-467,swe-agent,submitted,16,21,0.7619047619047619,5
swe-agent:010703:spdx__tools-python-467,swe-agent,submitted,12,39,0.3076923076923077,27
swe-agent:010774:stfc__PSyclone-1674,swe-agent,submitted (exit_context),12,125,0.096,113
swe-agent:010788:stfc__PSyclone-1674,swe-agent,exit_context,16,39,0.41025641025641024,23
swe-agent:010798:stfc__PSyclone-1674,swe-agent,exit_context,18,67,0.26865671641791045,49
swe-agent:010807:stfc__PSyclone-1674,swe-agent,exit_context,20,39,0.5128205128205128,19
swe-agent:010814:stfc__PSyclone-1674,swe-agent,submitted (exit_context),28,221,0.12669683257918551,193
swe-agent:010815:stfc__PSyclone-1674,swe-agent,submitted (exit_context),24,111,0.21621621621621623,87
swe-agent:010818:stfc__PSyclone-1674,swe-agent,submitted (exit_context),22,185,0.11891891891891893,163
swe-agent:010829:stfc__PSyclone-1674,swe-agent,submitted (exit_context),56,211,0.26540284360189575,155
swe-agent:010830:streamlink__streamlink-2134,swe-agent,exit_context,30,427,0.0702576112412178,397
swe-agent:010831:streamlink__streamlink-2134,swe-agent,submitted,44,51,0.8627450980392157,7
swe-agent:010864:svenevs__ci_exec-29,swe-agent,submitted (exit_context),34,51,0.6666666666666666,17
swe-agent:010871:svenevs__ci_exec-29,swe-agent,exit_context,22,49,0.4489795918367347,27
swe-agent:010876:svenevs__ci_exec-29,swe-agent,submitted,20,45,0.4444444444444444,25
swe-agent:010886:svenevs__ci_exec-29,swe-agent,submitted (exit_context),66,297,0.2222222222222222,231
swe-agent:010887:svenevs__ci_exec-29,swe-agent,exit_context,32,49,0.6530612244897959,17
swe-agent:010895:svenevs__ci_exec-29,swe-agent,early_exit,16,21,0.7619047619047619,5
swe-agent:010908:tempoCollaboration__OQuPy-71,swe-agent,submitted (exit_context),150,477,0.31446540880503143,327
swe-agent:010913:tobymao__sqlglot-1782,swe-agent,submitted (exit_context),36,401,0.08977556109725686,365
swe-agent:010935:tonioo__sievelib-79,swe-agent,exit_context,22,65,0.3384615384615385,43
swe-agent:010951:3YOURMIND__django-migration-linter-258,swe-agent,submitted (exit_context),38,161,0.2360248447204969,123
swe-agent:010956:3YOURMIND__django-migration-linter-258,swe-agent,submitted (exit_context),52,73,0.7123287671232876,21
swe-agent:010960:3YOURMIND__django-migration-linter-258,swe-agent,submitted (exit_context),40,145,0.27586206896551724,105
swe-agent:010963:3YOURMIND__django-migration-linter-258,swe-agent,submitted (exit_context),22,141,0.15602836879432624,119
swe-agent:010966:3YOURMIND__django-migration-linter-258,swe-agent,submitted (exit_context),34,277,0.12274368231046931,243
swe-agent:010967:3YOURMIND__django-migration-linter-258,swe-agent,submitted (exit_context),18,153,0.11764705882352941,135
swe-agent:010969:3YOURMIND__django-migration-linter-258,swe-agent,submitted (exit_context),32,93,0.34408602150537637,61
swe-agent:010976:3YOURMIND__django-migration-linter-258,swe-agent,submitted,28,69,0.4057971014492754,41
swe-agent:010990:3YOURMIND__django-migration-linter-258,swe-agent,submitted (exit_context),22,89,0.24719101123595505,67
swe-agent:010994:3YOURMIND__django-migration-linter-258,swe-agent,submitted (exit_context),60,101,0.594059405940594,41
swe-agent:010999:3YOURMIND__django-migration-linter-258,swe-agent,submitted,36,39,0.9230769230769231,3
swe-agent:011005:3YOURMIND__django-migration-linter-258,swe-agent,submitted (exit_context),28,79,0.35443037974683544,51
swe-agent:011008:3YOURMIND__django-migration-linter-258,swe-agent,submitted (exit_context),38,91,0.4175824175824176,53
swe-agent:011022:3YOURMIND__django-migration-linter-258,swe-agent,submitted (exit_context),24,87,0.27586206896551724,63
swe-agent:011025:3YOURMIND__django-migration-linter-258,swe-agent,submitted (exit_context),60,87,0.6896551724137931,27
swe-agent:011029:3YOURMIND__django-migration-linter-258,swe-agent,submitted (exit_context),36,121,0.2975206611570248,85
swe-agent:011053:Fatal1ty__mashumaro-146,swe-agent,submitted (exit_context),36,45,0.8,9
swe-agent:011064:Jc2k__aiohomekit-233,swe-agent,submitted,16,29,0.5517241379310345,13
swe-agent:011068:MGough__sensorhub-2,swe-agent,submitted (exit_context),24,85,0.2823529411764706,61
swe-agent:011071:MGough__sensorhub-2,swe-agent,submitted (exit_context),64,75,0.8533333333333334,11
swe-agent:011074:MycroftAI__lingua-franca-226,swe-agent,submitted (exit_context),22,235,0.09361702127659574,213
swe-agent:011075:MycroftAI__lingua-franca-226,swe-agent,submitted (exit_context),32,67,0.47761194029850745,35
swe-agent:011076:MycroftAI__lingua-franca-226,swe-agent,submitted (exit_context),28,85,0.32941176470588235,57
swe-agent:011077:MycroftAI__lingua-franca-226,swe-agent,submitted (exit_context),34,69,0.4927536231884058,35
swe-agent:011082:MycroftAI__lingua-franca-226,swe-agent,submitted (exit_context),36,69,0.5217391304347826,33
swe-agent:011092:MycroftAI__lingua-franca-226,swe-agent,submitted (exit_context),30,85,0.35294117647058826,55
swe-agent:011096:MycroftAI__lingua-franca-226,swe-agent,submitted (exit_context),50,67,0.746268656716418,17
swe-agent:011100:MycroftAI__lingua-franca-226,swe-agent,submitted (exit_context),24,59,0.4067796610169492,35
swe-agent:011108:MycroftAI__lingua-franca-226,swe-agent,submitted (exit_context),34,101,0.33663366336633666,67
swe-agent:011113:MycroftAI__lingua-franca-226,swe-agent,submitted (exit_context),34,67,0.5074626865671642,33
swe-agent:011115:MycroftAI__lingua-franca-226,swe-agent,submitted,22,41,0.5365853658536586,19
swe-agent:011117:MycroftAI__lingua-franca-226,swe-agent,submitted_no_patch,34,37,0.918918918918919,3
swe-agent:011122:MycroftAI__lingua-franca-226,swe-agent,submitted (exit_context),64,67,0.9552238805970149,3
swe-agent:011124:MycroftAI__lingua-franca-226,swe-agent,submitted (exit_context),38,47,0.8085106382978723,9
swe-agent:011130:MycroftAI__lingua-franca-226,swe-agent,submitted,30,37,0.8108108108108109,7
swe-agent:011132:MycroftAI__lingua-franca-226,swe-agent,submitted (exit_context),24,435,0.05517241379310345,411
swe-agent:011137:Oefenweb__python-untraceables-5,swe-agent,submitted,16,43,0.37209302325581395,27
swe-agent:011138:Oefenweb__python-untraceables-5,swe-agent,submitted (exit_context),40,91,0.43956043956043955,51
swe-agent:011139:Oefenweb__python-untraceables-5,swe-agent,exit_context,28,63,0.4444444444444444,35
swe-agent:011166:PyCQA__pyflakes-609,swe-agent,submitted (exit_context),32,89,0.3595505617977528,57
swe-agent:011167:PyCQA__pyflakes-609,swe-agent,submitted (exit_context),42,71,0.5915492957746479,29
swe-agent:011168:PyCQA__pyflakes-609,swe-agent,submitted (exit_context),40,95,0.42105263157894735,55
swe-agent:011170:PyCQA__pyflakes-609,swe-agent,submitted (exit_context),32,65,0.49230769230769234,33
swe-agent:011193:Sceptre__sceptre-1246,swe-agent,submitted (exit_context),34,59,0.576271186440678,25
swe-agent:011195:Sceptre__sceptre-1246,swe-agent,submitted (exit_context),46,111,0.4144144144144144,65
swe-agent:011197:Sceptre__sceptre-1246,swe-agent,submitted (exit_context),44,63,0.6984126984126984,19
swe-agent:011203:Sceptre__sceptre-1246,swe-agent,submitted (exit_context),38,53,0.7169811320754716,15
swe-agent:011206:Sceptre__sceptre-1246,swe-agent,exit_context,24,55,0.43636363636363634,31
swe-agent:011224:asottile__yesqa-69,swe-agent,submitted (exit_context),28,65,0.4307692307692308,37
swe-agent:011240:asottile__yesqa-69,swe-agent,submitted (exit_context),38,209,0.18181818181818182,171
swe-agent:011245:asottile__yesqa-69,swe-agent,submitted (exit_context),30,49,0.6122448979591837,19
swe-agent:011263:beartype__beartype-88,swe-agent,exit_context,20,73,0.273972602739726,53
swe-agent:011269:beartype__beartype-88,swe-agent,exit_context,26,51,0.5098039215686274,25
swe-agent:011275:beartype__beartype-88,swe-agent,exit_context,24,71,0.3380281690140845,47
swe-agent:011278:beartype__beartype-88,swe-agent,exit_context,16,37,0.43243243243243246,21
swe-agent:011279:beartype__beartype-88,swe-agent,submitted (exit_context),28,37,0.7567567567567568,9
swe-agent:011283:beartype__beartype-88,swe-agent,exit_context,28,49,0.5714285714285714,21
swe-agent:011284:beartype__beartype-88,swe-agent,submitted (exit_context),52,55,0.9454545454545454,3
swe-agent:011290:beartype__beartype-88,swe-agent,submitted,22,29,0.7586206896551724,7
swe-agent:011291:beartype__beartype-88,swe-agent,exit_context,26,41,0.6341463414634146,15
swe-agent:011300:beartype__beartype-88,swe-agent,exit_context,26,55,0.4727272727272727,29
swe-agent:011306:beartype__beartype-88,swe-agent,exit_context,24,49,0.4897959183673469,25
swe-agent:011307:beartype__beartype-88,swe-agent,early_exit,42,49,0.8571428571428571,7
swe-agent:011310:beartype__beartype-88,swe-agent,exit_context,30,69,0.43478260869565216,39
swe-agent:011313:beartype__beartype-88,swe-agent,exit_context,34,41,0.8292682926829268,7
swe-agent:011316:beartype__beartype-88,swe-agent,exit_context,34,69,0.4927536231884058,35
swe-agent:011318:beartype__beartype-88,swe-agent,exit_context,26,61,0.4262295081967213,35
swe-agent:011322:beartype__beartype-88,swe-agent,early_exit,36,53,0.6792452830188679,17
swe-agent:011327:biolink__biolink-model-toolkit-51,swe-agent,submitted (exit_context),46,147,0.3129251700680272,101
swe-agent:011330:dls-controls__aioca-25,swe-agent,submitted,20,63,0.31746031746031744,43
swe-agent:011345:dwavesystems__dwave-cloud-client-338,swe-agent,submitted (exit_context),36,117,0.3076923076923077,81
swe-agent:011386:hsahovic__poke-env-153,swe-agent,submitted (exit_context),44,247,0.17813765182186234,203
swe-agent:011408:itamarst__crochet-109,swe-agent,submitted (exit_context),54,71,0.7605633802816901,17
swe-agent:011413:iterative__dvc-3677,swe-agent,submitted,42,63,0.6666666666666666,21
swe-agent:011414:iterative__dvc-3677,swe-agent,submitted,18,375,0.048,357
swe-agent:011417:iterative__dvc-3677,swe-agent,submitted (exit_context),26,695,0.03741007194244604,669
swe-agent:011420:iterative__dvc-3677,swe-agent,submitted,66,73,0.9041095890410958,7
swe-agent:011423:iterative__dvc-3677,swe-agent,early_exit,8,719,0.011126564673157162,711
swe-agent:011435:iterative__dvc-4124,swe-agent,submitted (exit_context),30,131,0.22900763358778625,101
swe-agent:011476:iterative__dvc-7823,swe-agent,submitted (exit_context),26,91,0.2857142857142857,65
swe-agent:011479:iterative__dvc-7823,swe-agent,submitted,50,99,0.5050505050505051,49
swe-agent:011499:iterative__dvc-8119,swe-agent,early_exit,16,271,0.05904059040590406,255
swe-agent:011519:jonathanj__eliottree-61,swe-agent,submitted,18,41,0.43902439024390244,23
swe-agent:011520:jonathanj__eliottree-61,swe-agent,submitted,48,63,0.7619047619047619,15
swe-agent:011545:jonathanj__eliottree-61,swe-agent,submitted,18,23,0.782608695652174,5
swe-agent:011554:jonathanj__eliottree-61,swe-agent,submitted,30,55,0.5454545454545454,25
swe-agent:011566:marshmallow-code__apispec-807,swe-agent,submitted (exit_context),50,87,0.5747126436781609,37
swe-agent:011567:marshmallow-code__apispec-807,swe-agent,submitted (exit_context),40,69,0.5797101449275363,29
swe-agent:011581:matchms__matchms-598,swe-agent,submitted (exit_context),44,155,0.2838709677419355,111
swe-agent:011595:miurahr__aqtinstall-627,swe-agent,submitted (exit_context),40,185,0.21621621621621623,145
swe-agent:011600:mjs__imapclient-399,swe-agent,exit_context,24,65,0.36923076923076925,41
swe-agent:011601:mjs__imapclient-399,swe-agent,submitted (exit_context),38,59,0.6440677966101694,21
swe-agent:011602:mjs__imapclient-399,swe-agent,early_exit,16,31,0.5161290322580645,15
swe-agent:011603:mjs__imapclient-399,swe-agent,submitted,20,59,0.3389830508474576,39
swe-agent:011604:mjs__imapclient-399,swe-agent,submitted,16,25,0.64,9
swe-agent:011607:mjs__imapclient-399,swe-agent,exit_context,26,59,0.4406779661016949,33
swe-agent:011608:mjs__imapclient-399,swe-agent,exit_context,28,59,0.4745762711864407,31
swe-agent:011609:mjs__imapclient-399,swe-agent,exit_context,40,57,0.7017543859649122,17
swe-agent:011610:mjs__imapclient-399,swe-agent,exit_context,56,65,0.8615384615384616,9
swe-agent:011612:mjs__imapclient-399,swe-agent,submitted,16,29,0.5517241379310345,13
swe-agent:011614:mjs__imapclient-399,swe-agent,exit_context,32,69,0.463768115942029,37
swe-agent:011615:mjs__imapclient-399,swe-agent,exit_context,42,63,0.6666666666666666,21
swe-agent:011630:naftulikay__mutagen-tools-23,swe-agent,submitted,32,39,0.8205128205128205,7
swe-agent:011633:naftulikay__mutagen-tools-23,swe-agent,exit_context,28,59,0.4745762711864407,31
swe-agent:011639:naftulikay__mutagen-tools-23,swe-agent,submitted (exit_context),34,99,0.3434343434343434,65
swe-agent:011644:naftulikay__mutagen-tools-23,swe-agent,submitted,26,31,0.8387096774193549,5
swe-agent:011672:naftulikay__mutagen-tools-23,swe-agent,exit_context,56,257,0.2178988326848249,201
swe-agent:011683:nipy__nipype-2363,swe-agent,submitted (exit_context),34,123,0.2764227642276423,89
swe-agent:011697:pddg__uroboros-34,swe-agent,submitted (exit_context),50,69,0.7246376811594203,19
swe-agent:011718:pddg__uroboros-34,swe-agent,submitted_no_patch,16,19,0.8421052631578947,3
swe-agent:011726:pddg__uroboros-34,swe-agent,submitted_no_patch,38,51,0.7450980392156863,13
swe-agent:011728:pddg__uroboros-34,swe-agent,submitted (exit_context),26,45,0.5777777777777777,19
swe-agent:011744:pddg__uroboros-34,swe-agent,submitted (exit_context),40,75,0.5333333333333333,35
swe-agent:011749:pddg__uroboros-34,swe-agent,submitted (exit_context),44,119,0.3697478991596639,75
swe-agent:011767:pydantic__pydantic-3473,swe-agent,submitted (exit_context),24,83,0.2891566265060241,59
swe-agent:011768:pydantic__pydantic-3473,swe-agent,submitted (exit_context),28,77,0.36363636363636365,49
swe-agent:011775:pydantic__pydantic-3473,swe-agent,submitted,30,49,0.6122448979591837,19
swe-agent:011776:pydantic__pydantic-3473,swe-agent,submitted (exit_context),30,85,0.35294117647058826,55
swe-agent:011780:pydantic__pydantic-3473,swe-agent,submitted (exit_context),40,111,0.36036036036036034,71
swe-agent:011781:pydantic__pydantic-3473,swe-agent,submitted (exit_context),42,115,0.3652173913043478,73
swe-agent:011782:pydantic__pydantic-3473,swe-agent,submitted (exit_context),24,65,0.36923076923076925,41
swe-agent:011789:pydantic__pydantic-3473,swe-agent,submitted (exit_context),54,109,0.4954128440366973,55
swe-agent:011791:pydantic__pydantic-3473,swe-agent,submitted (exit_context),34,71,0.4788732394366197,37
swe-agent:011792:pydantic__pydantic-3473,swe-agent,submitted (exit_context),30,125,0.24,95
swe-agent:011796:pydantic__pydantic-3473,swe-agent,submitted (exit_context),32,115,0.2782608695652174,83
swe-agent:011799:pydantic__pydantic-3473,swe-agent,submitted (exit_context),26,71,0.36619718309859156,45
swe-agent:011801:pydantic__pydantic-3473,swe-agent,submitted (exit_context),46,109,0.42201834862385323,63
swe-agent:011805:pydantic__pydantic-3473,swe-agent,submitted (exit_context),32,67,0.47761194029850745,35
swe-agent:011808:pydantic__pydantic-3473,swe-agent,submitted (exit_context),28,101,0.27722772277227725,73
swe-agent:011811:pydantic__pydantic-3473,swe-agent,submitted (exit_context),24,105,0.22857142857142856,81
swe-agent:011812:pydantic__pydantic-4093,swe-agent,submitted (exit_context),36,55,0.6545454545454545,19
swe-agent:011827:pydantic__pydantic-4093,swe-agent,submitted (exit_context),48,363,0.1322314049586777,315
swe-agent:011835:pydantic__pydantic-4093,swe-agent,submitted (exit_context),28,81,0.345679012345679,53
swe-agent:011845:pydantic__pydantic-4093,swe-agent,submitted (exit_context),40,89,0.449438202247191,49
swe-agent:011849:pydantic__pydantic-4093,swe-agent,submitted (exit_context),36,59,0.6101694915254238,23
swe-agent:011853:pydantic__pydantic-4093,swe-agent,exit_context,72,115,0.6260869565217392,43
swe-agent:011854:pydantic__pydantic-4093,swe-agent,submitted (exit_context),36,73,0.4931506849315068,37
swe-agent:011856:pydantic__pydantic-4093,swe-agent,submitted (exit_context),88,117,0.7521367521367521,29
swe-agent:011861:pydantic__pydantic-868,swe-agent,submitted (exit_context),10,149,0.06711409395973154,139
swe-agent:011868:pydantic__pydantic-868,swe-agent,submitted (exit_context),28,39,0.717948717948718,11
swe-agent:011874:pydantic__pydantic-868,swe-agent,submitted,10,47,0.2127659574468085,37
swe-agent:011884:pythonprofilers__memory_profiler-280,swe-agent,submitted,30,37,0.8108108108108109,7
swe-agent:011889:pythonprofilers__memory_profiler-280,swe-agent,submitted (exit_context),42,117,0.358974358974359,75
swe-agent:011916:reframe-hpc__reframe-2876,swe-agent,exit_context,26,47,0.5531914893617021,21
swe-agent:011938:scrapy__scrapy-5384,swe-agent,submitted (exit_context),18,247,0.0728744939271255,229
swe-agent:011962:scrapy__scrapy-5384,swe-agent,submitted (exit_context),62,117,0.5299145299145299,55
swe-agent:011966:scrapy__scrapy-5384,swe-agent,submitted (exit_context),24,41,0.5853658536585366,17
swe-agent:011981:serge-sans-paille__gast-50,swe-agent,submitted (exit_context),32,75,0.4266666666666667,43
swe-agent:011982:serge-sans-paille__gast-50,swe-agent,submitted (exit_context),34,83,0.40963855421686746,49
swe-agent:011983:serge-sans-paille__gast-50,swe-agent,submitted (exit_context),26,125,0.208,99
swe-agent:011984:serge-sans-paille__gast-50,swe-agent,submitted (exit_context),24,79,0.3037974683544304,55
swe-agent:011986:serge-sans-paille__gast-50,swe-agent,submitted (exit_context),18,77,0.23376623376623376,59
swe-agent:011987:serge-sans-paille__gast-50,swe-agent,submitted (exit_context),34,77,0.44155844155844154,43
swe-agent:011993:serge-sans-paille__gast-50,swe-agent,submitted (exit_context),42,79,0.5316455696202531,37
swe-agent:011994:serge-sans-paille__gast-50,swe-agent,submitted (exit_context),42,75,0.56,33
swe-agent:011999:serge-sans-paille__gast-50,swe-agent,submitted (exit_context),66,75,0.88,9
swe-agent:012002:serge-sans-paille__gast-50,swe-agent,submitted (exit_context),24,81,0.2962962962962963,57
swe-agent:012003:serge-sans-paille__gast-50,swe-agent,submitted (exit_context),28,79,0.35443037974683544,51
swe-agent:012005:serge-sans-paille__gast-50,swe-agent,submitted (exit_context),20,81,0.24691358024691357,61
swe-agent:012007:serge-sans-paille__gast-50,swe-agent,submitted (exit_context),18,75,0.24,57
swe-agent:012008:serge-sans-paille__gast-50,swe-agent,submitted (exit_context),18,59,0.3050847457627119,41
swe-agent:012009:serge-sans-paille__gast-50,swe-agent,submitted (exit_context),32,107,0.29906542056074764,75
swe-agent:012013:serge-sans-paille__gast-50,swe-agent,submitted,12,23,0.5217391304347826,11
swe-agent:012014:serge-sans-paille__gast-50,swe-agent,submitted (exit_context),40,85,0.47058823529411764,45
swe-agent:012015:serge-sans-paille__gast-50,swe-agent,submitted (exit_context),22,79,0.27848101265822783,57
swe-agent:012016:serge-sans-paille__gast-50,swe-agent,submitted (exit_context),32,81,0.3950617283950617,49
swe-agent:012018:serge-sans-paille__gast-50,swe-agent,submitted (exit_context),28,79,0.35443037974683544,51
swe-agent:012021:serge-sans-paille__gast-50,swe-agent,submitted (exit_context),24,55,0.43636363636363634,31
swe-agent:012023:serge-sans-paille__gast-50,swe-agent,exit_context,14,75,0.18666666666666668,61
swe-agent:012024:serge-sans-paille__gast-50,swe-agent,submitted (exit_context),26,83,0.3132530120481928,57
swe-agent:012025:serge-sans-paille__gast-50,swe-agent,submitted (exit_context),62,79,0.7848101265822784,17
swe-agent:012028:serge-sans-paille__gast-50,swe-agent,submitted (exit_context),24,79,0.3037974683544304,55
swe-agent:012030:serge-sans-paille__gast-50,swe-agent,submitted (exit_context),50,87,0.5747126436781609,37
swe-agent:012032:serge-sans-paille__gast-50,swe-agent,submitted (exit_context),18,143,0.1258741258741259,125
swe-agent:012033:serge-sans-paille__gast-50,swe-agent,submitted (exit_context),52,171,0.30409356725146197,119
swe-agent:012035:serge-sans-paille__gast-50,swe-agent,submitted (exit_context),40,87,0.45977011494252873,47
swe-agent:012038:serge-sans-paille__gast-50,swe-agent,early_exit,20,31,0.6451612903225806,11
swe-agent:012042:serge-sans-paille__gast-50,swe-agent,submitted (exit_context),46,75,0.6133333333333333,29
swe-agent:012055:somm15__PyViCare-313,swe-agent,submitted (exit_context),64,293,0.21843003412969283,229
swe-agent:012061:sqlfluff__sqlfluff-4778,swe-agent,submitted (exit_context),38,79,0.4810126582278481,41
swe-agent:012071:sqlfluff__sqlfluff-4778,swe-agent,submitted (exit_context),40,57,0.7017543859649122,17
swe-agent:012077:sqlfluff__sqlfluff-4778,swe-agent,early_exit,26,55,0.4727272727272727,29
swe-agent:012083:sqlfluff__sqlfluff-4778,swe-agent,submitted (exit_context),22,57,0.38596491228070173,35
swe-agent:012110:tensorly__tensorly-170,swe-agent,exit_context,42,57,0.7368421052631579,15
swe-agent:012124:theelous3__asks-100,swe-agent,submitted (exit_context),20,67,0.29850746268656714,47
swe-agent:012127:tobymao__sqlglot-2659,swe-agent,submitted (exit_context),64,69,0.927536231884058,5
swe-agent:012131:tobymao__sqlglot-2659,swe-agent,submitted (exit_context),34,93,0.3655913978494624,59
swe-agent:012153:tonioo__sievelib-86,swe-agent,submitted (exit_context),22,109,0.2018348623853211,87
swe-agent:012154:tonioo__sievelib-86,swe-agent,submitted (exit_context),28,49,0.5714285714285714,21
swe-agent:012159:tonioo__sievelib-86,swe-agent,submitted (exit_context),30,83,0.3614457831325301,53
swe-agent:012174:tonioo__sievelib-86,swe-agent,submitted (exit_context),32,87,0.367816091954023,55
swe-agent:012177:tonioo__sievelib-86,swe-agent,submitted (exit_context),42,91,0.46153846153846156,49
swe-agent:012195:tonioo__sievelib-86,swe-agent,exit_context,32,107,0.29906542056074764,75
swe-agent:012209:whot__uji-17,swe-agent,submitted (exit_context),18,103,0.17475728155339806,85
swe-agent:012240:zalando-stups__senza-397,swe-agent,submitted,14,31,0.45161290322580644,17
swe-agent:012246:zalando-stups__senza-397,swe-agent,submitted,26,43,0.6046511627906976,17
swe-agent:012277:zopefoundation__DocumentTemplate-55,swe-agent,submitted (exit_context),38,115,0.33043478260869563,77
swe-agent:012282:zopefoundation__DocumentTemplate-55,swe-agent,submitted (exit_context),26,249,0.10441767068273092,223
swe-agent:012327:zopefoundation__DocumentTemplate-55,swe-agent,exit_context,18,77,0.23376623376623376,59
swe-agent:012371:Backblaze__b2-sdk-python-433,swe-agent,submitted (exit_context),58,225,0.2577777777777778,167
swe-agent:012390:ECCO-GROUP__ECCOv4-py-63,swe-agent,submitted (exit_context),30,69,0.43478260869565216,39
swe-agent:012391:ECCO-GROUP__ECCOv4-py-63,swe-agent,submitted (exit_context),12,67,0.1791044776119403,55
swe-agent:012392:ECCO-GROUP__ECCOv4-py-63,swe-agent,submitted (exit_context),20,91,0.21978021978021978,71
swe-agent:012394:ECCO-GROUP__ECCOv4-py-63,swe-agent,submitted (exit_context),30,75,0.4,45
swe-agent:012397:ECCO-GROUP__ECCOv4-py-63,swe-agent,submitted (exit_context),14,71,0.19718309859154928,57
swe-agent:012400:ECCO-GROUP__ECCOv4-py-63,swe-agent,submitted (exit_context),34,63,0.5396825396825397,29
swe-agent:012407:INM-6__python-odmltables-120,swe-agent,exit_context,14,75,0.18666666666666668,61
swe-agent:012415:INM-6__python-odmltables-120,swe-agent,submitted (exit_context),22,119,0.18487394957983194,97
swe-agent:012431:INM-6__python-odmltables-120,swe-agent,submitted (exit_context),40,79,0.5063291139240507,39
swe-agent:012452:Ma-r-co__savoia-11,swe-agent,submitted (exit_context),50,55,0.9090909090909091,5
swe-agent:012453:Ma-r-co__savoia-11,swe-agent,submitted (exit_context),30,69,0.43478260869565216,39
swe-agent:012459:Ma-r-co__savoia-11,swe-agent,submitted (exit_context),18,89,0.20224719101123595,71
swe-agent:012461:PyCQA__flake8-bugbear-287,swe-agent,submitted (exit_context),40,129,0.31007751937984496,89
swe-agent:012462:PyCQA__flake8-bugbear-287,swe-agent,submitted (exit_format),36,39,0.9230769230769231,3
swe-agent:012476:adamlwgriffiths__Pyrr-88,swe-agent,submitted (exit_context),40,51,0.7843137254901961,11
swe-agent:012486:asottile__dead-24,swe-agent,submitted (exit_context),60,165,0.36363636363636365,105
swe-agent:012530:awdeorio__mailmerge-135,swe-agent,submitted,24,85,0.2823529411764706,61
swe-agent:012541:awdeorio__mailmerge-135,swe-agent,submitted,26,47,0.5531914893617021,21
swe-agent:012546:awdeorio__mailmerge-135,swe-agent,submitted,42,53,0.7924528301886793,11
swe-agent:012548:awdeorio__mailmerge-135,swe-agent,submitted,16,61,0.26229508196721313,45
swe-agent:012561:awdeorio__mailmerge-135,swe-agent,submitted,22,37,0.5945945945945946,15
swe-agent:012585:batfish__pybatfish-232,swe-agent,submitted,16,37,0.43243243243243246,21
swe-agent:012591:bbc__nmos-common-55,swe-agent,submitted,10,25,0.4,15
swe-agent:012636:cekit__cekit-523,swe-agent,submitted (exit_context),54,93,0.5806451612903226,39
swe-agent:012640:comic__evalutils-300,swe-agent,exit_context,36,95,0.37894736842105264,59
swe-agent:012655:dapr__python-sdk-293,swe-agent,submitted,20,35,0.5714285714285714,15
swe-agent:012660:dapr__python-sdk-293,swe-agent,exit_context,22,51,0.43137254901960786,29
swe-agent:012661:dapr__python-sdk-293,swe-agent,exit_context,20,63,0.31746031746031744,43
swe-agent:012665:dapr__python-sdk-293,swe-agent,submitted (exit_context),22,89,0.24719101123595505,67
swe-agent:012668:dapr__python-sdk-293,swe-agent,exit_context,18,49,0.3673469387755102,31
swe-agent:012673:dapr__python-sdk-293,swe-agent,submitted (exit_context),48,73,0.6575342465753424,25
swe-agent:012674:dapr__python-sdk-293,swe-agent,submitted (exit_context),32,59,0.5423728813559322,27
swe-agent:012678:dapr__python-sdk-293,swe-agent,submitted (exit_context),34,47,0.723404255319149,13
swe-agent:012679:dapr__python-sdk-293,swe-agent,exit_context,22,95,0.23157894736842105,73
swe-agent:012683:dapr__python-sdk-293,swe-agent,submitted (exit_context),56,69,0.8115942028985508,13
swe-agent:012684:dapr__python-sdk-293,swe-agent,exit_context,16,31,0.5161290322580645,15
swe-agent:012686:dapr__python-sdk-293,swe-agent,submitted (exit_context),20,65,0.3076923076923077,45
swe-agent:012691:dapr__python-sdk-293,swe-agent,submitted (exit_context),30,55,0.5454545454545454,25
swe-agent:012693:dapr__python-sdk-293,swe-agent,submitted (exit_context),20,75,0.26666666666666666,55
swe-agent:012695:dapr__python-sdk-293,swe-agent,exit_context,12,41,0.2926829268292683,29
swe-agent:012696:dapr__python-sdk-293,swe-agent,exit_context,18,85,0.21176470588235294,67
swe-agent:012698:dapr__python-sdk-293,swe-agent,submitted (exit_context),36,95,0.37894736842105264,59
swe-agent:012699:dapr__python-sdk-293,swe-agent,exit_context,18,35,0.5142857142857142,17
swe-agent:012701:dapr__python-sdk-293,swe-agent,submitted,10,39,0.2564102564102564,29
swe-agent:012702:dapr__python-sdk-293,swe-agent,submitted (exit_context),22,35,0.6285714285714286,13
swe-agent:012709:dapr__python-sdk-293,swe-agent,submitted (exit_context),30,93,0.3225806451612903,63
swe-agent:012710:dapr__python-sdk-293,swe-agent,submitted (exit_context),38,67,0.5671641791044776,29
swe-agent:012714:dapr__python-sdk-293,swe-agent,submitted (exit_context),32,53,0.6037735849056604,21
swe-agent:012716:dapr__python-sdk-293,swe-agent,submitted (exit_context),54,57,0.9473684210526315,3
swe-agent:012739:django__asgiref-211,swe-agent,submitted (exit_context),72,77,0.935064935064935,5
swe-agent:012744:django__asgiref-211,swe-agent,submitted (exit_context),38,71,0.5352112676056338,33
swe-agent:012756:django__asgiref-211,swe-agent,submitted,14,23,0.6086956521739131,9
swe-agent:012764:drdoctr__doctr-217,swe-agent,submitted,16,25,0.64,9
swe-agent:012778:duosecurity__duo_client_python-86,swe-agent,exit_context,22,115,0.19130434782608696,93
swe-agent:012786:duosecurity__duo_client_python-86,swe-agent,submitted,24,33,0.7272727272727273,9
swe-agent:012791:duosecurity__duo_client_python-86,swe-agent,submitted (exit_context),62,93,0.6666666666666666,31
swe-agent:012801:duosecurity__duo_client_python-86,swe-agent,exit_context,20,79,0.25316455696202533,59
swe-agent:012815:duosecurity__duo_client_python-86,swe-agent,submitted (exit_context),32,75,0.4266666666666667,43
swe-agent:012821:duosecurity__duo_client_python-86,swe-agent,exit_context,26,67,0.3880597014925373,41
swe-agent:012848:geopandas__geopandas-2219,swe-agent,submitted (exit_context),56,71,0.7887323943661971,15
swe-agent:012875:ipython__ipython-11425,swe-agent,submitted (exit_context),46,207,0.2222222222222222,161
swe-agent:012876:ipython__ipython-11425,swe-agent,submitted,34,41,0.8292682926829268,7
swe-agent:012882:ipython__ipython-11425,swe-agent,submitted,54,61,0.8852459016393442,7
swe-agent:012890:iterative__dvc-2164,swe-agent,exit_context,64,161,0.39751552795031053,97
swe-agent:012892:iterative__dvc-2164,swe-agent,submitted (exit_context),76,107,0.7102803738317757,31
swe-agent:012906:iterative__dvc-2304,swe-agent,submitted (exit_context),56,113,0.49557522123893805,57
swe-agent:012907:iterative__dvc-2304,swe-agent,submitted,26,31,0.8387096774193549,5
swe-agent:012912:iterative__dvc-2304,swe-agent,submitted,20,29,0.6896551724137931,9
swe-agent:012931:iterative__dvc-2304,swe-agent,submitted,24,57,0.42105263157894735,33
swe-agent:012941:iterative__dvc-2304,swe-agent,submitted (exit_context),84,111,0.7567567567567568,27
swe-agent:012943:iterative__dvc-2304,swe-agent,submitted,62,81,0.7654320987654321,19
swe-agent:012950:iterative__dvc-3794,swe-agent,submitted,26,39,0.6666666666666666,13
swe-agent:012957:iterative__dvc-3794,swe-agent,submitted,40,47,0.851063829787234,7
swe-agent:012960:iterative__dvc-3794,swe-agent,submitted (exit_context),42,93,0.45161290322580644,51
swe-agent:012966:iterative__dvc-5264,swe-agent,submitted (exit_context),54,103,0.5242718446601942,49
swe-agent:012967:iterative__dvc-5264,swe-agent,submitted,30,119,0.25210084033613445,89
swe-agent:012970:iterative__dvc-5264,swe-agent,submitted (exit_context),22,119,0.18487394957983194,97
swe-agent:012972:iterative__dvc-5264,swe-agent,submitted,64,87,0.735632183908046,23
swe-agent:012981:iterative__dvc-5264,swe-agent,submitted,16,49,0.32653061224489793,33
swe-agent:012982:iterative__dvc-8360,swe-agent,exit_context,24,67,0.3582089552238806,43
swe-agent:012983:iterative__dvc-8360,swe-agent,submitted,14,27,0.5185185185185185,13
swe-agent:012985:iterative__dvc-8360,swe-agent,exit_context,52,203,0.2561576354679803,151
swe-agent:012988:iterative__dvc-8360,swe-agent,submitted (exit_context),22,125,0.176,103
swe-agent:013000:iterative__dvc-8690,swe-agent,early_exit,20,337,0.05934718100890208,317
swe-agent:013003:iterative__dvc-8690,swe-agent,submitted,42,237,0.17721518987341772,195
swe-agent:013006:iterative__dvc-8690,swe-agent,early_exit,66,203,0.3251231527093596,137
swe-agent:013007:iterative__dvc-8690,swe-agent,submitted (exit_context),62,207,0.2995169082125604,145
swe-agent:013011:iterative__dvc-8690,swe-agent,exit_context,38,273,0.1391941391941392,235
swe-agent:013012:iterative__dvc-8690,swe-agent,submitted,20,107,0.18691588785046728,87
swe-agent:013014:iterative__dvc-8690,swe-agent,submitted,30,47,0.6382978723404256,17
swe-agent:013028:j4c0bs__spectron-19,swe-agent,submitted (exit_context),44,67,0.6567164179104478,23
swe-agent:013049:jsfehler__flake8-multiline-containers-128,swe-agent,submitted (exit_context),36,57,0.631578947368421,21
swe-agent:013065:jsfehler__flake8-multiline-containers-128,swe-agent,submitted (exit_context),54,55,0.9818181818181818,1
swe-agent:013066:jsfehler__flake8-multiline-containers-128,swe-agent,submitted (exit_context),34,39,0.8717948717948718,5
swe-agent:013072:jsfehler__flake8-multiline-containers-128,swe-agent,submitted (exit_context),28,51,0.5490196078431373,23
swe-agent:013077:jsfehler__flake8-multiline-containers-128,swe-agent,submitted (exit_context),50,59,0.847457627118644,9
swe-agent:013078:jsfehler__flake8-multiline-containers-128,swe-agent,submitted (exit_context),36,45,0.8,9
swe-agent:013081:jsfehler__flake8-multiline-containers-128,swe-agent,submitted (exit_context),48,81,0.5925925925925926,33
swe-agent:013084:jsfehler__flake8-multiline-containers-128,swe-agent,submitted (exit_context),34,51,0.6666666666666666,17
swe-agent:013086:jsfehler__flake8-multiline-containers-128,swe-agent,submitted (exit_context),34,41,0.8292682926829268,7
swe-agent:013099:jsfehler__flake8-multiline-containers-128,swe-agent,submitted (exit_context),88,91,0.967032967032967,3
swe-agent:013122:kytos__kytos-1146,swe-agent,exit_context,18,45,0.4,27
swe-agent:013146:lbl-srg__BuildingsPy-183,swe-agent,exit_context,32,55,0.5818181818181818,23
swe-agent:013149:linkml__linkml-1420,swe-agent,exit_context,34,55,0.6181818181818182,21
swe-agent:013150:linkml__linkml-1420,swe-agent,exit_context,24,57,0.42105263157894735,33
swe-agent:013153:linkml__linkml-1420,swe-agent,exit_context,28,49,0.5714285714285714,21
swe-agent:013154:linkml__linkml-1420,swe-agent,exit_context,26,49,0.5306122448979592,23
swe-agent:013155:marrink-lab__vermouth-martinize-205,swe-agent,submitted (exit_context),52,139,0.37410071942446044,87
swe-agent:013160:marrink-lab__vermouth-martinize-205,swe-agent,submitted,34,59,0.576271186440678,25
swe-agent:013161:marrink-lab__vermouth-martinize-205,swe-agent,submitted (exit_context),26,111,0.23423423423423423,85
swe-agent:013163:marrink-lab__vermouth-martinize-205,swe-agent,submitted,22,29,0.7586206896551724,7
swe-agent:013188:mopidy__mopidy-spotify-365,swe-agent,submitted,26,51,0.5098039215686274,25
swe-agent:013193:mpdavis__python-jose-185,swe-agent,submitted,26,29,0.896551724137931,3
swe-agent:013194:mpdavis__python-jose-185,swe-agent,submitted (exit_context),60,93,0.6451612903225806,33
swe-agent:013195:mpdavis__python-jose-185,swe-agent,exit_format,14,19,0.7368421052631579,5
swe-agent:013201:mpdavis__python-jose-185,swe-agent,submitted (exit_context),34,75,0.4533333333333333,41
swe-agent:013218:oasis-open__cti-python-stix2-127,swe-agent,submitted,40,57,0.7017543859649122,17
swe-agent:013226:oasis-open__cti-python-stix2-127,swe-agent,submitted (exit_context),22,51,0.43137254901960786,29
swe-agent:013228:oasis-open__cti-python-stix2-127,swe-agent,submitted,22,29,0.7586206896551724,7
swe-agent:013234:oasis-open__cti-python-stix2-127,swe-agent,submitted (exit_context),40,49,0.8163265306122449,9
swe-agent:013237:oasis-open__cti-python-stix2-127,swe-agent,submitted (exit_context),54,57,0.9473684210526315,3
swe-agent:013239:oasis-open__cti-python-stix2-127,swe-agent,submitted (exit_context),32,69,0.463768115942029,37
swe-agent:013279:oasis-open__cti-taxii-client-55,swe-agent,submitted (exit_context),62,327,0.18960244648318042,265
swe-agent:013284:ownaginatious__mixpanel-jql-18,swe-agent,submitted (exit_context),34,83,0.40963855421686746,49
swe-agent:013349:pimutils__khal-1166,swe-agent,submitted,16,35,0.45714285714285713,19
swe-agent:013366:planetarypy__pvl-25,swe-agent,submitted (exit_context),52,93,0.5591397849462365,41
swe-agent:013389:planetlabs__planet-client-python-988,swe-agent,submitted (exit_context),28,71,0.39436619718309857,43
swe-agent:013397:pre-commit__pre-commit-1364,swe-agent,submitted (exit_context),60,83,0.7228915662650602,23
swe-agent:013399:pre-commit__pre-commit-1364,swe-agent,submitted (exit_context),60,127,0.47244094488188976,67
swe-agent:013405:pre-commit__pre-commit-1364,swe-agent,submitted (exit_context),22,481,0.04573804573804574,459
swe-agent:013417:pydantic__pydantic-2338,swe-agent,early_exit,10,217,0.04608294930875576,207
swe-agent:013431:pydantic__pydantic-2338,swe-agent,submitted (exit_context),10,165,0.06060606060606061,155
swe-agent:013434:pydantic__pydantic-860,swe-agent,submitted (exit_context),52,75,0.6933333333333334,23
swe-agent:013437:pydantic__pydantic-860,swe-agent,submitted (exit_context),64,101,0.6336633663366337,37
swe-agent:013439:pydantic__pydantic-860,swe-agent,submitted (exit_context),22,87,0.25287356321839083,65
swe-agent:013441:pydantic__pydantic-860,swe-agent,submitted (exit_context),30,67,0.44776119402985076,37
swe-agent:013445:pydantic__pydantic-860,swe-agent,submitted (exit_context),32,73,0.4383561643835616,41
swe-agent:013520:pylint-dev__astroid-1962,swe-agent,submitted,36,41,0.8780487804878049,5
swe-agent:013528:pylint-dev__astroid-1978,swe-agent,early_exit,32,187,0.1711229946524064,155
swe-agent:013531:pylint-dev__astroid-1978,swe-agent,submitted (exit_context),32,385,0.08311688311688312,353
swe-agent:013537:python-visualization__folium-668,swe-agent,submitted (exit_context),24,267,0.0898876404494382,243
swe-agent:013539:python-visualization__folium-668,swe-agent,submitted (exit_context),12,27,0.4444444444444444,15
swe-agent:013551:recurly__recurly-client-python-372,swe-agent,submitted,32,89,0.3595505617977528,57
swe-agent:013561:recurly__recurly-client-python-372,swe-agent,submitted (exit_context),82,139,0.5899280575539568,57
swe-agent:013572:redhat-cip__hardware-108,swe-agent,submitted (exit_context),48,77,0.6233766233766234,29
swe-agent:013604:scrapy__scrapy-2627,swe-agent,submitted (exit_context),30,201,0.14925373134328357,171
swe-agent:013607:scrapy__scrapy-2627,swe-agent,submitted (exit_context),42,227,0.18502202643171806,185
swe-agent:013633:stfc__PSyclone-2230,swe-agent,exit_context,20,205,0.0975609756097561,185
swe-agent:013643:stfc__PSyclone-2230,swe-agent,exit_context,16,121,0.1322314049586777,105
swe-agent:013653:stravalib__stravalib-309,swe-agent,submitted (exit_context),54,77,0.7012987012987013,23
swe-agent:013670:stravalib__stravalib-309,swe-agent,submitted,24,37,0.6486486486486487,13
swe-agent:013679:stravalib__stravalib-309,swe-agent,submitted,56,91,0.6153846153846154,35
swe-agent:013684:stravalib__stravalib-309,swe-agent,submitted (exit_context),50,221,0.22624434389140272,171
swe-agent:013705:stravalib__stravalib-309,swe-agent,submitted (exit_context),30,81,0.37037037037037035,51
swe-agent:013724:stravalib__stravalib-309,swe-agent,submitted,66,99,0.6666666666666666,33
swe-agent:013725:streamlink__streamlink-3422,swe-agent,exit_context,26,115,0.22608695652173913,89
swe-agent:013729:streamlink__streamlink-3422,swe-agent,submitted,24,47,0.5106382978723404,23
swe-agent:013743:theavey__ParaTemp-31,swe-agent,exit_context,48,103,0.46601941747572817,55
swe-agent:013748:theavey__ParaTemp-31,swe-agent,exit_context,70,91,0.7692307692307693,21
swe-agent:013749:theavey__ParaTemp-31,swe-agent,exit_context,52,55,0.9454545454545454,3
swe-agent:013752:theavey__ParaTemp-31,swe-agent,exit_context,14,143,0.0979020979020979,129
swe-agent:013758:tobymao__sqlglot-1662,swe-agent,submitted (exit_context),22,79,0.27848101265822783,57
swe-agent:013786:tobymao__sqlglot-2023,swe-agent,submitted (exit_context),46,69,0.6666666666666666,23
swe-agent:013790:tobymao__sqlglot-2023,swe-agent,exit_context,20,95,0.21052631578947367,75
swe-agent:013795:tobymao__sqlglot-2023,swe-agent,submitted (exit_context),32,33,0.9696969696969697,1
swe-agent:013802:tobymao__sqlglot-2023,swe-agent,exit_context,20,63,0.31746031746031744,43
swe-agent:013810:tobymao__sqlglot-2023,swe-agent,exit_context,36,123,0.2926829268292683,87
swe-agent:013811:tobymao__sqlglot-2023,swe-agent,submitted (exit_context),26,53,0.49056603773584906,27
swe-agent:013813:tobymao__sqlglot-2023,swe-agent,submitted,20,27,0.7407407407407407,7
swe-agent:013814:tobymao__sqlglot-2023,swe-agent,submitted (exit_context),40,59,0.6779661016949152,19
swe-agent:013815:tobymao__sqlglot-2023,swe-agent,submitted (exit_context),26,155,0.16774193548387098,129
swe-agent:013817:tobymao__sqlglot-2023,swe-agent,exit_context,14,73,0.1917808219178082,59
swe-agent:013826:tobymao__sqlglot-2023,swe-agent,submitted,16,37,0.43243243243243246,21
swe-agent:013834:tobymao__sqlglot-3131,swe-agent,submitted (exit_context),50,59,0.847457627118644,9
swe-agent:013846:tox-dev__tox-conda-161,swe-agent,exit_context,24,85,0.2823529411764706,61
swe-agent:013855:weaveworks__kubediff-82,swe-agent,submitted (exit_context),72,95,0.7578947368421053,23
swe-agent:013857:weaveworks__kubediff-82,swe-agent,submitted (exit_context),14,39,0.358974358974359,25
swe-agent:013858:weaveworks__kubediff-82,swe-agent,submitted (exit_context),86,93,0.9247311827956989,7
swe-agent:013862:weaveworks__kubediff-82,swe-agent,submitted (exit_context),26,61,0.4262295081967213,35
swe-agent:013863:weaveworks__kubediff-82,swe-agent,submitted (exit_context),16,35,0.45714285714285713,19
swe-agent:013864:weaveworks__kubediff-82,swe-agent,submitted (exit_context),22,39,0.5641025641025641,17
swe-agent:013865:weaveworks__kubediff-82,swe-agent,submitted (exit_context),26,41,0.6341463414634146,15
swe-agent:013866:AzureAD__azure-activedirectory-library-for-python-87,swe-agent,submitted (exit_context),36,143,0.2517482517482518,107
swe-agent:013873:AzureAD__azure-activedirectory-library-for-python-87,swe-agent,submitted (exit_context),54,75,0.72,21
swe-agent:013881:PyCQA__flake8-bugbear-230,swe-agent,submitted (exit_context),30,55,0.5454545454545454,25
swe-agent:013882:PyCQA__flake8-bugbear-230,swe-agent,submitted (exit_context),26,53,0.49056603773584906,27
swe-agent:013883:PyCQA__flake8-bugbear-230,swe-agent,submitted (exit_context),20,53,0.37735849056603776,33
swe-agent:013884:PyCQA__flake8-bugbear-230,swe-agent,submitted (exit_context),58,269,0.21561338289962825,211
swe-agent:013885:PyCQA__flake8-bugbear-230,swe-agent,submitted (exit_context),28,59,0.4745762711864407,31
swe-agent:013886:PyCQA__flake8-bugbear-230,swe-agent,submitted,30,41,0.7317073170731707,11
swe-agent:013888:PyCQA__flake8-bugbear-230,swe-agent,submitted (exit_context),32,53,0.6037735849056604,21
swe-agent:013892:PyCQA__flake8-bugbear-230,swe-agent,submitted (exit_context),48,67,0.7164179104477612,19
swe-agent:013894:PyCQA__flake8-bugbear-230,swe-agent,submitted (exit_context),40,69,0.5797101449275363,29
swe-agent:013896:PyCQA__flake8-bugbear-230,swe-agent,submitted (exit_context),30,47,0.6382978723404256,17
swe-agent:013899:PyCQA__flake8-bugbear-230,swe-agent,submitted,24,51,0.47058823529411764,27
swe-agent:013900:PyCQA__flake8-bugbear-230,swe-agent,submitted (exit_context),52,75,0.6933333333333334,23
swe-agent:013902:PyCQA__flake8-bugbear-230,swe-agent,submitted (exit_context),30,57,0.5263157894736842,27
swe-agent:013903:PyCQA__flake8-bugbear-230,swe-agent,submitted (exit_context),78,79,0.9873417721518988,1
swe-agent:013911:PyCQA__flake8-bugbear-230,swe-agent,submitted (exit_context),50,119,0.42016806722689076,69
swe-agent:013917:PyCQA__flake8-bugbear-230,swe-agent,submitted (exit_context),62,67,0.9253731343283582,5
swe-agent:013918:PyCQA__flake8-bugbear-230,swe-agent,submitted (exit_context),40,83,0.4819277108433735,43
swe-agent:013921:PyCQA__flake8-bugbear-230,swe-agent,submitted (exit_context),40,451,0.08869179600886919,411
swe-agent:013935:PyCQA__flake8-bugbear-230,swe-agent,submitted (exit_context),26,51,0.5098039215686274,25
swe-agent:013937:PyCQA__flake8-bugbear-230,swe-agent,submitted (exit_context),48,61,0.7868852459016393,13
swe-agent:013941:PyCQA__flake8-bugbear-230,swe-agent,submitted (exit_context),20,53,0.37735849056603776,33
swe-agent:013943:PyCQA__flake8-bugbear-230,swe-agent,submitted (exit_context),38,47,0.8085106382978723,9
swe-agent:013944:PyCQA__flake8-bugbear-230,swe-agent,submitted (exit_context),24,49,0.4897959183673469,25
swe-agent:013945:PyCQA__flake8-bugbear-230,swe-agent,submitted (exit_context),46,63,0.7301587301587301,17
swe-agent:013947:PyCQA__flake8-bugbear-230,swe-agent,submitted (exit_context),54,59,0.9152542372881356,5
swe-agent:013952:PyCQA__flake8-bugbear-230,swe-agent,submitted (exit_context),44,175,0.25142857142857145,131
swe-agent:013954:PyCQA__flake8-bugbear-230,swe-agent,submitted (exit_context),26,51,0.5098039215686274,25
swe-agent:013957:PyCQA__flake8-bugbear-230,swe-agent,submitted (exit_context),30,47,0.6382978723404256,17
swe-agent:013960:PyCQA__flake8-bugbear-230,swe-agent,submitted (exit_context),30,157,0.1910828025477707,127
swe-agent:013961:PyCQA__flake8-bugbear-230,swe-agent,submitted (exit_context),26,49,0.5306122448979592,23
swe-agent:013962:PyCQA__flake8-bugbear-230,swe-agent,submitted (exit_context),42,63,0.6666666666666666,21
swe-agent:013963:PyCQA__flake8-bugbear-230,swe-agent,submitted (exit_context),36,73,0.4931506849315068,37
swe-agent:013965:PyCQA__flake8-bugbear-230,swe-agent,submitted (exit_context),26,49,0.5306122448979592,23
swe-agent:013967:PyCQA__flake8-bugbear-230,swe-agent,submitted (exit_context),26,53,0.49056603773584906,27
swe-agent:013969:PyCQA__flake8-bugbear-230,swe-agent,submitted (exit_context),22,51,0.43137254901960786,29
swe-agent:013970:PyCQA__flake8-bugbear-230,swe-agent,submitted (exit_context),78,125,0.624,47
swe-agent:013971:PyCQA__flake8-bugbear-230,swe-agent,submitted (exit_context),26,605,0.04297520661157025,579
swe-agent:013972:PyCQA__flake8-bugbear-230,swe-agent,submitted (exit_context),56,65,0.8615384615384616,9
swe-agent:013974:PyCQA__flake8-bugbear-230,swe-agent,exit_context,26,53,0.49056603773584906,27
swe-agent:013983:Uberi__speech_recognition-619,swe-agent,exit_context,32,45,0.7111111111111111,13
swe-agent:013987:akolar__ogn-lib-18,swe-agent,exit_context,16,89,0.1797752808988764,73
swe-agent:013988:akolar__ogn-lib-18,swe-agent,early_exit,20,87,0.22988505747126436,67
swe-agent:013989:akolar__ogn-lib-18,swe-agent,submitted_no_patch,16,17,0.9411764705882353,1
swe-agent:013990:akolar__ogn-lib-18,swe-agent,exit_context,30,73,0.410958904109589,43
swe-agent:013991:akolar__ogn-lib-18,swe-agent,submitted,16,41,0.3902439024390244,25
swe-agent:013994:akolar__ogn-lib-18,swe-agent,early_exit,16,55,0.2909090909090909,39
swe-agent:013995:akolar__ogn-lib-18,swe-agent,exit_context,16,73,0.2191780821917808,57
swe-agent:013996:akolar__ogn-lib-18,swe-agent,exit_context,16,87,0.1839080459770115,71
swe-agent:014000:akolar__ogn-lib-18,swe-agent,submitted,16,27,0.5925925925925926,11
swe-agent:014002:akolar__ogn-lib-18,swe-agent,submitted,16,23,0.6956521739130435,7
swe-agent:014006:akolar__ogn-lib-18,swe-agent,exit_context,20,85,0.23529411764705882,65
swe-agent:014010:akolar__ogn-lib-18,swe-agent,submitted,16,25,0.64,9
swe-agent:014012:akolar__ogn-lib-18,swe-agent,exit_context,16,75,0.21333333333333335,59
swe-agent:014013:akolar__ogn-lib-18,swe-agent,early_exit,16,47,0.3404255319148936,31
swe-agent:014015:akolar__ogn-lib-18,swe-agent,exit_context,20,91,0.21978021978021978,71
swe-agent:014016:akolar__ogn-lib-18,swe-agent,submitted_no_patch,16,25,0.64,9
swe-agent:014017:akolar__ogn-lib-18,swe-agent,submitted,16,41,0.3902439024390244,25
swe-agent:014019:akolar__ogn-lib-18,swe-agent,exit_context,16,91,0.17582417582417584,75
swe-agent:014021:akolar__ogn-lib-18,swe-agent,submitted,16,21,0.7619047619047619,5
swe-agent:014022:akolar__ogn-lib-18,swe-agent,exit_context,16,85,0.18823529411764706,69
swe-agent:014027:akolar__ogn-lib-18,swe-agent,exit_context,14,87,0.16091954022988506,73
swe-agent:014032:akolar__ogn-lib-18,swe-agent,submitted,14,41,0.34146341463414637,27
swe-agent:014035:akolar__ogn-lib-18,swe-agent,submitted,16,25,0.64,9
swe-agent:014037:akolar__ogn-lib-18,swe-agent,submitted,16,23,0.6956521739130435,7
swe-agent:014038:akolar__ogn-lib-18,swe-agent,submitted,16,35,0.45714285714285713,19
swe-agent:014039:akolar__ogn-lib-18,swe-agent,submitted,16,23,0.6956521739130435,7
swe-agent:014040:akolar__ogn-lib-18,swe-agent,submitted (exit_context),16,107,0.14953271028037382,91
swe-agent:014041:akolar__ogn-lib-18,swe-agent,exit_context,16,87,0.1839080459770115,71
swe-agent:014042:akolar__ogn-lib-18,swe-agent,exit_context,32,87,0.367816091954023,55
swe-agent:014043:akolar__ogn-lib-18,swe-agent,exit_context,20,95,0.21052631578947367,75
swe-agent:014045:akolar__ogn-lib-18,swe-agent,exit_context,16,105,0.1523809523809524,89
swe-agent:014064:asottile__add-trailing-comma-34,swe-agent,submitted,24,29,0.8275862068965517,5
swe-agent:014069:asottile__add-trailing-comma-34,swe-agent,submitted (exit_context),48,69,0.6956521739130435,21
swe-agent:014073:asottile__add-trailing-comma-34,swe-agent,submitted,38,51,0.7450980392156863,13
swe-agent:014079:asottile__pyupgrade-104,swe-agent,submitted (exit_context),16,175,0.09142857142857143,159
swe-agent:014080:asottile__pyupgrade-104,swe-agent,submitted,52,59,0.8813559322033898,7
swe-agent:014087:asottile__pyupgrade-143,swe-agent,submitted_no_patch,12,33,0.36363636363636365,21
swe-agent:014092:asottile__pyupgrade-143,swe-agent,submitted,8,41,0.1951219512195122,33
swe-agent:014098:asottile__pyupgrade-143,swe-agent,submitted,10,17,0.5882352941176471,7
swe-agent:014101:asottile__pyupgrade-168,swe-agent,submitted (exit_context),16,273,0.05860805860805861,257
swe-agent:014114:asottile__pyupgrade-53,swe-agent,submitted,38,69,0.5507246376811594,31
swe-agent:014154:canonical__operator-1024,swe-agent,submitted,26,47,0.5531914893617021,21
swe-agent:014161:canonical__operator-1024,swe-agent,submitted,26,35,0.7428571428571429,9
swe-agent:014172:canonical__operator-1024,swe-agent,submitted,18,37,0.4864864864864865,19
swe-agent:014176:canonical__operator-1024,swe-agent,submitted (exit_context),34,53,0.6415094339622641,19
swe-agent:014184:datosgobar__pydatajson-125,swe-agent,submitted (exit_context),42,233,0.18025751072961374,191
swe-agent:014185:datosgobar__pydatajson-125,swe-agent,submitted (exit_context),20,45,0.4444444444444444,25
swe-agent:014187:datosgobar__pydatajson-125,swe-agent,submitted (exit_context),18,51,0.35294117647058826,33
swe-agent:014194:datosgobar__pydatajson-125,swe-agent,submitted (exit_context),66,75,0.88,9
swe-agent:014196:datosgobar__pydatajson-125,swe-agent,submitted (exit_context),44,95,0.4631578947368421,51
swe-agent:014206:datosgobar__pydatajson-125,swe-agent,submitted (exit_context),24,45,0.5333333333333333,21
swe-agent:014210:datosgobar__pydatajson-125,swe-agent,submitted (exit_context),28,35,0.8,7
swe-agent:014221:datosgobar__pydatajson-125,swe-agent,submitted,32,47,0.6808510638297872,15
swe-agent:014223:datosgobar__pydatajson-125,swe-agent,submitted (exit_context),36,49,0.7346938775510204,13
swe-agent:014230:datosgobar__pydatajson-125,swe-agent,submitted (exit_context),76,121,0.628099173553719,45
swe-agent:014338:graphql-python__graphene-641,swe-agent,submitted (exit_context),76,91,0.8351648351648352,15
swe-agent:014347:isi-vista__vistautils-116,swe-agent,submitted (exit_context),34,59,0.576271186440678,25
swe-agent:014356:isi-vista__vistautils-116,swe-agent,exit_context,28,81,0.345679012345679,53
swe-agent:014357:iterative__dvc-3727,swe-agent,submitted (exit_context),26,119,0.2184873949579832,93
swe-agent:014371:iterative__dvc-3727,swe-agent,submitted,50,57,0.8771929824561403,7
swe-agent:014373:iterative__dvc-4001,swe-agent,submitted,32,35,0.9142857142857143,3
swe-agent:014375:iterative__dvc-4001,swe-agent,submitted,16,37,0.43243243243243246,21
swe-agent:014382:iterative__dvc-4001,swe-agent,submitted (exit_context),22,93,0.23655913978494625,71
swe-agent:014383:iterative__dvc-4001,swe-agent,submitted,20,37,0.5405405405405406,17
swe-agent:014384:iterative__dvc-4001,swe-agent,submitted (exit_context),18,79,0.22784810126582278,61
swe-agent:014397:iterative__dvc-4086,swe-agent,submitted,20,27,0.7407407407407407,7
swe-agent:014398:iterative__dvc-4086,swe-agent,submitted (exit_context),22,73,0.3013698630136986,51
swe-agent:014401:iterative__dvc-4086,swe-agent,submitted,28,45,0.6222222222222222,17
swe-agent:014419:iterative__dvc-4114,swe-agent,submitted (exit_context),16,39,0.41025641025641024,23
swe-agent:014428:iterative__dvc-4125,swe-agent,exit_context,14,119,0.11764705882352941,105
swe-agent:014430:iterative__dvc-4125,swe-agent,early_exit,30,95,0.3157894736842105,65
swe-agent:014432:iterative__dvc-4125,swe-agent,submitted (exit_context),42,85,0.49411764705882355,43
swe-agent:014433:iterative__dvc-4125,swe-agent,submitted (exit_context),56,337,0.1661721068249258,281
swe-agent:014451:iterative__dvc-4538,swe-agent,submitted (exit_context),76,93,0.8172043010752689,17
swe-agent:014461:iterative__dvc-4747,swe-agent,early_exit,16,29,0.5517241379310345,13
swe-agent:014462:iterative__dvc-4747,swe-agent,submitted,10,25,0.4,15
swe-agent:014463:iterative__dvc-4747,swe-agent,submitted,22,23,0.9565217391304348,1
swe-agent:014465:iterative__dvc-4747,swe-agent,submitted (exit_context),50,123,0.4065040650406504,73
swe-agent:014466:iterative__dvc-4747,swe-agent,submitted,12,13,0.9230769230769231,1
swe-agent:014474:iterative__dvc-4747,swe-agent,submitted (exit_context),24,69,0.34782608695652173,45
swe-agent:014477:iterative__dvc-4747,swe-agent,submitted,18,19,0.9473684210526315,1
swe-agent:014480:iterative__dvc-4747,swe-agent,submitted,42,65,0.6461538461538462,23
swe-agent:014482:iterative__dvc-4747,swe-agent,submitted,34,53,0.6415094339622641,19
swe-agent:014487:iterative__dvc-4747,swe-agent,submitted,22,25,0.88,3
swe-agent:014489:iterative__dvc-4747,swe-agent,submitted,20,21,0.9523809523809523,1
swe-agent:014493:iterative__dvc-4747,swe-agent,submitted (exit_context),90,113,0.7964601769911505,23
swe-agent:014495:iterative__dvc-4747,swe-agent,submitted,14,19,0.7368421052631579,5
swe-agent:014498:iterative__dvc-4747,swe-agent,submitted,12,69,0.17391304347826086,57
swe-agent:014506:iterative__dvc-7729,swe-agent,submitted,22,59,0.3728813559322034,37
swe-agent:014514:iterative__dvc-7729,swe-agent,exit_context,12,75,0.16,63
swe-agent:014516:iterative__dvc-7729,swe-agent,submitted (exit_context),42,123,0.34146341463414637,81
swe-agent:014518:iterative__dvc-7729,swe-agent,submitted (exit_context),34,113,0.3008849557522124,79
swe-agent:014527:iterative__dvc-7791,swe-agent,exit_context,48,91,0.5274725274725275,43
swe-agent:014528:iterative__dvc-7791,swe-agent,exit_context,102,119,0.8571428571428571,17
swe-agent:014535:iterative__dvc-7791,swe-agent,submitted,26,43,0.6046511627906976,17
swe-agent:014548:joblib__joblib-1165,swe-agent,exit_context,50,105,0.47619047619047616,55
swe-agent:014557:joblib__joblib-1165,swe-agent,submitted (exit_context),52,95,0.5473684210526316,43
swe-agent:014558:joblib__joblib-1165,swe-agent,exit_context,76,129,0.5891472868217055,53
swe-agent:014560:joblib__joblib-1165,swe-agent,exit_context,46,51,0.9019607843137255,5
swe-agent:014562:joblib__joblib-1165,swe-agent,submitted (exit_context),24,67,0.3582089552238806,43
swe-agent:014566:joblib__joblib-1165,swe-agent,exit_context,50,421,0.1187648456057007,371
swe-agent:014567:joblib__joblib-1165,swe-agent,early_exit,66,139,0.4748201438848921,73
swe-agent:014568:joblib__joblib-1165,swe-agent,exit_context,52,327,0.15902140672782875,275
swe-agent:014578:joblib__joblib-1165,swe-agent,submitted (exit_context),54,93,0.5806451612903226,39
swe-agent:014579:joblib__joblib-1165,swe-agent,submitted (exit_context),44,75,0.5866666666666667,31
swe-agent:014580:joblib__joblib-1165,swe-agent,submitted (exit_context),50,75,0.6666666666666666,25
swe-agent:014586:joblib__joblib-1165,swe-agent,exit_context,68,183,0.37158469945355194,115
swe-agent:014593:joblib__joblib-1165,swe-agent,submitted (exit_context),34,107,0.3177570093457944,73
swe-agent:014594:joblib__joblib-1165,swe-agent,exit_context,50,379,0.13192612137203166,329
swe-agent:014603:joblib__joblib-1165,swe-agent,exit_context,58,345,0.1681159420289855,287
swe-agent:014609:joblib__joblib-1165,swe-agent,exit_context,68,241,0.2821576763485477,173
swe-agent:014610:joblib__joblib-1165,swe-agent,submitted (exit_context),58,69,0.8405797101449275,11
swe-agent:014612:joblib__joblib-1165,swe-agent,submitted (exit_context),60,79,0.759493670886076,19
swe-agent:014614:joblib__joblib-1165,swe-agent,submitted (exit_context),24,35,0.6857142857142857,11
swe-agent:014624:karlicoss__promnesia-277,swe-agent,submitted (exit_context),16,105,0.1523809523809524,89
swe-agent:014653:karlicoss__promnesia-277,swe-agent,submitted,34,43,0.7906976744186046,9
swe-agent:014698:marcelm__cutadapt-750,swe-agent,submitted (exit_context),30,53,0.5660377358490566,23
swe-agent:014715:nickstenning__honcho-171,swe-agent,submitted (exit_context),104,129,0.8062015503875969,25
swe-agent:014726:oasis-open__cti-pattern-validator-10,swe-agent,submitted (exit_context),30,97,0.30927835051546393,67
swe-agent:014731:oasis-open__cti-pattern-validator-10,swe-agent,submitted (exit_context),30,177,0.1694915254237288,147
swe-agent:014732:oasis-open__cti-pattern-validator-10,swe-agent,exit_context,20,51,0.39215686274509803,31
swe-agent:014736:oasis-open__cti-pattern-validator-10,swe-agent,submitted (exit_context),38,67,0.5671641791044776,29
swe-agent:014739:oasis-open__cti-pattern-validator-10,swe-agent,submitted (exit_context),38,77,0.4935064935064935,39
swe-agent:014741:oasis-open__cti-pattern-validator-10,swe-agent,exit_context,18,59,0.3050847457627119,41
swe-agent:014753:oasis-open__cti-pattern-validator-10,swe-agent,submitted (exit_context),32,97,0.32989690721649484,65
swe-agent:014758:oasis-open__cti-pattern-validator-10,swe-agent,submitted (exit_context),20,77,0.2597402597402597,57
swe-agent:014760:oasis-open__cti-pattern-validator-10,swe-agent,exit_context,24,57,0.42105263157894735,33
swe-agent:014761:oasis-open__cti-pattern-validator-10,swe-agent,submitted (exit_context),66,93,0.7096774193548387,27
swe-agent:014763:oasis-open__cti-pattern-validator-10,swe-agent,submitted (exit_context),20,75,0.26666666666666666,55
swe-agent:014768:oasis-open__cti-pattern-validator-10,swe-agent,exit_context,18,73,0.2465753424657534,55
swe-agent:014769:oasis-open__cti-pattern-validator-10,swe-agent,submitted (exit_context),18,221,0.08144796380090498,203
swe-agent:014773:oasis-open__cti-pattern-validator-10,swe-agent,submitted (exit_context),32,79,0.4050632911392405,47
swe-agent:014778:oasis-open__cti-pattern-validator-10,swe-agent,submitted (exit_context),34,83,0.40963855421686746,49
swe-agent:014779:oasis-open__cti-pattern-validator-10,swe-agent,exit_context,22,75,0.29333333333333333,53
swe-agent:014786:oasis-open__cti-pattern-validator-10,swe-agent,exit_context,14,49,0.2857142857142857,35
swe-agent:014787:oasis-open__cti-pattern-validator-10,swe-agent,exit_context,18,59,0.3050847457627119,41
swe-agent:014789:oasis-open__cti-pattern-validator-10,swe-agent,exit_context,8,87,0.09195402298850575,79
swe-agent:014790:oasis-open__cti-pattern-validator-10,swe-agent,exit_context,20,53,0.37735849056603776,33
swe-agent:014792:oasis-open__cti-pattern-validator-10,swe-agent,exit_context,28,65,0.4307692307692308,37
swe-agent:014793:oasis-open__cti-pattern-validator-10,swe-agent,exit_context,34,89,0.38202247191011235,55
swe-agent:014794:oasis-open__cti-pattern-validator-10,swe-agent,exit_context,18,107,0.16822429906542055,89
swe-agent:014796:oasis-open__cti-pattern-validator-10,swe-agent,submitted,22,23,0.9565217391304348,1
swe-agent:014797:oasis-open__cti-pattern-validator-10,swe-agent,exit_context,18,79,0.22784810126582278,61
swe-agent:014798:oasis-open__cti-pattern-validator-10,swe-agent,exit_context,16,63,0.25396825396825395,47
swe-agent:014799:oasis-open__cti-pattern-validator-10,swe-agent,exit_context,26,65,0.4,39
swe-agent:014800:oasis-open__cti-pattern-validator-10,swe-agent,submitted (exit_context),38,109,0.3486238532110092,71
swe-agent:014803:oasis-open__cti-pattern-validator-10,swe-agent,submitted (exit_context),22,137,0.16058394160583941,115
swe-agent:014805:oasis-open__cti-pattern-validator-10,swe-agent,submitted (exit_context),10,317,0.031545741324921134,307
swe-agent:014807:oasis-open__cti-pattern-validator-10,swe-agent,submitted,16,47,0.3404255319148936,31
swe-agent:014813:oasis-open__cti-pattern-validator-10,swe-agent,submitted (exit_context),24,75,0.32,51
swe-agent:014814:oasis-open__cti-pattern-validator-10,swe-agent,submitted (exit_context),38,89,0.42696629213483145,51
swe-agent:014816:oasis-open__cti-pattern-validator-10,swe-agent,submitted (exit_context),40,93,0.43010752688172044,53
swe-agent:014817:oasis-open__cti-pattern-validator-10,swe-agent,exit_context,14,543,0.02578268876611418,529
swe-agent:014818:oasis-open__cti-pattern-validator-10,swe-agent,submitted,32,69,0.463768115942029,37
swe-agent:014819:oasis-open__cti-pattern-validator-10,swe-agent,submitted (exit_context),14,105,0.13333333333333333,91
swe-agent:014831:pddg__uroboros-41,swe-agent,submitted,14,41,0.34146341463414637,27
swe-agent:014838:praw-dev__praw-1307,swe-agent,submitted (exit_context),92,111,0.8288288288288288,19
swe-agent:014846:praw-dev__praw-1307,swe-agent,exit_context,16,37,0.43243243243243246,21
swe-agent:014848:praw-dev__praw-1307,swe-agent,submitted (exit_context),16,81,0.19753086419753085,65
swe-agent:014864:pydantic__pydantic-2286,swe-agent,submitted,44,51,0.8627450980392157,7
swe-agent:014899:pydantic__pydantic-2423,swe-agent,submitted (exit_context),24,81,0.2962962962962963,57
swe-agent:014903:pydantic__pydantic-2423,swe-agent,submitted (exit_context),46,89,0.5168539325842697,43
swe-agent:014904:pydantic__pydantic-2423,swe-agent,submitted (exit_context),32,69,0.463768115942029,37
swe-agent:014910:pydantic__pydantic-2423,swe-agent,submitted,42,53,0.7924528301886793,11
swe-agent:014913:pydantic__pydantic-2423,swe-agent,submitted (exit_context),56,83,0.6746987951807228,27
swe-agent:014916:pydantic__pydantic-3452,swe-agent,submitted (exit_context),64,69,0.927536231884058,5
swe-agent:014918:pydantic__pydantic-3452,swe-agent,submitted (exit_context),64,99,0.6464646464646465,35
swe-agent:014920:pydantic__pydantic-3452,swe-agent,submitted,48,51,0.9411764705882353,3
swe-agent:014921:pydantic__pydantic-3452,swe-agent,submitted (exit_context),50,61,0.819672131147541,11
swe-agent:014922:pydantic__pydantic-3452,swe-agent,submitted (exit_context),46,69,0.6666666666666666,23
swe-agent:014924:pydantic__pydantic-3452,swe-agent,submitted (exit_context),76,81,0.9382716049382716,5
swe-agent:014928:pydantic__pydantic-3452,swe-agent,submitted (exit_context),36,93,0.3870967741935484,57
swe-agent:014930:pydantic__pydantic-3452,swe-agent,submitted (exit_context),50,79,0.6329113924050633,29
swe-agent:014935:pydantic__pydantic-625,swe-agent,submitted (exit_context),54,83,0.6506024096385542,29
swe-agent:014942:pydantic__pydantic-625,swe-agent,submitted,26,89,0.29213483146067415,63
swe-agent:014943:pydantic__pydantic-625,swe-agent,submitted (exit_context),30,97,0.30927835051546393,67
swe-agent:014945:pydantic__pydantic-625,swe-agent,submitted (exit_context),38,75,0.5066666666666667,37
swe-agent:014975:pylint-dev__astroid-1164,swe-agent,submitted (exit_context),38,55,0.6909090909090909,17
swe-agent:014985:pylint-dev__astroid-1164,swe-agent,submitted,24,29,0.8275862068965517,5
swe-agent:014994:pylint-dev__astroid-1164,swe-agent,submitted (exit_context),42,57,0.7368421052631579,15
swe-agent:015015:pypiserver__pypiserver-215,swe-agent,submitted,10,59,0.1694915254237288,49
swe-agent:015016:pypiserver__pypiserver-215,swe-agent,exit_context,20,73,0.273972602739726,53
swe-agent:015032:python-adaptive__adaptive-229,swe-agent,submitted (exit_context),30,123,0.24390243902439024,93
swe-agent:015047:reframe-hpc__reframe-2931,swe-agent,exit_context,18,91,0.1978021978021978,73
swe-agent:015050:reframe-hpc__reframe-2931,swe-agent,submitted,30,39,0.7692307692307693,9
swe-agent:015051:reframe-hpc__reframe-2931,swe-agent,submitted,20,23,0.8695652173913043,3
swe-agent:015053:reframe-hpc__reframe-2931,swe-agent,exit_context,30,83,0.3614457831325301,53
swe-agent:015055:reframe-hpc__reframe-2931,swe-agent,submitted,22,25,0.88,3
swe-agent:015063:reframe-hpc__reframe-2931,swe-agent,exit_context,44,77,0.5714285714285714,33
swe-agent:015065:reframe-hpc__reframe-2931,swe-agent,exit_context,26,97,0.26804123711340205,71
swe-agent:015066:reframe-hpc__reframe-2931,swe-agent,exit_context,24,89,0.2696629213483146,65
swe-agent:015069:reframe-hpc__reframe-2931,swe-agent,early_exit,22,77,0.2857142857142857,55
swe-agent:015072:reframe-hpc__reframe-2931,swe-agent,exit_context,28,79,0.35443037974683544,51
swe-agent:015073:reframe-hpc__reframe-2931,swe-agent,exit_context,26,131,0.1984732824427481,105
swe-agent:015077:reframe-hpc__reframe-2931,swe-agent,submitted,18,29,0.6206896551724138,11
swe-agent:015080:reframe-hpc__reframe-2931,swe-agent,exit_context,22,93,0.23655913978494625,71
swe-agent:015081:reframe-hpc__reframe-2931,swe-agent,exit_context,18,59,0.3050847457627119,41
swe-agent:015084:reframe-hpc__reframe-2931,swe-agent,submitted,20,25,0.8,5
swe-agent:015088:reframe-hpc__reframe-2931,swe-agent,exit_context,22,77,0.2857142857142857,55
swe-agent:015089:reframe-hpc__reframe-2931,swe-agent,submitted,16,25,0.64,9
swe-agent:015093:reframe-hpc__reframe-2931,swe-agent,submitted (exit_context),68,77,0.8831168831168831,9
swe-agent:015095:reframe-hpc__reframe-2931,swe-agent,submitted,28,41,0.6829268292682927,13
swe-agent:015098:sciunto-org__python-bibtexparser-162,swe-agent,submitted (exit_context),20,35,0.5714285714285714,15
swe-agent:015099:sciunto-org__python-bibtexparser-162,swe-agent,submitted (exit_context),42,71,0.5915492957746479,29
swe-agent:015101:sciunto-org__python-bibtexparser-162,swe-agent,submitted (exit_context),20,49,0.40816326530612246,29
swe-agent:015103:sciunto-org__python-bibtexparser-162,swe-agent,submitted (exit_context),28,65,0.4307692307692308,37
swe-agent:015105:sciunto-org__python-bibtexparser-162,swe-agent,submitted (exit_context),34,57,0.5964912280701754,23
swe-agent:015107:sciunto-org__python-bibtexparser-162,swe-agent,submitted (exit_context),18,213,0.08450704225352113,195
swe-agent:015108:sciunto-org__python-bibtexparser-162,swe-agent,submitted (exit_context),24,41,0.5853658536585366,17
swe-agent:015109:sdispater__pendulum-726,swe-agent,submitted (exit_context),40,75,0.5333333333333333,35
swe-agent:015120:sdispater__pendulum-726,swe-agent,submitted,24,31,0.7741935483870968,7
swe-agent:015136:sdispater__pendulum-726,swe-agent,submitted (exit_context),28,61,0.45901639344262296,33
swe-agent:015192:simonsobs__ocs-297,swe-agent,submitted (exit_context),96,113,0.8495575221238938,17
swe-agent:015195:simonsobs__ocs-297,swe-agent,submitted,28,61,0.45901639344262296,33
swe-agent:015221:tefra__xsdata-358,swe-agent,submitted (exit_context),22,33,0.6666666666666666,11
swe-agent:015239:tefra__xsdata-358,swe-agent,submitted (exit_context),48,73,0.6575342465753424,25
swe-agent:015261:tefra__xsdata-358,swe-agent,early_exit,32,59,0.5423728813559322,27
swe-agent:015307:zalando-stups__zign-14,swe-agent,exit_context,26,73,0.3561643835616438,47
swe-agent:015322:F5Networks__f5-icontrol-rest-python-125,swe-agent,submitted (exit_context),24,63,0.38095238095238093,39
swe-agent:015324:F5Networks__f5-icontrol-rest-python-125,swe-agent,submitted (exit_context),28,59,0.4745762711864407,31
swe-agent:015325:F5Networks__f5-icontrol-rest-python-125,swe-agent,exit_context,18,59,0.3050847457627119,41
swe-agent:015332:F5Networks__f5-icontrol-rest-python-125,swe-agent,submitted (exit_context),16,79,0.20253164556962025,63
swe-agent:015334:F5Networks__f5-icontrol-rest-python-125,swe-agent,exit_context,18,55,0.32727272727272727,37
swe-agent:015341:KIT-IAI__pyWATTS-41,swe-agent,submitted (exit_context),20,141,0.14184397163120568,121
swe-agent:015344:KIT-IAI__pyWATTS-41,swe-agent,submitted (exit_context),16,97,0.16494845360824742,81
swe-agent:015345:KIT-IAI__pyWATTS-41,swe-agent,submitted (exit_context),24,195,0.12307692307692308,171
swe-agent:015351:PyCQA__flake8-bugbear-213,swe-agent,submitted (exit_context),62,81,0.7654320987654321,19
swe-agent:015352:PyCQA__flake8-bugbear-213,swe-agent,submitted (exit_context),72,201,0.3582089552238806,129
swe-agent:015355:PyCQA__flake8-bugbear-213,swe-agent,submitted (exit_context),14,53,0.2641509433962264,39
swe-agent:015381:PyThaiNLP__pythainlp-399,swe-agent,submitted (exit_context),28,69,0.4057971014492754,41
swe-agent:015412:SethMMorton__natsort-143,swe-agent,submitted,14,53,0.2641509433962264,39
swe-agent:015414:SethMMorton__natsort-143,swe-agent,submitted,18,39,0.46153846153846156,21
swe-agent:015415:SethMMorton__natsort-143,swe-agent,submitted (exit_context),68,87,0.7816091954022989,19
swe-agent:015418:SethMMorton__natsort-143,swe-agent,submitted,22,35,0.6285714285714286,13
swe-agent:015421:SethMMorton__natsort-143,swe-agent,early_exit,80,93,0.8602150537634409,13
swe-agent:015431:SethMMorton__natsort-143,swe-agent,submitted,22,55,0.4,33
swe-agent:015440:SirAnthony__slpp-32,swe-agent,submitted (exit_context),40,73,0.547945205479452,33
swe-agent:015441:SirAnthony__slpp-32,swe-agent,submitted (exit_context),22,65,0.3384615384615385,43
swe-agent:015442:SirAnthony__slpp-32,swe-agent,submitted (exit_context),40,85,0.47058823529411764,45
swe-agent:015443:SirAnthony__slpp-32,swe-agent,submitted (exit_context),34,45,0.7555555555555555,11
swe-agent:015445:SirAnthony__slpp-32,swe-agent,submitted (exit_context),60,111,0.5405405405405406,51
swe-agent:015455:TheFriendlyCoder__pyjen-136,swe-agent,submitted (exit_context),58,125,0.464,67
swe-agent:015465:Tinche__aiofiles-116,swe-agent,early_exit,36,39,0.9230769230769231,3
swe-agent:015469:acorg__dark-matter-663,swe-agent,submitted,20,43,0.46511627906976744,23
swe-agent:015472:acorg__dark-matter-663,swe-agent,submitted (exit_context),62,95,0.6526315789473685,33
swe-agent:015482:acorg__dark-matter-663,swe-agent,submitted (exit_context),56,57,0.9824561403508771,1
swe-agent:015494:acorg__dark-matter-663,swe-agent,submitted (exit_context),60,283,0.21201413427561838,223
swe-agent:015535:adafruit__Adafruit_CircuitPython_GPS-76,swe-agent,submitted (exit_context),38,47,0.8085106382978723,9
swe-agent:015544:adafruit__Adafruit_CircuitPython_GPS-76,swe-agent,submitted (exit_context),26,43,0.6046511627906976,17
swe-agent:015551:adafruit__Adafruit_CircuitPython_GPS-76,swe-agent,submitted (exit_context),36,73,0.4931506849315068,37
swe-agent:015575:bugsnag__bugsnag-python-188,swe-agent,submitted,20,47,0.425531914893617,27
swe-agent:015609:cekit__cekit-509,swe-agent,submitted,16,59,0.2711864406779661,43
swe-agent:015638:cisagov__check-cve-2019-19781-10,swe-agent,submitted,36,63,0.5714285714285714,27
swe-agent:015660:craffel__mir_eval-374,swe-agent,submitted,36,71,0.5070422535211268,35
swe-agent:015662:craffel__mir_eval-374,swe-agent,submitted (exit_context),34,217,0.15668202764976957,183
swe-agent:015681:crccheck__project_runpy-17,swe-agent,submitted,18,31,0.5806451612903226,13
swe-agent:015700:crccheck__project_runpy-17,swe-agent,submitted,14,59,0.23728813559322035,45
swe-agent:015716:cthoyt__class-resolver-37,swe-agent,submitted (exit_context),46,71,0.647887323943662,25
swe-agent:015728:duo-labs__py_webauthn-167,swe-agent,submitted (exit_context),40,71,0.5633802816901409,31
swe-agent:015745:google__importlab-23,swe-agent,submitted (exit_context),72,167,0.4311377245508982,95
swe-agent:015763:googleapis__python-containeranalysis-251,swe-agent,submitted (exit_context),18,147,0.12244897959183673,129
swe-agent:015766:googleapis__python-containeranalysis-251,swe-agent,submitted (exit_context),10,187,0.053475935828877004,177
swe-agent:015779:googleapis__python-containeranalysis-251,swe-agent,submitted (exit_context),24,27,0.8888888888888888,3
swe-agent:015787:googleapis__python-containeranalysis-251,swe-agent,submitted (exit_context),10,91,0.10989010989010989,81
swe-agent:015789:googleapis__python-containeranalysis-251,swe-agent,submitted (exit_context),24,67,0.3582089552238806,43
swe-agent:015791:googleapis__python-containeranalysis-251,swe-agent,submitted (exit_context),20,143,0.13986013986013987,123
swe-agent:015796:googleapis__python-containeranalysis-251,swe-agent,submitted (exit_context),26,213,0.12206572769953052,187
swe-agent:015804:googleapis__python-containeranalysis-251,swe-agent,exit_context,50,81,0.6172839506172839,31
swe-agent:015808:googleapis__python-containeranalysis-251,swe-agent,submitted (exit_context),26,153,0.16993464052287582,127
swe-agent:015820:hynek__structlog-550,swe-agent,exit_context,10,17,0.5882352941176471,7
swe-agent:015823:hynek__structlog-550,swe-agent,exit_context,18,45,0.4,27
swe-agent:015825:ilevkivskyi__com2ann-21,swe-agent,submitted,14,43,0.32558139534883723,29
swe-agent:015866:iterative__dvc-2462,swe-agent,submitted (exit_context),66,125,0.528,59
swe-agent:015868:iterative__dvc-2462,swe-agent,exit_context,70,87,0.8045977011494253,17
swe-agent:015871:iterative__dvc-2462,swe-agent,submitted (exit_context),92,99,0.9292929292929293,7
swe-agent:015872:iterative__dvc-2462,swe-agent,submitted (exit_context),58,115,0.5043478260869565,57
swe-agent:015873:iterative__dvc-2462,swe-agent,submitted (exit_context),48,97,0.4948453608247423,49
swe-agent:015874:iterative__dvc-2462,swe-agent,submitted,20,27,0.7407407407407407,7
swe-agent:015875:iterative__dvc-2462,swe-agent,exit_context,40,73,0.547945205479452,33
swe-agent:015884:iterative__dvc-3650,swe-agent,submitted (exit_context),40,99,0.40404040404040403,59
swe-agent:015896:iterative__dvc-3650,swe-agent,submitted (exit_context),28,73,0.3835616438356164,45
swe-agent:015897:iterative__dvc-3650,swe-agent,submitted (exit_context),126,157,0.802547770700637,31
swe-agent:015899:iterative__dvc-3852,swe-agent,submitted (exit_context),26,103,0.2524271844660194,77
swe-agent:015900:iterative__dvc-3852,swe-agent,submitted (exit_context),24,105,0.22857142857142856,81
swe-agent:015906:iterative__dvc-3852,swe-agent,submitted (exit_context),12,75,0.16,63
swe-agent:015907:iterative__dvc-3852,swe-agent,submitted (exit_context),38,69,0.5507246376811594,31
swe-agent:015908:iterative__dvc-3852,swe-agent,submitted,106,119,0.8907563025210085,13
swe-agent:015910:iterative__dvc-3852,swe-agent,submitted (exit_context),12,103,0.11650485436893204,91
swe-agent:015912:iterative__dvc-3852,swe-agent,submitted,46,67,0.6865671641791045,21
swe-agent:015913:iterative__dvc-3852,swe-agent,submitted (exit_context),12,45,0.26666666666666666,33
swe-agent:015920:iterative__dvc-4190,swe-agent,submitted,52,67,0.7761194029850746,15
swe-agent:015921:iterative__dvc-4190,swe-agent,submitted,42,43,0.9767441860465116,1
swe-agent:015922:iterative__dvc-4190,swe-agent,submitted,46,53,0.8679245283018868,7
swe-agent:015923:iterative__dvc-4190,swe-agent,submitted (exit_context),40,123,0.3252032520325203,83
swe-agent:015925:iterative__dvc-4190,swe-agent,exit_context,176,187,0.9411764705882353,11
swe-agent:015928:iterative__dvc-4190,swe-agent,early_exit,26,43,0.6046511627906976,17
swe-agent:015932:iterative__dvc-7734,swe-agent,submitted (exit_context),48,611,0.07855973813420622,563
swe-agent:015934:iterative__dvc-7734,swe-agent,submitted (exit_context),78,79,0.9873417721518988,1
swe-agent:015943:iterative__dvc-7734,swe-agent,early_exit,38,231,0.1645021645021645,193
swe-agent:016006:marshmallow-code__apispec-495,swe-agent,exit_context,12,49,0.24489795918367346,37
swe-agent:016018:marshmallow-code__apispec-495,swe-agent,exit_context,16,51,0.3137254901960784,35
swe-agent:016029:marshmallow-code__apispec-495,swe-agent,submitted,14,35,0.4,21
swe-agent:016030:marshmallow-code__apispec-495,swe-agent,exit_context,18,43,0.4186046511627907,25
swe-agent:016034:marshmallow-code__apispec-495,swe-agent,exit_context,12,283,0.04240282685512368,271
swe-agent:016035:marshmallow-code__apispec-495,swe-agent,exit_context,18,49,0.3673469387755102,31
swe-agent:016037:marshmallow-code__apispec-495,swe-agent,exit_context,14,53,0.2641509433962264,39
swe-agent:016039:marshmallow-code__apispec-495,swe-agent,submitted,12,31,0.3870967741935484,19
swe-agent:016090:mggg__GerryChain-316,swe-agent,submitted (exit_context),26,53,0.49056603773584906,27
swe-agent:016093:mggg__GerryChain-316,swe-agent,submitted,22,33,0.6666666666666666,11
swe-agent:016096:mggg__GerryChain-316,swe-agent,submitted (exit_context),28,51,0.5490196078431373,23
swe-agent:016158:nithinmurali__pygsheets-272,swe-agent,submitted,36,57,0.631578947368421,21
swe-agent:016169:ofek__hatch-vcs-17,swe-agent,submitted (exit_context),32,219,0.1461187214611872,187
swe-agent:016180:orcasgit__python-nokia-28,swe-agent,exit_context,26,79,0.3291139240506329,53
swe-agent:016182:orcasgit__python-nokia-28,swe-agent,submitted,46,81,0.5679012345679012,35
swe-agent:016185:orcasgit__python-nokia-28,swe-agent,submitted,42,51,0.8235294117647058,9
swe-agent:016193:ppizarror__pygame-menu-334,swe-agent,submitted,12,29,0.41379310344827586,17
swe-agent:016206:ppizarror__pygame-menu-334,swe-agent,submitted (exit_context),46,63,0.7301587301587301,17
swe-agent:016211:pydantic__pydantic-2582,swe-agent,submitted,26,47,0.5531914893617021,21
swe-agent:016215:pydantic__pydantic-2582,swe-agent,submitted (exit_context),34,77,0.44155844155844154,43
swe-agent:016216:pydantic__pydantic-2582,swe-agent,submitted (exit_context),18,53,0.33962264150943394,35
swe-agent:016220:pydantic__pydantic-2582,swe-agent,submitted (exit_context),24,87,0.27586206896551724,63
swe-agent:016226:pydantic__pydantic-2582,swe-agent,submitted,20,59,0.3389830508474576,39
swe-agent:016240:pydantic__pydantic-4884,swe-agent,submitted (exit_context),18,99,0.18181818181818182,81
swe-agent:016266:pydantic__pydantic-4884,swe-agent,submitted,44,47,0.9361702127659575,3
swe-agent:016267:pydantic__pydantic-4884,swe-agent,submitted (exit_context),32,95,0.3368421052631579,63
swe-agent:016268:pydantic__pydantic-4884,swe-agent,submitted (exit_context),40,99,0.40404040404040403,59
swe-agent:016269:pydantic__pydantic-4884,swe-agent,submitted (exit_context),48,51,0.9411764705882353,3
swe-agent:016270:pydantic__pydantic-4884,swe-agent,submitted (exit_context),40,105,0.38095238095238093,65
swe-agent:016275:pydantic__pydantic-610,swe-agent,submitted,38,85,0.4470588235294118,47
swe-agent:016278:pydantic__pydantic-610,swe-agent,submitted (exit_context),40,157,0.25477707006369427,117
swe-agent:016280:pydantic__pydantic-610,swe-agent,submitted,22,29,0.7586206896551724,7
swe-agent:016287:pydantic__pydantic-610,swe-agent,submitted,50,51,0.9803921568627451,1
swe-agent:016289:pydantic__pydantic-610,swe-agent,submitted (exit_context),50,133,0.37593984962406013,83
swe-agent:016295:pydicom__pydicom-997,swe-agent,submitted (exit_context),36,49,0.7346938775510204,13
swe-agent:016296:pydicom__pydicom-997,swe-agent,early_exit,88,119,0.7394957983193278,31
swe-agent:016297:pylint-dev__astroid-1616,swe-agent,submitted (exit_context),48,61,0.7868852459016393,13
swe-agent:016311:pypa__twine-419,swe-agent,submitted (exit_context),66,81,0.8148148148148148,15
swe-agent:016315:python-cmd2__cmd2-681,swe-agent,submitted (exit_context),14,77,0.18181818181818182,63
swe-agent:016320:python-cmd2__cmd2-681,swe-agent,submitted (exit_context),22,67,0.3283582089552239,45
swe-agent:016329:python-cmd2__cmd2-681,swe-agent,exit_context,40,51,0.7843137254901961,11
swe-agent:016375:reframe-hpc__reframe-2927,swe-agent,submitted (exit_context),48,51,0.9411764705882353,3
swe-agent:016376:reframe-hpc__reframe-2927,swe-agent,submitted (exit_context),30,51,0.5882352941176471,21
swe-agent:016378:reframe-hpc__reframe-2927,swe-agent,submitted (exit_context),80,135,0.5925925925925926,55
swe-agent:016379:reframe-hpc__reframe-2999,swe-agent,submitted (exit_context),84,101,0.8316831683168316,17
swe-agent:016380:reframe-hpc__reframe-2999,swe-agent,submitted (exit_context),50,121,0.4132231404958678,71
swe-agent:016387:reframe-hpc__reframe-2999,swe-agent,submitted (exit_context),42,77,0.5454545454545454,35
swe-agent:016413:rr-__docstring_parser-31,swe-agent,submitted (exit_context),48,81,0.5925925925925926,33
swe-agent:016415:rr-__docstring_parser-31,swe-agent,submitted (exit_context),48,145,0.3310344827586207,97
swe-agent:016432:sciunto-org__python-bibtexparser-316,swe-agent,submitted,10,43,0.23255813953488372,33
swe-agent:016433:sciunto-org__python-bibtexparser-316,swe-agent,submitted (exit_context),28,51,0.5490196078431373,23
swe-agent:016443:sensein__cmixf-4,swe-agent,submitted (exit_context),32,71,0.4507042253521127,39
swe-agent:016444:sensein__cmixf-4,swe-agent,submitted (exit_context),24,129,0.18604651162790697,105
swe-agent:016457:shaarli__python-shaarli-client-54,swe-agent,submitted (exit_context),58,179,0.3240223463687151,121
swe-agent:016458:snowflakedb__snowflake-connector-python-1465,swe-agent,submitted,38,41,0.926829268292683,3
swe-agent:016472:sphinx-gallery__sphinx-gallery-750,swe-agent,submitted (exit_context),32,45,0.7111111111111111,13
swe-agent:016548:tobymao__sqlglot-3077,swe-agent,submitted (exit_context),54,69,0.782608695652174,15
swe-agent:016552:tobymao__sqlglot-3077,swe-agent,submitted (exit_context),20,53,0.37735849056603776,33
swe-agent:016556:tobymao__sqlglot-3077,swe-agent,submitted (exit_context),54,73,0.7397260273972602,19
swe-agent:016559:tobymao__sqlglot-3077,swe-agent,submitted (exit_context),34,47,0.723404255319149,13
swe-agent:016563:tobymao__sqlglot-3077,swe-agent,submitted (exit_context),44,85,0.5176470588235295,41
swe-agent:016564:tobymao__sqlglot-3077,swe-agent,submitted (exit_context),32,65,0.49230769230769234,33
swe-agent:016565:tsroten__dragonmapper-21,swe-agent,submitted (exit_context),32,213,0.15023474178403756,181
swe-agent:016606:zopefoundation__Zope-1183,swe-agent,exit_context,12,27,0.4444444444444444,15
swe-agent:016616:Backblaze__B2_Command_Line_Tool-307,swe-agent,exit_context,20,51,0.39215686274509803,31
swe-agent:016619:Backblaze__B2_Command_Line_Tool-307,swe-agent,submitted (exit_context),48,61,0.7868852459016393,13
swe-agent:016689:SethMMorton__natsort-146,swe-agent,submitted,38,57,0.6666666666666666,19
swe-agent:016719:Textualize__textual-441,swe-agent,submitted (exit_context),44,123,0.35772357723577236,79
swe-agent:016720:Textualize__textual-441,swe-agent,submitted (exit_context),70,93,0.7526881720430108,23
swe-agent:016737:Textualize__textual-441,swe-agent,submitted (exit_context),28,65,0.4307692307692308,37
swe-agent:016738:Textualize__textual-441,swe-agent,submitted (exit_context),42,81,0.5185185185185185,39
swe-agent:016743:TheFriendlyCoder__pyjen-38,swe-agent,submitted (exit_context),32,57,0.5614035087719298,25
swe-agent:016756:TheFriendlyCoder__pyjen-38,swe-agent,submitted (exit_context),28,31,0.9032258064516129,3
swe-agent:016758:abs-tudelft__vhdeps-22,swe-agent,submitted (exit_context),24,41,0.5853658536585366,17
swe-agent:016761:abs-tudelft__vhdeps-22,swe-agent,submitted,28,43,0.6511627906976745,15
swe-agent:016771:abs-tudelft__vhdeps-22,swe-agent,submitted (exit_context),36,37,0.972972972972973,1
swe-agent:016774:abs-tudelft__vhdeps-22,swe-agent,submitted (exit_context),16,27,0.5925925925925926,11
swe-agent:016777:abs-tudelft__vhdeps-22,swe-agent,submitted (exit_context),26,41,0.6341463414634146,15
swe-agent:016778:abs-tudelft__vhdeps-22,swe-agent,exit_context,30,31,0.967741935483871,1
swe-agent:016782:abs-tudelft__vhdeps-22,swe-agent,submitted (exit_context),86,149,0.5771812080536913,63
swe-agent:016786:abs-tudelft__vhdeps-22,swe-agent,exit_context,16,37,0.43243243243243246,21
swe-agent:016787:abs-tudelft__vhdeps-22,swe-agent,exit_context,22,25,0.88,3
swe-agent:016788:abs-tudelft__vhdeps-22,swe-agent,exit_context,22,27,0.8148148148148148,5
swe-agent:016790:abs-tudelft__vhdeps-22,swe-agent,submitted (exit_context),52,59,0.8813559322033898,7
swe-agent:016791:abs-tudelft__vhdeps-22,swe-agent,exit_context,24,27,0.8888888888888888,3
swe-agent:016795:abs-tudelft__vhdeps-22,swe-agent,submitted (exit_context),20,69,0.2898550724637681,49
swe-agent:016796:abs-tudelft__vhdeps-22,swe-agent,exit_context,20,47,0.425531914893617,27
swe-agent:016800:abs-tudelft__vhdeps-22,swe-agent,exit_context,20,47,0.425531914893617,27
swe-agent:016825:asottile__pyupgrade-217,swe-agent,submitted,32,49,0.6530612244897959,17
swe-agent:016830:asottile__pyupgrade-217,swe-agent,submitted,48,61,0.7868852459016393,13
swe-agent:016885:barrust__pyspellchecker-101,swe-agent,submitted,42,63,0.6666666666666666,21
swe-agent:016932:cdent__gabbi-200,swe-agent,submitted,14,33,0.42424242424242425,19
swe-agent:016933:cdent__gabbi-200,swe-agent,submitted,42,59,0.711864406779661,17
swe-agent:016939:celery__py-amqp-357,swe-agent,submitted (exit_context),34,137,0.24817518248175183,103
swe-agent:016948:celery__py-amqp-357,swe-agent,submitted (exit_context),48,97,0.4948453608247423,49
swe-agent:017062:cta-observatory__pyirf-193,swe-agent,submitted,10,13,0.7692307692307693,3
swe-agent:017073:encode__starlette-699,swe-agent,submitted (exit_context),52,87,0.5977011494252874,35
swe-agent:017132:hhursev__recipe-scrapers-500,swe-agent,submitted,14,35,0.4,21
swe-agent:017133:hhursev__recipe-scrapers-500,swe-agent,submitted (exit_context),36,57,0.631578947368421,21
swe-agent:017146:hhursev__recipe-scrapers-500,swe-agent,submitted (exit_context),40,61,0.6557377049180327,21
swe-agent:017154:iterative__dvc-5818,swe-agent,early_exit,18,45,0.4,27
swe-agent:017156:iterative__dvc-5818,swe-agent,submitted (exit_context),34,195,0.17435897435897435,161
swe-agent:017157:iterative__dvc-5818,swe-agent,exit_context,14,265,0.052830188679245285,251
swe-agent:017159:iterative__dvc-5818,swe-agent,submitted (exit_context),38,147,0.2585034013605442,109
swe-agent:017162:iterative__dvc-5818,swe-agent,submitted,64,67,0.9552238805970149,3
swe-agent:017163:iterative__dvc-5818,swe-agent,early_exit,40,267,0.149812734082397,227
swe-agent:017165:iterative__dvc-5818,swe-agent,submitted (exit_context),40,183,0.2185792349726776,143
swe-agent:017167:iterative__dvc-5818,swe-agent,submitted,22,65,0.3384615384615385,43
swe-agent:017168:iterative__dvc-5818,swe-agent,submitted,40,75,0.5333333333333333,35
swe-agent:017179:iterative__dvc-9138,swe-agent,exit_context,76,81,0.9382716049382716,5
swe-agent:017187:jbradberry__universe-24,swe-agent,submitted,10,17,0.5882352941176471,7
swe-agent:017193:jbradberry__universe-24,swe-agent,submitted,24,25,0.96,1
swe-agent:017236:marcosschroh__dataclasses-avroschema-236,swe-agent,submitted (exit_context),36,79,0.45569620253164556,43
swe-agent:017247:marcosschroh__dataclasses-avroschema-236,swe-agent,submitted (exit_context),46,53,0.8679245283018868,7
swe-agent:017257:marcosschroh__dataclasses-avroschema-236,swe-agent,submitted,30,51,0.5882352941176471,21
swe-agent:017268:miyuchina__mistletoe-57,swe-agent,submitted,28,57,0.49122807017543857,29
swe-agent:017275:miyuchina__mistletoe-57,swe-agent,exit_context,24,49,0.4897959183673469,25
swe-agent:017285:miyuchina__mistletoe-57,swe-agent,submitted,46,71,0.647887323943662,25
swe-agent:017306:miyuchina__mistletoe-57,swe-agent,submitted (exit_context),32,169,0.1893491124260355,137
swe-agent:017307:miyuchina__mistletoe-57,swe-agent,submitted (exit_context),20,61,0.32786885245901637,41
swe-agent:017320:mjs__imapclient-277,swe-agent,exit_context,22,63,0.3492063492063492,41
swe-agent:017321:mjs__imapclient-277,swe-agent,exit_context,16,79,0.20253164556962025,63
swe-agent:017323:mjs__imapclient-277,swe-agent,exit_context,22,93,0.23655913978494625,71
swe-agent:017328:mjs__imapclient-277,swe-agent,exit_context,38,43,0.8837209302325582,5
swe-agent:017331:mjs__imapclient-277,swe-agent,exit_context,16,107,0.14953271028037382,91
swe-agent:017342:networkx__networkx-4066,swe-agent,submitted (exit_context),18,49,0.3673469387755102,31
swe-agent:017377:oasis-open__cti-python-stix2-354,swe-agent,exit_context,38,41,0.926829268292683,3
swe-agent:017389:oasis-open__cti-python-stix2-354,swe-agent,submitted (exit_context),24,47,0.5106382978723404,23
swe-agent:017391:oasis-open__cti-python-stix2-354,swe-agent,exit_context,16,129,0.12403100775193798,113
swe-agent:017395:oasis-open__cti-python-stix2-354,swe-agent,submitted (exit_context),36,51,0.7058823529411765,15
swe-agent:017396:oasis-open__cti-python-stix2-354,swe-agent,submitted (exit_context),30,37,0.8108108108108109,7
swe-agent:017397:oasis-open__cti-python-stix2-354,swe-agent,submitted (exit_context),36,43,0.8372093023255814,7
swe-agent:017403:oasis-open__cti-python-stix2-354,swe-agent,exit_context,60,61,0.9836065573770492,1
swe-agent:017424:oasis-open__cti-python-stix2-354,swe-agent,exit_context,14,75,0.18666666666666668,61
swe-agent:017433:phfaist__pylatexenc-4,swe-agent,submitted (exit_context),18,91,0.1978021978021978,73
swe-agent:017434:phfaist__pylatexenc-4,swe-agent,submitted (exit_context),22,85,0.25882352941176473,63
swe-agent:017436:phfaist__pylatexenc-4,swe-agent,submitted (exit_context),86,93,0.9247311827956989,7
swe-agent:017441:phfaist__pylatexenc-4,swe-agent,submitted (exit_context),14,95,0.14736842105263157,81
swe-agent:017442:phfaist__pylatexenc-4,swe-agent,submitted (exit_context),22,93,0.23655913978494625,71
swe-agent:017443:phfaist__pylatexenc-4,swe-agent,submitted (exit_context),14,89,0.15730337078651685,75
swe-agent:017444:phfaist__pylatexenc-4,swe-agent,submitted (exit_context),42,89,0.47191011235955055,47
swe-agent:017446:pvlib__pvlib-python-1478,swe-agent,submitted,32,45,0.7111111111111111,13
swe-agent:017447:pvlib__pvlib-python-1478,swe-agent,submitted (exit_context),24,99,0.24242424242424243,75
swe-agent:017451:pydantic__pydantic-2672,swe-agent,submitted,34,43,0.7906976744186046,9
swe-agent:017452:pydantic__pydantic-2672,swe-agent,submitted (exit_context),70,149,0.4697986577181208,79
swe-agent:017453:pydantic__pydantic-2672,swe-agent,submitted (exit_context),46,99,0.46464646464646464,53
swe-agent:017458:pydantic__pydantic-2672,swe-agent,submitted,24,51,0.47058823529411764,27
swe-agent:017464:pydantic__pydantic-3176,swe-agent,submitted (exit_context),62,103,0.6019417475728155,41
swe-agent:017466:pydantic__pydantic-3176,swe-agent,submitted (exit_context),36,51,0.7058823529411765,15
swe-agent:017468:pydantic__pydantic-3176,swe-agent,submitted (exit_context),32,57,0.5614035087719298,25
swe-agent:017469:pydantic__pydantic-3176,swe-agent,submitted,44,143,0.3076923076923077,99
swe-agent:017475:pydantic__pydantic-3176,swe-agent,submitted,44,57,0.7719298245614035,13
swe-agent:017477:pydantic__pydantic-3176,swe-agent,submitted (exit_context),46,93,0.4946236559139785,47
swe-agent:017478:pydantic__pydantic-3176,swe-agent,submitted (exit_context),44,59,0.7457627118644068,15
swe-agent:017523:pylint-dev__astroid-1262,swe-agent,submitted,24,45,0.5333333333333333,21
swe-agent:017525:pylint-dev__astroid-1262,swe-agent,submitted (exit_context),108,119,0.907563025210084,11
swe-agent:017530:pypa__wheel-250,swe-agent,submitted (exit_context),24,95,0.25263157894736843,71
swe-agent:017534:pypa__wheel-250,swe-agent,submitted (exit_context),38,83,0.4578313253012048,45
swe-agent:017558:pypa__wheel-250,swe-agent,submitted,10,29,0.3448275862068966,19
swe-agent:017603:scieloorg__xylose-158,swe-agent,exit_context,20,47,0.425531914893617,27
swe-agent:017605:scieloorg__xylose-158,swe-agent,early_exit,18,43,0.4186046511627907,25
swe-agent:017607:scieloorg__xylose-158,swe-agent,exit_context,38,47,0.8085106382978723,9
swe-agent:017609:scieloorg__xylose-158,swe-agent,submitted (exit_context),40,51,0.7843137254901961,11
swe-agent:017649:scitokens__scitokens-193,swe-agent,submitted,22,37,0.5945945945945946,15
swe-agent:017656:scrapy__scrapy-2065,swe-agent,exit_context,18,69,0.2608695652173913,51
swe-agent:017684:sendgrid__sendgrid-python-233,swe-agent,exit_context,20,29,0.6896551724137931,9
swe-agent:017698:sendgrid__sendgrid-python-233,swe-agent,submitted,14,63,0.2222222222222222,49
swe-agent:017709:sendgrid__sendgrid-python-233,swe-agent,submitted (exit_context),50,105,0.47619047619047616,55
swe-agent:017756:tobymao__sqlglot-2040,swe-agent,submitted,16,19,0.8421052631578947,3
swe-agent:017761:tobymao__sqlglot-2040,swe-agent,exit_context,16,31,0.5161290322580645,15
swe-agent:017764:tobymao__sqlglot-2040,swe-agent,submitted (exit_context),40,55,0.7272727272727273,15
swe-agent:017776:tobymao__sqlglot-2040,swe-agent,submitted,22,35,0.6285714285714286,13
swe-agent:017788:tobymao__sqlglot-2040,swe-agent,early_exit,58,61,0.9508196721311475,3
swe-agent:017796:tobymao__sqlglot-2040,swe-agent,submitted (exit_context),52,61,0.8524590163934426,9
swe-agent:017798:tobymao__sqlglot-2040,swe-agent,exit_context,14,59,0.23728813559322035,45
swe-agent:017804:tobymao__sqlglot-2040,swe-agent,exit_context,36,47,0.7659574468085106,11
swe-agent:017810:tobymao__sqlglot-2040,swe-agent,submitted (exit_context),34,55,0.6181818181818182,21
swe-agent:017812:tobymao__sqlglot-2040,swe-agent,exit_context,24,47,0.5106382978723404,23
swe-agent:017849:tobymao__sqlglot-3326,swe-agent,submitted (exit_context),24,243,0.09876543209876543,219
swe-agent:017857:tobymao__sqlglot-3326,swe-agent,submitted (exit_context),56,71,0.7887323943661971,15
swe-agent:017858:tobymao__sqlglot-3326,swe-agent,submitted (exit_context),58,61,0.9508196721311475,3
swe-agent:017859:tonioo__sievelib-97,swe-agent,exit_context,12,175,0.06857142857142857,163
swe-agent:017861:tonioo__sievelib-97,swe-agent,submitted (exit_context),48,75,0.64,27
swe-agent:017863:tonioo__sievelib-97,swe-agent,submitted (exit_context),38,79,0.4810126582278481,41
swe-agent:017867:warpnet__salt-lint-231,swe-agent,submitted,36,61,0.5901639344262295,25
swe-agent:017870:warpnet__salt-lint-231,swe-agent,submitted (exit_context),30,57,0.5263157894736842,27
swe-agent:017896:zalando-stups__senza-374,swe-agent,submitted (exit_context),42,161,0.2608695652173913,119
swe-agent:017917:zimeon__ocfl-py-60,swe-agent,submitted (exit_context),24,47,0.5106382978723404,23
swe-agent:017919:zimeon__ocfl-py-60,swe-agent,exit_context,30,45,0.6666666666666666,15
swe-agent:017929:zimeon__ocfl-py-60,swe-agent,submitted (exit_context),24,47,0.5106382978723404,23
swe-agent:017942:zimeon__ocfl-py-60,swe-agent,exit_context,22,29,0.7586206896551724,7
swe-agent:017946:zimeon__ocfl-py-60,swe-agent,exit_context,40,55,0.7272727272727273,15
swe-agent:017965:zimeon__ocfl-py-60,swe-agent,submitted (exit_context),32,91,0.3516483516483517,59
swe-agent:017975:CS-SI__eodag-586,swe-agent,submitted (exit_context),74,77,0.961038961038961,3
swe-agent:017991:Instagram__LibCST-356,swe-agent,submitted (exit_context),42,47,0.8936170212765957,5
swe-agent:018000:PlasmaPy__PlasmaPy-138,swe-agent,submitted (exit_context),44,49,0.8979591836734694,5
swe-agent:018002:PlasmaPy__PlasmaPy-138,swe-agent,early_exit,18,57,0.3157894736842105,39
swe-agent:018014:PlasmaPy__PlasmaPy-138,swe-agent,exit_context,18,45,0.4,27
swe-agent:018021:PlasmaPy__PlasmaPy-138,swe-agent,exit_context,20,49,0.40816326530612246,29
swe-agent:018031:PlasmaPy__PlasmaPy-138,swe-agent,submitted (exit_context),18,63,0.2857142857142857,45
swe-agent:018052:PyCQA__flake8-1543,swe-agent,exit_context,18,53,0.33962264150943394,35
swe-agent:018072:Roguelazer__muttdown-21,swe-agent,exit_context,40,89,0.449438202247191,49
swe-agent:018076:Roguelazer__muttdown-21,swe-agent,submitted (exit_context),30,91,0.32967032967032966,61
swe-agent:018086:TheFriendlyCoder__friendlypins-77,swe-agent,submitted (exit_context),8,91,0.08791208791208792,83
swe-agent:018088:TheFriendlyCoder__friendlypins-77,swe-agent,submitted,16,23,0.6956521739130435,7
swe-agent:018098:TheFriendlyCoder__friendlypins-77,swe-agent,submitted,12,19,0.631578947368421,7
swe-agent:018117:aesara-devs__aesara-465,swe-agent,submitted (exit_context),22,183,0.12021857923497267,161
swe-agent:018125:airspeed-velocity__asv-733,swe-agent,submitted (exit_context),20,65,0.3076923076923077,45
swe-agent:018127:airspeed-velocity__asv-733,swe-agent,exit_context,26,99,0.26262626262626265,73
swe-agent:018128:airspeed-velocity__asv-733,swe-agent,exit_context,22,75,0.29333333333333333,53
swe-agent:018129:airspeed-velocity__asv-733,swe-agent,exit_context,18,101,0.1782178217821782,83
swe-agent:018131:airspeed-velocity__asv-733,swe-agent,exit_context,18,93,0.1935483870967742,75
swe-agent:018132:airspeed-velocity__asv-733,swe-agent,submitted (exit_context),18,85,0.21176470588235294,67
swe-agent:018135:airspeed-velocity__asv-733,swe-agent,submitted (exit_context),30,61,0.4918032786885246,31
swe-agent:018136:airspeed-velocity__asv-733,swe-agent,exit_context,18,67,0.26865671641791045,49
swe-agent:018178:asottile__setup-cfg-fmt-132,swe-agent,submitted (exit_context),28,299,0.09364548494983277,271
swe-agent:018181:aws__aws-cli-7612,swe-agent,submitted (exit_context),52,53,0.9811320754716981,1
swe-agent:018185:aws__aws-cli-7612,swe-agent,submitted (exit_context),38,133,0.2857142857142857,95
swe-agent:018191:commitizen-tools__commitizen-497,swe-agent,submitted,20,35,0.5714285714285714,15
swe-agent:018202:commitizen-tools__commitizen-497,swe-agent,submitted,24,39,0.6153846153846154,15
swe-agent:018228:corteva__rioxarray-516,swe-agent,submitted (exit_context),54,59,0.9152542372881356,5
swe-agent:018235:corteva__rioxarray-516,swe-agent,submitted (exit_context),64,83,0.7710843373493976,19
swe-agent:018248:data61__blocklib-75,swe-agent,submitted,16,31,0.5161290322580645,15
swe-agent:018293:glotzerlab__signac-211,swe-agent,submitted,70,85,0.8235294117647058,15
swe-agent:018294:glotzerlab__signac-211,swe-agent,exit_context,14,367,0.03814713896457766,353
swe-agent:018301:html5lib__html5lib-python-259,swe-agent,submitted,14,45,0.3111111111111111,31
swe-agent:018303:html5lib__html5lib-python-259,swe-agent,submitted (exit_context),56,87,0.6436781609195402,31
swe-agent:018320:isi-vista__adam-166,swe-agent,submitted (exit_context),86,133,0.6466165413533834,47
swe-agent:018324:isi-vista__adam-166,swe-agent,submitted (exit_context),48,77,0.6233766233766234,29
swe-agent:018335:iterative__dvc-2319,swe-agent,submitted (exit_context),22,105,0.20952380952380953,83
swe-agent:018336:iterative__dvc-2319,swe-agent,submitted,16,35,0.45714285714285713,19
swe-agent:018338:iterative__dvc-2319,swe-agent,submitted,22,103,0.21359223300970873,81
swe-agent:018340:iterative__dvc-2319,swe-agent,submitted (exit_context),64,101,0.6336633663366337,37
swe-agent:018344:iterative__dvc-2319,swe-agent,submitted (exit_context),70,109,0.6422018348623854,39
swe-agent:018345:iterative__dvc-2319,swe-agent,submitted (exit_context),24,99,0.24242424242424243,75
swe-agent:018346:iterative__dvc-2319,swe-agent,submitted (exit_context),46,97,0.4742268041237113,51
swe-agent:018347:iterative__dvc-2319,swe-agent,submitted,26,41,0.6341463414634146,15
swe-agent:018350:iterative__dvc-3935,swe-agent,submitted (exit_context),76,107,0.7102803738317757,31
swe-agent:018352:iterative__dvc-3935,swe-agent,submitted,80,111,0.7207207207207207,31
swe-agent:018354:iterative__dvc-3935,swe-agent,submitted,90,109,0.8256880733944955,19
swe-agent:018355:iterative__dvc-3935,swe-agent,submitted,42,89,0.47191011235955055,47
swe-agent:018361:iterative__dvc-3935,swe-agent,submitted (exit_context),32,105,0.3047619047619048,73
swe-agent:018363:iterative__dvc-3935,swe-agent,submitted (exit_context),24,71,0.3380281690140845,47
swe-agent:018365:iterative__dvc-3935,swe-agent,submitted (exit_context),64,119,0.5378151260504201,55
swe-agent:018375:iterative__dvc-6649,swe-agent,submitted (exit_context),40,83,0.4819277108433735,43
swe-agent:018377:iterative__dvc-6649,swe-agent,submitted (exit_context),38,425,0.08941176470588236,387
swe-agent:018378:iterative__dvc-6649,swe-agent,submitted (exit_context),34,95,0.35789473684210527,61
swe-agent:018380:iterative__dvc-6649,swe-agent,early_exit,58,63,0.9206349206349206,5
swe-agent:018389:iterative__dvc-6649,swe-agent,submitted (exit_context),90,163,0.5521472392638037,73
swe-agent:018391:iterative__dvc-6649,swe-agent,submitted,38,53,0.7169811320754716,15
swe-agent:018395:iterative__dvc-6649,swe-agent,exit_context,36,123,0.2926829268292683,87
swe-agent:018400:iterative__dvc-6649,swe-agent,exit_context,28,127,0.2204724409448819,99
swe-agent:018407:iterative__dvc-6649,swe-agent,submitted (exit_context),44,97,0.4536082474226804,53
swe-agent:018408:iterative__dvc-6649,swe-agent,submitted (exit_context),24,89,0.2696629213483146,65
swe-agent:018416:iterative__dvc-6649,swe-agent,exit_context,26,67,0.3880597014925373,41
swe-agent:018418:iterative__dvc-6649,swe-agent,early_exit,20,27,0.7407407407407407,7
swe-agent:018421:iterative__dvc-6649,swe-agent,submitted (exit_context),26,27,0.9629629629629629,1
swe-agent:018423:iterative__dvc-6649,swe-agent,submitted (exit_context),18,87,0.20689655172413793,69
swe-agent:018427:iterative__dvc-6649,swe-agent,exit_context,22,97,0.2268041237113402,75
swe-agent:018428:iterative__dvc-6649,swe-agent,exit_context,18,63,0.2857142857142857,45
swe-agent:018433:iterative__dvc-7234,swe-agent,submitted (exit_context),36,83,0.43373493975903615,47
swe-agent:018438:iterative__dvc-7234,swe-agent,submitted (exit_context),30,93,0.3225806451612903,63
swe-agent:018443:iterative__dvc-7234,swe-agent,submitted (exit_context),38,101,0.37623762376237624,63
swe-agent:018464:iterative__dvc-7234,swe-agent,submitted,26,35,0.7428571428571429,9
swe-agent:018478:iterative__dvc-7598,swe-agent,early_exit,20,35,0.5714285714285714,15
swe-agent:018486:iterative__dvc-7598,swe-agent,submitted (exit_context),16,109,0.14678899082568808,93
swe-agent:018489:iterative__dvc-7598,swe-agent,submitted (exit_context),32,107,0.29906542056074764,75
swe-agent:018505:iterative__dvc-7603,swe-agent,submitted (exit_context),48,55,0.8727272727272727,7
swe-agent:018509:iterative__dvc-7603,swe-agent,submitted,54,57,0.9473684210526315,3
swe-agent:018511:iterative__dvc-8251,swe-agent,submitted (exit_context),34,55,0.6181818181818182,21
swe-agent:018514:iterative__dvc-8251,swe-agent,submitted,44,53,0.8301886792452831,9
swe-agent:018520:iterative__dvc-8251,swe-agent,submitted (exit_context),36,51,0.7058823529411765,15
swe-agent:018532:iterative__dvc-8251,swe-agent,submitted (exit_context),40,87,0.45977011494252873,47
swe-agent:018537:iterative__dvc-8251,swe-agent,submitted,66,91,0.7252747252747253,25
swe-agent:018543:iterative__dvc-8251,swe-agent,submitted,20,35,0.5714285714285714,15
swe-agent:018548:iterative__dvc-8251,swe-agent,exit_context,14,43,0.32558139534883723,29
swe-agent:018550:iterative__dvc-8251,swe-agent,exit_context,44,107,0.411214953271028,63
swe-agent:018557:iterative__dvc-8251,swe-agent,exit_context,26,55,0.4727272727272727,29
swe-agent:018569:iterative__dvc-8251,swe-agent,exit_context,22,45,0.4888888888888889,23
swe-agent:018579:iterative__dvc-9391,swe-agent,exit_context,62,97,0.6391752577319587,35
swe-agent:018583:iterative__dvc-9391,swe-agent,exit_context,22,53,0.41509433962264153,31
swe-agent:018585:iterative__dvc-9391,swe-agent,exit_context,32,81,0.3950617283950617,49
swe-agent:018586:iterative__dvc-9391,swe-agent,exit_context,36,69,0.5217391304347826,33
swe-agent:018587:iterative__dvc-9391,swe-agent,exit_context,54,77,0.7012987012987013,23
swe-agent:018588:iterative__dvc-9391,swe-agent,exit_context,42,67,0.6268656716417911,25
swe-agent:018590:iterative__dvc-9391,swe-agent,exit_context,32,67,0.47761194029850745,35
swe-agent:018600:jjhelmus__nmrglue-216,swe-agent,submitted (exit_context),56,101,0.5544554455445545,45
swe-agent:018624:jjhelmus__nmrglue-216,swe-agent,submitted,28,47,0.5957446808510638,19
swe-agent:018631:jmcnamara__XlsxWriter-396,swe-agent,exit_context,16,57,0.2807017543859649,41
swe-agent:018633:jmcnamara__XlsxWriter-396,swe-agent,submitted (exit_context),16,65,0.24615384615384617,49
swe-agent:018635:jmcnamara__XlsxWriter-396,swe-agent,exit_context,20,65,0.3076923076923077,45
swe-agent:018718:koxudaxi__datamodel-code-generator-1248,swe-agent,submitted (exit_context),28,117,0.23931623931623933,89
swe-agent:018733:koxudaxi__datamodel-code-generator-1248,swe-agent,exit_context,58,93,0.6236559139784946,35
swe-agent:018748:linkml__linkml-1226,swe-agent,submitted (exit_context),48,71,0.676056338028169,23
swe-agent:018751:linkml__linkml-1226,swe-agent,submitted (exit_context),34,271,0.12546125461254612,237
swe-agent:018752:linkml__linkml-1226,swe-agent,submitted,26,39,0.6666666666666666,13
swe-agent:018756:matchms__matchms-212,swe-agent,submitted,30,37,0.8108108108108109,7
swe-agent:018768:matchms__matchms-212,swe-agent,submitted,10,17,0.5882352941176471,7
swe-agent:018786:matchms__matchms-212,swe-agent,submitted,30,61,0.4918032786885246,31
swe-agent:018788:matchms__matchms-212,swe-agent,submitted,30,49,0.6122448979591837,19
swe-agent:018797:matthewwithanm__python-markdownify-118,swe-agent,submitted (exit_context),26,41,0.6341463414634146,15
swe-agent:018838:microsoft__electionguard-python-189,swe-agent,submitted,24,55,0.43636363636363634,31
swe-agent:018846:microsoft__electionguard-python-189,swe-agent,submitted (exit_context),26,63,0.4126984126984127,37
swe-agent:018876:mixkorshun__django-antispam-6,swe-agent,submitted,8,23,0.34782608695652173,15
swe-agent:018895:nipy__nipype-3278,swe-agent,submitted (exit_context),74,87,0.8505747126436781,13
swe-agent:018899:nipy__nipype-3278,swe-agent,submitted,42,113,0.37168141592920356,71
swe-agent:018902:nipy__nipype-3278,swe-agent,exit_context,24,507,0.047337278106508875,483
swe-agent:018906:nipy__nipype-3278,swe-agent,exit_context,24,37,0.6486486486486487,13
swe-agent:018919:oasis-open__cti-stix-validator-55,swe-agent,submitted,16,51,0.3137254901960784,35
swe-agent:018923:oasis-open__cti-stix-validator-55,swe-agent,exit_context,8,79,0.10126582278481013,71
swe-agent:018940:pydantic__pydantic-2056,swe-agent,submitted,18,67,0.26865671641791045,49
swe-agent:018961:pydantic__pydantic-2056,swe-agent,submitted,48,57,0.8421052631578947,9
swe-agent:018962:pydantic__pydantic-2056,swe-agent,submitted (exit_context),40,69,0.5797101449275363,29
swe-agent:018979:pydantic__pydantic-2811,swe-agent,submitted,30,67,0.44776119402985076,37
swe-agent:018980:pydantic__pydantic-2811,swe-agent,submitted (exit_context),34,83,0.40963855421686746,49
swe-agent:018983:pydantic__pydantic-2811,swe-agent,submitted (exit_context),20,135,0.14814814814814814,115
swe-agent:018984:pydantic__pydantic-2811,swe-agent,submitted,42,59,0.711864406779661,17
swe-agent:018985:pydantic__pydantic-2811,swe-agent,submitted (exit_context),38,103,0.36893203883495146,65
swe-agent:018987:pydantic__pydantic-2811,swe-agent,submitted (exit_context),52,77,0.6753246753246753,25
swe-agent:018988:pydantic__pydantic-4187,swe-agent,submitted (exit_context),32,95,0.3368421052631579,63
swe-agent:018989:pydantic__pydantic-4187,swe-agent,submitted (exit_context),38,97,0.3917525773195876,59
swe-agent:018993:pydantic__pydantic-4187,swe-agent,submitted (exit_context),34,107,0.3177570093457944,73
swe-agent:018994:pydantic__pydantic-4187,swe-agent,submitted (exit_context),36,101,0.3564356435643564,65
swe-agent:018998:pydantic__pydantic-4187,swe-agent,submitted (exit_context),32,63,0.5079365079365079,31
swe-agent:018999:pydantic__pydantic-4187,swe-agent,submitted (exit_context),56,97,0.5773195876288659,41
swe-agent:019000:pydantic__pydantic-4187,swe-agent,submitted (exit_context),30,93,0.3225806451612903,63
swe-agent:019006:pydantic__pydantic-4187,swe-agent,submitted,38,63,0.6031746031746031,25
swe-agent:019009:pydantic__pydantic-4187,swe-agent,submitted (exit_context),36,101,0.3564356435643564,65
swe-agent:019013:pydantic__pydantic-4187,swe-agent,submitted,42,51,0.8235294117647058,9
swe-agent:019021:pydantic__pydantic-4187,swe-agent,submitted (exit_context),78,93,0.8387096774193549,15
swe-agent:019022:pydantic__pydantic-4187,swe-agent,submitted (exit_context),34,109,0.3119266055045872,75
swe-agent:019023:pydantic__pydantic-4187,swe-agent,submitted (exit_context),28,81,0.345679012345679,53
swe-agent:019024:pydantic__pydantic-4187,swe-agent,submitted (exit_context),36,109,0.3302752293577982,73
swe-agent:019025:pydantic__pydantic-4187,swe-agent,submitted (exit_context),64,87,0.735632183908046,23
swe-agent:019027:pydantic__pydantic-4187,swe-agent,submitted (exit_context),54,71,0.7605633802816901,17
swe-agent:019029:pydantic__pydantic-4187,swe-agent,submitted (exit_context),42,89,0.47191011235955055,47
swe-agent:019031:pydantic__pydantic-4187,swe-agent,submitted (exit_context),24,73,0.3287671232876712,49
swe-agent:019033:pydantic__pydantic-4187,swe-agent,submitted (exit_context),36,107,0.3364485981308411,71
swe-agent:019034:pydantic__pydantic-4406,swe-agent,submitted,40,79,0.5063291139240507,39
swe-agent:019039:pydantic__pydantic-4406,swe-agent,submitted (exit_context),52,73,0.7123287671232876,21
swe-agent:019040:pydantic__pydantic-4406,swe-agent,submitted (exit_context),20,67,0.29850746268656714,47
swe-agent:019042:pydantic__pydantic-4406,swe-agent,submitted (exit_context),34,51,0.6666666666666666,17
swe-agent:019043:pydantic__pydantic-4406,swe-agent,submitted (exit_context),70,85,0.8235294117647058,15
swe-agent:019044:pydantic__pydantic-4406,swe-agent,submitted (exit_context),24,97,0.24742268041237114,73
swe-agent:019045:pydantic__pydantic-4406,swe-agent,submitted (exit_context),32,75,0.4266666666666667,43
swe-agent:019051:pydantic__pydantic-4406,swe-agent,submitted (exit_context),24,53,0.4528301886792453,29
swe-agent:019053:pydantic__pydantic-4406,swe-agent,submitted,40,55,0.7272727272727273,15
swe-agent:019054:pydantic__pydantic-4406,swe-agent,submitted (exit_context),20,85,0.23529411764705882,65
swe-agent:019057:pydantic__pydantic-4406,swe-agent,submitted (exit_context),40,53,0.7547169811320755,13
swe-agent:019058:pydantic__pydantic-4406,swe-agent,submitted (exit_context),22,51,0.43137254901960786,29
swe-agent:019059:pydantic__pydantic-4406,swe-agent,submitted (exit_context),26,77,0.33766233766233766,51
swe-agent:019060:pydantic__pydantic-4406,swe-agent,submitted (exit_context),18,49,0.3673469387755102,31
swe-agent:019064:pydantic__pydantic-4406,swe-agent,submitted (exit_context),32,51,0.6274509803921569,19
swe-agent:019065:pydantic__pydantic-4406,swe-agent,submitted (exit_context),58,111,0.5225225225225225,53
swe-agent:019068:pydantic__pydantic-4406,swe-agent,submitted (exit_context),30,139,0.2158273381294964,109
swe-agent:019069:pydantic__pydantic-4406,swe-agent,submitted (exit_context),46,67,0.6865671641791045,21
swe-agent:019072:pydantic__pydantic-4406,swe-agent,submitted (exit_context),82,85,0.9647058823529412,3
swe-agent:019078:pydantic__pydantic-4406,swe-agent,submitted (exit_context),36,65,0.5538461538461539,29
swe-agent:019092:pydantic__pydantic-4471,swe-agent,exit_context,46,71,0.647887323943662,25
swe-agent:019096:pydantic__pydantic-4471,swe-agent,submitted (exit_context),78,139,0.5611510791366906,61
swe-agent:019097:pydantic__pydantic-4471,swe-agent,submitted (exit_context),60,71,0.8450704225352113,11
swe-agent:019101:pydantic__pydantic-4471,swe-agent,submitted (exit_context),32,37,0.8648648648648649,5
swe-agent:019106:pydantic__pydantic-4471,swe-agent,submitted (exit_context),66,67,0.9850746268656716,1
swe-agent:019110:pydantic__pydantic-4471,swe-agent,submitted (exit_context),74,121,0.6115702479338843,47
swe-agent:019116:pydantic__pydantic-4471,swe-agent,submitted (exit_context),32,81,0.3950617283950617,49
swe-agent:019124:pydantic__pydantic-4471,swe-agent,submitted (exit_context),66,95,0.6947368421052632,29
swe-agent:019126:pydantic__pydantic-4471,swe-agent,submitted,24,61,0.39344262295081966,37
swe-agent:019139:pydata__pydata-google-auth-31,swe-agent,submitted (exit_context),20,77,0.2597402597402597,57
swe-agent:019142:pydata__pydata-google-auth-31,swe-agent,submitted,12,29,0.41379310344827586,17
swe-agent:019164:pylint-dev__astroid-1614,swe-agent,submitted,24,35,0.6857142857142857,11
swe-agent:019201:r1chardj0n3s__parse-81,swe-agent,submitted (exit_context),24,45,0.5333333333333333,21
swe-agent:019202:r1chardj0n3s__parse-81,swe-agent,submitted (exit_context),34,105,0.3238095238095238,71
swe-agent:019203:r1chardj0n3s__parse-81,swe-agent,submitted (exit_context),36,49,0.7346938775510204,13
swe-agent:019205:r1chardj0n3s__parse-81,swe-agent,submitted (exit_context),26,69,0.37681159420289856,43
swe-agent:019209:r1chardj0n3s__parse-81,swe-agent,submitted (exit_context),46,61,0.7540983606557377,15
swe-agent:019211:r1chardj0n3s__parse-81,swe-agent,submitted (exit_context),22,87,0.25287356321839083,65
swe-agent:019212:r1chardj0n3s__parse-81,swe-agent,submitted (exit_context),38,101,0.37623762376237624,63
swe-agent:019213:readthedocs__sphinx-hoverxref-195,swe-agent,exit_context,62,87,0.7126436781609196,25
swe-agent:019217:readthedocs__sphinx-hoverxref-195,swe-agent,submitted,20,31,0.6451612903225806,11
swe-agent:019238:scikit-hep__scikit-hep-333,swe-agent,submitted (exit_context),36,53,0.6792452830188679,17
swe-agent:019260:scikit-hep__scikit-hep-333,swe-agent,submitted (exit_context),34,129,0.26356589147286824,95
swe-agent:019277:scrapy__scrapy-5118,swe-agent,submitted,12,19,0.631578947368421,7
swe-agent:019299:scrapy__scrapy-5118,swe-agent,submitted (exit_context),28,99,0.2828282828282828,71
swe-agent:019319:spdx__tools-python-460,swe-agent,submitted (exit_context),64,251,0.2549800796812749,187
swe-agent:019324:sqlfluff__sqlfluff-1517,swe-agent,submitted (exit_context),42,85,0.49411764705882355,43
swe-agent:019325:sqlfluff__sqlfluff-1517,swe-agent,submitted (exit_context),48,63,0.7619047619047619,15
swe-agent:019327:sqlfluff__sqlfluff-1517,swe-agent,submitted (exit_context),22,77,0.2857142857142857,55
swe-agent:019331:sqlfluff__sqlfluff-891,swe-agent,submitted (exit_context),24,61,0.39344262295081966,37
swe-agent:019345:willnx__iiqtools-27,swe-agent,exit_context,22,59,0.3728813559322034,37
swe-agent:019348:willnx__iiqtools-27,swe-agent,exit_context,26,67,0.3880597014925373,41
swe-agent:019351:willnx__iiqtools-27,swe-agent,submitted,16,37,0.43243243243243246,21
swe-agent:019352:willnx__iiqtools-27,swe-agent,exit_context,14,99,0.1414141414141414,85
swe-agent:019354:willnx__iiqtools-27,swe-agent,submitted_no_patch,16,19,0.8421052631578947,3
swe-agent:019356:willnx__iiqtools-27,swe-agent,submitted (exit_context),50,391,0.1278772378516624,341
swe-agent:019359:wookayin__gpustat-28,swe-agent,exit_context,20,53,0.37735849056603776,33
swe-agent:019365:wookayin__gpustat-28,swe-agent,submitted (exit_context),20,47,0.425531914893617,27
swe-agent:019371:wookayin__gpustat-28,swe-agent,submitted (exit_context),22,79,0.27848101265822783,57
swe-agent:019377:wookayin__gpustat-28,swe-agent,early_exit,14,43,0.32558139534883723,29
swe-agent:019382:wookayin__gpustat-28,swe-agent,submitted (exit_context),18,507,0.03550295857988166,489
swe-agent:019384:wookayin__gpustat-28,swe-agent,exit_context,40,81,0.49382716049382713,41
swe-agent:019385:wookayin__gpustat-28,swe-agent,submitted (exit_context),38,57,0.6666666666666666,19
swe-agent:019387:wookayin__gpustat-28,swe-agent,submitted (exit_context),20,61,0.32786885245901637,41
swe-agent:019394:wookayin__gpustat-28,swe-agent,submitted,26,35,0.7428571428571429,9
swe-agent:019402:wookayin__gpustat-28,swe-agent,submitted (exit_context),22,405,0.05432098765432099,383
swe-agent:019413:wookayin__gpustat-28,swe-agent,submitted (exit_context),22,115,0.19130434782608696,93
swe-agent:019417:wookayin__gpustat-28,swe-agent,submitted (exit_context),34,71,0.4788732394366197,37
swe-agent:019445:Parallel-in-Time__pySDC-235,swe-agent,submitted (exit_context),30,45,0.6666666666666666,15
swe-agent:019453:Parallel-in-Time__pySDC-235,swe-agent,submitted (exit_context),24,41,0.5853658536585366,17
swe-agent:019467:RemDelaporteMathurin__h-transport-materials-118,swe-agent,submitted (exit_context),42,57,0.7368421052631579,15
swe-agent:019487:ShailChoksi__text2digits-32,swe-agent,submitted (exit_context),20,47,0.425531914893617,27
swe-agent:019491:ShailChoksi__text2digits-32,swe-agent,submitted (exit_context),38,61,0.6229508196721312,23
swe-agent:019494:ShailChoksi__text2digits-32,swe-agent,submitted (exit_context),18,51,0.35294117647058826,33
swe-agent:019496:ShailChoksi__text2digits-32,swe-agent,submitted (exit_context),22,47,0.46808510638297873,25
swe-agent:019505:agronholm__anyio-227,swe-agent,exit_context,28,47,0.5957446808510638,19
swe-agent:019508:airspeed-velocity__asv-680,swe-agent,submitted (exit_context),44,81,0.5432098765432098,37
swe-agent:019510:airspeed-velocity__asv-680,swe-agent,submitted (exit_context),12,203,0.059113300492610835,191
swe-agent:019516:airspeed-velocity__asv-680,swe-agent,exit_context,28,63,0.4444444444444444,35
swe-agent:019517:airspeed-velocity__asv-680,swe-agent,submitted (exit_context),22,75,0.29333333333333333,53
swe-agent:019520:airspeed-velocity__asv-680,swe-agent,early_exit,12,95,0.12631578947368421,83
swe-agent:019533:alvinwan__TexSoup-141,swe-agent,submitted (exit_context),38,75,0.5066666666666667,37
swe-agent:019534:alvinwan__TexSoup-141,swe-agent,submitted (exit_context),80,87,0.9195402298850575,7
swe-agent:019542:app-sre__sretoolbox-53,swe-agent,submitted (exit_context),16,65,0.24615384615384617,49
swe-agent:019550:app-sre__sretoolbox-53,swe-agent,exit_context,18,41,0.43902439024390244,23
swe-agent:019552:app-sre__sretoolbox-53,swe-agent,submitted (exit_context),24,91,0.26373626373626374,67
swe-agent:019560:asottile__add-trailing-comma-8,swe-agent,submitted (exit_context),36,63,0.5714285714285714,27
swe-agent:019567:auth0__auth0-python-537,swe-agent,submitted (exit_context),60,75,0.8,15
swe-agent:019568:auth0__auth0-python-537,swe-agent,exit_context,10,67,0.14925373134328357,57
swe-agent:019569:auth0__auth0-python-537,swe-agent,submitted (exit_context),14,71,0.19718309859154928,57
swe-agent:019581:auth0__auth0-python-537,swe-agent,submitted (exit_context),52,91,0.5714285714285714,39
swe-agent:019596:cityofaustin__knackpy-110,swe-agent,submitted (exit_context),46,77,0.5974025974025974,31
swe-agent:019601:cityofaustin__knackpy-110,swe-agent,submitted (exit_context),60,69,0.8695652173913043,9
swe-agent:019609:couler-proj__couler-89,swe-agent,submitted (exit_context),30,43,0.6976744186046512,13
swe-agent:019634:couler-proj__couler-89,swe-agent,submitted (exit_context),22,77,0.2857142857142857,55
swe-agent:019641:couler-proj__couler-89,swe-agent,submitted (exit_context),68,75,0.9066666666666666,7
swe-agent:019652:couler-proj__couler-89,swe-agent,submitted (exit_context),58,77,0.7532467532467533,19
swe-agent:019658:eigenfoo__littlemcmc-63,swe-agent,submitted (exit_context),72,91,0.7912087912087912,19
swe-agent:019661:eigenfoo__littlemcmc-63,swe-agent,submitted (exit_context),30,115,0.2608695652173913,85
swe-agent:019670:fairlearn__fairlearn-968,swe-agent,submitted,10,27,0.37037037037037035,17
swe-agent:019676:fairlearn__fairlearn-968,swe-agent,exit_context,22,53,0.41509433962264153,31
swe-agent:019690:fatiando__pooch-180,swe-agent,exit_context,38,265,0.14339622641509434,227
swe-agent:019703:fatiando__pooch-180,swe-agent,exit_context,62,89,0.6966292134831461,27
swe-agent:019712:fatiando__pooch-180,swe-agent,submitted,24,29,0.8275862068965517,5
swe-agent:019723:geopandas__geopandas-2641,swe-agent,submitted (exit_context),78,109,0.7155963302752294,31
swe-agent:019727:googlefonts__glyphsLib-849,swe-agent,exit_context,18,75,0.24,57
swe-agent:019735:hylang__hy-2522,swe-agent,submitted (exit_context),10,213,0.046948356807511735,203
swe-agent:019750:hynek__structlog-594,swe-agent,submitted (exit_context),46,153,0.3006535947712418,107
swe-agent:019762:hynek__structlog-594,swe-agent,submitted,16,43,0.37209302325581395,27
swe-agent:019768:hynek__structlog-594,swe-agent,submitted,40,53,0.7547169811320755,13
swe-agent:019777:hynek__structlog-594,swe-agent,exit_context,46,69,0.6666666666666666,23
swe-agent:019795:hynek__structlog-594,swe-agent,submitted,44,53,0.8301886792452831,9
swe-agent:019800:ilevkivskyi__com2ann-35,swe-agent,submitted,16,63,0.25396825396825395,47
swe-agent:019817:iterative__dvc-2798,swe-agent,early_exit,50,57,0.8771929824561403,7
swe-agent:019819:iterative__dvc-2798,swe-agent,submitted (exit_context),12,125,0.096,113
swe-agent:019822:iterative__dvc-2798,swe-agent,submitted (exit_context),74,79,0.9367088607594937,5
swe-agent:019824:iterative__dvc-2798,swe-agent,submitted (exit_context),62,103,0.6019417475728155,41
swe-agent:019841:iterative__dvc-3025,swe-agent,submitted (exit_context),68,169,0.40236686390532544,101
swe-agent:019847:iterative__dvc-3025,swe-agent,early_exit,36,39,0.9230769230769231,3
swe-agent:019852:iterative__dvc-5484,swe-agent,submitted,50,61,0.819672131147541,11
swe-agent:019856:iterative__dvc-5484,swe-agent,early_exit,56,91,0.6153846153846154,35
swe-agent:019861:iterative__dvc-5484,swe-agent,early_exit,32,49,0.6530612244897959,17
swe-agent:019862:iterative__dvc-5484,swe-agent,early_exit,26,203,0.12807881773399016,177
swe-agent:019870:iterative__dvc-7432,swe-agent,submitted (exit_context),128,133,0.9624060150375939,5
swe-agent:019872:iterative__dvc-7432,swe-agent,submitted (exit_context),40,81,0.49382716049382713,41
swe-agent:019873:iterative__dvc-7432,swe-agent,early_exit,44,209,0.21052631578947367,165
swe-agent:019875:iterative__dvc-7432,swe-agent,submitted,16,29,0.5517241379310345,13
swe-agent:019886:kidosoft__Morelia-125,swe-agent,exit_context,38,61,0.6229508196721312,23
swe-agent:019888:kidosoft__Morelia-125,swe-agent,exit_context,20,49,0.40816326530612246,29
swe-agent:019889:kidosoft__Morelia-125,swe-agent,submitted (exit_context),82,109,0.7522935779816514,27
swe-agent:019913:lebrice__SimpleParsing-99,swe-agent,submitted (exit_context),30,49,0.6122448979591837,19
swe-agent:019915:lifeomic__phc-sdk-py-69,swe-agent,submitted (exit_context),90,93,0.967741935483871,3
swe-agent:019921:manicmaniac__sqlalchemy-repr-7,swe-agent,submitted (exit_context),32,341,0.093841642228739,309
swe-agent:019926:mjs__imapclient-244,swe-agent,submitted (exit_context),22,89,0.24719101123595505,67
swe-agent:019927:mjs__imapclient-244,swe-agent,submitted (exit_context),28,99,0.2828282828282828,71
swe-agent:019928:mjs__imapclient-244,swe-agent,submitted (exit_context),28,101,0.27722772277227725,73
swe-agent:019929:mjs__imapclient-244,swe-agent,submitted (exit_context),22,97,0.2268041237113402,75
swe-agent:019930:mjs__imapclient-244,swe-agent,submitted (exit_context),26,105,0.24761904761904763,79
swe-agent:019931:mjs__imapclient-244,swe-agent,submitted (exit_context),28,93,0.3010752688172043,65
swe-agent:019932:mjs__imapclient-244,swe-agent,submitted (exit_context),30,113,0.26548672566371684,83
swe-agent:019933:mjs__imapclient-244,swe-agent,submitted (exit_context),110,127,0.8661417322834646,17
swe-agent:019934:mjs__imapclient-244,swe-agent,submitted (exit_context),44,125,0.352,81
swe-agent:019935:mjs__imapclient-244,swe-agent,submitted (exit_context),28,97,0.28865979381443296,69
swe-agent:019936:mjs__imapclient-244,swe-agent,submitted (exit_context),26,101,0.25742574257425743,75
swe-agent:019937:mjs__imapclient-244,swe-agent,submitted (exit_context),16,87,0.1839080459770115,71
swe-agent:019938:mjs__imapclient-244,swe-agent,submitted (exit_context),36,107,0.3364485981308411,71
swe-agent:019939:mjs__imapclient-244,swe-agent,submitted (exit_context),28,127,0.2204724409448819,99
swe-agent:019940:mjs__imapclient-244,swe-agent,submitted (exit_context),24,87,0.27586206896551724,63
swe-agent:019941:mjs__imapclient-244,swe-agent,submitted (exit_context),34,111,0.3063063063063063,77
swe-agent:019955:networkx__networkx-5894,swe-agent,submitted (exit_context),48,75,0.64,27
swe-agent:019960:nipy__heudiconv-342,swe-agent,exit_context,20,43,0.46511627906976744,23
swe-agent:019963:nipy__heudiconv-342,swe-agent,exit_context,22,67,0.3283582089552239,45
swe-agent:019964:nipy__heudiconv-342,swe-agent,exit_context,32,63,0.5079365079365079,31
swe-agent:019965:nipy__heudiconv-342,swe-agent,exit_context,24,79,0.3037974683544304,55
swe-agent:019969:omni-us__jsonargparse-397,swe-agent,submitted (exit_context),42,59,0.711864406779661,17
swe-agent:019971:omni-us__jsonargparse-397,swe-agent,submitted (exit_context),54,159,0.33962264150943394,105
swe-agent:020003:pvlib__pvlib-python-1157,swe-agent,submitted (exit_context),58,77,0.7532467532467533,19
swe-agent:020006:pydantic__pydantic-2143,swe-agent,submitted,40,43,0.9302325581395349,3
swe-agent:020007:pydantic__pydantic-2143,swe-agent,submitted (exit_context),58,65,0.8923076923076924,7
swe-agent:020018:pydantic__pydantic-2143,swe-agent,submitted (exit_context),14,49,0.2857142857142857,35
swe-agent:020023:pydantic__pydantic-2321,swe-agent,submitted (exit_context),30,85,0.35294117647058826,55
swe-agent:020030:pydantic__pydantic-2321,swe-agent,submitted,46,49,0.9387755102040817,3
swe-agent:020036:pydantic__pydantic-2321,swe-agent,submitted (exit_context),24,71,0.3380281690140845,47
swe-agent:020041:pypa__wheel-489,swe-agent,submitted (exit_context),60,83,0.7228915662650602,23
swe-agent:020044:pypa__wheel-489,swe-agent,submitted (exit_context),52,71,0.7323943661971831,19
swe-agent:020057:python-metar__python-metar-152,swe-agent,exit_context,18,67,0.26865671641791045,49
swe-agent:020058:python-metar__python-metar-152,swe-agent,exit_context,12,71,0.16901408450704225,59
swe-agent:020061:python-metar__python-metar-152,swe-agent,submitted (exit_context),20,47,0.425531914893617,27
swe-agent:020067:python-metar__python-metar-152,swe-agent,submitted (exit_context),28,79,0.35443037974683544,51
swe-agent:020068:python-metar__python-metar-152,swe-agent,exit_context,18,53,0.33962264150943394,35
swe-agent:020079:python-metar__python-metar-152,swe-agent,exit_context,12,65,0.18461538461538463,53
swe-agent:020081:python-metar__python-metar-152,swe-agent,submitted,16,111,0.14414414414414414,95
swe-agent:020082:python-metar__python-metar-152,swe-agent,exit_context,12,67,0.1791044776119403,55
swe-agent:020085:python-metar__python-metar-152,swe-agent,submitted (exit_context),10,63,0.15873015873015872,53
swe-agent:020088:python-metar__python-metar-152,swe-agent,submitted (exit_context),30,71,0.4225352112676056,41
swe-agent:020135:sqlfluff__sqlfluff-880,swe-agent,submitted (exit_context),24,59,0.4067796610169492,35
swe-agent:020147:sqlfluff__sqlfluff-880,swe-agent,submitted,32,65,0.49230769230769234,33
swe-agent:020151:tern-tools__tern-764,swe-agent,submitted (exit_context),40,77,0.5194805194805194,37
swe-agent:020159:tern-tools__tern-764,swe-agent,submitted (exit_context),46,75,0.6133333333333333,29
swe-agent:020162:tern-tools__tern-764,swe-agent,submitted (exit_context),58,77,0.7532467532467533,19
swe-agent:020172:tern-tools__tern-764,swe-agent,exit_context,30,69,0.43478260869565216,39
swe-agent:020187:tern-tools__tern-764,swe-agent,exit_context,18,61,0.29508196721311475,43
swe-agent:020193:tern-tools__tern-764,swe-agent,exit_context,30,43,0.6976744186046512,13
swe-agent:020195:tern-tools__tern-764,swe-agent,submitted (exit_context),60,67,0.8955223880597015,7
swe-agent:020200:tern-tools__tern-764,swe-agent,submitted (exit_context),44,51,0.8627450980392157,7
swe-agent:020207:tern-tools__tern-764,swe-agent,exit_context,22,33,0.6666666666666666,11
swe-agent:020209:tobymao__sqlglot-2157,swe-agent,submitted (exit_context),66,149,0.4429530201342282,83
swe-agent:020212:tobymao__sqlglot-2157,swe-agent,submitted (exit_context),52,79,0.6582278481012658,27
swe-agent:020224:tobymao__sqlglot-2598,swe-agent,submitted,34,47,0.723404255319149,13
swe-agent:020240:wagtail__wagtail-7427,swe-agent,submitted (exit_context),18,277,0.06498194945848375,259
swe-agent:020245:zulip__zulip-terminal-1350,swe-agent,exit_context,16,59,0.2711864406779661,43
swe-agent:020248:zulip__zulip-terminal-1350,swe-agent,exit_context,22,211,0.10426540284360189,189
swe-agent:020253:zulip__zulip-terminal-1350,swe-agent,exit_context,16,49,0.32653061224489793,33
swe-agent:020254:zulip__zulip-terminal-1350,swe-agent,exit_context,18,61,0.29508196721311475,43
swe-agent:020256:zulip__zulip-terminal-1350,swe-agent,submitted,30,33,0.9090909090909091,3
swe-agent:020258:zulip__zulip-terminal-1350,swe-agent,exit_context,16,73,0.2191780821917808,57
swe-agent:020261:zulip__zulip-terminal-1350,swe-agent,submitted (exit_context),24,73,0.3287671232876712,49
swe-agent:020269:zulip__zulip-terminal-1350,swe-agent,submitted (exit_context),28,43,0.6511627906976745,15
swe-agent:020270:zulip__zulip-terminal-1350,swe-agent,exit_context,30,85,0.35294117647058826,55
swe-agent:020273:zulip__zulip-terminal-1350,swe-agent,exit_context,30,41,0.7317073170731707,11
swe-agent:020283:zulip__zulip-terminal-1350,swe-agent,submitted (exit_context),18,73,0.2465753424657534,55
swe-agent:020284:zulip__zulip-terminal-1350,swe-agent,exit_context,58,81,0.7160493827160493,23
swe-agent:020290:zulip__zulip-terminal-1350,swe-agent,submitted_no_patch,16,33,0.48484848484848486,17
swe-agent:020292:zulip__zulip-terminal-1350,swe-agent,exit_context,20,59,0.3389830508474576,39
swe-agent:020295:zulip__zulip-terminal-1350,swe-agent,submitted (exit_context),22,63,0.3492063492063492,41
swe-agent:020304:zulip__zulip-terminal-1350,swe-agent,submitted,20,23,0.8695652173913043,3
swe-agent:020305:zulip__zulip-terminal-1350,swe-agent,exit_context,28,73,0.3835616438356164,45
swe-agent:020309:zulip__zulip-terminal-1350,swe-agent,exit_context,16,61,0.26229508196721313,45
swe-agent:020314:zulip__zulip-terminal-1350,swe-agent,exit_context,26,47,0.5531914893617021,21
swe-agent:020315:zulip__zulip-terminal-1350,swe-agent,exit_context,16,93,0.17204301075268819,77
swe-agent:020316:zulip__zulip-terminal-1350,swe-agent,exit_context,16,69,0.2318840579710145,53
swe-agent:020317:zulip__zulip-terminal-1350,swe-agent,exit_context,22,61,0.36065573770491804,39
swe-agent:020318:zulip__zulip-terminal-1350,swe-agent,exit_context,16,33,0.48484848484848486,17
swe-agent:020324:zulip__zulip-terminal-1350,swe-agent,exit_context,16,59,0.2711864406779661,43
swe-agent:020325:zulip__zulip-terminal-1350,swe-agent,submitted (exit_context),52,109,0.47706422018348627,57
swe-agent:020329:zulip__zulip-terminal-1350,swe-agent,exit_context,18,55,0.32727272727272727,37
swe-agent:020330:zulip__zulip-terminal-1350,swe-agent,exit_context,28,83,0.3373493975903614,55
swe-agent:020334:zulip__zulip-terminal-1350,swe-agent,exit_context,18,63,0.2857142857142857,45
swe-agent:020344:Azure__msrest-for-python-189,swe-agent,submitted,32,67,0.47761194029850745,35
swe-agent:020356:Azure__msrest-for-python-189,swe-agent,submitted (exit_context),32,63,0.5079365079365079,31
swe-agent:020371:Azure__msrest-for-python-189,swe-agent,submitted,48,55,0.8727272727272727,7
swe-agent:020405:DCC-Lab__RayTracing-199,swe-agent,submitted (exit_context),28,99,0.2828282828282828,71
swe-agent:020406:DCC-Lab__RayTracing-199,swe-agent,submitted (exit_context),46,93,0.4946236559139785,47
swe-agent:020408:DCC-Lab__RayTracing-199,swe-agent,submitted (exit_context),50,155,0.3225806451612903,105
swe-agent:020409:DCC-Lab__RayTracing-199,swe-agent,submitted (exit_context),44,105,0.41904761904761906,61
swe-agent:020410:DCC-Lab__RayTracing-199,swe-agent,submitted (exit_context),54,93,0.5806451612903226,39
swe-agent:020411:DCC-Lab__RayTracing-199,swe-agent,submitted (exit_context),40,103,0.3883495145631068,63
swe-agent:020412:DCC-Lab__RayTracing-199,swe-agent,submitted (exit_context),62,95,0.6526315789473685,33
swe-agent:020414:DCC-Lab__RayTracing-199,swe-agent,submitted (exit_context),28,93,0.3010752688172043,65
swe-agent:020415:DCC-Lab__RayTracing-199,swe-agent,submitted (exit_context),54,103,0.5242718446601942,49
swe-agent:020454:ResearchObject__ro-crate-py-161,swe-agent,exit_context,16,25,0.64,9
swe-agent:020459:ResearchObject__ro-crate-py-161,swe-agent,submitted (exit_context),24,115,0.20869565217391303,91
swe-agent:020470:ResearchObject__ro-crate-py-161,swe-agent,early_exit,14,15,0.9333333333333333,1
swe-agent:020483:ResearchObject__ro-crate-py-161,swe-agent,submitted (exit_context),36,67,0.5373134328358209,31
swe-agent:020501:ResearchObject__ro-crate-py-161,swe-agent,early_exit,24,71,0.3380281690140845,47
swe-agent:020515:ResearchObject__ro-crate-py-163,swe-agent,submitted,24,39,0.6153846153846154,15
swe-agent:020526:Roguelazer__muttdown-14,swe-agent,submitted (exit_context),78,245,0.3183673469387755,167
swe-agent:020535:Roguelazer__muttdown-14,swe-agent,submitted (exit_context),34,45,0.7555555555555555,11
swe-agent:020547:Sage-Bionetworks__challengeutils-247,swe-agent,exit_context,22,55,0.4,33
swe-agent:020551:Sage-Bionetworks__challengeutils-247,swe-agent,submitted (exit_context),20,311,0.06430868167202572,291
swe-agent:020552:Sage-Bionetworks__challengeutils-247,swe-agent,exit_context,30,65,0.46153846153846156,35
swe-agent:020558:Sage-Bionetworks__challengeutils-247,swe-agent,exit_context,18,61,0.29508196721311475,43
swe-agent:020570:Sage-Bionetworks__challengeutils-247,swe-agent,submitted,20,47,0.425531914893617,27
swe-agent:020576:Sage-Bionetworks__challengeutils-247,swe-agent,exit_context,22,59,0.3728813559322034,37
swe-agent:020583:Sage-Bionetworks__challengeutils-247,swe-agent,exit_context,26,49,0.5306122448979592,23
swe-agent:020585:Sage-Bionetworks__challengeutils-247,swe-agent,submitted (exit_context),22,177,0.12429378531073447,155
swe-agent:020586:Sage-Bionetworks__challengeutils-247,swe-agent,submitted (exit_context),84,97,0.865979381443299,13
swe-agent:020624:Unidata__MetPy-2691,swe-agent,submitted (exit_context),56,73,0.7671232876712328,17
swe-agent:020644:brandon-rhodes__python-sgp4-73,swe-agent,submitted (exit_context),30,41,0.7317073170731707,11
swe-agent:020646:brandon-rhodes__python-sgp4-73,swe-agent,submitted (exit_context),48,73,0.6575342465753424,25
swe-agent:020672:canonical__charmcraft-784,swe-agent,submitted (exit_context),10,95,0.10526315789473684,85
swe-agent:020677:canonical__charmcraft-784,swe-agent,submitted (exit_context),46,79,0.5822784810126582,33
swe-agent:020679:canonical__charmcraft-784,swe-agent,submitted (exit_context),56,89,0.6292134831460674,33
swe-agent:020697:chimpler__pyhocon-92,swe-agent,submitted (exit_context),46,83,0.5542168674698795,37
swe-agent:020699:chimpler__pyhocon-92,swe-agent,submitted (exit_context),22,41,0.5365853658536586,19
swe-agent:020719:cloudfoundry-community__cf-python-client-181,swe-agent,submitted,24,39,0.6153846153846154,15
swe-agent:020783:dedupeio__dedupe-837,swe-agent,submitted (exit_context),86,121,0.7107438016528925,35
swe-agent:020846:fatiando__pooch-77,swe-agent,submitted,40,41,0.975609756097561,1
swe-agent:020849:fatiando__pooch-77,swe-agent,submitted (exit_context),36,41,0.8780487804878049,5
swe-agent:020862:getsentry__responses-530,swe-agent,submitted (exit_context),28,83,0.3373493975903614,55
swe-agent:020872:getsentry__responses-530,swe-agent,submitted (exit_context),46,71,0.647887323943662,25
swe-agent:020876:getsentry__responses-530,swe-agent,submitted,30,45,0.6666666666666666,15
swe-agent:020894:getsentry__responses-564,swe-agent,submitted (exit_context),60,77,0.7792207792207793,17
swe-agent:020906:getsentry__responses-564,swe-agent,submitted (exit_context),26,213,0.12206572769953052,187
swe-agent:020920:inhumantsar__python-ec2-reaper-16,swe-agent,submitted (exit_context),36,67,0.5373134328358209,31
swe-agent:020932:inhumantsar__python-ec2-reaper-16,swe-agent,exit_context,18,59,0.3050847457627119,41
swe-agent:020933:inhumantsar__python-ec2-reaper-16,swe-agent,submitted,16,25,0.64,9
swe-agent:020935:inhumantsar__python-ec2-reaper-16,swe-agent,submitted (exit_context),56,67,0.835820895522388,11
swe-agent:020944:inhumantsar__python-ec2-reaper-16,swe-agent,exit_context,26,77,0.33766233766233766,51
swe-agent:020956:inhumantsar__python-ec2-reaper-16,swe-agent,submitted (exit_context),40,77,0.5194805194805194,37
swe-agent:020971:inhumantsar__python-ec2-reaper-16,swe-agent,exit_context,30,81,0.37037037037037035,51
swe-agent:020976:iterative__dvc-4031,swe-agent,submitted (exit_context),46,317,0.14511041009463724,271
swe-agent:020977:iterative__dvc-4031,swe-agent,submitted,76,93,0.8172043010752689,17
swe-agent:020979:iterative__dvc-4031,swe-agent,early_exit,20,101,0.19801980198019803,81
swe-agent:020984:iterative__dvc-4031,swe-agent,early_exit,20,151,0.13245033112582782,131
swe-agent:020985:iterative__dvc-4031,swe-agent,submitted (exit_context),76,79,0.9620253164556962,3
swe-agent:020997:iterative__dvc-4196,swe-agent,submitted (exit_context),48,127,0.3779527559055118,79
swe-agent:021002:iterative__dvc-4196,swe-agent,submitted,40,51,0.7843137254901961,11
swe-agent:021006:iterative__dvc-5265,swe-agent,exit_context,62,147,0.4217687074829932,85
swe-agent:021009:iterative__dvc-5265,swe-agent,submitted (exit_context),40,49,0.8163265306122449,9
swe-agent:021012:iterative__dvc-5265,swe-agent,submitted (exit_context),22,47,0.46808510638297873,25
swe-agent:021015:iterative__dvc-5265,swe-agent,submitted (exit_context),26,79,0.3291139240506329,53
swe-agent:021016:iterative__dvc-5265,swe-agent,submitted (exit_context),58,99,0.5858585858585859,41
swe-agent:021021:iterative__dvc-8177,swe-agent,exit_context,76,227,0.33480176211453744,151
swe-agent:021022:iterative__dvc-8177,swe-agent,submitted (exit_context),18,353,0.05099150141643059,335
swe-agent:021034:iterative__dvc-8177,swe-agent,exit_context,14,655,0.021374045801526718,641
swe-agent:021038:jdkandersson__OpenAlchemy-130,swe-agent,exit_context,42,111,0.3783783783783784,69
swe-agent:021044:jdkandersson__OpenAlchemy-130,swe-agent,submitted,10,33,0.30303030303030304,23
swe-agent:021045:jdkandersson__OpenAlchemy-130,swe-agent,submitted (exit_context),12,59,0.2033898305084746,47
swe-agent:021046:jdkandersson__OpenAlchemy-130,swe-agent,exit_context,34,95,0.35789473684210527,61
swe-agent:021053:joke2k__faker-764,swe-agent,submitted (exit_context),34,237,0.14345991561181434,203
swe-agent:021064:jupyterhub__ltiauthenticator-48,swe-agent,submitted (exit_context),16,61,0.26229508196721313,45
swe-agent:021067:jupyterhub__ltiauthenticator-48,swe-agent,submitted,22,27,0.8148148148148148,5
swe-agent:021076:just-work__fffw-68,swe-agent,submitted,36,93,0.3870967741935484,57
swe-agent:021079:just-work__fffw-68,swe-agent,submitted (exit_context),34,57,0.5964912280701754,23
swe-agent:021081:just-work__fffw-68,swe-agent,submitted (exit_context),28,109,0.25688073394495414,81
swe-agent:021191:omry__omegaconf-57,swe-agent,submitted,26,55,0.4727272727272727,29
swe-agent:021230:omry__omegaconf-57,swe-agent,submitted,30,83,0.3614457831325301,53
swe-agent:021232:petl-developers__petl-408,swe-agent,submitted (exit_context),24,55,0.43636363636363634,31
swe-agent:021233:petl-developers__petl-408,swe-agent,submitted (exit_context),14,67,0.208955223880597,53
swe-agent:021240:petl-developers__petl-408,swe-agent,submitted,14,61,0.22950819672131148,47
swe-agent:021247:petl-developers__petl-408,swe-agent,submitted (exit_context),18,35,0.5142857142857142,17
swe-agent:021277:pybel__pybel-385,swe-agent,exit_context,26,43,0.6046511627906976,17
swe-agent:021278:pybel__pybel-385,swe-agent,submitted (exit_context),26,67,0.3880597014925373,41
swe-agent:021280:pybel__pybel-385,swe-agent,submitted (exit_context),30,99,0.30303030303030304,69
swe-agent:021289:pybel__pybel-385,swe-agent,submitted (exit_context),32,377,0.08488063660477453,345
swe-agent:021292:pybel__pybel-385,swe-agent,submitted (exit_context),66,67,0.9850746268656716,1
swe-agent:021293:pybel__pybel-385,swe-agent,submitted,20,23,0.8695652173913043,3
swe-agent:021301:pybel__pybel-385,swe-agent,exit_context,18,63,0.2857142857142857,45
swe-agent:021307:pybel__pybel-385,swe-agent,submitted,28,39,0.717948717948718,11
swe-agent:021309:pybel__pybel-385,swe-agent,submitted,16,19,0.8421052631578947,3
swe-agent:021321:pybel__pybel-385,swe-agent,submitted,24,35,0.6857142857142857,11
swe-agent:021323:pybel__pybel-385,swe-agent,exit_context,34,55,0.6181818181818182,21
swe-agent:021324:pybel__pybel-385,swe-agent,exit_context,14,47,0.2978723404255319,33
swe-agent:021331:pybel__pybel-385,swe-agent,submitted (exit_context),38,59,0.6440677966101694,21
swe-agent:021339:pydantic__pydantic-2221,swe-agent,submitted (exit_context),62,77,0.8051948051948052,15
swe-agent:021349:pydantic__pydantic-2221,swe-agent,early_exit,12,21,0.5714285714285714,9
swe-agent:021352:pydantic__pydantic-2221,swe-agent,submitted,20,35,0.5714285714285714,15
swe-agent:021353:pydantic__pydantic-2238,swe-agent,submitted (exit_context),30,57,0.5263157894736842,27
swe-agent:021357:pydantic__pydantic-2238,swe-agent,submitted (exit_context),30,95,0.3157894736842105,65
swe-agent:021358:pydantic__pydantic-2238,swe-agent,submitted (exit_context),106,135,0.7851851851851852,29
swe-agent:021364:pydantic__pydantic-2238,swe-agent,submitted (exit_context),26,49,0.5306122448979592,23
swe-agent:021367:pydantic__pydantic-2238,swe-agent,submitted (exit_context),14,79,0.17721518987341772,65
swe-agent:021369:pydantic__pydantic-2238,swe-agent,submitted (exit_context),34,79,0.43037974683544306,45
swe-agent:021396:pydantic__pydantic-2238,swe-agent,submitted (exit_context),28,109,0.25688073394495414,81
swe-agent:021405:pydantic__pydantic-2238,swe-agent,submitted (exit_context),16,93,0.17204301075268819,77
swe-agent:021406:pydantic__pydantic-2238,swe-agent,submitted (exit_context),38,49,0.7755102040816326,11
swe-agent:021410:pydantic__pydantic-2238,swe-agent,submitted (exit_context),34,57,0.5964912280701754,23
swe-agent:021412:pydantic__pydantic-2238,swe-agent,submitted (exit_context),50,113,0.4424778761061947,63
swe-agent:021416:pydantic__pydantic-2238,swe-agent,submitted,58,73,0.7945205479452054,15
swe-agent:021423:pydantic__pydantic-3403,swe-agent,submitted,18,23,0.782608695652174,5
swe-agent:021430:pydantic__pydantic-3403,swe-agent,submitted (exit_context),42,113,0.37168141592920356,71
swe-agent:021435:pydantic__pydantic-5126,swe-agent,submitted (exit_context),28,59,0.4745762711864407,31
swe-agent:021437:pydantic__pydantic-5126,swe-agent,submitted (exit_context),24,75,0.32,51
swe-agent:021439:pydantic__pydantic-5126,swe-agent,submitted (exit_context),26,67,0.3880597014925373,41
swe-agent:021441:pydantic__pydantic-5126,swe-agent,submitted (exit_context),32,67,0.47761194029850745,35
swe-agent:021450:pydantic__pydantic-5126,swe-agent,submitted (exit_context),24,83,0.2891566265060241,59
swe-agent:021451:pydantic__pydantic-5126,swe-agent,submitted (exit_context),26,69,0.37681159420289856,43
swe-agent:021453:pydantic__pydantic-5126,swe-agent,submitted (exit_context),38,71,0.5352112676056338,33
swe-agent:021454:pydantic__pydantic-5126,swe-agent,submitted,42,53,0.7924528301886793,11
swe-agent:021457:pydantic__pydantic-5126,swe-agent,submitted (exit_context),58,89,0.651685393258427,31
swe-agent:021464:pydantic__pydantic-5126,swe-agent,submitted (exit_context),26,151,0.17218543046357615,125
swe-agent:021475:pydantic__pydantic-5126,swe-agent,submitted (exit_context),38,69,0.5507246376811594,31
swe-agent:021476:pydantic__pydantic-5126,swe-agent,submitted (exit_context),28,59,0.4745762711864407,31
swe-agent:021479:pydantic__pydantic-824,swe-agent,submitted (exit_context),34,43,0.7906976744186046,9
swe-agent:021481:pydantic__pydantic-824,swe-agent,exit_context,22,23,0.9565217391304348,1
swe-agent:021485:pydantic__pydantic-824,swe-agent,exit_context,12,51,0.23529411764705882,39
swe-agent:021489:pydantic__pydantic-824,swe-agent,submitted (exit_context),32,83,0.3855421686746988,51
swe-agent:021490:pydantic__pydantic-824,swe-agent,exit_context,22,39,0.5641025641025641,17
swe-agent:021491:pydantic__pydantic-824,swe-agent,exit_context,30,43,0.6976744186046512,13
swe-agent:021492:pydantic__pydantic-824,swe-agent,exit_context,24,49,0.4897959183673469,25
swe-agent:021497:rust-lang__homu-124,swe-agent,submitted (exit_context),46,283,0.1625441696113074,237
swe-agent:021499:rust-lang__homu-124,swe-agent,submitted,36,49,0.7346938775510204,13
swe-agent:021502:rust-lang__homu-124,swe-agent,submitted,16,39,0.41025641025641024,23
swe-agent:021513:spacetelescope__jwst-8106,swe-agent,submitted (exit_context),40,41,0.975609756097561,1
swe-agent:021514:spacetelescope__jwst-8106,swe-agent,submitted (exit_context),36,41,0.8780487804878049,5
swe-agent:021517:sphinx-gallery__sphinx-gallery-573,swe-agent,exit_context,44,79,0.5569620253164557,35
swe-agent:021548:spiral-project__ihatemoney-1193,swe-agent,early_exit,32,169,0.1893491124260355,137
swe-agent:021551:spiral-project__ihatemoney-1193,swe-agent,exit_context,84,87,0.9655172413793104,3
swe-agent:021560:spiral-project__ihatemoney-1193,swe-agent,exit_context,46,61,0.7540983606557377,15
swe-agent:021606:tobymao__sqlglot-2576,swe-agent,submitted (exit_context),38,41,0.926829268292683,3
swe-agent:021613:tobymao__sqlglot-2576,swe-agent,submitted (exit_context),38,101,0.37623762376237624,63
swe-agent:021630:tobymao__sqlglot-2576,swe-agent,submitted (exit_context),66,69,0.9565217391304348,3
swe-agent:021640:tobymao__sqlglot-2576,swe-agent,submitted (exit_context),58,61,0.9508196721311475,3
swe-agent:021690:SAP__python-pyodata-149,swe-agent,submitted (exit_context),10,35,0.2857142857142857,25
swe-agent:021692:SAP__python-pyodata-149,swe-agent,submitted (exit_context),16,97,0.16494845360824742,81
swe-agent:021699:SAP__python-pyodata-149,swe-agent,submitted (exit_context),82,115,0.7130434782608696,33
swe-agent:021702:SAP__python-pyodata-149,swe-agent,submitted (exit_format),50,75,0.6666666666666666,25
swe-agent:021711:ShawHahnLab__igseq-37,swe-agent,submitted (exit_context),38,75,0.5066666666666667,37
swe-agent:021719:Textualize__textual-2580,swe-agent,submitted (exit_context),38,65,0.5846153846153846,27
swe-agent:021721:Textualize__textual-2580,swe-agent,exit_context,22,97,0.2268041237113402,75
swe-agent:021724:Textualize__textual-2580,swe-agent,submitted (exit_context),36,61,0.5901639344262295,25
swe-agent:021725:Textualize__textual-2580,swe-agent,submitted (exit_context),40,69,0.5797101449275363,29
swe-agent:021728:Textualize__textual-2580,swe-agent,exit_context,20,83,0.24096385542168675,63
swe-agent:021729:Textualize__textual-2580,swe-agent,submitted (exit_context),18,133,0.13533834586466165,115
swe-agent:021734:Textualize__textual-2580,swe-agent,submitted (exit_context),48,65,0.7384615384615385,17
swe-agent:021735:Textualize__textual-2580,swe-agent,exit_context,46,573,0.08027923211169284,527
swe-agent:021737:Textualize__textual-2580,swe-agent,submitted (exit_context),46,139,0.33093525179856115,93
swe-agent:021738:Textualize__textual-2580,swe-agent,submitted (exit_context),26,85,0.3058823529411765,59
swe-agent:021742:Textualize__textual-2580,swe-agent,submitted (exit_context),26,113,0.23008849557522124,87
swe-agent:021747:Textualize__textual-2580,swe-agent,exit_context,24,87,0.27586206896551724,63
swe-agent:021749:Textualize__textual-2580,swe-agent,submitted (exit_context),22,55,0.4,33
swe-agent:021750:Textualize__textual-2580,swe-agent,exit_context,28,51,0.5490196078431373,23
swe-agent:021751:Textualize__textual-2580,swe-agent,exit_context,24,105,0.22857142857142856,81
swe-agent:021752:Textualize__textual-2580,swe-agent,submitted,18,31,0.5806451612903226,13
swe-agent:021753:Textualize__textual-2580,swe-agent,submitted,26,27,0.9629629629629629,1
swe-agent:021756:Textualize__textual-2580,swe-agent,exit_context,22,101,0.21782178217821782,79
swe-agent:021759:Textualize__textual-2580,swe-agent,submitted (exit_context),26,109,0.23853211009174313,83
swe-agent:021768:Textualize__textual-2580,swe-agent,submitted (exit_context),50,65,0.7692307692307693,15
swe-agent:021769:Textualize__textual-2580,swe-agent,exit_context,18,85,0.21176470588235294,67
swe-agent:021770:Textualize__textual-2580,swe-agent,submitted (exit_context),30,71,0.4225352112676056,41
swe-agent:021773:Textualize__textual-2580,swe-agent,submitted (exit_context),28,79,0.35443037974683544,51
swe-agent:021774:Textualize__textual-2580,swe-agent,submitted (exit_context),48,83,0.5783132530120482,35
swe-agent:021775:Textualize__textual-2580,swe-agent,submitted (exit_context),24,119,0.20168067226890757,95
swe-agent:021783:Textualize__textual-2580,swe-agent,submitted (exit_context),40,89,0.449438202247191,49
swe-agent:021784:Textualize__textual-2580,swe-agent,exit_context,24,65,0.36923076923076925,41
swe-agent:021790:Textualize__textual-2580,swe-agent,exit_context,16,95,0.16842105263157894,79
swe-agent:021793:Textualize__textual-2580,swe-agent,submitted (exit_context),24,89,0.2696629213483146,65
swe-agent:021794:Textualize__textual-2580,swe-agent,exit_context,18,71,0.2535211267605634,53
swe-agent:021797:Textualize__textual-2580,swe-agent,submitted (exit_context),50,119,0.42016806722689076,69
swe-agent:021804:asottile__pyupgrade-611,swe-agent,exit_context,46,53,0.8679245283018868,7
swe-agent:021809:asottile__pyupgrade-611,swe-agent,submitted,14,27,0.5185185185185185,13
swe-agent:021813:asottile__pyupgrade-611,swe-agent,submitted,26,39,0.6666666666666666,13
swe-agent:021816:cdent__gabbi-186,swe-agent,submitted,26,39,0.6666666666666666,13
swe-agent:021838:cdent__gabbi-186,swe-agent,submitted (exit_context),60,69,0.8695652173913043,9
swe-agent:021847:cdent__gabbi-186,swe-agent,submitted,24,35,0.6857142857142857,11
swe-agent:021857:cdent__gabbi-186,swe-agent,submitted (exit_context),54,89,0.6067415730337079,35
swe-agent:021860:cekit__cekit-532,swe-agent,exit_context,16,87,0.1839080459770115,71
swe-agent:021864:cekit__cekit-532,swe-agent,submitted,10,21,0.47619047619047616,11
swe-agent:021865:cekit__cekit-532,swe-agent,submitted,38,49,0.7755102040816326,11
swe-agent:021874:cekit__cekit-532,swe-agent,submitted (exit_context),26,67,0.3880597014925373,41
swe-agent:021876:cekit__cekit-532,swe-agent,exit_context,20,33,0.6060606060606061,13
swe-agent:021877:cekit__cekit-532,swe-agent,exit_context,24,55,0.43636363636363634,31
swe-agent:021879:cekit__cekit-532,swe-agent,submitted,22,47,0.46808510638297873,25
swe-agent:021886:cekit__cekit-532,swe-agent,exit_context,62,89,0.6966292134831461,27
swe-agent:021887:cekit__cekit-532,swe-agent,submitted (exit_context),26,79,0.3291139240506329,53
swe-agent:021888:cekit__cekit-532,swe-agent,submitted (exit_context),46,61,0.7540983606557377,15
swe-agent:021891:cekit__cekit-532,swe-agent,submitted (exit_context),28,89,0.3146067415730337,61
swe-agent:021892:cekit__cekit-532,swe-agent,submitted (exit_context),50,73,0.684931506849315,23
swe-agent:021894:cekit__cekit-532,swe-agent,submitted (exit_context),40,51,0.7843137254901961,11
swe-agent:021895:cekit__cekit-532,swe-agent,submitted,32,35,0.9142857142857143,3
swe-agent:021900:cekit__cekit-532,swe-agent,exit_context,10,43,0.23255813953488372,33
swe-agent:021902:cekit__cekit-532,swe-agent,exit_context,34,97,0.35051546391752575,63
swe-agent:021903:cekit__cekit-532,swe-agent,submitted (exit_context),40,81,0.49382716049382713,41
swe-agent:021906:cekit__cekit-532,swe-agent,exit_context,16,33,0.48484848484848486,17
swe-agent:021914:cthoyt__class-resolver-30,swe-agent,submitted,14,43,0.32558139534883723,29
swe-agent:021936:dlce-eva__python-nexus-27,swe-agent,submitted (exit_context),26,85,0.3058823529411765,59
swe-agent:021941:dlce-eva__python-nexus-27,swe-agent,submitted (exit_context),44,415,0.10602409638554217,371
swe-agent:021944:dlce-eva__python-nexus-27,swe-agent,submitted (exit_context),32,117,0.27350427350427353,85
swe-agent:021946:dlce-eva__python-nexus-27,swe-agent,submitted (exit_context),20,115,0.17391304347826086,95
swe-agent:021951:dlce-eva__python-nexus-27,swe-agent,submitted (exit_context),12,49,0.24489795918367346,37
swe-agent:021974:dlce-eva__python-nexus-27,swe-agent,submitted (exit_context),54,105,0.5142857142857142,51
swe-agent:021990:dlce-eva__python-nexus-27,swe-agent,submitted (exit_context),24,57,0.42105263157894735,33
swe-agent:021991:dlce-eva__python-nexus-27,swe-agent,submitted (exit_context),80,129,0.6201550387596899,49
swe-agent:022002:dlce-eva__python-nexus-27,swe-agent,submitted (exit_context),36,39,0.9230769230769231,3
swe-agent:022010:dlce-eva__python-nexus-27,swe-agent,submitted (exit_context),44,71,0.6197183098591549,27
swe-agent:022013:dlce-eva__python-nexus-27,swe-agent,submitted (exit_context),38,129,0.29457364341085274,91
swe-agent:022017:dlce-eva__python-nexus-27,swe-agent,submitted (exit_context),32,95,0.3368421052631579,63
swe-agent:022021:dlce-eva__python-nexus-27,swe-agent,submitted (exit_context),30,53,0.5660377358490566,23
swe-agent:022031:emsig__emg3d-325,swe-agent,submitted,28,35,0.8,7
swe-agent:022033:emsig__emg3d-325,swe-agent,submitted (exit_context),30,55,0.5454545454545454,25
swe-agent:022034:emsig__emg3d-325,swe-agent,submitted (exit_context),34,55,0.6181818181818182,21
swe-agent:022052:emsig__emg3d-325,swe-agent,early_exit,38,47,0.8085106382978723,9
swe-agent:022073:emsig__emg3d-325,swe-agent,submitted (exit_context),42,67,0.6268656716417911,25
swe-agent:022082:influxdata__influxdb-client-python-502,swe-agent,submitted (exit_context),32,151,0.2119205298013245,119
swe-agent:022097:iterative__dvc-2068,swe-agent,exit_context,58,109,0.5321100917431193,51
swe-agent:022109:iterative__dvc-2068,swe-agent,exit_context,38,117,0.3247863247863248,79
swe-agent:022110:iterative__dvc-2068,swe-agent,submitted (exit_context),52,71,0.7323943661971831,19
swe-agent:022112:iterative__dvc-4435,swe-agent,submitted,38,47,0.8085106382978723,9
swe-agent:022119:iterative__dvc-4435,swe-agent,submitted (exit_context),54,95,0.5684210526315789,41
swe-agent:022120:iterative__dvc-4435,swe-agent,submitted (exit_context),32,73,0.4383561643835616,41
swe-agent:022122:iterative__dvc-4435,swe-agent,submitted (exit_context),28,79,0.35443037974683544,51
swe-agent:022125:iterative__dvc-4435,swe-agent,submitted,68,77,0.8831168831168831,9
swe-agent:022161:iterative__dvc-6519,swe-agent,submitted (exit_context),514,517,0.9941972920696325,3
swe-agent:022163:iterative__dvc-6519,swe-agent,submitted (exit_context),50,359,0.1392757660167131,309
swe-agent:022167:iterative__dvc-6519,swe-agent,submitted (exit_context),28,49,0.5714285714285714,21
swe-agent:022176:iterative__dvc-6519,swe-agent,exit_context,20,95,0.21052631578947367,75
swe-agent:022180:iterative__dvc-6519,swe-agent,exit_context,18,155,0.11612903225806452,137
swe-agent:022186:iterative__dvc-6519,swe-agent,submitted (exit_context),18,85,0.21176470588235294,67
swe-agent:022196:iterative__dvc-6519,swe-agent,submitted (exit_context),50,109,0.45871559633027525,59
swe-agent:022199:iterative__dvc-6519,swe-agent,early_exit,18,257,0.07003891050583658,239
swe-agent:022202:iterative__dvc-6519,swe-agent,early_exit,16,93,0.17204301075268819,77
swe-agent:022208:iterative__dvc-8587,swe-agent,early_exit,26,369,0.07046070460704607,343
swe-agent:022210:iterative__dvc-8587,swe-agent,submitted,72,85,0.8470588235294118,13
swe-agent:022212:iterative__dvc-8587,swe-agent,early_exit,36,331,0.10876132930513595,295
swe-agent:022216:iterative__dvc-8587,swe-agent,submitted,48,113,0.4247787610619469,65
swe-agent:022220:iterative__dvc-8587,swe-agent,submitted (exit_context),108,131,0.8244274809160306,23
swe-agent:022233:jupyterhub__kubespawner-105,swe-agent,exit_context,16,55,0.2909090909090909,39
swe-agent:022237:jupyterhub__kubespawner-105,swe-agent,submitted,22,33,0.6666666666666666,11
swe-agent:022248:jupyterhub__nativeauthenticator-49,swe-agent,submitted,44,73,0.6027397260273972,29
swe-agent:022253:magmax__python-inquirer-526,swe-agent,submitted (exit_context),68,119,0.5714285714285714,51
swe-agent:022272:marshmallow-code__webargs-541,swe-agent,submitted (exit_context),38,65,0.5846153846153846,27
swe-agent:022277:marshmallow-code__webargs-541,swe-agent,submitted,16,39,0.41025641025641024,23
swe-agent:022289:marshmallow-code__webargs-541,swe-agent,submitted,18,21,0.8571428571428571,3
swe-agent:022349:maxfischer2781__asyncstdlib-49,swe-agent,exit_context,10,447,0.02237136465324385,437
swe-agent:022356:mdolab__baseclasses-54,swe-agent,submitted (exit_context),66,71,0.9295774647887324,5
swe-agent:022359:mdolab__baseclasses-54,swe-agent,submitted (exit_context),42,61,0.6885245901639344,19
swe-agent:022402:ofek__bit-32,swe-agent,exit_context,38,63,0.6031746031746031,25
swe-agent:022403:ofek__bit-32,swe-agent,submitted (exit_context),12,77,0.15584415584415584,65
swe-agent:022409:ofek__bit-32,swe-agent,exit_context,30,55,0.5454545454545454,25
swe-agent:022415:ofek__bit-32,swe-agent,submitted (exit_context),20,23,0.8695652173913043,3
swe-agent:022428:ofek__bit-32,swe-agent,submitted (exit_context),42,65,0.6461538461538462,23
swe-agent:022433:ofek__bit-32,swe-agent,early_exit,50,55,0.9090909090909091,5
swe-agent:022455:projectmesa__mesa-1343,swe-agent,submitted (exit_context),26,61,0.4262295081967213,35
swe-agent:022459:pybel__pybel-384,swe-agent,submitted (exit_context),62,121,0.512396694214876,59
swe-agent:022463:pybel__pybel-384,swe-agent,submitted (exit_context),44,87,0.5057471264367817,43
swe-agent:022464:pybel__pybel-384,swe-agent,submitted (exit_context),24,49,0.4897959183673469,25
swe-agent:022468:pybel__pybel-384,swe-agent,submitted (exit_context),34,75,0.4533333333333333,41
swe-agent:022490:pydantic__pydantic-2294,swe-agent,submitted (exit_context),28,129,0.21705426356589147,101
swe-agent:022503:pydantic__pydantic-2294,swe-agent,submitted (exit_context),48,149,0.3221476510067114,101
swe-agent:022515:pydantic__pydantic-2294,swe-agent,submitted (exit_context),30,69,0.43478260869565216,39
swe-agent:022517:pydantic__pydantic-2421,swe-agent,submitted (exit_context),50,63,0.7936507936507936,13
swe-agent:022518:pydantic__pydantic-2421,swe-agent,submitted (exit_context),66,141,0.46808510638297873,75
swe-agent:022522:pydantic__pydantic-2421,swe-agent,submitted (exit_context),26,89,0.29213483146067415,63
swe-agent:022527:pydantic__pydantic-2421,swe-agent,submitted (exit_context),26,77,0.33766233766233766,51
swe-agent:022530:pydantic__pydantic-2421,swe-agent,submitted (exit_context),20,69,0.2898550724637681,49
swe-agent:022534:pydantic__pydantic-2711,swe-agent,submitted,16,23,0.6956521739130435,7
swe-agent:022545:pydantic__pydantic-2711,swe-agent,submitted (exit_context),28,75,0.37333333333333335,47
swe-agent:022547:pydantic__pydantic-2711,swe-agent,submitted (exit_context),20,79,0.25316455696202533,59
swe-agent:022549:pydantic__pydantic-2711,swe-agent,submitted (exit_context),16,81,0.19753086419753085,65
swe-agent:022568:pydantic__pydantic-2711,swe-agent,submitted,24,55,0.43636363636363634,31
swe-agent:022578:pydantic__pydantic-2711,swe-agent,submitted (exit_context),22,87,0.25287356321839083,65
swe-agent:022580:pydantic__pydantic-2761,swe-agent,submitted (exit_context),46,71,0.647887323943662,25
swe-agent:022581:pydantic__pydantic-2761,swe-agent,submitted (exit_context),50,167,0.2994011976047904,117
swe-agent:022583:pydantic__pydantic-2761,swe-agent,submitted (exit_context),40,111,0.36036036036036034,71
swe-agent:022588:pydantic__pydantic-2761,swe-agent,submitted (exit_context),26,127,0.2047244094488189,101
swe-agent:022591:pydantic__pydantic-2761,swe-agent,submitted,10,61,0.16393442622950818,51
swe-agent:022594:pydantic__pydantic-2761,swe-agent,submitted (exit_context),28,149,0.18791946308724833,121
swe-agent:022632:pylint-dev__astroid-1196,swe-agent,submitted (exit_context),32,67,0.47761194029850745,35
swe-agent:022638:repobee__repobee-235,swe-agent,exit_context,26,77,0.33766233766233766,51
swe-agent:022640:repobee__repobee-235,swe-agent,exit_context,20,81,0.24691358024691357,61
swe-agent:022648:repobee__repobee-235,swe-agent,exit_context,18,53,0.33962264150943394,35
swe-agent:022717:spdx__tools-python-778,swe-agent,submitted,100,137,0.7299270072992701,37
swe-agent:022755:sqlfluff__sqlfluff-2998,swe-agent,submitted,22,41,0.5365853658536586,19
swe-agent:022782:sqlfluff__sqlfluff-3608,swe-agent,submitted (exit_context),34,55,0.6181818181818182,21
swe-agent:022789:steemit__hivemind-180,swe-agent,submitted,64,75,0.8533333333333334,11
swe-agent:022794:steemit__hivemind-180,swe-agent,exit_context,40,65,0.6153846153846154,25
swe-agent:022838:twisted__pydoctor-491,swe-agent,submitted (exit_context),56,95,0.5894736842105263,39
swe-agent:022844:unit8co__darts-1435,swe-agent,submitted (exit_context),56,85,0.6588235294117647,29
swe-agent:022848:unit8co__darts-1435,swe-agent,early_exit,40,43,0.9302325581395349,3
swe-agent:022853:xlab-si__xopera-opera-52,swe-agent,exit_context,16,71,0.22535211267605634,55
swe-agent:022863:xonsh__xonsh-3772,swe-agent,submitted (exit_context),48,235,0.20425531914893616,187
swe-agent:022870:xonsh__xonsh-3772,swe-agent,submitted (exit_context),12,107,0.11214953271028037,95
swe-agent:022878:xonsh__xonsh-3772,swe-agent,submitted (exit_context),74,187,0.39572192513368987,113
swe-agent:022940:M3t0r__tpl-12,swe-agent,submitted (exit_context),32,71,0.4507042253521127,39
swe-agent:022944:M3t0r__tpl-12,swe-agent,submitted,16,39,0.41025641025641024,23
swe-agent:022957:PEtab-dev__libpetab-python-152,swe-agent,submitted,32,55,0.5818181818181818,23
swe-agent:022966:PEtab-dev__libpetab-python-152,swe-agent,submitted (exit_context),38,175,0.21714285714285714,137
swe-agent:023012:Parquery__pyicontract-lint-35,swe-agent,submitted (exit_context),52,59,0.8813559322033898,7
swe-agent:023015:Parquery__pyicontract-lint-35,swe-agent,exit_context,48,121,0.39669421487603307,73
swe-agent:023030:Parquery__pyicontract-lint-35,swe-agent,submitted (exit_context),56,149,0.37583892617449666,93
swe-agent:023048:Parquery__pyicontract-lint-35,swe-agent,submitted (exit_context),42,55,0.7636363636363637,13
swe-agent:023073:Scille__umongo-330,swe-agent,submitted (exit_context),36,65,0.5538461538461539,29
swe-agent:023098:Textualize__textual-2692,swe-agent,submitted (exit_context),88,89,0.9887640449438202,1
swe-agent:023105:Wortmeister-HQ__zahlwort2num-6,swe-agent,submitted (exit_context),44,93,0.4731182795698925,49
swe-agent:023107:Wortmeister-HQ__zahlwort2num-6,swe-agent,submitted (exit_context),60,91,0.6593406593406593,31
swe-agent:023112:aio-libs__aioftp-113,swe-agent,submitted (exit_context),44,49,0.8979591836734694,5
swe-agent:023120:aio-libs__aioftp-113,swe-agent,submitted (exit_context),42,71,0.5915492957746479,29
swe-agent:023125:aio-libs__aioftp-113,swe-agent,exit_context,18,65,0.27692307692307694,47
swe-agent:023136:aio-libs__aioftp-113,swe-agent,submitted (exit_context),46,59,0.7796610169491526,13
swe-agent:023139:aio-libs__aioftp-113,swe-agent,submitted,14,37,0.3783783783783784,23
swe-agent:023159:cherrypy__cherrypy-1785,swe-agent,submitted (exit_context),62,91,0.6813186813186813,29
swe-agent:023165:cherrypy__cherrypy-1785,swe-agent,submitted (exit_context),44,119,0.3697478991596639,75
swe-agent:023167:cherrypy__cherrypy-1785,swe-agent,submitted (exit_context),40,179,0.22346368715083798,139
swe-agent:023189:cuthbertLab__music21-960,swe-agent,submitted,16,55,0.2909090909090909,39
swe-agent:023202:cuthbertLab__music21-960,swe-agent,submitted,10,21,0.47619047619047616,11
swe-agent:023209:cuthbertLab__music21-960,swe-agent,submitted,32,51,0.6274509803921569,19
swe-agent:023220:dask__zict-64,swe-agent,submitted (exit_context),32,123,0.2601626016260163,91
swe-agent:023228:dask__zict-64,swe-agent,submitted,14,47,0.2978723404255319,33
swe-agent:023231:dask__zict-64,swe-agent,submitted (exit_context),50,83,0.6024096385542169,33
swe-agent:023237:django__asgiref-320,swe-agent,submitted (exit_context),38,117,0.3247863247863248,79
swe-agent:023238:django__asgiref-320,swe-agent,submitted (exit_context),30,59,0.5084745762711864,29
swe-agent:023242:django__asgiref-320,swe-agent,exit_context,14,67,0.208955223880597,53
swe-agent:023244:django__asgiref-320,swe-agent,submitted (exit_context),26,179,0.1452513966480447,153
swe-agent:023246:django__asgiref-320,swe-agent,submitted (exit_context),42,79,0.5316455696202531,37
swe-agent:023247:django__asgiref-320,swe-agent,submitted (exit_context),28,119,0.23529411764705882,91
swe-agent:023248:django__asgiref-320,swe-agent,exit_context,16,95,0.16842105263157894,79
swe-agent:023251:django__asgiref-320,swe-agent,submitted (exit_context),34,63,0.5396825396825397,29
swe-agent:023254:django__asgiref-320,swe-agent,submitted (exit_context),24,79,0.3037974683544304,55
swe-agent:023255:django__asgiref-320,swe-agent,exit_context,20,57,0.3508771929824561,37
swe-agent:023256:django__asgiref-320,swe-agent,exit_context,28,77,0.36363636363636365,49
swe-agent:023257:django__asgiref-320,swe-agent,submitted (exit_context),46,185,0.24864864864864866,139
swe-agent:023258:django__asgiref-320,swe-agent,submitted (exit_context),34,71,0.4788732394366197,37
swe-agent:023267:django__asgiref-320,swe-agent,exit_context,28,45,0.6222222222222222,17
swe-agent:023268:django__asgiref-320,swe-agent,submitted (exit_context),42,71,0.5915492957746479,29
swe-agent:023274:django__asgiref-320,swe-agent,submitted (exit_context),16,131,0.12213740458015267,115
swe-agent:023283:django__asgiref-320,swe-agent,submitted,16,19,0.8421052631578947,3
swe-agent:023293:django__asgiref-320,swe-agent,submitted,28,57,0.49122807017543857,29
swe-agent:023296:django__asgiref-320,swe-agent,submitted (exit_context),40,73,0.547945205479452,33
swe-agent:023301:django__asgiref-320,swe-agent,submitted (exit_context),30,67,0.44776119402985076,37
swe-agent:023304:django__asgiref-320,swe-agent,submitted,28,55,0.509090909090909,27
swe-agent:023314:django__asgiref-320,swe-agent,submitted (exit_context),28,107,0.2616822429906542,79
swe-agent:023317:django__asgiref-320,swe-agent,submitted (exit_context),38,437,0.08695652173913043,399
swe-agent:023319:django__asgiref-320,swe-agent,exit_context,36,85,0.4235294117647059,49
swe-agent:023321:django__asgiref-320,swe-agent,submitted (exit_context),18,241,0.07468879668049792,223
swe-agent:023327:django__asgiref-320,swe-agent,submitted (exit_context),28,53,0.5283018867924528,25
swe-agent:023334:fgmacedo__python-statemachine-353,swe-agent,submitted (exit_context),68,95,0.7157894736842105,27
swe-agent:023335:getsentry__responses-558,swe-agent,submitted,22,35,0.6285714285714286,13
swe-agent:023342:getsentry__responses-558,swe-agent,submitted (exit_context),34,49,0.6938775510204082,15
swe-agent:023344:getsentry__responses-558,swe-agent,submitted (exit_context),38,53,0.7169811320754716,15
swe-agent:023346:getsentry__responses-558,swe-agent,submitted (exit_context),34,63,0.5396825396825397,29
swe-agent:023347:getsentry__responses-558,swe-agent,submitted (exit_context),26,59,0.4406779661016949,33
swe-agent:023368:iterative__dvc-2254,swe-agent,submitted (exit_context),36,89,0.4044943820224719,53
swe-agent:023376:iterative__dvc-2254,swe-agent,submitted (exit_context),78,105,0.7428571428571429,27
swe-agent:023381:iterative__dvc-2254,swe-agent,submitted (exit_context),42,133,0.3157894736842105,91
swe-agent:023385:iterative__dvc-6848,swe-agent,early_exit,16,227,0.07048458149779736,211
swe-agent:023386:iterative__dvc-6848,swe-agent,early_exit,32,201,0.15920398009950248,169
swe-agent:023395:iterative__dvc-6848,swe-agent,early_exit,38,61,0.6229508196721312,23
swe-agent:023404:iterative__dvc-7360,swe-agent,early_exit,66,109,0.6055045871559633,43
swe-agent:023416:iterative__dvc-7360,swe-agent,submitted,16,29,0.5517241379310345,13
swe-agent:023437:iterative__dvc-7360,swe-agent,early_exit,10,283,0.0353356890459364,273
swe-agent:023438:iterative__dvc-7360,swe-agent,submitted,42,91,0.46153846153846156,49
swe-agent:023442:iterative__dvc-7360,swe-agent,submitted,10,81,0.12345679012345678,71
swe-agent:023447:iterative__dvc-7963,swe-agent,submitted (exit_context),26,83,0.3132530120481928,57
swe-agent:023456:iterative__dvc-7963,swe-agent,submitted (exit_context),54,127,0.4251968503937008,73
swe-agent:023457:iterative__dvc-7963,swe-agent,submitted,30,109,0.27522935779816515,79
swe-agent:023458:iterative__dvc-7963,swe-agent,exit_context,10,641,0.015600624024960999,631
swe-agent:023467:iterative__dvc-7965,swe-agent,submitted (exit_context),56,71,0.7887323943661971,15
swe-agent:023488:iterative__dvc-7965,swe-agent,exit_context,26,65,0.4,39
swe-agent:023499:iterative__dvc-7965,swe-agent,submitted,10,25,0.4,15
swe-agent:023501:iterative__dvc-7965,swe-agent,exit_context,48,101,0.4752475247524752,53
swe-agent:023502:iterative__dvc-7965,swe-agent,exit_context,40,59,0.6779661016949152,19
swe-agent:023505:iterative__dvc-7965,swe-agent,exit_context,40,101,0.39603960396039606,61
swe-agent:023507:iterative__dvc-7965,swe-agent,submitted (exit_context),82,115,0.7130434782608696,33
swe-agent:023508:iterative__dvc-7965,swe-agent,submitted (exit_context),28,127,0.2204724409448819,99
swe-agent:023520:iterative__dvc-7965,swe-agent,exit_context,30,59,0.5084745762711864,29
swe-agent:023526:kerrickstaley__genanki-89,swe-agent,exit_context,14,57,0.24561403508771928,43
swe-agent:023527:kerrickstaley__genanki-89,swe-agent,exit_context,20,49,0.40816326530612246,29
swe-agent:023528:kerrickstaley__genanki-89,swe-agent,exit_context,42,61,0.6885245901639344,19
swe-agent:023531:kerrickstaley__genanki-89,swe-agent,exit_context,16,55,0.2909090909090909,39
swe-agent:023534:kerrickstaley__genanki-89,swe-agent,exit_context,32,59,0.5423728813559322,27
swe-agent:023554:macbre__sql-metadata-388,swe-agent,submitted (exit_context),50,73,0.684931506849315,23
swe-agent:023556:macbre__sql-metadata-388,swe-agent,submitted (exit_context),56,69,0.8115942028985508,13
swe-agent:023558:macbre__sql-metadata-388,swe-agent,submitted,22,97,0.2268041237113402,75
swe-agent:023564:macbre__sql-metadata-388,swe-agent,submitted (exit_context),58,65,0.8923076923076924,7
swe-agent:023570:macbre__sql-metadata-388,swe-agent,submitted (exit_context),44,85,0.5176470588235295,41
swe-agent:023575:macbre__sql-metadata-388,swe-agent,submitted (exit_context),36,89,0.4044943820224719,53
swe-agent:023587:macbre__sql-metadata-388,swe-agent,submitted (exit_context),36,51,0.7058823529411765,15
swe-agent:023591:macbre__sql-metadata-388,swe-agent,submitted (exit_context),38,69,0.5507246376811594,31
swe-agent:023593:macbre__sql-metadata-388,swe-agent,submitted (exit_context),78,121,0.6446280991735537,43
swe-agent:023596:macbre__sql-metadata-388,swe-agent,submitted (exit_context),52,75,0.6933333333333334,23
swe-agent:023599:macbre__sql-metadata-388,swe-agent,submitted (exit_context),38,105,0.3619047619047619,67
swe-agent:023604:macbre__sql-metadata-388,swe-agent,early_exit,26,31,0.8387096774193549,5
swe-agent:023617:marshmallow-code__apispec-386,swe-agent,submitted,18,25,0.72,7
swe-agent:023625:marshmallow-code__apispec-386,swe-agent,submitted,8,71,0.11267605633802817,63
swe-agent:023637:mit-ll-responsible-ai__hydra-zen-459,swe-agent,submitted (exit_context),34,75,0.4533333333333333,41
swe-agent:023652:netromdk__vermin-173,swe-agent,submitted (exit_context),32,105,0.3047619047619048,73
swe-agent:023671:osbuild__osbuild-1648,swe-agent,submitted (exit_context),22,531,0.04143126177024482,509
swe-agent:023689:pcdshub__pcdsutils-59,swe-agent,submitted,16,19,0.8421052631578947,3
swe-agent:023696:pika__pika-1057,swe-agent,submitted,18,31,0.5806451612903226,13
swe-agent:023755:poliastro__poliastro-248,swe-agent,submitted (exit_context),14,99,0.1414141414141414,85
swe-agent:023771:pydantic__pydantic-632,swe-agent,submitted (exit_context),24,181,0.13259668508287292,157
swe-agent:023817:pydantic__pydantic-632,swe-agent,submitted (exit_context),40,137,0.291970802919708,97
swe-agent:023824:pydantic__pydantic-632,swe-agent,exit_context,38,49,0.7755102040816326,11
swe-agent:023842:pyvista__pyvista-4329,swe-agent,submitted (exit_context),66,67,0.9850746268656716,1
swe-agent:023881:reframe-hpc__reframe-2656,swe-agent,submitted,10,27,0.37037037037037035,17
swe-agent:023887:rigetti__pyquil-1694,swe-agent,submitted (exit_context),44,71,0.6197183098591549,27
swe-agent:023925:rigetti__pyquil-1694,swe-agent,submitted (exit_context),54,87,0.6206896551724138,33
swe-agent:023952:rubrikinc__rubrik-sdk-for-python-272,swe-agent,exit_context,12,49,0.24489795918367346,37
swe-agent:023954:rubrikinc__rubrik-sdk-for-python-272,swe-agent,exit_context,22,77,0.2857142857142857,55
swe-agent:023955:rubrikinc__rubrik-sdk-for-python-272,swe-agent,exit_context,16,77,0.2077922077922078,61
swe-agent:023957:rubrikinc__rubrik-sdk-for-python-272,swe-agent,exit_context,16,47,0.3404255319148936,31
swe-agent:023962:rubrikinc__rubrik-sdk-for-python-272,swe-agent,submitted (exit_context),16,65,0.24615384615384617,49
swe-agent:023965:rubrikinc__rubrik-sdk-for-python-272,swe-agent,exit_context,38,79,0.4810126582278481,41
swe-agent:023966:rubrikinc__rubrik-sdk-for-python-272,swe-agent,exit_context,14,49,0.2857142857142857,35
swe-agent:023967:rubrikinc__rubrik-sdk-for-python-272,swe-agent,exit_context,14,51,0.27450980392156865,37
swe-agent:023972:scrapy__scrapy-3283,swe-agent,submitted,36,49,0.7346938775510204,13
swe-agent:023979:scrapy__scrapy-3283,swe-agent,submitted (exit_context),30,87,0.3448275862068966,57
swe-agent:023995:simonw__datasette-1736,swe-agent,submitted (exit_context),26,71,0.36619718309859156,45
swe-agent:024008:softlayer__softlayer-python-1680,swe-agent,submitted (exit_context),60,67,0.8955223880597015,7
swe-agent:024029:somm15__PyViCare-187,swe-agent,submitted,22,27,0.8148148148148148,5
swe-agent:024040:sqlfluff__sqlfluff-3220,swe-agent,submitted,30,63,0.47619047619047616,33
swe-agent:024075:xarray-contrib__xskillscore-339,swe-agent,submitted (exit_context),28,33,0.8484848484848485,5
swe-agent:024099:PyCQA__flake8-bugbear-220,swe-agent,submitted (exit_context),42,59,0.711864406779661,17
swe-agent:024101:PyCQA__flake8-bugbear-220,swe-agent,submitted (exit_context),32,45,0.7111111111111111,13
swe-agent:024102:PyCQA__flake8-bugbear-220,swe-agent,submitted (exit_context),14,651,0.021505376344086023,637
swe-agent:024103:PyCQA__flake8-bugbear-220,swe-agent,submitted (exit_context),30,49,0.6122448979591837,19
swe-agent:024105:QB3__sparse-ho-67,swe-agent,submitted (exit_context),16,59,0.2711864406779661,43
swe-agent:024115:QB3__sparse-ho-67,swe-agent,submitted (exit_context),48,87,0.5517241379310345,39
swe-agent:024127:ReproNim__reproman-508,swe-agent,submitted (exit_context),20,33,0.6060606060606061,13
swe-agent:024128:ReproNim__reproman-508,swe-agent,submitted (exit_context),24,95,0.25263157894736843,71
swe-agent:024138:ReproNim__reproman-508,swe-agent,submitted,36,39,0.9230769230769231,3
swe-agent:024174:alvinwan__TexSoup-138,swe-agent,submitted (exit_context),84,95,0.8842105263157894,11
swe-agent:024178:alvinwan__TexSoup-138,swe-agent,submitted (exit_context),42,63,0.6666666666666666,21
swe-agent:024179:alvinwan__TexSoup-138,swe-agent,submitted (exit_context),40,55,0.7272727272727273,15
swe-agent:024182:alvinwan__TexSoup-138,swe-agent,submitted,50,65,0.7692307692307693,15
swe-agent:024188:andialbrecht__sqlparse-231,swe-agent,exit_context,16,31,0.5161290322580645,15
swe-agent:024191:andialbrecht__sqlparse-231,swe-agent,exit_context,54,73,0.7397260273972602,19
swe-agent:024199:andialbrecht__sqlparse-231,swe-agent,submitted (exit_context),28,65,0.4307692307692308,37
swe-agent:024204:andialbrecht__sqlparse-231,swe-agent,exit_context,22,107,0.205607476635514,85
swe-agent:024206:andialbrecht__sqlparse-231,swe-agent,submitted,32,65,0.49230769230769234,33
swe-agent:024207:andialbrecht__sqlparse-231,swe-agent,submitted (exit_context),26,111,0.23423423423423423,85
swe-agent:024211:andialbrecht__sqlparse-231,swe-agent,submitted,22,31,0.7096774193548387,9
swe-agent:024216:andialbrecht__sqlparse-231,swe-agent,exit_context,22,35,0.6285714285714286,13
swe-agent:024222:andialbrecht__sqlparse-231,swe-agent,submitted,26,33,0.7878787878787878,7
swe-agent:024231:andialbrecht__sqlparse-633,swe-agent,submitted (exit_context),40,61,0.6557377049180327,21
swe-agent:024246:andialbrecht__sqlparse-633,swe-agent,submitted (exit_context),26,43,0.6046511627906976,17
swe-agent:024249:andialbrecht__sqlparse-633,swe-agent,submitted (exit_context),40,57,0.7017543859649122,17
swe-agent:024250:andialbrecht__sqlparse-633,swe-agent,submitted (exit_context),24,71,0.3380281690140845,47
swe-agent:024258:andialbrecht__sqlparse-633,swe-agent,submitted (exit_context),46,59,0.7796610169491526,13
swe-agent:024266:andialbrecht__sqlparse-633,swe-agent,submitted (exit_context),26,51,0.5098039215686274,25
swe-agent:024272:andialbrecht__sqlparse-633,swe-agent,submitted (exit_context),26,55,0.4727272727272727,29
swe-agent:024280:andialbrecht__sqlparse-633,swe-agent,submitted (exit_context),28,51,0.5490196078431373,23
swe-agent:024283:andialbrecht__sqlparse-633,swe-agent,submitted (exit_context),54,65,0.8307692307692308,11
swe-agent:024288:andialbrecht__sqlparse-633,swe-agent,early_exit,26,77,0.33766233766233766,51
swe-agent:024299:awdeorio__mailmerge-60,swe-agent,submitted,28,75,0.37333333333333335,47
swe-agent:024304:awdeorio__mailmerge-60,swe-agent,submitted (exit_context),62,95,0.6526315789473685,33
swe-agent:024309:awdeorio__mailmerge-60,swe-agent,submitted,10,47,0.2127659574468085,37
swe-agent:024322:cherrypy__cherrypy-1578,swe-agent,exit_context,20,69,0.2898550724637681,49
swe-agent:024352:cherrypy__cherrypy-1578,swe-agent,exit_context,32,49,0.6530612244897959,17
swe-agent:024403:cltk__cltk-661,swe-agent,submitted (exit_context),22,55,0.4,33
swe-agent:024407:coady__multimethod-23,swe-agent,submitted (exit_context),50,51,0.9803921568627451,1
swe-agent:024414:coady__multimethod-23,swe-agent,submitted (exit_context),64,67,0.9552238805970149,3
swe-agent:024416:coady__multimethod-23,swe-agent,submitted (exit_context),58,67,0.8656716417910447,9
swe-agent:024424:commitizen-tools__commitizen-552,swe-agent,exit_context,56,73,0.7671232876712328,17
swe-agent:024453:edgi-govdata-archiving__wayback-140,swe-agent,submitted (exit_context),40,483,0.08281573498964803,443
swe-agent:024462:edgi-govdata-archiving__wayback-140,swe-agent,exit_context,26,35,0.7428571428571429,9
swe-agent:024480:edgi-govdata-archiving__wayback-140,swe-agent,submitted (exit_context),24,71,0.3380281690140845,47
swe-agent:024485:edgi-govdata-archiving__wayback-140,swe-agent,submitted (exit_context),30,83,0.3614457831325301,53
swe-agent:024492:edgi-govdata-archiving__wayback-140,swe-agent,submitted (exit_context),18,133,0.13533834586466165,115
swe-agent:024498:edgi-govdata-archiving__wayback-140,swe-agent,exit_context,16,47,0.3404255319148936,31
swe-agent:024502:edgi-govdata-archiving__wayback-140,swe-agent,submitted (exit_context),20,195,0.10256410256410256,175
swe-agent:024522:fairlearn__fairlearn-644,swe-agent,submitted (exit_context),76,85,0.8941176470588236,9
swe-agent:024526:fairlearn__fairlearn-644,swe-agent,submitted (exit_context),58,91,0.6373626373626373,33
swe-agent:024548:fairlearn__fairlearn-644,swe-agent,submitted (exit_context),44,47,0.9361702127659575,3
swe-agent:024559:iterative__dvc-3088,swe-agent,submitted (exit_context),40,69,0.5797101449275363,29
swe-agent:024565:iterative__dvc-3088,swe-agent,submitted (exit_context),56,89,0.6292134831460674,33
swe-agent:024566:iterative__dvc-3088,swe-agent,early_exit,62,65,0.9538461538461539,3
swe-agent:024568:iterative__dvc-3088,swe-agent,early_exit,36,587,0.06132879045996593,551
swe-agent:024569:iterative__dvc-3088,swe-agent,submitted (exit_context),106,125,0.848,19
swe-agent:024571:iterative__dvc-5188,swe-agent,submitted,110,135,0.8148148148148148,25
swe-agent:024573:iterative__dvc-5188,swe-agent,submitted,26,63,0.4126984126984127,37
swe-agent:024583:iterative__dvc-5188,swe-agent,submitted (exit_context),84,179,0.4692737430167598,95
swe-agent:024587:iterative__dvc-8542,swe-agent,exit_context,22,93,0.23655913978494625,71
swe-agent:024596:iterative__dvc-8542,swe-agent,submitted,12,17,0.7058823529411765,5
swe-agent:024601:iterative__dvc-8542,swe-agent,submitted,14,23,0.6086956521739131,9
swe-agent:024602:iterative__dvc-8542,swe-agent,submitted,72,75,0.96,3
swe-agent:024617:iterative__dvc-8542,swe-agent,exit_context,46,103,0.44660194174757284,57
swe-agent:024623:iterative__dvc-8542,swe-agent,submitted,44,51,0.8627450980392157,7
swe-agent:024630:iterative__dvc-8542,swe-agent,exit_context,28,175,0.16,147
swe-agent:024641:kiwicom__structlog-sentry-19,swe-agent,submitted,16,19,0.8421052631578947,3
swe-agent:024663:line__line-bot-sdk-python-274,swe-agent,submitted,36,65,0.5538461538461539,29
swe-agent:024664:line__line-bot-sdk-python-274,swe-agent,early_exit,10,49,0.20408163265306123,39
swe-agent:024667:line__line-bot-sdk-python-274,swe-agent,submitted,10,23,0.43478260869565216,13
swe-agent:024670:line__line-bot-sdk-python-274,swe-agent,submitted,10,73,0.136986301369863,63
swe-agent:024673:line__line-bot-sdk-python-274,swe-agent,submitted,10,19,0.5263157894736842,9
swe-agent:024674:line__line-bot-sdk-python-274,swe-agent,submitted,10,33,0.30303030303030304,23
swe-agent:024681:line__line-bot-sdk-python-274,swe-agent,submitted,10,29,0.3448275862068966,19
swe-agent:024683:line__line-bot-sdk-python-274,swe-agent,submitted (exit_context),44,61,0.7213114754098361,17
swe-agent:024690:line__line-bot-sdk-python-274,swe-agent,submitted (exit_context),10,43,0.23255813953488372,33
swe-agent:024695:line__line-bot-sdk-python-274,swe-agent,submitted (exit_context),56,71,0.7887323943661971,15
swe-agent:024696:line__line-bot-sdk-python-274,swe-agent,submitted,10,47,0.2127659574468085,37
swe-agent:024718:macbre__sql-metadata-316,swe-agent,exit_context,36,49,0.7346938775510204,13
swe-agent:024719:macbre__sql-metadata-316,swe-agent,exit_context,20,61,0.32786885245901637,41
swe-agent:024731:macbre__sql-metadata-316,swe-agent,exit_context,46,67,0.6865671641791045,21
swe-agent:024736:macbre__sql-metadata-316,swe-agent,exit_context,32,75,0.4266666666666667,43
swe-agent:024737:macbre__sql-metadata-316,swe-agent,exit_context,36,53,0.6792452830188679,17
swe-agent:024738:macbre__sql-metadata-316,swe-agent,submitted,22,27,0.8148148148148148,5
swe-agent:024740:macbre__sql-metadata-316,swe-agent,exit_context,22,57,0.38596491228070173,35
swe-agent:024750:macbre__sql-metadata-316,swe-agent,exit_context,38,89,0.42696629213483145,51
swe-agent:024754:macbre__sql-metadata-316,swe-agent,submitted (exit_context),48,61,0.7868852459016393,13
swe-agent:024757:macbre__sql-metadata-316,swe-agent,submitted (exit_context),38,47,0.8085106382978723,9
swe-agent:024773:marshmallow-code__apispec-539,swe-agent,submitted,42,55,0.7636363636363637,13
swe-agent:024818:mathandy__svgpathtools-170,swe-agent,submitted (exit_context),28,55,0.509090909090909,27
swe-agent:024820:mathandy__svgpathtools-170,swe-agent,submitted (exit_context),48,61,0.7868852459016393,13
swe-agent:024825:mathandy__svgpathtools-170,swe-agent,submitted,20,53,0.37735849056603776,33
swe-agent:024846:mercadona__rele-188,swe-agent,submitted (exit_context),10,111,0.09009009009009009,101
swe-agent:024857:mercadona__rele-188,swe-agent,submitted (exit_context),52,93,0.5591397849462365,41
swe-agent:024928:networkx__networkx-5394,swe-agent,submitted (exit_context),38,51,0.7450980392156863,13
swe-agent:024930:networkx__networkx-5394,swe-agent,submitted (exit_context),24,43,0.5581395348837209,19
swe-agent:024931:networkx__networkx-5394,swe-agent,submitted (exit_context),58,109,0.5321100917431193,51
swe-agent:024932:networkx__networkx-5394,swe-agent,submitted (exit_context),22,43,0.5116279069767442,21
swe-agent:024934:networkx__networkx-5394,swe-agent,submitted,26,31,0.8387096774193549,5
swe-agent:024935:networkx__networkx-5394,swe-agent,submitted (exit_context),40,53,0.7547169811320755,13
swe-agent:024936:networkx__networkx-5394,swe-agent,submitted (exit_context),36,55,0.6545454545454545,19
swe-agent:024937:networkx__networkx-5394,swe-agent,submitted (exit_context),26,37,0.7027027027027027,11
swe-agent:024938:networkx__networkx-5394,swe-agent,submitted (exit_context),30,51,0.5882352941176471,21
swe-agent:024939:networkx__networkx-5394,swe-agent,submitted (exit_context),28,47,0.5957446808510638,19
swe-agent:024956:omni-us__jsonargparse-364,swe-agent,submitted (exit_context),26,67,0.3880597014925373,41
swe-agent:024968:omni-us__jsonargparse-405,swe-agent,submitted,52,73,0.7123287671232876,21
swe-agent:024990:osrf__rocker-23,swe-agent,exit_context,22,57,0.38596491228070173,35
swe-agent:024999:osrf__rocker-23,swe-agent,submitted,20,37,0.5405405405405406,17
swe-agent:025023:protolambda__remerkleable-21,swe-agent,submitted (exit_context),58,173,0.3352601156069364,115
swe-agent:025030:protolambda__remerkleable-21,swe-agent,submitted (exit_context),32,55,0.5818181818181818,23
swe-agent:025032:protolambda__remerkleable-21,swe-agent,submitted (exit_context),34,83,0.40963855421686746,49
swe-agent:025042:pvlib__pvlib-python-1073,swe-agent,submitted (exit_context),26,81,0.32098765432098764,55
swe-agent:025078:pydantic__pydantic-1991,swe-agent,submitted,30,45,0.6666666666666666,15
swe-agent:025089:pydantic__pydantic-1991,swe-agent,submitted (exit_context),32,61,0.5245901639344263,29
swe-agent:025091:pydantic__pydantic-1991,swe-agent,submitted,32,65,0.49230769230769234,33
swe-agent:025094:pydantic__pydantic-2461,swe-agent,submitted,30,45,0.6666666666666666,15
swe-agent:025095:pydantic__pydantic-2461,swe-agent,submitted (exit_context),20,67,0.29850746268656714,47
swe-agent:025097:pydantic__pydantic-2461,swe-agent,early_exit,22,63,0.3492063492063492,41
swe-agent:025102:pydantic__pydantic-2461,swe-agent,submitted (exit_context),50,69,0.7246376811594203,19
swe-agent:025103:pydantic__pydantic-2461,swe-agent,submitted (exit_context),46,51,0.9019607843137255,5
swe-agent:025106:pydantic__pydantic-2461,swe-agent,submitted (exit_context),46,57,0.8070175438596491,11
swe-agent:025119:pydantic__pydantic-4329,swe-agent,submitted,52,53,0.9811320754716981,1
swe-agent:025147:pydantic__pydantic-4383,swe-agent,submitted (exit_context),44,81,0.5432098765432098,37
swe-agent:025148:pydantic__pydantic-4383,swe-agent,submitted (exit_context),62,73,0.8493150684931506,11
swe-agent:025149:pydantic__pydantic-4383,swe-agent,submitted,32,53,0.6037735849056604,21
swe-agent:025150:pydantic__pydantic-4383,swe-agent,submitted_no_patch,26,47,0.5531914893617021,21
swe-agent:025151:pydantic__pydantic-4383,swe-agent,submitted (exit_context),48,87,0.5517241379310345,39
swe-agent:025156:pydantic__pydantic-4383,swe-agent,submitted (exit_context),58,97,0.5979381443298969,39
swe-agent:025160:pydantic__pydantic-4383,swe-agent,submitted (exit_context),72,85,0.8470588235294118,13
swe-agent:025168:pydantic__pydantic-4383,swe-agent,submitted,66,91,0.7252747252747253,25
swe-agent:025172:pydantic__pydantic-4383,swe-agent,submitted (exit_context),30,71,0.4225352112676056,41
swe-agent:025173:pydantic__pydantic-4383,swe-agent,submitted (exit_context),24,167,0.1437125748502994,143
swe-agent:025185:pydantic__pydantic-4383,swe-agent,submitted (exit_context),48,133,0.3609022556390977,85
swe-agent:025196:pydantic__pydantic-926,swe-agent,submitted,12,21,0.5714285714285714,9
swe-agent:025197:pydantic__pydantic-926,swe-agent,submitted,22,27,0.8148148148148148,5
swe-agent:025220:rachmadaniHaryono__we-get-11,swe-agent,submitted (exit_context),80,83,0.963855421686747,3
swe-agent:025239:spdx__tools-python-390,swe-agent,submitted (exit_context),46,85,0.5411764705882353,39
swe-agent:025246:spdx__tools-python-390,swe-agent,submitted (exit_context),78,151,0.5165562913907285,73
swe-agent:025257:spdx__tools-python-481,swe-agent,submitted,20,43,0.46511627906976744,23
swe-agent:025258:spdx__tools-python-481,swe-agent,submitted (exit_context),56,67,0.835820895522388,11
swe-agent:025287:springload__draftjs_exporter-57,swe-agent,exit_context,60,85,0.7058823529411765,25
swe-agent:025289:springload__draftjs_exporter-57,swe-agent,submitted (exit_context),38,71,0.5352112676056338,33
swe-agent:025291:springload__draftjs_exporter-57,swe-agent,submitted (exit_context),42,81,0.5185185185185185,39
swe-agent:025292:springload__draftjs_exporter-57,swe-agent,submitted,48,63,0.7619047619047619,15
swe-agent:025295:springload__draftjs_exporter-57,swe-agent,submitted (exit_context),32,99,0.32323232323232326,67
swe-agent:025305:springload__draftjs_exporter-57,swe-agent,submitted (exit_context),70,73,0.958904109589041,3
swe-agent:025307:springload__draftjs_exporter-57,swe-agent,submitted (exit_context),58,81,0.7160493827160493,23
swe-agent:025308:springload__draftjs_exporter-57,swe-agent,submitted,16,59,0.2711864406779661,43
swe-agent:025315:springload__draftjs_exporter-57,swe-agent,submitted (exit_context),20,163,0.12269938650306748,143
swe-agent:025316:springload__draftjs_exporter-57,swe-agent,early_exit,20,23,0.8695652173913043,3
swe-agent:025317:springload__draftjs_exporter-57,swe-agent,exit_context,28,37,0.7567567567567568,9
swe-agent:025322:springload__draftjs_exporter-57,swe-agent,submitted (exit_context),28,79,0.35443037974683544,51
swe-agent:025325:springload__draftjs_exporter-57,swe-agent,submitted (exit_context),34,47,0.723404255319149,13
swe-agent:025331:springload__draftjs_exporter-57,swe-agent,submitted (exit_context),22,61,0.36065573770491804,39
swe-agent:025341:Azure__msrestazure-for-python-55,swe-agent,submitted,30,57,0.5263157894736842,27
swe-agent:025370:PEtab-dev__libpetab-python-235,swe-agent,submitted (exit_context),82,99,0.8282828282828283,17
swe-agent:025394:PEtab-dev__libpetab-python-235,swe-agent,submitted,32,45,0.7111111111111111,13
swe-agent:025410:PyCQA__flake8-bugbear-342,swe-agent,submitted (exit_context),30,65,0.46153846153846156,35
swe-agent:025413:PyCQA__flake8-bugbear-342,swe-agent,submitted,32,39,0.8205128205128205,7
swe-agent:025417:PyCQA__pyflakes-472,swe-agent,submitted (exit_context),34,77,0.44155844155844154,43
swe-agent:025418:PyCQA__pyflakes-472,swe-agent,submitted (exit_context),10,119,0.08403361344537816,109
swe-agent:025419:PyCQA__pyflakes-472,swe-agent,submitted (exit_context),38,65,0.5846153846153846,27
swe-agent:025420:PyCQA__pyflakes-472,swe-agent,submitted (exit_context),38,67,0.5671641791044776,29
swe-agent:025423:PyCQA__pyflakes-472,swe-agent,submitted (exit_context),52,57,0.9122807017543859,5
swe-agent:025424:PyCQA__pyflakes-472,swe-agent,submitted (exit_context),26,97,0.26804123711340205,71
swe-agent:025425:PyCQA__pyflakes-472,swe-agent,submitted (exit_context),66,71,0.9295774647887324,5
swe-agent:025426:PyCQA__pyflakes-472,swe-agent,submitted (exit_context),28,63,0.4444444444444444,35
swe-agent:025427:PyCQA__pyflakes-472,swe-agent,exit_context,10,77,0.12987012987012986,67
swe-agent:025453:ReproNim__reproman-539,swe-agent,submitted (exit_context),58,59,0.9830508474576272,1
swe-agent:025458:Sceptre__sceptre-1249,swe-agent,submitted (exit_context),54,83,0.6506024096385542,29
swe-agent:025463:Sceptre__sceptre-1249,swe-agent,submitted (exit_context),62,149,0.4161073825503356,87
swe-agent:025486:Sceptre__sceptre-1249,swe-agent,submitted (exit_context),82,183,0.44808743169398907,101
swe-agent:025491:Sceptre__sceptre-1249,swe-agent,submitted,20,61,0.32786885245901637,41
swe-agent:025494:Sceptre__sceptre-1249,swe-agent,submitted (exit_context),16,93,0.17204301075268819,77
swe-agent:025498:Sceptre__sceptre-1249,swe-agent,submitted (exit_context),70,87,0.8045977011494253,17
swe-agent:025503:Sceptre__sceptre-1249,swe-agent,submitted (exit_context),38,55,0.6909090909090909,17
swe-agent:025507:Sceptre__sceptre-1249,swe-agent,submitted (exit_context),26,55,0.4727272727272727,29
swe-agent:025509:Sceptre__sceptre-1249,swe-agent,submitted (exit_context),28,53,0.5283018867924528,25
swe-agent:025565:WIPACrepo__iceprod-339,swe-agent,exit_context,24,71,0.3380281690140845,47
swe-agent:025584:WIPACrepo__iceprod-339,swe-agent,exit_context,52,81,0.6419753086419753,29
swe-agent:025591:WIPACrepo__iceprod-339,swe-agent,submitted (exit_context),34,67,0.5074626865671642,33
swe-agent:025592:WIPACrepo__iceprod-339,swe-agent,exit_context,18,47,0.3829787234042553,29
swe-agent:025596:WIPACrepo__iceprod-339,swe-agent,submitted (exit_context),32,139,0.2302158273381295,107
swe-agent:025686:common-workflow-language__cwltool-1760,swe-agent,submitted (exit_context),30,323,0.09287925696594428,293
swe-agent:025712:epogrebnyak__weo-reader-12,swe-agent,submitted (exit_context),36,199,0.18090452261306533,163
swe-agent:025716:epogrebnyak__weo-reader-12,swe-agent,submitted (exit_context),44,179,0.24581005586592178,135
swe-agent:025717:epogrebnyak__weo-reader-12,swe-agent,submitted (exit_context),56,67,0.835820895522388,11
swe-agent:025731:iterative__dvc-7845,swe-agent,exit_context,24,59,0.4067796610169492,35
swe-agent:025737:iterative__dvc-7845,swe-agent,exit_context,30,63,0.47619047619047616,33
swe-agent:025743:iterative__dvc-7845,swe-agent,exit_context,10,427,0.0234192037470726,417
swe-agent:025747:iterative__dvc-7845,swe-agent,submitted (exit_context),28,75,0.37333333333333335,47
swe-agent:025750:iterative__dvc-7845,swe-agent,exit_context,88,121,0.7272727272727273,33
swe-agent:025754:iterative__dvc-7845,swe-agent,exit_context,28,59,0.4745762711864407,31
swe-agent:025757:iterative__dvc-7845,swe-agent,exit_context,18,55,0.32727272727272727,37
swe-agent:025769:iterative__dvc-7845,swe-agent,submitted,10,109,0.09174311926605505,99
swe-agent:025770:iterative__dvc-7845,swe-agent,exit_context,16,523,0.030592734225621414,507
swe-agent:025772:iterative__dvc-7845,swe-agent,submitted (exit_context),28,553,0.05063291139240506,525
swe-agent:025773:iterative__dvc-7845,swe-agent,exit_context,66,129,0.5116279069767442,63
swe-agent:025775:iterative__dvc-7845,swe-agent,submitted (exit_context),36,83,0.43373493975903615,47
swe-agent:025785:iterative__dvc-7845,swe-agent,early_exit,34,75,0.4533333333333333,41
swe-agent:025791:iterative__dvc-7845,swe-agent,submitted (exit_context),64,97,0.6597938144329897,33
swe-agent:025792:iterative__dvc-7845,swe-agent,submitted (exit_context),18,85,0.21176470588235294,67
swe-agent:025797:iterative__dvc-7845,swe-agent,submitted (exit_context),16,95,0.16842105263157894,79
swe-agent:025806:iterative__dvc-8623,swe-agent,submitted (exit_context),28,79,0.35443037974683544,51
swe-agent:025814:iterative__dvc-8623,swe-agent,exit_context,26,105,0.24761904761904763,79
swe-agent:025819:iterative__dvc-8623,swe-agent,submitted (exit_context),30,111,0.2702702702702703,81
swe-agent:025822:iterative__dvc-9725,swe-agent,submitted,38,61,0.6229508196721312,23
swe-agent:025824:iterative__dvc-9725,swe-agent,submitted,56,137,0.40875912408759124,81
swe-agent:025829:iterative__dvc-9725,swe-agent,submitted (exit_context),54,77,0.7012987012987013,23
swe-agent:025846:lightstep__lightstep-tracer-python-109,swe-agent,submitted,30,47,0.6382978723404256,17
swe-agent:025869:lightstep__lightstep-tracer-python-109,swe-agent,submitted,26,29,0.896551724137931,3
swe-agent:025887:marcosschroh__dataclasses-avroschema-244,swe-agent,submitted (exit_context),38,77,0.4935064935064935,39
swe-agent:025991:metov__openeditor-4,swe-agent,submitted (exit_context),40,187,0.21390374331550802,147
swe-agent:026005:mps-gmbh__hl7-parser-27,swe-agent,submitted (exit_context),44,59,0.7457627118644068,15
swe-agent:026031:prefab-cloud__prefab-cloud-python-61,swe-agent,submitted,14,17,0.8235294117647058,3
swe-agent:026037:pvlib__pvlib-python-1852,swe-agent,submitted (exit_context),38,43,0.8837209302325582,5
swe-agent:026041:pydantic__pydantic-3847,swe-agent,submitted (exit_context),26,75,0.3466666666666667,49
swe-agent:026044:pydantic__pydantic-3847,swe-agent,submitted,58,69,0.8405797101449275,11
swe-agent:026045:pydantic__pydantic-3847,swe-agent,submitted,32,49,0.6530612244897959,17
swe-agent:026047:pydantic__pydantic-3847,swe-agent,submitted,52,67,0.7761194029850746,15
swe-agent:026051:pydantic__pydantic-3847,swe-agent,submitted (exit_context),14,83,0.1686746987951807,69
swe-agent:026054:pydantic__pydantic-3847,swe-agent,submitted (exit_context),32,117,0.27350427350427353,85
swe-agent:026056:pydantic__pydantic-3847,swe-agent,submitted (exit_context),40,101,0.39603960396039606,61
swe-agent:026057:pydantic__pydantic-3847,swe-agent,submitted (exit_context),32,73,0.4383561643835616,41
swe-agent:026059:pydantic__pydantic-3847,swe-agent,submitted (exit_context),30,59,0.5084745762711864,29
swe-agent:026060:pydantic__pydantic-3847,swe-agent,submitted,18,75,0.24,57
swe-agent:026065:pydantic__pydantic-3847,swe-agent,submitted,70,85,0.8235294117647058,15
swe-agent:026066:pydantic__pydantic-3847,swe-agent,submitted (exit_context),20,89,0.2247191011235955,69
swe-agent:026067:pydantic__pydantic-3847,swe-agent,submitted (exit_context),18,87,0.20689655172413793,69
swe-agent:026077:pydantic__pydantic-3847,swe-agent,submitted (exit_context),68,83,0.8192771084337349,15
swe-agent:026081:pydantic__pydantic-3847,swe-agent,submitted (exit_context),34,77,0.44155844155844154,43
swe-agent:026100:python-babel__flask-babel-230,swe-agent,submitted,12,15,0.8,3
swe-agent:026117:python-babel__flask-babel-230,swe-agent,submitted,96,103,0.9320388349514563,7
swe-agent:026145:pyvisa__pyvisa-774,swe-agent,submitted (exit_context),30,53,0.5660377358490566,23
swe-agent:026167:sealor__junkie-4,swe-agent,submitted,20,31,0.6451612903225806,11
swe-agent:026197:sloria__environs-77,swe-agent,submitted (exit_context),36,57,0.631578947368421,21
swe-agent:026236:smarie__python-makefun-97,swe-agent,submitted (exit_context),40,53,0.7547169811320755,13
swe-agent:026251:sqlfluff__sqlfluff-3330,swe-agent,submitted (exit_context),80,97,0.8247422680412371,17
swe-agent:026278:stummjr__flake8-scrapy-19,swe-agent,submitted,12,27,0.4444444444444444,15
swe-agent:026306:stummjr__flake8-scrapy-19,swe-agent,submitted (exit_context),34,63,0.5396825396825397,29
swe-agent:026307:stummjr__flake8-scrapy-19,swe-agent,submitted,10,25,0.4,15
swe-agent:026309:stummjr__flake8-scrapy-19,swe-agent,submitted (exit_context),22,43,0.5116279069767442,21
swe-agent:026313:terrencepreilly__darglint-24,swe-agent,exit_context,38,77,0.4935064935064935,39
swe-agent:026321:terrencepreilly__darglint-24,swe-agent,submitted (exit_context),24,85,0.2823529411764706,61
swe-agent:026331:terrencepreilly__darglint-24,swe-agent,submitted,38,45,0.8444444444444444,7
swe-agent:026336:terrencepreilly__darglint-24,swe-agent,submitted (exit_context),90,129,0.6976744186046512,39
swe-agent:026337:terrencepreilly__darglint-24,swe-agent,submitted,24,43,0.5581395348837209,19
swe-agent:026338:terrencepreilly__darglint-24,swe-agent,submitted,40,55,0.7272727272727273,15
swe-agent:026342:terrencepreilly__darglint-24,swe-agent,submitted,28,43,0.6511627906976745,15
swe-agent:026345:terrencepreilly__darglint-24,swe-agent,submitted,28,41,0.6829268292682927,13
swe-agent:026346:terrencepreilly__darglint-24,swe-agent,submitted,30,49,0.6122448979591837,19
swe-agent:026372:tobymao__sqlglot-2049,swe-agent,submitted (exit_context),52,117,0.4444444444444444,65
swe-agent:026373:tobymao__sqlglot-2049,swe-agent,submitted (exit_context),36,71,0.5070422535211268,35
swe-agent:026380:tobymao__sqlglot-2049,swe-agent,submitted (exit_context),30,49,0.6122448979591837,19
swe-agent:026394:tobymao__sqlglot-2049,swe-agent,early_exit,44,53,0.8301886792452831,9
swe-agent:026401:tobymao__sqlglot-2049,swe-agent,submitted (exit_context),46,71,0.647887323943662,25
swe-agent:026412:tobymao__sqlglot-2049,swe-agent,submitted (exit_context),58,61,0.9508196721311475,3
swe-agent:026415:tobymao__sqlglot-2049,swe-agent,submitted (exit_context),40,49,0.8163265306122449,9
swe-agent:026420:tobymao__sqlglot-2049,swe-agent,submitted (exit_context),16,49,0.32653061224489793,33
swe-agent:026443:tobymao__sqlglot-2800,swe-agent,submitted (exit_context),44,69,0.6376811594202898,25
swe-agent:026449:tobymao__sqlglot-2800,swe-agent,submitted (exit_context),50,83,0.6024096385542169,33
swe-agent:026468:tobymao__sqlglot-2800,swe-agent,submitted (exit_context),36,65,0.5538461538461539,29
swe-agent:026490:tonioo__sievelib-84,swe-agent,exit_context,28,85,0.32941176470588235,57
swe-agent:026500:tonioo__sievelib-84,swe-agent,exit_context,40,61,0.6557377049180327,21
swe-agent:026511:tonioo__sievelib-84,swe-agent,exit_context,20,287,0.06968641114982578,267
swe-agent:026527:tonioo__sievelib-84,swe-agent,submitted (exit_context),32,115,0.2782608695652174,83
swe-agent:026528:tonioo__sievelib-84,swe-agent,exit_context,20,121,0.1652892561983471,101
swe-agent:026530:tonioo__sievelib-84,swe-agent,exit_context,16,127,0.12598425196850394,111
swe-agent:026532:tonioo__sievelib-84,swe-agent,exit_context,14,117,0.11965811965811966,103
swe-agent:026539:tonioo__sievelib-84,swe-agent,submitted (exit_context),28,125,0.224,97
swe-agent:026549:vivisect__vivisect-447,swe-agent,exit_context,20,109,0.1834862385321101,89
swe-agent:026556:vivisect__vivisect-447,swe-agent,exit_context,16,59,0.2711864406779661,43
swe-agent:026558:vivisect__vivisect-447,swe-agent,submitted (exit_context),38,57,0.6666666666666666,19
swe-agent:026567:vivisect__vivisect-447,swe-agent,submitted,20,33,0.6060606060606061,13
swe-agent:026572:vivisect__vivisect-447,swe-agent,exit_context,36,67,0.5373134328358209,31
swe-agent:026587:vivisect__vivisect-447,swe-agent,exit_context,34,59,0.576271186440678,25
swe-agent:026602:vivisect__vivisect-447,swe-agent,submitted (exit_context),26,81,0.32098765432098764,55
swe-agent:026604:vivisect__vivisect-447,swe-agent,exit_context,32,51,0.6274509803921569,19
swe-agent:026616:zamzterz__Flask-pyoidc-28,swe-agent,exit_context,18,45,0.4,27
swe-agent:026620:zopefoundation__RestrictedPython-97,swe-agent,submitted (exit_context),20,73,0.273972602739726,53
swe-agent:026626:Azure__msrest-for-python-55,swe-agent,submitted (exit_context),10,145,0.06896551724137931,135
swe-agent:026640:Parquery__icontract-151,swe-agent,submitted (exit_context),22,89,0.24719101123595505,67
swe-agent:026658:Parquery__icontract-151,swe-agent,submitted,32,63,0.5079365079365079,31
swe-agent:026674:Parquery__icontract-151,swe-agent,submitted (exit_context),30,53,0.5660377358490566,23
swe-agent:026681:Parquery__icontract-151,swe-agent,submitted (exit_context),90,133,0.6766917293233082,43
swe-agent:026682:Parquery__icontract-151,swe-agent,submitted (exit_context),26,31,0.8387096774193549,5
swe-agent:026693:PyCQA__flake8-bugbear-385,swe-agent,submitted (exit_context),68,69,0.9855072463768116,1
swe-agent:026696:PyCQA__flake8-bugbear-385,swe-agent,submitted (exit_context),68,71,0.9577464788732394,3
swe-agent:026705:PyCQA__flake8-bugbear-385,swe-agent,submitted (exit_context),56,63,0.8888888888888888,7
swe-agent:026707:PyCQA__flake8-bugbear-385,swe-agent,submitted (exit_context),60,121,0.49586776859504134,61
swe-agent:026712:ResearchObject__ro-crate-py-166,swe-agent,submitted (exit_context),34,65,0.5230769230769231,31
swe-agent:026733:ResearchObject__ro-crate-py-166,swe-agent,exit_context,22,65,0.3384615384615385,43
swe-agent:026758:ResearchObject__ro-crate-py-166,swe-agent,exit_context,16,89,0.1797752808988764,73
swe-agent:026761:ResearchObject__ro-crate-py-166,swe-agent,submitted (exit_context),24,91,0.26373626373626374,67
swe-agent:026767:ShawHahnLab__igseq-43,swe-agent,submitted (exit_context),40,49,0.8163265306122449,9
swe-agent:026770:ShawHahnLab__igseq-43,swe-agent,exit_context,14,21,0.6666666666666666,7
swe-agent:026773:ShawHahnLab__igseq-43,swe-agent,submitted (exit_context),36,37,0.972972972972973,1
swe-agent:026781:ShawHahnLab__igseq-57,swe-agent,submitted (exit_context),28,77,0.36363636363636365,49
swe-agent:026786:ShawHahnLab__igseq-57,swe-agent,submitted (exit_context),36,83,0.43373493975903615,47
swe-agent:026809:ShawHahnLab__igseq-57,swe-agent,submitted (exit_context),18,83,0.21686746987951808,65
swe-agent:026822:ShawHahnLab__igseq-57,swe-agent,submitted (exit_context),28,65,0.4307692307692308,37
swe-agent:026827:ShawHahnLab__igseq-57,swe-agent,submitted,38,65,0.5846153846153846,27
swe-agent:026834:ShawHahnLab__igseq-57,swe-agent,submitted,24,35,0.6857142857142857,11
swe-agent:026852:adamchainz__apig-wsgi-80,swe-agent,submitted,40,51,0.7843137254901961,11
swe-agent:026901:awelzel__flake8-gl-codeclimate-15,swe-agent,submitted (exit_context),18,137,0.13138686131386862,119
swe-agent:026908:awelzel__flake8-gl-codeclimate-15,swe-agent,submitted (exit_context),14,417,0.03357314148681055,403
swe-agent:026912:awelzel__flake8-gl-codeclimate-15,swe-agent,submitted (exit_context),40,49,0.8163265306122449,9
swe-agent:026919:bimpression__sosw-90,swe-agent,submitted (exit_context),46,69,0.6666666666666666,23
swe-agent:026969:bpython__bpython-691,swe-agent,submitted (exit_context),28,65,0.4307692307692308,37
swe-agent:026972:bpython__bpython-691,swe-agent,exit_context,28,59,0.4745762711864407,31
swe-agent:026974:caleb531__automata-123,swe-agent,submitted (exit_context),30,53,0.5660377358490566,23
swe-agent:027003:carsonyl__pypac-69,swe-agent,submitted (exit_context),46,73,0.6301369863013698,27
swe-agent:027004:carsonyl__pypac-69,swe-agent,submitted (exit_context),56,69,0.8115942028985508,13
swe-agent:027005:collective__zpretty-36,swe-agent,submitted (exit_context),20,67,0.29850746268656714,47
swe-agent:027007:collective__zpretty-36,swe-agent,submitted (exit_context),20,153,0.13071895424836602,133
swe-agent:027010:collective__zpretty-36,swe-agent,submitted (exit_context),18,81,0.2222222222222222,63
swe-agent:027012:collective__zpretty-36,swe-agent,submitted (exit_context),36,93,0.3870967741935484,57
swe-agent:027029:cuthbertLab__music21-958,swe-agent,submitted (exit_context),52,159,0.3270440251572327,107
swe-agent:027030:cuthbertLab__music21-958,swe-agent,submitted (exit_context),40,85,0.47058823529411764,45
swe-agent:027033:cuthbertLab__music21-958,swe-agent,exit_context,40,59,0.6779661016949152,19
swe-agent:027049:cuthbertLab__music21-958,swe-agent,submitted (exit_context),46,79,0.5822784810126582,33
swe-agent:027052:cuthbertLab__music21-958,swe-agent,submitted (exit_context),36,117,0.3076923076923077,81
swe-agent:027054:cuthbertLab__music21-958,swe-agent,exit_context,26,353,0.07365439093484419,327
swe-agent:027069:cuthbertLab__music21-958,swe-agent,submitted (exit_context),38,101,0.37623762376237624,63
swe-agent:027072:cuthbertLab__music21-958,swe-agent,submitted (exit_context),40,423,0.09456264775413711,383
swe-agent:027076:cuthbertLab__music21-958,swe-agent,submitted (exit_context),44,49,0.8979591836734694,5
swe-agent:027080:cuthbertLab__music21-958,swe-agent,submitted (exit_context),28,431,0.06496519721577726,403
swe-agent:027084:cuthbertLab__music21-958,swe-agent,submitted (exit_context),40,143,0.27972027972027974,103
swe-agent:027085:cuthbertLab__music21-958,swe-agent,submitted (exit_context),46,77,0.5974025974025974,31
swe-agent:027097:cuthbertLab__music21-958,swe-agent,submitted,26,35,0.7428571428571429,9
swe-agent:027101:cuthbertLab__music21-958,swe-agent,submitted,72,73,0.9863013698630136,1
swe-agent:027104:cuthbertLab__music21-958,swe-agent,submitted (exit_context),76,215,0.35348837209302325,139
swe-agent:027131:duecredit__duecredit-86,swe-agent,exit_context,28,49,0.5714285714285714,21
swe-agent:027134:duecredit__duecredit-86,swe-agent,exit_context,34,55,0.6181818181818182,21
swe-agent:027143:duecredit__duecredit-86,swe-agent,submitted (exit_context),28,83,0.3373493975903614,55
swe-agent:027171:encode__typesystem-65,swe-agent,submitted,34,77,0.44155844155844154,43
swe-agent:027209:fronzbot__blinkpy-401,swe-agent,submitted (exit_context),40,69,0.5797101449275363,29
swe-agent:027214:fronzbot__blinkpy-401,swe-agent,early_exit,26,113,0.23008849557522124,87
swe-agent:027218:fronzbot__blinkpy-401,swe-agent,submitted (exit_context),40,67,0.5970149253731343,27
swe-agent:027220:fronzbot__blinkpy-401,swe-agent,submitted (exit_context),18,97,0.18556701030927836,79
swe-agent:027221:fronzbot__blinkpy-401,swe-agent,submitted (exit_context),36,67,0.5373134328358209,31
swe-agent:027227:fronzbot__blinkpy-401,swe-agent,early_exit,36,61,0.5901639344262295,25
swe-agent:027231:fronzbot__blinkpy-401,swe-agent,submitted,48,85,0.5647058823529412,37
swe-agent:027235:fronzbot__blinkpy-401,swe-agent,submitted (exit_context),42,155,0.2709677419354839,113
swe-agent:027237:fronzbot__blinkpy-401,swe-agent,submitted (exit_context),34,87,0.39080459770114945,53
swe-agent:027269:fsspec__filesystem_spec-1479,swe-agent,submitted (exit_context),44,57,0.7719298245614035,13
swe-agent:027307:globus__globus-sdk-python-261,swe-agent,submitted (exit_context),32,55,0.5818181818181818,23
swe-agent:027313:hhursev__recipe-scrapers-839,swe-agent,submitted (exit_context),42,101,0.4158415841584158,59
swe-agent:027323:hhursev__recipe-scrapers-839,swe-agent,submitted (exit_context),76,85,0.8941176470588236,9
swe-agent:027336:intel__dffml-266,swe-agent,submitted (exit_context),64,87,0.735632183908046,23
swe-agent:027348:iterative__dvc-3576,swe-agent,submitted (exit_context),52,103,0.5048543689320388,51
swe-agent:027349:iterative__dvc-3576,swe-agent,submitted (exit_context),28,91,0.3076923076923077,63
swe-agent:027350:iterative__dvc-3576,swe-agent,submitted (exit_context),32,81,0.3950617283950617,49
swe-agent:027357:iterative__dvc-3806,swe-agent,submitted (exit_context),50,69,0.7246376811594203,19
swe-agent:027358:iterative__dvc-3806,swe-agent,submitted (exit_context),30,123,0.24390243902439024,93
swe-agent:027361:iterative__dvc-3806,swe-agent,submitted (exit_context),44,121,0.36363636363636365,77
swe-agent:027368:iterative__dvc-3806,swe-agent,submitted (exit_context),32,71,0.4507042253521127,39
swe-agent:027374:iterative__dvc-4059,swe-agent,submitted,24,51,0.47058823529411764,27
swe-agent:027377:iterative__dvc-4059,swe-agent,early_exit,46,77,0.5974025974025974,31
swe-agent:027380:iterative__dvc-4059,swe-agent,submitted,36,77,0.4675324675324675,41
swe-agent:027381:iterative__dvc-4059,swe-agent,submitted (exit_context),12,55,0.21818181818181817,43
swe-agent:027385:iterative__dvc-4059,swe-agent,submitted (exit_context),18,91,0.1978021978021978,73
swe-agent:027387:iterative__dvc-4059,swe-agent,submitted,24,45,0.5333333333333333,21
swe-agent:027391:iterative__dvc-8596,swe-agent,submitted,22,47,0.46808510638297873,25
swe-agent:027397:iterative__dvc-8596,swe-agent,early_exit,32,39,0.8205128205128205,7
swe-agent:027407:iterative__dvc-9646,swe-agent,early_exit,24,241,0.0995850622406639,217
swe-agent:027409:iterative__dvc-9646,swe-agent,early_exit,78,221,0.35294117647058826,143
swe-agent:027412:iterative__dvc-9646,swe-agent,submitted,14,97,0.14432989690721648,83
swe-agent:027420:iterative__dvc-9646,swe-agent,submitted (exit_context),84,115,0.7304347826086957,31
swe-agent:027426:ithaka__apiron-38,swe-agent,submitted (exit_context),60,101,0.594059405940594,41
swe-agent:027433:ithaka__apiron-38,swe-agent,submitted,18,71,0.2535211267605634,53
swe-agent:027442:ithaka__apiron-38,swe-agent,submitted (exit_context),28,95,0.29473684210526313,67
swe-agent:027458:ithaka__apiron-38,swe-agent,submitted (exit_context),60,71,0.8450704225352113,11
swe-agent:027466:jmoiron__humanize-123,swe-agent,submitted (exit_context),32,57,0.5614035087719298,25
swe-agent:027467:jmoiron__humanize-123,swe-agent,submitted (exit_context),26,57,0.45614035087719296,31
swe-agent:027472:jmoiron__humanize-123,swe-agent,exit_context,16,67,0.23880597014925373,51
swe-agent:027484:jugmac00__hibpcli-34,swe-agent,exit_context,22,63,0.3492063492063492,41
swe-agent:027488:jugmac00__hibpcli-34,swe-agent,submitted (exit_context),50,71,0.704225352112676,21
swe-agent:027491:kinnala__scikit-fem-622,swe-agent,submitted (exit_context),66,77,0.8571428571428571,11
swe-agent:027549:lovasoa__marshmallow_dataclass-76,swe-agent,submitted (exit_context),52,71,0.7323943661971831,19
swe-agent:027550:lovasoa__marshmallow_dataclass-76,swe-agent,submitted (exit_context),42,59,0.711864406779661,17
swe-agent:027553:lovasoa__marshmallow_dataclass-76,swe-agent,submitted,22,31,0.7096774193548387,9
swe-agent:027568:mapbox__mapbox-sdk-py-128,swe-agent,submitted,26,47,0.5531914893617021,21
swe-agent:027577:mapbox__mapbox-sdk-py-128,swe-agent,submitted,18,21,0.8571428571428571,3
swe-agent:027589:mapbox__mapbox-sdk-py-128,swe-agent,submitted,14,27,0.5185185185185185,13
swe-agent:027593:mapbox__mapbox-sdk-py-128,swe-agent,submitted,10,49,0.20408163265306123,39
swe-agent:027598:mapbox__mapbox-sdk-py-128,swe-agent,submitted (exit_context),66,81,0.8148148148148148,15
swe-agent:027603:mapbox__mapbox-sdk-py-128,swe-agent,submitted (exit_context),50,59,0.847457627118644,9
swe-agent:027605:marshmallow-code__apispec-361,swe-agent,submitted (exit_context),10,63,0.15873015873015872,53
swe-agent:027606:marshmallow-code__apispec-361,swe-agent,submitted,12,37,0.32432432432432434,25
swe-agent:027608:marshmallow-code__apispec-361,swe-agent,submitted (exit_context),24,39,0.6153846153846154,15
swe-agent:027609:marshmallow-code__apispec-361,swe-agent,submitted (exit_context),22,35,0.6285714285714286,13
swe-agent:027610:marshmallow-code__apispec-361,swe-agent,submitted (exit_context),10,39,0.2564102564102564,29
swe-agent:027612:marshmallow-code__apispec-361,swe-agent,submitted (exit_context),48,203,0.23645320197044334,155
swe-agent:027613:marshmallow-code__apispec-361,swe-agent,submitted (exit_context),10,41,0.24390243902439024,31
swe-agent:027616:marshmallow-code__apispec-361,swe-agent,submitted,12,53,0.22641509433962265,41
swe-agent:027617:marshmallow-code__apispec-361,swe-agent,submitted (exit_context),34,45,0.7555555555555555,11
swe-agent:027619:marshmallow-code__apispec-361,swe-agent,submitted (exit_context),22,39,0.5641025641025641,17
swe-agent:027621:marshmallow-code__apispec-671,swe-agent,submitted (exit_context),34,81,0.41975308641975306,47
swe-agent:027628:marshmallow-code__apispec-671,swe-agent,submitted,24,35,0.6857142857142857,11
swe-agent:027632:marshmallow-code__apispec-671,swe-agent,submitted (exit_context),36,59,0.6101694915254238,23
swe-agent:027638:marshmallow-code__apispec-671,swe-agent,submitted,30,45,0.6666666666666666,15
swe-agent:027641:matthewwithanm__python-markdownify-114,swe-agent,submitted,44,67,0.6567164179104478,23
swe-agent:027673:matthewwithanm__python-markdownify-114,swe-agent,submitted,20,43,0.46511627906976744,23
swe-agent:027728:mps-gmbh__hl7-parser-22,swe-agent,submitted (exit_context),34,227,0.14977973568281938,193
swe-agent:027729:mps-gmbh__hl7-parser-22,swe-agent,submitted (exit_context),40,59,0.6779661016949152,19
swe-agent:027731:mps-gmbh__hl7-parser-22,swe-agent,submitted (exit_context),30,65,0.46153846153846156,35
swe-agent:027735:mps-gmbh__hl7-parser-22,swe-agent,submitted (exit_context),28,89,0.3146067415730337,61
swe-agent:027736:mps-gmbh__hl7-parser-22,swe-agent,submitted (exit_context),20,35,0.5714285714285714,15
swe-agent:027739:mps-gmbh__hl7-parser-22,swe-agent,submitted,20,57,0.3508771929824561,37
swe-agent:027740:mps-gmbh__hl7-parser-22,swe-agent,submitted (exit_context),36,61,0.5901639344262295,25
swe-agent:027742:mps-gmbh__hl7-parser-22,swe-agent,submitted (exit_context),56,101,0.5544554455445545,45
swe-agent:027745:mps-gmbh__hl7-parser-22,swe-agent,submitted (exit_context),66,81,0.8148148148148148,15
swe-agent:027752:nithinmurali__pygsheets-572,swe-agent,submitted,14,41,0.34146341463414637,27
swe-agent:027761:nithinmurali__pygsheets-572,swe-agent,submitted (exit_context),28,197,0.14213197969543148,169
swe-agent:027763:nithinmurali__pygsheets-572,swe-agent,submitted (exit_context),20,71,0.28169014084507044,51
swe-agent:027767:numpy__numpydoc-175,swe-agent,submitted (exit_context),52,71,0.7323943661971831,19
swe-agent:027773:numpy__numpydoc-175,swe-agent,submitted (exit_context),30,59,0.5084745762711864,29
swe-agent:027775:omni-us__jsonargparse-233,swe-agent,submitted,8,45,0.17777777777777778,37
swe-agent:027825:postlund__pyatv-944,swe-agent,submitted,42,65,0.6461538461538462,23
swe-agent:027826:postlund__pyatv-944,swe-agent,submitted,44,71,0.6197183098591549,27
swe-agent:027829:postlund__pyatv-944,swe-agent,submitted (exit_context),32,87,0.367816091954023,55
swe-agent:027842:pre-commit__pre-commit-1448,swe-agent,submitted,14,27,0.5185185185185185,13
swe-agent:027852:pydantic__pydantic-1093,swe-agent,submitted (exit_context),26,75,0.3466666666666667,49
swe-agent:027853:pydantic__pydantic-1093,swe-agent,submitted (exit_context),20,105,0.19047619047619047,85
swe-agent:027854:pydantic__pydantic-1093,swe-agent,submitted (exit_context),16,55,0.2909090909090909,39
swe-agent:027859:pydantic__pydantic-1093,swe-agent,submitted (exit_context),48,105,0.45714285714285713,57
swe-agent:027863:pydantic__pydantic-1093,swe-agent,submitted (exit_context),56,117,0.47863247863247865,61
swe-agent:027864:pydantic__pydantic-1093,swe-agent,submitted (exit_context),16,89,0.1797752808988764,73
swe-agent:027865:pydantic__pydantic-1093,swe-agent,submitted (exit_context),28,91,0.3076923076923077,63
swe-agent:027871:pydantic__pydantic-2356,swe-agent,exit_context,30,65,0.46153846153846156,35
swe-agent:027876:pydantic__pydantic-2356,swe-agent,submitted (exit_context),38,101,0.37623762376237624,63
swe-agent:027883:pydantic__pydantic-2356,swe-agent,submitted,46,57,0.8070175438596491,11
swe-agent:027888:pydantic__pydantic-2479,swe-agent,submitted,26,103,0.2524271844660194,77
swe-agent:027893:pydantic__pydantic-2479,swe-agent,submitted (exit_context),58,111,0.5225225225225225,53
swe-agent:027898:pydantic__pydantic-2479,swe-agent,submitted,28,57,0.49122807017543857,29
swe-agent:027903:pydantic__pydantic-2479,swe-agent,submitted (exit_context),76,81,0.9382716049382716,5
swe-agent:027906:pydantic__pydantic-2479,swe-agent,submitted (exit_context),50,135,0.37037037037037035,85
swe-agent:027908:pydantic__pydantic-2479,swe-agent,submitted (exit_context),38,143,0.26573426573426573,105
swe-agent:027913:pydantic__pydantic-2479,swe-agent,submitted,16,43,0.37209302325581395,27
swe-agent:027915:pydantic__pydantic-2479,swe-agent,submitted (exit_context),34,131,0.2595419847328244,97
swe-agent:027919:pydantic__pydantic-2479,swe-agent,submitted (exit_context),38,49,0.7755102040816326,11
swe-agent:027927:pydantic__pydantic-2479,swe-agent,submitted (exit_context),44,139,0.31654676258992803,95
swe-agent:027934:pydantic__pydantic-5449,swe-agent,submitted,30,67,0.44776119402985076,37
swe-agent:027936:pydantic__pydantic-5449,swe-agent,submitted (exit_context),32,205,0.15609756097560976,173
swe-agent:027939:pydantic__pydantic-5449,swe-agent,submitted (exit_context),14,295,0.04745762711864407,281
swe-agent:027942:pydantic__pydantic-5449,swe-agent,early_exit,62,105,0.5904761904761905,43
swe-agent:027943:pydantic__pydantic-5449,swe-agent,submitted,32,67,0.47761194029850745,35
swe-agent:027945:pydantic__pydantic-5449,swe-agent,submitted (exit_context),86,179,0.48044692737430167,93
swe-agent:027949:pydantic__pydantic-5449,swe-agent,submitted (exit_context),34,297,0.11447811447811448,263
swe-agent:027953:pydantic__pydantic-5449,swe-agent,submitted (exit_context),124,131,0.9465648854961832,7
swe-agent:027957:pydantic__pydantic-5449,swe-agent,submitted (exit_context),32,97,0.32989690721649484,65
swe-agent:027958:pydantic__pydantic-5449,swe-agent,submitted (exit_context),70,77,0.9090909090909091,7
swe-agent:027959:pydantic__pydantic-5449,swe-agent,submitted (exit_context),38,131,0.2900763358778626,93
swe-agent:027961:pydantic__pydantic-5449,swe-agent,submitted (exit_context),38,55,0.6909090909090909,17
swe-agent:027965:pydantic__pydantic-5449,swe-agent,submitted (exit_context),78,93,0.8387096774193549,15
swe-agent:027979:pypa__cibuildwheel-829,swe-agent,submitted (exit_context),32,85,0.3764705882352941,53
swe-agent:028006:spdx__tools-python-458,swe-agent,submitted (exit_context),68,83,0.8192771084337349,15
swe-agent:028041:stitchfix__nodebook-8,swe-agent,submitted,30,43,0.6976744186046512,13
swe-agent:028059:suminb__base62-22,swe-agent,submitted (exit_context),20,79,0.25316455696202533,59
swe-agent:028067:tobymao__sqlglot-1549,swe-agent,exit_context,26,73,0.3561643835616438,47
swe-agent:028121:3YOURMIND__django-migration-linter-47,swe-agent,exit_context,22,105,0.20952380952380953,83
swe-agent:028200:PyCQA__pyflakes-668,swe-agent,submitted (exit_context),30,85,0.35294117647058826,55
swe-agent:028210:RDFLib__rdflib-2221,swe-agent,submitted (exit_context),48,61,0.7868852459016393,13
swe-agent:028211:RDFLib__rdflib-2221,swe-agent,submitted (exit_context),70,85,0.8235294117647058,15
swe-agent:028212:RDFLib__rdflib-2221,swe-agent,submitted (exit_context),30,65,0.46153846153846156,35
swe-agent:028224:ResearchObject__ro-crate-py-102,swe-agent,submitted (exit_context),36,107,0.3364485981308411,71
swe-agent:028240:SpikeInterface__spikeinterface-961,swe-agent,submitted,26,27,0.9629629629629629,1
swe-agent:028243:WPI-MMR__gym_solo-38,swe-agent,exit_context,20,63,0.31746031746031744,43
swe-agent:028245:WPI-MMR__gym_solo-38,swe-agent,exit_context,36,73,0.4931506849315068,37
swe-agent:028246:WPI-MMR__gym_solo-38,swe-agent,early_exit,20,197,0.10152284263959391,177
swe-agent:028247:WPI-MMR__gym_solo-38,swe-agent,submitted,14,37,0.3783783783783784,23
swe-agent:028249:WPI-MMR__gym_solo-38,swe-agent,exit_context,16,67,0.23880597014925373,51
swe-agent:028252:WPI-MMR__gym_solo-38,swe-agent,exit_context,12,67,0.1791044776119403,55
swe-agent:028253:WPI-MMR__gym_solo-38,swe-agent,submitted,18,25,0.72,7
swe-agent:028254:WPI-MMR__gym_solo-38,swe-agent,exit_context,20,75,0.26666666666666666,55
swe-agent:028255:WPI-MMR__gym_solo-38,swe-agent,exit_context,16,75,0.21333333333333335,59
swe-agent:028257:WPI-MMR__gym_solo-38,swe-agent,exit_context,14,75,0.18666666666666668,61
swe-agent:028269:aesara-devs__aesara-779,swe-agent,submitted (exit_context),28,111,0.25225225225225223,83
swe-agent:028278:aio-libs__aiosmtpd-309,swe-agent,submitted (exit_context),14,41,0.34146341463414637,27
swe-agent:028289:alanmcruickshank__sqlfluff-231,swe-agent,submitted (exit_context),42,43,0.9767441860465116,1
swe-agent:028311:alanmcruickshank__sqlfluff-231,swe-agent,submitted (exit_context),30,33,0.9090909090909091,3
swe-agent:028323:alanmcruickshank__sqlfluff-231,swe-agent,submitted (exit_context),54,57,0.9473684210526315,3
swe-agent:028326:alanmcruickshank__sqlfluff-231,swe-agent,submitted (exit_context),38,45,0.8444444444444444,7
swe-agent:028333:alanmcruickshank__sqlfluff-231,swe-agent,submitted (exit_context),50,201,0.24875621890547264,151
swe-agent:028335:alanmcruickshank__sqlfluff-231,swe-agent,submitted (exit_context),28,39,0.717948717948718,11
swe-agent:028344:alanmcruickshank__sqlfluff-231,swe-agent,submitted (exit_context),40,63,0.6349206349206349,23
swe-agent:028347:altair-viz__altair-3128,swe-agent,submitted (exit_context),18,87,0.20689655172413793,69
swe-agent:028377:asottile__tokenize-rt-3,swe-agent,submitted (exit_context),50,69,0.7246376811594203,19
swe-agent:028378:asottile__tokenize-rt-3,swe-agent,submitted,36,87,0.41379310344827586,51
swe-agent:028391:asottile__yesqa-4,swe-agent,submitted (exit_context),20,59,0.3389830508474576,39
swe-agent:028430:asottile__yesqa-4,swe-agent,submitted (exit_context),120,123,0.975609756097561,3
swe-agent:028445:astropenguin__pandas-dataclasses-23,swe-agent,submitted (exit_context),16,189,0.08465608465608465,173
swe-agent:028446:astropenguin__pandas-dataclasses-23,swe-agent,submitted,46,47,0.9787234042553191,1
swe-agent:028458:astropy__astroquery-2318,swe-agent,submitted (exit_context),30,45,0.6666666666666666,15
swe-agent:028483:beetbox__beets-3805,swe-agent,submitted,26,47,0.5531914893617021,21
swe-agent:028496:beetbox__beets-3805,swe-agent,submitted (exit_context),42,63,0.6666666666666666,21
swe-agent:028508:biolink__biolinkml-130,swe-agent,submitted (exit_context),68,79,0.8607594936708861,11
swe-agent:028512:chriskuehl__rustenv-15,swe-agent,submitted (exit_context),30,83,0.3614457831325301,53
swe-agent:028519:chriskuehl__rustenv-15,swe-agent,submitted,74,87,0.8505747126436781,13
swe-agent:028521:chriskuehl__rustenv-15,swe-agent,submitted (exit_context),30,63,0.47619047619047616,33
swe-agent:028534:claudep__swiss-qr-bill-87,swe-agent,submitted (exit_context),30,85,0.35294117647058826,55
swe-agent:028575:datadriventests__ddt-98,swe-agent,submitted (exit_context),14,41,0.34146341463414637,27
swe-agent:028613:datalad__datalad-next-222,swe-agent,submitted (exit_context),20,39,0.5128205128205128,19
swe-agent:028618:datalad__datalad-next-222,swe-agent,submitted (exit_context),60,61,0.9836065573770492,1
swe-agent:028619:datalad__datalad-next-222,swe-agent,submitted (exit_context),64,79,0.810126582278481,15
swe-agent:028631:datalad__datalad-next-577,swe-agent,submitted (exit_context),90,123,0.7317073170731707,33
swe-agent:028642:datalad__datalad-next-577,swe-agent,submitted,28,85,0.32941176470588235,57
swe-agent:028661:datalad__datalad-next-577,swe-agent,submitted,28,41,0.6829268292682927,13
swe-agent:028663:davidchall__topas2numpy-13,swe-agent,exit_context,30,37,0.8108108108108109,7
swe-agent:028664:davidchall__topas2numpy-13,swe-agent,exit_context,38,75,0.5066666666666667,37
swe-agent:028665:davidchall__topas2numpy-13,swe-agent,exit_context,26,57,0.45614035087719296,31
swe-agent:028666:davidchall__topas2numpy-13,swe-agent,exit_context,24,37,0.6486486486486487,13
swe-agent:028667:davidchall__topas2numpy-13,swe-agent,exit_context,30,93,0.3225806451612903,63
swe-agent:028668:davidchall__topas2numpy-13,swe-agent,submitted (exit_context),52,95,0.5473684210526316,43
swe-agent:028671:davidchall__topas2numpy-13,swe-agent,exit_context,22,55,0.4,33
swe-agent:028674:davidchall__topas2numpy-13,swe-agent,exit_context,24,69,0.34782608695652173,45
swe-agent:028730:drvinceknight__nbchkr-19,swe-agent,exit_context,24,89,0.2696629213483146,65
swe-agent:028749:fitbenchmarking__fitbenchmarking-619,swe-agent,submitted (exit_context),48,123,0.3902439024390244,75
swe-agent:028758:getsentry__responses-370,swe-agent,submitted (exit_context),68,129,0.5271317829457365,61
swe-agent:028792:glotzerlab__rowan-18,swe-agent,submitted (exit_context),44,47,0.9361702127659575,3
swe-agent:028796:glotzerlab__rowan-18,swe-agent,submitted (exit_context),32,37,0.8648648648648649,5
swe-agent:028804:glotzerlab__rowan-18,swe-agent,submitted (exit_context),30,33,0.9090909090909091,3
swe-agent:028816:glotzerlab__rowan-18,swe-agent,submitted (exit_context),30,53,0.5660377358490566,23
swe-agent:028820:glotzerlab__rowan-18,swe-agent,submitted (exit_context),24,29,0.8275862068965517,5
swe-agent:028821:glotzerlab__rowan-18,swe-agent,submitted (exit_context),30,31,0.967741935483871,1
swe-agent:028825:glotzerlab__rowan-18,swe-agent,submitted (exit_context),30,31,0.967741935483871,1
swe-agent:028826:glotzerlab__rowan-18,swe-agent,submitted (exit_context),34,39,0.8717948717948718,5
swe-agent:028828:glotzerlab__rowan-18,swe-agent,submitted (exit_context),34,57,0.5964912280701754,23
swe-agent:028832:graphql-python__graphene-644,swe-agent,submitted,18,31,0.5806451612903226,13
swe-agent:028840:graphql-python__graphene-644,swe-agent,submitted (exit_context),98,113,0.8672566371681416,15
swe-agent:028841:graphql-python__graphene-644,swe-agent,submitted,28,49,0.5714285714285714,21
swe-agent:028842:graphql-python__graphene-644,swe-agent,exit_context,20,87,0.22988505747126436,67
swe-agent:028852:graphql-python__graphene-644,swe-agent,submitted,18,27,0.6666666666666666,9
swe-agent:028853:graphql-python__graphene-644,swe-agent,submitted,20,75,0.26666666666666666,55
swe-agent:028859:graphql-python__graphene-644,swe-agent,submitted,24,39,0.6153846153846154,15
swe-agent:028861:graphql-python__graphene-644,swe-agent,exit_context,16,159,0.10062893081761007,143
swe-agent:028869:graphql-python__graphene-644,swe-agent,submitted,20,37,0.5405405405405406,17
swe-agent:028887:iterative__dvc-3891,swe-agent,submitted (exit_context),24,57,0.42105263157894735,33
swe-agent:028895:iterative__dvc-3891,swe-agent,submitted (exit_context),14,85,0.16470588235294117,71
swe-agent:028896:iterative__dvc-3891,swe-agent,submitted (exit_context),36,109,0.3302752293577982,73
swe-agent:028898:iterative__dvc-3891,swe-agent,exit_context,14,49,0.2857142857142857,35
swe-agent:028901:iterative__dvc-3891,swe-agent,submitted (exit_context),22,57,0.38596491228070173,35
swe-agent:028904:iterative__dvc-3891,swe-agent,early_exit,16,25,0.64,9
swe-agent:028907:iterative__dvc-3891,swe-agent,submitted,26,41,0.6341463414634146,15
swe-agent:028908:iterative__dvc-3891,swe-agent,submitted (exit_context),16,115,0.1391304347826087,99
swe-agent:028909:iterative__dvc-3891,swe-agent,submitted,50,57,0.8771929824561403,7
swe-agent:028913:iterative__dvc-3891,swe-agent,submitted,36,65,0.5538461538461539,29
swe-agent:028916:iterative__dvc-3891,swe-agent,submitted,14,41,0.34146341463414637,27
swe-agent:028921:iterative__dvc-3891,swe-agent,submitted (exit_context),22,105,0.20952380952380953,83
swe-agent:028923:iterative__dvc-3891,swe-agent,submitted (exit_context),26,99,0.26262626262626265,73
swe-agent:028926:iterative__dvc-3891,swe-agent,exit_context,14,59,0.23728813559322035,45
swe-agent:028929:iterative__dvc-3891,swe-agent,submitted (exit_context),28,37,0.7567567567567568,9
swe-agent:028934:iterative__dvc-4488,swe-agent,submitted (exit_context),16,79,0.20253164556962025,63
swe-agent:028935:iterative__dvc-4488,swe-agent,submitted (exit_context),10,87,0.11494252873563218,77
swe-agent:028936:iterative__dvc-4488,swe-agent,submitted (exit_context),26,27,0.9629629629629629,1
swe-agent:028937:iterative__dvc-4488,swe-agent,submitted (exit_context),40,85,0.47058823529411764,45
swe-agent:028938:iterative__dvc-4488,swe-agent,submitted (exit_context),46,75,0.6133333333333333,29
swe-agent:028939:iterative__dvc-4488,swe-agent,submitted,50,69,0.7246376811594203,19
swe-agent:028941:iterative__dvc-4488,swe-agent,submitted (exit_context),34,111,0.3063063063063063,77
swe-agent:028943:iterative__dvc-4488,swe-agent,submitted,26,33,0.7878787878787878,7
swe-agent:028945:iterative__dvc-4488,swe-agent,submitted (exit_context),26,119,0.2184873949579832,93
swe-agent:028947:iterative__dvc-4642,swe-agent,submitted,66,67,0.9850746268656716,1
swe-agent:028960:iterative__dvc-4642,swe-agent,submitted,80,113,0.7079646017699115,33
swe-agent:028961:iterative__dvc-4642,swe-agent,submitted (exit_context),64,91,0.7032967032967034,27
swe-agent:028983:just-work__fffw-70,swe-agent,exit_context,26,57,0.45614035087719296,31
swe-agent:028987:just-work__fffw-70,swe-agent,submitted (exit_context),58,61,0.9508196721311475,3
swe-agent:028992:just-work__fffw-70,swe-agent,exit_context,52,67,0.7761194029850746,15
swe-agent:029005:just-work__fffw-70,swe-agent,exit_context,32,53,0.6037735849056604,21
swe-agent:029027:kaizendorks__pymongo_inmemory-91,swe-agent,submitted (exit_context),20,247,0.08097165991902834,227
swe-agent:029033:kytos__python-openflow-278,swe-agent,submitted (exit_context),32,55,0.5818181818181818,23
swe-agent:029040:kytos__python-openflow-278,swe-agent,submitted (exit_context),36,65,0.5538461538461539,29
swe-agent:029059:marcosschroh__dataclasses-avroschema-383,swe-agent,submitted,26,45,0.5777777777777777,19
swe-agent:029066:marshmallow-code__apispec-424,swe-agent,submitted,22,33,0.6666666666666666,11
swe-agent:029085:ministryofjustice__mt940-writer-12,swe-agent,submitted,12,51,0.23529411764705882,39
swe-agent:029090:minrk__wurlitzer-83,swe-agent,submitted,28,43,0.6511627906976745,15
swe-agent:029091:minrk__wurlitzer-83,swe-agent,submitted (exit_context),30,57,0.5263157894736842,27
swe-agent:029100:minrk__wurlitzer-83,swe-agent,submitted (exit_context),48,85,0.5647058823529412,37
swe-agent:029105:minrk__wurlitzer-83,swe-agent,submitted (exit_context),12,71,0.16901408450704225,59
swe-agent:029111:mirumee__ariadne-172,swe-agent,submitted (exit_context),40,75,0.5333333333333333,35
swe-agent:029112:mirumee__ariadne-172,swe-agent,submitted,8,47,0.1702127659574468,39
swe-agent:029113:mirumee__ariadne-172,swe-agent,submitted,36,39,0.9230769230769231,3
swe-agent:029122:mystor__git-revise-53,swe-agent,submitted,24,27,0.8888888888888888,3
swe-agent:029132:mystor__git-revise-53,swe-agent,submitted,18,39,0.46153846153846156,21
swe-agent:029135:ncclient__ncclient-314,swe-agent,exit_context,18,65,0.27692307692307694,47
swe-agent:029136:ncclient__ncclient-314,swe-agent,submitted,28,45,0.6222222222222222,17
swe-agent:029137:ncclient__ncclient-314,swe-agent,exit_context,28,105,0.26666666666666666,77
swe-agent:029140:ncclient__ncclient-314,swe-agent,exit_context,22,61,0.36065573770491804,39
swe-agent:029141:ncclient__ncclient-314,swe-agent,exit_context,18,93,0.1935483870967742,75
swe-agent:029142:ncclient__ncclient-314,swe-agent,exit_context,22,65,0.3384615384615385,43
swe-agent:029144:ncclient__ncclient-314,swe-agent,exit_context,28,105,0.26666666666666666,77
swe-agent:029147:ncclient__ncclient-314,swe-agent,exit_context,16,53,0.3018867924528302,37
swe-agent:029148:ncclient__ncclient-314,swe-agent,exit_context,24,43,0.5581395348837209,19
swe-agent:029150:ncclient__ncclient-314,swe-agent,exit_context,18,105,0.17142857142857143,87
swe-agent:029151:ncclient__ncclient-314,swe-agent,exit_context,16,77,0.2077922077922078,61
swe-agent:029152:nipy__heudiconv-306,swe-agent,submitted,36,51,0.7058823529411765,15
swe-agent:029154:nipy__heudiconv-306,swe-agent,submitted (exit_context),54,67,0.8059701492537313,13
swe-agent:029155:nipy__heudiconv-407,swe-agent,exit_context,50,67,0.746268656716418,17
swe-agent:029156:nipy__heudiconv-407,swe-agent,submitted (exit_context),22,51,0.43137254901960786,29
swe-agent:029158:nipy__heudiconv-407,swe-agent,exit_context,14,87,0.16091954022988506,73
swe-agent:029169:ofek__pypinfo-109,swe-agent,submitted (exit_context),40,79,0.5063291139240507,39
swe-agent:029203:ofek__pypinfo-109,swe-agent,submitted_no_patch,14,25,0.56,11
swe-agent:029206:ofek__pypinfo-109,swe-agent,submitted (exit_context),40,59,0.6779661016949152,19
swe-agent:029210:onicagroup__runway-1245,swe-agent,submitted (exit_context),28,435,0.06436781609195402,407
swe-agent:029212:onicagroup__runway-1245,swe-agent,submitted (exit_context),56,115,0.48695652173913045,59
swe-agent:029216:onicagroup__runway-1245,swe-agent,early_exit,50,59,0.847457627118644,9
swe-agent:029226:onicagroup__runway-1245,swe-agent,submitted (exit_context),34,133,0.2556390977443609,99
swe-agent:029229:opsdroid__opsdroid-1660,swe-agent,exit_context,30,41,0.7317073170731707,11
swe-agent:029230:opsdroid__opsdroid-1660,swe-agent,exit_context,32,87,0.367816091954023,55
swe-agent:029232:opsdroid__opsdroid-1660,swe-agent,submitted,20,27,0.7407407407407407,7
swe-agent:029233:opsdroid__opsdroid-1660,swe-agent,submitted (exit_context),36,73,0.4931506849315068,37
swe-agent:029238:opsdroid__opsdroid-1660,swe-agent,exit_context,18,49,0.3673469387755102,31
swe-agent:029241:opsdroid__opsdroid-1660,swe-agent,submitted (exit_context),32,77,0.4155844155844156,45
swe-agent:029242:opsdroid__opsdroid-1660,swe-agent,exit_context,22,85,0.25882352941176473,63
swe-agent:029243:opsdroid__opsdroid-1660,swe-agent,submitted (exit_context),38,81,0.4691358024691358,43
swe-agent:029253:ovasquez__mkdocs-merge-18,swe-agent,submitted (exit_context),18,81,0.2222222222222222,63
swe-agent:029265:plotly__dash-726,swe-agent,submitted (exit_context),32,47,0.6808510638297872,15
swe-agent:029266:plotly__dash-726,swe-agent,exit_context,16,23,0.6956521739130435,7
swe-agent:029273:pydantic__pydantic-1755,swe-agent,submitted (exit_context),78,93,0.8387096774193549,15
swe-agent:029279:pydantic__pydantic-1755,swe-agent,submitted (exit_context),70,77,0.9090909090909091,7
swe-agent:029290:pydantic__pydantic-1755,swe-agent,submitted,60,91,0.6593406593406593,31
swe-agent:029292:pydantic__pydantic-1755,swe-agent,submitted,10,19,0.5263157894736842,9
swe-agent:029297:pydantic__pydantic-1755,swe-agent,submitted (exit_context),68,91,0.7472527472527473,23
swe-agent:029314:pydantic__pydantic-1755,swe-agent,submitted (exit_context),34,73,0.4657534246575342,39
swe-agent:029316:pydantic__pydantic-2006,swe-agent,submitted (exit_context),28,89,0.3146067415730337,61
swe-agent:029321:pydantic__pydantic-2006,swe-agent,submitted (exit_context),20,105,0.19047619047619047,85
swe-agent:029327:pydantic__pydantic-2006,swe-agent,submitted (exit_context),24,97,0.24742268041237114,73
swe-agent:029330:pydantic__pydantic-2006,swe-agent,submitted (exit_context),26,71,0.36619718309859156,45
swe-agent:029343:pydantic__pydantic-2006,swe-agent,submitted,20,43,0.46511627906976744,23
swe-agent:029354:pydantic__pydantic-2006,swe-agent,submitted,48,49,0.9795918367346939,1
swe-agent:029356:pydantic__pydantic-2006,swe-agent,submitted,30,49,0.6122448979591837,19
swe-agent:029357:pydantic__pydantic-2006,swe-agent,submitted (exit_context),24,83,0.2891566265060241,59
swe-agent:029366:pydantic__pydantic-2094,swe-agent,submitted,18,27,0.6666666666666666,9
swe-agent:029375:pydantic__pydantic-2094,swe-agent,submitted,22,35,0.6285714285714286,13
swe-agent:029377:pydantic__pydantic-2265,swe-agent,early_exit,40,315,0.12698412698412698,275
swe-agent:029380:pydantic__pydantic-2265,swe-agent,submitted,22,65,0.3384615384615385,43
swe-agent:029381:pydantic__pydantic-2265,swe-agent,submitted (exit_context),24,531,0.04519774011299435,507
swe-agent:029390:pydantic__pydantic-2265,swe-agent,early_exit,22,727,0.030261348005502064,705
swe-agent:029391:pydantic__pydantic-2265,swe-agent,submitted,18,31,0.5806451612903226,13
swe-agent:029400:pydantic__pydantic-2451,swe-agent,submitted,64,87,0.735632183908046,23
swe-agent:029414:pydantic__pydantic-2497,swe-agent,submitted,72,115,0.6260869565217392,43
swe-agent:029416:pydantic__pydantic-2497,swe-agent,submitted (exit_context),66,99,0.6666666666666666,33
swe-agent:029417:pydantic__pydantic-2497,swe-agent,submitted (exit_context),32,39,0.8205128205128205,7
swe-agent:029418:pydantic__pydantic-2497,swe-agent,submitted (exit_context),92,93,0.989247311827957,1
swe-agent:029428:pypa__wheel-578,swe-agent,submitted,42,61,0.6885245901639344,19
swe-agent:029433:pypa__wheel-578,swe-agent,submitted (exit_context),28,247,0.11336032388663968,219
swe-agent:029456:pypa__wheel-578,swe-agent,submitted,18,31,0.5806451612903226,13
swe-agent:029509:reframe-hpc__reframe-3010,swe-agent,exit_context,44,55,0.8,11
swe-agent:029515:samkohn__larpix-control-68,swe-agent,exit_context,28,63,0.4444444444444444,35
swe-agent:029516:samkohn__larpix-control-68,swe-agent,exit_context,24,65,0.36923076923076925,41
swe-agent:029517:samkohn__larpix-control-68,swe-agent,early_exit,20,29,0.6896551724137931,9
swe-agent:029518:samkohn__larpix-control-68,swe-agent,submitted (exit_context),46,89,0.5168539325842697,43
swe-agent:029520:samkohn__larpix-control-68,swe-agent,exit_context,16,73,0.2191780821917808,57
swe-agent:029521:samkohn__larpix-control-68,swe-agent,exit_context,40,63,0.6349206349206349,23
swe-agent:029523:samkohn__larpix-control-68,swe-agent,submitted (exit_context),26,83,0.3132530120481928,57
swe-agent:029524:samkohn__larpix-control-68,swe-agent,exit_context,24,59,0.4067796610169492,35
swe-agent:029526:samkohn__larpix-control-68,swe-agent,exit_context,18,57,0.3157894736842105,39
swe-agent:029589:scrapinghub__price-parser-31,swe-agent,submitted (exit_context),10,213,0.046948356807511735,203
swe-agent:029605:scrapinghub__price-parser-31,swe-agent,submitted (exit_context),40,57,0.7017543859649122,17
swe-agent:029617:sdss__clu-88,swe-agent,submitted (exit_context),32,83,0.3855421686746988,51
swe-agent:029621:sdss__clu-88,swe-agent,submitted (exit_context),30,53,0.5660377358490566,23
swe-agent:029642:tobymao__sqlglot-2857,swe-agent,exit_context,24,43,0.5581395348837209,19
swe-agent:029651:valayDave__tell-me-your-secrets-37,swe-agent,submitted (exit_context),50,65,0.7692307692307693,15
swe-agent:029652:valayDave__tell-me-your-secrets-37,swe-agent,submitted (exit_context),28,41,0.6829268292682927,13
swe-agent:029674:zulip__zulip-terminal-1468,swe-agent,exit_context,14,41,0.34146341463414637,27
swe-agent:029683:zulip__zulip-terminal-1468,swe-agent,submitted (exit_context),24,257,0.0933852140077821,233
swe-agent:029690:zulip__zulip-terminal-1468,swe-agent,submitted (exit_context),58,77,0.7532467532467533,19
swe-agent:029693:zulip__zulip-terminal-1468,swe-agent,exit_context,16,41,0.3902439024390244,25
swe-agent:029698:zulip__zulip-terminal-1468,swe-agent,exit_context,24,39,0.6153846153846154,15
swe-agent:029702:AzureAD__microsoft-authentication-library-for-python-312,swe-agent,exit_context,40,51,0.7843137254901961,11
swe-agent:029706:AzureAD__microsoft-authentication-library-for-python-312,swe-agent,exit_context,16,55,0.2909090909090909,39
swe-agent:029708:CSCfi__swift-browser-ui-41,swe-agent,submitted (exit_context),62,73,0.8493150684931506,11
swe-agent:029711:CSCfi__swift-browser-ui-41,swe-agent,submitted (exit_context),86,87,0.9885057471264368,1
swe-agent:029713:CSCfi__swift-browser-ui-41,swe-agent,submitted (exit_context),40,79,0.5063291139240507,39
swe-agent:029714:CSCfi__swift-browser-ui-41,swe-agent,submitted (exit_context),32,61,0.5245901639344263,29
swe-agent:029718:CSCfi__swift-browser-ui-41,swe-agent,submitted (exit_context),32,109,0.29357798165137616,77
swe-agent:029744:Infinidat__munch-52,swe-agent,exit_context,22,69,0.3188405797101449,47
swe-agent:029752:Infinidat__munch-52,swe-agent,submitted,26,41,0.6341463414634146,15
swe-agent:029768:PrincetonUniversity__PsyNeuLink-897,swe-agent,submitted (exit_context),34,49,0.6938775510204082,15
swe-agent:029769:PrincetonUniversity__PsyNeuLink-897,swe-agent,submitted (exit_context),50,57,0.8771929824561403,7
swe-agent:029771:PrincetonUniversity__PsyNeuLink-897,swe-agent,submitted (exit_context),46,79,0.5822784810126582,33
swe-agent:029774:PrincetonUniversity__PsyNeuLink-897,swe-agent,submitted (exit_context),30,47,0.6382978723404256,17
swe-agent:029778:Sceptre__sceptre-1277,swe-agent,submitted (exit_context),20,513,0.03898635477582846,493
swe-agent:029785:Sceptre__sceptre-1277,swe-agent,submitted (exit_context),86,133,0.6466165413533834,47
swe-agent:029797:ValvePython__steam-359,swe-agent,submitted,44,49,0.8979591836734694,5
swe-agent:029831:VirtusLab__git-machete-330,swe-agent,submitted (exit_context),10,61,0.16393442622950818,51
swe-agent:029857:aio-libs__aiosmtpd-106,swe-agent,submitted,14,17,0.8235294117647058,3
swe-agent:029909:altair-viz__altair-1539,swe-agent,submitted (exit_context),30,79,0.379746835443038,49
swe-agent:029910:altair-viz__altair-1539,swe-agent,submitted (exit_context),84,261,0.3218390804597701,177
swe-agent:029919:ameserole__Akeso-14,swe-agent,submitted (exit_context),28,33,0.8484848484848485,5
swe-agent:029922:ameserole__Akeso-14,swe-agent,exit_context,18,29,0.6206896551724138,11
swe-agent:029928:ameserole__Akeso-14,swe-agent,submitted (exit_context),26,31,0.8387096774193549,5
swe-agent:029935:asottile__add-trailing-comma-154,swe-agent,submitted (exit_context),40,79,0.5063291139240507,39
swe-agent:029947:asottile__add-trailing-comma-154,swe-agent,submitted (exit_context),30,79,0.379746835443038,49
swe-agent:029948:asottile__add-trailing-comma-154,swe-agent,submitted (exit_context),44,47,0.9361702127659575,3
swe-agent:029952:asottile__add-trailing-comma-154,swe-agent,submitted (exit_context),42,81,0.5185185185185185,39
swe-agent:029956:asottile__add-trailing-comma-154,swe-agent,submitted (exit_context),24,59,0.4067796610169492,35
swe-agent:029962:asottile__add-trailing-comma-154,swe-agent,submitted (exit_context),32,65,0.49230769230769234,33
swe-agent:029963:asottile__add-trailing-comma-154,swe-agent,submitted (exit_context),28,109,0.25688073394495414,81
swe-agent:029973:asottile__add-trailing-comma-154,swe-agent,submitted,44,51,0.8627450980392157,7
swe-agent:030033:blairconrad__dicognito-87,swe-agent,submitted (exit_context),60,81,0.7407407407407407,21
swe-agent:030034:blairconrad__dicognito-87,swe-agent,submitted (exit_context),38,57,0.6666666666666666,19
swe-agent:030041:boutproject__xBOUT-190,swe-agent,submitted (exit_context),36,53,0.6792452830188679,17
swe-agent:030128:common-workflow-language__cwl-utils-223,swe-agent,submitted (exit_context),44,63,0.6984126984126984,19
swe-agent:030131:common-workflow-language__cwl-utils-223,swe-agent,submitted (exit_context),50,89,0.5617977528089888,39
swe-agent:030136:dpkp__kafka-python-1507,swe-agent,submitted (exit_context),34,59,0.576271186440678,25
swe-agent:030137:dpkp__kafka-python-1507,swe-agent,submitted (exit_context),20,77,0.2597402597402597,57
swe-agent:030146:dpkp__kafka-python-1507,swe-agent,submitted (exit_context),32,107,0.29906542056074764,75
swe-agent:030151:edgi-govdata-archiving__wayback-159,swe-agent,exit_context,14,101,0.13861386138613863,87
swe-agent:030153:edgi-govdata-archiving__wayback-159,swe-agent,submitted (exit_context),20,89,0.2247191011235955,69
swe-agent:030162:edgi-govdata-archiving__wayback-159,swe-agent,exit_context,34,45,0.7555555555555555,11
swe-agent:030163:edgi-govdata-archiving__wayback-159,swe-agent,exit_context,16,69,0.2318840579710145,53
swe-agent:030176:edgi-govdata-archiving__wayback-159,swe-agent,exit_context,30,43,0.6976744186046512,13
swe-agent:030182:edgi-govdata-archiving__wayback-159,swe-agent,submitted (exit_context),28,59,0.4745762711864407,31
swe-agent:030188:edgi-govdata-archiving__wayback-159,swe-agent,submitted (exit_context),28,203,0.13793103448275862,175
swe-agent:030192:edgi-govdata-archiving__wayback-159,swe-agent,exit_context,18,69,0.2608695652173913,51
swe-agent:030194:edgi-govdata-archiving__wayback-159,swe-agent,exit_context,12,41,0.2926829268292683,29
swe-agent:030198:edgi-govdata-archiving__wayback-159,swe-agent,exit_context,14,85,0.16470588235294117,71
swe-agent:030202:edgi-govdata-archiving__wayback-159,swe-agent,submitted (exit_context),70,91,0.7692307692307693,21
swe-agent:030211:edgi-govdata-archiving__wayback-159,swe-agent,exit_context,14,95,0.14736842105263157,81
swe-agent:030212:edgi-govdata-archiving__wayback-159,swe-agent,submitted (exit_context),34,95,0.35789473684210527,61
swe-agent:030214:edgi-govdata-archiving__wayback-159,swe-agent,exit_context,14,87,0.16091954022988506,73
swe-agent:030220:edgi-govdata-archiving__wayback-159,swe-agent,submitted,32,47,0.6808510638297872,15
swe-agent:030259:elastic__elasticsearch-py-2030,swe-agent,submitted,34,45,0.7555555555555555,11
swe-agent:030261:elastic__elasticsearch-py-2030,swe-agent,submitted,18,47,0.3829787234042553,29
swe-agent:030292:ethereum__pyrlp-46,swe-agent,submitted (exit_context),28,101,0.27722772277227725,73
swe-agent:030293:ethereum__pyrlp-46,swe-agent,submitted (exit_context),34,99,0.3434343434343434,65
swe-agent:030294:ethereum__pyrlp-46,swe-agent,submitted (exit_context),42,91,0.46153846153846156,49
swe-agent:030295:ethereum__pyrlp-46,swe-agent,submitted (exit_context),38,107,0.35514018691588783,69
swe-agent:030299:fairlearn__fairlearn-727,swe-agent,submitted (exit_context),28,105,0.26666666666666666,77
swe-agent:030321:globocom__m3u8-77,swe-agent,exit_context,34,57,0.5964912280701754,23
swe-agent:030322:globocom__m3u8-77,swe-agent,exit_context,52,77,0.6753246753246753,25
swe-agent:030323:globocom__m3u8-77,swe-agent,exit_context,22,79,0.27848101265822783,57
swe-agent:030324:globocom__m3u8-77,swe-agent,exit_context,24,41,0.5853658536585366,17
swe-agent:030325:globocom__m3u8-77,swe-agent,exit_context,24,81,0.2962962962962963,57
swe-agent:030326:globocom__m3u8-77,swe-agent,early_exit,18,43,0.4186046511627907,25
swe-agent:030332:googlefonts__gftools-890,swe-agent,submitted (exit_context),64,81,0.7901234567901234,17
swe-agent:030343:horejsek__python-fastjsonschema-140,swe-agent,submitted (exit_context),24,89,0.2696629213483146,65
swe-agent:030346:horejsek__python-fastjsonschema-140,swe-agent,submitted (exit_context),56,73,0.7671232876712328,17
swe-agent:030348:horejsek__python-fastjsonschema-140,swe-agent,exit_context,30,57,0.5263157894736842,27
swe-agent:030350:horejsek__python-fastjsonschema-140,swe-agent,submitted (exit_context),14,61,0.22950819672131148,47
swe-agent:030361:horejsek__python-fastjsonschema-140,swe-agent,exit_context,56,85,0.6588235294117647,29
swe-agent:030363:horejsek__python-fastjsonschema-140,swe-agent,submitted (exit_context),58,65,0.8923076923076924,7
swe-agent:030371:horejsek__python-fastjsonschema-140,swe-agent,exit_context,30,43,0.6976744186046512,13
swe-agent:030382:horejsek__python-fastjsonschema-140,swe-agent,submitted (exit_context),54,65,0.8307692307692308,11
swe-agent:030386:horejsek__python-fastjsonschema-140,swe-agent,submitted,42,65,0.6461538461538462,23
swe-agent:030387:horejsek__python-fastjsonschema-140,swe-agent,early_exit,24,57,0.42105263157894735,33
swe-agent:030388:horejsek__python-fastjsonschema-140,swe-agent,submitted (exit_context),36,237,0.1518987341772152,201
swe-agent:030389:horejsek__python-fastjsonschema-140,swe-agent,submitted (exit_context),28,75,0.37333333333333335,47
swe-agent:030391:horejsek__python-fastjsonschema-140,swe-agent,submitted (exit_context),54,73,0.7397260273972602,19
swe-agent:030397:horejsek__python-fastjsonschema-140,swe-agent,submitted (exit_context),44,63,0.6984126984126984,19
swe-agent:030401:horejsek__python-fastjsonschema-25,swe-agent,submitted (exit_context),44,149,0.2953020134228188,105
swe-agent:030411:iris-hep__qastle-45,swe-agent,submitted (exit_context),28,139,0.2014388489208633,111
swe-agent:030412:iris-hep__qastle-45,swe-agent,submitted (exit_context),42,137,0.30656934306569344,95
swe-agent:030420:iris-hep__qastle-45,swe-agent,submitted (exit_context),22,71,0.30985915492957744,49
swe-agent:030424:iterative__dvc-3129,swe-agent,submitted,28,33,0.8484848484848485,5
swe-agent:030446:iterative__dvc-3315,swe-agent,submitted,24,39,0.6153846153846154,15
swe-agent:030448:iterative__dvc-3315,swe-agent,submitted,18,27,0.6666666666666666,9
swe-agent:030449:iterative__dvc-3315,swe-agent,exit_context,58,71,0.8169014084507042,13
swe-agent:030473:iterative__dvc-3315,swe-agent,submitted,14,103,0.13592233009708737,89
swe-agent:030475:iterative__dvc-3315,swe-agent,submitted (exit_context),26,73,0.3561643835616438,47
swe-agent:030485:iterative__dvc-4149,swe-agent,submitted (exit_context),54,83,0.6506024096385542,29
swe-agent:030489:iterative__dvc-4149,swe-agent,submitted (exit_context),28,103,0.27184466019417475,75
swe-agent:030491:iterative__dvc-4149,swe-agent,submitted (exit_context),16,79,0.20253164556962025,63
swe-agent:030492:iterative__dvc-4149,swe-agent,submitted (exit_context),78,93,0.8387096774193549,15
swe-agent:030497:iterative__dvc-5185,swe-agent,submitted (exit_context),24,45,0.5333333333333333,21
swe-agent:030498:iterative__dvc-5185,swe-agent,submitted (exit_context),30,47,0.6382978723404256,17
swe-agent:030513:iterative__dvc-5350,swe-agent,submitted,22,33,0.6666666666666666,11
swe-agent:030514:iterative__dvc-5350,swe-agent,submitted (exit_context),26,85,0.3058823529411765,59
swe-agent:030517:iterative__dvc-5350,swe-agent,submitted (exit_context),18,121,0.1487603305785124,103
swe-agent:030524:iterative__dvc-5350,swe-agent,submitted (exit_context),44,55,0.8,11
swe-agent:030525:iterative__dvc-5350,swe-agent,submitted (exit_context),12,59,0.2033898305084746,47
swe-agent:030526:iterative__dvc-5350,swe-agent,submitted (exit_context),32,147,0.21768707482993196,115
swe-agent:030532:jugmac00__hibpcli-59,swe-agent,submitted,28,37,0.7567567567567568,9
swe-agent:030553:kblin__ncbi-genome-download-25,swe-agent,exit_context,20,47,0.425531914893617,27
swe-agent:030564:kblin__ncbi-genome-download-25,swe-agent,submitted (exit_context),46,83,0.5542168674698795,37
swe-agent:030587:kblin__ncbi-genome-download-25,swe-agent,exit_context,16,45,0.35555555555555557,29
swe-agent:030599:kytos__python-openflow-287,swe-agent,submitted,18,21,0.8571428571428571,3
swe-agent:030603:maximkulkin__lollipop-55,swe-agent,submitted (exit_context),36,131,0.2748091603053435,95
swe-agent:030631:oasis-open__cti-python-stix2-489,swe-agent,exit_context,20,57,0.3508771929824561,37
swe-agent:030632:oasis-open__cti-python-stix2-489,swe-agent,exit_context,20,49,0.40816326530612246,29
swe-agent:030644:oasis-open__cti-python-stix2-489,swe-agent,submitted (exit_context),30,77,0.38961038961038963,47
swe-agent:030645:oasis-open__cti-python-stix2-489,swe-agent,submitted,20,33,0.6060606060606061,13
swe-agent:030646:oasis-open__cti-python-stix2-489,swe-agent,submitted (exit_context),30,41,0.7317073170731707,11
swe-agent:030648:oasis-open__cti-python-stix2-489,swe-agent,exit_context,24,43,0.5581395348837209,19
swe-agent:030649:oasis-open__cti-python-stix2-489,swe-agent,exit_context,20,47,0.425531914893617,27
swe-agent:030650:oasis-open__cti-python-stix2-489,swe-agent,exit_context,18,61,0.29508196721311475,43
swe-agent:030661:oasis-open__cti-python-stix2-489,swe-agent,exit_context,20,85,0.23529411764705882,65
swe-agent:030672:oasis-open__cti-python-stix2-489,swe-agent,submitted (exit_context),16,177,0.0903954802259887,161
swe-agent:030675:oasis-open__cti-python-stix2-489,swe-agent,exit_context,20,47,0.425531914893617,27
swe-agent:030676:oasis-open__cti-python-stix2-489,swe-agent,exit_context,22,41,0.5365853658536586,19
swe-agent:030677:oasis-open__cti-python-stix2-489,swe-agent,exit_context,18,59,0.3050847457627119,41
swe-agent:030679:oasis-open__cti-python-stix2-489,swe-agent,submitted,20,71,0.28169014084507044,51
swe-agent:030732:palazzem__pysettings-12,swe-agent,submitted,22,25,0.88,3
swe-agent:030736:palazzem__pysettings-12,swe-agent,submitted (exit_context),44,395,0.11139240506329114,351
swe-agent:030738:palazzem__pysettings-12,swe-agent,submitted (exit_context),46,199,0.23115577889447236,153
swe-agent:030743:palazzem__pysettings-12,swe-agent,submitted (exit_context),58,119,0.48739495798319327,61
swe-agent:030744:palazzem__pysettings-12,swe-agent,submitted (exit_context),42,85,0.49411764705882355,43
swe-agent:030763:pvlib__pvlib-python-1426,swe-agent,submitted (exit_context),44,93,0.4731182795698925,49
swe-agent:030767:pydantic__pydantic-1686,swe-agent,submitted,78,107,0.7289719626168224,29
swe-agent:030769:pydantic__pydantic-1686,swe-agent,submitted (exit_context),68,111,0.6126126126126126,43
swe-agent:030771:pydantic__pydantic-1686,swe-agent,submitted (exit_context),80,89,0.898876404494382,9
swe-agent:030774:pydantic__pydantic-1686,swe-agent,submitted (exit_context),26,71,0.36619718309859156,45
swe-agent:030775:pydantic__pydantic-1686,swe-agent,submitted,16,23,0.6956521739130435,7
swe-agent:030776:pydantic__pydantic-1686,swe-agent,submitted (exit_context),56,93,0.6021505376344086,37
swe-agent:030777:pydantic__pydantic-1686,swe-agent,submitted (exit_context),34,99,0.3434343434343434,65
swe-agent:030780:pydantic__pydantic-1686,swe-agent,submitted (exit_context),50,141,0.3546099290780142,91
swe-agent:030783:pydantic__pydantic-2176,swe-agent,submitted (exit_context),28,45,0.6222222222222222,17
swe-agent:030785:pydantic__pydantic-2176,swe-agent,submitted (exit_context),34,87,0.39080459770114945,53
swe-agent:030789:pydantic__pydantic-2176,swe-agent,submitted (exit_context),36,57,0.631578947368421,21
swe-agent:030795:pydantic__pydantic-2176,swe-agent,submitted,40,47,0.851063829787234,7
swe-agent:030799:pydantic__pydantic-2176,swe-agent,submitted (exit_context),26,45,0.5777777777777777,19
swe-agent:030803:pydantic__pydantic-2176,swe-agent,early_exit,22,83,0.26506024096385544,61
swe-agent:030806:pydantic__pydantic-2176,swe-agent,submitted (exit_context),30,69,0.43478260869565216,39
swe-agent:030809:pydantic__pydantic-2176,swe-agent,submitted (exit_context),32,71,0.4507042253521127,39
swe-agent:030810:pydantic__pydantic-2176,swe-agent,submitted (exit_context),28,69,0.4057971014492754,41
swe-agent:030814:pydantic__pydantic-2176,swe-agent,submitted_no_patch,20,41,0.4878048780487805,21
swe-agent:030815:pydantic__pydantic-2176,swe-agent,submitted (exit_context),18,295,0.061016949152542375,277
swe-agent:030820:pydantic__pydantic-2176,swe-agent,submitted (exit_context),36,59,0.6101694915254238,23
swe-agent:030821:pydantic__pydantic-2176,swe-agent,submitted (exit_context),22,51,0.43137254901960786,29
swe-agent:030825:pydantic__pydantic-2176,swe-agent,submitted (exit_context),30,93,0.3225806451612903,63
swe-agent:030829:pydantic__pydantic-2176,swe-agent,submitted (exit_context),24,171,0.14035087719298245,147
swe-agent:030831:pydantic__pydantic-2176,swe-agent,submitted (exit_context),36,69,0.5217391304347826,33
swe-agent:030832:pydantic__pydantic-2176,swe-agent,submitted (exit_context),20,49,0.40816326530612246,29
swe-agent:030838:pydantic__pydantic-2176,swe-agent,submitted (exit_context),34,57,0.5964912280701754,23
swe-agent:030844:pydantic__pydantic-2176,swe-agent,submitted (exit_context),28,67,0.417910447761194,39
swe-agent:030849:pydantic__pydantic-2176,swe-agent,submitted (exit_context),26,49,0.5306122448979592,23
swe-agent:030853:pydantic__pydantic-2176,swe-agent,submitted (exit_context),36,63,0.5714285714285714,27
swe-agent:030856:pydantic__pydantic-2176,swe-agent,submitted (exit_context),40,49,0.8163265306122449,9
swe-agent:030868:pydantic__pydantic-2523,swe-agent,submitted (exit_context),46,63,0.7301587301587301,17
swe-agent:030875:pydantic__pydantic-2523,swe-agent,submitted (exit_context),36,67,0.5373134328358209,31
swe-agent:030894:pydantic__pydantic-2523,swe-agent,submitted,38,39,0.9743589743589743,1
swe-agent:030895:pydantic__pydantic-2523,swe-agent,submitted,26,45,0.5777777777777777,19
swe-agent:030899:pydantic__pydantic-4455,swe-agent,submitted (exit_context),22,85,0.25882352941176473,63
swe-agent:030903:pydantic__pydantic-4455,swe-agent,submitted (exit_context),24,67,0.3582089552238806,43
swe-agent:030905:pydantic__pydantic-4455,swe-agent,submitted (exit_context),58,101,0.5742574257425742,43
swe-agent:030907:pydantic__pydantic-4455,swe-agent,submitted (exit_context),58,83,0.6987951807228916,25
swe-agent:030910:pydantic__pydantic-4455,swe-agent,submitted,42,53,0.7924528301886793,11
swe-agent:030924:pydantic__pydantic-4455,swe-agent,submitted (exit_context),40,103,0.3883495145631068,63
swe-agent:030925:pydantic__pydantic-4455,swe-agent,submitted (exit_context),56,191,0.2931937172774869,135
swe-agent:030928:pydantic__pydantic-4455,swe-agent,submitted (exit_context),26,45,0.5777777777777777,19
swe-agent:030931:pydantic__pydantic-4455,swe-agent,submitted (exit_context),32,107,0.29906542056074764,75
swe-agent:030934:pydantic__pydantic-4455,swe-agent,submitted (exit_context),18,61,0.29508196721311475,43
swe-agent:030940:pydantic__pydantic-4455,swe-agent,submitted (exit_context),26,91,0.2857142857142857,65
swe-agent:030944:pydantic__pydantic-6194,swe-agent,submitted (exit_context),50,81,0.6172839506172839,31
swe-agent:030949:pydantic__pydantic-6194,swe-agent,submitted,14,29,0.4827586206896552,15
swe-agent:030950:pydantic__pydantic-6194,swe-agent,submitted,50,71,0.704225352112676,21
swe-agent:030955:pydantic__pydantic-6194,swe-agent,submitted (exit_context),30,123,0.24390243902439024,93
swe-agent:030963:pydantic__pydantic-6194,swe-agent,submitted,18,51,0.35294117647058826,33
swe-agent:030967:pydantic__pydantic-6194,swe-agent,early_exit,36,93,0.3870967741935484,57
swe-agent:030989:pydantic__pydantic-761,swe-agent,submitted (exit_context),36,107,0.3364485981308411,71
swe-agent:030990:pydantic__pydantic-761,swe-agent,submitted (exit_context),26,63,0.4126984126984127,37
swe-agent:030991:pydantic__pydantic-761,swe-agent,submitted (exit_context),20,49,0.40816326530612246,29
swe-agent:030995:pydantic__pydantic-761,swe-agent,submitted (exit_context),38,105,0.3619047619047619,67
swe-agent:031002:pydantic__pydantic-761,swe-agent,submitted (exit_context),60,87,0.6896551724137931,27
swe-agent:031003:pydantic__pydantic-761,swe-agent,submitted (exit_context),32,91,0.3516483516483517,59
swe-agent:031004:pydantic__pydantic-761,swe-agent,submitted (exit_context),18,133,0.13533834586466165,115
swe-agent:031008:pymzml__pymzML-258,swe-agent,submitted (exit_context),52,95,0.5473684210526316,43
swe-agent:031024:pypa__setuptools_scm-186,swe-agent,exit_context,70,113,0.6194690265486725,43
swe-agent:031042:pypa__setuptools_scm-186,swe-agent,exit_context,48,121,0.39669421487603307,73
swe-agent:031053:pypa__setuptools_scm-186,swe-agent,exit_context,22,55,0.4,33
swe-agent:031062:pypa__setuptools_scm-186,swe-agent,submitted (exit_context),58,69,0.8405797101449275,11
swe-agent:031069:pypa__setuptools_scm-186,swe-agent,submitted (exit_context),38,71,0.5352112676056338,33
swe-agent:031098:sciunto-org__python-bibtexparser-392,swe-agent,submitted (exit_context),32,47,0.6808510638297872,15
swe-agent:031132:sciunto-org__python-bibtexparser-442,swe-agent,submitted,16,27,0.5925925925925926,11
swe-agent:031141:sciunto-org__python-bibtexparser-442,swe-agent,submitted,18,35,0.5142857142857142,17
swe-agent:031181:sphinx-gallery__sphinx-gallery-480,swe-agent,submitted (exit_context),42,97,0.4329896907216495,55
swe-agent:031182:sphinx-gallery__sphinx-gallery-480,swe-agent,submitted,20,33,0.6060606060606061,13
swe-agent:031211:sphinx-gallery__sphinx-gallery-480,swe-agent,submitted (exit_context),98,109,0.8990825688073395,11
swe-agent:031218:sqlfluff__sqlfluff-4043,swe-agent,submitted (exit_context),56,69,0.8115942028985508,13
swe-agent:031222:sqlfluff__sqlfluff-5074,swe-agent,submitted,12,29,0.41379310344827586,17
swe-agent:031223:stfc__fparser-378,swe-agent,submitted (exit_context),20,29,0.6896551724137931,9
swe-agent:031228:stfc__fparser-378,swe-agent,submitted (exit_context),24,29,0.8275862068965517,5
swe-agent:031230:stfc__fparser-378,swe-agent,submitted (exit_context),24,29,0.8275862068965517,5
swe-agent:031232:stfc__fparser-378,swe-agent,submitted (exit_context),26,29,0.896551724137931,3
swe-agent:031246:tobymao__sqlglot-2377,swe-agent,submitted (exit_context),48,67,0.7164179104477612,19
swe-agent:031250:tobymao__sqlglot-2873,swe-agent,submitted (exit_context),40,51,0.7843137254901961,11
swe-agent:031254:tobymao__sqlglot-2873,swe-agent,submitted (exit_context),64,83,0.7710843373493976,19
swe-agent:031256:tobymao__sqlglot-2873,swe-agent,submitted (exit_context),32,51,0.6274509803921569,19
swe-agent:031259:tobymao__sqlglot-2873,swe-agent,submitted (exit_context),42,59,0.711864406779661,17
swe-agent:031267:tobymao__sqlglot-2873,swe-agent,submitted (exit_context),46,69,0.6666666666666666,23
swe-agent:031268:tobymao__sqlglot-2873,swe-agent,submitted (exit_context),26,57,0.45614035087719296,31
swe-agent:031273:tobymao__sqlglot-2873,swe-agent,submitted (exit_context),20,101,0.19801980198019803,81
swe-agent:031278:tobymao__sqlglot-2873,swe-agent,submitted (exit_context),38,47,0.8085106382978723,9
swe-agent:031284:tobymao__sqlglot-2873,swe-agent,submitted (exit_context),28,67,0.417910447761194,39
swe-agent:031285:tobymao__sqlglot-2873,swe-agent,submitted (exit_context),32,65,0.49230769230769234,33
swe-agent:031291:tobymao__sqlglot-2873,swe-agent,submitted (exit_context),36,71,0.5070422535211268,35
swe-agent:031303:tobymao__sqlglot-2873,swe-agent,submitted (exit_context),54,65,0.8307692307692308,11
swe-agent:031305:tobymao__sqlglot-2873,swe-agent,submitted (exit_context),58,69,0.8405797101449275,11
swe-agent:031306:tobymao__sqlglot-2873,swe-agent,submitted (exit_cost),284,315,0.9015873015873016,31
swe-agent:031311:tobymao__sqlglot-2873,swe-agent,submitted (exit_context),44,65,0.676923076923077,21
swe-agent:031313:tobymao__sqlglot-2873,swe-agent,submitted (exit_context),20,51,0.39215686274509803,31
swe-agent:031314:tobymao__sqlglot-2873,swe-agent,submitted (exit_context),34,55,0.6181818181818182,21
swe-agent:031317:tobymao__sqlglot-2873,swe-agent,submitted (exit_context),40,61,0.6557377049180327,21
swe-agent:031321:tobymao__sqlglot-2873,swe-agent,submitted (exit_context),38,71,0.5352112676056338,33
swe-agent:031324:tobymao__sqlglot-2873,swe-agent,submitted (exit_context),52,67,0.7761194029850746,15
swe-agent:031326:tobymao__sqlglot-2873,swe-agent,submitted (exit_context),44,55,0.8,11
swe-agent:031327:tobymao__sqlglot-2873,swe-agent,submitted (exit_context),38,51,0.7450980392156863,13
swe-agent:031331:tobymao__sqlglot-2873,swe-agent,submitted (exit_context),34,63,0.5396825396825397,29
swe-agent:031335:tobymao__sqlglot-2873,swe-agent,submitted (exit_context),44,177,0.24858757062146894,133
swe-agent:031359:tryolabs__norfair-198,swe-agent,exit_context,26,67,0.3880597014925373,41
swe-agent:031371:4degrees__clique-26,swe-agent,submitted (exit_context),22,63,0.3492063492063492,41
swe-agent:031375:4degrees__clique-26,swe-agent,submitted (exit_context),34,81,0.41975308641975306,47
swe-agent:031376:4degrees__clique-26,swe-agent,submitted (exit_context),68,83,0.8192771084337349,15
swe-agent:031377:4degrees__clique-26,swe-agent,submitted (exit_context),26,95,0.2736842105263158,69
swe-agent:031378:4degrees__clique-26,swe-agent,submitted (exit_context),24,41,0.5853658536585366,17
swe-agent:031379:4degrees__clique-26,swe-agent,submitted (exit_context),30,73,0.410958904109589,43
swe-agent:031385:ASPP__pelita-412,swe-agent,submitted (exit_context),36,51,0.7058823529411765,15
swe-agent:031389:F5Networks__f5-icontrol-rest-python-124,swe-agent,exit_context,28,89,0.3146067415730337,61
swe-agent:031391:F5Networks__f5-icontrol-rest-python-124,swe-agent,exit_context,36,89,0.4044943820224719,53
swe-agent:031393:F5Networks__f5-icontrol-rest-python-124,swe-agent,exit_context,30,93,0.3225806451612903,63
swe-agent:031400:F5Networks__f5-icontrol-rest-python-124,swe-agent,exit_context,16,91,0.17582417582417584,75
swe-agent:031402:F5Networks__f5-icontrol-rest-python-124,swe-agent,exit_context,20,85,0.23529411764705882,65
swe-agent:031403:F5Networks__f5-icontrol-rest-python-124,swe-agent,exit_context,38,57,0.6666666666666666,19
swe-agent:031425:PMEAL__porespy-378,swe-agent,submitted (exit_context),22,91,0.24175824175824176,69
swe-agent:031436:PMEAL__porespy-378,swe-agent,submitted (exit_context),54,55,0.9818181818181818,1
swe-agent:031458:Sceptre__sceptre-1296,swe-agent,submitted (exit_context),54,321,0.16822429906542055,267
swe-agent:031460:Sceptre__sceptre-1296,swe-agent,submitted (exit_context),74,111,0.6666666666666666,37
swe-agent:031472:Viatorus__quom-43,swe-agent,submitted (exit_context),60,67,0.8955223880597015,7
swe-agent:031478:Viatorus__quom-43,swe-agent,submitted,20,23,0.8695652173913043,3
swe-agent:031484:Viatorus__quom-43,swe-agent,submitted (exit_context),40,133,0.3007518796992481,93
swe-agent:031485:Viatorus__quom-43,swe-agent,submitted,14,33,0.42424242424242425,19
swe-agent:031486:Viatorus__quom-43,swe-agent,submitted (exit_context),36,65,0.5538461538461539,29
swe-agent:031492:Viatorus__quom-43,swe-agent,submitted (exit_context),40,85,0.47058823529411764,45
swe-agent:031499:Viatorus__quom-43,swe-agent,submitted,18,27,0.6666666666666666,9
swe-agent:031503:Viatorus__quom-43,swe-agent,submitted,32,57,0.5614035087719298,25
swe-agent:031517:adamchainz__time-machine-298,swe-agent,submitted (exit_context),44,79,0.5569620253164557,35
swe-agent:031523:adamchainz__time-machine-298,swe-agent,submitted (exit_context),32,101,0.31683168316831684,69
swe-agent:031558:adamchainz__time-machine-298,swe-agent,submitted (exit_context),66,103,0.6407766990291263,37
swe-agent:031568:adamchainz__time-machine-298,swe-agent,submitted,40,53,0.7547169811320755,13
swe-agent:031652:agronholm__anyio-703,swe-agent,submitted,36,55,0.6545454545454545,19
swe-agent:031711:dotmesh-io__dotscience-python-37,swe-agent,exit_context,28,67,0.417910447761194,39
swe-agent:031714:dotmesh-io__dotscience-python-37,swe-agent,submitted (exit_context),44,65,0.676923076923077,21
swe-agent:031715:dotmesh-io__dotscience-python-37,swe-agent,exit_context,18,57,0.3157894736842105,39
swe-agent:031718:dotmesh-io__dotscience-python-37,swe-agent,exit_context,38,63,0.6031746031746031,25
swe-agent:031720:dotmesh-io__dotscience-python-37,swe-agent,exit_context,20,55,0.36363636363636365,35
swe-agent:031721:dotmesh-io__dotscience-python-37,swe-agent,exit_context,20,69,0.2898550724637681,49
swe-agent:031722:dotmesh-io__dotscience-python-37,swe-agent,exit_context,16,57,0.2807017543859649,41
swe-agent:031723:dotmesh-io__dotscience-python-37,swe-agent,exit_context,30,101,0.297029702970297,71
swe-agent:031724:dotmesh-io__dotscience-python-37,swe-agent,exit_context,40,65,0.6153846153846154,25
swe-agent:031726:dotmesh-io__dotscience-python-37,swe-agent,exit_context,18,45,0.4,27
swe-agent:031727:dotmesh-io__dotscience-python-37,swe-agent,exit_context,18,55,0.32727272727272727,37
swe-agent:031729:dotmesh-io__dotscience-python-37,swe-agent,submitted (exit_context),40,47,0.851063829787234,7
swe-agent:031731:dotmesh-io__dotscience-python-37,swe-agent,exit_context,20,57,0.3508771929824561,37
swe-agent:031732:dotmesh-io__dotscience-python-37,swe-agent,exit_context,20,53,0.37735849056603776,33
swe-agent:031734:dotmesh-io__dotscience-python-37,swe-agent,exit_context,20,63,0.31746031746031744,43
swe-agent:031736:dotmesh-io__dotscience-python-37,swe-agent,exit_context,22,47,0.46808510638297873,25
swe-agent:031737:dotmesh-io__dotscience-python-37,swe-agent,exit_context,16,53,0.3018867924528302,37
swe-agent:031739:dotmesh-io__dotscience-python-37,swe-agent,exit_context,22,53,0.41509433962264153,31
swe-agent:031740:dotmesh-io__dotscience-python-37,swe-agent,exit_context,16,57,0.2807017543859649,41
swe-agent:031741:dotmesh-io__dotscience-python-37,swe-agent,exit_context,24,51,0.47058823529411764,27
swe-agent:031744:dotmesh-io__dotscience-python-37,swe-agent,exit_context,16,55,0.2909090909090909,39
swe-agent:031745:dotmesh-io__dotscience-python-37,swe-agent,early_exit,20,35,0.5714285714285714,15
swe-agent:031746:dotmesh-io__dotscience-python-37,swe-agent,exit_context,50,59,0.847457627118644,9
swe-agent:031747:dotmesh-io__dotscience-python-37,swe-agent,exit_context,22,55,0.4,33
swe-agent:031749:dotmesh-io__dotscience-python-37,swe-agent,exit_context,28,57,0.49122807017543857,29
swe-agent:031750:dotmesh-io__dotscience-python-37,swe-agent,exit_context,32,51,0.6274509803921569,19
swe-agent:031751:dotmesh-io__dotscience-python-37,swe-agent,exit_context,20,55,0.36363636363636365,35
swe-agent:031754:dotmesh-io__dotscience-python-37,swe-agent,submitted_no_patch,20,21,0.9523809523809523,1
swe-agent:031756:dotmesh-io__dotscience-python-37,swe-agent,exit_context,20,55,0.36363636363636365,35
swe-agent:031757:dotmesh-io__dotscience-python-37,swe-agent,submitted,26,31,0.8387096774193549,5
swe-agent:031758:dotmesh-io__dotscience-python-37,swe-agent,exit_context,28,49,0.5714285714285714,21
swe-agent:031759:dotmesh-io__dotscience-python-37,swe-agent,exit_context,18,45,0.4,27
swe-agent:031760:dotmesh-io__dotscience-python-37,swe-agent,submitted (exit_context),44,59,0.7457627118644068,15
swe-agent:031762:dotmesh-io__dotscience-python-37,swe-agent,exit_context,44,73,0.6027397260273972,29
swe-agent:031763:dotmesh-io__dotscience-python-37,swe-agent,exit_context,40,73,0.547945205479452,33
swe-agent:031764:dotmesh-io__dotscience-python-37,swe-agent,submitted (exit_context),20,67,0.29850746268656714,47
swe-agent:031766:dotmesh-io__dotscience-python-37,swe-agent,exit_context,20,87,0.22988505747126436,67
swe-agent:031768:dotmesh-io__dotscience-python-37,swe-agent,exit_context,20,59,0.3389830508474576,39
swe-agent:031769:dotmesh-io__dotscience-python-37,swe-agent,exit_context,32,47,0.6808510638297872,15
swe-agent:031770:dotmesh-io__dotscience-python-37,swe-agent,submitted_no_patch,16,17,0.9411764705882353,1
swe-agent:031771:dotmesh-io__dotscience-python-37,swe-agent,submitted (exit_context),32,59,0.5423728813559322,27
swe-agent:031772:dotmesh-io__dotscience-python-37,swe-agent,exit_context,26,57,0.45614035087719296,31
swe-agent:031775:dotmesh-io__dotscience-python-37,swe-agent,exit_context,18,55,0.32727272727272727,37
swe-agent:031777:dotmesh-io__dotscience-python-37,swe-agent,exit_context,28,89,0.3146067415730337,61
swe-agent:031778:dotmesh-io__dotscience-python-37,swe-agent,exit_context,20,51,0.39215686274509803,31
swe-agent:031779:dotmesh-io__dotscience-python-37,swe-agent,submitted,26,33,0.7878787878787878,7
swe-agent:031780:dotmesh-io__dotscience-python-37,swe-agent,submitted (exit_context),24,135,0.17777777777777778,111
swe-agent:031792:eigenein__protobuf-37,swe-agent,submitted (exit_context),46,153,0.3006535947712418,107
swe-agent:031822:ettoreleandrotognoli__python-cdi-16,swe-agent,submitted (exit_context),24,339,0.07079646017699115,315
swe-agent:031824:ettoreleandrotognoli__python-cdi-16,swe-agent,submitted (exit_context),36,271,0.13284132841328414,235
swe-agent:031826:ettoreleandrotognoli__python-cdi-16,swe-agent,submitted (exit_context),54,399,0.13533834586466165,345
swe-agent:031830:fatiando__boule-146,swe-agent,submitted (exit_context),36,51,0.7058823529411765,15
swe-agent:031839:fatiando__boule-146,swe-agent,submitted (exit_context),28,51,0.5490196078431373,23
swe-agent:031851:globocom__m3u8-149,swe-agent,submitted (exit_context),30,69,0.43478260869565216,39
swe-agent:031853:globocom__m3u8-149,swe-agent,submitted (exit_context),60,73,0.821917808219178,13
swe-agent:031857:globocom__m3u8-149,swe-agent,submitted (exit_context),38,79,0.4810126582278481,41
swe-agent:031884:globocom__m3u8-149,swe-agent,submitted (exit_context),20,43,0.46511627906976744,23
swe-agent:031890:globocom__m3u8-149,swe-agent,submitted,40,63,0.6349206349206349,23
swe-agent:031892:globocom__m3u8-149,swe-agent,submitted (exit_context),28,55,0.509090909090909,27
swe-agent:031896:globocom__m3u8-149,swe-agent,submitted (exit_context),44,83,0.5301204819277109,39
swe-agent:031913:hgrecco__pint-pandas-207,swe-agent,early_exit,42,57,0.7368421052631579,15
swe-agent:031924:hgrecco__pint-pandas-207,swe-agent,submitted (exit_context),48,95,0.5052631578947369,47
swe-agent:031929:hgrecco__pint-pandas-207,swe-agent,submitted (exit_context),46,75,0.6133333333333333,29
swe-agent:031952:hgrecco__pint-pandas-207,swe-agent,submitted (exit_context),84,87,0.9655172413793104,3
swe-agent:031957:hgrecco__pint-pandas-207,swe-agent,early_exit,38,67,0.5671641791044776,29
swe-agent:031959:hgrecco__pint-pandas-207,swe-agent,submitted (exit_context),34,59,0.576271186440678,25
swe-agent:031960:hgrecco__pint-pandas-207,swe-agent,submitted (exit_context),64,71,0.9014084507042254,7
swe-agent:031973:iterative__dvc-3097,swe-agent,submitted (exit_context),20,115,0.17391304347826086,95
swe-agent:031979:iterative__dvc-3097,swe-agent,submitted (exit_context),26,107,0.24299065420560748,81
swe-agent:031981:iterative__dvc-3097,swe-agent,submitted (exit_context),30,129,0.23255813953488372,99
swe-agent:031986:iterative__dvc-3527,swe-agent,submitted (exit_context),102,115,0.8869565217391304,13
swe-agent:031997:iterative__dvc-3527,swe-agent,submitted (exit_context),24,95,0.25263157894736843,71
swe-agent:032001:iterative__dvc-4309,swe-agent,submitted (exit_context),44,75,0.5866666666666667,31
swe-agent:032003:iterative__dvc-4309,swe-agent,submitted,30,43,0.6976744186046512,13
swe-agent:032011:iterative__dvc-4309,swe-agent,submitted,46,63,0.7301587301587301,17
swe-agent:032016:iterative__dvc-4309,swe-agent,submitted (exit_context),28,89,0.3146067415730337,61
swe-agent:032019:iterative__dvc-5161,swe-agent,submitted,24,29,0.8275862068965517,5
swe-agent:032024:iterative__dvc-5161,swe-agent,submitted (exit_context),28,83,0.3373493975903614,55
swe-agent:032030:iterative__dvc-5161,swe-agent,exit_context,24,71,0.3380281690140845,47
swe-agent:032034:iterative__dvc-5161,swe-agent,submitted,20,65,0.3076923076923077,45
swe-agent:032036:iterative__dvc-5161,swe-agent,submitted,28,39,0.717948717948718,11
swe-agent:032047:iterative__dvc-5161,swe-agent,submitted (exit_context),30,49,0.6122448979591837,19
swe-agent:032049:iterative__dvc-5161,swe-agent,early_exit,42,215,0.19534883720930232,173
swe-agent:032077:mapbox__untiler-20,swe-agent,exit_context,14,71,0.19718309859154928,57
swe-agent:032080:mapbox__untiler-20,swe-agent,exit_context,24,99,0.24242424242424243,75
swe-agent:032087:marshmallow-code__flask-smorest-542,swe-agent,submitted,14,29,0.4827586206896552,15
swe-agent:032089:marshmallow-code__flask-smorest-542,swe-agent,exit_context,14,93,0.15053763440860216,79
swe-agent:032090:marshmallow-code__flask-smorest-542,swe-agent,exit_context,30,55,0.5454545454545454,25
swe-agent:032091:marshmallow-code__flask-smorest-542,swe-agent,submitted (exit_context),52,61,0.8524590163934426,9
swe-agent:032093:marshmallow-code__flask-smorest-542,swe-agent,submitted,14,25,0.56,11
swe-agent:032095:marshmallow-code__flask-smorest-542,swe-agent,submitted,12,53,0.22641509433962265,41
swe-agent:032097:marshmallow-code__flask-smorest-542,swe-agent,early_exit,12,51,0.23529411764705882,39
swe-agent:032109:marshmallow-code__flask-smorest-542,swe-agent,submitted,14,23,0.6086956521739131,9
swe-agent:032111:marshmallow-code__flask-smorest-542,swe-agent,submitted_no_patch,16,17,0.9411764705882353,1
swe-agent:032121:marshmallow-code__flask-smorest-542,swe-agent,submitted,18,31,0.5806451612903226,13
swe-agent:032122:marshmallow-code__flask-smorest-542,swe-agent,submitted,20,45,0.4444444444444444,25
swe-agent:032124:marshmallow-code__flask-smorest-542,swe-agent,submitted,20,39,0.5128205128205128,19
swe-agent:032135:matchms__matchms-539,swe-agent,submitted (exit_context),22,39,0.5641025641025641,17
swe-agent:032141:matchms__matchms-539,swe-agent,submitted (exit_context),16,81,0.19753086419753085,65
swe-agent:032177:microsoft__electionguard-python-191,swe-agent,submitted (exit_context),24,123,0.1951219512195122,99
swe-agent:032182:microsoft__electionguard-python-191,swe-agent,submitted,24,43,0.5581395348837209,19
swe-agent:032192:microsoft__electionguard-python-191,swe-agent,submitted (exit_context),54,93,0.5806451612903226,39
swe-agent:032216:oasis-open__cti-python-stix2-407,swe-agent,submitted,28,73,0.3835616438356164,45
swe-agent:032285:pvlib__pvlib-python-1822,swe-agent,submitted (exit_context),32,75,0.4266666666666667,43
swe-agent:032286:pvlib__pvlib-python-1822,swe-agent,early_exit,24,67,0.3582089552238806,43
swe-agent:032287:pvlib__pvlib-python-1822,swe-agent,submitted (exit_context),32,59,0.5423728813559322,27
swe-agent:032289:pvlib__pvlib-python-1822,swe-agent,submitted (exit_context),48,53,0.9056603773584906,5
swe-agent:032290:pvlib__pvlib-python-1822,swe-agent,submitted (exit_context),64,65,0.9846153846153847,1
swe-agent:032301:pvlib__pvlib-python-1822,swe-agent,submitted (exit_context),20,77,0.2597402597402597,57
swe-agent:032303:pvlib__pvlib-python-1822,swe-agent,submitted (exit_context),48,75,0.64,27
swe-agent:032307:pvlib__pvlib-python-1822,swe-agent,submitted (exit_context),60,71,0.8450704225352113,11
swe-agent:032312:pvlib__pvlib-python-1822,swe-agent,submitted (exit_context),52,63,0.8253968253968254,11
swe-agent:032314:pvlib__pvlib-python-1822,swe-agent,submitted (exit_context),44,67,0.6567164179104478,23
swe-agent:032316:pvlib__pvlib-python-718,swe-agent,submitted (exit_context),36,59,0.6101694915254238,23
swe-agent:032319:pydantic__pydantic-2348,swe-agent,submitted (exit_context),50,99,0.5050505050505051,49
swe-agent:032325:pydantic__pydantic-2348,swe-agent,submitted,66,79,0.8354430379746836,13
swe-agent:032331:pydantic__pydantic-2348,swe-agent,submitted (exit_context),64,85,0.7529411764705882,21
swe-agent:032335:pydantic__pydantic-3543,swe-agent,submitted (exit_context),40,95,0.42105263157894735,55
swe-agent:032337:pydantic__pydantic-3543,swe-agent,submitted (exit_context),38,69,0.5507246376811594,31
swe-agent:032351:pydantic__pydantic-3543,swe-agent,submitted,18,33,0.5454545454545454,15
swe-agent:032357:pydantic__pydantic-3543,swe-agent,submitted,44,51,0.8627450980392157,7
swe-agent:032370:pydantic__pydantic-3543,swe-agent,submitted (exit_context),56,105,0.5333333333333333,49
swe-agent:032371:pydantic__pydantic-3543,swe-agent,submitted,14,57,0.24561403508771928,43
swe-agent:032391:pydantic__pydantic-3543,swe-agent,early_exit,44,47,0.9361702127659575,3
swe-agent:032396:pydantic__pydantic-3543,swe-agent,submitted,46,71,0.647887323943662,25
swe-agent:032408:pydantic__pydantic-3646,swe-agent,submitted,30,63,0.47619047619047616,33
swe-agent:032411:pydantic__pydantic-3646,swe-agent,submitted,26,29,0.896551724137931,3
swe-agent:032425:pydantic__pydantic-3646,swe-agent,submitted (exit_context),18,109,0.1651376146788991,91
swe-agent:032427:pydantic__pydantic-3646,swe-agent,exit_context,30,89,0.33707865168539325,59
swe-agent:032432:pydantic__pydantic-3646,swe-agent,submitted (exit_context),54,87,0.6206896551724138,33
swe-agent:032445:pydantic__pydantic-3646,swe-agent,submitted (exit_context),26,71,0.36619718309859156,45
swe-agent:032447:pydantic__pydantic-3646,swe-agent,submitted (exit_context),30,73,0.410958904109589,43
swe-agent:032452:pydantic__pydantic-3646,swe-agent,submitted (exit_context),32,95,0.3368421052631579,63
swe-agent:032455:pydantic__pydantic-6586,swe-agent,submitted (exit_context),78,99,0.7878787878787878,21
swe-agent:032458:pydantic__pydantic-6586,swe-agent,submitted (exit_context),28,157,0.17834394904458598,129
swe-agent:032464:pydantic__pydantic-6586,swe-agent,submitted,42,69,0.6086956521739131,27
swe-agent:032489:pydantic__pydantic-6586,swe-agent,submitted (exit_context),34,111,0.3063063063063063,77
swe-agent:032494:pydantic__pydantic-6586,swe-agent,submitted (exit_context),82,151,0.543046357615894,69
swe-agent:032503:pydantic__pydantic-6586,swe-agent,submitted (exit_context),20,89,0.2247191011235955,69
swe-agent:032518:pydantic__pydantic-6586,swe-agent,submitted (exit_context),20,75,0.26666666666666666,55
swe-agent:032529:pydantic__pydantic-6586,swe-agent,submitted (exit_context),20,125,0.16,105
swe-agent:032536:pydicom__pydicom-1365,swe-agent,submitted,30,81,0.37037037037037035,51
swe-agent:032542:pydicom__pydicom-965,swe-agent,submitted (exit_context),48,53,0.9056603773584906,5
swe-agent:032546:pypa__hatch-415,swe-agent,submitted (exit_context),108,199,0.542713567839196,91
swe-agent:032547:pypa__hatch-415,swe-agent,submitted (exit_context),42,95,0.4421052631578947,53
swe-agent:032600:python-metar__python-metar-115,swe-agent,submitted (exit_context),50,61,0.819672131147541,11
swe-agent:032606:python-metar__python-metar-115,swe-agent,submitted (exit_context),56,57,0.9824561403508771,1
swe-agent:032610:python-metar__python-metar-115,swe-agent,submitted (exit_context),50,81,0.6172839506172839,31
swe-agent:032632:seequent__pure_interface-54,swe-agent,submitted (exit_context),34,47,0.723404255319149,13
swe-agent:032635:seequent__pure_interface-54,swe-agent,submitted (exit_context),52,73,0.7123287671232876,21
swe-agent:032659:seequent__pure_interface-54,swe-agent,submitted,38,45,0.8444444444444444,7
swe-agent:032663:seequent__pure_interface-54,swe-agent,submitted (exit_context),38,75,0.5066666666666667,37
swe-agent:032665:seequent__pure_interface-54,swe-agent,submitted (exit_context),40,103,0.3883495145631068,63
swe-agent:032667:seequent__pure_interface-54,swe-agent,submitted (exit_context),32,491,0.06517311608961303,459
swe-agent:032708:smok-serwis__coolamqp-28,swe-agent,submitted (exit_context),82,113,0.7256637168141593,31
swe-agent:032721:sqlfluff__sqlfluff-3904,swe-agent,submitted (exit_context),38,55,0.6909090909090909,17
swe-agent:032723:stfc__fparser-109,swe-agent,submitted (exit_context),28,31,0.9032258064516129,3
swe-agent:032733:stfc__fparser-109,swe-agent,submitted (exit_context),26,31,0.8387096774193549,5
swe-agent:032736:stfc__fparser-263,swe-agent,submitted (exit_context),44,83,0.5301204819277109,39
swe-agent:032740:stfc__fparser-263,swe-agent,submitted (exit_context),34,85,0.4,51
swe-agent:032742:stfc__fparser-263,swe-agent,submitted (exit_context),62,63,0.9841269841269841,1
swe-agent:032746:stfc__fparser-263,swe-agent,submitted (exit_context),72,85,0.8470588235294118,13
swe-agent:032747:stfc__fparser-263,swe-agent,submitted (exit_context),52,99,0.5252525252525253,47
swe-agent:032752:stfc__fparser-287,swe-agent,submitted (exit_context),16,99,0.16161616161616163,83
swe-agent:032755:stfc__fparser-287,swe-agent,submitted (exit_context),36,51,0.7058823529411765,15
swe-agent:032759:stfc__fparser-287,swe-agent,submitted (exit_context),78,93,0.8387096774193549,15
swe-agent:032761:tobymao__sqlglot-1953,swe-agent,submitted (exit_context),26,51,0.5098039215686274,25
swe-agent:032763:tobymao__sqlglot-1953,swe-agent,submitted (exit_context),26,49,0.5306122448979592,23
swe-agent:032771:tophat__syrupy-634,swe-agent,submitted,30,53,0.5660377358490566,23
swe-agent:032798:tsifrer__python-twitch-client-49,swe-agent,submitted (exit_context),34,79,0.43037974683544306,45
swe-agent:032800:twisted__twisted-11831,swe-agent,submitted,34,49,0.6938775510204082,15
swe-agent:032809:twisted__twisted-11831,swe-agent,submitted,58,61,0.9508196721311475,3
swe-agent:032815:twisted__twisted-11831,swe-agent,exit_context,28,67,0.417910447761194,39
swe-agent:032823:urlstechie__urlchecker-python-36,swe-agent,submitted,32,41,0.7804878048780488,9
swe-agent:032835:3YOURMIND__django-migration-linter-186,swe-agent,exit_context,20,73,0.273972602739726,53
swe-agent:032846:3YOURMIND__django-migration-linter-186,swe-agent,submitted,14,17,0.8235294117647058,3
swe-agent:032850:3YOURMIND__django-migration-linter-186,swe-agent,submitted,20,41,0.4878048780487805,21
swe-agent:032854:3YOURMIND__django-migration-linter-186,swe-agent,submitted (exit_context),56,65,0.8615384615384616,9
swe-agent:032855:3YOURMIND__django-migration-linter-186,swe-agent,submitted,20,27,0.7407407407407407,7
swe-agent:032857:3YOURMIND__django-migration-linter-186,swe-agent,exit_context,22,81,0.2716049382716049,59
swe-agent:032867:3YOURMIND__django-migration-linter-186,swe-agent,submitted (exit_context),30,65,0.46153846153846156,35
swe-agent:032871:3YOURMIND__django-migration-linter-186,swe-agent,submitted (exit_context),24,27,0.8888888888888888,3
swe-agent:032873:3YOURMIND__django-migration-linter-186,swe-agent,submitted (exit_context),30,79,0.379746835443038,49
swe-agent:032875:3YOURMIND__django-migration-linter-186,swe-agent,submitted (exit_context),20,79,0.25316455696202533,59
swe-agent:032877:3YOURMIND__django-migration-linter-186,swe-agent,submitted,12,37,0.32432432432432434,25
swe-agent:032878:3YOURMIND__django-migration-linter-186,swe-agent,submitted (exit_context),16,77,0.2077922077922078,61
swe-agent:032886:EmilStenstrom__conllu-35,swe-agent,submitted (exit_context),34,283,0.12014134275618374,249
swe-agent:032962:NCAS-CMS__cfdm-212,swe-agent,submitted (exit_context),34,51,0.6666666666666666,17
swe-agent:032964:OxfordIonTrapGroup__oitg-38,swe-agent,submitted,34,59,0.576271186440678,25
swe-agent:032975:OxfordIonTrapGroup__oitg-38,swe-agent,submitted,14,49,0.2857142857142857,35
swe-agent:032984:PyCQA__flake8-1320,swe-agent,submitted (exit_context),62,71,0.8732394366197183,9
swe-agent:033005:PyCQA__flake8-bugbear-209,swe-agent,submitted (exit_context),26,61,0.4262295081967213,35
swe-agent:033027:PyCQA__flake8-bugbear-209,swe-agent,submitted (exit_context),42,107,0.3925233644859813,65
swe-agent:033039:Shopify__shopify_python_api-354,swe-agent,submitted (exit_context),32,75,0.4266666666666667,43
swe-agent:033041:Shopify__shopify_python_api-354,swe-agent,submitted (exit_context),38,61,0.6229508196721312,23
swe-agent:033043:Shopify__shopify_python_api-354,swe-agent,submitted (exit_context),78,95,0.8210526315789474,17
swe-agent:033052:asottile__add-trailing-comma-12,swe-agent,submitted (exit_context),66,111,0.5945945945945946,45
swe-agent:033055:asottile__add-trailing-comma-12,swe-agent,submitted (exit_context),14,97,0.14432989690721648,83
swe-agent:033067:asottile__add-trailing-comma-12,swe-agent,submitted,12,21,0.5714285714285714,9
swe-agent:033075:astropy__sphinx-automodapi-142,swe-agent,submitted (exit_context),50,65,0.7692307692307693,15
swe-agent:033077:astropy__sphinx-automodapi-142,swe-agent,early_exit,42,57,0.7368421052631579,15
swe-agent:033085:astropy__sphinx-automodapi-142,swe-agent,submitted (exit_context),30,97,0.30927835051546393,67
swe-agent:033098:auth0__auth0-python-354,swe-agent,submitted (exit_context),34,107,0.3177570093457944,73
swe-agent:033114:auth0__auth0-python-354,swe-agent,submitted (exit_context),26,61,0.4262295081967213,35
swe-agent:033132:barrust__pyspellchecker-87,swe-agent,submitted,28,37,0.7567567567567568,9
swe-agent:033135:barrust__pyspellchecker-87,swe-agent,submitted (exit_context),26,57,0.45614035087719296,31
swe-agent:033146:barrust__pyspellchecker-87,swe-agent,submitted (exit_context),40,67,0.5970149253731343,27
swe-agent:033151:barrust__pyspellchecker-87,swe-agent,submitted (exit_context),32,73,0.4383561643835616,41
swe-agent:033154:barrust__pyspellchecker-87,swe-agent,submitted (exit_context),52,111,0.46846846846846846,59
swe-agent:033156:barrust__pyspellchecker-87,swe-agent,submitted (exit_context),72,81,0.8888888888888888,9
swe-agent:033168:barrust__pyspellchecker-87,swe-agent,submitted (exit_context),66,77,0.8571428571428571,11
swe-agent:033170:barrust__pyspellchecker-87,swe-agent,submitted (exit_context),30,63,0.47619047619047616,33
swe-agent:033174:barrust__pyspellchecker-87,swe-agent,submitted (exit_context),26,59,0.4406779661016949,33
swe-agent:033177:barrust__pyspellchecker-87,swe-agent,submitted (exit_context),26,75,0.3466666666666667,49
swe-agent:033190:barrust__pyspellchecker-87,swe-agent,submitted (exit_context),30,55,0.5454545454545454,25
swe-agent:033205:barrust__pyspellchecker-87,swe-agent,submitted (exit_context),26,129,0.20155038759689922,103
swe-agent:033212:barrust__pyspellchecker-87,swe-agent,submitted (exit_context),26,65,0.4,39
swe-agent:033352:datosgobar__pydatajson-211,swe-agent,submitted (exit_context),16,67,0.23880597014925373,51
swe-agent:033354:datosgobar__pydatajson-211,swe-agent,submitted (exit_context),20,53,0.37735849056603776,33
swe-agent:033377:devopsspiral__KubeLibrary-124,swe-agent,submitted (exit_context),24,93,0.25806451612903225,69
swe-agent:033414:docker__docker-py-1399,swe-agent,submitted (exit_context),42,147,0.2857142857142857,105
swe-agent:033418:docker__docker-py-1399,swe-agent,submitted (exit_context),28,81,0.345679012345679,53
swe-agent:033419:docker__docker-py-1399,swe-agent,submitted (exit_context),20,161,0.12422360248447205,141
swe-agent:033428:duo-labs__parliament-37,swe-agent,submitted,26,55,0.4727272727272727,29
swe-agent:033442:duo-labs__parliament-37,swe-agent,submitted (exit_context),46,61,0.7540983606557377,15
swe-agent:033465:facelessuser__pymdown-extensions-889,swe-agent,submitted (exit_context),40,59,0.6779661016949152,19
swe-agent:033469:facelessuser__pymdown-extensions-889,swe-agent,submitted (exit_context),10,239,0.04184100418410042,229
swe-agent:033470:facelessuser__pymdown-extensions-889,swe-agent,submitted (exit_context),70,75,0.9333333333333333,5
swe-agent:033471:facelessuser__pymdown-extensions-889,swe-agent,submitted (exit_context),10,71,0.14084507042253522,61
swe-agent:033505:geospace-code__pymap3d-66,swe-agent,submitted,22,27,0.8148148148148148,5
swe-agent:033508:geospace-code__pymap3d-66,swe-agent,submitted (exit_context),28,59,0.4745762711864407,31
swe-agent:033526:geospace-code__pymap3d-66,swe-agent,submitted (exit_context),42,59,0.711864406779661,17
swe-agent:033581:hsahovic__poke-env-158,swe-agent,exit_context,24,47,0.5106382978723404,23
swe-agent:033584:inducer__pycparserext-53,swe-agent,submitted (exit_context),38,79,0.4810126582278481,41
swe-agent:033585:inducer__pycparserext-53,swe-agent,submitted (exit_context),60,99,0.6060606060606061,39
swe-agent:033596:inducer__pycparserext-53,swe-agent,submitted (exit_context),34,59,0.576271186440678,25
swe-agent:033604:isi-vista__adam-304,swe-agent,exit_context,72,183,0.39344262295081966,111
swe-agent:033607:isi-vista__adam-304,swe-agent,submitted (exit_context),84,149,0.5637583892617449,65
swe-agent:033614:isi-vista__adam-576,swe-agent,submitted,24,33,0.7272727272727273,9
swe-agent:033618:isi-vista__adam-576,swe-agent,submitted (exit_context),24,65,0.36923076923076925,41
swe-agent:033627:iterative__dvc-4120,swe-agent,submitted (exit_context),70,117,0.5982905982905983,47
swe-agent:033637:iterative__dvc-4120,swe-agent,submitted (exit_context),54,107,0.5046728971962616,53
swe-agent:033658:iterative__dvc-6683,swe-agent,early_exit,18,195,0.09230769230769231,177
swe-agent:033686:iterative__dvc-6845,swe-agent,submitted (exit_context),20,131,0.15267175572519084,111
swe-agent:033693:iterative__dvc-6845,swe-agent,submitted,42,93,0.45161290322580644,51
swe-agent:033694:iterative__dvc-6845,swe-agent,submitted (exit_context),34,111,0.3063063063063063,77
swe-agent:033703:iterative__dvc-9797,swe-agent,exit_context,36,57,0.631578947368421,21
swe-agent:033705:iterative__dvc-9797,swe-agent,exit_context,58,105,0.5523809523809524,47
swe-agent:033707:iterative__dvc-9797,swe-agent,exit_context,84,143,0.5874125874125874,59
swe-agent:033713:iterative__dvc-9797,swe-agent,submitted,22,65,0.3384615384615385,43
swe-agent:033719:jriddy__zerial-36,swe-agent,submitted (exit_context),46,143,0.32167832167832167,97
swe-agent:033723:jriddy__zerial-36,swe-agent,submitted (exit_context),20,47,0.425531914893617,27
swe-agent:033730:jriddy__zerial-36,swe-agent,submitted (exit_context),26,101,0.25742574257425743,75
swe-agent:033744:linkml__linkml-992,swe-agent,submitted (exit_context),32,51,0.6274509803921569,19
swe-agent:033747:linkml__linkml-992,swe-agent,submitted (exit_context),28,49,0.5714285714285714,21
swe-agent:033748:linkml__linkml-992,swe-agent,submitted (exit_context),18,69,0.2608695652173913,51
swe-agent:033749:linkml__linkml-992,swe-agent,submitted,30,53,0.5660377358490566,23
swe-agent:033779:marrink-lab__vermouth-martinize-280,swe-agent,submitted (exit_context),10,61,0.16393442622950818,51
swe-agent:033796:matthewwardrop__formulaic-11,swe-agent,submitted (exit_context),56,83,0.6746987951807228,27
swe-agent:033867:pbs__pycaption-239,swe-agent,submitted (exit_context),38,139,0.2733812949640288,101
swe-agent:033868:pbs__pycaption-239,swe-agent,submitted,28,45,0.6222222222222222,17
swe-agent:033892:pycasbin__sqlalchemy-adapter-34,swe-agent,submitted,22,31,0.7096774193548387,9
swe-agent:033896:pycasbin__sqlalchemy-adapter-34,swe-agent,submitted,22,71,0.30985915492957744,49
swe-agent:033903:pycasbin__sqlalchemy-adapter-34,swe-agent,submitted,46,57,0.8070175438596491,11
swe-agent:033906:pycasbin__sqlalchemy-adapter-34,swe-agent,submitted,8,49,0.16326530612244897,41
swe-agent:033918:pydantic__pydantic-915,swe-agent,submitted (exit_context),64,81,0.7901234567901234,17
swe-agent:033919:pydantic__pydantic-915,swe-agent,submitted (exit_context),92,103,0.8932038834951457,11
swe-agent:033920:pydantic__pydantic-915,swe-agent,submitted (exit_context),86,107,0.8037383177570093,21
swe-agent:033922:pydantic__pydantic-915,swe-agent,submitted (exit_context),44,107,0.411214953271028,63
swe-agent:033925:pydantic__pydantic-915,swe-agent,submitted (exit_context),68,69,0.9855072463768116,1
swe-agent:033928:pydantic__pydantic-915,swe-agent,early_exit,44,55,0.8,11
swe-agent:033941:pylint-dev__astroid-1417,swe-agent,submitted,38,45,0.8444444444444444,7
swe-agent:033948:pylint-dev__astroid-1417,swe-agent,submitted,36,61,0.5901639344262295,25
swe-agent:033951:pylint-dev__astroid-1417,swe-agent,submitted (exit_context),102,109,0.9357798165137615,7
swe-agent:033970:pylint-dev__astroid-927,swe-agent,submitted (exit_context),48,51,0.9411764705882353,3
swe-agent:033973:pypa__build-420,swe-agent,submitted,36,73,0.4931506849315068,37
swe-agent:034020:simonw__sqlite-utils-51,swe-agent,exit_context,26,63,0.4126984126984127,37
swe-agent:034025:simonw__sqlite-utils-51,swe-agent,submitted,18,21,0.8571428571428571,3
swe-agent:034032:simonw__sqlite-utils-51,swe-agent,exit_context,22,55,0.4,33
swe-agent:034044:spacegraphcats__spacegraphcats-47,swe-agent,submitted,50,65,0.7692307692307693,15
swe-agent:034045:sqlfluff__sqlfluff-2907,swe-agent,submitted (exit_context),50,61,0.819672131147541,11
swe-agent:034050:sqlfluff__sqlfluff-2907,swe-agent,submitted (exit_context),32,63,0.5079365079365079,31
swe-agent:034052:sqlfluff__sqlfluff-2907,swe-agent,submitted (exit_context),38,53,0.7169811320754716,15
swe-agent:034054:sqlfluff__sqlfluff-2907,swe-agent,submitted,12,39,0.3076923076923077,27
swe-agent:034057:sqlfluff__sqlfluff-2907,swe-agent,submitted (exit_context),42,49,0.8571428571428571,7
swe-agent:034063:sqlfluff__sqlfluff-2907,swe-agent,submitted (exit_context),22,51,0.43137254901960786,29
swe-agent:034064:sqlfluff__sqlfluff-2907,swe-agent,submitted (exit_context),28,53,0.5283018867924528,25
swe-agent:034069:sqlfluff__sqlfluff-2907,swe-agent,submitted (exit_context),28,95,0.29473684210526313,67
swe-agent:034070:sqlfluff__sqlfluff-2907,swe-agent,submitted (exit_context),24,53,0.4528301886792453,29
swe-agent:034079:sqlfluff__sqlfluff-2907,swe-agent,submitted (exit_context),32,55,0.5818181818181818,23
swe-agent:034083:sqlfluff__sqlfluff-2907,swe-agent,submitted (exit_context),32,69,0.463768115942029,37
swe-agent:034085:sqlfluff__sqlfluff-2907,swe-agent,submitted (exit_context),34,55,0.6181818181818182,21
swe-agent:034092:sqlfluff__sqlfluff-2907,swe-agent,submitted (exit_context),24,49,0.4897959183673469,25
swe-agent:034094:sqlfluff__sqlfluff-2907,swe-agent,early_exit,12,203,0.059113300492610835,191
swe-agent:034147:zulip__zulip-terminal-1385,swe-agent,submitted (exit_context),56,57,0.9824561403508771,1
swe-agent:034163:Backblaze__B2_Command_Line_Tool-643,swe-agent,submitted (exit_context),34,87,0.39080459770114945,53
swe-agent:034165:Backblaze__B2_Command_Line_Tool-643,swe-agent,exit_context,44,89,0.4943820224719101,45
swe-agent:034166:Backblaze__B2_Command_Line_Tool-643,swe-agent,submitted (exit_context),30,83,0.3614457831325301,53
swe-agent:034167:Backblaze__B2_Command_Line_Tool-643,swe-agent,exit_context,44,53,0.8301886792452831,9
swe-agent:034168:Backblaze__B2_Command_Line_Tool-643,swe-agent,submitted (exit_context),60,93,0.6451612903225806,33
swe-agent:034171:Backblaze__B2_Command_Line_Tool-643,swe-agent,exit_context,38,65,0.5846153846153846,27
swe-agent:034173:European-XFEL__EXtra-data-165,swe-agent,submitted (exit_context),36,47,0.7659574468085106,11
swe-agent:034176:European-XFEL__EXtra-data-165,swe-agent,submitted (exit_context),32,73,0.4383561643835616,41
swe-agent:034215:TRoboto__Maha-30,swe-agent,submitted (exit_context),40,75,0.5333333333333333,35
swe-agent:034218:TRoboto__Maha-30,swe-agent,submitted (exit_context),48,79,0.6075949367088608,31
swe-agent:034231:TRoboto__Maha-30,swe-agent,submitted (exit_context),60,79,0.759493670886076,19
swe-agent:034232:Textualize__textual-2981,swe-agent,submitted (exit_context),42,117,0.358974358974359,75
swe-agent:034250:Textualize__textual-2981,swe-agent,submitted (exit_context),70,77,0.9090909090909091,7
swe-agent:034278:Textualize__textual-2984,swe-agent,submitted (exit_context),40,71,0.5633802816901409,31
swe-agent:034290:asottile__add-trailing-comma-28,swe-agent,submitted,22,33,0.6666666666666666,11
swe-agent:034338:asottile__pyupgrade-84,swe-agent,submitted (exit_context),44,65,0.676923076923077,21
swe-agent:034373:astropy__pyvo-357,swe-agent,submitted (exit_context),52,115,0.45217391304347826,63
swe-agent:034389:astropy__pyvo-357,swe-agent,submitted (exit_context),34,103,0.3300970873786408,69
swe-agent:034431:cuthbertLab__music21-314,swe-agent,submitted,16,41,0.3902439024390244,25
swe-agent:034434:cuthbertLab__music21-314,swe-agent,submitted,36,49,0.7346938775510204,13
swe-agent:034473:deppen8__pandas-vet-42,swe-agent,submitted (exit_context),20,33,0.6060606060606061,13
swe-agent:034476:deppen8__pandas-vet-42,swe-agent,submitted (exit_context),12,27,0.4444444444444444,15
swe-agent:034480:docker__docker-py-1143,swe-agent,submitted (exit_context),18,67,0.26865671641791045,49
swe-agent:034485:docker__docker-py-1143,swe-agent,submitted,30,49,0.6122448979591837,19
swe-agent:034486:docker__docker-py-1143,swe-agent,submitted,20,35,0.5714285714285714,15
swe-agent:034493:docker__docker-py-1143,swe-agent,exit_context,20,107,0.18691588785046728,87
swe-agent:034514:ebroecker__canmatrix-479,swe-agent,submitted (exit_context),56,61,0.9180327868852459,5
swe-agent:034535:ebroecker__canmatrix-479,swe-agent,submitted_no_patch,22,23,0.9565217391304348,1
swe-agent:034542:ebroecker__canmatrix-479,swe-agent,exit_context,16,41,0.3902439024390244,25
swe-agent:034549:ebroecker__canmatrix-479,swe-agent,exit_context,26,45,0.5777777777777777,19
swe-agent:034551:ebroecker__canmatrix-479,swe-agent,submitted (exit_context),34,59,0.576271186440678,25
swe-agent:034553:ebroecker__canmatrix-479,swe-agent,exit_context,18,57,0.3157894736842105,39
swe-agent:034571:esphome__aioesphomeapi-840,swe-agent,submitted (exit_context),48,77,0.6233766233766234,29
swe-agent:034573:esphome__aioesphomeapi-840,swe-agent,submitted (exit_context),8,125,0.064,117
swe-agent:034593:fatiando__boule-37,swe-agent,submitted,32,41,0.7804878048780488,9
swe-agent:034594:fatiando__boule-37,swe-agent,submitted (exit_context),34,73,0.4657534246575342,39
swe-agent:034607:gawel__pyquery-221,swe-agent,submitted,20,49,0.40816326530612246,29
swe-agent:034616:gawel__pyquery-221,swe-agent,submitted (exit_format),38,97,0.3917525773195876,59
swe-agent:034617:gawel__pyquery-221,swe-agent,submitted (exit_context),22,103,0.21359223300970873,81
swe-agent:034629:getsentry__responses-673,swe-agent,submitted (exit_context),30,57,0.5263157894736842,27
swe-agent:034633:getsentry__responses-673,swe-agent,submitted (exit_context),60,61,0.9836065573770492,1
swe-agent:034634:getsentry__responses-673,swe-agent,submitted (exit_context),64,81,0.7901234567901234,17
swe-agent:034637:googleapis__gapic-generator-python-717,swe-agent,submitted (exit_context),20,47,0.425531914893617,27
swe-agent:034665:ikalnytskyi__picobox-79,swe-agent,submitted (exit_context),84,95,0.8842105263157894,11
swe-agent:034710:iterative__dvc-3299,swe-agent,submitted (exit_context),22,101,0.21782178217821782,79
swe-agent:034711:iterative__dvc-3299,swe-agent,submitted (exit_context),18,37,0.4864864864864865,19
swe-agent:034712:iterative__dvc-3299,swe-agent,submitted (exit_context),32,89,0.3595505617977528,57
swe-agent:034718:iterative__dvc-3299,swe-agent,submitted (exit_context),42,129,0.32558139534883723,87
swe-agent:034720:iterative__dvc-3299,swe-agent,submitted (exit_context),36,93,0.3870967741935484,57
swe-agent:034723:iterative__dvc-3299,swe-agent,submitted (exit_context),26,81,0.32098765432098764,55
swe-agent:034724:iterative__dvc-4108,swe-agent,early_exit,12,65,0.18461538461538463,53
swe-agent:034749:iterative__dvc-4108,swe-agent,submitted (exit_context),32,49,0.6530612244897959,17
swe-agent:034750:iterative__dvc-4108,swe-agent,submitted,30,57,0.5263157894736842,27
swe-agent:034752:iterative__dvc-4108,swe-agent,submitted (exit_context),60,161,0.37267080745341613,101
swe-agent:034755:iterative__dvc-4108,swe-agent,submitted,14,47,0.2978723404255319,33
swe-agent:034763:iterative__dvc-4108,swe-agent,submitted,60,69,0.8695652173913043,9
swe-agent:034769:iterative__dvc-4108,swe-agent,submitted (exit_context),132,145,0.9103448275862069,13
swe-agent:034783:iterative__dvc-4108,swe-agent,submitted (exit_context),90,101,0.8910891089108911,11
swe-agent:034785:iterative__dvc-4108,swe-agent,submitted (exit_context),12,149,0.08053691275167785,137
swe-agent:034787:iterative__dvc-4108,swe-agent,submitted (exit_context),34,373,0.09115281501340483,339
swe-agent:034790:iterative__dvc-4282,swe-agent,submitted (exit_context),16,55,0.2909090909090909,39
swe-agent:034792:iterative__dvc-4282,swe-agent,early_exit,42,75,0.56,33
swe-agent:034797:iterative__dvc-4282,swe-agent,exit_context,88,121,0.7272727272727273,33
swe-agent:034799:iterative__dvc-4282,swe-agent,submitted (exit_context),30,91,0.32967032967032966,61
swe-agent:034800:iterative__dvc-4282,swe-agent,submitted (exit_context),48,147,0.32653061224489793,99
swe-agent:034801:iterative__dvc-4282,swe-agent,submitted,48,65,0.7384615384615385,17
swe-agent:034803:iterative__dvc-4282,swe-agent,submitted,22,35,0.6285714285714286,13
swe-agent:034805:iterative__dvc-4961,swe-agent,submitted,56,71,0.7887323943661971,15
swe-agent:034806:iterative__dvc-4961,swe-agent,early_exit,52,249,0.20883534136546184,197
swe-agent:034813:iterative__dvc-4961,swe-agent,submitted (exit_context),52,115,0.45217391304347826,63
swe-agent:034816:iterative__dvc-4961,swe-agent,submitted,60,61,0.9836065573770492,1
swe-agent:034820:iterative__dvc-4961,swe-agent,submitted (exit_context),72,93,0.7741935483870968,21
swe-agent:034825:iterative__dvc-7687,swe-agent,exit_context,48,81,0.5925925925925926,33
swe-agent:034831:iterative__dvc-7687,swe-agent,submitted,88,93,0.946236559139785,5
swe-agent:034833:iterative__dvc-7687,swe-agent,early_exit,18,95,0.18947368421052632,77
swe-agent:034841:iterative__dvc-8823,swe-agent,submitted,64,83,0.7710843373493976,19
swe-agent:034843:iterative__dvc-8823,swe-agent,submitted,56,73,0.7671232876712328,17
swe-agent:034847:iterative__dvc-8823,swe-agent,submitted (exit_context),24,123,0.1951219512195122,99
swe-agent:034852:iterative__dvc-8823,swe-agent,submitted (exit_context),44,143,0.3076923076923077,99
swe-agent:034855:juju__python-libjuju-582,swe-agent,submitted,30,35,0.8571428571428571,5
swe-agent:034881:macbre__sql-metadata-164,swe-agent,early_exit,24,51,0.47058823529411764,27
swe-agent:034890:macisamuele__language-formatters-pre-commit-hooks-160,swe-agent,submitted (exit_context),58,211,0.27488151658767773,153
swe-agent:034892:macisamuele__language-formatters-pre-commit-hooks-160,swe-agent,submitted (exit_context),70,95,0.7368421052631579,25
swe-agent:034904:minio__minio-py-1054,swe-agent,submitted,40,73,0.547945205479452,33
swe-agent:034905:minio__minio-py-1054,swe-agent,submitted,14,35,0.4,21
swe-agent:034916:mystor__git-revise-64,swe-agent,submitted (exit_context),34,193,0.17616580310880828,159
swe-agent:034917:mystor__git-revise-64,swe-agent,submitted (exit_context),20,85,0.23529411764705882,65
swe-agent:034928:pact-foundation__pact-python-35,swe-agent,exit_context,32,63,0.5079365079365079,31
swe-agent:034939:pact-foundation__pact-python-35,swe-agent,exit_context,24,157,0.15286624203821655,133
swe-agent:034941:pact-foundation__pact-python-35,swe-agent,exit_context,20,295,0.06779661016949153,275
swe-agent:034949:pact-foundation__pact-python-35,swe-agent,submitted (exit_context),58,131,0.44274809160305345,73
swe-agent:034951:pact-foundation__pact-python-35,swe-agent,exit_context,42,49,0.8571428571428571,7
swe-agent:034958:pact-foundation__pact-python-35,swe-agent,exit_context,82,247,0.3319838056680162,165
swe-agent:034964:pact-foundation__pact-python-35,swe-agent,exit_context,48,73,0.6575342465753424,25
swe-agent:034965:pact-foundation__pact-python-35,swe-agent,exit_context,28,29,0.9655172413793104,1
swe-agent:034968:pact-foundation__pact-python-35,swe-agent,exit_context,40,61,0.6557377049180327,21
swe-agent:034978:pact-foundation__pact-python-35,swe-agent,exit_context,66,79,0.8354430379746836,13
swe-agent:035009:pydantic__pydantic-2519,swe-agent,submitted,14,93,0.15053763440860216,79
swe-agent:035010:pydantic__pydantic-2519,swe-agent,submitted (exit_context),58,123,0.4715447154471545,65
swe-agent:035013:pydantic__pydantic-2519,swe-agent,submitted (exit_context),56,63,0.8888888888888888,7
swe-agent:035014:pydantic__pydantic-2519,swe-agent,submitted (exit_context),50,87,0.5747126436781609,37
swe-agent:035015:pydantic__pydantic-4252,swe-agent,submitted (exit_context),22,331,0.06646525679758308,309
swe-agent:035016:pydantic__pydantic-4252,swe-agent,submitted (exit_context),14,45,0.3111111111111111,31
swe-agent:035018:pydantic__pydantic-4252,swe-agent,submitted (exit_context),24,279,0.08602150537634409,255
swe-agent:035021:pydantic__pydantic-4252,swe-agent,submitted (exit_context),74,87,0.8505747126436781,13
swe-agent:035029:pydantic__pydantic-4252,swe-agent,submitted (exit_context),30,49,0.6122448979591837,19
swe-agent:035041:pydantic__pydantic-4252,swe-agent,submitted (exit_context),98,101,0.9702970297029703,3
swe-agent:035045:pydantic__pydantic-4252,swe-agent,submitted (exit_context),68,69,0.9855072463768116,1
swe-agent:035050:pydantic__pydantic-4252,swe-agent,submitted (exit_context),30,61,0.4918032786885246,31
swe-agent:035054:pydantic__pydantic-4252,swe-agent,submitted (exit_context),28,51,0.5490196078431373,23
swe-agent:035056:pydantic__pydantic-4252,swe-agent,submitted (exit_context),20,49,0.40816326530612246,29
swe-agent:035060:pydantic__pydantic-4252,swe-agent,submitted (exit_context),18,359,0.05013927576601671,341
swe-agent:035062:pydantic__pydantic-4252,swe-agent,submitted (exit_context),20,59,0.3389830508474576,39
swe-agent:035063:pydantic__pydantic-4252,swe-agent,submitted (exit_context),120,129,0.9302325581395349,9
swe-agent:035066:pydantic__pydantic-4252,swe-agent,early_exit,28,59,0.4745762711864407,31
swe-agent:035074:pydantic__pydantic-4252,swe-agent,submitted,68,181,0.3756906077348066,113
swe-agent:035084:pydantic__pydantic-4252,swe-agent,submitted (exit_context),24,65,0.36923076923076925,41
swe-agent:035085:pydantic__pydantic-4252,swe-agent,early_exit,54,79,0.6835443037974683,25
swe-agent:035087:pydantic__pydantic-4493,swe-agent,submitted (exit_context),30,51,0.5882352941176471,21
swe-agent:035095:pydantic__pydantic-4493,swe-agent,submitted (exit_context),32,65,0.49230769230769234,33
swe-agent:035104:pydantic__pydantic-4493,swe-agent,submitted,28,31,0.9032258064516129,3
swe-agent:035107:pydantic__pydantic-4493,swe-agent,submitted (exit_context),16,57,0.2807017543859649,41
swe-agent:035128:pydantic__pydantic-4493,swe-agent,submitted (exit_context),42,71,0.5915492957746479,29
swe-agent:035140:pypa__hatch-422,swe-agent,submitted (exit_context),18,111,0.16216216216216217,93
swe-agent:035141:pypa__hatch-422,swe-agent,submitted (exit_context),20,125,0.16,105
swe-agent:035147:pypa__hatch-422,swe-agent,submitted (exit_context),20,61,0.32786885245901637,41
swe-agent:035148:pypa__hatch-422,swe-agent,submitted (exit_context),56,85,0.6588235294117647,29
swe-agent:035151:pypa__hatch-422,swe-agent,submitted (exit_context),20,71,0.28169014084507044,51
swe-agent:035159:pypa__hatch-422,swe-agent,submitted (exit_context),36,109,0.3302752293577982,73
swe-agent:035164:pypa__hatch-422,swe-agent,submitted (exit_context),40,111,0.36036036036036034,71
swe-agent:035172:pypa__hatch-422,swe-agent,submitted,26,75,0.3466666666666667,49
swe-agent:035176:pypa__hatch-422,swe-agent,submitted (exit_context),28,63,0.4444444444444444,35
swe-agent:035185:pypa__hatch-422,swe-agent,submitted (exit_context),30,105,0.2857142857142857,75
swe-agent:035189:pypa__hatch-422,swe-agent,submitted (exit_context),24,81,0.2962962962962963,57
swe-agent:035198:pypa__hatch-422,swe-agent,submitted (exit_context),26,93,0.27956989247311825,67
swe-agent:035199:pypa__hatch-422,swe-agent,submitted,36,47,0.7659574468085106,11
swe-agent:035200:pypa__hatch-422,swe-agent,submitted,32,57,0.5614035087719298,25
swe-agent:035213:pypa__hatch-422,swe-agent,submitted (exit_context),120,347,0.345821325648415,227
swe-agent:035215:pypa__hatch-422,swe-agent,submitted (exit_context),12,151,0.07947019867549669,139
swe-agent:035218:pypa__hatch-422,swe-agent,submitted (exit_context),82,227,0.36123348017621143,145
swe-agent:035223:pypa__hatch-422,swe-agent,submitted (exit_context),22,293,0.07508532423208192,271
swe-agent:035239:python-babel__babel-646,swe-agent,submitted (exit_context),58,111,0.5225225225225225,53
swe-agent:035242:python-babel__babel-646,swe-agent,exit_context,24,67,0.3582089552238806,43
swe-agent:035243:python-babel__babel-646,swe-agent,submitted (exit_context),16,63,0.25396825396825395,47
swe-agent:035251:python-babel__babel-646,swe-agent,submitted (exit_context),60,101,0.594059405940594,41
swe-agent:035261:python-jsonschema__check-jsonschema-166,swe-agent,submitted (exit_context),12,111,0.10810810810810811,99
swe-agent:035274:python-jsonschema__check-jsonschema-166,swe-agent,submitted,18,35,0.5142857142857142,17
swe-agent:035275:python-jsonschema__check-jsonschema-166,swe-agent,submitted,42,71,0.5915492957746479,29
swe-agent:035284:python-jsonschema__check-jsonschema-166,swe-agent,submitted (exit_context),18,53,0.33962264150943394,35
swe-agent:035285:python-jsonschema__check-jsonschema-166,swe-agent,submitted,14,27,0.5185185185185185,13
swe-agent:035286:python-jsonschema__check-jsonschema-166,swe-agent,submitted (exit_context),68,99,0.6868686868686869,31
swe-agent:035290:python-jsonschema__check-jsonschema-166,swe-agent,submitted (exit_context),64,81,0.7901234567901234,17
swe-agent:035310:python-metar__python-metar-55,swe-agent,exit_context,40,71,0.5633802816901409,31
swe-agent:035313:python-metar__python-metar-55,swe-agent,exit_context,28,31,0.9032258064516129,3
swe-agent:035314:python-metar__python-metar-55,swe-agent,exit_context,16,439,0.03644646924829157,423
swe-agent:035319:python-metar__python-metar-55,swe-agent,exit_context,12,17,0.7058823529411765,5
swe-agent:035325:radish-bdd__radish-307,swe-agent,submitted (exit_context),48,197,0.2436548223350254,149
swe-agent:035326:radish-bdd__radish-307,swe-agent,submitted (exit_context),48,109,0.44036697247706424,61
swe-agent:035327:radish-bdd__radish-307,swe-agent,submitted (exit_context),52,103,0.5048543689320388,51
swe-agent:035331:radish-bdd__radish-307,swe-agent,submitted (exit_context),50,91,0.5494505494505495,41
swe-agent:035342:scikit-hep__vector-319,swe-agent,submitted (exit_context),52,63,0.8253968253968254,11
swe-agent:035347:sqlfluff__sqlfluff-2641,swe-agent,early_exit,100,179,0.5586592178770949,79
swe-agent:035351:stopthatcow__zazu-184,swe-agent,submitted (exit_context),18,123,0.14634146341463414,105
swe-agent:035356:stopthatcow__zazu-184,swe-agent,submitted,26,37,0.7027027027027027,11
swe-agent:035375:stopthatcow__zazu-184,swe-agent,exit_context,18,111,0.16216216216216217,93
swe-agent:035377:stopthatcow__zazu-184,swe-agent,submitted,22,27,0.8148148148148148,5
swe-agent:035432:tobymao__sqlglot-2658,swe-agent,submitted (exit_context),56,79,0.7088607594936709,23
swe-agent:035434:tobymao__sqlglot-2658,swe-agent,submitted (exit_context),42,49,0.8571428571428571,7
swe-agent:035445:twisted__pydoctor-191,swe-agent,submitted (exit_context),24,479,0.05010438413361169,455
swe-agent:035447:twisted__pydoctor-191,swe-agent,submitted (exit_context),76,103,0.7378640776699029,27
swe-agent:035489:zhmcclient__python-zhmcclient-142,swe-agent,submitted (exit_context),68,75,0.9066666666666666,7
swe-agent:035506:Open-EO__openeo-python-client-231,swe-agent,early_exit,14,121,0.11570247933884298,107
swe-agent:035509:Open-EO__openeo-python-client-231,swe-agent,submitted,10,41,0.24390243902439024,31
swe-agent:035510:Open-EO__openeo-python-client-231,swe-agent,exit_context,14,75,0.18666666666666668,61
swe-agent:035511:Open-EO__openeo-python-client-231,swe-agent,submitted (exit_context),30,61,0.4918032786885246,31
swe-agent:035515:Open-EO__openeo-python-client-231,swe-agent,exit_context,12,61,0.19672131147540983,49
swe-agent:035532:Open-EO__openeo-python-client-231,swe-agent,submitted,10,19,0.5263157894736842,9
swe-agent:035539:Open-EO__openeo-python-client-231,swe-agent,submitted,14,27,0.5185185185185185,13
swe-agent:035540:Open-EO__openeo-python-client-231,swe-agent,submitted (exit_context),62,113,0.5486725663716814,51
swe-agent:035544:Open-EO__openeo-python-client-231,swe-agent,exit_context,10,107,0.09345794392523364,97
swe-agent:035554:PyCQA__pyflakes-604,swe-agent,submitted (exit_context),22,89,0.24719101123595505,67
swe-agent:035557:PyCQA__pyflakes-604,swe-agent,submitted (exit_context),62,95,0.6526315789473685,33
swe-agent:035558:PyCQA__pyflakes-604,swe-agent,submitted (exit_context),36,75,0.48,39
swe-agent:035563:PyCQA__pyflakes-604,swe-agent,submitted (exit_context),22,97,0.2268041237113402,75
swe-agent:035569:RedHatInsights__insights-core-3949,swe-agent,exit_context,28,43,0.6511627906976745,15
swe-agent:035574:RedHatInsights__insights-core-3949,swe-agent,exit_context,66,79,0.8354430379746836,13
swe-agent:035590:ResearchObject__ro-crate-py-76,swe-agent,submitted (exit_context),46,65,0.7076923076923077,19
swe-agent:035623:Shopify__shopify_python_api-363,swe-agent,submitted (exit_context),40,83,0.4819277108433735,43
swe-agent:035658:Textualize__textual-2530,swe-agent,submitted (exit_context),34,59,0.576271186440678,25
swe-agent:035669:Textualize__textual-2530,swe-agent,exit_context,18,65,0.27692307692307694,47
swe-agent:035728:aesara-devs__aesara-928,swe-agent,submitted (exit_context),42,55,0.7636363636363637,13
swe-agent:035739:aesara-devs__aesara-928,swe-agent,submitted (exit_context),26,53,0.49056603773584906,27
swe-agent:035741:aesara-devs__aesara-995,swe-agent,submitted (exit_context),22,89,0.24719101123595505,67
swe-agent:035769:agronholm__anyio-647,swe-agent,exit_context,12,51,0.23529411764705882,39
swe-agent:035803:agronholm__anyio-647,swe-agent,submitted,10,19,0.5263157894736842,9
swe-agent:035806:agronholm__anyio-647,swe-agent,submitted,28,35,0.8,7
swe-agent:035847:beetbox__beets-3869,swe-agent,exit_context,22,533,0.04127579737335835,511
swe-agent:035851:beetbox__beets-3869,swe-agent,submitted,34,87,0.39080459770114945,53
swe-agent:035872:codingedward__flask-sieve-32,swe-agent,submitted (exit_context),26,89,0.29213483146067415,63
swe-agent:035873:codingedward__flask-sieve-32,swe-agent,submitted (exit_context),40,85,0.47058823529411764,45
swe-agent:035912:coverahealth__dataspec-4,swe-agent,submitted (exit_context),42,43,0.9767441860465116,1
swe-agent:035941:dandi__dandi-cli-535,swe-agent,submitted (exit_context),36,71,0.5070422535211268,35
swe-agent:035950:dandi__dandi-cli-535,swe-agent,submitted (exit_context),40,71,0.5633802816901409,31
swe-agent:035952:dandi__dandi-cli-535,swe-agent,submitted (exit_context),52,149,0.348993288590604,97
swe-agent:035977:erikrose__parsimonious-202,swe-agent,submitted (exit_context),22,53,0.41509433962264153,31
swe-agent:035979:erikrose__parsimonious-202,swe-agent,submitted (exit_context),40,51,0.7843137254901961,11
swe-agent:035997:getnikola__nikola-3504,swe-agent,submitted (exit_context),36,339,0.10619469026548672,303
swe-agent:036000:getnikola__nikola-3504,swe-agent,submitted (exit_context),20,99,0.20202020202020202,79
swe-agent:036002:getnikola__nikola-3504,swe-agent,submitted (exit_context),10,159,0.06289308176100629,149
swe-agent:036004:getnikola__nikola-3504,swe-agent,submitted,60,65,0.9230769230769231,5
swe-agent:036005:getnikola__nikola-3504,swe-agent,submitted (exit_context),54,71,0.7605633802816901,17
swe-agent:036007:getnikola__nikola-3504,swe-agent,submitted (exit_context),50,225,0.2222222222222222,175
swe-agent:036014:getnikola__nikola-3504,swe-agent,submitted (exit_context),10,97,0.10309278350515463,87
swe-agent:036017:getnikola__nikola-3504,swe-agent,submitted (exit_context),44,427,0.10304449648711944,383
swe-agent:036021:getnikola__nikola-3504,swe-agent,submitted,42,55,0.7636363636363637,13
swe-agent:036022:getnikola__nikola-3504,swe-agent,submitted (exit_context),38,133,0.2857142857142857,95
swe-agent:036028:getnikola__nikola-3504,swe-agent,submitted (exit_context),40,135,0.2962962962962963,95
swe-agent:036035:getnikola__nikola-3504,swe-agent,exit_context,138,147,0.9387755102040817,9
swe-agent:036036:getnikola__nikola-3504,swe-agent,submitted (exit_context),84,129,0.6511627906976745,45
swe-agent:036040:getnikola__nikola-3504,swe-agent,submitted (exit_context),20,113,0.17699115044247787,93
swe-agent:036043:getnikola__nikola-3504,swe-agent,submitted (exit_context),36,41,0.8780487804878049,5
swe-agent:036051:getnikola__nikola-3504,swe-agent,submitted (exit_context),68,101,0.6732673267326733,33
swe-agent:036055:getnikola__nikola-3504,swe-agent,submitted (exit_context),36,59,0.6101694915254238,23
swe-agent:036058:getnikola__nikola-3504,swe-agent,submitted (exit_context),32,129,0.24806201550387597,97
swe-agent:036062:getnikola__nikola-3504,swe-agent,submitted (exit_context),34,59,0.576271186440678,25
swe-agent:036064:getnikola__nikola-3504,swe-agent,submitted (exit_context),36,313,0.11501597444089456,277
swe-agent:036070:getnikola__nikola-3504,swe-agent,submitted (exit_context),34,95,0.35789473684210527,61
swe-agent:036074:getnikola__nikola-3504,swe-agent,submitted (exit_context),28,83,0.3373493975903614,55
swe-agent:036076:getnikola__nikola-3504,swe-agent,submitted (exit_context),34,125,0.272,91
swe-agent:036078:getnikola__nikola-3504,swe-agent,submitted (exit_context),400,411,0.9732360097323601,11
swe-agent:036081:getnikola__nikola-3504,swe-agent,submitted (exit_context),10,135,0.07407407407407407,125
swe-agent:036083:google__mobly-238,swe-agent,submitted (exit_context),50,57,0.8771929824561403,7
swe-agent:036084:google__mobly-238,swe-agent,submitted,20,71,0.28169014084507044,51
swe-agent:036107:google__mobly-433,swe-agent,submitted (exit_context),32,71,0.4507042253521127,39
swe-agent:036109:googlefonts__picosvg-240,swe-agent,submitted,10,13,0.7692307692307693,3
swe-agent:036124:googlefonts__picosvg-240,swe-agent,submitted (exit_context),32,33,0.9696969696969697,1
swe-agent:036133:googlefonts__picosvg-240,swe-agent,submitted (exit_context),40,47,0.851063829787234,7
swe-agent:036149:ilevkivskyi__typing_inspect-26,swe-agent,submitted (exit_context),22,71,0.30985915492957744,49
swe-agent:036153:iterative__dvc-2126,swe-agent,submitted (exit_context),22,91,0.24175824175824176,69
swe-agent:036165:iterative__dvc-2126,swe-agent,submitted (exit_context),50,95,0.5263157894736842,45
swe-agent:036167:iterative__dvc-2126,swe-agent,submitted,18,25,0.72,7
swe-agent:036180:iterative__dvc-2427,swe-agent,submitted (exit_context),96,129,0.7441860465116279,33
swe-agent:036181:iterative__dvc-2427,swe-agent,exit_context,12,35,0.34285714285714286,23
swe-agent:036183:iterative__dvc-2427,swe-agent,exit_context,18,33,0.5454545454545454,15
swe-agent:036200:iterative__dvc-8252,swe-agent,submitted (exit_context),24,235,0.10212765957446808,211
swe-agent:036203:iterative__dvc-8252,swe-agent,submitted (exit_context),16,117,0.13675213675213677,101
swe-agent:036206:iterative__dvc-8252,swe-agent,early_exit,58,139,0.4172661870503597,81
swe-agent:036207:iterative__dvc-8252,swe-agent,submitted (exit_context),64,143,0.44755244755244755,79
swe-agent:036215:iterative__dvc-8252,swe-agent,submitted,10,43,0.23255813953488372,33
swe-agent:036290:kiwicom__structlog-sentry-18,swe-agent,submitted (exit_context),18,201,0.08955223880597014,183
swe-agent:036297:linkml__linkml-828,swe-agent,exit_context,18,55,0.32727272727272727,37
swe-agent:036301:linkml__linkml-828,swe-agent,submitted (exit_context),30,435,0.06896551724137931,405
swe-agent:036302:linkml__linkml-828,swe-agent,submitted (exit_context),42,59,0.711864406779661,17
swe-agent:036303:linkml__linkml-828,swe-agent,submitted (exit_context),36,181,0.19889502762430938,145
swe-agent:036307:linkml__linkml-828,swe-agent,early_exit,30,31,0.967741935483871,1
swe-agent:036334:miurahr__aqtinstall-414,swe-agent,early_exit,40,45,0.8888888888888888,5
swe-agent:036344:miurahr__aqtinstall-414,swe-agent,early_exit,36,39,0.9230769230769231,3
swe-agent:036350:neogeny__TatSu-121,swe-agent,submitted,18,61,0.29508196721311475,43
swe-agent:036354:oasis-open__cti-python-stix2-436,swe-agent,submitted (exit_context),48,71,0.676056338028169,23
swe-agent:036362:oasis-open__cti-python-stix2-436,swe-agent,submitted (exit_context),22,53,0.41509433962264153,31
swe-agent:036375:pimutils__khal-1145,swe-agent,submitted (exit_context),60,69,0.8695652173913043,9
swe-agent:036377:pimutils__khal-1145,swe-agent,submitted,26,53,0.49056603773584906,27
swe-agent:036412:pimutils__khal-1145,swe-agent,exit_context,48,107,0.4485981308411215,59
swe-agent:036417:pvlib__pvlib-python-1138,swe-agent,submitted (exit_context),12,105,0.11428571428571428,93
swe-agent:036423:pvlib__pvlib-python-1653,swe-agent,exit_format,28,55,0.509090909090909,27
swe-agent:036426:pydantic__pydantic-2384,swe-agent,submitted (exit_context),24,59,0.4067796610169492,35
swe-agent:036433:pydantic__pydantic-2384,swe-agent,submitted (exit_context),42,55,0.7636363636363637,13
swe-agent:036440:pydantic__pydantic-2384,swe-agent,submitted (exit_context),38,57,0.6666666666666666,19
swe-agent:036444:pydantic__pydantic-2384,swe-agent,submitted (exit_context),48,55,0.8727272727272727,7
swe-agent:036446:pydantic__pydantic-2384,swe-agent,submitted (exit_context),54,67,0.8059701492537313,13
swe-agent:036450:pydantic__pydantic-2384,swe-agent,submitted (exit_context),48,61,0.7868852459016393,13
swe-agent:036451:pydantic__pydantic-2384,swe-agent,submitted (exit_context),58,67,0.8656716417910447,9
swe-agent:036462:pydantic__pydantic-2384,swe-agent,submitted (exit_context),28,83,0.3373493975903614,55
swe-agent:036467:pydantic__pydantic-2384,swe-agent,submitted (exit_context),44,85,0.5176470588235295,41
swe-agent:036469:pydantic__pydantic-2384,swe-agent,submitted,54,67,0.8059701492537313,13
swe-agent:036479:pydantic__pydantic-2384,swe-agent,early_exit,44,53,0.8301886792452831,9
swe-agent:036480:pydantic__pydantic-2384,swe-agent,submitted (exit_context),34,47,0.723404255319149,13
swe-agent:036482:pydantic__pydantic-2384,swe-agent,submitted (exit_context),44,65,0.676923076923077,21
swe-agent:036486:pydantic__pydantic-2384,swe-agent,submitted (exit_context),48,53,0.9056603773584906,5
swe-agent:036493:pydantic__pydantic-2384,swe-agent,submitted (exit_context),38,77,0.4935064935064935,39
swe-agent:036494:pydantic__pydantic-2384,swe-agent,submitted (exit_context),20,51,0.39215686274509803,31
swe-agent:036496:pydantic__pydantic-2384,swe-agent,submitted (exit_context),46,91,0.5054945054945055,45
swe-agent:036499:pydantic__pydantic-2384,swe-agent,submitted (exit_context),52,57,0.9122807017543859,5
swe-agent:036502:pydantic__pydantic-2536,swe-agent,submitted (exit_context),58,75,0.7733333333333333,17
swe-agent:036504:pydantic__pydantic-2536,swe-agent,submitted,50,77,0.6493506493506493,27
swe-agent:036505:pydantic__pydantic-2536,swe-agent,submitted (exit_context),38,75,0.5066666666666667,37
swe-agent:036508:pydantic__pydantic-2536,swe-agent,submitted (exit_context),40,65,0.6153846153846154,25
swe-agent:036509:pydantic__pydantic-2536,swe-agent,submitted (exit_context),70,79,0.8860759493670886,9
swe-agent:036511:pydantic__pydantic-2536,swe-agent,submitted (exit_context),34,63,0.5396825396825397,29
swe-agent:036519:pydantic__pydantic-3304,swe-agent,submitted (exit_context),14,91,0.15384615384615385,77
swe-agent:036523:pydantic__pydantic-3304,swe-agent,submitted (exit_context),46,85,0.5411764705882353,39
swe-agent:036525:pydantic__pydantic-3304,swe-agent,submitted (exit_context),52,71,0.7323943661971831,19
swe-agent:036532:pydantic__pydantic-3304,swe-agent,submitted,44,93,0.4731182795698925,49
swe-agent:036544:pydantic__pydantic-4335,swe-agent,submitted (exit_context),32,67,0.47761194029850745,35
swe-agent:036545:pydantic__pydantic-4335,swe-agent,submitted (exit_context),42,111,0.3783783783783784,69
swe-agent:036546:pydantic__pydantic-4335,swe-agent,submitted (exit_context),48,127,0.3779527559055118,79
swe-agent:036549:pydantic__pydantic-4335,swe-agent,submitted (exit_context),144,359,0.4011142061281337,215
swe-agent:036550:pydantic__pydantic-4335,swe-agent,submitted (exit_context),58,111,0.5225225225225225,53
swe-agent:036556:pydantic__pydantic-4335,swe-agent,submitted (exit_context),42,65,0.6461538461538462,23
swe-agent:036558:pydantic__pydantic-4335,swe-agent,submitted (exit_context),58,69,0.8405797101449275,11
swe-agent:036562:pydantic__pydantic-4335,swe-agent,submitted (exit_context),56,83,0.6746987951807228,27
swe-agent:036564:pydantic__pydantic-4335,swe-agent,submitted,34,103,0.3300970873786408,69
swe-agent:036567:pydantic__pydantic-4335,swe-agent,submitted (exit_context),34,99,0.3434343434343434,65
swe-agent:036571:pydantic__pydantic-4335,swe-agent,submitted (exit_context),48,113,0.4247787610619469,65
swe-agent:036574:pydantic__pydantic-4335,swe-agent,submitted (exit_context),80,81,0.9876543209876543,1
swe-agent:036580:pydicom__pydicom-944,swe-agent,submitted,30,71,0.4225352112676056,41
swe-agent:036583:pydicom__pynetdicom-343,swe-agent,submitted (exit_context),26,89,0.29213483146067415,63
swe-agent:036584:pydicom__pynetdicom-343,swe-agent,exit_context,50,55,0.9090909090909091,5
swe-agent:036598:pylint-dev__astroid-2307,swe-agent,submitted (exit_context),36,75,0.48,39
swe-agent:036601:python-metar__python-metar-149,swe-agent,early_exit,26,39,0.6666666666666666,13
swe-agent:036603:python-metar__python-metar-149,swe-agent,submitted (exit_context),46,47,0.9787234042553191,1
swe-agent:036605:python-metar__python-metar-149,swe-agent,submitted (exit_context),26,45,0.5777777777777777,19
swe-agent:036606:python-metar__python-metar-149,swe-agent,submitted (exit_context),26,69,0.37681159420289856,43
swe-agent:036608:python-metar__python-metar-149,swe-agent,submitted (exit_context),42,49,0.8571428571428571,7
swe-agent:036609:python-metar__python-metar-149,swe-agent,submitted (exit_context),26,47,0.5531914893617021,21
swe-agent:036610:python-metar__python-metar-149,swe-agent,submitted (exit_context),26,39,0.6666666666666666,13
swe-agent:036614:python-metar__python-metar-149,swe-agent,submitted (exit_context),44,53,0.8301886792452831,9
swe-agent:036617:python-metar__python-metar-149,swe-agent,submitted (exit_context),34,45,0.7555555555555555,11
swe-agent:036624:python-metar__python-metar-149,swe-agent,submitted (exit_context),42,51,0.8235294117647058,9
swe-agent:036625:python-metar__python-metar-149,swe-agent,submitted (exit_context),24,43,0.5581395348837209,19
swe-agent:036626:python-metar__python-metar-149,swe-agent,submitted (exit_context),30,45,0.6666666666666666,15
swe-agent:036627:python-metar__python-metar-149,swe-agent,submitted (exit_context),46,57,0.8070175438596491,11
swe-agent:036630:python-metar__python-metar-149,swe-agent,submitted (exit_context),30,47,0.6382978723404256,17
swe-agent:036636:python-metar__python-metar-149,swe-agent,submitted (exit_context),26,45,0.5777777777777777,19
swe-agent:036646:python-metar__python-metar-149,swe-agent,submitted (exit_context),38,107,0.35514018691588783,69
swe-agent:036648:python-metar__python-metar-149,swe-agent,submitted (exit_context),32,121,0.2644628099173554,89
swe-agent:036653:python-metar__python-metar-149,swe-agent,early_exit,44,59,0.7457627118644068,15
swe-agent:036654:python-metar__python-metar-149,swe-agent,submitted (exit_context),30,55,0.5454545454545454,25
swe-agent:036655:python-metar__python-metar-149,swe-agent,submitted (exit_context),34,53,0.6415094339622641,19
swe-agent:036658:python-metar__python-metar-149,swe-agent,submitted (exit_context),32,49,0.6530612244897959,17
swe-agent:036660:python-metar__python-metar-149,swe-agent,submitted (exit_context),42,51,0.8235294117647058,9
swe-agent:036674:redis__redis-py-2982,swe-agent,exit_context,22,71,0.30985915492957744,49
swe-agent:036680:redis__redis-py-2982,swe-agent,exit_context,18,51,0.35294117647058826,33
swe-agent:036684:ros-tooling__cross_compile-177,swe-agent,submitted (exit_context),46,103,0.44660194174757284,57
swe-agent:036689:ros-tooling__cross_compile-177,swe-agent,submitted (exit_context),24,41,0.5853658536585366,17
swe-agent:036692:ros-tooling__cross_compile-177,swe-agent,submitted (exit_context),32,67,0.47761194029850745,35
swe-agent:036693:ros-tooling__cross_compile-177,swe-agent,submitted (exit_context),58,167,0.3473053892215569,109
swe-agent:036695:ros-tooling__cross_compile-177,swe-agent,submitted (exit_context),48,89,0.5393258426966292,41
swe-agent:036699:ros-tooling__cross_compile-240,swe-agent,exit_context,24,75,0.32,51
swe-agent:036701:ros-tooling__cross_compile-240,swe-agent,submitted (exit_context),26,41,0.6341463414634146,15
swe-agent:036703:ros-tooling__cross_compile-240,swe-agent,exit_context,30,67,0.44776119402985076,37
swe-agent:036707:ros-tooling__cross_compile-240,swe-agent,exit_context,36,43,0.8372093023255814,7
swe-agent:036708:ros-tooling__cross_compile-240,swe-agent,submitted (exit_context),20,81,0.24691358024691357,61
swe-agent:036715:ros-tooling__cross_compile-240,swe-agent,submitted (exit_context),26,93,0.27956989247311825,67
swe-agent:036722:ros-tooling__cross_compile-240,swe-agent,exit_context,26,95,0.2736842105263158,69
swe-agent:036735:ros-tooling__cross_compile-240,swe-agent,submitted (exit_context),22,39,0.5641025641025641,17
swe-agent:036737:ros-tooling__cross_compile-240,swe-agent,exit_context,24,79,0.3037974683544304,55
swe-agent:036744:ros-tooling__cross_compile-240,swe-agent,exit_context,20,67,0.29850746268656714,47
swe-agent:036745:ros-tooling__cross_compile-240,swe-agent,submitted (exit_context),40,79,0.5063291139240507,39
swe-agent:036748:ros-tooling__cross_compile-240,swe-agent,submitted (exit_context),32,83,0.3855421686746988,51
swe-agent:036749:ros-tooling__cross_compile-240,swe-agent,submitted (exit_context),22,59,0.3728813559322034,37
swe-agent:036750:ros-tooling__cross_compile-240,swe-agent,exit_context,22,73,0.3013698630136986,51
swe-agent:036757:ros-tooling__cross_compile-240,swe-agent,submitted,14,31,0.45161290322580644,17
swe-agent:036759:ros-tooling__cross_compile-240,swe-agent,submitted (exit_context),38,59,0.6440677966101694,21
swe-agent:036769:scieloorg__catalogmanager-68,swe-agent,submitted (exit_context),28,107,0.2616822429906542,79
swe-agent:036770:scieloorg__catalogmanager-68,swe-agent,submitted,18,47,0.3829787234042553,29
swe-agent:036771:scieloorg__catalogmanager-68,swe-agent,submitted (exit_context),34,113,0.3008849557522124,79
swe-agent:036773:scieloorg__catalogmanager-68,swe-agent,submitted (exit_context),26,53,0.49056603773584906,27
swe-agent:036777:scieloorg__catalogmanager-68,swe-agent,submitted (exit_context),12,59,0.2033898305084746,47
swe-agent:036887:tobymao__sqlglot-1670,swe-agent,submitted (exit_context),50,71,0.704225352112676,21
swe-agent:036924:web2py__pydal-350,swe-agent,submitted (exit_context),46,215,0.21395348837209302,169
swe-agent:036936:zopefoundation__Zope-1003,swe-agent,submitted,56,69,0.8115942028985508,13
swe-agent:036941:Abjad__abjad-ext-nauert-24,swe-agent,submitted (exit_context),32,49,0.6530612244897959,17
swe-agent:036973:Abjad__abjad-ext-nauert-24,swe-agent,submitted (exit_context),52,95,0.5473684210526316,43
swe-agent:036975:Abjad__abjad-ext-nauert-24,swe-agent,submitted (exit_context),52,67,0.7761194029850746,15
swe-agent:036982:Abjad__abjad-ext-nauert-24,swe-agent,submitted (exit_context),64,77,0.8311688311688312,13
swe-agent:037015:Azure__WALinuxAgent-1105,swe-agent,submitted (exit_context),26,77,0.33766233766233766,51
swe-agent:037020:Azure__WALinuxAgent-1105,swe-agent,exit_context,50,59,0.847457627118644,9
swe-agent:037025:Azure__WALinuxAgent-1105,swe-agent,submitted (exit_context),28,73,0.3835616438356164,45
swe-agent:037039:Azure__WALinuxAgent-1105,swe-agent,early_exit,14,35,0.4,21
swe-agent:037040:Azure__WALinuxAgent-1105,swe-agent,exit_context,22,101,0.21782178217821782,79
swe-agent:037044:Azure__WALinuxAgent-1105,swe-agent,exit_context,22,63,0.3492063492063492,41
swe-agent:037049:Benardi__touvlo-47,swe-agent,submitted (exit_context),24,31,0.7741935483870968,7
swe-agent:037050:Benardi__touvlo-47,swe-agent,submitted (exit_context),22,49,0.4489795918367347,27
swe-agent:037052:Benardi__touvlo-47,swe-agent,submitted (exit_context),22,43,0.5116279069767442,21
swe-agent:037053:Benardi__touvlo-47,swe-agent,submitted (exit_context),32,43,0.7441860465116279,11
swe-agent:037056:Benardi__touvlo-47,swe-agent,submitted (exit_context),14,33,0.42424242424242425,19
swe-agent:037061:Benardi__touvlo-47,swe-agent,submitted (exit_context),26,55,0.4727272727272727,29
swe-agent:037066:Benardi__touvlo-47,swe-agent,submitted,16,49,0.32653061224489793,33
swe-agent:037068:CycloneDX__cyclonedx-python-367,swe-agent,submitted (exit_context),20,103,0.1941747572815534,83
swe-agent:037106:CycloneDX__cyclonedx-python-367,swe-agent,submitted (exit_context),56,249,0.2248995983935743,193
swe-agent:037112:CycloneDX__cyclonedx-python-367,swe-agent,submitted (exit_context),48,97,0.4948453608247423,49
swe-agent:037121:CycloneDX__cyclonedx-python-367,swe-agent,submitted (exit_context),20,95,0.21052631578947367,75
swe-agent:037126:CycloneDX__cyclonedx-python-367,swe-agent,submitted (exit_context),24,99,0.24242424242424243,75
swe-agent:037127:CycloneDX__cyclonedx-python-367,swe-agent,submitted (exit_context),50,71,0.704225352112676,21
swe-agent:037138:Electrostatics__mmcif_pdbx-27,swe-agent,submitted (exit_context),30,71,0.4225352112676056,41
swe-agent:037142:Electrostatics__mmcif_pdbx-27,swe-agent,submitted (exit_context),46,107,0.42990654205607476,61
swe-agent:037143:Electrostatics__mmcif_pdbx-27,swe-agent,submitted (exit_context),28,95,0.29473684210526313,67
swe-agent:037144:Electrostatics__mmcif_pdbx-27,swe-agent,submitted (exit_context),24,51,0.47058823529411764,27
swe-agent:037151:Electrostatics__mmcif_pdbx-27,swe-agent,submitted (exit_context),28,55,0.509090909090909,27
swe-agent:037157:Electrostatics__mmcif_pdbx-27,swe-agent,submitted (exit_context),28,43,0.6511627906976745,15
swe-agent:037163:Electrostatics__mmcif_pdbx-27,swe-agent,submitted (exit_context),34,53,0.6415094339622641,19
swe-agent:037165:Electrostatics__mmcif_pdbx-27,swe-agent,submitted (exit_context),50,79,0.6329113924050633,29
swe-agent:037169:Electrostatics__mmcif_pdbx-27,swe-agent,submitted (exit_context),38,57,0.6666666666666666,19
swe-agent:037172:Electrostatics__mmcif_pdbx-27,swe-agent,submitted (exit_context),28,57,0.49122807017543857,29
swe-agent:037173:Electrostatics__mmcif_pdbx-27,swe-agent,submitted (exit_context),30,73,0.410958904109589,43
swe-agent:037182:Electrostatics__mmcif_pdbx-27,swe-agent,submitted (exit_context),36,75,0.48,39
swe-agent:037185:Electrostatics__mmcif_pdbx-27,swe-agent,submitted (exit_context),56,73,0.7671232876712328,17
swe-agent:037186:Electrostatics__mmcif_pdbx-27,swe-agent,submitted (exit_context),18,111,0.16216216216216217,93
swe-agent:037190:Electrostatics__mmcif_pdbx-27,swe-agent,submitted (exit_context),34,71,0.4788732394366197,37
swe-agent:037191:Electrostatics__mmcif_pdbx-27,swe-agent,submitted (exit_context),44,75,0.5866666666666667,31
swe-agent:037197:Electrostatics__mmcif_pdbx-27,swe-agent,submitted (exit_context),42,75,0.56,33
swe-agent:037198:Electrostatics__mmcif_pdbx-27,swe-agent,submitted (exit_context),36,95,0.37894736842105264,59
swe-agent:037200:Electrostatics__mmcif_pdbx-27,swe-agent,submitted (exit_context),42,85,0.49411764705882355,43
swe-agent:037205:Electrostatics__mmcif_pdbx-27,swe-agent,submitted (exit_context),26,71,0.36619718309859156,45
swe-agent:037214:Electrostatics__mmcif_pdbx-27,swe-agent,submitted (exit_context),36,77,0.4675324675324675,41
swe-agent:037219:Electrostatics__mmcif_pdbx-27,swe-agent,submitted (exit_context),26,57,0.45614035087719296,31
swe-agent:037228:PSLmodels__microdf-188,swe-agent,submitted (exit_context),42,63,0.6666666666666666,21
swe-agent:037237:PyCQA__pyflakes-420,swe-agent,submitted (exit_context),218,297,0.734006734006734,79
swe-agent:037239:PyCQA__pyflakes-420,swe-agent,submitted (exit_context),34,61,0.5573770491803278,27
swe-agent:037243:PyFilesystem__pyfilesystem2-161,swe-agent,submitted (exit_context),62,317,0.19558359621451105,255
swe-agent:037296:astropenguin__pandas-dataclasses-12,swe-agent,submitted (exit_context),34,97,0.35051546391752575,63
swe-agent:037316:benjamincorcoran__sasdocs-44,swe-agent,submitted (exit_context),44,299,0.14715719063545152,255
swe-agent:037318:botblox__botblox-manager-software-36,swe-agent,submitted (exit_context),32,203,0.15763546798029557,171
swe-agent:037320:botblox__botblox-manager-software-36,swe-agent,exit_context,32,135,0.23703703703703705,103
swe-agent:037327:botblox__botblox-manager-software-36,swe-agent,exit_context,24,57,0.42105263157894735,33
swe-agent:037345:coverahealth__dataspec-20,swe-agent,submitted (exit_context),26,61,0.4262295081967213,35
swe-agent:037346:coverahealth__dataspec-20,swe-agent,submitted (exit_context),64,83,0.7710843373493976,19
swe-agent:037347:coverahealth__dataspec-20,swe-agent,submitted (exit_context),28,209,0.1339712918660287,181
swe-agent:037358:enowars__enochecker-79,swe-agent,submitted (exit_context),52,69,0.7536231884057971,17
swe-agent:037361:enowars__enochecker-79,swe-agent,submitted (exit_context),44,67,0.6567164179104478,23
swe-agent:037368:fatiando__verde-181,swe-agent,submitted,24,53,0.4528301886792453,29
swe-agent:037369:fatiando__verde-181,swe-agent,submitted,30,49,0.6122448979591837,19
swe-agent:037372:fatiando__verde-181,swe-agent,submitted (exit_context),72,109,0.6605504587155964,37
swe-agent:037388:fetchai__tools-pocketbook-28,swe-agent,submitted (exit_context),102,141,0.723404255319149,39
swe-agent:037399:google__mobly-17,swe-agent,submitted,30,37,0.8108108108108109,7
swe-agent:037401:google__mobly-17,swe-agent,exit_context,16,87,0.1839080459770115,71
swe-agent:037402:google__mobly-17,swe-agent,exit_context,28,91,0.3076923076923077,63
swe-agent:037405:google__mobly-17,swe-agent,exit_context,18,87,0.20689655172413793,69
swe-agent:037406:google__mobly-17,swe-agent,exit_context,40,71,0.5633802816901409,31
swe-agent:037407:google__mobly-17,swe-agent,exit_context,36,49,0.7346938775510204,13
swe-agent:037408:google__mobly-17,swe-agent,exit_context,22,87,0.25287356321839083,65
swe-agent:037409:google__mobly-17,swe-agent,submitted (exit_context),34,75,0.4533333333333333,41
swe-agent:037433:iterative__dvc-3914,swe-agent,submitted (exit_context),12,61,0.19672131147540983,49
swe-agent:037437:iterative__dvc-3914,swe-agent,submitted (exit_context),46,101,0.45544554455445546,55
swe-agent:037444:iterative__dvc-3914,swe-agent,submitted (exit_context),76,77,0.987012987012987,1
swe-agent:037445:iterative__dvc-3914,swe-agent,submitted (exit_context),24,71,0.3380281690140845,47
swe-agent:037451:iterative__dvc-4034,swe-agent,exit_context,26,457,0.05689277899343545,431
swe-agent:037467:iterative__dvc-4034,swe-agent,submitted (exit_context),18,197,0.09137055837563451,179
swe-agent:037473:iterative__dvc-4034,swe-agent,submitted (exit_context),50,461,0.10845986984815618,411
swe-agent:037488:iterative__dvc-4034,swe-agent,submitted (exit_context),92,421,0.21852731591448932,329
swe-agent:037490:iterative__dvc-4034,swe-agent,submitted (exit_context),24,197,0.1218274111675127,173
swe-agent:037520:iterative__dvc-4034,swe-agent,early_exit,44,133,0.3308270676691729,89
swe-agent:037521:joke2k__faker-1991,swe-agent,submitted (exit_context),20,55,0.36363636363636365,35
swe-agent:037525:joke2k__faker-1991,swe-agent,submitted,28,41,0.6829268292682927,13
swe-agent:037527:joke2k__faker-1991,swe-agent,exit_context,44,87,0.5057471264367817,43
swe-agent:037529:joke2k__faker-1991,swe-agent,submitted,26,57,0.45614035087719296,31
swe-agent:037532:joke2k__faker-1991,swe-agent,submitted (exit_context),42,71,0.5915492957746479,29
swe-agent:037534:joke2k__faker-1991,swe-agent,submitted (exit_context),66,93,0.7096774193548387,27
swe-agent:037538:joke2k__faker-1991,swe-agent,submitted (exit_context),54,69,0.782608695652174,15
swe-agent:037540:joke2k__faker-1991,swe-agent,submitted (exit_context),26,73,0.3561643835616438,47
swe-agent:037548:joke2k__faker-1991,swe-agent,submitted (exit_context),22,53,0.41509433962264153,31
swe-agent:037551:joke2k__faker-1991,swe-agent,submitted (exit_context),32,85,0.3764705882352941,53
swe-agent:037552:joke2k__faker-1991,swe-agent,submitted (exit_context),52,65,0.8,13
swe-agent:037554:joke2k__faker-1991,swe-agent,submitted (exit_context),44,55,0.8,11
swe-agent:037556:joke2k__faker-1991,swe-agent,submitted (exit_context),26,65,0.4,39
swe-agent:037558:joke2k__faker-1991,swe-agent,submitted (exit_context),76,81,0.9382716049382716,5
swe-agent:037568:joke2k__faker-1991,swe-agent,submitted (exit_context),28,65,0.4307692307692308,37
swe-agent:037569:joke2k__faker-1991,swe-agent,submitted (exit_context),54,55,0.9818181818181818,1
swe-agent:037571:joke2k__faker-1991,swe-agent,submitted (exit_context),34,75,0.4533333333333333,41
swe-agent:037572:joke2k__faker-1991,swe-agent,submitted (exit_context),40,61,0.6557377049180327,21
swe-agent:037578:joke2k__faker-1991,swe-agent,submitted (exit_context),26,75,0.3466666666666667,49
swe-agent:037585:joke2k__faker-1991,swe-agent,submitted (exit_context),42,75,0.56,33
swe-agent:037586:marcelm__cutadapt-695,swe-agent,submitted (exit_context),66,221,0.2986425339366516,155
swe-agent:037592:marcelm__cutadapt-695,swe-agent,submitted (exit_context),54,71,0.7605633802816901,17
swe-agent:037633:networkx__networkx-4753,swe-agent,submitted (exit_context),24,131,0.183206106870229,107
swe-agent:037634:nipy__nipype-2349,swe-agent,submitted (exit_context),38,73,0.5205479452054794,35
swe-agent:037636:nipy__nipype-2349,swe-agent,submitted (exit_context),22,71,0.30985915492957744,49
swe-agent:037637:nipy__nipype-2349,swe-agent,submitted (exit_context),30,73,0.410958904109589,43
swe-agent:037639:nipy__nipype-2349,swe-agent,submitted (exit_context),34,69,0.4927536231884058,35
swe-agent:037640:nipy__nipype-2349,swe-agent,submitted (exit_context),30,63,0.47619047619047616,33
swe-agent:037641:nipy__nipype-2349,swe-agent,submitted (exit_context),24,65,0.36923076923076925,41
swe-agent:037643:nipy__nipype-2349,swe-agent,submitted (exit_context),26,67,0.3880597014925373,41
swe-agent:037644:nipy__nipype-2349,swe-agent,submitted (exit_context),24,71,0.3380281690140845,47
swe-agent:037645:openstack-charmers__zaza-36,swe-agent,submitted (exit_context),42,183,0.22950819672131148,141
swe-agent:037652:openstack-charmers__zaza-36,swe-agent,submitted (exit_context),94,131,0.7175572519083969,37
swe-agent:037655:openstack-charmers__zaza-36,swe-agent,submitted,24,57,0.42105263157894735,33
swe-agent:037692:pydantic__pydantic-1804,swe-agent,submitted (exit_context),22,25,0.88,3
swe-agent:037710:pydantic__pydantic-1804,swe-agent,submitted,18,47,0.3829787234042553,29
swe-agent:037718:pydantic__pydantic-2066,swe-agent,submitted (exit_context),30,77,0.38961038961038963,47
swe-agent:037722:pydantic__pydantic-2066,swe-agent,submitted (exit_context),32,51,0.6274509803921569,19
swe-agent:037723:pydantic__pydantic-2066,swe-agent,submitted (exit_context),22,65,0.3384615384615385,43
swe-agent:037729:pydantic__pydantic-2066,swe-agent,exit_context,26,95,0.2736842105263158,69
swe-agent:037730:pydantic__pydantic-2066,swe-agent,submitted (exit_context),46,61,0.7540983606557377,15
swe-agent:037733:pydantic__pydantic-2066,swe-agent,submitted (exit_context),28,81,0.345679012345679,53
swe-agent:037734:pydantic__pydantic-2066,swe-agent,submitted,40,51,0.7843137254901961,11
swe-agent:037744:pydantic__pydantic-2336,swe-agent,submitted (exit_context),56,111,0.5045045045045045,55
swe-agent:037750:pydantic__pydantic-2336,swe-agent,submitted (exit_context),44,59,0.7457627118644068,15
swe-agent:037761:pydantic__pydantic-2434,swe-agent,submitted (exit_context),32,83,0.3855421686746988,51
swe-agent:037765:pydantic__pydantic-2434,swe-agent,submitted,24,61,0.39344262295081966,37
swe-agent:037767:pydantic__pydantic-2434,swe-agent,submitted (exit_context),32,59,0.5423728813559322,27
swe-agent:037770:pydantic__pydantic-3935,swe-agent,submitted (exit_context),36,53,0.6792452830188679,17
swe-agent:037771:pydantic__pydantic-3935,swe-agent,submitted (exit_context),30,67,0.44776119402985076,37
swe-agent:037777:pydantic__pydantic-3935,swe-agent,submitted,70,103,0.6796116504854369,33
swe-agent:037790:pydantic__pydantic-3935,swe-agent,submitted (exit_context),36,67,0.5373134328358209,31
swe-agent:037793:pydantic__pydantic-3935,swe-agent,submitted (exit_context),14,441,0.031746031746031744,427
swe-agent:037798:pydantic__pydantic-3935,swe-agent,submitted (exit_context),44,101,0.43564356435643564,57
swe-agent:037801:pydantic__pydantic-3935,swe-agent,submitted (exit_context),38,85,0.4470588235294118,47
swe-agent:037804:pydantic__pydantic-3935,swe-agent,early_exit,36,37,0.972972972972973,1
swe-agent:037807:pydantic__pydantic-3935,swe-agent,submitted (exit_context),24,101,0.2376237623762376,77
swe-agent:037811:pydantic__pydantic-3935,swe-agent,submitted (exit_context),28,53,0.5283018867924528,25
swe-agent:037813:pydantic__pydantic-3935,swe-agent,submitted (exit_context),38,65,0.5846153846153846,27
swe-agent:037833:pystorm__pystorm-31,swe-agent,submitted (exit_context),16,51,0.3137254901960784,35
swe-agent:037834:pystorm__pystorm-31,swe-agent,exit_context,18,99,0.18181818181818182,81
swe-agent:037847:pystorm__pystorm-31,swe-agent,submitted (exit_context),24,93,0.25806451612903225,69
swe-agent:037853:python-visualization__folium-1155,swe-agent,submitted,14,39,0.358974358974359,25
swe-agent:037862:python-visualization__folium-1155,swe-agent,submitted,22,37,0.5945945945945946,15
swe-agent:037863:python-visualization__folium-1155,swe-agent,submitted,18,43,0.4186046511627907,25
swe-agent:037878:pyvista__pyvista-4315,swe-agent,submitted,26,35,0.7428571428571429,9
swe-agent:037883:pyvista__pyvista-4315,swe-agent,submitted (exit_context),22,37,0.5945945945945946,15
swe-agent:037896:pyvista__pyvista-4315,swe-agent,early_exit,18,39,0.46153846153846156,21
swe-agent:037900:pyvista__pyvista-4315,swe-agent,submitted (exit_context),28,37,0.7567567567567568,9
swe-agent:037903:pyvista__pyvista-4315,swe-agent,submitted (exit_context),32,49,0.6530612244897959,17
swe-agent:037906:pyvista__pyvista-4315,swe-agent,submitted (exit_context),18,91,0.1978021978021978,73
swe-agent:037938:richardkiss__pycoin-353,swe-agent,submitted,34,49,0.6938775510204082,15
swe-agent:037949:richardkiss__pycoin-353,swe-agent,exit_context,50,211,0.23696682464454977,161
swe-agent:037968:richardkiss__pycoin-353,swe-agent,submitted,46,47,0.9787234042553191,1
swe-agent:037984:rubik__radon-212,swe-agent,submitted (exit_context),52,107,0.48598130841121495,55
swe-agent:038033:sanic-org__sanic-2737,swe-agent,submitted (exit_context),56,75,0.7466666666666667,19
swe-agent:038039:sanic-org__sanic-2737,swe-agent,submitted (exit_context),84,107,0.7850467289719626,23
swe-agent:038042:somm15__PyViCare-122,swe-agent,submitted,52,65,0.8,13
swe-agent:038085:springload__draftjs_exporter-22,swe-agent,submitted,12,23,0.5217391304347826,11
swe-agent:038091:springload__draftjs_exporter-22,swe-agent,submitted (exit_format),12,17,0.7058823529411765,5
swe-agent:038097:springload__draftjs_exporter-22,swe-agent,submitted (exit_context),70,77,0.9090909090909091,7
swe-agent:038099:springload__draftjs_exporter-22,swe-agent,submitted_no_patch,34,69,0.4927536231884058,35
swe-agent:038105:sscpac__statick-83,swe-agent,submitted,10,17,0.5882352941176471,7
swe-agent:038106:sscpac__statick-83,swe-agent,submitted,10,21,0.47619047619047616,11
swe-agent:038108:sscpac__statick-83,swe-agent,submitted,10,25,0.4,15
swe-agent:038110:sscpac__statick-83,swe-agent,submitted,26,35,0.7428571428571429,9
swe-agent:038113:sscpac__statick-83,swe-agent,submitted,10,25,0.4,15
swe-agent:038114:sscpac__statick-83,swe-agent,submitted,10,29,0.3448275862068966,19
swe-agent:038116:sscpac__statick-83,swe-agent,submitted,10,61,0.16393442622950818,51
swe-agent:038118:sscpac__statick-83,swe-agent,submitted,10,35,0.2857142857142857,25
swe-agent:038121:sscpac__statick-83,swe-agent,submitted,12,37,0.32432432432432434,25
swe-agent:038122:sscpac__statick-83,swe-agent,submitted,10,21,0.47619047619047616,11
swe-agent:038123:sscpac__statick-83,swe-agent,submitted,20,45,0.4444444444444444,25
swe-agent:038124:sscpac__statick-83,swe-agent,submitted,10,29,0.3448275862068966,19
swe-agent:038125:sscpac__statick-83,swe-agent,submitted,10,29,0.3448275862068966,19
swe-agent:038127:sscpac__statick-83,swe-agent,submitted,10,27,0.37037037037037035,17
swe-agent:038132:sscpac__statick-83,swe-agent,submitted,10,27,0.37037037037037035,17
swe-agent:038134:sscpac__statick-83,swe-agent,submitted,18,27,0.6666666666666666,9
swe-agent:038135:sscpac__statick-83,swe-agent,submitted (exit_context),10,85,0.11764705882352941,75
swe-agent:038137:sscpac__statick-83,swe-agent,submitted,10,27,0.37037037037037035,17
swe-agent:038139:sscpac__statick-83,swe-agent,submitted,16,23,0.6956521739130435,7
swe-agent:038140:sscpac__statick-83,swe-agent,submitted,28,39,0.717948717948718,11
swe-agent:038141:sscpac__statick-83,swe-agent,submitted,10,45,0.2222222222222222,35
swe-agent:038143:sscpac__statick-83,swe-agent,submitted,10,51,0.19607843137254902,41
swe-agent:038144:sscpac__statick-83,swe-agent,exit_context,12,183,0.06557377049180328,171
swe-agent:038145:sscpac__statick-83,swe-agent,submitted,10,59,0.1694915254237288,49
swe-agent:038146:sscpac__statick-83,swe-agent,exit_context,10,55,0.18181818181818182,45
swe-agent:038147:sscpac__statick-83,swe-agent,submitted,10,23,0.43478260869565216,13
swe-agent:038149:sscpac__statick-83,swe-agent,submitted,10,35,0.2857142857142857,25
swe-agent:038150:sscpac__statick-83,swe-agent,submitted,10,29,0.3448275862068966,19
swe-agent:038152:tobymao__sqlglot-2199,swe-agent,submitted (exit_context),16,67,0.23880597014925373,51
swe-agent:038156:tobymao__sqlglot-2199,swe-agent,submitted (exit_context),18,57,0.3157894736842105,39
swe-agent:038157:tobymao__sqlglot-2199,swe-agent,submitted (exit_context),30,75,0.4,45
swe-agent:038162:tobymao__sqlglot-2199,swe-agent,submitted (exit_context),26,55,0.4727272727272727,29
swe-agent:038168:tobymao__sqlglot-2199,swe-agent,submitted (exit_context),68,75,0.9066666666666666,7
swe-agent:038171:valohai__valohai-yaml-132,swe-agent,submitted (exit_context),56,125,0.448,69
swe-agent:038174:valohai__valohai-yaml-132,swe-agent,submitted,18,53,0.33962264150943394,35
swe-agent:038176:valohai__valohai-yaml-132,swe-agent,submitted (exit_context),36,43,0.8372093023255814,7
swe-agent:038184:valohai__valohai-yaml-132,swe-agent,submitted (exit_context),72,207,0.34782608695652173,135
swe-agent:038207:ASFHyP3__hyp3-sdk-152,swe-agent,submitted (exit_context),46,75,0.6133333333333333,29
swe-agent:038208:ASFHyP3__hyp3-sdk-152,swe-agent,submitted (exit_context),48,49,0.9795918367346939,1
swe-agent:038211:ASFHyP3__hyp3-sdk-152,swe-agent,submitted (exit_context),32,71,0.4507042253521127,39
swe-agent:038230:PaulSchweizer__flowpipe-127,swe-agent,submitted (exit_context),32,57,0.5614035087719298,25
swe-agent:038233:PyCQA__flake8-bugbear-261,swe-agent,submitted,26,35,0.7428571428571429,9
swe-agent:038235:PyCQA__flake8-bugbear-261,swe-agent,submitted (exit_context),86,89,0.9662921348314607,3
swe-agent:038236:PyCQA__flake8-bugbear-261,swe-agent,submitted (exit_context),30,51,0.5882352941176471,21
swe-agent:038240:PyCQA__flake8-bugbear-261,swe-agent,submitted (exit_context),32,47,0.6808510638297872,15
swe-agent:038244:PyCQA__flake8-bugbear-261,swe-agent,submitted (exit_context),28,49,0.5714285714285714,21
swe-agent:038262:Tinche__cattrs-117,swe-agent,submitted (exit_context),48,51,0.9411764705882353,3
swe-agent:038263:Tinche__cattrs-117,swe-agent,submitted (exit_context),26,57,0.45614035087719296,31
swe-agent:038266:Tinche__cattrs-117,swe-agent,submitted (exit_context),58,65,0.8923076923076924,7
swe-agent:038280:andialbrecht__sqlparse-676,swe-agent,submitted,56,67,0.835820895522388,11
swe-agent:038288:asottile__pyupgrade-250,swe-agent,submitted,24,45,0.5333333333333333,21
swe-agent:038325:beartype__plum-106,swe-agent,submitted (exit_context),38,73,0.5205479452054794,35
swe-agent:038332:beartype__plum-106,swe-agent,submitted (exit_context),46,77,0.5974025974025974,31
swe-agent:038335:beartype__plum-106,swe-agent,early_exit,22,55,0.4,33
swe-agent:038337:beartype__plum-106,swe-agent,submitted (exit_context),20,49,0.40816326530612246,29
swe-agent:038377:canonical__operator-949,swe-agent,submitted (exit_context),74,103,0.7184466019417476,29
swe-agent:038391:dandi__dandi-cli-555,swe-agent,submitted (exit_context),28,47,0.5957446808510638,19
swe-agent:038392:dandi__dandi-cli-555,swe-agent,submitted (exit_context),64,65,0.9846153846153847,1
swe-agent:038404:dandi__dandi-cli-654,swe-agent,submitted,24,49,0.4897959183673469,25
swe-agent:038448:glotzerlab__signac-622,swe-agent,submitted (exit_context),10,81,0.12345679012345678,71
swe-agent:038450:glotzerlab__signac-622,swe-agent,submitted (exit_context),56,139,0.4028776978417266,83
swe-agent:038460:godatadriven__evol-164,swe-agent,submitted (exit_context),66,87,0.7586206896551724,21
swe-agent:038461:godatadriven__evol-164,swe-agent,submitted,30,43,0.6976744186046512,13
swe-agent:038525:googleapis__python-datastore-115,swe-agent,submitted,10,45,0.2222222222222222,35
swe-agent:038539:googleapis__python-datastore-115,swe-agent,submitted (exit_context),16,359,0.04456824512534819,343
swe-agent:038544:googleapis__python-datastore-115,swe-agent,submitted (exit_context),26,79,0.3291139240506329,53
swe-agent:038548:googleapis__python-datastore-115,swe-agent,submitted (exit_context),54,71,0.7605633802816901,17
swe-agent:038578:grabbles__grabbit-6,swe-agent,exit_context,46,89,0.5168539325842697,43
swe-agent:038615:ifosch__accloudtant-88,swe-agent,submitted,28,33,0.8484848484848485,5
swe-agent:038624:ifosch__accloudtant-88,swe-agent,submitted (exit_context),42,93,0.45161290322580644,51
swe-agent:038669:iterative__dvc-5906,swe-agent,submitted (exit_context),28,101,0.27722772277227725,73
swe-agent:038672:iterative__dvc-5906,swe-agent,submitted (exit_context),112,143,0.7832167832167832,31
swe-agent:038677:iterative__dvc-5906,swe-agent,submitted (exit_context),64,71,0.9014084507042254,7
swe-agent:038680:iterative__dvc-5906,swe-agent,submitted (exit_context),38,45,0.8444444444444444,7
swe-agent:038681:iterative__dvc-5906,swe-agent,submitted (exit_context),14,59,0.23728813559322035,45
swe-agent:038687:iterative__dvc-7703,swe-agent,exit_context,20,35,0.5714285714285714,15
swe-agent:038694:iterative__dvc-7703,swe-agent,early_exit,18,49,0.3673469387755102,31
swe-agent:038699:iterative__dvc-7703,swe-agent,exit_context,28,79,0.35443037974683544,51
swe-agent:038713:iterative__dvc-7971,swe-agent,submitted (exit_context),32,75,0.4266666666666667,43
swe-agent:038718:iterative__dvc-8166,swe-agent,submitted (exit_context),42,109,0.3853211009174312,67
swe-agent:038726:iterative__dvc-8166,swe-agent,early_exit,40,51,0.7843137254901961,11
swe-agent:038731:iterative__dvc-8166,swe-agent,submitted (exit_context),44,117,0.37606837606837606,73
swe-agent:038732:iterative__dvc-8166,swe-agent,submitted (exit_context),86,93,0.9247311827956989,7
swe-agent:038749:level12__keg-elements-132,swe-agent,exit_context,62,91,0.6813186813186813,29
swe-agent:038754:level12__keg-elements-132,swe-agent,submitted (exit_context),52,111,0.46846846846846846,59
swe-agent:038761:linkedin__shiv-27,swe-agent,submitted (exit_context),72,209,0.3444976076555024,137
swe-agent:038763:linkedin__shiv-27,swe-agent,submitted (exit_context),16,91,0.17582417582417584,75
swe-agent:038764:linkedin__shiv-27,swe-agent,submitted (exit_context),22,87,0.25287356321839083,65
swe-agent:038769:linkedin__shiv-27,swe-agent,submitted,8,33,0.24242424242424243,25
swe-agent:038831:markusressel__container-app-conf-8,swe-agent,submitted (exit_context),50,93,0.5376344086021505,43
swe-agent:038845:markusressel__container-app-conf-8,swe-agent,submitted,12,35,0.34285714285714286,23
swe-agent:038872:mbillow__python-redpocket-4,swe-agent,submitted,36,47,0.7659574468085106,11
swe-agent:038893:mdowds__python-mock-firestore-44,swe-agent,submitted (exit_context),32,41,0.7804878048780488,9
swe-agent:038896:mdowds__python-mock-firestore-44,swe-agent,exit_context,12,53,0.22641509433962265,41
swe-agent:038898:mdowds__python-mock-firestore-44,swe-agent,exit_context,20,53,0.37735849056603776,33
swe-agent:038903:mdowds__python-mock-firestore-44,swe-agent,submitted (exit_context),18,75,0.24,57
swe-agent:038904:mdowds__python-mock-firestore-44,swe-agent,exit_context,20,59,0.3389830508474576,39
swe-agent:038906:mdowds__python-mock-firestore-44,swe-agent,exit_context,12,53,0.22641509433962265,41
swe-agent:038914:mdowds__python-mock-firestore-44,swe-agent,submitted,26,31,0.8387096774193549,5
swe-agent:038918:mdowds__python-mock-firestore-44,swe-agent,exit_context,20,49,0.40816326530612246,29
swe-agent:038919:mdowds__python-mock-firestore-44,swe-agent,submitted,14,29,0.4827586206896552,15
swe-agent:038920:mdowds__python-mock-firestore-44,swe-agent,exit_context,20,51,0.39215686274509803,31
swe-agent:038925:mdowds__python-mock-firestore-44,swe-agent,exit_context,12,53,0.22641509433962265,41
swe-agent:038927:mdowds__python-mock-firestore-44,swe-agent,exit_context,32,89,0.3595505617977528,57
swe-agent:038929:mdowds__python-mock-firestore-44,swe-agent,submitted_no_patch,14,17,0.8235294117647058,3
swe-agent:038932:mdowds__python-mock-firestore-44,swe-agent,submitted (exit_context),30,141,0.2127659574468085,111
swe-agent:038933:mdowds__python-mock-firestore-44,swe-agent,exit_context,16,51,0.3137254901960784,35
swe-agent:038939:mdowds__python-mock-firestore-44,swe-agent,exit_context,34,69,0.4927536231884058,35
swe-agent:038940:mdowds__python-mock-firestore-44,swe-agent,exit_context,18,61,0.29508196721311475,43
swe-agent:038942:mdowds__python-mock-firestore-44,swe-agent,exit_context,24,55,0.43636363636363634,31
swe-agent:038944:mdowds__python-mock-firestore-44,swe-agent,exit_context,30,53,0.5660377358490566,23
swe-agent:038945:mdowds__python-mock-firestore-44,swe-agent,submitted (exit_context),12,59,0.2033898305084746,47
swe-agent:038947:mdowds__python-mock-firestore-44,swe-agent,exit_context,12,53,0.22641509433962265,41
swe-agent:038948:mdowds__python-mock-firestore-44,swe-agent,exit_context,22,51,0.43137254901960786,29
swe-agent:038958:microsoft__electionguard-python-759,swe-agent,submitted (exit_context),44,87,0.5057471264367817,43
swe-agent:038978:modernatx__seqlike-76,swe-agent,submitted,34,53,0.6415094339622641,19
swe-agent:039032:napalm-automation-community__napalm-s350-39,swe-agent,submitted (exit_context),26,65,0.4,39
swe-agent:039056:nickstenning__honcho-174,swe-agent,submitted (exit_context),20,77,0.2597402597402597,57
swe-agent:039061:nickstenning__honcho-174,swe-agent,exit_context,24,49,0.4897959183673469,25
swe-agent:039073:nickstenning__honcho-174,swe-agent,exit_context,18,59,0.3050847457627119,41
swe-agent:039078:nickstenning__honcho-174,swe-agent,submitted (exit_context),52,137,0.3795620437956204,85
swe-agent:039081:nickstenning__honcho-174,swe-agent,submitted (exit_context),32,69,0.463768115942029,37
swe-agent:039082:nickstenning__honcho-174,swe-agent,exit_context,42,55,0.7636363636363637,13
swe-agent:039085:nickstenning__honcho-174,swe-agent,submitted (exit_context),44,65,0.676923076923077,21
swe-agent:039093:nickstenning__honcho-174,swe-agent,submitted (exit_context),38,47,0.8085106382978723,9
swe-agent:039100:nickstenning__honcho-174,swe-agent,exit_context,24,59,0.4067796610169492,35
swe-agent:039104:nipy__heudiconv-523,swe-agent,exit_context,14,113,0.12389380530973451,99
swe-agent:039105:nipy__heudiconv-523,swe-agent,submitted (exit_context),38,47,0.8085106382978723,9
swe-agent:039107:nipy__heudiconv-523,swe-agent,submitted (exit_context),32,75,0.4266666666666667,43
swe-agent:039108:nipy__heudiconv-523,swe-agent,exit_context,58,61,0.9508196721311475,3
swe-agent:039109:nipy__heudiconv-523,swe-agent,submitted (exit_context),30,43,0.6976744186046512,13
swe-agent:039113:nipy__heudiconv-523,swe-agent,submitted (exit_context),60,113,0.5309734513274337,53
swe-agent:039115:nipy__heudiconv-523,swe-agent,submitted (exit_context),46,73,0.6301369863013698,27
swe-agent:039116:nipy__heudiconv-523,swe-agent,submitted (exit_context),44,91,0.4835164835164835,47
swe-agent:039117:nipy__heudiconv-523,swe-agent,exit_context,34,83,0.40963855421686746,49
swe-agent:039124:nolanbconaway__binoculars-4,swe-agent,submitted,30,39,0.7692307692307693,9
swe-agent:039131:nolanbconaway__binoculars-4,swe-agent,submitted,24,45,0.5333333333333333,21
swe-agent:039135:nolanbconaway__binoculars-4,swe-agent,submitted,14,19,0.7368421052631579,5
swe-agent:039143:nolanbconaway__binoculars-4,swe-agent,submitted,14,35,0.4,21
swe-agent:039164:nolanbconaway__binoculars-4,swe-agent,exit_context,26,77,0.33766233766233766,51
swe-agent:039172:oasis-open__cti-python-stix2-10,swe-agent,submitted,44,49,0.8979591836734694,5
swe-agent:039188:oasis-open__cti-python-stix2-10,swe-agent,submitted,34,39,0.8717948717948718,5
swe-agent:039203:oasis-open__cti-python-stix2-348,swe-agent,submitted (exit_context),44,53,0.8301886792452831,9
swe-agent:039207:oasis-open__cti-python-stix2-348,swe-agent,submitted (exit_context),30,75,0.4,45
swe-agent:039217:pri22296__beautifultable-64,swe-agent,exit_context,18,61,0.29508196721311475,43
swe-agent:039219:pri22296__beautifultable-64,swe-agent,submitted (exit_context),32,67,0.47761194029850745,35
swe-agent:039220:pydantic__pydantic-2064,swe-agent,submitted,32,41,0.7804878048780488,9
swe-agent:039228:pydantic__pydantic-2064,swe-agent,submitted (exit_context),62,67,0.9253731343283582,5
swe-agent:039232:pydantic__pydantic-2064,swe-agent,early_exit,48,255,0.18823529411764706,207
swe-agent:039245:pydantic__pydantic-2064,swe-agent,submitted (exit_context),64,91,0.7032967032967034,27
swe-agent:039269:pylint-dev__astroid-1866,swe-agent,exit_context,16,45,0.35555555555555557,29
swe-agent:039273:pypa__setuptools_scm-538,swe-agent,submitted,28,35,0.8,7
swe-agent:039290:pyvisa__pyvisa-780,swe-agent,submitted (exit_context),74,85,0.8705882352941177,11
swe-agent:039311:reata__sqllineage-107,swe-agent,submitted (exit_context),40,71,0.5633802816901409,31
swe-agent:039312:reata__sqllineage-107,swe-agent,submitted (exit_context),46,263,0.17490494296577946,217
swe-agent:039326:reata__sqllineage-107,swe-agent,submitted,12,15,0.8,3
swe-agent:039358:repobee__repobee-207,swe-agent,submitted,32,41,0.7804878048780488,9
swe-agent:039372:repobee__repobee-207,swe-agent,submitted (exit_context),36,85,0.4235294117647059,49
swe-agent:039407:samkohn__larpix-control-74,swe-agent,submitted (exit_context),28,53,0.5283018867924528,25
swe-agent:039411:sanic-org__sanic-2858,swe-agent,submitted (exit_context),80,129,0.6201550387596899,49
swe-agent:039413:sanic-org__sanic-2858,swe-agent,early_exit,44,65,0.676923076923077,21
swe-agent:039414:sanic-org__sanic-2858,swe-agent,submitted (exit_context),32,77,0.4155844155844156,45
swe-agent:039442:smok-serwis__coolamqp-25,swe-agent,exit_context,44,49,0.8979591836734694,5
swe-agent:039445:snowflakedb__snowflake-connector-python-1856,swe-agent,submitted (exit_context),66,73,0.9041095890410958,7
swe-agent:039462:sqlfluff__sqlfluff-2326,swe-agent,submitted,34,71,0.4788732394366197,37
swe-agent:039465:sqlfluff__sqlfluff-2326,swe-agent,exit_context,24,33,0.7272727272727273,9
swe-agent:039466:sqlfluff__sqlfluff-2326,swe-agent,submitted,22,37,0.5945945945945946,15
swe-agent:039475:sqlfluff__sqlfluff-2326,swe-agent,submitted (exit_context),22,75,0.29333333333333333,53
swe-agent:039481:sqlfluff__sqlfluff-2326,swe-agent,exit_context,12,71,0.16901408450704225,59
swe-agent:039485:sqlfluff__sqlfluff-3662,swe-agent,early_exit,32,191,0.16753926701570682,159
swe-agent:039491:terryyin__lizard-144,swe-agent,submitted (exit_context),58,67,0.8656716417910447,9
swe-agent:039496:terryyin__lizard-144,swe-agent,submitted (exit_context),38,183,0.20765027322404372,145
swe-agent:039497:terryyin__lizard-144,swe-agent,exit_context,82,89,0.9213483146067416,7
swe-agent:039499:tianocore__edk2-pytool-library-379,swe-agent,submitted,36,81,0.4444444444444444,45
swe-agent:039534:tobymao__sqlglot-1703,swe-agent,early_exit,14,105,0.13333333333333333,91
swe-agent:039544:tobymao__sqlglot-1703,swe-agent,submitted (exit_context),46,61,0.7540983606557377,15
swe-agent:039546:tobymao__sqlglot-1703,swe-agent,submitted (exit_context),34,55,0.6181818181818182,21
swe-agent:039547:tobymao__sqlglot-1703,swe-agent,submitted (exit_context),58,61,0.9508196721311475,3
swe-agent:039560:tobymao__sqlglot-1703,swe-agent,submitted (exit_context),48,75,0.64,27
swe-agent:039562:tobymao__sqlglot-1703,swe-agent,submitted (exit_context),40,427,0.0936768149882904,387
swe-agent:039568:tobymao__sqlglot-1703,swe-agent,submitted (exit_context),34,73,0.4657534246575342,39
swe-agent:039569:tobymao__sqlglot-1703,swe-agent,submitted (exit_context),62,75,0.8266666666666667,13
swe-agent:039587:tobymao__sqlglot-3385,swe-agent,early_exit,32,35,0.9142857142857143,3
swe-agent:039592:unit8co__darts-2152,swe-agent,submitted (exit_context),26,61,0.4262295081967213,35
swe-agent:039619:unit8co__darts-2152,swe-agent,submitted,22,29,0.7586206896551724,7
swe-agent:039639:unit8co__darts-2152,swe-agent,submitted (exit_context),52,63,0.8253968253968254,11
swe-agent:039640:unit8co__darts-2152,swe-agent,submitted (exit_context),38,53,0.7169811320754716,15
swe-agent:039678:urllib3__urllib3-1692,swe-agent,submitted,42,51,0.8235294117647058,9
swe-agent:039684:vitalik__django-ninja-133,swe-agent,submitted (exit_context),38,77,0.4935064935064935,39
swe-agent:039694:ARMmbed__greentea-263,swe-agent,exit_context,12,49,0.24489795918367346,37
swe-agent:039695:ARMmbed__greentea-263,swe-agent,submitted (exit_context),36,55,0.6545454545454545,19
swe-agent:039713:ARMmbed__greentea-263,swe-agent,submitted (exit_context),78,89,0.8764044943820225,11
swe-agent:039753:ARMmbed__greentea-263,swe-agent,submitted (exit_context),42,67,0.6268656716417911,25
swe-agent:039754:ARMmbed__greentea-263,swe-agent,submitted (exit_context),28,45,0.6222222222222222,17
swe-agent:039755:ARMmbed__greentea-263,swe-agent,submitted (exit_context),18,51,0.35294117647058826,33
swe-agent:039757:ARMmbed__greentea-263,swe-agent,exit_context,14,55,0.2545454545454545,41
swe-agent:039781:ARMmbed__greentea-263,swe-agent,submitted (exit_context),20,55,0.36363636363636365,35
swe-agent:039783:ARMmbed__greentea-263,swe-agent,submitted,20,25,0.8,5
swe-agent:039784:ARMmbed__greentea-263,swe-agent,submitted (exit_context),18,59,0.3050847457627119,41
swe-agent:039787:ARMmbed__greentea-263,swe-agent,submitted (exit_context),20,49,0.40816326530612246,29
swe-agent:039795:ARMmbed__greentea-263,swe-agent,submitted (exit_context),26,39,0.6666666666666666,13
swe-agent:039803:ARMmbed__greentea-263,swe-agent,exit_context,22,275,0.08,253
swe-agent:039807:ARMmbed__greentea-263,swe-agent,submitted (exit_context),16,51,0.3137254901960784,35
swe-agent:039808:ARMmbed__greentea-263,swe-agent,submitted (exit_context),16,75,0.21333333333333335,59
swe-agent:039815:ARMmbed__greentea-263,swe-agent,submitted (exit_context),44,71,0.6197183098591549,27
swe-agent:039861:CleanCut__green-124,swe-agent,submitted (exit_context),32,41,0.7804878048780488,9
swe-agent:039878:GazzolaLab__PyElastica-249,swe-agent,submitted (exit_context),46,305,0.15081967213114755,259
swe-agent:039993:Parquery__icontract-137,swe-agent,submitted (exit_context),28,61,0.45901639344262296,33
swe-agent:040012:Parquery__icontract-172,swe-agent,submitted (exit_context),20,51,0.39215686274509803,31
swe-agent:040019:Parquery__icontract-172,swe-agent,submitted (exit_context),32,53,0.6037735849056604,21
swe-agent:040031:Textualize__textual-4125,swe-agent,exit_context,28,53,0.5283018867924528,25
swe-agent:040037:Textualize__textual-4125,swe-agent,submitted (exit_context),62,65,0.9538461538461539,3
swe-agent:040038:Textualize__textual-4125,swe-agent,exit_context,18,89,0.20224719101123595,71
swe-agent:040047:Textualize__textual-4125,swe-agent,exit_context,32,81,0.3950617283950617,49
swe-agent:040053:adamchainz__pip-lock-121,swe-agent,submitted (exit_context),50,519,0.09633911368015415,469
swe-agent:040060:asottile__pyupgrade-242,swe-agent,submitted (exit_context),84,91,0.9230769230769231,7
swe-agent:040065:asottile__pyupgrade-242,swe-agent,submitted,38,45,0.8444444444444444,7
swe-agent:040103:awdeorio__mailmerge-155,swe-agent,submitted (exit_context),36,77,0.4675324675324675,41
swe-agent:040104:awdeorio__mailmerge-155,swe-agent,submitted (exit_context),44,65,0.676923076923077,21
swe-agent:040110:awdeorio__mailmerge-155,swe-agent,submitted,18,23,0.782608695652174,5
swe-agent:040125:biolink__biolink-model-toolkit-52,swe-agent,submitted,52,67,0.7761194029850746,15
swe-agent:040127:biolink__biolink-model-toolkit-52,swe-agent,submitted (exit_context),36,57,0.631578947368421,21
swe-agent:040148:getlogbook__logbook-242,swe-agent,exit_context,58,97,0.5979381443298969,39
swe-agent:040150:getlogbook__logbook-242,swe-agent,exit_context,22,97,0.2268041237113402,75
swe-agent:040151:getlogbook__logbook-242,swe-agent,submitted,36,41,0.8780487804878049,5
swe-agent:040155:getlogbook__logbook-242,swe-agent,exit_context,24,91,0.26373626373626374,67
swe-agent:040156:getlogbook__logbook-242,swe-agent,exit_context,20,91,0.21978021978021978,71
swe-agent:040158:getlogbook__logbook-242,swe-agent,exit_context,34,87,0.39080459770114945,53
swe-agent:040161:getlogbook__logbook-242,swe-agent,exit_context,36,79,0.45569620253164556,43
swe-agent:040162:getlogbook__logbook-242,swe-agent,exit_context,30,69,0.43478260869565216,39
swe-agent:040165:google__yapf-441,swe-agent,exit_context,28,31,0.9032258064516129,3
swe-agent:040173:google__yapf-441,swe-agent,exit_context,50,55,0.9090909090909091,5
swe-agent:040183:iterative__dvc-3156,swe-agent,submitted (exit_context),12,117,0.10256410256410256,105
swe-agent:040184:iterative__dvc-3156,swe-agent,submitted (exit_context),42,151,0.2781456953642384,109
swe-agent:040187:iterative__dvc-3156,swe-agent,submitted (exit_context),38,135,0.2814814814814815,97
swe-agent:040192:iterative__dvc-3156,swe-agent,early_exit,80,87,0.9195402298850575,7
swe-agent:040196:iterative__dvc-3156,swe-agent,submitted (exit_context),14,169,0.08284023668639054,155
swe-agent:040197:iterative__dvc-3156,swe-agent,submitted (exit_context),40,113,0.35398230088495575,73
swe-agent:040215:iterative__dvc-8904,swe-agent,submitted (exit_context),44,45,0.9777777777777777,1
swe-agent:040222:iterative__dvc-8904,swe-agent,submitted (exit_context),44,73,0.6027397260273972,29
swe-agent:040232:iterative__dvc-8904,swe-agent,submitted (exit_context),56,63,0.8888888888888888,7
swe-agent:040233:iterative__dvc-8904,swe-agent,submitted (exit_context),38,123,0.3089430894308943,85
swe-agent:040235:iterative__dvc-8904,swe-agent,submitted,22,33,0.6666666666666666,11
swe-agent:040256:iterative__shtab-26,swe-agent,submitted (exit_context),32,63,0.5079365079365079,31
swe-agent:040284:ivankorobkov__python-inject-66,swe-agent,submitted (exit_context),56,73,0.7671232876712328,17
swe-agent:040290:ivankorobkov__python-inject-66,swe-agent,submitted,22,37,0.5945945945945946,15
swe-agent:040293:ivankorobkov__python-inject-66,swe-agent,submitted,24,41,0.5853658536585366,17
swe-agent:040294:ivankorobkov__python-inject-66,swe-agent,submitted,22,33,0.6666666666666666,11
swe-agent:040306:mapbox__cligj-14,swe-agent,submitted (exit_context),44,69,0.6376811594202898,25
swe-agent:040310:moogar0880__PyTrakt-120,swe-agent,submitted (exit_context),42,57,0.7368421052631579,15
swe-agent:040313:moogar0880__PyTrakt-120,swe-agent,submitted (exit_context),58,139,0.4172661870503597,81
swe-agent:040320:moogar0880__PyTrakt-120,swe-agent,submitted (exit_context),28,71,0.39436619718309857,43
swe-agent:040338:numpy__numpydoc-429,swe-agent,submitted (exit_context),50,335,0.14925373134328357,285
swe-agent:040339:numpy__numpydoc-429,swe-agent,submitted,22,61,0.36065573770491804,39
swe-agent:040377:peter-wangxu__persist-queue-127,swe-agent,submitted (exit_context),38,81,0.4691358024691358,43
swe-agent:040383:pydantic__pydantic-1814,swe-agent,submitted (exit_context),34,51,0.6666666666666666,17
swe-agent:040398:pydantic__pydantic-1814,swe-agent,submitted,34,65,0.5230769230769231,31
swe-agent:040403:pydantic__pydantic-2226,swe-agent,submitted (exit_context),82,85,0.9647058823529412,3
swe-agent:040418:pydantic__pydantic-2532,swe-agent,early_exit,40,45,0.8888888888888888,5
swe-agent:040419:pydantic__pydantic-2532,swe-agent,submitted,50,63,0.7936507936507936,13
swe-agent:040422:pydantic__pydantic-2532,swe-agent,submitted (exit_context),42,85,0.49411764705882355,43
swe-agent:040423:pydantic__pydantic-2532,swe-agent,submitted (exit_context),52,81,0.6419753086419753,29
swe-agent:040426:pydantic__pydantic-2532,swe-agent,submitted,28,49,0.5714285714285714,21
swe-agent:040427:pydantic__pydantic-2532,swe-agent,submitted (exit_context),28,143,0.1958041958041958,115
swe-agent:040435:pydantic__pydantic-4012,swe-agent,submitted (exit_context),38,93,0.40860215053763443,55
swe-agent:040439:pydantic__pydantic-4012,swe-agent,submitted,34,45,0.7555555555555555,11
swe-agent:040441:pydantic__pydantic-4012,swe-agent,early_exit,36,77,0.4675324675324675,41
swe-agent:040442:pydantic__pydantic-4012,swe-agent,submitted (exit_context),32,53,0.6037735849056604,21
swe-agent:040443:pydantic__pydantic-4012,swe-agent,submitted,40,47,0.851063829787234,7
swe-agent:040448:pydantic__pydantic-4012,swe-agent,submitted (exit_context),30,81,0.37037037037037035,51
swe-agent:040449:pydantic__pydantic-4012,swe-agent,submitted (exit_context),36,99,0.36363636363636365,63
swe-agent:040450:pydantic__pydantic-4012,swe-agent,submitted (exit_context),36,45,0.8,9
swe-agent:040451:pydantic__pydantic-4012,swe-agent,submitted (exit_context),28,77,0.36363636363636365,49
swe-agent:040453:pydantic__pydantic-4012,swe-agent,submitted (exit_context),36,93,0.3870967741935484,57
swe-agent:040455:pydantic__pydantic-4012,swe-agent,submitted (exit_context),72,95,0.7578947368421053,23
swe-agent:040456:pydantic__pydantic-4012,swe-agent,submitted (exit_context),26,87,0.2988505747126437,61
swe-agent:040457:pydantic__pydantic-4012,swe-agent,submitted,26,75,0.3466666666666667,49
swe-agent:040459:pydantic__pydantic-4012,swe-agent,submitted (exit_context),46,93,0.4946236559139785,47
swe-agent:040461:pydantic__pydantic-4012,swe-agent,submitted (exit_context),12,613,0.01957585644371941,601
swe-agent:040462:pydantic__pydantic-4012,swe-agent,submitted (exit_context),70,109,0.6422018348623854,39
swe-agent:040465:pydantic__pydantic-4012,swe-agent,submitted (exit_context),34,105,0.3238095238095238,71
swe-agent:040466:pydantic__pydantic-4012,swe-agent,submitted (exit_context),42,103,0.4077669902912621,61
swe-agent:040469:pydantic__pydantic-4012,swe-agent,submitted (exit_context),48,87,0.5517241379310345,39
swe-agent:040474:pydantic__pydantic-4012,swe-agent,submitted (exit_context),28,51,0.5490196078431373,23
swe-agent:040475:pydantic__pydantic-4012,swe-agent,submitted (exit_context),52,409,0.1271393643031785,357
swe-agent:040478:pydantic__pydantic-4012,swe-agent,submitted (exit_context),24,85,0.2823529411764706,61
swe-agent:040521:pydantic__pydantic-758,swe-agent,submitted,54,99,0.5454545454545454,45
swe-agent:040522:pydantic__pydantic-758,swe-agent,submitted (exit_context),36,101,0.3564356435643564,65
swe-agent:040523:pydantic__pydantic-758,swe-agent,submitted (exit_context),44,71,0.6197183098591549,27
swe-agent:040525:pydantic__pydantic-758,swe-agent,submitted (exit_context),32,59,0.5423728813559322,27
swe-agent:040527:pydantic__pydantic-758,swe-agent,early_exit,26,37,0.7027027027027027,11
swe-agent:040529:pydantic__pydantic-758,swe-agent,submitted,14,85,0.16470588235294117,71
swe-agent:040530:pydantic__pydantic-758,swe-agent,submitted (exit_context),42,91,0.46153846153846156,49
swe-agent:040533:pydantic__pydantic-758,swe-agent,submitted (exit_context),78,95,0.8210526315789474,17
swe-agent:040534:pydantic__pydantic-758,swe-agent,submitted (exit_context),86,115,0.7478260869565218,29
swe-agent:040535:pydantic__pydantic-758,swe-agent,submitted,26,31,0.8387096774193549,5
swe-agent:040536:pydantic__pydantic-758,swe-agent,submitted (exit_context),44,69,0.6376811594202898,25
swe-agent:040539:pydicom__pydicom-901,swe-agent,submitted (exit_context),52,113,0.46017699115044247,61
swe-agent:040544:pylint-dev__astroid-983,swe-agent,submitted (exit_context),50,85,0.5882352941176471,35
swe-agent:040560:pypa__hatch-234,swe-agent,submitted,24,35,0.6857142857142857,11
swe-agent:040564:pypa__hatch-234,swe-agent,exit_context,14,53,0.2641509433962264,39
swe-agent:040576:pypa__hatch-234,swe-agent,exit_context,14,49,0.2857142857142857,35
swe-agent:040620:scalableminds__cluster_tools-93,swe-agent,exit_context,28,59,0.4745762711864407,31
swe-agent:040621:scalableminds__cluster_tools-93,swe-agent,exit_context,30,71,0.4225352112676056,41
swe-agent:040623:scalableminds__cluster_tools-93,swe-agent,submitted,30,47,0.6382978723404256,17
swe-agent:040624:scalableminds__cluster_tools-93,swe-agent,exit_context,32,71,0.4507042253521127,39
swe-agent:040625:scalableminds__cluster_tools-93,swe-agent,exit_context,16,37,0.43243243243243246,21
swe-agent:040627:scalableminds__cluster_tools-93,swe-agent,submitted,16,29,0.5517241379310345,13
swe-agent:040628:scalableminds__cluster_tools-93,swe-agent,exit_context,34,91,0.37362637362637363,57
swe-agent:040629:scalableminds__cluster_tools-93,swe-agent,exit_context,18,35,0.5142857142857142,17
swe-agent:040631:scalableminds__cluster_tools-93,swe-agent,submitted_no_patch,20,23,0.8695652173913043,3
swe-agent:040634:scalableminds__cluster_tools-93,swe-agent,submitted,24,37,0.6486486486486487,13
swe-agent:040637:scalableminds__cluster_tools-93,swe-agent,submitted,22,33,0.6666666666666666,11
swe-agent:040643:scalableminds__cluster_tools-93,swe-agent,exit_context,24,41,0.5853658536585366,17
swe-agent:040646:scalableminds__cluster_tools-93,swe-agent,submitted (exit_context),48,91,0.5274725274725275,43
swe-agent:040647:scalableminds__cluster_tools-93,swe-agent,submitted (exit_context),30,41,0.7317073170731707,11
swe-agent:040649:scalableminds__cluster_tools-93,swe-agent,exit_context,30,87,0.3448275862068966,57
swe-agent:040652:scalableminds__cluster_tools-93,swe-agent,submitted (exit_context),24,55,0.43636363636363634,31
swe-agent:040655:scalableminds__cluster_tools-93,swe-agent,submitted (exit_context),30,43,0.6976744186046512,13
swe-agent:040656:scalableminds__cluster_tools-93,swe-agent,exit_context,16,29,0.5517241379310345,13
swe-agent:040658:scalableminds__cluster_tools-93,swe-agent,exit_context,14,35,0.4,21
swe-agent:040660:scalableminds__cluster_tools-93,swe-agent,submitted,16,35,0.45714285714285713,19
swe-agent:040661:scalableminds__cluster_tools-93,swe-agent,submitted,24,33,0.7272727272727273,9
swe-agent:040670:scikit-hep__particle-494,swe-agent,submitted (exit_context),40,65,0.6153846153846154,25
swe-agent:040697:scikit-hep__particle-494,swe-agent,exit_context,22,45,0.4888888888888889,23
swe-agent:040734:sciunto-org__python-bibtexparser-425,swe-agent,submitted (exit_context),68,69,0.9855072463768116,1
swe-agent:040739:sciunto-org__python-bibtexparser-425,swe-agent,submitted,14,51,0.27450980392156865,37
swe-agent:040755:springload__typed_environment_configuration-7,swe-agent,submitted (exit_context),34,189,0.17989417989417988,155
swe-agent:040769:springload__typed_environment_configuration-7,swe-agent,exit_context,16,29,0.5517241379310345,13
swe-agent:040778:springload__typed_environment_configuration-7,swe-agent,submitted (exit_context),76,113,0.672566371681416,37
swe-agent:040785:springload__typed_environment_configuration-7,swe-agent,submitted,36,73,0.4931506849315068,37
swe-agent:040794:springload__typed_environment_configuration-7,swe-agent,submitted,16,49,0.32653061224489793,33
swe-agent:040800:streamlink__streamlink-1486,swe-agent,exit_context,16,55,0.2909090909090909,39
swe-agent:040802:streamlink__streamlink-2010,swe-agent,submitted (exit_context),22,45,0.4888888888888889,23
swe-agent:040807:streamlink__streamlink-2010,swe-agent,submitted (exit_context),52,71,0.7323943661971831,19
swe-agent:040808:streamlink__streamlink-2010,swe-agent,submitted (exit_context),50,85,0.5882352941176471,35
swe-agent:040823:sunpy__ablog-97,swe-agent,submitted (exit_context),20,197,0.10152284263959391,177
swe-agent:040833:tianocore__edk2-pytool-extensions-419,swe-agent,submitted (exit_context),22,47,0.46808510638297873,25
swe-agent:040847:timvink__mkdocs-table-reader-plugin-10,swe-agent,submitted (exit_context),86,101,0.8514851485148515,15
swe-agent:040850:zalando-stups__zign-47,swe-agent,submitted (exit_context),40,57,0.7017543859649122,17
swe-agent:040853:zalando-stups__zign-47,swe-agent,submitted,24,71,0.3380281690140845,47
swe-agent:040855:zalando-stups__zign-47,swe-agent,submitted (exit_context),60,67,0.8955223880597015,7
swe-agent:040857:zalando-stups__zign-47,swe-agent,exit_context,24,69,0.34782608695652173,45
swe-agent:040861:zopefoundation__RestrictedPython-198,swe-agent,exit_context,26,85,0.3058823529411765,59
swe-agent:040894:zopefoundation__RestrictedPython-198,swe-agent,submitted (exit_context),38,125,0.304,87
swe-agent:040943:BlueBrain__NeuroM-1008,swe-agent,submitted,16,31,0.5161290322580645,15
swe-agent:040945:BlueBrain__NeuroM-1008,swe-agent,submitted,28,35,0.8,7
swe-agent:040986:Lucas-C__pre-commit-hooks-10,swe-agent,submitted,10,13,0.7692307692307693,3
swe-agent:040991:Lucas-C__pre-commit-hooks-10,swe-agent,submitted,18,51,0.35294117647058826,33
swe-agent:041005:MycroftAI__lingua-franca-87,swe-agent,submitted (exit_context),70,87,0.8045977011494253,17
swe-agent:041007:MycroftAI__lingua-franca-87,swe-agent,submitted,22,61,0.36065573770491804,39
swe-agent:041021:NCAS-CMS__cfdm-175,swe-agent,submitted (exit_context),58,71,0.8169014084507042,13
swe-agent:041023:NCAS-CMS__cfdm-175,swe-agent,submitted (exit_context),22,47,0.46808510638297873,25
swe-agent:041082:Textualize__textual-2532,swe-agent,exit_context,34,63,0.5396825396825397,29
swe-agent:041084:Textualize__textual-2532,swe-agent,submitted,22,25,0.88,3
swe-agent:041142:Textualize__textual-4032,swe-agent,submitted,20,33,0.6060606060606061,13
swe-agent:041184:agronholm__anyio-273,swe-agent,submitted (exit_context),46,137,0.3357664233576642,91
swe-agent:041271:asottile__add-trailing-comma-20,swe-agent,submitted,20,29,0.6896551724137931,9
swe-agent:041328:asottile__all-repos-91,swe-agent,submitted,16,41,0.3902439024390244,25
swe-agent:041358:asottile__babi-187,swe-agent,submitted (exit_context),48,75,0.64,27
swe-agent:041367:awdeorio__mailmerge-101,swe-agent,submitted (exit_context),10,349,0.02865329512893983,339
swe-agent:041392:caronc__apprise-324,swe-agent,exit_context,34,77,0.44155844155844154,43
swe-agent:041413:caronc__apprise-324,swe-agent,submitted (exit_context),58,75,0.7733333333333333,17
swe-agent:041415:caronc__apprise-324,swe-agent,exit_context,34,55,0.6181818181818182,21
swe-agent:041421:caronc__apprise-324,swe-agent,exit_context,52,69,0.7536231884057971,17
swe-agent:041428:caronc__apprise-324,swe-agent,exit_context,42,83,0.5060240963855421,41
swe-agent:041504:conda__conda-pack-50,swe-agent,early_exit,26,665,0.039097744360902256,639
swe-agent:041518:conda__conda-pack-50,swe-agent,submitted (exit_context),22,541,0.04066543438077634,519
swe-agent:041525:d-Rickyy-b__pyBrematic-22,swe-agent,submitted (exit_context),14,109,0.12844036697247707,95
swe-agent:041527:d-Rickyy-b__pyBrematic-22,swe-agent,submitted,18,63,0.2857142857142857,45
swe-agent:041532:d-Rickyy-b__pyBrematic-22,swe-agent,submitted,14,45,0.3111111111111111,31
swe-agent:041555:da4089__simplefix-17,swe-agent,submitted (exit_context),10,101,0.09900990099009901,91
swe-agent:041566:da4089__simplefix-17,swe-agent,submitted (exit_context),14,39,0.358974358974359,25
swe-agent:041579:dwavesystems__dwave-cloud-client-307,swe-agent,exit_context,20,103,0.1941747572815534,83
swe-agent:041584:dwavesystems__dwave-cloud-client-307,swe-agent,exit_context,32,49,0.6530612244897959,17
swe-agent:041587:dwavesystems__dwave-cloud-client-307,swe-agent,exit_context,32,49,0.6530612244897959,17
swe-agent:041588:dwavesystems__dwave-cloud-client-307,swe-agent,submitted (exit_context),48,63,0.7619047619047619,15
swe-agent:041591:dwavesystems__dwave-cloud-client-307,swe-agent,exit_context,22,41,0.5365853658536586,19
swe-agent:041593:dwavesystems__dwave-cloud-client-307,swe-agent,exit_context,30,51,0.5882352941176471,21
swe-agent:041595:dwavesystems__dwave-cloud-client-307,swe-agent,exit_context,18,27,0.6666666666666666,9
swe-agent:041596:dwavesystems__dwave-cloud-client-307,swe-agent,exit_context,36,55,0.6545454545454545,19
swe-agent:041599:dwavesystems__dwave-cloud-client-307,swe-agent,exit_context,20,23,0.8695652173913043,3
swe-agent:041606:dwavesystems__dwave-cloud-client-307,swe-agent,submitted (exit_context),26,41,0.6341463414634146,15
swe-agent:041607:dwavesystems__dwave-cloud-client-307,swe-agent,exit_context,34,53,0.6415094339622641,19
swe-agent:041609:dwavesystems__dwave-cloud-client-307,swe-agent,exit_context,16,19,0.8421052631578947,3
swe-agent:041616:dwavesystems__dwave-cloud-client-307,swe-agent,submitted (exit_context),38,141,0.2695035460992908,103
swe-agent:041620:dwavesystems__dwave-cloud-client-307,swe-agent,exit_context,16,19,0.8421052631578947,3
swe-agent:041628:dwavesystems__dwave-cloud-client-307,swe-agent,submitted (exit_context),30,57,0.5263157894736842,27
swe-agent:041635:dwavesystems__dwave-cloud-client-307,swe-agent,exit_context,26,77,0.33766233766233766,51
swe-agent:041636:dwavesystems__dwave-cloud-client-307,swe-agent,submitted (exit_context),20,29,0.6896551724137931,9
swe-agent:041655:encode__starlette-801,swe-agent,submitted (exit_context),52,85,0.611764705882353,33
swe-agent:041723:horejsek__python-fastjsonschema-27,swe-agent,submitted (exit_context),56,59,0.9491525423728814,3
swe-agent:041729:horejsek__python-fastjsonschema-27,swe-agent,submitted,26,49,0.5306122448979592,23
swe-agent:041745:ifosch__accloudtant-104,swe-agent,submitted (exit_context),46,71,0.647887323943662,25
swe-agent:041748:ifosch__accloudtant-104,swe-agent,submitted (exit_context),32,55,0.5818181818181818,23
swe-agent:041758:influxdata__influxdb-client-python-93,swe-agent,submitted,18,25,0.72,7
swe-agent:041764:influxdata__influxdb-client-python-93,swe-agent,submitted,48,59,0.8135593220338984,11
swe-agent:041791:iterative__dvc-2403,swe-agent,submitted (exit_context),44,69,0.6376811594202898,25
swe-agent:041795:iterative__dvc-2403,swe-agent,submitted (exit_context),104,123,0.8455284552845529,19
swe-agent:041817:iterative__dvc-4066,swe-agent,submitted (exit_context),32,75,0.4266666666666667,43
swe-agent:041827:iterative__dvc-4591,swe-agent,early_exit,18,277,0.06498194945848375,259
swe-agent:041832:iterative__dvc-4591,swe-agent,early_exit,142,267,0.5318352059925093,125
swe-agent:041839:iterative__dvc-4591,swe-agent,early_exit,12,31,0.3870967741935484,19
swe-agent:041840:iterative__dvc-4591,swe-agent,submitted (exit_context),48,69,0.6956521739130435,21
swe-agent:041845:iterative__dvc-7820,swe-agent,submitted (exit_context),36,125,0.288,89
swe-agent:041851:iterative__dvc-7820,swe-agent,submitted (exit_context),46,123,0.37398373983739835,77
swe-agent:041857:iterative__dvc-7820,swe-agent,submitted (exit_context),16,231,0.06926406926406926,215
swe-agent:041863:iterative__dvc-8069,swe-agent,submitted (exit_context),48,125,0.384,77
swe-agent:041865:iterative__dvc-8069,swe-agent,submitted,30,57,0.5263157894736842,27
swe-agent:041866:iterative__dvc-8069,swe-agent,submitted,44,147,0.29931972789115646,103
swe-agent:041870:iterative__dvc-8069,swe-agent,early_exit,42,59,0.711864406779661,17
swe-agent:041871:iterative__dvc-8069,swe-agent,submitted (exit_context),36,111,0.32432432432432434,75
swe-agent:041875:joke2k__django-environ-468,swe-agent,exit_context,34,67,0.5074626865671642,33
swe-agent:041885:just-work__fffw-93,swe-agent,submitted,12,35,0.34285714285714286,23
swe-agent:041892:just-work__fffw-93,swe-agent,exit_context,26,109,0.23853211009174313,83
swe-agent:041894:just-work__fffw-93,swe-agent,submitted,10,43,0.23255813953488372,33
swe-agent:041900:just-work__fffw-93,swe-agent,submitted,16,37,0.43243243243243246,21
swe-agent:041906:just-work__fffw-93,swe-agent,submitted (exit_context),30,97,0.30927835051546393,67
swe-agent:041909:just-work__fffw-93,swe-agent,submitted (exit_context),34,71,0.4788732394366197,37
swe-agent:041914:just-work__fffw-93,swe-agent,exit_context,30,135,0.2222222222222222,105
swe-agent:041919:just-work__fffw-93,swe-agent,submitted,12,39,0.3076923076923077,27
swe-agent:041920:just-work__fffw-93,swe-agent,submitted (exit_context),22,117,0.18803418803418803,95
swe-agent:041925:just-work__fffw-93,swe-agent,submitted,10,29,0.3448275862068966,19
swe-agent:041929:just-work__fffw-93,swe-agent,submitted (exit_context),10,73,0.136986301369863,63
swe-agent:041940:just-work__fffw-93,swe-agent,exit_context,52,73,0.7123287671232876,21
swe-agent:041942:lebrice__SimpleParsing-51,swe-agent,submitted (exit_context),22,61,0.36065573770491804,39
swe-agent:041943:lebrice__SimpleParsing-51,swe-agent,submitted (exit_context),26,55,0.4727272727272727,29
swe-agent:041947:lebrice__SimpleParsing-51,swe-agent,submitted (exit_context),36,59,0.6101694915254238,23
swe-agent:042051:pycontribs__jenkinsapi-511,swe-agent,submitted (exit_context),30,61,0.4918032786885246,31
swe-agent:042063:pydantic__pydantic-3216,swe-agent,submitted,18,29,0.6206896551724138,11
swe-agent:042076:pydantic__pydantic-3216,swe-agent,exit_context,16,69,0.2318840579710145,53
swe-agent:042084:pydantic__pydantic-3216,swe-agent,exit_context,30,75,0.4,45
swe-agent:042088:pydantic__pydantic-3216,swe-agent,exit_context,28,73,0.3835616438356164,45
swe-agent:042089:pydantic__pydantic-3216,swe-agent,exit_context,16,77,0.2077922077922078,61
swe-agent:042094:pydantic__pydantic-3216,swe-agent,exit_context,12,67,0.1791044776119403,55
swe-agent:042097:pydantic__pydantic-3216,swe-agent,submitted,16,31,0.5161290322580645,15
swe-agent:042110:pydantic__pydantic-794,swe-agent,submitted (exit_context),48,73,0.6575342465753424,25
swe-agent:042112:pydantic__pydantic-794,swe-agent,submitted (exit_context),30,101,0.297029702970297,71
swe-agent:042119:pydantic__pydantic-794,swe-agent,submitted (exit_context),74,133,0.556390977443609,59
swe-agent:042120:pydantic__pydantic-794,swe-agent,submitted (exit_context),52,57,0.9122807017543859,5
swe-agent:042124:pydantic__pydantic-794,swe-agent,exit_context,90,99,0.9090909090909091,9
swe-agent:042125:pydicom__pydicom-1033,swe-agent,submitted,32,47,0.6808510638297872,15
swe-agent:042127:pydicom__pydicom-916,swe-agent,submitted,46,65,0.7076923076923077,19
swe-agent:042137:reata__sqllineage-22,swe-agent,submitted (exit_context),34,41,0.8292682926829268,7
swe-agent:042143:reframe-hpc__reframe-2913,swe-agent,exit_context,36,77,0.4675324675324675,41
swe-agent:042145:reframe-hpc__reframe-2913,swe-agent,exit_context,28,93,0.3010752688172043,65
swe-agent:042154:scrapy__w3lib-66,swe-agent,submitted (exit_context),44,47,0.9361702127659575,3
swe-agent:042180:tobymao__sqlglot-2355,swe-agent,submitted (exit_context),28,47,0.5957446808510638,19
swe-agent:042182:tobymao__sqlglot-2523,swe-agent,submitted,34,39,0.8717948717948718,5
swe-agent:042188:tobymao__sqlglot-2523,swe-agent,submitted (exit_context),58,69,0.8405797101449275,11
swe-agent:042189:tobymao__sqlglot-2523,swe-agent,submitted (exit_context),42,61,0.6885245901639344,19
swe-agent:042196:tobymao__sqlglot-2523,swe-agent,submitted (exit_context),50,51,0.9803921568627451,1
swe-agent:042199:warpnet__salt-lint-206,swe-agent,submitted,10,33,0.30303030303030304,23
swe-agent:042252:M0r13n__pyais-67,swe-agent,submitted,8,21,0.38095238095238093,13
swe-agent:042275:M0r13n__pyais-67,swe-agent,submitted,36,45,0.8,9
swe-agent:042285:Netuitive__netuitive-statsd-14,swe-agent,submitted (exit_context),50,73,0.684931506849315,23
swe-agent:042290:Netuitive__netuitive-statsd-14,swe-agent,submitted,30,65,0.46153846153846156,35
swe-agent:042293:Netuitive__netuitive-statsd-14,swe-agent,submitted (exit_context),24,37,0.6486486486486487,13
swe-agent:042318:allrod5__parameters-validation-9,swe-agent,submitted,20,27,0.7407407407407407,7
swe-agent:042344:asottile__pyupgrade-279,swe-agent,submitted,18,39,0.46153846153846156,21
swe-agent:042346:asottile__pyupgrade-279,swe-agent,submitted (exit_context),30,61,0.4918032786885246,31
swe-agent:042364:asottile__pyupgrade-279,swe-agent,submitted (exit_context),36,73,0.4931506849315068,37
swe-agent:042367:asottile__pyupgrade-279,swe-agent,submitted (exit_context),14,155,0.09032258064516129,141
swe-agent:042368:asottile__pyupgrade-279,swe-agent,submitted (exit_context),28,49,0.5714285714285714,21
swe-agent:042379:asottile__pyupgrade-279,swe-agent,submitted (exit_context),70,111,0.6306306306306306,41
swe-agent:042381:asottile__pyupgrade-279,swe-agent,submitted (exit_context),24,57,0.42105263157894735,33
swe-agent:042382:asottile__pyupgrade-279,swe-agent,submitted (exit_context),30,67,0.44776119402985076,37
swe-agent:042383:asottile__pyupgrade-279,swe-agent,submitted (exit_context),66,91,0.7252747252747253,25
swe-agent:042399:canonical__charmcraft-903,swe-agent,submitted (exit_context),24,53,0.4528301886792453,29
swe-agent:042400:canonical__charmcraft-903,swe-agent,submitted (exit_context),58,83,0.6987951807228916,25
swe-agent:042402:canonical__charmcraft-903,swe-agent,submitted (exit_context),50,159,0.31446540880503143,109
swe-agent:042414:claudep__swiss-qr-bill-76,swe-agent,submitted (exit_context),34,397,0.08564231738035265,363
swe-agent:042424:codingedward__flask-sieve-28,swe-agent,submitted (exit_context),32,67,0.47761194029850745,35
swe-agent:042427:codingedward__flask-sieve-28,swe-agent,submitted (exit_context),30,79,0.379746835443038,49
swe-agent:042429:codingedward__flask-sieve-28,swe-agent,submitted (exit_context),28,81,0.345679012345679,53
swe-agent:042430:codingedward__flask-sieve-28,swe-agent,submitted (exit_context),20,63,0.31746031746031744,43
swe-agent:042436:devsnd__tinytag-171,swe-agent,submitted (exit_context),24,51,0.47058823529411764,27
swe-agent:042439:devsnd__tinytag-171,swe-agent,submitted (exit_context),14,407,0.0343980343980344,393
swe-agent:042463:dgasmith__opt_einsum-53,swe-agent,submitted (exit_context),46,47,0.9787234042553191,1
swe-agent:042465:duo-labs__parliament-8,swe-agent,exit_context,24,63,0.38095238095238093,39
swe-agent:042466:duo-labs__parliament-8,swe-agent,exit_context,20,69,0.2898550724637681,49
swe-agent:042467:duo-labs__parliament-8,swe-agent,exit_context,26,105,0.24761904761904763,79
swe-agent:042468:duo-labs__parliament-8,swe-agent,exit_context,16,39,0.41025641025641024,23
swe-agent:042469:duo-labs__parliament-8,swe-agent,exit_context,30,95,0.3157894736842105,65
swe-agent:042470:duo-labs__parliament-8,swe-agent,exit_context,16,75,0.21333333333333335,59
swe-agent:042471:duo-labs__parliament-8,swe-agent,exit_context,46,61,0.7540983606557377,15
swe-agent:042472:duo-labs__parliament-8,swe-agent,submitted (exit_context),48,77,0.6233766233766234,29
swe-agent:042473:duo-labs__parliament-8,swe-agent,exit_context,16,65,0.24615384615384617,49
swe-agent:042474:duo-labs__parliament-8,swe-agent,exit_context,16,71,0.22535211267605634,55
swe-agent:042499:eWaterCycle__era5cli-102,swe-agent,submitted (exit_context),52,75,0.6933333333333334,23
swe-agent:042515:encode__starlette-92,swe-agent,submitted (exit_context),70,83,0.8433734939759037,13
swe-agent:042524:googleapis__gapic-generator-python-654,swe-agent,exit_context,22,379,0.05804749340369393,357
swe-agent:042528:googleapis__gapic-generator-python-654,swe-agent,exit_context,16,111,0.14414414414414414,95
swe-agent:042530:googleapis__gapic-generator-python-654,swe-agent,exit_context,22,169,0.1301775147928994,147
swe-agent:042531:googleapis__gapic-generator-python-654,swe-agent,submitted (exit_context),10,15,0.6666666666666666,5
swe-agent:042533:googleapis__gapic-generator-python-654,swe-agent,exit_context,34,51,0.6666666666666666,17
swe-agent:042538:googleapis__proto-plus-python-348,swe-agent,exit_context,42,63,0.6666666666666666,21
swe-agent:042544:gradio-app__gradio-1667,swe-agent,submitted (exit_context),54,57,0.9473684210526315,3
swe-agent:042547:gradio-app__gradio-1667,swe-agent,submitted (exit_context),46,53,0.8679245283018868,7
swe-agent:042555:gradio-app__gradio-1667,swe-agent,submitted (exit_context),62,97,0.6391752577319587,35
swe-agent:042560:iterative__dvc-2190,swe-agent,submitted (exit_context),22,81,0.2716049382716049,59
swe-agent:042566:iterative__dvc-2190,swe-agent,submitted,26,41,0.6341463414634146,15
swe-agent:042573:iterative__dvc-2190,swe-agent,submitted,18,31,0.5806451612903226,13
swe-agent:042577:iterative__dvc-2190,swe-agent,submitted (exit_context),22,61,0.36065573770491804,39
swe-agent:042587:iterative__dvc-2190,swe-agent,submitted (exit_context),46,71,0.647887323943662,25
swe-agent:042596:iterative__dvc-2190,swe-agent,submitted,18,27,0.6666666666666666,9
swe-agent:042602:iterative__dvc-2190,swe-agent,submitted (exit_context),40,99,0.40404040404040403,59
swe-agent:042618:iterative__dvc-2358,swe-agent,submitted,24,55,0.43636363636363634,31
swe-agent:042623:iterative__dvc-3998,swe-agent,submitted (exit_context),24,91,0.26373626373626374,67
swe-agent:042625:iterative__dvc-3998,swe-agent,submitted (exit_context),40,51,0.7843137254901961,11
swe-agent:042632:iterative__dvc-3998,swe-agent,early_exit,98,105,0.9333333333333333,7
swe-agent:042635:iterative__dvc-3998,swe-agent,submitted (exit_context),62,141,0.4397163120567376,79
swe-agent:042638:iterative__dvc-8381,swe-agent,exit_context,52,63,0.8253968253968254,11
swe-agent:042640:iterative__dvc-8381,swe-agent,submitted (exit_context),84,109,0.7706422018348624,25
swe-agent:042651:iterative__dvc-8381,swe-agent,exit_context,36,121,0.2975206611570248,85
swe-agent:042655:iterative__dvc-9146,swe-agent,exit_context,32,71,0.4507042253521127,39
swe-agent:042656:iterative__dvc-9146,swe-agent,exit_context,20,75,0.26666666666666666,55
swe-agent:042660:iterative__dvc-9146,swe-agent,submitted (exit_context),18,157,0.11464968152866242,139
swe-agent:042661:iterative__dvc-9146,swe-agent,submitted,32,99,0.32323232323232326,67
swe-agent:042676:jitsi__jiwer-64,swe-agent,submitted (exit_context),48,133,0.3609022556390977,85
swe-agent:042719:jmwri__ioccontainer-4,swe-agent,submitted (exit_context),72,93,0.7741935483870968,21
swe-agent:042741:jmwri__ioccontainer-4,swe-agent,submitted (exit_context),56,93,0.6021505376344086,37
swe-agent:042742:jmwri__ioccontainer-4,swe-agent,submitted (exit_context),48,107,0.4485981308411215,59
swe-agent:042748:joke2k__faker-1193,swe-agent,exit_context,28,53,0.5283018867924528,25
swe-agent:042763:lebedov__msgpack-numpy-43,swe-agent,submitted (exit_context),72,81,0.8888888888888888,9
swe-agent:042778:lucidsushi__gs_pip_install-135,swe-agent,exit_context,18,57,0.3157894736842105,39
swe-agent:042782:maxfischer2781__asyncstdlib-108,swe-agent,early_exit,36,55,0.6545454545454545,19
swe-agent:042786:maxfischer2781__asyncstdlib-108,swe-agent,submitted (exit_context),40,207,0.1932367149758454,167
swe-agent:042789:maxfischer2781__asyncstdlib-108,swe-agent,submitted (exit_context),38,113,0.336283185840708,75
swe-agent:042793:maxfischer2781__asyncstdlib-108,swe-agent,submitted (exit_context),14,591,0.023688663282571912,577
swe-agent:042802:maxfischer2781__asyncstdlib-108,swe-agent,submitted (exit_context),36,59,0.6101694915254238,23
swe-agent:042810:maxfischer2781__asyncstdlib-108,swe-agent,submitted (exit_context),44,63,0.6984126984126984,19
swe-agent:042814:maxfischer2781__asyncstdlib-108,swe-agent,submitted (exit_context),46,109,0.42201834862385323,63
swe-agent:042823:maxfischer2781__asyncstdlib-108,swe-agent,submitted (exit_context),62,307,0.20195439739413681,245
swe-agent:042824:maxfischer2781__asyncstdlib-108,swe-agent,submitted (exit_context),36,57,0.631578947368421,21
swe-agent:042826:maxfischer2781__asyncstdlib-108,swe-agent,submitted (exit_context),28,61,0.45901639344262296,33
swe-agent:042827:maxfischer2781__asyncstdlib-108,swe-agent,submitted (exit_context),16,393,0.04071246819338423,377
swe-agent:042828:maxfischer2781__asyncstdlib-108,swe-agent,submitted (exit_context),46,63,0.7301587301587301,17
swe-agent:042831:maxfischer2781__asyncstdlib-108,swe-agent,submitted (exit_context),42,61,0.6885245901639344,19
swe-agent:042835:maxfischer2781__asyncstdlib-108,swe-agent,submitted (exit_context),32,55,0.5818181818181818,23
swe-agent:042839:maxfischer2781__asyncstdlib-108,swe-agent,submitted (exit_context),164,251,0.6533864541832669,87
swe-agent:042842:maxfischer2781__asyncstdlib-108,swe-agent,submitted (exit_context),48,95,0.5052631578947369,47
swe-agent:042843:maxfischer2781__asyncstdlib-108,swe-agent,submitted (exit_context),54,119,0.453781512605042,65
swe-agent:042845:maxfischer2781__asyncstdlib-108,swe-agent,submitted (exit_context),42,63,0.6666666666666666,21
swe-agent:042858:maxfischer2781__asyncstdlib-108,swe-agent,submitted (exit_context),30,61,0.4918032786885246,31
swe-agent:042859:maxfischer2781__asyncstdlib-108,swe-agent,submitted (exit_context),20,239,0.08368200836820083,219
swe-agent:042868:microsoft__debugpy-1147,swe-agent,submitted (exit_context),28,523,0.05353728489483748,495
swe-agent:042869:microsoft__debugpy-1147,swe-agent,submitted (exit_context),26,119,0.2184873949579832,93
swe-agent:042876:microsoft__debugpy-1147,swe-agent,submitted (exit_context),90,101,0.8910891089108911,11
swe-agent:042905:netromdk__vermin-8,swe-agent,exit_context,18,127,0.14173228346456693,109
swe-agent:042909:netromdk__vermin-8,swe-agent,exit_context,26,125,0.208,99
swe-agent:042911:netromdk__vermin-8,swe-agent,exit_context,26,131,0.1984732824427481,105
swe-agent:042912:netromdk__vermin-8,swe-agent,exit_context,14,113,0.12389380530973451,99
swe-agent:042917:networkx__networkx-5903,swe-agent,submitted (exit_context),30,55,0.5454545454545454,25
swe-agent:042934:networkx__networkx-5903,swe-agent,submitted (exit_context),34,91,0.37362637362637363,57
swe-agent:042938:networkx__networkx-5903,swe-agent,submitted (exit_context),22,97,0.2268041237113402,75
swe-agent:042940:networkx__networkx-5903,swe-agent,submitted (exit_context),34,107,0.3177570093457944,73
swe-agent:042960:networkx__networkx-5903,swe-agent,submitted (exit_context),22,111,0.1981981981981982,89
swe-agent:042965:networkx__networkx-5903,swe-agent,submitted (exit_context),28,111,0.25225225225225223,83
swe-agent:042975:networkx__networkx-5903,swe-agent,submitted (exit_context),18,97,0.18556701030927836,79
swe-agent:042976:networkx__networkx-5903,swe-agent,submitted (exit_context),20,25,0.8,5
swe-agent:042977:networkx__networkx-5903,swe-agent,submitted (exit_context),18,29,0.6206896551724138,11
swe-agent:042980:networkx__networkx-5903,swe-agent,submitted (exit_context),16,51,0.3137254901960784,35
swe-agent:042995:oduwsdl__MementoEmbed-131,swe-agent,submitted,10,45,0.2222222222222222,35
swe-agent:043021:paver__paver-174,swe-agent,submitted (exit_context),36,79,0.45569620253164556,43
swe-agent:043023:paver__paver-174,swe-agent,exit_context,46,65,0.7076923076923077,19
swe-agent:043025:paver__paver-174,swe-agent,submitted (exit_context),20,83,0.24096385542168675,63
swe-agent:043026:paver__paver-174,swe-agent,exit_context,20,77,0.2597402597402597,57
swe-agent:043039:praekeltfoundation__marathon-acme-112,swe-agent,exit_context,24,49,0.4897959183673469,25
swe-agent:043042:pvlib__pvlib-python-1368,swe-agent,submitted (exit_context),20,45,0.4444444444444444,25
swe-agent:043048:pydantic__pydantic-1175,swe-agent,submitted (exit_context),26,45,0.5777777777777777,19
swe-agent:043058:pydantic__pydantic-1175,swe-agent,submitted (exit_context),42,311,0.13504823151125403,269
swe-agent:043076:pydantic__pydantic-1175,swe-agent,submitted (exit_context),42,73,0.5753424657534246,31
swe-agent:043080:pydantic__pydantic-1175,swe-agent,submitted (exit_context),78,93,0.8387096774193549,15
swe-agent:043081:pydantic__pydantic-1175,swe-agent,submitted,20,29,0.6896551724137931,9
swe-agent:043101:pydantic__pydantic-1175,swe-agent,submitted (exit_context),40,87,0.45977011494252873,47
swe-agent:043122:pydantic__pydantic-3177,swe-agent,submitted,20,37,0.5405405405405406,17
swe-agent:043142:pydantic__pydantic-3177,swe-agent,submitted,20,29,0.6896551724137931,9
swe-agent:043158:pydantic__pydantic-808,swe-agent,submitted (exit_context),20,127,0.15748031496062992,107
swe-agent:043162:pydantic__pydantic-808,swe-agent,submitted,16,19,0.8421052631578947,3
swe-agent:043163:pydantic__pydantic-808,swe-agent,submitted (exit_context),24,83,0.2891566265060241,59
swe-agent:043167:pydantic__pydantic-823,swe-agent,submitted (exit_context),24,65,0.36923076923076925,41
swe-agent:043170:pydantic__pydantic-823,swe-agent,submitted (exit_context),38,73,0.5205479452054794,35
swe-agent:043171:pydantic__pydantic-823,swe-agent,submitted (exit_context),38,67,0.5671641791044776,29
swe-agent:043174:pydantic__pydantic-823,swe-agent,submitted (exit_context),62,87,0.7126436781609196,25
swe-agent:043180:pydantic__pydantic-823,swe-agent,exit_context,22,157,0.14012738853503184,135
swe-agent:043189:pydicom__pydicom-1539,swe-agent,submitted (exit_context),68,97,0.7010309278350515,29
swe-agent:043190:pydicom__pydicom-1539,swe-agent,submitted (exit_context),28,55,0.509090909090909,27
swe-agent:043203:pydicom__pydicom-1539,swe-agent,exit_context,38,71,0.5352112676056338,33
swe-agent:043274:pydicom__pydicom-863,swe-agent,submitted (exit_context),34,61,0.5573770491803278,27
swe-agent:043312:somm15__PyViCare-166,swe-agent,submitted (exit_context),38,117,0.3247863247863248,79
swe-agent:043313:stfc__PSyclone-1101,swe-agent,submitted (exit_context),26,421,0.06175771971496437,395
swe-agent:043317:stfc__PSyclone-1101,swe-agent,submitted (exit_context),40,107,0.37383177570093457,67
swe-agent:043320:stfc__PSyclone-1101,swe-agent,exit_context,32,63,0.5079365079365079,31
swe-agent:043339:streamlink__streamlink-724,swe-agent,submitted,36,45,0.8,9
swe-agent:043400:thelastpickle__cassandra-medusa-592,swe-agent,submitted (exit_context),26,59,0.4406779661016949,33
swe-agent:043415:tommyjcarpenter__osmtogeojson-8,swe-agent,submitted (exit_context),38,71,0.5352112676056338,33
swe-agent:043426:wright-group__WrightTools-1075,swe-agent,submitted (exit_context),10,113,0.08849557522123894,103
swe-agent:043430:wright-group__WrightTools-1075,swe-agent,submitted (exit_context),36,63,0.5714285714285714,27
swe-agent:043447:wright-group__WrightTools-1075,swe-agent,submitted,44,59,0.7457627118644068,15
swe-agent:043451:wright-group__WrightTools-1075,swe-agent,submitted (exit_context),38,67,0.5671641791044776,29
swe-agent:043458:wright-group__WrightTools-1075,swe-agent,submitted (exit_context),30,61,0.4918032786885246,31
swe-agent:043459:wright-group__WrightTools-1075,swe-agent,submitted (exit_context),58,91,0.6373626373626373,33
swe-agent:043468:wright-group__WrightTools-1075,swe-agent,submitted (exit_context),44,223,0.19730941704035873,179
swe-agent:043470:wright-group__WrightTools-1075,swe-agent,submitted (exit_context),14,149,0.09395973154362416,135
swe-agent:043486:wright-group__WrightTools-1075,swe-agent,submitted (exit_context),42,71,0.5915492957746479,29
swe-agent:043490:wright-group__WrightTools-1075,swe-agent,submitted (exit_context),10,115,0.08695652173913043,105
swe-agent:043502:wright-group__WrightTools-1075,swe-agent,submitted (exit_context),22,369,0.05962059620596206,347
swe-agent:043503:wright-group__WrightTools-1075,swe-agent,submitted (exit_context),10,119,0.08403361344537816,109
swe-agent:043504:wright-group__WrightTools-1075,swe-agent,submitted (exit_context),24,571,0.04203152364273205,547
swe-agent:043507:wright-group__WrightTools-1075,swe-agent,submitted (exit_context),30,53,0.5660377358490566,23
swe-agent:043515:wright-group__WrightTools-1075,swe-agent,submitted (exit_context),36,67,0.5373134328358209,31
swe-agent:043529:xgcm__xhistogram-17,swe-agent,submitted (exit_context),18,83,0.21686746987951808,65
swe-agent:043530:xgcm__xhistogram-17,swe-agent,exit_context,28,71,0.39436619718309857,43
swe-agent:043531:xgcm__xhistogram-17,swe-agent,submitted (exit_context),60,167,0.3592814371257485,107
swe-agent:043533:xgcm__xhistogram-17,swe-agent,exit_context,26,91,0.2857142857142857,65
swe-agent:043534:xgcm__xhistogram-17,swe-agent,exit_context,26,77,0.33766233766233766,51
swe-agent:043535:xgcm__xhistogram-17,swe-agent,exit_context,32,83,0.3855421686746988,51
swe-agent:043536:zalando-stups__pierone-cli-33,swe-agent,submitted (exit_context),76,99,0.7676767676767676,23
swe-agent:043540:zalando-stups__pierone-cli-33,swe-agent,submitted (exit_context),28,63,0.4444444444444444,35
swe-agent:043550:zalando-stups__pierone-cli-33,swe-agent,submitted (exit_context),30,307,0.09771986970684039,277
swe-agent:043573:ContinualAI__avalanche-1216,swe-agent,submitted (exit_context),28,41,0.6829268292682927,13
swe-agent:043583:DCC-Lab__RayTracing-192,swe-agent,submitted (exit_context),22,65,0.3384615384615385,43
swe-agent:043584:DCC-Lab__RayTracing-192,swe-agent,submitted (exit_context),40,107,0.37383177570093457,67
swe-agent:043586:DCC-Lab__RayTracing-192,swe-agent,submitted,22,29,0.7586206896551724,7
swe-agent:043589:DCC-Lab__RayTracing-192,swe-agent,submitted,36,37,0.972972972972973,1
swe-agent:043590:DCC-Lab__RayTracing-192,swe-agent,submitted (exit_context),38,89,0.42696629213483145,51
swe-agent:043592:DCC-Lab__RayTracing-192,swe-agent,submitted,28,29,0.9655172413793104,1
swe-agent:043593:DCC-Lab__RayTracing-192,swe-agent,submitted (exit_context),48,85,0.5647058823529412,37
swe-agent:043596:DCC-Lab__RayTracing-192,swe-agent,submitted (exit_context),46,73,0.6301369863013698,27
swe-agent:043597:DCC-Lab__RayTracing-192,swe-agent,submitted (exit_context),32,101,0.31683168316831684,69
swe-agent:043599:DCC-Lab__RayTracing-192,swe-agent,submitted,22,31,0.7096774193548387,9
swe-agent:043600:DCC-Lab__RayTracing-192,swe-agent,submitted (exit_context),22,93,0.23655913978494625,71
swe-agent:043604:DCC-Lab__RayTracing-192,swe-agent,submitted (exit_context),34,47,0.723404255319149,13
swe-agent:043610:DCC-Lab__RayTracing-192,swe-agent,submitted,22,31,0.7096774193548387,9
swe-agent:043612:DCC-Lab__RayTracing-192,swe-agent,submitted,30,37,0.8108108108108109,7
swe-agent:043613:DCC-Lab__RayTracing-192,swe-agent,submitted,22,33,0.6666666666666666,11
swe-agent:043619:DCC-Lab__RayTracing-192,swe-agent,submitted (exit_context),36,45,0.8,9
swe-agent:043621:DCC-Lab__RayTracing-192,swe-agent,submitted,28,37,0.7567567567567568,9
swe-agent:043627:NeuralEnsemble__python-neo-1297,swe-agent,submitted (exit_context),22,91,0.24175824175824176,69
swe-agent:043645:NeuralEnsemble__python-neo-1297,swe-agent,submitted (exit_context),28,65,0.4307692307692308,37
swe-agent:043646:NeuralEnsemble__python-neo-1297,swe-agent,submitted,20,27,0.7407407407407407,7
swe-agent:043654:NeuralEnsemble__python-neo-1297,swe-agent,submitted (exit_context),26,57,0.45614035087719296,31
swe-agent:043662:NeuralEnsemble__python-neo-1297,swe-agent,submitted (exit_context),18,121,0.1487603305785124,103
swe-agent:043667:NeuralEnsemble__python-neo-1297,swe-agent,submitted (exit_context),20,83,0.24096385542168675,63
swe-agent:043668:NeuralEnsemble__python-neo-1297,swe-agent,submitted (exit_context),22,33,0.6666666666666666,11
swe-agent:043669:NeuralEnsemble__python-neo-1297,swe-agent,submitted (exit_context),30,39,0.7692307692307693,9
swe-agent:043671:NeuralEnsemble__python-neo-1297,swe-agent,submitted (exit_context),24,89,0.2696629213483146,65
swe-agent:043674:NeuralEnsemble__python-neo-1297,swe-agent,submitted (exit_context),32,35,0.9142857142857143,3
swe-agent:043698:ResearchObject__ro-crate-py-109,swe-agent,submitted (exit_context),66,73,0.9041095890410958,7
swe-agent:043727:ResearchObject__ro-crate-py-109,swe-agent,submitted,54,63,0.8571428571428571,9
swe-agent:043731:ResearchObject__ro-crate-py-109,swe-agent,exit_context,18,269,0.06691449814126393,251
swe-agent:043734:SNEWS2__snewpy-105,swe-agent,submitted (exit_context),34,65,0.5230769230769231,31
swe-agent:043760:algorand__py-algorand-sdk-171,swe-agent,submitted,30,49,0.6122448979591837,19
swe-agent:043766:algorand__py-algorand-sdk-171,swe-agent,submitted_no_patch,34,49,0.6938775510204082,15
swe-agent:043788:asottile__babi-328,swe-agent,submitted,10,13,0.7692307692307693,3
swe-agent:043809:asottile__pyupgrade-380,swe-agent,exit_context,22,107,0.205607476635514,85
swe-agent:043835:asottile__pyupgrade-380,swe-agent,submitted (exit_context),42,71,0.5915492957746479,29
swe-agent:043868:asottile__pyupgrade-380,swe-agent,submitted,44,185,0.23783783783783785,141
swe-agent:043889:astropenguin__pandas-dataclasses-29,swe-agent,submitted,24,35,0.6857142857142857,11
swe-agent:043899:astropenguin__xarray-dataclasses-142,swe-agent,submitted,48,105,0.45714285714285713,57
swe-agent:043900:astropenguin__xarray-dataclasses-142,swe-agent,submitted,30,35,0.8571428571428571,5
swe-agent:043906:coady__multimethod-26,swe-agent,submitted (exit_context),20,51,0.39215686274509803,31
swe-agent:043912:coady__multimethod-26,swe-agent,submitted (exit_context),40,75,0.5333333333333333,35
swe-agent:043921:docker__docker-py-1385,swe-agent,submitted (exit_context),86,97,0.8865979381443299,11
swe-agent:043927:enthought__traits-futures-317,swe-agent,submitted,14,53,0.2641509433962264,39
swe-agent:043928:enthought__traits-futures-317,swe-agent,submitted,12,41,0.2926829268292683,29
swe-agent:043945:enthought__traits-futures-317,swe-agent,submitted (exit_context),16,413,0.0387409200968523,397
swe-agent:043968:enthought__traits-futures-317,swe-agent,submitted,16,81,0.19753086419753085,65
swe-agent:044005:inducer__pudb-260,swe-agent,submitted (exit_context),44,63,0.6984126984126984,19
swe-agent:044012:inducer__pudb-260,swe-agent,submitted (exit_context),20,467,0.042826552462526764,447
swe-agent:044015:iterative__dvc-2298,swe-agent,submitted (exit_context),66,107,0.616822429906542,41
swe-agent:044017:iterative__dvc-2298,swe-agent,exit_context,8,787,0.010165184243964422,779
swe-agent:044022:iterative__dvc-2298,swe-agent,submitted (exit_context),52,171,0.30409356725146197,119
swe-agent:044031:iterative__dvc-3296,swe-agent,submitted (exit_context),68,139,0.4892086330935252,71
swe-agent:044032:iterative__dvc-3296,swe-agent,submitted (exit_context),52,79,0.6582278481012658,27
swe-agent:044037:iterative__dvc-3296,swe-agent,submitted (exit_context),14,55,0.2545454545454545,41
swe-agent:044038:iterative__dvc-3296,swe-agent,submitted (exit_context),84,85,0.9882352941176471,1
swe-agent:044039:iterative__dvc-3296,swe-agent,submitted (exit_context),30,225,0.13333333333333333,195
swe-agent:044040:iterative__dvc-3296,swe-agent,submitted (exit_context),58,83,0.6987951807228916,25
swe-agent:044041:iterative__dvc-3296,swe-agent,submitted (exit_context),26,85,0.3058823529411765,59
swe-agent:044043:iterative__dvc-3296,swe-agent,submitted (exit_context),34,93,0.3655913978494624,59
swe-agent:044044:iterative__dvc-3329,swe-agent,submitted,28,47,0.5957446808510638,19
swe-agent:044052:iterative__dvc-3329,swe-agent,submitted,20,115,0.17391304347826086,95
swe-agent:044056:iterative__dvc-3329,swe-agent,exit_context,24,53,0.4528301886792453,29
swe-agent:044067:iterative__dvc-3725,swe-agent,submitted,18,51,0.35294117647058826,33
swe-agent:044069:iterative__dvc-3725,swe-agent,submitted,28,31,0.9032258064516129,3
swe-agent:044072:iterative__dvc-3725,swe-agent,submitted (exit_context),20,367,0.05449591280653951,347
swe-agent:044075:iterative__dvc-3725,swe-agent,submitted,10,53,0.18867924528301888,43
swe-agent:044076:iterative__dvc-3725,swe-agent,submitted,10,45,0.2222222222222222,35
swe-agent:044079:iterative__dvc-3725,swe-agent,submitted_no_patch,18,21,0.8571428571428571,3
swe-agent:044080:iterative__dvc-3725,swe-agent,submitted (exit_context),16,63,0.25396825396825395,47
swe-agent:044081:iterative__dvc-3725,swe-agent,submitted,18,203,0.08866995073891626,185
swe-agent:044084:iterative__dvc-3725,swe-agent,submitted,12,27,0.4444444444444444,15
swe-agent:044085:iterative__dvc-3725,swe-agent,submitted,10,27,0.37037037037037035,17
swe-agent:044087:iterative__dvc-3725,swe-agent,submitted_no_patch,12,19,0.631578947368421,7
swe-agent:044088:iterative__dvc-3725,swe-agent,submitted,10,17,0.5882352941176471,7
swe-agent:044090:iterative__dvc-3725,swe-agent,submitted,70,81,0.8641975308641975,11
swe-agent:044092:iterative__dvc-3725,swe-agent,exit_context,10,59,0.1694915254237288,49
swe-agent:044098:iterative__dvc-3725,swe-agent,submitted (exit_context),92,99,0.9292929292929293,7
swe-agent:044101:iterative__dvc-3725,swe-agent,exit_context,8,241,0.03319502074688797,233
swe-agent:044106:iterative__dvc-3725,swe-agent,submitted,8,47,0.1702127659574468,39
swe-agent:044108:iterative__dvc-3725,swe-agent,submitted (exit_context),10,639,0.01564945226917058,629
swe-agent:044109:iterative__dvc-3725,swe-agent,submitted (exit_context),32,77,0.4155844155844156,45
swe-agent:044111:iterative__dvc-3725,swe-agent,submitted (exit_context),30,89,0.33707865168539325,59
swe-agent:044112:iterative__dvc-3725,swe-agent,exit_context,10,83,0.12048192771084337,73
swe-agent:044113:iterative__dvc-3725,swe-agent,submitted_no_patch,18,21,0.8571428571428571,3
swe-agent:044116:iterative__dvc-3725,swe-agent,submitted (exit_context),18,63,0.2857142857142857,45
swe-agent:044120:iterative__dvc-3725,swe-agent,submitted (exit_context),14,77,0.18181818181818182,63
swe-agent:044126:iterative__dvc-4026,swe-agent,submitted (exit_context),14,63,0.2222222222222222,49
swe-agent:044127:iterative__dvc-4026,swe-agent,submitted (exit_context),14,69,0.2028985507246377,55
swe-agent:044128:iterative__dvc-4026,swe-agent,submitted (exit_context),68,93,0.7311827956989247,25
swe-agent:044133:iterative__dvc-4026,swe-agent,submitted (exit_context),42,59,0.711864406779661,17
swe-agent:044136:iterative__dvc-4026,swe-agent,submitted (exit_context),40,67,0.5970149253731343,27
swe-agent:044137:iterative__dvc-4026,swe-agent,early_exit,34,69,0.4927536231884058,35
swe-agent:044138:iterative__dvc-4026,swe-agent,submitted (exit_context),20,117,0.17094017094017094,97
swe-agent:044143:iterative__dvc-4543,swe-agent,submitted (exit_context),26,109,0.23853211009174313,83
swe-agent:044144:iterative__dvc-4543,swe-agent,early_exit,84,139,0.60431654676259,55
swe-agent:044147:iterative__dvc-4543,swe-agent,submitted (exit_context),20,121,0.1652892561983471,101
swe-agent:044150:iterative__dvc-4543,swe-agent,submitted (exit_context),56,117,0.47863247863247865,61
swe-agent:044151:iterative__dvc-4543,swe-agent,submitted (exit_context),12,111,0.10810810810810811,99
swe-agent:044152:iterative__dvc-4543,swe-agent,submitted,44,49,0.8979591836734694,5
swe-agent:044174:iterative__dvc-7938,swe-agent,submitted (exit_context),32,81,0.3950617283950617,49
swe-agent:044234:leovt__constructible-3,swe-agent,submitted,28,39,0.717948717948718,11
swe-agent:044239:leovt__constructible-3,swe-agent,submitted (exit_context),28,81,0.345679012345679,53
swe-agent:044262:leovt__constructible-3,swe-agent,submitted (exit_context),36,61,0.5901639344262295,25
swe-agent:044298:marshmallow-code__webargs-583,swe-agent,exit_context,34,77,0.44155844155844154,43
swe-agent:044302:marshmallow-code__webargs-583,swe-agent,early_exit,22,53,0.41509433962264153,31
swe-agent:044303:marshmallow-code__webargs-583,swe-agent,exit_context,20,55,0.36363636363636365,35
swe-agent:044309:marshmallow-code__webargs-583,swe-agent,exit_context,16,51,0.3137254901960784,35
swe-agent:044315:marshmallow-code__webargs-583,swe-agent,submitted (exit_context),50,53,0.9433962264150944,3
swe-agent:044330:marshmallow-code__webargs-583,swe-agent,exit_context,22,35,0.6285714285714286,13
swe-agent:044343:marshmallow-code__webargs-583,swe-agent,exit_context,30,251,0.11952191235059761,221
swe-agent:044421:mirumee__prices-26,swe-agent,submitted,32,49,0.6530612244897959,17
swe-agent:044436:mmerickel__wired-2,swe-agent,submitted (exit_context),56,541,0.10351201478743069,485
swe-agent:044447:mwouts__jupytext-380,swe-agent,exit_context,42,91,0.46153846153846156,49
swe-agent:044463:nficano__humps-194,swe-agent,submitted,22,35,0.6285714285714286,13
swe-agent:044469:nficano__humps-194,swe-agent,submitted,22,55,0.4,33
swe-agent:044487:nficano__humps-194,swe-agent,submitted,22,35,0.6285714285714286,13
swe-agent:044502:nficano__humps-194,swe-agent,submitted,24,39,0.6153846153846154,15
swe-agent:044509:nipy__nipype-2503,swe-agent,submitted,18,29,0.6206896551724138,11
swe-agent:044511:numpy__numpydoc-286,swe-agent,submitted (exit_context),82,89,0.9213483146067416,7
swe-agent:044527:openfoodfacts__openfoodfacts-python-26,swe-agent,submitted (exit_context),8,89,0.0898876404494382,81
swe-agent:044539:openfoodfacts__openfoodfacts-python-26,swe-agent,submitted,8,11,0.7272727272727273,3
swe-agent:044544:pckroon__pysmiles-24,swe-agent,submitted (exit_context),20,443,0.045146726862302484,423
swe-agent:044551:pckroon__pysmiles-24,swe-agent,submitted (exit_context),36,59,0.6101694915254238,23
swe-agent:044595:pydantic__pydantic-2114,swe-agent,submitted (exit_context),78,91,0.8571428571428571,13
swe-agent:044597:pydantic__pydantic-2114,swe-agent,submitted (exit_context),52,63,0.8253968253968254,11
swe-agent:044598:pydantic__pydantic-2114,swe-agent,early_exit,46,71,0.647887323943662,25
swe-agent:044609:pydantic__pydantic-3946,swe-agent,submitted (exit_context),38,101,0.37623762376237624,63
swe-agent:044612:pydantic__pydantic-3946,swe-agent,submitted,42,51,0.8235294117647058,9
swe-agent:044617:pydantic__pydantic-3946,swe-agent,submitted (exit_context),28,37,0.7567567567567568,9
swe-agent:044619:pydantic__pydantic-3946,swe-agent,submitted (exit_context),36,75,0.48,39
swe-agent:044624:pydantic__pydantic-3946,swe-agent,submitted (exit_context),26,79,0.3291139240506329,53
swe-agent:044627:pydantic__pydantic-3946,swe-agent,submitted (exit_context),26,111,0.23423423423423423,85
swe-agent:044631:pydantic__pydantic-3946,swe-agent,submitted (exit_context),32,127,0.25196850393700787,95
swe-agent:044637:pydantic__pydantic-3946,swe-agent,submitted (exit_context),36,369,0.0975609756097561,333
swe-agent:044638:pydantic__pydantic-3946,swe-agent,exit_context,44,61,0.7213114754098361,17
swe-agent:044641:pydantic__pydantic-3946,swe-agent,submitted,22,49,0.4489795918367347,27
swe-agent:044644:pydantic__pydantic-3946,swe-agent,submitted (exit_context),32,37,0.8648648648648649,5
swe-agent:044645:pydantic__pydantic-3946,swe-agent,submitted (exit_context),54,109,0.4954128440366973,55
swe-agent:044647:pydantic__pydantic-3946,swe-agent,submitted (exit_context),46,81,0.5679012345679012,35
swe-agent:044648:pydantic__pydantic-3946,swe-agent,submitted (exit_context),34,107,0.3177570093457944,73
swe-agent:044653:pydantic__pydantic-3946,swe-agent,submitted (exit_context),38,71,0.5352112676056338,33
swe-agent:044709:python-trio__trio-502,swe-agent,exit_context,18,113,0.1592920353982301,95
swe-agent:044723:python-trio__trio-502,swe-agent,submitted,12,23,0.5217391304347826,11
swe-agent:044727:python-trio__trio-502,swe-agent,submitted (exit_context),38,97,0.3917525773195876,59
swe-agent:044736:python-trio__trio-502,swe-agent,exit_context,12,43,0.27906976744186046,31
swe-agent:044739:python-trio__trio-502,swe-agent,exit_context,38,75,0.5066666666666667,37
swe-agent:044743:python-trio__trio-502,swe-agent,exit_context,30,87,0.3448275862068966,57
swe-agent:044751:python-trio__trio-502,swe-agent,exit_context,22,79,0.27848101265822783,57
swe-agent:044757:python-trio__trio-502,swe-agent,exit_context,24,61,0.39344262295081966,37
swe-agent:044760:python-trio__trio-502,swe-agent,exit_context,54,99,0.5454545454545454,45
swe-agent:044761:python-trio__trio-502,swe-agent,exit_context,12,211,0.05687203791469194,199
swe-agent:044766:pyvista__pyvista-4406,swe-agent,submitted (exit_context),38,75,0.5066666666666667,37
swe-agent:044771:sanic-org__sanic-2704,swe-agent,early_exit,18,47,0.3829787234042553,29
swe-agent:044774:sanic-org__sanic-2704,swe-agent,submitted (exit_context),30,87,0.3448275862068966,57
swe-agent:044777:sanic-org__sanic-2704,swe-agent,submitted,86,93,0.9247311827956989,7
swe-agent:044779:sanic-org__sanic-2704,swe-agent,submitted (exit_context),26,109,0.23853211009174313,83
swe-agent:044780:sanic-org__sanic-2704,swe-agent,submitted (exit_context),46,75,0.6133333333333333,29
swe-agent:044796:simphony__tornado-webapi-19,swe-agent,submitted,26,49,0.5306122448979592,23
swe-agent:044852:streamlink__streamlink-3019,swe-agent,submitted,30,55,0.5454545454545454,25
swe-agent:044885:tcalmant__ipopo-120,swe-agent,submitted,26,33,0.7878787878787878,7
swe-agent:044905:tcalmant__ipopo-120,swe-agent,exit_context,24,401,0.059850374064837904,377
swe-agent:044948:tobymao__sqlglot-1663,swe-agent,submitted (exit_context),48,49,0.9795918367346939,1
swe-agent:044949:tobymao__sqlglot-1663,swe-agent,submitted (exit_context),20,51,0.39215686274509803,31
swe-agent:044965:tobymao__sqlglot-3360,swe-agent,submitted (exit_context),46,49,0.9387755102040817,3
swe-agent:044967:tobymao__sqlglot-3360,swe-agent,submitted (exit_context),34,79,0.43037974683544306,45
swe-agent:044971:tobymao__sqlglot-3360,swe-agent,submitted (exit_context),50,81,0.6172839506172839,31
swe-agent:044990:uncscode__particula-208,swe-agent,submitted,54,63,0.8571428571428571,9
swe-agent:045005:uncscode__particula-208,swe-agent,submitted (exit_context),20,25,0.8,5
swe-agent:045046:zamzterz__Flask-pyoidc-57,swe-agent,submitted (exit_context),78,107,0.7289719626168224,29
swe-agent:045067:zulip__zulip-terminal-1424,swe-agent,submitted,28,37,0.7567567567567568,9
swe-agent:045077:zulip__zulip-terminal-1424,swe-agent,submitted (exit_context),40,85,0.47058823529411764,45
swe-agent:045078:zulip__zulip-terminal-1424,swe-agent,submitted (exit_context),32,71,0.4507042253521127,39
swe-agent:045083:zulip__zulip-terminal-1424,swe-agent,submitted (exit_context),44,99,0.4444444444444444,55
swe-agent:045084:zulip__zulip-terminal-1424,swe-agent,early_exit,36,69,0.5217391304347826,33
swe-agent:045088:zulip__zulip-terminal-1424,swe-agent,submitted,30,41,0.7317073170731707,11
swe-agent:045089:zulip__zulip-terminal-1424,swe-agent,submitted (exit_context),48,63,0.7619047619047619,15
swe-agent:045092:zulip__zulip-terminal-1424,swe-agent,submitted,30,41,0.7317073170731707,11
swe-agent:045113:DCC-Lab__RayTracing-133,swe-agent,submitted,28,37,0.7567567567567568,9
swe-agent:045141:DCC-Lab__RayTracing-133,swe-agent,submitted (exit_context),64,67,0.9552238805970149,3
swe-agent:045175:European-XFEL__EXtra-data-375,swe-agent,submitted,28,31,0.9032258064516129,3
swe-agent:045196:ImagingDataCommons__highdicom-211,swe-agent,exit_context,42,51,0.8235294117647058,9
swe-agent:045206:ImagingDataCommons__highdicom-211,swe-agent,submitted,12,41,0.2926829268292683,29
swe-agent:045207:PyCQA__pyflakes-275,swe-agent,exit_context,70,77,0.9090909090909091,7
swe-agent:045212:PyCQA__pyflakes-275,swe-agent,submitted (exit_context),64,75,0.8533333333333334,11
swe-agent:045214:PyCQA__pyflakes-275,swe-agent,exit_context,38,51,0.7450980392156863,13
swe-agent:045220:Shoobx__mypy-zope-80,swe-agent,submitted (exit_context),136,189,0.7195767195767195,53
swe-agent:045223:Shoobx__mypy-zope-80,swe-agent,submitted (exit_context),84,239,0.3514644351464435,155
swe-agent:045229:adamjstewart__fiscalyear-9,swe-agent,submitted,16,29,0.5517241379310345,13
swe-agent:045254:adamjstewart__fiscalyear-9,swe-agent,submitted (exit_context),14,67,0.208955223880597,53
swe-agent:045308:aesara-devs__aesara-854,swe-agent,submitted (exit_context),22,45,0.4888888888888889,23
swe-agent:045327:alexander-akhmetov__python-telegram-77,swe-agent,submitted (exit_context),30,323,0.09287925696594428,293
swe-agent:045328:alexander-akhmetov__python-telegram-77,swe-agent,submitted (exit_context),90,171,0.5263157894736842,81
swe-agent:045332:asottile__git-code-debt-85,swe-agent,submitted (exit_context),44,67,0.6567164179104478,23
swe-agent:045333:asottile__git-code-debt-85,swe-agent,submitted (exit_context),36,91,0.3956043956043956,55
swe-agent:045335:asottile__pyupgrade-247,swe-agent,submitted,20,27,0.7407407407407407,7
swe-agent:045345:asottile__pyupgrade-247,swe-agent,submitted (exit_context),34,101,0.33663366336633666,67
swe-agent:045353:astanin__python-tabulate-152,swe-agent,submitted (exit_context),36,45,0.8,9
swe-agent:045354:astanin__python-tabulate-152,swe-agent,submitted (exit_context),66,75,0.88,9
swe-agent:045360:astanin__python-tabulate-152,swe-agent,submitted (exit_context),38,53,0.7169811320754716,15
swe-agent:045367:astanin__python-tabulate-152,swe-agent,submitted (exit_context),36,55,0.6545454545454545,19
swe-agent:045429:blairconrad__dicognito-158,swe-agent,submitted (exit_context),46,333,0.13813813813813813,287
swe-agent:045452:blairconrad__dicognito-158,swe-agent,submitted,16,19,0.8421052631578947,3
swe-agent:045461:blairconrad__dicognito-158,swe-agent,submitted,28,31,0.9032258064516129,3
swe-agent:045464:blairconrad__dicognito-158,swe-agent,submitted,12,89,0.1348314606741573,77
swe-agent:045479:box__box-python-sdk-343,swe-agent,submitted (exit_context),40,81,0.49382716049382713,41
swe-agent:045483:boxed__mutmut-239,swe-agent,submitted (exit_context),24,475,0.05052631578947368,451
swe-agent:045484:boxed__mutmut-239,swe-agent,submitted (exit_context),50,107,0.4672897196261682,57
swe-agent:045485:boxed__mutmut-239,swe-agent,submitted (exit_context),50,65,0.7692307692307693,15
swe-agent:045499:boxed__mutmut-239,swe-agent,submitted,32,53,0.6037735849056604,21
swe-agent:045503:c0fec0de__anytree-232,swe-agent,submitted (exit_context),24,57,0.42105263157894735,33
swe-agent:045512:c0fec0de__anytree-232,swe-agent,submitted,44,59,0.7457627118644068,15
swe-agent:045514:cloudevents__sdk-python-72,swe-agent,submitted (exit_context),58,101,0.5742574257425742,43
swe-agent:045515:cloudevents__sdk-python-72,swe-agent,submitted (exit_context),50,91,0.5494505494505495,41
swe-agent:045521:cloudevents__sdk-python-72,swe-agent,early_exit,16,39,0.41025641025641024,23
swe-agent:045526:cltk__cltk-629,swe-agent,submitted (exit_context),38,89,0.42696629213483145,51
swe-agent:045527:cltk__cltk-629,swe-agent,submitted (exit_context),30,67,0.44776119402985076,37
swe-agent:045529:cltk__cltk-629,swe-agent,submitted (exit_context),30,41,0.7317073170731707,11
swe-agent:045530:cltk__cltk-629,swe-agent,submitted (exit_context),28,45,0.6222222222222222,17
swe-agent:045531:cltk__cltk-629,swe-agent,submitted (exit_context),20,83,0.24096385542168675,63
swe-agent:045532:cltk__cltk-629,swe-agent,submitted (exit_context),32,55,0.5818181818181818,23
swe-agent:045533:cltk__cltk-629,swe-agent,submitted (exit_context),20,51,0.39215686274509803,31
swe-agent:045534:cltk__cltk-629,swe-agent,submitted (exit_context),20,95,0.21052631578947367,75
swe-agent:045535:cltk__cltk-629,swe-agent,submitted (exit_context),16,85,0.18823529411764706,69
swe-agent:045536:cltk__cltk-629,swe-agent,submitted (exit_context),38,91,0.4175824175824176,53
swe-agent:045544:deppen8__pandas-vet-39,swe-agent,submitted (exit_context),32,151,0.2119205298013245,119
swe-agent:045563:eliben__pycparser-364,swe-agent,submitted (exit_context),36,85,0.4235294117647059,49
swe-agent:045564:eliben__pycparser-364,swe-agent,submitted (exit_context),60,81,0.7407407407407407,21
swe-agent:045604:encode__starlette-1106,swe-agent,submitted (exit_context),26,57,0.45614035087719296,31
swe-agent:045641:feature-engine__feature_engine-500,swe-agent,submitted (exit_context),34,101,0.33663366336633666,67
swe-agent:045643:feature-engine__feature_engine-500,swe-agent,submitted,30,45,0.6666666666666666,15
swe-agent:045651:feature-engine__feature_engine-500,swe-agent,submitted (exit_context),36,145,0.2482758620689655,109
swe-agent:045655:getsentry__responses-569,swe-agent,submitted (exit_context),46,83,0.5542168674698795,37
swe-agent:045681:google__mobly-323,swe-agent,exit_context,28,65,0.4307692307692308,37
swe-agent:045685:horejsek__python-fastjsonschema-88,swe-agent,submitted (exit_context),44,59,0.7457627118644068,15
swe-agent:045689:horejsek__python-fastjsonschema-88,swe-agent,submitted,12,35,0.34285714285714286,23
swe-agent:045695:horejsek__python-fastjsonschema-88,swe-agent,submitted (exit_context),20,99,0.20202020202020202,79
swe-agent:045697:horejsek__python-fastjsonschema-88,swe-agent,exit_context,12,51,0.23529411764705882,39
swe-agent:045698:horejsek__python-fastjsonschema-88,swe-agent,exit_context,12,341,0.03519061583577713,329
swe-agent:045717:horejsek__python-fastjsonschema-88,swe-agent,submitted,10,25,0.4,15
swe-agent:045719:horejsek__python-fastjsonschema-88,swe-agent,submitted (exit_context),54,63,0.8571428571428571,9
swe-agent:045726:inducer__pycparserext-52,swe-agent,submitted (exit_context),24,53,0.4528301886792453,29
swe-agent:045743:internap__python-hostsresolver-5,swe-agent,submitted (exit_context),40,69,0.5797101449275363,29
swe-agent:045745:internap__python-hostsresolver-5,swe-agent,submitted (exit_context),80,297,0.26936026936026936,217
swe-agent:045756:ipython__ipython-10157,swe-agent,submitted (exit_context),76,93,0.8172043010752689,17
swe-agent:045757:ipython__ipython-10157,swe-agent,submitted,52,65,0.8,13
swe-agent:045758:ipython__ipython-10157,swe-agent,submitted (exit_context),56,75,0.7466666666666667,19
swe-agent:045768:iterative__dvc-4045,swe-agent,submitted (exit_context),72,107,0.6728971962616822,35
swe-agent:045774:iterative__dvc-4045,swe-agent,early_exit,38,177,0.21468926553672316,139
swe-agent:045778:iterative__dvc-4568,swe-agent,submitted,88,105,0.8380952380952381,17
swe-agent:045779:iterative__dvc-4568,swe-agent,submitted,14,65,0.2153846153846154,51
swe-agent:045782:iterative__dvc-4568,swe-agent,submitted,26,27,0.9629629629629629,1
swe-agent:045790:iterative__dvc-4568,swe-agent,submitted (exit_context),20,85,0.23529411764705882,65
swe-agent:045793:iterative__dvc-4568,swe-agent,submitted (exit_context),24,103,0.23300970873786409,79
swe-agent:045813:iterative__dvc-4568,swe-agent,submitted (exit_context),58,63,0.9206349206349206,5
swe-agent:045818:iterative__dvc-4568,swe-agent,submitted,58,95,0.6105263157894737,37
swe-agent:045820:jaraco__portend-11,swe-agent,submitted,28,37,0.7567567567567568,9
swe-agent:045821:jaraco__portend-11,swe-agent,submitted (exit_context),32,67,0.47761194029850745,35
swe-agent:045822:jaraco__portend-11,swe-agent,submitted (exit_context),12,87,0.13793103448275862,75
swe-agent:045826:jaraco__portend-11,swe-agent,submitted (exit_context),16,69,0.2318840579710145,53
swe-agent:045829:jaraco__portend-11,swe-agent,submitted (exit_context),22,75,0.29333333333333333,53
swe-agent:045839:joke2k__faker-1821,swe-agent,submitted (exit_context),34,65,0.5230769230769231,31
swe-agent:045844:leonardbinet__lighttree-12,swe-agent,exit_context,26,45,0.5777777777777777,19
swe-agent:045845:leonardbinet__lighttree-12,swe-agent,exit_context,38,59,0.6440677966101694,21
swe-agent:045846:leonardbinet__lighttree-12,swe-agent,submitted (exit_context),16,73,0.2191780821917808,57
swe-agent:045847:leonardbinet__lighttree-12,swe-agent,exit_context,24,35,0.6857142857142857,11
swe-agent:045848:leonardbinet__lighttree-12,swe-agent,exit_context,18,39,0.46153846153846156,21
swe-agent:045851:linw1995__data_extractor-19,swe-agent,submitted,26,27,0.9629629629629629,1
swe-agent:045852:linw1995__data_extractor-19,swe-agent,submitted,16,29,0.5517241379310345,13
swe-agent:045861:linw1995__data_extractor-19,swe-agent,submitted (exit_context),22,65,0.3384615384615385,43
swe-agent:045869:lundberg__respx-253,swe-agent,submitted (exit_context),40,99,0.40404040404040403,59
swe-agent:045871:lundberg__respx-253,swe-agent,submitted (exit_context),38,69,0.5507246376811594,31
swe-agent:045878:lundberg__respx-253,swe-agent,exit_context,8,577,0.01386481802426343,569
swe-agent:045879:lundberg__respx-253,swe-agent,submitted (exit_context),56,81,0.691358024691358,25
swe-agent:045880:lundberg__respx-253,swe-agent,exit_context,22,25,0.88,3
swe-agent:045888:macbre__sql-metadata-143,swe-agent,submitted (exit_context),50,59,0.847457627118644,9
swe-agent:045899:maxfischer2781__asyncstdlib-14,swe-agent,submitted (exit_context),62,67,0.9253731343283582,5
swe-agent:045926:mie-lab__trackintel-217,swe-agent,submitted (exit_context),88,93,0.946236559139785,5
swe-agent:045964:mikedevnull__upnp-av-control-106,swe-agent,exit_context,12,23,0.5217391304347826,11
swe-agent:045977:miurahr__aqtinstall-657,swe-agent,submitted (exit_context),36,175,0.2057142857142857,139
swe-agent:045980:netsiphd__netrd-264,swe-agent,submitted (exit_format),12,25,0.48,13
swe-agent:045985:netsiphd__netrd-264,swe-agent,exit_context,30,83,0.3614457831325301,53
swe-agent:045986:netsiphd__netrd-264,swe-agent,exit_context,36,85,0.4235294117647059,49
swe-agent:045987:netsiphd__netrd-264,swe-agent,submitted,42,83,0.5060240963855421,41
swe-agent:045988:netsiphd__netrd-264,swe-agent,exit_context,24,57,0.42105263157894735,33
swe-agent:045989:netsiphd__netrd-264,swe-agent,exit_context,44,103,0.42718446601941745,59
swe-agent:045990:netsiphd__netrd-264,swe-agent,exit_context,12,71,0.16901408450704225,59
swe-agent:045993:nylas__nylas-python-81,swe-agent,submitted (exit_context),12,67,0.1791044776119403,55
swe-agent:045997:nylas__nylas-python-81,swe-agent,submitted (exit_context),20,59,0.3389830508474576,39
swe-agent:046024:omni-us__jsonargparse-346,swe-agent,submitted (exit_context),30,47,0.6382978723404256,17
swe-agent:046029:omni-us__jsonargparse-346,swe-agent,exit_context,52,55,0.9454545454545454,3
swe-agent:046030:omni-us__jsonargparse-346,swe-agent,submitted (exit_context),32,47,0.6808510638297872,15
swe-agent:046046:package-url__packageurl-python-44,swe-agent,submitted (exit_context),58,75,0.7733333333333333,17
swe-agent:046050:package-url__packageurl-python-44,swe-agent,submitted (exit_context),62,63,0.9841269841269841,1
swe-agent:046055:projectmesa__mesa-1413,swe-agent,submitted (exit_context),26,61,0.4262295081967213,35
swe-agent:046058:projectmesa__mesa-1413,swe-agent,submitted,28,35,0.8,7
swe-agent:046059:projectmesa__mesa-1413,swe-agent,submitted (exit_context),12,81,0.14814814814814814,69
swe-agent:046064:projectmesa__mesa-1413,swe-agent,submitted,16,41,0.3902439024390244,25
swe-agent:046067:projectmesa__mesa-1413,swe-agent,submitted (exit_context),10,63,0.15873015873015872,53
swe-agent:046075:pydantic__pydantic-4963,swe-agent,submitted (exit_context),20,85,0.23529411764705882,65
swe-agent:046077:pydantic__pydantic-4963,swe-agent,submitted,44,125,0.352,81
swe-agent:046083:pydantic__pydantic-4963,swe-agent,submitted (exit_context),24,69,0.34782608695652173,45
swe-agent:046102:pydantic__pydantic-4963,swe-agent,submitted (exit_context),16,87,0.1839080459770115,71
swe-agent:046103:pydantic__pydantic-4963,swe-agent,submitted (exit_context),38,67,0.5671641791044776,29
swe-agent:046104:pydantic__pydantic-4963,swe-agent,submitted (exit_context),16,93,0.17204301075268819,77
swe-agent:046106:pydantic__pydantic-4963,swe-agent,submitted (exit_context),32,89,0.3595505617977528,57
swe-agent:046109:pydantic__pydantic-4963,swe-agent,submitted (exit_context),22,85,0.25882352941176473,63
swe-agent:046112:pydantic__pydantic-4963,swe-agent,submitted (exit_context),20,85,0.23529411764705882,65
swe-agent:046114:pydantic__pydantic-4963,swe-agent,submitted,16,41,0.3902439024390244,25
swe-agent:046115:pydantic__pydantic-4963,swe-agent,submitted (exit_context),20,85,0.23529411764705882,65
swe-agent:046117:pydantic__pydantic-4963,swe-agent,submitted (exit_context),20,79,0.25316455696202533,59
swe-agent:046123:pydantic__pydantic-4963,swe-agent,submitted (exit_context),30,61,0.4918032786885246,31
swe-agent:046129:pydantic__pydantic-4963,swe-agent,submitted (exit_context),16,89,0.1797752808988764,73
swe-agent:046132:pydantic__pydantic-4963,swe-agent,submitted (exit_context),68,71,0.9577464788732394,3
swe-agent:046133:pydantic__pydantic-4963,swe-agent,submitted (exit_context),20,87,0.22988505747126436,67
swe-agent:046134:pydantic__pydantic-4963,swe-agent,submitted,28,55,0.509090909090909,27
swe-agent:046141:pydantic__pydantic-4963,swe-agent,submitted (exit_context),24,55,0.43636363636363634,31
swe-agent:046142:pydantic__pydantic-4963,swe-agent,submitted (exit_context),38,49,0.7755102040816326,11
swe-agent:046148:pydantic__pydantic-4963,swe-agent,submitted (exit_context),38,91,0.4175824175824176,53
swe-agent:046150:pydicom__pydicom-1598,swe-agent,submitted,68,79,0.8607594936708861,11
swe-agent:046155:robmarkcole__HASS-data-detective-72,swe-agent,submitted (exit_context),98,103,0.9514563106796117,5
swe-agent:046166:rolepoint__pyseeyou-14,swe-agent,submitted,68,75,0.9066666666666666,7
swe-agent:046226:scrapy__scrapy-2956,swe-agent,submitted (exit_context),20,65,0.3076923076923077,45
swe-agent:046245:scrapy__scrapy-2956,swe-agent,submitted (exit_context),22,51,0.43137254901960786,29
swe-agent:046288:simphony__simphony-remote-171,swe-agent,submitted,16,25,0.64,9
swe-agent:046336:swar__nba_api-286,swe-agent,submitted,44,53,0.8301886792452831,9
swe-agent:046349:swar__nba_api-286,swe-agent,submitted,46,107,0.42990654205607476,61
swe-agent:046379:tobymao__sqlglot-2443,swe-agent,submitted (exit_context),66,67,0.9850746268656716,1
swe-agent:046385:tobymao__sqlglot-2443,swe-agent,submitted (exit_context),52,75,0.6933333333333334,23
swe-agent:046408:tobymao__sqlglot-2443,swe-agent,submitted,50,61,0.819672131147541,11
swe-agent:046415:tobymao__sqlglot-2443,swe-agent,submitted (exit_context),44,71,0.6197183098591549,27
swe-agent:046416:tobymao__sqlglot-2443,swe-agent,submitted (exit_context),38,87,0.4367816091954023,49
swe-agent:046417:tobymao__sqlglot-2443,swe-agent,submitted (exit_context),24,51,0.47058823529411764,27
swe-agent:046429:tobymao__sqlglot-2443,swe-agent,submitted (exit_context),34,67,0.5074626865671642,33
swe-agent:046440:tobymao__sqlglot-2619,swe-agent,submitted (exit_context),52,195,0.26666666666666666,143
swe-agent:046449:tobymao__sqlglot-2619,swe-agent,submitted (exit_context),64,99,0.6464646464646465,35
swe-agent:046455:tobymao__sqlglot-2619,swe-agent,submitted,26,51,0.5098039215686274,25
swe-agent:046470:tobymao__sqlglot-2619,swe-agent,submitted (exit_context),30,57,0.5263157894736842,27
swe-agent:046476:tobymao__sqlglot-2619,swe-agent,submitted (exit_context),84,99,0.8484848484848485,15
swe-agent:046477:tobymao__sqlglot-2619,swe-agent,submitted (exit_context),40,53,0.7547169811320755,13
swe-agent:046480:tobymao__sqlglot-2619,swe-agent,submitted (exit_context),66,97,0.6804123711340206,31
swe-agent:046482:tobymao__sqlglot-2619,swe-agent,early_exit,52,69,0.7536231884057971,17
swe-agent:046495:tobymao__sqlglot-2619,swe-agent,submitted (exit_context),54,91,0.5934065934065934,37
swe-agent:046528:witchard__grole-21,swe-agent,submitted,16,41,0.3902439024390244,25
swe-agent:046540:wright-group__WrightTools-534,swe-agent,submitted (exit_context),34,59,0.576271186440678,25
swe-agent:046598:wright-group__WrightTools-534,swe-agent,submitted,16,25,0.64,9
swe-agent:046615:zalando-stups__senza-522,swe-agent,submitted (exit_context),38,171,0.2222222222222222,133
swe-agent:046616:zalando-stups__senza-522,swe-agent,submitted (exit_context),52,59,0.8813559322033898,7
swe-agent:046617:zalando-stups__senza-522,swe-agent,submitted (exit_context),36,109,0.3302752293577982,73
swe-agent:046619:zalando-stups__senza-522,swe-agent,submitted (exit_context),42,69,0.6086956521739131,27
swe-agent:046632:zalando-stups__senza-522,swe-agent,exit_context,22,51,0.43137254901960786,29
swe-agent:046633:zalando-stups__senza-522,swe-agent,submitted (exit_context),22,105,0.20952380952380953,83
swe-agent:046638:zalando-stups__senza-522,swe-agent,submitted,34,71,0.4788732394366197,37
swe-agent:046639:zalando-stups__senza-522,swe-agent,submitted (exit_context),90,123,0.7317073170731707,33
swe-agent:046642:zalando-stups__senza-522,swe-agent,exit_context,22,55,0.4,33
swe-agent:046650:zalando-stups__senza-522,swe-agent,submitted (exit_context),78,87,0.896551724137931,9
swe-agent:046656:zalando-stups__senza-522,swe-agent,submitted (exit_context),40,47,0.851063829787234,7
swe-agent:046658:zalando-stups__senza-522,swe-agent,exit_context,20,65,0.3076923076923077,45
swe-agent:046661:zalando-stups__senza-522,swe-agent,submitted (exit_context),44,87,0.5057471264367817,43
swe-agent:046666:zalando-stups__senza-522,swe-agent,submitted (exit_context),60,85,0.7058823529411765,25
swe-agent:046672:zalando-stups__senza-522,swe-agent,submitted,24,67,0.3582089552238806,43
swe-agent:046676:zalando-stups__senza-522,swe-agent,submitted (exit_context),74,91,0.8131868131868132,17
swe-agent:046677:zalando-stups__senza-522,swe-agent,exit_context,30,61,0.4918032786885246,31
swe-agent:046680:zalando-stups__senza-522,swe-agent,submitted (exit_context),36,305,0.1180327868852459,269
swe-agent:046683:Clarifai__clarifai-python-228,swe-agent,submitted,16,21,0.7619047619047619,5
swe-agent:046684:Clarifai__clarifai-python-228,swe-agent,submitted,12,27,0.4444444444444444,15
swe-agent:046685:Clarifai__clarifai-python-228,swe-agent,submitted,12,15,0.8,3
swe-agent:046686:Clarifai__clarifai-python-228,swe-agent,exit_context,10,63,0.15873015873015872,53
swe-agent:046687:Clarifai__clarifai-python-228,swe-agent,exit_context,16,61,0.26229508196721313,45
swe-agent:046689:Clarifai__clarifai-python-228,swe-agent,exit_context,30,65,0.46153846153846156,35
swe-agent:046690:Clarifai__clarifai-python-228,swe-agent,submitted (exit_context),14,53,0.2641509433962264,39
swe-agent:046692:Clarifai__clarifai-python-228,swe-agent,submitted (exit_context),16,75,0.21333333333333335,59
swe-agent:046693:Clarifai__clarifai-python-228,swe-agent,exit_context,10,55,0.18181818181818182,45
swe-agent:046694:Clarifai__clarifai-python-228,swe-agent,exit_context,18,65,0.27692307692307694,47
swe-agent:046695:Clarifai__clarifai-python-228,swe-agent,exit_context,14,47,0.2978723404255319,33
swe-agent:046696:Clarifai__clarifai-python-228,swe-agent,submitted,12,25,0.48,13
swe-agent:046697:Clarifai__clarifai-python-228,swe-agent,exit_context,12,55,0.21818181818181817,43
swe-agent:046698:Clarifai__clarifai-python-228,swe-agent,exit_context,30,57,0.5263157894736842,27
swe-agent:046704:Dorthu__openapi3-76,swe-agent,submitted (exit_context),22,449,0.04899777282850779,427
swe-agent:046735:Open-EO__openeo-python-client-230,swe-agent,submitted (exit_context),36,45,0.8,9
swe-agent:046765:RDFLib__rdflib-1315,swe-agent,submitted (exit_context),60,71,0.8450704225352113,11
swe-agent:046811:Turbo87__utm-31,swe-agent,submitted,16,31,0.5161290322580645,15
swe-agent:046819:Turbo87__utm-31,swe-agent,submitted,78,105,0.7428571428571429,27
swe-agent:046823:agronholm__anyio-319,swe-agent,submitted (exit_context),36,93,0.3870967741935484,57
swe-agent:046844:awdeorio__mailmerge-115,swe-agent,submitted,44,53,0.8301886792452831,9
swe-agent:046854:awdeorio__mailmerge-115,swe-agent,submitted,60,65,0.9230769230769231,5
swe-agent:046871:benmoran56__esper-83,swe-agent,submitted (exit_context),24,77,0.3116883116883117,53
swe-agent:046882:byllyfish__precis_i18n-32,swe-agent,submitted (exit_context),28,93,0.3010752688172043,65
swe-agent:046901:byllyfish__precis_i18n-32,swe-agent,submitted,28,39,0.717948717948718,11
swe-agent:046903:byllyfish__precis_i18n-32,swe-agent,submitted,38,55,0.6909090909090909,17
swe-agent:046907:claranet__ssha-63,swe-agent,submitted (exit_context),28,75,0.37333333333333335,47
swe-agent:046926:corteva__rioxarray-388,swe-agent,submitted (exit_context),42,83,0.5060240963855421,41
swe-agent:046930:corteva__rioxarray-388,swe-agent,submitted (exit_context),32,63,0.5079365079365079,31
swe-agent:046933:corteva__rioxarray-388,swe-agent,submitted,22,31,0.7096774193548387,9
swe-agent:046955:corteva__rioxarray-388,swe-agent,submitted (exit_context),46,61,0.7540983606557377,15
swe-agent:046960:coverahealth__dataspec-15,swe-agent,submitted (exit_context),62,87,0.7126436781609196,25
swe-agent:046968:damnever__fmt-16,swe-agent,submitted (exit_context),42,67,0.6268656716417911,25
swe-agent:046976:damnever__fmt-16,swe-agent,submitted (exit_context),44,69,0.6376811594202898,25
swe-agent:046995:dbcli__litecli-113,swe-agent,exit_context,30,75,0.4,45
swe-agent:047003:deepchem__deepchem-2664,swe-agent,submitted,12,33,0.36363636363636365,21
swe-agent:047007:deepchem__deepchem-2664,swe-agent,exit_context,12,77,0.15584415584415584,65
swe-agent:047032:devsnd__tinytag-156,swe-agent,submitted (exit_context),64,261,0.24521072796934865,197
swe-agent:047035:devsnd__tinytag-156,swe-agent,submitted (exit_context),48,55,0.8727272727272727,7
swe-agent:047045:globocom__m3u8-194,swe-agent,submitted (exit_context),56,59,0.9491525423728814,3
swe-agent:047049:globocom__m3u8-194,swe-agent,submitted (exit_context),36,73,0.4931506849315068,37
swe-agent:047117:ilevkivskyi__typing_inspect-74,swe-agent,submitted,24,53,0.4528301886792453,29
swe-agent:047140:iterative__dvc-2470,swe-agent,submitted (exit_context),118,135,0.8740740740740741,17
swe-agent:047148:iterative__dvc-2470,swe-agent,submitted,22,31,0.7096774193548387,9
swe-agent:047163:iterative__dvc-3406,swe-agent,submitted,60,127,0.47244094488188976,67
swe-agent:047182:iterative__dvc-4204,swe-agent,submitted (exit_context),34,43,0.7906976744186046,9
swe-agent:047183:iterative__dvc-4204,swe-agent,submitted (exit_context),66,103,0.6407766990291263,37
swe-agent:047184:iterative__dvc-4204,swe-agent,submitted (exit_context),56,109,0.5137614678899083,53
swe-agent:047186:iterative__dvc-4204,swe-agent,submitted (exit_context),56,75,0.7466666666666667,19
swe-agent:047194:iterative__dvc-4323,swe-agent,submitted,28,45,0.6222222222222222,17
swe-agent:047199:iterative__dvc-4323,swe-agent,submitted (exit_context),40,85,0.47058823529411764,45
swe-agent:047200:iterative__dvc-4323,swe-agent,submitted (exit_context),34,67,0.5074626865671642,33
swe-agent:047217:iterative__dvc-4323,swe-agent,submitted (exit_context),58,91,0.6373626373626373,33
swe-agent:047222:iterative__dvc-4323,swe-agent,submitted,48,79,0.6075949367088608,31
swe-agent:047235:iterative__dvc-5005,swe-agent,submitted (exit_context),46,113,0.40707964601769914,67
swe-agent:047262:joke2k__faker-1475,swe-agent,submitted,20,31,0.6451612903225806,11
swe-agent:047263:joke2k__faker-1475,swe-agent,submitted (exit_context),54,75,0.72,21
swe-agent:047268:joke2k__faker-1475,swe-agent,submitted (exit_context),42,81,0.5185185185185185,39
swe-agent:047279:kymatio__kymatio-982,swe-agent,submitted (exit_context),52,57,0.9122807017543859,5
swe-agent:047300:lark-parser__lark-650,swe-agent,submitted (exit_context),48,71,0.676056338028169,23
swe-agent:047305:lark-parser__lark-650,swe-agent,submitted (exit_context),72,127,0.5669291338582677,55
swe-agent:047306:lbl-srg__BuildingsPy-388,swe-agent,submitted (exit_context),60,71,0.8450704225352113,11
swe-agent:047313:lbl-srg__BuildingsPy-388,swe-agent,early_exit,28,43,0.6511627906976745,15
swe-agent:047319:lbl-srg__BuildingsPy-388,swe-agent,submitted (exit_context),42,193,0.21761658031088082,151
swe-agent:047320:lbl-srg__BuildingsPy-388,swe-agent,submitted (exit_context),24,61,0.39344262295081966,37
swe-agent:047322:marshmallow-code__marshmallow-1359,swe-agent,submitted (exit_context),46,75,0.6133333333333333,29
swe-agent:047324:marshmallow-code__marshmallow-1359,swe-agent,submitted (exit_context),44,83,0.5301204819277109,39
swe-agent:047330:minrk__escapism-4,swe-agent,submitted,18,29,0.6206896551724138,11
swe-agent:047335:minrk__escapism-4,swe-agent,submitted (exit_context),46,59,0.7796610169491526,13
swe-agent:047363:omni-us__jsonargparse-78,swe-agent,submitted (exit_context),32,65,0.49230769230769234,33
swe-agent:047369:omni-us__jsonargparse-78,swe-agent,submitted (exit_context),24,373,0.064343163538874,349
swe-agent:047380:openlawlibrary__pygls-304,swe-agent,submitted (exit_context),38,61,0.6229508196721312,23
swe-agent:047394:pasqal-io__Pulser-105,swe-agent,submitted,66,107,0.616822429906542,41
swe-agent:047439:pydantic__pydantic-1174,swe-agent,submitted,38,45,0.8444444444444444,7
swe-agent:047441:pydantic__pydantic-1174,swe-agent,exit_context,72,79,0.9113924050632911,7
swe-agent:047448:pydantic__pydantic-2502,swe-agent,submitted (exit_context),26,117,0.2222222222222222,91
swe-agent:047449:pydantic__pydantic-2502,swe-agent,submitted (exit_context),38,59,0.6440677966101694,21
swe-agent:047455:pydantic__pydantic-2502,swe-agent,submitted (exit_context),32,103,0.3106796116504854,71
swe-agent:047458:pydantic__pydantic-2502,swe-agent,submitted,14,33,0.42424242424242425,19
swe-agent:047463:pydantic__pydantic-4067,swe-agent,submitted (exit_context),30,57,0.5263157894736842,27
swe-agent:047472:pydantic__pydantic-4067,swe-agent,submitted,50,59,0.847457627118644,9
swe-agent:047474:pydantic__pydantic-4067,swe-agent,submitted (exit_context),44,85,0.5176470588235295,41
swe-agent:047477:pydantic__pydantic-4067,swe-agent,submitted (exit_context),46,95,0.4842105263157895,49
swe-agent:047484:pydantic__pydantic-4067,swe-agent,submitted (exit_context),10,129,0.07751937984496124,119
swe-agent:047489:pydantic__pydantic-4067,swe-agent,submitted (exit_context),10,215,0.046511627906976744,205
swe-agent:047490:pydantic__pydantic-4067,swe-agent,submitted,24,45,0.5333333333333333,21
swe-agent:047498:pydantic__pydantic-4067,swe-agent,submitted (exit_context),36,93,0.3870967741935484,57
swe-agent:047517:pydantic__pydantic-4067,swe-agent,submitted (exit_context),40,87,0.45977011494252873,47
swe-agent:047526:pydantic__pydantic-4067,swe-agent,submitted (exit_context),42,131,0.32061068702290074,89
swe-agent:047527:pydantic__pydantic-4067,swe-agent,submitted,22,55,0.4,33
swe-agent:047528:pydantic__pydantic-4067,swe-agent,submitted (exit_context),52,147,0.35374149659863946,95
swe-agent:047546:pydantic__pydantic-4191,swe-agent,submitted (exit_context),38,65,0.5846153846153846,27
swe-agent:047549:pydantic__pydantic-4191,swe-agent,submitted,38,51,0.7450980392156863,13
swe-agent:047554:pydantic__pydantic-4191,swe-agent,submitted (exit_context),58,79,0.7341772151898734,21
swe-agent:047559:pydantic__pydantic-4191,swe-agent,submitted,44,47,0.9361702127659575,3
swe-agent:047572:pydantic__pydantic-4191,swe-agent,early_exit,36,39,0.9230769230769231,3
swe-agent:047575:pydantic__pydantic-4191,swe-agent,submitted (exit_context),52,69,0.7536231884057971,17
swe-agent:047577:pydantic__pydantic-4191,swe-agent,submitted (exit_context),56,111,0.5045045045045045,55
swe-agent:047598:pydantic__pydantic-770,swe-agent,submitted (exit_context),66,89,0.7415730337078652,23
swe-agent:047601:pydantic__pydantic-770,swe-agent,submitted,42,95,0.4421052631578947,53
swe-agent:047602:pydantic__pydantic-770,swe-agent,submitted (exit_context),46,155,0.2967741935483871,109
swe-agent:047667:pypa__hatch-709,swe-agent,submitted (exit_context),18,73,0.2465753424657534,55
swe-agent:047684:reframe-hpc__reframe-2581,swe-agent,submitted,78,135,0.5777777777777777,57
swe-agent:047696:sclorg__spec2scl-22,swe-agent,submitted (exit_context),36,105,0.34285714285714286,69
swe-agent:047698:sclorg__spec2scl-22,swe-agent,submitted,10,13,0.7692307692307693,3
swe-agent:047712:sclorg__spec2scl-22,swe-agent,submitted (exit_context),18,57,0.3157894736842105,39
swe-agent:047731:sclorg__spec2scl-22,swe-agent,submitted,32,35,0.9142857142857143,3
swe-agent:047743:sclorg__spec2scl-22,swe-agent,exit_context,12,41,0.2926829268292683,29
swe-agent:047796:tobymao__sqlglot-1468,swe-agent,submitted (exit_context),32,49,0.6530612244897959,17
swe-agent:047808:tobymao__sqlglot-1468,swe-agent,submitted (exit_context),28,91,0.3076923076923077,63
swe-agent:047813:tobymao__sqlglot-1468,swe-agent,exit_context,10,99,0.10101010101010101,89
swe-agent:047822:tobymao__sqlglot-1468,swe-agent,exit_context,46,111,0.4144144144144144,65
swe-agent:047836:tobymao__sqlglot-2007,swe-agent,submitted (exit_context),38,89,0.42696629213483145,51
swe-agent:047854:tobymao__sqlglot-2632,swe-agent,submitted (exit_context),44,59,0.7457627118644068,15
swe-agent:047856:tobymao__sqlglot-2632,swe-agent,submitted (exit_context),34,89,0.38202247191011235,55
swe-agent:047878:tobymao__sqlglot-2632,swe-agent,submitted,52,59,0.8813559322033898,7
swe-agent:047882:tobymao__sqlglot-2632,swe-agent,submitted (exit_context),70,75,0.9333333333333333,5
swe-agent:047884:tobymao__sqlglot-2632,swe-agent,submitted (exit_context),40,215,0.18604651162790697,175
swe-agent:047886:tobymao__sqlglot-2632,swe-agent,submitted (exit_context),78,81,0.9629629629629629,3
swe-agent:047888:tobymao__sqlglot-2632,swe-agent,submitted,22,51,0.43137254901960786,29
swe-agent:047894:tobymao__sqlglot-2632,swe-agent,submitted (exit_context),28,61,0.45901639344262296,33
swe-agent:047919:vogt4nick__dequindre-53,swe-agent,submitted (exit_context),24,237,0.10126582278481013,213
swe-agent:047934:12rambau__sepal_ui-644,swe-agent,submitted (exit_context),44,305,0.14426229508196722,261
swe-agent:047939:12rambau__sepal_ui-644,swe-agent,submitted (exit_context),36,59,0.6101694915254238,23
swe-agent:047951:ByteInternet__pip-install-privates-20,swe-agent,submitted (exit_context),16,47,0.3404255319148936,31
swe-agent:048000:EdinburghGenomics__EGCG-Core-60,swe-agent,submitted (exit_context),52,65,0.8,13
swe-agent:048001:EdinburghGenomics__EGCG-Core-60,swe-agent,submitted (exit_context),24,99,0.24242424242424243,75
swe-agent:048005:EdinburghGenomics__EGCG-Core-60,swe-agent,submitted (exit_context),36,235,0.15319148936170213,199
swe-agent:048018:ImagingDataCommons__highdicom-226,swe-agent,exit_context,18,85,0.21176470588235294,67
swe-agent:048025:ImagingDataCommons__highdicom-226,swe-agent,submitted,22,47,0.46808510638297873,25
swe-agent:048045:ResearchObject__ro-crate-py-69,swe-agent,submitted (exit_context),66,93,0.7096774193548387,27
swe-agent:048116:albertyw__git-reviewers-30,swe-agent,submitted (exit_context),54,171,0.3157894736842105,117
swe-agent:048124:albertyw__git-reviewers-30,swe-agent,submitted (exit_context),62,79,0.7848101265822784,17
swe-agent:048131:argoproj-labs__gordian-42,swe-agent,submitted (exit_context),52,73,0.7123287671232876,21
swe-agent:048166:argoproj-labs__gordian-42,swe-agent,submitted,52,97,0.5360824742268041,45
swe-agent:048182:argoproj-labs__gordian-42,swe-agent,submitted (exit_context),38,105,0.3619047619047619,67
swe-agent:048184:argoproj-labs__gordian-42,swe-agent,submitted (exit_context),40,75,0.5333333333333333,35
swe-agent:048186:argoproj-labs__gordian-42,swe-agent,submitted,76,83,0.9156626506024096,7
swe-agent:048190:asottile__pyupgrade-286,swe-agent,submitted (exit_context),38,117,0.3247863247863248,79
swe-agent:048197:asottile__pyupgrade-286,swe-agent,submitted (exit_context),40,95,0.42105263157894735,55
swe-agent:048198:asottile__pyupgrade-286,swe-agent,submitted (exit_context),44,55,0.8,11
swe-agent:048202:asottile__pyupgrade-933,swe-agent,submitted (exit_context),12,93,0.12903225806451613,81
swe-agent:048204:asottile__pyupgrade-933,swe-agent,early_exit,12,143,0.08391608391608392,131
swe-agent:048210:asottile__pyupgrade-933,swe-agent,submitted (exit_context),12,189,0.06349206349206349,177
swe-agent:048214:bids-standard__pybids-1018,swe-agent,submitted (exit_context),48,69,0.6956521739130435,21
swe-agent:048215:bids-standard__pybids-1018,swe-agent,submitted (exit_context),50,75,0.6666666666666666,25
swe-agent:048224:duo-labs__parliament-6,swe-agent,submitted (exit_context),34,49,0.6938775510204082,15
swe-agent:048244:elastic__elasticsearch-py-569,swe-agent,exit_context,38,71,0.5352112676056338,33
swe-agent:048245:elastic__elasticsearch-py-569,swe-agent,exit_context,12,59,0.2033898305084746,47
swe-agent:048246:elastic__elasticsearch-py-569,swe-agent,submitted (exit_context),36,81,0.4444444444444444,45
swe-agent:048249:elastic__elasticsearch-py-569,swe-agent,exit_context,48,103,0.46601941747572817,55
swe-agent:048251:elastic__elasticsearch-py-569,swe-agent,exit_context,12,75,0.16,63
swe-agent:048281:geopandas__geopandas-1619,swe-agent,exit_context,62,73,0.8493150684931506,11
swe-agent:048286:glotzerlab__signac-269,swe-agent,submitted,28,63,0.4444444444444444,35
swe-agent:048304:glotzerlab__signac-269,swe-agent,submitted (exit_context),44,69,0.6376811594202898,25
swe-agent:048308:glotzerlab__signac-269,swe-agent,submitted (exit_context),62,79,0.7848101265822784,17
swe-agent:048342:hynek__structlog-603,swe-agent,submitted (exit_context),14,39,0.358974358974359,25
swe-agent:048375:ilevkivskyi__com2ann-58,swe-agent,submitted (exit_context),46,97,0.4742268041237113,51
swe-agent:048389:ilevkivskyi__com2ann-58,swe-agent,submitted,34,37,0.918918918918919,3
swe-agent:048412:iterative__dvc-3133,swe-agent,submitted,32,53,0.6037735849056604,21
swe-agent:048415:iterative__dvc-3133,swe-agent,submitted (exit_context),84,109,0.7706422018348624,25
swe-agent:048437:iterative__dvc-3468,swe-agent,early_exit,22,265,0.0830188679245283,243
swe-agent:048438:iterative__dvc-3468,swe-agent,submitted (exit_context),80,95,0.8421052631578947,15
swe-agent:048445:iterative__dvc-4566,swe-agent,submitted (exit_context),34,55,0.6181818181818182,21
swe-agent:048450:iterative__dvc-4566,swe-agent,early_exit,38,407,0.09336609336609336,369
swe-agent:048456:iterative__dvc-4566,swe-agent,submitted (exit_context),28,51,0.5490196078431373,23
swe-agent:048470:iterative__dvc-4785,swe-agent,submitted,44,53,0.8301886792452831,9
swe-agent:048480:iterative__dvc-4848,swe-agent,submitted (exit_context),30,61,0.4918032786885246,31
swe-agent:048485:iterative__dvc-4848,swe-agent,submitted,36,39,0.9230769230769231,3
swe-agent:048490:iterative__dvc-4848,swe-agent,submitted,58,63,0.9206349206349206,5
swe-agent:048493:iterative__dvc-4848,swe-agent,submitted (exit_context),52,131,0.3969465648854962,79
swe-agent:048503:iterative__dvc-7501,swe-agent,submitted,8,47,0.1702127659574468,39
swe-agent:048509:iterative__dvc-7501,swe-agent,exit_context,32,69,0.463768115942029,37
swe-agent:048513:iterative__dvc-7501,swe-agent,submitted (exit_context),32,41,0.7804878048780488,9
swe-agent:048514:iterative__dvc-7501,swe-agent,submitted (exit_context),44,59,0.7457627118644068,15
swe-agent:048544:iterative__dvc-7501,swe-agent,submitted (exit_context),28,293,0.09556313993174062,265
swe-agent:048549:iterative__dvc-7501,swe-agent,submitted (exit_context),36,81,0.4444444444444444,45
swe-agent:048558:iterative__dvc-7966,swe-agent,submitted,16,85,0.18823529411764706,69
swe-agent:048566:iterative__dvc-7966,swe-agent,submitted,36,457,0.0787746170678337,421
swe-agent:048569:iterative__dvc-7966,swe-agent,exit_format,10,11,0.9090909090909091,1
swe-agent:048583:iterative__dvc-8364,swe-agent,exit_context,14,61,0.22950819672131148,47
swe-agent:048591:iterative__dvc-8849,swe-agent,exit_context,64,91,0.7032967032967034,27
swe-agent:048593:iterative__dvc-8849,swe-agent,submitted,62,63,0.9841269841269841,1
swe-agent:048595:iterative__dvc-8849,swe-agent,exit_context,114,115,0.991304347826087,1
swe-agent:048597:iterative__dvc-8849,swe-agent,exit_context,10,585,0.017094017094017096,575
swe-agent:048600:iterative__dvc-8849,swe-agent,submitted,14,71,0.19718309859154928,57
swe-agent:048604:iterative__dvc-8849,swe-agent,exit_context,108,119,0.907563025210084,11
swe-agent:048605:iterative__dvc-8849,swe-agent,exit_context,44,75,0.5866666666666667,31
swe-agent:048681:koaning__clumper-53,swe-agent,submitted (exit_context),24,93,0.25806451612903225,69
swe-agent:048688:koaning__clumper-53,swe-agent,exit_context,24,39,0.6153846153846154,15
swe-agent:048716:macports__upt-macports-18,swe-agent,submitted (exit_context),58,211,0.27488151658767773,153
swe-agent:048718:macports__upt-macports-18,swe-agent,exit_context,36,93,0.3870967741935484,57
swe-agent:048729:macports__upt-macports-18,swe-agent,submitted (exit_context),16,75,0.21333333333333335,59
swe-agent:048731:macports__upt-macports-18,swe-agent,exit_context,26,49,0.5306122448979592,23
swe-agent:048732:macports__upt-macports-18,swe-agent,exit_context,26,47,0.5531914893617021,21
swe-agent:048733:macports__upt-macports-18,swe-agent,early_exit,34,175,0.19428571428571428,141
swe-agent:048740:macports__upt-macports-18,swe-agent,exit_context,34,65,0.5230769230769231,31
swe-agent:048757:mkaz__termgraph-87,swe-agent,submitted,48,61,0.7868852459016393,13
swe-agent:048778:mkaz__termgraph-87,swe-agent,submitted (exit_context),84,93,0.9032258064516129,9
swe-agent:048798:mkdocs__mkdocs-1009,swe-agent,submitted (exit_context),62,101,0.6138613861386139,39
swe-agent:048808:mkdocs__mkdocs-1009,swe-agent,submitted (exit_context),50,65,0.7692307692307693,15
swe-agent:048829:mozilla__bleach-434,swe-agent,submitted (exit_context),44,357,0.12324929971988796,313
swe-agent:048830:mozilla__bleach-434,swe-agent,submitted (exit_context),32,59,0.5423728813559322,27
swe-agent:048836:mozilla__bleach-434,swe-agent,submitted (exit_context),38,85,0.4470588235294118,47
swe-agent:048842:mozilla__bleach-434,swe-agent,submitted (exit_context),62,65,0.9538461538461539,3
swe-agent:048848:mozilla__bleach-722,swe-agent,submitted (exit_context),26,97,0.26804123711340205,71
swe-agent:048850:mozilla__bleach-722,swe-agent,submitted (exit_context),30,67,0.44776119402985076,37
swe-agent:048855:mozilla__bleach-722,swe-agent,early_exit,38,65,0.5846153846153846,27
swe-agent:048876:paambaati__mae-2,swe-agent,exit_context,18,47,0.3829787234042553,29
swe-agent:048880:paambaati__mae-2,swe-agent,exit_context,20,77,0.2597402597402597,57
swe-agent:048881:paambaati__mae-2,swe-agent,exit_context,22,55,0.4,33
swe-agent:048883:paambaati__mae-2,swe-agent,exit_context,16,111,0.14414414414414414,95
swe-agent:048885:paambaati__mae-2,swe-agent,exit_context,14,61,0.22950819672131148,47
swe-agent:048887:paambaati__mae-2,swe-agent,exit_context,12,79,0.1518987341772152,67
swe-agent:048891:paambaati__mae-2,swe-agent,exit_context,14,79,0.17721518987341772,65
swe-agent:048894:paambaati__mae-2,swe-agent,exit_context,24,57,0.42105263157894735,33
swe-agent:048895:paambaati__mae-2,swe-agent,exit_context,16,81,0.19753086419753085,65
swe-agent:048896:paambaati__mae-2,swe-agent,exit_context,18,43,0.4186046511627907,25
swe-agent:048898:paambaati__mae-2,swe-agent,early_exit,22,121,0.18181818181818182,99
swe-agent:048904:paambaati__mae-2,swe-agent,exit_context,18,95,0.18947368421052632,77
swe-agent:048905:paambaati__mae-2,swe-agent,submitted_no_patch,24,43,0.5581395348837209,19
swe-agent:048907:paambaati__mae-2,swe-agent,exit_context,18,39,0.46153846153846156,21
swe-agent:048909:paambaati__mae-2,swe-agent,exit_context,20,91,0.21978021978021978,71
swe-agent:048910:paambaati__mae-2,swe-agent,exit_context,20,77,0.2597402597402597,57
swe-agent:048911:paambaati__mae-2,swe-agent,exit_context,28,61,0.45901639344262296,33
swe-agent:048912:paambaati__mae-2,swe-agent,exit_context,22,103,0.21359223300970873,81
swe-agent:048913:paambaati__mae-2,swe-agent,exit_context,16,59,0.2711864406779661,43
swe-agent:048916:paambaati__mae-2,swe-agent,exit_context,16,45,0.35555555555555557,29
swe-agent:048918:paambaati__mae-2,swe-agent,exit_context,18,175,0.10285714285714286,157
swe-agent:048920:paambaati__mae-2,swe-agent,exit_context,12,103,0.11650485436893204,91
swe-agent:048922:paambaati__mae-2,swe-agent,exit_context,30,57,0.5263157894736842,27
swe-agent:048923:paambaati__mae-2,swe-agent,submitted,12,31,0.3870967741935484,19
swe-agent:048925:paambaati__mae-2,swe-agent,exit_context,30,53,0.5660377358490566,23
swe-agent:048926:paambaati__mae-2,swe-agent,exit_context,24,39,0.6153846153846154,15
swe-agent:048928:paambaati__mae-2,swe-agent,exit_context,14,79,0.17721518987341772,65
swe-agent:048931:paambaati__mae-2,swe-agent,exit_context,12,81,0.14814814814814814,69
swe-agent:048933:paambaati__mae-2,swe-agent,submitted,14,19,0.7368421052631579,5
swe-agent:048935:paambaati__mae-2,swe-agent,exit_context,12,49,0.24489795918367346,37
swe-agent:048939:paambaati__mae-2,swe-agent,exit_context,16,65,0.24615384615384617,49
swe-agent:048944:paambaati__mae-2,swe-agent,exit_context,38,45,0.8444444444444444,7
swe-agent:048945:paambaati__mae-2,swe-agent,early_exit,14,39,0.358974358974359,25
swe-agent:048946:paambaati__mae-2,swe-agent,submitted (exit_context),34,57,0.5964912280701754,23
swe-agent:048949:paambaati__mae-2,swe-agent,exit_context,12,93,0.12903225806451613,81
swe-agent:048950:paambaati__mae-2,swe-agent,exit_context,14,79,0.17721518987341772,65
swe-agent:048951:paambaati__mae-2,swe-agent,exit_context,22,51,0.43137254901960786,29
swe-agent:048953:paambaati__mae-2,swe-agent,submitted,16,31,0.5161290322580645,15
swe-agent:048955:paambaati__mae-2,swe-agent,exit_context,24,63,0.38095238095238093,39
swe-agent:048957:paambaati__mae-2,swe-agent,exit_context,16,41,0.3902439024390244,25
swe-agent:048960:paambaati__mae-2,swe-agent,exit_context,12,115,0.10434782608695652,103
swe-agent:048961:paambaati__mae-2,swe-agent,exit_context,26,105,0.24761904761904763,79
swe-agent:048963:paambaati__mae-2,swe-agent,submitted,12,33,0.36363636363636365,21
swe-agent:048970:planetarypy__pvl-102,swe-agent,submitted (exit_context),12,77,0.15584415584415584,65
swe-agent:048971:planetarypy__pvl-102,swe-agent,submitted (exit_context),98,289,0.3391003460207612,191
swe-agent:048980:pvlib__pvlib-python-1213,swe-agent,submitted (exit_context),40,49,0.8163265306122449,9
swe-agent:048981:pvlib__pvlib-python-1213,swe-agent,submitted,16,31,0.5161290322580645,15
swe-agent:048984:pvlib__pvlib-python-1518,swe-agent,submitted (exit_context),32,83,0.3855421686746988,51
swe-agent:049012:pydantic__pydantic-1630,swe-agent,early_exit,26,69,0.37681159420289856,43
swe-agent:049014:pydantic__pydantic-1630,swe-agent,submitted,26,35,0.7428571428571429,9
swe-agent:049018:pydantic__pydantic-1630,swe-agent,submitted (exit_context),26,77,0.33766233766233766,51
swe-agent:049022:pydantic__pydantic-1630,swe-agent,submitted,34,61,0.5573770491803278,27
swe-agent:049026:pydantic__pydantic-1630,swe-agent,submitted (exit_context),32,127,0.25196850393700787,95
swe-agent:049029:pydantic__pydantic-1630,swe-agent,submitted (exit_context),60,61,0.9836065573770492,1
swe-agent:049033:pydantic__pydantic-1630,swe-agent,submitted,20,49,0.40816326530612246,29
swe-agent:049046:pydantic__pydantic-2319,swe-agent,submitted (exit_context),42,133,0.3157894736842105,91
swe-agent:049051:pydantic__pydantic-2319,swe-agent,submitted,22,37,0.5945945945945946,15
swe-agent:049061:pydantic__pydantic-3241,swe-agent,submitted,38,53,0.7169811320754716,15
swe-agent:049068:pydantic__pydantic-3241,swe-agent,submitted (exit_context),38,111,0.34234234234234234,73
swe-agent:049105:pydantic__pydantic-3551,swe-agent,submitted (exit_context),16,67,0.23880597014925373,51
swe-agent:049107:pydantic__pydantic-3551,swe-agent,submitted,18,95,0.18947368421052632,77
swe-agent:049112:pydantic__pydantic-3551,swe-agent,submitted (exit_context),74,91,0.8131868131868132,17
swe-agent:049119:pydantic__pydantic-3551,swe-agent,submitted (exit_context),50,53,0.9433962264150944,3
swe-agent:049125:pydantic__pydantic-3551,swe-agent,submitted (exit_context),26,79,0.3291139240506329,53
swe-agent:049126:pydantic__pydantic-3551,swe-agent,submitted (exit_context),30,87,0.3448275862068966,57
swe-agent:049141:pydantic__pydantic-3551,swe-agent,submitted (exit_context),52,83,0.6265060240963856,31
swe-agent:049146:pydantic__pydantic-3551,swe-agent,submitted (exit_context),44,59,0.7457627118644068,15
swe-agent:049165:pylint-dev__astroid-2309,swe-agent,early_exit,44,185,0.23783783783783785,141
swe-agent:049182:python-cmd2__cmd2-403,swe-agent,submitted (exit_context),52,91,0.5714285714285714,39
swe-agent:049187:python-cmd2__cmd2-403,swe-agent,submitted,36,71,0.5070422535211268,35
swe-agent:049216:repobee__repobee-509,swe-agent,submitted (exit_context),26,57,0.45614035087719296,31
swe-agent:049217:repobee__repobee-509,swe-agent,submitted (exit_context),36,41,0.8780487804878049,5
swe-agent:049221:repobee__repobee-509,swe-agent,submitted (exit_context),38,101,0.37623762376237624,63
swe-agent:049225:repobee__repobee-509,swe-agent,early_exit,24,75,0.32,51
swe-agent:049243:sayanarijit__expandvars-41,swe-agent,submitted,36,45,0.8,9
swe-agent:049245:sayanarijit__expandvars-41,swe-agent,submitted (exit_context),24,65,0.36923076923076925,41
swe-agent:049252:sayanarijit__expandvars-41,swe-agent,submitted,36,43,0.8372093023255814,7
swe-agent:049254:sayanarijit__expandvars-41,swe-agent,submitted,16,47,0.3404255319148936,31
swe-agent:049255:sayanarijit__expandvars-41,swe-agent,submitted,32,39,0.8205128205128205,7
swe-agent:049258:sayanarijit__expandvars-41,swe-agent,submitted (exit_context),42,87,0.4827586206896552,45
swe-agent:049262:sayanarijit__expandvars-41,swe-agent,submitted,20,33,0.6060606060606061,13
swe-agent:049264:sayanarijit__expandvars-41,swe-agent,submitted (exit_context),22,81,0.2716049382716049,59
swe-agent:049272:scikit-hep__cabinetry-436,swe-agent,submitted,16,19,0.8421052631578947,3
swe-agent:049292:spyder-ide__qtsass-59,swe-agent,submitted,40,45,0.8888888888888888,5
swe-agent:049296:spyder-ide__qtsass-59,swe-agent,submitted (exit_context),44,79,0.5569620253164557,35
swe-agent:049300:spyder-ide__qtsass-59,swe-agent,exit_context,26,63,0.4126984126984127,37
swe-agent:049307:tox-dev__tox-conda-144,swe-agent,exit_context,20,503,0.039761431411530816,483
swe-agent:049315:typesafehub__conductr-cli-466,swe-agent,submitted,12,21,0.5714285714285714,9
swe-agent:049317:typesafehub__conductr-cli-466,swe-agent,submitted,24,49,0.4897959183673469,25
swe-agent:049325:typesafehub__conductr-cli-466,swe-agent,exit_context,32,83,0.3855421686746988,51
swe-agent:049326:typesafehub__conductr-cli-466,swe-agent,exit_context,24,47,0.5106382978723404,23
swe-agent:049333:typesafehub__conductr-cli-466,swe-agent,exit_context,18,201,0.08955223880597014,183
swe-agent:049338:typesafehub__conductr-cli-466,swe-agent,exit_context,34,61,0.5573770491803278,27
swe-agent:049345:typesafehub__conductr-cli-466,swe-agent,exit_context,30,51,0.5882352941176471,21
swe-agent:049350:typesafehub__conductr-cli-466,swe-agent,early_exit,22,27,0.8148148148148148,5
swe-agent:049353:typesafehub__conductr-cli-466,swe-agent,exit_context,38,55,0.6909090909090909,17
swe-agent:049355:typesafehub__conductr-cli-466,swe-agent,exit_context,56,69,0.8115942028985508,13
swe-agent:049381:wireservice__csvkit-645,swe-agent,submitted (exit_context),62,129,0.4806201550387597,67
swe-agent:049382:wireservice__csvkit-645,swe-agent,submitted (exit_context),38,55,0.6909090909090909,17
swe-agent:049383:wireservice__csvkit-645,swe-agent,submitted (exit_context),34,59,0.576271186440678,25
swe-agent:049391:wireservice__csvkit-645,swe-agent,submitted,16,81,0.19753086419753085,65
swe-agent:049419:xCDAT__xcdat-257,swe-agent,exit_context,28,53,0.5283018867924528,25
swe-agent:049433:zheller__flake8-quotes-46,swe-agent,exit_context,12,555,0.021621621621621623,543
swe-agent:049435:zheller__flake8-quotes-46,swe-agent,submitted (exit_context),34,53,0.6415094339622641,19
swe-agent:049437:zheller__flake8-quotes-46,swe-agent,submitted (exit_context),26,41,0.6341463414634146,15
swe-agent:049443:zheller__flake8-quotes-46,swe-agent,exit_context,14,39,0.358974358974359,25
swe-agent:049444:zheller__flake8-quotes-46,swe-agent,exit_context,28,39,0.717948717948718,11
swe-agent:049446:zheller__flake8-quotes-46,swe-agent,exit_context,38,149,0.2550335570469799,111
swe-agent:049472:zopefoundation__DocumentTemplate-18,swe-agent,submitted (exit_context),22,443,0.04966139954853273,421
swe-agent:049501:DCC-Lab__RayTracing-223,swe-agent,submitted (exit_context),26,99,0.26262626262626265,73
swe-agent:049506:DCC-Lab__RayTracing-223,swe-agent,submitted (exit_context),36,95,0.37894736842105264,59
swe-agent:049507:DCC-Lab__RayTracing-223,swe-agent,submitted (exit_context),26,83,0.3132530120481928,57
swe-agent:049513:DCC-Lab__RayTracing-223,swe-agent,submitted (exit_context),70,97,0.7216494845360825,27
swe-agent:049515:DCC-Lab__RayTracing-223,swe-agent,submitted (exit_context),32,85,0.3764705882352941,53
swe-agent:049517:DCC-Lab__RayTracing-223,swe-agent,submitted (exit_context),26,83,0.3132530120481928,57
swe-agent:049519:Parquery__pylddwrap-13,swe-agent,submitted (exit_context),76,77,0.987012987012987,1
swe-agent:049521:Parquery__pylddwrap-13,swe-agent,submitted (exit_context),48,71,0.676056338028169,23
swe-agent:049555:RDFLib__rdflib-2474,swe-agent,submitted (exit_context),56,77,0.7272727272727273,21
swe-agent:049568:RDFLib__rdflib-2474,swe-agent,submitted (exit_context),50,181,0.27624309392265195,131
swe-agent:049583:RDFLib__rdflib-2474,swe-agent,submitted (exit_context),42,73,0.5753424657534246,31
swe-agent:049600:RDFLib__rdflib-2474,swe-agent,submitted (exit_context),38,111,0.34234234234234234,73
swe-agent:049603:RDFLib__rdflib-2474,swe-agent,submitted (exit_context),48,97,0.4948453608247423,49
swe-agent:049606:RDFLib__rdflib-2474,swe-agent,submitted (exit_context),102,275,0.3709090909090909,173
swe-agent:049614:ResearchObject__ro-crate-py-169,swe-agent,submitted (exit_context),32,215,0.14883720930232558,183
swe-agent:049620:ResearchObject__ro-crate-py-169,swe-agent,submitted (exit_context),38,95,0.4,57
swe-agent:049652:ResearchObject__ro-crate-py-169,swe-agent,submitted,16,75,0.21333333333333335,59
swe-agent:049668:Sceptre__sceptre-1260,swe-agent,submitted (exit_context),64,67,0.9552238805970149,3
swe-agent:049673:Sceptre__sceptre-1260,swe-agent,submitted (exit_context),44,69,0.6376811594202898,25
swe-agent:049675:Sceptre__sceptre-1260,swe-agent,submitted (exit_context),30,81,0.37037037037037035,51
swe-agent:049678:XKNX__xknx-1114,swe-agent,submitted (exit_context),52,111,0.46846846846846846,59
swe-agent:049724:asottile__pyupgrade-146,swe-agent,submitted (exit_context),28,71,0.39436619718309857,43
swe-agent:049745:asottile__pyupgrade-146,swe-agent,submitted,48,53,0.9056603773584906,5
swe-agent:049771:asottile__setup-cfg-fmt-54,swe-agent,submitted,10,49,0.20408163265306123,39
swe-agent:049782:asottile__setup-cfg-fmt-54,swe-agent,submitted,8,15,0.5333333333333333,7
swe-agent:049786:astropy__specutils-976,swe-agent,exit_context,16,91,0.17582417582417584,75
swe-agent:049802:astropy__specutils-976,swe-agent,submitted,14,81,0.1728395061728395,67
swe-agent:049812:astropy__specutils-976,swe-agent,submitted,18,71,0.2535211267605634,53
swe-agent:049816:astropy__specutils-976,swe-agent,submitted,14,25,0.56,11
swe-agent:049819:astropy__specutils-976,swe-agent,submitted (exit_context),52,159,0.3270440251572327,107
swe-agent:049826:astropy__specutils-976,swe-agent,submitted (exit_context),48,59,0.8135593220338984,11
swe-agent:049870:bradleygolden__pytailor-15,swe-agent,exit_context,10,71,0.14084507042253522,61
swe-agent:049886:chimpler__pyhocon-292,swe-agent,submitted (exit_context),60,73,0.821917808219178,13
swe-agent:049888:chimpler__pyhocon-292,swe-agent,submitted (exit_context),36,57,0.631578947368421,21
swe-agent:049890:chimpler__pyhocon-292,swe-agent,submitted (exit_context),40,57,0.7017543859649122,17
swe-agent:049891:chimpler__pyhocon-292,swe-agent,submitted (exit_context),50,81,0.6172839506172839,31
swe-agent:049895:chimpler__pyhocon-292,swe-agent,submitted (exit_context),52,57,0.9122807017543859,5
swe-agent:049898:chimpler__pyhocon-292,swe-agent,submitted (exit_context),58,83,0.6987951807228916,25
swe-agent:049899:chimpler__pyhocon-292,swe-agent,submitted (exit_context),40,59,0.6779661016949152,19
swe-agent:049900:chimpler__pyhocon-292,swe-agent,early_exit,42,45,0.9333333333333333,3
swe-agent:049904:chimpler__pyhocon-292,swe-agent,submitted (exit_context),44,71,0.6197183098591549,27
swe-agent:049912:chimpler__pyhocon-292,swe-agent,submitted (exit_context),48,67,0.7164179104477612,19
swe-agent:049915:chimpler__pyhocon-292,swe-agent,submitted (exit_context),38,53,0.7169811320754716,15
swe-agent:049918:chimpler__pyhocon-292,swe-agent,submitted (exit_context),42,97,0.4329896907216495,55
swe-agent:049921:chimpler__pyhocon-292,swe-agent,submitted (exit_context),42,57,0.7368421052631579,15
swe-agent:049923:chimpler__pyhocon-292,swe-agent,submitted (exit_context),44,89,0.4943820224719101,45
swe-agent:049928:chimpler__pyhocon-292,swe-agent,submitted (exit_context),46,65,0.7076923076923077,19
swe-agent:049929:chimpler__pyhocon-292,swe-agent,submitted (exit_context),58,75,0.7733333333333333,17
swe-agent:049933:chimpler__pyhocon-292,swe-agent,submitted (exit_context),58,75,0.7733333333333333,17
swe-agent:049938:chimpler__pyhocon-292,swe-agent,submitted (exit_context),46,59,0.7796610169491526,13
swe-agent:049939:chimpler__pyhocon-292,swe-agent,submitted (exit_context),38,55,0.6909090909090909,17
swe-agent:049966:ebroecker__canmatrix-481,swe-agent,submitted (exit_context),52,83,0.6265060240963856,31
swe-agent:049967:ebroecker__canmatrix-481,swe-agent,submitted (exit_context),40,51,0.7843137254901961,11
swe-agent:049985:ebroecker__canmatrix-481,swe-agent,submitted (exit_context),26,193,0.13471502590673576,167
swe-agent:049987:ebroecker__canmatrix-481,swe-agent,submitted (exit_context),30,43,0.6976744186046512,13
swe-agent:049998:ebroecker__canmatrix-481,swe-agent,submitted (exit_context),40,59,0.6779661016949152,19
swe-agent:050000:ebroecker__canmatrix-481,swe-agent,submitted (exit_context),34,69,0.4927536231884058,35
swe-agent:050011:ebroecker__canmatrix-481,swe-agent,submitted (exit_context),46,73,0.6301369863013698,27
swe-agent:050035:googleapis__python-pubsub-38,swe-agent,submitted (exit_context),42,63,0.6666666666666666,21
swe-agent:050036:googleapis__python-pubsub-38,swe-agent,exit_context,34,35,0.9714285714285714,1
swe-agent:050039:googleapis__python-pubsub-38,swe-agent,submitted (exit_context),64,89,0.7191011235955056,25
swe-agent:050041:googleapis__python-pubsub-38,swe-agent,exit_context,14,35,0.4,21
swe-agent:050042:googleapis__python-pubsub-38,swe-agent,exit_context,22,39,0.5641025641025641,17
swe-agent:050043:googleapis__python-pubsub-38,swe-agent,exit_context,30,89,0.33707865168539325,59
swe-agent:050063:googleapis__python-pubsub-38,swe-agent,exit_context,20,49,0.40816326530612246,29
swe-agent:050068:googleapis__python-pubsub-38,swe-agent,exit_context,12,39,0.3076923076923077,27
swe-agent:050072:googleapis__python-pubsub-38,swe-agent,exit_context,26,83,0.3132530120481928,57
swe-agent:050073:googleapis__python-pubsub-38,swe-agent,exit_context,24,51,0.47058823529411764,27
swe-agent:050087:isi-vista__adam-126,swe-agent,submitted (exit_context),66,69,0.9565217391304348,3
swe-agent:050098:isi-vista__adam-126,swe-agent,submitted,30,31,0.967741935483871,1
swe-agent:050102:isi-vista__adam-126,swe-agent,submitted (exit_context),18,85,0.21176470588235294,67
swe-agent:050105:iterative__dvc-2141,swe-agent,early_exit,16,231,0.06926406926406926,215
swe-agent:050118:iterative__dvc-3729,swe-agent,submitted (exit_context),98,505,0.19405940594059407,407
swe-agent:050125:iterative__dvc-3729,swe-agent,early_exit,22,395,0.05569620253164557,373
swe-agent:050132:iterative__dvc-3729,swe-agent,submitted,118,161,0.7329192546583851,43
swe-agent:050135:iterative__dvc-6602,swe-agent,submitted (exit_context),78,289,0.2698961937716263,211
swe-agent:050136:iterative__dvc-6602,swe-agent,submitted (exit_context),44,81,0.5432098765432098,37
swe-agent:050137:iterative__dvc-6602,swe-agent,exit_context,16,89,0.1797752808988764,73
swe-agent:050146:iterative__dvc-6602,swe-agent,submitted (exit_context),36,419,0.08591885441527446,383
swe-agent:050147:iterative__dvc-6602,swe-agent,submitted (exit_context),32,59,0.5423728813559322,27
swe-agent:050180:linkml__linkml-1772,swe-agent,submitted (exit_context),28,63,0.4444444444444444,35
swe-agent:050237:melexis__warnings-plugin-9,swe-agent,submitted,74,101,0.7326732673267327,27
swe-agent:050239:melexis__warnings-plugin-9,swe-agent,submitted,10,25,0.4,15
swe-agent:050258:melexis__warnings-plugin-9,swe-agent,submitted (exit_context),24,93,0.25806451612903225,69
swe-agent:050294:mie-lab__trackintel-561,swe-agent,exit_context,34,83,0.40963855421686746,49
swe-agent:050313:mirumee__ariadne-1080,swe-agent,submitted,16,21,0.7619047619047619,5
swe-agent:050324:mozilla__bleach-692,swe-agent,submitted (exit_context),26,53,0.49056603773584906,27
swe-agent:050331:novonordisk-research__ProcessOptimizer-91,swe-agent,submitted (exit_context),50,111,0.45045045045045046,61
swe-agent:050332:novonordisk-research__ProcessOptimizer-91,swe-agent,submitted (exit_context),34,103,0.3300970873786408,69
swe-agent:050333:novonordisk-research__ProcessOptimizer-91,swe-agent,submitted (exit_context),48,97,0.4948453608247423,49
swe-agent:050334:novonordisk-research__ProcessOptimizer-91,swe-agent,submitted (exit_context),34,99,0.3434343434343434,65
swe-agent:050335:novonordisk-research__ProcessOptimizer-91,swe-agent,submitted (exit_context),56,115,0.48695652173913045,59
swe-agent:050336:palantir__python-language-server-124,swe-agent,exit_context,28,595,0.047058823529411764,567
swe-agent:050366:panosz__alpha_shapes-2,swe-agent,submitted,42,61,0.6885245901639344,19
swe-agent:050371:panosz__alpha_shapes-2,swe-agent,submitted (exit_context),38,63,0.6031746031746031,25
swe-agent:050382:panosz__alpha_shapes-2,swe-agent,submitted,38,69,0.5507246376811594,31
swe-agent:050389:pydantic__pydantic-1045,swe-agent,submitted (exit_context),72,97,0.7422680412371134,25
swe-agent:050395:pydantic__pydantic-1045,swe-agent,submitted (exit_context),36,81,0.4444444444444444,45
swe-agent:050403:pydantic__pydantic-1045,swe-agent,submitted (exit_context),40,49,0.8163265306122449,9
swe-agent:050404:pydantic__pydantic-1132,swe-agent,submitted (exit_context),72,89,0.8089887640449438,17
swe-agent:050417:pydantic__pydantic-1132,swe-agent,submitted (exit_context),84,91,0.9230769230769231,7
swe-agent:050437:pydantic__pydantic-1306,swe-agent,submitted (exit_context),56,77,0.7272727272727273,21
swe-agent:050444:pydantic__pydantic-1306,swe-agent,submitted,20,23,0.8695652173913043,3
swe-agent:050446:pydantic__pydantic-1306,swe-agent,submitted (exit_context),46,125,0.368,79
swe-agent:050455:pydantic__pydantic-1306,swe-agent,submitted (exit_context),38,121,0.3140495867768595,83
swe-agent:050484:pydantic__pydantic-2216,swe-agent,submitted,66,71,0.9295774647887324,5
swe-agent:050493:pydantic__pydantic-2216,swe-agent,submitted (exit_context),42,85,0.49411764705882355,43
swe-agent:050495:pydantic__pydantic-2216,swe-agent,submitted (exit_context),42,141,0.2978723404255319,99
swe-agent:050500:pydantic__pydantic-2228,swe-agent,submitted,24,37,0.6486486486486487,13
swe-agent:050504:pydantic__pydantic-2228,swe-agent,submitted (exit_context),34,115,0.2956521739130435,81
swe-agent:050510:pydantic__pydantic-2228,swe-agent,submitted,12,81,0.14814814814814814,69
swe-agent:050516:pydantic__pydantic-904,swe-agent,submitted (exit_context),34,49,0.6938775510204082,15
swe-agent:050522:pydantic__pydantic-904,swe-agent,submitted (exit_context),64,71,0.9014084507042254,7
swe-agent:050524:pydantic__pydantic-904,swe-agent,submitted (exit_context),34,53,0.6415094339622641,19
swe-agent:050528:pydantic__pydantic-904,swe-agent,submitted (exit_context),40,79,0.5063291139240507,39
swe-agent:050531:pydantic__pydantic-904,swe-agent,submitted (exit_context),50,73,0.684931506849315,23
swe-agent:050541:pydantic__pydantic-904,swe-agent,submitted (exit_context),24,45,0.5333333333333333,21
swe-agent:050544:pydantic__pydantic-904,swe-agent,submitted (exit_context),50,65,0.7692307692307693,15
swe-agent:050547:pydantic__pydantic-904,swe-agent,submitted (exit_context),52,181,0.287292817679558,129
swe-agent:050548:pydantic__pydantic-904,swe-agent,submitted (exit_context),74,83,0.891566265060241,9
swe-agent:050552:pydantic__pydantic-904,swe-agent,submitted (exit_context),44,73,0.6027397260273972,29
swe-agent:050555:pydantic__pydantic-904,swe-agent,submitted (exit_context),28,43,0.6511627906976745,15
swe-agent:050566:python-metar__python-metar-150,swe-agent,submitted (exit_context),22,89,0.24719101123595505,67
swe-agent:050570:python-metar__python-metar-150,swe-agent,submitted (exit_context),36,57,0.631578947368421,21
swe-agent:050580:python-metar__python-metar-150,swe-agent,submitted (exit_context),22,51,0.43137254901960786,29
swe-agent:050584:python-metar__python-metar-150,swe-agent,submitted (exit_context),34,45,0.7555555555555555,11
swe-agent:050586:python-metar__python-metar-150,swe-agent,submitted (exit_context),20,57,0.3508771929824561,37
swe-agent:050591:python-metar__python-metar-150,swe-agent,submitted (exit_context),24,79,0.3037974683544304,55
swe-agent:050596:python-metar__python-metar-150,swe-agent,submitted (exit_context),24,79,0.3037974683544304,55
swe-agent:050655:sdss__sdsstools-14,swe-agent,submitted (exit_context),22,213,0.10328638497652583,191
swe-agent:050661:sec-edgar__sec-edgar-254,swe-agent,submitted (exit_context),66,67,0.9850746268656716,1
swe-agent:050667:sec-edgar__sec-edgar-254,swe-agent,submitted (exit_context),18,69,0.2608695652173913,51
swe-agent:050674:sec-edgar__sec-edgar-254,swe-agent,exit_context,30,45,0.6666666666666666,15
swe-agent:050694:simonsobs__ocs-269,swe-agent,submitted,10,27,0.37037037037037035,17
swe-agent:050700:simonsobs__ocs-269,swe-agent,submitted (exit_context),46,65,0.7076923076923077,19
swe-agent:050722:sqlfluff__sqlfluff-2509,swe-agent,submitted (exit_context),24,75,0.32,51
swe-agent:050723:sqlfluff__sqlfluff-2509,swe-agent,early_exit,70,89,0.7865168539325843,19
swe-agent:050764:sunpy__sunpy-soar-24,swe-agent,submitted (exit_context),26,115,0.22608695652173913,89
swe-agent:050786:unt-libraries__edtf-validate-21,swe-agent,submitted,28,33,0.8484848484848485,5
swe-agent:050791:yukinarit__pyserde-264,swe-agent,submitted (exit_context),60,73,0.821917808219178,13
swe-agent:050793:yukinarit__pyserde-264,swe-agent,submitted (exit_context),26,77,0.33766233766233766,51
swe-agent:050794:yukinarit__pyserde-264,swe-agent,submitted (exit_context),30,97,0.30927835051546393,67
swe-agent:050801:yukinarit__pyserde-264,swe-agent,submitted (exit_context),38,57,0.6666666666666666,19
swe-agent:050802:yukinarit__pyserde-264,swe-agent,submitted (exit_context),24,81,0.2962962962962963,57
swe-agent:050813:zooba__deck-13,swe-agent,exit_context,16,27,0.5925925925925926,11
swe-agent:050823:zooba__deck-13,swe-agent,submitted (exit_context),56,61,0.9180327868852459,5
swe-agent:050834:zooba__deck-13,swe-agent,submitted (exit_context),34,83,0.40963855421686746,49
swe-agent:050835:zooba__deck-13,swe-agent,submitted (exit_context),60,71,0.8450704225352113,11
swe-agent:050836:zooba__deck-13,swe-agent,submitted (exit_context),50,63,0.7936507936507936,13
swe-agent:050840:zooba__deck-13,swe-agent,exit_context,20,75,0.26666666666666666,55
swe-agent:050843:zooba__deck-13,swe-agent,submitted (exit_context),18,41,0.43902439024390244,23
swe-agent:050851:zooba__deck-13,swe-agent,exit_context,26,35,0.7428571428571429,9
swe-agent:050853:zooba__deck-13,swe-agent,exit_context,26,65,0.4,39
swe-agent:050854:zooba__deck-13,swe-agent,exit_context,20,63,0.31746031746031744,43
swe-agent:050863:zooba__deck-13,swe-agent,exit_context,42,69,0.6086956521739131,27
swe-agent:050864:zooba__deck-13,swe-agent,submitted (exit_context),46,83,0.5542168674698795,37
swe-agent:050880:Azure__msrest-for-python-167,swe-agent,submitted,18,21,0.8571428571428571,3
swe-agent:050961:CS-SI__eodag-927,swe-agent,submitted (exit_context),54,67,0.8059701492537313,13
swe-agent:051004:EdinburghGenomics__pyclarity-lims-54,swe-agent,exit_context,32,51,0.6274509803921569,19
swe-agent:051005:EdinburghGenomics__pyclarity-lims-54,swe-agent,submitted (exit_context),40,51,0.7843137254901961,11
swe-agent:051010:EdinburghGenomics__pyclarity-lims-54,swe-agent,submitted (exit_context),38,65,0.5846153846153846,27
swe-agent:051021:NCAS-CMS__cfdm-263,swe-agent,submitted (exit_context),48,55,0.8727272727272727,7
swe-agent:051022:NCAS-CMS__cfdm-263,swe-agent,submitted (exit_context),54,79,0.6835443037974683,25
swe-agent:051023:NCAS-CMS__cfdm-263,swe-agent,submitted (exit_context),32,107,0.29906542056074764,75
swe-agent:051024:NCAS-CMS__cfdm-263,swe-agent,submitted (exit_context),26,207,0.12560386473429952,181
swe-agent:051025:NCAS-CMS__cfdm-263,swe-agent,submitted (exit_context),54,59,0.9152542372881356,5
swe-agent:051027:NCAS-CMS__cfdm-263,swe-agent,submitted (exit_context),40,97,0.41237113402061853,57
swe-agent:051029:NCAS-CMS__cfdm-263,swe-agent,submitted (exit_context),26,81,0.32098765432098764,55
swe-agent:051033:NCAS-CMS__cfdm-263,swe-agent,submitted (exit_context),42,47,0.8936170212765957,5
swe-agent:051041:OnroerendErfgoed__skosprovider_rdf-119,swe-agent,submitted,8,41,0.1951219512195122,33
swe-agent:051043:OnroerendErfgoed__skosprovider_rdf-119,swe-agent,submitted,60,101,0.594059405940594,41
swe-agent:051084:PyCQA__pyflakes-698,swe-agent,submitted (exit_context),34,75,0.4533333333333333,41
swe-agent:051094:PyThaiNLP__pythainlp-371,swe-agent,submitted (exit_context),42,89,0.47191011235955055,47
swe-agent:051098:PyThaiNLP__pythainlp-371,swe-agent,submitted (exit_context),60,97,0.6185567010309279,37
swe-agent:051146:alanmcruickshank__sqlfluff-336,swe-agent,exit_context,22,25,0.88,3
swe-agent:051161:alanmcruickshank__sqlfluff-336,swe-agent,submitted (exit_context),42,55,0.7636363636363637,13
swe-agent:051176:alanmcruickshank__sqlfluff-336,swe-agent,submitted (exit_context),48,57,0.8421052631578947,9
swe-agent:051181:alanmcruickshank__sqlfluff-336,swe-agent,submitted (exit_context),30,43,0.6976744186046512,13
swe-agent:051201:alanmcruickshank__sqlfluff-336,swe-agent,submitted (exit_context),32,45,0.7111111111111111,13
swe-agent:051207:allrod5__parameters-validation-6,swe-agent,submitted,32,49,0.6530612244897959,17
swe-agent:051230:asottile__pyupgrade-23,swe-agent,submitted,16,37,0.43243243243243246,21
swe-agent:051284:awslabs__aws-cfn-template-flip-43,swe-agent,submitted (exit_context),104,117,0.8888888888888888,13
swe-agent:051290:awslabs__aws-cfn-template-flip-43,swe-agent,submitted,22,33,0.6666666666666666,11
swe-agent:051297:betamaxpy__betamax-170,swe-agent,submitted (exit_context),22,97,0.2268041237113402,75
swe-agent:051298:betamaxpy__betamax-170,swe-agent,submitted (exit_context),20,101,0.19801980198019803,81
swe-agent:051301:betamaxpy__betamax-170,swe-agent,early_exit,28,33,0.8484848484848485,5
swe-agent:051303:betamaxpy__betamax-170,swe-agent,submitted (exit_context),40,71,0.5633802816901409,31
swe-agent:051305:betamaxpy__betamax-170,swe-agent,submitted (exit_context),22,89,0.24719101123595505,67
swe-agent:051313:betamaxpy__betamax-170,swe-agent,submitted (exit_context),32,71,0.4507042253521127,39
swe-agent:051315:betamaxpy__betamax-170,swe-agent,submitted,52,107,0.48598130841121495,55
swe-agent:051319:betamaxpy__betamax-170,swe-agent,submitted,24,47,0.5106382978723404,23
swe-agent:051321:betamaxpy__betamax-170,swe-agent,submitted (exit_context),34,63,0.5396825396825397,29
swe-agent:051328:betamaxpy__betamax-170,swe-agent,submitted (exit_context),22,89,0.24719101123595505,67
swe-agent:051329:betamaxpy__betamax-170,swe-agent,submitted (exit_context),40,79,0.5063291139240507,39
swe-agent:051330:betamaxpy__betamax-170,swe-agent,early_exit,26,45,0.5777777777777777,19
swe-agent:051331:betamaxpy__betamax-170,swe-agent,submitted (exit_context),24,89,0.2696629213483146,65
swe-agent:051336:betamaxpy__betamax-170,swe-agent,exit_context,14,91,0.15384615384615385,77
swe-agent:051339:betamaxpy__betamax-170,swe-agent,submitted (exit_context),18,83,0.21686746987951808,65
swe-agent:051341:betamaxpy__betamax-170,swe-agent,submitted (exit_context),44,101,0.43564356435643564,57
swe-agent:051345:betamaxpy__betamax-170,swe-agent,submitted (exit_context),40,101,0.39603960396039606,61
swe-agent:051346:betamaxpy__betamax-170,swe-agent,submitted (exit_context),28,107,0.2616822429906542,79
swe-agent:051347:betamaxpy__betamax-170,swe-agent,submitted (exit_context),22,85,0.25882352941176473,63
swe-agent:051358:bids-standard__pybids-836,swe-agent,submitted (exit_context),36,107,0.3364485981308411,71
swe-agent:051361:bids-standard__pybids-836,swe-agent,submitted (exit_context),60,63,0.9523809523809523,3
swe-agent:051402:datalad__datalad-next-362,swe-agent,submitted (exit_context),36,49,0.7346938775510204,13
swe-agent:051414:django__asgiref-196,swe-agent,submitted (exit_context),32,67,0.47761194029850745,35
swe-agent:051420:django__asgiref-196,swe-agent,submitted (exit_context),50,103,0.4854368932038835,53
swe-agent:051427:django__asgiref-196,swe-agent,submitted (exit_context),22,45,0.4888888888888889,23
swe-agent:051434:dmvass__sqlalchemy-easy-profile-17,swe-agent,submitted (exit_context),44,65,0.676923076923077,21
swe-agent:051439:facebookincubator__Bowler-2,swe-agent,submitted (exit_context),44,63,0.6984126984126984,19
swe-agent:051441:facebookincubator__Bowler-2,swe-agent,submitted,10,25,0.4,15
swe-agent:051445:facebookincubator__Bowler-2,swe-agent,submitted (exit_context),70,89,0.7865168539325843,19
swe-agent:051447:facebookincubator__Bowler-2,swe-agent,submitted (exit_context),46,115,0.4,69
swe-agent:051462:fatiando__pooch-138,swe-agent,submitted,12,27,0.4444444444444444,15
swe-agent:051493:fatiando__pooch-316,swe-agent,submitted (exit_context),28,67,0.417910447761194,39
swe-agent:051505:feature-engine__feature_engine-531,swe-agent,submitted,14,41,0.34146341463414637,27
swe-agent:051511:feature-engine__feature_engine-531,swe-agent,submitted,34,43,0.7906976744186046,9
swe-agent:051512:feature-engine__feature_engine-531,swe-agent,submitted (exit_context),18,73,0.2465753424657534,55
swe-agent:051514:feature-engine__feature_engine-531,swe-agent,exit_context,26,47,0.5531914893617021,21
swe-agent:051519:feature-engine__feature_engine-531,swe-agent,submitted (exit_context),40,47,0.851063829787234,7
swe-agent:051520:feature-engine__feature_engine-531,swe-agent,submitted,18,33,0.5454545454545454,15
swe-agent:051525:feature-engine__feature_engine-531,swe-agent,submitted (exit_context),16,43,0.37209302325581395,27
swe-agent:051528:feature-engine__feature_engine-531,swe-agent,submitted (exit_context),76,107,0.7102803738317757,31
swe-agent:051529:feature-engine__feature_engine-531,swe-agent,exit_context,20,75,0.26666666666666666,55
swe-agent:051530:feature-engine__feature_engine-531,swe-agent,submitted,14,27,0.5185185185185185,13
swe-agent:051533:feature-engine__feature_engine-531,swe-agent,submitted (exit_context),36,93,0.3870967741935484,57
swe-agent:051534:feature-engine__feature_engine-531,swe-agent,exit_context,18,63,0.2857142857142857,45
swe-agent:051535:feature-engine__feature_engine-531,swe-agent,submitted,14,57,0.24561403508771928,43
swe-agent:051540:feature-engine__feature_engine-531,swe-agent,submitted (exit_context),38,57,0.6666666666666666,19
swe-agent:051541:feature-engine__feature_engine-531,swe-agent,exit_context,30,57,0.5263157894736842,27
swe-agent:051542:feature-engine__feature_engine-531,swe-agent,exit_context,40,87,0.45977011494252873,47
swe-agent:051547:feature-engine__feature_engine-531,swe-agent,submitted,18,47,0.3829787234042553,29
swe-agent:051550:feature-engine__feature_engine-531,swe-agent,submitted,14,41,0.34146341463414637,27
swe-agent:051551:feature-engine__feature_engine-531,swe-agent,submitted,18,79,0.22784810126582278,61
swe-agent:051552:feature-engine__feature_engine-531,swe-agent,submitted (exit_context),56,73,0.7671232876712328,17
swe-agent:051554:feature-engine__feature_engine-531,swe-agent,submitted,16,39,0.41025641025641024,23
swe-agent:051556:feature-engine__feature_engine-531,swe-agent,submitted,18,39,0.46153846153846156,21
swe-agent:051558:fronzbot__blinkpy-331,swe-agent,exit_context,12,51,0.23529411764705882,39
swe-agent:051560:fronzbot__blinkpy-331,swe-agent,submitted (exit_context),60,79,0.759493670886076,19
swe-agent:051562:fronzbot__blinkpy-331,swe-agent,exit_context,50,61,0.819672131147541,11
swe-agent:051568:fronzbot__blinkpy-331,swe-agent,exit_context,28,63,0.4444444444444444,35
swe-agent:051569:fronzbot__blinkpy-331,swe-agent,submitted (exit_context),20,55,0.36363636363636365,35
swe-agent:051573:fronzbot__blinkpy-331,swe-agent,submitted,20,51,0.39215686274509803,31
swe-agent:051589:fronzbot__blinkpy-331,swe-agent,exit_context,24,51,0.47058823529411764,27
swe-agent:051596:fronzbot__blinkpy-331,swe-agent,submitted (exit_context),68,71,0.9577464788732394,3
swe-agent:051600:fronzbot__blinkpy-331,swe-agent,exit_context,42,65,0.6461538461538462,23
swe-agent:051604:fronzbot__blinkpy-331,swe-agent,submitted (exit_context),162,171,0.9473684210526315,9
swe-agent:051607:fronzbot__blinkpy-331,swe-agent,submitted (exit_context),44,61,0.7213114754098361,17
swe-agent:051608:fronzbot__blinkpy-331,swe-agent,submitted (exit_context),16,79,0.20253164556962025,63
swe-agent:051610:fronzbot__blinkpy-331,swe-agent,exit_context,32,57,0.5614035087719298,25
swe-agent:051613:fronzbot__blinkpy-331,swe-agent,exit_context,20,55,0.36363636363636365,35
swe-agent:051615:fronzbot__blinkpy-331,swe-agent,submitted (exit_context),42,71,0.5915492957746479,29
swe-agent:051622:fsspec__filesystem_spec-1202,swe-agent,submitted (exit_context),40,57,0.7017543859649122,17
swe-agent:051623:fsspec__filesystem_spec-1202,swe-agent,submitted (exit_context),36,179,0.2011173184357542,143
swe-agent:051645:gammapy__gammapy-5149,swe-agent,submitted,22,41,0.5365853658536586,19
swe-agent:051647:gammapy__gammapy-5149,swe-agent,submitted (exit_context),40,51,0.7843137254901961,11
swe-agent:051664:gammapy__gammapy-5149,swe-agent,submitted,34,47,0.723404255319149,13
swe-agent:051684:googleapis__python-spanner-316,swe-agent,submitted,34,35,0.9714285714285714,1
swe-agent:051714:iterative__dvc-3200,swe-agent,submitted,38,45,0.8444444444444444,7
swe-agent:051716:iterative__dvc-3200,swe-agent,submitted,80,135,0.5925925925925926,55
swe-agent:051717:iterative__dvc-3200,swe-agent,submitted (exit_context),24,75,0.32,51
swe-agent:051719:iterative__dvc-3200,swe-agent,submitted (exit_context),10,79,0.12658227848101267,69
swe-agent:051720:iterative__dvc-3200,swe-agent,submitted,14,41,0.34146341463414637,27
swe-agent:051722:iterative__dvc-3200,swe-agent,submitted (exit_context),24,83,0.2891566265060241,59
swe-agent:051725:iterative__dvc-3200,swe-agent,submitted (exit_context),26,69,0.37681159420289856,43
swe-agent:051726:iterative__dvc-3200,swe-agent,submitted (exit_context),50,59,0.847457627118644,9
swe-agent:051736:iterative__dvc-4008,swe-agent,submitted (exit_context),48,107,0.4485981308411215,59
swe-agent:051744:iterative__dvc-5160,swe-agent,submitted (exit_context),42,167,0.25149700598802394,125
swe-agent:051746:iterative__dvc-5160,swe-agent,submitted (exit_context),18,37,0.4864864864864865,19
swe-agent:051747:iterative__dvc-5160,swe-agent,submitted (exit_context),24,71,0.3380281690140845,47
swe-agent:051749:iterative__dvc-5160,swe-agent,submitted (exit_context),16,31,0.5161290322580645,15
swe-agent:051750:iterative__dvc-5160,swe-agent,submitted (exit_context),48,55,0.8727272727272727,7
swe-agent:051751:iterative__dvc-5160,swe-agent,submitted (exit_context),20,57,0.3508771929824561,37
swe-agent:051752:iterative__dvc-5160,swe-agent,submitted (exit_context),26,69,0.37681159420289856,43
swe-agent:051753:iterative__dvc-5160,swe-agent,early_exit,30,375,0.08,345
swe-agent:051756:iterative__dvc-5160,swe-agent,submitted (exit_context),26,129,0.20155038759689922,103
swe-agent:051775:jerry-git__logplot-11,swe-agent,submitted (exit_context),32,149,0.21476510067114093,117
swe-agent:051776:jerry-git__logplot-11,swe-agent,submitted (exit_context),24,71,0.3380281690140845,47
swe-agent:051779:jerry-git__logplot-11,swe-agent,submitted (exit_context),66,95,0.6947368421052632,29
swe-agent:051784:jerry-git__logplot-11,swe-agent,submitted (exit_context),20,65,0.3076923076923077,45
swe-agent:051803:lovasoa__marshmallow_dataclass-85,swe-agent,submitted (exit_context),42,53,0.7924528301886793,11
swe-agent:051808:lovasoa__marshmallow_dataclass-85,swe-agent,submitted (exit_context),52,97,0.5360824742268041,45
swe-agent:051822:marshmallow-code__apispec-568,swe-agent,submitted,32,45,0.7111111111111111,13
swe-agent:051844:marshmallow-code__apispec-568,swe-agent,submitted,18,43,0.4186046511627907,25
swe-agent:051863:marshmallow-code__webargs-464,swe-agent,submitted,12,49,0.24489795918367346,37
swe-agent:051866:marshmallow-code__webargs-555,swe-agent,submitted,20,31,0.6451612903225806,11
swe-agent:051867:marshmallow-code__webargs-555,swe-agent,exit_context,44,71,0.6197183098591549,27
swe-agent:051871:marshmallow-code__webargs-555,swe-agent,submitted,14,25,0.56,11
swe-agent:051882:matthewwithanm__python-markdownify-23,swe-agent,submitted (exit_context),78,85,0.9176470588235294,7
swe-agent:051894:mherrmann__gitignore_parser-17,swe-agent,submitted (exit_context),80,87,0.9195402298850575,7
swe-agent:051900:mherrmann__gitignore_parser-17,swe-agent,submitted (exit_context),32,77,0.4155844155844156,45
swe-agent:051930:nutechsoftware__alarmdecoder-60,swe-agent,exit_context,58,97,0.5979381443298969,39
swe-agent:051931:nutechsoftware__alarmdecoder-60,swe-agent,exit_context,34,97,0.35051546391752575,63
swe-agent:051932:nutechsoftware__alarmdecoder-60,swe-agent,submitted (exit_context),34,75,0.4533333333333333,41
swe-agent:051946:oasis-open__cti-python-stix2-402,swe-agent,submitted (exit_context),36,79,0.45569620253164556,43
swe-agent:051948:okigan__awscurl-139,swe-agent,submitted (exit_context),32,91,0.3516483516483517,59
swe-agent:051952:okigan__awscurl-139,swe-agent,exit_context,36,71,0.5070422535211268,35
swe-agent:051967:omni-us__jsonargparse-468,swe-agent,submitted (exit_context),18,79,0.22784810126582278,61
swe-agent:051980:omni-us__jsonargparse-468,swe-agent,submitted (exit_context),30,95,0.3157894736842105,65
swe-agent:051987:omni-us__jsonargparse-468,swe-agent,submitted (exit_context),28,63,0.4444444444444444,35
swe-agent:051992:omni-us__jsonargparse-468,swe-agent,submitted (exit_context),22,49,0.4489795918367347,27
swe-agent:051996:omni-us__jsonargparse-468,swe-agent,submitted (exit_context),32,71,0.4507042253521127,39
swe-agent:051997:omni-us__jsonargparse-468,swe-agent,submitted (exit_context),16,61,0.26229508196721313,45
swe-agent:051998:omni-us__jsonargparse-468,swe-agent,submitted (exit_context),24,81,0.2962962962962963,57
swe-agent:051999:omni-us__jsonargparse-468,swe-agent,submitted (exit_context),28,55,0.509090909090909,27
swe-agent:052000:omni-us__jsonargparse-468,swe-agent,submitted (exit_context),72,75,0.96,3
swe-agent:052010:omni-us__jsonargparse-468,swe-agent,submitted,20,33,0.6060606060606061,13
swe-agent:052023:omni-us__jsonargparse-471,swe-agent,submitted (exit_context),34,51,0.6666666666666666,17
swe-agent:052029:omni-us__jsonargparse-471,swe-agent,submitted (exit_context),30,77,0.38961038961038963,47
swe-agent:052030:omni-us__jsonargparse-471,swe-agent,submitted (exit_context),38,51,0.7450980392156863,13
swe-agent:052031:omni-us__jsonargparse-471,swe-agent,submitted (exit_context),58,75,0.7733333333333333,17
swe-agent:052036:omni-us__jsonargparse-471,swe-agent,submitted (exit_context),74,81,0.9135802469135802,7
swe-agent:052037:omni-us__jsonargparse-471,swe-agent,submitted (exit_context),80,195,0.41025641025641024,115
swe-agent:052039:omni-us__jsonargparse-471,swe-agent,submitted (exit_context),40,57,0.7017543859649122,17
swe-agent:052045:omni-us__jsonargparse-471,swe-agent,submitted (exit_context),42,77,0.5454545454545454,35
swe-agent:052046:omni-us__jsonargparse-471,swe-agent,submitted (exit_context),26,57,0.45614035087719296,31
swe-agent:052054:omni-us__jsonargparse-471,swe-agent,submitted (exit_context),28,55,0.509090909090909,27
swe-agent:052057:omni-us__jsonargparse-471,swe-agent,submitted (exit_context),46,57,0.8070175438596491,11
swe-agent:052058:omni-us__jsonargparse-471,swe-agent,submitted (exit_context),24,53,0.4528301886792453,29
swe-agent:052063:omni-us__jsonargparse-471,swe-agent,submitted (exit_context),44,89,0.4943820224719101,45
swe-agent:052069:omni-us__jsonargparse-471,swe-agent,submitted (exit_context),66,87,0.7586206896551724,21
swe-agent:052073:omni-us__jsonargparse-471,swe-agent,submitted (exit_context),26,557,0.0466786355475763,531
swe-agent:052082:pimutils__khal-1305,swe-agent,submitted,14,65,0.2153846153846154,51
swe-agent:052140:pydantic__pydantic-1466,swe-agent,submitted (exit_context),36,95,0.37894736842105264,59
swe-agent:052141:pydantic__pydantic-1466,swe-agent,submitted,56,115,0.48695652173913045,59
swe-agent:052145:pydantic__pydantic-1466,swe-agent,submitted (exit_context),40,45,0.8888888888888888,5
swe-agent:052147:pydantic__pydantic-1466,swe-agent,submitted (exit_context),46,53,0.8679245283018868,7
swe-agent:052152:pydantic__pydantic-1466,swe-agent,submitted (exit_context),50,55,0.9090909090909091,5
swe-agent:052157:pydantic__pydantic-2075,swe-agent,submitted,42,65,0.6461538461538462,23
swe-agent:052158:pydantic__pydantic-2075,swe-agent,submitted (exit_context),34,53,0.6415094339622641,19
swe-agent:052180:pydantic__pydantic-2075,swe-agent,submitted (exit_context),40,59,0.6779661016949152,19
swe-agent:052181:pydantic__pydantic-2075,swe-agent,submitted (exit_context),10,169,0.05917159763313609,159
swe-agent:052198:pydantic__pydantic-2075,swe-agent,submitted (exit_context),36,45,0.8,9
swe-agent:052207:pydantic__pydantic-2170,swe-agent,early_exit,44,167,0.2634730538922156,123
swe-agent:052208:pydantic__pydantic-2170,swe-agent,submitted (exit_context),40,99,0.40404040404040403,59
swe-agent:052216:pydantic__pydantic-2170,swe-agent,submitted,80,85,0.9411764705882353,5
swe-agent:052222:pydantic__pydantic-3182,swe-agent,submitted (exit_context),60,99,0.6060606060606061,39
swe-agent:052224:pydantic__pydantic-3182,swe-agent,submitted,46,63,0.7301587301587301,17
swe-agent:052225:pydantic__pydantic-3182,swe-agent,submitted (exit_context),48,131,0.366412213740458,83
swe-agent:052229:pydantic__pydantic-3182,swe-agent,submitted,30,53,0.5660377358490566,23
swe-agent:052230:pydantic__pydantic-3182,swe-agent,submitted,26,39,0.6666666666666666,13
swe-agent:052231:pydantic__pydantic-3182,swe-agent,submitted (exit_context),68,83,0.8192771084337349,15
swe-agent:052237:pydantic__pydantic-3909,swe-agent,submitted,30,111,0.2702702702702703,81
swe-agent:052316:pydantic__pydantic-4484,swe-agent,submitted (exit_context),50,63,0.7936507936507936,13
swe-agent:052319:pydantic__pydantic-4484,swe-agent,submitted (exit_context),50,105,0.47619047619047616,55
swe-agent:052320:pydantic__pydantic-4484,swe-agent,submitted (exit_context),42,117,0.358974358974359,75
swe-agent:052321:pydantic__pydantic-4484,swe-agent,submitted (exit_context),40,65,0.6153846153846154,25
swe-agent:052322:pydantic__pydantic-4484,swe-agent,submitted (exit_context),34,51,0.6666666666666666,17
swe-agent:052326:pydantic__pydantic-4484,swe-agent,submitted (exit_context),28,51,0.5490196078431373,23
swe-agent:052328:pydantic__pydantic-4484,swe-agent,submitted (exit_context),28,57,0.49122807017543857,29
swe-agent:052332:pydantic__pydantic-4484,swe-agent,submitted (exit_context),22,431,0.05104408352668213,409
swe-agent:052335:pydantic__pydantic-4484,swe-agent,submitted,14,33,0.42424242424242425,19
swe-agent:052340:pydantic__pydantic-4484,swe-agent,submitted (exit_context),72,245,0.2938775510204082,173
swe-agent:052342:pydantic__pydantic-4484,swe-agent,submitted (exit_context),58,71,0.8169014084507042,13
swe-agent:052345:pydantic__pydantic-4484,swe-agent,submitted,8,41,0.1951219512195122,33
swe-agent:052346:pydantic__pydantic-4484,swe-agent,submitted (exit_context),44,61,0.7213114754098361,17
swe-agent:052348:pydantic__pydantic-4484,swe-agent,submitted (exit_context),24,53,0.4528301886792453,29
swe-agent:052349:pydantic__pydantic-4484,swe-agent,submitted (exit_context),44,47,0.9361702127659575,3
swe-agent:052360:reframe-hpc__reframe-2544,swe-agent,submitted (exit_context),74,101,0.7326732673267327,27
swe-agent:052361:reframe-hpc__reframe-2544,swe-agent,submitted (exit_context),88,97,0.9072164948453608,9
swe-agent:052380:sendgrid__sendgrid-python-593,swe-agent,exit_context,12,93,0.12903225806451613,81
swe-agent:052381:sendgrid__sendgrid-python-593,swe-agent,submitted (exit_context),16,337,0.04747774480712166,321
swe-agent:052384:sendgrid__sendgrid-python-593,swe-agent,submitted (exit_context),32,299,0.10702341137123746,267
swe-agent:052392:simphony__simphony-remote-123,swe-agent,submitted,12,19,0.631578947368421,7
swe-agent:052400:spencerahill__aospy-232,swe-agent,submitted (exit_context),40,59,0.6779661016949152,19
swe-agent:052401:spencerahill__aospy-232,swe-agent,submitted (exit_context),24,83,0.2891566265060241,59
swe-agent:052405:spencerahill__aospy-232,swe-agent,exit_context,38,75,0.5066666666666667,37
swe-agent:052410:spencerahill__aospy-232,swe-agent,exit_context,50,83,0.6024096385542169,33
swe-agent:052418:streamlink__streamlink-3765,swe-agent,submitted (exit_context),40,53,0.7547169811320755,13
swe-agent:052446:tobymao__sqlglot-1944,swe-agent,submitted (exit_context),42,53,0.7924528301886793,11
swe-agent:052474:tox-dev__tox-docker-19,swe-agent,submitted,20,25,0.8,5
swe-agent:052479:valohai__valohai-yaml-94,swe-agent,submitted (exit_context),54,93,0.5806451612903226,39
swe-agent:052487:valohai__valohai-yaml-94,swe-agent,submitted (exit_context),18,135,0.13333333333333333,117
swe-agent:052502:wbond__asn1crypto-271,swe-agent,submitted (exit_context),30,429,0.06993006993006994,399
swe-agent:052542:Backblaze__B2_Command_Line_Tool-488,swe-agent,submitted (exit_context),46,49,0.9387755102040817,3
swe-agent:052559:Backblaze__B2_Command_Line_Tool-488,swe-agent,submitted (exit_context),56,83,0.6746987951807228,27
swe-agent:052567:Backblaze__B2_Command_Line_Tool-488,swe-agent,submitted (exit_context),54,261,0.20689655172413793,207
swe-agent:052589:Ouranosinc__xclim-339,swe-agent,submitted,26,45,0.5777777777777777,19
swe-agent:052593:Ouranosinc__xclim-339,swe-agent,submitted (exit_context),22,33,0.6666666666666666,11
swe-agent:052596:Ouranosinc__xclim-339,swe-agent,submitted,26,33,0.7878787878787878,7
swe-agent:052605:Parquery__icontract-168,swe-agent,submitted (exit_context),30,41,0.7317073170731707,11
swe-agent:052610:Parquery__icontract-168,swe-agent,submitted (exit_context),38,51,0.7450980392156863,13
swe-agent:052612:Parquery__icontract-168,swe-agent,submitted (exit_context),28,75,0.37333333333333335,47
swe-agent:052628:Parquery__icontract-168,swe-agent,submitted (exit_context),32,59,0.5423728813559322,27
swe-agent:052646:Parquery__icontract-168,swe-agent,submitted (exit_context),38,55,0.6909090909090909,17
swe-agent:052656:Parquery__icontract-168,swe-agent,submitted (exit_context),26,105,0.24761904761904763,79
swe-agent:052678:PyCQA__flake8-1726,swe-agent,submitted (exit_context),20,21,0.9523809523809523,1
swe-agent:052692:RDFLib__rdflib-2112,swe-agent,submitted (exit_context),34,55,0.6181818181818182,21
swe-agent:052694:RDFLib__rdflib-2112,swe-agent,submitted (exit_context),88,97,0.9072164948453608,9
swe-agent:052701:RDFLib__rdflib-2112,swe-agent,submitted (exit_context),40,79,0.5063291139240507,39
swe-agent:052722:RDFLib__rdflib-2112,swe-agent,submitted (exit_context),30,73,0.410958904109589,43
swe-agent:052727:RDFLib__rdflib-2112,swe-agent,submitted,80,119,0.6722689075630253,39
swe-agent:052739:XKNX__xknx-1190,swe-agent,submitted,56,61,0.9180327868852459,5
swe-agent:052743:XKNX__xknx-1190,swe-agent,submitted (exit_context),94,99,0.9494949494949495,5
swe-agent:052793:chimpler__pyhocon-173,swe-agent,submitted (exit_context),48,83,0.5783132530120482,35
swe-agent:052795:chimpler__pyhocon-173,swe-agent,submitted (exit_context),28,73,0.3835616438356164,45
swe-agent:052800:chimpler__pyhocon-173,swe-agent,submitted (exit_context),34,83,0.40963855421686746,49
swe-agent:052801:chimpler__pyhocon-173,swe-agent,submitted (exit_context),32,61,0.5245901639344263,29
swe-agent:052802:chimpler__pyhocon-173,swe-agent,submitted (exit_context),58,99,0.5858585858585859,41
swe-agent:052811:clarketm__wait-for-it-26,swe-agent,submitted,14,21,0.6666666666666666,7
swe-agent:052819:clarketm__wait-for-it-26,swe-agent,submitted,12,27,0.4444444444444444,15
swe-agent:052820:clarketm__wait-for-it-26,swe-agent,submitted,12,25,0.48,13
swe-agent:052847:clld__clldutils-27,swe-agent,submitted,12,33,0.36363636363636365,21
swe-agent:052886:encode__starlette-701,swe-agent,submitted (exit_context),56,95,0.5894736842105263,39
swe-agent:052912:encode__uvicorn-227,swe-agent,exit_context,30,103,0.2912621359223301,73
swe-agent:052916:encode__uvicorn-227,swe-agent,submitted (exit_context),32,93,0.34408602150537637,61
swe-agent:052926:goerz__zip_files-5,swe-agent,submitted,16,37,0.43243243243243246,21
swe-agent:052951:goerz__zip_files-5,swe-agent,submitted (exit_context),82,89,0.9213483146067416,7
swe-agent:052956:goerz__zip_files-5,swe-agent,submitted,40,59,0.6779661016949152,19
swe-agent:052984:ifosch__accloudtant-108,swe-agent,submitted (exit_context),60,69,0.8695652173913043,9
swe-agent:053018:iterative__dvc-2892,swe-agent,submitted (exit_context),28,77,0.36363636363636365,49
swe-agent:053019:iterative__dvc-2892,swe-agent,exit_context,14,63,0.2222222222222222,49
swe-agent:053021:iterative__dvc-2892,swe-agent,submitted,30,37,0.8108108108108109,7
swe-agent:053022:iterative__dvc-2892,swe-agent,submitted (exit_context),34,101,0.33663366336633666,67
swe-agent:053032:iterative__dvc-3246,swe-agent,submitted,42,51,0.8235294117647058,9
swe-agent:053033:iterative__dvc-3246,swe-agent,submitted (exit_context),66,159,0.41509433962264153,93
swe-agent:053038:iterative__dvc-3246,swe-agent,submitted,60,75,0.8,15
swe-agent:053039:iterative__dvc-3246,swe-agent,early_exit,52,129,0.40310077519379844,77
swe-agent:053040:iterative__dvc-3246,swe-agent,submitted (exit_context),40,557,0.0718132854578097,517
swe-agent:053041:iterative__dvc-3246,swe-agent,early_exit,36,667,0.053973013493253376,631
swe-agent:053048:iterative__dvc-3490,swe-agent,submitted (exit_context),90,95,0.9473684210526315,5
swe-agent:053049:iterative__dvc-3490,swe-agent,submitted (exit_context),80,107,0.7476635514018691,27
swe-agent:053053:iterative__dvc-3490,swe-agent,submitted (exit_context),26,133,0.19548872180451127,107
swe-agent:053066:iterative__dvc-4166,swe-agent,submitted (exit_context),44,117,0.37606837606837606,73
swe-agent:053067:iterative__dvc-4166,swe-agent,submitted,40,41,0.975609756097561,1
swe-agent:053069:iterative__dvc-4166,swe-agent,submitted (exit_context),74,97,0.7628865979381443,23
swe-agent:053075:iterative__dvc-4166,swe-agent,early_exit,16,289,0.05536332179930796,273
swe-agent:053077:iterative__dvc-4246,swe-agent,submitted (exit_context),30,143,0.2097902097902098,113
swe-agent:053082:iterative__dvc-4246,swe-agent,early_exit,56,217,0.25806451612903225,161
swe-agent:053083:iterative__dvc-4246,swe-agent,submitted (exit_context),82,101,0.8118811881188119,19
swe-agent:053098:iterative__dvc-5888,swe-agent,exit_context,28,123,0.22764227642276422,95
swe-agent:053099:iterative__dvc-5888,swe-agent,submitted,20,85,0.23529411764705882,65
swe-agent:053103:iterative__dvc-5888,swe-agent,submitted (exit_context),86,101,0.8514851485148515,15
swe-agent:053104:iterative__dvc-5888,swe-agent,exit_context,24,75,0.32,51
swe-agent:053106:iterative__dvc-9220,swe-agent,submitted (exit_context),36,91,0.3956043956043956,55
swe-agent:053110:iterative__dvc-9220,swe-agent,submitted,38,45,0.8444444444444444,7
swe-agent:053116:iterative__dvc-9220,swe-agent,submitted,24,43,0.5581395348837209,19
swe-agent:053123:jupyterhub__kubespawner-239,swe-agent,submitted (exit_context),44,67,0.6567164179104478,23
swe-agent:053128:jupyterhub__kubespawner-239,swe-agent,submitted (exit_context),38,59,0.6440677966101694,21
swe-agent:053132:jupyterhub__kubespawner-239,swe-agent,submitted (exit_context),26,111,0.23423423423423423,85
swe-agent:053134:jupyterhub__kubespawner-239,swe-agent,exit_context,24,57,0.42105263157894735,33
swe-agent:053135:jupyterhub__kubespawner-239,swe-agent,exit_context,26,59,0.4406779661016949,33
swe-agent:053136:jupyterhub__kubespawner-239,swe-agent,submitted (exit_context),34,35,0.9714285714285714,1
swe-agent:053142:kennethreitz__records-118,swe-agent,submitted (exit_context),26,59,0.4406779661016949,33
swe-agent:053178:lhotse-speech__lhotse-724,swe-agent,submitted (exit_context),62,73,0.8493150684931506,11
swe-agent:053190:macbre__sql-metadata-203,swe-agent,submitted,34,45,0.7555555555555555,11
swe-agent:053196:macbre__sql-metadata-203,swe-agent,submitted (exit_context),40,83,0.4819277108433735,43
swe-agent:053258:pydantic__pydantic-1585,swe-agent,submitted (exit_context),46,137,0.3357664233576642,91
swe-agent:053261:pydantic__pydantic-1585,swe-agent,submitted (exit_context),80,93,0.8602150537634409,13
swe-agent:053262:pydantic__pydantic-1585,swe-agent,submitted (exit_context),44,101,0.43564356435643564,57
swe-agent:053266:pydantic__pydantic-1585,swe-agent,submitted (exit_context),18,81,0.2222222222222222,63
swe-agent:053269:pydantic__pydantic-1585,swe-agent,submitted (exit_context),34,91,0.37362637362637363,57
swe-agent:053279:pydantic__pydantic-2092,swe-agent,submitted (exit_context),60,73,0.821917808219178,13
swe-agent:053280:pydantic__pydantic-2092,swe-agent,submitted (exit_context),22,61,0.36065573770491804,39
swe-agent:053286:pydantic__pydantic-2092,swe-agent,submitted (exit_context),60,73,0.821917808219178,13
swe-agent:053289:pydantic__pydantic-2092,swe-agent,submitted (exit_context),62,65,0.9538461538461539,3
swe-agent:053305:pydantic__pydantic-2720,swe-agent,submitted (exit_context),52,73,0.7123287671232876,21
swe-agent:053333:pyout__pyout-92,swe-agent,submitted (exit_context),48,93,0.5161290322580645,45
swe-agent:053343:pyout__pyout-92,swe-agent,submitted (exit_context),16,153,0.10457516339869281,137
swe-agent:053359:pypa__build-177,swe-agent,submitted (exit_context),34,87,0.39080459770114945,53
swe-agent:053365:rosscdh__mkdocs-markdownextradata-plugin-29,swe-agent,submitted (exit_context),62,93,0.6666666666666666,31
swe-agent:053369:rosscdh__mkdocs-markdownextradata-plugin-29,swe-agent,submitted (exit_context),42,105,0.4,63
swe-agent:053385:sanic-org__sanic-2651,swe-agent,submitted,18,21,0.8571428571428571,3
swe-agent:053403:sanic-org__sanic-2651,swe-agent,early_exit,116,125,0.928,9
swe-agent:053407:sanic-org__sanic-2651,swe-agent,submitted,10,31,0.3225806451612903,21
swe-agent:053425:sensein__cmixf-2,swe-agent,exit_context,18,41,0.43902439024390244,23
swe-agent:053426:sensein__cmixf-2,swe-agent,exit_context,22,53,0.41509433962264153,31
swe-agent:053427:sensein__cmixf-2,swe-agent,exit_context,40,51,0.7843137254901961,11
swe-agent:053429:sensein__cmixf-2,swe-agent,submitted (exit_context),56,75,0.7466666666666667,19
swe-agent:053442:shinichi-takii__ddlparse-52,swe-agent,submitted (exit_context),50,53,0.9433962264150944,3
swe-agent:053443:testing-cabal__fixtures-58,swe-agent,submitted (exit_context),38,69,0.5507246376811594,31
swe-agent:053448:testing-cabal__fixtures-58,swe-agent,submitted (exit_context),44,63,0.6984126984126984,19
swe-agent:053456:testing-cabal__fixtures-58,swe-agent,submitted,14,25,0.56,11
swe-agent:053457:testing-cabal__fixtures-58,swe-agent,submitted (exit_context),14,51,0.27450980392156865,37
swe-agent:053467:testing-cabal__fixtures-58,swe-agent,submitted,14,21,0.6666666666666666,7
swe-agent:053468:testing-cabal__fixtures-58,swe-agent,submitted,16,31,0.5161290322580645,15
swe-agent:053470:testing-cabal__fixtures-58,swe-agent,submitted (exit_context),14,49,0.2857142857142857,35
swe-agent:053484:testing-cabal__fixtures-58,swe-agent,submitted (exit_context),16,171,0.0935672514619883,155
swe-agent:053486:testing-cabal__fixtures-58,swe-agent,submitted (exit_context),24,51,0.47058823529411764,27
swe-agent:053488:testing-cabal__fixtures-58,swe-agent,submitted (exit_context),12,47,0.2553191489361702,35
swe-agent:053490:testing-cabal__fixtures-58,swe-agent,submitted,12,17,0.7058823529411765,5
swe-agent:053493:tobymao__sqlglot-2709,swe-agent,submitted,26,63,0.4126984126984127,37
swe-agent:053494:tobymao__sqlglot-2709,swe-agent,submitted (exit_context),44,71,0.6197183098591549,27
swe-agent:053502:tobymao__sqlglot-2709,swe-agent,submitted,16,29,0.5517241379310345,13
swe-agent:053535:tortoise__tortoise-orm-1104,swe-agent,submitted (exit_context),30,51,0.5882352941176471,21
swe-agent:053554:zalando-stups__pierone-cli-61,swe-agent,submitted (exit_context),66,83,0.7951807228915663,17
swe-agent:053559:zalando-stups__pierone-cli-61,swe-agent,submitted (exit_context),24,113,0.21238938053097345,89
swe-agent:053604:MycroftAI__lingua-franca-32,swe-agent,submitted,12,29,0.41379310344827586,17
swe-agent:053605:MycroftAI__lingua-franca-32,swe-agent,exit_context,16,31,0.5161290322580645,15
swe-agent:053607:MycroftAI__lingua-franca-32,swe-agent,submitted (exit_context),24,27,0.8888888888888888,3
swe-agent:053611:MycroftAI__lingua-franca-32,swe-agent,submitted (exit_context),34,35,0.9714285714285714,1
swe-agent:053620:Parquery__temppathlib-12,swe-agent,exit_context,14,39,0.358974358974359,25
swe-agent:053625:Parquery__temppathlib-12,swe-agent,submitted,12,37,0.32432432432432434,25
swe-agent:053627:Parquery__temppathlib-12,swe-agent,submitted (exit_context),18,93,0.1935483870967742,75
swe-agent:053641:PermutaTriangle__Tilings-469,swe-agent,submitted,38,45,0.8444444444444444,7
swe-agent:053686:ReactiveX__RxPY-567,swe-agent,submitted (exit_context),52,101,0.5148514851485149,49
swe-agent:053689:ReactiveX__RxPY-567,swe-agent,submitted (exit_context),24,59,0.4067796610169492,35
swe-agent:053704:SmileyChris__django-countries-339,swe-agent,submitted (exit_context),42,247,0.1700404858299595,205
swe-agent:053708:SmileyChris__django-countries-339,swe-agent,submitted,34,71,0.4788732394366197,37
swe-agent:053713:SmileyChris__django-countries-339,swe-agent,submitted (exit_context),46,221,0.2081447963800905,175
swe-agent:053742:SmileyChris__django-countries-339,swe-agent,submitted (exit_context),88,107,0.822429906542056,19
swe-agent:053745:SmileyChris__django-countries-339,swe-agent,submitted (exit_context),10,71,0.14084507042253522,61
swe-agent:053747:Zepmanbc__creopyson-2,swe-agent,submitted,62,97,0.6391752577319587,35
swe-agent:053748:Zepmanbc__creopyson-2,swe-agent,submitted (exit_context),16,237,0.06751054852320675,221
swe-agent:053757:Zepmanbc__creopyson-2,swe-agent,exit_context,30,619,0.048465266558966075,589
swe-agent:053799:asottile__pyupgrade-151,swe-agent,submitted (exit_context),16,147,0.10884353741496598,131
swe-agent:053808:aymanizz__smalld-click-24,swe-agent,submitted (exit_context),26,329,0.0790273556231003,303
swe-agent:053853:cdent__gabbi-153,swe-agent,submitted (exit_context),14,37,0.3783783783783784,23
swe-agent:053870:celery__py-amqp-379,swe-agent,exit_context,20,49,0.40816326530612246,29
swe-agent:053872:cunybpl__isdparser-2,swe-agent,submitted (exit_context),46,59,0.7796610169491526,13
swe-agent:053894:dev-cafe__parselglossy-52,swe-agent,submitted (exit_context),30,75,0.4,45
swe-agent:053900:dhatim__python-license-check-75,swe-agent,submitted,12,15,0.8,3
swe-agent:053909:dhatim__python-license-check-75,swe-agent,submitted (exit_context),28,53,0.5283018867924528,25
swe-agent:053915:dhatim__python-license-check-75,swe-agent,exit_context,18,105,0.17142857142857143,87
swe-agent:053920:dhatim__python-license-check-75,swe-agent,submitted,16,19,0.8421052631578947,3
swe-agent:053922:dhatim__python-license-check-75,swe-agent,submitted (exit_context),18,235,0.07659574468085106,217
swe-agent:053937:dhatim__python-license-check-75,swe-agent,submitted,14,19,0.7368421052631579,5
swe-agent:053940:dhatim__python-license-check-75,swe-agent,submitted (exit_context),24,111,0.21621621621621623,87
swe-agent:053959:django-money__django-money-689,swe-agent,submitted,10,19,0.5263157894736842,9
swe-agent:053964:django-money__django-money-689,swe-agent,submitted,12,51,0.23529411764705882,39
swe-agent:053970:django-money__django-money-689,swe-agent,submitted,44,53,0.8301886792452831,9
swe-agent:053986:django-money__django-money-689,swe-agent,submitted (exit_context),40,107,0.37383177570093457,67
swe-agent:054014:django-money__django-money-689,swe-agent,submitted,50,71,0.704225352112676,21
swe-agent:054054:glotzerlab__signac-flow-738,swe-agent,submitted (exit_context),32,327,0.09785932721712538,295
swe-agent:054123:horejsek__python-fastjsonschema-24,swe-agent,submitted (exit_context),28,65,0.4307692307692308,37
swe-agent:054165:innolitics__hdat-17,swe-agent,submitted (exit_context),52,73,0.7123287671232876,21
swe-agent:054175:innolitics__hdat-17,swe-agent,submitted,24,45,0.5333333333333333,21
swe-agent:054220:iterative__dvc-6120,swe-agent,early_exit,16,39,0.41025641025641024,23
swe-agent:054221:iterative__dvc-6120,swe-agent,submitted (exit_context),24,79,0.3037974683544304,55
swe-agent:054223:iterative__dvc-6120,swe-agent,submitted,24,41,0.5853658536585366,17
swe-agent:054224:iterative__dvc-6120,swe-agent,submitted (exit_context),62,77,0.8051948051948052,15
swe-agent:054225:iterative__dvc-6120,swe-agent,exit_context,8,69,0.11594202898550725,61
swe-agent:054228:iterative__dvc-6120,swe-agent,submitted,12,17,0.7058823529411765,5
swe-agent:054229:iterative__dvc-6120,swe-agent,submitted (exit_context),46,101,0.45544554455445546,55
swe-agent:054234:iterative__dvc-6120,swe-agent,submitted (exit_context),56,97,0.5773195876288659,41
swe-agent:054235:iterative__dvc-8204,swe-agent,submitted,36,93,0.3870967741935484,57
swe-agent:054239:iterative__dvc-8204,swe-agent,submitted (exit_context),64,71,0.9014084507042254,7
swe-agent:054247:iterative__dvc-8204,swe-agent,submitted (exit_context),68,101,0.6732673267326733,33
swe-agent:054250:iterative__dvc-8204,swe-agent,submitted (exit_context),16,141,0.11347517730496454,125
swe-agent:054255:iterative__dvc-9356,swe-agent,submitted (exit_context),26,133,0.19548872180451127,107
swe-agent:054256:iterative__dvc-9356,swe-agent,submitted (exit_context),22,89,0.24719101123595505,67
swe-agent:054262:iterative__dvc-9356,swe-agent,submitted (exit_context),44,107,0.411214953271028,63
swe-agent:054304:lbl-srg__BuildingsPy-181,swe-agent,submitted (exit_context),86,87,0.9885057471264368,1
swe-agent:054311:lbl-srg__BuildingsPy-181,swe-agent,submitted (exit_context),48,109,0.44036697247706424,61
swe-agent:054312:lektor__lektor-1086,swe-agent,submitted (exit_context),82,171,0.47953216374269003,89
swe-agent:054321:lektor__lektor-1086,swe-agent,submitted (exit_context),60,75,0.8,15
swe-agent:054328:lektor__lektor-1086,swe-agent,submitted (exit_context),50,61,0.819672131147541,11
swe-agent:054333:maxfischer2781__asyncstdlib-24,swe-agent,submitted (exit_context),34,73,0.4657534246575342,39
swe-agent:054334:maxfischer2781__asyncstdlib-24,swe-agent,submitted,20,57,0.3508771929824561,37
swe-agent:054339:maxfischer2781__asyncstdlib-24,swe-agent,submitted,14,45,0.3111111111111111,31
swe-agent:054348:mie-lab__trackintel-311,swe-agent,submitted,20,23,0.8695652173913043,3
swe-agent:054377:palantir__python-language-server-220,swe-agent,submitted (exit_context),52,161,0.32298136645962733,109
swe-agent:054378:palantir__python-language-server-220,swe-agent,submitted (exit_context),46,95,0.4842105263157895,49
swe-agent:054380:palantir__python-language-server-220,swe-agent,submitted (exit_context),18,83,0.21686746987951808,65
swe-agent:054390:pika__pika-1072,swe-agent,submitted,30,31,0.967741935483871,1
swe-agent:054399:pydantic__pydantic-1620,swe-agent,submitted,22,99,0.2222222222222222,77
swe-agent:054404:pydantic__pydantic-1620,swe-agent,submitted (exit_context),30,637,0.04709576138147567,607
swe-agent:054407:pydantic__pydantic-1620,swe-agent,submitted,28,81,0.345679012345679,53
swe-agent:054411:pydantic__pydantic-1620,swe-agent,early_exit,30,151,0.1986754966887417,121
swe-agent:054414:pydantic__pydantic-1620,swe-agent,early_exit,20,231,0.08658008658008658,211
swe-agent:054416:pydantic__pydantic-2000,swe-agent,submitted (exit_context),28,31,0.9032258064516129,3
swe-agent:054421:pydantic__pydantic-2000,swe-agent,submitted (exit_context),24,61,0.39344262295081966,37
swe-agent:054433:pydantic__pydantic-2000,swe-agent,submitted (exit_context),20,79,0.25316455696202533,59
swe-agent:054438:pydantic__pydantic-2000,swe-agent,submitted (exit_context),62,73,0.8493150684931506,11
swe-agent:054439:pydantic__pydantic-2000,swe-agent,submitted,74,103,0.7184466019417476,29
swe-agent:054450:pydantic__pydantic-2000,swe-agent,submitted (exit_context),48,69,0.6956521739130435,21
swe-agent:054480:reframe-hpc__reframe-3058,swe-agent,submitted (exit_context),36,117,0.3076923076923077,81
swe-agent:054484:reframe-hpc__reframe-3058,swe-agent,submitted (exit_context),68,113,0.6017699115044248,45
swe-agent:054485:reframe-hpc__reframe-3058,swe-agent,submitted (exit_context),52,99,0.5252525252525253,47
swe-agent:054489:reframe-hpc__reframe-3058,swe-agent,submitted (exit_context),34,93,0.3655913978494624,59
swe-agent:054498:sanic-org__sanic-2636,swe-agent,submitted (exit_context),58,75,0.7733333333333333,17
swe-agent:054505:sloria__sphinx-issues-29,swe-agent,submitted (exit_context),92,125,0.736,33
swe-agent:054529:tarohi24__typedflow-16,swe-agent,submitted (exit_context),30,111,0.2702702702702703,81
swe-agent:054530:tarohi24__typedflow-16,swe-agent,submitted,12,37,0.32432432432432434,25
swe-agent:054556:tarohi24__typedflow-16,swe-agent,submitted (exit_context),36,65,0.5538461538461539,29
swe-agent:054567:tarohi24__typedflow-68,swe-agent,submitted,10,21,0.47619047619047616,11
swe-agent:054578:tobymao__sqlglot-2232,swe-agent,submitted (exit_context),80,115,0.6956521739130435,35
swe-agent:054588:tobymao__sqlglot-2640,swe-agent,submitted (exit_context),24,51,0.47058823529411764,27
swe-agent:054617:tobymao__sqlglot-2640,swe-agent,submitted (exit_context),30,105,0.2857142857142857,75
swe-agent:054622:tobymao__sqlglot-2640,swe-agent,exit_context,28,51,0.5490196078431373,23
swe-agent:054630:tobymao__sqlglot-2640,swe-agent,exit_context,26,57,0.45614035087719296,31
swe-agent:054641:tobymao__sqlglot-2640,swe-agent,exit_context,44,75,0.5866666666666667,31
swe-agent:054698:zalando-stups__senza-535,swe-agent,exit_context,30,207,0.14492753623188406,177
swe-agent:054715:Clinical-Genomics__scout-593,swe-agent,exit_context,28,125,0.224,97
swe-agent:054722:DCC-Lab__RayTracing-180,swe-agent,submitted (exit_context),40,77,0.5194805194805194,37
swe-agent:054734:DCC-Lab__RayTracing-180,swe-agent,submitted,28,67,0.417910447761194,39
swe-agent:054741:DCC-Lab__RayTracing-180,swe-agent,submitted (exit_context),50,141,0.3546099290780142,91
swe-agent:054759:LSSTDESC__ceci-84,swe-agent,exit_context,52,77,0.6753246753246753,25
swe-agent:054766:LSSTDESC__ceci-84,swe-agent,exit_context,26,71,0.36619718309859156,45
swe-agent:054768:LSSTDESC__ceci-84,swe-agent,exit_context,94,133,0.706766917293233,39
swe-agent:054787:RPing__influx-prompt-17,swe-agent,submitted,44,83,0.5301204819277109,39
swe-agent:054818:RPing__influx-prompt-17,swe-agent,submitted,20,133,0.15037593984962405,113
swe-agent:054829:RPing__influx-prompt-17,swe-agent,submitted,26,85,0.3058823529411765,59
swe-agent:054869:asottile__pyupgrade-153,swe-agent,submitted (exit_context),54,73,0.7397260273972602,19
swe-agent:054874:asottile__pyupgrade-153,swe-agent,submitted,22,65,0.3384615384615385,43
swe-agent:054875:asottile__pyupgrade-153,swe-agent,submitted (exit_context),36,75,0.48,39
swe-agent:054879:astropy__pyvo-427,swe-agent,exit_context,34,81,0.41975308641975306,47
swe-agent:054890:astropy__pyvo-427,swe-agent,exit_context,20,49,0.40816326530612246,29
swe-agent:054960:cekit__cekit-429,swe-agent,submitted (exit_context),28,59,0.4745762711864407,31
swe-agent:054984:cekit__cekit-429,swe-agent,submitted,16,19,0.8421052631578947,3
swe-agent:055021:docker__docker-py-1150,swe-agent,submitted (exit_context),16,53,0.3018867924528302,37
swe-agent:055022:docker__docker-py-1150,swe-agent,submitted (exit_context),26,75,0.3466666666666667,49
swe-agent:055025:docker__docker-py-1150,swe-agent,submitted (exit_context),14,63,0.2222222222222222,49
swe-agent:055026:docker__docker-py-1150,swe-agent,submitted (exit_context),16,55,0.2909090909090909,39
swe-agent:055036:docker__docker-py-1150,swe-agent,submitted (exit_context),24,65,0.36923076923076925,41
swe-agent:055049:docker__docker-py-1150,swe-agent,submitted (exit_context),46,77,0.5974025974025974,31
swe-agent:055053:docker__docker-py-1150,swe-agent,submitted (exit_context),14,69,0.2028985507246377,55
swe-agent:055055:docker__docker-py-1150,swe-agent,submitted (exit_context),16,67,0.23880597014925373,51
swe-agent:055057:docker__docker-py-1150,swe-agent,submitted (exit_context),14,53,0.2641509433962264,39
swe-agent:055071:druid-io__pydruid-58,swe-agent,submitted (exit_context),46,97,0.4742268041237113,51
swe-agent:055111:druid-io__pydruid-58,swe-agent,submitted,32,45,0.7111111111111111,13
swe-agent:055137:eliben__pycparser-255,swe-agent,submitted (exit_context),16,107,0.14953271028037382,91
swe-agent:055157:fitbenchmarking__fitbenchmarking-664,swe-agent,submitted (exit_context),58,59,0.9830508474576272,1
swe-agent:055170:fsspec__filesystem_spec-1465,swe-agent,submitted (exit_context),32,119,0.2689075630252101,87
swe-agent:055182:google__importlab-13,swe-agent,submitted,34,35,0.9714285714285714,1
swe-agent:055186:google__importlab-13,swe-agent,submitted (exit_context),78,83,0.9397590361445783,5
swe-agent:055195:google__importlab-13,swe-agent,submitted (exit_context),40,63,0.6349206349206349,23
swe-agent:055201:google__importlab-13,swe-agent,exit_context,12,223,0.053811659192825115,211
swe-agent:055205:google__importlab-13,swe-agent,submitted (exit_context),12,209,0.05741626794258373,197
swe-agent:055214:google__importlab-13,swe-agent,submitted (exit_context),26,215,0.12093023255813953,189
swe-agent:055227:google__importlab-13,swe-agent,submitted (exit_context),26,195,0.13333333333333333,169
swe-agent:055232:google__importlab-13,swe-agent,submitted,22,29,0.7586206896551724,7
swe-agent:055244:google__importlab-13,swe-agent,submitted (exit_context),120,151,0.7947019867549668,31
swe-agent:055257:google__importlab-13,swe-agent,submitted (exit_context),84,101,0.8316831683168316,17
swe-agent:055264:google__importlab-13,swe-agent,exit_context,76,609,0.12479474548440066,533
swe-agent:055268:google__importlab-13,swe-agent,submitted (exit_context),28,53,0.5283018867924528,25
swe-agent:055271:google__importlab-13,swe-agent,submitted (exit_context),48,179,0.2681564245810056,131
swe-agent:055285:gouline__dbt-metabase-224,swe-agent,submitted,12,27,0.4444444444444444,15
swe-agent:055297:gouline__dbt-metabase-224,swe-agent,submitted (exit_context),60,67,0.8955223880597015,7
swe-agent:055301:gouline__dbt-metabase-224,swe-agent,submitted (exit_context),22,69,0.3188405797101449,47
swe-agent:055321:hgrecco__pint-527,swe-agent,exit_context,18,85,0.21176470588235294,67
swe-agent:055333:hgrecco__pint-527,swe-agent,exit_context,46,49,0.9387755102040817,3
swe-agent:055339:hgrecco__pint-527,swe-agent,exit_context,24,61,0.39344262295081966,37
swe-agent:055342:hgrecco__pint-527,swe-agent,exit_context,20,63,0.31746031746031744,43
swe-agent:055357:hgrecco__pint-527,swe-agent,submitted,28,37,0.7567567567567568,9
swe-agent:055358:hgrecco__pint-527,swe-agent,submitted,16,31,0.5161290322580645,15
swe-agent:055361:hgrecco__pint-527,swe-agent,submitted (exit_context),46,47,0.9787234042553191,1
swe-agent:055362:hgrecco__pint-527,swe-agent,exit_context,16,59,0.2711864406779661,43
swe-agent:055367:hgrecco__pint-527,swe-agent,exit_context,34,101,0.33663366336633666,67
swe-agent:055370:hgrecco__pint-527,swe-agent,submitted (exit_context),16,199,0.08040201005025126,183
swe-agent:055371:hgrecco__pint-527,swe-agent,exit_context,22,97,0.2268041237113402,75
swe-agent:055376:hgrecco__pint-527,swe-agent,exit_context,10,81,0.12345679012345678,71
swe-agent:055379:hgrecco__pint-527,swe-agent,exit_context,28,91,0.3076923076923077,63
swe-agent:055380:hgrecco__pint-527,swe-agent,submitted,16,27,0.5925925925925926,11
swe-agent:055386:hkraal__ssht-11,swe-agent,submitted (exit_context),34,53,0.6415094339622641,19
swe-agent:055411:isi-vista__adam-314,swe-agent,submitted,26,53,0.49056603773584906,27
swe-agent:055422:iterative__dvc-2302,swe-agent,submitted,22,37,0.5945945945945946,15
swe-agent:055431:iterative__dvc-2302,swe-agent,early_exit,16,251,0.06374501992031872,235
swe-agent:055469:iterative__dvc-3132,swe-agent,submitted (exit_context),14,203,0.06896551724137931,189
swe-agent:055470:iterative__dvc-3132,swe-agent,submitted,14,37,0.3783783783783784,23
swe-agent:055473:iterative__dvc-3132,swe-agent,exit_context,24,791,0.03034134007585335,767
swe-agent:055484:iterative__dvc-3132,swe-agent,submitted,14,43,0.32558139534883723,29
swe-agent:055486:iterative__dvc-3132,swe-agent,submitted,44,53,0.8301886792452831,9
swe-agent:055487:iterative__dvc-3132,swe-agent,submitted (exit_context),60,97,0.6185567010309279,37
swe-agent:055494:iterative__dvc-3132,swe-agent,exit_context,10,539,0.01855287569573284,529
swe-agent:055507:iterative__dvc-3132,swe-agent,submitted,14,39,0.358974358974359,25
swe-agent:055511:iterative__dvc-3333,swe-agent,submitted (exit_context),74,91,0.8131868131868132,17
swe-agent:055520:iterative__dvc-3333,swe-agent,submitted (exit_context),54,81,0.6666666666666666,27
swe-agent:055533:iterative__dvc-3351,swe-agent,submitted (exit_context),40,109,0.3669724770642202,69
swe-agent:055539:iterative__dvc-3351,swe-agent,submitted (exit_context),42,93,0.45161290322580644,51
swe-agent:055548:iterative__dvc-3711,swe-agent,submitted,16,21,0.7619047619047619,5
swe-agent:055563:iterative__dvc-3711,swe-agent,exit_context,36,123,0.2926829268292683,87
swe-agent:055564:iterative__dvc-3711,swe-agent,exit_context,20,61,0.32786885245901637,41
swe-agent:055570:iterative__dvc-3711,swe-agent,submitted (exit_context),60,67,0.8955223880597015,7
swe-agent:055587:iterative__dvc-3711,swe-agent,submitted,22,31,0.7096774193548387,9
swe-agent:055591:iterative__dvc-3711,swe-agent,submitted (exit_context),10,91,0.10989010989010989,81
swe-agent:055597:iterative__dvc-3711,swe-agent,submitted,20,59,0.3389830508474576,39
swe-agent:055603:iterative__dvc-6855,swe-agent,submitted,42,107,0.3925233644859813,65
swe-agent:055605:iterative__dvc-6855,swe-agent,submitted (exit_context),26,85,0.3058823529411765,59
swe-agent:055607:iterative__dvc-6855,swe-agent,submitted,30,35,0.8571428571428571,5
swe-agent:055616:iterative__dvc-6855,swe-agent,submitted (exit_context),84,115,0.7304347826086957,31
swe-agent:055618:iterative__dvc-6855,swe-agent,early_exit,48,233,0.20600858369098712,185
swe-agent:055636:iterative__dvc-7103,swe-agent,submitted (exit_context),26,91,0.2857142857142857,65
swe-agent:055638:iterative__dvc-7331,swe-agent,submitted (exit_context),56,61,0.9180327868852459,5
swe-agent:055646:iterative__dvc-7331,swe-agent,submitted,88,123,0.7154471544715447,35
swe-agent:055651:iterative__dvc-7331,swe-agent,early_exit,14,269,0.05204460966542751,255
swe-agent:055663:iterative__dvc-7803,swe-agent,submitted (exit_context),140,143,0.9790209790209791,3
swe-agent:055665:iterative__dvc-7803,swe-agent,submitted (exit_context),56,89,0.6292134831460674,33
swe-agent:055667:iterative__dvc-7803,swe-agent,submitted,24,25,0.96,1
swe-agent:055670:iterative__dvc-8833,swe-agent,submitted (exit_context),20,95,0.21052631578947367,75
swe-agent:055674:iterative__dvc-8833,swe-agent,submitted (exit_context),44,193,0.22797927461139897,149
swe-agent:055676:iterative__dvc-8833,swe-agent,exit_context,10,77,0.12987012987012986,67
swe-agent:055680:iterative__dvc-8833,swe-agent,submitted (exit_context),28,131,0.21374045801526717,103
swe-agent:055692:iterative__dvc-8833,swe-agent,submitted (exit_context),32,491,0.06517311608961303,459
swe-agent:055699:iterative__dvc-8833,swe-agent,submitted (exit_context),54,79,0.6835443037974683,25
swe-agent:055700:iterative__dvc-8833,swe-agent,submitted (exit_context),34,117,0.2905982905982906,83
swe-agent:055703:iterative__dvc-8833,swe-agent,submitted,34,35,0.9714285714285714,1
swe-agent:055717:iterative__dvc-9689,swe-agent,submitted,34,53,0.6415094339622641,19
swe-agent:055721:iterative__dvc-9689,swe-agent,early_exit,22,295,0.07457627118644068,273
swe-agent:055724:iterative__dvc-9689,swe-agent,submitted (exit_context),18,73,0.2465753424657534,55
swe-agent:055725:iterative__dvc-9689,swe-agent,early_exit,54,89,0.6067415730337079,35
swe-agent:055733:jupyter-server__jupyter_server-497,swe-agent,submitted (exit_context),64,95,0.6736842105263158,31
swe-agent:055738:jupyter-server__jupyter_server-497,swe-agent,submitted (exit_context),38,341,0.11143695014662756,303
swe-agent:055743:jupyter-server__jupyter_server-497,swe-agent,submitted (exit_context),68,91,0.7472527472527473,23
swe-agent:055744:jupyter-server__jupyter_server-497,swe-agent,submitted (exit_context),46,381,0.12073490813648294,335
swe-agent:055755:keleshev__schema-247,swe-agent,early_exit,20,33,0.6060606060606061,13
swe-agent:055764:keleshev__schema-247,swe-agent,submitted (exit_context),60,81,0.7407407407407407,21
swe-agent:055767:keleshev__schema-247,swe-agent,submitted (exit_context),70,83,0.8433734939759037,13
swe-agent:055768:keleshev__schema-247,swe-agent,submitted,16,27,0.5925925925925926,11
swe-agent:055775:keleshev__schema-247,swe-agent,submitted (exit_context),34,63,0.5396825396825397,29
swe-agent:055795:lepture__python-livereload-198,swe-agent,submitted,18,37,0.4864864864864865,19
swe-agent:055815:lidatong__dataclasses-json-435,swe-agent,submitted (exit_context),26,63,0.4126984126984127,37
swe-agent:055823:lidatong__dataclasses-json-435,swe-agent,submitted,26,47,0.5531914893617021,21
swe-agent:055830:lidatong__dataclasses-json-435,swe-agent,submitted (exit_context),46,73,0.6301369863013698,27
swe-agent:055854:macbre__sql-metadata-127,swe-agent,submitted (exit_context),34,71,0.4788732394366197,37
swe-agent:055857:macbre__sql-metadata-127,swe-agent,submitted (exit_context),32,95,0.3368421052631579,63
swe-agent:055869:macbre__sql-metadata-127,swe-agent,submitted,20,41,0.4878048780487805,21
swe-agent:055874:macbre__sql-metadata-127,swe-agent,submitted,86,95,0.9052631578947369,9
swe-agent:055883:macbre__sql-metadata-127,swe-agent,submitted (exit_context),50,59,0.847457627118644,9
swe-agent:055888:macbre__sql-metadata-127,swe-agent,submitted (exit_context),42,77,0.5454545454545454,35
swe-agent:055913:mgcth__mysgen-49,swe-agent,exit_context,18,43,0.4186046511627907,25
swe-agent:055915:mgcth__mysgen-49,swe-agent,exit_context,16,61,0.26229508196721313,45
swe-agent:055916:mgcth__mysgen-49,swe-agent,exit_context,18,85,0.21176470588235294,67
swe-agent:055932:mgcth__mysgen-49,swe-agent,submitted (exit_context),34,41,0.8292682926829268,7
swe-agent:055938:mgcth__mysgen-49,swe-agent,exit_context,24,45,0.5333333333333333,21
swe-agent:055942:mgcth__mysgen-49,swe-agent,exit_context,28,63,0.4444444444444444,35
swe-agent:055947:mgcth__mysgen-49,swe-agent,submitted (exit_context),44,119,0.3697478991596639,75
swe-agent:055958:mgcth__mysgen-49,swe-agent,submitted (exit_context),30,51,0.5882352941176471,21
swe-agent:055967:mirumee__ariadne-266,swe-agent,submitted,20,41,0.4878048780487805,21
swe-agent:056006:mkdocs__mkdocs-1018,swe-agent,submitted (exit_context),18,59,0.3050847457627119,41
swe-agent:056012:mkdocs__mkdocs-1018,swe-agent,submitted (exit_context),36,393,0.0916030534351145,357
swe-agent:056054:nipy__nipype-2375,swe-agent,submitted,34,55,0.6181818181818182,21
swe-agent:056091:palantir__python-language-server-146,swe-agent,submitted,34,49,0.6938775510204082,15
swe-agent:056102:palantir__python-language-server-146,swe-agent,submitted,22,81,0.2716049382716049,59
swe-agent:056141:pydantic__pydantic-2567,swe-agent,submitted (exit_context),38,69,0.5507246376811594,31
swe-agent:056163:pydantic__pydantic-3642,swe-agent,submitted (exit_context),52,67,0.7761194029850746,15
swe-agent:056165:pydantic__pydantic-3642,swe-agent,submitted (exit_context),36,75,0.48,39
swe-agent:056176:pydantic__pydantic-3642,swe-agent,submitted (exit_context),34,59,0.576271186440678,25
swe-agent:056184:pydantic__pydantic-3642,swe-agent,submitted (exit_context),34,69,0.4927536231884058,35
swe-agent:056205:pydantic__pydantic-5052,swe-agent,submitted,20,69,0.2898550724637681,49
swe-agent:056207:pydantic__pydantic-5052,swe-agent,submitted (exit_context),32,99,0.32323232323232326,67
swe-agent:056213:pydantic__pydantic-5052,swe-agent,submitted (exit_context),10,61,0.16393442622950818,51
swe-agent:056217:pydantic__pydantic-5052,swe-agent,submitted (exit_context),28,77,0.36363636363636365,49
swe-agent:056218:pydantic__pydantic-5052,swe-agent,submitted (exit_context),36,103,0.34951456310679613,67
swe-agent:056220:pydantic__pydantic-5052,swe-agent,submitted,26,33,0.7878787878787878,7
swe-agent:056223:pydantic__pydantic-5052,swe-agent,submitted (exit_context),98,101,0.9702970297029703,3
swe-agent:056225:pydantic__pydantic-5052,swe-agent,submitted (exit_context),22,51,0.43137254901960786,29
swe-agent:056227:pydantic__pydantic-5052,swe-agent,submitted (exit_context),46,77,0.5974025974025974,31
swe-agent:056228:pydantic__pydantic-5052,swe-agent,submitted (exit_context),32,49,0.6530612244897959,17
swe-agent:056232:pydantic__pydantic-5052,swe-agent,submitted (exit_context),24,71,0.3380281690140845,47
swe-agent:056234:pydantic__pydantic-5052,swe-agent,submitted (exit_context),14,43,0.32558139534883723,29
swe-agent:056252:pydantic__pydantic-606,swe-agent,submitted,16,85,0.18823529411764706,69
swe-agent:056266:pydantic__pydantic-740,swe-agent,submitted (exit_context),18,153,0.11764705882352941,135
swe-agent:056277:python-metar__python-metar-120,swe-agent,exit_context,28,69,0.4057971014492754,41
swe-agent:056284:python-metar__python-metar-120,swe-agent,submitted (exit_context),34,45,0.7555555555555555,11
swe-agent:056290:python-metar__python-metar-120,swe-agent,submitted (exit_context),26,71,0.36619718309859156,45
swe-agent:056303:python-metar__python-metar-120,swe-agent,exit_context,16,63,0.25396825396825395,47
swe-agent:056305:python-metar__python-metar-120,swe-agent,submitted (exit_context),40,77,0.5194805194805194,37
swe-agent:056307:python-metar__python-metar-120,swe-agent,exit_context,14,59,0.23728813559322035,45
swe-agent:056319:repobee__repobee-csvgrades-23,swe-agent,submitted,24,27,0.8888888888888888,3
swe-agent:056336:ros-infrastructure__rosdistro-89,swe-agent,submitted (exit_context),34,111,0.3063063063063063,77
swe-agent:056372:sloria__sphinx-issues-67,swe-agent,exit_context,16,33,0.48484848484848486,17
swe-agent:056373:sloria__sphinx-issues-67,swe-agent,exit_context,34,37,0.918918918918919,3
swe-agent:056374:sloria__sphinx-issues-67,swe-agent,exit_context,20,25,0.8,5
swe-agent:056375:sloria__sphinx-issues-67,swe-agent,exit_context,32,71,0.4507042253521127,39
swe-agent:056377:sloria__sphinx-issues-67,swe-agent,exit_context,34,37,0.918918918918919,3
swe-agent:056378:sloria__sphinx-issues-67,swe-agent,exit_context,28,31,0.9032258064516129,3
swe-agent:056380:sloria__sphinx-issues-67,swe-agent,submitted (exit_context),8,47,0.1702127659574468,39
swe-agent:056381:sloria__sphinx-issues-67,swe-agent,exit_context,20,33,0.6060606060606061,13
swe-agent:056391:spdx__tools-python-757,swe-agent,submitted,10,35,0.2857142857142857,25
swe-agent:056392:spdx__tools-python-757,swe-agent,submitted,20,33,0.6060606060606061,13
swe-agent:056394:spdx__tools-python-757,swe-agent,submitted,10,17,0.5882352941176471,7
swe-agent:056398:spdx__tools-python-757,swe-agent,submitted,10,33,0.30303030303030304,23
swe-agent:056399:spdx__tools-python-757,swe-agent,submitted,20,33,0.6060606060606061,13
swe-agent:056401:spdx__tools-python-757,swe-agent,submitted (exit_context),38,67,0.5671641791044776,29
swe-agent:056405:spdx__tools-python-757,swe-agent,submitted,12,39,0.3076923076923077,27
swe-agent:056441:tobymao__sqlglot-1863,swe-agent,submitted (exit_context),58,133,0.43609022556390975,75
swe-agent:056443:tobymao__sqlglot-1863,swe-agent,submitted (exit_context),30,99,0.30303030303030304,69
swe-agent:056445:walles__px-50,swe-agent,exit_context,38,101,0.37623762376237624,63
swe-agent:056447:walles__px-50,swe-agent,submitted (exit_context),26,61,0.4262295081967213,35
swe-agent:056459:wireservice__csvkit-770,swe-agent,submitted,54,87,0.6206896551724138,33
swe-agent:056461:wireservice__csvkit-770,swe-agent,submitted,20,47,0.425531914893617,27
swe-agent:056462:wireservice__csvkit-770,swe-agent,submitted,34,49,0.6938775510204082,15
swe-agent:056464:wireservice__csvkit-770,swe-agent,exit_context,42,83,0.5060240963855421,41
swe-agent:056479:wireservice__csvkit-770,swe-agent,submitted,58,61,0.9508196721311475,3
swe-agent:056500:zulip__zulip-terminal-1472,swe-agent,submitted (exit_context),36,183,0.19672131147540983,147
swe-agent:056501:zulip__zulip-terminal-1472,swe-agent,submitted (exit_context),48,231,0.2077922077922078,183
swe-agent:056502:zulip__zulip-terminal-1472,swe-agent,exit_context,22,61,0.36065573770491804,39
swe-agent:056513:Azure__msrest-for-python-67,swe-agent,submitted (exit_context),18,31,0.5806451612903226,13
swe-agent:056523:BlueBrain__NeuroM-1064,swe-agent,exit_context,30,47,0.6382978723404256,17
swe-agent:056540:DataDog__datadogpy-382,swe-agent,submitted (exit_context),30,41,0.7317073170731707,11
swe-agent:056546:DataDog__datadogpy-382,swe-agent,submitted (exit_context),42,169,0.2485207100591716,127
swe-agent:056566:JelleZijlstra__ast_decompiler-34,swe-agent,submitted (exit_context),48,111,0.43243243243243246,63
swe-agent:056567:JelleZijlstra__ast_decompiler-34,swe-agent,submitted (exit_context),42,113,0.37168141592920356,71
swe-agent:056569:JelleZijlstra__ast_decompiler-34,swe-agent,submitted,24,63,0.38095238095238093,39
swe-agent:056574:JelleZijlstra__ast_decompiler-34,swe-agent,submitted (exit_context),64,311,0.2057877813504823,247
swe-agent:056581:JelleZijlstra__ast_decompiler-34,swe-agent,submitted (exit_context),58,59,0.9830508474576272,1
swe-agent:056587:PyCQA__pyflakes-765,swe-agent,submitted (exit_context),32,77,0.4155844155844156,45
swe-agent:056597:QualiSystems__cloudshell-networking-juniper-48,swe-agent,exit_context,28,61,0.45901639344262296,33
swe-agent:056598:QualiSystems__cloudshell-networking-juniper-48,swe-agent,exit_context,26,41,0.6341463414634146,15
swe-agent:056603:QualiSystems__cloudshell-networking-juniper-48,swe-agent,submitted (exit_context),32,69,0.463768115942029,37
swe-agent:056604:QualiSystems__cloudshell-networking-juniper-48,swe-agent,exit_context,20,73,0.273972602739726,53
swe-agent:056611:StellarCN__py-stellar-base-817,swe-agent,submitted (exit_context),20,103,0.1941747572815534,83
swe-agent:056620:Stranger6667__pyanyapi-42,swe-agent,submitted (exit_context),36,119,0.3025210084033613,83
swe-agent:056625:Stranger6667__pyanyapi-42,swe-agent,submitted (exit_context),22,75,0.29333333333333333,53
swe-agent:056626:Stranger6667__pyanyapi-42,swe-agent,submitted (exit_context),52,113,0.46017699115044247,61
swe-agent:056628:Stranger6667__pyanyapi-42,swe-agent,submitted (exit_context),50,95,0.5263157894736842,45
swe-agent:056630:Stranger6667__pyanyapi-42,swe-agent,submitted (exit_context),46,93,0.4946236559139785,47
swe-agent:056712:XKNX__xknx-572,swe-agent,submitted (exit_context),36,37,0.972972972972973,1
swe-agent:056713:XKNX__xknx-572,swe-agent,submitted (exit_context),40,79,0.5063291139240507,39
swe-agent:056715:abs-tudelft__vhdeps-21,swe-agent,exit_context,34,51,0.6666666666666666,17
swe-agent:056734:agronholm__sphinx-autodoc-typehints-64,swe-agent,submitted (exit_context),40,87,0.45977011494252873,47
swe-agent:056736:agronholm__sphinx-autodoc-typehints-64,swe-agent,submitted (exit_context),32,213,0.15023474178403756,181
swe-agent:056738:agronholm__sphinx-autodoc-typehints-64,swe-agent,submitted (exit_context),34,41,0.8292682926829268,7
swe-agent:056739:agronholm__sphinx-autodoc-typehints-64,swe-agent,submitted (exit_context),28,87,0.3218390804597701,59
swe-agent:056745:alexander-akhmetov__python-telegram-92,swe-agent,submitted (exit_context),34,455,0.07472527472527472,421
swe-agent:056761:brightway-lca__brightway2-analyzer-19,swe-agent,submitted (exit_context),30,93,0.3225806451612903,63
swe-agent:056791:brightway-lca__brightway2-analyzer-19,swe-agent,submitted (exit_context),60,63,0.9523809523809523,3
swe-agent:056807:brightway-lca__brightway2-analyzer-19,swe-agent,submitted (exit_context),26,47,0.5531914893617021,21
swe-agent:056810:brightway-lca__brightway2-analyzer-19,swe-agent,submitted (exit_context),36,75,0.48,39
swe-agent:056821:brightway-lca__brightway2-analyzer-19,swe-agent,submitted (exit_context),20,65,0.3076923076923077,45
swe-agent:056833:colour-science__flask-compress-36,swe-agent,submitted (exit_context),12,439,0.02733485193621868,427
swe-agent:056887:dougthor42__pynuget-41,swe-agent,submitted (exit_context),42,99,0.42424242424242425,57
swe-agent:056889:dougthor42__pynuget-41,swe-agent,submitted (exit_context),92,101,0.9108910891089109,9
swe-agent:056906:dropbox__pyannotate-83,swe-agent,submitted (exit_context),66,127,0.5196850393700787,61
swe-agent:056933:dropbox__stone-117,swe-agent,submitted (exit_context),58,115,0.5043478260869565,57
swe-agent:056937:dropbox__stone-117,swe-agent,submitted (exit_context),36,37,0.972972972972973,1
swe-agent:056956:erikrose__parsimonious-211,swe-agent,exit_context,38,67,0.5671641791044776,29
swe-agent:056959:erikrose__parsimonious-211,swe-agent,exit_context,118,123,0.959349593495935,5
swe-agent:056964:fgmacedo__python-statemachine-387,swe-agent,submitted (exit_context),40,63,0.6349206349206349,23
swe-agent:056968:fgmacedo__python-statemachine-387,swe-agent,submitted (exit_context),24,57,0.42105263157894735,33
swe-agent:056976:holoviz__datashader-1185,swe-agent,submitted (exit_context),46,105,0.4380952380952381,59
swe-agent:056977:holoviz__datashader-1185,swe-agent,exit_context,34,61,0.5573770491803278,27
swe-agent:056978:holoviz__datashader-1185,swe-agent,exit_context,32,61,0.5245901639344263,29
swe-agent:056982:hylang__hy-2454,swe-agent,submitted,26,45,0.5777777777777777,19
swe-agent:056985:hylang__hy-2454,swe-agent,exit_context,20,89,0.2247191011235955,69
swe-agent:056996:hylang__hy-2454,swe-agent,submitted (exit_context),38,75,0.5066666666666667,37
swe-agent:056997:hylang__hy-2454,swe-agent,exit_context,18,63,0.2857142857142857,45
swe-agent:057004:hylang__hy-2454,swe-agent,submitted (exit_context),34,39,0.8717948717948718,5
swe-agent:057007:hylang__hy-2454,swe-agent,submitted (exit_context),26,43,0.6046511627906976,17
swe-agent:057009:hylang__hy-2454,swe-agent,exit_context,20,35,0.5714285714285714,15
swe-agent:057012:hylang__hy-2454,swe-agent,submitted (exit_context),32,47,0.6808510638297872,15
swe-agent:057027:influxdata__influxdb-client-python-203,swe-agent,submitted (exit_context),36,131,0.2748091603053435,95
swe-agent:057029:influxdata__influxdb-client-python-203,swe-agent,submitted (exit_context),70,75,0.9333333333333333,5
swe-agent:057035:influxdata__influxdb-client-python-203,swe-agent,submitted (exit_context),62,71,0.8732394366197183,9
swe-agent:057037:influxdata__influxdb-client-python-203,swe-agent,submitted (exit_context),44,85,0.5176470588235295,41
swe-agent:057039:influxdata__influxdb-client-python-203,swe-agent,submitted (exit_context),48,55,0.8727272727272727,7
swe-agent:057042:influxdata__influxdb-client-python-203,swe-agent,submitted (exit_context),34,57,0.5964912280701754,23
swe-agent:057051:influxdata__influxdb-client-python-203,swe-agent,submitted (exit_context),62,73,0.8493150684931506,11
swe-agent:057053:influxdata__influxdb-client-python-203,swe-agent,submitted (exit_context),34,41,0.8292682926829268,7
swe-agent:057059:influxdata__influxdb-client-python-203,swe-agent,submitted (exit_context),56,73,0.7671232876712328,17
swe-agent:057060:influxdata__influxdb-client-python-203,swe-agent,submitted (exit_context),30,37,0.8108108108108109,7
swe-agent:057066:influxdata__influxdb-client-python-203,swe-agent,submitted (exit_context),62,65,0.9538461538461539,3
swe-agent:057070:influxdata__influxdb-client-python-203,swe-agent,submitted (exit_context),20,49,0.40816326530612246,29
swe-agent:057076:influxdata__influxdb-client-python-203,swe-agent,submitted (exit_context),58,59,0.9830508474576272,1
swe-agent:057077:influxdata__influxdb-client-python-203,swe-agent,submitted (exit_context),28,83,0.3373493975903614,55
swe-agent:057088:intelsdi-x__snap-plugin-lib-py-6,swe-agent,submitted (exit_context),50,75,0.6666666666666666,25
swe-agent:057093:ipython__ipyparallel-465,swe-agent,submitted (exit_context),32,335,0.0955223880597015,303
swe-agent:057098:iterative__dvc-2481,swe-agent,submitted (exit_context),56,159,0.3522012578616352,103
swe-agent:057100:iterative__dvc-2481,swe-agent,submitted (exit_context),30,203,0.1477832512315271,173
swe-agent:057104:iterative__dvc-2481,swe-agent,early_exit,18,33,0.5454545454545454,15
swe-agent:057110:iterative__dvc-2481,swe-agent,submitted (exit_context),28,225,0.12444444444444444,197
swe-agent:057120:iterative__dvc-4386,swe-agent,submitted,10,87,0.11494252873563218,77
swe-agent:057121:iterative__dvc-4386,swe-agent,submitted (exit_context),26,83,0.3132530120481928,57
swe-agent:057122:iterative__dvc-4386,swe-agent,early_exit,20,271,0.07380073800738007,251
swe-agent:057159:jaraco__zipp-8,swe-agent,submitted (exit_context),72,175,0.4114285714285714,103
swe-agent:057163:jaraco__zipp-8,swe-agent,submitted (exit_context),18,85,0.21176470588235294,67
swe-agent:057170:jaraco__zipp-8,swe-agent,submitted (exit_context),44,131,0.33587786259541985,87
swe-agent:057183:jaraco__zipp-8,swe-agent,submitted (exit_context),48,85,0.5647058823529412,37
swe-agent:057203:just-work__fffw-64,swe-agent,submitted (exit_context),24,59,0.4067796610169492,35
swe-agent:057214:just-work__fffw-64,swe-agent,submitted,10,53,0.18867924528301888,43
swe-agent:057217:just-work__fffw-64,swe-agent,submitted,10,71,0.14084507042253522,61
swe-agent:057224:just-work__fffw-64,swe-agent,exit_context,24,53,0.4528301886792453,29
swe-agent:057229:just-work__fffw-64,swe-agent,submitted,30,51,0.5882352941176471,21
swe-agent:057230:just-work__fffw-64,swe-agent,submitted,18,51,0.35294117647058826,33
swe-agent:057255:just-work__fffw-64,swe-agent,submitted (exit_context),28,67,0.417910447761194,39
swe-agent:057269:litl__backoff-172,swe-agent,submitted,18,43,0.4186046511627907,25
swe-agent:057276:litl__backoff-172,swe-agent,submitted (exit_context),24,43,0.5581395348837209,19
swe-agent:057286:lundberg__respx-206,swe-agent,submitted (exit_context),22,47,0.46808510638297873,25
swe-agent:057289:lundberg__respx-206,swe-agent,submitted (exit_context),34,59,0.576271186440678,25
swe-agent:057319:lundberg__respx-206,swe-agent,submitted,62,65,0.9538461538461539,3
swe-agent:057384:melexis__warnings-plugin-28,swe-agent,submitted,38,47,0.8085106382978723,9
swe-agent:057391:melexis__warnings-plugin-28,swe-agent,submitted,10,31,0.3225806451612903,21
swe-agent:057397:mie-lab__trackintel-275,swe-agent,submitted (exit_context),14,233,0.060085836909871244,219
swe-agent:057421:palantir__python-jsonrpc-server-37,swe-agent,submitted,18,23,0.782608695652174,5
swe-agent:057437:palantir__python-jsonrpc-server-37,swe-agent,submitted,24,37,0.6486486486486487,13
swe-agent:057442:palantir__python-jsonrpc-server-37,swe-agent,submitted (exit_context),18,39,0.46153846153846156,21
swe-agent:057451:palantir__python-jsonrpc-server-37,swe-agent,exit_context,38,271,0.14022140221402213,233
swe-agent:057453:palantir__python-jsonrpc-server-37,swe-agent,submitted,40,49,0.8163265306122449,9
swe-agent:057472:planetlabs__planet-client-python-695,swe-agent,submitted (exit_context),28,57,0.49122807017543857,29
swe-agent:057487:planetlabs__planet-client-python-713,swe-agent,exit_context,30,59,0.5084745762711864,29
swe-agent:057521:planetlabs__planet-client-python-713,swe-agent,submitted (exit_context),18,79,0.22784810126582278,61
swe-agent:057539:pydantic__pydantic-1321,swe-agent,submitted,26,33,0.7878787878787878,7
swe-agent:057549:pydantic__pydantic-1562,swe-agent,submitted,48,163,0.294478527607362,115
swe-agent:057550:pydantic__pydantic-1562,swe-agent,submitted (exit_context),36,45,0.8,9
swe-agent:057556:pydantic__pydantic-1562,swe-agent,early_exit,10,65,0.15384615384615385,55
swe-agent:057562:pydantic__pydantic-1562,swe-agent,submitted (exit_context),50,89,0.5617977528089888,39
swe-agent:057595:pydantic__pydantic-2282,swe-agent,submitted,48,65,0.7384615384615385,17
swe-agent:057600:pydantic__pydantic-2282,swe-agent,submitted,8,83,0.0963855421686747,75
swe-agent:057612:pydantic__pydantic-2282,swe-agent,submitted (exit_context),36,71,0.5070422535211268,35
swe-agent:057615:pydantic__pydantic-2282,swe-agent,submitted (exit_context),36,55,0.6545454545454545,19
swe-agent:057640:pydantic__pydantic-3819,swe-agent,submitted (exit_context),44,81,0.5432098765432098,37
swe-agent:057641:pydantic__pydantic-3819,swe-agent,submitted (exit_context),22,75,0.29333333333333333,53
swe-agent:057645:pydantic__pydantic-3819,swe-agent,submitted (exit_context),52,71,0.7323943661971831,19
swe-agent:057651:pydantic__pydantic-3819,swe-agent,submitted (exit_context),40,45,0.8888888888888888,5
swe-agent:057653:pydantic__pydantic-3819,swe-agent,submitted (exit_context),30,57,0.5263157894736842,27
swe-agent:057655:pydantic__pydantic-3819,swe-agent,submitted (exit_context),48,89,0.5393258426966292,41
swe-agent:057657:pydantic__pydantic-3819,swe-agent,submitted (exit_context),26,27,0.9629629629629629,1
swe-agent:057663:pydantic__pydantic-3819,swe-agent,submitted (exit_context),52,73,0.7123287671232876,21
swe-agent:057664:pydantic__pydantic-3819,swe-agent,submitted (exit_context),38,53,0.7169811320754716,15
swe-agent:057666:pydantic__pydantic-3819,swe-agent,submitted (exit_context),32,43,0.7441860465116279,11
swe-agent:057675:pydantic__pydantic-3819,swe-agent,submitted (exit_context),60,91,0.6593406593406593,31
swe-agent:057677:pydantic__pydantic-3819,swe-agent,submitted (exit_context),34,49,0.6938775510204082,15
swe-agent:057678:pydantic__pydantic-3819,swe-agent,submitted (exit_context),20,155,0.12903225806451613,135
swe-agent:057680:pydantic__pydantic-3819,swe-agent,submitted (exit_context),30,35,0.8571428571428571,5
swe-agent:057682:pydantic__pydantic-3819,swe-agent,submitted (exit_context),46,63,0.7301587301587301,17
swe-agent:057685:pydantic__pydantic-3819,swe-agent,submitted (exit_context),28,47,0.5957446808510638,19
swe-agent:057739:robotframework__SeleniumLibrary-1431,swe-agent,submitted,14,23,0.6086956521739131,9
swe-agent:057740:robotframework__SeleniumLibrary-1431,swe-agent,submitted (exit_context),18,71,0.2535211267605634,53
swe-agent:057745:robotframework__SeleniumLibrary-1431,swe-agent,submitted (exit_context),90,113,0.7964601769911505,23
swe-agent:057810:simphony__simphony-remote-117,swe-agent,submitted,40,41,0.975609756097561,1
swe-agent:057811:simphony__simphony-remote-117,swe-agent,submitted,22,29,0.7586206896551724,7
swe-agent:057819:simphony__simphony-remote-117,swe-agent,early_exit,30,159,0.18867924528301888,129
swe-agent:057823:smartystreets__smartystreets-python-sdk-28,swe-agent,submitted (exit_context),66,161,0.40993788819875776,95
swe-agent:057829:snakemake__snakemake-469,swe-agent,submitted (exit_context),34,57,0.5964912280701754,23
swe-agent:057835:snakemake__snakemake-469,swe-agent,submitted (exit_context),54,103,0.5242718446601942,49
swe-agent:057842:snakemake__snakemake-469,swe-agent,submitted,10,21,0.47619047619047616,11
swe-agent:057844:snakemake__snakemake-469,swe-agent,submitted (exit_context),28,49,0.5714285714285714,21
swe-agent:057877:softlayer__softlayer-python-2126,swe-agent,submitted,12,43,0.27906976744186046,31
swe-agent:057971:Azure__WALinuxAgent-1317,swe-agent,exit_context,52,79,0.6582278481012658,27
swe-agent:057973:Azure__WALinuxAgent-1317,swe-agent,exit_context,44,75,0.5866666666666667,31
swe-agent:057975:Azure__WALinuxAgent-1317,swe-agent,submitted_no_patch,18,25,0.72,7
swe-agent:057978:Azure__WALinuxAgent-1317,swe-agent,submitted_no_patch,20,21,0.9523809523809523,1
swe-agent:057982:Azure__WALinuxAgent-1317,swe-agent,exit_context,26,59,0.4406779661016949,33
swe-agent:057991:MycroftAI__lingua-franca-23,swe-agent,submitted (exit_context),34,113,0.3008849557522124,79
swe-agent:057997:MycroftAI__lingua-franca-23,swe-agent,submitted (exit_context),80,141,0.5673758865248227,61
swe-agent:058025:Ouranosinc__xclim-336,swe-agent,exit_context,26,41,0.6341463414634146,15
swe-agent:058026:Ouranosinc__xclim-336,swe-agent,submitted (exit_context),30,37,0.8108108108108109,7
swe-agent:058032:Ouranosinc__xclim-336,swe-agent,exit_context,32,51,0.6274509803921569,19
swe-agent:058034:Ouranosinc__xclim-336,swe-agent,exit_context,14,213,0.06572769953051644,199
swe-agent:058057:PyCQA__flake8-1498,swe-agent,submitted (exit_context),58,61,0.9508196721311475,3
swe-agent:058074:PyCQA__flake8-1498,swe-agent,submitted (exit_context),30,55,0.5454545454545454,25
swe-agent:058084:PyCQA__flake8-1498,swe-agent,submitted (exit_context),58,73,0.7945205479452054,15
swe-agent:058132:Textualize__textual-3334,swe-agent,submitted (exit_context),64,67,0.9552238805970149,3
swe-agent:058193:aio-libs__yarl-106,swe-agent,submitted (exit_context),40,89,0.449438202247191,49
swe-agent:058288:craigjmidwinter__total-connect-client-174,swe-agent,exit_context,14,171,0.08187134502923976,157
swe-agent:058302:craigjmidwinter__total-connect-client-174,swe-agent,submitted,20,31,0.6451612903225806,11
swe-agent:058338:cunla__fakeredis-py-238,swe-agent,submitted,28,57,0.49122807017543857,29
swe-agent:058357:datapythonista__mnist-12,swe-agent,submitted (exit_context),30,59,0.5084745762711864,29
swe-agent:058386:fatiando__harmonica-373,swe-agent,submitted,28,45,0.6222222222222222,17
swe-agent:058387:fatiando__harmonica-373,swe-agent,submitted (exit_context),28,45,0.6222222222222222,17
swe-agent:058395:feature-engine__feature_engine-340,swe-agent,submitted (exit_context),38,73,0.5205479452054794,35
swe-agent:058396:feature-engine__feature_engine-340,swe-agent,submitted (exit_context),22,71,0.30985915492957744,49
swe-agent:058397:feature-engine__feature_engine-340,swe-agent,submitted (exit_context),18,33,0.5454545454545454,15
swe-agent:058402:feature-engine__feature_engine-340,swe-agent,submitted (exit_context),14,37,0.3783783783783784,23
swe-agent:058408:fennekki__cdparacord-32,swe-agent,submitted (exit_context),64,75,0.8533333333333334,11
swe-agent:058412:fennekki__cdparacord-32,swe-agent,submitted (exit_context),88,91,0.967032967032967,3
swe-agent:058415:fennekki__cdparacord-32,swe-agent,submitted (exit_context),20,63,0.31746031746031744,43
swe-agent:058455:gahjelle__pyplugs-29,swe-agent,submitted,24,35,0.6857142857142857,11
swe-agent:058515:haddocking__arctic3d-304,swe-agent,submitted (exit_context),40,53,0.7547169811320755,13
swe-agent:058517:haddocking__arctic3d-304,swe-agent,submitted (exit_context),44,405,0.10864197530864197,361
swe-agent:058523:iris-hep__qastle-58,swe-agent,submitted (exit_context),50,355,0.14084507042253522,305
swe-agent:058527:iris-hep__qastle-58,swe-agent,submitted (exit_context),28,129,0.21705426356589147,101
swe-agent:058528:iris-hep__qastle-58,swe-agent,submitted (exit_context),32,91,0.3516483516483517,59
swe-agent:058538:iterative__dvc-3170,swe-agent,submitted (exit_context),26,97,0.26804123711340205,71
swe-agent:058541:iterative__dvc-3170,swe-agent,submitted,64,105,0.6095238095238096,41
swe-agent:058546:iterative__dvc-3170,swe-agent,exit_context,60,207,0.2898550724637681,147
swe-agent:058556:iterative__dvc-4011,swe-agent,submitted,58,67,0.8656716417910447,9
swe-agent:058557:iterative__dvc-4011,swe-agent,submitted (exit_context),104,127,0.8188976377952756,23
swe-agent:058562:iterative__dvc-4011,swe-agent,submitted,28,39,0.717948717948718,11
swe-agent:058573:iterative__dvc-5550,swe-agent,exit_context,40,493,0.08113590263691683,453
swe-agent:058576:iterative__dvc-5550,swe-agent,submitted (exit_context),16,105,0.1523809523809524,89
swe-agent:058597:iterative__dvc-8738,swe-agent,submitted,36,43,0.8372093023255814,7
swe-agent:058628:jlusiardi__tlv8_python-14,swe-agent,submitted,22,35,0.6285714285714286,13
swe-agent:058630:jlusiardi__tlv8_python-14,swe-agent,submitted,20,39,0.5128205128205128,19
swe-agent:058733:pydantic__pydantic-2149,swe-agent,submitted (exit_context),30,35,0.8571428571428571,5
swe-agent:058737:pydantic__pydantic-2149,swe-agent,submitted (exit_context),50,61,0.819672131147541,11
swe-agent:058738:pydantic__pydantic-2149,swe-agent,submitted,36,51,0.7058823529411765,15
swe-agent:058739:pydantic__pydantic-2149,swe-agent,submitted,62,69,0.8985507246376812,7
swe-agent:058740:pydantic__pydantic-2149,swe-agent,submitted (exit_context),34,87,0.39080459770114945,53
swe-agent:058741:pydantic__pydantic-2149,swe-agent,submitted,42,47,0.8936170212765957,5
swe-agent:058744:pydantic__pydantic-2149,swe-agent,submitted,42,53,0.7924528301886793,11
swe-agent:058746:pydantic__pydantic-2181,swe-agent,submitted (exit_context),10,129,0.07751937984496124,119
swe-agent:058747:pydantic__pydantic-2181,swe-agent,submitted (exit_context),50,89,0.5617977528089888,39
swe-agent:058750:pydantic__pydantic-2181,swe-agent,submitted (exit_context),52,61,0.8524590163934426,9
swe-agent:058755:pydantic__pydantic-2181,swe-agent,submitted (exit_context),30,71,0.4225352112676056,41
swe-agent:058758:pydantic__pydantic-2181,swe-agent,submitted (exit_context),46,53,0.8679245283018868,7
swe-agent:058759:pydantic__pydantic-2181,swe-agent,submitted (exit_context),60,101,0.594059405940594,41
swe-agent:058762:pydantic__pydantic-790,swe-agent,exit_context,28,45,0.6222222222222222,17
swe-agent:058763:pydantic__pydantic-790,swe-agent,submitted (exit_context),18,53,0.33962264150943394,35
swe-agent:058766:pydantic__pydantic-790,swe-agent,exit_context,20,49,0.40816326530612246,29
swe-agent:058767:pydantic__pydantic-790,swe-agent,submitted (exit_context),34,77,0.44155844155844154,43
swe-agent:058773:pydantic__pydantic-790,swe-agent,submitted (exit_context),22,119,0.18487394957983194,97
swe-agent:058775:pydantic__pydantic-790,swe-agent,submitted (exit_context),24,49,0.4897959183673469,25
swe-agent:058776:pydantic__pydantic-790,swe-agent,early_exit,40,87,0.45977011494252873,47
swe-agent:058779:pydicom__pydicom-933,swe-agent,submitted (exit_context),36,75,0.48,39
swe-agent:058783:pypa__build-218,swe-agent,submitted (exit_context),22,77,0.2857142857142857,55
swe-agent:058795:pypa__build-218,swe-agent,submitted,30,35,0.8571428571428571,5
swe-agent:058796:pypa__build-218,swe-agent,submitted,18,49,0.3673469387755102,31
swe-agent:058802:pypa__build-218,swe-agent,submitted (exit_context),42,57,0.7368421052631579,15
swe-agent:058816:pypa__build-218,swe-agent,submitted,20,31,0.6451612903225806,11
swe-agent:058827:pypa__build-218,swe-agent,submitted,20,47,0.425531914893617,27
swe-agent:058832:radiasoft__pykern-160,swe-agent,exit_context,18,47,0.3829787234042553,29
swe-agent:058834:reata__sqllineage-40,swe-agent,submitted,38,51,0.7450980392156863,13
swe-agent:058877:scikit-hep__vector-438,swe-agent,submitted (exit_context),12,99,0.12121212121212122,87
swe-agent:058883:scikit-hep__vector-438,swe-agent,submitted (exit_context),26,443,0.05869074492099323,417
swe-agent:058913:steemit__hivemind-188,swe-agent,submitted (exit_context),38,105,0.3619047619047619,67
swe-agent:058918:tianocore__edk2-pytool-library-238,swe-agent,submitted,32,49,0.6530612244897959,17
swe-agent:058930:tianocore__edk2-pytool-library-238,swe-agent,submitted,16,27,0.5925925925925926,11
swe-agent:058958:tobymao__sqlglot-2395,swe-agent,submitted (exit_context),34,55,0.6181818181818182,21
swe-agent:058960:tobymao__sqlglot-2395,swe-agent,submitted (exit_context),34,79,0.43037974683544306,45
swe-agent:058965:tobymao__sqlglot-2395,swe-agent,submitted (exit_context),42,63,0.6666666666666666,21
swe-agent:058969:vertica__vertica-python-372,swe-agent,submitted (exit_context),46,85,0.5411764705882353,39
swe-agent:058970:vertica__vertica-python-372,swe-agent,submitted (exit_context),30,67,0.44776119402985076,37
swe-agent:058973:vertica__vertica-python-372,swe-agent,submitted (exit_context),32,251,0.12749003984063745,219
swe-agent:058976:vertica__vertica-python-372,swe-agent,submitted (exit_context),60,93,0.6451612903225806,33
swe-agent:058978:vertica__vertica-python-372,swe-agent,submitted (exit_context),32,145,0.2206896551724138,113
swe-agent:058982:zalando-stups__pierone-cli-37,swe-agent,exit_context,20,65,0.3076923076923077,45
swe-agent:058983:zalando-stups__pierone-cli-37,swe-agent,submitted (exit_context),18,171,0.10526315789473684,153
swe-agent:058985:zalando-stups__pierone-cli-37,swe-agent,exit_context,34,111,0.3063063063063063,77
swe-agent:058986:zalando-stups__pierone-cli-37,swe-agent,exit_context,32,111,0.2882882882882883,79
swe-agent:058988:zalando-stups__pierone-cli-37,swe-agent,exit_context,20,85,0.23529411764705882,65
swe-agent:058993:zalando-stups__pierone-cli-37,swe-agent,exit_context,12,105,0.11428571428571428,93
swe-agent:058994:zalando-stups__pierone-cli-37,swe-agent,exit_context,16,113,0.1415929203539823,97
swe-agent:058998:zalando-stups__pierone-cli-37,swe-agent,submitted,20,21,0.9523809523809523,1
swe-agent:058999:zalando-stups__pierone-cli-37,swe-agent,exit_context,20,81,0.24691358024691357,61
swe-agent:059000:zalando-stups__pierone-cli-37,swe-agent,exit_context,54,111,0.4864864864864865,57
swe-agent:059003:zalando-stups__pierone-cli-37,swe-agent,submitted,12,17,0.7058823529411765,5
swe-agent:059004:zalando-stups__pierone-cli-37,swe-agent,submitted (exit_context),22,83,0.26506024096385544,61
swe-agent:059005:zalando-stups__pierone-cli-37,swe-agent,exit_context,14,75,0.18666666666666668,61
swe-agent:059006:zalando-stups__pierone-cli-37,swe-agent,submitted (exit_context),16,49,0.32653061224489793,33
swe-agent:059010:zalando-stups__pierone-cli-37,swe-agent,exit_context,34,109,0.3119266055045872,75
swe-agent:059012:zalando-stups__pierone-cli-37,swe-agent,exit_context,20,121,0.1652892561983471,101
swe-agent:059013:zalando-stups__pierone-cli-37,swe-agent,exit_context,46,69,0.6666666666666666,23
swe-agent:059015:zalando-stups__pierone-cli-37,swe-agent,submitted,12,15,0.8,3
swe-agent:059016:zalando-stups__pierone-cli-37,swe-agent,submitted,24,43,0.5581395348837209,19
swe-agent:059018:zalando-stups__pierone-cli-37,swe-agent,submitted (exit_context),50,103,0.4854368932038835,53
swe-agent:059020:zalando-stups__pierone-cli-37,swe-agent,submitted (exit_context),22,105,0.20952380952380953,83
swe-agent:059021:zalando-stups__pierone-cli-37,swe-agent,submitted (exit_context),28,83,0.3373493975903614,55
swe-agent:059023:zalando-stups__pierone-cli-37,swe-agent,submitted,16,31,0.5161290322580645,15
swe-agent:059028:zopefoundation__RestrictedPython-272,swe-agent,submitted (exit_context),18,61,0.29508196721311475,43
swe-agent:059030:zopefoundation__RestrictedPython-272,swe-agent,submitted (exit_context),104,159,0.6540880503144654,55
swe-agent:059049:ARMmbed__greentea-243,swe-agent,submitted (exit_context),30,45,0.6666666666666666,15
swe-agent:059053:BQSKit__bqskit-215,swe-agent,early_exit,96,115,0.8347826086956521,19
swe-agent:059057:BQSKit__bqskit-215,swe-agent,exit_context,18,57,0.3157894736842105,39
swe-agent:059064:Parquery__icontract-187,swe-agent,submitted (exit_context),32,55,0.5818181818181818,23
swe-agent:059070:Parquery__icontract-187,swe-agent,submitted (exit_context),16,397,0.04030226700251889,381
swe-agent:059132:SAP__python-pyodata-232,swe-agent,submitted (exit_context),20,105,0.19047619047619047,85
swe-agent:059171:Textualize__textual-2464,swe-agent,submitted (exit_context),40,53,0.7547169811320755,13
swe-agent:059180:Textualize__textual-2464,swe-agent,submitted (exit_context),72,81,0.8888888888888888,9
swe-agent:059189:Textualize__textual-2464,swe-agent,submitted,26,33,0.7878787878787878,7
swe-agent:059201:Textualize__textual-2464,swe-agent,submitted (exit_context),22,49,0.4489795918367347,27
swe-agent:059217:Textualize__textual-2568,swe-agent,submitted (exit_context),24,113,0.21238938053097345,89
swe-agent:059234:Textualize__textual-3409,swe-agent,submitted (exit_context),20,31,0.6451612903225806,11
swe-agent:059240:Textualize__textual-4030,swe-agent,submitted (exit_context),22,109,0.2018348623853211,87
swe-agent:059244:Textualize__textual-4030,swe-agent,submitted (exit_context),32,129,0.24806201550387597,97
swe-agent:059261:VirtusLab__git-machete-179,swe-agent,submitted (exit_context),28,53,0.5283018867924528,25
swe-agent:059279:VirtusLab__git-machete-179,swe-agent,submitted (exit_context),20,493,0.04056795131845842,473
swe-agent:059299:VirtusLab__git-machete-179,swe-agent,submitted (exit_context),20,295,0.06779661016949153,275
swe-agent:059300:agronholm__exceptiongroup-34,swe-agent,exit_context,20,73,0.273972602739726,53
swe-agent:059352:agronholm__exceptiongroup-34,swe-agent,submitted (exit_context),42,69,0.6086956521739131,27
swe-agent:059370:algorand__pyteal-234,swe-agent,submitted (exit_context),24,153,0.1568627450980392,129
swe-agent:059411:algorand__pyteal-29,swe-agent,submitted,26,53,0.49056603773584906,27
swe-agent:059422:asottile__pyupgrade-165,swe-agent,submitted (exit_context),48,475,0.10105263157894737,427
swe-agent:059437:asottile__pyupgrade-317,swe-agent,submitted (exit_context),56,71,0.7887323943661971,15
swe-agent:059447:asottile__pyupgrade-317,swe-agent,submitted (exit_context),26,55,0.4727272727272727,29
swe-agent:059452:codingedward__flask-sieve-30,swe-agent,submitted (exit_context),26,63,0.4126984126984127,37
swe-agent:059465:codingedward__flask-sieve-30,swe-agent,submitted (exit_context),20,73,0.273972602739726,53
swe-agent:059466:codingedward__flask-sieve-30,swe-agent,submitted (exit_context),34,49,0.6938775510204082,15
swe-agent:059481:construct__construct-277,swe-agent,submitted,20,29,0.6896551724137931,9
swe-agent:059509:construct__construct-277,swe-agent,submitted (exit_context),36,57,0.631578947368421,21
swe-agent:059555:cunla__fakeredis-py-109,swe-agent,submitted,36,59,0.6101694915254238,23
swe-agent:059595:dwavesystems__dimod-331,swe-agent,exit_context,24,37,0.6486486486486487,13
swe-agent:059597:dwavesystems__dimod-331,swe-agent,submitted_no_patch,10,35,0.2857142857142857,25
swe-agent:059600:dwavesystems__dimod-331,swe-agent,submitted (exit_context),20,65,0.3076923076923077,45
swe-agent:059602:dwavesystems__dimod-331,swe-agent,submitted (exit_context),16,81,0.19753086419753085,65
swe-agent:059603:dwavesystems__dimod-331,swe-agent,exit_context,16,115,0.1391304347826087,99
swe-agent:059604:dwavesystems__dimod-331,swe-agent,exit_context,26,69,0.37681159420289856,43
swe-agent:059606:dwavesystems__dimod-331,swe-agent,submitted (exit_context),28,79,0.35443037974683544,51
swe-agent:059614:dwavesystems__dwave-cloud-client-325,swe-agent,submitted,28,33,0.8484848484848485,5
swe-agent:059621:dwavesystems__dwave-cloud-client-325,swe-agent,exit_context,24,53,0.4528301886792453,29
swe-agent:059672:fairlearn__fairlearn-762,swe-agent,submitted (exit_context),26,53,0.49056603773584906,27
swe-agent:059687:fairlearn__fairlearn-762,swe-agent,submitted (exit_context),22,51,0.43137254901960786,29
swe-agent:059693:fairlearn__fairlearn-762,swe-agent,submitted (exit_context),20,57,0.3508771929824561,37
swe-agent:059695:fairlearn__fairlearn-762,swe-agent,submitted (exit_context),24,45,0.5333333333333333,21
swe-agent:059702:fairlearn__fairlearn-762,swe-agent,submitted (exit_context),20,79,0.25316455696202533,59
swe-agent:059704:fairlearn__fairlearn-762,swe-agent,submitted (exit_context),34,45,0.7555555555555555,11
swe-agent:059708:fgmacedo__python-statemachine-425,swe-agent,submitted (exit_context),40,133,0.3007518796992481,93
swe-agent:059712:fgmacedo__python-statemachine-425,swe-agent,submitted (exit_context),78,93,0.8387096774193549,15
swe-agent:059721:fnl__syntok-24,swe-agent,submitted,34,47,0.723404255319149,13
swe-agent:059738:getsentry__responses-298,swe-agent,submitted (exit_context),58,65,0.8923076923076924,7
swe-agent:059786:getsentry__responses-485,swe-agent,submitted (exit_context),70,99,0.7070707070707071,29
swe-agent:059811:hynek__structlog-463,swe-agent,submitted (exit_context),38,71,0.5352112676056338,33
swe-agent:059845:iterative__dvc-2142,swe-agent,exit_context,18,219,0.0821917808219178,201
swe-agent:059852:iterative__dvc-2142,swe-agent,submitted,42,81,0.5185185185185185,39
swe-agent:059853:iterative__dvc-2142,swe-agent,submitted (exit_context),72,189,0.38095238095238093,117
swe-agent:059856:iterative__dvc-2142,swe-agent,submitted (exit_context),42,191,0.2198952879581152,149
swe-agent:059860:iterative__dvc-2411,swe-agent,submitted (exit_context),30,79,0.379746835443038,49
swe-agent:059879:iterative__dvc-3337,swe-agent,submitted (exit_context),58,147,0.3945578231292517,89
swe-agent:059883:iterative__dvc-3337,swe-agent,submitted (exit_context),62,117,0.5299145299145299,55
swe-agent:059885:iterative__dvc-3337,swe-agent,submitted,48,49,0.9795918367346939,1
swe-agent:059886:iterative__dvc-3337,swe-agent,submitted,60,121,0.49586776859504134,61
swe-agent:059911:iterative__dvc-5148,swe-agent,early_exit,16,89,0.1797752808988764,73
swe-agent:059917:iterative__dvc-5148,swe-agent,submitted (exit_context),56,103,0.5436893203883495,47
swe-agent:059918:iterative__dvc-5148,swe-agent,early_exit,26,43,0.6046511627906976,17
swe-agent:059919:iterative__dvc-5148,swe-agent,submitted,20,109,0.1834862385321101,89
swe-agent:059927:iterative__dvc-5148,swe-agent,submitted (exit_context),114,115,0.991304347826087,1
swe-agent:059939:iterative__dvc-5148,swe-agent,exit_context,96,207,0.463768115942029,111
swe-agent:059942:iterative__dvc-7554,swe-agent,exit_context,30,33,0.9090909090909091,3
swe-agent:059945:iterative__dvc-7554,swe-agent,submitted,20,39,0.5128205128205128,19
swe-agent:059947:iterative__dvc-7554,swe-agent,submitted (exit_context),48,85,0.5647058823529412,37
swe-agent:059948:iterative__dvc-7554,swe-agent,early_exit,10,25,0.4,15
swe-agent:059951:iterative__dvc-7554,swe-agent,submitted,30,45,0.6666666666666666,15
swe-agent:059956:iterative__dvc-7618,swe-agent,exit_context,32,119,0.2689075630252101,87
swe-agent:059971:iterative__dvc-7937,swe-agent,early_exit,80,265,0.3018867924528302,185
swe-agent:059983:iterative__dvc-7937,swe-agent,submitted (exit_context),42,115,0.3652173913043478,73
swe-agent:059984:iterative__dvc-7937,swe-agent,submitted (exit_context),36,119,0.3025210084033613,83
swe-agent:059987:iterative__dvc-8882,swe-agent,submitted (exit_context),48,89,0.5393258426966292,41
swe-agent:059991:iterative__dvc-8882,swe-agent,submitted (exit_context),36,103,0.34951456310679613,67
swe-agent:059993:iterative__dvc-8882,swe-agent,submitted (exit_context),96,149,0.6442953020134228,53
swe-agent:059994:iterative__dvc-8882,swe-agent,submitted,92,173,0.5317919075144508,81
swe-agent:060002:iterative__dvc-8882,swe-agent,submitted,38,59,0.6440677966101694,21
swe-agent:060010:jbradberry__universe-28,swe-agent,submitted (exit_context),92,97,0.9484536082474226,5
swe-agent:060016:jbradberry__universe-28,swe-agent,submitted (exit_context),64,95,0.6736842105263158,31
swe-agent:060017:jbradberry__universe-28,swe-agent,submitted,40,49,0.8163265306122449,9
swe-agent:060021:jpetrucciani__hubspot3-78,swe-agent,submitted,20,27,0.7407407407407407,7
swe-agent:060023:jpetrucciani__hubspot3-78,swe-agent,exit_context,20,25,0.8,5
swe-agent:060025:jpetrucciani__hubspot3-78,swe-agent,submitted (exit_context),48,61,0.7868852459016393,13
swe-agent:060026:jpetrucciani__hubspot3-78,swe-agent,submitted,26,53,0.49056603773584906,27
swe-agent:060029:jpetrucciani__hubspot3-78,swe-agent,exit_context,16,31,0.5161290322580645,15
swe-agent:060030:jpetrucciani__hubspot3-78,swe-agent,submitted (exit_context),28,51,0.5490196078431373,23
swe-agent:060033:jpetrucciani__hubspot3-78,swe-agent,submitted (exit_context),32,47,0.6808510638297872,15
swe-agent:060034:jpetrucciani__hubspot3-78,swe-agent,exit_context,14,29,0.4827586206896552,15
swe-agent:060035:jpetrucciani__hubspot3-78,swe-agent,exit_context,18,67,0.26865671641791045,49
swe-agent:060040:jpetrucciani__hubspot3-78,swe-agent,submitted (exit_context),30,69,0.43478260869565216,39
swe-agent:060042:jpetrucciani__hubspot3-78,swe-agent,submitted (exit_context),24,53,0.4528301886792453,29
swe-agent:060043:jpetrucciani__hubspot3-78,swe-agent,submitted (exit_context),40,49,0.8163265306122449,9
swe-agent:060049:jpetrucciani__hubspot3-78,swe-agent,exit_context,14,51,0.27450980392156865,37
swe-agent:060054:jpetrucciani__hubspot3-78,swe-agent,submitted (exit_context),20,47,0.425531914893617,27
swe-agent:060055:jpetrucciani__hubspot3-78,swe-agent,submitted (exit_context),30,51,0.5882352941176471,21
swe-agent:060058:jpetrucciani__hubspot3-78,swe-agent,exit_context,16,69,0.2318840579710145,53
swe-agent:060061:jpetrucciani__hubspot3-78,swe-agent,submitted (exit_context),50,73,0.684931506849315,23
swe-agent:060063:jpetrucciani__hubspot3-78,swe-agent,submitted (exit_context),30,55,0.5454545454545454,25
swe-agent:060064:jpetrucciani__hubspot3-78,swe-agent,submitted (exit_context),24,57,0.42105263157894735,33
swe-agent:060067:jpetrucciani__hubspot3-78,swe-agent,exit_context,16,37,0.43243243243243246,21
swe-agent:060068:jpetrucciani__hubspot3-78,swe-agent,submitted,20,35,0.5714285714285714,15
swe-agent:060069:jpetrucciani__hubspot3-78,swe-agent,submitted (exit_context),66,69,0.9565217391304348,3
swe-agent:060070:jpetrucciani__hubspot3-78,swe-agent,submitted (exit_context),22,29,0.7586206896551724,7
swe-agent:060074:jpetrucciani__hubspot3-78,swe-agent,submitted (exit_context),22,71,0.30985915492957744,49
swe-agent:060118:mdowds__python-mock-firestore-34,swe-agent,submitted (exit_context),70,73,0.958904109589041,3
swe-agent:060146:mie-lab__trackintel-347,swe-agent,exit_context,24,35,0.6857142857142857,11
swe-agent:060176:mie-lab__trackintel-408,swe-agent,submitted (exit_context),48,59,0.8135593220338984,11
swe-agent:060197:mie-lab__trackintel-408,swe-agent,submitted (exit_context),30,59,0.5084745762711864,29
swe-agent:060223:mie-lab__trackintel-497,swe-agent,submitted (exit_context),50,63,0.7936507936507936,13
swe-agent:060224:mie-lab__trackintel-497,swe-agent,submitted (exit_context),50,103,0.4854368932038835,53
swe-agent:060227:mie-lab__trackintel-497,swe-agent,submitted (exit_context),46,59,0.7796610169491526,13
swe-agent:060232:mie-lab__trackintel-497,swe-agent,submitted (exit_context),32,53,0.6037735849056604,21
swe-agent:060244:mozilla__bleach-423,swe-agent,exit_context,16,51,0.3137254901960784,35
swe-agent:060257:mozilla__bleach-423,swe-agent,exit_context,22,33,0.6666666666666666,11
swe-agent:060267:mozilla__bleach-423,swe-agent,submitted,10,61,0.16393442622950818,51
swe-agent:060279:mozilla__bleach-423,swe-agent,early_exit,28,31,0.9032258064516129,3
swe-agent:060301:mozman__svgwrite-109,swe-agent,submitted,46,53,0.8679245283018868,7
swe-agent:060368:omni-us__jsonargparse-90,swe-agent,submitted,46,53,0.8679245283018868,7
swe-agent:060386:pact-foundation__pact-python-49,swe-agent,submitted (exit_context),38,43,0.8837209302325582,5
swe-agent:060418:pydantic__pydantic-2179,swe-agent,submitted (exit_context),46,73,0.6301369863013698,27
swe-agent:060419:pydantic__pydantic-2179,swe-agent,submitted (exit_context),36,99,0.36363636363636365,63
swe-agent:060421:pydantic__pydantic-2179,swe-agent,submitted,18,47,0.3829787234042553,29
swe-agent:060422:pydantic__pydantic-2179,swe-agent,submitted (exit_context),44,97,0.4536082474226804,53
swe-agent:060424:pydantic__pydantic-2179,swe-agent,submitted (exit_context),22,83,0.26506024096385544,61
swe-agent:060430:pydantic__pydantic-2179,swe-agent,submitted (exit_context),36,229,0.1572052401746725,193
swe-agent:060432:pydantic__pydantic-2179,swe-agent,submitted (exit_context),28,73,0.3835616438356164,45
swe-agent:060433:pydantic__pydantic-2179,swe-agent,submitted (exit_context),32,63,0.5079365079365079,31
swe-agent:060438:pydantic__pydantic-2196,swe-agent,submitted (exit_context),36,39,0.9230769230769231,3
swe-agent:060439:pydantic__pydantic-2196,swe-agent,submitted (exit_context),42,59,0.711864406779661,17
swe-agent:060440:pydantic__pydantic-2196,swe-agent,submitted (exit_context),38,67,0.5671641791044776,29
swe-agent:060445:pydantic__pydantic-2196,swe-agent,submitted (exit_context),40,57,0.7017543859649122,17
swe-agent:060447:pydantic__pydantic-2196,swe-agent,submitted (exit_context),34,71,0.4788732394366197,37
swe-agent:060449:pydantic__pydantic-2196,swe-agent,submitted (exit_context),76,83,0.9156626506024096,7
swe-agent:060461:pydantic__pydantic-3681,swe-agent,submitted (exit_context),46,101,0.45544554455445546,55
swe-agent:060487:pydantic__pydantic-3681,swe-agent,submitted (exit_context),38,73,0.5205479452054794,35
swe-agent:060490:pydantic__pydantic-3681,swe-agent,submitted (exit_context),40,343,0.11661807580174927,303
swe-agent:060495:pydantic__pydantic-3681,swe-agent,submitted (exit_context),46,123,0.37398373983739835,77
swe-agent:060505:pydantic__pydantic-4482,swe-agent,submitted,34,57,0.5964912280701754,23
swe-agent:060510:pydantic__pydantic-4482,swe-agent,submitted (exit_context),32,55,0.5818181818181818,23
swe-agent:060518:pydantic__pydantic-4482,swe-agent,submitted (exit_context),26,35,0.7428571428571429,9
swe-agent:060536:pydantic__pydantic-4482,swe-agent,submitted (exit_context),18,33,0.5454545454545454,15
swe-agent:060571:pydantic__pydantic-5132,swe-agent,submitted (exit_context),42,105,0.4,63
swe-agent:060577:pydantic__pydantic-5132,swe-agent,submitted (exit_context),28,85,0.32941176470588235,57
swe-agent:060579:pydantic__pydantic-5132,swe-agent,submitted,32,37,0.8648648648648649,5
swe-agent:060584:pydantic__pydantic-5132,swe-agent,submitted (exit_context),34,133,0.2556390977443609,99
swe-agent:060587:pydantic__pydantic-5132,swe-agent,submitted (exit_context),60,85,0.7058823529411765,25
swe-agent:060591:pydantic__pydantic-5132,swe-agent,submitted,52,59,0.8813559322033898,7
swe-agent:060606:pydantic__pydantic-5132,swe-agent,submitted (exit_context),82,95,0.8631578947368421,13
swe-agent:060609:pydantic__pydantic-5132,swe-agent,submitted (exit_context),76,101,0.7524752475247525,25
swe-agent:060610:pydantic__pydantic-5132,swe-agent,submitted (exit_context),20,113,0.17699115044247787,93
swe-agent:060620:pydantic__pydantic-5132,swe-agent,submitted,38,61,0.6229508196721312,23
swe-agent:060627:pydantic__pydantic-5132,swe-agent,submitted,18,71,0.2535211267605634,53
swe-agent:060643:pylint-dev__astroid-1903,swe-agent,submitted (exit_context),26,53,0.49056603773584906,27
swe-agent:060651:pylint-dev__astroid-1903,swe-agent,submitted (exit_context),20,85,0.23529411764705882,65
swe-agent:060656:pylint-dev__astroid-1903,swe-agent,submitted (exit_context),24,97,0.24742268041237114,73
swe-agent:060660:pylint-dev__astroid-1903,swe-agent,submitted (exit_context),24,55,0.43636363636363634,31
swe-agent:060661:pylint-dev__astroid-1903,swe-agent,submitted (exit_context),30,55,0.5454545454545454,25
swe-agent:060670:pylint-dev__astroid-1903,swe-agent,submitted (exit_context),24,73,0.3287671232876712,49
swe-agent:060681:pylint-dev__astroid-1903,swe-agent,early_exit,16,193,0.08290155440414508,177
swe-agent:060682:pylint-dev__astroid-1903,swe-agent,submitted,8,65,0.12307692307692308,57
swe-agent:060684:pylint-dev__astroid-1903,swe-agent,early_exit,20,63,0.31746031746031744,43
swe-agent:060707:requests__requests-oauthlib-279,swe-agent,submitted (exit_context),24,47,0.5106382978723404,23
swe-agent:060711:requests__requests-oauthlib-279,swe-agent,submitted (exit_context),48,95,0.5052631578947369,47
swe-agent:060719:requests__requests-oauthlib-279,swe-agent,submitted (exit_context),30,47,0.6382978723404256,17
swe-agent:060720:requests__requests-oauthlib-279,swe-agent,submitted (exit_context),38,103,0.36893203883495146,65
swe-agent:060733:requests__requests-oauthlib-279,swe-agent,submitted (exit_context),36,69,0.5217391304347826,33
swe-agent:060736:requests__requests-oauthlib-279,swe-agent,submitted (exit_context),18,31,0.5806451612903226,13
swe-agent:060739:requests__requests-oauthlib-279,swe-agent,submitted (exit_context),60,67,0.8955223880597015,7
swe-agent:060741:requests__requests-oauthlib-279,swe-agent,submitted (exit_context),42,77,0.5454545454545454,35
swe-agent:060746:requests__requests-oauthlib-279,swe-agent,exit_context,26,37,0.7027027027027027,11
swe-agent:060751:requests__requests-oauthlib-279,swe-agent,exit_context,12,35,0.34285714285714286,23
swe-agent:060755:requests__requests-oauthlib-279,swe-agent,submitted (exit_context),14,149,0.09395973154362416,135
swe-agent:060757:requests__requests-oauthlib-279,swe-agent,exit_context,12,33,0.36363636363636365,21
swe-agent:060758:requests__requests-oauthlib-279,swe-agent,submitted (exit_context),32,37,0.8648648648648649,5
swe-agent:060768:sdss__sdss_access-20,swe-agent,submitted (exit_context),38,69,0.5507246376811594,31
swe-agent:060774:sdss__sdss_access-20,swe-agent,submitted (exit_context),28,47,0.5957446808510638,19
swe-agent:060803:spdx__tools-python-772,swe-agent,submitted (exit_context),30,55,0.5454545454545454,25
swe-agent:060808:spdx__tools-python-772,swe-agent,submitted (exit_context),46,121,0.38016528925619836,75
swe-agent:060824:spdx__tools-python-772,swe-agent,submitted (exit_context),46,47,0.9787234042553191,1
swe-agent:060844:sqlfluff__sqlfluff-3436,swe-agent,submitted (exit_context),28,171,0.16374269005847952,143
swe-agent:060855:tianocore__edk2-pytool-extensions-341,swe-agent,submitted (exit_context),82,89,0.9213483146067416,7
swe-agent:060866:tobymao__sqlglot-1718,swe-agent,submitted (exit_context),36,51,0.7058823529411765,15
swe-agent:060868:tobymao__sqlglot-1718,swe-agent,submitted (exit_context),26,57,0.45614035087719296,31
swe-agent:060869:tobymao__sqlglot-1718,swe-agent,submitted (exit_context),30,81,0.37037037037037035,51
swe-agent:060903:vaidik__commentjson-46,swe-agent,submitted (exit_context),58,71,0.8169014084507042,13
swe-agent:060904:vaidik__commentjson-46,swe-agent,early_exit,28,39,0.717948717948718,11
swe-agent:060907:vaidik__commentjson-46,swe-agent,submitted,12,23,0.5217391304347826,11
swe-agent:060915:vaidik__commentjson-46,swe-agent,exit_context,18,53,0.33962264150943394,35
swe-agent:060929:vaidik__commentjson-46,swe-agent,submitted (exit_context),30,69,0.43478260869565216,39
swe-agent:060938:NCAS-CMS__cfdm-220,swe-agent,submitted (exit_context),70,75,0.9333333333333333,5
swe-agent:060939:NCAS-CMS__cfdm-220,swe-agent,submitted (exit_context),54,63,0.8571428571428571,9
swe-agent:060954:NCAS-CMS__cfdm-220,swe-agent,submitted (exit_context),28,35,0.8,7
swe-agent:060956:NCAS-CMS__cfdm-220,swe-agent,submitted,30,47,0.6382978723404256,17
swe-agent:060959:NCAS-CMS__cfdm-220,swe-agent,submitted (exit_context),34,35,0.9714285714285714,1
swe-agent:060960:NCAS-CMS__cfdm-220,swe-agent,submitted (exit_context),30,49,0.6122448979591837,19
swe-agent:060971:NCAS-CMS__cfdm-220,swe-agent,submitted (exit_context),34,45,0.7555555555555555,11
swe-agent:060976:NCAS-CMS__cfdm-220,swe-agent,submitted (exit_context),48,73,0.6575342465753424,25
swe-agent:060978:NCAS-CMS__cfdm-220,swe-agent,submitted,26,41,0.6341463414634146,15
swe-agent:060981:NCAS-CMS__cfdm-220,swe-agent,submitted (exit_context),36,43,0.8372093023255814,7
swe-agent:060990:NCAS-CMS__cfdm-220,swe-agent,submitted (exit_context),40,59,0.6779661016949152,19
swe-agent:061002:SathyaBhat__spotify-dl-368,swe-agent,submitted (exit_context),48,75,0.64,27
swe-agent:061005:SathyaBhat__spotify-dl-368,swe-agent,submitted (exit_context),38,55,0.6909090909090909,17
swe-agent:061012:alanmcruickshank__sqlfluff-93,swe-agent,submitted (exit_context),68,77,0.8831168831168831,9
swe-agent:061015:alanmcruickshank__sqlfluff-93,swe-agent,submitted (exit_context),54,79,0.6835443037974683,25
swe-agent:061018:alanmcruickshank__sqlfluff-93,swe-agent,submitted (exit_context),30,83,0.3614457831325301,53
swe-agent:061021:alanmcruickshank__sqlfluff-93,swe-agent,submitted (exit_context),32,81,0.3950617283950617,49
swe-agent:061025:allo-media__text2num-77,swe-agent,submitted (exit_context),16,105,0.1523809523809524,89
swe-agent:061028:allo-media__text2num-77,swe-agent,submitted,48,93,0.5161290322580645,45
swe-agent:061031:allo-media__text2num-77,swe-agent,submitted (exit_context),22,57,0.38596491228070173,35
swe-agent:061032:allo-media__text2num-77,swe-agent,submitted (exit_context),38,55,0.6909090909090909,17
swe-agent:061037:allo-media__text2num-77,swe-agent,submitted (exit_context),40,79,0.5063291139240507,39
swe-agent:061038:allo-media__text2num-77,swe-agent,submitted (exit_context),24,89,0.2696629213483146,65
swe-agent:061039:allo-media__text2num-77,swe-agent,submitted (exit_context),26,91,0.2857142857142857,65
swe-agent:061043:allo-media__text2num-77,swe-agent,submitted (exit_context),28,57,0.49122807017543857,29
swe-agent:061044:allo-media__text2num-77,swe-agent,submitted (exit_context),54,61,0.8852459016393442,7
swe-agent:061055:allo-media__text2num-77,swe-agent,exit_context,32,53,0.6037735849056604,21
swe-agent:061056:allo-media__text2num-77,swe-agent,exit_context,14,53,0.2641509433962264,39
swe-agent:061060:allo-media__text2num-77,swe-agent,exit_context,20,57,0.3508771929824561,37
swe-agent:061061:allo-media__text2num-77,swe-agent,exit_context,38,53,0.7169811320754716,15
swe-agent:061063:allo-media__text2num-77,swe-agent,exit_context,16,55,0.2909090909090909,39
swe-agent:061073:allo-media__text2num-77,swe-agent,exit_context,26,55,0.4727272727272727,29
swe-agent:061097:asottile__pyupgrade-656,swe-agent,submitted (exit_context),42,175,0.24,133
swe-agent:061104:asottile__pyupgrade-656,swe-agent,submitted,10,15,0.6666666666666666,5
swe-agent:061118:chimpler__pyhocon-133,swe-agent,submitted (exit_context),44,105,0.41904761904761906,61
swe-agent:061119:chimpler__pyhocon-133,swe-agent,submitted (exit_context),78,97,0.8041237113402062,19
swe-agent:061120:chimpler__pyhocon-133,swe-agent,submitted (exit_context),40,83,0.4819277108433735,43
swe-agent:061122:chimpler__pyhocon-133,swe-agent,submitted,66,87,0.7586206896551724,21
swe-agent:061123:chimpler__pyhocon-133,swe-agent,submitted (exit_context),42,83,0.5060240963855421,41
swe-agent:061124:chimpler__pyhocon-133,swe-agent,submitted (exit_context),52,77,0.6753246753246753,25
swe-agent:061200:facebookincubator__submitit-38,swe-agent,submitted,18,35,0.5142857142857142,17
swe-agent:061201:facebookincubator__submitit-38,swe-agent,submitted,80,87,0.9195402298850575,7
swe-agent:061213:facebookincubator__submitit-38,swe-agent,exit_context,38,53,0.7169811320754716,15
swe-agent:061215:facebookincubator__submitit-38,swe-agent,early_exit,34,135,0.2518518518518518,101
swe-agent:061253:iterative__dvc-3284,swe-agent,submitted (exit_context),50,105,0.47619047619047616,55
swe-agent:061257:iterative__dvc-3284,swe-agent,submitted (exit_context),58,83,0.6987951807228916,25
swe-agent:061260:iterative__dvc-3284,swe-agent,submitted (exit_context),40,85,0.47058823529411764,45
swe-agent:061311:iterative__dvc-5822,swe-agent,submitted (exit_context),50,73,0.684931506849315,23
swe-agent:061334:iterative__dvc-5822,swe-agent,submitted (exit_context),32,51,0.6274509803921569,19
swe-agent:061338:iterative__dvc-5822,swe-agent,submitted,36,57,0.631578947368421,21
swe-agent:061339:iterative__dvc-5822,swe-agent,submitted,12,65,0.18461538461538463,53
swe-agent:061347:iterative__dvc-5822,swe-agent,early_exit,46,53,0.8679245283018868,7
swe-agent:061355:iterative__dvc-5839,swe-agent,early_exit,28,93,0.3010752688172043,65
swe-agent:061359:iterative__dvc-5839,swe-agent,exit_context,36,129,0.27906976744186046,93
swe-agent:061362:iterative__dvc-5839,swe-agent,submitted,40,45,0.8888888888888888,5
swe-agent:061373:iterative__dvc-5839,swe-agent,submitted (exit_context),40,89,0.449438202247191,49
swe-agent:061375:iterative__dvc-5839,swe-agent,submitted (exit_context),38,77,0.4935064935064935,39
swe-agent:061377:iterative__dvc-5839,swe-agent,submitted (exit_context),56,125,0.448,69
swe-agent:061395:iterative__dvc-5839,swe-agent,submitted,24,37,0.6486486486486487,13
swe-agent:061397:iterative__dvc-5839,swe-agent,early_exit,66,179,0.3687150837988827,113
swe-agent:061404:iterative__dvc-6378,swe-agent,submitted (exit_context),88,101,0.8712871287128713,13
swe-agent:061409:iterative__dvc-6378,swe-agent,submitted,58,89,0.651685393258427,31
swe-agent:061418:iterative__dvc-6866,swe-agent,submitted (exit_context),70,107,0.6542056074766355,37
swe-agent:061419:iterative__dvc-6866,swe-agent,exit_context,14,103,0.13592233009708737,89
swe-agent:061430:iterative__dvc-6866,swe-agent,submitted,22,37,0.5945945945945946,15
swe-agent:061433:iterative__dvc-7907,swe-agent,submitted (exit_context),56,95,0.5894736842105263,39
swe-agent:061434:iterative__dvc-7907,swe-agent,submitted,22,43,0.5116279069767442,21
swe-agent:061437:iterative__dvc-7907,swe-agent,exit_context,32,57,0.5614035087719298,25
swe-agent:061439:iterative__dvc-7907,swe-agent,submitted (exit_context),46,415,0.1108433734939759,369
swe-agent:061461:iterative__dvc-9365,swe-agent,submitted (exit_context),48,87,0.5517241379310345,39
swe-agent:061463:iterative__dvc-9365,swe-agent,submitted (exit_context),38,89,0.42696629213483145,51
swe-agent:061471:jendrikseipp__vulture-220,swe-agent,submitted,32,39,0.8205128205128205,7
swe-agent:061566:marcosschroh__dataclasses-avroschema-403,swe-agent,submitted,44,45,0.9777777777777777,1
swe-agent:061571:marcosschroh__dataclasses-avroschema-403,swe-agent,submitted (exit_context),26,63,0.4126984126984127,37
swe-agent:061606:marcosschroh__dataclasses-avroschema-403,swe-agent,submitted (exit_context),50,57,0.8771929824561403,7
swe-agent:061621:matthewwardrop__formulaic-43,swe-agent,submitted (exit_context),44,113,0.3893805309734513,69
swe-agent:061628:matthewwardrop__formulaic-43,swe-agent,submitted (exit_context),60,89,0.6741573033707865,29
swe-agent:061634:matthewwardrop__formulaic-43,swe-agent,submitted (exit_context),36,59,0.6101694915254238,23
swe-agent:061653:microsoft__electionguard-python-654,swe-agent,submitted (exit_context),36,53,0.6792452830188679,17
swe-agent:061664:nipy__nipype-2301,swe-agent,submitted,60,67,0.8955223880597015,7
swe-agent:061670:nipy__nipype-2301,swe-agent,exit_context,14,47,0.2978723404255319,33
swe-agent:061678:omni-us__jsonargparse-242,swe-agent,submitted (exit_context),14,71,0.19718309859154928,57
swe-agent:061683:omni-us__jsonargparse-242,swe-agent,submitted (exit_context),36,53,0.6792452830188679,17
swe-agent:061684:omni-us__jsonargparse-242,swe-agent,submitted (exit_context),22,451,0.04878048780487805,429
swe-agent:061692:planetlabs__planet-client-python-816,swe-agent,submitted (exit_context),20,27,0.7407407407407407,7
swe-agent:061701:planetlabs__planet-client-python-816,swe-agent,submitted (exit_context),56,73,0.7671232876712328,17
swe-agent:061719:pvlib__pvlib-python-1349,swe-agent,submitted (exit_context),40,107,0.37383177570093457,67
swe-agent:061753:pydantic__pydantic-1034,swe-agent,submitted (exit_context),50,55,0.9090909090909091,5
swe-agent:061761:pydantic__pydantic-1034,swe-agent,submitted (exit_context),30,63,0.47619047619047616,33
swe-agent:061775:pydantic__pydantic-1054,swe-agent,submitted (exit_context),32,53,0.6037735849056604,21
swe-agent:061779:pydantic__pydantic-1054,swe-agent,submitted (exit_context),46,119,0.3865546218487395,73
swe-agent:061786:pydantic__pydantic-1935,swe-agent,submitted (exit_context),48,53,0.9056603773584906,5
swe-agent:061788:pydantic__pydantic-1935,swe-agent,submitted (exit_context),22,99,0.2222222222222222,77
swe-agent:061792:pydantic__pydantic-1935,swe-agent,submitted (exit_context),46,85,0.5411764705882353,39
swe-agent:061794:pydantic__pydantic-1935,swe-agent,submitted (exit_context),80,95,0.8421052631578947,15
swe-agent:061800:pydantic__pydantic-1935,swe-agent,submitted (exit_context),56,89,0.6292134831460674,33
swe-agent:061801:pydantic__pydantic-1935,swe-agent,submitted (exit_context),24,89,0.2696629213483146,65
swe-agent:061824:pydantic__pydantic-772,swe-agent,submitted,22,23,0.9565217391304348,1
swe-agent:061861:pypa__setuptools_scm-573,swe-agent,submitted,52,53,0.9811320754716981,1
swe-agent:061897:pypa__setuptools_scm-573,swe-agent,submitted (exit_context),50,131,0.3816793893129771,81
swe-agent:061900:pypa__setuptools_scm-573,swe-agent,submitted (exit_context),78,91,0.8571428571428571,13
swe-agent:061902:pypa__setuptools_scm-573,swe-agent,exit_context,12,309,0.038834951456310676,297
swe-agent:061923:python-babel__babel-585,swe-agent,submitted (exit_context),16,45,0.35555555555555557,29
swe-agent:061925:pyvista__pyvista-4648,swe-agent,submitted,48,49,0.9795918367346939,1
swe-agent:061928:qiboteam__qibo-1022,swe-agent,submitted (exit_context),40,77,0.5194805194805194,37
swe-agent:061936:qiboteam__qibo-1022,swe-agent,submitted (exit_context),36,55,0.6545454545454545,19
swe-agent:061957:redis__redis-py-2583,swe-agent,submitted (exit_context),40,79,0.5063291139240507,39
swe-agent:061966:redis__redis-py-2583,swe-agent,submitted,40,59,0.6779661016949152,19
swe-agent:061978:redis__redis-py-2583,swe-agent,submitted (exit_context),26,109,0.23853211009174313,83
swe-agent:062064:simphony__tornado-webapi-27,swe-agent,submitted (exit_context),76,83,0.9156626506024096,7
swe-agent:062081:spatial-image__spatial-image-20,swe-agent,submitted (exit_context),20,59,0.3389830508474576,39
swe-agent:062082:spatial-image__spatial-image-20,swe-agent,submitted (exit_context),44,53,0.8301886792452831,9
swe-agent:062085:spatial-image__spatial-image-20,swe-agent,submitted (exit_context),22,63,0.3492063492063492,41
swe-agent:062089:spatial-image__spatial-image-20,swe-agent,submitted (exit_context),20,45,0.4444444444444444,25
swe-agent:062090:spatial-image__spatial-image-20,swe-agent,submitted (exit_context),38,45,0.8444444444444444,7
swe-agent:062091:spatial-image__spatial-image-20,swe-agent,submitted (exit_context),20,55,0.36363636363636365,35
swe-agent:062093:spatial-image__spatial-image-20,swe-agent,submitted (exit_context),44,53,0.8301886792452831,9
swe-agent:062098:stfc__fparser-414,swe-agent,submitted (exit_context),30,61,0.4918032786885246,31
swe-agent:062100:stfc__fparser-414,swe-agent,submitted (exit_context),70,75,0.9333333333333333,5
swe-agent:062106:stfc__fparser-414,swe-agent,submitted (exit_context),64,75,0.8533333333333334,11
swe-agent:062111:stfc__fparser-414,swe-agent,submitted (exit_context),54,87,0.6206896551724138,33
swe-agent:062132:weaveworks__grafanalib-584,swe-agent,submitted,28,41,0.6829268292682927,13
swe-agent:062136:weaveworks__grafanalib-584,swe-agent,submitted,20,23,0.8695652173913043,3
swe-agent:062147:weaveworks__grafanalib-584,swe-agent,submitted,12,19,0.631578947368421,7
swe-agent:062157:weaveworks__grafanalib-584,swe-agent,exit_context,20,37,0.5405405405405406,17
swe-agent:062233:ResearchObject__ro-crate-py-95,swe-agent,submitted (exit_context),30,65,0.46153846153846156,35
swe-agent:062242:ResearchObject__ro-crate-py-95,swe-agent,submitted (exit_context),62,101,0.6138613861386139,39
swe-agent:062291:asottile__setup-cfg-fmt-48,swe-agent,submitted,14,17,0.8235294117647058,3
swe-agent:062294:asottile__setup-cfg-fmt-48,swe-agent,submitted,16,25,0.64,9
swe-agent:062298:asottile__setup-cfg-fmt-48,swe-agent,submitted (exit_context),50,113,0.4424778761061947,63
swe-agent:062328:asottile__setup-cfg-fmt-48,swe-agent,exit_context,78,99,0.7878787878787878,21
swe-agent:062343:asphalt-framework__asphalt-50,swe-agent,submitted (exit_context),88,139,0.6330935251798561,51
swe-agent:062347:asphalt-framework__asphalt-50,swe-agent,submitted (exit_context),16,253,0.06324110671936758,237
swe-agent:062356:beetbox__beets-2270,swe-agent,submitted (exit_context),68,101,0.6732673267326733,33
swe-agent:062387:bird-house__birdy-173,swe-agent,exit_context,12,67,0.1791044776119403,55
swe-agent:062388:bird-house__birdy-173,swe-agent,submitted,18,33,0.5454545454545454,15
swe-agent:062389:bird-house__birdy-173,swe-agent,exit_context,18,59,0.3050847457627119,41
swe-agent:062390:bird-house__birdy-173,swe-agent,exit_context,26,59,0.4406779661016949,33
swe-agent:062401:bird-house__birdy-173,swe-agent,submitted (exit_context),30,61,0.4918032786885246,31
swe-agent:062403:bird-house__birdy-173,swe-agent,exit_context,22,57,0.38596491228070173,35
swe-agent:062406:bird-house__birdy-173,swe-agent,exit_context,24,45,0.5333333333333333,21
swe-agent:062407:bird-house__birdy-173,swe-agent,submitted (exit_context),50,87,0.5747126436781609,37
swe-agent:062410:bird-house__birdy-173,swe-agent,exit_context,16,55,0.2909090909090909,39
swe-agent:062416:bird-house__birdy-173,swe-agent,exit_context,14,49,0.2857142857142857,35
swe-agent:062427:blairconrad__dicognito-65,swe-agent,submitted (exit_context),30,117,0.2564102564102564,87
swe-agent:062429:blairconrad__dicognito-65,swe-agent,submitted (exit_context),8,37,0.21621621621621623,29
swe-agent:062434:collective__zpretty-132,swe-agent,submitted,24,57,0.42105263157894735,33
swe-agent:062435:collective__zpretty-132,swe-agent,submitted (exit_context),20,49,0.40816326530612246,29
swe-agent:062440:collective__zpretty-132,swe-agent,submitted (exit_context),46,63,0.7301587301587301,17
swe-agent:062453:dgasmith__opt_einsum-11,swe-agent,submitted,80,83,0.963855421686747,3
swe-agent:062462:dgasmith__opt_einsum-11,swe-agent,submitted,28,41,0.6829268292682927,13
swe-agent:062464:dgasmith__opt_einsum-11,swe-agent,submitted (exit_context),34,79,0.43037974683544306,45
swe-agent:062525:facelessuser__pymdown-extensions-2245,swe-agent,submitted (exit_context),66,109,0.6055045871559633,43
swe-agent:062537:facelessuser__pymdown-extensions-2245,swe-agent,submitted (exit_context),30,65,0.46153846153846156,35
swe-agent:062552:fatiando__pooch-173,swe-agent,submitted (exit_context),26,31,0.8387096774193549,5
swe-agent:062555:fatiando__pooch-173,swe-agent,submitted (exit_context),18,35,0.5142857142857142,17
swe-agent:062561:ikamensh__flynt-163,swe-agent,submitted (exit_context),52,87,0.5977011494252874,35
swe-agent:062565:ikamensh__flynt-163,swe-agent,exit_context,22,53,0.41509433962264153,31
swe-agent:062571:ikamensh__flynt-163,swe-agent,submitted (exit_context),34,67,0.5074626865671642,33
swe-agent:062578:ikamensh__flynt-163,swe-agent,submitted (exit_context),48,87,0.5517241379310345,39
swe-agent:062579:ikamensh__flynt-163,swe-agent,submitted (exit_context),70,97,0.7216494845360825,27
swe-agent:062582:ikamensh__flynt-163,swe-agent,early_exit,30,55,0.5454545454545454,25
swe-agent:062586:ikamensh__flynt-163,swe-agent,submitted,56,67,0.835820895522388,11
swe-agent:062591:ikamensh__flynt-163,swe-agent,exit_context,32,63,0.5079365079365079,31
swe-agent:062597:ikamensh__flynt-163,swe-agent,early_exit,14,129,0.10852713178294573,115
swe-agent:062599:ikamensh__flynt-163,swe-agent,submitted (exit_context),50,95,0.5263157894736842,45
swe-agent:062601:ikamensh__flynt-163,swe-agent,submitted (exit_context),26,53,0.49056603773584906,27
swe-agent:062615:ikamensh__flynt-163,swe-agent,exit_context,24,99,0.24242424242424243,75
swe-agent:062622:iterative__dvc-3883,swe-agent,early_exit,24,265,0.09056603773584905,241
swe-agent:062627:iterative__dvc-3883,swe-agent,exit_context,22,97,0.2268041237113402,75
swe-agent:062630:iterative__dvc-3883,swe-agent,submitted (exit_context),122,523,0.2332695984703633,401
swe-agent:062632:iterative__dvc-3883,swe-agent,submitted,62,73,0.8493150684931506,11
swe-agent:062638:iterative__dvc-5064,swe-agent,submitted (exit_context),72,111,0.6486486486486487,39
swe-agent:062642:iterative__dvc-5064,swe-agent,submitted (exit_context),52,103,0.5048543689320388,51
swe-agent:062643:iterative__dvc-5064,swe-agent,submitted (exit_context),62,101,0.6138613861386139,39
swe-agent:062647:iterative__dvc-5064,swe-agent,submitted (exit_context),30,113,0.26548672566371684,83
swe-agent:062648:iterative__dvc-5064,swe-agent,submitted (exit_context),50,101,0.49504950495049505,51
swe-agent:062651:iterative__dvc-5064,swe-agent,submitted (exit_context),22,127,0.1732283464566929,105
swe-agent:062665:iterative__dvc-6933,swe-agent,submitted (exit_context),122,199,0.6130653266331658,77
swe-agent:062667:iterative__dvc-6933,swe-agent,submitted (exit_context),32,155,0.2064516129032258,123
swe-agent:062678:iterative__dvc-7722,swe-agent,submitted,16,37,0.43243243243243246,21
swe-agent:062686:marshmallow-code__apispec-672,swe-agent,submitted,20,21,0.9523809523809523,1
swe-agent:062698:marshmallow-code__apispec-672,swe-agent,exit_context,24,43,0.5581395348837209,19
swe-agent:062700:marshmallow-code__apispec-672,swe-agent,submitted,22,25,0.88,3
swe-agent:062727:omry__omegaconf-53,swe-agent,submitted,64,75,0.8533333333333334,11
swe-agent:062732:omry__omegaconf-53,swe-agent,submitted (exit_context),100,137,0.7299270072992701,37
swe-agent:062780:pydantic__pydantic-2183,swe-agent,submitted (exit_context),32,109,0.29357798165137616,77
swe-agent:062781:pydantic__pydantic-2183,swe-agent,submitted (exit_context),34,47,0.723404255319149,13
swe-agent:062786:pydantic__pydantic-3194,swe-agent,submitted (exit_context),32,61,0.5245901639344263,29
swe-agent:062788:pydantic__pydantic-3194,swe-agent,submitted (exit_context),42,137,0.30656934306569344,95
swe-agent:062789:pydantic__pydantic-3194,swe-agent,submitted,24,65,0.36923076923076925,41
swe-agent:062794:pydantic__pydantic-3194,swe-agent,submitted (exit_context),30,65,0.46153846153846156,35
swe-agent:062807:pydantic__pydantic-3194,swe-agent,submitted (exit_context),52,87,0.5977011494252874,35
swe-agent:062808:pydantic__pydantic-3194,swe-agent,submitted (exit_context),74,83,0.891566265060241,9
swe-agent:062812:pydantic__pydantic-3194,swe-agent,submitted (exit_context),28,61,0.45901639344262296,33
swe-agent:062827:pydantic__pydantic-3907,swe-agent,submitted,20,67,0.29850746268656714,47
swe-agent:062843:pydantic__pydantic-3907,swe-agent,submitted (exit_context),26,119,0.2184873949579832,93
swe-agent:062849:pydantic__pydantic-3907,swe-agent,submitted (exit_context),36,107,0.3364485981308411,71
swe-agent:062854:pydantic__pydantic-3907,swe-agent,early_exit,48,91,0.5274725274725275,43
swe-agent:062864:pydantic__pydantic-3907,swe-agent,submitted,24,63,0.38095238095238093,39
swe-agent:062867:pydantic__pydantic-3907,swe-agent,submitted,58,67,0.8656716417910447,9
swe-agent:062871:pydantic__pydantic-3907,swe-agent,submitted,40,41,0.975609756097561,1
swe-agent:062882:pypa__cibuildwheel-1205,swe-agent,submitted (exit_context),42,85,0.49411764705882355,43
swe-agent:062924:pyvista__pyvista-4311,swe-agent,submitted (exit_context),58,77,0.7532467532467533,19
swe-agent:062925:pyvista__pyvista-4311,swe-agent,submitted (exit_context),22,43,0.5116279069767442,21
swe-agent:062931:rupert__pyls-black-39,swe-agent,submitted (exit_context),66,85,0.7764705882352941,19
swe-agent:062939:scikit-hep__vector-376,swe-agent,submitted (exit_context),40,77,0.5194805194805194,37
swe-agent:062943:scikit-hep__vector-376,swe-agent,submitted (exit_context),40,65,0.6153846153846154,25
swe-agent:062944:scikit-hep__vector-376,swe-agent,submitted (exit_context),30,71,0.4225352112676056,41
swe-agent:062976:sqlfluff__sqlfluff-2386,swe-agent,submitted,14,27,0.5185185185185185,13
swe-agent:062981:sqlfluff__sqlfluff-2386,swe-agent,exit_context,28,93,0.3010752688172043,65
swe-agent:062998:sqlfluff__sqlfluff-2386,swe-agent,submitted,10,33,0.30303030303030304,23
swe-agent:063002:sqlfluff__sqlfluff-3411,swe-agent,submitted,38,63,0.6031746031746031,25
swe-agent:063020:tobymao__sqlglot-2486,swe-agent,submitted (exit_context),38,413,0.09200968523002422,375
swe-agent:063024:tobymao__sqlglot-2486,swe-agent,submitted (exit_context),20,73,0.273972602739726,53
swe-agent:063025:tobymao__sqlglot-2486,swe-agent,submitted (exit_context),34,57,0.5964912280701754,23
swe-agent:063027:tobymao__sqlglot-2486,swe-agent,submitted (exit_context),36,65,0.5538461538461539,29
swe-agent:063028:tobymao__sqlglot-2486,swe-agent,submitted (exit_context),34,59,0.576271186440678,25
swe-agent:063050:tobymao__sqlglot-2769,swe-agent,submitted (exit_context),36,37,0.972972972972973,1
swe-agent:063080:tophat__syrupy-672,swe-agent,submitted (exit_context),64,95,0.6736842105263158,31
swe-agent:063116:twisted__tubes-78,swe-agent,submitted,22,25,0.88,3
swe-agent:063123:twisted__tubes-78,swe-agent,submitted (exit_context),30,55,0.5454545454545454,25
swe-agent:063130:twisted__tubes-78,swe-agent,submitted (exit_context),42,69,0.6086956521739131,27
swe-agent:063131:twisted__tubes-78,swe-agent,exit_context,52,91,0.5714285714285714,39
swe-agent:063145:twisted__tubes-78,swe-agent,submitted,46,55,0.8363636363636363,9
swe-agent:063149:twisted__tubes-78,swe-agent,submitted (exit_context),44,49,0.8979591836734694,5
swe-agent:063156:ARMmbed__greentea-250,swe-agent,exit_context,22,51,0.43137254901960786,29
swe-agent:063157:ARMmbed__greentea-250,swe-agent,exit_context,50,65,0.7692307692307693,15
swe-agent:063159:ARMmbed__greentea-250,swe-agent,exit_context,14,57,0.24561403508771928,43
swe-agent:063160:ARMmbed__greentea-250,swe-agent,submitted,28,33,0.8484848484848485,5
swe-agent:063161:ARMmbed__greentea-250,swe-agent,exit_context,20,71,0.28169014084507044,51
swe-agent:063172:DropD__reentry-50,swe-agent,submitted,16,37,0.43243243243243246,21
swe-agent:063175:DropD__reentry-50,swe-agent,exit_context,14,33,0.42424242424242425,19
swe-agent:063181:Infinidat__munch-93,swe-agent,submitted,42,85,0.49411764705882355,43
swe-agent:063211:Infinidat__munch-93,swe-agent,submitted,26,33,0.7878787878787878,7
swe-agent:063229:OCA__oca-github-bot-59,swe-agent,submitted,50,79,0.6329113924050633,29
swe-agent:063238:Parquery__icontract-170,swe-agent,submitted (exit_context),40,69,0.5797101449275363,29
swe-agent:063242:Pylons__webob-372,swe-agent,submitted (exit_context),52,83,0.6265060240963856,31
swe-agent:063244:Pylons__webob-372,swe-agent,submitted (exit_context),36,79,0.45569620253164556,43
swe-agent:063245:Pylons__webob-372,swe-agent,submitted (exit_context),24,47,0.5106382978723404,23
swe-agent:063246:Pylons__webob-372,swe-agent,submitted (exit_context),92,101,0.9108910891089109,9
swe-agent:063247:Pylons__webob-372,swe-agent,submitted (exit_context),26,35,0.7428571428571429,9
swe-agent:063249:Pylons__webob-372,swe-agent,submitted (exit_context),46,63,0.7301587301587301,17
swe-agent:063251:Pylons__webob-372,swe-agent,submitted,30,35,0.8571428571428571,5
swe-agent:063255:Pylons__webob-372,swe-agent,submitted (exit_context),42,61,0.6885245901639344,19
swe-agent:063256:Pylons__webob-372,swe-agent,submitted (exit_context),36,39,0.9230769230769231,3
swe-agent:063257:Pylons__webob-372,swe-agent,submitted (exit_context),38,75,0.5066666666666667,37
swe-agent:063263:Textualize__textual-3050,swe-agent,exit_context,30,65,0.46153846153846156,35
swe-agent:063282:Textualize__textual-3050,swe-agent,exit_context,12,63,0.19047619047619047,51
swe-agent:063311:agronholm__anyio-604,swe-agent,submitted (exit_context),46,67,0.6865671641791045,21
swe-agent:063312:agronholm__anyio-604,swe-agent,submitted (exit_context),24,141,0.1702127659574468,117
swe-agent:063315:agronholm__anyio-604,swe-agent,submitted (exit_context),22,33,0.6666666666666666,11
swe-agent:063335:astropy__ccdproc-757,swe-agent,submitted (exit_context),18,407,0.044226044226044224,389
swe-agent:063353:astropy__pyvo-459,swe-agent,submitted,28,33,0.8484848484848485,5
swe-agent:063361:astropy__pyvo-459,swe-agent,submitted (exit_context),52,67,0.7761194029850746,15
swe-agent:063364:astropy__pyvo-459,swe-agent,submitted (exit_context),68,103,0.6601941747572816,35
swe-agent:063367:astropy__pyvo-459,swe-agent,submitted (exit_context),26,35,0.7428571428571429,9
swe-agent:063371:collective__icalendar-559,swe-agent,submitted (exit_context),46,89,0.5168539325842697,43
swe-agent:063377:collective__icalendar-559,swe-agent,submitted,18,63,0.2857142857142857,45
swe-agent:063389:doccano__doccano-1558,swe-agent,submitted,26,71,0.36619718309859156,45
swe-agent:063390:doccano__doccano-1558,swe-agent,submitted,24,63,0.38095238095238093,39
swe-agent:063396:doccano__doccano-1558,swe-agent,submitted,14,57,0.24561403508771928,43
swe-agent:063405:doccano__doccano-1558,swe-agent,submitted (exit_context),30,403,0.07444168734491315,373
swe-agent:063435:fatiando__pooch-315,swe-agent,submitted (exit_context),28,85,0.32941176470588235,57
swe-agent:063439:fatiando__pooch-315,swe-agent,submitted (exit_context),48,73,0.6575342465753424,25
swe-agent:063446:fronzbot__blinkpy-424,swe-agent,submitted (exit_context),32,107,0.29906542056074764,75
swe-agent:063447:fronzbot__blinkpy-424,swe-agent,submitted (exit_context),26,73,0.3561643835616438,47
swe-agent:063449:google__latexify_py-182,swe-agent,exit_context,28,85,0.32941176470588235,57
swe-agent:063455:google__latexify_py-182,swe-agent,submitted (exit_context),24,97,0.24742268041237114,73
swe-agent:063489:googleapis__synthtool-1951,swe-agent,exit_context,76,217,0.35023041474654376,141
swe-agent:063491:googleapis__synthtool-1951,swe-agent,exit_context,14,99,0.1414141414141414,85
swe-agent:063501:googleapis__synthtool-1951,swe-agent,submitted,38,79,0.4810126582278481,41
swe-agent:063502:googleapis__synthtool-1951,swe-agent,exit_context,20,171,0.11695906432748537,151
swe-agent:063516:googleapis__synthtool-1951,swe-agent,submitted (exit_context),30,51,0.5882352941176471,21
swe-agent:063518:googleapis__synthtool-1951,swe-agent,exit_context,42,59,0.711864406779661,17
swe-agent:063550:iterative__dvc-2478,swe-agent,submitted (exit_context),54,67,0.8059701492537313,13
swe-agent:063560:iterative__dvc-2478,swe-agent,submitted (exit_context),52,135,0.3851851851851852,83
swe-agent:063599:iterative__dvc-6273,swe-agent,submitted,18,31,0.5806451612903226,13
swe-agent:063612:iterative__dvc-7970,swe-agent,exit_context,30,67,0.44776119402985076,37
swe-agent:063613:iterative__dvc-7970,swe-agent,exit_context,18,51,0.35294117647058826,33
swe-agent:063616:iterative__dvc-7970,swe-agent,submitted (exit_context),12,85,0.1411764705882353,73
swe-agent:063621:iterative__dvc-7970,swe-agent,early_exit,20,69,0.2898550724637681,49
swe-agent:063624:iterative__dvc-7970,swe-agent,submitted,86,89,0.9662921348314607,3
swe-agent:063626:iterative__dvc-7970,swe-agent,exit_context,14,45,0.3111111111111111,31
swe-agent:063637:lenskit__lkpy-312,swe-agent,submitted (exit_context),54,79,0.6835443037974683,25
swe-agent:063647:lenskit__lkpy-312,swe-agent,submitted (exit_context),34,57,0.5964912280701754,23
swe-agent:063675:mahmoud__boltons-341,swe-agent,submitted (exit_context),76,107,0.7102803738317757,31
swe-agent:063679:mahmoud__boltons-341,swe-agent,submitted,46,49,0.9387755102040817,3
swe-agent:063720:metno__py-mms-26,swe-agent,submitted,12,23,0.5217391304347826,11
swe-agent:063726:metno__py-mms-26,swe-agent,submitted (exit_context),58,93,0.6236559139784946,35
swe-agent:063729:mgcth__mysgen-53,swe-agent,submitted,18,33,0.5454545454545454,15
swe-agent:063750:mgcth__mysgen-59,swe-agent,submitted,28,31,0.9032258064516129,3
swe-agent:063764:mkdocs__mkdocs-3022,swe-agent,submitted (exit_context),60,77,0.7792207792207793,17
swe-agent:063776:mlrun__mlrun-27,swe-agent,submitted,14,17,0.8235294117647058,3
swe-agent:063779:mlrun__mlrun-27,swe-agent,submitted,12,15,0.8,3
swe-agent:063785:mlrun__mlrun-27,swe-agent,submitted (exit_context),16,51,0.3137254901960784,35
swe-agent:063787:mlrun__mlrun-27,swe-agent,submitted,20,29,0.6896551724137931,9
swe-agent:063791:mopidy__mopidy-spotify-376,swe-agent,exit_context,14,51,0.27450980392156865,37
swe-agent:063793:mopidy__mopidy-spotify-376,swe-agent,submitted (exit_context),58,79,0.7341772151898734,21
swe-agent:063808:oasis-open__cti-pattern-validator-71,swe-agent,submitted (exit_context),18,223,0.08071748878923767,205
swe-agent:063830:oasis-open__cti-stix-validator-109,swe-agent,submitted (exit_context),40,61,0.6557377049180327,21
swe-agent:063855:oasis-open__cti-stix-validator-109,swe-agent,submitted (exit_context),100,111,0.9009009009009009,11
swe-agent:063907:pydantic__pydantic-2220,swe-agent,submitted (exit_context),30,51,0.5882352941176471,21
swe-agent:063909:pydantic__pydantic-2220,swe-agent,submitted (exit_context),36,55,0.6545454545454545,19
swe-agent:063911:pydantic__pydantic-2220,swe-agent,submitted (exit_context),22,119,0.18487394957983194,97
swe-agent:063913:pydantic__pydantic-2220,swe-agent,submitted,52,63,0.8253968253968254,11
swe-agent:063915:pydantic__pydantic-2220,swe-agent,submitted (exit_context),22,45,0.4888888888888889,23
swe-agent:063920:pydantic__pydantic-2220,swe-agent,submitted (exit_context),22,231,0.09523809523809523,209
swe-agent:063928:pydantic__pydantic-2220,swe-agent,submitted (exit_context),26,131,0.1984732824427481,105
swe-agent:063932:pydantic__pydantic-2220,swe-agent,submitted,26,37,0.7027027027027027,11
swe-agent:063938:pydantic__pydantic-2220,swe-agent,submitted (exit_context),20,59,0.3389830508474576,39
swe-agent:063942:pydantic__pydantic-2220,swe-agent,submitted (exit_context),42,79,0.5316455696202531,37
swe-agent:063960:pydantic__pydantic-2325,swe-agent,submitted (exit_context),42,109,0.3853211009174312,67
swe-agent:063962:pydantic__pydantic-2325,swe-agent,submitted (exit_context),52,221,0.23529411764705882,169
swe-agent:063963:pydantic__pydantic-2325,swe-agent,submitted,18,65,0.27692307692307694,47
swe-agent:063965:pydantic__pydantic-2325,swe-agent,submitted (exit_context),68,71,0.9577464788732394,3
swe-agent:063969:pydantic__pydantic-2325,swe-agent,submitted (exit_context),18,113,0.1592920353982301,95
swe-agent:063970:pydantic__pydantic-2325,swe-agent,submitted (exit_context),50,63,0.7936507936507936,13
swe-agent:063974:pydantic__pydantic-2325,swe-agent,submitted (exit_context),52,109,0.47706422018348627,57
swe-agent:063976:pydantic__pydantic-2325,swe-agent,submitted (exit_context),30,145,0.20689655172413793,115
swe-agent:063978:pydantic__pydantic-2438,swe-agent,early_exit,28,81,0.345679012345679,53
swe-agent:063983:pydantic__pydantic-2438,swe-agent,submitted,28,41,0.6829268292682927,13
swe-agent:063984:pydantic__pydantic-2438,swe-agent,submitted (exit_context),40,63,0.6349206349206349,23
swe-agent:063985:pydantic__pydantic-2438,swe-agent,submitted,28,39,0.717948717948718,11
swe-agent:063986:pydantic__pydantic-2438,swe-agent,submitted,40,53,0.7547169811320755,13
swe-agent:063988:pydantic__pydantic-2438,swe-agent,submitted (exit_context),24,107,0.22429906542056074,83
swe-agent:063992:pydantic__pydantic-2438,swe-agent,submitted (exit_context),54,61,0.8852459016393442,7
swe-agent:063994:pydantic__pydantic-2806,swe-agent,submitted (exit_context),34,107,0.3177570093457944,73
swe-agent:063995:pydantic__pydantic-2806,swe-agent,submitted (exit_context),38,95,0.4,57
swe-agent:063999:pydantic__pydantic-2806,swe-agent,submitted (exit_context),36,57,0.631578947368421,21
swe-agent:064003:pydantic__pydantic-2806,swe-agent,submitted (exit_context),30,53,0.5660377358490566,23
swe-agent:064008:pydantic__pydantic-3201,swe-agent,submitted (exit_context),38,107,0.35514018691588783,69
swe-agent:064015:pydantic__pydantic-3201,swe-agent,submitted,32,37,0.8648648648648649,5
swe-agent:064053:pydantic__pydantic-4568,swe-agent,submitted (exit_context),40,103,0.3883495145631068,63
swe-agent:064054:pydantic__pydantic-4568,swe-agent,submitted (exit_context),34,103,0.3300970873786408,69
swe-agent:064062:pydantic__pydantic-4568,swe-agent,submitted,24,35,0.6857142857142857,11
swe-agent:064069:pydantic__pydantic-738,swe-agent,submitted (exit_context),68,99,0.6868686868686869,31
swe-agent:064072:pydantic__pydantic-738,swe-agent,submitted (exit_context),34,83,0.40963855421686746,49
swe-agent:064073:pydantic__pydantic-738,swe-agent,submitted (exit_context),34,89,0.38202247191011235,55
swe-agent:064074:pydantic__pydantic-738,swe-agent,submitted (exit_context),26,105,0.24761904761904763,79
swe-agent:064077:pydantic__pydantic-738,swe-agent,submitted (exit_context),46,63,0.7301587301587301,17
swe-agent:064082:pydantic__pydantic-738,swe-agent,submitted (exit_context),34,37,0.918918918918919,3
swe-agent:064088:pydantic__pydantic-891,swe-agent,submitted (exit_context),36,79,0.45569620253164556,43
swe-agent:064090:pydantic__pydantic-891,swe-agent,submitted (exit_context),36,73,0.4931506849315068,37
swe-agent:064091:pydantic__pydantic-891,swe-agent,early_exit,20,177,0.11299435028248588,157
swe-agent:064092:pydantic__pydantic-891,swe-agent,submitted (exit_context),80,91,0.8791208791208791,11
swe-agent:064095:pydantic__pydantic-891,swe-agent,submitted (exit_context),26,75,0.3466666666666667,49
swe-agent:064096:pydantic__pydantic-891,swe-agent,submitted (exit_context),32,41,0.7804878048780488,9
swe-agent:064098:pydantic__pydantic-891,swe-agent,early_exit,80,177,0.4519774011299435,97
swe-agent:064101:pydantic__pydantic-909,swe-agent,submitted (exit_context),66,101,0.6534653465346535,35
swe-agent:064105:pydantic__pydantic-909,swe-agent,submitted,38,39,0.9743589743589743,1
swe-agent:064110:pydantic__pydantic-909,swe-agent,submitted,40,59,0.6779661016949152,19
swe-agent:064112:pydantic__pydantic-909,swe-agent,submitted,132,151,0.8741721854304636,19
swe-agent:064114:pydantic__pydantic-909,swe-agent,submitted (exit_context),36,115,0.3130434782608696,79
swe-agent:064119:pynamodb__PynamoDB-1189,swe-agent,submitted,44,49,0.8979591836734694,5
swe-agent:064128:pynamodb__PynamoDB-1189,swe-agent,submitted (exit_context),68,263,0.2585551330798479,195
swe-agent:064138:pypa__twine-369,swe-agent,exit_context,48,67,0.7164179104477612,19
swe-agent:064140:pypa__twine-369,swe-agent,submitted (exit_context),22,45,0.4888888888888889,23
swe-agent:064142:qiboteam__qibo-953,swe-agent,submitted,24,57,0.42105263157894735,33
swe-agent:064144:qiboteam__qibo-953,swe-agent,submitted (exit_context),46,55,0.8363636363636363,9
swe-agent:064145:qiboteam__qibo-953,swe-agent,submitted,20,31,0.6451612903225806,11
swe-agent:064170:red-hat-storage__rhcephpkg-91,swe-agent,early_exit,28,85,0.32941176470588235,57
swe-agent:064205:sqlfluff__sqlfluff-2573,swe-agent,submitted (exit_context),26,55,0.4727272727272727,29
swe-agent:064206:sqlfluff__sqlfluff-2573,swe-agent,submitted (exit_context),24,79,0.3037974683544304,55
swe-agent:064208:sqlfluff__sqlfluff-2862,swe-agent,submitted (exit_context),40,75,0.5333333333333333,35
swe-agent:064209:stfc__fparser-374,swe-agent,exit_context,22,29,0.7586206896551724,7
swe-agent:064215:stfc__fparser-374,swe-agent,exit_context,20,27,0.7407407407407407,7
swe-agent:064216:stfc__fparser-374,swe-agent,exit_context,18,25,0.72,7
swe-agent:064217:stfc__fparser-374,swe-agent,exit_context,26,27,0.9629629629629629,1
swe-agent:064219:stfc__fparser-374,swe-agent,exit_context,26,27,0.9629629629629629,1
swe-agent:064220:stfc__fparser-374,swe-agent,exit_context,20,29,0.6896551724137931,9
swe-agent:064253:tianocore__edk2-pytool-extensions-125,swe-agent,submitted (exit_context),32,55,0.5818181818181818,23
swe-agent:064261:tianocore__edk2-pytool-extensions-125,swe-agent,submitted (exit_context),42,237,0.17721518987341772,195
swe-agent:064266:tianocore__edk2-pytool-extensions-125,swe-agent,submitted (exit_context),52,353,0.14730878186968838,301
swe-agent:064284:wearewhys__magnivore-9,swe-agent,submitted (exit_context),64,65,0.9846153846153847,1
swe-agent:064287:wearewhys__magnivore-9,swe-agent,early_exit,12,49,0.24489795918367346,37
swe-agent:064294:wearewhys__magnivore-9,swe-agent,exit_context,18,151,0.11920529801324503,133
swe-agent:064303:wearewhys__magnivore-9,swe-agent,submitted (exit_context),24,79,0.3037974683544304,55
swe-agent:064305:wearewhys__magnivore-9,swe-agent,submitted (exit_context),58,69,0.8405797101449275,11
swe-agent:064306:wearewhys__magnivore-9,swe-agent,exit_context,38,317,0.11987381703470032,279
swe-agent:064316:wearewhys__magnivore-9,swe-agent,submitted,22,23,0.9565217391304348,1
swe-agent:064323:zopefoundation__persistent-161,swe-agent,exit_context,22,89,0.24719101123595505,67
swe-agent:064331:zopefoundation__persistent-161,swe-agent,exit_context,14,91,0.15384615384615385,77
swe-agent:064332:zopefoundation__persistent-161,swe-agent,submitted (exit_context),12,267,0.0449438202247191,255
swe-agent:064336:zopefoundation__persistent-161,swe-agent,submitted (exit_context),86,105,0.819047619047619,19
swe-agent:064338:zopefoundation__persistent-161,swe-agent,submitted (exit_context),24,97,0.24742268041237114,73
swe-agent:064339:GSTT-CSC__hazen-363,swe-agent,exit_context,12,15,0.8,3
swe-agent:064340:GSTT-CSC__hazen-363,swe-agent,exit_context,32,79,0.4050632911392405,47
swe-agent:064343:GSTT-CSC__hazen-363,swe-agent,submitted (exit_context),50,59,0.847457627118644,9
swe-agent:064359:N-Wouda__ALNS-118,swe-agent,submitted,12,17,0.7058823529411765,5
swe-agent:064382:PMEAL__porespy-809,swe-agent,submitted,22,31,0.7096774193548387,9
swe-agent:064383:PMEAL__porespy-809,swe-agent,submitted,24,35,0.6857142857142857,11
swe-agent:064385:PMEAL__porespy-809,swe-agent,submitted,26,33,0.7878787878787878,7
swe-agent:064400:PMEAL__porespy-809,swe-agent,submitted,20,29,0.6896551724137931,9
swe-agent:064415:Shopify__shopify_python_api-330,swe-agent,submitted (exit_context),36,65,0.5538461538461539,29
swe-agent:064455:allo-media__text2num-107,swe-agent,submitted,32,47,0.6808510638297872,15
swe-agent:064460:allo-media__text2num-107,swe-agent,submitted (exit_context),40,57,0.7017543859649122,17
swe-agent:064461:allo-media__text2num-107,swe-agent,submitted (exit_context),40,47,0.851063829787234,7
swe-agent:064507:asottile__astpretty-41,swe-agent,submitted (exit_context),12,67,0.1791044776119403,55
swe-agent:064514:asottile__pyupgrade-75,swe-agent,submitted (exit_context),24,75,0.32,51
swe-agent:064567:canonical__charmcraft-869,swe-agent,exit_context,22,79,0.27848101265822783,57
swe-agent:064578:carpedm20__emoji-128,swe-agent,submitted (exit_context),24,85,0.2823529411764706,61
swe-agent:064580:carpedm20__emoji-128,swe-agent,submitted (exit_context),12,113,0.10619469026548672,101
swe-agent:064581:carpedm20__emoji-128,swe-agent,submitted (exit_context),22,55,0.4,33
swe-agent:064583:carpedm20__emoji-128,swe-agent,exit_context,16,63,0.25396825396825395,47
swe-agent:064584:carpedm20__emoji-128,swe-agent,submitted (exit_context),20,67,0.29850746268656714,47
swe-agent:064585:carpedm20__emoji-128,swe-agent,submitted,20,85,0.23529411764705882,65
swe-agent:064589:chezou__tabula-py-151,swe-agent,submitted,12,23,0.5217391304347826,11
swe-agent:064590:chezou__tabula-py-151,swe-agent,exit_context,16,65,0.24615384615384617,49
swe-agent:064600:chriskuehl__lazy-build-16,swe-agent,submitted (exit_context),42,245,0.17142857142857143,203
swe-agent:064604:chriskuehl__lazy-build-16,swe-agent,submitted,20,21,0.9523809523809523,1
swe-agent:064605:cookiecutter__cookiecutter-1144,swe-agent,submitted (exit_context),16,75,0.21333333333333335,59
swe-agent:064636:corteva__rioxarray-560,swe-agent,submitted,30,39,0.7692307692307693,9
swe-agent:064650:coverahealth__dataspec-83,swe-agent,submitted,44,47,0.9361702127659575,3
swe-agent:064654:coverahealth__dataspec-83,swe-agent,submitted (exit_context),36,99,0.36363636363636365,63
swe-agent:064679:dandi__dandi-cli-96,swe-agent,submitted (exit_context),54,91,0.5934065934065934,37
swe-agent:064682:dandi__dandi-cli-96,swe-agent,submitted (exit_context),64,87,0.735632183908046,23
swe-agent:064708:django__asgiref-183,swe-agent,submitted (exit_context),38,71,0.5352112676056338,33
swe-agent:064736:dwavesystems__dwave-cloud-client-309,swe-agent,submitted,26,33,0.7878787878787878,7
swe-agent:064773:dwavesystems__dwave-cloud-client-431,swe-agent,submitted (exit_context),76,81,0.9382716049382716,5
swe-agent:064858:encode__typesystem-16,swe-agent,submitted,12,15,0.8,3
swe-agent:064864:encode__typesystem-16,swe-agent,submitted (exit_context),68,101,0.6732673267326733,33
swe-agent:064876:falconry__falcon-1829,swe-agent,submitted (exit_context),44,47,0.9361702127659575,3
swe-agent:064878:fimion__wheniwork-api-py-3,swe-agent,submitted,44,69,0.6376811594202898,25
swe-agent:064907:grappa-py__grappa-65,swe-agent,submitted (exit_context),8,211,0.037914691943127965,203
swe-agent:064913:grappa-py__grappa-65,swe-agent,submitted (exit_context),72,105,0.6857142857142857,33
swe-agent:064925:guykisel__inline-plz-228,swe-agent,submitted,18,21,0.8571428571428571,3
swe-agent:064932:hynek__structlog-478,swe-agent,submitted (exit_context),24,63,0.38095238095238093,39
swe-agent:064933:hynek__structlog-478,swe-agent,submitted (exit_context),24,103,0.23300970873786409,79
swe-agent:064967:isi-vista__adam-463,swe-agent,submitted,42,85,0.49411764705882355,43
swe-agent:064977:isi-vista__adam-463,swe-agent,exit_context,20,53,0.37735849056603776,33
swe-agent:064988:isi-vista__adam-463,swe-agent,exit_context,34,67,0.5074626865671642,33
swe-agent:064998:iterative__dvc-3992,swe-agent,submitted (exit_context),60,89,0.6741573033707865,29
swe-agent:064999:iterative__dvc-3992,swe-agent,submitted,18,43,0.4186046511627907,25
swe-agent:065000:iterative__dvc-3992,swe-agent,submitted (exit_context),24,57,0.42105263157894735,33
swe-agent:065001:iterative__dvc-3992,swe-agent,submitted,20,39,0.5128205128205128,19
swe-agent:065003:iterative__dvc-3992,swe-agent,submitted (exit_context),20,111,0.18018018018018017,91
swe-agent:065007:iterative__dvc-3992,swe-agent,submitted,90,95,0.9473684210526315,5
swe-agent:065009:iterative__dvc-3992,swe-agent,submitted,30,45,0.6666666666666666,15
swe-agent:065016:iterative__dvc-3994,swe-agent,submitted (exit_context),32,111,0.2882882882882883,79
swe-agent:065017:iterative__dvc-3994,swe-agent,submitted (exit_context),24,149,0.1610738255033557,125
swe-agent:065018:iterative__dvc-3994,swe-agent,submitted (exit_context),34,65,0.5230769230769231,31
swe-agent:065019:iterative__dvc-3994,swe-agent,early_exit,30,67,0.44776119402985076,37
swe-agent:065047:iterative__dvc-4613,swe-agent,submitted (exit_context),24,111,0.21621621621621623,87
swe-agent:065060:iterative__dvc-4613,swe-agent,submitted (exit_context),46,53,0.8679245283018868,7
swe-agent:065069:iterative__dvc-4613,swe-agent,submitted (exit_context),28,109,0.25688073394495414,81
swe-agent:065076:iterative__dvc-5378,swe-agent,submitted (exit_context),14,43,0.32558139534883723,29
swe-agent:065078:iterative__dvc-5378,swe-agent,submitted (exit_context),36,167,0.2155688622754491,131
swe-agent:065087:iterative__dvc-5378,swe-agent,submitted (exit_context),24,67,0.3582089552238806,43
swe-agent:065089:iterative__dvc-5378,swe-agent,submitted (exit_context),40,55,0.7272727272727273,15
swe-agent:065098:jupyter__nbformat-198,swe-agent,submitted (exit_context),38,75,0.5066666666666667,37
swe-agent:065106:jupyter__nbformat-198,swe-agent,submitted,34,59,0.576271186440678,25
swe-agent:065107:jupyter__nbformat-198,swe-agent,submitted (exit_context),38,67,0.5671641791044776,29
swe-agent:065114:linkml__linkml-1411,swe-agent,submitted (exit_context),68,103,0.6601941747572816,35
swe-agent:065122:linkml__linkml-1411,swe-agent,submitted,32,73,0.4383561643835616,41
swe-agent:065137:linw1995__data_extractor-18,swe-agent,submitted,58,87,0.6666666666666666,29
swe-agent:065138:linw1995__data_extractor-18,swe-agent,submitted,50,71,0.704225352112676,21
swe-agent:065149:litl__backoff-161,swe-agent,submitted (exit_context),20,45,0.4444444444444444,25
swe-agent:065155:litl__backoff-161,swe-agent,submitted (exit_context),20,45,0.4444444444444444,25
swe-agent:065162:litl__backoff-161,swe-agent,submitted (exit_context),32,55,0.5818181818181818,23
swe-agent:065166:litl__backoff-161,swe-agent,submitted (exit_context),26,51,0.5098039215686274,25
swe-agent:065174:litl__backoff-161,swe-agent,submitted (exit_context),50,69,0.7246376811594203,19
swe-agent:065192:litl__backoff-161,swe-agent,submitted (exit_context),60,81,0.7407407407407407,21
swe-agent:065195:matthewwithanm__python-markdownify-117,swe-agent,submitted (exit_context),40,65,0.6153846153846154,25
swe-agent:065199:matthewwithanm__python-markdownify-117,swe-agent,submitted,48,101,0.4752475247524752,53
swe-agent:065200:matthewwithanm__python-markdownify-117,swe-agent,submitted (exit_context),38,67,0.5671641791044776,29
swe-agent:065202:matthewwithanm__python-markdownify-117,swe-agent,submitted (exit_context),24,71,0.3380281690140845,47
swe-agent:065207:microsoft__debugpy-683,swe-agent,submitted,12,51,0.23529411764705882,39
swe-agent:065229:mozilla__bleach-667,swe-agent,submitted,34,35,0.9714285714285714,1
swe-agent:065245:numpy__numpydoc-433,swe-agent,exit_context,20,103,0.1941747572815534,83
swe-agent:065257:numpy__numpydoc-433,swe-agent,exit_context,12,105,0.11428571428571428,93
swe-agent:065258:numpy__numpydoc-433,swe-agent,submitted (exit_context),36,91,0.3956043956043956,55
swe-agent:065261:numpy__numpydoc-433,swe-agent,submitted (exit_context),26,81,0.32098765432098764,55
swe-agent:065263:numpy__numpydoc-433,swe-agent,submitted (exit_context),28,93,0.3010752688172043,65
swe-agent:065269:numpy__numpydoc-433,swe-agent,exit_context,22,103,0.21359223300970873,81
swe-agent:065281:numpy__numpydoc-433,swe-agent,submitted (exit_context),20,121,0.1652892561983471,101
swe-agent:065283:numpy__numpydoc-433,swe-agent,submitted (exit_context),32,85,0.3764705882352941,53
swe-agent:065289:numpy__numpydoc-433,swe-agent,submitted (exit_context),26,35,0.7428571428571429,9
swe-agent:065301:numpy__numpydoc-433,swe-agent,submitted (exit_context),34,83,0.40963855421686746,49
swe-agent:065309:numpy__numpydoc-433,swe-agent,exit_context,30,47,0.6382978723404256,17
swe-agent:065310:numpy__numpydoc-433,swe-agent,submitted,24,55,0.43636363636363634,31
swe-agent:065313:numpy__numpydoc-433,swe-agent,submitted (exit_context),22,87,0.25287356321839083,65
swe-agent:065329:pennsignals__dsdk-37,swe-agent,exit_context,12,315,0.0380952380952381,303
swe-agent:065330:pennsignals__dsdk-37,swe-agent,exit_context,20,515,0.038834951456310676,495
swe-agent:065332:pennsignals__dsdk-37,swe-agent,exit_context,18,301,0.059800664451827246,283
swe-agent:065333:pvlib__pvlib-python-1176,swe-agent,submitted (exit_context),18,85,0.21176470588235294,67
swe-agent:065334:pvlib__pvlib-python-1176,swe-agent,exit_context,14,103,0.13592233009708737,89
swe-agent:065345:pydantic__pydantic-2794,swe-agent,submitted,34,37,0.918918918918919,3
swe-agent:065358:pydantic__pydantic-2794,swe-agent,submitted (exit_context),32,47,0.6808510638297872,15
swe-agent:065359:pydantic__pydantic-2794,swe-agent,submitted (exit_context),48,77,0.6233766233766234,29
swe-agent:065362:pydantic__pydantic-2794,swe-agent,submitted (exit_context),22,81,0.2716049382716049,59
swe-agent:065363:pydantic__pydantic-2794,swe-agent,submitted,60,73,0.821917808219178,13
swe-agent:065380:pydantic__pydantic-2794,swe-agent,submitted (exit_context),54,77,0.7012987012987013,23
swe-agent:065400:pydantic__pydantic-3594,swe-agent,exit_context,16,69,0.2318840579710145,53
swe-agent:065402:pydantic__pydantic-3594,swe-agent,submitted (exit_context),54,111,0.4864864864864865,57
swe-agent:065426:pydantic__pydantic-3639,swe-agent,submitted (exit_context),44,57,0.7719298245614035,13
swe-agent:065427:pydantic__pydantic-3639,swe-agent,submitted,46,67,0.6865671641791045,21
swe-agent:065431:pydantic__pydantic-3639,swe-agent,submitted (exit_context),34,93,0.3655913978494624,59
swe-agent:065435:pydantic__pydantic-3639,swe-agent,submitted (exit_context),36,151,0.23841059602649006,115
swe-agent:065437:pydantic__pydantic-3639,swe-agent,submitted (exit_context),64,75,0.8533333333333334,11
swe-agent:065442:pydantic__pydantic-3639,swe-agent,submitted (exit_context),30,95,0.3157894736842105,65
swe-agent:065446:pydantic__pydantic-3639,swe-agent,submitted (exit_context),32,49,0.6530612244897959,17
swe-agent:065447:pydantic__pydantic-3639,swe-agent,submitted (exit_context),38,91,0.4175824175824176,53
swe-agent:065453:pydantic__pydantic-3639,swe-agent,submitted (exit_context),28,109,0.25688073394495414,81
swe-agent:065457:pydantic__pydantic-3639,swe-agent,submitted (exit_context),56,67,0.835820895522388,11
swe-agent:065462:pydantic__pydantic-3639,swe-agent,submitted (exit_context),32,89,0.3595505617977528,57
swe-agent:065463:pydantic__pydantic-3639,swe-agent,submitted (exit_context),54,65,0.8307692307692308,11
swe-agent:065466:pydantic__pydantic-3639,swe-agent,submitted (exit_context),14,101,0.13861386138613863,87
swe-agent:065469:pydantic__pydantic-3941,swe-agent,submitted (exit_context),32,77,0.4155844155844156,45
swe-agent:065471:pydantic__pydantic-3941,swe-agent,submitted (exit_context),34,63,0.5396825396825397,29
swe-agent:065473:pydantic__pydantic-3941,swe-agent,submitted,28,31,0.9032258064516129,3
swe-agent:065476:pydantic__pydantic-3941,swe-agent,submitted (exit_context),50,103,0.4854368932038835,53
swe-agent:065478:pydantic__pydantic-3941,swe-agent,submitted (exit_context),22,45,0.4888888888888889,23
swe-agent:065481:pydantic__pydantic-3941,swe-agent,submitted (exit_context),24,117,0.20512820512820512,93
swe-agent:065484:pydantic__pydantic-3941,swe-agent,submitted (exit_context),40,83,0.4819277108433735,43
swe-agent:065490:pydantic__pydantic-3941,swe-agent,submitted,54,65,0.8307692307692308,11
swe-agent:065491:pydantic__pydantic-3941,swe-agent,early_exit,54,79,0.6835443037974683,25
swe-agent:065493:pydantic__pydantic-3941,swe-agent,submitted (exit_context),76,81,0.9382716049382716,5
swe-agent:065495:pydantic__pydantic-3941,swe-agent,submitted (exit_context),40,57,0.7017543859649122,17
swe-agent:065497:pydantic__pydantic-3941,swe-agent,submitted (exit_context),24,75,0.32,51
swe-agent:065499:pydantic__pydantic-3941,swe-agent,submitted (exit_context),44,59,0.7457627118644068,15
swe-agent:065503:pydantic__pydantic-3941,swe-agent,submitted (exit_context),36,75,0.48,39
swe-agent:065505:pydantic__pydantic-3941,swe-agent,submitted (exit_context),32,75,0.4266666666666667,43
swe-agent:065506:pydantic__pydantic-3941,swe-agent,submitted (exit_context),32,61,0.5245901639344263,29
swe-agent:065507:pydantic__pydantic-3941,swe-agent,submitted (exit_context),52,53,0.9811320754716981,1
swe-agent:065510:pydantic__pydantic-3941,swe-agent,submitted (exit_context),54,87,0.6206896551724138,33
swe-agent:065517:pydicom__pydicom-1076,swe-agent,submitted (exit_context),34,77,0.44155844155844154,43
swe-agent:065523:pydicom__pydicom-955,swe-agent,submitted (exit_context),40,51,0.7843137254901961,11
swe-agent:065557:pysal__esda-235,swe-agent,submitted (exit_context),40,63,0.6349206349206349,23
swe-agent:065560:pysal__esda-235,swe-agent,exit_context,32,179,0.1787709497206704,147
swe-agent:065578:python-lsp__python-lsp-server-459,swe-agent,exit_context,28,97,0.28865979381443296,69
swe-agent:065583:reframe-hpc__reframe-2688,swe-agent,early_exit,42,237,0.17721518987341772,195
swe-agent:065589:reframe-hpc__reframe-2688,swe-agent,submitted (exit_context),70,91,0.7692307692307693,21
swe-agent:065593:reframe-hpc__reframe-2688,swe-agent,exit_context,42,79,0.5316455696202531,37
swe-agent:065594:reframe-hpc__reframe-2688,swe-agent,exit_context,54,73,0.7397260273972602,19
swe-agent:065639:spacetelescope__gwcs-439,swe-agent,submitted (exit_context),54,71,0.7605633802816901,17
swe-agent:065667:sqlfluff__sqlfluff-1733,swe-agent,submitted (exit_context),22,45,0.4888888888888889,23
swe-agent:065673:sqlfluff__sqlfluff-1733,swe-agent,submitted (exit_context),66,77,0.8571428571428571,11
swe-agent:065681:textile__python-textile-41,swe-agent,submitted (exit_context),38,81,0.4691358024691358,43
swe-agent:065682:textile__python-textile-41,swe-agent,submitted (exit_context),48,67,0.7164179104477612,19
swe-agent:065683:textile__python-textile-41,swe-agent,submitted (exit_context),16,77,0.2077922077922078,61
swe-agent:065684:textile__python-textile-41,swe-agent,submitted (exit_context),18,81,0.2222222222222222,63
swe-agent:065686:tobymao__sqlglot-2054,swe-agent,submitted,58,59,0.9830508474576272,1
swe-agent:065687:tobymao__sqlglot-2054,swe-agent,submitted (exit_context),30,61,0.4918032786885246,31
swe-agent:065718:tobymao__sqlglot-2956,swe-agent,submitted (exit_context),28,61,0.45901639344262296,33
swe-agent:065798:xarg__kuku-4,swe-agent,submitted,34,89,0.38202247191011235,55
swe-agent:065804:zalando-stups__senza-280,swe-agent,submitted (exit_context),70,281,0.2491103202846975,211
swe-agent:065807:zalando-stups__senza-280,swe-agent,submitted (exit_context),18,51,0.35294117647058826,33
swe-agent:065813:zooniverse__panoptes-python-client-207,swe-agent,submitted (exit_context),16,121,0.1322314049586777,105
swe-agent:065825:Bachmann1234__diff_cover-300,swe-agent,submitted,36,57,0.631578947368421,21
swe-agent:065827:Bachmann1234__diff_cover-300,swe-agent,exit_context,36,77,0.4675324675324675,41
swe-agent:065841:DCC-Lab__RayTracing-204,swe-agent,exit_context,18,35,0.5142857142857142,17
swe-agent:065842:DCC-Lab__RayTracing-204,swe-agent,exit_context,24,39,0.6153846153846154,15
swe-agent:065844:DCC-Lab__RayTracing-204,swe-agent,exit_context,20,29,0.6896551724137931,9
swe-agent:065845:DCC-Lab__RayTracing-204,swe-agent,exit_context,16,63,0.25396825396825395,47
swe-agent:065846:DCC-Lab__RayTracing-204,swe-agent,submitted_no_patch,20,25,0.8,5
swe-agent:065847:DCC-Lab__RayTracing-204,swe-agent,exit_context,20,73,0.273972602739726,53
swe-agent:065848:DCC-Lab__RayTracing-204,swe-agent,exit_context,28,65,0.4307692307692308,37
swe-agent:065849:DCC-Lab__RayTracing-204,swe-agent,exit_context,28,81,0.345679012345679,53
swe-agent:065851:DCC-Lab__RayTracing-204,swe-agent,submitted (exit_context),50,67,0.746268656716418,17
swe-agent:065852:DCC-Lab__RayTracing-204,swe-agent,exit_context,24,91,0.26373626373626374,67
swe-agent:065853:DCC-Lab__RayTracing-204,swe-agent,exit_context,26,75,0.3466666666666667,49
swe-agent:065854:DCC-Lab__RayTracing-204,swe-agent,submitted (exit_context),22,51,0.43137254901960786,29
swe-agent:065855:DCC-Lab__RayTracing-204,swe-agent,exit_context,16,73,0.2191780821917808,57
swe-agent:065863:DataDog__datadogpy-555,swe-agent,submitted (exit_context),34,339,0.10029498525073746,305
swe-agent:065868:DinoTools__python-overpy-64,swe-agent,submitted (exit_context),28,59,0.4745762711864407,31
swe-agent:065869:DinoTools__python-overpy-64,swe-agent,submitted (exit_context),22,97,0.2268041237113402,75
swe-agent:065870:DinoTools__python-overpy-64,swe-agent,submitted (exit_context),26,47,0.5531914893617021,21
swe-agent:065871:DinoTools__python-overpy-64,swe-agent,submitted (exit_context),28,59,0.4745762711864407,31
swe-agent:065872:DinoTools__python-overpy-64,swe-agent,submitted (exit_context),24,53,0.4528301886792453,29
swe-agent:065924:PyCQA__pyflakes-606,swe-agent,submitted (exit_context),28,49,0.5714285714285714,21
swe-agent:065925:PyCQA__pyflakes-606,swe-agent,submitted (exit_context),18,129,0.13953488372093023,111
swe-agent:065927:PyCQA__pyflakes-606,swe-agent,submitted (exit_context),36,53,0.6792452830188679,17
swe-agent:065930:PyCQA__pyflakes-606,swe-agent,submitted (exit_context),36,89,0.4044943820224719,53
swe-agent:065936:PyCQA__pyflakes-606,swe-agent,submitted (exit_context),28,65,0.4307692307692308,37
swe-agent:065942:Sceptre__sceptre-1248,swe-agent,submitted (exit_context),34,371,0.09164420485175202,337
swe-agent:065949:airspeed-velocity__asv-681,swe-agent,submitted (exit_context),36,95,0.37894736842105264,59
swe-agent:065951:airspeed-velocity__asv-681,swe-agent,submitted (exit_context),30,67,0.44776119402985076,37
swe-agent:065960:airspeed-velocity__asv-681,swe-agent,submitted (exit_context),74,97,0.7628865979381443,23
swe-agent:065961:airspeed-velocity__asv-681,swe-agent,early_exit,46,163,0.2822085889570552,117
swe-agent:065963:airspeed-velocity__asv-681,swe-agent,submitted (exit_context),24,357,0.06722689075630252,333
swe-agent:065971:albumentations-team__albumentations-1379,swe-agent,submitted,16,27,0.5925925925925926,11
swe-agent:065989:alexmojaki__stack_data-53,swe-agent,submitted (exit_context),26,215,0.12093023255813953,189
swe-agent:066022:asottile__setup-cfg-fmt-150,swe-agent,submitted (exit_context),46,53,0.8679245283018868,7
swe-agent:066088:benjamincorcoran__sasdocs-16,swe-agent,submitted,52,65,0.8,13
swe-agent:066100:benjamincorcoran__sasdocs-16,swe-agent,submitted (exit_context),44,85,0.5176470588235295,41
swe-agent:066150:briggySmalls__pyflipdot-5,swe-agent,early_exit,24,25,0.96,1
swe-agent:066165:briggySmalls__pyflipdot-5,swe-agent,exit_context,44,195,0.22564102564102564,151
swe-agent:066182:chrahunt__hlp-15,swe-agent,submitted (exit_context),26,39,0.6666666666666666,13
swe-agent:066184:chrahunt__hlp-15,swe-agent,submitted (exit_context),40,89,0.449438202247191,49
swe-agent:066185:chrahunt__hlp-15,swe-agent,submitted (exit_context),50,73,0.684931506849315,23
swe-agent:066187:chrahunt__hlp-15,swe-agent,submitted (exit_context),64,75,0.8533333333333334,11
swe-agent:066191:collective__zpretty-122,swe-agent,submitted (exit_context),44,133,0.3308270676691729,89
swe-agent:066194:collective__zpretty-122,swe-agent,submitted (exit_context),22,175,0.12571428571428572,153
swe-agent:066195:collective__zpretty-122,swe-agent,submitted (exit_context),14,87,0.16091954022988506,73
swe-agent:066247:coverahealth__dataspec-55,swe-agent,early_exit,28,37,0.7567567567567568,9
swe-agent:066249:coverahealth__dataspec-55,swe-agent,submitted (exit_context),50,55,0.9090909090909091,5
swe-agent:066267:d-Rickyy-b__pyBrematic-30,swe-agent,submitted,14,69,0.2028985507246377,55
swe-agent:066306:e2nIEE__pandapipes-501,swe-agent,exit_context,16,391,0.04092071611253197,375
swe-agent:066309:e2nIEE__pandapipes-501,swe-agent,early_exit,28,39,0.717948717948718,11
swe-agent:066319:eliben__pycparser-236,swe-agent,submitted (exit_context),18,159,0.11320754716981132,141
swe-agent:066328:eliben__pycparser-236,swe-agent,submitted (exit_context),24,123,0.1951219512195122,99
swe-agent:066331:eliben__pycparser-236,swe-agent,submitted (exit_context),26,325,0.08,299
swe-agent:066332:eliben__pycparser-236,swe-agent,submitted (exit_context),42,109,0.3853211009174312,67
swe-agent:066333:eliben__pycparser-236,swe-agent,submitted (exit_context),84,95,0.8842105263157894,11
swe-agent:066336:eliben__pycparser-236,swe-agent,submitted (exit_context),20,195,0.10256410256410256,175
swe-agent:066339:eliben__pycparser-236,swe-agent,submitted (exit_context),42,61,0.6885245901639344,19
swe-agent:066343:eliben__pycparser-236,swe-agent,submitted (exit_context),20,173,0.11560693641618497,153
swe-agent:066346:eliben__pycparser-236,swe-agent,submitted (exit_context),22,105,0.20952380952380953,83
swe-agent:066352:eliben__pycparser-236,swe-agent,submitted (exit_context),78,93,0.8387096774193549,15
swe-agent:066360:eliben__pycparser-236,swe-agent,submitted (exit_context),66,127,0.5196850393700787,61
swe-agent:066366:eliben__pycparser-236,swe-agent,submitted (exit_context),34,129,0.26356589147286824,95
swe-agent:066367:eliben__pycparser-236,swe-agent,submitted (exit_context),32,105,0.3047619047619048,73
swe-agent:066370:eliben__pycparser-236,swe-agent,submitted (exit_context),36,55,0.6545454545454545,19
swe-agent:066372:eliben__pycparser-236,swe-agent,submitted (exit_context),24,177,0.13559322033898305,153
swe-agent:066380:evansde77__cirrus-198,swe-agent,submitted (exit_context),30,87,0.3448275862068966,57
swe-agent:066383:evansde77__cirrus-198,swe-agent,exit_context,16,57,0.2807017543859649,41
swe-agent:066386:evansde77__cirrus-198,swe-agent,exit_context,18,59,0.3050847457627119,41
swe-agent:066389:evansde77__cirrus-198,swe-agent,exit_context,26,53,0.49056603773584906,27
swe-agent:066390:evansde77__cirrus-198,swe-agent,exit_context,46,63,0.7301587301587301,17
swe-agent:066391:executablebooks__MyST-Parser-734,swe-agent,submitted,44,51,0.8627450980392157,7
swe-agent:066401:fatiando__pooch-365,swe-agent,submitted (exit_context),32,39,0.8205128205128205,7
swe-agent:066407:fatiando__pooch-365,swe-agent,submitted (exit_context),34,49,0.6938775510204082,15
swe-agent:066411:garcia__simfile-29,swe-agent,submitted (exit_context),28,77,0.36363636363636365,49
swe-agent:066428:getsentry__responses-643,swe-agent,submitted (exit_context),26,29,0.896551724137931,3
swe-agent:066441:google__docker-explorer-57,swe-agent,submitted,42,53,0.7924528301886793,11
swe-agent:066442:google__docker-explorer-57,swe-agent,submitted,30,39,0.7692307692307693,9
swe-agent:066444:google__docker-explorer-57,swe-agent,submitted (exit_context),32,71,0.4507042253521127,39
swe-agent:066448:google__docker-explorer-57,swe-agent,exit_context,24,225,0.10666666666666667,201
swe-agent:066450:google__docker-explorer-57,swe-agent,submitted (exit_context),20,53,0.37735849056603776,33
swe-agent:066451:google__docker-explorer-57,swe-agent,submitted (exit_context),48,337,0.142433234421365,289
swe-agent:066492:googleapis__python-firestore-821,swe-agent,submitted,18,31,0.5806451612903226,13
swe-agent:066504:horejsek__python-fastjsonschema-144,swe-agent,submitted (exit_context),50,63,0.7936507936507936,13
swe-agent:066505:horejsek__python-fastjsonschema-144,swe-agent,submitted (exit_context),38,55,0.6909090909090909,17
swe-agent:066507:horejsek__python-fastjsonschema-144,swe-agent,submitted (exit_context),60,65,0.9230769230769231,5
swe-agent:066508:horejsek__python-fastjsonschema-144,swe-agent,submitted (exit_context),46,75,0.6133333333333333,29
swe-agent:066509:horejsek__python-fastjsonschema-144,swe-agent,submitted (exit_context),58,111,0.5225225225225225,53
swe-agent:066510:horejsek__python-fastjsonschema-144,swe-agent,submitted (exit_context),132,241,0.5477178423236515,109
swe-agent:066511:horejsek__python-fastjsonschema-144,swe-agent,submitted (exit_context),34,53,0.6415094339622641,19
swe-agent:066512:horejsek__python-fastjsonschema-144,swe-agent,submitted (exit_context),52,77,0.6753246753246753,25
swe-agent:066516:horejsek__python-fastjsonschema-144,swe-agent,submitted (exit_context),40,189,0.21164021164021163,149
swe-agent:066529:horejsek__python-fastjsonschema-144,swe-agent,submitted (exit_context),46,55,0.8363636363636363,9
swe-agent:066530:horejsek__python-fastjsonschema-144,swe-agent,submitted (exit_context),70,73,0.958904109589041,3
swe-agent:066535:horejsek__python-fastjsonschema-144,swe-agent,submitted (exit_context),58,71,0.8169014084507042,13
swe-agent:066538:horejsek__python-fastjsonschema-144,swe-agent,submitted (exit_context),16,79,0.20253164556962025,63
swe-agent:066542:horejsek__python-fastjsonschema-144,swe-agent,submitted (exit_context),32,239,0.13389121338912133,207
swe-agent:066550:horejsek__python-fastjsonschema-144,swe-agent,submitted (exit_context),130,139,0.935251798561151,9
swe-agent:066551:horejsek__python-fastjsonschema-144,swe-agent,submitted (exit_context),40,61,0.6557377049180327,21
swe-agent:066552:horejsek__python-fastjsonschema-144,swe-agent,submitted (exit_context),60,67,0.8955223880597015,7
swe-agent:066554:horejsek__python-fastjsonschema-144,swe-agent,submitted (exit_context),56,59,0.9491525423728814,3
swe-agent:066557:horejsek__python-fastjsonschema-144,swe-agent,submitted (exit_context),24,49,0.4897959183673469,25
swe-agent:066560:horejsek__python-fastjsonschema-144,swe-agent,submitted (exit_context),34,57,0.5964912280701754,23
swe-agent:066603:iterative__dvc-3524,swe-agent,submitted,40,145,0.27586206896551724,105
swe-agent:066604:iterative__dvc-3524,swe-agent,submitted (exit_context),92,251,0.3665338645418327,159
swe-agent:066615:iterative__dvc-3524,swe-agent,submitted,26,59,0.4406779661016949,33
swe-agent:066616:iterative__dvc-3524,swe-agent,early_exit,16,265,0.06037735849056604,249
swe-agent:066619:iterative__dvc-3524,swe-agent,submitted,70,83,0.8433734939759037,13
swe-agent:066620:iterative__dvc-9353,swe-agent,submitted (exit_context),24,95,0.25263157894736843,71
swe-agent:066623:iterative__dvc-9353,swe-agent,submitted,42,59,0.711864406779661,17
swe-agent:066624:iterative__dvc-9353,swe-agent,exit_context,22,139,0.15827338129496402,117
swe-agent:066631:iterative__dvc-9353,swe-agent,early_exit,32,63,0.5079365079365079,31
swe-agent:066637:iterative__dvc-9353,swe-agent,early_exit,56,113,0.49557522123893805,57
swe-agent:066644:iterative__dvc-9353,swe-agent,submitted (exit_context),102,117,0.8717948717948718,15
swe-agent:066645:iterative__dvc-9353,swe-agent,submitted,36,37,0.972972972972973,1
swe-agent:066646:iterative__dvc-9353,swe-agent,submitted (exit_context),26,59,0.4406779661016949,33
swe-agent:066656:iterative__dvc-9353,swe-agent,exit_context,40,59,0.6779661016949152,19
swe-agent:066662:iterative__dvc-9353,swe-agent,early_exit,28,35,0.8,7
swe-agent:066704:mit-ll-responsible-ai__hydra-zen-367,swe-agent,early_exit,38,47,0.8085106382978723,9
swe-agent:066708:mit-ll-responsible-ai__hydra-zen-367,swe-agent,exit_context,18,21,0.8571428571428571,3
swe-agent:066722:mosquito__aiohttp-xmlrpc-38,swe-agent,submitted (exit_context),24,323,0.07430340557275542,299
swe-agent:066723:mosquito__aiohttp-xmlrpc-38,swe-agent,submitted (exit_context),28,89,0.3146067415730337,61
swe-agent:066730:mwouts__jupytext-368,swe-agent,submitted (exit_context),44,59,0.7457627118644068,15
swe-agent:066760:mwouts__jupytext-368,swe-agent,submitted (exit_context),26,53,0.49056603773584906,27
swe-agent:066761:mwouts__jupytext-368,swe-agent,submitted,36,39,0.9230769230769231,3
swe-agent:066772:nose-devs__nose2-469,swe-agent,submitted (exit_context),62,133,0.46616541353383456,71
swe-agent:066778:nose-devs__nose2-469,swe-agent,submitted (exit_context),46,55,0.8363636363636363,9
swe-agent:066805:omry__omegaconf-83,swe-agent,submitted,22,71,0.30985915492957744,49
swe-agent:066812:open-things__loggingex-14,swe-agent,submitted (exit_context),16,53,0.3018867924528302,37
swe-agent:066932:pvlib__pvlib-python-1193,swe-agent,submitted (exit_context),22,69,0.3188405797101449,47
swe-agent:066933:pvlib__pvlib-python-1193,swe-agent,submitted (exit_context),20,43,0.46511627906976744,23
swe-agent:066934:pvlib__pvlib-python-1193,swe-agent,submitted (exit_context),28,71,0.39436619718309857,43
swe-agent:066941:pvlib__pvlib-python-1193,swe-agent,submitted (exit_context),68,75,0.9066666666666666,7
swe-agent:066944:pydantic__pydantic-1291,swe-agent,submitted (exit_context),20,53,0.37735849056603776,33
swe-agent:066945:pydantic__pydantic-1291,swe-agent,submitted,18,55,0.32727272727272727,37
swe-agent:066949:pydantic__pydantic-1291,swe-agent,submitted (exit_context),28,111,0.25225225225225223,83
swe-agent:066958:pydantic__pydantic-1291,swe-agent,submitted,74,107,0.6915887850467289,33
swe-agent:066959:pydantic__pydantic-3547,swe-agent,submitted (exit_context),32,71,0.4507042253521127,39
swe-agent:066963:pydantic__pydantic-3547,swe-agent,submitted (exit_context),40,115,0.34782608695652173,75
swe-agent:066967:pydantic__pydantic-3547,swe-agent,submitted (exit_context),22,119,0.18487394957983194,97
swe-agent:066969:pydantic__pydantic-3547,swe-agent,submitted (exit_context),58,169,0.3431952662721893,111
swe-agent:066971:pydantic__pydantic-3547,swe-agent,submitted (exit_context),34,75,0.4533333333333333,41
swe-agent:066978:pydantic__pydantic-3547,swe-agent,submitted (exit_context),22,85,0.25882352941176473,63
swe-agent:066984:pydantic__pydantic-3547,swe-agent,submitted (exit_context),30,145,0.20689655172413793,115
swe-agent:067004:pydantic__pydantic-4224,swe-agent,submitted,34,43,0.7906976744186046,9
swe-agent:067007:pydantic__pydantic-4224,swe-agent,submitted (exit_context),48,63,0.7619047619047619,15
swe-agent:067010:pydantic__pydantic-4224,swe-agent,submitted (exit_context),32,47,0.6808510638297872,15
swe-agent:067013:pydantic__pydantic-4224,swe-agent,submitted (exit_context),28,101,0.27722772277227725,73
swe-agent:067016:pydantic__pydantic-4224,swe-agent,submitted (exit_context),30,73,0.410958904109589,43
swe-agent:067023:pydantic__pydantic-4224,swe-agent,submitted (exit_context),40,61,0.6557377049180327,21
swe-agent:067024:pydantic__pydantic-4224,swe-agent,submitted (exit_context),40,75,0.5333333333333333,35
swe-agent:067035:pydantic__pydantic-4224,swe-agent,submitted (exit_context),24,41,0.5853658536585366,17
swe-agent:067039:pydantic__pydantic-4224,swe-agent,submitted (exit_context),28,57,0.49122807017543857,29
swe-agent:067045:pydantic__pydantic-4224,swe-agent,submitted,58,81,0.7160493827160493,23
swe-agent:067046:pydantic__pydantic-4224,swe-agent,submitted (exit_context),28,51,0.5490196078431373,23
swe-agent:067050:pydantic__pydantic-4354,swe-agent,submitted (exit_context),10,143,0.06993006993006994,133
swe-agent:067059:pydantic__pydantic-4354,swe-agent,submitted (exit_context),24,45,0.5333333333333333,21
swe-agent:067065:pydantic__pydantic-4354,swe-agent,early_exit,10,43,0.23255813953488372,33
swe-agent:067067:pydantic__pydantic-4354,swe-agent,submitted (exit_context),10,143,0.06993006993006994,133
swe-agent:067073:pydantic__pydantic-4354,swe-agent,submitted (exit_context),22,47,0.46808510638297873,25
swe-agent:067078:pydantic__pydantic-4354,swe-agent,submitted (exit_context),12,145,0.08275862068965517,133
swe-agent:067083:pydantic__pydantic-4354,swe-agent,submitted (exit_context),24,171,0.14035087719298245,147
swe-agent:067089:pydantic__pydantic-4354,swe-agent,submitted (exit_context),22,141,0.15602836879432624,119
swe-agent:067097:pydantic__pydantic-4354,swe-agent,early_exit,10,215,0.046511627906976744,205
swe-agent:067100:pydantic__pydantic-4354,swe-agent,submitted (exit_context),58,169,0.3431952662721893,111
swe-agent:067104:pydantic__pydantic-4354,swe-agent,submitted (exit_context),10,139,0.07194244604316546,129
swe-agent:067110:pydantic__pydantic-4354,swe-agent,submitted (exit_context),10,145,0.06896551724137931,135
swe-agent:067111:pydantic__pydantic-4354,swe-agent,submitted (exit_context),90,193,0.46632124352331605,103
swe-agent:067120:pydantic__pydantic-4653,swe-agent,submitted (exit_context),10,99,0.10101010101010101,89
swe-agent:067124:pydantic__pydantic-4653,swe-agent,submitted (exit_context),18,131,0.13740458015267176,113
swe-agent:067125:pydantic__pydantic-4653,swe-agent,submitted (exit_context),22,47,0.46808510638297873,25
swe-agent:067136:pydantic__pydantic-4653,swe-agent,submitted,40,45,0.8888888888888888,5
swe-agent:067148:pydantic__pydantic-4653,swe-agent,submitted (exit_context),34,115,0.2956521739130435,81
swe-agent:067151:pydantic__pydantic-4653,swe-agent,submitted (exit_context),18,193,0.09326424870466321,175
swe-agent:067154:pydantic__pydantic-4653,swe-agent,submitted (exit_context),16,53,0.3018867924528302,37
swe-agent:067159:pydantic__pydantic-4653,swe-agent,submitted (exit_context),20,55,0.36363636363636365,35
swe-agent:067161:pydantic__pydantic-4653,swe-agent,submitted (exit_context),48,61,0.7868852459016393,13
swe-agent:067169:pydantic__pydantic-4653,swe-agent,submitted (exit_context),28,93,0.3010752688172043,65
swe-agent:067178:pydantic__pydantic-4653,swe-agent,submitted,28,35,0.8,7
swe-agent:067187:pydantic__pydantic-4653,swe-agent,submitted,20,39,0.5128205128205128,19
swe-agent:067191:pydantic__pydantic-4653,swe-agent,submitted (exit_context),44,403,0.10918114143920596,359
swe-agent:067193:pydantic__pydantic-4653,swe-agent,submitted (exit_context),24,45,0.5333333333333333,21
swe-agent:067203:pysmt__pysmt-243,swe-agent,submitted (exit_context),36,105,0.34285714285714286,69
swe-agent:067206:pysmt__pysmt-243,swe-agent,submitted (exit_context),14,83,0.1686746987951807,69
swe-agent:067208:pysmt__pysmt-243,swe-agent,submitted (exit_context),38,99,0.3838383838383838,61
swe-agent:067213:python-metar__python-metar-125,swe-agent,submitted (exit_context),62,69,0.8985507246376812,7
swe-agent:067221:python-metar__python-metar-125,swe-agent,submitted (exit_context),44,55,0.8,11
swe-agent:067223:python-metar__python-metar-125,swe-agent,submitted (exit_context),22,75,0.29333333333333333,53
swe-agent:067229:python-metar__python-metar-125,swe-agent,submitted (exit_context),20,99,0.20202020202020202,79
swe-agent:067242:python-metar__python-metar-125,swe-agent,submitted,24,55,0.43636363636363634,31
swe-agent:067244:python-metar__python-metar-125,swe-agent,submitted (exit_context),28,49,0.5714285714285714,21
swe-agent:067246:python-metar__python-metar-125,swe-agent,submitted (exit_context),36,51,0.7058823529411765,15
swe-agent:067248:python-metar__python-metar-125,swe-agent,submitted (exit_context),36,59,0.6101694915254238,23
swe-agent:067252:python-metar__python-metar-125,swe-agent,submitted (exit_context),42,45,0.9333333333333333,3
swe-agent:067254:python-metar__python-metar-125,swe-agent,submitted (exit_context),66,197,0.3350253807106599,131
swe-agent:067259:python-metar__python-metar-125,swe-agent,submitted (exit_context),34,59,0.576271186440678,25
swe-agent:067272:python-metar__python-metar-125,swe-agent,early_exit,28,31,0.9032258064516129,3
swe-agent:067279:python-metar__python-metar-125,swe-agent,submitted (exit_context),48,55,0.8727272727272727,7
swe-agent:067285:python-odin__odinweb-11,swe-agent,submitted,34,61,0.5573770491803278,27
swe-agent:067288:python-odin__odinweb-11,swe-agent,exit_context,34,35,0.9714285714285714,1
swe-agent:067303:qiboteam__qibolab-660,swe-agent,submitted,26,53,0.49056603773584906,27
swe-agent:067385:sanic-org__sanic-2615,swe-agent,submitted (exit_context),30,63,0.47619047619047616,33
swe-agent:067390:sanic-org__sanic-2615,swe-agent,submitted (exit_context),34,201,0.1691542288557214,167
swe-agent:067402:scverse__scanpy-2859,swe-agent,exit_context,18,83,0.21686746987951808,65
swe-agent:067404:scverse__scanpy-2859,swe-agent,submitted (exit_context),24,47,0.5106382978723404,23
swe-agent:067408:scverse__scanpy-2859,swe-agent,submitted (exit_context),20,75,0.26666666666666666,55
swe-agent:067421:scverse__scanpy-2859,swe-agent,submitted,14,51,0.27450980392156865,37
swe-agent:067432:seequent__pure_interface-48,swe-agent,submitted (exit_context),26,199,0.1306532663316583,173
swe-agent:067484:sqlfluff__sqlfluff-1763,swe-agent,submitted (exit_context),46,71,0.647887323943662,25
swe-agent:067496:streamlink__streamlink-2102,swe-agent,submitted (exit_context),50,61,0.819672131147541,11
swe-agent:067524:streamlink__streamlink-2102,swe-agent,submitted (exit_context),22,545,0.04036697247706422,523
swe-agent:067527:streamlink__streamlink-2102,swe-agent,submitted (exit_context),36,109,0.3302752293577982,73
swe-agent:067532:tobymao__sqlglot-2337,swe-agent,submitted (exit_context),56,57,0.9824561403508771,1
swe-agent:067540:tobymao__sqlglot-2337,swe-agent,submitted (exit_context),46,55,0.8363636363636363,9
swe-agent:067546:tobymao__sqlglot-2337,swe-agent,submitted (exit_context),26,47,0.5531914893617021,21
swe-agent:067549:tobymao__sqlglot-2337,swe-agent,submitted (exit_context),16,47,0.3404255319148936,31
swe-agent:067556:tobymao__sqlglot-2337,swe-agent,submitted (exit_context),40,49,0.8163265306122449,9
swe-agent:067572:zopefoundation__DateTime-37,swe-agent,submitted (exit_context),18,99,0.18181818181818182,81
swe-agent:067582:Azure__msrest-for-python-12,swe-agent,exit_context,26,65,0.4,39
swe-agent:067583:Azure__msrest-for-python-12,swe-agent,submitted (exit_context),50,67,0.746268656716418,17
swe-agent:067584:Azure__msrest-for-python-12,swe-agent,exit_context,20,77,0.2597402597402597,57
swe-agent:067588:Azure__msrest-for-python-12,swe-agent,submitted (exit_context),48,79,0.6075949367088608,31
swe-agent:067589:Azure__msrest-for-python-12,swe-agent,exit_context,34,45,0.7555555555555555,11
swe-agent:067590:Azure__msrest-for-python-12,swe-agent,submitted (exit_context),30,83,0.3614457831325301,53
swe-agent:067592:Azure__msrest-for-python-12,swe-agent,submitted,22,23,0.9565217391304348,1
swe-agent:067593:Azure__msrest-for-python-12,swe-agent,exit_context,34,101,0.33663366336633666,67
swe-agent:067594:Azure__msrest-for-python-12,swe-agent,exit_context,52,69,0.7536231884057971,17
swe-agent:067595:Azure__msrest-for-python-12,swe-agent,exit_context,24,67,0.3582089552238806,43
swe-agent:067596:Azure__msrest-for-python-12,swe-agent,exit_context,16,53,0.3018867924528302,37
swe-agent:067605:MatterMiners__tardis-238,swe-agent,submitted (exit_context),40,85,0.47058823529411764,45
swe-agent:067616:MatterMiners__tardis-238,swe-agent,submitted,12,15,0.8,3
swe-agent:067637:MatterMiners__tardis-238,swe-agent,submitted,8,13,0.6153846153846154,5
swe-agent:067653:NCAS-CMS__cfdm-269,swe-agent,submitted (exit_context),46,101,0.45544554455445546,55
swe-agent:067654:NCAS-CMS__cfdm-269,swe-agent,submitted (exit_context),24,103,0.23300970873786409,79
swe-agent:067655:NCAS-CMS__cfdm-269,swe-agent,submitted (exit_context),50,77,0.6493506493506493,27
swe-agent:067656:NCAS-CMS__cfdm-269,swe-agent,submitted (exit_context),22,111,0.1981981981981982,89
swe-agent:067657:NCAS-CMS__cfdm-269,swe-agent,submitted (exit_context),26,99,0.26262626262626265,73
swe-agent:067658:NCAS-CMS__cfdm-269,swe-agent,submitted (exit_context),24,115,0.20869565217391303,91
swe-agent:067659:NCAS-CMS__cfdm-269,swe-agent,submitted (exit_context),42,109,0.3853211009174312,67
swe-agent:067739:ReviewNB__treon-25,swe-agent,submitted,18,33,0.5454545454545454,15
swe-agent:067743:ReviewNB__treon-25,swe-agent,submitted,22,29,0.7586206896551724,7
swe-agent:067744:ReviewNB__treon-25,swe-agent,exit_context,18,61,0.29508196721311475,43
swe-agent:067746:ReviewNB__treon-25,swe-agent,submitted,38,59,0.6440677966101694,21
swe-agent:067756:ReviewNB__treon-25,swe-agent,exit_context,12,53,0.22641509433962265,41
swe-agent:067777:RobinL__fuzzymatcher-50,swe-agent,submitted (exit_context),44,211,0.20853080568720378,167
swe-agent:067791:alanmcruickshank__sqlfluff-262,swe-agent,submitted (exit_context),38,53,0.7169811320754716,15
swe-agent:067794:alanmcruickshank__sqlfluff-262,swe-agent,submitted (exit_context),72,83,0.8674698795180723,11
swe-agent:067797:alanmcruickshank__sqlfluff-262,swe-agent,submitted (exit_context),44,127,0.3464566929133858,83
swe-agent:067801:alanmcruickshank__sqlfluff-262,swe-agent,submitted,16,43,0.37209302325581395,27
swe-agent:067803:alanmcruickshank__sqlfluff-262,swe-agent,submitted (exit_context),24,55,0.43636363636363634,31
swe-agent:067827:astropy__astroquery-2160,swe-agent,exit_context,30,37,0.8108108108108109,7
swe-agent:067828:astropy__astroquery-2160,swe-agent,submitted,16,23,0.6956521739130435,7
swe-agent:067829:astropy__astroquery-2160,swe-agent,exit_context,32,57,0.5614035087719298,25
swe-agent:067870:cherrypy__cherrypy-1976,swe-agent,submitted,22,27,0.8148148148148148,5
swe-agent:067903:datalad__datalad-5603,swe-agent,submitted (exit_context),50,51,0.9803921568627451,1
swe-agent:067906:datalad__datalad-5603,swe-agent,submitted (exit_context),50,71,0.704225352112676,21
swe-agent:067920:fmi-faim__faim-wako-searchfirst-5,swe-agent,submitted,20,35,0.5714285714285714,15
swe-agent:067929:getsentry__responses-455,swe-agent,submitted (exit_context),46,99,0.46464646464646464,53
swe-agent:067935:gorakhargosh__watchdog-760,swe-agent,submitted,24,33,0.7272727272727273,9
swe-agent:067938:gorakhargosh__watchdog-760,swe-agent,submitted (exit_context),22,57,0.38596491228070173,35
swe-agent:067943:gorakhargosh__watchdog-760,swe-agent,submitted,34,63,0.5396825396825397,29
swe-agent:067945:gorakhargosh__watchdog-760,swe-agent,submitted (exit_context),44,79,0.5569620253164557,35
swe-agent:067946:gorakhargosh__watchdog-760,swe-agent,submitted,14,27,0.5185185185185185,13
swe-agent:067968:gorakhargosh__watchdog-760,swe-agent,submitted,38,43,0.8837209302325582,5
swe-agent:067994:hynek__structlog-586,swe-agent,submitted,24,37,0.6486486486486487,13
swe-agent:068032:ikalchev__HAP-python-335,swe-agent,submitted (exit_context),34,113,0.3008849557522124,79
swe-agent:068039:iterative__dvc-6375,swe-agent,submitted (exit_context),32,77,0.4155844155844156,45
swe-agent:068045:iterative__dvc-6375,swe-agent,submitted,14,41,0.34146341463414637,27
swe-agent:068086:jaraco__zipp-59,swe-agent,early_exit,28,37,0.7567567567567568,9
swe-agent:068089:jaraco__zipp-59,swe-agent,submitted (exit_context),42,75,0.56,33
swe-agent:068093:jaraco__zipp-59,swe-agent,submitted (exit_context),28,61,0.45901639344262296,33
swe-agent:068105:jaraco__zipp-59,swe-agent,submitted,30,61,0.4918032786885246,31
swe-agent:068113:jaraco__zipp-59,swe-agent,submitted (exit_context),24,57,0.42105263157894735,33
swe-agent:068118:jaraco__zipp-59,swe-agent,submitted (exit_context),18,71,0.2535211267605634,53
swe-agent:068127:jaraco__zipp-59,swe-agent,submitted (exit_context),22,87,0.25287356321839083,65
swe-agent:068133:jd__tenacity-201,swe-agent,submitted (exit_context),56,69,0.8115942028985508,13
swe-agent:068137:jd__tenacity-201,swe-agent,submitted (exit_context),48,63,0.7619047619047619,15
swe-agent:068143:joergbuchwald__ogs6py-44,swe-agent,submitted (exit_context),18,59,0.3050847457627119,41
swe-agent:068144:joergbuchwald__ogs6py-44,swe-agent,submitted (exit_context),32,49,0.6530612244897959,17
swe-agent:068151:joergbuchwald__ogs6py-44,swe-agent,exit_context,16,51,0.3137254901960784,35
swe-agent:068154:joergbuchwald__ogs6py-44,swe-agent,exit_context,14,37,0.3783783783783784,23
swe-agent:068160:joergbuchwald__ogs6py-44,swe-agent,submitted (exit_context),24,33,0.7272727272727273,9
swe-agent:068164:joergbuchwald__ogs6py-44,swe-agent,submitted (exit_context),52,83,0.6265060240963856,31
swe-agent:068174:joergbuchwald__ogs6py-44,swe-agent,exit_context,14,55,0.2545454545454545,41
swe-agent:068179:joergbuchwald__ogs6py-44,swe-agent,exit_context,16,25,0.64,9
swe-agent:068182:joergbuchwald__ogs6py-44,swe-agent,exit_context,16,51,0.3137254901960784,35
swe-agent:068183:joergbuchwald__ogs6py-44,swe-agent,exit_context,18,37,0.4864864864864865,19
swe-agent:068186:joergbuchwald__ogs6py-44,swe-agent,submitted (exit_context),16,31,0.5161290322580645,15
swe-agent:068195:jupyterhub__oauthenticator-449,swe-agent,submitted (exit_context),56,71,0.7887323943661971,15
swe-agent:068201:linkedin__shiv-94,swe-agent,submitted (exit_context),48,113,0.4247787610619469,65
swe-agent:068214:locustio__locust-1380,swe-agent,submitted (exit_context),28,105,0.26666666666666666,77
swe-agent:068216:locustio__locust-1380,swe-agent,submitted (exit_context),36,77,0.4675324675324675,41
swe-agent:068217:locustio__locust-1380,swe-agent,submitted (exit_context),50,237,0.2109704641350211,187
swe-agent:068221:locustio__locust-1380,swe-agent,submitted (exit_context),34,47,0.723404255319149,13
swe-agent:068224:locustio__locust-1380,swe-agent,submitted (exit_context),42,185,0.22702702702702704,143
swe-agent:068228:mdowds__python-mock-firestore-6,swe-agent,submitted (exit_context),26,91,0.2857142857142857,65
swe-agent:068232:mdowds__python-mock-firestore-6,swe-agent,submitted (exit_context),16,101,0.15841584158415842,85
swe-agent:068269:miurahr__aqtinstall-633,swe-agent,submitted (exit_context),44,53,0.8301886792452831,9
swe-agent:068295:mozman__steputils-3,swe-agent,submitted (exit_context),94,147,0.6394557823129252,53
swe-agent:068310:mozman__steputils-3,swe-agent,submitted,10,35,0.2857142857142857,25
swe-agent:068312:nipype__pydra-211,swe-agent,submitted (exit_context),80,87,0.9195402298850575,7
swe-agent:068324:nipype__pydra-211,swe-agent,submitted,16,51,0.3137254901960784,35
swe-agent:068326:nipype__pydra-211,swe-agent,submitted (exit_context),20,105,0.19047619047619047,85
swe-agent:068330:oauthlib__oauthlib-771,swe-agent,exit_context,12,79,0.1518987341772152,67
swe-agent:068342:oauthlib__oauthlib-771,swe-agent,exit_context,20,45,0.4444444444444444,25
swe-agent:068344:oauthlib__oauthlib-771,swe-agent,submitted (exit_context),32,115,0.2782608695652174,83
swe-agent:068350:oauthlib__oauthlib-771,swe-agent,submitted (exit_context),86,251,0.3426294820717131,165
swe-agent:068356:oauthlib__oauthlib-771,swe-agent,submitted (exit_context),32,89,0.3595505617977528,57
swe-agent:068374:oauthlib__oauthlib-771,swe-agent,submitted (exit_context),18,163,0.11042944785276074,145
swe-agent:068403:omni-us__jsonargparse-363,swe-agent,submitted (exit_context),42,75,0.56,33
swe-agent:068427:pact-foundation__pact-python-42,swe-agent,exit_context,20,25,0.8,5
swe-agent:068443:pact-foundation__pact-python-42,swe-agent,early_exit,34,43,0.7906976744186046,9
swe-agent:068455:pydantic__pydantic-1125,swe-agent,submitted,46,79,0.5822784810126582,33
swe-agent:068459:pydantic__pydantic-1125,swe-agent,submitted (exit_context),22,133,0.16541353383458646,111
swe-agent:068461:pydantic__pydantic-1125,swe-agent,submitted,36,63,0.5714285714285714,27
swe-agent:068472:pydantic__pydantic-1911,swe-agent,submitted (exit_context),44,67,0.6567164179104478,23
swe-agent:068476:pydantic__pydantic-1911,swe-agent,submitted (exit_context),34,59,0.576271186440678,25
swe-agent:068477:pydantic__pydantic-1911,swe-agent,submitted,42,65,0.6461538461538462,23
swe-agent:068481:pydantic__pydantic-1911,swe-agent,submitted (exit_context),48,81,0.5925925925925926,33
swe-agent:068482:pydantic__pydantic-1911,swe-agent,submitted (exit_context),56,65,0.8615384615384616,9
swe-agent:068488:pydantic__pydantic-941,swe-agent,submitted (exit_context),76,111,0.6846846846846847,35
swe-agent:068502:pydantic__pydantic-941,swe-agent,exit_context,24,51,0.47058823529411764,27
swe-agent:068510:pypa__setuptools_scm-168,swe-agent,submitted (exit_context),32,91,0.3516483516483517,59
swe-agent:068512:pypa__setuptools_scm-168,swe-agent,submitted (exit_context),76,95,0.8,19
swe-agent:068513:pypa__setuptools_scm-168,swe-agent,submitted (exit_context),22,81,0.2716049382716049,59
swe-agent:068514:pypa__setuptools_scm-168,swe-agent,submitted (exit_context),32,101,0.31683168316831684,69
swe-agent:068555:scikit-hep__hist-247,swe-agent,exit_context,32,61,0.5245901639344263,29
swe-agent:068574:spyder-ide__pyls-spyder-21,swe-agent,submitted,18,41,0.43902439024390244,23
swe-agent:068581:sqlfluff__sqlfluff-3435,swe-agent,submitted (exit_context),60,63,0.9523809523809523,3
swe-agent:068585:sqlfluff__sqlfluff-3435,swe-agent,submitted (exit_context),28,49,0.5714285714285714,21
swe-agent:068591:sqlfluff__sqlfluff-3435,swe-agent,submitted (exit_context),70,77,0.9090909090909091,7
swe-agent:068596:sqlfluff__sqlfluff-3435,swe-agent,submitted (exit_context),20,57,0.3508771929824561,37
swe-agent:068598:sqlfluff__sqlfluff-3435,swe-agent,submitted,16,45,0.35555555555555557,29
swe-agent:068603:sqlfluff__sqlfluff-3435,swe-agent,submitted (exit_context),30,47,0.6382978723404256,17
swe-agent:068604:sqlfluff__sqlfluff-3435,swe-agent,submitted (exit_context),36,53,0.6792452830188679,17
swe-agent:068615:stephantul__reach-23,swe-agent,submitted (exit_context),26,175,0.14857142857142858,149
swe-agent:068632:stephantul__reach-23,swe-agent,submitted,46,51,0.9019607843137255,5
swe-agent:068675:tobymao__sqlglot-2249,swe-agent,submitted (exit_context),62,79,0.7848101265822784,17
swe-agent:068692:websocket-client__websocket-client-929,swe-agent,submitted (exit_context),30,65,0.46153846153846156,35
swe-agent:068718:websocket-client__websocket-client-929,swe-agent,submitted (exit_context),56,71,0.7887323943661971,15
swe-agent:068735:websocket-client__websocket-client-929,swe-agent,submitted (exit_context),64,67,0.9552238805970149,3
swe-agent:068764:websocket-client__websocket-client-929,swe-agent,submitted (exit_context),32,75,0.4266666666666667,43
swe-agent:068770:xgcm__xhistogram-20,swe-agent,submitted (exit_context),26,85,0.3058823529411765,59
swe-agent:068771:xgcm__xhistogram-20,swe-agent,submitted (exit_context),24,87,0.27586206896551724,63
swe-agent:068772:xgcm__xhistogram-20,swe-agent,submitted,44,65,0.676923076923077,21
swe-agent:068773:xgcm__xhistogram-20,swe-agent,submitted (exit_context),34,85,0.4,51
swe-agent:068774:xgcm__xhistogram-20,swe-agent,submitted (exit_context),26,89,0.29213483146067415,63
swe-agent:068776:yukinarit__pyserde-208,swe-agent,submitted (exit_context),40,73,0.547945205479452,33
swe-agent:068786:yukinarit__pyserde-208,swe-agent,early_exit,20,59,0.3389830508474576,39
swe-agent:068820:zopefoundation__AccessControl-70,swe-agent,submitted,12,17,0.7058823529411765,5
swe-agent:068823:zopefoundation__AccessControl-70,swe-agent,submitted,18,23,0.782608695652174,5
swe-agent:068831:zopefoundation__AccessControl-70,swe-agent,submitted (exit_context),12,165,0.07272727272727272,153
swe-agent:068834:zopefoundation__AccessControl-70,swe-agent,submitted,22,31,0.7096774193548387,9
swe-agent:068842:zopefoundation__Zope-906,swe-agent,submitted (exit_context),50,77,0.6493506493506493,27
swe-agent:068843:BlueBrain__atlas-densities-25,swe-agent,submitted,18,21,0.8571428571428571,3
swe-agent:068910:BlueBrain__atlas-densities-25,swe-agent,submitted,18,21,0.8571428571428571,3
swe-agent:068917:J535D165__pyalex-13,swe-agent,submitted,18,25,0.72,7
swe-agent:068926:J535D165__pyalex-13,swe-agent,submitted (exit_context),12,147,0.08163265306122448,135
swe-agent:068928:J535D165__pyalex-13,swe-agent,submitted,12,17,0.7058823529411765,5
swe-agent:068943:ShaneKent__PyEventLogViewer-133,swe-agent,exit_context,12,33,0.36363636363636365,21
swe-agent:068946:ShaneKent__PyEventLogViewer-133,swe-agent,submitted (exit_context),38,45,0.8444444444444444,7
swe-agent:068948:ShaneKent__PyEventLogViewer-133,swe-agent,exit_context,18,39,0.46153846153846156,21
swe-agent:068950:ShaneKent__PyEventLogViewer-133,swe-agent,exit_context,22,41,0.5365853658536586,19
swe-agent:068951:ShaneKent__PyEventLogViewer-133,swe-agent,submitted (exit_context),14,37,0.3783783783783784,23
swe-agent:068953:ShaneKent__PyEventLogViewer-133,swe-agent,submitted (exit_context),32,75,0.4266666666666667,43
swe-agent:068954:ShaneKent__PyEventLogViewer-133,swe-agent,submitted (exit_context),36,53,0.6792452830188679,17
swe-agent:068958:aesara-devs__aesara-968,swe-agent,submitted (exit_context),64,71,0.9014084507042254,7
swe-agent:068973:asottile__pyupgrade-195,swe-agent,submitted (exit_context),70,81,0.8641975308641975,11
swe-agent:068995:canonical__operator-1000,swe-agent,submitted (exit_context),22,109,0.2018348623853211,87
swe-agent:069029:chrahunt__hlp-16,swe-agent,submitted,14,17,0.8235294117647058,3
swe-agent:069083:docker__docker-py-1178,swe-agent,submitted,40,65,0.6153846153846154,25
swe-agent:069100:docker__docker-py-2186,swe-agent,submitted (exit_context),30,87,0.3448275862068966,57
swe-agent:069104:docker__docker-py-2186,swe-agent,submitted (exit_context),24,57,0.42105263157894735,33
swe-agent:069111:google-research__arxiv-latex-cleaner-96,swe-agent,submitted (exit_context),36,41,0.8780487804878049,5
swe-agent:069113:google-research__arxiv-latex-cleaner-96,swe-agent,submitted (exit_context),32,35,0.9142857142857143,3
swe-agent:069115:google-research__arxiv-latex-cleaner-96,swe-agent,submitted (exit_context),22,29,0.7586206896551724,7
swe-agent:069120:intelsdi-x__snap-plugin-lib-py-13,swe-agent,submitted,18,37,0.4864864864864865,19
swe-agent:069125:intelsdi-x__snap-plugin-lib-py-13,swe-agent,exit_context,12,113,0.10619469026548672,101
swe-agent:069126:intelsdi-x__snap-plugin-lib-py-13,swe-agent,exit_context,12,87,0.13793103448275862,75
swe-agent:069129:intelsdi-x__snap-plugin-lib-py-13,swe-agent,exit_context,18,95,0.18947368421052632,77
swe-agent:069133:intelsdi-x__snap-plugin-lib-py-13,swe-agent,exit_context,12,93,0.12903225806451613,81
swe-agent:069135:intelsdi-x__snap-plugin-lib-py-13,swe-agent,exit_context,20,83,0.24096385542168675,63
swe-agent:069136:intelsdi-x__snap-plugin-lib-py-13,swe-agent,submitted,18,47,0.3829787234042553,29
swe-agent:069139:intelsdi-x__snap-plugin-lib-py-13,swe-agent,exit_context,18,91,0.1978021978021978,73
swe-agent:069140:intelsdi-x__snap-plugin-lib-py-13,swe-agent,exit_context,30,73,0.410958904109589,43
swe-agent:069148:intelsdi-x__snap-plugin-lib-py-13,swe-agent,exit_context,16,95,0.16842105263157894,79
swe-agent:069155:iterative__dvc-3325,swe-agent,submitted (exit_context),30,97,0.30927835051546393,67
swe-agent:069156:iterative__dvc-3325,swe-agent,submitted (exit_context),16,89,0.1797752808988764,73
swe-agent:069157:iterative__dvc-3325,swe-agent,submitted (exit_context),16,43,0.37209302325581395,27
swe-agent:069159:iterative__dvc-3325,swe-agent,submitted (exit_context),20,83,0.24096385542168675,63
swe-agent:069167:iterative__dvc-3325,swe-agent,submitted (exit_context),40,97,0.41237113402061853,57
swe-agent:069180:iterative__dvc-6284,swe-agent,submitted,34,43,0.7906976744186046,9
swe-agent:069194:iterative__dvc-6284,swe-agent,submitted,18,85,0.21176470588235294,67
swe-agent:069222:joblib__joblib-444,swe-agent,submitted (exit_context),26,55,0.4727272727272727,29
swe-agent:069224:joblib__joblib-444,swe-agent,submitted (exit_context),38,53,0.7169811320754716,15
swe-agent:069225:joblib__joblib-444,swe-agent,submitted (exit_context),54,61,0.8852459016393442,7
swe-agent:069238:joke2k__django-environ-329,swe-agent,submitted,18,45,0.4,27
swe-agent:069246:jparise__flake8-assertive-8,swe-agent,submitted (exit_context),30,31,0.967741935483871,1
swe-agent:069247:jparise__flake8-assertive-8,swe-agent,submitted (exit_context),24,55,0.43636363636363634,31
swe-agent:069250:jparise__flake8-assertive-8,swe-agent,submitted (exit_context),24,29,0.8275862068965517,5
swe-agent:069287:jupyter__nbformat-173,swe-agent,submitted (exit_context),28,119,0.23529411764705882,91
swe-agent:069308:linkml__linkml-994,swe-agent,exit_context,24,53,0.4528301886792453,29
swe-agent:069323:linw1995__data_extractor-22,swe-agent,exit_context,12,81,0.14814814814814814,69
swe-agent:069326:linw1995__data_extractor-22,swe-agent,submitted (exit_context),82,123,0.6666666666666666,41
swe-agent:069341:mahmoud__boltons-205,swe-agent,submitted (exit_context),28,31,0.9032258064516129,3
swe-agent:069369:nipype__pydra-222,swe-agent,submitted,18,19,0.9473684210526315,1
swe-agent:069374:open-contracting__ocds-merge-22,swe-agent,submitted (exit_context),54,77,0.7012987012987013,23
swe-agent:069420:phanrahan__magma-1091,swe-agent,submitted,34,41,0.8292682926829268,7
swe-agent:069432:phanrahan__magma-1091,swe-agent,submitted (exit_context),18,161,0.11180124223602485,143
swe-agent:069433:phanrahan__magma-1091,swe-agent,submitted (exit_context),72,101,0.7128712871287128,29
swe-agent:069439:planetlabs__planet-client-python-389,swe-agent,submitted,20,25,0.8,5
swe-agent:069472:plotly__dash-796,swe-agent,submitted,38,53,0.7169811320754716,15
swe-agent:069481:plotly__dash-796,swe-agent,submitted,20,35,0.5714285714285714,15
swe-agent:069498:plotly__dash-796,swe-agent,submitted,44,63,0.6984126984126984,19
swe-agent:069506:plotly__dash-796,swe-agent,submitted,30,33,0.9090909090909091,3
swe-agent:069518:pydantic__pydantic-1210,swe-agent,submitted (exit_context),42,59,0.711864406779661,17
swe-agent:069520:pydantic__pydantic-1210,swe-agent,submitted,54,81,0.6666666666666666,27
swe-agent:069523:pydantic__pydantic-1210,swe-agent,exit_context,34,35,0.9714285714285714,1
swe-agent:069526:pydantic__pydantic-1210,swe-agent,submitted (exit_context),26,43,0.6046511627906976,17
swe-agent:069528:pydantic__pydantic-1210,swe-agent,submitted (exit_context),90,93,0.967741935483871,3
swe-agent:069529:pydantic__pydantic-1210,swe-agent,submitted (exit_context),88,89,0.9887640449438202,1
swe-agent:069531:pydantic__pydantic-1210,swe-agent,submitted (exit_context),34,133,0.2556390977443609,99
swe-agent:069536:pydantic__pydantic-1253,swe-agent,submitted (exit_context),28,63,0.4444444444444444,35
swe-agent:069540:pydantic__pydantic-1253,swe-agent,submitted (exit_context),26,69,0.37681159420289856,43
swe-agent:069541:pydantic__pydantic-1253,swe-agent,submitted (exit_context),74,87,0.8505747126436781,13
swe-agent:069543:pydantic__pydantic-1253,swe-agent,submitted (exit_context),30,101,0.297029702970297,71
swe-agent:069544:pydantic__pydantic-1253,swe-agent,submitted (exit_context),56,85,0.6588235294117647,29
swe-agent:069548:pydantic__pydantic-1253,swe-agent,submitted,24,35,0.6857142857142857,11
swe-agent:069549:pydantic__pydantic-1253,swe-agent,submitted (exit_context),24,79,0.3037974683544304,55
swe-agent:069551:pydantic__pydantic-2549,swe-agent,submitted,26,69,0.37681159420289856,43
swe-agent:069552:pydantic__pydantic-2549,swe-agent,submitted (exit_context),70,95,0.7368421052631579,25
swe-agent:069554:pydantic__pydantic-2549,swe-agent,submitted (exit_context),24,85,0.2823529411764706,61
swe-agent:069557:pydantic__pydantic-2549,swe-agent,submitted (exit_context),70,71,0.9859154929577465,1
swe-agent:069561:pydantic__pydantic-2549,swe-agent,submitted (exit_context),28,65,0.4307692307692308,37
swe-agent:069566:pydantic__pydantic-2549,swe-agent,submitted (exit_context),54,77,0.7012987012987013,23
swe-agent:069570:pydantic__pydantic-2618,swe-agent,submitted (exit_context),32,55,0.5818181818181818,23
swe-agent:069574:pydantic__pydantic-2618,swe-agent,submitted (exit_context),66,115,0.5739130434782609,49
swe-agent:069576:pydantic__pydantic-2618,swe-agent,submitted (exit_context),54,79,0.6835443037974683,25
swe-agent:069578:pydantic__pydantic-2618,swe-agent,submitted (exit_context),72,93,0.7741935483870968,21
swe-agent:069579:pydantic__pydantic-2618,swe-agent,submitted (exit_context),52,83,0.6265060240963856,31
swe-agent:069580:pydantic__pydantic-2618,swe-agent,submitted (exit_context),20,111,0.18018018018018017,91
swe-agent:069581:pydantic__pydantic-2618,swe-agent,submitted (exit_context),30,89,0.33707865168539325,59
swe-agent:069608:pydicom__pydicom-1228,swe-agent,submitted,34,47,0.723404255319149,13
swe-agent:069614:pydicom__pydicom-1228,swe-agent,submitted,34,41,0.8292682926829268,7
swe-agent:069630:python__cherry-picker-36,swe-agent,submitted (exit_context),32,363,0.0881542699724518,331
swe-agent:069643:reframe-hpc__reframe-2515,swe-agent,submitted (exit_context),58,115,0.5043478260869565,57
swe-agent:069649:reframe-hpc__reframe-3114,swe-agent,submitted,18,25,0.72,7
swe-agent:069653:reframe-hpc__reframe-3114,swe-agent,submitted (exit_context),12,87,0.13793103448275862,75
swe-agent:069679:sklarsa__django-sendgrid-v5-121,swe-agent,exit_context,38,63,0.6031746031746031,25
swe-agent:069684:sqlfluff__sqlfluff-4151,swe-agent,submitted (exit_context),78,79,0.9873417721518988,1
swe-agent:069686:tobymao__sqlglot-2021,swe-agent,exit_context,16,55,0.2909090909090909,39
swe-agent:069703:tobymao__sqlglot-2160,swe-agent,submitted,28,49,0.5714285714285714,21
swe-agent:069705:tobymao__sqlglot-2160,swe-agent,submitted (exit_context),36,67,0.5373134328358209,31
swe-agent:069706:tobymao__sqlglot-2160,swe-agent,submitted (exit_context),34,355,0.09577464788732394,321
swe-agent:069707:tobymao__sqlglot-2160,swe-agent,submitted (exit_context),32,91,0.3516483516483517,59
swe-agent:069708:tobymao__sqlglot-2160,swe-agent,submitted (exit_context),62,73,0.8493150684931506,11
swe-agent:069718:valohai__valohai-cli-85,swe-agent,submitted (exit_context),84,107,0.7850467289719626,23
swe-agent:069722:xgcm__xhistogram-8,swe-agent,submitted,16,37,0.43243243243243246,21
swe-agent:069724:xgcm__xhistogram-8,swe-agent,submitted (exit_context),28,51,0.5490196078431373,23
swe-agent:069728:xgcm__xhistogram-8,swe-agent,submitted (exit_context),22,49,0.4489795918367347,27
swe-agent:069759:zamzterz__Flask-pyoidc-96,swe-agent,submitted (exit_context),70,109,0.6422018348623854,39
swe-agent:069778:Azure__msrest-for-python-43,swe-agent,submitted (exit_context),68,73,0.9315068493150684,5
swe-agent:069815:Azure__msrest-for-python-43,swe-agent,submitted,12,45,0.26666666666666666,33
swe-agent:069818:Azure__msrest-for-python-43,swe-agent,submitted (exit_context),70,99,0.7070707070707071,29
swe-agent:069850:Backblaze__B2_Command_Line_Tool-332,swe-agent,submitted,10,17,0.5882352941176471,7
swe-agent:069854:Backblaze__B2_Command_Line_Tool-332,swe-agent,submitted,10,69,0.14492753623188406,59
swe-agent:069859:Backblaze__B2_Command_Line_Tool-332,swe-agent,submitted,14,17,0.8235294117647058,3
swe-agent:069866:Dorthu__openapi3-94,swe-agent,submitted,38,61,0.6229508196721312,23
swe-agent:069939:Senth__minecraft-mod-manager-36,swe-agent,submitted (exit_context),30,101,0.297029702970297,71
swe-agent:069951:Textualize__textual-2776,swe-agent,submitted (exit_context),42,103,0.4077669902912621,61
swe-agent:069961:XKNX__xknx-910,swe-agent,submitted (exit_context),36,99,0.36363636363636365,63
swe-agent:070007:alanmcruickshank__sqlfluff-82,swe-agent,submitted (exit_context),28,41,0.6829268292682927,13
swe-agent:070012:alanmcruickshank__sqlfluff-82,swe-agent,submitted (exit_context),40,51,0.7843137254901961,11
swe-agent:070014:alanmcruickshank__sqlfluff-82,swe-agent,submitted (exit_context),44,55,0.8,11
swe-agent:070015:alanmcruickshank__sqlfluff-82,swe-agent,submitted (exit_context),24,39,0.6153846153846154,15
swe-agent:070018:alanmcruickshank__sqlfluff-82,swe-agent,submitted (exit_context),54,55,0.9818181818181818,1
swe-agent:070025:antirotor__speedcopy-6,swe-agent,submitted (exit_context),32,39,0.8205128205128205,7
swe-agent:070027:antirotor__speedcopy-6,swe-agent,submitted (exit_context),30,57,0.5263157894736842,27
swe-agent:070033:antirotor__speedcopy-6,swe-agent,submitted (exit_context),30,91,0.32967032967032966,61
swe-agent:070036:antirotor__speedcopy-6,swe-agent,submitted (exit_context),30,55,0.5454545454545454,25
swe-agent:070052:antirotor__speedcopy-6,swe-agent,submitted (exit_context),54,81,0.6666666666666666,27
swe-agent:070069:antirotor__speedcopy-6,swe-agent,submitted (exit_context),62,71,0.8732394366197183,9
swe-agent:070078:antirotor__speedcopy-6,swe-agent,submitted (exit_context),30,43,0.6976744186046512,13
swe-agent:070094:arxanchain__py-common-16,swe-agent,exit_context,12,235,0.05106382978723404,223
swe-agent:070101:asottile__pyupgrade-135,swe-agent,submitted (exit_context),30,79,0.379746835443038,49
swe-agent:070136:asottile__yesqa-27,swe-agent,exit_context,30,111,0.2702702702702703,81
swe-agent:070144:asottile__yesqa-27,swe-agent,submitted (exit_context),58,83,0.6987951807228916,25
swe-agent:070158:asottile__yesqa-27,swe-agent,submitted (exit_context),58,103,0.5631067961165048,45
swe-agent:070187:bryanyang0528__ksql-python-73,swe-agent,submitted (exit_context),28,49,0.5714285714285714,21
swe-agent:070220:bryanyang0528__ksql-python-73,swe-agent,submitted,26,33,0.7878787878787878,7
swe-agent:070225:canonical__operator-860,swe-agent,exit_context,34,53,0.6415094339622641,19
swe-agent:070237:canonical__operator-860,swe-agent,submitted (exit_context),30,47,0.6382978723404256,17
swe-agent:070239:canonical__operator-860,swe-agent,exit_context,34,51,0.6666666666666666,17
swe-agent:070253:canonical__operator-860,swe-agent,submitted (exit_context),40,85,0.47058823529411764,45
swe-agent:070254:canonical__operator-860,swe-agent,submitted (exit_context),58,109,0.5321100917431193,51
swe-agent:070255:canonical__operator-860,swe-agent,exit_context,14,95,0.14736842105263157,81
swe-agent:070273:canonical__operator-860,swe-agent,exit_context,16,355,0.04507042253521127,339
swe-agent:070281:canonical__operator-860,swe-agent,submitted (exit_context),28,79,0.35443037974683544,51
swe-agent:070286:canonical__operator-860,swe-agent,early_exit,16,17,0.9411764705882353,1
swe-agent:070295:canonical__operator-860,swe-agent,submitted (exit_context),40,57,0.7017543859649122,17
swe-agent:070297:canonical__operator-860,swe-agent,submitted (exit_context),32,35,0.9142857142857143,3
swe-agent:070301:canonical__operator-860,swe-agent,submitted (exit_context),30,209,0.14354066985645933,179
swe-agent:070305:canonical__operator-860,swe-agent,exit_context,10,53,0.18867924528301888,43
swe-agent:070307:canonical__operator-860,swe-agent,submitted,18,21,0.8571428571428571,3
swe-agent:070310:canonical__operator-860,swe-agent,submitted (exit_context),30,71,0.4225352112676056,41
swe-agent:070315:cloudinary__pycloudinary-158,swe-agent,submitted (exit_context),76,77,0.987012987012987,1
swe-agent:070329:codingedward__flask-sieve-37,swe-agent,submitted (exit_context),100,109,0.9174311926605505,9
swe-agent:070348:duo-labs__parliament-177,swe-agent,submitted (exit_context),58,95,0.6105263157894737,37
swe-agent:070349:duo-labs__parliament-177,swe-agent,submitted (exit_context),36,51,0.7058823529411765,15
swe-agent:070353:duo-labs__parliament-177,swe-agent,submitted (exit_context),40,91,0.43956043956043955,51
swe-agent:070371:ekzhu__datasketch-234,swe-agent,submitted (exit_context),40,89,0.449438202247191,49
swe-agent:070374:ekzhu__datasketch-234,swe-agent,submitted (exit_context),62,101,0.6138613861386139,39
swe-agent:070377:ekzhu__datasketch-234,swe-agent,submitted (exit_context),58,61,0.9508196721311475,3
swe-agent:070389:fastmonkeys__stellar-76,swe-agent,submitted (exit_context),50,79,0.6329113924050633,29
swe-agent:070403:fastmonkeys__stellar-76,swe-agent,submitted,24,35,0.6857142857142857,11
swe-agent:070429:fastmonkeys__stellar-76,swe-agent,submitted (exit_context),30,69,0.43478260869565216,39
swe-agent:070439:google__yapf-286,swe-agent,submitted (exit_context),26,59,0.4406779661016949,33
swe-agent:070444:google__yapf-286,swe-agent,exit_context,36,75,0.48,39
swe-agent:070447:google__yapf-286,swe-agent,submitted (exit_context),34,65,0.5230769230769231,31
swe-agent:070457:gouline__dbt-metabase-158,swe-agent,submitted (exit_context),48,85,0.5647058823529412,37
swe-agent:070471:gouline__dbt-metabase-158,swe-agent,exit_context,22,75,0.29333333333333333,53
swe-agent:070478:gouline__dbt-metabase-158,swe-agent,submitted (exit_context),40,69,0.5797101449275363,29
swe-agent:070500:gouline__dbt-metabase-234,swe-agent,submitted,26,35,0.7428571428571429,9
swe-agent:070507:gouline__dbt-metabase-234,swe-agent,submitted,20,25,0.8,5
swe-agent:070511:gouline__dbt-metabase-234,swe-agent,submitted (exit_context),16,63,0.25396825396825395,47
swe-agent:070527:inducer__pycparserext-46,swe-agent,submitted (exit_context),76,77,0.987012987012987,1
swe-agent:070534:iterative__dvc-2153,swe-agent,exit_context,34,47,0.723404255319149,13
swe-agent:070540:iterative__dvc-2153,swe-agent,submitted (exit_context),30,113,0.26548672566371684,83
swe-agent:070546:iterative__dvc-2153,swe-agent,submitted,70,73,0.958904109589041,3
swe-agent:070561:iterative__dvc-2153,swe-agent,submitted (exit_context),46,125,0.368,79
swe-agent:070567:iterative__dvc-2153,swe-agent,submitted,36,67,0.5373134328358209,31
swe-agent:070587:iterative__dvc-3532,swe-agent,submitted (exit_context),16,79,0.20253164556962025,63
swe-agent:070594:iterative__dvc-6706,swe-agent,submitted,38,161,0.2360248447204969,123
swe-agent:070608:iterative__dvc-6706,swe-agent,submitted (exit_context),78,95,0.8210526315789474,17
swe-agent:070613:iterative__dvc-6799,swe-agent,submitted (exit_context),104,117,0.8888888888888888,13
swe-agent:070615:iterative__dvc-6799,swe-agent,submitted (exit_context),54,59,0.9152542372881356,5
swe-agent:070621:iterative__dvc-6799,swe-agent,submitted (exit_context),36,93,0.3870967741935484,57
swe-agent:070622:iterative__dvc-6799,swe-agent,submitted (exit_context),34,63,0.5396825396825397,29
swe-agent:070624:iterative__dvc-6799,swe-agent,submitted (exit_context),54,69,0.782608695652174,15
swe-agent:070638:joke2k__faker-1043,swe-agent,submitted (exit_context),50,107,0.4672897196261682,57
swe-agent:070653:linkedin__shiv-70,swe-agent,submitted (exit_context),118,189,0.6243386243386243,71
swe-agent:070691:marshmallow-code__marshmallow-1524,swe-agent,submitted,36,45,0.8,9
swe-agent:070700:marshmallow-code__marshmallow-1524,swe-agent,submitted,24,31,0.7741935483870968,7
swe-agent:070736:mirumee__ariadne-153,swe-agent,submitted,14,29,0.4827586206896552,15
swe-agent:070738:mirumee__ariadne-153,swe-agent,submitted,10,25,0.4,15
swe-agent:070742:mirumee__ariadne-153,swe-agent,submitted,14,25,0.56,11
swe-agent:070744:mirumee__ariadne-153,swe-agent,submitted,24,37,0.6486486486486487,13
swe-agent:070765:mirumee__ariadne-153,swe-agent,submitted,14,33,0.42424242424242425,19
swe-agent:070766:mirumee__ariadne-153,swe-agent,submitted,14,27,0.5185185185185185,13
swe-agent:070803:mtgjson__mtgjson-1148,swe-agent,exit_context,10,515,0.019417475728155338,505
swe-agent:070809:mtgjson__mtgjson-1148,swe-agent,exit_context,42,47,0.8936170212765957,5
swe-agent:070814:nion-software__nionutils-19,swe-agent,submitted,20,33,0.6060606060606061,13
swe-agent:070821:nion-software__nionutils-19,swe-agent,submitted (exit_context),58,81,0.7160493827160493,23
swe-agent:070825:nion-software__nionutils-19,swe-agent,submitted,20,27,0.7407407407407407,7
swe-agent:070837:oasis-open__cti-python-stix2-164,swe-agent,submitted (exit_context),92,103,0.8932038834951457,11
swe-agent:070854:ofek__bit-24,swe-agent,submitted (exit_context),38,245,0.15510204081632653,207
swe-agent:070855:ofek__bit-24,swe-agent,submitted,16,29,0.5517241379310345,13
swe-agent:070861:ofek__bit-24,swe-agent,submitted,16,27,0.5925925925925926,11
swe-agent:070889:omni-us__jsonargparse-370,swe-agent,submitted (exit_context),28,101,0.27722772277227725,73
swe-agent:070914:pydantic__pydantic-2392,swe-agent,submitted (exit_context),48,167,0.2874251497005988,119
swe-agent:070951:pydantic__pydantic-2392,swe-agent,submitted,38,45,0.8444444444444444,7
swe-agent:070955:pydantic__pydantic-2392,swe-agent,submitted (exit_context),56,71,0.7887323943661971,15
swe-agent:070957:pydantic__pydantic-2392,swe-agent,submitted (exit_context),76,77,0.987012987012987,1
swe-agent:071014:pydantic__pydantic-5736,swe-agent,submitted (exit_context),16,67,0.23880597014925373,51
swe-agent:071020:pydantic__pydantic-5736,swe-agent,submitted (exit_context),36,91,0.3956043956043956,55
swe-agent:071032:pydantic__pydantic-5736,swe-agent,submitted (exit_context),30,65,0.46153846153846156,35
swe-agent:071036:pydantic__pydantic-5736,swe-agent,submitted (exit_context),48,55,0.8727272727272727,7
swe-agent:071043:pydantic__pydantic-5736,swe-agent,early_exit,50,89,0.5617977528089888,39
swe-agent:071046:pydantic__pydantic-5736,swe-agent,submitted (exit_context),28,351,0.07977207977207977,323
swe-agent:071048:pydantic__pydantic-5736,swe-agent,submitted (exit_context),44,97,0.4536082474226804,53
swe-agent:071054:pydantic__pydantic-5736,swe-agent,submitted (exit_context),22,73,0.3013698630136986,51
swe-agent:071060:pydantic__pydantic-5736,swe-agent,submitted (exit_context),24,55,0.43636363636363634,31
swe-agent:071080:pydantic__pydantic-5736,swe-agent,submitted (exit_context),54,67,0.8059701492537313,13
swe-agent:071110:pyout__pyout-72,swe-agent,submitted (exit_context),42,101,0.4158415841584158,59
swe-agent:071113:pyout__pyout-72,swe-agent,submitted (exit_context),38,53,0.7169811320754716,15
swe-agent:071120:pypa__auditwheel-367,swe-agent,submitted (exit_context),36,157,0.22929936305732485,121
swe-agent:071129:pypa__auditwheel-367,swe-agent,submitted (exit_context),34,73,0.4657534246575342,39
swe-agent:071131:pypa__auditwheel-367,swe-agent,submitted,16,21,0.7619047619047619,5
swe-agent:071142:pypa__auditwheel-367,swe-agent,submitted (exit_context),30,73,0.410958904109589,43
swe-agent:071149:pypa__auditwheel-367,swe-agent,exit_context,38,61,0.6229508196721312,23
swe-agent:071169:pypa__auditwheel-367,swe-agent,exit_context,28,71,0.39436619718309857,43
swe-agent:071233:reframe-hpc__reframe-2575,swe-agent,exit_context,42,85,0.49411764705882355,43
swe-agent:071236:reframe-hpc__reframe-3070,swe-agent,exit_context,32,91,0.3516483516483517,59
swe-agent:071238:reframe-hpc__reframe-3070,swe-agent,exit_context,40,85,0.47058823529411764,45
swe-agent:071239:reframe-hpc__reframe-3070,swe-agent,exit_context,28,83,0.3373493975903614,55
swe-agent:071242:reframe-hpc__reframe-3070,swe-agent,exit_context,18,83,0.21686746987951808,65
swe-agent:071244:reframe-hpc__reframe-3070,swe-agent,exit_context,20,89,0.2247191011235955,69
swe-agent:071245:reframe-hpc__reframe-3070,swe-agent,exit_context,32,79,0.4050632911392405,47
swe-agent:071247:reframe-hpc__reframe-3070,swe-agent,exit_context,30,47,0.6382978723404256,17
swe-agent:071250:reframe-hpc__reframe-3070,swe-agent,exit_context,36,57,0.631578947368421,21
swe-agent:071254:reframe-hpc__reframe-3070,swe-agent,exit_context,26,91,0.2857142857142857,65
swe-agent:071258:reframe-hpc__reframe-3070,swe-agent,exit_context,28,85,0.32941176470588235,57
swe-agent:071259:reframe-hpc__reframe-3070,swe-agent,submitted,8,55,0.14545454545454545,47
swe-agent:071263:reframe-hpc__reframe-3070,swe-agent,exit_context,46,67,0.6865671641791045,21
swe-agent:071264:reframe-hpc__reframe-3070,swe-agent,exit_context,34,83,0.40963855421686746,49
swe-agent:071265:reframe-hpc__reframe-3070,swe-agent,exit_context,10,439,0.022779043280182234,429
swe-agent:071268:reframe-hpc__reframe-3070,swe-agent,exit_context,22,83,0.26506024096385544,61
swe-agent:071272:reframe-hpc__reframe-3070,swe-agent,exit_context,34,91,0.37362637362637363,57
swe-agent:071275:reframe-hpc__reframe-3070,swe-agent,submitted (exit_context),58,79,0.7341772151898734,21
swe-agent:071276:reframe-hpc__reframe-3070,swe-agent,exit_context,46,77,0.5974025974025974,31
swe-agent:071278:reframe-hpc__reframe-3070,swe-agent,exit_context,44,103,0.42718446601941745,59
swe-agent:071283:reframe-hpc__reframe-3070,swe-agent,exit_context,28,83,0.3373493975903614,55
swe-agent:071285:reframe-hpc__reframe-3070,swe-agent,exit_context,26,93,0.27956989247311825,67
swe-agent:071286:reframe-hpc__reframe-3070,swe-agent,submitted (exit_context),24,87,0.27586206896551724,63
swe-agent:071287:reframe-hpc__reframe-3070,swe-agent,exit_context,22,89,0.24719101123595505,67
swe-agent:071289:reframe-hpc__reframe-3070,swe-agent,exit_context,34,53,0.6415094339622641,19
swe-agent:071294:reframe-hpc__reframe-3070,swe-agent,exit_context,22,57,0.38596491228070173,35
swe-agent:071298:reframe-hpc__reframe-3070,swe-agent,exit_context,16,79,0.20253164556962025,63
swe-agent:071299:reframe-hpc__reframe-3070,swe-agent,exit_context,30,83,0.3614457831325301,53
swe-agent:071304:reframe-hpc__reframe-3070,swe-agent,submitted,32,43,0.7441860465116279,11
swe-agent:071305:reframe-hpc__reframe-3070,swe-agent,exit_context,18,87,0.20689655172413793,69
swe-agent:071308:reframe-hpc__reframe-3070,swe-agent,exit_context,26,89,0.29213483146067415,63
swe-agent:071309:reframe-hpc__reframe-3070,swe-agent,early_exit,46,51,0.9019607843137255,5
swe-agent:071321:tobymao__sqlglot-1924,swe-agent,submitted (exit_context),32,101,0.31683168316831684,69
swe-agent:071322:tobymao__sqlglot-1924,swe-agent,submitted (exit_context),48,79,0.6075949367088608,31
swe-agent:071333:tobymao__sqlglot-2293,swe-agent,submitted,20,35,0.5714285714285714,15
swe-agent:071349:tobymao__sqlglot-2293,swe-agent,submitted (exit_context),72,75,0.96,3
swe-agent:071367:tobymao__sqlglot-2293,swe-agent,submitted (exit_context),40,49,0.8163265306122449,9
swe-agent:071372:tobymao__sqlglot-2293,swe-agent,submitted,66,83,0.7951807228915663,17
swe-agent:071388:tobymao__sqlglot-2739,swe-agent,submitted (exit_context),42,67,0.6268656716417911,25
swe-agent:071432:xlab-si__xopera-opera-76,swe-agent,submitted (exit_context),46,89,0.5168539325842697,43
swe-agent:071449:15five__scim2-filter-parser-13,swe-agent,submitted,12,23,0.5217391304347826,11
swe-agent:071450:15five__scim2-filter-parser-13,swe-agent,exit_context,16,85,0.18823529411764706,69
swe-agent:071451:15five__scim2-filter-parser-13,swe-agent,exit_context,14,83,0.1686746987951807,69
swe-agent:071472:15five__scim2-filter-parser-13,swe-agent,exit_context,18,55,0.32727272727272727,37
swe-agent:071473:15five__scim2-filter-parser-13,swe-agent,submitted (exit_context),26,33,0.7878787878787878,7
swe-agent:071483:15five__scim2-filter-parser-13,swe-agent,exit_context,26,71,0.36619718309859156,45
swe-agent:071541:DCC-Lab__RayTracing-202,swe-agent,submitted (exit_context),30,71,0.4225352112676056,41
swe-agent:071542:DCC-Lab__RayTracing-202,swe-agent,submitted (exit_context),42,61,0.6885245901639344,19
swe-agent:071544:DCC-Lab__RayTracing-202,swe-agent,submitted (exit_context),40,85,0.47058823529411764,45
swe-agent:071545:DCC-Lab__RayTracing-202,swe-agent,submitted (exit_context),58,93,0.6236559139784946,35
swe-agent:071552:DCC-Lab__RayTracing-202,swe-agent,submitted,24,27,0.8888888888888888,3
swe-agent:071555:DCC-Lab__RayTracing-202,swe-agent,submitted (exit_context),30,63,0.47619047619047616,33
swe-agent:071556:DCC-Lab__RayTracing-202,swe-agent,submitted (exit_context),22,57,0.38596491228070173,35
swe-agent:071557:DCC-Lab__RayTracing-202,swe-agent,submitted (exit_context),22,89,0.24719101123595505,67
swe-agent:071559:DCC-Lab__RayTracing-202,swe-agent,submitted (exit_context),22,95,0.23157894736842105,73
swe-agent:071563:DCC-Lab__RayTracing-202,swe-agent,exit_context,26,91,0.2857142857142857,65
swe-agent:071564:DCC-Lab__RayTracing-202,swe-agent,submitted (exit_context),28,87,0.3218390804597701,59
swe-agent:071565:DCC-Lab__RayTracing-202,swe-agent,submitted (exit_context),26,31,0.8387096774193549,5
swe-agent:071567:DCC-Lab__RayTracing-202,swe-agent,submitted (exit_context),24,99,0.24242424242424243,75
swe-agent:071574:DCC-Lab__RayTracing-202,swe-agent,submitted (exit_context),24,85,0.2823529411764706,61
swe-agent:071577:DCC-Lab__RayTracing-202,swe-agent,submitted (exit_context),22,145,0.15172413793103448,123
swe-agent:071579:DCC-Lab__RayTracing-202,swe-agent,submitted (exit_context),32,89,0.3595505617977528,57
swe-agent:071584:DCC-Lab__RayTracing-202,swe-agent,submitted (exit_context),52,65,0.8,13
swe-agent:071589:DCC-Lab__RayTracing-202,swe-agent,submitted (exit_context),28,79,0.35443037974683544,51
swe-agent:071596:DCC-Lab__RayTracing-202,swe-agent,submitted (exit_context),72,101,0.7128712871287128,29
swe-agent:071597:DCC-Lab__RayTracing-202,swe-agent,submitted (exit_context),52,69,0.7536231884057971,17
swe-agent:071600:DCC-Lab__RayTracing-202,swe-agent,submitted (exit_context),22,85,0.25882352941176473,63
swe-agent:071601:DCC-Lab__RayTracing-202,swe-agent,submitted (exit_context),40,73,0.547945205479452,33
swe-agent:071603:DCC-Lab__RayTracing-202,swe-agent,submitted (exit_context),36,85,0.4235294117647059,49
swe-agent:071605:E3SM-Project__zstash-168,swe-agent,exit_context,26,35,0.7428571428571429,9
swe-agent:071613:E3SM-Project__zstash-168,swe-agent,exit_context,24,47,0.5106382978723404,23
swe-agent:071634:E3SM-Project__zstash-168,swe-agent,exit_context,18,101,0.1782178217821782,83
swe-agent:071658:EdinburghGenomics__EGCG-Core-90,swe-agent,submitted (exit_context),64,89,0.7191011235955056,25
swe-agent:071659:EdinburghGenomics__EGCG-Core-90,swe-agent,submitted (exit_context),34,55,0.6181818181818182,21
swe-agent:071674:Fatal1ty__mashumaro-142,swe-agent,submitted (exit_context),40,63,0.6349206349206349,23
swe-agent:071680:Fatal1ty__mashumaro-142,swe-agent,submitted (exit_context),44,79,0.5569620253164557,35
swe-agent:071686:Instagram__LibCST-417,swe-agent,exit_context,44,63,0.6984126984126984,19
swe-agent:071689:Instagram__LibCST-417,swe-agent,exit_context,34,53,0.6415094339622641,19
swe-agent:071762:Parquery__icontract-176,swe-agent,submitted (exit_context),36,67,0.5373134328358209,31
swe-agent:071768:Parquery__icontract-176,swe-agent,submitted (exit_context),36,59,0.6101694915254238,23
swe-agent:071775:PyCQA__pyflakes-508,swe-agent,submitted (exit_context),80,95,0.8421052631578947,15
swe-agent:071779:PyCQA__pyflakes-508,swe-agent,submitted (exit_context),74,87,0.8505747126436781,13
swe-agent:071783:PyCQA__pyflakes-508,swe-agent,submitted (exit_context),54,91,0.5934065934065934,37
swe-agent:071787:PyCQA__pyflakes-508,swe-agent,submitted (exit_context),32,51,0.6274509803921569,19
swe-agent:071788:PyCQA__pyflakes-508,swe-agent,submitted (exit_context),26,91,0.2857142857142857,65
swe-agent:071799:PyFilesystem__pyfilesystem2-473,swe-agent,submitted (exit_context),32,53,0.6037735849056604,21
swe-agent:071803:RDFLib__rdflib-1012,swe-agent,submitted (exit_context),38,55,0.6909090909090909,17
swe-agent:071804:RDFLib__rdflib-1012,swe-agent,submitted (exit_context),54,55,0.9818181818181818,1
swe-agent:071806:RDFLib__rdflib-1012,swe-agent,submitted (exit_context),40,53,0.7547169811320755,13
swe-agent:071811:RDFLib__rdflib-1012,swe-agent,submitted,20,33,0.6060606060606061,13
swe-agent:071890:adamboche__python-marshmallow-union-33,swe-agent,submitted (exit_context),20,323,0.06191950464396285,303
swe-agent:071931:adamchainz__apig-wsgi-187,swe-agent,submitted,44,57,0.7719298245614035,13
swe-agent:071965:alexander-akhmetov__python-telegram-208,swe-agent,submitted (exit_context),18,335,0.05373134328358209,317
swe-agent:071973:alexander-akhmetov__python-telegram-208,swe-agent,submitted (exit_context),38,45,0.8444444444444444,7
swe-agent:071974:alexander-akhmetov__python-telegram-208,swe-agent,submitted (exit_context),40,349,0.11461318051575932,309
swe-agent:071980:alexander-akhmetov__python-telegram-208,swe-agent,submitted (exit_context),16,55,0.2909090909090909,39
swe-agent:071982:alexander-akhmetov__python-telegram-208,swe-agent,submitted (exit_context),42,57,0.7368421052631579,15
swe-agent:071986:alexander-akhmetov__python-telegram-208,swe-agent,submitted (exit_context),32,97,0.32989690721649484,65
swe-agent:071987:alexander-akhmetov__python-telegram-208,swe-agent,submitted (exit_context),98,103,0.9514563106796117,5
swe-agent:071988:alexander-akhmetov__python-telegram-208,swe-agent,submitted,52,59,0.8813559322033898,7
swe-agent:071993:alexander-akhmetov__python-telegram-208,swe-agent,submitted,32,45,0.7111111111111111,13
swe-agent:071997:alexander-akhmetov__python-telegram-208,swe-agent,submitted (exit_context),24,71,0.3380281690140845,47
swe-agent:072004:andrewgodwin__urlman-12,swe-agent,submitted (exit_context),24,69,0.34782608695652173,45
swe-agent:072010:andrewgodwin__urlman-12,swe-agent,submitted (exit_context),40,97,0.41237113402061853,57
swe-agent:072030:andrewgodwin__urlman-12,swe-agent,submitted,18,43,0.4186046511627907,25
swe-agent:072034:andrewgodwin__urlman-12,swe-agent,submitted (exit_context),58,81,0.7160493827160493,23
swe-agent:072036:andrewgodwin__urlman-12,swe-agent,submitted,16,37,0.43243243243243246,21
swe-agent:072038:andrewgodwin__urlman-12,swe-agent,submitted,36,51,0.7058823529411765,15
swe-agent:072043:andrewgodwin__urlman-12,swe-agent,exit_context,22,85,0.25882352941176473,63
swe-agent:072046:andrewgodwin__urlman-12,swe-agent,early_exit,10,41,0.24390243902439024,31
swe-agent:072048:andrewgodwin__urlman-12,swe-agent,submitted,16,51,0.3137254901960784,35
swe-agent:072049:andrewgodwin__urlman-12,swe-agent,submitted (exit_context),18,171,0.10526315789473684,153
swe-agent:072050:asottile__pyupgrade-191,swe-agent,exit_context,42,63,0.6666666666666666,21
swe-agent:072079:asottile__pyupgrade-191,swe-agent,exit_context,16,161,0.09937888198757763,145
swe-agent:072092:asottile__pyupgrade-191,swe-agent,submitted_no_patch,18,59,0.3050847457627119,41
swe-agent:072094:asottile__pyupgrade-191,swe-agent,exit_context,38,49,0.7755102040816326,11
swe-agent:072095:asottile__pyupgrade-191,swe-agent,submitted,36,47,0.7659574468085106,11
swe-agent:072108:asottile__pyupgrade-191,swe-agent,exit_context,36,59,0.6101694915254238,23
swe-agent:072112:asottile__pyupgrade-191,swe-agent,exit_context,22,49,0.4489795918367347,27
swe-agent:072121:asottile__pyupgrade-332,swe-agent,submitted (exit_context),92,103,0.8932038834951457,11
swe-agent:072124:asottile__pyupgrade-332,swe-agent,submitted (exit_context),40,199,0.20100502512562815,159
swe-agent:072133:atscub__nautapy-10,swe-agent,exit_context,36,103,0.34951456310679613,67
swe-agent:072134:atscub__nautapy-10,swe-agent,submitted (exit_context),56,97,0.5773195876288659,41
swe-agent:072141:atscub__nautapy-10,swe-agent,exit_context,32,65,0.49230769230769234,33
swe-agent:072142:atscub__nautapy-10,swe-agent,submitted (exit_context),44,87,0.5057471264367817,43
swe-agent:072143:atscub__nautapy-10,swe-agent,exit_context,52,97,0.5360824742268041,45
swe-agent:072144:atscub__nautapy-10,swe-agent,exit_format,18,97,0.18556701030927836,79
swe-agent:072201:auth0__auth0-python-195,swe-agent,submitted (exit_context),60,97,0.6185567010309279,37
swe-agent:072276:beetbox__confuse-97,swe-agent,submitted (exit_context),54,93,0.5806451612903226,39
swe-agent:072303:benmaier__binpacking-12,swe-agent,submitted (exit_context),44,61,0.7213114754098361,17
swe-agent:072304:benmaier__binpacking-12,swe-agent,submitted,18,63,0.2857142857142857,45
swe-agent:072313:benmaier__binpacking-12,swe-agent,submitted (exit_context),124,125,0.992,1
swe-agent:072332:colinfike__easy-ptvsd-2,swe-agent,submitted (exit_context),52,97,0.5360824742268041,45
swe-agent:072344:colinfike__easy-ptvsd-2,swe-agent,submitted,26,35,0.7428571428571429,9
swe-agent:072352:colinfike__easy-ptvsd-2,swe-agent,submitted (exit_context),44,361,0.12188365650969529,317
swe-agent:072369:colinfike__easy-ptvsd-2,swe-agent,submitted (exit_context),88,93,0.946236559139785,5
swe-agent:072394:colinfike__easy-ptvsd-2,swe-agent,submitted (exit_context),24,113,0.21238938053097345,89
swe-agent:072408:colinfike__easy-ptvsd-2,swe-agent,submitted,24,33,0.7272727272727273,9
swe-agent:072436:duosecurity__duo_client_python-137,swe-agent,submitted (exit_context),34,81,0.41975308641975306,47
swe-agent:072438:duosecurity__duo_client_python-137,swe-agent,submitted (exit_context),20,51,0.39215686274509803,31
swe-agent:072442:eWaterCycle__era5cli-58,swe-agent,exit_context,28,89,0.3146067415730337,61
swe-agent:072443:eWaterCycle__era5cli-58,swe-agent,submitted (exit_context),66,97,0.6804123711340206,31
swe-agent:072460:fairlearn__fairlearn-906,swe-agent,submitted (exit_context),40,93,0.43010752688172044,53
swe-agent:072492:geopandas__geopandas-2542,swe-agent,submitted (exit_context),22,33,0.6666666666666666,11
swe-agent:072493:geopandas__geopandas-2542,swe-agent,submitted (exit_context),34,109,0.3119266055045872,75
swe-agent:072494:geopandas__geopandas-2542,swe-agent,submitted (exit_context),28,87,0.3218390804597701,59
swe-agent:072495:geopandas__geopandas-2542,swe-agent,submitted (exit_context),30,81,0.37037037037037035,51
swe-agent:072498:geopandas__geopandas-2542,swe-agent,submitted (exit_context),24,65,0.36923076923076925,41
swe-agent:072500:geopandas__geopandas-2542,swe-agent,submitted (exit_context),22,55,0.4,33
swe-agent:072501:geopandas__geopandas-2542,swe-agent,submitted (exit_context),34,55,0.6181818181818182,21
swe-agent:072503:geopandas__geopandas-2542,swe-agent,submitted (exit_context),46,71,0.647887323943662,25
swe-agent:072504:geopandas__geopandas-2542,swe-agent,submitted (exit_context),28,77,0.36363636363636365,49
swe-agent:072513:google__capirca-266,swe-agent,submitted (exit_context),30,31,0.967741935483871,1
swe-agent:072519:googlefonts__nanoemoji-280,swe-agent,submitted,14,25,0.56,11
swe-agent:072520:googlefonts__nanoemoji-280,swe-agent,exit_context,30,123,0.24390243902439024,93
swe-agent:072522:googlefonts__nanoemoji-280,swe-agent,submitted,20,31,0.6451612903225806,11
swe-agent:072545:iterative__dvc-2118,swe-agent,submitted,40,43,0.9302325581395349,3
swe-agent:072554:iterative__dvc-2118,swe-agent,early_exit,42,337,0.12462908011869436,295
swe-agent:072557:iterative__dvc-2118,swe-agent,submitted,50,79,0.6329113924050633,29
swe-agent:072561:iterative__dvc-2612,swe-agent,submitted,38,63,0.6031746031746031,25
swe-agent:072570:iterative__dvc-2612,swe-agent,submitted,64,73,0.8767123287671232,9
swe-agent:072588:iterative__dvc-3895,swe-agent,exit_context,54,79,0.6835443037974683,25
swe-agent:072599:iterative__dvc-3895,swe-agent,submitted (exit_context),48,95,0.5052631578947369,47
swe-agent:072601:iterative__dvc-3895,swe-agent,submitted,14,17,0.8235294117647058,3
swe-agent:072607:iterative__dvc-3895,swe-agent,submitted,16,19,0.8421052631578947,3
swe-agent:072619:iterative__dvc-3895,swe-agent,submitted,22,43,0.5116279069767442,21
swe-agent:072622:iterative__dvc-4890,swe-agent,submitted (exit_context),42,81,0.5185185185185185,39
swe-agent:072636:iterative__dvc-5335,swe-agent,submitted,24,45,0.5333333333333333,21
swe-agent:072639:iterative__dvc-5335,swe-agent,early_exit,18,163,0.11042944785276074,145
swe-agent:072659:iterative__dvc-5907,swe-agent,exit_context,18,167,0.10778443113772455,149
swe-agent:072662:iterative__dvc-5907,swe-agent,exit_context,18,579,0.031088082901554404,561
swe-agent:072663:iterative__dvc-5907,swe-agent,exit_context,10,97,0.10309278350515463,87
swe-agent:072665:iterative__dvc-5907,swe-agent,submitted (exit_context),32,37,0.8648648648648649,5
swe-agent:072676:iterative__dvc-6954,swe-agent,submitted,56,103,0.5436893203883495,47
swe-agent:072692:iterative__dvc-6954,swe-agent,submitted,26,109,0.23853211009174313,83
swe-agent:072701:iterative__dvc-6954,swe-agent,submitted (exit_context),38,115,0.33043478260869563,77
swe-agent:072703:iterative__dvc-6954,swe-agent,submitted (exit_context),60,99,0.6060606060606061,39
swe-agent:072713:iterative__dvc-7441,swe-agent,exit_context,36,55,0.6545454545454545,19
swe-agent:072718:iterative__dvc-7441,swe-agent,submitted (exit_context),38,65,0.5846153846153846,27
swe-agent:072737:iterative__dvc-7441,swe-agent,exit_context,32,51,0.6274509803921569,19
swe-agent:072738:iterative__dvc-7441,swe-agent,exit_context,16,57,0.2807017543859649,41
swe-agent:072741:iterative__dvc-7441,swe-agent,exit_context,20,53,0.37735849056603776,33
swe-agent:072742:iterative__dvc-7441,swe-agent,submitted (exit_context),28,107,0.2616822429906542,79
swe-agent:072744:iterative__dvc-7441,swe-agent,submitted (exit_context),44,61,0.7213114754098361,17
swe-agent:072762:iterative__dvc-7441,swe-agent,exit_context,12,41,0.2926829268292683,29
swe-agent:072764:iterative__dvc-7441,swe-agent,exit_context,22,49,0.4489795918367347,27
swe-agent:072765:iterative__dvc-7441,swe-agent,submitted (exit_context),20,85,0.23529411764705882,65
swe-agent:072769:iterative__dvc-7441,swe-agent,exit_context,28,63,0.4444444444444444,35
swe-agent:072772:iterative__dvc-7441,swe-agent,exit_context,30,45,0.6666666666666666,15
swe-agent:072778:iterative__dvc-8152,swe-agent,submitted (exit_context),22,95,0.23157894736842105,73
swe-agent:072780:iterative__dvc-8152,swe-agent,exit_context,18,157,0.11464968152866242,139
swe-agent:072781:iterative__dvc-8152,swe-agent,early_exit,14,253,0.05533596837944664,239
swe-agent:072782:iterative__dvc-8152,swe-agent,exit_context,18,157,0.11464968152866242,139
swe-agent:072784:iterative__dvc-8152,swe-agent,exit_context,18,157,0.11464968152866242,139
swe-agent:072789:iterative__dvc-8152,swe-agent,exit_context,14,111,0.12612612612612611,97
swe-agent:072790:iterative__dvc-8152,swe-agent,exit_context,14,119,0.11764705882352941,105
swe-agent:072801:johnthagen__cppcheck-junit-6,swe-agent,submitted (exit_context),20,309,0.06472491909385113,289
swe-agent:072802:johnthagen__cppcheck-junit-6,swe-agent,submitted,14,17,0.8235294117647058,3
swe-agent:072823:johnthagen__cppcheck-junit-6,swe-agent,submitted (exit_context),40,101,0.39603960396039606,61
swe-agent:072832:johnthagen__cppcheck-junit-6,swe-agent,submitted,26,33,0.7878787878787878,7
swe-agent:072858:marshmallow-code__webargs-832,swe-agent,submitted,8,31,0.25806451612903225,23
swe-agent:072881:matthewwithanm__python-markdownify-34,swe-agent,submitted (exit_context),44,83,0.5301204819277109,39
swe-agent:072888:matthewwithanm__python-markdownify-34,swe-agent,submitted (exit_context),56,65,0.8615384615384616,9
swe-agent:072909:nhoad__flake8-unused-arguments-25,swe-agent,submitted (exit_context),20,39,0.5128205128205128,19
swe-agent:072920:nickw444__nessclient-29,swe-agent,submitted (exit_context),40,89,0.449438202247191,49
swe-agent:072928:numpy__numpydoc-283,swe-agent,submitted (exit_context),26,87,0.2988505747126437,61
swe-agent:072933:numpy__numpydoc-283,swe-agent,submitted (exit_context),28,59,0.4745762711864407,31
swe-agent:072973:numpy__numpydoc-283,swe-agent,submitted,24,47,0.5106382978723404,23
swe-agent:073020:oduwsdl__MementoEmbed-137,swe-agent,submitted (exit_context),38,55,0.6909090909090909,17
swe-agent:073053:oduwsdl__MementoEmbed-137,swe-agent,submitted (exit_context),42,83,0.5060240963855421,41
swe-agent:073074:peopledoc__vault-cli-111,swe-agent,submitted (exit_context),76,87,0.8735632183908046,11
swe-agent:073079:peopledoc__vault-cli-111,swe-agent,submitted (exit_context),46,125,0.368,79
swe-agent:073085:peopledoc__vault-cli-111,swe-agent,submitted (exit_context),32,139,0.2302158273381295,107
swe-agent:073087:peopledoc__vault-cli-111,swe-agent,submitted,32,35,0.9142857142857143,3
swe-agent:073088:peopledoc__vault-cli-111,swe-agent,submitted (exit_context),34,49,0.6938775510204082,15
swe-agent:073091:peopledoc__vault-cli-111,swe-agent,submitted (exit_context),34,103,0.3300970873786408,69
swe-agent:073095:peopledoc__vault-cli-111,swe-agent,submitted (exit_context),78,95,0.8210526315789474,17
swe-agent:073096:peopledoc__vault-cli-111,swe-agent,exit_context,22,53,0.41509433962264153,31
swe-agent:073105:peopledoc__vault-cli-111,swe-agent,submitted (exit_context),72,99,0.7272727272727273,27
swe-agent:073109:peopledoc__vault-cli-111,swe-agent,submitted (exit_context),34,103,0.3300970873786408,69
swe-agent:073122:peopledoc__vault-cli-111,swe-agent,submitted (exit_context),34,55,0.6181818181818182,21
swe-agent:073126:peopledoc__vault-cli-111,swe-agent,submitted (exit_context),58,95,0.6105263157894737,37
swe-agent:073133:peopledoc__vault-cli-111,swe-agent,submitted (exit_context),46,81,0.5679012345679012,35
swe-agent:073165:pimutils__khal-1074,swe-agent,submitted (exit_context),58,79,0.7341772151898734,21
swe-agent:073176:pimutils__khal-1074,swe-agent,submitted (exit_context),52,281,0.18505338078291814,229
swe-agent:073186:pimutils__khal-1074,swe-agent,submitted (exit_context),46,73,0.6301369863013698,27
swe-agent:073189:pimutils__khal-1074,swe-agent,submitted (exit_context),46,363,0.12672176308539945,317
swe-agent:073202:pimutils__khal-1074,swe-agent,exit_context,22,23,0.9565217391304348,1
swe-agent:073208:pimutils__khal-1074,swe-agent,exit_context,34,71,0.4788732394366197,37
swe-agent:073227:pri22296__beautifultable-111,swe-agent,submitted (exit_context),30,91,0.32967032967032966,61
swe-agent:073237:pri22296__beautifultable-111,swe-agent,submitted (exit_context),64,65,0.9846153846153847,1
swe-agent:073245:pri22296__beautifultable-111,swe-agent,submitted (exit_context),44,83,0.5301204819277109,39
swe-agent:073328:pydantic__pydantic-1148,swe-agent,submitted,28,47,0.5957446808510638,19
swe-agent:073329:pydantic__pydantic-1148,swe-agent,submitted (exit_context),18,61,0.29508196721311475,43
swe-agent:073344:pydantic__pydantic-1148,swe-agent,submitted,28,49,0.5714285714285714,21
swe-agent:073345:pydantic__pydantic-1148,swe-agent,submitted (exit_context),26,83,0.3132530120481928,57
swe-agent:073348:pydantic__pydantic-1148,swe-agent,submitted,16,33,0.48484848484848486,17
swe-agent:073356:pydantic__pydantic-1148,swe-agent,submitted,26,49,0.5306122448979592,23
swe-agent:073372:pydantic__pydantic-2566,swe-agent,submitted (exit_context),64,93,0.6881720430107527,29
swe-agent:073375:pydantic__pydantic-2566,swe-agent,submitted,28,79,0.35443037974683544,51
swe-agent:073377:pydantic__pydantic-2566,swe-agent,submitted (exit_context),20,177,0.11299435028248588,157
swe-agent:073388:pydantic__pydantic-2566,swe-agent,submitted (exit_context),66,79,0.8354430379746836,13
swe-agent:073399:pypa__setuptools_scm-269,swe-agent,submitted (exit_context),18,475,0.037894736842105266,457
swe-agent:073410:python-tap__tappy-92,swe-agent,submitted (exit_context),36,45,0.8,9
swe-agent:073418:python-tap__tappy-92,swe-agent,early_exit,20,21,0.9523809523809523,1
swe-agent:073425:python-tap__tappy-92,swe-agent,submitted (exit_context),42,73,0.5753424657534246,31
swe-agent:073432:python-tap__tappy-92,swe-agent,exit_context,20,79,0.25316455696202533,59
swe-agent:073434:python-tap__tappy-92,swe-agent,submitted (exit_context),24,61,0.39344262295081966,37
swe-agent:073440:python-tap__tappy-92,swe-agent,early_exit,48,51,0.9411764705882353,3
swe-agent:073442:python-tap__tappy-92,swe-agent,exit_context,22,49,0.4489795918367347,27
swe-agent:073467:python-tap__tappy-92,swe-agent,submitted (exit_context),26,107,0.24299065420560748,81
swe-agent:073468:python-tap__tappy-92,swe-agent,early_exit,52,147,0.35374149659863946,95
swe-agent:073479:qiboteam__qibolab-603,swe-agent,submitted (exit_context),76,111,0.6846846846846847,35
swe-agent:073491:reata__sqllineage-60,swe-agent,submitted (exit_context),26,373,0.06970509383378017,347
swe-agent:073498:reata__sqllineage-60,swe-agent,submitted,40,65,0.6153846153846154,25
swe-agent:073502:reata__sqllineage-90,swe-agent,submitted (exit_context),34,47,0.723404255319149,13
swe-agent:073503:reata__sqllineage-90,swe-agent,submitted,20,39,0.5128205128205128,19
swe-agent:073509:reata__sqllineage-90,swe-agent,submitted (exit_context),38,67,0.5671641791044776,29
swe-agent:073512:reata__sqllineage-90,swe-agent,submitted (exit_context),22,55,0.4,33
swe-agent:073522:reata__sqllineage-90,swe-agent,submitted (exit_context),26,51,0.5098039215686274,25
swe-agent:073524:reata__sqllineage-90,swe-agent,submitted (exit_context),54,67,0.8059701492537313,13
swe-agent:073532:reata__sqllineage-90,swe-agent,submitted (exit_context),54,75,0.72,21
swe-agent:073533:reata__sqllineage-90,swe-agent,submitted,30,43,0.6976744186046512,13
swe-agent:073567:rigetti__pyquil-1756,swe-agent,submitted (exit_context),78,95,0.8210526315789474,17
swe-agent:073575:rigetti__pyquil-1756,swe-agent,submitted (exit_context),72,73,0.9863013698630136,1
swe-agent:073579:scrapinghub__spidermon-365,swe-agent,submitted,40,45,0.8888888888888888,5
swe-agent:073580:scrapinghub__spidermon-365,swe-agent,exit_context,56,75,0.7466666666666667,19
swe-agent:073586:scrapinghub__spidermon-365,swe-agent,submitted (exit_context),32,57,0.5614035087719298,25
swe-agent:073618:scrapinghub__spidermon-365,swe-agent,submitted (exit_context),38,69,0.5507246376811594,31
swe-agent:073625:scrapinghub__spidermon-365,swe-agent,submitted (exit_context),56,91,0.6153846153846154,35
swe-agent:073626:scrapinghub__spidermon-365,swe-agent,exit_context,22,59,0.3728813559322034,37
swe-agent:073627:scrapinghub__spidermon-365,swe-agent,submitted (exit_context),40,51,0.7843137254901961,11
swe-agent:073650:sqlfluff__sqlfluff-4834,swe-agent,early_exit,24,49,0.4897959183673469,25
swe-agent:073662:sqlfluff__sqlfluff-4834,swe-agent,submitted (exit_context),32,75,0.4266666666666667,43
swe-agent:073668:sqlfluff__sqlfluff-4834,swe-agent,submitted (exit_context),60,65,0.9230769230769231,5
swe-agent:073673:sqlfluff__sqlfluff-4834,swe-agent,submitted (exit_context),22,63,0.3492063492063492,41
swe-agent:073680:sqlfluff__sqlfluff-4834,swe-agent,submitted (exit_context),24,85,0.2823529411764706,61
swe-agent:073700:thelastpickle__cassandra-medusa-649,swe-agent,submitted,22,39,0.5641025641025641,17
swe-agent:073713:zalando-stups__senza-282,swe-agent,submitted,30,47,0.6382978723404256,17
swe-agent:073719:zalando-stups__senza-282,swe-agent,exit_context,8,309,0.025889967637540454,301
swe-agent:073721:zalando-stups__senza-282,swe-agent,submitted (exit_context),42,47,0.8936170212765957,5
swe-agent:073728:zalando-stups__senza-372,swe-agent,submitted,40,51,0.7843137254901961,11
swe-agent:073749:zalando-stups__senza-372,swe-agent,submitted,20,33,0.6060606060606061,13
swe-agent:073764:zalando-stups__senza-372,swe-agent,exit_context,20,79,0.25316455696202533,59
swe-agent:073802:zalando-stups__senza-372,swe-agent,submitted (exit_context),26,43,0.6046511627906976,17
swe-agent:073809:zopefoundation__ZODB-291,swe-agent,submitted (exit_context),12,101,0.1188118811881188,89
swe-agent:073815:zopefoundation__ZODB-291,swe-agent,submitted,82,287,0.2857142857142857,205
swe-agent:073817:zopefoundation__ZODB-291,swe-agent,submitted (exit_context),38,61,0.6229508196721312,23
swe-agent:073829:zopefoundation__ZODB-291,swe-agent,submitted (exit_context),20,55,0.36363636363636365,35
swe-agent:073840:zopefoundation__ZODB-291,swe-agent,submitted (exit_context),58,71,0.8169014084507042,13
swe-agent:073873:zulip__zulip-terminal-1432,swe-agent,submitted (exit_context),62,127,0.4881889763779528,65
swe-agent:073875:Bachmann1234__diff_cover-210,swe-agent,submitted,50,63,0.7936507936507936,13
swe-agent:073886:Bachmann1234__diff_cover-210,swe-agent,submitted (exit_context),84,91,0.9230769230769231,7
swe-agent:073919:Bachmann1234__diff_cover-210,swe-agent,submitted (exit_context),42,77,0.5454545454545454,35
swe-agent:073925:Bachmann1234__diff_cover-210,swe-agent,submitted (exit_context),18,35,0.5142857142857142,17
swe-agent:073966:CybOXProject__mixbox-35,swe-agent,submitted (exit_context),46,87,0.5287356321839081,41
swe-agent:073977:DarkEnergySurvey__mkauthlist-29,swe-agent,submitted,12,29,0.41379310344827586,17
swe-agent:073997:MycroftAI__lingua-franca-90,swe-agent,submitted (exit_context),32,79,0.4050632911392405,47
swe-agent:074004:MycroftAI__lingua-franca-90,swe-agent,submitted (exit_context),56,59,0.9491525423728814,3
swe-agent:074005:MycroftAI__lingua-franca-90,swe-agent,submitted,20,33,0.6060606060606061,13
swe-agent:074009:MycroftAI__lingua-franca-90,swe-agent,submitted (exit_context),20,77,0.2597402597402597,57
swe-agent:074013:MycroftAI__lingua-franca-90,swe-agent,submitted (exit_context),68,185,0.3675675675675676,117
swe-agent:074015:MycroftAI__lingua-franca-90,swe-agent,submitted (exit_context),30,65,0.46153846153846156,35
swe-agent:074022:MycroftAI__lingua-franca-90,swe-agent,submitted (exit_context),36,63,0.5714285714285714,27
swe-agent:074023:MycroftAI__lingua-franca-90,swe-agent,submitted (exit_context),22,73,0.3013698630136986,51
swe-agent:074026:MycroftAI__lingua-franca-90,swe-agent,submitted (exit_context),38,43,0.8837209302325582,5
swe-agent:074027:MycroftAI__lingua-franca-90,swe-agent,submitted (exit_context),20,57,0.3508771929824561,37
swe-agent:074028:MycroftAI__lingua-franca-90,swe-agent,submitted (exit_context),20,57,0.3508771929824561,37
swe-agent:074033:MycroftAI__lingua-franca-90,swe-agent,submitted (exit_context),20,69,0.2898550724637681,49
swe-agent:074037:MycroftAI__lingua-franca-90,swe-agent,submitted (exit_context),40,43,0.9302325581395349,3
swe-agent:074039:MycroftAI__lingua-franca-90,swe-agent,submitted,28,47,0.5957446808510638,19
swe-agent:074041:MycroftAI__lingua-franca-90,swe-agent,submitted,28,51,0.5490196078431373,23
swe-agent:074042:MycroftAI__lingua-franca-90,swe-agent,submitted (exit_context),32,59,0.5423728813559322,27
swe-agent:074099:Textualize__textual-2038,swe-agent,submitted (exit_context),48,83,0.5783132530120482,35
swe-agent:074111:Textualize__textual-2038,swe-agent,submitted (exit_context),36,65,0.5538461538461539,29
swe-agent:074114:Textualize__textual-2038,swe-agent,submitted (exit_context),86,119,0.7226890756302521,33
swe-agent:074129:Textualize__textual-2038,swe-agent,submitted (exit_context),46,71,0.647887323943662,25
swe-agent:074132:Textualize__textual-2038,swe-agent,submitted (exit_context),34,57,0.5964912280701754,23
swe-agent:074133:Textualize__textual-2038,swe-agent,submitted (exit_context),14,117,0.11965811965811966,103
swe-agent:074159:adamchainz__time-machine-433,swe-agent,submitted (exit_context),60,77,0.7792207792207793,17
swe-agent:074170:adamchainz__time-machine-433,swe-agent,submitted (exit_context),26,105,0.24761904761904763,79
swe-agent:074177:adamchainz__time-machine-433,swe-agent,submitted (exit_context),56,65,0.8615384615384616,9
swe-agent:074202:adamchainz__time-machine-433,swe-agent,early_exit,38,49,0.7755102040816326,11
swe-agent:074230:altair-viz__altair-2885,swe-agent,submitted (exit_context),32,65,0.49230769230769234,33
swe-agent:074262:ambv__retype-3,swe-agent,submitted,18,87,0.20689655172413793,69
swe-agent:074281:ambv__retype-3,swe-agent,submitted (exit_context),20,419,0.0477326968973747,399
swe-agent:074302:awisu2__imagenatepy-3,swe-agent,submitted,30,45,0.6666666666666666,15
swe-agent:074308:awisu2__imagenatepy-3,swe-agent,submitted (exit_context),48,373,0.128686327077748,325
swe-agent:074314:awisu2__imagenatepy-3,swe-agent,submitted (exit_context),32,233,0.13733905579399142,201
swe-agent:074336:awisu2__imagenatepy-3,swe-agent,submitted,34,119,0.2857142857142857,85
swe-agent:074341:awisu2__imagenatepy-3,swe-agent,submitted (exit_context),42,357,0.11764705882352941,315
swe-agent:074344:awisu2__imagenatepy-3,swe-agent,exit_context,46,379,0.12137203166226913,333
swe-agent:074365:bihealth__biomedsheets-27,swe-agent,submitted,94,123,0.7642276422764228,29
swe-agent:074366:bihealth__biomedsheets-27,swe-agent,submitted,16,29,0.5517241379310345,13
swe-agent:074386:bihealth__biomedsheets-27,swe-agent,submitted,18,27,0.6666666666666666,9
swe-agent:074387:bihealth__biomedsheets-27,swe-agent,submitted (exit_context),24,93,0.25806451612903225,69
swe-agent:074388:bihealth__biomedsheets-27,swe-agent,submitted,10,35,0.2857142857142857,25
swe-agent:074393:blairconrad__dicognito-64,swe-agent,submitted (exit_context),66,81,0.8148148148148148,15
swe-agent:074398:blairconrad__dicognito-64,swe-agent,submitted,26,29,0.896551724137931,3
swe-agent:074423:canonical__charmcraft-545,swe-agent,submitted (exit_context),32,37,0.8648648648648649,5
swe-agent:074431:canonical__charmcraft-545,swe-agent,submitted (exit_context),32,99,0.32323232323232326,67
swe-agent:074444:canonical__charmcraft-545,swe-agent,submitted (exit_context),52,71,0.7323943661971831,19
swe-agent:074445:canonical__charmcraft-545,swe-agent,exit_context,26,55,0.4727272727272727,29
swe-agent:074459:construct__construct-1040,swe-agent,submitted (exit_context),128,139,0.920863309352518,11
swe-agent:074463:construct__construct-1040,swe-agent,submitted (exit_context),48,67,0.7164179104477612,19
swe-agent:074467:construct__construct-1040,swe-agent,submitted (exit_context),24,89,0.2696629213483146,65
swe-agent:074498:construct__construct-1040,swe-agent,submitted,12,67,0.1791044776119403,55
swe-agent:074504:cookiecutter__cookiecutter-2029,swe-agent,submitted (exit_context),48,65,0.7384615384615385,17
swe-agent:074506:cookiecutter__cookiecutter-2029,swe-agent,submitted (exit_context),22,403,0.05459057071960298,381
swe-agent:074510:cookiecutter__cookiecutter-2029,swe-agent,submitted (exit_context),28,127,0.2204724409448819,99
swe-agent:074512:cookiecutter__cookiecutter-2029,swe-agent,submitted (exit_context),36,195,0.18461538461538463,159
swe-agent:074518:corteva__rioxarray-346,swe-agent,submitted (exit_context),30,65,0.46153846153846156,35
swe-agent:074534:cunla__fakeredis-py-127,swe-agent,early_exit,54,55,0.9818181818181818,1
swe-agent:074537:cunla__fakeredis-py-127,swe-agent,submitted (exit_context),40,63,0.6349206349206349,23
swe-agent:074540:cunla__fakeredis-py-127,swe-agent,exit_context,38,77,0.4935064935064935,39
swe-agent:074552:cunla__fakeredis-py-127,swe-agent,submitted (exit_context),26,161,0.16149068322981366,135
swe-agent:074555:cunla__fakeredis-py-127,swe-agent,submitted (exit_context),34,95,0.35789473684210527,61
swe-agent:074556:cunla__fakeredis-py-127,swe-agent,submitted (exit_context),66,69,0.9565217391304348,3
swe-agent:074559:cunla__fakeredis-py-127,swe-agent,submitted (exit_context),14,235,0.059574468085106386,221
swe-agent:074565:cunla__fakeredis-py-127,swe-agent,submitted (exit_context),56,123,0.45528455284552843,67
swe-agent:074567:cunla__fakeredis-py-127,swe-agent,submitted (exit_context),50,57,0.8771929824561403,7
swe-agent:074575:cunla__fakeredis-py-127,swe-agent,submitted (exit_context),44,77,0.5714285714285714,33
swe-agent:074577:cunla__fakeredis-py-127,swe-agent,submitted (exit_context),26,97,0.26804123711340205,71
swe-agent:074587:deepchem__deepchem-2979,swe-agent,submitted (exit_context),26,61,0.4262295081967213,35
swe-agent:074588:deepchem__deepchem-2979,swe-agent,submitted (exit_context),42,69,0.6086956521739131,27
swe-agent:074591:deepchem__deepchem-2979,swe-agent,submitted (exit_context),26,53,0.49056603773584906,27
swe-agent:074593:deepchem__deepchem-2979,swe-agent,submitted (exit_context),22,55,0.4,33
swe-agent:074595:deepchem__deepchem-2979,swe-agent,submitted (exit_context),34,47,0.723404255319149,13
swe-agent:074597:deepchem__deepchem-2979,swe-agent,submitted (exit_context),42,101,0.4158415841584158,59
swe-agent:074598:deepchem__deepchem-2979,swe-agent,submitted (exit_context),58,63,0.9206349206349206,5
swe-agent:074599:deepchem__deepchem-2979,swe-agent,submitted,30,51,0.5882352941176471,21
swe-agent:074600:deepchem__deepchem-2979,swe-agent,submitted (exit_context),24,57,0.42105263157894735,33
swe-agent:074601:deepchem__deepchem-2979,swe-agent,submitted (exit_context),26,53,0.49056603773584906,27
swe-agent:074602:deepchem__deepchem-2979,swe-agent,submitted (exit_context),32,73,0.4383561643835616,41
swe-agent:074609:deepset-ai__haystack-7038,swe-agent,submitted (exit_context),20,43,0.46511627906976744,23
swe-agent:074643:dr-prodigy__python-holidays-555,swe-agent,submitted (exit_context),38,119,0.31932773109243695,81
swe-agent:074644:dr-prodigy__python-holidays-555,swe-agent,exit_context,22,91,0.24175824175824176,69
swe-agent:074651:dr-prodigy__python-holidays-555,swe-agent,exit_context,28,105,0.26666666666666666,77
swe-agent:074654:dr-prodigy__python-holidays-555,swe-agent,exit_context,16,87,0.1839080459770115,71
swe-agent:074681:dr-prodigy__python-holidays-555,swe-agent,submitted (exit_context),46,63,0.7301587301587301,17
swe-agent:074682:dr-prodigy__python-holidays-555,swe-agent,exit_context,16,39,0.41025641025641024,23
swe-agent:074683:dr-prodigy__python-holidays-555,swe-agent,exit_context,16,89,0.1797752808988764,73
swe-agent:074689:dr-prodigy__python-holidays-555,swe-agent,submitted,30,37,0.8108108108108109,7
swe-agent:074726:elastic__elasticsearch-py-628,swe-agent,submitted (exit_context),26,95,0.2736842105263158,69
swe-agent:074727:florimondmanca__fountain-lang-7,swe-agent,submitted (exit_context),42,65,0.6461538461538462,23
swe-agent:074735:florimondmanca__fountain-lang-7,swe-agent,submitted (exit_context),44,59,0.7457627118644068,15
swe-agent:074737:florimondmanca__fountain-lang-7,swe-agent,submitted,54,55,0.9818181818181818,1
swe-agent:074741:florimondmanca__fountain-lang-7,swe-agent,submitted,26,53,0.49056603773584906,27
swe-agent:074743:florimondmanca__fountain-lang-7,swe-agent,submitted (exit_context),20,67,0.29850746268656714,47
swe-agent:074744:florimondmanca__fountain-lang-7,swe-agent,submitted (exit_context),24,37,0.6486486486486487,13
swe-agent:074747:florimondmanca__fountain-lang-7,swe-agent,submitted (exit_context),24,43,0.5581395348837209,19
swe-agent:074749:florimondmanca__fountain-lang-7,swe-agent,submitted (exit_context),14,95,0.14736842105263157,81
swe-agent:074750:florimondmanca__fountain-lang-7,swe-agent,submitted (exit_context),20,53,0.37735849056603776,33
swe-agent:074751:florimondmanca__fountain-lang-7,swe-agent,exit_context,24,67,0.3582089552238806,43
swe-agent:074753:florimondmanca__fountain-lang-7,swe-agent,submitted,18,19,0.9473684210526315,1
swe-agent:074760:florimondmanca__fountain-lang-7,swe-agent,submitted (exit_context),18,57,0.3157894736842105,39
swe-agent:074765:florimondmanca__fountain-lang-7,swe-agent,submitted,22,31,0.7096774193548387,9
swe-agent:074766:florimondmanca__fountain-lang-7,swe-agent,submitted (exit_context),28,41,0.6829268292682927,13
swe-agent:074768:florimondmanca__fountain-lang-7,swe-agent,submitted (exit_context),22,101,0.21782178217821782,79
swe-agent:074771:florimondmanca__fountain-lang-7,swe-agent,submitted (exit_context),26,107,0.24299065420560748,81
swe-agent:074772:florimondmanca__fountain-lang-7,swe-agent,submitted (exit_context),32,55,0.5818181818181818,23
swe-agent:074773:florimondmanca__fountain-lang-7,swe-agent,submitted (exit_context),22,105,0.20952380952380953,83
swe-agent:074778:florimondmanca__fountain-lang-7,swe-agent,exit_context,18,63,0.2857142857142857,45
swe-agent:074779:florimondmanca__fountain-lang-7,swe-agent,submitted (exit_context),32,117,0.27350427350427353,85
swe-agent:074782:florimondmanca__fountain-lang-7,swe-agent,submitted (exit_context),36,75,0.48,39
swe-agent:074783:florimondmanca__fountain-lang-7,swe-agent,submitted (exit_context),20,79,0.25316455696202533,59
swe-agent:074784:florimondmanca__fountain-lang-7,swe-agent,submitted (exit_context),48,85,0.5647058823529412,37
swe-agent:074792:florimondmanca__fountain-lang-7,swe-agent,submitted (exit_context),32,33,0.9696969696969697,1
swe-agent:074793:florimondmanca__fountain-lang-7,swe-agent,submitted (exit_context),44,113,0.3893805309734513,69
swe-agent:074794:florimondmanca__fountain-lang-7,swe-agent,submitted (exit_context),66,87,0.7586206896551724,21
swe-agent:074798:florimondmanca__fountain-lang-7,swe-agent,exit_context,12,111,0.10810810810810811,99
swe-agent:074799:florimondmanca__fountain-lang-7,swe-agent,submitted (exit_context),18,43,0.4186046511627907,25
swe-agent:074808:florimondmanca__fountain-lang-7,swe-agent,submitted,22,23,0.9565217391304348,1
swe-agent:074809:florimondmanca__fountain-lang-7,swe-agent,submitted,44,87,0.5057471264367817,43
swe-agent:074810:florimondmanca__fountain-lang-7,swe-agent,submitted (exit_context),62,63,0.9841269841269841,1
swe-agent:074811:florimondmanca__fountain-lang-7,swe-agent,submitted (exit_context),22,35,0.6285714285714286,13
swe-agent:074812:florimondmanca__fountain-lang-7,swe-agent,submitted (exit_context),22,41,0.5365853658536586,19
swe-agent:074821:florimondmanca__fountain-lang-7,swe-agent,submitted (exit_context),62,111,0.5585585585585585,49
swe-agent:074824:fniessink__next-action-146,swe-agent,exit_context,18,83,0.21686746987951808,65
swe-agent:074827:fniessink__next-action-146,swe-agent,exit_context,26,51,0.5098039215686274,25
swe-agent:074828:fniessink__next-action-146,swe-agent,exit_context,30,51,0.5882352941176471,21
swe-agent:074829:fniessink__next-action-146,swe-agent,exit_context,18,45,0.4,27
swe-agent:074835:fniessink__next-action-146,swe-agent,submitted (exit_context),26,43,0.6046511627906976,17
swe-agent:074839:fniessink__next-action-146,swe-agent,exit_context,18,61,0.29508196721311475,43
swe-agent:074841:fniessink__next-action-146,swe-agent,exit_context,26,67,0.3880597014925373,41
swe-agent:074842:fniessink__next-action-146,swe-agent,exit_context,22,79,0.27848101265822783,57
swe-agent:074849:fniessink__next-action-146,swe-agent,submitted (exit_context),40,65,0.6153846153846154,25
swe-agent:074854:fniessink__next-action-146,swe-agent,exit_context,30,47,0.6382978723404256,17
swe-agent:074856:fniessink__next-action-146,swe-agent,exit_context,22,45,0.4888888888888889,23
swe-agent:074860:fniessink__next-action-146,swe-agent,submitted (exit_context),72,73,0.9863013698630136,1
swe-agent:074861:fniessink__next-action-146,swe-agent,exit_context,20,39,0.5128205128205128,19
swe-agent:074862:fniessink__next-action-146,swe-agent,submitted,38,69,0.5507246376811594,31
swe-agent:074863:fniessink__next-action-146,swe-agent,exit_context,16,41,0.3902439024390244,25
swe-agent:074864:fniessink__next-action-146,swe-agent,submitted_no_patch,20,55,0.36363636363636365,35
swe-agent:074866:fniessink__next-action-146,swe-agent,exit_context,30,53,0.5660377358490566,23
swe-agent:074867:fniessink__next-action-146,swe-agent,exit_context,44,67,0.6567164179104478,23
swe-agent:074868:fniessink__next-action-146,swe-agent,exit_context,26,49,0.5306122448979592,23
swe-agent:074874:fniessink__next-action-146,swe-agent,exit_context,14,53,0.2641509433962264,39
swe-agent:074875:fniessink__next-action-146,swe-agent,exit_context,22,65,0.3384615384615385,43
swe-agent:074877:fniessink__next-action-146,swe-agent,exit_context,34,57,0.5964912280701754,23
swe-agent:074879:hgrecco__pint-877,swe-agent,submitted (exit_context),36,49,0.7346938775510204,13
swe-agent:074889:hgrecco__pint-877,swe-agent,submitted (exit_context),46,59,0.7796610169491526,13
swe-agent:074892:hgrecco__pint-877,swe-agent,submitted (exit_context),32,53,0.6037735849056604,21
swe-agent:074894:hgrecco__pint-877,swe-agent,submitted (exit_context),24,71,0.3380281690140845,47
swe-agent:074896:hgrecco__pint-877,swe-agent,submitted (exit_context),82,149,0.5503355704697986,67
swe-agent:074904:hgrecco__pint-877,swe-agent,submitted (exit_context),22,53,0.41509433962264153,31
swe-agent:074907:hgrecco__pint-877,swe-agent,submitted (exit_context),22,51,0.43137254901960786,29
swe-agent:074908:hgrecco__pint-877,swe-agent,submitted (exit_context),34,53,0.6415094339622641,19
swe-agent:074915:hgrecco__pint-877,swe-agent,early_exit,26,41,0.6341463414634146,15
swe-agent:074917:hgrecco__pint-877,swe-agent,submitted (exit_context),44,49,0.8979591836734694,5
swe-agent:074919:hgrecco__pint-877,swe-agent,early_exit,24,187,0.12834224598930483,163
swe-agent:074920:hgrecco__pint-877,swe-agent,submitted,16,27,0.5925925925925926,11
swe-agent:074922:hgrecco__pint-877,swe-agent,submitted (exit_context),40,45,0.8888888888888888,5
swe-agent:074927:hgrecco__pint-877,swe-agent,submitted (exit_context),54,59,0.9152542372881356,5
swe-agent:074932:hgrecco__pint-877,swe-agent,submitted (exit_context),44,73,0.6027397260273972,29
swe-agent:074948:iris-hep__qastle-44,swe-agent,submitted (exit_context),36,87,0.41379310344827586,51
swe-agent:074953:iris-hep__qastle-44,swe-agent,submitted (exit_context),34,51,0.6666666666666666,17
swe-agent:074957:iterative__dvc-2353,swe-agent,submitted (exit_context),70,103,0.6796116504854369,33
swe-agent:074961:iterative__dvc-2353,swe-agent,submitted (exit_context),12,273,0.04395604395604396,261
swe-agent:074979:iterative__dvc-2353,swe-agent,submitted,28,51,0.5490196078431373,23
swe-agent:074990:iterative__dvc-2353,swe-agent,early_exit,26,183,0.14207650273224043,157
swe-agent:074994:iterative__dvc-2353,swe-agent,submitted (exit_context),30,55,0.5454545454545454,25
swe-agent:075000:iterative__dvc-2353,swe-agent,submitted,12,41,0.2926829268292683,29
swe-agent:075002:iterative__dvc-5263,swe-agent,submitted,56,95,0.5894736842105263,39
swe-agent:075004:iterative__dvc-5263,swe-agent,submitted (exit_context),24,93,0.25806451612903225,69
swe-agent:075008:iterative__dvc-5263,swe-agent,submitted,44,99,0.4444444444444444,55
swe-agent:075009:iterative__dvc-5263,swe-agent,submitted (exit_context),52,155,0.33548387096774196,103
swe-agent:075012:iterative__dvc-5263,swe-agent,early_exit,38,227,0.16740088105726872,189
swe-agent:075013:iterative__dvc-5263,swe-agent,submitted,54,77,0.7012987012987013,23
swe-agent:075015:iterative__dvc-5263,swe-agent,submitted (exit_context),30,59,0.5084745762711864,29
swe-agent:075016:iterative__dvc-5263,swe-agent,submitted (exit_context),54,157,0.34394904458598724,103
swe-agent:075023:larq__zookeeper-48,swe-agent,submitted (exit_context),36,451,0.07982261640798226,415
swe-agent:075038:lidatong__dataclasses-json-221,swe-agent,submitted (exit_context),22,79,0.27848101265822783,57
swe-agent:075055:marcosschroh__dataclasses-avroschema-402,swe-agent,submitted (exit_context),26,285,0.0912280701754386,259
swe-agent:075056:marcosschroh__dataclasses-avroschema-402,swe-agent,submitted (exit_context),42,67,0.6268656716417911,25
swe-agent:075059:marcosschroh__dataclasses-avroschema-402,swe-agent,submitted (exit_context),16,87,0.1839080459770115,71
swe-agent:075062:marcosschroh__dataclasses-avroschema-402,swe-agent,submitted (exit_context),30,71,0.4225352112676056,41
swe-agent:075087:marcosschroh__dataclasses-avroschema-402,swe-agent,submitted (exit_context),26,307,0.08469055374592833,281
swe-agent:075091:marcosschroh__dataclasses-avroschema-402,swe-agent,submitted (exit_context),30,105,0.2857142857142857,75
swe-agent:075094:marcosschroh__dataclasses-avroschema-402,swe-agent,submitted,24,33,0.7272727272727273,9
swe-agent:075096:marcosschroh__dataclasses-avroschema-402,swe-agent,early_exit,46,69,0.6666666666666666,23
swe-agent:075105:omni-us__jsonargparse-248,swe-agent,submitted,20,29,0.6896551724137931,9
swe-agent:075116:omni-us__jsonargparse-248,swe-agent,submitted,20,33,0.6060606060606061,13
swe-agent:075128:omni-us__jsonargparse-248,swe-agent,submitted (exit_context),26,95,0.2736842105263158,69
swe-agent:075141:omni-us__jsonargparse-248,swe-agent,submitted (exit_context),38,67,0.5671641791044776,29
swe-agent:075170:oxan__djangorestframework-dataclasses-53,swe-agent,submitted (exit_context),22,359,0.06128133704735376,337
swe-agent:075174:oxan__djangorestframework-dataclasses-53,swe-agent,submitted,38,53,0.7169811320754716,15
swe-agent:075187:oxan__djangorestframework-dataclasses-53,swe-agent,submitted (exit_context),20,21,0.9523809523809523,1
swe-agent:075208:petrobras__ross-966,swe-agent,submitted (exit_context),22,31,0.7096774193548387,9
swe-agent:075210:petrobras__ross-966,swe-agent,exit_context,22,47,0.46808510638297873,25
swe-agent:075238:pydantic__pydantic-1527,swe-agent,submitted,40,53,0.7547169811320755,13
swe-agent:075244:pydantic__pydantic-2119,swe-agent,submitted (exit_context),24,73,0.3287671232876712,49
swe-agent:075245:pydantic__pydantic-2119,swe-agent,submitted (exit_context),26,47,0.5531914893617021,21
swe-agent:075248:pydantic__pydantic-2119,swe-agent,submitted (exit_context),38,41,0.926829268292683,3
swe-agent:075263:pydantic__pydantic-2169,swe-agent,submitted,54,87,0.6206896551724138,33
swe-agent:075284:pydantic__pydantic-2169,swe-agent,submitted (exit_context),42,55,0.7636363636363637,13
swe-agent:075291:pydantic__pydantic-2169,swe-agent,exit_context,46,57,0.8070175438596491,11
swe-agent:075315:pydantic__pydantic-4781,swe-agent,submitted (exit_context),30,159,0.18867924528301888,129
swe-agent:075320:pydantic__pydantic-4781,swe-agent,submitted,54,115,0.46956521739130436,61
swe-agent:075325:pydantic__pydantic-4781,swe-agent,submitted (exit_context),48,111,0.43243243243243246,63
swe-agent:075331:pydantic__pydantic-4781,swe-agent,submitted (exit_context),64,93,0.6881720430107527,29
swe-agent:075332:pydantic__pydantic-4781,swe-agent,submitted (exit_context),48,95,0.5052631578947369,47
swe-agent:075337:pydantic__pydantic-4781,swe-agent,submitted (exit_context),40,61,0.6557377049180327,21
swe-agent:075339:pydantic__pydantic-4781,swe-agent,submitted (exit_context),34,127,0.2677165354330709,93
swe-agent:075341:pydantic__pydantic-4781,swe-agent,submitted,20,85,0.23529411764705882,65
swe-agent:075342:pydantic__pydantic-4781,swe-agent,submitted (exit_context),28,209,0.1339712918660287,181
swe-agent:075346:pydantic__pydantic-4781,swe-agent,submitted (exit_context),56,79,0.7088607594936709,23
swe-agent:075355:pydantic__pydantic-898,swe-agent,submitted,80,91,0.8791208791208791,11
swe-agent:075361:pydantic__pydantic-898,swe-agent,exit_context,50,211,0.23696682464454977,161
swe-agent:075369:pydicom__pydicom-1428,swe-agent,submitted (exit_context),38,135,0.2814814814814815,97
swe-agent:075375:pypa__auditwheel-424,swe-agent,submitted (exit_context),28,103,0.27184466019417475,75
swe-agent:075416:python-cmd2__cmd2-1069,swe-agent,exit_context,26,45,0.5777777777777777,19
swe-agent:075446:pyvista__pyvista-3675,swe-agent,submitted,74,77,0.961038961038961,3
swe-agent:075469:reata__sqllineage-56,swe-agent,submitted (exit_context),30,81,0.37037037037037035,51
swe-agent:075473:reata__sqllineage-56,swe-agent,submitted,46,59,0.7796610169491526,13
swe-agent:075477:redhat-cip__hardware-189,swe-agent,submitted (exit_context),76,97,0.7835051546391752,21
swe-agent:075485:redhat-cip__hardware-189,swe-agent,exit_context,16,45,0.35555555555555557,29
swe-agent:075492:scrapinghub__price-parser-42,swe-agent,submitted (exit_context),56,69,0.8115942028985508,13
swe-agent:075494:scrapy__w3lib-136,swe-agent,submitted (exit_context),40,43,0.9302325581395349,3
swe-agent:075496:scrapy__w3lib-136,swe-agent,exit_context,20,41,0.4878048780487805,21
swe-agent:075497:scrapy__w3lib-136,swe-agent,submitted,32,45,0.7111111111111111,13
swe-agent:075499:scrapy__w3lib-136,swe-agent,submitted (exit_context),36,93,0.3870967741935484,57
swe-agent:075500:scrapy__w3lib-136,swe-agent,exit_context,22,41,0.5365853658536586,19
swe-agent:075503:scrapy__w3lib-136,swe-agent,submitted (exit_context),28,61,0.45901639344262296,33
swe-agent:075504:scrapy__w3lib-136,swe-agent,exit_context,22,27,0.8148148148148148,5
swe-agent:075506:scrapy__w3lib-136,swe-agent,exit_context,24,83,0.2891566265060241,59
swe-agent:075508:scrapy__w3lib-136,swe-agent,submitted (exit_context),28,87,0.3218390804597701,59
swe-agent:075510:scrapy__w3lib-136,swe-agent,exit_context,22,67,0.3283582089552239,45
swe-agent:075511:scrapy__w3lib-136,swe-agent,exit_context,24,79,0.3037974683544304,55
swe-agent:075516:scrapy__w3lib-136,swe-agent,submitted (exit_context),36,45,0.8,9
swe-agent:075517:scrapy__w3lib-136,swe-agent,exit_context,40,87,0.45977011494252873,47
swe-agent:075528:scrapy__w3lib-136,swe-agent,exit_context,20,85,0.23529411764705882,65
swe-agent:075531:scrapy__w3lib-136,swe-agent,exit_context,20,41,0.4878048780487805,21
swe-agent:075539:scrapy__w3lib-136,swe-agent,exit_context,18,79,0.22784810126582278,61
swe-agent:075542:scrapy__w3lib-136,swe-agent,submitted (exit_context),50,59,0.847457627118644,9
swe-agent:075547:scrapy__w3lib-136,swe-agent,submitted (exit_context),36,59,0.6101694915254238,23
swe-agent:075592:streamlink__streamlink-2127,swe-agent,submitted,28,63,0.4444444444444444,35
swe-agent:075601:terryyin__lizard-120,swe-agent,submitted,18,51,0.35294117647058826,33
swe-agent:075613:tobymao__sqlglot-902,swe-agent,submitted (exit_context),28,53,0.5283018867924528,25
swe-agent:075618:tobymao__sqlglot-902,swe-agent,submitted (exit_context),26,49,0.5306122448979592,23
swe-agent:075619:tobymao__sqlglot-902,swe-agent,submitted (exit_context),20,47,0.425531914893617,27
swe-agent:075630:torrua__keyboa-15,swe-agent,exit_context,40,67,0.5970149253731343,27
swe-agent:075638:ultrabug__py3status-1221,swe-agent,submitted (exit_context),84,97,0.865979381443299,13
swe-agent:075645:valohai__valohai-yaml-131,swe-agent,submitted,12,17,0.7058823529411765,5
swe-agent:075648:valohai__valohai-yaml-131,swe-agent,submitted,14,15,0.9333333333333333,1
swe-agent:075655:valohai__valohai-yaml-131,swe-agent,submitted_no_patch,14,19,0.7368421052631579,5
swe-agent:075660:valohai__valohai-yaml-131,swe-agent,submitted_no_patch,16,19,0.8421052631578947,3
swe-agent:075669:valohai__valohai-yaml-131,swe-agent,submitted,12,13,0.9230769230769231,1
swe-agent:075670:valohai__valohai-yaml-131,swe-agent,submitted,14,17,0.8235294117647058,3
swe-agent:075674:valohai__valohai-yaml-131,swe-agent,submitted,14,15,0.9333333333333333,1
swe-agent:075679:valohai__valohai-yaml-131,swe-agent,submitted,24,55,0.43636363636363634,31
swe-agent:075681:valohai__valohai-yaml-131,swe-agent,submitted_no_patch,12,27,0.4444444444444444,15
swe-agent:075687:valohai__valohai-yaml-131,swe-agent,submitted (exit_context),28,75,0.37333333333333335,47
swe-agent:075689:valohai__valohai-yaml-131,swe-agent,submitted,14,17,0.8235294117647058,3
swe-agent:075690:valohai__valohai-yaml-131,swe-agent,submitted,42,45,0.9333333333333333,3
swe-agent:075694:wfondrie__mokapot-65,swe-agent,submitted,24,69,0.34782608695652173,45
swe-agent:075699:wfondrie__mokapot-65,swe-agent,submitted,30,75,0.4,45
swe-agent:075704:wfondrie__mokapot-65,swe-agent,submitted,52,65,0.8,13
swe-agent:075731:wfondrie__mokapot-65,swe-agent,submitted,18,39,0.46153846153846156,21
swe-agent:075740:zimeon__ocfl-py-77,swe-agent,submitted (exit_context),24,69,0.34782608695652173,45
swe-agent:075742:zopefoundation__DocumentTemplate-40,swe-agent,submitted (exit_context),72,73,0.9863013698630136,1
swe-agent:075751:EdinburghGenomics__EGCG-Core-12,swe-agent,submitted (exit_context),66,237,0.27848101265822783,171
swe-agent:075752:EdinburghGenomics__EGCG-Core-12,swe-agent,submitted (exit_context),22,81,0.2716049382716049,59
swe-agent:075753:EdinburghGenomics__EGCG-Core-12,swe-agent,submitted (exit_context),16,87,0.1839080459770115,71
swe-agent:075754:EdinburghGenomics__EGCG-Core-12,swe-agent,submitted (exit_context),26,55,0.4727272727272727,29
swe-agent:075755:EdinburghGenomics__EGCG-Core-12,swe-agent,submitted (exit_context),40,59,0.6779661016949152,19
swe-agent:075761:Kinto__kinto-1943,swe-agent,submitted (exit_context),34,43,0.7906976744186046,9
swe-agent:075808:PyCQA__pyflakes-374,swe-agent,submitted (exit_format),26,203,0.12807881773399016,177
swe-agent:075829:alvinwan__TexSoup-132,swe-agent,submitted (exit_context),44,55,0.8,11
swe-agent:075830:alvinwan__TexSoup-132,swe-agent,submitted (exit_context),34,107,0.3177570093457944,73
swe-agent:075836:alvinwan__TexSoup-132,swe-agent,submitted (exit_context),32,45,0.7111111111111111,13
swe-agent:075839:alvinwan__TexSoup-132,swe-agent,exit_context,28,79,0.35443037974683544,51
swe-agent:075845:alvinwan__TexSoup-132,swe-agent,early_exit,24,31,0.7741935483870968,7
swe-agent:075848:alvinwan__TexSoup-132,swe-agent,submitted (exit_context),32,43,0.7441860465116279,11
swe-agent:075849:alvinwan__TexSoup-132,swe-agent,submitted,34,65,0.5230769230769231,31
swe-agent:075851:alvinwan__TexSoup-132,swe-agent,submitted (exit_context),48,71,0.676056338028169,23
swe-agent:075852:alvinwan__TexSoup-132,swe-agent,submitted (exit_context),32,53,0.6037735849056604,21
swe-agent:075855:alvinwan__TexSoup-132,swe-agent,submitted (exit_context),64,87,0.735632183908046,23
swe-agent:075858:alvinwan__TexSoup-132,swe-agent,submitted (exit_context),22,85,0.25882352941176473,63
swe-agent:075861:alvinwan__TexSoup-132,swe-agent,submitted (exit_context),34,85,0.4,51
swe-agent:075864:alvinwan__TexSoup-132,swe-agent,exit_context,30,49,0.6122448979591837,19
swe-agent:075865:alvinwan__TexSoup-132,swe-agent,submitted (exit_context),48,49,0.9795918367346939,1
swe-agent:075866:alvinwan__TexSoup-132,swe-agent,submitted (exit_format),32,245,0.1306122448979592,213
swe-agent:075871:alvinwan__TexSoup-132,swe-agent,submitted (exit_context),32,75,0.4266666666666667,43
swe-agent:075872:alvinwan__TexSoup-132,swe-agent,submitted (exit_context),20,91,0.21978021978021978,71
swe-agent:075874:alvinwan__TexSoup-132,swe-agent,submitted (exit_context),52,63,0.8253968253968254,11
swe-agent:075877:alvinwan__TexSoup-132,swe-agent,submitted (exit_context),32,81,0.3950617283950617,49
swe-agent:075880:alvinwan__TexSoup-132,swe-agent,submitted (exit_context),38,65,0.5846153846153846,27
swe-agent:075882:alvinwan__TexSoup-132,swe-agent,submitted (exit_context),30,79,0.379746835443038,49
swe-agent:075885:alvinwan__TexSoup-132,swe-agent,submitted (exit_context),30,99,0.30303030303030304,69
swe-agent:075886:alvinwan__TexSoup-132,swe-agent,exit_context,34,57,0.5964912280701754,23
swe-agent:075889:alvinwan__TexSoup-132,swe-agent,submitted (exit_context),18,501,0.03592814371257485,483
swe-agent:075908:astamminger__zotero-bibtize-19,swe-agent,submitted (exit_context),54,85,0.6352941176470588,31
swe-agent:075916:astamminger__zotero-bibtize-19,swe-agent,submitted (exit_context),36,61,0.5901639344262295,25
swe-agent:075931:astamminger__zotero-bibtize-19,swe-agent,exit_context,16,45,0.35555555555555557,29
swe-agent:075967:auth0__auth0-python-463,swe-agent,submitted,24,33,0.7272727272727273,9
swe-agent:075971:auth0__auth0-python-463,swe-agent,submitted (exit_context),76,93,0.8172043010752689,17
swe-agent:075976:auth0__auth0-python-463,swe-agent,submitted (exit_context),10,151,0.06622516556291391,141
swe-agent:075999:bjmorgan__py-sc-fermi-25,swe-agent,submitted (exit_context),24,63,0.38095238095238093,39
swe-agent:076004:bjmorgan__py-sc-fermi-25,swe-agent,exit_context,18,45,0.4,27
swe-agent:076006:bjmorgan__py-sc-fermi-25,swe-agent,exit_context,16,75,0.21333333333333335,59
swe-agent:076017:bjmorgan__py-sc-fermi-25,swe-agent,submitted (exit_context),72,129,0.5581395348837209,57
swe-agent:076030:bjmorgan__py-sc-fermi-25,swe-agent,exit_context,22,75,0.29333333333333333,53
swe-agent:076109:iris-hep__qastle-47,swe-agent,submitted,40,61,0.6557377049180327,21
swe-agent:076117:iris-hep__qastle-47,swe-agent,submitted,26,117,0.2222222222222222,91
swe-agent:076141:iterative__dvc-4767,swe-agent,early_exit,56,71,0.7887323943661971,15
swe-agent:076145:iterative__dvc-4767,swe-agent,submitted (exit_context),40,159,0.25157232704402516,119
swe-agent:076148:iterative__dvc-4767,swe-agent,submitted (exit_context),30,69,0.43478260869565216,39
swe-agent:076151:iterative__dvc-4767,swe-agent,submitted (exit_context),42,77,0.5454545454545454,35
swe-agent:076152:iterative__dvc-4767,swe-agent,submitted,34,39,0.8717948717948718,5
swe-agent:076153:iterative__dvc-4767,swe-agent,submitted (exit_context),34,87,0.39080459770114945,53
swe-agent:076158:iterative__dvc-5126,swe-agent,submitted (exit_context),26,77,0.33766233766233766,51
swe-agent:076162:iterative__dvc-5126,swe-agent,submitted (exit_context),58,107,0.5420560747663551,49
swe-agent:076166:iterative__dvc-5126,swe-agent,submitted (exit_context),30,99,0.30303030303030304,69
swe-agent:076167:iterative__dvc-5126,swe-agent,submitted (exit_context),12,123,0.0975609756097561,111
swe-agent:076170:iterative__dvc-5126,swe-agent,submitted (exit_context),16,61,0.26229508196721313,45
swe-agent:076171:iterative__dvc-5958,swe-agent,submitted (exit_context),72,81,0.8888888888888888,9
swe-agent:076174:iterative__dvc-5958,swe-agent,exit_context,16,67,0.23880597014925373,51
swe-agent:076179:iterative__dvc-5958,swe-agent,submitted (exit_context),34,89,0.38202247191011235,55
swe-agent:076181:iterative__dvc-5958,swe-agent,submitted,24,41,0.5853658536585366,17
swe-agent:076185:iterative__dvc-5958,swe-agent,early_exit,30,71,0.4225352112676056,41
swe-agent:076207:joke2k__django-environ-174,swe-agent,submitted (exit_context),28,291,0.09621993127147767,263
swe-agent:076221:joke2k__django-environ-174,swe-agent,submitted (exit_context),32,139,0.2302158273381295,107
swe-agent:076222:joke2k__django-environ-174,swe-agent,exit_context,20,105,0.19047619047619047,85
swe-agent:076223:joke2k__django-environ-174,swe-agent,submitted (exit_context),16,105,0.1523809523809524,89
swe-agent:076233:joke2k__django-environ-174,swe-agent,exit_context,18,95,0.18947368421052632,77
swe-agent:076302:lebrice__SimpleParsing-50,swe-agent,submitted (exit_context),28,59,0.4745762711864407,31
swe-agent:076308:leonardt__ast_tools-80,swe-agent,submitted (exit_context),22,65,0.3384615384615385,43
swe-agent:076310:leonardt__ast_tools-80,swe-agent,submitted (exit_context),20,67,0.29850746268656714,47
swe-agent:076312:leonardt__ast_tools-80,swe-agent,submitted (exit_context),28,105,0.26666666666666666,77
swe-agent:076313:leonardt__ast_tools-80,swe-agent,submitted (exit_context),24,59,0.4067796610169492,35
swe-agent:076314:leonardt__ast_tools-80,swe-agent,submitted (exit_context),40,73,0.547945205479452,33
swe-agent:076315:leonardt__ast_tools-80,swe-agent,submitted,28,55,0.509090909090909,27
swe-agent:076316:leonardt__ast_tools-80,swe-agent,submitted (exit_context),20,91,0.21978021978021978,71
swe-agent:076318:leonardt__ast_tools-80,swe-agent,submitted (exit_context),26,75,0.3466666666666667,49
swe-agent:076346:lig__pyventory-18,swe-agent,submitted (exit_context),30,101,0.297029702970297,71
swe-agent:076353:lig__pyventory-18,swe-agent,submitted (exit_context),30,63,0.47619047619047616,33
swe-agent:076368:linkml__linkml-runtime-183,swe-agent,submitted (exit_context),24,33,0.7272727272727273,9
swe-agent:076397:matchms__matchms-399,swe-agent,early_exit,24,39,0.6153846153846154,15
swe-agent:076408:matchms__matchms-399,swe-agent,submitted,26,43,0.6046511627906976,17
swe-agent:076413:matchms__matchms-399,swe-agent,submitted,22,27,0.8148148148148148,5
swe-agent:076420:matchms__matchms-399,swe-agent,submitted (exit_context),14,61,0.22950819672131148,47
swe-agent:076421:matchms__matchms-399,swe-agent,exit_context,22,51,0.43137254901960786,29
swe-agent:076425:matchms__matchms-399,swe-agent,submitted (exit_context),44,61,0.7213114754098361,17
swe-agent:076426:matchms__matchms-399,swe-agent,submitted (exit_context),36,43,0.8372093023255814,7
swe-agent:076427:matchms__matchms-399,swe-agent,submitted (exit_context),32,53,0.6037735849056604,21
swe-agent:076433:matchms__matchms-399,swe-agent,submitted (exit_context),74,77,0.961038961038961,3
swe-agent:076434:matchms__matchms-399,swe-agent,exit_context,18,45,0.4,27
swe-agent:076437:matchms__matchms-399,swe-agent,submitted (exit_context),36,75,0.48,39
swe-agent:076442:mjs__imapclient-307,swe-agent,submitted (exit_context),22,61,0.36065573770491804,39
swe-agent:076448:mjs__imapclient-307,swe-agent,submitted (exit_context),58,109,0.5321100917431193,51
swe-agent:076458:mozilla__bleach-647,swe-agent,submitted,38,41,0.926829268292683,3
swe-agent:076462:mozilla__bleach-647,swe-agent,submitted,74,89,0.8314606741573034,15
swe-agent:076475:nipy__nipype-3325,swe-agent,submitted (exit_context),40,79,0.5063291139240507,39
swe-agent:076479:nipy__nipype-3325,swe-agent,submitted (exit_context),42,61,0.6885245901639344,19
swe-agent:076481:nipy__nipype-3325,swe-agent,submitted (exit_context),32,91,0.3516483516483517,59
swe-agent:076486:nipy__nipype-3325,swe-agent,submitted,62,71,0.8732394366197183,9
swe-agent:076511:nipy__nipype-3325,swe-agent,submitted (exit_context),20,85,0.23529411764705882,65
swe-agent:076514:nipy__nipype-3325,swe-agent,submitted (exit_context),16,95,0.16842105263157894,79
swe-agent:076525:nipy__nipype-3325,swe-agent,submitted (exit_context),24,127,0.1889763779527559,103
swe-agent:076530:nipy__nipype-3325,swe-agent,submitted (exit_context),16,123,0.13008130081300814,107
swe-agent:076553:nipy__nipype-3325,swe-agent,submitted (exit_context),34,97,0.35051546391752575,63
swe-agent:076559:nipy__nipype-3325,swe-agent,exit_context,14,85,0.16470588235294117,71
swe-agent:076563:nose-devs__nose2-439,swe-agent,exit_context,20,87,0.22988505747126436,67
swe-agent:076566:nose-devs__nose2-439,swe-agent,exit_context,26,85,0.3058823529411765,59
swe-agent:076581:oasis-open__cti-python-stix2-534,swe-agent,submitted (exit_context),40,45,0.8888888888888888,5
swe-agent:076584:oasis-open__cti-python-stix2-534,swe-agent,submitted (exit_context),72,97,0.7422680412371134,25
swe-agent:076586:oasis-open__cti-python-stix2-534,swe-agent,exit_context,20,47,0.425531914893617,27
swe-agent:076597:oasis-open__cti-python-stix2-534,swe-agent,submitted (exit_context),36,41,0.8780487804878049,5
swe-agent:076602:oasis-open__cti-python-stix2-534,swe-agent,early_exit,28,107,0.2616822429906542,79
swe-agent:076604:oasis-open__cti-python-stix2-534,swe-agent,submitted (exit_context),22,69,0.3188405797101449,47
swe-agent:076613:oasis-open__cti-python-stix2-534,swe-agent,submitted (exit_context),66,77,0.8571428571428571,11
swe-agent:076616:oasis-open__cti-python-stix2-534,swe-agent,submitted (exit_context),64,85,0.7529411764705882,21
swe-agent:076627:oasis-open__cti-python-stix2-534,swe-agent,submitted,38,41,0.926829268292683,3
swe-agent:076631:omni-us__jsonargparse-223,swe-agent,submitted (exit_context),78,93,0.8387096774193549,15
swe-agent:076632:omni-us__jsonargparse-223,swe-agent,submitted (exit_context),24,55,0.43636363636363634,31
swe-agent:076637:omni-us__jsonargparse-223,swe-agent,submitted (exit_context),32,53,0.6037735849056604,21
swe-agent:076638:omni-us__jsonargparse-223,swe-agent,submitted,28,47,0.5957446808510638,19
swe-agent:076655:omni-us__jsonargparse-223,swe-agent,submitted,20,31,0.6451612903225806,11
swe-agent:076656:omni-us__jsonargparse-223,swe-agent,submitted (exit_context),22,95,0.23157894736842105,73
swe-agent:076664:omni-us__jsonargparse-223,swe-agent,submitted (exit_context),24,49,0.4897959183673469,25
swe-agent:076667:omni-us__jsonargparse-223,swe-agent,submitted (exit_context),18,61,0.29508196721311475,43
swe-agent:076684:pimutils__todoman-299,swe-agent,submitted,16,57,0.2807017543859649,41
swe-agent:076686:pimutils__todoman-299,swe-agent,submitted,34,71,0.4788732394366197,37
swe-agent:076708:pimutils__todoman-299,swe-agent,submitted,46,51,0.9019607843137255,5
swe-agent:076722:pimutils__todoman-299,swe-agent,submitted (exit_context),20,47,0.425531914893617,27
swe-agent:076772:pvlib__pvlib-python-1181,swe-agent,exit_context,20,25,0.8,5
swe-agent:076773:pvlib__pvlib-python-1181,swe-agent,exit_context,20,39,0.5128205128205128,19
swe-agent:076775:pvlib__pvlib-python-1181,swe-agent,exit_context,38,57,0.6666666666666666,19
swe-agent:076776:pvlib__pvlib-python-1181,swe-agent,exit_context,44,97,0.4536082474226804,53
swe-agent:076780:pvlib__pvlib-python-1181,swe-agent,exit_context,32,51,0.6274509803921569,19
swe-agent:076787:pvlib__pvlib-python-1181,swe-agent,early_exit,26,37,0.7027027027027027,11
swe-agent:076788:pvlib__pvlib-python-1181,swe-agent,exit_context,16,95,0.16842105263157894,79
swe-agent:076789:pvlib__pvlib-python-1181,swe-agent,exit_context,26,47,0.5531914893617021,21
swe-agent:076792:pvlib__pvlib-python-1181,swe-agent,submitted (exit_context),28,31,0.9032258064516129,3
swe-agent:076795:pvlib__pvlib-python-1181,swe-agent,exit_context,20,21,0.9523809523809523,1
swe-agent:076796:pvlib__pvlib-python-1181,swe-agent,exit_context,20,45,0.4444444444444444,25
swe-agent:076798:pvlib__pvlib-python-1181,swe-agent,early_exit,20,23,0.8695652173913043,3
swe-agent:076800:pvlib__pvlib-python-1181,swe-agent,submitted (exit_context),48,49,0.9795918367346939,1
swe-agent:076801:pvlib__pvlib-python-1181,swe-agent,exit_context,16,25,0.64,9
swe-agent:076803:pvlib__pvlib-python-1181,swe-agent,exit_context,18,35,0.5142857142857142,17
swe-agent:076813:pvlib__pvlib-python-1181,swe-agent,exit_context,14,21,0.6666666666666666,7
swe-agent:076814:pvlib__pvlib-python-1181,swe-agent,submitted (exit_context),26,87,0.2988505747126437,61
swe-agent:076817:pvlib__pvlib-python-1181,swe-agent,exit_context,20,89,0.2247191011235955,69
swe-agent:076819:pvlib__pvlib-python-1181,swe-agent,exit_context,26,37,0.7027027027027027,11
swe-agent:076820:pvlib__pvlib-python-1181,swe-agent,submitted (exit_context),40,65,0.6153846153846154,25
swe-agent:076825:pvlib__pvlib-python-1181,swe-agent,early_exit,14,25,0.56,11
swe-agent:076844:pydantic__pydantic-2133,swe-agent,submitted (exit_context),36,71,0.5070422535211268,35
swe-agent:076846:pydantic__pydantic-2133,swe-agent,submitted (exit_context),20,135,0.14814814814814814,115
swe-agent:076851:pydantic__pydantic-2133,swe-agent,submitted (exit_context),64,73,0.8767123287671232,9
swe-agent:076852:pydantic__pydantic-2133,swe-agent,submitted (exit_context),34,129,0.26356589147286824,95
swe-agent:076855:pydantic__pydantic-2133,swe-agent,submitted (exit_context),32,129,0.24806201550387597,97
swe-agent:076856:pydantic__pydantic-2133,swe-agent,submitted,72,79,0.9113924050632911,7
swe-agent:076875:pydantic__pydantic-4225,swe-agent,submitted (exit_context),18,91,0.1978021978021978,73
swe-agent:076876:pydantic__pydantic-4225,swe-agent,submitted,28,39,0.717948717948718,11
swe-agent:076889:pydantic__pydantic-4225,swe-agent,exit_context,30,111,0.2702702702702703,81
swe-agent:076898:pydantic__pydantic-4225,swe-agent,submitted (exit_context),18,115,0.1565217391304348,97
swe-agent:076909:pydantic__pydantic-958,swe-agent,submitted (exit_context),54,147,0.3673469387755102,93
swe-agent:076910:pydantic__pydantic-958,swe-agent,submitted (exit_context),36,59,0.6101694915254238,23
swe-agent:076911:pydantic__pydantic-958,swe-agent,submitted (exit_context),52,119,0.4369747899159664,67
swe-agent:076914:pydantic__pydantic-958,swe-agent,submitted (exit_context),30,119,0.25210084033613445,89
swe-agent:076922:pydantic__pydantic-980,swe-agent,submitted (exit_context),56,91,0.6153846153846154,35
swe-agent:076929:pydantic__pydantic-980,swe-agent,submitted (exit_context),58,107,0.5420560747663551,49
swe-agent:076931:pydantic__pydantic-980,swe-agent,submitted (exit_context),42,55,0.7636363636363637,13
swe-agent:076932:pydantic__pydantic-980,swe-agent,submitted,36,45,0.8,9
swe-agent:076934:pydantic__pydantic-980,swe-agent,submitted,24,71,0.3380281690140845,47
swe-agent:076979:rust-lang__homu-100,swe-agent,submitted (exit_context),52,55,0.9454545454545454,3
swe-agent:077004:twisted__pydoctor-515,swe-agent,submitted (exit_context),30,171,0.17543859649122806,141
swe-agent:077007:twisted__pydoctor-515,swe-agent,submitted (exit_context),62,103,0.6019417475728155,41
swe-agent:077015:wfondrie__mokapot-19,swe-agent,submitted (exit_context),36,77,0.4675324675324675,41
swe-agent:077020:zarr-developers__zarr-python-1724,swe-agent,submitted (exit_context),40,51,0.7843137254901961,11
swe-agent:077028:zarr-developers__zarr-python-1724,swe-agent,submitted (exit_context),28,53,0.5283018867924528,25
swe-agent:077030:zarr-developers__zarr-python-1724,swe-agent,submitted (exit_context),52,319,0.16300940438871472,267
swe-agent:077041:BurnzZ__scrapy-loader-upkeep-3,swe-agent,submitted (exit_context),66,97,0.6804123711340206,31
swe-agent:077056:BurnzZ__scrapy-loader-upkeep-3,swe-agent,submitted (exit_context),46,69,0.6666666666666666,23
swe-agent:077109:CODAIT__exchange-metadata-converter-38,swe-agent,submitted,24,37,0.6486486486486487,13
swe-agent:077131:DataBiosphere__toil-4809,swe-agent,early_exit,22,27,0.8148148148148148,5
swe-agent:077132:DataBiosphere__toil-4809,swe-agent,exit_context,40,59,0.6779661016949152,19
swe-agent:077135:DataBiosphere__toil-4809,swe-agent,exit_context,56,65,0.8615384615384616,9
swe-agent:077136:DataBiosphere__toil-4809,swe-agent,submitted,36,51,0.7058823529411765,15
swe-agent:077150:DataBiosphere__toil-4809,swe-agent,exit_context,58,101,0.5742574257425742,43
swe-agent:077163:DataBiosphere__toil-4809,swe-agent,submitted,20,27,0.7407407407407407,7
swe-agent:077167:DataBiosphere__toil-4809,swe-agent,exit_context,40,67,0.5970149253731343,27
swe-agent:077176:DataDog__datadogpy-609,swe-agent,submitted,14,39,0.358974358974359,25
swe-agent:077180:DataDog__datadogpy-609,swe-agent,submitted,20,29,0.6896551724137931,9
swe-agent:077190:European-XFEL__EXtra-data-128,swe-agent,submitted (exit_context),44,83,0.5301204819277109,39
swe-agent:077208:alexhsamuel__ntab-14,swe-agent,submitted,58,69,0.8405797101449275,11
swe-agent:077214:alexhsamuel__ntab-14,swe-agent,submitted (exit_context),32,83,0.3855421686746988,51
swe-agent:077216:asottile__pyupgrade-120,swe-agent,exit_context,42,51,0.8235294117647058,9
swe-agent:077218:asottile__pyupgrade-120,swe-agent,submitted_no_patch,8,13,0.6153846153846154,5
swe-agent:077224:asottile__pyupgrade-120,swe-agent,exit_context,42,51,0.8235294117647058,9
swe-agent:077226:asottile__pyupgrade-120,swe-agent,exit_context,106,109,0.9724770642201835,3
swe-agent:077230:asottile__pyupgrade-120,swe-agent,exit_context,40,51,0.7843137254901961,11
swe-agent:077231:asottile__pyupgrade-120,swe-agent,submitted (exit_context),54,55,0.9818181818181818,1
swe-agent:077234:asottile__pyupgrade-120,swe-agent,exit_context,34,59,0.576271186440678,25
swe-agent:077245:asottile__pyupgrade-120,swe-agent,exit_context,46,57,0.8070175438596491,11
swe-agent:077257:asottile__pyupgrade-120,swe-agent,exit_context,8,211,0.037914691943127965,203
swe-agent:077264:asottile__pyupgrade-120,swe-agent,exit_context,42,51,0.8235294117647058,9
swe-agent:077265:asottile__pyupgrade-120,swe-agent,exit_context,8,281,0.028469750889679714,273
swe-agent:077269:asottile__pyupgrade-120,swe-agent,exit_context,12,107,0.11214953271028037,95
swe-agent:077283:asottile__pyupgrade-158,swe-agent,exit_context,22,41,0.5365853658536586,19
swe-agent:077287:asottile__pyupgrade-158,swe-agent,submitted (exit_context),36,51,0.7058823529411765,15
swe-agent:077300:asottile__pyupgrade-263,swe-agent,submitted (exit_context),44,101,0.43564356435643564,57
swe-agent:077317:cogeotiff__rio-tiler-mosaic-5,swe-agent,exit_context,12,493,0.02434077079107505,481
swe-agent:077343:deardurham__ciprs-reader-21,swe-agent,submitted,42,71,0.5915492957746479,29
swe-agent:077367:fatiando__boule-83,swe-agent,exit_context,22,87,0.25287356321839083,65
swe-agent:077368:fatiando__boule-83,swe-agent,submitted,40,69,0.5797101449275363,29
swe-agent:077377:fatiando__boule-83,swe-agent,submitted,32,35,0.9142857142857143,3
swe-agent:077386:frostming__marko-123,swe-agent,submitted (exit_context),38,149,0.2550335570469799,111
swe-agent:077393:frostming__marko-123,swe-agent,submitted,26,47,0.5531914893617021,21
swe-agent:077399:ikalchev__HAP-python-243,swe-agent,submitted (exit_context),54,77,0.7012987012987013,23
swe-agent:077420:ikalchev__HAP-python-243,swe-agent,submitted (exit_context),44,67,0.6567164179104478,23
swe-agent:077427:ikalchev__HAP-python-458,swe-agent,exit_context,26,45,0.5777777777777777,19
swe-agent:077433:ikalchev__HAP-python-458,swe-agent,exit_context,22,53,0.41509433962264153,31
swe-agent:077440:ikalchev__HAP-python-458,swe-agent,submitted,34,47,0.723404255319149,13
swe-agent:077446:ikalchev__HAP-python-458,swe-agent,exit_context,30,61,0.4918032786885246,31
swe-agent:077467:ikalchev__HAP-python-458,swe-agent,exit_context,40,51,0.7843137254901961,11
swe-agent:077472:ikalchev__HAP-python-458,swe-agent,exit_context,24,45,0.5333333333333333,21
swe-agent:077479:ikalchev__HAP-python-458,swe-agent,exit_context,52,57,0.9122807017543859,5
swe-agent:077482:ikalchev__HAP-python-458,swe-agent,exit_context,36,49,0.7346938775510204,13
swe-agent:077504:iterative__dvc-3873,swe-agent,submitted,16,25,0.64,9
swe-agent:077508:iterative__dvc-3873,swe-agent,submitted,32,35,0.9142857142857143,3
swe-agent:077521:iterative__dvc-3873,swe-agent,submitted,62,67,0.9253731343283582,5
swe-agent:077529:iterative__dvc-3873,swe-agent,submitted (exit_context),28,55,0.509090909090909,27
swe-agent:077538:iterative__dvc-6679,swe-agent,submitted,60,77,0.7792207792207793,17
swe-agent:077542:iterative__dvc-6679,swe-agent,submitted,34,41,0.8292682926829268,7
swe-agent:077544:iterative__dvc-6679,swe-agent,early_exit,34,277,0.12274368231046931,243
swe-agent:077548:iterative__dvc-6679,swe-agent,submitted (exit_context),92,115,0.8,23
swe-agent:077549:iterative__dvc-6679,swe-agent,submitted (exit_context),12,391,0.030690537084398978,379
swe-agent:077556:joke2k__faker-1046,swe-agent,submitted (exit_context),76,77,0.987012987012987,1
swe-agent:077566:joke2k__faker-1046,swe-agent,submitted (exit_context),16,55,0.2909090909090909,39
swe-agent:077573:kangasta__fdbk-90,swe-agent,submitted,26,29,0.896551724137931,3
swe-agent:077606:lidatong__dataclasses-json-394,swe-agent,submitted,32,43,0.7441860465116279,11
swe-agent:077613:lidatong__dataclasses-json-394,swe-agent,submitted,28,41,0.6829268292682927,13
swe-agent:077624:lidatong__dataclasses-json-394,swe-agent,submitted,30,39,0.7692307692307693,9
swe-agent:077639:lidatong__dataclasses-json-394,swe-agent,submitted,64,83,0.7710843373493976,19
swe-agent:077670:mie-lab__trackintel-411,swe-agent,submitted,24,37,0.6486486486486487,13
swe-agent:077680:mie-lab__trackintel-411,swe-agent,submitted (exit_context),46,67,0.6865671641791045,21
swe-agent:077689:mie-lab__trackintel-411,swe-agent,submitted (exit_context),20,95,0.21052631578947367,75
swe-agent:077692:mie-lab__trackintel-411,swe-agent,submitted (exit_context),24,117,0.20512820512820512,93
swe-agent:077720:mirumee__ariadne-1098,swe-agent,submitted,20,21,0.9523809523809523,1
swe-agent:077723:mozilla__bleach-429,swe-agent,submitted (exit_context),42,75,0.56,33
swe-agent:077724:mozilla__bleach-429,swe-agent,submitted (exit_context),26,55,0.4727272727272727,29
swe-agent:077727:mozilla__bleach-429,swe-agent,submitted (exit_context),42,69,0.6086956521739131,27
swe-agent:077744:mozilla__bleach-429,swe-agent,submitted (exit_context),34,81,0.41975308641975306,47
swe-agent:077747:mozilla__bleach-429,swe-agent,submitted (exit_context),38,49,0.7755102040816326,11
swe-agent:077752:mozilla__bleach-429,swe-agent,submitted (exit_context),38,65,0.5846153846153846,27
swe-agent:077767:mozilla__bleach-429,swe-agent,submitted (exit_context),36,53,0.6792452830188679,17
swe-agent:077771:mozilla__bleach-429,swe-agent,submitted (exit_context),34,53,0.6415094339622641,19
swe-agent:077774:mozilla__bleach-429,swe-agent,submitted (exit_context),34,57,0.5964912280701754,23
swe-agent:077775:mozilla__bleach-429,swe-agent,submitted (exit_context),40,57,0.7017543859649122,17
swe-agent:077780:mozilla__bleach-429,swe-agent,submitted (exit_context),54,75,0.72,21
swe-agent:077786:nipy__heudiconv-500,swe-agent,exit_context,12,95,0.12631578947368421,83
swe-agent:077789:nipy__heudiconv-500,swe-agent,exit_context,12,91,0.13186813186813187,79
swe-agent:077790:nipy__heudiconv-500,swe-agent,exit_context,22,97,0.2268041237113402,75
swe-agent:077791:nipy__heudiconv-500,swe-agent,submitted,12,27,0.4444444444444444,15
swe-agent:077793:nipy__heudiconv-500,swe-agent,exit_context,14,97,0.14432989690721648,83
swe-agent:077794:nipy__heudiconv-500,swe-agent,submitted,22,63,0.3492063492063492,41
swe-agent:077795:nipy__heudiconv-500,swe-agent,submitted,12,51,0.23529411764705882,39
swe-agent:077796:nipy__heudiconv-500,swe-agent,exit_context,12,85,0.1411764705882353,73
swe-agent:077797:nipy__heudiconv-500,swe-agent,exit_context,26,85,0.3058823529411765,59
swe-agent:077798:nipy__heudiconv-500,swe-agent,submitted (exit_context),14,99,0.1414141414141414,85
swe-agent:077800:nipy__heudiconv-500,swe-agent,submitted,12,25,0.48,13
swe-agent:077801:nipy__heudiconv-500,swe-agent,exit_context,16,63,0.25396825396825395,47
swe-agent:077812:openmrslab__suspect-40,swe-agent,submitted (exit_context),32,77,0.4155844155844156,45
swe-agent:077838:planetlabs__planet-client-python-978,swe-agent,submitted (exit_context),44,73,0.6027397260273972,29
swe-agent:077849:pvlib__pvlib-python-907,swe-agent,exit_context,26,65,0.4,39
swe-agent:077850:pydantic__pydantic-1658,swe-agent,submitted (exit_context),26,73,0.3561643835616438,47
swe-agent:077862:pydantic__pydantic-1658,swe-agent,submitted,40,71,0.5633802816901409,31
swe-agent:077907:reata__sqllineage-58,swe-agent,submitted,32,53,0.6037735849056604,21
swe-agent:077937:sanic-org__sanic-2722,swe-agent,submitted (exit_context),32,113,0.2831858407079646,81
swe-agent:077939:sanic-org__sanic-2722,swe-agent,submitted (exit_context),28,235,0.11914893617021277,207
swe-agent:077941:sanic-org__sanic-2722,swe-agent,submitted (exit_context),14,69,0.2028985507246377,55
swe-agent:077942:sanic-org__sanic-2722,swe-agent,submitted (exit_context),18,111,0.16216216216216217,93
swe-agent:077960:sibson__redbeat-245,swe-agent,exit_context,20,123,0.16260162601626016,103
swe-agent:077964:sibson__redbeat-245,swe-agent,early_exit,36,49,0.7346938775510204,13
swe-agent:077974:sibson__redbeat-245,swe-agent,exit_context,16,31,0.5161290322580645,15
swe-agent:077978:sibson__redbeat-245,swe-agent,submitted (exit_context),30,77,0.38961038961038963,47
swe-agent:077989:sibson__redbeat-245,swe-agent,exit_context,32,415,0.07710843373493977,383
swe-agent:077990:sibson__redbeat-245,swe-agent,exit_context,32,107,0.29906542056074764,75
swe-agent:077994:sibson__redbeat-245,swe-agent,submitted (exit_context),42,109,0.3853211009174312,67
swe-agent:078023:smarr__ReBench-227,swe-agent,submitted (exit_context),48,105,0.45714285714285713,57
swe-agent:078026:smarr__ReBench-227,swe-agent,submitted,14,25,0.56,11
swe-agent:078051:spcl__pymlir-16,swe-agent,submitted (exit_context),66,81,0.8148148148148148,15
swe-agent:078057:spcl__pymlir-16,swe-agent,submitted (exit_context),52,85,0.611764705882353,33
swe-agent:078072:spdx__tools-python-588,swe-agent,submitted (exit_context),20,79,0.25316455696202533,59
swe-agent:078101:tlsfuzzer__python-ecdsa-281,swe-agent,submitted (exit_context),38,61,0.6229508196721312,23
swe-agent:078104:tlsfuzzer__python-ecdsa-281,swe-agent,submitted (exit_context),36,49,0.7346938775510204,13
swe-agent:078106:tlsfuzzer__python-ecdsa-281,swe-agent,submitted (exit_context),36,137,0.26277372262773724,101
swe-agent:078107:tlsfuzzer__python-ecdsa-281,swe-agent,submitted (exit_context),38,51,0.7450980392156863,13
swe-agent:078114:tlsfuzzer__python-ecdsa-281,swe-agent,submitted (exit_context),76,79,0.9620253164556962,3
swe-agent:078127:tlsfuzzer__python-ecdsa-281,swe-agent,submitted,22,23,0.9565217391304348,1
swe-agent:078130:tlsfuzzer__python-ecdsa-281,swe-agent,submitted,28,37,0.7567567567567568,9
swe-agent:078135:tlsfuzzer__python-ecdsa-281,swe-agent,submitted (exit_context),38,55,0.6909090909090909,17
swe-agent:078139:tlsfuzzer__python-ecdsa-281,swe-agent,submitted (exit_context),38,47,0.8085106382978723,9
swe-agent:078140:tlsfuzzer__python-ecdsa-281,swe-agent,submitted (exit_context),28,59,0.4745762711864407,31
swe-agent:078144:tlsfuzzer__python-ecdsa-281,swe-agent,submitted (exit_context),36,159,0.22641509433962265,123
swe-agent:078145:tlsfuzzer__python-ecdsa-281,swe-agent,submitted (exit_context),54,77,0.7012987012987013,23
swe-agent:078150:tlsfuzzer__python-ecdsa-281,swe-agent,submitted (exit_context),20,93,0.21505376344086022,73
swe-agent:078153:tlsfuzzer__python-ecdsa-281,swe-agent,submitted (exit_context),38,53,0.7169811320754716,15
swe-agent:078154:tlsfuzzer__python-ecdsa-281,swe-agent,submitted (exit_context),34,55,0.6181818181818182,21
swe-agent:078156:tlsfuzzer__python-ecdsa-281,swe-agent,submitted (exit_context),34,45,0.7555555555555555,11
swe-agent:078157:tlsfuzzer__python-ecdsa-281,swe-agent,submitted (exit_context),62,91,0.6813186813186813,29
swe-agent:078159:tlsfuzzer__python-ecdsa-281,swe-agent,submitted (exit_context),34,55,0.6181818181818182,21
swe-agent:078161:tlsfuzzer__python-ecdsa-281,swe-agent,submitted (exit_context),36,83,0.43373493975903615,47
swe-agent:078163:tlsfuzzer__python-ecdsa-281,swe-agent,submitted (exit_context),48,53,0.9056603773584906,5
swe-agent:078164:tlsfuzzer__python-ecdsa-281,swe-agent,submitted,22,41,0.5365853658536586,19
swe-agent:078165:tlsfuzzer__python-ecdsa-281,swe-agent,submitted,84,95,0.8842105263157894,11
swe-agent:078169:tlsfuzzer__python-ecdsa-281,swe-agent,submitted (exit_context),40,65,0.6153846153846154,25
swe-agent:078170:tlsfuzzer__python-ecdsa-281,swe-agent,submitted (exit_context),26,31,0.8387096774193549,5
swe-agent:078172:tlsfuzzer__python-ecdsa-281,swe-agent,submitted (exit_context),28,45,0.6222222222222222,17
swe-agent:078173:tlsfuzzer__python-ecdsa-281,swe-agent,submitted (exit_context),36,107,0.3364485981308411,71
swe-agent:078176:tlsfuzzer__python-ecdsa-281,swe-agent,submitted (exit_context),30,45,0.6666666666666666,15
swe-agent:078177:tlsfuzzer__python-ecdsa-281,swe-agent,submitted (exit_context),64,87,0.735632183908046,23
swe-agent:078180:tlsfuzzer__python-ecdsa-281,swe-agent,submitted (exit_context),28,49,0.5714285714285714,21
swe-agent:078181:tlsfuzzer__python-ecdsa-281,swe-agent,submitted (exit_context),20,83,0.24096385542168675,63
swe-agent:078182:tlsfuzzer__python-ecdsa-281,swe-agent,submitted (exit_context),48,59,0.8135593220338984,11
swe-agent:078183:tlsfuzzer__python-ecdsa-281,swe-agent,submitted (exit_context),16,89,0.1797752808988764,73
swe-agent:078184:tlsfuzzer__python-ecdsa-281,swe-agent,submitted (exit_context),22,53,0.41509433962264153,31
swe-agent:078185:tlsfuzzer__python-ecdsa-281,swe-agent,submitted (exit_context),46,61,0.7540983606557377,15
swe-agent:078196:tlsfuzzer__python-ecdsa-281,swe-agent,submitted (exit_context),44,57,0.7719298245614035,13
swe-agent:078198:tlsfuzzer__python-ecdsa-281,swe-agent,submitted (exit_context),20,57,0.3508771929824561,37
swe-agent:078199:tlsfuzzer__python-ecdsa-281,swe-agent,submitted (exit_context),54,67,0.8059701492537313,13
swe-agent:078201:tlsfuzzer__python-ecdsa-281,swe-agent,submitted (exit_context),34,65,0.5230769230769231,31
swe-agent:078204:tlsfuzzer__python-ecdsa-281,swe-agent,submitted (exit_context),38,79,0.4810126582278481,41
swe-agent:078205:tlsfuzzer__python-ecdsa-281,swe-agent,submitted (exit_context),32,105,0.3047619047619048,73
swe-agent:078214:tlsfuzzer__python-ecdsa-281,swe-agent,submitted (exit_context),54,73,0.7397260273972602,19
swe-agent:078215:tlsfuzzer__python-ecdsa-281,swe-agent,submitted (exit_context),36,51,0.7058823529411765,15
swe-agent:078229:tobymao__sqlglot-2047,swe-agent,submitted,18,47,0.3829787234042553,29
swe-agent:078236:tobymao__sqlglot-2499,swe-agent,submitted,24,35,0.6857142857142857,11
swe-agent:078241:vitalik__django-ninja-434,swe-agent,submitted (exit_context),90,333,0.2702702702702703,243
swe-agent:078274:zamzterz__Flask-pyoidc-70,swe-agent,submitted (exit_context),24,299,0.0802675585284281,275
swe-agent:078312:DataBiosphere__newt-transformer-28,swe-agent,submitted,20,27,0.7407407407407407,7
swe-agent:078317:Fatal1ty__mashumaro-122,swe-agent,submitted (exit_context),44,63,0.6984126984126984,19
swe-agent:078321:Fatal1ty__mashumaro-122,swe-agent,submitted (exit_context),70,89,0.7865168539325843,19
swe-agent:078327:Fatal1ty__mashumaro-122,swe-agent,submitted (exit_context),44,71,0.6197183098591549,27
swe-agent:078345:PyCQA__pyflakes-448,swe-agent,submitted (exit_context),52,79,0.6582278481012658,27
swe-agent:078348:PyCQA__pyflakes-448,swe-agent,submitted (exit_context),58,89,0.651685393258427,31
swe-agent:078349:PyCQA__pyflakes-448,swe-agent,submitted (exit_context),64,93,0.6881720430107527,29
swe-agent:078350:PyCQA__pyflakes-448,swe-agent,submitted (exit_context),42,89,0.47191011235955055,47
swe-agent:078355:PyCQA__pyflakes-448,swe-agent,submitted (exit_context),58,89,0.651685393258427,31
swe-agent:078365:UC-Davis-molecular-computing__scadnano-python-package-274,swe-agent,submitted (exit_context),40,73,0.547945205479452,33
swe-agent:078371:agronholm__anyio-268,swe-agent,submitted (exit_context),84,129,0.6511627906976745,45
swe-agent:078376:aio-libs__multidict-3,swe-agent,submitted,24,45,0.5333333333333333,21
swe-agent:078391:alanmcruickshank__sqlfluff-307,swe-agent,submitted (exit_context),58,91,0.6373626373626373,33
swe-agent:078438:alerta__python-alerta-client-205,swe-agent,submitted,16,31,0.5161290322580645,15
swe-agent:078440:alerta__python-alerta-client-205,swe-agent,submitted,24,35,0.6857142857142857,11
swe-agent:078453:alerta__python-alerta-client-205,swe-agent,submitted,20,45,0.4444444444444444,25
swe-agent:078455:allrod5__parameters-validation-3,swe-agent,submitted (exit_context),56,191,0.2931937172774869,135
swe-agent:078458:allrod5__parameters-validation-3,swe-agent,submitted,16,23,0.6956521739130435,7
swe-agent:078460:allrod5__parameters-validation-3,swe-agent,submitted (exit_context),16,111,0.14414414414414414,95
swe-agent:078469:allrod5__parameters-validation-3,swe-agent,submitted (exit_context),28,71,0.39436619718309857,43
swe-agent:078492:allrod5__parameters-validation-3,swe-agent,submitted (exit_context),30,135,0.2222222222222222,105
swe-agent:078502:allrod5__parameters-validation-3,swe-agent,submitted (exit_context),42,95,0.4421052631578947,53
swe-agent:078531:asottile__pyupgrade-939,swe-agent,submitted (exit_context),28,83,0.3373493975903614,55
swe-agent:078559:asottile__pyupgrade-939,swe-agent,submitted,24,59,0.4067796610169492,35
swe-agent:078592:astropy__astroquery-2444,swe-agent,submitted (exit_context),22,51,0.43137254901960786,29
swe-agent:078620:bids-standard__pybids-997,swe-agent,submitted (exit_context),44,73,0.6027397260273972,29
swe-agent:078629:bids-standard__pybids-997,swe-agent,submitted (exit_context),68,73,0.9315068493150684,5
swe-agent:078659:bids-standard__pybids-997,swe-agent,submitted (exit_context),52,105,0.49523809523809526,53
swe-agent:078665:boxed__mutmut-228,swe-agent,exit_context,38,41,0.926829268292683,3
swe-agent:078671:boxed__mutmut-228,swe-agent,submitted (exit_context),14,35,0.4,21
swe-agent:078672:boxed__mutmut-228,swe-agent,submitted (exit_context),20,39,0.5128205128205128,19
swe-agent:078673:boxed__mutmut-228,swe-agent,submitted (exit_context),34,53,0.6415094339622641,19
swe-agent:078675:boxed__mutmut-228,swe-agent,exit_context,32,61,0.5245901639344263,29
swe-agent:078677:boxed__mutmut-228,swe-agent,submitted (exit_context),30,47,0.6382978723404256,17
swe-agent:078679:boxed__mutmut-228,swe-agent,exit_context,28,61,0.45901639344262296,33
swe-agent:078686:ebmdatalab__datalab-pandas-29,swe-agent,exit_context,64,79,0.810126582278481,15
swe-agent:078689:ebmdatalab__datalab-pandas-29,swe-agent,submitted,10,13,0.7692307692307693,3
swe-agent:078694:ebmdatalab__datalab-pandas-29,swe-agent,exit_context,18,105,0.17142857142857143,87
swe-agent:078698:ebmdatalab__datalab-pandas-29,swe-agent,exit_context,12,87,0.13793103448275862,75
swe-agent:078704:ebmdatalab__datalab-pandas-29,swe-agent,exit_context,14,81,0.1728395061728395,67
swe-agent:078710:ebmdatalab__datalab-pandas-29,swe-agent,exit_context,18,81,0.2222222222222222,63
swe-agent:078721:ebmdatalab__datalab-pandas-29,swe-agent,submitted (exit_context),24,65,0.36923076923076925,41
swe-agent:078725:ebmdatalab__datalab-pandas-29,swe-agent,exit_context,16,85,0.18823529411764706,69
swe-agent:078726:ebmdatalab__datalab-pandas-29,swe-agent,submitted (exit_context),24,65,0.36923076923076925,41
swe-agent:078728:ebmdatalab__datalab-pandas-29,swe-agent,exit_context,12,43,0.27906976744186046,31
swe-agent:078739:ebmdatalab__datalab-pandas-29,swe-agent,exit_context,14,45,0.3111111111111111,31
swe-agent:078745:ebmdatalab__datalab-pandas-29,swe-agent,submitted (exit_context),38,103,0.36893203883495146,65
swe-agent:078746:ebmdatalab__datalab-pandas-29,swe-agent,submitted,36,45,0.8,9
swe-agent:078752:ebmdatalab__datalab-pandas-29,swe-agent,exit_context,24,73,0.3287671232876712,49
swe-agent:078768:ebmdatalab__datalab-pandas-29,swe-agent,exit_context,12,73,0.1643835616438356,61
swe-agent:078777:ebmdatalab__datalab-pandas-29,swe-agent,submitted (exit_context),48,189,0.25396825396825395,141
swe-agent:078796:fsspec__filesystem_spec-1452,swe-agent,submitted (exit_context),20,55,0.36363636363636365,35
swe-agent:078805:fsspec__filesystem_spec-1452,swe-agent,submitted (exit_context),32,41,0.7804878048780488,9
swe-agent:078807:fsspec__filesystem_spec-1452,swe-agent,submitted (exit_context),38,53,0.7169811320754716,15
swe-agent:078816:fsspec__filesystem_spec-1452,swe-agent,submitted (exit_context),26,59,0.4406779661016949,33
swe-agent:078819:fsspec__filesystem_spec-1452,swe-agent,submitted (exit_context),22,51,0.43137254901960786,29
swe-agent:078831:google-research__arxiv-latex-cleaner-29,swe-agent,submitted (exit_context),14,113,0.12389380530973451,99
swe-agent:078836:google-research__arxiv-latex-cleaner-29,swe-agent,submitted (exit_context),38,57,0.6666666666666666,19
swe-agent:078880:horejsek__python-fastjsonschema-116,swe-agent,submitted (exit_context),46,61,0.7540983606557377,15
swe-agent:078898:horejsek__python-fastjsonschema-116,swe-agent,submitted,16,45,0.35555555555555557,29
swe-agent:078921:inducer__pycparserext-62,swe-agent,exit_context,40,59,0.6779661016949152,19
swe-agent:078925:inducer__pycparserext-62,swe-agent,exit_context,34,87,0.39080459770114945,53
swe-agent:078931:inducer__pycparserext-62,swe-agent,submitted (exit_context),26,87,0.2988505747126437,61
swe-agent:078932:inducer__pycparserext-62,swe-agent,exit_context,62,63,0.9841269841269841,1
swe-agent:078937:inducer__pycparserext-62,swe-agent,exit_context,42,63,0.6666666666666666,21
swe-agent:078945:inducer__pycparserext-62,swe-agent,exit_context,44,93,0.4731182795698925,49
swe-agent:078947:inducer__pycparserext-62,swe-agent,submitted (exit_context),36,229,0.1572052401746725,193
swe-agent:078958:inducer__pycparserext-62,swe-agent,exit_context,22,63,0.3492063492063492,41
swe-agent:078959:inducer__pycparserext-62,swe-agent,submitted (exit_context),36,79,0.45569620253164556,43
swe-agent:078960:inducer__pycparserext-62,swe-agent,submitted (exit_context),36,83,0.43373493975903615,47
swe-agent:078963:inducer__pycparserext-62,swe-agent,submitted (exit_context),56,79,0.7088607594936709,23
swe-agent:078968:inducer__pycparserext-62,swe-agent,exit_context,26,51,0.5098039215686274,25
swe-agent:078975:inducer__pycparserext-62,swe-agent,exit_context,36,77,0.4675324675324675,41
swe-agent:078976:inducer__pycparserext-62,swe-agent,submitted (exit_context),46,81,0.5679012345679012,35
swe-agent:078979:inducer__pycparserext-62,swe-agent,exit_context,26,79,0.3291139240506329,53
swe-agent:078986:inducer__pymbolic-58,swe-agent,submitted (exit_context),18,61,0.29508196721311475,43
swe-agent:078997:inducer__pymbolic-58,swe-agent,submitted (exit_context),26,55,0.4727272727272727,29
swe-agent:079000:inducer__pymbolic-58,swe-agent,submitted (exit_context),42,55,0.7636363636363637,13
swe-agent:079016:inducer__pymbolic-58,swe-agent,submitted (exit_context),32,53,0.6037735849056604,21
swe-agent:079026:inducer__pymbolic-58,swe-agent,submitted (exit_context),72,79,0.9113924050632911,7
swe-agent:079027:inducer__pymbolic-58,swe-agent,submitted (exit_context),22,55,0.4,33
swe-agent:079029:inducer__pymbolic-58,swe-agent,submitted (exit_context),16,69,0.2318840579710145,53
swe-agent:079039:inducer__pymbolic-58,swe-agent,submitted (exit_context),34,59,0.576271186440678,25
swe-agent:079044:iterative__dvc-2493,swe-agent,submitted (exit_context),78,139,0.5611510791366906,61
swe-agent:079058:iterative__dvc-2493,swe-agent,submitted (exit_context),76,89,0.8539325842696629,13
swe-agent:079062:iterative__dvc-3573,swe-agent,submitted,108,123,0.8780487804878049,15
swe-agent:079063:iterative__dvc-3573,swe-agent,submitted (exit_context),50,113,0.4424778761061947,63
swe-agent:079064:iterative__dvc-3573,swe-agent,submitted (exit_context),30,69,0.43478260869565216,39
swe-agent:079065:iterative__dvc-3573,swe-agent,submitted,112,113,0.9911504424778761,1
swe-agent:079066:iterative__dvc-3573,swe-agent,submitted (exit_context),36,69,0.5217391304347826,33
swe-agent:079073:iterative__dvc-3573,swe-agent,submitted,22,29,0.7586206896551724,7
swe-agent:079082:iterative__dvc-3836,swe-agent,submitted (exit_context),28,107,0.2616822429906542,79
swe-agent:079087:iterative__dvc-3836,swe-agent,submitted,16,37,0.43243243243243246,21
swe-agent:079092:iterative__dvc-7690,swe-agent,submitted,78,89,0.8764044943820225,11
swe-agent:079123:kislyuk__argcomplete-224,swe-agent,exit_context,28,49,0.5714285714285714,21
swe-agent:079134:lace__polliwog-151,swe-agent,submitted (exit_context),32,127,0.25196850393700787,95
swe-agent:079154:marrink-lab__vermouth-martinize-286,swe-agent,submitted (exit_context),20,151,0.13245033112582782,131
swe-agent:079155:marrink-lab__vermouth-martinize-286,swe-agent,submitted (exit_context),56,67,0.835820895522388,11
swe-agent:079159:marrink-lab__vermouth-martinize-286,swe-agent,submitted,12,53,0.22641509433962265,41
swe-agent:079160:marrink-lab__vermouth-martinize-286,swe-agent,submitted,48,67,0.7164179104477612,19
swe-agent:079186:mirumee__ariadne-565,swe-agent,submitted (exit_context),34,51,0.6666666666666666,17
swe-agent:079189:mirumee__ariadne-565,swe-agent,submitted,22,27,0.8148148148148148,5
swe-agent:079191:mirumee__ariadne-565,swe-agent,submitted,12,33,0.36363636363636365,21
swe-agent:079201:mirumee__ariadne-565,swe-agent,submitted (exit_context),54,71,0.7605633802816901,17
swe-agent:079209:mirumee__ariadne-565,swe-agent,submitted (exit_context),30,95,0.3157894736842105,65
swe-agent:079217:mirumee__ariadne-565,swe-agent,submitted (exit_context),30,47,0.6382978723404256,17
swe-agent:079223:mirumee__ariadne-565,swe-agent,submitted,8,27,0.2962962962962963,19
swe-agent:079228:nackjicholson__aiosql-25,swe-agent,submitted (exit_context),38,107,0.35514018691588783,69
swe-agent:079244:nylas__nylas-python-318,swe-agent,submitted,16,57,0.2807017543859649,41
swe-agent:079250:nylas__nylas-python-318,swe-agent,submitted (exit_context),42,61,0.6885245901639344,19
swe-agent:079253:nylas__nylas-python-318,swe-agent,submitted,34,61,0.5573770491803278,27
swe-agent:079259:nylas__nylas-python-318,swe-agent,exit_context,32,59,0.5423728813559322,27
swe-agent:079280:nylas__nylas-python-318,swe-agent,exit_context,16,47,0.3404255319148936,31
swe-agent:079290:nylas__nylas-python-318,swe-agent,exit_context,32,61,0.5245901639344263,29
swe-agent:079296:nylas__nylas-python-318,swe-agent,submitted (exit_context),30,133,0.22556390977443608,103
swe-agent:079311:openlawlibrary__pygls-247,swe-agent,submitted (exit_context),42,81,0.5185185185185185,39
swe-agent:079319:planetlabs__planet-client-python-894,swe-agent,submitted (exit_context),46,69,0.6666666666666666,23
swe-agent:079326:projectmesa__mesa-1439,swe-agent,submitted (exit_context),24,83,0.2891566265060241,59
swe-agent:079345:projectmesa__mesa-1439,swe-agent,submitted (exit_context),28,125,0.224,97
swe-agent:079400:pydantic__pydantic-2193,swe-agent,submitted (exit_context),22,145,0.15172413793103448,123
swe-agent:079401:pydantic__pydantic-2193,swe-agent,submitted (exit_context),60,75,0.8,15
swe-agent:079403:pydantic__pydantic-2670,swe-agent,submitted (exit_context),36,71,0.5070422535211268,35
swe-agent:079408:pydantic__pydantic-2670,swe-agent,submitted,14,51,0.27450980392156865,37
swe-agent:079409:pydantic__pydantic-2670,swe-agent,submitted (exit_context),28,65,0.4307692307692308,37
swe-agent:079412:pydantic__pydantic-2670,swe-agent,submitted (exit_context),30,83,0.3614457831325301,53
swe-agent:079413:pydantic__pydantic-2670,swe-agent,submitted (exit_context),40,67,0.5970149253731343,27
swe-agent:079416:pydantic__pydantic-2670,swe-agent,submitted (exit_context),50,67,0.746268656716418,17
swe-agent:079424:pydantic__pydantic-817,swe-agent,submitted,28,69,0.4057971014492754,41
swe-agent:079435:pydantic__pydantic-817,swe-agent,submitted (exit_context),22,73,0.3013698630136986,51
swe-agent:079439:pylint-dev__astroid-2015,swe-agent,submitted (exit_context),18,45,0.4,27
swe-agent:079449:pypa__setuptools_scm-475,swe-agent,submitted,42,59,0.711864406779661,17
swe-agent:079457:pypa__setuptools_scm-803,swe-agent,exit_context,14,55,0.2545454545454545,41
swe-agent:079464:pypa__setuptools_scm-803,swe-agent,exit_context,14,97,0.14432989690721648,83
swe-agent:079465:pypa__setuptools_scm-803,swe-agent,submitted,34,37,0.918918918918919,3
swe-agent:079471:pypa__wheel-529,swe-agent,submitted (exit_context),80,119,0.6722689075630253,39
swe-agent:079481:reframe-hpc__reframe-2790,swe-agent,exit_context,34,83,0.40963855421686746,49
swe-agent:079482:reframe-hpc__reframe-2790,swe-agent,exit_context,24,175,0.13714285714285715,151
swe-agent:079484:reframe-hpc__reframe-2790,swe-agent,submitted,8,9,0.8888888888888888,1
swe-agent:079487:reframe-hpc__reframe-2790,swe-agent,exit_context,46,99,0.46464646464646464,53
swe-agent:079489:reframe-hpc__reframe-2790,swe-agent,exit_context,82,85,0.9647058823529412,3
swe-agent:079490:reframe-hpc__reframe-2790,swe-agent,exit_context,34,75,0.4533333333333333,41
swe-agent:079493:reframe-hpc__reframe-2790,swe-agent,exit_context,26,67,0.3880597014925373,41
swe-agent:079501:reframe-hpc__reframe-2790,swe-agent,submitted (exit_context),40,79,0.5063291139240507,39
swe-agent:079502:reframe-hpc__reframe-2790,swe-agent,exit_context,30,77,0.38961038961038963,47
swe-agent:079503:reframe-hpc__reframe-2790,swe-agent,exit_context,46,61,0.7540983606557377,15
swe-agent:079504:reframe-hpc__reframe-2790,swe-agent,submitted,22,43,0.5116279069767442,21
swe-agent:079508:reframe-hpc__reframe-2790,swe-agent,submitted (exit_context),36,93,0.3870967741935484,57
swe-agent:079509:reframe-hpc__reframe-2790,swe-agent,exit_context,24,97,0.24742268041237114,73
swe-agent:079512:reframe-hpc__reframe-2790,swe-agent,exit_context,16,67,0.23880597014925373,51
swe-agent:079516:reframe-hpc__reframe-2790,swe-agent,exit_context,38,49,0.7755102040816326,11
swe-agent:079518:reframe-hpc__reframe-2790,swe-agent,exit_context,8,413,0.01937046004842615,405
swe-agent:079522:reframe-hpc__reframe-2790,swe-agent,exit_context,20,83,0.24096385542168675,63
swe-agent:079523:reframe-hpc__reframe-2790,swe-agent,exit_context,32,73,0.4383561643835616,41
swe-agent:079524:reframe-hpc__reframe-2790,swe-agent,exit_context,30,65,0.46153846153846156,35
swe-agent:079530:reframe-hpc__reframe-2790,swe-agent,exit_context,30,67,0.44776119402985076,37
swe-agent:079531:reframe-hpc__reframe-2790,swe-agent,exit_context,18,95,0.18947368421052632,77
swe-agent:079532:reframe-hpc__reframe-2790,swe-agent,submitted (exit_context),38,49,0.7755102040816326,11
swe-agent:079534:reframe-hpc__reframe-2790,swe-agent,submitted,28,47,0.5957446808510638,19
swe-agent:079535:reframe-hpc__reframe-2790,swe-agent,exit_context,42,95,0.4421052631578947,53
swe-agent:079536:reframe-hpc__reframe-2790,swe-agent,exit_context,20,53,0.37735849056603776,33
swe-agent:079542:reframe-hpc__reframe-2790,swe-agent,exit_context,20,79,0.25316455696202533,59
swe-agent:079543:reframe-hpc__reframe-2790,swe-agent,exit_context,16,403,0.03970223325062035,387
swe-agent:079544:reframe-hpc__reframe-2790,swe-agent,exit_context,16,97,0.16494845360824742,81
swe-agent:079545:reframe-hpc__reframe-2790,swe-agent,submitted,32,41,0.7804878048780488,9
swe-agent:079549:reframe-hpc__reframe-2790,swe-agent,exit_context,20,65,0.3076923076923077,45
swe-agent:079551:reframe-hpc__reframe-2790,swe-agent,submitted,8,63,0.12698412698412698,55
swe-agent:079552:reframe-hpc__reframe-2790,swe-agent,exit_context,26,77,0.33766233766233766,51
swe-agent:079554:reframe-hpc__reframe-2790,swe-agent,exit_context,8,75,0.10666666666666667,67
swe-agent:079561:reframe-hpc__reframe-2992,swe-agent,submitted (exit_context),74,287,0.2578397212543554,213
swe-agent:079589:repobee__repobee-371,swe-agent,exit_context,24,53,0.4528301886792453,29
swe-agent:079612:sanic-org__sanic-2578,swe-agent,submitted,28,31,0.9032258064516129,3
swe-agent:079614:sanic-org__sanic-2578,swe-agent,submitted (exit_context),56,67,0.835820895522388,11
swe-agent:079683:sqlfluff__sqlfluff-905,swe-agent,exit_context,14,53,0.2641509433962264,39
swe-agent:079688:sqlfluff__sqlfluff-905,swe-agent,exit_context,16,61,0.26229508196721313,45
swe-agent:079689:sqlfluff__sqlfluff-905,swe-agent,exit_context,24,57,0.42105263157894735,33
swe-agent:079694:sqlfluff__sqlfluff-905,swe-agent,exit_context,38,67,0.5671641791044776,29
swe-agent:079695:sqlfluff__sqlfluff-905,swe-agent,exit_context,18,51,0.35294117647058826,33
swe-agent:079708:sqlfluff__sqlfluff-905,swe-agent,exit_context,22,41,0.5365853658536586,19
swe-agent:079711:sqlfluff__sqlfluff-905,swe-agent,submitted (exit_context),16,81,0.19753086419753085,65
swe-agent:079718:sqlfluff__sqlfluff-905,swe-agent,exit_context,14,41,0.34146341463414637,27
swe-agent:079730:streamlink__streamlink-3142,swe-agent,submitted (exit_context),70,81,0.8641975308641975,11
swe-agent:079744:tobymao__sqlglot-2317,swe-agent,submitted (exit_context),26,49,0.5306122448979592,23
swe-agent:079752:tobymao__sqlglot-3223,swe-agent,submitted (exit_context),46,55,0.8363636363636363,9
swe-agent:079762:tobymao__sqlglot-3223,swe-agent,submitted,36,39,0.9230769230769231,3
swe-agent:079767:tobymao__sqlglot-3223,swe-agent,submitted (exit_context),48,53,0.9056603773584906,5
swe-agent:079771:tobymao__sqlglot-3223,swe-agent,exit_context,38,61,0.6229508196721312,23
swe-agent:079773:tobymao__sqlglot-3223,swe-agent,submitted (exit_context),56,63,0.8888888888888888,7
swe-agent:079779:tobymao__sqlglot-3223,swe-agent,submitted (exit_context),26,69,0.37681159420289856,43
swe-agent:079780:tobymao__sqlglot-3223,swe-agent,submitted (exit_context),56,63,0.8888888888888888,7
swe-agent:079782:tobymao__sqlglot-3223,swe-agent,submitted (exit_context),64,75,0.8533333333333334,11
swe-agent:079789:tobymao__sqlglot-3223,swe-agent,submitted (exit_context),36,79,0.45569620253164556,43
swe-agent:079790:tobymao__sqlglot-3223,swe-agent,submitted (exit_context),40,41,0.975609756097561,1
swe-agent:079791:tobymao__sqlglot-3223,swe-agent,submitted (exit_context),88,91,0.967032967032967,3
swe-agent:079792:tobymao__sqlglot-3223,swe-agent,submitted (exit_context),40,87,0.45977011494252873,47
swe-agent:079796:tobymao__sqlglot-3223,swe-agent,submitted (exit_context),40,57,0.7017543859649122,17
swe-agent:079797:tobymao__sqlglot-3223,swe-agent,submitted (exit_context),48,51,0.9411764705882353,3
swe-agent:079807:tobymao__sqlglot-3223,swe-agent,submitted (exit_context),66,67,0.9850746268656716,1
swe-agent:079808:tobymao__sqlglot-3223,swe-agent,submitted (exit_context),54,181,0.2983425414364641,127
swe-agent:079812:tobymao__sqlglot-805,swe-agent,submitted (exit_context),66,81,0.8148148148148148,15
swe-agent:079827:tobymao__sqlglot-805,swe-agent,submitted (exit_context),54,127,0.4251968503937008,73
swe-agent:079836:unnonouno__mrep-26,swe-agent,submitted,36,49,0.7346938775510204,13
swe-agent:079843:unnonouno__mrep-26,swe-agent,submitted,12,39,0.3076923076923077,27
swe-agent:079847:unnonouno__mrep-26,swe-agent,submitted,24,41,0.5853658536585366,17
swe-agent:079866:unnonouno__mrep-26,swe-agent,early_exit,14,75,0.18666666666666668,61
swe-agent:079868:unnonouno__mrep-26,swe-agent,submitted,18,57,0.3157894736842105,39
swe-agent:079876:unnonouno__mrep-26,swe-agent,submitted (exit_context),70,83,0.8433734939759037,13
swe-agent:079881:unnonouno__mrep-26,swe-agent,exit_context,18,55,0.32727272727272727,37
swe-agent:079883:unnonouno__mrep-26,swe-agent,submitted (exit_context),30,97,0.30927835051546393,67
swe-agent:079884:unnonouno__mrep-26,swe-agent,exit_context,22,53,0.41509433962264153,31
swe-agent:079893:valohai__valohai-cli-212,swe-agent,submitted (exit_context),16,95,0.16842105263157894,79
swe-agent:079896:valohai__valohai-cli-212,swe-agent,submitted (exit_context),16,65,0.24615384615384617,49
swe-agent:079899:valohai__valohai-cli-212,swe-agent,submitted (exit_context),62,121,0.512396694214876,59
swe-agent:079902:valohai__valohai-cli-212,swe-agent,submitted,22,39,0.5641025641025641,17
swe-agent:079913:y0-causal-inference__y0-51,swe-agent,submitted (exit_context),58,69,0.8405797101449275,11
swe-agent:079920:y0-causal-inference__y0-51,swe-agent,submitted (exit_context),30,63,0.47619047619047616,33
swe-agent:079923:y0-causal-inference__y0-51,swe-agent,submitted (exit_context),34,83,0.40963855421686746,49
swe-agent:079928:y0-causal-inference__y0-51,swe-agent,early_exit,28,41,0.6829268292682927,13
swe-agent:079952:yasufumy__pipelib-43,swe-agent,submitted (exit_context),50,79,0.6329113924050633,29
swe-agent:079953:yasufumy__pipelib-43,swe-agent,submitted (exit_context),32,75,0.4266666666666667,43
swe-agent:079967:yukinarit__pyserde-229,swe-agent,submitted (exit_context),48,397,0.12090680100755667,349
swe-agent:079974:yukinarit__pyserde-441,swe-agent,submitted (exit_context),30,75,0.4,45
swe-agent:079979:yukinarit__pyserde-441,swe-agent,submitted (exit_context),50,65,0.7692307692307693,15
swe-agent:079983:yukinarit__pyserde-441,swe-agent,submitted (exit_context),34,105,0.3238095238095238,71
swe-agent:079985:yukinarit__pyserde-441,swe-agent,submitted (exit_context),32,97,0.32989690721649484,65
swe-agent:080001:yukinarit__pyserde-441,swe-agent,submitted (exit_context),34,77,0.44155844155844154,43
swe-agent:080006:yukinarit__pyserde-441,swe-agent,submitted (exit_context),38,117,0.3247863247863248,79
swe-agent:080012:yukinarit__pyserde-441,swe-agent,submitted (exit_context),24,113,0.21238938053097345,89
swe-agent:080017:yukinarit__pyserde-441,swe-agent,early_exit,18,85,0.21176470588235294,67
swe-agent:080020:yukinarit__pyserde-441,swe-agent,submitted (exit_context),66,71,0.9295774647887324,5
swe-agent:080022:yukinarit__pyserde-441,swe-agent,submitted (exit_context),36,61,0.5901639344262295,25
swe-agent:080025:yukinarit__pyserde-441,swe-agent,submitted (exit_context),88,107,0.822429906542056,19
swe-agent:080027:yukinarit__pyserde-441,swe-agent,submitted (exit_context),30,73,0.410958904109589,43
hermes:002711:0fa2178a-237d-4875-8a9e-23f98c28a13d,hermes,unknown,50,56,0.8928571428571429,6
hermes:007577:2924669b-79fe-4687-96b7-2ce265866748,hermes,unknown,20,34,0.5882352941176471,14
terminalbench:000001:adaptive-rejection-sampler,terminalbench,reward=0,5,73,0.0684931506849315,68
terminalbench:000002:adaptive-rejection-sampler,terminalbench,reward=1,6,13,0.46153846153846156,7
terminalbench:000003:adaptive-rejection-sampler,terminalbench,reward=0,16,35,0.45714285714285713,19
terminalbench:000007:adaptive-rejection-sampler,terminalbench,reward=0,10,48,0.20833333333333334,38
terminalbench:000011:adaptive-rejection-sampler,terminalbench,reward=0,9,103,0.08737864077669903,94
terminalbench:000013:adaptive-rejection-sampler,terminalbench,reward=1,9,97,0.09278350515463918,88
terminalbench:000031:adaptive-rejection-sampler,terminalbench,reward=1,10,18,0.5555555555555556,8
terminalbench:000037:adaptive-rejection-sampler,terminalbench,reward=0,15,18,0.8333333333333334,3
terminalbench:000056:89d202a7-2d72-4c1c-a897-f342ba3efe8d,terminalbench,reward=0,23,27,0.8518518518518519,4
terminalbench:000066:adaptive-rejection-sampler,terminalbench,reward=0,11,14,0.7857142857142857,3
terminalbench:000092:bn-fit-modify,terminalbench,reward=0,29,127,0.2283464566929134,98
terminalbench:000284:1ed336f0-4237-4502-bf70-a41d6fbb1dea,terminalbench,reward=0,22,29,0.7586206896551724,7
terminalbench:000356:0ca145c3-1da3-4db1-b68e-60d0c6a69527,terminalbench,reward=0,17,19,0.8947368421052632,2
terminalbench:000366:build-pmars,terminalbench,reward=0,14,16,0.875,2
terminalbench:000375:build-pov-ray,terminalbench,reward=0,105,181,0.580110497237569,76
terminalbench:000399:build-pov-ray,terminalbench,reward=0,203,1531,0.1325930764206401,1328
terminalbench:000417:build-pov-ray,terminalbench,reward=1,11,19,0.5789473684210527,8
terminalbench:000438:173ff9e4-9a9b-4450-9d7f-2a36cec06f32,terminalbench,reward=0,8,9,0.8888888888888888,1
terminalbench:000439:4c0510f9-b4e9-4d41-83ea-44a496030385,terminalbench,reward=0,17,18,0.9444444444444444,1
terminalbench:000448:build-pov-ray,terminalbench,reward=0,7,8,0.875,1
terminalbench:000449:build-pov-ray,terminalbench,reward=0,15,16,0.9375,1
terminalbench:000586:64baaf5b-985c-4360-96ea-7bee47d55ffb,terminalbench,reward=0,7,7,1.0,0
terminalbench:000622:chess-best-move,terminalbench,reward=0,155,176,0.8806818181818182,21
terminalbench:000625:chess-best-move,terminalbench,reward=0,27,44,0.6136363636363636,17
terminalbench:000632:chess-best-move,terminalbench,reward=0,38,78,0.48717948717948717,40
terminalbench:000676:circuit-fibsqrt,terminalbench,reward=0,6,55,0.10909090909090909,49
terminalbench:000677:circuit-fibsqrt,terminalbench,reward=0,10,44,0.22727272727272727,34
terminalbench:000679:circuit-fibsqrt,terminalbench,reward=0,22,80,0.275,58
terminalbench:000691:circuit-fibsqrt,terminalbench,reward=0,366,771,0.47470817120622566,405
terminalbench:000692:circuit-fibsqrt,terminalbench,reward=0,52,89,0.5842696629213483,37
terminalbench:000695:circuit-fibsqrt,terminalbench,reward=0,114,136,0.8382352941176471,22
terminalbench:000848:code-from-image,terminalbench,reward=0,34,64,0.53125,30
terminalbench:000849:code-from-image,terminalbench,reward=0,42,83,0.5060240963855421,41
terminalbench:000910:compile-compcert,terminalbench,reward=0,367,372,0.9865591397849462,5
terminalbench:000927:compile-compcert,terminalbench,reward=0,66,105,0.6285714285714286,39
terminalbench:000935:compile-compcert,terminalbench,reward=0,33,54,0.6111111111111112,21
terminalbench:000941:compile-compcert,terminalbench,reward=0,7,32,0.21875,25
terminalbench:000949:compile-compcert,terminalbench,reward=0,127,130,0.9769230769230769,3
terminalbench:000951:compile-compcert,terminalbench,reward=0,46,59,0.7796610169491526,13
terminalbench:000952:compile-compcert,terminalbench,reward=0,6,8,0.75,2
terminalbench:000983:configure-git-webserver,terminalbench,reward=1,26,49,0.5306122448979592,23
terminalbench:000984:configure-git-webserver,terminalbench,reward=1,24,45,0.5333333333333333,21
terminalbench:001010:configure-git-webserver,terminalbench,reward=0,12,17,0.7058823529411765,5
terminalbench:001052:constraints-scheduling,terminalbench,reward=1,5,18,0.2777777777777778,13
terminalbench:001081:constraints-scheduling,terminalbench,reward=1,53,208,0.2548076923076923,155
terminalbench:001201:crack-7z-hash,terminalbench,reward=0,59,148,0.39864864864864863,89
terminalbench:001202:crack-7z-hash,terminalbench,reward=0,74,303,0.24422442244224424,229
terminalbench:001207:crack-7z-hash,terminalbench,reward=0,95,268,0.35447761194029853,173
terminalbench:001209:crack-7z-hash,terminalbench,reward=0,42,309,0.13592233009708737,267
terminalbench:001210:crack-7z-hash,terminalbench,reward=0,76,218,0.3486238532110092,142
terminalbench:001211:crack-7z-hash,terminalbench,reward=0,95,195,0.48717948717948717,100
terminalbench:001212:crack-7z-hash,terminalbench,reward=0,47,162,0.29012345679012347,115
terminalbench:001214:crack-7z-hash,terminalbench,reward=1,32,184,0.17391304347826086,152
terminalbench:001215:crack-7z-hash,terminalbench,reward=0,46,395,0.11645569620253164,349
terminalbench:001216:crack-7z-hash,terminalbench,reward=0,62,152,0.40789473684210525,90
terminalbench:001217:crack-7z-hash,terminalbench,reward=0,84,692,0.12138728323699421,608
terminalbench:001218:crack-7z-hash,terminalbench,reward=1,19,95,0.2,76
terminalbench:001219:crack-7z-hash,terminalbench,reward=0,53,476,0.11134453781512606,423
terminalbench:001221:crack-7z-hash,terminalbench,reward=0,52,70,0.7428571428571429,18
terminalbench:001222:crack-7z-hash,terminalbench,reward=0,47,169,0.2781065088757396,122
terminalbench:001223:crack-7z-hash,terminalbench,reward=0,51,161,0.3167701863354037,110
terminalbench:001224:crack-7z-hash,terminalbench,reward=0,47,120,0.39166666666666666,73
terminalbench:001226:crack-7z-hash,terminalbench,reward=0,23,65,0.35384615384615387,42
terminalbench:001247:crack-7z-hash,terminalbench,reward=0,29,112,0.25892857142857145,83
terminalbench:001248:crack-7z-hash,terminalbench,reward=0,28,119,0.23529411764705882,91
terminalbench:001249:crack-7z-hash,terminalbench,reward=0,46,151,0.304635761589404,105
terminalbench:001250:crack-7z-hash,terminalbench,reward=0,29,255,0.11372549019607843,226
terminalbench:001252:crack-7z-hash,terminalbench,reward=1,28,428,0.06542056074766354,400
terminalbench:001253:crack-7z-hash,terminalbench,reward=0,30,410,0.07317073170731707,380
terminalbench:001254:crack-7z-hash,terminalbench,reward=0,32,365,0.08767123287671233,333
terminalbench:001255:c17326eb-040d-42f4-b618-bbdef1a92e91,terminalbench,reward=0,40,81,0.49382716049382713,41
terminalbench:001257:25e8d73d-c610-4a35-811e-91c52fa08f7a,terminalbench,reward=0,42,108,0.3888888888888889,66
terminalbench:001265:crack-7z-hash,terminalbench,reward=0,35,72,0.4861111111111111,37
terminalbench:001267:crack-7z-hash,terminalbench,reward=0,34,95,0.35789473684210527,61
terminalbench:001271:crack-7z-hash,terminalbench,reward=0,11,12,0.9166666666666666,1
terminalbench:001278:custom-memory-heap-crash,terminalbench,reward=0,41,167,0.24550898203592814,126
terminalbench:001291:custom-memory-heap-crash,terminalbench,reward=0,15,20,0.75,5
terminalbench:001292:custom-memory-heap-crash,terminalbench,reward=1,27,35,0.7714285714285715,8
terminalbench:001293:custom-memory-heap-crash,terminalbench,reward=0,18,19,0.9473684210526315,1
terminalbench:001294:custom-memory-heap-crash,terminalbench,reward=0,20,21,0.9523809523809523,1
terminalbench:001489:8fe55eb3-c402-41e0-97bf-86e3542f8949,terminalbench,reward=0,8,15,0.5333333333333333,7
terminalbench:001499:distribution-search,terminalbench,reward=0,7,13,0.5384615384615384,6
terminalbench:001516:dna-assembly,terminalbench,reward=0,23,36,0.6388888888888888,13
terminalbench:001517:dna-assembly,terminalbench,reward=0,18,20,0.9,2
terminalbench:001530:dna-assembly,terminalbench,reward=0,58,114,0.5087719298245614,56
terminalbench:001562:de8e0db3-52b3-4a9b-95b1-53ba3aaf1149,terminalbench,reward=0,10,11,0.9090909090909091,1
terminalbench:001572:dna-assembly,terminalbench,reward=0,9,10,0.9,1
terminalbench:001599:dna-insert,terminalbench,reward=0,116,125,0.928,9
terminalbench:001636:1cca40c5-121e-4ce6-bf00-2e528f51cc2c,terminalbench,reward=0,21,22,0.9545454545454546,1
terminalbench:001638:1fb444e2-242a-4201-8b99-7c269ed027b3,terminalbench,reward=0,19,187,0.10160427807486631,168
terminalbench:001646:dna-insert,terminalbench,reward=0,20,21,0.9523809523809523,1
terminalbench:001740:extract-moves-from-video,terminalbench,reward=0,20,43,0.46511627906976744,23
terminalbench:001741:extract-moves-from-video,terminalbench,reward=0,24,26,0.9230769230769231,2
terminalbench:001756:extract-moves-from-video,terminalbench,reward=0,47,107,0.4392523364485981,60
terminalbench:001778:extract-moves-from-video,terminalbench,reward=0,15,23,0.6521739130434783,8
terminalbench:001787:5402317e-edf7-4bb2-867a-f80b2a1757d0,terminalbench,reward=0,12,16,0.75,4
terminalbench:001797:extract-moves-from-video,terminalbench,reward=0,8,12,0.6666666666666666,4
terminalbench:001815:feal-differential-cryptanalysis,terminalbench,reward=0,5,8,0.625,3
terminalbench:001817:feal-differential-cryptanalysis,terminalbench,reward=0,7,9,0.7777777777777778,2
terminalbench:001861:269e956a-d49f-4415-b6d8-272bfe204108,terminalbench,reward=0,9,10,0.9,1
terminalbench:001890:feal-linear-cryptanalysis,terminalbench,reward=0,10,13,0.7692307692307693,3
terminalbench:001895:feal-linear-cryptanalysis,terminalbench,reward=0,91,115,0.7913043478260869,24
terminalbench:001897:feal-linear-cryptanalysis,terminalbench,reward=0,85,122,0.6967213114754098,37
terminalbench:001987:filter-js-from-html,terminalbench,reward=0,8,11,0.7272727272727273,3
terminalbench:001989:filter-js-from-html,terminalbench,reward=0,7,16,0.4375,9
terminalbench:002050:financial-document-processor,terminalbench,reward=0,25,42,0.5952380952380952,17
terminalbench:002053:financial-document-processor,terminalbench,reward=0,14,31,0.45161290322580644,17
terminalbench:002253:fix-ocaml-gc,terminalbench,reward=0,204,227,0.8986784140969163,23
terminalbench:002267:fix-ocaml-gc,terminalbench,reward=0,41,398,0.10301507537688442,357
terminalbench:002268:fix-ocaml-gc,terminalbench,reward=0,14,146,0.0958904109589041,132
terminalbench:002269:fix-ocaml-gc,terminalbench,reward=0,23,197,0.116751269035533,174
terminalbench:002273:fix-ocaml-gc,terminalbench,reward=0,28,50,0.56,22
terminalbench:002276:fix-ocaml-gc,terminalbench,reward=0,26,164,0.15853658536585366,138
terminalbench:002279:fix-ocaml-gc,terminalbench,reward=0,167,190,0.8789473684210526,23
terminalbench:002302:fix-ocaml-gc,terminalbench,reward=0,6,53,0.11320754716981132,47
terminalbench:002378:gcode-to-text,terminalbench,reward=0,8,23,0.34782608695652173,15
terminalbench:002432:git-leak-recovery,terminalbench,reward=1,20,23,0.8695652173913043,3
terminalbench:002438:git-leak-recovery,terminalbench,reward=0,9,23,0.391304347826087,14
terminalbench:002455:6439ad28-caaf-4d56-bb72-076c46dd50d1,terminalbench,reward=0,8,21,0.38095238095238093,13
terminalbench:002461:66deae27-26f1-406d-b75f-932657ce72b1,terminalbench,reward=0,12,52,0.23076923076923078,40
terminalbench:002462:7a39358a-f502-492f-b968-9f2592301d0a,terminalbench,reward=0,14,15,0.9333333333333333,1
terminalbench:002465:git-leak-recovery,terminalbench,reward=0,7,20,0.35,13
terminalbench:002471:git-leak-recovery,terminalbench,reward=0,11,51,0.21568627450980393,40
terminalbench:002472:git-leak-recovery,terminalbench,reward=0,13,14,0.9285714285714286,1
terminalbench:002597:gpt2-codegolf,terminalbench,reward=0,11,17,0.6470588235294118,6
terminalbench:002715:hf-model-inference,terminalbench,reward=0,53,265,0.2,212
terminalbench:002837:53ca641b-544e-49fa-b9ec-4c39e464cb59,terminalbench,reward=0,10,46,0.21739130434782608,36
terminalbench:002847:install-windows-3.11,terminalbench,reward=0,9,44,0.20454545454545456,35
terminalbench:002926:large-scale-text-editing,terminalbench,reward=0,119,150,0.7933333333333333,31
terminalbench:002931:large-scale-text-editing,terminalbench,reward=1,96,112,0.8571428571428571,16
terminalbench:002940:large-scale-text-editing,terminalbench,reward=0,15,308,0.048701298701298704,293
terminalbench:002941:large-scale-text-editing,terminalbench,reward=0,51,114,0.4473684210526316,63
terminalbench:002955:large-scale-text-editing,terminalbench,reward=0,16,34,0.47058823529411764,18
terminalbench:003063:3951f421-ffba-49f6-975d-510f730108bc,terminalbench,reward=0,6,9,0.6666666666666666,3
terminalbench:003119:llm-inference-batching-scheduler,terminalbench,reward=0,77,101,0.7623762376237624,24
terminalbench:003136:e76966bd-42c8-4a1c-9062-e1a21bfea6a2,terminalbench,reward=0,20,100,0.2,80
terminalbench:003146:llm-inference-batching-scheduler,terminalbench,reward=0,12,63,0.19047619047619047,51
terminalbench:003165:log-summary-date-ranges,terminalbench,reward=0,19,24,0.7916666666666666,5
terminalbench:003210:9b3d9873-25f4-4de5-ae1f-34be55ceeeb3,terminalbench,reward=0,23,28,0.8214285714285714,5
terminalbench:003211:9515ba2e-9d77-465b-be1b-1a0e6ef66dee,terminalbench,reward=0,8,13,0.6153846153846154,5
terminalbench:003213:71bf28c5-7d27-4044-85ef-49f8a10d0031,terminalbench,reward=0,14,30,0.4666666666666667,16
terminalbench:003220:log-summary-date-ranges,terminalbench,reward=0,12,17,0.7058823529411765,5
terminalbench:003221:log-summary-date-ranges,terminalbench,reward=0,7,10,0.7,3
terminalbench:003242:mailman,terminalbench,reward=0,91,151,0.6026490066225165,60
terminalbench:003254:mailman,terminalbench,reward=0,11,57,0.19298245614035087,46
terminalbench:003269:mailman,terminalbench,reward=1,31,114,0.2719298245614035,83
terminalbench:003277:mailman,terminalbench,reward=0,5,79,0.06329113924050633,74
terminalbench:003302:make-doom-for-mips,terminalbench,reward=0,127,147,0.8639455782312925,20
terminalbench:003311:make-doom-for-mips,terminalbench,reward=0,125,151,0.8278145695364238,26
terminalbench:003317:make-doom-for-mips,terminalbench,reward=0,9,1361,0.006612784717119765,1352
terminalbench:003323:make-doom-for-mips,terminalbench,reward=0,73,80,0.9125,7
terminalbench:003326:make-doom-for-mips,terminalbench,reward=0,13,69,0.18840579710144928,56
terminalbench:003341:make-doom-for-mips,terminalbench,reward=0,16,18,0.8888888888888888,2
terminalbench:003373:make-mips-interpreter,terminalbench,reward=0,12,37,0.32432432432432434,25
terminalbench:003376:make-mips-interpreter,terminalbench,reward=0,15,78,0.19230769230769232,63
terminalbench:003377:make-mips-interpreter,terminalbench,reward=0,70,72,0.9722222222222222,2
terminalbench:003384:make-mips-interpreter,terminalbench,reward=0,59,67,0.8805970149253731,8
terminalbench:003385:make-mips-interpreter,terminalbench,reward=0,19,72,0.2638888888888889,53
terminalbench:003426:make-mips-interpreter,terminalbench,reward=0,86,95,0.9052631578947369,9
terminalbench:003512:00715899-fe90-434b-87a4-77e9399a2d5e,terminalbench,reward=0,10,11,0.9090909090909091,1
terminalbench:003583:513a182f-1308-4f3a-80b0-9e033a48adbe,terminalbench,reward=0,34,40,0.85,6
terminalbench:003585:5716668b-cfc2-4e18-b218-f872ea173faa,terminalbench,reward=0,18,23,0.782608695652174,5
terminalbench:003586:1b8cd787-ecf5-4bbc-8ebe-4a15eaa195d3,terminalbench,reward=0,43,45,0.9555555555555556,2
terminalbench:003595:merge-diff-arc-agi-task,terminalbench,reward=0,16,21,0.7619047619047619,5
terminalbench:003596:merge-diff-arc-agi-task,terminalbench,reward=0,37,39,0.9487179487179487,2
terminalbench:003797:mteb-leaderboard,terminalbench,reward=0,64,81,0.7901234567901234,17
terminalbench:003991:nginx-request-logging,terminalbench,reward=1,7,24,0.2916666666666667,17
terminalbench:004011:nginx-request-logging,terminalbench,reward=0,46,57,0.8070175438596491,11
terminalbench:004012:nginx-request-logging,terminalbench,reward=0,9,12,0.75,3
terminalbench:004024:nginx-request-logging,terminalbench,reward=0,6,7,0.8571428571428571,1
terminalbench:004028:dc35f044-4a5b-49af-a0f8-edb236f84eeb,terminalbench,reward=0,12,34,0.35294117647058826,22
terminalbench:004141:overfull-hbox,terminalbench,reward=0,37,171,0.21637426900584794,134
terminalbench:004152:overfull-hbox,terminalbench,reward=1,23,52,0.4423076923076923,29
terminalbench:004181:487f9f55-c593-4906-95e8-7b8b47b91b56,terminalbench,reward=0,34,60,0.5666666666666667,26
terminalbench:004191:overfull-hbox,terminalbench,reward=0,11,52,0.21153846153846154,41
terminalbench:004202:password-recovery,terminalbench,reward=0,23,176,0.13068181818181818,153
terminalbench:004208:password-recovery,terminalbench,reward=0,34,159,0.2138364779874214,125
terminalbench:004210:password-recovery,terminalbench,reward=0,38,99,0.3838383838383838,61
terminalbench:004211:password-recovery,terminalbench,reward=0,73,143,0.5104895104895105,70
terminalbench:004212:password-recovery,terminalbench,reward=1,147,152,0.9671052631578947,5
terminalbench:004213:password-recovery,terminalbench,reward=0,11,37,0.2972972972972973,26
terminalbench:004215:password-recovery,terminalbench,reward=0,17,24,0.7083333333333334,7
terminalbench:004216:password-recovery,terminalbench,reward=0,15,53,0.2830188679245283,38
terminalbench:004217:password-recovery,terminalbench,reward=0,21,57,0.3684210526315789,36
terminalbench:004244:password-recovery,terminalbench,reward=0,52,76,0.6842105263157895,24
terminalbench:004246:password-recovery,terminalbench,reward=0,27,53,0.5094339622641509,26
terminalbench:004247:password-recovery,terminalbench,reward=0,54,115,0.46956521739130436,61
terminalbench:004250:password-recovery,terminalbench,reward=0,47,96,0.4895833333333333,49
terminalbench:004253:92da9e5c-5475-4fa5-8621-32187a416612,terminalbench,reward=0,46,57,0.8070175438596491,11
terminalbench:004254:e213aa56-acf8-4f3a-b8ba-8570f09d3872,terminalbench,reward=0,90,97,0.9278350515463918,7
terminalbench:004255:3e938185-ff6a-44ad-aca0-490b10265ccc,terminalbench,reward=0,36,47,0.7659574468085106,11
terminalbench:004263:password-recovery,terminalbench,reward=0,44,55,0.8,11
terminalbench:004264:password-recovery,terminalbench,reward=0,87,94,0.925531914893617,7
terminalbench:004265:password-recovery,terminalbench,reward=0,34,45,0.7555555555555555,11
terminalbench:004275:path-tracing,terminalbench,reward=0,49,79,0.620253164556962,30
terminalbench:004276:path-tracing,terminalbench,reward=0,40,64,0.625,24
terminalbench:004322:path-tracing,terminalbench,reward=0,20,142,0.14084507042253522,122
terminalbench:004365:path-tracing-reverse,terminalbench,reward=0,65,65,1.0,0
terminalbench:004366:path-tracing-reverse,terminalbench,reward=0,94,94,1.0,0
terminalbench:004367:path-tracing-reverse,terminalbench,reward=0,80,332,0.24096385542168675,252
terminalbench:004393:path-tracing-reverse,terminalbench,reward=0,42,56,0.75,14
terminalbench:004400:path-tracing-reverse,terminalbench,reward=0,13,50,0.26,37
terminalbench:004403:c0b75e7f-129d-4261-ad06-80b191148935,terminalbench,reward=0,34,71,0.4788732394366197,37
terminalbench:004451:polyglot-c-py,terminalbench,reward=0,13,15,0.8666666666666667,2
terminalbench:004533:polyglot-rust-c,terminalbench,reward=0,18,27,0.6666666666666666,9
terminalbench:004619:portfolio-optimization,terminalbench,reward=1,12,40,0.3,28
terminalbench:004663:protein-assembly,terminalbench,reward=0,18,22,0.8181818181818182,4
terminalbench:004676:protein-assembly,terminalbench,reward=0,43,71,0.6056338028169014,28
terminalbench:004687:protein-assembly,terminalbench,reward=0,13,18,0.7222222222222222,5
terminalbench:004708:99610c77-1dbb-45ac-9d0f-aa3a3a341534,terminalbench,reward=0,13,13,1.0,0
terminalbench:004718:protein-assembly,terminalbench,reward=0,12,12,1.0,0
terminalbench:004755:prove-plus-comm,terminalbench,reward=1,11,16,0.6875,5
terminalbench:004778:fe7ed409-6c3b-4caa-ae97-157746b87b2e,terminalbench,reward=1,10,11,0.9090909090909091,1
terminalbench:004783:27b8971f-cf01-4db9-8abc-f385c1e5b500,terminalbench,reward=1,8,22,0.36363636363636365,14
terminalbench:004788:prove-plus-comm,terminalbench,reward=1,9,10,0.9,1
terminalbench:004793:prove-plus-comm,terminalbench,reward=1,7,20,0.35,13
terminalbench:004849:pypi-server,terminalbench,reward=0,20,24,0.8333333333333334,4
terminalbench:004862:05b58025-4df9-41d6-91c4-d7623197778c,terminalbench,reward=0,8,17,0.47058823529411764,9
terminalbench:004865:pypi-server,terminalbench,reward=1,10,13,0.7692307692307693,3
terminalbench:004868:pypi-server,terminalbench,reward=0,6,7,0.8571428571428571,1
terminalbench:004952:pytorch-model-recovery,terminalbench,reward=0,39,88,0.4431818181818182,49
terminalbench:004953:pytorch-model-recovery,terminalbench,reward=0,10,14,0.7142857142857143,4
terminalbench:005047:qemu-alpine-ssh,terminalbench,reward=1,59,96,0.6145833333333334,37
terminalbench:005059:qemu-alpine-ssh,terminalbench,reward=0,19,30,0.6333333333333333,11
terminalbench:005085:b4095a97-feb3-4041-a9e1-e8c37b0108f7,terminalbench,reward=0,11,20,0.55,9
terminalbench:005095:qemu-alpine-ssh,terminalbench,reward=0,9,18,0.5,9
terminalbench:005133:qemu-startup,terminalbench,reward=1,13,52,0.25,39
terminalbench:005145:qemu-startup,terminalbench,reward=0,17,35,0.4857142857142857,18
terminalbench:005158:db724859-a6de-43c7-9362-5358f828d02c,terminalbench,reward=1,12,107,0.11214953271028037,95
terminalbench:005167:qemu-startup,terminalbench,reward=1,10,105,0.09523809523809523,95
terminalbench:005280:raman-fitting,terminalbench,reward=0,9,28,0.32142857142857145,19
terminalbench:005306:6b13b208-1ed9-40b7-90cc-0a999f0cca64,terminalbench,reward=0,13,23,0.5652173913043478,10
terminalbench:005316:raman-fitting,terminalbench,reward=0,11,21,0.5238095238095238,10
terminalbench:005322:regex-chess,terminalbench,reward=0,10,19,0.5263157894736842,9
terminalbench:005336:regex-chess,terminalbench,reward=0,8,242,0.03305785123966942,234
terminalbench:005375:regex-chess,terminalbench,reward=0,22,43,0.5116279069767442,21
terminalbench:005530:96115d9a-07d1-4104-9476-696792b759d1,terminalbench,reward=0,7,10,0.7,3
terminalbench:005531:f0ea6ce0-2829-4c10-a243-db5a92970d09,terminalbench,reward=0,16,17,0.9411764705882353,1
terminalbench:005541:reshard-c4-data,terminalbench,reward=0,11,13,0.8461538461538461,2
terminalbench:005558:rstan-to-pystan,terminalbench,reward=1,88,172,0.5116279069767442,84
terminalbench:005573:rstan-to-pystan,terminalbench,reward=0,68,71,0.9577464788732394,3
terminalbench:005581:rstan-to-pystan,terminalbench,reward=0,13,298,0.0436241610738255,285
terminalbench:005593:rstan-to-pystan,terminalbench,reward=0,110,111,0.990990990990991,1
terminalbench:005595:rstan-to-pystan,terminalbench,reward=0,95,117,0.811965811965812,22
terminalbench:005606:3250eecf-825e-428d-a875-cbcef1150901,terminalbench,reward=0,8,10,0.8,2
terminalbench:005612:rstan-to-pystan,terminalbench,reward=0,21,71,0.29577464788732394,50
terminalbench:005616:rstan-to-pystan,terminalbench,reward=0,7,9,0.7777777777777778,2
terminalbench:005701:sanitize-git-repo,terminalbench,reward=0,38,41,0.926829268292683,3
terminalbench:005706:sanitize-git-repo,terminalbench,reward=0,21,26,0.8076923076923077,5
terminalbench:005722:sanitize-git-repo,terminalbench,reward=0,30,34,0.8823529411764706,4
terminalbench:005725:sanitize-git-repo,terminalbench,reward=1,13,17,0.7647058823529411,4
terminalbench:005738:sanitize-git-repo,terminalbench,reward=0,20,21,0.9523809523809523,1
terminalbench:005769:schemelike-metacircular-eval,terminalbench,reward=0,140,171,0.8187134502923976,31
terminalbench:005771:schemelike-metacircular-eval,terminalbench,reward=0,95,105,0.9047619047619048,10
terminalbench:005779:schemelike-metacircular-eval,terminalbench,reward=0,20,171,0.11695906432748537,151
terminalbench:005780:schemelike-metacircular-eval,terminalbench,reward=0,85,302,0.2814569536423841,217
terminalbench:005784:schemelike-metacircular-eval,terminalbench,reward=0,35,319,0.109717868338558,284
terminalbench:005787:schemelike-metacircular-eval,terminalbench,reward=0,101,102,0.9901960784313726,1
terminalbench:005789:schemelike-metacircular-eval,terminalbench,reward=0,78,89,0.8764044943820225,11
terminalbench:005812:schemelike-metacircular-eval,terminalbench,reward=0,16,27,0.5925925925925926,11
terminalbench:005906:7492c52f-d446-421c-bf39-3d217903d88e,terminalbench,reward=0,10,11,0.9090909090909091,1
terminalbench:005916:sparql-university,terminalbench,reward=0,9,10,0.9,1
terminalbench:005993:sqlite-with-gcov,terminalbench,reward=0,30,36,0.8333333333333334,6
terminalbench:006044:sqlite-with-gcov,terminalbench,reward=1,7,31,0.22580645161290322,24
terminalbench:006053:9dd15c71-d3a0-4d26-8d96-add56807aa3f,terminalbench,reward=0,10,16,0.625,6
terminalbench:006063:sqlite-with-gcov,terminalbench,reward=0,9,15,0.6,6
terminalbench:006184:torch-tensor-parallelism,terminalbench,reward=0,5,10,0.5,5
terminalbench:006225:train-fasttext,terminalbench,reward=0,77,128,0.6015625,51
terminalbench:006232:train-fasttext,terminalbench,reward=0,98,1408,0.06960227272727272,1310
terminalbench:006353:cb9a4065-f266-4e6a-a573-c78f8bbebdb8,terminalbench,reward=0,8,24,0.3333333333333333,16
terminalbench:006363:tune-mjcf,terminalbench,reward=0,7,23,0.30434782608695654,16
terminalbench:006445:vulnerable-secret,terminalbench,reward=1,21,74,0.28378378378378377,53
terminalbench:006446:vulnerable-secret,terminalbench,reward=1,31,76,0.40789473684210525,45
terminalbench:006447:vulnerable-secret,terminalbench,reward=1,21,162,0.12962962962962962,141
terminalbench:006448:vulnerable-secret,terminalbench,reward=1,21,38,0.5526315789473685,17
terminalbench:006449:vulnerable-secret,terminalbench,reward=1,19,38,0.5,19
terminalbench:006450:vulnerable-secret,terminalbench,reward=1,21,54,0.3888888888888889,33
terminalbench:006451:vulnerable-secret,terminalbench,reward=1,23,50,0.46,27
terminalbench:006453:vulnerable-secret,terminalbench,reward=1,13,48,0.2708333333333333,35
terminalbench:006455:vulnerable-secret,terminalbench,reward=1,29,118,0.2457627118644068,89
terminalbench:006456:vulnerable-secret,terminalbench,reward=0,51,377,0.13527851458885942,326
terminalbench:006459:vulnerable-secret,terminalbench,reward=1,21,79,0.26582278481012656,58
terminalbench:006478:vulnerable-secret,terminalbench,reward=0,10,47,0.2127659574468085,37
terminalbench:006485:vulnerable-secret,terminalbench,reward=0,41,48,0.8541666666666666,7
terminalbench:006492:vulnerable-secret,terminalbench,reward=1,23,42,0.5476190476190477,19
terminalbench:006495:e36f8e55-c218-48ac-8adb-feefa8a661c0,terminalbench,reward=1,32,178,0.1797752808988764,146
terminalbench:006496:f4d9fe01-70ed-4d5e-b831-63c7ced3497d,terminalbench,reward=0,102,238,0.42857142857142855,136
terminalbench:006497:c9051bfe-20b8-4ab8-b82c-14daf685ee86,terminalbench,reward=0,56,267,0.20973782771535582,211
terminalbench:006498:506da6d3-749e-483e-8dd7-eafa668b4f2e,terminalbench,reward=1,30,49,0.6122448979591837,19
terminalbench:006499:82c37090-e9e0-4cfc-8de6-53a8c42ccf2e,terminalbench,reward=0,56,68,0.8235294117647058,12
terminalbench:006505:vulnerable-secret,terminalbench,reward=1,31,173,0.1791907514450867,142
terminalbench:006506:vulnerable-secret,terminalbench,reward=0,101,235,0.4297872340425532,134
terminalbench:006507:vulnerable-secret,terminalbench,reward=0,54,259,0.2084942084942085,205
terminalbench:006508:vulnerable-secret,terminalbench,reward=1,29,48,0.6041666666666666,19
terminalbench:006509:vulnerable-secret,terminalbench,reward=0,54,65,0.8307692307692308,11
terminalbench:006532:winning-avg-corewars,terminalbench,reward=0,211,642,0.32866043613707163,431
terminalbench:006544:winning-avg-corewars,terminalbench,reward=0,148,163,0.9079754601226994,15
terminalbench:006548:winning-avg-corewars,terminalbench,reward=0,35,53,0.660377358490566,18
terminalbench:006560:winning-avg-corewars,terminalbench,reward=1,14,60,0.23333333333333334,46
