source,length_tercile,current_step,n,mean_predicted_p,observed_rate,mean_bias
hermes,long,1,3563,0.6456722345520333,0.47544204322200395,0.1702301913300293
hermes,long,2,3563,0.6456722345520333,0.47544204322200395,0.1702301913300293
hermes,long,3,3507,0.6789029985398564,0.4998574280011406,0.17904557053871578
hermes,long,4,3461,0.663860345081133,0.4946547240681884,0.16920562101294462
hermes,long,5,3140,0.6454139950312776,0.44363057324840766,0.20178342178286995
hermes,long,6,3133,0.6443772778950547,0.44270667092243854,0.20167060697261618
hermes,long,7,3111,0.6495248271588021,0.446480231436837,0.2030445957219651
hermes,long,8,3029,0.6304350262813929,0.43446682073291515,0.19596820554847777
hermes,long,9,3028,0.6114496766721835,0.44451783355350066,0.16693184311868287
hermes,long,10,3025,0.6100833921058667,0.4446280991735537,0.16545529293231298
hermes,long,11,3009,0.6011898533155492,0.4493187105350615,0.1518711427804877
hermes,long,12,2984,0.6329449820285511,0.4487265415549598,0.18421844047359132
hermes,long,13,2948,0.6200335168608819,0.4525101763907734,0.16752334047010853
hermes,long,14,2933,0.6192447129704862,0.4551653596999659,0.1640793532705203
hermes,long,15,2906,0.6112755336247175,0.46558843771507225,0.1456870959096453
hermes,long,16,2856,0.6369773512149032,0.46183473389355745,0.17514261732134573
hermes,long,17,2867,0.6374242124281096,0.47820020927799095,0.1592240031501187
hermes,long,18,2855,0.6341300484029574,0.4784588441330998,0.1556712042698576
hermes,long,19,2847,0.6347194483899846,0.4910432033719705,0.14367624501801413
hermes,long,20,2833,0.6300661562878775,0.49029297564419344,0.1397731806436841
hermes,long,21,2823,0.6266860052850148,0.5076160113354587,0.11906999394955609
hermes,long,22,2712,0.621318370983732,0.4937315634218289,0.1275868075619031
hermes,long,23,2744,0.6214952096718801,0.5229591836734694,0.09853602599841071
hermes,long,24,2606,0.6654900169757132,0.5034535686876439,0.1620364482880693
hermes,long,25,2663,0.6710862896193391,0.5426211040180248,0.12846518560131437
hermes,long,26,2609,0.6666037485293943,0.5389037945573016,0.12769995397209266
hermes,long,27,2654,0.6740298218481693,0.5708364732479276,0.10319334860024165
hermes,long,28,2611,0.6667666009008318,0.5702795863653772,0.09648701453545461
hermes,long,29,2649,0.6682903386354954,0.6028690071725179,0.06542133146297746
hermes,long,30,2588,0.6625333927639171,0.5973724884080371,0.06516090435587996
hermes,long,31,2651,0.6653194198575326,0.6371180686533383,0.028201351204194314
hermes,long,32,2456,0.7004538078889891,0.6140065146579805,0.08644729323100864
hermes,long,33,2447,0.6976809638882855,0.6387413158970168,0.05893964799126872
hermes,long,34,2312,0.6977727980093119,0.6215397923875432,0.07623300562176871
hermes,long,35,2228,0.6927044417845116,0.6382405745062837,0.05446386727822794
hermes,long,36,2132,0.6904603864716284,0.6261726078799249,0.06428777859170354
hermes,long,37,2075,0.6847167152208842,0.651566265060241,0.03315045016064322
hermes,long,38,1988,0.6853093596561745,0.641851106639839,0.043458253016335435
hermes,long,39,1986,0.6815509600391653,0.6711983887210473,0.010352571318117954
hermes,long,40,1883,0.6822715666856485,0.6595857673924589,0.02268579929318959
hermes,long,41,1863,0.6863148023987244,0.6886741814278046,-0.002359379029080122
hermes,long,42,1816,0.6859339870922188,0.683920704845815,0.002013282246403736
hermes,long,43,1795,0.6796710056092288,0.7309192200557103,-0.05124821444648153
hermes,long,44,1701,0.6791412467478494,0.7231040564373897,-0.04396280968954036
hermes,long,45,1678,0.6735632462133406,0.7562574493444577,-0.08269420313111708
hermes,long,46,1613,0.6783634449703239,0.7544947303161811,-0.07613128534585722
hermes,long,47,1592,0.6732491800173589,0.7914572864321608,-0.11820810641480195
hermes,long,48,1306,0.7374570510143822,0.7526799387442573,-0.015222887729875123
hermes,long,49,1307,0.7327574125146332,0.7888293802601377,-0.05607196774550449
hermes,long,50,1112,0.735994781366482,0.7562949640287769,-0.02030018266229494
hermes,long,51,1088,0.7256328182028129,0.7711397058823529,-0.04550688767954003
hermes,long,52,1023,0.7324691954528285,0.7644183773216031,-0.0319491818687746
hermes,long,53,754,0.7209792350733286,0.7201591511936339,0.0008200838796946774
hermes,long,54,683,0.7178062128719856,0.7027818448023426,0.015024368069643024
hermes,long,55,658,0.7131018941904943,0.7340425531914894,-0.020940659000995065
hermes,long,56,587,0.7188845243944296,0.7120954003407155,0.006789124053714124
hermes,long,57,552,0.7101577806114135,0.7210144927536232,-0.010856712142209624
hermes,long,58,508,0.7137743528686891,0.7007874015748031,0.01298695129388594
hermes,long,59,482,0.7142612985155543,0.7136929460580913,0.0005683524574630061
hermes,long,60,438,0.7190742938829261,0.6917808219178082,0.027293471965117888
hermes,long,61,399,0.7165027543435316,0.6917293233082706,0.024773431035260973
hermes,long,62,367,0.7282345184713125,0.6730245231607629,0.0552099953105496
hermes,long,63,343,0.7208306087478656,0.6763848396501457,0.04444576909771991
hermes,long,64,330,0.6957124145888245,0.6696969696969697,0.02601544489185481
hermes,long,65,312,0.6915336845365417,0.6826923076923077,0.008841376844234028
hermes,long,66,294,0.6922967947662144,0.6632653061224489,0.02903148864376548
hermes,long,67,286,0.691942200555944,0.6818181818181818,0.010124018737762253
hermes,long,68,269,0.6966061464056477,0.6654275092936803,0.031178637111967333
hermes,long,69,246,0.7031047895694786,0.6747967479674797,0.028308041601998957
hermes,long,70,245,0.7027263519785696,0.6816326530612244,0.02109369891734514
hermes,long,71,243,0.6924157869550193,0.7119341563786008,-0.01951836942358154
hermes,long,72,221,0.6837033606102049,0.6877828054298643,-0.0040794448196593835
hermes,long,73,215,0.6936288261251082,0.7348837209302326,-0.04125489480512434
hermes,long,74,201,0.6908915548594822,0.7164179104477612,-0.02552635558827898
hermes,long,75,189,0.699017362721852,0.7248677248677249,-0.025850362145872885
hermes,long,76,172,0.6902025469794125,0.7267441860465116,-0.03654163906709906
hermes,long,77,154,0.6973400151141119,0.7727272727272727,-0.07538725761316079
hermes,long,78,136,0.6887127490961176,0.7426470588235294,-0.05393430972741187
hermes,long,79,128,0.6978488683435388,0.7890625,-0.09121363165646124
hermes,long,80,114,0.7085084339800523,0.7631578947368421,-0.05464946075678989
hermes,long,81,110,0.6949828290899039,0.7818181818181819,-0.08683535272827791
hermes,long,82,94,0.6674269647730405,0.7553191489361702,-0.08789218416312972
hermes,long,83,82,0.6975864562582985,0.7439024390243902,-0.04631598276609172
hermes,long,84,78,0.6886708742452426,0.7307692307692307,-0.04209835652398808
hermes,long,85,64,0.6753231577161032,0.703125,-0.027801842283896816
hermes,long,86,54,0.6674519473885275,0.7037037037037037,-0.03625175631517619
hermes,long,87,48,0.7031530273218825,0.7291666666666666,-0.02601363934478418
hermes,long,88,45,0.6723818816058419,0.7111111111111111,-0.03872922950526925
hermes,long,89,43,0.6317587664410097,0.6976744186046512,-0.06591565216364148
hermes,long,90,43,0.6317587664410097,0.6976744186046512,-0.06591565216364148
hermes,long,91,43,0.6460135171368232,0.7441860465116279,-0.0981725293748047
hermes,long,92,43,0.6460135171368232,0.7441860465116279,-0.0981725293748047
hermes,long,93,43,0.6449006220482314,0.7674418604651163,-0.12254123841688491
hermes,long,94,43,0.6449006220482314,0.7674418604651163,-0.12254123841688491
hermes,long,95,46,0.597717660544858,0.8695652173913043,-0.27184755684644635
hermes,long,96,42,0.5888382706193355,0.8571428571428571,-0.2683045865235216
hermes,long,97,42,0.5791726973880394,0.9047619047619048,-0.3255892073738653
hermes,long,98,40,0.6012748116053909,0.9,-0.29872518839460915
hermes,long,99,40,0.6200848907891864,0.925,-0.30491510921081366
hermes,long,100,29,0.6324558069366238,0.9310344827586207,-0.2985786758219968
hermes,long,101,29,0.6324558069366238,0.9310344827586207,-0.2985786758219968
hermes,long,102,29,0.6324558069366238,0.9310344827586207,-0.2985786758219968
hermes,long,103,29,0.6285318190219695,0.9655172413793104,-0.33698542235734086
hermes,long,104,30,0.5932563544949362,0.9666666666666667,-0.3734103121717305
hermes,long,105,30,0.5932563544949362,0.9666666666666667,-0.3734103121717305
hermes,long,106,23,0.5790878743633968,1.0,-0.4209121256366032
hermes,long,107,23,0.5790878743633968,1.0,-0.4209121256366032
hermes,long,108,17,0.584249661814941,1.0,-0.415750338185059
hermes,long,109,17,0.584249661814941,1.0,-0.415750338185059
hermes,long,110,17,0.584249661814941,1.0,-0.415750338185059
hermes,long,111,11,0.5713630631663418,1.0,-0.4286369368336582
hermes,long,112,11,0.5713630631663418,1.0,-0.4286369368336582
hermes,long,113,11,0.5713630631663418,1.0,-0.4286369368336582
hermes,long,114,11,0.5713630631663418,1.0,-0.4286369368336582
hermes,long,115,11,0.5713630631663418,1.0,-0.4286369368336582
hermes,long,116,11,0.5713630631663418,1.0,-0.4286369368336582
hermes,long,117,11,0.5713630631663418,1.0,-0.4286369368336582
hermes,long,118,5,0.5307692307692308,1.0,-0.46923076923076923
hermes,long,119,5,0.5307692307692308,1.0,-0.46923076923076923
hermes,medium,1,3570,0.6456722345520333,0.638095238095238,0.007576996456795215
hermes,medium,2,3570,0.6456722345520333,0.638095238095238,0.007576996456795215
hermes,medium,3,3430,0.6736077183504848,0.6527696793002915,0.020838039050193324
hermes,medium,4,3406,0.6628512244464593,0.6517909571344686,0.011060267311990724
hermes,medium,5,3154,0.6403149464956496,0.6360177552314521,0.004297191264197475
hermes,medium,6,3151,0.6333581728780441,0.6375753728974929,-0.004217200019448808
hermes,medium,7,3165,0.6515906216599325,0.655608214849921,-0.004017593189988511
hermes,medium,8,3031,0.6225977245891215,0.6433520290333223,-0.02075430444420079
hermes,medium,9,3014,0.6097679339477439,0.6632382216323822,-0.05347028768463835
hermes,medium,10,3016,0.6134196311092628,0.6654509283819628,-0.05203129727270006
hermes,medium,11,2987,0.6042044837501375,0.6906595246066287,-0.08645504085649125
hermes,medium,12,2952,0.6304117706777282,0.6893631436314364,-0.058951372953708114
hermes,medium,13,2905,0.6244738871721995,0.7111876075731497,-0.08671372040095016
hermes,medium,14,2902,0.6280071665440522,0.7146795313576844,-0.08667236481363216
hermes,medium,15,2885,0.62337502270319,0.7504332755632582,-0.12705825286006822
hermes,medium,16,2836,0.6461947296433412,0.75,-0.10380527035665876
hermes,medium,17,2862,0.6543661364712865,0.7889587700908456,-0.1345926336195591
hermes,medium,18,2754,0.65050033484958,0.7861292665214233,-0.1356289316718433
hermes,medium,19,2800,0.6583129334548214,0.825,-0.1666870665451785
hermes,medium,20,2575,0.6572327664516644,0.8132038834951456,-0.1559711170434812
hermes,medium,21,2582,0.6613262028420813,0.8597986057319907,-0.19847240288990942
hermes,medium,22,2229,0.6557426767883449,0.8420816509645581,-0.18633897417621326
hermes,medium,23,2240,0.6547868316672736,0.8955357142857143,-0.24074888261844074
hermes,medium,24,1897,0.7020240088262307,0.8808645229309436,-0.1788405141047129
hermes,medium,25,1953,0.7149200141159918,0.9257552483358935,-0.2108352342199017
hermes,medium,26,1602,0.7114169228747347,0.9126092384519351,-0.2011923155772004
hermes,medium,27,1633,0.7192219660073124,0.9650949173300674,-0.245872951322755
hermes,medium,28,1314,0.7211158157834022,0.9596651445966514,-0.2385493288132492
hermes,medium,29,1334,0.7232205480323979,0.9955022488755623,-0.2722817008431644
hermes,medium,30,749,0.7214903922407665,0.9919893190921228,-0.27049892685135635
hermes,medium,31,746,0.7104083732501897,1.0,-0.2895916267498103
hermes,medium,32,520,0.7596189174677349,1.0,-0.2403810825322651
hermes,medium,33,59,0.686360112529526,1.0,-0.313639887470474
hermes,short,1,3570,0.6456722345520333,0.8072829131652661,-0.16161067861323286
hermes,short,2,3570,0.6456722345520333,0.8072829131652661,-0.16161067861323286
hermes,short,3,3299,0.6641888449900151,0.8535919975750227,-0.18940315258500762
hermes,short,4,2922,0.6472789591843402,0.8422313483915127,-0.1949523892071725
hermes,short,5,2791,0.6496219086683991,0.8828376925833035,-0.23321578391490438
hermes,short,6,2373,0.6309338078982714,0.866835229667088,-0.23590142176881668
hermes,short,7,2362,0.6478516197604641,0.9047417442845047,-0.2568901245240406
hermes,short,8,1805,0.6119995397827342,0.8803324099722992,-0.268332870189565
hermes,short,9,1776,0.6107514250573384,0.9245495495495496,-0.31379812449221123
hermes,short,10,1336,0.6119797996597356,0.9026946107784432,-0.29071481111870756
hermes,short,11,1318,0.5994421941656701,0.952959028831563,-0.3535168346658929
hermes,short,12,1001,0.6168015103420434,0.9430569430569431,-0.32625543271489965
hermes,short,13,960,0.6181724314433654,0.9822916666666667,-0.36411923522330125
hermes,short,14,542,0.6267710365489965,0.9686346863468634,-0.341863649797867
hermes,short,15,534,0.6140798471161845,1.0,-0.38592015288381554
hermes,short,16,239,0.6313838081207636,1.0,-0.36861619187923644
hermes,short,17,248,0.6503058846744831,1.0,-0.34969411532551686
swe-agent,long,1,37191,0.5424989085047498,0.45301282568363316,0.08948608282111664
swe-agent,long,2,37191,0.5424989085047498,0.45301282568363316,0.08948608282111664
swe-agent,long,3,37191,0.5815973783972846,0.48608534322820035,0.0955120351690843
swe-agent,long,4,37191,0.5815973783972846,0.48608534322820035,0.0955120351690843
swe-agent,long,5,37188,0.5825860005416256,0.48706572012477145,0.09552028041685412
swe-agent,long,6,37188,0.5821353016194217,0.48706572012477145,0.09506958149465028
swe-agent,long,7,37188,0.6056880074945667,0.510137678821125,0.09555032867344171
swe-agent,long,8,37191,0.6069215591318914,0.5101771934070071,0.09674436572488432
swe-agent,long,9,37190,0.6319951300414348,0.5258402796450659,0.10615485039636896
swe-agent,long,10,37187,0.6312590926648104,0.5258020275902869,0.10545706507452346
swe-agent,long,11,37181,0.6335165423313348,0.5340093058282456,0.09950723650308924
swe-agent,long,12,37162,0.6454487391066851,0.533771056455519,0.11167768265116607
swe-agent,long,13,37162,0.6498458785811561,0.5415209084548732,0.10832497012628284
swe-agent,long,14,37067,0.6476772266669466,0.540426794723069,0.10725043194387762
swe-agent,long,15,37057,0.6458461857534824,0.5468062714197047,0.09903991433377768
swe-agent,long,16,37171,0.6637071192274837,0.5480347582793038,0.1156723609481799
swe-agent,long,17,37166,0.6592430584407316,0.5554808157993866,0.10376224264134504
swe-agent,long,18,37174,0.6634163197405869,0.5555764781836767,0.10783984155691018
swe-agent,long,19,37172,0.657201059464893,0.5625201764769181,0.09468088298797495
swe-agent,long,20,37171,0.6607674892975063,0.5625084070915498,0.09825908220595647
swe-agent,long,21,37166,0.6548864129961998,0.5696604423397729,0.0852259706564269
swe-agent,long,22,37122,0.664411289341691,0.5691773072571521,0.09523398208453893
swe-agent,long,23,37116,0.6550953171765641,0.57657075115853,0.07852456601803415
swe-agent,long,24,36891,0.6755013967406562,0.5739882356130221,0.10151316112763409
swe-agent,long,25,36876,0.6684735116703087,0.5816791409046534,0.08679437076565522
swe-agent,long,26,36816,0.6716409035719021,0.5810517166449369,0.09058918692696516
swe-agent,long,27,36817,0.6624838560955032,0.5889127305320911,0.07357112556341205
swe-agent,long,28,36755,0.6695115411507443,0.5881920827098354,0.08131945844090893
swe-agent,long,29,36744,0.661188379451994,0.595444154147616,0.06574422530437807
swe-agent,long,30,36618,0.6635946368448409,0.5940247965481458,0.0695698402966951
swe-agent,long,31,36610,0.6544066596291912,0.6019120458891013,0.0524946137400899
swe-agent,long,32,36434,0.6849339945693829,0.6000439150244278,0.08489007954495509
swe-agent,long,33,36457,0.6763858239036276,0.6078668019859012,0.06851902191772641
swe-agent,long,34,36423,0.6799705508542577,0.6074732998380145,0.07249725101624327
swe-agent,long,35,36441,0.6723764375762095,0.6154331659394638,0.05694327163674562
swe-agent,long,36,36340,0.6749355754597367,0.6144193725921849,0.06051620286755177
swe-agent,long,37,36360,0.6670786810899159,0.6235698569856986,0.0435088241042173
swe-agent,long,38,36264,0.6689375879913892,0.6225733509816899,0.04636423700969938
swe-agent,long,39,36275,0.6628940480878159,0.6310406616126809,0.031853386475135026
swe-agent,long,40,36133,0.6651458466045684,0.6296737054769878,0.03547214112758068
swe-agent,long,41,36151,0.6589017845549624,0.637935326823601,0.02096645773136141
swe-agent,long,42,36041,0.6605715864957695,0.6369412613412503,0.02363032515451924
swe-agent,long,43,36040,0.6543035525403413,0.6464761376248612,0.007827414915480113
swe-agent,long,44,35915,0.6550217391443746,0.6452457190588891,0.009776020085485504
swe-agent,long,45,35938,0.6489388504177312,0.6551561021759698,-0.006217251758238507
swe-agent,long,46,35833,0.649326123765152,0.6541456199592555,-0.00481949619410349
swe-agent,long,47,35833,0.6434809966058159,0.664415482934725,-0.02093448632890904
swe-agent,long,48,33785,0.6888631083521549,0.6442800059197868,0.04458310243236807
swe-agent,long,49,33819,0.6860126233898638,0.6566131464561341,0.029399476933729685
swe-agent,long,50,33764,0.6845213662427104,0.6561426371283023,0.028378729114408086
swe-agent,long,51,33842,0.6808125301720821,0.6723006914484959,0.008511838723586185
swe-agent,long,52,33764,0.679868870582386,0.6716028906527662,0.008265979929619749
swe-agent,long,53,33403,0.6776721788647462,0.6850282908720774,-0.007356112007331217
swe-agent,long,54,33367,0.6760328364405108,0.6847184343812749,-0.008685597940764067
swe-agent,long,55,32088,0.6709628625082088,0.6896347544253303,-0.018671891917121486
swe-agent,long,56,32066,0.6682494429873806,0.6894530031809393,-0.021203560193558624
swe-agent,long,57,30721,0.6664619923150843,0.693564662608639,-0.02710267029355473
swe-agent,long,58,30656,0.6637729456504597,0.6929801670146137,-0.02920722136415399
swe-agent,long,59,29352,0.663315048137243,0.6957617879531207,-0.032446739815877756
swe-agent,long,60,29273,0.6602090165444173,0.695009052710689,-0.0348000361662717
swe-agent,long,61,28077,0.6575406715571575,0.700074794315632,-0.04253412275847457
swe-agent,long,62,28012,0.6537098721147148,0.6993788376410109,-0.04566896552629618
swe-agent,long,63,26809,0.6522691025717372,0.7038308030885151,-0.051561700516777886
swe-agent,long,64,24647,0.6967902115550058,0.6784192802369456,0.018370931318060113
swe-agent,long,65,23694,0.6952069169419937,0.683675192031738,0.01153172491025567
swe-agent,long,66,23663,0.6935728037957384,0.6832185268140134,0.010354276981724975
swe-agent,long,67,22611,0.6916440558265838,0.6889567024899386,0.0026873533366452707
swe-agent,long,68,22581,0.6895328924222711,0.6885877507639165,0.0009451416583545758
swe-agent,long,69,21412,0.6883769720087602,0.692228656827947,-0.0038516848191867403
swe-agent,long,70,21407,0.6867045101078604,0.6921567711496239,-0.005452261041763551
swe-agent,long,71,20342,0.6856357168864776,0.6947202831579983,-0.009084566271520655
swe-agent,long,72,20316,0.683750566206674,0.6943788147273086,-0.010628248520634598
swe-agent,long,73,19384,0.6835481553729055,0.6985142385472555,-0.014966083174349998
swe-agent,long,74,19348,0.682288187182014,0.6980049617531527,-0.015716774571138736
swe-agent,long,75,18409,0.6801658978326582,0.700635558694117,-0.02046966086145874
swe-agent,long,76,18408,0.6779570861376126,0.7007279443720121,-0.022770858234399505
swe-agent,long,77,17396,0.6768967383663356,0.7025753046677398,-0.025678566301404193
swe-agent,long,78,17378,0.6755048413001298,0.702209690413166,-0.026704849113036278
swe-agent,long,79,16453,0.6740041317670965,0.7036406734334164,-0.029636541666319904
swe-agent,long,80,16442,0.672198666512803,0.7034424036005352,-0.031243737087732204
swe-agent,long,81,15638,0.6719732035149153,0.7066120987338534,-0.03463889521893815
swe-agent,long,82,15622,0.6708515164130843,0.7063116118294712,-0.03546009541638695
swe-agent,long,83,14710,0.6662338005145663,0.7057783820530251,-0.039544581538458856
swe-agent,long,84,14702,0.6641710400531817,0.7056863011835125,-0.04151526113033077
swe-agent,long,85,13800,0.6609802559075458,0.7055797101449275,-0.04459945423738165
swe-agent,long,86,13794,0.6592055993682702,0.7055241409308395,-0.046318541562569315
swe-agent,long,87,12958,0.6563079926615958,0.7043525235375829,-0.048044530875987146
swe-agent,long,88,12954,0.6539695972245791,0.7042612320518759,-0.050291634827296705
swe-agent,long,89,12030,0.6539152150825601,0.6974231088944306,-0.04350789381187048
swe-agent,long,90,12017,0.6520386132669505,0.6972622118665224,-0.045223598599571924
swe-agent,long,91,11377,0.6492392524184524,0.695701854618968,-0.04646260220051568
swe-agent,long,92,11368,0.6473463857334876,0.6955489092188599,-0.04820252348537235
swe-agent,long,93,10744,0.6478154454666007,0.6922002978406553,-0.04438485237405454
swe-agent,long,94,10743,0.6461567468705219,0.692171646653635,-0.04601489978311302
swe-agent,long,95,10232,0.6419259880844832,0.6924354964816263,-0.05050950839714308
swe-agent,long,96,9657,0.6677905805732307,0.6746401573987781,-0.006849576825547432
swe-agent,long,97,9201,0.6658093573303824,0.6754700576024345,-0.009660700272052125
swe-agent,long,98,9223,0.6647103503812369,0.6762441721782501,-0.011533821797013122
swe-agent,long,99,8802,0.6632702803023732,0.6754146784821632,-0.012144398179789961
swe-agent,long,100,8813,0.6616093902267398,0.6760467491206172,-0.014437358893877428
swe-agent,long,101,8321,0.6624463351683948,0.6726355005408003,-0.010189165372405551
swe-agent,long,102,8338,0.6616084908974991,0.6733029503478052,-0.011694459450306116
swe-agent,long,103,8038,0.6567399179059198,0.6780293605374471,-0.021289442631527322
swe-agent,long,104,8058,0.6557604188072954,0.6787043931496649,-0.0229439743423695
swe-agent,long,105,7670,0.655322367810381,0.678748370273794,-0.023426002463412976
swe-agent,long,106,7693,0.6536854151930478,0.6794488496035357,-0.025763434410487895
swe-agent,long,107,7300,0.6512285239158998,0.6763013698630137,-0.025072845947113898
swe-agent,long,108,7306,0.6494497481892435,0.6762934574322474,-0.026843709243003944
swe-agent,long,109,6956,0.6493099439514812,0.6756756756756757,-0.02636573172419443
swe-agent,long,110,6960,0.6480981316808694,0.6758620689655173,-0.027763937284647877
swe-agent,long,111,6628,0.6480463627761485,0.6729028364514182,-0.024856473675269775
swe-agent,long,112,6635,0.646733895637453,0.6732479276563678,-0.02651403201891478
swe-agent,long,113,6335,0.6487835547297204,0.6734017363851618,-0.024618181655441385
swe-agent,long,114,6338,0.6474538046001159,0.6735563269170085,-0.026102522316892585
swe-agent,long,115,6100,0.6431722692204835,0.6754098360655738,-0.03223756684509027
swe-agent,long,116,6105,0.64203511521047,0.6758394758394758,-0.033804360629005825
swe-agent,long,117,5841,0.6460034300642514,0.6762540660845746,-0.030250636020323185
swe-agent,long,118,5850,0.6443633894418627,0.6767521367521367,-0.03238874731027408
swe-agent,long,119,5638,0.6434136786357223,0.6802057467186946,-0.03679206808297231
swe-agent,long,120,5645,0.6419777773207405,0.6804251550044287,-0.03844737768368822
swe-agent,long,121,5444,0.6447893153199014,0.6800146950771492,-0.03522537975724782
swe-agent,long,122,5450,0.6435692862231661,0.6803669724770642,-0.03679768625389812
swe-agent,long,123,5312,0.6449137183970507,0.6837349397590361,-0.0388212213619854
swe-agent,long,124,5315,0.6433083201922974,0.684101599247413,-0.04079327905511554
swe-agent,long,125,5133,0.6440589781357796,0.6894603545684784,-0.045401376432698815
swe-agent,long,126,5135,0.6413730156899232,0.6895813047711782,-0.04820828908125496
swe-agent,long,127,4974,0.6444189008754492,0.6930036188178529,-0.04858471794240371
swe-agent,long,128,5065,0.6308473529834235,0.6981243830207305,-0.067277030037307
swe-agent,long,129,4907,0.6338492043395452,0.701446912573874,-0.06759770823432887
swe-agent,long,130,4907,0.6333454591019829,0.701446912573874,-0.06810145347189112
swe-agent,long,131,4742,0.6363534272731037,0.7053985660059047,-0.06904513873280094
swe-agent,long,132,4742,0.6360804774969586,0.7053985660059047,-0.06931808850894605
swe-agent,long,133,4534,0.6403543934435314,0.7046757829730922,-0.06432138952956079
swe-agent,long,134,4534,0.6401797467577384,0.7046757829730922,-0.06449603621535382
swe-agent,long,135,4355,0.6453028580032323,0.7044776119402985,-0.05917475393706617
swe-agent,long,136,4362,0.6459858040129579,0.7049518569463549,-0.05896605293339696
swe-agent,long,137,4231,0.6528439645156838,0.7062160245804774,-0.05337206006479356
swe-agent,long,138,4233,0.652766545329478,0.7063548310890622,-0.05358828575958419
swe-agent,long,139,4162,0.655810643944895,0.7143200384430562,-0.05850939449816128
swe-agent,long,140,4162,0.6555574876372577,0.7143200384430562,-0.05876255080579851
swe-agent,long,141,4064,0.6573430195853917,0.7165354330708661,-0.05919241348547444
swe-agent,long,142,4061,0.6568561017631064,0.7163260280719035,-0.059469926308797105
swe-agent,long,143,3982,0.6574286853571031,0.7252636865896535,-0.06783500123255037
swe-agent,long,144,3982,0.6572267825565488,0.7252636865896535,-0.0680369040331047
swe-agent,long,145,3914,0.6599183320557617,0.7304547777210015,-0.07053644566523987
swe-agent,long,146,3914,0.6596962456846462,0.7304547777210015,-0.07075853203635529
swe-agent,long,147,3789,0.6632237256130604,0.7339667458432304,-0.07074302023016998
swe-agent,long,148,3787,0.6627128613133187,0.7338262476894639,-0.07111338637614517
swe-agent,long,149,3679,0.6662008481665942,0.7387877140527317,-0.0725868658861375
swe-agent,long,150,3678,0.6658003554266625,0.7387166938553562,-0.07291633842869372
swe-agent,long,151,3512,0.6729704912781297,0.7357630979498861,-0.06279260667175646
swe-agent,long,152,3508,0.6722793207340161,0.7354618015963512,-0.06318248086233513
swe-agent,long,153,3426,0.6728278299308356,0.7399299474605955,-0.06710211752975992
swe-agent,long,154,3425,0.6725951479973131,0.7398540145985402,-0.06725886660122704
swe-agent,long,155,3349,0.6758774776400448,0.7455957002090177,-0.06971822256897287
swe-agent,long,156,3344,0.6750714604416919,0.7455143540669856,-0.07044289362529377
swe-agent,long,157,3274,0.6800833177430665,0.7501527183872938,-0.07006940064422729
swe-agent,long,158,3273,0.6796432649503693,0.7500763825236786,-0.07043311757330928
swe-agent,long,159,3193,0.6780052977746015,0.7541497024741622,-0.07614440469956074
swe-agent,long,160,3190,0.6774757391336546,0.7539184952978056,-0.07644275616415108
swe-agent,long,161,3074,0.681259373461261,0.7524398178269356,-0.07118044436567461
swe-agent,long,162,3070,0.6807352053816708,0.7521172638436482,-0.07138205846197743
swe-agent,long,163,2979,0.6858902371367963,0.75730110775428,-0.07141087061748363
swe-agent,long,164,2979,0.6856231670007492,0.75730110775428,-0.07167794075353073
swe-agent,long,165,2902,0.6907727199421123,0.7601654031702274,-0.06939268322811509
swe-agent,long,166,2901,0.690432624327688,0.7600827300930714,-0.06965010576538333
swe-agent,long,167,2800,0.6980288283187416,0.7603571428571428,-0.062328314538401264
swe-agent,long,168,2798,0.6974105960597191,0.7601858470335954,-0.06277525097387626
swe-agent,long,169,2733,0.7024936458617709,0.7647274057811928,-0.06223375991942193
swe-agent,long,170,2733,0.7020387259331518,0.7647274057811928,-0.06268867984804105
swe-agent,long,171,2677,0.7048332880490314,0.768023907358984,-0.06319061930995251
swe-agent,long,172,2676,0.7042550918107066,0.7679372197309418,-0.0636821279202352
swe-agent,long,173,2636,0.7074886509584467,0.7708649468892261,-0.06337629593077942
swe-agent,long,174,2634,0.7072868958873861,0.7706909643128322,-0.0634040684254461
swe-agent,long,175,2585,0.7134277874853722,0.7756286266924565,-0.0622008392070843
swe-agent,long,176,2585,0.7130452330694284,0.7756286266924565,-0.06258339362302812
swe-agent,long,177,2545,0.7194962408426788,0.7846758349705305,-0.06517959412785168
swe-agent,long,178,2546,0.719176628350043,0.7847604084838963,-0.06558378013385324
swe-agent,long,179,2489,0.7229974035393674,0.7898754519887505,-0.06687804844938317
swe-agent,long,180,2489,0.7224474404057255,0.7898754519887505,-0.06742801158302503
swe-agent,long,181,2430,0.7272026352453344,0.7934156378600823,-0.06621300261474794
swe-agent,long,182,2431,0.7271218972859774,0.7935006170300288,-0.0663787197440514
swe-agent,long,183,2380,0.7279130411203077,0.7983193277310925,-0.07040628661078474
swe-agent,long,184,2380,0.7272812537835611,0.7983193277310925,-0.07103807394753137
swe-agent,long,185,2331,0.7310078212193766,0.8026598026598026,-0.07165198144042606
swe-agent,long,186,2331,0.7305218860507721,0.8026598026598026,-0.07213791660903057
swe-agent,long,187,2268,0.7411348651352563,0.8077601410934744,-0.0666252759582181
swe-agent,long,188,2268,0.7406945348695598,0.8077601410934744,-0.06706560622391455
swe-agent,long,189,2195,0.7469729599202002,0.8109339407744874,-0.06396098085428725
swe-agent,long,190,2193,0.7464498240761909,0.8107615139078888,-0.06431168983169788
swe-agent,long,191,2154,0.7506597432794918,0.8156917363045497,-0.06503199302505791
swe-agent,long,192,1780,0.6585526506798555,0.7780898876404494,-0.11953723696059393
swe-agent,long,193,1754,0.6597529449843117,0.7839224629418472,-0.1241695179575355
swe-agent,long,194,1755,0.6595529718154308,0.784045584045584,-0.12449261223015318
swe-agent,long,195,1719,0.6595559166509563,0.7911576497963932,-0.131601733145437
swe-agent,long,196,1720,0.6589462779873009,0.7912790697674419,-0.132332791780141
swe-agent,long,197,1684,0.6642302723208662,0.7969121140142518,-0.1326818416933856
swe-agent,long,198,1684,0.663422978089216,0.7969121140142518,-0.13348913592503575
swe-agent,long,199,1655,0.6679687083086929,0.8084592145015106,-0.14049050619281767
swe-agent,long,200,1655,0.6678622196392229,0.8084592145015106,-0.14059699486228772
swe-agent,long,201,1599,0.6714155477751201,0.8136335209505942,-0.14221797317547402
swe-agent,long,202,1600,0.6710061551252336,0.81375,-0.14274384487476632
swe-agent,long,203,1529,0.672422494097222,0.8175277959450621,-0.1451053018478401
swe-agent,long,204,1529,0.6724122337097527,0.8175277959450621,-0.14511556223530941
swe-agent,long,205,1488,0.682797959359556,0.8205645161290323,-0.13776655676947624
swe-agent,long,206,1488,0.6823907079281869,0.8205645161290323,-0.13817380820084535
swe-agent,long,207,1480,0.6811852176608056,0.8304054054054054,-0.14922018774459977
swe-agent,long,208,1480,0.6809196889606347,0.8304054054054054,-0.1494857164447707
swe-agent,long,209,1444,0.6831634169143912,0.8358725761772853,-0.15270915926289408
swe-agent,long,210,1444,0.6830615334208584,0.8358725761772853,-0.15281104275642687
swe-agent,long,211,1411,0.6889527543645451,0.8440822111977321,-0.15512945683318702
swe-agent,long,212,1411,0.6883677642449006,0.8440822111977321,-0.15571444695283143
swe-agent,long,213,1357,0.688033266773879,0.8489314664701547,-0.16089819969627572
swe-agent,long,214,1357,0.687570521271551,0.8489314664701547,-0.16136094519860367
swe-agent,long,215,1303,0.697191991648606,0.8488104374520338,-0.15161844580342776
swe-agent,long,216,1303,0.6971646020954811,0.8488104374520338,-0.15164583535655263
swe-agent,long,217,1262,0.7034458189023793,0.8518225039619651,-0.1483766850595858
swe-agent,long,218,1262,0.7035219592720415,0.8518225039619651,-0.1483005446899236
swe-agent,long,219,1229,0.7040007133652915,0.8543531326281529,-0.15035241926286147
swe-agent,long,220,1230,0.7043049043887175,0.8544715447154472,-0.15016664032672966
swe-agent,long,221,1205,0.7019268792434408,0.8556016597510373,-0.15367478050759653
swe-agent,long,222,1205,0.7021605156506087,0.8556016597510373,-0.15344114410042864
swe-agent,long,223,1151,0.7069123623897884,0.8549087749782798,-0.1479964125884914
swe-agent,long,224,1151,0.7069377591435027,0.8549087749782798,-0.14797101583477712
swe-agent,long,225,1137,0.7082536679723194,0.8583992963940194,-0.15014562842169998
swe-agent,long,226,1137,0.708475480633608,0.8583992963940194,-0.14992381576041136
swe-agent,long,227,1113,0.7126683695538634,0.8616352201257862,-0.14896685057192283
swe-agent,long,228,1113,0.71271361388016,0.8616352201257862,-0.14892160624562623
swe-agent,long,229,1080,0.714111489096264,0.862037037037037,-0.14792554794077306
swe-agent,long,230,1080,0.7139422118285291,0.862037037037037,-0.14809482520850792
swe-agent,long,231,1071,0.7144119034836376,0.8636788048552755,-0.1492669013716379
swe-agent,long,232,1071,0.7144226146226996,0.8636788048552755,-0.14925619023257586
swe-agent,long,233,1054,0.7227006461966602,0.8624288425047438,-0.13972819630808364
swe-agent,long,234,1054,0.7228188703027977,0.8624288425047438,-0.13960997220194615
swe-agent,long,235,1030,0.7265970253017064,0.8631067961165049,-0.13650977081479843
swe-agent,long,236,1030,0.7264789770097689,0.8631067961165049,-0.13662781910673594
swe-agent,long,237,1009,0.7278554000519093,0.865213082259663,-0.13735768220775368
swe-agent,long,238,1009,0.7278805149606735,0.865213082259663,-0.13733256729898946
swe-agent,long,239,1002,0.7250348778801871,0.8672654690618763,-0.14223059118168924
swe-agent,long,240,1002,0.7249241309944084,0.8672654690618763,-0.14234133806746785
swe-agent,long,241,978,0.7306068602948673,0.8660531697341514,-0.13544630943928404
swe-agent,long,242,978,0.7308656708946683,0.8660531697341514,-0.1351874988394831
swe-agent,long,243,958,0.7347771368630656,0.8684759916492694,-0.1336988547862038
swe-agent,long,244,958,0.7347564658929887,0.8684759916492694,-0.13371952575628065
swe-agent,long,245,932,0.7343802043657093,0.8669527896995708,-0.13257258533386151
swe-agent,long,246,932,0.7342876774698749,0.8669527896995708,-0.1326651122296959
swe-agent,long,247,923,0.7343329722563209,0.8689057421451788,-0.1345727698888579
swe-agent,long,248,923,0.7341438480820015,0.8689057421451788,-0.1347618940631773
swe-agent,long,249,917,0.7353321721329427,0.8724100327153762,-0.13707786058243354
swe-agent,long,250,917,0.734100030551837,0.8724100327153762,-0.13831000216353917
swe-agent,long,251,888,0.7388596978294187,0.8704954954954955,-0.1316357976660768
swe-agent,long,252,888,0.7389281371269851,0.8704954954954955,-0.1315673583685104
swe-agent,long,253,888,0.7392363366686525,0.875,-0.13576366333134748
swe-agent,long,254,888,0.739172450312346,0.875,-0.13582754968765398
swe-agent,long,255,865,0.7420060570205884,0.8739884393063584,-0.13198238228576997
swe-agent,long,256,865,0.7421585945141664,0.8739884393063584,-0.13182984479219195
swe-agent,long,257,854,0.7451898807440984,0.8758782201405152,-0.13068833939641677
swe-agent,long,258,854,0.7441294099670296,0.8758782201405152,-0.1317488101734856
swe-agent,long,259,844,0.7413538444345787,0.8803317535545023,-0.13897790911992358
swe-agent,long,260,844,0.7414774079296729,0.8803317535545023,-0.13885434562482946
swe-agent,long,261,825,0.7476063020876587,0.8836363636363637,-0.136030061548705
swe-agent,long,262,825,0.7473245448495794,0.8836363636363637,-0.13631181878678422
swe-agent,long,263,816,0.7466632024547835,0.8848039215686274,-0.13814071911384396
swe-agent,long,264,816,0.7466234927733492,0.8848039215686274,-0.13818042879527825
swe-agent,long,265,802,0.748342761789279,0.8865336658354115,-0.13819090404613243
swe-agent,long,266,802,0.7481093328225112,0.8865336658354115,-0.13842433301290025
swe-agent,long,267,785,0.748733485249931,0.8866242038216561,-0.13789071857172508
swe-agent,long,268,785,0.7485845012110276,0.8866242038216561,-0.13803970261062848
swe-agent,long,269,767,0.746525776396053,0.8878748370273793,-0.14134906063132635
swe-agent,long,270,767,0.7461890450048888,0.8878748370273793,-0.14168579202249054
swe-agent,long,271,749,0.7459001055747501,0.8891855807743658,-0.14328547519961576
swe-agent,long,272,749,0.7457244288902489,0.8891855807743658,-0.1434611518841169
swe-agent,long,273,736,0.7458780293302429,0.8913043478260869,-0.14542631849584398
swe-agent,long,274,737,0.7457404696342264,0.8914518317503393,-0.1457113621161129
swe-agent,long,275,722,0.745267779852841,0.8919667590027701,-0.14669897914992913
swe-agent,long,276,722,0.745533401539518,0.8919667590027701,-0.14643335746325215
swe-agent,long,277,716,0.749598855958662,0.8938547486033519,-0.14425589264468985
swe-agent,long,278,716,0.7497818005414422,0.8938547486033519,-0.14407294806190973
swe-agent,long,279,714,0.7529830225703996,0.896358543417367,-0.14337552084696736
swe-agent,long,280,714,0.7529798276584826,0.896358543417367,-0.1433787157588844
swe-agent,long,281,701,0.7545540978120217,0.8972895863052782,-0.14273548849325657
swe-agent,long,282,701,0.7547913433563052,0.8972895863052782,-0.14249824294897306
swe-agent,long,283,695,0.7549787784796732,0.8992805755395683,-0.1443017970598951
swe-agent,long,284,695,0.7549634062204816,0.8992805755395683,-0.14431716931908667
swe-agent,long,285,689,0.7516072859965511,0.9027576197387518,-0.15115033374220066
swe-agent,long,286,689,0.7516898379658955,0.9027576197387518,-0.1510677817728563
swe-agent,long,287,675,0.755478040769119,0.9037037037037037,-0.14822566293458472
swe-agent,long,288,675,0.7557605354600427,0.9037037037037037,-0.14794316824366094
swe-agent,long,289,675,0.7568681460952249,0.9066666666666666,-0.14979852057144172
swe-agent,long,290,675,0.7566937690319592,0.9066666666666666,-0.14997289763470745
swe-agent,long,291,673,0.7564309931825758,0.9093610698365527,-0.15293007665397695
swe-agent,long,292,673,0.7563850783521141,0.9093610698365527,-0.15297599148443863
swe-agent,long,293,658,0.7545385852368908,0.9103343465045592,-0.15579576126766848
swe-agent,long,294,658,0.7546338386920011,0.9103343465045592,-0.15570050781255818
swe-agent,long,295,636,0.7639105273740219,0.9119496855345912,-0.14803915816056934
swe-agent,long,296,636,0.7639511497951681,0.9119496855345912,-0.14799853573942312
swe-agent,long,297,627,0.7635626276118762,0.9122807017543859,-0.1487180741425097
swe-agent,long,298,621,0.761757087150183,0.9114331723027376,-0.1496760851525546
swe-agent,long,299,612,0.7644247395045816,0.9101307189542484,-0.1457059794496668
swe-agent,long,300,612,0.7643177707208633,0.9101307189542484,-0.1458129482333851
swe-agent,long,301,605,0.7691561546804548,0.9107438016528926,-0.14158764697243775
swe-agent,long,302,605,0.7690666818637094,0.9107438016528926,-0.14167711978918318
swe-agent,long,303,598,0.767160652748528,0.9096989966555183,-0.14253834390699038
swe-agent,long,304,598,0.7673933660622008,0.9096989966555183,-0.14230563059331758
swe-agent,long,305,584,0.773664568456037,0.9075342465753424,-0.1338696781193054
swe-agent,long,306,584,0.7734764452615537,0.9075342465753424,-0.13405780131378875
swe-agent,long,307,583,0.7723102198537378,0.9125214408233276,-0.14021122096958982
swe-agent,long,308,583,0.7722381670188818,0.9125214408233276,-0.14028327380444583
swe-agent,long,309,572,0.7753221705461889,0.9125874125874126,-0.1372652420412237
swe-agent,long,310,572,0.775121510374223,0.9125874125874126,-0.13746590221318955
swe-agent,long,311,561,0.7729870962974466,0.9144385026737968,-0.14145140637635023
swe-agent,long,312,561,0.7731802038434954,0.9144385026737968,-0.1412582988303014
swe-agent,long,313,553,0.7764786428898185,0.9150090415913201,-0.13853039870150163
swe-agent,long,314,553,0.7764786428898185,0.9150090415913201,-0.13853039870150163
swe-agent,long,315,544,0.7790215843528732,0.9136029411764706,-0.1345813568235974
swe-agent,long,316,544,0.7790215843528732,0.9136029411764706,-0.1345813568235974
swe-agent,long,317,537,0.7805160737931279,0.9143389199255121,-0.13382284613238415
swe-agent,long,318,537,0.7807149291320832,0.9143389199255121,-0.1336239907934289
swe-agent,long,319,535,0.779667707869585,0.9177570093457944,-0.13808930147620946
swe-agent,long,320,535,0.7796286413819203,0.9177570093457944,-0.13812836796387407
swe-agent,long,321,533,0.7751182565799991,0.9212007504690432,-0.14608249388904404
swe-agent,long,322,533,0.7750951652248254,0.9212007504690432,-0.1461055852442178
swe-agent,long,323,522,0.7795964135646001,0.9195402298850575,-0.13994381632045738
swe-agent,long,324,522,0.779836284392649,0.9195402298850575,-0.1397039454924085
swe-agent,long,325,517,0.7837356130532693,0.9206963249516441,-0.13696071189837478
swe-agent,long,326,517,0.7837356130532693,0.9206963249516441,-0.13696071189837478
swe-agent,long,327,510,0.7893295289260341,0.9235294117647059,-0.1341998828386718
swe-agent,long,328,510,0.7893295289260341,0.9235294117647059,-0.1341998828386718
swe-agent,long,329,510,0.791098021511457,0.9274509803921569,-0.13635295888069987
swe-agent,long,330,510,0.7912990615948501,0.9274509803921569,-0.13615191879730681
swe-agent,long,331,505,0.7883119397467646,0.9287128712871288,-0.14040093154036415
swe-agent,long,332,505,0.7884525623476126,0.9287128712871288,-0.14026030893951613
swe-agent,long,333,502,0.7883723400737003,0.9302788844621513,-0.14190654438845107
swe-agent,long,334,502,0.7884420443340103,0.9302788844621513,-0.14183684012814102
swe-agent,long,335,496,0.7894108586141783,0.9334677419354839,-0.14405688332130562
swe-agent,long,336,496,0.7894108586141783,0.9334677419354839,-0.14405688332130562
swe-agent,long,337,484,0.7883615461273256,0.9318181818181818,-0.1434566356908562
swe-agent,long,338,484,0.7883615461273256,0.9318181818181818,-0.1434566356908562
swe-agent,long,339,482,0.7874482106857797,0.9315352697095436,-0.14408705902376384
swe-agent,long,340,482,0.7874482106857797,0.9315352697095436,-0.14408705902376384
swe-agent,long,341,471,0.7851512734556216,0.9320594479830149,-0.14690817452739324
swe-agent,long,342,471,0.7851815585177538,0.9320594479830149,-0.14687788946526104
swe-agent,long,343,471,0.7849623331163903,0.9320594479830149,-0.14709711486662458
swe-agent,long,344,471,0.78483878820095,0.9320594479830149,-0.1472206597820649
swe-agent,long,345,460,0.7921851265935627,0.9326086956521739,-0.1404235690586112
swe-agent,long,346,460,0.7925043122388351,0.9326086956521739,-0.14010438341333875
swe-agent,long,347,460,0.7936408302264725,0.9326086956521739,-0.1389678654257014
swe-agent,long,348,460,0.7937667325262878,0.9326086956521739,-0.13884196312588604
swe-agent,long,349,454,0.7905745653056292,0.933920704845815,-0.14334613954018582
swe-agent,long,350,454,0.7905745653056292,0.933920704845815,-0.14334613954018582
swe-agent,long,351,452,0.7904706618851712,0.9358407079646017,-0.1453700460794305
swe-agent,long,352,452,0.7906953044991943,0.9358407079646017,-0.14514540346540739
swe-agent,long,353,443,0.7940076754190836,0.9345372460496614,-0.1405295706305778
swe-agent,long,354,443,0.7940076754190836,0.9345372460496614,-0.1405295706305778
swe-agent,long,355,436,0.797750157867035,0.9334862385321101,-0.13573608066507514
swe-agent,long,356,436,0.797750157867035,0.9334862385321101,-0.13573608066507514
swe-agent,long,357,432,0.7984197764744269,0.9351851851851852,-0.13676540871075837
swe-agent,long,358,432,0.7986488139583665,0.9351851851851852,-0.13653637122681872
swe-agent,long,359,432,0.796543986326319,0.9375,-0.14095601367368105
swe-agent,long,360,432,0.7965922488745814,0.9375,-0.14090775112541865
swe-agent,long,361,426,0.7923512171820312,0.9389671361502347,-0.14661591896820358
swe-agent,long,362,426,0.7925846377177533,0.9389671361502347,-0.1463824984324814
swe-agent,long,363,405,0.8058609839494653,0.9358024691358025,-0.1299414851863372
swe-agent,long,364,405,0.8058609839494653,0.9358024691358025,-0.1299414851863372
swe-agent,long,365,405,0.8068668715088361,0.9382716049382716,-0.13140473342943548
swe-agent,long,366,405,0.8068264270239471,0.9382716049382716,-0.13144517791432442
swe-agent,long,367,397,0.8051689410631564,0.9395465994962217,-0.13437765843306526
swe-agent,long,368,397,0.8051689410631564,0.9395465994962217,-0.13437765843306526
swe-agent,long,369,397,0.8038631352053606,0.9445843828715366,-0.140721247666176
swe-agent,long,370,397,0.8038067213177936,0.9445843828715366,-0.14077766155374294
swe-agent,long,371,390,0.8094033354048877,0.9487179487179487,-0.13931461331306094
swe-agent,long,372,390,0.8094398264280961,0.9487179487179487,-0.1392781222898526
swe-agent,long,373,390,0.8094066439243253,0.9487179487179487,-0.13931130479362341
swe-agent,long,374,390,0.809521042346416,0.9487179487179487,-0.1391969063715327
swe-agent,long,375,390,0.8119766755952744,0.9512820512820512,-0.1393053756867768
swe-agent,long,376,390,0.8118254586998715,0.9512820512820512,-0.13945659258217968
swe-agent,long,377,387,0.8118173270563466,0.9509043927648578,-0.13908706570851126
swe-agent,long,378,387,0.8116019954456661,0.9509043927648578,-0.1393023973191917
swe-agent,long,379,387,0.8117265385934651,0.9509043927648578,-0.13917785417139272
swe-agent,long,380,387,0.8117265385934651,0.9509043927648578,-0.13917785417139272
swe-agent,long,381,383,0.8139577408980739,0.95822454308094,-0.14426680218286603
swe-agent,long,382,383,0.8139755479982096,0.95822454308094,-0.14424899508273037
swe-agent,long,383,379,0.8129495953958403,0.9604221635883905,-0.14747256819255017
swe-agent,long,384,379,0.812614277953434,0.9604221635883905,-0.1478078856349565
swe-agent,long,385,367,0.8174608110392246,0.9591280653950953,-0.1416672543558707
swe-agent,long,386,367,0.8170793396495787,0.9591280653950953,-0.14204872574551664
swe-agent,long,387,367,0.8168761996832162,0.9645776566757494,-0.14770145699253312
swe-agent,long,388,367,0.8169151253352209,0.9645776566757494,-0.14766253134052842
swe-agent,long,389,349,0.8297200532788245,0.9627507163323782,-0.1330306630535537
swe-agent,long,390,349,0.8296607705992474,0.9627507163323782,-0.13308994573313082
swe-agent,long,391,336,0.8233922254966916,0.9613095238095238,-0.13791729831283228
swe-agent,long,392,336,0.8233922254966916,0.9613095238095238,-0.13791729831283228
swe-agent,long,393,328,0.8203099485494978,0.9603658536585366,-0.14005590510903876
swe-agent,long,394,328,0.8200243461403457,0.9603658536585366,-0.14034150751819086
swe-agent,long,395,311,0.8214270228126831,0.9614147909967846,-0.13998776818410152
swe-agent,long,396,311,0.8213139526031499,0.9614147909967846,-0.14010083839363474
swe-agent,long,397,311,0.8225597108707733,0.9678456591639871,-0.14528594829321384
swe-agent,long,398,311,0.8225597108707733,0.9678456591639871,-0.14528594829321384
swe-agent,long,399,310,0.8204803173020605,0.9709677419354839,-0.15048742463342335
swe-agent,long,400,310,0.8204803173020605,0.9709677419354839,-0.15048742463342335
swe-agent,long,401,306,0.8263873708125286,0.9771241830065359,-0.15073681219400736
swe-agent,long,402,306,0.8263873708125286,0.9771241830065359,-0.15073681219400736
swe-agent,long,403,305,0.8276313154246157,0.9770491803278688,-0.14941786490325315
swe-agent,long,404,305,0.8268425949648669,0.9770491803278688,-0.1502065853630019
swe-agent,long,405,299,0.8306914526526036,0.979933110367893,-0.1492416577152894
swe-agent,long,406,299,0.8306585020949157,0.979933110367893,-0.14927460827297734
swe-agent,long,407,293,0.8391157875079357,0.9795221843003413,-0.14040639679240563
swe-agent,long,408,293,0.8391157875079357,0.9795221843003413,-0.14040639679240563
swe-agent,long,409,279,0.8441379542278222,0.978494623655914,-0.13435666942809177
swe-agent,long,410,279,0.8441379542278222,0.978494623655914,-0.13435666942809177
swe-agent,long,411,279,0.8457984143203564,0.978494623655914,-0.1326962093355576
swe-agent,long,412,279,0.8455386875529158,0.978494623655914,-0.13295593610299816
swe-agent,long,413,277,0.8444956455857888,0.9783393501805054,-0.13384370459471662
swe-agent,long,414,277,0.8444956455857888,0.9783393501805054,-0.13384370459471662
swe-agent,long,415,270,0.8537276421907379,0.9777777777777777,-0.12405013558703981
swe-agent,long,416,270,0.8537276421907379,0.9777777777777777,-0.12405013558703981
swe-agent,long,417,266,0.8516599665819454,0.9774436090225563,-0.1257836424406109
swe-agent,long,418,266,0.8516599665819454,0.9774436090225563,-0.1257836424406109
swe-agent,long,419,264,0.8506026324638131,0.9772727272727273,-0.12667009480891422
swe-agent,long,420,264,0.8506026324638131,0.9772727272727273,-0.12667009480891422
swe-agent,long,421,258,0.8471795198615998,0.9806201550387597,-0.13344063517715987
swe-agent,long,422,259,0.8475084048918853,0.9806949806949807,-0.13318657580309545
swe-agent,long,423,251,0.852674979484144,0.9800796812749004,-0.12740470179075647
swe-agent,long,424,251,0.8529015862844559,0.9800796812749004,-0.12717809499044452
swe-agent,long,425,251,0.8530318389129106,0.9840637450199203,-0.13103190610700977
swe-agent,long,426,251,0.8530318389129106,0.9840637450199203,-0.13103190610700977
swe-agent,long,427,244,0.8622702054125236,0.9877049180327869,-0.1254347126202633
swe-agent,long,428,244,0.8622702054125236,0.9877049180327869,-0.1254347126202633
swe-agent,long,429,239,0.8604589321616735,0.9874476987447699,-0.12698876658309644
swe-agent,long,430,239,0.8606059871153358,0.9874476987447699,-0.12684171162943414
swe-agent,long,431,233,0.8739082005883219,0.9871244635193133,-0.11321626293099141
swe-agent,long,432,233,0.8739082005883219,0.9871244635193133,-0.11321626293099141
swe-agent,long,433,232,0.8733647014529269,0.9870689655172413,-0.11370426406431444
swe-agent,long,434,232,0.8733647014529269,0.9870689655172413,-0.11370426406431444
swe-agent,long,435,232,0.8733647014529269,0.9870689655172413,-0.11370426406431444
swe-agent,long,436,232,0.8733647014529269,0.9870689655172413,-0.11370426406431444
swe-agent,long,437,232,0.8733647014529269,0.9870689655172413,-0.11370426406431444
swe-agent,long,438,232,0.8733647014529269,0.9870689655172413,-0.11370426406431444
swe-agent,long,439,232,0.8751993487796519,0.9870689655172413,-0.11186961673758944
swe-agent,long,440,232,0.8755515011348469,0.9870689655172413,-0.1115174643823944
swe-agent,long,441,226,0.8683618379228505,0.9911504424778761,-0.1227886045550256
swe-agent,long,442,226,0.8683618379228505,0.9911504424778761,-0.1227886045550256
swe-agent,long,443,222,0.8668908800475867,0.990990990990991,-0.12410011094340423
swe-agent,long,444,222,0.8668908800475867,0.990990990990991,-0.12410011094340423
swe-agent,long,445,217,0.863943857314428,0.9907834101382489,-0.12683955282382087
swe-agent,long,446,217,0.863943857314428,0.9907834101382489,-0.12683955282382087
swe-agent,long,447,208,0.8595692036561006,0.9903846153846154,-0.13081541172851485
swe-agent,long,448,208,0.8601372167241136,0.9903846153846154,-0.13024739866050183
swe-agent,long,449,208,0.8601372167241136,0.9903846153846154,-0.13024739866050183
swe-agent,long,450,208,0.8601372167241136,0.9903846153846154,-0.13024739866050183
swe-agent,long,451,207,0.8594615511044233,0.9903381642512077,-0.13087661314678434
swe-agent,long,452,207,0.8594615511044233,0.9903381642512077,-0.13087661314678434
swe-agent,long,453,206,0.8587793256243474,0.9902912621359223,-0.1315119365115749
swe-agent,long,454,206,0.8587793256243474,0.9902912621359223,-0.1315119365115749
swe-agent,long,455,206,0.8587793256243474,0.9902912621359223,-0.1315119365115749
swe-agent,long,456,206,0.8587793256243474,0.9902912621359223,-0.1315119365115749
swe-agent,long,457,206,0.8622813339807249,0.9951456310679612,-0.13286429708723624
swe-agent,long,458,206,0.8622813339807249,0.9951456310679612,-0.13286429708723624
swe-agent,long,459,206,0.8583791681853551,1.0,-0.1416208318146449
swe-agent,long,460,206,0.8583791681853551,1.0,-0.1416208318146449
swe-agent,long,461,206,0.8583791681853551,1.0,-0.1416208318146449
swe-agent,long,462,206,0.8583791681853551,1.0,-0.1416208318146449
swe-agent,long,463,200,0.8545850886854612,1.0,-0.14541491131453876
swe-agent,long,464,200,0.8545850886854612,1.0,-0.14541491131453876
swe-agent,long,465,198,0.8542827946810518,1.0,-0.14571720531894816
swe-agent,long,466,198,0.854033563858934,1.0,-0.14596643614106597
swe-agent,long,467,188,0.8649630819348881,1.0,-0.13503691806511187
swe-agent,long,468,188,0.8649630819348881,1.0,-0.13503691806511187
swe-agent,long,469,188,0.8649630819348881,1.0,-0.13503691806511187
swe-agent,long,470,188,0.8649630819348881,1.0,-0.13503691806511187
swe-agent,long,471,188,0.8649630819348881,1.0,-0.13503691806511187
swe-agent,long,472,188,0.8649630819348881,1.0,-0.13503691806511187
swe-agent,long,473,188,0.8649630819348881,1.0,-0.13503691806511187
swe-agent,long,474,188,0.8649630819348881,1.0,-0.13503691806511187
swe-agent,long,475,188,0.8649630819348881,1.0,-0.13503691806511187
swe-agent,long,476,188,0.8649630819348881,1.0,-0.13503691806511187
swe-agent,long,477,188,0.8649630819348881,1.0,-0.13503691806511187
swe-agent,long,478,188,0.8649630819348881,1.0,-0.13503691806511187
swe-agent,long,479,182,0.8617891073807358,1.0,-0.13821089261926423
swe-agent,long,480,182,0.8617891073807358,1.0,-0.13821089261926423
swe-agent,long,481,182,0.8617891073807358,1.0,-0.13821089261926423
swe-agent,long,482,182,0.8617891073807358,1.0,-0.13821089261926423
swe-agent,long,483,182,0.8617891073807358,1.0,-0.13821089261926423
swe-agent,long,484,182,0.8617891073807358,1.0,-0.13821089261926423
swe-agent,long,485,182,0.8617891073807358,1.0,-0.13821089261926423
swe-agent,long,486,182,0.8617891073807358,1.0,-0.13821089261926423
swe-agent,long,487,174,0.8562525188490114,1.0,-0.14374748115098857
swe-agent,long,488,174,0.8562525188490114,1.0,-0.14374748115098857
swe-agent,long,489,174,0.8562525188490114,1.0,-0.14374748115098857
swe-agent,long,490,174,0.8562525188490114,1.0,-0.14374748115098857
swe-agent,long,491,172,0.8546973155798139,1.0,-0.14530268442018612
swe-agent,long,492,172,0.8546973155798139,1.0,-0.14530268442018612
swe-agent,long,493,165,0.8678180045906971,1.0,-0.13218199540930287
swe-agent,long,494,165,0.8678180045906971,1.0,-0.13218199540930287
swe-agent,long,495,165,0.8678180045906971,1.0,-0.13218199540930287
swe-agent,long,496,165,0.8678180045906971,1.0,-0.13218199540930287
swe-agent,long,497,165,0.8678180045906971,1.0,-0.13218199540930287
swe-agent,long,498,165,0.8678180045906971,1.0,-0.13218199540930287
swe-agent,long,499,165,0.8678180045906971,1.0,-0.13218199540930287
swe-agent,long,500,165,0.8678180045906971,1.0,-0.13218199540930287
swe-agent,long,501,164,0.8670120168138111,1.0,-0.13298798318618887
swe-agent,long,502,164,0.8670120168138111,1.0,-0.13298798318618887
swe-agent,long,503,164,0.8670120168138111,1.0,-0.13298798318618887
swe-agent,long,504,164,0.8670120168138111,1.0,-0.13298798318618887
swe-agent,long,505,164,0.8670120168138111,1.0,-0.13298798318618887
swe-agent,long,506,164,0.8670120168138111,1.0,-0.13298798318618887
swe-agent,long,507,157,0.8822187411782211,1.0,-0.11778125882177892
swe-agent,long,508,157,0.8822187411782211,1.0,-0.11778125882177892
swe-agent,long,509,152,0.8785156844187331,1.0,-0.12148431558126693
swe-agent,long,510,152,0.8785156844187331,1.0,-0.12148431558126693
swe-agent,long,511,152,0.8785156844187331,1.0,-0.12148431558126693
swe-agent,long,512,152,0.8785156844187331,1.0,-0.12148431558126693
swe-agent,long,513,145,0.87295151419285,1.0,-0.12704848580715
swe-agent,long,514,145,0.87295151419285,1.0,-0.12704848580715
swe-agent,long,515,140,0.8686000801759277,1.0,-0.1313999198240723
swe-agent,long,516,140,0.8686000801759277,1.0,-0.1313999198240723
swe-agent,long,517,138,0.8668228629295579,1.0,-0.1331771370704421
swe-agent,long,518,138,0.8668228629295579,1.0,-0.1331771370704421
swe-agent,long,519,128,0.8574219377721657,1.0,-0.1425780622278343
swe-agent,long,520,128,0.8574219377721657,1.0,-0.1425780622278343
swe-agent,long,521,128,0.8574219377721657,1.0,-0.1425780622278343
swe-agent,long,522,128,0.8574219377721657,1.0,-0.1425780622278343
swe-agent,long,523,127,0.8562992758648599,1.0,-0.14370072413514012
swe-agent,long,524,127,0.8562992758648599,1.0,-0.14370072413514012
swe-agent,long,525,127,0.8562992758648599,1.0,-0.14370072413514012
swe-agent,long,526,127,0.8562992758648599,1.0,-0.14370072413514012
swe-agent,long,527,127,0.8562992758648599,1.0,-0.14370072413514012
swe-agent,long,528,127,0.8562992758648599,1.0,-0.14370072413514012
swe-agent,long,529,127,0.8562992758648599,1.0,-0.14370072413514012
swe-agent,long,530,127,0.8562992758648599,1.0,-0.14370072413514012
swe-agent,long,531,116,0.8436806792449394,1.0,-0.1563193207550606
swe-agent,long,532,116,0.8436806792449394,1.0,-0.1563193207550606
swe-agent,long,533,116,0.8436806792449394,1.0,-0.1563193207550606
swe-agent,long,534,116,0.8436806792449394,1.0,-0.1563193207550606
swe-agent,long,535,116,0.8436806792449394,1.0,-0.1563193207550606
swe-agent,long,536,116,0.8436806792449394,1.0,-0.1563193207550606
swe-agent,long,537,109,0.863249830455832,1.0,-0.13675016954416797
swe-agent,long,538,109,0.863249830455832,1.0,-0.13675016954416797
swe-agent,long,539,109,0.863249830455832,1.0,-0.13675016954416797
swe-agent,long,540,109,0.863249830455832,1.0,-0.13675016954416797
swe-agent,long,541,109,0.863249830455832,1.0,-0.13675016954416797
swe-agent,long,542,109,0.863249830455832,1.0,-0.13675016954416797
swe-agent,long,543,104,0.8569257037149265,1.0,-0.1430742962850735
swe-agent,long,544,104,0.8569257037149265,1.0,-0.1430742962850735
swe-agent,long,545,96,0.8461325639261511,1.0,-0.1538674360738489
swe-agent,long,546,96,0.8461325639261511,1.0,-0.1538674360738489
swe-agent,long,547,96,0.8461325639261511,1.0,-0.1538674360738489
swe-agent,long,548,96,0.8461325639261511,1.0,-0.1538674360738489
swe-agent,long,549,96,0.8461325639261511,1.0,-0.1538674360738489
swe-agent,long,550,96,0.8461325639261511,1.0,-0.1538674360738489
swe-agent,long,551,96,0.8461325639261511,1.0,-0.1538674360738489
swe-agent,long,552,96,0.8461325639261511,1.0,-0.1538674360738489
swe-agent,long,553,96,0.8461325639261511,1.0,-0.1538674360738489
swe-agent,long,554,96,0.8461325639261511,1.0,-0.1538674360738489
swe-agent,long,555,94,0.8430454254953151,1.0,-0.15695457450468486
swe-agent,long,556,94,0.8430454254953151,1.0,-0.15695457450468486
swe-agent,long,557,89,0.8345203557665872,1.0,-0.16547964423341277
swe-agent,long,558,89,0.8345203557665872,1.0,-0.16547964423341277
swe-agent,long,559,87,0.8309178795732801,1.0,-0.16908212042671988
swe-agent,long,560,87,0.8309178795732801,1.0,-0.16908212042671988
swe-agent,long,561,87,0.8309178795732801,1.0,-0.16908212042671988
swe-agent,long,562,87,0.8309178795732801,1.0,-0.16908212042671988
swe-agent,long,563,85,0.8271458750885234,1.0,-0.17285412491147656
swe-agent,long,564,85,0.8271458750885234,1.0,-0.17285412491147656
swe-agent,long,565,85,0.8271458750885234,1.0,-0.17285412491147656
swe-agent,long,566,85,0.8271458750885234,1.0,-0.17285412491147656
swe-agent,long,567,85,0.8271458750885234,1.0,-0.17285412491147656
swe-agent,long,568,85,0.8271458750885234,1.0,-0.17285412491147656
swe-agent,long,569,85,0.8271458750885234,1.0,-0.17285412491147656
swe-agent,long,570,85,0.8271458750885234,1.0,-0.17285412491147656
swe-agent,long,571,78,0.8131170802963209,1.0,-0.1868829197036791
swe-agent,long,572,78,0.8131170802963209,1.0,-0.1868829197036791
swe-agent,long,573,76,0.8084299489837126,1.0,-0.19157005101628743
swe-agent,long,574,76,0.8084299489837126,1.0,-0.19157005101628743
swe-agent,long,575,76,0.8084299489837126,1.0,-0.19157005101628743
swe-agent,long,576,76,0.8084299489837126,1.0,-0.19157005101628743
swe-agent,long,577,76,0.8084299489837126,1.0,-0.19157005101628743
swe-agent,long,578,76,0.8084299489837126,1.0,-0.19157005101628743
swe-agent,long,579,76,0.8084299489837126,1.0,-0.19157005101628743
swe-agent,long,580,76,0.8084299489837126,1.0,-0.19157005101628743
swe-agent,long,581,76,0.8084299489837126,1.0,-0.19157005101628743
swe-agent,long,582,76,0.8084299489837126,1.0,-0.19157005101628743
swe-agent,long,583,76,0.8084299489837126,1.0,-0.19157005101628743
swe-agent,long,584,76,0.8084299489837126,1.0,-0.19157005101628743
swe-agent,long,585,76,0.8084299489837126,1.0,-0.19157005101628743
swe-agent,long,586,76,0.8084299489837126,1.0,-0.19157005101628743
swe-agent,long,587,76,0.8084299489837126,1.0,-0.19157005101628743
swe-agent,long,588,76,0.8084299489837126,1.0,-0.19157005101628743
swe-agent,long,589,76,0.8084299489837126,1.0,-0.19157005101628743
swe-agent,long,590,76,0.8084299489837126,1.0,-0.19157005101628743
swe-agent,long,591,71,0.7953058843581524,1.0,-0.20469411564184758
swe-agent,long,592,71,0.7953058843581524,1.0,-0.20469411564184758
swe-agent,long,593,69,0.7896269804214194,1.0,-0.21037301957858057
swe-agent,long,594,69,0.7896269804214194,1.0,-0.21037301957858057
swe-agent,long,595,69,0.7896269804214194,1.0,-0.21037301957858057
swe-agent,long,596,69,0.7896269804214194,1.0,-0.21037301957858057
swe-agent,long,597,69,0.7896269804214194,1.0,-0.21037301957858057
swe-agent,long,598,69,0.7896269804214194,1.0,-0.21037301957858057
swe-agent,long,599,69,0.7896269804214194,1.0,-0.21037301957858057
swe-agent,long,600,69,0.7896269804214194,1.0,-0.21037301957858057
swe-agent,long,601,69,0.7896269804214194,1.0,-0.21037301957858057
swe-agent,long,602,69,0.7896269804214194,1.0,-0.21037301957858057
swe-agent,long,603,69,0.7896269804214194,1.0,-0.21037301957858057
swe-agent,long,604,69,0.7896269804214194,1.0,-0.21037301957858057
swe-agent,long,605,63,0.7710344561902703,1.0,-0.22896554380972967
swe-agent,long,606,63,0.7710344561902703,1.0,-0.22896554380972967
swe-agent,long,607,63,0.7710344561902703,1.0,-0.22896554380972967
swe-agent,long,608,63,0.7710344561902703,1.0,-0.22896554380972967
swe-agent,long,609,60,0.7615241634959078,1.0,-0.2384758365040922
swe-agent,long,610,60,0.7615241634959078,1.0,-0.2384758365040922
swe-agent,long,611,60,0.7615241634959078,1.0,-0.2384758365040922
swe-agent,long,612,60,0.7615241634959078,1.0,-0.2384758365040922
swe-agent,long,613,60,0.7615241634959078,1.0,-0.2384758365040922
swe-agent,long,614,60,0.7615241634959078,1.0,-0.2384758365040922
swe-agent,long,615,60,0.7615241634959078,1.0,-0.2384758365040922
swe-agent,long,616,60,0.7615241634959078,1.0,-0.2384758365040922
swe-agent,long,617,60,0.7615241634959078,1.0,-0.2384758365040922
swe-agent,long,618,60,0.7615241634959078,1.0,-0.2384758365040922
swe-agent,long,619,55,0.7403180268440208,1.0,-0.2596819731559792
swe-agent,long,620,55,0.7403180268440208,1.0,-0.2596819731559792
swe-agent,long,621,55,0.7403180268440208,1.0,-0.2596819731559792
swe-agent,long,622,55,0.7403180268440208,1.0,-0.2596819731559792
swe-agent,long,623,55,0.7403180268440208,1.0,-0.2596819731559792
swe-agent,long,624,55,0.7403180268440208,1.0,-0.2596819731559792
swe-agent,long,625,55,0.7403180268440208,1.0,-0.2596819731559792
swe-agent,long,626,55,0.7403180268440208,1.0,-0.2596819731559792
swe-agent,long,627,55,0.7403180268440208,1.0,-0.2596819731559792
swe-agent,long,628,55,0.7403180268440208,1.0,-0.2596819731559792
swe-agent,long,629,55,0.7403180268440208,1.0,-0.2596819731559792
swe-agent,long,630,55,0.7403180268440208,1.0,-0.2596819731559792
swe-agent,long,631,48,0.7648041526211435,1.0,-0.23519584737885646
swe-agent,long,632,48,0.7648041526211435,1.0,-0.23519584737885646
swe-agent,long,633,48,0.7648041526211435,1.0,-0.23519584737885646
swe-agent,long,634,48,0.7648041526211435,1.0,-0.23519584737885646
swe-agent,long,635,48,0.7648041526211435,1.0,-0.23519584737885646
swe-agent,long,636,48,0.7648041526211435,1.0,-0.23519584737885646
swe-agent,long,637,48,0.7648041526211435,1.0,-0.23519584737885646
swe-agent,long,638,48,0.7648041526211435,1.0,-0.23519584737885646
swe-agent,long,639,48,0.7648041526211435,1.0,-0.23519584737885646
swe-agent,long,640,48,0.7648041526211435,1.0,-0.23519584737885646
swe-agent,long,641,48,0.7648041526211435,1.0,-0.23519584737885646
swe-agent,long,642,48,0.7648041526211435,1.0,-0.23519584737885646
swe-agent,long,643,48,0.7648041526211435,1.0,-0.23519584737885646
swe-agent,long,644,48,0.7648041526211435,1.0,-0.23519584737885646
swe-agent,long,645,48,0.7648041526211435,1.0,-0.23519584737885646
swe-agent,long,646,48,0.7648041526211435,1.0,-0.23519584737885646
swe-agent,long,647,48,0.7648041526211435,1.0,-0.23519584737885646
swe-agent,long,648,48,0.7648041526211435,1.0,-0.23519584737885646
swe-agent,long,649,48,0.7648041526211435,1.0,-0.23519584737885646
swe-agent,long,650,48,0.7648041526211435,1.0,-0.23519584737885646
swe-agent,long,651,48,0.7648041526211435,1.0,-0.23519584737885646
swe-agent,long,652,48,0.7648041526211435,1.0,-0.23519584737885646
swe-agent,long,653,48,0.7648041526211435,1.0,-0.23519584737885646
swe-agent,long,654,48,0.7648041526211435,1.0,-0.23519584737885646
swe-agent,long,655,43,0.7380614184298039,1.0,-0.2619385815701961
swe-agent,long,656,43,0.7380614184298039,1.0,-0.2619385815701961
swe-agent,long,657,43,0.7380614184298039,1.0,-0.2619385815701961
swe-agent,long,658,43,0.7380614184298039,1.0,-0.2619385815701961
swe-agent,long,659,43,0.7380614184298039,1.0,-0.2619385815701961
swe-agent,long,660,43,0.7380614184298039,1.0,-0.2619385815701961
swe-agent,long,661,43,0.7380614184298039,1.0,-0.2619385815701961
swe-agent,long,662,43,0.7380614184298039,1.0,-0.2619385815701961
swe-agent,long,663,43,0.7380614184298039,1.0,-0.2619385815701961
swe-agent,long,664,43,0.7380614184298039,1.0,-0.2619385815701961
swe-agent,long,665,43,0.7380614184298039,1.0,-0.2619385815701961
swe-agent,long,666,43,0.7380614184298039,1.0,-0.2619385815701961
swe-agent,long,667,43,0.7380614184298039,1.0,-0.2619385815701961
swe-agent,long,668,43,0.7380614184298039,1.0,-0.2619385815701961
swe-agent,long,669,38,0.7042811226091643,1.0,-0.2957188773908357
swe-agent,long,670,38,0.7042811226091643,1.0,-0.2957188773908357
swe-agent,long,671,38,0.7042811226091643,1.0,-0.2957188773908357
swe-agent,long,672,38,0.7042811226091643,1.0,-0.2957188773908357
swe-agent,long,673,38,0.7042811226091643,1.0,-0.2957188773908357
swe-agent,long,674,38,0.7042811226091643,1.0,-0.2957188773908357
swe-agent,long,675,38,0.7042811226091643,1.0,-0.2957188773908357
swe-agent,long,676,38,0.7042811226091643,1.0,-0.2957188773908357
swe-agent,long,677,38,0.7042811226091643,1.0,-0.2957188773908357
swe-agent,long,678,38,0.7042811226091643,1.0,-0.2957188773908357
swe-agent,long,679,38,0.7042811226091643,1.0,-0.2957188773908357
swe-agent,long,680,38,0.7042811226091643,1.0,-0.2957188773908357
swe-agent,long,681,38,0.7042811226091643,1.0,-0.2957188773908357
swe-agent,long,682,38,0.7042811226091643,1.0,-0.2957188773908357
swe-agent,long,683,31,0.7159126482181714,1.0,-0.28408735178182865
swe-agent,long,684,31,0.7159126482181714,1.0,-0.28408735178182865
swe-agent,long,685,31,0.7159126482181714,1.0,-0.28408735178182865
swe-agent,long,686,31,0.7159126482181714,1.0,-0.28408735178182865
swe-agent,long,687,31,0.7159126482181714,1.0,-0.28408735178182865
swe-agent,long,688,31,0.7159126482181714,1.0,-0.28408735178182865
swe-agent,long,689,31,0.7159126482181714,1.0,-0.28408735178182865
swe-agent,long,690,31,0.7159126482181714,1.0,-0.28408735178182865
swe-agent,long,691,31,0.7159126482181714,1.0,-0.28408735178182865
swe-agent,long,692,31,0.7159126482181714,1.0,-0.28408735178182865
swe-agent,long,693,31,0.7159126482181714,1.0,-0.28408735178182865
swe-agent,long,694,31,0.7159126482181714,1.0,-0.28408735178182865
swe-agent,long,695,31,0.7159126482181714,1.0,-0.28408735178182865
swe-agent,long,696,31,0.7159126482181714,1.0,-0.28408735178182865
swe-agent,long,697,31,0.7159126482181714,1.0,-0.28408735178182865
swe-agent,long,698,31,0.7159126482181714,1.0,-0.28408735178182865
swe-agent,long,699,31,0.7159126482181714,1.0,-0.28408735178182865
swe-agent,long,700,31,0.7159126482181714,1.0,-0.28408735178182865
swe-agent,long,701,31,0.7159126482181714,1.0,-0.28408735178182865
swe-agent,long,702,31,0.7159126482181714,1.0,-0.28408735178182865
swe-agent,long,703,31,0.7159126482181714,1.0,-0.28408735178182865
swe-agent,long,704,31,0.7159126482181714,1.0,-0.28408735178182865
swe-agent,long,705,31,0.7159126482181714,1.0,-0.28408735178182865
swe-agent,long,706,31,0.7159126482181714,1.0,-0.28408735178182865
swe-agent,long,707,31,0.7159126482181714,1.0,-0.28408735178182865
swe-agent,long,708,31,0.7159126482181714,1.0,-0.28408735178182865
swe-agent,long,709,31,0.7159126482181714,1.0,-0.28408735178182865
swe-agent,long,710,31,0.7159126482181714,1.0,-0.28408735178182865
swe-agent,long,711,25,0.6513680474268958,1.0,-0.3486319525731042
swe-agent,long,712,25,0.6513680474268958,1.0,-0.3486319525731042
swe-agent,long,713,23,0.6218150019705007,1.0,-0.37818499802949934
swe-agent,long,714,23,0.6218150019705007,1.0,-0.37818499802949934
swe-agent,long,715,23,0.6218150019705007,1.0,-0.37818499802949934
swe-agent,long,716,23,0.6218150019705007,1.0,-0.37818499802949934
swe-agent,long,717,23,0.6218150019705007,1.0,-0.37818499802949934
swe-agent,long,718,23,0.6218150019705007,1.0,-0.37818499802949934
swe-agent,long,719,23,0.6218150019705007,1.0,-0.37818499802949934
swe-agent,long,720,23,0.6218150019705007,1.0,-0.37818499802949934
swe-agent,long,721,23,0.6218150019705007,1.0,-0.37818499802949934
swe-agent,long,722,23,0.6218150019705007,1.0,-0.37818499802949934
swe-agent,long,723,23,0.6218150019705007,1.0,-0.37818499802949934
swe-agent,long,724,23,0.6218150019705007,1.0,-0.37818499802949934
swe-agent,long,725,23,0.6218150019705007,1.0,-0.37818499802949934
swe-agent,long,726,23,0.6218150019705007,1.0,-0.37818499802949934
swe-agent,long,727,16,0.6479595135803535,1.0,-0.35204048641964647
swe-agent,long,728,16,0.6479595135803535,1.0,-0.35204048641964647
swe-agent,long,729,16,0.6479595135803535,1.0,-0.35204048641964647
swe-agent,long,730,16,0.6479595135803535,1.0,-0.35204048641964647
swe-agent,long,731,16,0.6479595135803535,1.0,-0.35204048641964647
swe-agent,long,732,16,0.6479595135803535,1.0,-0.35204048641964647
swe-agent,long,733,16,0.6479595135803535,1.0,-0.35204048641964647
swe-agent,long,734,16,0.6479595135803535,1.0,-0.35204048641964647
swe-agent,long,735,9,0.7279829671928678,1.0,-0.2720170328071322
swe-agent,long,736,9,0.7279829671928678,1.0,-0.2720170328071322
swe-agent,long,737,9,0.7279829671928678,1.0,-0.2720170328071322
swe-agent,long,738,9,0.7279829671928678,1.0,-0.2720170328071322
swe-agent,long,739,9,0.7279829671928678,1.0,-0.2720170328071322
swe-agent,long,740,9,0.7279829671928678,1.0,-0.2720170328071322
swe-agent,long,741,9,0.7279829671928678,1.0,-0.2720170328071322
swe-agent,long,742,9,0.7279829671928678,1.0,-0.2720170328071322
swe-agent,long,743,9,0.7279829671928678,1.0,-0.2720170328071322
swe-agent,long,744,9,0.7279829671928678,1.0,-0.2720170328071322
swe-agent,long,745,9,0.7279829671928678,1.0,-0.2720170328071322
swe-agent,long,746,9,0.7279829671928678,1.0,-0.2720170328071322
swe-agent,long,747,9,0.7279829671928678,1.0,-0.2720170328071322
swe-agent,long,748,9,0.7279829671928678,1.0,-0.2720170328071322
swe-agent,long,749,9,0.7279829671928678,1.0,-0.2720170328071322
swe-agent,long,750,9,0.7279829671928678,1.0,-0.2720170328071322
swe-agent,long,751,9,0.7279829671928678,1.0,-0.2720170328071322
swe-agent,long,752,9,0.7279829671928678,1.0,-0.2720170328071322
swe-agent,long,753,9,0.7279829671928678,1.0,-0.2720170328071322
swe-agent,long,754,9,0.7279829671928678,1.0,-0.2720170328071322
swe-agent,long,755,9,0.7279829671928678,1.0,-0.2720170328071322
swe-agent,long,756,9,0.7279829671928678,1.0,-0.2720170328071322
swe-agent,long,757,9,0.7279829671928678,1.0,-0.2720170328071322
swe-agent,long,758,9,0.7279829671928678,1.0,-0.2720170328071322
swe-agent,long,759,9,0.7279829671928678,1.0,-0.2720170328071322
swe-agent,long,760,9,0.7279829671928678,1.0,-0.2720170328071322
swe-agent,long,761,9,0.7279829671928678,1.0,-0.2720170328071322
swe-agent,long,762,9,0.7279829671928678,1.0,-0.2720170328071322
swe-agent,long,763,9,0.7279829671928678,1.0,-0.2720170328071322
swe-agent,long,764,9,0.7279829671928678,1.0,-0.2720170328071322
swe-agent,long,765,9,0.7279829671928678,1.0,-0.2720170328071322
swe-agent,long,766,9,0.7279829671928678,1.0,-0.2720170328071322
swe-agent,long,767,9,0.7279829671928678,1.0,-0.2720170328071322
swe-agent,long,768,9,0.7279829671928678,1.0,-0.2720170328071322
swe-agent,long,769,9,0.7279829671928678,1.0,-0.2720170328071322
swe-agent,long,770,9,0.7279829671928678,1.0,-0.2720170328071322
swe-agent,long,771,9,0.7279829671928678,1.0,-0.2720170328071322
swe-agent,long,772,9,0.7279829671928678,1.0,-0.2720170328071322
swe-agent,long,773,9,0.7279829671928678,1.0,-0.2720170328071322
swe-agent,long,774,9,0.7279829671928678,1.0,-0.2720170328071322
swe-agent,long,775,9,0.7279829671928678,1.0,-0.2720170328071322
swe-agent,long,776,9,0.7279829671928678,1.0,-0.2720170328071322
swe-agent,long,777,9,0.7279829671928678,1.0,-0.2720170328071322
swe-agent,long,778,9,0.7279829671928678,1.0,-0.2720170328071322
swe-agent,long,779,9,0.7279829671928678,1.0,-0.2720170328071322
swe-agent,long,780,9,0.7279829671928678,1.0,-0.2720170328071322
swe-agent,long,781,9,0.7279829671928678,1.0,-0.2720170328071322
swe-agent,long,782,9,0.7279829671928678,1.0,-0.2720170328071322
swe-agent,long,783,9,0.7279829671928678,1.0,-0.2720170328071322
swe-agent,long,784,9,0.7279829671928678,1.0,-0.2720170328071322
swe-agent,long,785,9,0.7279829671928678,1.0,-0.2720170328071322
swe-agent,long,786,9,0.7279829671928678,1.0,-0.2720170328071322
swe-agent,long,787,9,0.7279829671928678,1.0,-0.2720170328071322
swe-agent,long,788,9,0.7279829671928678,1.0,-0.2720170328071322
swe-agent,long,789,7,0.652770080626419,1.0,-0.34722991937358105
swe-agent,long,790,7,0.652770080626419,1.0,-0.34722991937358105
swe-agent,medium,1,37198,0.5424989085047497,0.5334964245389537,0.009002483965795949
swe-agent,medium,2,37198,0.5424989085047497,0.5334964245389537,0.009002483965795949
swe-agent,medium,3,37198,0.5900957487650244,0.5841711919995699,0.005924556765454447
swe-agent,medium,4,37198,0.5900957487650244,0.5841711919995699,0.005924556765454447
swe-agent,medium,5,37192,0.5909288015998158,0.5847494084749408,0.006179393124874921
swe-agent,medium,6,37192,0.5906148014261052,0.5847494084749408,0.005865392951164394
swe-agent,medium,7,37198,0.6127227369041506,0.6010269369320931,0.011695799972057497
swe-agent,medium,8,37198,0.6138077023216721,0.6010269369320931,0.012780765389579063
swe-agent,medium,9,37198,0.6395506845186043,0.6286090650034948,0.010941619515109524
swe-agent,medium,10,37197,0.6383263203997104,0.6285990805710138,0.00972723982869661
swe-agent,medium,11,37190,0.6393883354948595,0.6387200860446357,0.0006682494502238123
swe-agent,medium,12,37177,0.6512418846438136,0.6385937542028673,0.01264813044094626
swe-agent,medium,13,37178,0.6555108038228743,0.6506267147237613,0.004884089099112976
swe-agent,medium,14,37121,0.6527315043930796,0.6500902454136472,0.0026412589794323482
swe-agent,medium,15,37109,0.65170600548271,0.660486674391657,-0.00878066890894702
swe-agent,medium,16,37180,0.668616245716322,0.6611350188273265,0.007481226888995551
swe-agent,medium,17,37173,0.6632886523416573,0.673607188012805,-0.0103185356711476
swe-agent,medium,18,37189,0.6666762178631389,0.6737476135416387,-0.007071395678499792
swe-agent,medium,19,37187,0.6603170165199775,0.6894075886734612,-0.02909057215348365
swe-agent,medium,20,37190,0.6635212368494189,0.6894326431836515,-0.025911406334232612
swe-agent,medium,21,37188,0.6562670691797943,0.7104980101107884,-0.05423094093099412
swe-agent,medium,22,37137,0.6639913965521769,0.7101004389153674,-0.04610904236319058
swe-agent,medium,23,37127,0.6523599086209347,0.7421283701888114,-0.08976846156787666
swe-agent,medium,24,36958,0.6672474732450043,0.7409491855619893,-0.07370171231698497
swe-agent,medium,25,35105,0.6577891660344728,0.7673835635949295,-0.10959439756045675
swe-agent,medium,26,35069,0.6602228723763517,0.767144771735721,-0.10692189935936935
swe-agent,medium,27,30390,0.652139426203895,0.7732477788746298,-0.12110835267073483
swe-agent,medium,28,30355,0.6563603566130441,0.7729863284467139,-0.11662597183366974
swe-agent,medium,29,26490,0.6475289105656296,0.7813514533786334,-0.13382254281300388
swe-agent,medium,30,26439,0.6488236752695531,0.7809296872045085,-0.13210601193495541
swe-agent,medium,31,23049,0.6410488835539551,0.7931363616642805,-0.1520874781103254
swe-agent,medium,32,22961,0.6654750430920593,0.7923435390444667,-0.12686849595240746
swe-agent,medium,33,19734,0.658500198171792,0.8051079355427182,-0.14660773737092625
swe-agent,medium,34,19731,0.6595618432565576,0.8050783031777407,-0.145516459921183
swe-agent,medium,35,16629,0.6555932724407858,0.8139996391845571,-0.1584063667437713
swe-agent,medium,36,16606,0.6573348839410351,0.8137420209562809,-0.15640713701524578
swe-agent,medium,37,14130,0.6511457307423472,0.8276716206652512,-0.17652588992290408
swe-agent,medium,38,14096,0.6522765847776782,0.827255959137344,-0.1749793743596657
swe-agent,medium,39,11930,0.645356197117458,0.8454316848281643,-0.20007548771070638
swe-agent,medium,40,11904,0.6467806581873006,0.8450940860215054,-0.1983134278342048
swe-agent,medium,41,9715,0.6441784986269681,0.8600102933607823,-0.2158317947338142
swe-agent,medium,42,9687,0.6448121078403624,0.8596056570661712,-0.21479354922580884
swe-agent,medium,43,7693,0.6408725128452358,0.8795008449239569,-0.23862833207872103
swe-agent,medium,44,7676,0.6406074968488158,0.8792339760291819,-0.23862647918036606
swe-agent,medium,45,5977,0.6397869486193051,0.9056382800736156,-0.2658513314543105
swe-agent,medium,46,5962,0.639166658561327,0.9054008721905401,-0.26623421362921307
swe-agent,medium,47,4200,0.6327207199858396,0.9335714285714286,-0.30085070858558904
swe-agent,medium,48,3957,0.6700382038447099,0.9294920394238059,-0.25945383557909596
swe-agent,medium,49,2500,0.6660704082387381,0.9732,-0.30712959176126187
swe-agent,medium,50,2509,0.6631973713302266,0.9732961339178956,-0.310098762587669
swe-agent,medium,51,819,0.6567269410401186,1.0,-0.34327305895988136
swe-agent,medium,52,822,0.6547805640890982,1.0,-0.34521943591090176
swe-agent,short,1,37198,0.5424989085047497,0.6463250712403893,-0.1038261627356396
swe-agent,short,2,37191,0.5424989085047498,0.6462585034013606,-0.1037595948966108
swe-agent,short,3,36988,0.6228758874728085,0.7343192386720018,-0.11144335119919324
swe-agent,short,4,36988,0.6228758874728085,0.7343192386720018,-0.11144335119919324
swe-agent,short,5,36635,0.6242448466999875,0.734598061962604,-0.11035321526261654
swe-agent,short,6,36635,0.6234720756667227,0.734598061962604,-0.11112598629588133
swe-agent,short,7,36309,0.6365022414706223,0.7578837202897353,-0.12138147881911299
swe-agent,short,8,36309,0.6398136747809477,0.7578837202897353,-0.11807004550878752
swe-agent,short,9,34293,0.6584340963891857,0.7902778992797364,-0.13184380289055064
swe-agent,short,10,34292,0.6535522055159949,0.7902717835063572,-0.13671957799036227
swe-agent,short,11,31576,0.6514399888355945,0.8041867240942489,-0.15274673525865434
swe-agent,short,12,31564,0.661683534842571,0.8041122798124446,-0.14242874496987357
swe-agent,short,13,28100,0.65858234204088,0.8213879003558718,-0.16280555831499188
swe-agent,short,14,28081,0.6513557227288144,0.8212670488942702,-0.1699113261654558
swe-agent,short,15,24360,0.6512508708032014,0.84688013136289,-0.19562926055968854
swe-agent,short,16,24377,0.6654163913547655,0.8469869138942445,-0.18157052253947903
swe-agent,short,17,19286,0.6599145923549282,0.8738463133879498,-0.2139317210330216
swe-agent,short,18,19286,0.6610147270729829,0.8738463133879498,-0.2128315863149669
swe-agent,short,19,13941,0.654196186476903,0.9117710350763933,-0.2575748485994903
swe-agent,short,20,13941,0.6554871844172471,0.9117710350763933,-0.2562838506591463
swe-agent,short,21,8375,0.6509433112705799,0.9614328358208956,-0.31048952455031564
swe-agent,short,22,8376,0.653954758362565,0.9614374403056352,-0.30748268194307016
swe-agent,short,23,2925,0.6550626945169375,1.0,-0.34493730548306245
swe-agent,short,24,2916,0.6560525315247636,1.0,-0.3439474684752364
terminalbench,long,1,3031,0.6516203703703674,0.3985483338832069,0.2530720364871605
terminalbench,long,2,3021,0.6097453105690782,0.4200595829195631,0.18968572764951513
terminalbench,long,3,2995,0.6482235996051212,0.41836393989983306,0.22985965970528816
terminalbench,long,4,3011,0.6191334317410128,0.4261042842909332,0.19302914745007954
terminalbench,long,5,2995,0.6465804976415669,0.4273789649415693,0.2192015326999976
terminalbench,long,6,2976,0.6367110154062994,0.42943548387096775,0.20727553153533163
terminalbench,long,7,2977,0.6278402475179446,0.43265031911320123,0.19518992840474342
terminalbench,long,8,2935,0.6376352197218493,0.4303236797274276,0.20731153999442176
terminalbench,long,9,2940,0.6330458468054388,0.4350340136054422,0.19801183319999666
terminalbench,long,10,2944,0.6290859155322562,0.44327445652173914,0.1858114590105171
terminalbench,long,11,2947,0.6187225081496461,0.4489311163895487,0.16979139176009744
terminalbench,long,12,2927,0.6207767428908265,0.4496071062521353,0.17116963663869122
terminalbench,long,13,2916,0.6145307922757722,0.4547325102880658,0.1597982819877064
terminalbench,long,14,2921,0.6122974836492293,0.46011639849366653,0.15218108515556278
terminalbench,long,15,2904,0.606813176299237,0.46246556473829203,0.144347611560945
terminalbench,long,16,2888,0.6167356989815155,0.46537396121883656,0.15136173776267892
terminalbench,long,17,2891,0.612600823905554,0.4725008647526807,0.14009995915287332
terminalbench,long,18,2896,0.6105172703925127,0.47582872928176795,0.13468854111074474
terminalbench,long,19,2916,0.6089128555121185,0.48628257887517146,0.12263027663694703
terminalbench,long,20,2910,0.6066131501854355,0.4927835051546392,0.11382964503079629
terminalbench,long,21,2922,0.5995251557448522,0.502053388090349,0.09747176765450316
terminalbench,long,22,2930,0.5968998128037326,0.5112627986348123,0.08563701416892033
terminalbench,long,23,2934,0.5933852431720824,0.5224948875255624,0.07089035564652002
terminalbench,long,24,2874,0.58630218850939,0.5208768267223383,0.06542536178705172
terminalbench,long,25,2863,0.5810521539770339,0.5288159273489347,0.052236226628099236
terminalbench,long,26,2856,0.578297266786427,0.5318627450980392,0.0464345216883878
terminalbench,long,27,2865,0.5775158652260197,0.543455497382199,0.034060367843820716
terminalbench,long,28,2886,0.5751852743307843,0.5571725571725572,0.018012717158227054
terminalbench,long,29,2903,0.5718087224803204,0.5718222528418877,-1.3530361567259952e-05
terminalbench,long,30,2898,0.5689653837874082,0.5779848171152518,-0.009019433327843607
terminalbench,long,31,2846,0.5661083176176002,0.5846802529866479,-0.018571935369047776
terminalbench,long,32,2765,0.5655240852826449,0.5819168173598553,-0.01639273207721048
terminalbench,long,33,2691,0.565494003821925,0.5819397993311036,-0.016445795509178573
terminalbench,long,34,2665,0.5626029161836394,0.5876172607879925,-0.025014344604353034
terminalbench,long,35,2571,0.559088199710332,0.5834305717619603,-0.02434237205162837
terminalbench,long,36,2499,0.5565078975590884,0.5826330532212886,-0.026125155662200195
terminalbench,long,37,2443,0.5540643442018568,0.5841178878428163,-0.030053543640959468
terminalbench,long,38,2375,0.5539011119040849,0.5835789473684211,-0.029677835464336222
terminalbench,long,39,2337,0.552428837478517,0.5870774497218656,-0.03464861224334859
terminalbench,long,40,2285,0.5496740889760262,0.5859956236323851,-0.0363215346563589
terminalbench,long,41,2207,0.5474438421370434,0.5817852288173991,-0.03434138668035569
terminalbench,long,42,2115,0.5449647721168989,0.5721040189125296,-0.027139246795630734
terminalbench,long,43,2065,0.5403171281087947,0.5719128329297821,-0.03159570482098739
terminalbench,long,44,2017,0.5371889718053345,0.5716410510659395,-0.034452079260605006
terminalbench,long,45,1939,0.5364834696686153,0.5621454357916452,-0.025661966123029956
terminalbench,long,46,1916,0.5359790296256932,0.5678496868475992,-0.03187065722190596
terminalbench,long,47,1883,0.5314177522084643,0.5724907063197026,-0.041072954111238236
terminalbench,long,48,1841,0.5608649729367976,0.5725149375339489,-0.011649964597151286
terminalbench,long,49,1792,0.5580170557011606,0.5758928571428571,-0.017875801441696537
terminalbench,long,50,1756,0.5553244998454004,0.576879271070615,-0.021554771225214542
terminalbench,long,51,1723,0.5538430504198877,0.579222286709228,-0.025379236289340357
terminalbench,long,52,1673,0.5496355805249242,0.5756126718469815,-0.025977091322057277
terminalbench,long,53,1623,0.5474729804045534,0.5699322242760321,-0.022459243871478685
terminalbench,long,54,1586,0.5462811447031628,0.5680958385876419,-0.021814693884479097
terminalbench,long,55,1563,0.5442762020876563,0.5694177863083814,-0.0251415842207251
terminalbench,long,56,1532,0.5400329085466667,0.5672323759791122,-0.0271994674324455
terminalbench,long,57,1505,0.5405402961051722,0.5681063122923588,-0.02756601618718657
terminalbench,long,58,1485,0.5361276201982854,0.5744107744107744,-0.03828315421248896
terminalbench,long,59,1428,0.5332919811299437,0.5665266106442577,-0.033234629514313996
terminalbench,long,60,1412,0.5335964203065378,0.5686968838526912,-0.03510046354615348
terminalbench,long,61,1394,0.534231059789882,0.5738880918220947,-0.03965703203221271
terminalbench,long,62,1378,0.532887389318655,0.5783744557329463,-0.045487066414291344
terminalbench,long,63,1356,0.532306276780564,0.5789085545722714,-0.04660227779170745
terminalbench,long,64,1285,0.5402234924797268,0.5649805447470817,-0.024757052267354918
terminalbench,long,65,1241,0.5389784063534728,0.556809024979855,-0.017830618626382133
terminalbench,long,66,1230,0.5348445794979078,0.5593495934959349,-0.02450501399802718
terminalbench,long,67,1207,0.5287263949767513,0.5617232808616405,-0.03299688588488914
terminalbench,long,68,1191,0.5286621527901929,0.5608732157850546,-0.03221106299486165
terminalbench,long,69,1178,0.5270586865667312,0.566213921901528,-0.03915523533479681
terminalbench,long,70,1155,0.5247241139266532,0.5627705627705628,-0.03804644884390962
terminalbench,long,71,1115,0.5274264443867347,0.5542600896860986,-0.02683364529936394
terminalbench,long,72,1093,0.5252705294907694,0.555352241537054,-0.030081712046284625
terminalbench,long,73,1085,0.5222463452158035,0.5594470046082949,-0.0372006593924914
terminalbench,long,74,1073,0.5227911012625296,0.5601118359739049,-0.037320734711375314
terminalbench,long,75,1061,0.5229854152100523,0.5702167766258247,-0.047231361415772444
terminalbench,long,76,1051,0.5219506484771833,0.5813510941960038,-0.05940044571882053
terminalbench,long,77,1037,0.5162825545364125,0.5785920925747348,-0.06230953803832229
terminalbench,long,78,1012,0.5121053780531517,0.5780632411067194,-0.06595786305356766
terminalbench,long,79,972,0.5088981382245578,0.5709876543209876,-0.062089516096429875
terminalbench,long,80,958,0.5072108697339408,0.5762004175365344,-0.06898954780259359
terminalbench,long,81,949,0.5085526215566601,0.5806111696522656,-0.07205854809560541
terminalbench,long,82,917,0.5077057646433488,0.5757906215921483,-0.06808485694879951
terminalbench,long,83,871,0.5112488123033173,0.5602755453501722,-0.0490267330468549
terminalbench,long,84,850,0.5130317841577943,0.5529411764705883,-0.039909392312794
terminalbench,long,85,851,0.5098001456156854,0.564042303172738,-0.05424215755705253
terminalbench,long,86,836,0.5094194285984296,0.5610047846889952,-0.05158535609056558
terminalbench,long,87,831,0.509605759018437,0.5619735258724429,-0.052367766854005904
terminalbench,long,88,817,0.5050809254080447,0.5605875152998776,-0.05550658989183288
terminalbench,long,89,787,0.5067802977376656,0.5527318932655655,-0.04595159552789985
terminalbench,long,90,787,0.5067599683269367,0.5603557814485387,-0.053595813121602
terminalbench,long,91,777,0.5064254391895785,0.5637065637065637,-0.057281124516985193
terminalbench,long,92,749,0.5034741118142345,0.5580774365821095,-0.054603324767874994
terminalbench,long,93,742,0.5026831651672482,0.5660377358490566,-0.06335457068180839
terminalbench,long,94,726,0.5031056228652908,0.5661157024793388,-0.06301007961404803
terminalbench,long,95,687,0.4974659824236381,0.5560407569141194,-0.05857477449048126
terminalbench,long,96,658,0.4938022125026068,0.5395136778115501,-0.04571146530894332
terminalbench,long,97,626,0.49480635180824273,0.5255591054313099,-0.030752753623067175
terminalbench,long,98,605,0.4910018909417841,0.5107438016528926,-0.01974191071110848
terminalbench,long,99,594,0.4906694480358604,0.5134680134680135,-0.02279856543215314
terminalbench,long,100,590,0.49331865282970305,0.5186440677966102,-0.025325414966907156
terminalbench,long,101,585,0.49442114234207035,0.5213675213675214,-0.02694637902545105
terminalbench,long,102,568,0.48681758846249523,0.5158450704225352,-0.029027481960040014
terminalbench,long,103,554,0.4866252231608789,0.5108303249097473,-0.02420510174886842
terminalbench,long,104,546,0.4887747512292985,0.5164835164835165,-0.02770876525421806
terminalbench,long,105,531,0.4806758253232702,0.5141242937853108,-0.03344846846204058
terminalbench,long,106,533,0.48367899068503173,0.5215759849906192,-0.03789699430558746
terminalbench,long,107,513,0.482679675514956,0.5107212475633528,-0.0280415720483968
terminalbench,long,108,506,0.48144377991983944,0.5079051383399209,-0.02646135842008146
terminalbench,long,109,498,0.4821956498238352,0.5060240963855421,-0.023828446561706906
terminalbench,long,110,490,0.480215919025527,0.5061224489795918,-0.025906529954064783
terminalbench,long,111,476,0.4793206813757981,0.4957983193277311,-0.016477637951933022
terminalbench,long,112,469,0.48166843602998416,0.4968017057569296,-0.015133269726945453
terminalbench,long,113,467,0.47513118722287184,0.4989293361884368,-0.02379814896556498
terminalbench,long,114,446,0.47051425390220863,0.4798206278026906,-0.009306373900481946
terminalbench,long,115,447,0.47344174795396066,0.49440715883668906,-0.020965410882728408
terminalbench,long,116,440,0.4809578656948627,0.48863636363636365,-0.007678497941500939
terminalbench,long,117,439,0.482967824977635,0.489749430523918,-0.006781605546282987
terminalbench,long,118,439,0.4822163028299593,0.489749430523918,-0.007533127693958697
terminalbench,long,119,440,0.4801030492252988,0.5,-0.019896950774701216
terminalbench,long,120,440,0.482843779650379,0.5045454545454545,-0.021701674895075518
terminalbench,long,121,440,0.48068561985145036,0.5068181818181818,-0.02613256196673147
terminalbench,long,122,432,0.47477391376068606,0.5,-0.02522608623931394
terminalbench,long,123,431,0.4737055835067474,0.5127610208816705,-0.03905543737492312
terminalbench,long,124,423,0.4749226227269076,0.5059101654846335,-0.030987542757725917
terminalbench,long,125,416,0.47248204625550305,0.5024038461538461,-0.029921799898343093
terminalbench,long,126,414,0.4670621222337007,0.5072463768115942,-0.04018425457789354
terminalbench,long,127,407,0.468337596891117,0.4987714987714988,-0.03043390188038181
terminalbench,long,128,420,0.47969241297887766,0.5166666666666667,-0.03697425368778906
terminalbench,long,129,413,0.47937491201975213,0.5084745762711864,-0.029099664251434287
terminalbench,long,130,399,0.47620637050553655,0.49122807017543857,-0.015021699669902022
terminalbench,long,131,399,0.4722284777662814,0.49373433583959897,-0.021505858073317563
terminalbench,long,132,392,0.4705002829716756,0.4897959183673469,-0.019295635395671307
terminalbench,long,133,392,0.4686773051138626,0.49489795918367346,-0.02622065406981089
terminalbench,long,134,392,0.46715672684941706,0.49744897959183676,-0.0302922527424197
terminalbench,long,135,392,0.4631559601510042,0.5025510204081632,-0.039395060257159054
terminalbench,long,136,392,0.461749332579912,0.5076530612244898,-0.04590372864457781
terminalbench,long,137,392,0.4612250664755832,0.5076530612244898,-0.04642799474890663
terminalbench,long,138,392,0.4667465802993644,0.5178571428571429,-0.051110562557778516
terminalbench,long,139,385,0.4680344784413994,0.5142857142857142,-0.04625123584431484
terminalbench,long,140,378,0.46665300694510126,0.5105820105820106,-0.043929003636909325
terminalbench,long,141,378,0.4639603123707943,0.5185185185185185,-0.054558206147724164
terminalbench,long,142,378,0.4648028664837685,0.5238095238095238,-0.05900665732575533
terminalbench,long,143,371,0.4660052406010086,0.5202156334231806,-0.05421039282217194
terminalbench,long,144,371,0.4575978691217297,0.522911051212938,-0.06531318209120834
terminalbench,long,145,371,0.45617745258519976,0.522911051212938,-0.06673359862773826
terminalbench,long,146,371,0.4579037574323419,0.5283018867924528,-0.07039812936011092
terminalbench,long,147,364,0.45741098567301325,0.5247252747252747,-0.0673142890522615
terminalbench,long,148,357,0.4551426623628834,0.5238095238095238,-0.06866686144664041
terminalbench,long,149,350,0.44966341090251244,0.52,-0.07033658909748758
terminalbench,long,150,350,0.4489296930301839,0.5285714285714286,-0.07964173554124471
terminalbench,long,151,343,0.44877590369658527,0.5189504373177842,-0.07017453362119896
terminalbench,long,152,329,0.44711198353137466,0.5075987841945289,-0.060486800663154205
terminalbench,long,153,329,0.44935967861984094,0.5167173252279635,-0.0673576466081226
terminalbench,long,154,322,0.4516448344327825,0.5124223602484472,-0.0607775258156647
terminalbench,long,155,322,0.4498450424200891,0.5186335403726708,-0.06878849795258174
terminalbench,long,156,322,0.44963255997484314,0.5248447204968945,-0.07521216052205132
terminalbench,long,157,315,0.4469532877931323,0.5238095238095238,-0.07685623601639152
terminalbench,long,158,308,0.4510186708028972,0.5194805194805194,-0.06846184867762223
terminalbench,long,159,301,0.44848333257692957,0.521594684385382,-0.07311135180845246
terminalbench,long,160,301,0.44548985864300017,0.5249169435215947,-0.07942708487859451
terminalbench,long,161,294,0.4493233823144249,0.5204081632653061,-0.07108478095088122
terminalbench,long,162,287,0.4447076499768446,0.5087108013937283,-0.06400315141688367
terminalbench,long,163,280,0.4402508659365203,0.5,-0.0597491340634797
terminalbench,long,164,280,0.4349189373222475,0.5071428571428571,-0.0722239198206096
terminalbench,long,165,280,0.43453987029345864,0.5107142857142857,-0.07617441542082704
terminalbench,long,166,280,0.4320104284903037,0.5142857142857142,-0.08227528579541055
terminalbench,long,167,259,0.42167416391641593,0.4864864864864865,-0.06481232257007058
terminalbench,long,168,245,0.4218560539346854,0.46122448979591835,-0.03936843586123295
terminalbench,long,169,238,0.4240500357852234,0.4495798319327731,-0.025529796147549744
terminalbench,long,170,238,0.4257825024665517,0.4495798319327731,-0.02379732946622143
terminalbench,long,171,224,0.4205921058897322,0.41517857142857145,0.005413534461160774
terminalbench,long,172,224,0.41897529823716395,0.41517857142857145,0.0037967268085924988
terminalbench,long,173,224,0.41964312415263516,0.42410714285714285,-0.0044640187045076885
terminalbench,long,174,224,0.4216604236491138,0.42410714285714285,-0.0024467192080290245
terminalbench,long,175,224,0.42086060531239466,0.42857142857142855,-0.007710823259033883
terminalbench,long,176,224,0.4207885952049277,0.4375,-0.016711404795072327
terminalbench,long,177,224,0.4237853603197764,0.44642857142857145,-0.022643211108795025
terminalbench,long,178,224,0.42241615000478755,0.45089285714285715,-0.0284767071380696
terminalbench,long,179,224,0.41796843179529614,0.45982142857142855,-0.04185299677613241
terminalbench,long,180,217,0.416645766711016,0.4608294930875576,-0.04418372637654161
terminalbench,long,181,210,0.42196981864359046,0.4857142857142857,-0.06374446707069525
terminalbench,long,182,210,0.4198695295339896,0.5095238095238095,-0.0896542799898199
terminalbench,long,183,210,0.41612592308701923,0.5190476190476191,-0.10292169596059986
terminalbench,long,184,210,0.41402496446697334,0.5190476190476191,-0.10502265458064575
terminalbench,long,185,210,0.41682936518329755,0.5285714285714286,-0.11174206338813103
terminalbench,long,186,210,0.4138417208496404,0.5285714285714286,-0.1147297077217882
terminalbench,long,187,203,0.40744282163624584,0.5172413793103449,-0.10979855767409902
terminalbench,long,188,189,0.40531264031863795,0.48148148148148145,-0.0761688411628435
terminalbench,long,189,189,0.40962351424462745,0.49206349206349204,-0.08243997781886458
terminalbench,long,190,182,0.41226267532022165,0.4835164835164835,-0.07125380819626187
terminalbench,long,191,182,0.4121835264885058,0.489010989010989,-0.07682746252248318
terminalbench,long,192,175,0.4032094768813751,0.4742857142857143,-0.07107623740433922
terminalbench,long,193,175,0.4032094768813751,0.4742857142857143,-0.07107623740433922
terminalbench,long,194,175,0.40614196570957345,0.48,-0.07385803429042653
terminalbench,long,195,175,0.4059259632214507,0.48,-0.07407403677854929
terminalbench,long,196,175,0.4049434281229374,0.49714285714285716,-0.09219942901991979
terminalbench,long,197,161,0.39653500212245035,0.45962732919254656,-0.06309232707009621
terminalbench,long,198,154,0.3926696462302905,0.44155844155844154,-0.04888879532815105
terminalbench,long,199,154,0.39699562128313426,0.44805194805194803,-0.051056326768813776
terminalbench,long,200,147,0.4031770318343543,0.46938775510204084,-0.06621072326768651
terminalbench,long,201,147,0.4002610513673534,0.46938775510204084,-0.06912670373468743
terminalbench,long,202,147,0.40338721887434303,0.47619047619047616,-0.07280325731613313
terminalbench,long,203,147,0.40530992706513513,0.48299319727891155,-0.07768327021377641
terminalbench,long,204,147,0.40507766284790625,0.4897959183673469,-0.08471825551944068
terminalbench,long,205,147,0.40990907813082517,0.5034013605442177,-0.09349228241339252
terminalbench,long,206,147,0.4068083597250976,0.5102040816326531,-0.10339572190755547
terminalbench,long,207,147,0.3961626754671171,0.5102040816326531,-0.11404140616553599
terminalbench,long,208,140,0.38441328436841493,0.4928571428571429,-0.10844385848872795
terminalbench,long,209,140,0.3917430174495536,0.5,-0.10825698255044641
terminalbench,long,210,133,0.3847837325695288,0.47368421052631576,-0.08890047795678696
terminalbench,long,211,133,0.38042072807092875,0.47368421052631576,-0.09326348245538701
terminalbench,long,212,126,0.3841622369310763,0.4523809523809524,-0.06821871544987607
terminalbench,long,213,119,0.39170012237740987,0.42016806722689076,-0.028467944849480897
terminalbench,long,214,119,0.38469495397467973,0.42016806722689076,-0.03547311325221103
terminalbench,long,215,119,0.3802958151063784,0.42016806722689076,-0.039872252120512375
terminalbench,long,216,119,0.3899088213610637,0.42016806722689076,-0.030259245865827067
terminalbench,long,217,119,0.38928617411211885,0.42016806722689076,-0.030881893114771908
terminalbench,long,218,119,0.38243673807488365,0.42016806722689076,-0.03773132915200711
terminalbench,long,219,119,0.38464931749334536,0.42857142857142855,-0.04392211107808319
terminalbench,long,220,112,0.3809635586564545,0.39285714285714285,-0.011893584200688367
terminalbench,long,221,112,0.38016302379396405,0.4107142857142857,-0.03055126192032165
terminalbench,long,222,112,0.38375005759464587,0.4107142857142857,-0.026964228119639833
terminalbench,long,223,112,0.3823455180125598,0.41964285714285715,-0.03729733913029737
terminalbench,long,224,112,0.380146831990532,0.41964285714285715,-0.03949602515232514
terminalbench,long,225,112,0.37858437087585456,0.42857142857142855,-0.04998705769557399
terminalbench,long,226,112,0.37734895621166026,0.44642857142857145,-0.0690796152169112
terminalbench,long,227,105,0.37394034811863774,0.4095238095238095,-0.03558346140517177
terminalbench,long,228,105,0.3745610837806793,0.4095238095238095,-0.034962725743130196
terminalbench,long,229,105,0.3744479572292458,0.4095238095238095,-0.035075852294563725
terminalbench,long,230,105,0.3792187041661724,0.42857142857142855,-0.04935272440525612
terminalbench,long,231,105,0.3726779930794146,0.42857142857142855,-0.05589343549201392
terminalbench,long,232,105,0.3707035319979863,0.42857142857142855,-0.05786789657344227
terminalbench,long,233,105,0.3629933432591211,0.4380952380952381,-0.07510189483611701
terminalbench,long,234,105,0.3632276283196134,0.44761904761904764,-0.08439141929943422
terminalbench,long,235,98,0.37448151291680626,0.41836734693877553,-0.04388583402196927
terminalbench,long,236,98,0.3744631660751611,0.4387755102040816,-0.0643123441289205
terminalbench,long,237,98,0.3730009752599711,0.46938775510204084,-0.09638677984206973
terminalbench,long,238,98,0.37165444763793315,0.46938775510204084,-0.09773330746410769
terminalbench,long,239,98,0.365580067336362,0.4897959183673469,-0.12421585103098493
terminalbench,long,240,98,0.3585970185847223,0.4897959183673469,-0.1311988997826246
terminalbench,long,241,98,0.3760698386294427,0.5,-0.12393016137055729
terminalbench,long,242,91,0.38950833804702234,0.4725274725274725,-0.08301913448045017
terminalbench,long,243,84,0.3695697727561732,0.44047619047619047,-0.07090641772001727
terminalbench,long,244,84,0.36556210089135854,0.44047619047619047,-0.07491408958483192
terminalbench,long,245,84,0.35704510703377473,0.4523809523809524,-0.09533584534717765
terminalbench,long,246,84,0.36391022205252854,0.4523809523809524,-0.08847073032842384
terminalbench,long,247,84,0.3606225651904532,0.47619047619047616,-0.11556791100002295
terminalbench,long,248,84,0.36326806783595583,0.47619047619047616,-0.11292240835452033
terminalbench,long,249,77,0.35269073905193327,0.42857142857142855,-0.07588068951949528
terminalbench,long,250,77,0.3489966553578495,0.42857142857142855,-0.07957477321357903
terminalbench,long,251,77,0.35857357817397223,0.44155844155844154,-0.08298486338446931
terminalbench,long,252,70,0.35867847293718236,0.44285714285714284,-0.08417866991996048
terminalbench,long,253,70,0.3742723050758765,0.44285714285714284,-0.06858483778126634
terminalbench,long,254,70,0.3806375124491484,0.44285714285714284,-0.06221963040799444
terminalbench,long,255,70,0.3874522124867914,0.45714285714285713,-0.06969064465606573
terminalbench,long,256,63,0.3785498565958999,0.4126984126984127,-0.03414855610251277
terminalbench,long,257,63,0.36784731885269445,0.42857142857142855,-0.0607241097187341
terminalbench,long,258,63,0.3658716580188668,0.42857142857142855,-0.06269977055256176
terminalbench,long,259,63,0.35855038325573163,0.4444444444444444,-0.08589406118871279
terminalbench,long,260,63,0.3633767662183152,0.4444444444444444,-0.0810676782261292
terminalbench,long,261,56,0.3532870603181931,0.375,-0.021712939681806875
terminalbench,long,262,56,0.3547139718248209,0.39285714285714285,-0.038143171032321954
terminalbench,long,263,56,0.35594107805192715,0.39285714285714285,-0.0369160648052157
terminalbench,long,264,56,0.3559759325923119,0.39285714285714285,-0.03688121026483093
terminalbench,long,265,56,0.35494971922234864,0.4107142857142857,-0.05576456649193706
terminalbench,long,266,56,0.35941400493663433,0.4107142857142857,-0.051300280777651364
terminalbench,long,267,49,0.36321456392172324,0.4897959183673469,-0.12658135444562368
terminalbench,long,268,49,0.36455308666368413,0.4897959183673469,-0.1252428317036628
terminalbench,long,269,42,0.3664148556569341,0.40476190476190477,-0.038347049104970665
terminalbench,long,270,42,0.36786479460687305,0.40476190476190477,-0.03689711015503172
terminalbench,long,271,42,0.36786479460687305,0.40476190476190477,-0.03689711015503172
terminalbench,long,272,42,0.3715277982698767,0.40476190476190477,-0.03323410649202807
terminalbench,long,273,42,0.37035629709837553,0.40476190476190477,-0.034405607663529236
terminalbench,long,274,42,0.37035629709837553,0.40476190476190477,-0.034405607663529236
terminalbench,long,275,42,0.37035629709837553,0.40476190476190477,-0.034405607663529236
terminalbench,long,276,42,0.3811589447431285,0.40476190476190477,-0.023602960018776264
terminalbench,long,277,42,0.3811589447431285,0.40476190476190477,-0.023602960018776264
terminalbench,long,278,42,0.37988280153150134,0.40476190476190477,-0.024879103230403432
terminalbench,long,279,42,0.37988280153150134,0.40476190476190477,-0.024879103230403432
terminalbench,long,280,42,0.38816124518409467,0.40476190476190477,-0.016600659577810095
terminalbench,long,281,42,0.3861755860555784,0.40476190476190477,-0.018586318706326377
terminalbench,long,282,42,0.37881227035892934,0.42857142857142855,-0.04975915821249921
terminalbench,long,283,42,0.3723922023317185,0.42857142857142855,-0.056179226239710056
terminalbench,long,284,42,0.3685531473298728,0.4523809523809524,-0.08382780505107956
terminalbench,long,285,42,0.3685531473298728,0.4523809523809524,-0.08382780505107956
terminalbench,long,286,42,0.3638604562999725,0.4523809523809524,-0.0885204960809799
terminalbench,long,287,42,0.3691502066086981,0.4523809523809524,-0.08323074577225431
terminalbench,long,288,42,0.3691502066086981,0.4523809523809524,-0.08323074577225431
terminalbench,long,289,42,0.3695824225058096,0.47619047619047616,-0.10660805368466658
terminalbench,long,290,42,0.37039236525123626,0.47619047619047616,-0.10579811093923991
terminalbench,long,291,42,0.37118601604488705,0.5,-0.12881398395511295
terminalbench,long,292,42,0.37594792080679185,0.5238095238095238,-0.147861603002732
terminalbench,long,293,42,0.37594792080679185,0.5238095238095238,-0.147861603002732
terminalbench,long,294,42,0.3773978597567307,0.5476190476190477,-0.170221187862317
terminalbench,long,295,42,0.3680724629313339,0.5476190476190477,-0.17954658468771378
terminalbench,long,296,42,0.37173546659433754,0.5476190476190477,-0.17588358102471013
terminalbench,long,297,42,0.37173546659433754,0.5476190476190477,-0.17588358102471013
terminalbench,long,298,42,0.3814621981960692,0.5476190476190477,-0.16615684942297848
terminalbench,long,299,42,0.3814621981960692,0.5476190476190477,-0.16615684942297848
terminalbench,long,300,42,0.37526180137067233,0.5476190476190477,-0.17235724624837534
terminalbench,long,301,42,0.37549221611721617,0.5714285714285714,-0.19593635531135523
terminalbench,long,302,35,0.3668598901098901,0.4857142857142857,-0.11885439560439559
terminalbench,long,303,35,0.3613496860282575,0.4857142857142857,-0.1243645996860282
terminalbench,long,304,35,0.3613496860282575,0.4857142857142857,-0.1243645996860282
terminalbench,long,305,35,0.3582884615384616,0.4857142857142857,-0.1274258241758241
terminalbench,long,306,35,0.3582884615384616,0.4857142857142857,-0.1274258241758241
terminalbench,long,307,35,0.3560662393162393,0.4857142857142857,-0.1296480463980464
terminalbench,long,308,28,0.3674042277167277,0.35714285714285715,0.010261370573870554
terminalbench,long,309,28,0.3674042277167277,0.35714285714285715,0.010261370573870554
terminalbench,long,310,28,0.3674042277167277,0.35714285714285715,0.010261370573870554
terminalbench,long,311,28,0.3881185134310134,0.35714285714285715,0.03097565628815624
terminalbench,long,312,28,0.3881185134310134,0.35714285714285715,0.03097565628815624
terminalbench,long,313,28,0.3881185134310134,0.35714285714285715,0.03097565628815624
terminalbench,long,314,28,0.3768486721611722,0.35714285714285715,0.01970581501831503
terminalbench,long,315,28,0.3768486721611722,0.35714285714285715,0.01970581501831503
terminalbench,long,316,28,0.37119391025641024,0.35714285714285715,0.014051053113553091
terminalbench,long,317,28,0.3791304181929182,0.35714285714285715,0.021987561050061055
terminalbench,long,318,28,0.3654286523622626,0.35714285714285715,0.008285795219405423
terminalbench,long,319,28,0.3552699222035325,0.35714285714285715,-0.0018729349393246664
terminalbench,long,320,28,0.38456359329446066,0.35714285714285715,0.02742073615160351
terminalbench,long,321,28,0.38456359329446066,0.35714285714285715,0.02742073615160351
terminalbench,long,322,28,0.3706263110644955,0.35714285714285715,0.013483453921638355
terminalbench,long,323,21,0.3913112718955178,0.42857142857142855,-0.03726015667591076
terminalbench,long,324,21,0.37710742962290295,0.42857142857142855,-0.0514639989485256
terminalbench,long,325,21,0.37710742962290295,0.42857142857142855,-0.0514639989485256
terminalbench,long,326,21,0.3804075591985428,0.42857142857142855,-0.04816386937288575
terminalbench,long,327,21,0.3804075591985428,0.42857142857142855,-0.04816386937288575
terminalbench,long,328,21,0.37986111111111115,0.42857142857142855,-0.0487103174603174
terminalbench,long,329,21,0.37986111111111115,0.42857142857142855,-0.0487103174603174
terminalbench,long,330,21,0.3783459595959596,0.47619047619047616,-0.09784451659451654
terminalbench,long,331,21,0.3783459595959596,0.47619047619047616,-0.09784451659451654
terminalbench,long,332,21,0.37298881673881673,0.47619047619047616,-0.10320165945165943
terminalbench,long,333,21,0.36058802308802307,0.47619047619047616,-0.1156024531024531
terminalbench,long,334,21,0.35290991308433173,0.5238095238095238,-0.1708996107251921
terminalbench,long,335,21,0.36433289870086566,0.5238095238095238,-0.15947662510865818
terminalbench,long,336,21,0.354947516641065,0.5714285714285714,-0.2164810547875064
terminalbench,long,337,21,0.3541225749559083,0.5714285714285714,-0.21730599647266308
terminalbench,long,338,21,0.36754352278545827,0.5714285714285714,-0.20388504864311313
terminalbench,long,339,21,0.35131336405529956,0.6190476190476191,-0.2677342549923195
terminalbench,long,340,14,0.3612398921832885,0.42857142857142855,-0.06733153638814005
terminalbench,long,341,14,0.3612398921832885,0.42857142857142855,-0.06733153638814005
terminalbench,long,342,14,0.3612398921832885,0.42857142857142855,-0.06733153638814005
terminalbench,long,343,14,0.3612398921832885,0.42857142857142855,-0.06733153638814005
terminalbench,long,344,14,0.3612398921832885,0.42857142857142855,-0.06733153638814005
terminalbench,long,345,14,0.3612398921832885,0.42857142857142855,-0.06733153638814005
terminalbench,long,346,14,0.3612398921832885,0.42857142857142855,-0.06733153638814005
terminalbench,long,347,14,0.3612398921832885,0.42857142857142855,-0.06733153638814005
terminalbench,long,348,14,0.3612398921832885,0.42857142857142855,-0.06733153638814005
terminalbench,long,349,14,0.3612398921832885,0.42857142857142855,-0.06733153638814005
terminalbench,long,350,14,0.3612398921832885,0.42857142857142855,-0.06733153638814005
terminalbench,long,351,14,0.3612398921832885,0.42857142857142855,-0.06733153638814005
terminalbench,long,352,14,0.3612398921832885,0.42857142857142855,-0.06733153638814005
terminalbench,long,353,14,0.3612398921832885,0.42857142857142855,-0.06733153638814005
terminalbench,long,354,14,0.3612398921832885,0.42857142857142855,-0.06733153638814005
terminalbench,long,355,14,0.3612398921832885,0.42857142857142855,-0.06733153638814005
terminalbench,long,356,14,0.3612398921832885,0.42857142857142855,-0.06733153638814005
terminalbench,long,357,14,0.33981132075471704,0.42857142857142855,-0.08876010781671151
terminalbench,long,358,14,0.33981132075471704,0.42857142857142855,-0.08876010781671151
terminalbench,long,359,14,0.38123989218328846,0.5,-0.11876010781671154
terminalbench,long,360,14,0.3813793103448276,0.5,-0.11862068965517242
terminalbench,long,361,14,0.3813793103448276,0.5,-0.11862068965517242
terminalbench,long,362,14,0.3717784256559766,0.5,-0.12822157434402343
terminalbench,long,363,14,0.3717784256559766,0.5,-0.12822157434402343
terminalbench,long,364,14,0.3966137566137566,0.5,-0.10338624338624341
terminalbench,long,365,14,0.3966137566137566,0.5,-0.10338624338624341
terminalbench,long,366,14,0.3966137566137566,0.5,-0.10338624338624341
terminalbench,long,367,14,0.3966137566137566,0.5,-0.10338624338624341
terminalbench,long,368,14,0.3825595238095238,0.5,-0.1174404761904762
terminalbench,long,369,14,0.3825595238095238,0.5,-0.1174404761904762
terminalbench,long,370,14,0.3825595238095238,0.5,-0.1174404761904762
terminalbench,long,371,14,0.3825595238095238,0.5,-0.1174404761904762
terminalbench,long,372,14,0.3825595238095238,0.5,-0.1174404761904762
terminalbench,long,373,14,0.3825595238095238,0.5,-0.1174404761904762
terminalbench,long,374,14,0.3825595238095238,0.5,-0.1174404761904762
terminalbench,long,375,14,0.3825595238095238,0.5,-0.1174404761904762
terminalbench,long,376,14,0.3825595238095238,0.5,-0.1174404761904762
terminalbench,long,377,14,0.3825595238095238,0.5,-0.1174404761904762
terminalbench,long,378,14,0.3825595238095238,0.5,-0.1174404761904762
terminalbench,long,379,14,0.3825595238095238,0.5,-0.1174404761904762
terminalbench,long,380,14,0.3825595238095238,0.5,-0.1174404761904762
terminalbench,long,381,14,0.3825595238095238,0.5,-0.1174404761904762
terminalbench,long,382,14,0.3825595238095238,0.5,-0.1174404761904762
terminalbench,long,383,14,0.3825595238095238,0.5,-0.1174404761904762
terminalbench,long,384,14,0.3825595238095238,0.5,-0.1174404761904762
terminalbench,long,385,14,0.3825595238095238,0.5,-0.1174404761904762
terminalbench,long,386,14,0.3825595238095238,0.5,-0.1174404761904762
terminalbench,long,387,14,0.3825595238095238,0.5,-0.1174404761904762
terminalbench,long,388,14,0.3825595238095238,0.5,-0.1174404761904762
terminalbench,long,389,14,0.3825595238095238,0.5,-0.1174404761904762
terminalbench,long,390,14,0.3825595238095238,0.5,-0.1174404761904762
terminalbench,long,391,14,0.3825595238095238,0.5,-0.1174404761904762
terminalbench,long,392,14,0.3825595238095238,0.5,-0.1174404761904762
terminalbench,long,393,14,0.3825595238095238,0.5,-0.1174404761904762
terminalbench,long,394,14,0.3825595238095238,0.5,-0.1174404761904762
terminalbench,long,395,14,0.3825595238095238,0.5,-0.1174404761904762
terminalbench,long,396,14,0.3825595238095238,0.5,-0.1174404761904762
terminalbench,long,397,14,0.3825595238095238,0.5,-0.1174404761904762
terminalbench,long,398,14,0.40260504201680675,0.5714285714285714,-0.16882352941176465
terminalbench,long,399,14,0.40260504201680675,0.5714285714285714,-0.16882352941176465
terminalbench,long,400,14,0.39238095238095244,0.5714285714285714,-0.17904761904761896
terminalbench,long,401,14,0.39238095238095244,0.5714285714285714,-0.17904761904761896
terminalbench,long,402,14,0.39476190476190476,0.5714285714285714,-0.17666666666666664
terminalbench,long,403,14,0.39476190476190476,0.5714285714285714,-0.17666666666666664
terminalbench,long,404,14,0.36678571428571427,0.5714285714285714,-0.20464285714285713
terminalbench,long,405,14,0.36678571428571427,0.5714285714285714,-0.20464285714285713
terminalbench,long,406,14,0.3810714285714285,0.5714285714285714,-0.1903571428571429
terminalbench,long,407,14,0.3810714285714285,0.5714285714285714,-0.1903571428571429
terminalbench,long,408,14,0.3810714285714285,0.5714285714285714,-0.1903571428571429
terminalbench,long,409,14,0.358531746031746,0.6428571428571429,-0.2843253968253969
terminalbench,long,410,14,0.36288156288156287,0.6428571428571429,-0.27997557997558004
terminalbench,long,411,14,0.35157203907203904,0.6428571428571429,-0.29128510378510386
terminalbench,long,412,14,0.3588980463980464,0.6428571428571429,-0.2839590964590965
terminalbench,long,413,14,0.3588980463980464,0.6428571428571429,-0.2839590964590965
terminalbench,long,414,14,0.35904654654654655,0.6428571428571429,-0.28381059631059635
terminalbench,long,415,14,0.35904654654654655,0.6428571428571429,-0.28381059631059635
terminalbench,long,416,14,0.35904654654654655,0.6428571428571429,-0.28381059631059635
terminalbench,long,417,14,0.35904654654654655,0.6428571428571429,-0.28381059631059635
terminalbench,long,418,14,0.35904654654654655,0.6428571428571429,-0.28381059631059635
terminalbench,long,419,14,0.35904654654654655,0.6428571428571429,-0.28381059631059635
terminalbench,long,420,14,0.35904654654654655,0.6428571428571429,-0.28381059631059635
terminalbench,long,421,14,0.35308956916099776,0.6428571428571429,-0.28976757369614514
terminalbench,long,422,14,0.35308956916099776,0.6428571428571429,-0.28976757369614514
terminalbench,long,423,14,0.35308956916099776,0.6428571428571429,-0.28976757369614514
terminalbench,long,424,14,0.35308956916099776,0.6428571428571429,-0.28976757369614514
terminalbench,long,425,14,0.35308956916099776,0.6428571428571429,-0.28976757369614514
terminalbench,long,426,14,0.35308956916099776,0.6428571428571429,-0.28976757369614514
terminalbench,long,427,14,0.35308956916099776,0.6428571428571429,-0.28976757369614514
terminalbench,long,428,14,0.33382936507936506,0.6428571428571429,-0.30902777777777785
terminalbench,long,429,14,0.33382936507936506,0.6428571428571429,-0.30902777777777785
terminalbench,long,430,14,0.3296530977982591,0.6428571428571429,-0.31320404505888383
terminalbench,long,431,14,0.3296530977982591,0.6428571428571429,-0.31320404505888383
terminalbench,long,432,14,0.3296530977982591,0.6428571428571429,-0.31320404505888383
terminalbench,long,433,14,0.3296530977982591,0.6428571428571429,-0.31320404505888383
terminalbench,long,434,14,0.341173835125448,0.6428571428571429,-0.3016833077316949
terminalbench,long,435,14,0.341173835125448,0.6428571428571429,-0.3016833077316949
terminalbench,long,436,14,0.34186507936507937,0.6428571428571429,-0.30099206349206353
terminalbench,long,437,14,0.34186507936507937,0.6428571428571429,-0.30099206349206353
terminalbench,long,438,14,0.32808956916099774,0.6428571428571429,-0.31476757369614516
terminalbench,long,439,14,0.32808956916099774,0.6428571428571429,-0.31476757369614516
terminalbench,long,440,14,0.32808956916099774,0.6428571428571429,-0.31476757369614516
terminalbench,long,441,14,0.32808956916099774,0.6428571428571429,-0.31476757369614516
terminalbench,long,442,14,0.32808956916099774,0.6428571428571429,-0.31476757369614516
terminalbench,long,443,14,0.32808956916099774,0.6428571428571429,-0.31476757369614516
terminalbench,long,444,14,0.32808956916099774,0.6428571428571429,-0.31476757369614516
terminalbench,long,445,14,0.32808956916099774,0.6428571428571429,-0.31476757369614516
terminalbench,long,446,14,0.32808956916099774,0.6428571428571429,-0.31476757369614516
terminalbench,long,447,14,0.32808956916099774,0.6428571428571429,-0.31476757369614516
terminalbench,long,448,14,0.32043650793650796,0.6428571428571429,-0.32242063492063494
terminalbench,long,449,14,0.32043650793650796,0.6428571428571429,-0.32242063492063494
terminalbench,long,450,14,0.32043650793650796,0.6428571428571429,-0.32242063492063494
terminalbench,long,451,14,0.32043650793650796,0.6428571428571429,-0.32242063492063494
terminalbench,long,452,14,0.32043650793650796,0.6428571428571429,-0.32242063492063494
terminalbench,long,453,14,0.32043650793650796,0.6428571428571429,-0.32242063492063494
terminalbench,long,454,14,0.33630952380952384,0.6428571428571429,-0.30654761904761907
terminalbench,long,455,14,0.33630952380952384,0.6428571428571429,-0.30654761904761907
terminalbench,long,456,14,0.35218253968253965,0.7142857142857143,-0.36210317460317465
terminalbench,long,457,14,0.35218253968253965,0.7142857142857143,-0.36210317460317465
terminalbench,long,458,14,0.33186507936507936,0.7142857142857143,-0.38242063492063494
terminalbench,long,459,14,0.33186507936507936,0.7142857142857143,-0.38242063492063494
terminalbench,long,460,7,0.3551587301587302,1.0,-0.6448412698412698
terminalbench,long,461,7,0.3551587301587302,1.0,-0.6448412698412698
terminalbench,long,462,7,0.3551587301587302,1.0,-0.6448412698412698
terminalbench,long,463,7,0.3551587301587302,1.0,-0.6448412698412698
terminalbench,long,464,7,0.3551587301587302,1.0,-0.6448412698412698
terminalbench,long,465,7,0.3551587301587302,1.0,-0.6448412698412698
terminalbench,long,466,7,0.3551587301587302,1.0,-0.6448412698412698
terminalbench,long,467,7,0.3551587301587302,1.0,-0.6448412698412698
terminalbench,medium,1,3031,0.6516203703703674,0.6588584625536127,-0.007238092183245337
terminalbench,medium,2,2999,0.6193102192480286,0.7062354118039347,-0.08692519255590603
terminalbench,medium,3,2893,0.6824647823047638,0.7106809540269616,-0.028216171722197814
terminalbench,medium,4,2947,0.6507471003960156,0.7305734645402104,-0.07982636414419486
terminalbench,medium,5,2928,0.6725253143535471,0.7438524590163934,-0.07132714466284629
terminalbench,medium,6,2925,0.6581911706689206,0.7582905982905983,-0.10009942762167767
terminalbench,medium,7,2911,0.6472799461794608,0.7760219855719684,-0.1287420393925076
terminalbench,medium,8,2852,0.6562217829172261,0.7899719495091164,-0.13375016659189032
terminalbench,medium,9,2861,0.6515529412338534,0.8109052778748689,-0.15935233664101545
terminalbench,medium,10,2855,0.6463126235187315,0.8318739054290718,-0.18556128191034027
terminalbench,medium,11,2589,0.6373373396324874,0.8342989571263036,-0.19696161749381624
terminalbench,medium,12,2363,0.6312249256533223,0.8396106644096487,-0.20838573875632638
terminalbench,medium,13,2162,0.627125479347421,0.8427382053654024,-0.21561272601798143
terminalbench,medium,14,1981,0.6211067133032838,0.8515901060070671,-0.23048339270378326
terminalbench,medium,15,1822,0.6201493338788521,0.8611416026344676,-0.24099226875561552
terminalbench,medium,16,1713,0.6281571559497023,0.8768242848803269,-0.2486671289306246
terminalbench,medium,17,1556,0.6261263762077411,0.8823907455012854,-0.25626436929354424
terminalbench,medium,18,1460,0.6217578807387603,0.8952054794520548,-0.2734475987132945
terminalbench,medium,19,1360,0.6210309100561966,0.9029411764705882,-0.28191026641439165
terminalbench,medium,20,1194,0.6160654339931664,0.9103852596314908,-0.2943198256383244
terminalbench,medium,21,1061,0.6081270360097717,0.9208294062205467,-0.31270237021077496
terminalbench,medium,22,953,0.6083249713543643,0.9349422875131165,-0.3266173161587522
terminalbench,medium,23,839,0.6037989760138955,0.9463647199046484,-0.3425657438907529
terminalbench,medium,24,681,0.5869348582535354,0.9559471365638766,-0.3690122783103412
terminalbench,medium,25,573,0.5936554017087514,0.9633507853403142,-0.36969538363156274
terminalbench,medium,26,460,0.59865844652656,0.9804347826086957,-0.3817763360821357
terminalbench,medium,27,331,0.6021426424814248,0.9848942598187311,-0.38275161733730634
terminalbench,medium,28,206,0.5865478578669286,1.0,-0.41345214213307135
terminalbench,medium,29,102,0.5836338160748865,1.0,-0.4163661839251135
terminalbench,short,1,3017,0.6516203703703674,0.9081869406695393,-0.25656657029917196
terminalbench,short,2,2863,0.6473115017618312,0.9297939224589591,-0.2824824206971279
terminalbench,short,3,2207,0.7763700882697423,0.9433620299048482,-0.1669919416351059
terminalbench,short,4,1941,0.728030480925767,0.9577537351880474,-0.22972325426228035
terminalbench,short,5,1533,0.7436965216964426,0.9686888454011742,-0.22499232370473154
terminalbench,short,6,1229,0.72025175411926,0.9764035801464606,-0.25615182602720055
terminalbench,short,7,808,0.7043406998101893,0.9863861386138614,-0.28204543880367205
terminalbench,short,8,483,0.7065727138134658,1.0,-0.29342728618653424
terminalbench,short,9,248,0.7092354801497633,1.0,-0.29076451985023666
