source,length_tercile,current_step,n,mean_predicted_p,observed_rate,mean_bias
hermes,long,1,3563,0.6456722345520333,0.47544204322200395,0.1702301913300293
hermes,long,2,3563,0.6456722345520333,0.47544204322200395,0.1702301913300293
hermes,long,3,3507,0.6789029985398564,0.4998574280011406,0.17904557053871578
hermes,long,4,3461,0.663860345081133,0.4946547240681884,0.16920562101294462
hermes,long,5,3140,0.6442081614549988,0.44363057324840766,0.20057758820659116
hermes,long,6,3137,0.6422423138793538,0.4434172776538094,0.19882503622554443
hermes,long,7,3134,0.6531315738627631,0.4505424377791959,0.2025891360835672
hermes,long,8,3068,0.6388118248427421,0.44165580182529335,0.19715602301744878
hermes,long,9,3099,0.6282733956335869,0.457244272345918,0.17102912328766884
hermes,long,10,3016,0.6325551083548322,0.44297082228116713,0.18958428607366506
hermes,long,11,2995,0.6215882972126014,0.44674457429048414,0.1748437229221173
hermes,long,12,2992,0.6391880986175396,0.4502005347593583,0.18898756385818127
hermes,long,13,2957,0.6244668383831538,0.45417653026716265,0.1702903081159911
hermes,long,14,2948,0.6225787382502675,0.45793758480325647,0.16464115344701108
hermes,long,15,2906,0.6136219345792057,0.46558843771507225,0.14803349686413342
hermes,long,16,2895,0.6140346396424708,0.4690846286701209,0.14495001097234994
hermes,long,17,2890,0.6089344551415401,0.4823529411764706,0.1265815139650695
hermes,long,18,2885,0.6070785059229307,0.4838821490467938,0.12319635687613689
hermes,long,19,2849,0.5997197848297062,0.4914004914004914,0.10831929342921481
hermes,long,20,2760,0.6710173080847389,0.47681159420289854,0.19420571388184038
hermes,long,21,2798,0.6725373613950429,0.503216583273767,0.169320778121276
hermes,long,22,2647,0.6596778614782861,0.48129958443520965,0.17837827704307646
hermes,long,23,2707,0.6653491933891302,0.5164388622090875,0.1489103311800427
hermes,long,24,2659,0.6594671464741451,0.5133508837908989,0.14611626268324618
hermes,long,25,2708,0.6651662275126276,0.5502215657311669,0.11494466178146068
hermes,long,26,2674,0.6636263767797599,0.550112191473448,0.11351418530631185
hermes,long,27,2692,0.6686258705077835,0.5768945022288261,0.09173136827895745
hermes,long,28,2658,0.6683279548801357,0.5778781038374717,0.09044985104266401
hermes,long,29,2683,0.6683619952566735,0.6079016026835632,0.06046039257311031
hermes,long,30,2640,0.6702333408391318,0.6053030303030303,0.06493031053610143
hermes,long,31,2687,0.6709538927904876,0.6419799032378117,0.028973989552675827
hermes,long,32,2671,0.6716709964876147,0.6447023586671659,0.026968637820448893
hermes,long,33,2685,0.6696180454196917,0.6703910614525139,-0.0007730160328222047
hermes,long,34,2513,0.6692931843511308,0.6518105849582173,0.017482599392913523
hermes,long,35,2429,0.6651012045122905,0.6677645121449156,-0.0026633076326251226
hermes,long,36,2299,0.6603667366359511,0.6528925619834711,0.0074741746524800146
hermes,long,37,2260,0.6562717941572296,0.6792035398230089,-0.02293174566577927
hermes,long,38,2163,0.6594673901443672,0.6699029126213593,-0.010435522476992087
hermes,long,39,2143,0.6518486814465043,0.6943537097526832,-0.04250502830617886
hermes,long,40,1770,0.7222953271838268,0.6384180790960452,0.08387724808778163
hermes,long,41,1770,0.7280404750689777,0.6734463276836158,0.054594147385361946
hermes,long,42,1705,0.7240256329459069,0.6645161290322581,0.05950950391364884
hermes,long,43,1704,0.7274364032586431,0.7183098591549296,0.009126544103713496
hermes,long,44,1609,0.7228306953355097,0.709136109384711,0.013694585950798643
hermes,long,45,1602,0.7206042133478537,0.7459425717852685,-0.02533835843741472
hermes,long,46,1521,0.7208542825268213,0.740302432610125,-0.019448150083303695
hermes,long,47,1518,0.7191429777969439,0.7812911725955204,-0.06214819479857647
hermes,long,48,1376,0.7151370187021658,0.7638081395348837,-0.04867112083271785
hermes,long,49,1369,0.7136926936088706,0.7969320672023374,-0.08323937359346689
hermes,long,50,1164,0.7149236220012553,0.7654639175257731,-0.050540295524517886
hermes,long,51,1155,0.7125070560338294,0.7844155844155845,-0.0719085283817551
hermes,long,52,1066,0.712435576562536,0.773921200750469,-0.06148562418793302
hermes,long,53,784,0.7055886926291298,0.7308673469387755,-0.02527865430964571
hermes,long,54,710,0.7010419426388494,0.7154929577464789,-0.014451015107629472
hermes,long,55,689,0.7061791298016193,0.7474600870827286,-0.041280957281109254
hermes,long,56,620,0.7100385067066591,0.7290322580645161,-0.01899375135785697
hermes,long,57,577,0.6956938378395261,0.7348353552859619,-0.03914151744643579
hermes,long,58,533,0.6973713714221753,0.7129455909943715,-0.01557421957219618
hermes,long,59,502,0.7000371123058508,0.7250996015936255,-0.02506248928777477
hermes,long,60,453,0.7019178284397736,0.7019867549668874,-6.892652711387726e-05
hermes,long,61,414,0.7066016182192306,0.7004830917874396,0.006118526431791005
hermes,long,62,378,0.7053345361941025,0.6798941798941799,0.025440356299922584
hermes,long,63,365,0.7055178473336474,0.6958904109589041,0.009627436374743281
hermes,long,64,343,0.709421557771782,0.6822157434402333,0.027205814331548672
hermes,long,65,320,0.7165574948793842,0.690625,0.025932494879384205
hermes,long,66,307,0.7243159990871598,0.6775244299674267,0.046791569119733145
hermes,long,67,294,0.7290342549903328,0.6904761904761905,0.03855806451414234
hermes,long,68,270,0.729009204677842,0.6666666666666666,0.0623425380111754
hermes,long,69,249,0.7177204690151362,0.678714859437751,0.03900560957738519
hermes,long,70,236,0.7134254699065463,0.6694915254237288,0.04393394448281751
hermes,long,71,236,0.7146812198872841,0.7033898305084746,0.011291389378809469
hermes,long,72,214,0.7149409243537758,0.677570093457944,0.03737083089583182
hermes,long,73,214,0.7194984314276693,0.7336448598130841,-0.0141464283854148
hermes,long,74,197,0.7192542293991065,0.7106598984771574,0.008594330921949167
hermes,long,75,187,0.7091759988921092,0.7219251336898396,-0.012749134797730322
hermes,long,76,167,0.7060741521364915,0.718562874251497,-0.012488722115005513
hermes,long,77,151,0.7116727392025358,0.7682119205298014,-0.05653918132726554
hermes,long,78,130,0.7071893192371143,0.7307692307692307,-0.02357991153211647
hermes,long,79,128,0.7054662033429503,0.7890625,-0.0835962966570497
hermes,long,80,140,0.6548533661383361,0.8071428571428572,-0.15228949100452105
hermes,long,81,132,0.6447588550611537,0.8181818181818182,-0.17342296312066452
hermes,long,82,109,0.6353201680013357,0.7889908256880734,-0.1536706576867377
hermes,long,83,94,0.6505046878955273,0.776595744680851,-0.12609105678532373
hermes,long,84,89,0.6492111640826521,0.7640449438202247,-0.11483377973757258
hermes,long,85,72,0.6416259326890132,0.7361111111111112,-0.09448517842209792
hermes,long,86,62,0.6361657428635288,0.7419354838709677,-0.10576974100743897
hermes,long,87,52,0.6814657931288368,0.75,-0.06853420687116318
hermes,long,88,48,0.6604875208151603,0.7291666666666666,-0.06867914585150636
hermes,long,89,45,0.617611546940681,0.7111111111111111,-0.09349956417043015
hermes,long,90,45,0.617611546940681,0.7111111111111111,-0.09349956417043015
hermes,long,91,45,0.631232753161125,0.7555555555555555,-0.1243228023944305
hermes,long,92,45,0.631232753161125,0.7555555555555555,-0.1243228023944305
hermes,long,93,45,0.6301693200764706,0.7777777777777778,-0.14760845770130715
hermes,long,94,45,0.6301693200764706,0.7777777777777778,-0.14760845770130715
hermes,long,95,48,0.5858730216756396,0.875,-0.2891269783243604
hermes,long,96,42,0.5888382706193355,0.8571428571428571,-0.2683045865235216
hermes,long,97,42,0.5791726973880394,0.9047619047619048,-0.3255892073738653
hermes,long,98,40,0.6012748116053909,0.9,-0.29872518839460915
hermes,long,99,40,0.6200848907891864,0.925,-0.30491510921081366
hermes,long,100,29,0.6324558069366238,0.9310344827586207,-0.2985786758219968
hermes,long,101,29,0.6324558069366238,0.9310344827586207,-0.2985786758219968
hermes,long,102,29,0.6324558069366238,0.9310344827586207,-0.2985786758219968
hermes,long,103,29,0.6285318190219695,0.9655172413793104,-0.33698542235734086
hermes,long,104,30,0.5932563544949362,0.9666666666666667,-0.3734103121717305
hermes,long,105,30,0.5932563544949362,0.9666666666666667,-0.3734103121717305
hermes,long,106,23,0.5790878743633968,1.0,-0.4209121256366032
hermes,long,107,23,0.5790878743633968,1.0,-0.4209121256366032
hermes,long,108,17,0.584249661814941,1.0,-0.415750338185059
hermes,long,109,17,0.584249661814941,1.0,-0.415750338185059
hermes,long,110,17,0.584249661814941,1.0,-0.415750338185059
hermes,long,111,11,0.5713630631663418,1.0,-0.4286369368336582
hermes,long,112,11,0.5713630631663418,1.0,-0.4286369368336582
hermes,long,113,11,0.5713630631663418,1.0,-0.4286369368336582
hermes,long,114,11,0.5713630631663418,1.0,-0.4286369368336582
hermes,long,115,11,0.5713630631663418,1.0,-0.4286369368336582
hermes,long,116,11,0.5713630631663418,1.0,-0.4286369368336582
hermes,long,117,11,0.5713630631663418,1.0,-0.4286369368336582
hermes,long,118,5,0.5307692307692308,1.0,-0.46923076923076923
hermes,long,119,5,0.5307692307692308,1.0,-0.46923076923076923
hermes,medium,1,3570,0.6456722345520333,0.638095238095238,0.007576996456795215
hermes,medium,2,3570,0.6456722345520333,0.638095238095238,0.007576996456795215
hermes,medium,3,3430,0.6736077183504848,0.6527696793002915,0.020838039050193324
hermes,medium,4,3406,0.6628512244464593,0.6517909571344686,0.011060267311990724
hermes,medium,5,3154,0.6383265052633462,0.6360177552314521,0.0023087500318941245
hermes,medium,6,3154,0.6287136560389882,0.6379201014584654,-0.009206445419477238
hermes,medium,7,3187,0.6503450159953857,0.6579855663633511,-0.007640550367965404
hermes,medium,8,3077,0.6364282130987657,0.6486837829054274,-0.012255569806661648
hermes,medium,9,3085,0.6286837012018448,0.6709886547811994,-0.0423049535793546
hermes,medium,10,2998,0.6204281564291154,0.6634422948632421,-0.043014138434126714
hermes,medium,11,2964,0.6132527091061695,0.6882591093117408,-0.07500640020557137
hermes,medium,12,2977,0.6330250279373509,0.6919717836748405,-0.05894675573748953
hermes,medium,13,2923,0.6288330826641282,0.7129661306876497,-0.0841330480235215
hermes,medium,14,2930,0.6308121902502556,0.7174061433447099,-0.08659395309445428
hermes,medium,15,2907,0.6288870294488446,0.7523219814241486,-0.12343495197530407
hermes,medium,16,2904,0.6309133158823728,0.7558539944903582,-0.12494067860798541
hermes,medium,17,2864,0.6250398909488866,0.7891061452513967,-0.1640662543025101
hermes,medium,18,2796,0.6266794659607552,0.7893419170243204,-0.16266245106356525
hermes,medium,19,2789,0.6193270341148955,0.8243097884546432,-0.20498275433974766
hermes,medium,20,2472,0.6876043409067518,0.80542071197411,-0.1178163710673582
hermes,medium,21,2545,0.7014783517520924,0.8577603143418467,-0.15628196258975435
hermes,medium,22,2148,0.6842769629453513,0.8361266294227188,-0.15184966647736742
hermes,medium,23,2214,0.6955388644582905,0.8943089430894309,-0.19877007863114038
hermes,medium,24,1939,0.6941753775098378,0.8834450747808148,-0.18926969727097698
hermes,medium,25,1979,0.7057878070945216,0.9267306720565942,-0.2209428649620726
hermes,medium,26,1642,0.7089279928702188,0.9147381242387332,-0.20581013136851445
hermes,medium,27,1662,0.7126828073744291,0.9657039711191335,-0.2530211637447044
hermes,medium,28,1354,0.7206331814198061,0.9608567208271788,-0.24022353940737262
hermes,medium,29,1363,0.7193486490786997,0.9955979457079971,-0.2762492966292974
hermes,medium,30,771,0.7290949308116538,0.9922178988326849,-0.2631229680210311
hermes,medium,31,754,0.7117582651317107,1.0,-0.2882417348682893
hermes,medium,32,555,0.738070288668857,1.0,-0.26192971133114296
hermes,medium,33,63,0.6375047593495436,1.0,-0.36249524065045635
hermes,short,1,3570,0.6456722345520333,0.8072829131652661,-0.16161067861323286
hermes,short,2,3570,0.6456722345520333,0.8072829131652661,-0.16161067861323286
hermes,short,3,3299,0.6641888449900151,0.8535919975750227,-0.18940315258500762
hermes,short,4,2922,0.6472789591843402,0.8422313483915127,-0.1949523892071725
hermes,short,5,2791,0.6459675032528963,0.8828376925833035,-0.23687018933040715
hermes,short,6,2387,0.622847576855733,0.867616254713029,-0.24476867785729595
hermes,short,7,2407,0.6426158747501198,0.9065226422933111,-0.2639067675431913
hermes,short,8,1819,0.6237090881522283,0.8812534359538208,-0.2575443478015925
hermes,short,9,1808,0.626632140395253,0.9258849557522124,-0.29925281535695947
hermes,short,10,1328,0.6135016451444357,0.9021084337349398,-0.28860678859050404
hermes,short,11,1312,0.6033817672104868,0.9527439024390244,-0.34936213522853765
hermes,short,12,1005,0.6137961775922096,0.9432835820895522,-0.3294874044973426
hermes,short,13,963,0.6194411757152468,0.9823468328141225,-0.3629056570988757
hermes,short,14,549,0.6290561051043358,0.9690346083788707,-0.3399785032745348
hermes,short,15,540,0.6119523279239413,1.0,-0.3880476720760587
hermes,short,16,250,0.6251783913971936,1.0,-0.37482160860280644
hermes,short,17,250,0.6244985932914177,1.0,-0.37550140670858234
swe-agent,long,1,37191,0.5424989085047498,0.45301282568363316,0.08948608282111664
swe-agent,long,2,37191,0.5424989085047498,0.45301282568363316,0.08948608282111664
swe-agent,long,3,37191,0.5815973783972846,0.48608534322820035,0.0955120351690843
swe-agent,long,4,37191,0.5815973783972846,0.48608534322820035,0.0955120351690843
swe-agent,long,5,37188,0.5829510809804463,0.48706572012477145,0.0958853608556749
swe-agent,long,6,37188,0.5825860005416256,0.48706572012477145,0.09552028041685412
swe-agent,long,7,37188,0.6064357134727426,0.510137678821125,0.09629803465161757
swe-agent,long,8,37188,0.6060904670871966,0.510137678821125,0.09595278826607156
swe-agent,long,9,37187,0.6298204644672212,0.5258020275902869,0.10401843687693424
swe-agent,long,10,37186,0.6411207016930486,0.5257892755338031,0.11533142615924552
swe-agent,long,11,37186,0.6463350160291025,0.5340719625665573,0.11226305346254517
swe-agent,long,12,37189,0.6457329472566263,0.5341095485224125,0.11162339873421379
swe-agent,long,13,37187,0.6510504419088451,0.5418291338370936,0.10922130807175146
swe-agent,long,14,37175,0.6500965756661579,0.5416812373907196,0.10841533827543826
swe-agent,long,15,37176,0.6474535881512251,0.5480955455132344,0.09935804263799075
swe-agent,long,16,37141,0.6489218677010721,0.5476966156000108,0.10122525210106126
swe-agent,long,17,37143,0.6473898476393967,0.5552055569017043,0.09218429073769241
swe-agent,long,18,37093,0.6516387854319537,0.5546599088776858,0.09697887655426796
swe-agent,long,19,37101,0.6473341642337451,0.5617099269561467,0.08562423727759838
swe-agent,long,20,37109,0.6740975655022167,0.5617774663828182,0.11232009911939844
swe-agent,long,21,37109,0.6679902160198671,0.5689994340995446,0.09899078192032251
swe-agent,long,22,37093,0.6739340093139223,0.5688404820316502,0.10509352728227217
swe-agent,long,23,37100,0.665143394568768,0.5763611859838275,0.08878220858494057
swe-agent,long,24,37073,0.6690590490987266,0.5760526528740593,0.09300639622466733
swe-agent,long,25,37068,0.6629049241653643,0.583818927376713,0.07908599678865125
swe-agent,long,26,37020,0.6671410610189645,0.5832522960561859,0.08388876496277864
swe-agent,long,27,37019,0.6588649610387934,0.5911018666090386,0.06776309442975481
swe-agent,long,28,36963,0.6710082410810623,0.590482374266158,0.08052586681490426
swe-agent,long,29,36965,0.6629727143282339,0.597808737995401,0.06516397633283288
swe-agent,long,30,36865,0.6677391616653108,0.5967177539671775,0.07102140769813325
swe-agent,long,31,36867,0.6591904108599478,0.6046599940326037,0.05453041682734405
swe-agent,long,32,36774,0.664157686584365,0.6036601947027791,0.06049749188158593
swe-agent,long,33,36770,0.654948829286295,0.6111231982594506,0.04382563102684445
swe-agent,long,34,36632,0.6588674132338374,0.6096855208560821,0.049181892377755276
swe-agent,long,35,36639,0.6501305038157748,0.6175386882829772,0.03259181553279755
swe-agent,long,36,36448,0.6526232907649415,0.6155893327480246,0.03703395801691689
swe-agent,long,37,36465,0.6440366094459463,0.62473604826546,0.019300561180486286
swe-agent,long,38,36340,0.6456844425763424,0.6235002751788663,0.022184167397476084
swe-agent,long,39,36350,0.6392241173581842,0.6318844566712517,0.007339660686932481
swe-agent,long,40,35478,0.6995328982845689,0.6228648740064265,0.07666802427814234
swe-agent,long,41,35481,0.6953843690021516,0.6311265184183084,0.06425785058384326
swe-agent,long,42,35398,0.6964297482983168,0.630318097067631,0.06611165123068585
swe-agent,long,43,35386,0.6921689812539497,0.6399706098457016,0.05219837140824801
swe-agent,long,44,35303,0.6931414744338771,0.6391241537546384,0.0540173206792387
swe-agent,long,45,35311,0.6890151286052367,0.6490611990597831,0.039953929545453626
swe-agent,long,46,35253,0.6897677702691616,0.6484838169801151,0.04128395328904644
swe-agent,long,47,35237,0.6858008497964657,0.6587677725118484,0.027033077284617346
swe-agent,long,48,35174,0.6865787129404956,0.6581565929379656,0.02842212000252997
swe-agent,long,49,35163,0.6831229227745359,0.6696243210192532,0.013498601755282724
swe-agent,long,50,35081,0.6832683178944664,0.6689090960919016,0.01435922180256477
swe-agent,long,51,35118,0.6791223972157948,0.6841221026254343,-0.004999705409639454
swe-agent,long,52,35031,0.6802115347947487,0.6833661613999029,-0.0031546266051541982
swe-agent,long,53,34647,0.6773164824153958,0.6962507576413542,-0.018934275225958475
swe-agent,long,54,34597,0.6778745038208578,0.6958406798277307,-0.01796617600687289
swe-agent,long,55,33246,0.6729413153838697,0.7003248511099079,-0.027383535726038244
swe-agent,long,56,33177,0.6725249317623281,0.6997317418693674,-0.027206810107039292
swe-agent,long,57,31753,0.6699302521103581,0.7034295972034138,-0.033499345093055743
swe-agent,long,58,31673,0.6704664761802172,0.702743661793957,-0.03227718561373982
swe-agent,long,59,30309,0.6689263748385209,0.7051700814939457,-0.03624370665542476
swe-agent,long,60,30235,0.6693893406192969,0.704448486852985,-0.03505914623368811
swe-agent,long,61,28931,0.6660733945732012,0.7086861843697072,-0.04261278979650596
swe-agent,long,62,28872,0.6662765119098438,0.7081601551676364,-0.04188364325779259
swe-agent,long,63,27625,0.6639525563091323,0.7124705882352941,-0.048518031926161775
swe-agent,long,64,27557,0.664211859263311,0.7117610770403164,-0.04754921777700538
swe-agent,long,65,26478,0.6620579772678378,0.7163305385603143,-0.054272561292476484
swe-agent,long,66,26438,0.6622009436392357,0.7159013541115061,-0.05370041047227048
swe-agent,long,67,25224,0.6598296287400922,0.7209800190294957,-0.0611503902894035
swe-agent,long,68,25174,0.6596814629469376,0.7204258361801859,-0.06074437323324822
swe-agent,long,69,23858,0.6589095851022794,0.7234889764439602,-0.06457939134168078
swe-agent,long,70,23832,0.6584610570925775,0.7231873111782477,-0.06472625408567023
swe-agent,long,71,22637,0.6577582796362201,0.7254494853558334,-0.06769120571961329
swe-agent,long,72,22601,0.6572371433900228,0.7251006592628645,-0.06786351587284167
swe-agent,long,73,21575,0.6572898899405286,0.7289455388180764,-0.07165564887754783
swe-agent,long,74,21537,0.6567314766448962,0.7285137205738961,-0.0717822439289999
swe-agent,long,75,20508,0.6545508120956314,0.7310805539301736,-0.0765297418345422
swe-agent,long,76,20495,0.6534526243934785,0.7310563552085875,-0.07760373081510896
swe-agent,long,77,19369,0.6527123860376709,0.7327172285611028,-0.08000484252343187
swe-agent,long,78,19351,0.6520058061246292,0.7326236370213426,-0.08061783089671337
swe-agent,long,79,18318,0.6499168303658055,0.733759144011355,-0.0838423136455495
swe-agent,long,80,15740,0.688007446281022,0.6906607369758577,-0.002653290694835775
swe-agent,long,81,14982,0.6880758876999347,0.6940328394072888,-0.005956951707354108
swe-agent,long,82,14953,0.6869098096524191,0.693439443589915,-0.006529633937495949
swe-agent,long,83,14088,0.6819511228322452,0.6930011357183419,-0.011050012886096638
swe-agent,long,84,14081,0.6800643989639148,0.6931325900149137,-0.013068191050998879
swe-agent,long,85,13268,0.6769907916251172,0.6943020801929455,-0.017311288567828265
swe-agent,long,86,13263,0.6756245284837165,0.6942622332805549,-0.01863770479683846
swe-agent,long,87,12455,0.6727072392391262,0.6928944199116821,-0.02018718067255587
swe-agent,long,88,12430,0.6709788292614655,0.6923572003218021,-0.021378371060336687
swe-agent,long,89,11559,0.6712881170949394,0.6856129422960464,-0.014324825201107005
swe-agent,long,90,11543,0.6697086451078625,0.6853504288313264,-0.01564178372346381
swe-agent,long,91,10952,0.6673721402240417,0.6842585829072315,-0.01688644268318984
swe-agent,long,92,10951,0.6663115269481431,0.6843210665692631,-0.018009539621119952
swe-agent,long,93,10356,0.6670842908822537,0.6810544611819235,-0.013970170299669737
swe-agent,long,94,10356,0.6657578059944157,0.6810544611819235,-0.01529665518750778
swe-agent,long,95,9879,0.6622210252425352,0.6818503897155582,-0.019629364473022992
swe-agent,long,96,9874,0.6612069562168069,0.6815880089122949,-0.020381052695487956
swe-agent,long,97,9423,0.6601432830616782,0.6829035339063992,-0.022760250844720997
swe-agent,long,98,9428,0.6591041570294008,0.6830717013152312,-0.023967544285830367
swe-agent,long,99,9020,0.6579023434846201,0.6829268292682927,-0.025024485783672668
swe-agent,long,100,9016,0.6566333469992016,0.6830079858030168,-0.026374638803815187
swe-agent,long,101,8515,0.65795420405386,0.6798590722254845,-0.021904868171624514
swe-agent,long,102,8512,0.6567991399857117,0.6796287593984962,-0.022829619412784496
swe-agent,long,103,8230,0.6534683607138998,0.6849331713244229,-0.031464810610523086
swe-agent,long,104,8225,0.6520807004605438,0.6848632218844984,-0.03278252142395466
swe-agent,long,105,7842,0.6522633947754664,0.6851568477429227,-0.03289345296745638
swe-agent,long,106,7842,0.6511739794768426,0.6851568477429227,-0.0339828682660801
swe-agent,long,107,7450,0.6483820937830141,0.6824161073825503,-0.03403401359953617
swe-agent,long,108,7439,0.647391165745215,0.68194649818524,-0.034555332440024955
swe-agent,long,109,7096,0.6472074331806084,0.6817925591882751,-0.03458512600766672
swe-agent,long,110,7090,0.6465659316921346,0.6815232722143865,-0.034957340522251856
swe-agent,long,111,6731,0.6455221728648822,0.6777596196701827,-0.032237446805300496
swe-agent,long,112,6729,0.644651476075003,0.6776638430673205,-0.03301236699231758
swe-agent,long,113,6427,0.6459815010016425,0.6779212696436907,-0.03193976864204817
swe-agent,long,114,6425,0.645330559898547,0.6778210116731518,-0.032490451774604745
swe-agent,long,115,6184,0.6398087616288726,0.6796571798188874,-0.039848418190014834
swe-agent,long,116,6183,0.6391713442832492,0.6796053695617015,-0.0404340252784523
swe-agent,long,117,5929,0.6442986566177527,0.6807218755270703,-0.036423218909317656
swe-agent,long,118,5928,0.6431783520910638,0.680668016194332,-0.03748966410326826
swe-agent,long,119,5714,0.641727847864235,0.684109205460273,-0.042381357596038005
swe-agent,long,120,5713,0.6409899101290641,0.6840539121302293,-0.043064002001165114
swe-agent,long,121,5513,0.6436340757169972,0.6838382006167241,-0.04020412489972691
swe-agent,long,122,5513,0.6432313903842134,0.6838382006167241,-0.04060681023251067
swe-agent,long,123,5381,0.6451748917380313,0.6876045344731463,-0.04242964273511496
swe-agent,long,124,5384,0.6452536848057451,0.687778603268945,-0.042524918463199946
swe-agent,long,125,5199,0.6453841031308656,0.6932102327370648,-0.04782612960619925
swe-agent,long,126,5201,0.6446618783034433,0.6933282061142088,-0.04866632781076541
swe-agent,long,127,5033,0.6466363596017093,0.6964037353467117,-0.04976737574500245
swe-agent,long,128,5033,0.6467736023488582,0.6964037353467117,-0.04963013299785357
swe-agent,long,129,4864,0.649850273936073,0.69921875,-0.049368476063927025
swe-agent,long,130,4860,0.6502275460352702,0.6989711934156378,-0.04874364738036763
swe-agent,long,131,4702,0.653452166672458,0.7033177371331348,-0.049865570460676856
swe-agent,long,132,4703,0.6529788753338333,0.703380820752711,-0.05040194541887777
swe-agent,long,133,4505,0.6609727897608081,0.7032186459489456,-0.042245856188137476
swe-agent,long,134,4505,0.6609200270396752,0.7032186459489456,-0.042298618909270336
swe-agent,long,135,4320,0.6650359531886306,0.7025462962962963,-0.037510343107665656
swe-agent,long,136,4320,0.6646119577548626,0.7025462962962963,-0.03793433854143369
swe-agent,long,137,4198,0.6722331385355628,0.7043830395426394,-0.0321499010070766
swe-agent,long,138,4200,0.6719237009686759,0.7045238095238096,-0.03260010855513362
swe-agent,long,139,4130,0.6748601115152597,0.712590799031477,-0.03773068751621733
swe-agent,long,140,4131,0.6742786452560149,0.7129024449285887,-0.03862379967257379
swe-agent,long,141,4030,0.6779075560957093,0.7146401985111662,-0.03673264241545693
swe-agent,long,142,4033,0.6775537204451065,0.7148524671460451,-0.03729874670093858
swe-agent,long,143,3957,0.6787319371487661,0.7240333586050038,-0.04530142145623772
swe-agent,long,144,3956,0.6783629850962579,0.7242163801820021,-0.04585339508574415
swe-agent,long,145,3873,0.6816962194662252,0.7281177381874516,-0.04642151872122646
swe-agent,long,146,3873,0.6810023942076382,0.7281177381874516,-0.04711534397981343
swe-agent,long,147,3761,0.6845411621641697,0.732517947354427,-0.047976785190257276
swe-agent,long,148,3761,0.6839357069036748,0.732517947354427,-0.04858224045075221
swe-agent,long,149,3648,0.6881680334963328,0.7371162280701754,-0.048948194573842585
swe-agent,long,150,3648,0.6876293228638439,0.7371162280701754,-0.04948690520633148
swe-agent,long,151,3472,0.6955862527209453,0.7332949308755761,-0.03770867815463075
swe-agent,long,152,3468,0.6958229968732964,0.7329873125720877,-0.037164315698791306
swe-agent,long,153,3403,0.6949735025700122,0.7387599177196591,-0.04378641514964687
swe-agent,long,154,3404,0.694430369359598,0.7388366627497063,-0.044406293390108265
swe-agent,long,155,3324,0.695266807065293,0.7442839951865222,-0.04901718812122924
swe-agent,long,156,3326,0.6948989816636278,0.7444377630787733,-0.04953878141514545
swe-agent,long,157,3255,0.6999828450923529,0.748694316436252,-0.04871147134389908
swe-agent,long,158,3256,0.699230721840246,0.7487714987714987,-0.049540776931252695
swe-agent,long,159,3157,0.6995266206285136,0.7516629711751663,-0.05213635054665278
swe-agent,long,160,2900,0.6304863104698578,0.73,-0.09951368953014217
swe-agent,long,161,2787,0.6308653238748217,0.7276641550053822,-0.09679883113056043
swe-agent,long,162,2787,0.6303930790475613,0.7276641550053822,-0.09727107595782092
swe-agent,long,163,2688,0.6342564179675565,0.7317708333333334,-0.09751441536577687
swe-agent,long,164,2688,0.6338944982611647,0.7317708333333334,-0.09787633507216864
swe-agent,long,165,2606,0.6378843707089471,0.7336914811972371,-0.09580711048829005
swe-agent,long,166,2606,0.6374262073701379,0.7336914811972371,-0.09626527382709926
swe-agent,long,167,2504,0.6446909267044956,0.7328274760383386,-0.08813654933384307
swe-agent,long,168,2504,0.6443893364979723,0.7328274760383386,-0.08843813954036639
swe-agent,long,169,2446,0.6486004413155895,0.7379394930498774,-0.08933905173428791
swe-agent,long,170,2446,0.6481970495897535,0.7379394930498774,-0.08974244346012383
swe-agent,long,171,2390,0.651612880058208,0.7410041841004185,-0.0893913040422104
swe-agent,long,172,2390,0.6513631765877209,0.7410041841004185,-0.08964100751269755
swe-agent,long,173,2356,0.6562360262060795,0.7444821731748726,-0.08824614696879318
swe-agent,long,174,2356,0.6562682206669764,0.7444821731748726,-0.08821395250789621
swe-agent,long,175,2306,0.6612460360629855,0.7493495229835212,-0.08810348692053571
swe-agent,long,176,2306,0.6608803149835523,0.7493495229835212,-0.08846920799996894
swe-agent,long,177,2269,0.6678727335135,0.7593653591890701,-0.09149262567557015
swe-agent,long,178,2269,0.6677030882119929,0.7593653591890701,-0.09166227097707724
swe-agent,long,179,2217,0.6700537888330895,0.7649977447000451,-0.09494395586695559
swe-agent,long,180,2217,0.6699751425196812,0.7649977447000451,-0.09502260218036396
swe-agent,long,181,2158,0.674637967089483,0.7687673772011121,-0.09412941011162912
swe-agent,long,182,2158,0.6745181735625165,0.7687673772011121,-0.09424920363859557
swe-agent,long,183,2109,0.6755548870764637,0.7733522996680892,-0.09779741259162544
swe-agent,long,184,2109,0.6757013950474356,0.7733522996680892,-0.09765090462065351
swe-agent,long,185,2060,0.6789048435026005,0.7776699029126214,-0.0987650594100209
swe-agent,long,186,2060,0.6784273154256105,0.7776699029126214,-0.09924258748701087
swe-agent,long,187,2005,0.688330555853407,0.7835411471321696,-0.09521059127876264
swe-agent,long,188,2005,0.6884186332380252,0.7835411471321696,-0.09512251389414439
swe-agent,long,189,1938,0.6922989948062352,0.7858617131062952,-0.09356271830005991
swe-agent,long,190,1938,0.6925364594656059,0.7858617131062952,-0.09332525364068922
swe-agent,long,191,1896,0.6971978338629988,0.7916666666666666,-0.0944688328036678
swe-agent,long,192,1896,0.6967343528599202,0.7916666666666666,-0.09493231380674638
swe-agent,long,193,1871,0.6981712852763788,0.797434526990914,-0.09926324171453516
swe-agent,long,194,1871,0.6981208348742773,0.797434526990914,-0.09931369211663665
swe-agent,long,195,1831,0.7020009985721573,0.8039322774440196,-0.10193127887186237
swe-agent,long,196,1831,0.7019648040925971,0.8039322774440196,-0.10196747335142253
swe-agent,long,197,1798,0.7045280210196604,0.8097886540600667,-0.10526063304040634
swe-agent,long,198,1798,0.7047081644236199,0.8097886540600667,-0.10508048963644678
swe-agent,long,199,1767,0.7082203574565819,0.8205998868138087,-0.11237952935722684
swe-agent,long,200,1767,0.7082361867506521,0.8205998868138087,-0.11236370006315655
swe-agent,long,201,1709,0.7133447693657753,0.8256290228203628,-0.11228425345458748
swe-agent,long,202,1709,0.7129385611823674,0.8256290228203628,-0.11269046163799534
swe-agent,long,203,1637,0.716223709251567,0.8295662797800856,-0.1133425705285186
swe-agent,long,204,1637,0.7160929617290959,0.8295662797800856,-0.1134733180509897
swe-agent,long,205,1598,0.7258170009854299,0.8329161451814768,-0.10709914419604694
swe-agent,long,206,1598,0.7256324526655651,0.8329161451814768,-0.10728369251591174
swe-agent,long,207,1588,0.7258013714793419,0.8419395465994962,-0.11613817512015434
swe-agent,long,208,1588,0.7258646798119381,0.8419395465994962,-0.11607486678755807
swe-agent,long,209,1552,0.7272850422465016,0.8472938144329897,-0.12000877218648809
swe-agent,long,210,1552,0.7276756115177379,0.8472938144329897,-0.11961820291525183
swe-agent,long,211,1519,0.7348135128782614,0.8551678736010533,-0.12035436072279193
swe-agent,long,212,1519,0.7350481467297538,0.8551678736010533,-0.12011972687129946
swe-agent,long,213,1463,0.7351503634304499,0.859876965140123,-0.12472660170967309
swe-agent,long,214,1463,0.734830877355363,0.859876965140123,-0.12504608778476
swe-agent,long,215,1409,0.7441463978649151,0.8601845280340668,-0.11603813016915165
swe-agent,long,216,1409,0.7443080385579114,0.8601845280340668,-0.11587648947615536
swe-agent,long,217,1368,0.7513735227272675,0.8633040935672515,-0.11193057083998392
swe-agent,long,218,1368,0.7514248240656557,0.8633040935672515,-0.11187926950159577
swe-agent,long,219,1334,0.7538546332584656,0.8658170914542729,-0.1119624581958073
swe-agent,long,220,1334,0.7543229038126541,0.8658170914542729,-0.11149418764161878
swe-agent,long,221,1305,0.7511131892932357,0.8666666666666667,-0.11555347737343102
swe-agent,long,222,1305,0.7508473450857165,0.8666666666666667,-0.11581932158095021
swe-agent,long,223,1254,0.7554778443758332,0.8668261562998405,-0.11134831192400729
swe-agent,long,224,1254,0.7553153798372826,0.8668261562998405,-0.11151077646255791
swe-agent,long,225,1242,0.7553707179103811,0.8703703703703703,-0.11499965245998922
swe-agent,long,226,1242,0.7551299400069827,0.8703703703703703,-0.1152404303633876
swe-agent,long,227,1223,0.7575846052268281,0.8740801308258381,-0.11649552559901
swe-agent,long,228,1223,0.7575686690271327,0.8740801308258381,-0.11651146179870542
swe-agent,long,229,1191,0.7573411849909636,0.874895046179681,-0.11755386118871736
swe-agent,long,230,1191,0.7572892797362729,0.874895046179681,-0.11760576644340803
swe-agent,long,231,1179,0.7577394591446364,0.8761662425784563,-0.11842678343381996
swe-agent,long,232,1179,0.7578045350270932,0.8761662425784563,-0.1183617075513631
swe-agent,long,233,1162,0.7647987486217908,0.8752151462994836,-0.11041639767769285
swe-agent,long,234,1162,0.7650649152593273,0.8752151462994836,-0.11015023104015631
swe-agent,long,235,1137,0.7693821881004138,0.8759894459102903,-0.10660725780987645
swe-agent,long,236,1137,0.7693369567279198,0.8759894459102903,-0.10665248918237047
swe-agent,long,237,1110,0.7689384491138284,0.8774774774774775,-0.10853902836364915
swe-agent,long,238,1110,0.7688710054332817,0.8774774774774775,-0.10860647204419582
swe-agent,long,239,1102,0.7681567729346709,0.8793103448275862,-0.1111535718929153
swe-agent,long,240,1102,0.7678140298865378,0.8793103448275862,-0.11149631494104839
swe-agent,long,241,1078,0.7737095518013949,0.87847866419295,-0.10476911239155506
swe-agent,long,242,1078,0.7735121166052475,0.87847866419295,-0.10496654758770241
swe-agent,long,243,1057,0.776941571277543,0.8807947019867549,-0.10385313070921187
swe-agent,long,244,1057,0.7770554003999733,0.8807947019867549,-0.10373930158678157
swe-agent,long,245,1028,0.7770693326687981,0.8793774319066148,-0.1023080992378167
swe-agent,long,246,1028,0.7772769848203136,0.8793774319066148,-0.10210044708630117
swe-agent,long,247,1016,0.7771644723127258,0.8809055118110236,-0.10374103949829783
swe-agent,long,248,1016,0.7770273956909199,0.8809055118110236,-0.10387811612010367
swe-agent,long,249,1011,0.7786600545105443,0.884272997032641,-0.10561294252209663
swe-agent,long,250,1011,0.778708357206604,0.884272997032641,-0.10556463982603692
swe-agent,long,251,987,0.7795750092495413,0.8834853090172239,-0.10391029976768262
swe-agent,long,252,987,0.7802337472462902,0.8834853090172239,-0.10325156177093364
swe-agent,long,253,984,0.7793888462496755,0.8871951219512195,-0.107806275701544
swe-agent,long,254,984,0.7793471509102299,0.8871951219512195,-0.10784797104098964
swe-agent,long,255,961,0.7823055829032632,0.886576482830385,-0.1042708999271218
swe-agent,long,256,961,0.7822150837353498,0.886576482830385,-0.10436139909503528
swe-agent,long,257,953,0.7816304588926216,0.8887722980062959,-0.10714183911367425
swe-agent,long,258,953,0.7818406469488502,0.8887722980062959,-0.10693165105744562
swe-agent,long,259,942,0.7792994263371766,0.8927813163481954,-0.11348189001101872
swe-agent,long,260,942,0.7794951737986416,0.8927813163481954,-0.11328614254955371
swe-agent,long,261,921,0.7826132256910998,0.8957654723127035,-0.11315224662160372
swe-agent,long,262,921,0.7826928389864161,0.8957654723127035,-0.11307263332628747
swe-agent,long,263,912,0.7828177831071833,0.8969298245614035,-0.11411204145422016
swe-agent,long,264,912,0.78285126003029,0.8969298245614035,-0.11407856453111342
swe-agent,long,265,898,0.7848100347397039,0.8986636971046771,-0.11385366236497318
swe-agent,long,266,898,0.7849037610651649,0.8986636971046771,-0.11375993603951218
swe-agent,long,267,884,0.7843043555087249,0.8993212669683258,-0.11501691145960091
swe-agent,long,268,884,0.7843222807077487,0.8993212669683258,-0.11499898626057714
swe-agent,long,269,865,0.7822785099361541,0.900578034682081,-0.11829952474592687
swe-agent,long,270,865,0.782242659330162,0.900578034682081,-0.11833537535191896
swe-agent,long,271,846,0.7833785227459521,0.9018912529550828,-0.11851273020913067
swe-agent,long,272,846,0.7832529014150129,0.9018912529550828,-0.11863835154006985
swe-agent,long,273,834,0.7831823270420604,0.9040767386091128,-0.12089441156705238
swe-agent,long,274,834,0.7834427697413149,0.9040767386091128,-0.12063396886779787
swe-agent,long,275,818,0.7848135459311439,0.9046454767726161,-0.11983193084147215
swe-agent,long,276,818,0.7846906688309316,0.9046454767726161,-0.11995480794168445
swe-agent,long,277,808,0.7883049979441737,0.905940594059406,-0.11763559611523222
swe-agent,long,278,808,0.7882411945862895,0.905940594059406,-0.11769939947311647
swe-agent,long,279,804,0.7891496868172356,0.9079601990049752,-0.11881051218773953
swe-agent,long,280,804,0.7892645109282408,0.9079601990049752,-0.11869568807673436
swe-agent,long,281,791,0.7921512171603697,0.9089759797724399,-0.1168247626120702
swe-agent,long,282,791,0.7920600173712189,0.9089759797724399,-0.11691596240122104
swe-agent,long,283,785,0.7918406535350511,0.910828025477707,-0.11898737194265596
swe-agent,long,284,785,0.7917976147041013,0.910828025477707,-0.11903041077360577
swe-agent,long,285,779,0.7891592239020494,0.9139922978177151,-0.12483307391566567
swe-agent,long,286,779,0.7889401926498263,0.9139922978177151,-0.12505210516788878
swe-agent,long,287,764,0.7936725159390892,0.9149214659685864,-0.1212489500294972
swe-agent,long,288,764,0.7937739446311207,0.9149214659685864,-0.12114752133746565
swe-agent,long,289,764,0.7944626827162302,0.9175392670157068,-0.12307658429947654
swe-agent,long,290,764,0.7947498459282587,0.9175392670157068,-0.12278942108744806
swe-agent,long,291,760,0.7945660293905238,0.9197368421052632,-0.1251708127147394
swe-agent,long,292,760,0.7945870347731679,0.9197368421052632,-0.12514980733209524
swe-agent,long,293,743,0.7925248831004119,0.9205921938088829,-0.128067310708471
swe-agent,long,294,743,0.7924931132838795,0.9205921938088829,-0.1280990805250034
swe-agent,long,295,720,0.8012918608790489,0.9222222222222223,-0.12093036134317336
swe-agent,long,296,720,0.8010316484724821,0.9222222222222223,-0.12119057374974018
swe-agent,long,297,710,0.7984597427574263,0.9225352112676056,-0.12407546851017937
swe-agent,long,298,708,0.7974730859627315,0.922316384180791,-0.1248432982180595
swe-agent,long,299,698,0.7990396789055515,0.9212034383954155,-0.12216375948986402
swe-agent,long,300,698,0.7990911344356096,0.9212034383954155,-0.12211230395980588
swe-agent,long,301,688,0.802389812721348,0.9215116279069767,-0.1191218151856287
swe-agent,long,302,688,0.8023566749479936,0.9215116279069767,-0.11915495295898315
swe-agent,long,303,680,0.7999431960554093,0.9205882352941176,-0.12064503923870828
swe-agent,long,304,680,0.8001251342152886,0.9205882352941176,-0.12046310107882896
swe-agent,long,305,666,0.8065439274581774,0.918918918918919,-0.11237499146074159
swe-agent,long,306,666,0.8065729772271344,0.918918918918919,-0.11234594169178458
swe-agent,long,307,665,0.8061981060515453,0.9233082706766917,-0.11711016462514645
swe-agent,long,308,665,0.8064199321613672,0.9233082706766917,-0.11688833851532454
swe-agent,long,309,654,0.8086901237652692,0.9235474006116208,-0.11485727684635161
swe-agent,long,310,654,0.8090412293372824,0.9235474006116208,-0.11450617127433838
swe-agent,long,311,639,0.8064219926159891,0.9248826291079812,-0.11846063649199212
swe-agent,long,312,639,0.8062297864919333,0.9248826291079812,-0.11865284261604792
swe-agent,long,313,631,0.8100932487025704,0.9255150554675119,-0.11542180676494151
swe-agent,long,314,631,0.810064647149506,0.9255150554675119,-0.1154504083180059
swe-agent,long,315,621,0.811499685601228,0.9243156199677939,-0.1128159343665659
swe-agent,long,316,621,0.8112697338865941,0.9243156199677939,-0.11304588608119981
swe-agent,long,317,613,0.8130037775227756,0.9249592169657422,-0.1119554394429666
swe-agent,long,318,613,0.8128907855663905,0.9249592169657422,-0.11206843139935174
swe-agent,long,319,610,0.8138501133712519,0.9278688524590164,-0.1140187390877645
swe-agent,long,320,610,0.8136587469033449,0.9278688524590164,-0.11421010555567146
swe-agent,long,321,608,0.811118074218248,0.930921052631579,-0.11980297841333098
swe-agent,long,322,608,0.811192351306875,0.930921052631579,-0.11972870132470403
swe-agent,long,323,595,0.814503098917448,0.9294117647058824,-0.1149086657884344
swe-agent,long,324,595,0.8144962752707039,0.9294117647058824,-0.11491548943517849
swe-agent,long,325,590,0.8177806731843305,0.9305084745762712,-0.11272780139194072
swe-agent,long,326,590,0.8177721933081366,0.9305084745762712,-0.11273628126813462
swe-agent,long,327,583,0.8226271172312116,0.9331046312178388,-0.1104775139866272
swe-agent,long,328,583,0.8226271172312116,0.9331046312178388,-0.1104775139866272
swe-agent,long,329,583,0.8246006853593566,0.9365351629502573,-0.1119344775909007
swe-agent,long,330,583,0.8244449050741466,0.9365351629502573,-0.11209025787611071
swe-agent,long,331,578,0.8221359102433793,0.9377162629757786,-0.1155803527323993
swe-agent,long,332,578,0.8221407428339848,0.9377162629757786,-0.11557552014179384
swe-agent,long,333,574,0.8211125686710244,0.9390243902439024,-0.11791182157287794
swe-agent,long,334,574,0.82125913300552,0.9390243902439024,-0.11776525723838238
swe-agent,long,335,568,0.822186575837475,0.9419014084507042,-0.11971483261322924
swe-agent,long,336,568,0.8222123150681807,0.9419014084507042,-0.11968909338252354
swe-agent,long,337,556,0.8228686238667966,0.9406474820143885,-0.11777885814759192
swe-agent,long,338,556,0.8227648607234649,0.9406474820143885,-0.11788262129092364
swe-agent,long,339,553,0.8209870378907468,0.9403254972875226,-0.11933845939677579
swe-agent,long,340,553,0.820890874725897,0.9403254972875226,-0.11943462256162563
swe-agent,long,341,542,0.8187109755337002,0.940959409594096,-0.12224843406039576
swe-agent,long,342,542,0.8186626299085437,0.940959409594096,-0.1222967796855523
swe-agent,long,343,542,0.8186489800443711,0.940959409594096,-0.12231042954972482
swe-agent,long,344,542,0.8186514707234835,0.940959409594096,-0.12230793887061242
swe-agent,long,345,530,0.8269941081480083,0.9415094339622642,-0.11451532581425583
swe-agent,long,346,530,0.8269193088087061,0.9415094339622642,-0.11459012515355804
swe-agent,long,347,530,0.8285183626369086,0.9415094339622642,-0.11299107132535557
swe-agent,long,348,530,0.8285175629009447,0.9415094339622642,-0.11299187106131947
swe-agent,long,349,525,0.8268710610505825,0.9428571428571428,-0.11598608180656034
swe-agent,long,350,525,0.8267531472183831,0.9428571428571428,-0.11610399563875973
swe-agent,long,351,522,0.8272576889098251,0.9444444444444444,-0.11718675553461932
swe-agent,long,352,522,0.827152967514613,0.9444444444444444,-0.11729147692983144
swe-agent,long,353,513,0.8261789717202714,0.9434697855750487,-0.11729081385477724
swe-agent,long,354,513,0.8259623808604056,0.9434697855750487,-0.11750740471464305
swe-agent,long,355,504,0.8290006489454,0.9424603174603174,-0.1134596685149174
swe-agent,long,356,504,0.8290006489454,0.9424603174603174,-0.1134596685149174
swe-agent,long,357,494,0.8277487511594805,0.9433198380566802,-0.11557108689719964
swe-agent,long,358,494,0.8278322019333062,0.9433198380566802,-0.11548763612337398
swe-agent,long,359,492,0.8266861188200937,0.9451219512195121,-0.11843583239941846
swe-agent,long,360,492,0.8266122590793883,0.9451219512195121,-0.11850969214012386
swe-agent,long,361,486,0.822704647820487,0.9465020576131687,-0.12379740979268172
swe-agent,long,362,486,0.8226942733003088,0.9465020576131687,-0.12380778431285999
swe-agent,long,363,466,0.834671233641668,0.944206008583691,-0.10953477494202302
swe-agent,long,364,466,0.8347616748302297,0.944206008583691,-0.1094443337534613
swe-agent,long,365,466,0.8352186019948649,0.9463519313304721,-0.11113332933560727
swe-agent,long,366,466,0.8352186019948649,0.9463519313304721,-0.11113332933560727
swe-agent,long,367,457,0.8332412734447133,0.9474835886214442,-0.11424231517673089
swe-agent,long,368,457,0.833150408757433,0.9474835886214442,-0.11433317986401126
swe-agent,long,369,456,0.8326409740617594,0.9517543859649122,-0.11911341190315283
swe-agent,long,370,456,0.832774232625966,0.9517543859649122,-0.11898015333894629
swe-agent,long,371,449,0.8371999319141324,0.955456570155902,-0.11825663824176957
swe-agent,long,372,449,0.8371868309053552,0.955456570155902,-0.11826973925054685
swe-agent,long,373,450,0.8380430409328622,0.9555555555555556,-0.11751251462269341
swe-agent,long,374,450,0.8380430409328622,0.9555555555555556,-0.11751251462269341
swe-agent,long,375,450,0.8391100741056365,0.9577777777777777,-0.11866770367214119
swe-agent,long,376,450,0.8390732760172256,0.9577777777777777,-0.11870450176055214
swe-agent,long,377,446,0.8383844911680964,0.9573991031390134,-0.119014611970917
swe-agent,long,378,446,0.8383844911680964,0.9573991031390134,-0.119014611970917
swe-agent,long,379,444,0.8384876890550419,0.9572072072072072,-0.1187195181521653
swe-agent,long,380,444,0.8384876890550419,0.9572072072072072,-0.1187195181521653
swe-agent,long,381,440,0.8425092226889419,0.9636363636363636,-0.12112714094742172
swe-agent,long,382,440,0.8425979428939411,0.9636363636363636,-0.12103842074242255
swe-agent,long,383,435,0.8402620041140332,0.9655172413793104,-0.1252552372652772
swe-agent,long,384,435,0.8402620041140332,0.9655172413793104,-0.1252552372652772
swe-agent,long,385,419,0.8436221980205956,0.964200477326969,-0.12057827930637344
swe-agent,long,386,419,0.8433692984686132,0.964200477326969,-0.12083117885835581
swe-agent,long,387,419,0.8439718541381523,0.9689737470167065,-0.12500189287855412
swe-agent,long,388,419,0.8439718541381523,0.9689737470167065,-0.12500189287855412
swe-agent,long,389,401,0.8552579026790311,0.9675810473815462,-0.11232314470251503
swe-agent,long,390,401,0.8552579026790311,0.9675810473815462,-0.11232314470251503
swe-agent,long,391,387,0.8504993471155976,0.9664082687338501,-0.1159089216182525
swe-agent,long,392,387,0.8504993471155976,0.9664082687338501,-0.1159089216182525
swe-agent,long,393,379,0.847894138803591,0.9656992084432717,-0.11780506963968074
swe-agent,long,394,379,0.8479061563652545,0.9656992084432717,-0.11779305207801727
swe-agent,long,395,362,0.8504488061848505,0.9668508287292817,-0.11640202254443122
swe-agent,long,396,362,0.8504488061848505,0.9668508287292817,-0.11640202254443122
swe-agent,long,397,362,0.8514682431251861,0.9723756906077348,-0.12090744748254867
swe-agent,long,398,362,0.8514682431251861,0.9723756906077348,-0.12090744748254867
swe-agent,long,399,361,0.8508536640421522,0.9750692520775623,-0.12421558803541011
swe-agent,long,400,361,0.8508536640421522,0.9750692520775623,-0.12421558803541011
swe-agent,long,401,355,0.8554945240024838,0.9802816901408451,-0.12478716613836127
swe-agent,long,402,355,0.8554945240024838,0.9802816901408451,-0.12478716613836127
swe-agent,long,403,354,0.856885464540918,0.980225988700565,-0.12334052415964702
swe-agent,long,404,354,0.8565603935777614,0.980225988700565,-0.12366559512280362
swe-agent,long,405,344,0.8585271486573135,0.9825581395348837,-0.12403099087757019
swe-agent,long,406,344,0.8586578782691169,0.9825581395348837,-0.12390026126576681
swe-agent,long,407,338,0.8659306685214312,0.9822485207100592,-0.116317852188628
swe-agent,long,408,338,0.8659739226132684,0.9822485207100592,-0.11627459809679075
swe-agent,long,409,324,0.8715623770346074,0.9814814814814815,-0.10991910444687414
swe-agent,long,410,324,0.8715623770346074,0.9814814814814815,-0.10991910444687414
swe-agent,long,411,324,0.8723805088406699,0.9814814814814815,-0.10910097264081164
swe-agent,long,412,324,0.8722662489224884,0.9814814814814815,-0.10921523255899312
swe-agent,long,413,322,0.8715264162428468,0.9813664596273292,-0.10984004338448239
swe-agent,long,414,322,0.8715264162428468,0.9813664596273292,-0.10984004338448239
swe-agent,long,415,315,0.8800402399823252,0.9809523809523809,-0.10091214097005574
swe-agent,long,416,315,0.8800402399823252,0.9809523809523809,-0.10091214097005574
swe-agent,long,417,309,0.877901291662926,0.9805825242718447,-0.1026812326089187
swe-agent,long,418,309,0.877901291662926,0.9805825242718447,-0.1026812326089187
swe-agent,long,419,306,0.8768003623808823,0.9803921568627451,-0.10359179448186273
swe-agent,long,420,306,0.8768003623808823,0.9803921568627451,-0.10359179448186273
swe-agent,long,421,301,0.8745409304829602,0.9833887043189369,-0.10884777383597666
swe-agent,long,422,301,0.874595651897812,0.9833887043189369,-0.10879305242112491
swe-agent,long,423,293,0.8803027919072809,0.9829351535836177,-0.10263236167633683
swe-agent,long,424,293,0.8800227922099834,0.9829351535836177,-0.10291236137363435
swe-agent,long,425,293,0.8824403121189708,0.9863481228668942,-0.10390781074792343
swe-agent,long,426,293,0.882189756834286,0.9863481228668942,-0.1041583660326082
swe-agent,long,427,286,0.8895302217276778,0.9895104895104895,-0.09998026778281166
swe-agent,long,428,286,0.8895302217276778,0.9895104895104895,-0.09998026778281166
swe-agent,long,429,281,0.8882626916754276,0.9893238434163701,-0.10106115174094255
swe-agent,long,430,281,0.8883532389009181,0.9893238434163701,-0.10097060451545203
swe-agent,long,431,275,0.9007859964365341,0.9890909090909091,-0.08830491265437501
swe-agent,long,432,275,0.9007859964365341,0.9890909090909091,-0.08830491265437501
swe-agent,long,433,272,0.8997813943527548,0.9889705882352942,-0.08918919388253932
swe-agent,long,434,272,0.8997813943527548,0.9889705882352942,-0.08918919388253932
swe-agent,long,435,268,0.8988686166565275,0.9888059701492538,-0.08993735349272625
swe-agent,long,436,268,0.8988686166565275,0.9888059701492538,-0.08993735349272625
swe-agent,long,437,268,0.8988686166565275,0.9888059701492538,-0.08993735349272625
swe-agent,long,438,268,0.8988686166565275,0.9888059701492538,-0.08993735349272625
swe-agent,long,439,264,0.8977172093621035,0.9886363636363636,-0.09091915427426012
swe-agent,long,440,264,0.8975608451635316,0.9886363636363636,-0.09107551847283202
swe-agent,long,441,258,0.8941135629754461,0.9922480620155039,-0.09813449904005778
swe-agent,long,442,258,0.8941088130134458,0.9922480620155039,-0.09813924900205806
swe-agent,long,443,254,0.89349110403203,0.9921259842519685,-0.09863488021993849
swe-agent,long,444,254,0.89349110403203,0.9921259842519685,-0.09863488021993849
swe-agent,long,445,249,0.8914902617995346,0.9919678714859438,-0.10047760968640918
swe-agent,long,446,249,0.8914902617995346,0.9919678714859438,-0.10047760968640918
swe-agent,long,447,240,0.8896226663835,0.9916666666666667,-0.10204400028316674
swe-agent,long,448,240,0.88940107089599,0.9916666666666667,-0.10226559577067673
swe-agent,long,449,240,0.88940107089599,0.9916666666666667,-0.10226559577067673
swe-agent,long,450,240,0.88940107089599,0.9916666666666667,-0.10226559577067673
swe-agent,long,451,239,0.8889383138704501,0.9916317991631799,-0.10269348529272981
swe-agent,long,452,239,0.8889383138704501,0.9916317991631799,-0.10269348529272981
swe-agent,long,453,238,0.8884716681304099,0.9915966386554622,-0.10312497052505232
swe-agent,long,454,238,0.8884716681304099,0.9915966386554622,-0.10312497052505232
swe-agent,long,455,238,0.8884716681304099,0.9915966386554622,-0.10312497052505232
swe-agent,long,456,238,0.8884716681304099,0.9915966386554622,-0.10312497052505232
swe-agent,long,457,238,0.8893779512380341,0.9957983193277311,-0.10642036808969702
swe-agent,long,458,238,0.88902074620913,0.9957983193277311,-0.10677757311860114
swe-agent,long,459,238,0.8872155196139873,1.0,-0.11278448038601274
swe-agent,long,460,238,0.8873234006042213,1.0,-0.11267659939577868
swe-agent,long,461,238,0.8873234006042213,1.0,-0.11267659939577868
swe-agent,long,462,238,0.8873234006042213,1.0,-0.11267659939577868
swe-agent,long,463,232,0.884869678708231,1.0,-0.11513032129176903
swe-agent,long,464,232,0.884869678708231,1.0,-0.11513032129176903
swe-agent,long,465,230,0.8845691707767145,1.0,-0.11543082922328551
swe-agent,long,466,230,0.8845691707767145,1.0,-0.11543082922328551
swe-agent,long,467,220,0.8954151891071295,1.0,-0.10458481089287053
swe-agent,long,468,220,0.8954151891071295,1.0,-0.10458481089287053
swe-agent,long,469,220,0.8954151891071295,1.0,-0.10458481089287053
swe-agent,long,470,220,0.8954151891071295,1.0,-0.10458481089287053
swe-agent,long,471,220,0.8954151891071295,1.0,-0.10458481089287053
swe-agent,long,472,220,0.8954151891071295,1.0,-0.10458481089287053
swe-agent,long,473,220,0.8954151891071295,1.0,-0.10458481089287053
swe-agent,long,474,220,0.8954151891071295,1.0,-0.10458481089287053
swe-agent,long,475,220,0.8954151891071295,1.0,-0.10458481089287053
swe-agent,long,476,220,0.8954151891071295,1.0,-0.10458481089287053
swe-agent,long,477,220,0.8954151891071295,1.0,-0.10458481089287053
swe-agent,long,478,220,0.8954151891071295,1.0,-0.10458481089287053
swe-agent,long,479,211,0.8921165893972032,1.0,-0.10788341060279683
swe-agent,long,480,211,0.8921165893972032,1.0,-0.10788341060279683
swe-agent,long,481,211,0.8921165893972032,1.0,-0.10788341060279683
swe-agent,long,482,211,0.8921165893972032,1.0,-0.10788341060279683
swe-agent,long,483,211,0.8921165893972032,1.0,-0.10788341060279683
swe-agent,long,484,211,0.8921165893972032,1.0,-0.10788341060279683
swe-agent,long,485,211,0.8921165893972032,1.0,-0.10788341060279683
swe-agent,long,486,211,0.8921165893972032,1.0,-0.10788341060279683
swe-agent,long,487,203,0.8885171149874118,1.0,-0.11148288501258818
swe-agent,long,488,203,0.8885171149874118,1.0,-0.11148288501258818
swe-agent,long,489,203,0.8885171149874118,1.0,-0.11148288501258818
swe-agent,long,490,203,0.8885171149874118,1.0,-0.11148288501258818
swe-agent,long,491,201,0.8874936105559946,1.0,-0.11250638944400537
swe-agent,long,492,201,0.8874936105559946,1.0,-0.11250638944400537
swe-agent,long,493,190,0.8982411009215883,1.0,-0.10175889907841174
swe-agent,long,494,190,0.8982411009215883,1.0,-0.10175889907841174
swe-agent,long,495,190,0.8982411009215883,1.0,-0.10175889907841174
swe-agent,long,496,190,0.8982411009215883,1.0,-0.10175889907841174
swe-agent,long,497,190,0.8982411009215883,1.0,-0.10175889907841174
swe-agent,long,498,190,0.8982411009215883,1.0,-0.10175889907841174
swe-agent,long,499,190,0.8982411009215883,1.0,-0.10175889907841174
swe-agent,long,500,190,0.8982411009215883,1.0,-0.10175889907841174
swe-agent,long,501,189,0.8977026940481575,1.0,-0.1022973059518425
swe-agent,long,502,189,0.8977026940481575,1.0,-0.1022973059518425
swe-agent,long,503,189,0.8977026940481575,1.0,-0.1022973059518425
swe-agent,long,504,189,0.8977026940481575,1.0,-0.1022973059518425
swe-agent,long,505,189,0.8977026940481575,1.0,-0.1022973059518425
swe-agent,long,506,189,0.8977026940481575,1.0,-0.1022973059518425
swe-agent,long,507,182,0.9120009933110852,1.0,-0.0879990066889148
swe-agent,long,508,182,0.9120009933110852,1.0,-0.0879990066889148
swe-agent,long,509,177,0.9097091273817289,1.0,-0.09029087261827107
swe-agent,long,510,177,0.9097091273817289,1.0,-0.09029087261827107
swe-agent,long,511,177,0.9097091273817289,1.0,-0.09029087261827107
swe-agent,long,512,177,0.9097091273817289,1.0,-0.09029087261827107
swe-agent,long,513,169,0.905812201628523,1.0,-0.09418779837147695
swe-agent,long,514,169,0.905812201628523,1.0,-0.09418779837147695
swe-agent,long,515,164,0.9031499807266398,1.0,-0.09685001927336023
swe-agent,long,516,164,0.9031499807266398,1.0,-0.09685001927336023
swe-agent,long,517,161,0.9015280037507751,1.0,-0.09847199624922487
swe-agent,long,518,161,0.9015280037507751,1.0,-0.09847199624922487
swe-agent,long,519,150,0.8953297190959726,1.0,-0.10467028090402741
swe-agent,long,520,150,0.8953297190959726,1.0,-0.10467028090402741
swe-agent,long,521,150,0.8953297190959726,1.0,-0.10467028090402741
swe-agent,long,522,150,0.8953297190959726,1.0,-0.10467028090402741
swe-agent,long,523,149,0.8946272339892339,1.0,-0.10537276601076606
swe-agent,long,524,149,0.8946272339892339,1.0,-0.10537276601076606
swe-agent,long,525,149,0.8946272339892339,1.0,-0.10537276601076606
swe-agent,long,526,149,0.8946272339892339,1.0,-0.10537276601076606
swe-agent,long,527,149,0.8946272339892339,1.0,-0.10537276601076606
swe-agent,long,528,149,0.8946272339892339,1.0,-0.10537276601076606
swe-agent,long,529,149,0.8946272339892339,1.0,-0.10537276601076606
swe-agent,long,530,149,0.8946272339892339,1.0,-0.10537276601076606
swe-agent,long,531,138,0.8872506430786172,1.0,-0.11274935692138277
swe-agent,long,532,138,0.8872506430786172,1.0,-0.11274935692138277
swe-agent,long,533,138,0.8872506430786172,1.0,-0.11274935692138277
swe-agent,long,534,138,0.8872506430786172,1.0,-0.11274935692138277
swe-agent,long,535,138,0.8872506430786172,1.0,-0.11274935692138277
swe-agent,long,536,138,0.8872506430786172,1.0,-0.11274935692138277
swe-agent,long,537,134,0.8854841377547381,1.0,-0.11451586224526189
swe-agent,long,538,134,0.8854841377547381,1.0,-0.11451586224526189
swe-agent,long,539,130,0.8827110418057282,1.0,-0.11728895819427176
swe-agent,long,540,130,0.8827110418057282,1.0,-0.11728895819427176
swe-agent,long,541,130,0.8827110418057282,1.0,-0.11728895819427176
swe-agent,long,542,130,0.8827110418057282,1.0,-0.11728895819427176
swe-agent,long,543,125,0.8782941615895452,1.0,-0.12170583841045479
swe-agent,long,544,125,0.8782941615895452,1.0,-0.12170583841045479
swe-agent,long,545,116,0.8700256731026196,1.0,-0.12997432689738042
swe-agent,long,546,116,0.8700256731026196,1.0,-0.12997432689738042
swe-agent,long,547,116,0.8700256731026196,1.0,-0.12997432689738042
swe-agent,long,548,116,0.8700256731026196,1.0,-0.12997432689738042
swe-agent,long,549,116,0.8700256731026196,1.0,-0.12997432689738042
swe-agent,long,550,116,0.8700256731026196,1.0,-0.12997432689738042
swe-agent,long,551,116,0.8700256731026196,1.0,-0.12997432689738042
swe-agent,long,552,116,0.8700256731026196,1.0,-0.12997432689738042
swe-agent,long,553,116,0.8700256731026196,1.0,-0.12997432689738042
swe-agent,long,554,116,0.8700256731026196,1.0,-0.12997432689738042
swe-agent,long,555,113,0.8668353083593783,1.0,-0.13316469164062172
swe-agent,long,556,113,0.8668353083593783,1.0,-0.13316469164062172
swe-agent,long,557,108,0.8609881908199838,1.0,-0.1390118091800162
swe-agent,long,558,108,0.8609881908199838,1.0,-0.1390118091800162
swe-agent,long,559,105,0.8572965368882297,1.0,-0.1427034631117703
swe-agent,long,560,105,0.8572965368882297,1.0,-0.1427034631117703
swe-agent,long,561,105,0.8572965368882297,1.0,-0.1427034631117703
swe-agent,long,562,105,0.8572965368882297,1.0,-0.1427034631117703
swe-agent,long,563,102,0.853387726842843,1.0,-0.14661227315715697
swe-agent,long,564,102,0.853387726842843,1.0,-0.14661227315715697
swe-agent,long,565,102,0.853387726842843,1.0,-0.14661227315715697
swe-agent,long,566,102,0.853387726842843,1.0,-0.14661227315715697
swe-agent,long,567,102,0.853387726842843,1.0,-0.14661227315715697
swe-agent,long,568,102,0.853387726842843,1.0,-0.14661227315715697
swe-agent,long,569,102,0.853387726842843,1.0,-0.14661227315715697
swe-agent,long,570,102,0.853387726842843,1.0,-0.14661227315715697
swe-agent,long,571,93,0.8405786678690991,1.0,-0.15942133213090093
swe-agent,long,572,93,0.8405786678690991,1.0,-0.15942133213090093
swe-agent,long,573,90,0.8355914208503564,1.0,-0.16440857914964357
swe-agent,long,574,90,0.8355914208503564,1.0,-0.16440857914964357
swe-agent,long,575,90,0.8355914208503564,1.0,-0.16440857914964357
swe-agent,long,576,90,0.8355914208503564,1.0,-0.16440857914964357
swe-agent,long,577,90,0.8355914208503564,1.0,-0.16440857914964357
swe-agent,long,578,90,0.8355914208503564,1.0,-0.16440857914964357
swe-agent,long,579,90,0.8355914208503564,1.0,-0.16440857914964357
swe-agent,long,580,90,0.8355914208503564,1.0,-0.16440857914964357
swe-agent,long,581,90,0.8355914208503564,1.0,-0.16440857914964357
swe-agent,long,582,90,0.8355914208503564,1.0,-0.16440857914964357
swe-agent,long,583,90,0.8355914208503564,1.0,-0.16440857914964357
swe-agent,long,584,90,0.8355914208503564,1.0,-0.16440857914964357
swe-agent,long,585,90,0.8355914208503564,1.0,-0.16440857914964357
swe-agent,long,586,90,0.8355914208503564,1.0,-0.16440857914964357
swe-agent,long,587,90,0.8355914208503564,1.0,-0.16440857914964357
swe-agent,long,588,90,0.8355914208503564,1.0,-0.16440857914964357
swe-agent,long,589,90,0.8355914208503564,1.0,-0.16440857914964357
swe-agent,long,590,90,0.8355914208503564,1.0,-0.16440857914964357
swe-agent,long,591,85,0.8263242663585953,1.0,-0.17367573364140465
swe-agent,long,592,85,0.8263242663585953,1.0,-0.17367573364140465
swe-agent,long,593,82,0.8203289561608108,1.0,-0.1796710438391892
swe-agent,long,594,82,0.8203289561608108,1.0,-0.1796710438391892
swe-agent,long,595,82,0.8203289561608108,1.0,-0.1796710438391892
swe-agent,long,596,82,0.8203289561608108,1.0,-0.1796710438391892
swe-agent,long,597,82,0.8203289561608108,1.0,-0.1796710438391892
swe-agent,long,598,82,0.8203289561608108,1.0,-0.1796710438391892
swe-agent,long,599,82,0.8203289561608108,1.0,-0.1796710438391892
swe-agent,long,600,82,0.8203289561608108,1.0,-0.1796710438391892
swe-agent,long,601,82,0.8203289561608108,1.0,-0.1796710438391892
swe-agent,long,602,82,0.8203289561608108,1.0,-0.1796710438391892
swe-agent,long,603,82,0.8203289561608108,1.0,-0.1796710438391892
swe-agent,long,604,82,0.8203289561608108,1.0,-0.1796710438391892
swe-agent,long,605,76,0.807549612127518,1.0,-0.19245038787248203
swe-agent,long,606,76,0.807549612127518,1.0,-0.19245038787248203
swe-agent,long,607,76,0.807549612127518,1.0,-0.19245038787248203
swe-agent,long,608,76,0.807549612127518,1.0,-0.19245038787248203
swe-agent,long,609,73,0.8009836950325705,1.0,-0.1990163049674295
swe-agent,long,610,73,0.8009836950325705,1.0,-0.1990163049674295
swe-agent,long,611,73,0.8009836950325705,1.0,-0.1990163049674295
swe-agent,long,612,73,0.8009836950325705,1.0,-0.1990163049674295
swe-agent,long,613,73,0.8009836950325705,1.0,-0.1990163049674295
swe-agent,long,614,73,0.8009836950325705,1.0,-0.1990163049674295
swe-agent,long,615,73,0.8009836950325705,1.0,-0.1990163049674295
swe-agent,long,616,73,0.8009836950325705,1.0,-0.1990163049674295
swe-agent,long,617,73,0.8009836950325705,1.0,-0.1990163049674295
swe-agent,long,618,73,0.8009836950325705,1.0,-0.1990163049674295
swe-agent,long,619,68,0.7868550661959727,1.0,-0.21314493380402733
swe-agent,long,620,68,0.7868550661959727,1.0,-0.21314493380402733
swe-agent,long,621,68,0.7868550661959727,1.0,-0.21314493380402733
swe-agent,long,622,68,0.7868550661959727,1.0,-0.21314493380402733
swe-agent,long,623,68,0.7868550661959727,1.0,-0.21314493380402733
swe-agent,long,624,68,0.7868550661959727,1.0,-0.21314493380402733
swe-agent,long,625,68,0.7868550661959727,1.0,-0.21314493380402733
swe-agent,long,626,68,0.7868550661959727,1.0,-0.21314493380402733
swe-agent,long,627,68,0.7868550661959727,1.0,-0.21314493380402733
swe-agent,long,628,68,0.7868550661959727,1.0,-0.21314493380402733
swe-agent,long,629,68,0.7868550661959727,1.0,-0.21314493380402733
swe-agent,long,630,68,0.7868550661959727,1.0,-0.21314493380402733
swe-agent,long,631,59,0.8054854677054633,1.0,-0.19451453229453675
swe-agent,long,632,59,0.8054854677054633,1.0,-0.19451453229453675
swe-agent,long,633,59,0.8054854677054633,1.0,-0.19451453229453675
swe-agent,long,634,59,0.8054854677054633,1.0,-0.19451453229453675
swe-agent,long,635,59,0.8054854677054633,1.0,-0.19451453229453675
swe-agent,long,636,59,0.8054854677054633,1.0,-0.19451453229453675
swe-agent,long,637,59,0.8054854677054633,1.0,-0.19451453229453675
swe-agent,long,638,59,0.8054854677054633,1.0,-0.19451453229453675
swe-agent,long,639,59,0.8054854677054633,1.0,-0.19451453229453675
swe-agent,long,640,59,0.8054854677054633,1.0,-0.19451453229453675
swe-agent,long,641,59,0.8054854677054633,1.0,-0.19451453229453675
swe-agent,long,642,59,0.8054854677054633,1.0,-0.19451453229453675
swe-agent,long,643,59,0.8054854677054633,1.0,-0.19451453229453675
swe-agent,long,644,59,0.8054854677054633,1.0,-0.19451453229453675
swe-agent,long,645,59,0.8054854677054633,1.0,-0.19451453229453675
swe-agent,long,646,59,0.8054854677054633,1.0,-0.19451453229453675
swe-agent,long,647,59,0.8054854677054633,1.0,-0.19451453229453675
swe-agent,long,648,59,0.8054854677054633,1.0,-0.19451453229453675
swe-agent,long,649,59,0.8054854677054633,1.0,-0.19451453229453675
swe-agent,long,650,59,0.8054854677054633,1.0,-0.19451453229453675
swe-agent,long,651,59,0.8054854677054633,1.0,-0.19451453229453675
swe-agent,long,652,59,0.8054854677054633,1.0,-0.19451453229453675
swe-agent,long,653,59,0.8054854677054633,1.0,-0.19451453229453675
swe-agent,long,654,59,0.8054854677054633,1.0,-0.19451453229453675
swe-agent,long,655,54,0.7881106918253856,1.0,-0.21188930817461438
swe-agent,long,656,54,0.7881106918253856,1.0,-0.21188930817461438
swe-agent,long,657,54,0.7881106918253856,1.0,-0.21188930817461438
swe-agent,long,658,54,0.7881106918253856,1.0,-0.21188930817461438
swe-agent,long,659,54,0.7881106918253856,1.0,-0.21188930817461438
swe-agent,long,660,54,0.7881106918253856,1.0,-0.21188930817461438
swe-agent,long,661,54,0.7881106918253856,1.0,-0.21188930817461438
swe-agent,long,662,54,0.7881106918253856,1.0,-0.21188930817461438
swe-agent,long,663,54,0.7881106918253856,1.0,-0.21188930817461438
swe-agent,long,664,54,0.7881106918253856,1.0,-0.21188930817461438
swe-agent,long,665,51,0.776610935028229,1.0,-0.22338906497177102
swe-agent,long,666,51,0.776610935028229,1.0,-0.22338906497177102
swe-agent,long,667,51,0.776610935028229,1.0,-0.22338906497177102
swe-agent,long,668,51,0.776610935028229,1.0,-0.22338906497177102
swe-agent,long,669,46,0.7530759228345256,1.0,-0.24692407716547438
swe-agent,long,670,46,0.7530759228345256,1.0,-0.24692407716547438
swe-agent,long,671,46,0.7530759228345256,1.0,-0.24692407716547438
swe-agent,long,672,46,0.7530759228345256,1.0,-0.24692407716547438
swe-agent,long,673,46,0.7530759228345256,1.0,-0.24692407716547438
swe-agent,long,674,46,0.7530759228345256,1.0,-0.24692407716547438
swe-agent,long,675,46,0.7530759228345256,1.0,-0.24692407716547438
swe-agent,long,676,46,0.7530759228345256,1.0,-0.24692407716547438
swe-agent,long,677,46,0.7530759228345256,1.0,-0.24692407716547438
swe-agent,long,678,46,0.7530759228345256,1.0,-0.24692407716547438
swe-agent,long,679,46,0.7530759228345256,1.0,-0.24692407716547438
swe-agent,long,680,46,0.7530759228345256,1.0,-0.24692407716547438
swe-agent,long,681,46,0.7530759228345256,1.0,-0.24692407716547438
swe-agent,long,682,46,0.7530759228345256,1.0,-0.24692407716547438
swe-agent,long,683,39,0.7710795355385448,1.0,-0.2289204644614552
swe-agent,long,684,39,0.7710795355385448,1.0,-0.2289204644614552
swe-agent,long,685,39,0.7710795355385448,1.0,-0.2289204644614552
swe-agent,long,686,39,0.7710795355385448,1.0,-0.2289204644614552
swe-agent,long,687,39,0.7710795355385448,1.0,-0.2289204644614552
swe-agent,long,688,39,0.7710795355385448,1.0,-0.2289204644614552
swe-agent,long,689,39,0.7710795355385448,1.0,-0.2289204644614552
swe-agent,long,690,39,0.7710795355385448,1.0,-0.2289204644614552
swe-agent,long,691,39,0.7710795355385448,1.0,-0.2289204644614552
swe-agent,long,692,39,0.7710795355385448,1.0,-0.2289204644614552
swe-agent,long,693,39,0.7710795355385448,1.0,-0.2289204644614552
swe-agent,long,694,39,0.7710795355385448,1.0,-0.2289204644614552
swe-agent,long,695,39,0.7710795355385448,1.0,-0.2289204644614552
swe-agent,long,696,39,0.7710795355385448,1.0,-0.2289204644614552
swe-agent,long,697,39,0.7710795355385448,1.0,-0.2289204644614552
swe-agent,long,698,39,0.7710795355385448,1.0,-0.2289204644614552
swe-agent,long,699,37,0.7593646521596131,1.0,-0.24063534784038687
swe-agent,long,700,37,0.7593646521596131,1.0,-0.24063534784038687
swe-agent,long,701,37,0.7593646521596131,1.0,-0.24063534784038687
swe-agent,long,702,37,0.7593646521596131,1.0,-0.24063534784038687
swe-agent,long,703,37,0.7593646521596131,1.0,-0.24063534784038687
swe-agent,long,704,37,0.7593646521596131,1.0,-0.24063534784038687
swe-agent,long,705,37,0.7593646521596131,1.0,-0.24063534784038687
swe-agent,long,706,37,0.7593646521596131,1.0,-0.24063534784038687
swe-agent,long,707,37,0.7593646521596131,1.0,-0.24063534784038687
swe-agent,long,708,37,0.7593646521596131,1.0,-0.24063534784038687
swe-agent,long,709,37,0.7593646521596131,1.0,-0.24063534784038687
swe-agent,long,710,37,0.7593646521596131,1.0,-0.24063534784038687
swe-agent,long,711,31,0.7162351047229207,1.0,-0.28376489527707927
swe-agent,long,712,31,0.7162351047229207,1.0,-0.28376489527707927
swe-agent,long,713,28,0.6868821432541579,1.0,-0.31311785674584214
swe-agent,long,714,28,0.6868821432541579,1.0,-0.31311785674584214
swe-agent,long,715,28,0.6868821432541579,1.0,-0.31311785674584214
swe-agent,long,716,28,0.6868821432541579,1.0,-0.31311785674584214
swe-agent,long,717,28,0.6868821432541579,1.0,-0.31311785674584214
swe-agent,long,718,28,0.6868821432541579,1.0,-0.31311785674584214
swe-agent,long,719,26,0.6640571883216276,1.0,-0.33594281167837237
swe-agent,long,720,26,0.6640571883216276,1.0,-0.33594281167837237
swe-agent,long,721,26,0.6640571883216276,1.0,-0.33594281167837237
swe-agent,long,722,26,0.6640571883216276,1.0,-0.33594281167837237
swe-agent,long,723,26,0.6640571883216276,1.0,-0.33594281167837237
swe-agent,long,724,26,0.6640571883216276,1.0,-0.33594281167837237
swe-agent,long,725,26,0.6640571883216276,1.0,-0.33594281167837237
swe-agent,long,726,26,0.6640571883216276,1.0,-0.33594281167837237
swe-agent,long,727,19,0.7016365299119187,1.0,-0.2983634700880813
swe-agent,long,728,19,0.7016365299119187,1.0,-0.2983634700880813
swe-agent,long,729,19,0.7016365299119187,1.0,-0.2983634700880813
swe-agent,long,730,19,0.7016365299119187,1.0,-0.2983634700880813
swe-agent,long,731,19,0.7016365299119187,1.0,-0.2983634700880813
swe-agent,long,732,19,0.7016365299119187,1.0,-0.2983634700880813
swe-agent,long,733,19,0.7016365299119187,1.0,-0.2983634700880813
swe-agent,long,734,19,0.7016365299119187,1.0,-0.2983634700880813
swe-agent,long,735,12,0.7929657129813843,1.0,-0.2070342870186157
swe-agent,long,736,12,0.7929657129813843,1.0,-0.2070342870186157
swe-agent,long,737,12,0.7929657129813843,1.0,-0.2070342870186157
swe-agent,long,738,12,0.7929657129813843,1.0,-0.2070342870186157
swe-agent,long,739,12,0.7929657129813843,1.0,-0.2070342870186157
swe-agent,long,740,12,0.7929657129813843,1.0,-0.2070342870186157
swe-agent,long,741,12,0.7929657129813843,1.0,-0.2070342870186157
swe-agent,long,742,12,0.7929657129813843,1.0,-0.2070342870186157
swe-agent,long,743,12,0.7929657129813843,1.0,-0.2070342870186157
swe-agent,long,744,12,0.7929657129813843,1.0,-0.2070342870186157
swe-agent,long,745,12,0.7929657129813843,1.0,-0.2070342870186157
swe-agent,long,746,12,0.7929657129813843,1.0,-0.2070342870186157
swe-agent,long,747,12,0.7929657129813843,1.0,-0.2070342870186157
swe-agent,long,748,12,0.7929657129813843,1.0,-0.2070342870186157
swe-agent,long,749,12,0.7929657129813843,1.0,-0.2070342870186157
swe-agent,long,750,12,0.7929657129813843,1.0,-0.2070342870186157
swe-agent,long,751,12,0.7929657129813843,1.0,-0.2070342870186157
swe-agent,long,752,12,0.7929657129813843,1.0,-0.2070342870186157
swe-agent,long,753,12,0.7929657129813843,1.0,-0.2070342870186157
swe-agent,long,754,12,0.7929657129813843,1.0,-0.2070342870186157
swe-agent,long,755,12,0.7929657129813843,1.0,-0.2070342870186157
swe-agent,long,756,12,0.7929657129813843,1.0,-0.2070342870186157
swe-agent,long,757,12,0.7929657129813843,1.0,-0.2070342870186157
swe-agent,long,758,12,0.7929657129813843,1.0,-0.2070342870186157
swe-agent,long,759,12,0.7929657129813843,1.0,-0.2070342870186157
swe-agent,long,760,12,0.7929657129813843,1.0,-0.2070342870186157
swe-agent,long,761,10,0.753997879967905,1.0,-0.24600212003209498
swe-agent,long,762,10,0.753997879967905,1.0,-0.24600212003209498
swe-agent,long,763,10,0.753997879967905,1.0,-0.24600212003209498
swe-agent,long,764,10,0.753997879967905,1.0,-0.24600212003209498
swe-agent,long,765,10,0.753997879967905,1.0,-0.24600212003209498
swe-agent,long,766,10,0.753997879967905,1.0,-0.24600212003209498
swe-agent,long,767,10,0.753997879967905,1.0,-0.24600212003209498
swe-agent,long,768,10,0.753997879967905,1.0,-0.24600212003209498
swe-agent,long,769,10,0.753997879967905,1.0,-0.24600212003209498
swe-agent,long,770,10,0.753997879967905,1.0,-0.24600212003209498
swe-agent,long,771,10,0.753997879967905,1.0,-0.24600212003209498
swe-agent,long,772,10,0.753997879967905,1.0,-0.24600212003209498
swe-agent,long,773,10,0.753997879967905,1.0,-0.24600212003209498
swe-agent,long,774,10,0.753997879967905,1.0,-0.24600212003209498
swe-agent,long,775,10,0.753997879967905,1.0,-0.24600212003209498
swe-agent,long,776,10,0.753997879967905,1.0,-0.24600212003209498
swe-agent,long,777,10,0.753997879967905,1.0,-0.24600212003209498
swe-agent,long,778,10,0.753997879967905,1.0,-0.24600212003209498
swe-agent,long,779,10,0.753997879967905,1.0,-0.24600212003209498
swe-agent,long,780,10,0.753997879967905,1.0,-0.24600212003209498
swe-agent,long,781,10,0.753997879967905,1.0,-0.24600212003209498
swe-agent,long,782,10,0.753997879967905,1.0,-0.24600212003209498
swe-agent,long,783,10,0.753997879967905,1.0,-0.24600212003209498
swe-agent,long,784,10,0.753997879967905,1.0,-0.24600212003209498
swe-agent,long,785,10,0.753997879967905,1.0,-0.24600212003209498
swe-agent,long,786,10,0.753997879967905,1.0,-0.24600212003209498
swe-agent,long,787,10,0.753997879967905,1.0,-0.24600212003209498
swe-agent,long,788,10,0.753997879967905,1.0,-0.24600212003209498
swe-agent,long,789,7,0.652770080626419,1.0,-0.34722991937358105
swe-agent,long,790,7,0.652770080626419,1.0,-0.34722991937358105
swe-agent,medium,1,37198,0.5424989085047497,0.5334964245389537,0.009002483965795949
swe-agent,medium,2,37198,0.5424989085047497,0.5334964245389537,0.009002483965795949
swe-agent,medium,3,37198,0.5900957487650244,0.5841711919995699,0.005924556765454447
swe-agent,medium,4,37198,0.5900957487650244,0.5841711919995699,0.005924556765454447
swe-agent,medium,5,37192,0.5911518809565944,0.5847494084749408,0.006402472481653598
swe-agent,medium,6,37192,0.5909288015998158,0.5847494084749408,0.006179393124874921
swe-agent,medium,7,37198,0.6134811285187822,0.6010269369320931,0.012454191586689145
swe-agent,medium,8,37198,0.6129540501050988,0.6010269369320931,0.011927113173005766
swe-agent,medium,9,37197,0.6371060979022383,0.6285990805710138,0.008507017331224498
swe-agent,medium,10,37197,0.6478986122303466,0.6285990805710138,0.019299531659332847
swe-agent,medium,11,37194,0.6517338820442129,0.6387589396139163,0.012974942430296621
swe-agent,medium,12,37197,0.6513370299109799,0.6387880743070677,0.012548955603912115
swe-agent,medium,13,37194,0.6563858304371961,0.6507770070441469,0.005608823393049245
swe-agent,medium,14,37189,0.6546098002121689,0.6507300545860335,0.003879745626135356
swe-agent,medium,15,37188,0.6530563486736368,0.6612079165322147,-0.008151567858577846
swe-agent,medium,16,37159,0.6537467880927306,0.6609435130116527,-0.007196724918922093
swe-agent,medium,17,37164,0.6514336871913312,0.6735281455171671,-0.022094458325835897
swe-agent,medium,18,37128,0.6543362859763013,0.6732115923292394,-0.018875306352938104
swe-agent,medium,19,37136,0.6505648414480661,0.6889810426540285,-0.03841620120596234
swe-agent,medium,20,37147,0.6758399223229211,0.6890731418418715,-0.013233219518950401
swe-agent,medium,21,37149,0.667590143654595,0.7101940832862257,-0.04260393963163067
swe-agent,medium,22,37120,0.6720278191704541,0.7099676724137931,-0.03793985324333904
swe-agent,medium,23,37121,0.660370208661122,0.7420866894749603,-0.08171648081383831
swe-agent,medium,24,37108,0.6630219343164672,0.7419963350220976,-0.07897440070563044
swe-agent,medium,25,35258,0.6543754440613607,0.7683929888252311,-0.11401754476387038
swe-agent,medium,26,35224,0.6576122642899717,0.7681694299341358,-0.11055716564416418
swe-agent,medium,27,30543,0.6499514748006179,0.7743836558294863,-0.12443218102886844
swe-agent,medium,28,30518,0.6579233053334358,0.774198833475326,-0.11627552814189024
swe-agent,medium,29,26636,0.6490253525331567,0.7825499324222857,-0.1335245798891289
swe-agent,medium,30,26601,0.6523161850622633,0.7822638246682455,-0.1299476396059822
swe-agent,medium,31,23196,0.6445680424409439,0.7944473185031902,-0.14987927606224627
swe-agent,medium,32,23153,0.6482415606929879,0.7940655638578153,-0.14582400316482746
swe-agent,medium,33,19904,0.6400400418711666,0.8067725080385852,-0.16673246616741866
swe-agent,medium,34,19870,0.6421466575310613,0.8064418721690991,-0.16429521463803787
swe-agent,medium,35,16733,0.6368574827058473,0.8151556803920397,-0.17829819768619237
swe-agent,medium,36,16684,0.6392175188539931,0.8146128026852074,-0.17539528383121428
swe-agent,medium,37,14193,0.6312749955405415,0.8284365532304657,-0.19716155768992427
swe-agent,medium,38,14145,0.6325663906346025,0.8278543655001768,-0.19528797486557425
swe-agent,medium,39,11962,0.624022522994183,0.8458451763919077,-0.22182265339772467
swe-agent,medium,40,11705,0.6758899179660028,0.8424604869713798,-0.16657056900537692
swe-agent,medium,41,9529,0.6756194059853622,0.8572777836079337,-0.18165837762257153
swe-agent,medium,42,9534,0.6762535678516705,0.8573526326830292,-0.18109906483135874
swe-agent,medium,43,7550,0.6745191269367173,0.8772185430463576,-0.20269941610964026
swe-agent,medium,44,7554,0.6746401398350644,0.8772835583796664,-0.202643418544602
swe-agent,medium,45,5885,0.6766305395542983,0.9041631265930331,-0.2275325870387348
swe-agent,medium,46,5881,0.6764820476072256,0.9040979425267811,-0.22761589491955547
swe-agent,medium,47,4118,0.6723333750100107,0.9322486644001943,-0.2599152893901836
swe-agent,medium,48,4122,0.6711229800742512,0.9323144104803494,-0.26119143040609816
swe-agent,medium,49,2602,0.6654422372068979,0.9742505764796311,-0.3088083392727332
swe-agent,medium,50,2604,0.6646021212351172,0.9742703533026114,-0.30966823206749416
swe-agent,medium,51,847,0.6590712643524081,1.0,-0.34092873564759185
swe-agent,medium,52,847,0.6578373965120966,1.0,-0.3421626034879034
swe-agent,short,1,37198,0.5424989085047497,0.6463250712403893,-0.1038261627356396
swe-agent,short,2,37191,0.5424989085047498,0.6462585034013606,-0.1037595948966108
swe-agent,short,3,36988,0.6228758874728085,0.7343192386720018,-0.11144335119919324
swe-agent,short,4,36988,0.6228758874728085,0.7343192386720018,-0.11144335119919324
swe-agent,short,5,36635,0.6247211938630406,0.734598061962604,-0.10987686809956343
swe-agent,short,6,36635,0.6242448466999875,0.734598061962604,-0.11035321526261654
swe-agent,short,7,36309,0.6393808074148817,0.7578837202897353,-0.1185029128748536
swe-agent,short,8,36309,0.6370485430259071,0.7578837202897353,-0.1208351772638282
swe-agent,short,9,34292,0.6516499897056028,0.7902717835063572,-0.13862179380075434
swe-agent,short,10,34293,0.6644180419948712,0.7902778992797364,-0.12585985728486515
swe-agent,short,11,31574,0.6644717316199306,0.8041743206435675,-0.13970258902363697
swe-agent,short,12,31576,0.6610037224748124,0.8041867240942489,-0.14318300161943642
swe-agent,short,13,28110,0.6577273733277327,0.8214514407684098,-0.16372406744067713
swe-agent,short,14,28107,0.653650132225048,0.8214323833920376,-0.16778225116698964
swe-agent,short,15,24379,0.6519144982925913,0.8469994667541737,-0.1950849684615824
swe-agent,short,16,24370,0.6500999493891683,0.8469429626590069,-0.19684301326983866
swe-agent,short,17,19288,0.6486689072302552,0.8738593944421402,-0.22519048721188506
swe-agent,short,18,19282,0.6481070716255816,0.8738201431386785,-0.22571307151309694
swe-agent,short,19,13942,0.6451752029460065,0.9117773633625018,-0.2666021604164953
swe-agent,short,20,13936,0.659966752331748,0.9117393800229621,-0.2517726276912141
swe-agent,short,21,8373,0.6539014153516925,0.961423623551893,-0.3075222082002005
swe-agent,short,22,8374,0.6557253508597154,0.9614282302364462,-0.3057028793767308
swe-agent,short,23,2924,0.6586872467309016,1.0,-0.3413127532690984
swe-agent,short,24,2926,0.6580699138176054,1.0,-0.3419300861823946
terminalbench,long,1,3031,0.6516203703703674,0.3985483338832069,0.2530720364871605
terminalbench,long,2,3021,0.6347906753501463,0.4200595829195631,0.21473109243058325
terminalbench,long,3,3014,0.6327342202409136,0.42203052422030524,0.2107036960206084
terminalbench,long,4,3019,0.6175461322039262,0.4276250414044386,0.1899210907994876
terminalbench,long,5,3003,0.6503792404442739,0.4289044289044289,0.22147481153984494
terminalbench,long,6,2989,0.6438872299082193,0.43191702910672464,0.2119702008014947
terminalbench,long,7,2990,0.6391242573145774,0.4351170568561873,0.20400720045839016
terminalbench,long,8,2963,0.6290084313395853,0.43503206209922374,0.19397636924036155
terminalbench,long,9,2950,0.6220623072968704,0.43627118644067797,0.18579112085619243
terminalbench,long,10,2913,0.6317007605120282,0.4373498111912118,0.19435094932081637
terminalbench,long,11,2922,0.6266363390241059,0.44421629021218345,0.18242004881192242
terminalbench,long,12,2934,0.6277675291746864,0.4512610770279482,0.17650645214673816
terminalbench,long,13,2938,0.624240066782025,0.45847515316541865,0.1657649136166064
terminalbench,long,14,2947,0.622242247325462,0.4645402103834408,0.15770203694202117
terminalbench,long,15,2951,0.6193617213583706,0.4706879024059641,0.14867381895240656
terminalbench,long,16,2946,0.6141013794418563,0.47488119484046165,0.13922018460139463
terminalbench,long,17,2941,0.608261584406718,0.4807888473308399,0.12747273707587808
terminalbench,long,18,2935,0.6048842221149866,0.48245315161839863,0.12243107049658797
terminalbench,long,19,2939,0.6006262093077425,0.49030282408982645,0.11032338521791601
terminalbench,long,20,2918,0.604048181920409,0.49417409184372857,0.10987409007668042
terminalbench,long,21,2912,0.5999855626649643,0.5003434065934066,0.09964215607155769
terminalbench,long,22,2926,0.5980112739737812,0.5105946684894054,0.0874166054843758
terminalbench,long,23,2930,0.5955446169416195,0.5215017064846417,0.07404291045697786
terminalbench,long,24,2931,0.5935842306980736,0.5295121119071989,0.06407211879087471
terminalbench,long,25,2934,0.5911043748893705,0.5388548057259713,0.05224956916339918
terminalbench,long,26,2934,0.5882241136266436,0.543626448534424,0.04459766509221963
terminalbench,long,27,2937,0.5856578043920005,0.5543071161048689,0.03135068828713161
terminalbench,long,28,2954,0.5844257150164677,0.5666892349356805,0.01773648008078721
terminalbench,long,29,2956,0.5791644544340735,0.5791610284167794,3.4260172940836497e-06
terminalbench,long,30,2953,0.5766738121358699,0.5855062648154419,-0.008832452679572
terminalbench,long,31,2900,0.5743217419314821,0.5917241379310345,-0.0174023959995524
terminalbench,long,32,2790,0.5703945999763501,0.5853046594982079,-0.014910059521857755
terminalbench,long,33,2713,0.5670256525977972,0.58496129745669,-0.017935644858892763
terminalbench,long,34,2678,0.5642389334814032,0.5892457057505601,-0.02500677226915693
terminalbench,long,35,2593,0.5604342278640436,0.5858079444658697,-0.02537371660182608
terminalbench,long,36,2516,0.5575455972293176,0.5842607313195548,-0.02671513409023718
terminalbench,long,37,2456,0.5541395510980135,0.5846905537459284,-0.030551002647914882
terminalbench,long,38,2383,0.5520214948048995,0.5828787242971045,-0.03085722949220504
terminalbench,long,39,2341,0.5508712565883849,0.5860743272105937,-0.03520307062220884
terminalbench,long,40,2260,0.5678878091780657,0.5809734513274336,-0.013085642149367915
terminalbench,long,41,2176,0.5661211775941478,0.5758272058823529,-0.009706028288205104
terminalbench,long,42,2082,0.5633244329113546,0.5658021133525456,-0.0024776804411910103
terminalbench,long,43,2043,0.5618109882884008,0.5673029858051885,-0.005491997516787639
terminalbench,long,44,1996,0.5622035421202564,0.5671342685370742,-0.004930726416817799
terminalbench,long,45,1917,0.5619447049352679,0.557642149191445,0.004302555743822989
terminalbench,long,46,1896,0.5606834134746189,0.5627637130801688,-0.0020802996055498957
terminalbench,long,47,1869,0.5587977900395108,0.5687533440342429,-0.009955553994732136
terminalbench,long,48,1824,0.5546219734475455,0.5685307017543859,-0.013908728306840423
terminalbench,long,49,1784,0.5539308066026174,0.5734304932735426,-0.019499686670925165
terminalbench,long,50,1743,0.5519849873150771,0.5731497418244407,-0.021164754509363615
terminalbench,long,51,1715,0.5496943277529083,0.5766763848396501,-0.02698205708674184
terminalbench,long,52,1666,0.5473547243025005,0.5738295318127251,-0.026474807510224574
terminalbench,long,53,1619,0.5469957027708063,0.5694873378628783,-0.02249163509207197
terminalbench,long,54,1586,0.5451438510796999,0.5668348045397226,-0.0216909534600227
terminalbench,long,55,1554,0.54023328540424,0.5682110682110683,-0.027977782806828277
terminalbench,long,56,1525,0.5389753822173075,0.5652459016393443,-0.026270519422036842
terminalbench,long,57,1491,0.5391748980647358,0.5633802816901409,-0.02420538362540503
terminalbench,long,58,1474,0.5382189513724572,0.5705563093622795,-0.03233735798982229
terminalbench,long,59,1412,0.533438572743778,0.5609065155807366,-0.027467942836958525
terminalbench,long,60,1396,0.5337102011224318,0.5637535816618912,-0.03004338053945932
terminalbench,long,61,1388,0.5332517703145027,0.5720461095100865,-0.03879433919558384
terminalbench,long,62,1374,0.5322649779755753,0.5771470160116449,-0.044882038036069605
terminalbench,long,63,1347,0.5296519110438674,0.5760950259836675,-0.04644311493980002
terminalbench,long,64,1286,0.531770020977838,0.5653188180404355,-0.0335487970625975
terminalbench,long,65,1245,0.5280726104326322,0.5582329317269076,-0.030160321294275372
terminalbench,long,66,1231,0.5237009987628242,0.5605199025182778,-0.0368189037554536
terminalbench,long,67,1211,0.5178200673604988,0.5639966969446738,-0.04617662958417501
terminalbench,long,68,1187,0.5156607540926179,0.5602358887952822,-0.044575134702664276
terminalbench,long,69,1173,0.516249120335847,0.5652173913043478,-0.04896827096850076
terminalbench,long,70,1150,0.5134963945149609,0.5617391304347826,-0.048242735919821755
terminalbench,long,71,1112,0.5149602221998701,0.5530575539568345,-0.03809733175696439
terminalbench,long,72,1093,0.5165565420431574,0.555352241537054,-0.03879569949389661
terminalbench,long,73,1091,0.5136223712834425,0.5618698441796517,-0.04824747289620923
terminalbench,long,74,1076,0.5123224238065281,0.5613382899628253,-0.04901586615629716
terminalbench,long,75,1064,0.5119926817828386,0.5714285714285714,-0.059435889645732765
terminalbench,long,76,1060,0.5137035176089582,0.5849056603773585,-0.07120214276840031
terminalbench,long,77,1047,0.5121452823909869,0.5826170009551098,-0.07047171856412293
terminalbench,long,78,1017,0.5089079372454642,0.5801376597836775,-0.07122972253821325
terminalbench,long,79,975,0.5031162921489254,0.5723076923076923,-0.0691914001587669
terminalbench,long,80,963,0.5183491246732943,0.5794392523364486,-0.06109012766315425
terminalbench,long,81,958,0.5234324638801212,0.5855949895615866,-0.06216252568146541
terminalbench,long,82,922,0.5200490159855711,0.579175704989154,-0.05912668900358298
terminalbench,long,83,875,0.5220659495207015,0.5622857142857143,-0.04021976476501277
terminalbench,long,84,853,0.5222414887985237,0.5545134818288394,-0.03227199303031569
terminalbench,long,85,856,0.5179473800563827,0.5665887850467289,-0.04864140499034619
terminalbench,long,86,843,0.5210509272036031,0.564650059311981,-0.04359913210837785
terminalbench,long,87,836,0.521780027137788,0.5645933014354066,-0.04281327429761861
terminalbench,long,88,819,0.5171751858276333,0.5628815628815629,-0.04570637705392955
terminalbench,long,89,795,0.516197369523222,0.5572327044025157,-0.04103533487929367
terminalbench,long,90,794,0.5126156981740276,0.5642317380352645,-0.05161603986123686
terminalbench,long,91,779,0.5129481871834817,0.5648267008985879,-0.05187851371510621
terminalbench,long,92,750,0.5122131557984383,0.5586666666666666,-0.046453510868228354
terminalbench,long,93,745,0.5122732895364651,0.5677852348993289,-0.055511945362863746
terminalbench,long,94,725,0.5141799789383449,0.5655172413793104,-0.05133726244096548
terminalbench,long,95,686,0.5114303272496403,0.5553935860058309,-0.04396325875619056
terminalbench,long,96,657,0.5080324658509537,0.5372907153729072,-0.02925824952195344
terminalbench,long,97,627,0.5046888061858091,0.5247208931419458,-0.020032086956136674
terminalbench,long,98,607,0.5052401516601177,0.5123558484349259,-0.007115696774808167
terminalbench,long,99,601,0.507754997633702,0.519134775374376,-0.011379777740674002
terminalbench,long,100,594,0.503257397745946,0.5218855218855218,-0.01862812413957582
terminalbench,long,101,586,0.4994707894004167,0.5221843003412969,-0.0227135109408802
terminalbench,long,102,570,0.49491212745115604,0.5175438596491229,-0.022631732197966825
terminalbench,long,103,558,0.4999202380004066,0.514336917562724,-0.014416679562317458
terminalbench,long,104,551,0.4995298233809468,0.5208711433756806,-0.02134131999473382
terminalbench,long,105,537,0.4939379220012879,0.5176908752327747,-0.023752953231486795
terminalbench,long,106,538,0.4954762631883076,0.5241635687732342,-0.028687305584926603
terminalbench,long,107,516,0.49176565409213147,0.5116279069767442,-0.01986225288461274
terminalbench,long,108,510,0.4937351074947662,0.5098039215686274,-0.016068814073861237
terminalbench,long,109,503,0.48972793740847065,0.5089463220675944,-0.019218384659123733
terminalbench,long,110,496,0.4908109686953845,0.5100806451612904,-0.019269676465905883
terminalbench,long,111,482,0.49004998761647545,0.5,-0.009950012383524554
terminalbench,long,112,474,0.48916800374092895,0.4978902953586498,-0.008722291617720868
terminalbench,long,113,474,0.48466058541420404,0.5021097046413502,-0.017449119227146148
terminalbench,long,114,453,0.4800058997291078,0.48344370860927155,-0.003437808880163762
terminalbench,long,115,454,0.4819191137077697,0.4977973568281938,-0.01587824312042413
terminalbench,long,116,447,0.4888019960675396,0.49217002237136465,-0.0033680263038250446
terminalbench,long,117,447,0.49190196707530287,0.49440715883668906,-0.002505191761386194
terminalbench,long,118,447,0.4892356802574245,0.49440715883668906,-0.005171478579264588
terminalbench,long,119,447,0.4858969266925747,0.5033557046979866,-0.0174587780054119
terminalbench,long,120,447,0.486627811850908,0.5078299776286354,-0.021202165777727378
terminalbench,long,121,447,0.4853923327574526,0.5100671140939598,-0.02467478133650719
terminalbench,long,122,440,0.4823383399336554,0.5045454545454545,-0.02220711461179914
terminalbench,long,123,440,0.4845056081532264,0.5181818181818182,-0.03367621002859178
terminalbench,long,124,433,0.48369585159027356,0.5127020785219399,-0.02900622693166638
terminalbench,long,125,426,0.4827923235731906,0.5093896713615024,-0.026597347788311798
terminalbench,long,126,425,0.47894743210984503,0.5152941176470588,-0.03634668553721376
terminalbench,long,127,419,0.4809042333648899,0.5083532219570406,-0.02744898859215067
terminalbench,long,128,418,0.4833040514893964,0.5143540669856459,-0.031050015496249472
terminalbench,long,129,410,0.48046594031075074,0.5048780487804878,-0.02441210846973707
terminalbench,long,130,398,0.4818938097535362,0.4899497487437186,-0.00805593899018242
terminalbench,long,131,397,0.48088397505895203,0.491183879093199,-0.010299904034246965
terminalbench,long,132,390,0.4791049076499212,0.48717948717948717,-0.008074579529565973
terminalbench,long,133,391,0.4774740927425984,0.4936061381074169,-0.016132045364818492
terminalbench,long,134,391,0.47536574407394333,0.4961636828644501,-0.020797938790506787
terminalbench,long,135,391,0.47518603087948047,0.5012787723785166,-0.02609274149903612
terminalbench,long,136,390,0.4670415252235423,0.5051282051282051,-0.0380866799046628
terminalbench,long,137,391,0.4700523148193343,0.5063938618925832,-0.03634154707324888
terminalbench,long,138,390,0.47252853990966065,0.5153846153846153,-0.04285607547495468
terminalbench,long,139,384,0.47414778291201404,0.5130208333333334,-0.03887305042131933
terminalbench,long,140,377,0.4706297741221224,0.5092838196286472,-0.03865404550652479
terminalbench,long,141,377,0.4708400228366003,0.5172413793103449,-0.04640135647374455
terminalbench,long,142,376,0.46902324736158,0.5212765957446809,-0.05225334838310086
terminalbench,long,143,370,0.4730032537755925,0.518918918918919,-0.045915665143326456
terminalbench,long,144,370,0.460440189201427,0.5216216216216216,-0.06118143242019464
terminalbench,long,145,370,0.45882995446574276,0.5216216216216216,-0.06279166715587886
terminalbench,long,146,370,0.46639923424465113,0.527027027027027,-0.060627792782375844
terminalbench,long,147,362,0.4641569166360821,0.5220994475138122,-0.0579425308777301
terminalbench,long,148,356,0.4623632689854507,0.5224719101123596,-0.06010864112690889
terminalbench,long,149,349,0.4553225884258583,0.5186246418338109,-0.06330205340795253
terminalbench,long,150,349,0.4556276412285053,0.5272206303724928,-0.07159298914398748
terminalbench,long,151,342,0.4549638302093705,0.5175438596491229,-0.06258002943975238
terminalbench,long,152,328,0.44591419944362165,0.5060975609756098,-0.06018336153198811
terminalbench,long,153,329,0.4455932890010152,0.5167173252279635,-0.07112403622694835
terminalbench,long,154,322,0.4486521565819595,0.5124223602484472,-0.06377020366648772
terminalbench,long,155,322,0.4525819591610457,0.5186335403726708,-0.06605158121162513
terminalbench,long,156,322,0.4485612444956765,0.5248447204968945,-0.07628347600121793
terminalbench,long,157,315,0.4423032165097781,0.5238095238095238,-0.08150630729974573
terminalbench,long,158,307,0.44565134933817985,0.5179153094462541,-0.07226396010807423
terminalbench,long,159,299,0.44436781685772986,0.5183946488294314,-0.07402683197170157
terminalbench,long,160,301,0.4437456725964886,0.5249169435215947,-0.08117127092510606
terminalbench,long,161,294,0.44578562818143275,0.5204081632653061,-0.0746225350838734
terminalbench,long,162,287,0.43955889629150563,0.5087108013937283,-0.06915190510222263
terminalbench,long,163,280,0.4383758659365204,0.5,-0.06162413406347961
terminalbench,long,164,280,0.43304393732224755,0.5071428571428571,-0.07409891982060957
terminalbench,long,165,280,0.4326648702934587,0.5107142857142857,-0.078049415420827
terminalbench,long,166,280,0.4301354284903037,0.5142857142857142,-0.08415028579541056
terminalbench,long,167,259,0.42167416391641593,0.4864864864864865,-0.06481232257007058
terminalbench,long,168,245,0.4218560539346854,0.46122448979591835,-0.03936843586123295
terminalbench,long,169,238,0.42184415343228215,0.4495798319327731,-0.027735678500490968
terminalbench,long,170,238,0.42357662011361047,0.4495798319327731,-0.026003211819162653
terminalbench,long,171,224,0.4205921058897322,0.41517857142857145,0.005413534461160774
terminalbench,long,172,224,0.41897529823716395,0.41517857142857145,0.0037967268085924988
terminalbench,long,173,224,0.41964312415263516,0.42410714285714285,-0.0044640187045076885
terminalbench,long,174,224,0.4193166736491139,0.42410714285714285,-0.004790469208028947
terminalbench,long,175,224,0.4185168553123947,0.42857142857142855,-0.010054573259033861
terminalbench,long,176,224,0.4190964183341794,0.4375,-0.018403581665820623
terminalbench,long,177,224,0.4220931834490282,0.44642857142857145,-0.024335387979543266
terminalbench,long,178,224,0.4207239731340392,0.45089285714285715,-0.030168884008817953
terminalbench,long,179,224,0.41627625492454784,0.45982142857142855,-0.04354517364688071
terminalbench,long,180,217,0.4148990034895983,0.4608294930875576,-0.04593048959795931
terminalbench,long,181,210,0.42016482998145893,0.4857142857142857,-0.06554945573282678
terminalbench,long,182,210,0.41556454087185823,0.5095238095238095,-0.09395926865195126
terminalbench,long,183,210,0.4118209344248878,0.5190476190476191,-0.10722668462273127
terminalbench,long,184,210,0.40971997580484193,0.5190476190476191,-0.10932764324277716
terminalbench,long,185,210,0.4125243765211661,0.5285714285714286,-0.1160470520502625
terminalbench,long,186,210,0.4095367321875089,0.5285714285714286,-0.11903469638391967
terminalbench,long,187,203,0.4029893850892132,0.5172413793103449,-0.11425199422113164
terminalbench,long,188,189,0.4005293195829363,0.48148148148148145,-0.08095216189854515
terminalbench,long,189,189,0.40484019350892586,0.49206349206349204,-0.08722329855456618
terminalbench,long,190,182,0.4044107653254546,0.4835164835164835,-0.0791057181910289
terminalbench,long,191,182,0.40433161649373867,0.489010989010989,-0.08467937251725033
terminalbench,long,192,175,0.4032094768813751,0.4742857142857143,-0.07107623740433922
terminalbench,long,193,175,0.4032094768813751,0.4742857142857143,-0.07107623740433922
terminalbench,long,194,175,0.40614196570957345,0.48,-0.07385803429042653
terminalbench,long,195,175,0.4059259632214507,0.48,-0.07407403677854929
terminalbench,long,196,175,0.4049434281229374,0.49714285714285716,-0.09219942901991979
terminalbench,long,197,161,0.39653500212245035,0.45962732919254656,-0.06309232707009621
terminalbench,long,198,154,0.3926696462302905,0.44155844155844154,-0.04888879532815105
terminalbench,long,199,154,0.39699562128313426,0.44805194805194803,-0.051056326768813776
terminalbench,long,200,147,0.4031770318343543,0.46938775510204084,-0.06621072326768651
terminalbench,long,201,147,0.4002610513673534,0.46938775510204084,-0.06912670373468743
terminalbench,long,202,147,0.40338721887434303,0.47619047619047616,-0.07280325731613313
terminalbench,long,203,147,0.40530992706513513,0.48299319727891155,-0.07768327021377641
terminalbench,long,204,147,0.40507766284790625,0.4897959183673469,-0.08471825551944068
terminalbench,long,205,147,0.40990907813082517,0.5034013605442177,-0.09349228241339252
terminalbench,long,206,147,0.4068083597250976,0.5102040816326531,-0.10339572190755547
terminalbench,long,207,147,0.3961626754671171,0.5102040816326531,-0.11404140616553599
terminalbench,long,208,140,0.38441328436841493,0.4928571428571429,-0.10844385848872795
terminalbench,long,209,140,0.3917430174495536,0.5,-0.10825698255044641
terminalbench,long,210,133,0.3847837325695288,0.47368421052631576,-0.08890047795678696
terminalbench,long,211,133,0.38042072807092875,0.47368421052631576,-0.09326348245538701
terminalbench,long,212,126,0.3841622369310763,0.4523809523809524,-0.06821871544987607
terminalbench,long,213,119,0.39170012237740987,0.42016806722689076,-0.028467944849480897
terminalbench,long,214,119,0.38469495397467973,0.42016806722689076,-0.03547311325221103
terminalbench,long,215,119,0.3802958151063784,0.42016806722689076,-0.039872252120512375
terminalbench,long,216,119,0.3899088213610637,0.42016806722689076,-0.030259245865827067
terminalbench,long,217,119,0.38928617411211885,0.42016806722689076,-0.030881893114771908
terminalbench,long,218,119,0.38243673807488365,0.42016806722689076,-0.03773132915200711
terminalbench,long,219,119,0.38464931749334536,0.42857142857142855,-0.04392211107808319
terminalbench,long,220,112,0.3809635586564545,0.39285714285714285,-0.011893584200688367
terminalbench,long,221,112,0.38016302379396405,0.4107142857142857,-0.03055126192032165
terminalbench,long,222,112,0.38375005759464587,0.4107142857142857,-0.026964228119639833
terminalbench,long,223,112,0.3823455180125598,0.41964285714285715,-0.03729733913029737
terminalbench,long,224,112,0.380146831990532,0.41964285714285715,-0.03949602515232514
terminalbench,long,225,112,0.37858437087585456,0.42857142857142855,-0.04998705769557399
terminalbench,long,226,112,0.37734895621166026,0.44642857142857145,-0.0690796152169112
terminalbench,long,227,105,0.37394034811863774,0.4095238095238095,-0.03558346140517177
terminalbench,long,228,105,0.3745610837806793,0.4095238095238095,-0.034962725743130196
terminalbench,long,229,105,0.3744479572292458,0.4095238095238095,-0.035075852294563725
terminalbench,long,230,105,0.3792187041661724,0.42857142857142855,-0.04935272440525612
terminalbench,long,231,105,0.3726779930794146,0.42857142857142855,-0.05589343549201392
terminalbench,long,232,105,0.3707035319979863,0.42857142857142855,-0.05786789657344227
terminalbench,long,233,105,0.3629933432591211,0.4380952380952381,-0.07510189483611701
terminalbench,long,234,105,0.3632276283196134,0.44761904761904764,-0.08439141929943422
terminalbench,long,235,98,0.37448151291680626,0.41836734693877553,-0.04388583402196927
terminalbench,long,236,98,0.3744631660751611,0.4387755102040816,-0.0643123441289205
terminalbench,long,237,98,0.3730009752599711,0.46938775510204084,-0.09638677984206973
terminalbench,long,238,98,0.37165444763793315,0.46938775510204084,-0.09773330746410769
terminalbench,long,239,98,0.365580067336362,0.4897959183673469,-0.12421585103098493
terminalbench,long,240,98,0.3585970185847223,0.4897959183673469,-0.1311988997826246
terminalbench,long,241,98,0.3760698386294427,0.5,-0.12393016137055729
terminalbench,long,242,91,0.38950833804702234,0.4725274725274725,-0.08301913448045017
terminalbench,long,243,84,0.3695697727561732,0.44047619047619047,-0.07090641772001727
terminalbench,long,244,84,0.36556210089135854,0.44047619047619047,-0.07491408958483192
terminalbench,long,245,84,0.35704510703377473,0.4523809523809524,-0.09533584534717765
terminalbench,long,246,84,0.36391022205252854,0.4523809523809524,-0.08847073032842384
terminalbench,long,247,84,0.3606225651904532,0.47619047619047616,-0.11556791100002295
terminalbench,long,248,84,0.36326806783595583,0.47619047619047616,-0.11292240835452033
terminalbench,long,249,77,0.35269073905193327,0.42857142857142855,-0.07588068951949528
terminalbench,long,250,77,0.3489966553578495,0.42857142857142855,-0.07957477321357903
terminalbench,long,251,77,0.35857357817397223,0.44155844155844154,-0.08298486338446931
terminalbench,long,252,70,0.35867847293718236,0.44285714285714284,-0.08417866991996048
terminalbench,long,253,70,0.3742723050758765,0.44285714285714284,-0.06858483778126634
terminalbench,long,254,70,0.3806375124491484,0.44285714285714284,-0.06221963040799444
terminalbench,long,255,70,0.3874522124867914,0.45714285714285713,-0.06969064465606573
terminalbench,long,256,63,0.3785498565958999,0.4126984126984127,-0.03414855610251277
terminalbench,long,257,63,0.36784731885269445,0.42857142857142855,-0.0607241097187341
terminalbench,long,258,63,0.3658716580188668,0.42857142857142855,-0.06269977055256176
terminalbench,long,259,63,0.35855038325573163,0.4444444444444444,-0.08589406118871279
terminalbench,long,260,63,0.3633767662183152,0.4444444444444444,-0.0810676782261292
terminalbench,long,261,56,0.3532870603181931,0.375,-0.021712939681806875
terminalbench,long,262,56,0.3547139718248209,0.39285714285714285,-0.038143171032321954
terminalbench,long,263,56,0.35594107805192715,0.39285714285714285,-0.0369160648052157
terminalbench,long,264,56,0.3559759325923119,0.39285714285714285,-0.03688121026483093
terminalbench,long,265,56,0.35494971922234864,0.4107142857142857,-0.05576456649193706
terminalbench,long,266,56,0.35941400493663433,0.4107142857142857,-0.051300280777651364
terminalbench,long,267,49,0.36321456392172324,0.4897959183673469,-0.12658135444562368
terminalbench,long,268,49,0.36455308666368413,0.4897959183673469,-0.1252428317036628
terminalbench,long,269,42,0.3664148556569341,0.40476190476190477,-0.038347049104970665
terminalbench,long,270,42,0.36786479460687305,0.40476190476190477,-0.03689711015503172
terminalbench,long,271,42,0.36786479460687305,0.40476190476190477,-0.03689711015503172
terminalbench,long,272,42,0.3715277982698767,0.40476190476190477,-0.03323410649202807
terminalbench,long,273,42,0.37035629709837553,0.40476190476190477,-0.034405607663529236
terminalbench,long,274,42,0.37035629709837553,0.40476190476190477,-0.034405607663529236
terminalbench,long,275,42,0.37035629709837553,0.40476190476190477,-0.034405607663529236
terminalbench,long,276,42,0.3811589447431285,0.40476190476190477,-0.023602960018776264
terminalbench,long,277,42,0.3811589447431285,0.40476190476190477,-0.023602960018776264
terminalbench,long,278,42,0.37988280153150134,0.40476190476190477,-0.024879103230403432
terminalbench,long,279,42,0.37988280153150134,0.40476190476190477,-0.024879103230403432
terminalbench,long,280,42,0.38816124518409467,0.40476190476190477,-0.016600659577810095
terminalbench,long,281,42,0.3861755860555784,0.40476190476190477,-0.018586318706326377
terminalbench,long,282,42,0.37881227035892934,0.42857142857142855,-0.04975915821249921
terminalbench,long,283,42,0.3723922023317185,0.42857142857142855,-0.056179226239710056
terminalbench,long,284,42,0.3685531473298728,0.4523809523809524,-0.08382780505107956
terminalbench,long,285,42,0.3685531473298728,0.4523809523809524,-0.08382780505107956
terminalbench,long,286,42,0.3638604562999725,0.4523809523809524,-0.0885204960809799
terminalbench,long,287,42,0.3691502066086981,0.4523809523809524,-0.08323074577225431
terminalbench,long,288,42,0.3691502066086981,0.4523809523809524,-0.08323074577225431
terminalbench,long,289,42,0.3695824225058096,0.47619047619047616,-0.10660805368466658
terminalbench,long,290,42,0.37039236525123626,0.47619047619047616,-0.10579811093923991
terminalbench,long,291,42,0.37118601604488705,0.5,-0.12881398395511295
terminalbench,long,292,42,0.37594792080679185,0.5238095238095238,-0.147861603002732
terminalbench,long,293,42,0.37594792080679185,0.5238095238095238,-0.147861603002732
terminalbench,long,294,42,0.3773978597567307,0.5476190476190477,-0.170221187862317
terminalbench,long,295,42,0.3680724629313339,0.5476190476190477,-0.17954658468771378
terminalbench,long,296,42,0.37173546659433754,0.5476190476190477,-0.17588358102471013
terminalbench,long,297,42,0.37173546659433754,0.5476190476190477,-0.17588358102471013
terminalbench,long,298,42,0.3814621981960692,0.5476190476190477,-0.16615684942297848
terminalbench,long,299,42,0.3814621981960692,0.5476190476190477,-0.16615684942297848
terminalbench,long,300,42,0.37526180137067233,0.5476190476190477,-0.17235724624837534
terminalbench,long,301,42,0.37549221611721617,0.5714285714285714,-0.19593635531135523
terminalbench,long,302,35,0.3668598901098901,0.4857142857142857,-0.11885439560439559
terminalbench,long,303,35,0.3613496860282575,0.4857142857142857,-0.1243645996860282
terminalbench,long,304,35,0.3613496860282575,0.4857142857142857,-0.1243645996860282
terminalbench,long,305,35,0.3582884615384616,0.4857142857142857,-0.1274258241758241
terminalbench,long,306,35,0.3582884615384616,0.4857142857142857,-0.1274258241758241
terminalbench,long,307,35,0.3560662393162393,0.4857142857142857,-0.1296480463980464
terminalbench,long,308,28,0.3674042277167277,0.35714285714285715,0.010261370573870554
terminalbench,long,309,28,0.3674042277167277,0.35714285714285715,0.010261370573870554
terminalbench,long,310,28,0.3674042277167277,0.35714285714285715,0.010261370573870554
terminalbench,long,311,28,0.3881185134310134,0.35714285714285715,0.03097565628815624
terminalbench,long,312,28,0.3881185134310134,0.35714285714285715,0.03097565628815624
terminalbench,long,313,28,0.3881185134310134,0.35714285714285715,0.03097565628815624
terminalbench,long,314,28,0.3768486721611722,0.35714285714285715,0.01970581501831503
terminalbench,long,315,28,0.3768486721611722,0.35714285714285715,0.01970581501831503
terminalbench,long,316,28,0.37119391025641024,0.35714285714285715,0.014051053113553091
terminalbench,long,317,28,0.3791304181929182,0.35714285714285715,0.021987561050061055
terminalbench,long,318,28,0.3654286523622626,0.35714285714285715,0.008285795219405423
terminalbench,long,319,28,0.3552699222035325,0.35714285714285715,-0.0018729349393246664
terminalbench,long,320,28,0.38456359329446066,0.35714285714285715,0.02742073615160351
terminalbench,long,321,28,0.38456359329446066,0.35714285714285715,0.02742073615160351
terminalbench,long,322,28,0.3706263110644955,0.35714285714285715,0.013483453921638355
terminalbench,long,323,21,0.3913112718955178,0.42857142857142855,-0.03726015667591076
terminalbench,long,324,21,0.37710742962290295,0.42857142857142855,-0.0514639989485256
terminalbench,long,325,21,0.37710742962290295,0.42857142857142855,-0.0514639989485256
terminalbench,long,326,21,0.3804075591985428,0.42857142857142855,-0.04816386937288575
terminalbench,long,327,21,0.3804075591985428,0.42857142857142855,-0.04816386937288575
terminalbench,long,328,21,0.37986111111111115,0.42857142857142855,-0.0487103174603174
terminalbench,long,329,21,0.37986111111111115,0.42857142857142855,-0.0487103174603174
terminalbench,long,330,21,0.3783459595959596,0.47619047619047616,-0.09784451659451654
terminalbench,long,331,21,0.3783459595959596,0.47619047619047616,-0.09784451659451654
terminalbench,long,332,21,0.37298881673881673,0.47619047619047616,-0.10320165945165943
terminalbench,long,333,21,0.36058802308802307,0.47619047619047616,-0.1156024531024531
terminalbench,long,334,21,0.35290991308433173,0.5238095238095238,-0.1708996107251921
terminalbench,long,335,21,0.36433289870086566,0.5238095238095238,-0.15947662510865818
terminalbench,long,336,21,0.354947516641065,0.5714285714285714,-0.2164810547875064
terminalbench,long,337,21,0.3541225749559083,0.5714285714285714,-0.21730599647266308
terminalbench,long,338,21,0.36754352278545827,0.5714285714285714,-0.20388504864311313
terminalbench,long,339,21,0.35131336405529956,0.6190476190476191,-0.2677342549923195
terminalbench,long,340,14,0.3612398921832885,0.42857142857142855,-0.06733153638814005
terminalbench,long,341,14,0.3612398921832885,0.42857142857142855,-0.06733153638814005
terminalbench,long,342,14,0.3612398921832885,0.42857142857142855,-0.06733153638814005
terminalbench,long,343,14,0.3612398921832885,0.42857142857142855,-0.06733153638814005
terminalbench,long,344,14,0.3612398921832885,0.42857142857142855,-0.06733153638814005
terminalbench,long,345,14,0.3612398921832885,0.42857142857142855,-0.06733153638814005
terminalbench,long,346,14,0.3612398921832885,0.42857142857142855,-0.06733153638814005
terminalbench,long,347,14,0.3612398921832885,0.42857142857142855,-0.06733153638814005
terminalbench,long,348,14,0.3612398921832885,0.42857142857142855,-0.06733153638814005
terminalbench,long,349,14,0.3612398921832885,0.42857142857142855,-0.06733153638814005
terminalbench,long,350,14,0.3612398921832885,0.42857142857142855,-0.06733153638814005
terminalbench,long,351,14,0.3612398921832885,0.42857142857142855,-0.06733153638814005
terminalbench,long,352,14,0.3612398921832885,0.42857142857142855,-0.06733153638814005
terminalbench,long,353,14,0.3612398921832885,0.42857142857142855,-0.06733153638814005
terminalbench,long,354,14,0.3612398921832885,0.42857142857142855,-0.06733153638814005
terminalbench,long,355,14,0.3612398921832885,0.42857142857142855,-0.06733153638814005
terminalbench,long,356,14,0.3612398921832885,0.42857142857142855,-0.06733153638814005
terminalbench,long,357,14,0.33981132075471704,0.42857142857142855,-0.08876010781671151
terminalbench,long,358,14,0.33981132075471704,0.42857142857142855,-0.08876010781671151
terminalbench,long,359,14,0.38123989218328846,0.5,-0.11876010781671154
terminalbench,long,360,14,0.3813793103448276,0.5,-0.11862068965517242
terminalbench,long,361,14,0.3813793103448276,0.5,-0.11862068965517242
terminalbench,long,362,14,0.3717784256559766,0.5,-0.12822157434402343
terminalbench,long,363,14,0.3717784256559766,0.5,-0.12822157434402343
terminalbench,long,364,14,0.3966137566137566,0.5,-0.10338624338624341
terminalbench,long,365,14,0.3966137566137566,0.5,-0.10338624338624341
terminalbench,long,366,14,0.3966137566137566,0.5,-0.10338624338624341
terminalbench,long,367,14,0.3966137566137566,0.5,-0.10338624338624341
terminalbench,long,368,14,0.3825595238095238,0.5,-0.1174404761904762
terminalbench,long,369,14,0.3825595238095238,0.5,-0.1174404761904762
terminalbench,long,370,14,0.3825595238095238,0.5,-0.1174404761904762
terminalbench,long,371,14,0.3825595238095238,0.5,-0.1174404761904762
terminalbench,long,372,14,0.3825595238095238,0.5,-0.1174404761904762
terminalbench,long,373,14,0.3825595238095238,0.5,-0.1174404761904762
terminalbench,long,374,14,0.3825595238095238,0.5,-0.1174404761904762
terminalbench,long,375,14,0.3825595238095238,0.5,-0.1174404761904762
terminalbench,long,376,14,0.3825595238095238,0.5,-0.1174404761904762
terminalbench,long,377,14,0.3825595238095238,0.5,-0.1174404761904762
terminalbench,long,378,14,0.3825595238095238,0.5,-0.1174404761904762
terminalbench,long,379,14,0.3825595238095238,0.5,-0.1174404761904762
terminalbench,long,380,14,0.3825595238095238,0.5,-0.1174404761904762
terminalbench,long,381,14,0.3825595238095238,0.5,-0.1174404761904762
terminalbench,long,382,14,0.3825595238095238,0.5,-0.1174404761904762
terminalbench,long,383,14,0.3825595238095238,0.5,-0.1174404761904762
terminalbench,long,384,14,0.3825595238095238,0.5,-0.1174404761904762
terminalbench,long,385,14,0.3825595238095238,0.5,-0.1174404761904762
terminalbench,long,386,14,0.3825595238095238,0.5,-0.1174404761904762
terminalbench,long,387,14,0.3825595238095238,0.5,-0.1174404761904762
terminalbench,long,388,14,0.3825595238095238,0.5,-0.1174404761904762
terminalbench,long,389,14,0.3825595238095238,0.5,-0.1174404761904762
terminalbench,long,390,14,0.3825595238095238,0.5,-0.1174404761904762
terminalbench,long,391,14,0.3825595238095238,0.5,-0.1174404761904762
terminalbench,long,392,14,0.3825595238095238,0.5,-0.1174404761904762
terminalbench,long,393,14,0.3825595238095238,0.5,-0.1174404761904762
terminalbench,long,394,14,0.3825595238095238,0.5,-0.1174404761904762
terminalbench,long,395,14,0.3825595238095238,0.5,-0.1174404761904762
terminalbench,long,396,14,0.3825595238095238,0.5,-0.1174404761904762
terminalbench,long,397,14,0.3825595238095238,0.5,-0.1174404761904762
terminalbench,long,398,14,0.40260504201680675,0.5714285714285714,-0.16882352941176465
terminalbench,long,399,14,0.40260504201680675,0.5714285714285714,-0.16882352941176465
terminalbench,long,400,14,0.39238095238095244,0.5714285714285714,-0.17904761904761896
terminalbench,long,401,14,0.39238095238095244,0.5714285714285714,-0.17904761904761896
terminalbench,long,402,14,0.39476190476190476,0.5714285714285714,-0.17666666666666664
terminalbench,long,403,14,0.39476190476190476,0.5714285714285714,-0.17666666666666664
terminalbench,long,404,14,0.36678571428571427,0.5714285714285714,-0.20464285714285713
terminalbench,long,405,14,0.36678571428571427,0.5714285714285714,-0.20464285714285713
terminalbench,long,406,14,0.3810714285714285,0.5714285714285714,-0.1903571428571429
terminalbench,long,407,14,0.3810714285714285,0.5714285714285714,-0.1903571428571429
terminalbench,long,408,14,0.3810714285714285,0.5714285714285714,-0.1903571428571429
terminalbench,long,409,14,0.358531746031746,0.6428571428571429,-0.2843253968253969
terminalbench,long,410,14,0.36288156288156287,0.6428571428571429,-0.27997557997558004
terminalbench,long,411,14,0.35157203907203904,0.6428571428571429,-0.29128510378510386
terminalbench,long,412,14,0.3588980463980464,0.6428571428571429,-0.2839590964590965
terminalbench,long,413,14,0.3588980463980464,0.6428571428571429,-0.2839590964590965
terminalbench,long,414,14,0.35904654654654655,0.6428571428571429,-0.28381059631059635
terminalbench,long,415,14,0.35904654654654655,0.6428571428571429,-0.28381059631059635
terminalbench,long,416,14,0.35904654654654655,0.6428571428571429,-0.28381059631059635
terminalbench,long,417,14,0.35904654654654655,0.6428571428571429,-0.28381059631059635
terminalbench,long,418,14,0.35904654654654655,0.6428571428571429,-0.28381059631059635
terminalbench,long,419,14,0.35904654654654655,0.6428571428571429,-0.28381059631059635
terminalbench,long,420,14,0.35904654654654655,0.6428571428571429,-0.28381059631059635
terminalbench,long,421,14,0.35308956916099776,0.6428571428571429,-0.28976757369614514
terminalbench,long,422,14,0.35308956916099776,0.6428571428571429,-0.28976757369614514
terminalbench,long,423,14,0.35308956916099776,0.6428571428571429,-0.28976757369614514
terminalbench,long,424,14,0.35308956916099776,0.6428571428571429,-0.28976757369614514
terminalbench,long,425,14,0.35308956916099776,0.6428571428571429,-0.28976757369614514
terminalbench,long,426,14,0.35308956916099776,0.6428571428571429,-0.28976757369614514
terminalbench,long,427,14,0.35308956916099776,0.6428571428571429,-0.28976757369614514
terminalbench,long,428,14,0.33382936507936506,0.6428571428571429,-0.30902777777777785
terminalbench,long,429,14,0.33382936507936506,0.6428571428571429,-0.30902777777777785
terminalbench,long,430,14,0.3296530977982591,0.6428571428571429,-0.31320404505888383
terminalbench,long,431,14,0.3296530977982591,0.6428571428571429,-0.31320404505888383
terminalbench,long,432,14,0.3296530977982591,0.6428571428571429,-0.31320404505888383
terminalbench,long,433,14,0.3296530977982591,0.6428571428571429,-0.31320404505888383
terminalbench,long,434,14,0.341173835125448,0.6428571428571429,-0.3016833077316949
terminalbench,long,435,14,0.341173835125448,0.6428571428571429,-0.3016833077316949
terminalbench,long,436,14,0.34186507936507937,0.6428571428571429,-0.30099206349206353
terminalbench,long,437,14,0.34186507936507937,0.6428571428571429,-0.30099206349206353
terminalbench,long,438,14,0.32808956916099774,0.6428571428571429,-0.31476757369614516
terminalbench,long,439,14,0.32808956916099774,0.6428571428571429,-0.31476757369614516
terminalbench,long,440,14,0.32808956916099774,0.6428571428571429,-0.31476757369614516
terminalbench,long,441,14,0.32808956916099774,0.6428571428571429,-0.31476757369614516
terminalbench,long,442,14,0.32808956916099774,0.6428571428571429,-0.31476757369614516
terminalbench,long,443,14,0.32808956916099774,0.6428571428571429,-0.31476757369614516
terminalbench,long,444,14,0.32808956916099774,0.6428571428571429,-0.31476757369614516
terminalbench,long,445,14,0.32808956916099774,0.6428571428571429,-0.31476757369614516
terminalbench,long,446,14,0.32808956916099774,0.6428571428571429,-0.31476757369614516
terminalbench,long,447,14,0.32808956916099774,0.6428571428571429,-0.31476757369614516
terminalbench,long,448,14,0.32043650793650796,0.6428571428571429,-0.32242063492063494
terminalbench,long,449,14,0.32043650793650796,0.6428571428571429,-0.32242063492063494
terminalbench,long,450,14,0.32043650793650796,0.6428571428571429,-0.32242063492063494
terminalbench,long,451,14,0.32043650793650796,0.6428571428571429,-0.32242063492063494
terminalbench,long,452,14,0.32043650793650796,0.6428571428571429,-0.32242063492063494
terminalbench,long,453,14,0.32043650793650796,0.6428571428571429,-0.32242063492063494
terminalbench,long,454,14,0.33630952380952384,0.6428571428571429,-0.30654761904761907
terminalbench,long,455,14,0.33630952380952384,0.6428571428571429,-0.30654761904761907
terminalbench,long,456,14,0.35218253968253965,0.7142857142857143,-0.36210317460317465
terminalbench,long,457,14,0.35218253968253965,0.7142857142857143,-0.36210317460317465
terminalbench,long,458,14,0.33186507936507936,0.7142857142857143,-0.38242063492063494
terminalbench,long,459,14,0.33186507936507936,0.7142857142857143,-0.38242063492063494
terminalbench,long,460,7,0.3551587301587302,1.0,-0.6448412698412698
terminalbench,long,461,7,0.3551587301587302,1.0,-0.6448412698412698
terminalbench,long,462,7,0.3551587301587302,1.0,-0.6448412698412698
terminalbench,long,463,7,0.3551587301587302,1.0,-0.6448412698412698
terminalbench,long,464,7,0.3551587301587302,1.0,-0.6448412698412698
terminalbench,long,465,7,0.3551587301587302,1.0,-0.6448412698412698
terminalbench,long,466,7,0.3551587301587302,1.0,-0.6448412698412698
terminalbench,long,467,7,0.3551587301587302,1.0,-0.6448412698412698
terminalbench,medium,1,3031,0.6516203703703674,0.6588584625536127,-0.007238092183245337
terminalbench,medium,2,2999,0.6442896868149735,0.7062354118039347,-0.061945724988961226
terminalbench,medium,3,2984,0.6488821948063229,0.7195040214477212,-0.07062182664139827
terminalbench,medium,4,2989,0.640013860939251,0.7343593174974908,-0.09434545655823989
terminalbench,medium,5,2940,0.6763355752019413,0.7448979591836735,-0.0685623839817322
terminalbench,medium,6,2935,0.6641269950236494,0.7591141396933561,-0.0949871446697067
terminalbench,medium,7,2925,0.6566596602600475,0.777094017094017,-0.12043435683396952
terminalbench,medium,8,2905,0.647463812297228,0.7938037865748709,-0.1463399742776429
terminalbench,medium,9,2891,0.6417947210814074,0.8128675198893116,-0.17107279880790416
terminalbench,medium,10,2828,0.6504573911565789,0.8302687411598303,-0.17981135000325144
terminalbench,medium,11,2562,0.6468908662122994,0.832552693208431,-0.18566182699613154
terminalbench,medium,12,2366,0.639952888732884,0.8398140321217245,-0.19986114338884042
terminalbench,medium,13,2176,0.6363926436345192,0.84375,-0.2073573563654808
terminalbench,medium,14,2002,0.6317230506992612,0.8531468531468531,-0.22142380244759197
terminalbench,medium,15,1842,0.6311917138186521,0.8626492942453855,-0.23145758042673337
terminalbench,medium,16,1723,0.6261365673117643,0.877539175856065,-0.25140260854430074
terminalbench,medium,17,1562,0.6208192587579667,0.882842509603073,-0.26202325084510625
terminalbench,medium,18,1466,0.6100510794659927,0.8956343792633015,-0.2855832997973088
terminalbench,medium,19,1365,0.6081709330092824,0.9032967032967033,-0.29512577028742093
terminalbench,medium,20,1198,0.6116518571031023,0.9106844741235393,-0.29903261702043693
terminalbench,medium,21,1058,0.606173966570733,0.9206049149338374,-0.3144309483631045
terminalbench,medium,22,955,0.6076389984336377,0.9350785340314136,-0.32743953559777594
terminalbench,medium,23,835,0.6037096551890184,0.9461077844311377,-0.3423981292421193
terminalbench,medium,24,698,0.600313670511535,0.9570200573065902,-0.3567063867950553
terminalbench,medium,25,585,0.6032406647057146,0.9641025641025641,-0.36086189939684954
terminalbench,medium,26,459,0.5974193651596534,0.9803921568627451,-0.3829727917030916
terminalbench,medium,27,327,0.5993183875066753,0.9847094801223242,-0.38539109261564886
terminalbench,medium,28,204,0.5901430533634301,1.0,-0.4098569466365699
terminalbench,medium,29,102,0.5862049383891462,1.0,-0.4137950616108538
terminalbench,short,1,3017,0.6516203703703674,0.9081869406695393,-0.25656657029917196
terminalbench,short,2,2863,0.6619401659716391,0.9297939224589591,-0.26785375648732
terminalbench,short,3,2452,0.6855574169290414,0.949021207177814,-0.26346379024877264
terminalbench,short,4,2053,0.6863189847499996,0.960058451047248,-0.2737394662972483
terminalbench,short,5,1539,0.7466530006448584,0.9688109161793372,-0.22215791553447883
terminalbench,short,6,1230,0.7255550164057984,0.9764227642276423,-0.25086774782184385
terminalbench,short,7,812,0.7126632002066812,0.9864532019704434,-0.2737900017637622
terminalbench,short,8,516,0.707190930000372,1.0,-0.29280906999962797
terminalbench,short,9,261,0.7056709898918883,1.0,-0.29432901010811174
